tax_code,name,name_slug,company_type,address,district,industry_raw,keyword
313622785,CÔNG TY TNHH GIẢI PHÁP CÔNG NGHỆ CNET,CÔNG TY TNHH GIẢI PHÁP CÔNG NG,Công ty trách nhiệm hữu hạn một thành viên,"59E Đường 102, khu phố 7, Phường Tăng Nhơn Phú A, Quận 9, Thành phố Hồ Chí Minh, Việt Nam",Quận 9,"1322: Sản xuất hàng may sẵn (trừ trang phục)-(không tẩy, nhuộm, hồ, in trên các sản phẩm vãi sợi, dệt, may đan tại trụ sở và không gia công hàng đã qua sử dụng);1410: May trang phục (trừ trang phục từ",internet
313637125,CÔNG TY TNHH THƯƠNG MẠI NHUNG HOÀNG PHÁT,CÔNG TY TNHH THƯƠNG MẠI NHUNG ,Công ty trách nhiệm hữu hạn một thành viên,"Số 12A, Đường 179, Phường Tân Phú, Quận 9, Thành phố Hồ Chí Minh, Việt Nam",Quận 9,"4652: Bán buôn thiết bị và linh kiện điện tử, viễn thông-Chi tiết: 
- Bán buôn sim card
- Bán buôn điện thoại, laptop;",lap top
313641192,CÔNG TY CỔ PHẦN VIETSOFTWARE B.LINES,CÔNG TY CỔ PHẦN VIETSOFTWARE B,Công ty cổ phần,"1/4 Hồ Bá Phấn, Tổ 3, Khu phố 4, Phường Phước Long A, Quận 9, Thành phố Hồ Chí Minh, Việt Nam",Quận 9,"1812: Dịch vụ liên quan đến in-;1820: Sao chép bản ghi các loại-;5310: Bưu chính-Chi tiết: dịch vụ bưu chính trong phạm vi nội tỉnh, liên tỉnh;4741: Bán lẻ máy vi tính, thiết bị ngoại vi, phần mềm và ",software
315060154,CÔNG TY CỔ PHẦN AWAKE,CÔNG TY CỔ PHẦN AWAKE,Công ty cổ phần,"3/35 Đường 182, Phường Tăng Nhơn Phú A, Quận 9, Thành phố Hồ Chí Minh, Việt Nam",Quận 9,"1629: Sản xuất sản phẩm khác từ gỗ; sản xuất sản phẩm từ tre, nứa, rơm, rạ và vật liệu tết bện-(không hoạt động tại trụ sở).;7830: Cung ứng và quản lý nguồn lao động-Chi tiết: Cung ứng và quản lý nguồ",internet
313644387,CÔNG TY TNHH THƯƠNG MẠI - XÂY DỰNG - DỊCH VỤ QUỲNH KHÁNH TÂM,CÔNG TY TNHH THƯƠNG MẠI  XÂY D,Công ty trách nhiệm hữu hạn một thành viên,"Số nhà 26B, Tổ 1, Đường số 182, Khu phố 3, Phường Tăng Nhơn Phú A, Quận 9, Thành phố Hồ Chí Minh, Việt Nam",Quận 9,"2593: Sản xuất dao kéo, dụng cụ cầm tay và đồ kim loại thông dụng-(không hoạt động tại trụ sở);2599: Sản xuất sản phẩm khác bằng kim loại chưa được phân vào đâu-(không hoạt động tại trụ sở);2610: Sản ",internet
316052759,CÔNG TY TNHH THƯƠNG MẠI DỊCH VỤ GEUMSAN,CÔNG TY TNHH THƯƠNG MẠI DỊCH V,Công ty trách nhiệm hữu hạn một thành viên,"A12/2A Lê Văn Việt, Phường Tăng Nhơn Phú A, Quận 9, Thành phố Hồ Chí Minh, Việt Nam",Quận 9,"4719: Bán lẻ  khác trong các cửa hàng kinh doanh tổng hợp-(trừ tồn trữ hóa chất tại trụ sở, bán lẻ bình gas, súng, đạn loại dùng đi săn hoặc thể thao và tiền kim khí và thực hiện theo Quyết định 64/20",internet
315553022,CÔNG TY TNHH KM VINA INTERNATIONAL,CÔNG TY TNHH KM VINA INTERNATI,Công ty trách nhiệm hữu hạn một thành viên,"21A, Đường Cầu Xây , Phường Tân Phú, Quận 9, Thành phố Hồ Chí Minh, Việt Nam",Quận 9,"4610: Đại lý, môi giới, đấu giá hàng hóa-Chi tiết: Dịch vụ đại lý hoa hồng;4620: Bán buôn nông, lâm sản nguyên liệu (trừ gỗ, tre, nứa) và động vật sống-(không hoạt động tại trụ sở);4632: Bán buôn thực",internet
313670940,CÔNG TY TNHH MỘT THÀNH VIÊN EUROPAMART,CÔNG TY TNHH MỘT THÀNH VIÊN EU,Công ty trách nhiệm hữu hạn một thành viên,"167 Đỗ Xuân Hợp, khu phố 2, Phường Phước Long B, Quận 9, Thành phố Hồ Chí Minh, Việt Nam",Quận 9,"4711: Bán lẻ lương thực, thực phẩm, đồ uống, thuốc lá, thuốc lào chiếm tỷ trọng lớn trong các cửa hàng kinh doanh tổng hợp-(thực hiện theo quyết định 64/2009/QĐ-UBND ngày 31/7/2009 và quyết định 79/20",internet
313667698,CÔNG TY TNHH THƯƠNG MẠI TOÀN GIA PHÁT ĐẠT,CÔNG TY TNHH THƯƠNG MẠI TOÀN G,Công ty trách nhiệm hữu hạn một thành viên,"30/2A Đường số 8, Phường Tăng Nhơn Phú B, Quận 9, Thành phố Hồ Chí Minh, Việt Nam",Quận 9,"4661: Bán buôn nhiên liệu rắn, lỏng, khí và các sản phẩm liên quan-(trừ kinh doanh khí dầu mỏ hóa lỏng LPG và dầu nhớt cặn);4662: Bán buôn kim loại và quặng kim loại-(trừ mua bán vàng miếng).;4663: Bá",internet
313686242,CÔNG TY CỔ PHẦN ĐẦU TƯ KHÁT VỌNG XANH,CÔNG TY CỔ PHẦN ĐẦU TƯ KHÁT VỌ,Công ty cổ phần,"71/20 Đường số 6, Phường Tăng Nhơn Phú B, Quận 9, Thành phố Hồ Chí Minh, Việt Nam",Quận 9,1811: In ấn-(Không hoạt động tại trụ sở).;5012: Vận tải hàng hóa ven biển và viễn dương-;5022: Vận tải hàng hóa đường thuỷ nội địa-;5229: Hoạt động dịch vụ hỗ trợ khác liên quan đến vận tải-Chi tiết: ,internet
313695367,CÔNG TY TNHH THEO ĐUỔI ĐAM MÊ,CÔNG TY TNHH THEO ĐUỔI ĐAM MÊ,Công ty trách nhiệm hữu hạn một thành viên,"118/13 Man Thiện, Khu Phố 5, Phường Tăng Nhơn Phú A, Quận 9, Thành phố Hồ Chí Minh, Việt Nam",Quận 9,"4762: Bán lẻ băng đĩa âm thanh, hình ảnh (kể cả băng, đĩa trắng) trong các cửa hàng chuyên doanh-;6312: Cổng thông tin-Chi tiết: Thiết lập trang thông tin điện tử tổng hợp;4610: Đại lý, môi giới, đấu ",internet
313730854,CÔNG TY TNHH THƯƠNG MẠI VÀ PHÁT TRIỂN VŨ PHONG,CÔNG TY TNHH THƯƠNG MẠI VÀ PHÁ,Công ty trách nhiệm hữu hạn hai thành viên trở lên,"148/11A Đường Tây Hòa, Phường Phước Long A, Quận 9, Thành phố Hồ Chí Minh, Việt Nam",Quận 9,1812: Dịch vụ liên quan đến in-;5820: Xuất bản phần mềm-Chi tiết: sản xuất phần mềm;6110: Hoạt động viễn thông có dây-;6201: Lập trình máy vi tính-;6202: Tư vấn máy vi tính và quản trị hệ thống máy vi,internet
313677689,CÔNG TY TNHH KẾT NỐI KỸ THUẬT SỐ,CÔNG TY TNHH KẾT NỐI KỸ THUẬT ,Công ty trách nhiệm hữu hạn hai thành viên trở lên,"A401 Lô A C/C Ehome Đông Sài Gòn 2 - Số 02 - Đường D7 - KDC Nam Long, Phường Phước Long B, Quận 9, Thành phố Hồ Chí Minh, Việt Nam",Quận 9,"4610: Đại lý, môi giới, đấu giá-(trừ đấu giá tài sản); 4641: Bán buôn vải, hàng may sẵn, giày dép-;4649: Bán buôn đồ dùng khác cho gia đình-(trừ dược phẩm);4651: Bán buôn máy vi tính, thiết bị ngoại v",internet
313774040,CÔNG TY TNHH  THƯƠNG MẠI DỊCH VỤ & VẬN TẢI NHẬT GIANG,CÔNG TY TNHH  THƯƠNG MẠI DỊCH ,Công ty trách nhiệm hữu hạn một thành viên,"110 Đường Số 2, Phường Tăng Nhơn Phú B, Quận 9, Thành phố Hồ Chí Minh, Việt Nam",Quận 9,"9000: Hoạt động sáng tác, nghệ thuật và giải trí-Chi tiết: Tổ chức biểu diễn nghệ thuật chuyên nghiệp (trừ kinh doanh vũ trường, phòng trà ca nhạc và không thực hiện các hiệu ứng cháy, nổ; không sử dụ",internet
313818121,CÔNG TY TNHH THƯƠNG MẠI DỊCH VỤ TDK,CÔNG TY TNHH THƯƠNG MẠI DỊCH V,Công ty trách nhiệm hữu hạn một thành viên,"30 Tân Hòa 2, Phường Hiệp Phú, Quận 9, Thành phố Hồ Chí Minh, Việt Nam",Quận 9,"1811: In ấn-(trừ in tráng bao bì kim loại, in trên sản phẩm vải, sợi, dệt, may đan tại trụ sở);5022: Vận tải hàng hóa đường thuỷ nội địa-;5229: Hoạt động dịch vụ hỗ trợ khác liên quan đến vận tải-Chi ",internet
313799888,CÔNG TY TNHH QUỐC TẾ EPV,CÔNG TY TNHH QUỐC TẾ EPV,Công ty trách nhiệm hữu hạn hai thành viên trở lên,"53 Hoàng Hữu Nam, Phường Tân Phú, Quận 9, Thành phố Hồ Chí Minh, Việt Nam",Quận 9,"4722: Bán lẻ thực phẩm trong các cửa hàng chuyên doanh-(CPC 631); 4741: Bán lẻ máy vi tính, thiết bị ngoại vi, phần mềm và thiết bị viễn thông trong các cửa hàng chuyên doanh-(CPC 632); 4742: Bán lẻ t",internet
313690129,CÔNG TY TNHH DỊCH VỤ THƯƠNG MẠI XUẤT NHẬP KHẨU NGUYỄN MINH,CÔNG TY TNHH DỊCH VỤ THƯƠNG MẠ,Công ty trách nhiệm hữu hạn hai thành viên trở lên,"Số 22 đường D2, tổ 4, khu phố 5, Phường Tăng Nhơn Phú A, Quận 9, Thành phố Hồ Chí Minh, Việt Nam",Quận 9,2599: Sản xuất sản phẩm khác bằng kim loại chưa được phân vào đâu-(không hoạt động tại trụ sở).;5012: Vận tải hàng hóa ven biển và viễn dương-; 5210: Kho bãi và lưu giữ hàng hóa-Chi tiết: lưu trữ hàng,internet
313837967,CÔNG TY TNHH THƯƠNG MẠI DỊCH VỤ PHÚC AN VÂN,CÔNG TY TNHH THƯƠNG MẠI DỊCH V,Công ty trách nhiệm hữu hạn một thành viên,"72/4 Tổ 11, Khu Phố 4, đường Làng Tăng Phú, Phường Tăng Nhơn Phú A, Quận 9, Thành phố Hồ Chí Minh, Việt Nam",Quận 9,"1010: Chế biến, bảo quản thịt và các sản phẩm từ thịt-;1020: Chế biến, bảo quản thuỷ sản và các sản phẩm từ thuỷ sản-;1075: Sản xuất món ăn, thức ăn chế biến sẵn-(trừ sản xuất, chế biến thực phẩm tươi",internet
313823869,CÔNG TY TNHH GIÁO DỤC CẦU VỒNG,CÔNG TY TNHH GIÁO DỤC CẦU VỒNG,Công ty trách nhiệm hữu hạn hai thành viên trở lên,"Số 30 Đường Quang Trung, Phường Hiệp Phú, Quận 9, Thành phố Hồ Chí Minh, Việt Nam",Quận 9,"1104: Sản xuất đồ uống không cồn, nước khoáng-Chi tiết:  Sản xuất nước khoáng, nước tinh khiết đóng chai (Không hoạt động tại trụ sở);4669: Bán buôn chuyên doanh khác chưa được phân vào đâu-Chi tiết: ",internet
313825584,CÔNG TY CP THƯƠNG MẠI SỐ VIỆT NAM,CÔNG TY CP THƯƠNG MẠI SỐ VIỆT ,Công ty cổ phần,"47/6/3/2 Trường Lưu, Khu Phố Trường Lưu, Phường Long Trường, Quận 9, Thành phố Hồ Chí Minh, Việt Nam",Quận 9,"5210: Kho bãi và lưu giữ hàng hóa-Chi tiết: Lưu giữ hàng hóa (trừ kinh doanh kho bãi);4661: Bán buôn nhiên liệu rắn, lỏng, khí và các sản phẩm liên quan-(Trừ kinh doanh khí dầu mỏ hóa lỏng LPG và dầu ",internet
313873605,CÔNG TY TNHH NETLIVES,CÔNG TY TNHH NETLIVES,Công ty trách nhiệm hữu hạn một thành viên,"104/19 Man Thiện, Khu phố 1, Phường Tăng Nhơn Phú A, Quận 9, Thành phố Hồ Chí Minh, Việt Nam",Quận 9,"4741: Bán lẻ máy vi tính, thiết bị ngoại vi, phần mềm và thiết bị viễn thông trong các cửa hàng chuyên doanh-;4742: Bán lẻ thiết bị nghe nhìn trong các cửa hàng chuyên doanh-;5820: Xuất bản phần mềm-c",internet
313849497,CÔNG TY TNHH GIA KHANG HOÀNG ĐẸP,CÔNG TY TNHH GIA KHANG HOÀNG Đ,Công ty trách nhiệm hữu hạn một thành viên,"54 Hồng Sến, tổ 8, Phường Long Thạnh Mỹ, Quận 9, Thành phố Hồ Chí Minh, Việt Nam",Quận 9,"4722: Bán lẻ thực phẩm trong các cửa hàng chuyên doanh-Chi tiết: Bán lẻ chuyên doanh các mặt hàng: Rau, quả tươi, đông lạnh hoặc được bảo quản, chế biến; Sữa, sản phẩm từ sữa và trứng; Thịt và sản phẩ",internet
313835705,CÔNG TY TNHH HAPPY CALL CENTER,CÔNG TY TNHH HAPPY CALL CENTER,Công ty trách nhiệm hữu hạn hai thành viên trở lên,"25/31 Võ Văn Hát, Phường Long Trường, Quận 9, Thành phố Hồ Chí Minh, Việt Nam",Quận 9,"4741: Bán lẻ máy vi tính, thiết bị ngoại vi, phần mềm và thiết bị viễn thông trong các cửa hàng chuyên doanh-;5229: Hoạt động dịch vụ hỗ trợ khác liên quan đến vận tải-chi tiết: gửi hàng; giao nhận hà",internet
313890417,CÔNG TY TNHH THƯƠNG MẠI DỊCH VỤ CHEAPEA,CÔNG TY TNHH THƯƠNG MẠI DỊCH V,Công ty trách nhiệm hữu hạn hai thành viên trở lên,"Số 17 Đường Lavender, Melosa Garden, Phường Phú Hữu, Quận 9, Thành phố Hồ Chí Minh, Việt Nam",Quận 9,"6209: Hoạt động dịch vụ công nghệ thông tin và dịch vụ khác liên quan đến máy vi tính-;6311: Xử lý dữ liệu, cho thuê và các hoạt động liên quan-;6312: Cổng thông tin-Chi tiết: Sàn giao dịch thương mại",internet
313762341,CÔNG TY TNHH MỘT THÀNH VIÊN CÂY ĐÈN THẦN,CÔNG TY TNHH MỘT THÀNH VIÊN CÂ,Công ty trách nhiệm hữu hạn một thành viên,"7/56/13 đường số 6, Phường Long Trường, Quận 9, Thành phố Hồ Chí Minh, Việt Nam",Quận 9,"4719: Bán lẻ khác trong các cửa hàng kinh doanh tổng hợp-trừ bán lẻ bình gas, súng, đạn loại dùng đi săn hoặc thể thao và tiềm kim khí và thực hiên theo Quyết Định 64/2009/QĐ-UBND ngày 31/07/2009 của ",internet
315089562,CÔNG TY TNHH  KỸ THUẬT VÀ CUNG ỨNG DỊCH VỤ  ĐỨC THÀNH SEA,CÔNG TY TNHH  KỸ THUẬT VÀ CUNG,Công ty trách nhiệm hữu hạn một thành viên,"22/19 Đường 109, Phường Phước Long B, Quận 9, Thành phố Hồ Chí Minh, Việt Nam",Quận 9,"4791: Bán lẻ theo yêu cầu đặt hàng qua bưu điện hoặc internet-(trừ bán lẻ bình gas, khí dầu mỏ hóa lỏng LPG, dầu nhớt cặn, vàng miếng, súng, đạn loại dùng đi săn hoặc thể thao và tiền kim khí; trừ bán",internet
313931938,CÔNG TY CỔ PHẦN ĐẦU TƯ PHÁT TRIỂN AN BÌNH AN,CÔNG TY CỔ PHẦN ĐẦU TƯ PHÁT TR,Công ty cổ phần,"91 Đường 447, Khu phố 2, Phường Tăng Nhơn Phú A, Quận 9, Thành phố Hồ Chí Minh, Việt Nam",Quận 9,"4330: Hoàn thiện công trình xây dựng-;4390: Hoạt động xây dựng chuyên dụng khác-;4329: Lắp đặt hệ thống xây dựng khác-(trừ gia công cơ khí, tái chế phế thải, xi mạ điện tại trụ sở).;4321: Lắp đặt hệ t",internet
313930959,CÔNG TY TNHH SX-TM-DV CƠ KHÍ TIN HỌC THANH NIÊN,CÔNG TY TNHH SXTMDV CƠ KHÍ TI,Công ty trách nhiệm hữu hạn một thành viên,"Số 46, Đường 297, Phường Phước Long B, Quận 9, Thành phố Hồ Chí Minh, Việt Nam",Quận 9,"9511: Sửa chữa máy vi tính và thiết bị ngoại vi-;9524: Sửa chữa giường, tủ, bàn, ghế và đồ nội thất tương tự-;2592: Gia công cơ khí; xử lý và tráng phủ kim loại-;3100: Sản xuất giường, tủ, bàn, ghế-;4",internet
313930973,DOANH NGHIỆP TƯ NHÂN  INTERNET ARENA ONLINE,DOANH NGHIỆP TƯ NHÂN  INTERNET,Doanh nghiệp tư nhân,"93 Đường Man Thiện, Phường Hiệp Phú, Quận 9, Thành phố Hồ Chí Minh, Việt Nam",Quận 9,6190: Hoạt động viễn thông khác-Chi tiết: Điểm truy cập internet công cộng và điểm cung cấp dịch vụ trò chơi điện tử công cộng;Doanh nghiệp phải thực hiện đúng các quy định của pháp luật v,internet
313941333,CÔNG TY TNHH MỘT THÀNH VIÊN THƯƠNG MẠI DỊCH VỤ KHÁCH SẠN PHÚ HỮU,CÔNG TY TNHH MỘT THÀNH VIÊN TH,Công ty trách nhiệm hữu hạn một thành viên,"835/10 Nguyễn Duy Trinh, Khu phố  2, Phường Phú Hữu, Quận 9, Thành phố Hồ Chí Minh, Việt Nam",Quận 9,"5510: Dịch vụ lưu trú ngắn ngày-chi tiết: Khách sạn (khách sạn phải đạt tiêu chuẩn 1 sao).;5610: Nhà hàng và các dịch vụ ăn uống phục vụ lưu động-chi tiết: nhà hàng ăn uống;4610: Đại lý, môi giới, đấu",internet
313848126,CÔNG TY TNHH NEMO HEALTHCARE VIỆT NAM,CÔNG TY TNHH NEMO HEALTHCARE V,Công ty trách nhiệm hữu hạn một thành viên,"Số 2 đường D10A, tổ 8, khu phố 6, Phường Phước Long B, Quận 9, Thành phố Hồ Chí Minh, Việt Nam",Quận 9,"5210: Kho bãi và lưu giữ hàng hóa-Chi tiết: Lưu giữ hàng hóa (trừ kinh doanh kho bãi);5224: Bốc xếp hàng hóa-Chi tiết: bốc xếp hàng hóa đường bộ;4772: Bán lẻ thuốc, dụng cụ y tế, mỹ phẩm và vật phẩm v",internet
314061927,CÔNG TY TNHH XÂY DỰNG THƯƠNG MẠI XUẤT NHẬP KHẨU LONG THỊNH PHÁT,CÔNG TY TNHH XÂY DỰNG THƯƠNG M,Công ty trách nhiệm hữu hạn một thành viên,"1035A Đường Nguyễn Duy Trinh, Khu Phố 1, Quận 9, Thành phố Hồ Chí Minh, Việt Nam",Quận 9,"4663: Bán buôn vật liệu, thiết bị lắp đặt khác trong xây dựng-;4669: Bán buôn chuyên doanh khác chưa được phân vào đâu-(trừ bán buôn bình gas, khí dầu mỏ hóa lỏng LPG, dầu nhớt cặn, vàng miếng, súng, ",internet
314089922,CÔNG TY TNHH BAYLIKE,CÔNG TY TNHH BAYLIKE,Công ty trách nhiệm hữu hạn một thành viên,"38 Đường 79, khu phố 2, Phường Phước Long B, Quận 9, Thành phố Hồ Chí Minh, Việt Nam",Quận 9,5011: Vận tải hành khách ven biển và viễn dương-;5012: Vận tải hàng hóa ven biển và viễn dương-(trừ hóa lỏng khí để vận chuyển);5229: Hoạt động dịch vụ hỗ trợ khác liên quan đến vận tải-Chi tiết: Hoạt,internet
314094520,CÔNG TY TNHH THƯƠNG MẠI DỊCH VỤ ĐẦU TƯ NHẬT KHANH,CÔNG TY TNHH THƯƠNG MẠI DỊCH V,Công ty trách nhiệm hữu hạn hai thành viên trở lên,"19 đường D10, KDC Nam Long, Phường Phước Long B, Quận 9, Thành phố Hồ Chí Minh, Việt Nam",Quận 9,"4711: Bán lẻ lương thực, thực phẩm, đồ uống, thuốc lá, thuốc lào chiếm tỷ trọng lớn trong các cửa hàng kinh doanh tổng hợp-(thực hiện theo quyết định 64/2009/QĐ-UBND ngày 31/07/2009 và quyết định  số ",internet
314140512,CÔNG TY TNHH ENGINEERING & TECHNICAL PTS,CÔNG TY TNHH ENGINEERING  TECH,Công ty trách nhiệm hữu hạn hai thành viên trở lên,"Số 108 Đường 410, Phường Phước Long A, Quận 9, Thành phố Hồ Chí Minh, Việt Nam",Quận 9,"3313: Sửa chữa thiết bị điện tử và quang học-(không gia công cơ khí, tái chế phế thải, xi mạ điện tại trụ sở);3314: Sửa chữa thiết bị điện-(không gia công cơ khí, tái chế phế thải, xi mạ điện tại trụ ",internet
314140784,CÔNG TY CỔ PHẦN CÔNG NGHỆ TK 25,CÔNG TY CỔ PHẦN CÔNG NGHỆ TK 2,Công ty cổ phần,"K1-G3, Đường D1, Khu công nghệ cao Thành phố Hồ Chí Minh , Phường Tân Phú, Quận 9, Thành phố Hồ Chí Minh, Việt Nam",Quận 9,"5820: Xuất bản phần mềm-chi tiết: Sản xuất phần mềm.;6201: Lập trình máy vi tính-;6209: Hoạt động dịch vụ công nghệ thông tin và dịch vụ khác liên quan đến máy vi tính-;6311: Xử lý dữ liệu, cho thuê v",internet
314138506,CÔNG TY TNHH THƯƠNG MẠI DỊCH VỤ KỸ THUẬT ĐIỆN NGUYỄN ĐOÀN,CÔNG TY TNHH THƯƠNG MẠI DỊCH V,Công ty trách nhiệm hữu hạn một thành viên,"43/9 đường 297, Phường Phước Long B, Quận 9, Thành phố Hồ Chí Minh, Việt Nam",Quận 9,"4741: Bán lẻ máy vi tính, thiết bị ngoại vi, phần mềm và thiết bị viễn thông trong các cửa hàng chuyên doanh-;4742: Bán lẻ thiết bị nghe nhìn trong các cửa hàng chuyên doanh-;4751: Bán lẻ vải, len, sợ",internet
314116975,CÔNG TY TNHH GIÁO DỤC H2Q,CÔNG TY TNHH GIÁO DỤC H2Q,Công ty trách nhiệm hữu hạn một thành viên,"16/4 đường Hồ Bá Phấn, tổ 6, khu phố 3, Phường Phước Long A, Quận 9, Thành phố Hồ Chí Minh, Việt Nam",Quận 9,"1811: In ấn-(trừ in, tráng bao bì kim loại, in trên sản phẩm vải, sợi, dệt, may đan tại trụ sở).;1812: Dịch vụ liên quan đến in-;4669: Bán buôn chuyên doanh khác chưa được phân vào đâu-chi tiết: Bán b",internet
3603374138,CÔNG TY TNHH CƠ ĐIỆN VÀ XÂY DỰNG EMO,CÔNG TY TNHH CƠ ĐIỆN VÀ XÂY DỰ,Công ty trách nhiệm hữu hạn một thành viên,"Số 46 Đường 12D, Khu phố Chân Phúc Cẩm, Phường Long Thạnh Mỹ, Quận 9, Thành phố Hồ Chí Minh, Việt Nam",Quận 9,"4102: Xây dựng nhà không để ở-;4211: Xây dựng công trình đường sắt-;4212: Xây dựng công trình đường bộ-;4322: Lắp đặt hệ thống cấp, thoát nước, hệ thống sưởi và điều hoà không khí-(không tái chế phế t",internet
314004622,CÔNG TY TNHH MỘT THÀNH VIÊN ĐIỆN TỬ QUANG TRƯỜNG,CÔNG TY TNHH MỘT THÀNH VIÊN ĐI,Công ty trách nhiệm hữu hạn một thành viên,"77 Đường 447, Phường Tăng Nhơn Phú A, Quận 9, Thành phố Hồ Chí Minh, Việt Nam",Quận 9,"4659: Bán buôn máy móc, thiết bị và phụ tùng máy khác-;4649: Bán buôn đồ dùng khác cho gia đình-(Trừ kinh doanh dược phẩm);4651: Bán buôn máy vi tính, thiết bị ngoại vi và phần mềm-;4652: Bán buôn thi",internet
314070826,CÔNG TY TNHH THƯƠNG MẠI VÀ DỊCH VỤ AN GIA ANTI-PEST,CÔNG TY TNHH THƯƠNG MẠI VÀ DỊC,Công ty trách nhiệm hữu hạn một thành viên,"46D/4 Gò Cát, Khu phố 4, Phường Phú Hữu, Quận 9, Thành phố Hồ Chí Minh, Việt Nam",Quận 9,"5229: Hoạt động dịch vụ hỗ trợ khác liên quan đến vận tải-Chi tiết : Hoạt động đại lý bán vé máy bay;4669: Bán buôn chuyên doanh khác chưa được phân vào đâu-Chi tiết: Bán buôn thuốc diệt mối ,thuốc di",internet
314129607,CÔNG TY CỔ PHẦN THƯƠNG MẠI VÀ DỊCH VỤ INETSEN,CÔNG TY CỔ PHẦN THƯƠNG MẠI VÀ ,Công ty cổ phần,"Số 9, Đường số 3, Khu phố 1, Phường Phước Bình, Quận 9, Thành phố Hồ Chí Minh, Việt Nam",Quận 9,2630: Sản xuất thiết bị truyền thông-( không hoạt động tại trụ sở);5229: Hoạt động dịch vụ hỗ trợ khác liên quan đến vận tải-(trừ hóa lỏng khí để vận chuyển và hoạt động liên quan đến vận tải hàng khô,internet
314152941,CÔNG TY CỔ PHẦN LINKSOFT VIỆT NAM,CÔNG TY CỔ PHẦN LINKSOFT VIỆT ,Công ty cổ phần,"13A - Đường 295 tổ 6 khu phố 3, Phường Tân Phú, Quận 9, Thành phố Hồ Chí Minh, Việt Nam",Quận 9,"4659: Bán buôn máy móc, thiết bị và phụ tùng máy khác-Chi tiết: Bán buôn máy móc, thiết bị và phụ tùng máy văn phòng; Bán buôn máy móc, thiết bị y tế;4741: Bán lẻ máy vi tính, thiết bị ngoại vi, phần ",internet
314129773,CÔNG TY TNHH QUẢN LÝ & ĐẦU TƯ ĐỊA ỐC HOÀNG ANH,CÔNG TY TNHH QUẢN LÝ  ĐẦU TƯ Đ,Công ty trách nhiệm hữu hạn một thành viên,"Số 228/21 Dương Đình Hội, Phường Tăng Nhơn Phú B, Quận 9, Thành phố Hồ Chí Minh, Việt Nam",Quận 9,"4663: Bán buôn vật liệu, thiết bị lắp đặt khác trong xây dựng-(Cam kết không hoạt động tại trụ sở);3312: Sửa chữa máy móc, thiết bị-(trừ gia công cơ khí, tái chế phế thải, xi mạ điện tại trụ sở);7110:",internet
314140174,CÔNG TY TNHH  TƯ VẤN THIẾT KẾ XÂY DỰNG PHÚC THIÊN,CÔNG TY TNHH  TƯ VẤN THIẾT KẾ ,Công ty trách nhiệm hữu hạn một thành viên,"65/4 Đường 339, Khu Phố 4, Phường Phước Long B, Quận 9, Thành phố Hồ Chí Minh, Việt Nam",Quận 9,"7110: Hoạt động kiến trúc và tư vấn kỹ thuật có liên quan-Chi tiết: Hoạt động kiến trúc; Tư vấn,thiết kế kết cấu công trình dân dụng và công nghiệp; Tư vấn, thiết kế trang trí nội, ngoại thất; Giám sá",internet
313658950,DOANH NGHIỆP TƯ NHÂN APOLLO GAMES,DOANH NGHIỆP TƯ NHÂN APOLLO GA,Doanh nghiệp tư nhân,"124B Đường 12, Khu phố 4, Phường Phước Bình, Quận 9, Thành phố Hồ Chí Minh, Việt Nam",Quận 9,6190: Hoạt động viễn thông khác-Chi tiết: Hoạt động của các điểm truy cập internet. Điểm cung cấp dịch vụ trò chơi điện tử công cộng (trừ kinh doanh trò chơi điện tử có thưởng dành cho người nước ngoà,internet
313717878,CÔNG TY TNHH PHÁT TÀI LỘC Q9,CÔNG TY TNHH PHÁT TÀI LỘC Q9,Công ty trách nhiệm hữu hạn một thành viên,"447F Lê Văn Việt, Phường Tăng Nhơn Phú A, Quận 9, Thành phố Hồ Chí Minh, Việt Nam",Quận 9,5229: Hoạt động dịch vụ hỗ trợ khác liên quan đến vận tải-Chi tiết: Dịch vụ giao nhận hàng hóa;4721: Bán lẻ lương thực trong các cửa hàng chuyên doanh-(thực hiện theo quyết định 64/2009/QĐ-UBND ngày 3,internet
313873531,CÔNG TY TNHH THƯƠNG MẠI DỊCH VỤ GIẢI PHÁP ĐIỆN INEWTECH,CÔNG TY TNHH THƯƠNG MẠI DỊCH V,Công ty trách nhiệm hữu hạn hai thành viên trở lên,"1C/29 Đường 970, Khu phố 4, Phường Phú Hữu, Quận 9, Thành phố Hồ Chí Minh, Việt Nam",Quận 9,"4652: Bán buôn thiết bị và linh kiện điện tử, viễn thông-;4669: Bán buôn chuyên doanh khác chưa được phân vào đâu-Chi tiết: Bán buôn camera quan sát, thiết bị chống sét, thiết bị chống trộm, thiết bị ",internet
314006443,CÔNG TY TNHH CAO & FAMILY,CÔNG TY TNHH CAO  FAMILY,Công ty trách nhiệm hữu hạn hai thành viên trở lên,"12, Đường số 5, Khu Dân Cư Khang An, Phường Phú Hữu, Quận 9, Thành phố Hồ Chí Minh, Việt Nam",Quận 9,"0112: Trồng ngô và cây lương thực có hạt khác-;0117: Trồng cây có hạt chứa dầu-;0118: Trồng rau, đậu các loại và trồng hoa, cây cảnh-;0119: Trồng cây hàng năm khác-;0121: Trồng cây ăn quả-;0126: Trồng",internet
314186267,CÔNG TY TNHH THƯƠNG MẠI TRÒ CHƠI ĐIỆN TỬ QUỐC KHÁNH,CÔNG TY TNHH THƯƠNG MẠI TRÒ CH,Công ty trách nhiệm hữu hạn một thành viên,"Số 2, Đường 100, Tổ 10, Khu phố 1, Phường Tân Phú, Quận 9, Thành phố Hồ Chí Minh, Việt Nam",Quận 9,"4723: Bán lẻ đồ uống trong các cửa hàng chuyên doanh-;5630: Dịch vụ phục vụ đồ uống-Chi tiết: Kinh doanh cà phê giải khát, nước uống giải khát các loại (trừ kinh doanh quán bar, quán giải khát có khiê",internet
314208915,CÔNG TY TNHH KIẾN TRÚC NHÀ BIỆT THỰ NĂNG LƯỢNG MẶT TRỜI,CÔNG TY TNHH KIẾN TRÚC NHÀ BIỆ,Công ty trách nhiệm hữu hạn hai thành viên trở lên,"Căn 1.25 Tầng Thương Mại, Lô B2, Chung cư 9View, Số 1, Đường số 1, Phường Phước Long B, Quận 9, Thành phố Hồ Chí Minh, Việt Nam",Quận 9,"4669: Bán buôn chuyên doanh khác chưa được phân vào đâu-Chi tiết: Bán buôn bê tông thương phẩm, cọc bê tông, cống bê tông; Bán buôn các sản phẩm bằng kim loại, cơ khí (trừ mua bán vàng miếng); Bán buô",internet
314200514,CÔNG TY TNHH THƯƠNG MẠI DỊCH VỤ HWP,CÔNG TY TNHH THƯƠNG MẠI DỊCH V,Công ty trách nhiệm hữu hạn một thành viên,"39/48/22/35 Đường Số 102, Phường Tăng Nhơn Phú A, Quận 9, Thành phố Hồ Chí Minh, Việt Nam",Quận 9,5820: Xuất bản phần mềm-Chi tiết: sản xuất phần mềm;6202: Tư vấn máy vi tính và quản trị hệ thống máy vi tính-;6209: Hoạt động dịch vụ công nghệ thông tin và dịch vụ khác liên quan đến máy vi tính-Chi,internet
314218705,CÔNG TY CỔ PHẦN KHOA HỌC VÀ GIÁO DỤC SÀI GÒN,CÔNG TY CỔ PHẦN KHOA HỌC VÀ GI,Công ty cổ phần,"275/4A Đường Phước Thiện, Phường Long Bình, Quận 9, Thành phố Hồ Chí Minh, Việt Nam",Quận 9,"5820: Xuất bản phần mềm-Chi tiết: Sản xuất các phần mềm tin học;4659: Bán buôn máy móc, thiết bị và phụ tùng máy khác-Chi tiết: Bán buôn máy móc, thiết bị trong lĩnh vực tin học và công nghệ giáo dục.",internet
314220084,CÔNG TY TNHH SẢN XUẤT THƯƠNG MẠI TƯ VẤN DỊCH VỤ MCCS,CÔNG TY TNHH SẢN XUẤT THƯƠNG M,Công ty trách nhiệm hữu hạn hai thành viên trở lên,"73/26D Đường Đình Phong Phú, Phường Tăng Nhơn Phú B, Quận 9, Thành phố Hồ Chí Minh, Việt Nam",Quận 9,"7110: Hoạt động kiến trúc và tư vấn kỹ thuật có liên quan-Chi tiết: Thiết kế xây dựng công trình giao thông cầu, đường bộ - Thiết kế xây dựng công trình hạ tầng kỹ thuật đô thị - Khảo sát địa chất, đị",internet
314238099,CÔNG TY TNHH GAME PHẠM ĐÌNH HUY,CÔNG TY TNHH GAME PHẠM ĐÌNH HU,Công ty trách nhiệm hữu hạn một thành viên,"1396 Đường Nguyễn Xiển, Tổ 1, Khu phố Long Sơn, Phường Long Bình, Quận 9, Thành phố Hồ Chí Minh, Việt Nam",Quận 9,"6190: Hoạt động viễn thông khác-Chi tiết: Hoạt động của các điểm truy cập internet (trừ bán lại hạ tầng viễn thông, mạng cung cấp);9329: Hoạt động vui chơi giải trí khác chưa được phân vào đâu-Chi tiế",internet
314240147,CÔNG TY TNHH THƯƠNG MẠI XUẤT NHẬP KHẨU CMP,CÔNG TY TNHH THƯƠNG MẠI XUẤT N,Công ty trách nhiệm hữu hạn một thành viên,"51 Đường số 3, Phường Phước Bình, Quận 9, Thành phố Hồ Chí Minh, Việt Nam",Quận 9,"4764: Bán lẻ trò chơi, đồ chơi trong các cửa hàng chuyên doanh-(trừ đồ chơi có hại cho giáo dục nhân cách, sức khoẻ của trẻ em hoặc ảnh hưởng đến an ninh trật tự, an toàn xã hội);4759: Bán lẻ đồ điện ",internet
314246269,CÔNG TY CỔ PHẦN ĐẦU TƯ FCA,CÔNG TY CỔ PHẦN ĐẦU TƯ FCA,Công ty cổ phần,"18A21 Tăng Nhơn Phú, Phường Phước Long B, Quận 9, Thành phố Hồ Chí Minh, Việt Nam",Quận 9,"5510: Dịch vụ lưu trú ngắn ngày--chi tiết: Khách sạn, biệt thự du lịch, căn hộ du lịch, nhà nghỉ du lịch, nhà ở có phòng cho khách du lịch thuê (không hoạt động tại trụ sở);5610: Nhà hàng và các dịch ",internet
314293910,CÔNG TY TNHH XÂY DỰNG DỊCH VỤ KỸ THUẬT TRẦN VŨ,CÔNG TY TNHH XÂY DỰNG DỊCH VỤ ,Công ty trách nhiệm hữu hạn một thành viên,"25/13 Đường 475, Phường Phước Long B, Quận 9, Thành phố Hồ Chí Minh, Việt Nam",Quận 9,"1410: May trang phục (trừ trang phục từ da lông thú)-;1629: Sản xuất sản phẩm khác từ gỗ; sản xuất sản phẩm từ tre, nứa, rơm, rạ và vật liệu tết bện-;5229: Hoạt động dịch vụ hỗ trợ khác liên quan đến ",internet
314284835,CÔNG TY TNHH ĐẦU TƯ - XÂY DỰNG - DỊCH VỤ MAI A,CÔNG TY TNHH ĐẦU TƯ  XÂY DỰNG ,Công ty trách nhiệm hữu hạn hai thành viên trở lên,"980 Nguyễn Duy Trinh, Phường Phú Hữu, Quận 9, Thành phố Hồ Chí Minh, Việt Nam",Quận 9,"2392: Sản xuất vật liệu xây dựng từ đất sét-(không hoạt động tại trụ sở);2394: Sản xuất xi măng, vôi và thạch cao-(không hoạt động tại trụ sở);4662: Bán buôn kim loại và quặng kim loại-(trừ mua bán và",internet
315555453,CÔNG TY TNHH AEROGEL,CÔNG TY TNHH AEROGEL,Công ty trách nhiệm hữu hạn một thành viên,"Số 30, Đường số 8, KDC Melosa Garden Khang Điền, Phường Phú Hữu, Quận 9, Thành phố Hồ Chí Minh, Việt Nam",Quận 9,"4789: Bán  lẻ hàng hóa khác lưu động hoặc tại chợ-Chi tiết: Bán lẻ hoa tươi, cây cảnh lưu động hoặc tại chợ (trừ bán lẻ bình gas, khí dầu mỏ hóa lỏng LPG, dầu nhớt cặn, vàng miếng, súng, đạn loại dùng",internet
314315152,CÔNG TY TNHH THƯƠNG MẠI DỊCH VỤ BẤT ĐỘNG SẢN THANH SƠN,CÔNG TY TNHH THƯƠNG MẠI DỊCH V,Công ty trách nhiệm hữu hạn một thành viên,"Số 37, Đường 265, Khu Phố 4, Phường Hiệp Phú, Quận 9, Thành phố Hồ Chí Minh, Việt Nam",Quận 9,"4634: Bán buôn sản phẩm thuốc lá, thuốc lào-(Thực hiện theo Quyết định số 64/2009/QĐ-UBND ngày 31/07/2009 của Ủy ban nhân dân Thành phố Hồ Chí Minh và Quyết định 79/2009/QĐ-UBND ngày 17/10/2009 của Ủy",internet
314303703,CÔNG TY TNHH CÔNG NGHỆ VÀ XÂY DỰNG MINH KHANG,CÔNG TY TNHH CÔNG NGHỆ VÀ XÂY ,Công ty trách nhiệm hữu hạn một thành viên,"số A22, đường 672, tổ 2, Khu phố 1, Phường Phước Long B, Quận 9, Thành phố Hồ Chí Minh, Việt Nam",Quận 9,"4663: Bán buôn vật liệu, thiết bị lắp đặt khác trong xây dựng-Chi tiết: Bán buôn xi măng. Bán buôn gạch xây, ngói, đá, cát, sỏi. Bán buôn kính xây dựng. Bán buôn sơn, vécni. Bán buôn gạch ốp lát và th",internet
314328377,CÔNG TY TNHH GIẢI TRÍ GAME NGỌC CHÂU,CÔNG TY TNHH GIẢI TRÍ GAME NGỌ,Công ty trách nhiệm hữu hạn một thành viên,"Số 234 Đường Tăng Nhơn Phú, Tổ 4, khu phố 3, Phường Tăng Nhơn Phú B, Quận 9, Thành phố Hồ Chí Minh, Việt Nam",Quận 9,"4753: Bán lẻ thảm, đệm, chăn, màn, rèm, vật liệu phủ tường và sàn trong các cửa hàng chuyên doanh-;6190: Hoạt động viễn thông khác-chi tiết: hoạt động của các điểm truy cập internet;4641: Bán buôn vải",internet
314332503,CÔNG TY TNHH SẢN XUẤT - THƯƠNG MẠI DỊCH VỤ B&P,CÔNG TY TNHH SẢN XUẤT  THƯƠNG ,Công ty trách nhiệm hữu hạn hai thành viên trở lên,"7/19C Đường 182, Phường Tăng Nhơn Phú A, Quận 9, Thành phố Hồ Chí Minh, Việt Nam",Quận 9,4933: Vận tải hàng hóa bằng đường bộ-(trừ hóa lỏng khí để vận chuyển);5210: Kho bãi và lưu giữ hàng hóa-Chi tiết: lưu giữ hàng hóa (trừ kinh doanh kho bãi);5510: Dịch vụ lưu trú ngắn ngày-Chi tiết: Kh,internet
314347669,CÔNG TY TNHH KỸ THUẬT XÂY DỰNG PHÁT THỊNH,CÔNG TY TNHH KỸ THUẬT XÂY DỰNG,Công ty trách nhiệm hữu hạn một thành viên,"22 Đường số 17, khu phố 4, Phường Phước Bình, Quận 9, Thành phố Hồ Chí Minh, Việt Nam",Quận 9,"2511: Sản xuất các cấu kiện kim loại-(Không hoạt động tại trụ sở);0899: Khai khoáng khác chưa được phân vào đâu-chi tiết: Nạo vét kênh mương, rạch, sông, hồ (không hoạt động tại trụ sở).;1811: In ấn-(",internet
314457598,CÔNG TY TNHH THƯƠNG MẠI - DỊCH VỤ TỔNG HỢP Ý NHI,CÔNG TY TNHH THƯƠNG MẠI  DỊCH ,Công ty trách nhiệm hữu hạn một thành viên,"1A Lê Văn Việt, Phường Hiệp Phú, Quận 9, Thành phố Hồ Chí Minh, Việt Nam",Quận 9,"4711: Bán lẻ lương thực, thực phẩm, đồ uống, thuốc lá, thuốc lào chiếm tỷ trọng lớn trong các cửa hàng kinh doanh tổng hợp-(thực hiện theo quyết định 64/2009/QĐ-UBND ngày 31/07/2009 và quyết định  số ",internet
314447085,CÔNG TY TNHH MTV TM - DV AN BÌNH MOBILE,CÔNG TY TNHH MTV TM  DV AN BÌN,Công ty trách nhiệm hữu hạn một thành viên,"55 Dương Đình Hội, Phường Phước Long B, Quận 9, Thành phố Hồ Chí Minh, Việt Nam",Quận 9,"4741: Bán lẻ máy vi tính, thiết bị ngoại vi, phần mềm và thiết bị viễn thông trong các cửa hàng chuyên doanh-Chi tiết: bán lẻ điện thoại di động và các phụ kiện;9512: Sửa chữa thiết bị liên lạc-Chi ti",internet
314450031,CÔNG TY TNHH THƯƠNG MẠI DỊCH VỤ ANH ĐỨC CZ,CÔNG TY TNHH THƯƠNG MẠI DỊCH V,Công ty trách nhiệm hữu hạn một thành viên,"46/38 Đường 61, tổ 3, khu phố 3, Phường Phước Long B, Quận 9, Thành phố Hồ Chí Minh, Việt Nam",Quận 9,"6820: Tư vấn, môi giới, đấu giá bất động sản, đấu giá quyền sử dụng đất-Chi tiết: Môi giới bất động sản; 7410: Hoạt động thiết kế chuyên dụng-Chi tiết: Hoạt động trang trí nội, ngoại thất (trừ thiết k",internet
314478132,CÔNG TY TNHH THƯƠNG MẠI DỊCH VỤ VẬN TẢI NHÂN VIỆT,CÔNG TY TNHH THƯƠNG MẠI DỊCH V,Công ty trách nhiệm hữu hạn hai thành viên trở lên,"Số 1163/1 Đường Nguyễn Duy Trinh, Phường Long Trường, Quận 9, Thành phố Hồ Chí Minh, Việt Nam",Quận 9,"4641: Bán buôn vải, hàng may mặc, giày dép-Chi tiết: Bán buôn hàng dệt, quần áo và hàng may sẵn khác, giày dép - Bán buôn vải dệt thoi, dệt kim đan móc, các loại vải dệt đặc biệt khác. -Bán buôn thảm ",internet
314535408,CÔNG TY TNHH CÔNG NGHỆ ĐIỆN TỬ THÁI BÌNH,CÔNG TY TNHH CÔNG NGHỆ ĐIỆN TỬ,Công ty trách nhiệm hữu hạn một thành viên,"C10 Đường Man Thiện, Tổ 3, Khu phố 1, Phường Tăng Nhơn Phú A, Quận 9, Thành phố Hồ Chí Minh, Việt Nam",Quận 9,"4659: Bán buôn máy móc, thiết bị và phụ tùng máy khác-;2640: Sản xuất sản phẩm điện tử dân dụng-(không hoạt động tại trụ sở);3312: Sửa chữa máy móc, thiết bị-; 3314: Sửa chữa thiết bị điện-; 3313: Sửa",internet
314498308,CÔNG TY CỔ PHẦN VẬN TẢI VÀ THƯƠNG MẠI SPITTO,CÔNG TY CỔ PHẦN VẬN TẢI VÀ THƯ,Công ty cổ phần,"Kiôt số 004, chung cư C5, khu phố 6, đường Man Thiện, Phường Tăng Nhơn Phú A, Quận 9, Thành phố Hồ Chí Minh, Việt Nam",Quận 9,2630: Sản xuất thiết bị truyền thông-;2640: Sản xuất sản phẩm điện tử dân dụng-;4940: Vận tải đường ống-;5011: Vận tải hành khách ven biển và viễn dương-;5012: Vận tải hàng hóa ven biển và viễn dương-,internet
314502868,CÔNG TY CỔ PHẦN TẬP ĐOÀN VIUGROUP,CÔNG TY CỔ PHẦN TẬP ĐOÀN VIUGR,Công ty cổ phần,"46 Nguyễn Văn Tăng, Phường Long Thạnh Mỹ, Quận 9, Thành phố Hồ Chí Minh, Việt Nam",Quận 9,"2599: Sản xuất sản phẩm khác bằng kim loại chưa được phân vào đâu-;2610: Sản xuất linh kiện điện tử-;2023: Sản xuất mỹ phẩm, xà phòng, chất tẩy rửa, làm bóng và chế phẩm vệ sinh-(không hoạt động tại t",internet
314501617,CÔNG TY TNHH ĐIỆN TỬ ĐẠI DƯƠNG XANH,CÔNG TY TNHH ĐIỆN TỬ ĐẠI DƯƠNG,Công ty trách nhiệm hữu hạn một thành viên,"52A Đường số 79, tổ 8, khu phố 3 , Phường Phước Long B, Quận 9, Thành phố Hồ Chí Minh, Việt Nam",Quận 9,"5630: Dịch vụ phục vụ đồ uống-chi tiết: Quán cà phê, nước hoa quả, giải khát; Dịch vụ đồ uống khác như nước mía, nước sinh tố, quán chè, quán trà sữa (trừ kinh doanh quán bar, quán giải khát có khiêu ",internet
316552173,CÔNG TY TNHH AAK,CÔNG TY TNHH AAK,Công ty trách nhiệm hữu hạn hai thành viên trở lên,"21N8 Khu Dân Cư Simcity Đường Số 4, Phường Trường Thạnh, Quận 9, Thành phố Hồ Chí Minh, Việt Nam",Quận 9,"8230: Tổ chức giới thiệu và xúc tiến thương mại-Chi tiết: Tổ chức sự kiện (không hoạt động tại thành phố hồ chí minh). Tổ chức hội nghị, hội thảo, hội chợ triển lãm (không thực hiện các hiệu ứng cháy,",internet
314688595,CÔNG TY TNHH DỊCH VỤ XÂY DỰNG VÀ THƯƠNG MẠI ĐẦU TƯ SALA,CÔNG TY TNHH DỊCH VỤ XÂY DỰNG ,Công ty trách nhiệm hữu hạn một thành viên,"134/12/7 đường 138, KP.4, Phường Tân Phú, Quận 9, Thành phố Hồ Chí Minh, Việt Nam",Quận 9,"1701: Sản xuất bột giấy, giấy và bìa-;2013: Sản xuất plastic và cao su tổng hợp dạng nguyên sinh-(không hoạt động tại trụ sở);5610: Nhà hàng và các dịch vụ ăn uống phục vụ lưu động-;5621: Cung cấp dịc",internet
314536955,CÔNG TY TNHH SẢN XUẤT XÂY DỰNG THƯƠNG MẠI PHÚ NHẤT PHƯƠNG,CÔNG TY TNHH SẢN XUẤT XÂY DỰNG,Công ty trách nhiệm hữu hạn hai thành viên trở lên,"86 Đường Gò Cát, tổ 8, Khu phố 3, Phường Phú Hữu, Quận 9, Thành phố Hồ Chí Minh, Việt Nam",Quận 9,"2592: Gia công cơ khí; xử lý và tráng phủ kim loại-(không hoạt động tại trụ sở);5022: Vận tải hàng hóa đường thuỷ nội địa-;4663: Bán buôn vật liệu, thiết bị lắp đặt khác trong xây dựng-;6110: Hoạt độn",internet
314547107,CÔNG TY TNHH UDIGI VIỆT NAM,CÔNG TY TNHH UDIGI VIỆT NAM,Công ty trách nhiệm hữu hạn hai thành viên trở lên,"Số 17 Đường số 6, Phường Phú Hữu, Quận 9, Thành phố Hồ Chí Minh, Việt Nam",Quận 9,"7310: Quảng cáo-(CPC: 871); 7320: Nghiên cứu thị trường và thăm dò dư luận-Chi tiết: Dịch vụ nghiên cứu thị trường (CPC: 86401) (Trừ CPC 86402); 7020: Hoạt động tư vấn quản lý-(CPC: 865)
(trừ tư vấn t",internet
314592036,CÔNG TY TNHH ONSKY VIỆT NAM,CÔNG TY TNHH ONSKY VIỆT NAM,Công ty trách nhiệm hữu hạn một thành viên,"Lầu 5, Tòa nhà Center 1, Sai Gon Silicon City, Lô 16, Khu công nghệ cao, Phường Long Thạnh Mỹ, Quận 9, Thành phố Hồ Chí Minh, Việt Nam",Quận 9,"2610: Sản xuất linh kiện điện tử-Chi tiết: Sản xuất thiết bị linh kiện, thiết bị điện tử và mạng lưới thiết bị kết nối internet;Doanh nghiệp có vốn đầu tư nước ngoài có trách nhiệm thực hiện thủ tục đ",internet
314569189,CÔNG TY TNHH THƯƠNG MẠI DỊCH VỤ KỸ THUẬT CÔNG NGHỆ ĐIỆN ĐIỆN TỬ - BSETCOM,CÔNG TY TNHH THƯƠNG MẠI DỊCH V,Công ty trách nhiệm hữu hạn hai thành viên trở lên,"82/15C Đường 138, Khu phố 2, Phường Tân Phú, Quận 9, Thành phố Hồ Chí Minh, Việt Nam",Quận 9,"4659: Bán buôn máy móc, thiết bị và phụ tùng máy khác-Chi tiết: Bán buôn dây điện, bóng đèn, ống nước, ổ cắm;4663: Bán buôn vật liệu, thiết bị lắp đặt khác trong xây dựng-Chi tiết: Bán buôn thiết bị a",lap top
314589393,CÔNG TY CỔ PHẦN ĐẦU TƯ XÂY DỰNG PHAN TÍN,CÔNG TY CỔ PHẦN ĐẦU TƯ XÂY DỰN,Công ty cổ phần,"39/48/44 đường 102, Khu phố 7, Phường Tăng Nhơn Phú A, Quận 9, Thành phố Hồ Chí Minh, Việt Nam",Quận 9,"4662: Bán buôn kim loại và quặng kim loại-Chi tiết: Bán buôn sắt, thép, inox, nhôm, kẽm (trừ mua bán vàng miếng);4663: Bán buôn vật liệu, thiết bị lắp đặt khác trong xây dựng-Chi tiết: Bán buôn vật li",internet
314632419,CÔNG TY TNHH DV VIỄN THÔNG GIA THỊNH,CÔNG TY TNHH DV VIỄN THÔNG GIA,Công ty trách nhiệm hữu hạn một thành viên,"Số 47, Đường Hoàng Hữu Nam, Khu phố 6, Phường Tân Phú, Quận 9, Thành phố Hồ Chí Minh, Việt Nam",Quận 9,"5229: Hoạt động dịch vụ hỗ trợ khác liên quan đến vận tải-Chi tiết: Đại lý vé máy bay, vé tàu hỏa, vé xe khách;6110: Hoạt động viễn thông có dây-(trừ cung cấp dịch vụ truy cập, truy nhập internet tại ",internet
314589587,CÔNG TY TNHH THƯƠNG MẠI DỊCH VỤ VIỄN THÔNG AN HUY,CÔNG TY TNHH THƯƠNG MẠI DỊCH V,Công ty trách nhiệm hữu hạn một thành viên,"542 Đỗ Xuân Hợp, Phường Phước Bình, Quận 9, Thành phố Hồ Chí Minh, Việt Nam",Quận 9,"4741: Bán lẻ máy vi tính, thiết bị ngoại vi, phần mềm và thiết bị viễn thông trong các cửa hàng chuyên doanh-Chi tiết: bán lẻ máy vi tính,điện thoại, thiết bị ngoại vi, phần mềm, sim card điện thoại, ",internet
314617682,CÔNG TY TNHH ĐẦU TƯ LIBEP,CÔNG TY TNHH ĐẦU TƯ LIBEP,Công ty trách nhiệm hữu hạn hai thành viên trở lên,"Số 31 Đường D2, Khu dân cư Mega Ruby Khang Điền, Khu phố 2, Phường Phú Hữu, Quận 9, Thành phố Hồ Chí Minh, Việt Nam",Quận 9,"2610: Sản xuất linh kiện điện tử-;2630: Sản xuất thiết bị truyền thông-;2640: Sản xuất sản phẩm điện tử dân dụng-;2680: Sản xuất băng, đĩa từ tính và quang học-;2731: Sản xuất dây cáp, sợi cáp quang h",internet
314186884,CÔNG TY TNHH CÔNG NGHỆ NGỌC TRÂN,CÔNG TY TNHH CÔNG NGHỆ NGỌC TR,Công ty trách nhiệm hữu hạn một thành viên,"Số 25/23, Đường Trương Văn Thành , Phường Hiệp Phú, Quận 9, Thành phố Hồ Chí Minh, Việt Nam",Quận 9,5224: Bốc xếp hàng hóa-(trừ bốc xếp hàng hóa cảng hàng không).;5229: Hoạt động dịch vụ hỗ trợ khác liên quan đến vận tải-Chi Tiết: Đại lý vé máy bay; 4662: Bán buôn kim loại và quặng kim loại-chi,internet
314498918,CÔNG TY TNHH THƯƠNG MẠI DỊCH VỤ THIẾT BỊ VIỄN THÔNG THIÊN MINH,CÔNG TY TNHH THƯƠNG MẠI DỊCH V,Công ty trách nhiệm hữu hạn một thành viên,"63 Đỗ Xuân Hợp, Khu Phố 1, Phường Phước Long B, Quận 9, Thành phố Hồ Chí Minh, Việt Nam",Quận 9,"4741: Bán lẻ máy vi tính, thiết bị ngoại vi, phần mềm và thiết bị viễn thông trong các cửa hàng chuyên doanh-Chi tiết: bán lẻ máy vi tính,điện thoại, thiết bị ngoại vi, phần mềm, sim card điện thoại, ",internet
314692552,CÔNG TY TNHH CÁT LYNH,CÔNG TY TNHH CÁT LYNH,Công ty trách nhiệm hữu hạn một thành viên,"Số 38/7 đường 379, Phường Tăng Nhơn Phú A, Quận 9, Thành phố Hồ Chí Minh, Việt Nam",Quận 9,"4669: Bán buôn chuyên doanh khác chưa được phân vào đâu-Chi tiết: Chi tiết: Bán buôn phân bón, hóa chất công nghiệp(không tồn trữ hóa chất tại trụ sở) như: anilin, mực in, tinh dầu, khí công nghiệp (",internet
314686340,CÔNG TY TNHH CHẾ BIẾN KHOÁNG SẢN THỊNH SANG,CÔNG TY TNHH CHẾ BIẾN KHOÁNG S,Công ty trách nhiệm hữu hạn một thành viên,"số 614/87 tổ 6, khu phố 1, Phường Phước Long B, Quận 9, Thành phố Hồ Chí Minh, Việt Nam",Quận 9,"2513: Sản xuất nồi hơi (trừ nồi hơi trung tâm)-(không sản xuất, gia công tại trụ sở chính);2592: Gia công cơ khí; xử lý và tráng phủ kim loại-(không hoạt động tại trụ sở).;0510: Khai thác và thu gom t",internet
314705466,CÔNG TY TNHH THƯƠNG MẠI DỊCH VỤ KẾ TOÁN HTAC,CÔNG TY TNHH THƯƠNG MẠI DỊCH V,Công ty trách nhiệm hữu hạn hai thành viên trở lên,"05 Đường Số 7, Phường Long Trường, Quận 9, Thành phố Hồ Chí Minh, Việt Nam",Quận 9,"2212: Sản xuất sản phẩm khác từ cao su-(trừ sản xuất xốp cách nhiệt sử dụng ga R14B sử dụng polyol trộn sắn HCFC-141b);2220: Sản xuất sản phẩm từ plastic-(trừ tái chế phế thải, luyện cán cao su, trừ s",internet
314730487,CÔNG TY TNHH THƯƠNG MẠI DỊCH VỤ BẢO KIM HẰNG,CÔNG TY TNHH THƯƠNG MẠI DỊCH,Công ty trách nhiệm hữu hạn một thành viên,"158 Đình Phong Phú, Khu phố 3, Phường Tăng Nhơn Phú B, Quận 9, Thành phố Hồ Chí Minh, Việt Nam",Quận 9,"4663: Bán buôn vật liệu, thiết bị lắp đặt khác trong xây dựng-(không hoạt động tại trụ sở).
Chi tiết: Bán buôn các loại đá ốp lát tự nhiên và nhân tạo; Bán buôn đá granite (không hoạt động tạ",internet
314789106,CÔNG TY CỔ PHẦN XÂY DỰNG THƯƠNG MẠI THÀNH NAM HƯNG,CÔNG TY CỔ PHẦN XÂY DỰNG THƯƠN,Công ty cổ phần,"Số nhà 26/22 Đường Số 8, Khu phố Phước Lai, Phường Long Trường, Quận 9, Thành phố Hồ Chí Minh, Việt Nam",Quận 9,4290: Xây dựng công trình kỹ thuật dân dụng khác-;5229: Hoạt động dịch vụ hỗ trợ khác liên quan đến vận tải-Chi tiết: Hoạt động của đại lý làm thủ tục hải quan; Hoạt động của các đại lý vận tải hàng h,internet
314768709,CÔNG TY TNHH THỜI TRANG DẾ MÈN,CÔNG TY TNHH THỜI TRANG DẾ MÈN,Công ty trách nhiệm hữu hạn hai thành viên trở lên,"306/42/31 Võ Văn Hát, Tổ 6, Khu phố Phước Hiệp, Phường Long Trường, Quận 9, Thành phố Hồ Chí Minh, Việt Nam",Quận 9,"1322: Sản xuất hàng may sẵn (trừ trang phục)-;1323: Sản xuất thảm, chăn đệm-;1410: May trang phục (trừ trang phục từ da lông thú)-;1430: Sản xuất trang phục dệt kim, đan móc-;1512: Sản xuất vali, túi ",internet
314568114,CÔNG TY TNHH TƯƠNG THÁI AN,CÔNG TY TNHH TƯƠNG THÁI AN,Công ty trách nhiệm hữu hạn một thành viên,"102/13 Đường Quang Trung, Phường Tăng Nhơn Phú B, Quận 9, Thành phố Hồ Chí Minh, Việt Nam",Quận 9,2599: Sản xuất sản phẩm khác bằng kim loại chưa được phân vào đâu-( không hoạt động tại trụ sở);2620: Sản xuất máy vi tính và thiết bị ngoại vi của máy vi tính-;2630: Sản xuất thiết bị truyền thông-;2,internet
314571692,CÔNG TY TNHH TIFITAI,CÔNG TY TNHH TIFITAI,Công ty trách nhiệm hữu hạn một thành viên,"111/29 Đường số 339, Phường Phước Long B, Quận 9, Thành phố Hồ Chí Minh, Việt Nam",Quận 9,5820: Xuất bản phần mềm-chi tiết: sản xuất phần mềm;6201: Lập trình máy vi tính-;6202: Tư vấn máy vi tính và quản trị hệ thống máy vi tính-(Trừ kinh doanh dịch vụ truy cập internet tại trụ sở);6312: C,internet
314260400,CÔNG TY TNHH THƯƠNG MẠI DỊCH VỤ ĐẦU TƯ KINH DOANH THÀNH THÁI,CÔNG TY TNHH THƯƠNG MẠI DỊCH V,Công ty trách nhiệm hữu hạn một thành viên,"148 Đại Lộ II, Phường Phước Bình, Quận 9, Thành phố Hồ Chí Minh, Việt Nam",Quận 9,"1812: Dịch vụ liên quan đến in-;4661: Bán buôn nhiên liệu rắn, lỏng, khí và các sản phẩm liên quan-(trừ kinh doanh khí dầu mỏ hóa lỏng LPG và dầu nhớt cặn);4662: Bán buôn kim loại và quặng kim loại-(t",internet
314343047,CÔNG TY TNHH ERABIT,CÔNG TY TNHH ERABIT,Công ty trách nhiệm hữu hạn hai thành viên trở lên,"23/6 Thủy Lợi , Phường Phước Long A, Quận 9, Thành phố Hồ Chí Minh, Việt Nam",Quận 9,6312: Cổng thông tin-chi tiết: Thiết lập trang thông tin điện tử tổng hợp.;7310: Quảng cáo-;7320: Nghiên cứu thị trường và thăm dò dư luận-;7410: Hoạt động thiết kế chuyên dụng-(trừ thiết kế công trìn,internet
314357353,CÔNG TY TNHH ĐẦU TƯ THƯƠNG MẠI DỊCH VỤ SONG MỘC,CÔNG TY TNHH ĐẦU TƯ THƯƠNG MẠI,Công ty trách nhiệm hữu hạn một thành viên,"542 Đỗ Xuân Hợp, Phường Phước Bình, Quận 9, Thành phố Hồ Chí Minh, Việt Nam",Quận 9,5229: Hoạt động dịch vụ hỗ trợ khác liên quan đến vận tải-chi tiết: giao nhận hàng hóa. Hoạt động của đại lý làm thủ tục hải quan; Hoạt động của các đại lý vận tải hàng hóa;5310: Bưu chính-chi tiết: đ,internet
314377529,CÔNG TY TNHH M.Đ CARE,CÔNG TY TNHH MĐ CARE,Công ty trách nhiệm hữu hạn một thành viên,"18/20 Đường 132, Phường Phước Long A, Quận 9, Thành phố Hồ Chí Minh, Việt Nam",Quận 9,"4652: Bán buôn thiết bị và linh kiện điện tử, viễn thông-;4741: Bán lẻ máy vi tính, thiết bị ngoại vi, phần mềm và thiết bị viễn thông trong các cửa hàng chuyên doanh-;4742: Bán lẻ thiết bị nghe nhìn ",internet
314379780,CÔNG TY TNHH CÔNG NGHỆ VÀ THƯƠNG MẠI ĐẠI TÍN PHÁT,CÔNG TY TNHH CÔNG NGHỆ VÀ THƯƠ,Công ty trách nhiệm hữu hạn một thành viên,"672B Đường 672, Phường Phước Long B, Quận 9, Thành phố Hồ Chí Minh, Việt Nam",Quận 9,"4669: Bán buôn chuyên doanh khác chưa được phân vào đâu-Chi tiết: Bán buôn trang thiết bị, quần áo bảo hộ trong lao động và xây dựng; Bán buôn phân bón; Bán buôn hóa chất trong công nghiệp (không hoạt",internet
314695218,CÔNG TY CỔ PHẦN THỰC PHẨM DEGI,CÔNG TY CỔ PHẦN THỰC PHẨM DEGI,Công ty cổ phần,"Số Nhà Q20 Khu Dân Cư Park Riverside, Đường Bưng Ông Thoàn, Phường Phú Hữu, Quận 9, Thành phố Hồ Chí Minh, Việt Nam",Quận 9,"4610: Đại lý, môi giới, đấu giá-Chi tiết: Đại lý, môi giới (trừ môi giới bất động sản);4620: Bán buôn nông, lâm sản nguyên liệu (trừ gỗ, tre, nứa) và động vật sống-(không hoạt động tại trụ sở).;4632: ",internet
314423630,CÔNG TY TNHH SƠN KHÁNH TRẦN,CÔNG TY TNHH SƠN KHÁNH TRẦN,Công ty trách nhiệm hữu hạn hai thành viên trở lên,"470A Lê Văn Việt, Phường Tăng Nhơn Phú A, Quận 9, Thành phố Hồ Chí Minh, Việt Nam",Quận 9,"5229: Hoạt động dịch vụ hỗ trợ khác liên quan đến vận tải-Chi tiết: Hoạt động của các đại lý bán vé máy bay, vé tàu hỏa, vé xe;4663: Bán buôn vật liệu, thiết bị lắp đặt khác trong xây dựng-Chi tiết: B",internet
314502579,CÔNG TY TNHH THƯƠNG MẠI DỊCH VỤ VIỄN THÔNG HƯƠNG VY,CÔNG TY TNHH THƯƠNG MẠI DỊCH V,Công ty trách nhiệm hữu hạn một thành viên,"218/13/1/4B Võ Văn Hát, Tổ 5, Phường Long Trường, Quận 9, Thành phố Hồ Chí Minh, Việt Nam",Quận 9,"5310: Bưu chính-Chi tiết: Đại lý cung cấp dịch vụ bưu chính viễn thông.;4652: Bán buôn thiết bị và linh kiện điện tử, viễn thông-Chi tiết: Bán buôn sim card điện thoại, thẻ internet, thẻ sim; Bán buôn",internet
314527478,CÔNG TY TNHH THƯƠNG MẠI DỊCH VỤ K3 AUTO,CÔNG TY TNHH THƯƠNG MẠI DỊCH V,Công ty trách nhiệm hữu hạn hai thành viên trở lên,"32B Tây Hòa, Phường Phước Long A, Quận 9, Thành phố Hồ Chí Minh, Việt Nam",Quận 9,"4511: Bán buôn ô tô và xe có động cơ khác-;4512: Bán lẻ ô tô con (loại 12 chỗ ngồi trở xuống)-;4530: Bán phụ tùng và các bộ phận phụ trợ của ô tô và xe có động cơ khác-;4541: Bán mô tô, xe máy-;4543: ",internet
314609882,CÔNG TY TNHH KINH DOANH NDK VIỆT NAM,CÔNG TY TNHH KINH DOANH NDK VI,Công ty trách nhiệm hữu hạn một thành viên,"43/9 Đường 297, Phường Phước Long B, Quận 9, Thành phố Hồ Chí Minh, Việt Nam",Quận 9,"4741: Bán lẻ máy vi tính, thiết bị ngoại vi, phần mềm và thiết bị viễn thông trong các cửa hàng chuyên doanh-;4742: Bán lẻ thiết bị nghe nhìn trong các cửa hàng chuyên doanh-;4751: Bán lẻ vải, len, sợ",internet
314639460,CÔNG TY TNHH SIH,CÔNG TY TNHH SIH,Công ty trách nhiệm hữu hạn một thành viên,"373 Hoàng Hữu Nam, Phường Tân Phú, Quận 9, Thành phố Hồ Chí Minh, Việt Nam",Quận 9,6190: Hoạt động viễn thông khác-Chi tiết: Hoạt động các điểm truy cập internet. Điểm cung cấp dịch vụ trò chơi điện tử công cộng (trừ kinh doanh trò chơi có thưởng dành cho người nước ngoài và kinh do,internet
314719677,CÔNG TY TNHH TCC GROUP,CÔNG TY TNHH TCC GROUP,Công ty trách nhiệm hữu hạn một thành viên,"162 Đường số 6, Phường Phú Hữu, Quận 9, Thành phố Hồ Chí Minh, Việt Nam",Quận 9,"7110: Hoạt động kiến trúc và tư vấn kỹ thuật có liên quan-Chi tiết: 
-	Thiết kế kết cấu công trình cầu, đường bộ; 
-	Thẩm tra thiết kế kết cấu công trình cầu, đường bộ;
-	Thiết kế kiến trúc công trình",internet
314817191,CÔNG TY TNHH CHẾ BIẾN SẢN XUẤT THƯƠNG MẠI KHOÁNG SẢN QUỐC THỊNH,CÔNG TY TNHH CHẾ BIẾN SẢN XUẤT,Công ty trách nhiệm hữu hạn một thành viên,"24/17 Đường số 3, Phường Trường Thạnh, Quận 9, Thành phố Hồ Chí Minh, Việt Nam",Quận 9,"2513: Sản xuất nồi hơi (trừ nồi hơi trung tâm)-(không sản xuất, gia công tại trụ sở chính);5229: Hoạt động dịch vụ hỗ trợ khác liên quan đến vận tải-Chi tiết: Dịch vụ đại lý tàu biển;5911: Hoạt động s",internet
314820589,CÔNG TY TNHH TM-DV VATRA,CÔNG TY TNHH TMDV VATRA,Công ty trách nhiệm hữu hạn một thành viên,"Số 5, Đường 18, Phường Phước Bình, Quận 9, Thành phố Hồ Chí Minh, Việt Nam",Quận 9,"4663: Bán buôn vật liệu, thiết bị lắp đặt khác trong xây dựng-chi tiết: Bán buôn đồ ngũ kim và khoá;4741: Bán lẻ máy vi tính, thiết bị ngoại vi, phần mềm và thiết bị viễn thông trong các cửa hàng chuy",internet
314848464,CÔNG TY TNHH THƯƠNG MẠI VÀ DỊCH VỤ QUẢNG CÁO TÂN PHÚC GIA,CÔNG TY TNHH THƯƠNG MẠI VÀ DỊC,Công ty trách nhiệm hữu hạn một thành viên,"222 đường Man Thiện, Phường Tăng Nhơn Phú A, Quận 9, Thành phố Hồ Chí Minh, Việt Nam",Quận 9,"8211: Dịch vụ hành chính văn phòng tổng hợp-;7410: Hoạt động thiết kế chuyên dụng-Chi tiết : Thiết kế đá hoa cương;8230: Tổ chức giới thiệu và xúc tiến thương mại-Chi tiết : Tổ chức sự kiện, hội nghị,",internet
314873929,CÔNG TY TNHH NTHD,CÔNG TY TNHH NTHD,Công ty trách nhiệm hữu hạn một thành viên,"14A Đường 182, Phường Tăng Nhơn Phú A, Quận 9, Thành phố Hồ Chí Minh, Việt Nam",Quận 9,"0118: Trồng rau, đậu các loại và trồng hoa, cây cảnh-;0128: Trồng cây gia vị, cây dược liệu-;0111: Trồng lúa-(không hoạt động tại trụ sở).;0112: Trồng ngô và cây lương thực có hạt khác-(không hoạt độn",internet
314868830,CÔNG TY CỔ PHẦN CANVI,CÔNG TY CỔ PHẦN CANVI,Công ty cổ phần,"39/5 Đường 385, Khu Phố 6, Phường Tăng Nhơn Phú A, Quận 9, Thành phố Hồ Chí Minh, Việt Nam",Quận 9,"6619: Hoạt động hỗ trợ dịch vụ tài chính chưa được phân vào đâu-Chi tiết: Tư vấn đầu tư (trừ tư vấn tài chính, kế toán);6820: Tư vấn, môi giới, đấu giá bất động sản, đấu giá quyền sử dụng đất-chi tiết",internet
314887015,CÔNG TY TNHH HUẤN LUYỆN AN TOÀN & KIỂM ĐỊNH 2 - A,CÔNG TY TNHH HUẤN LUYỆN AN TOÀ,Công ty trách nhiệm hữu hạn một thành viên,"Số 31/13 Đường 160, Phường Tăng Nhơn Phú A, Quận 9, Thành phố Hồ Chí Minh, Việt Nam",Quận 9,"7120: Kiểm tra và phân tích kỹ thuật-; 4669: Bán buôn chuyên doanh khác chưa được phân vào đâu-(trừ bán buôn bình gas, khí dầu mỏ hóa lỏng LPG, dầu nhớt cặn, vàng miếng, súng, đạn loại dùng đi săn hoặ",internet
314904447,CÔNG TY TNHH GIẢI PHÁP VÀ PHÁT TRIỂN CÔNG NGHỆ MỚI PK,CÔNG TY TNHH GIẢI PHÁP VÀ PHÁT,Công ty trách nhiệm hữu hạn một thành viên,"96 Đường 61 , Phường Phước Long B, Quận 9, Thành phố Hồ Chí Minh, Việt Nam",Quận 9,"4741: Bán lẻ máy vi tính, thiết bị ngoại vi, phần mềm và thiết bị viễn thông trong các cửa hàng chuyên doanh-Chi tiết: Bán lẻ máy vi tính, thiết bị ngoại vi, phần mềm trong các cửa hàng chuyên doanh;4",internet
314920375,CÔNG TY TNHH MEC SÔNG HÀN,CÔNG TY TNHH MEC SÔNG HÀN,Công ty trách nhiệm hữu hạn hai thành viên trở lên,"A37 Đường số10, Khu dân cư Bắc Rạch Chiếc, Phường Phước Long A, Quận 9, Thành phố Hồ Chí Minh, Việt Nam",Quận 9,"4321: Lắp đặt hệ thống điện-;4663: Bán buôn vật liệu, thiết bị lắp đặt khác trong xây dựng-;4329: Lắp đặt hệ thống xây dựng khác-Chi tiết: lắp đặt hệ thống thiết bị phòng cháy chữa cháy, hệ thống chốn",internet
314925373,CÔNG TY TNHH  ĐẦU TƯ THƯƠNG MẠI XUẤT NHẬP KHẨU NHIÊN LIỆU KHẢI THANH,CÔNG TY TNHH  ĐẦU TƯ THƯƠNG MẠ,Công ty trách nhiệm hữu hạn một thành viên,"Số 5 Đường 18B, Khu phố 3, Phường Phước Bình, Quận 9, Thành phố Hồ Chí Minh, Việt Nam",Quận 9,"2599: Sản xuất sản phẩm khác bằng kim loại chưa được phân vào đâu-Chi tiết: Sản xuất đồ dùng bằng kim loại cho nhà bếp (không hoạt động tại trụ sở). Lắp ráp bếp gas (không gia công cơ khí, tái chế phế",internet
314919877,CÔNG TY TNHH DỊCH VỤ XÂY DỰNG VÂN LONG,CÔNG TY TNHH DỊCH VỤ XÂY DỰNG ,Công ty trách nhiệm hữu hạn một thành viên,"Số 14 Đường 102, Khu Phố 1, Phường Tăng Nhơn Phú A, Quận 9, Thành phố Hồ Chí Minh, Việt Nam",Quận 9,7710: Cho thuê xe có động cơ-;4100: Xây dựng nhà các loại-;4210: Xây dựng công trình đường sắt và đường bộ-;4220: Xây dựng công trình công ích-;4290: Xây dựng công trình kỹ thuật dân dụng khác-;4311: ,internet
314933198,DOANH NGHIỆP TƯ NHÂN DỊCH VỤ TRÒ CHƠI ĐIỆN TỬ CÔNG CỘNG CYBER ALL GAME RUBIK,DOANH NGHIỆP TƯ NHÂN DỊCH VỤ T,Doanh nghiệp tư nhân,"103 Đường Làng Tăng Phú, Phường Tăng Nhơn Phú A, Quận 9, Thành phố Hồ Chí Minh, Việt Nam",Quận 9,"6190: Hoạt động viễn thông khác-Chi tiết: Đại lý cung cấp dịch vụ truy cập internet, cung cấp dịch vụ trò chơi điện tử công cộng (Trừ kinh doanh trò chơi điện tử có thưởng dành cho người nước ngoài và",internet
314966186,CÔNG TY TNHH MIN SOLUTIONS,CÔNG TY TNHH MIN SOLUTIONS,Công ty trách nhiệm hữu hạn một thành viên,"73/38/17 Đường Đình Phong Phú, Phường Tăng Nhơn Phú B, Quận 9, Thành phố Hồ Chí Minh, Việt Nam",Quận 9,"6311: Xử lý dữ liệu, cho thuê và các hoạt động liên quan-;7410: Hoạt động thiết kế chuyên dụng-Chi tiết: thiết kế website. Thiết kế đồ hoạ;5820: Xuất bản phần mềm-Chi tiết: Sản xuất, gia công phần mềm",internet
314970633,CÔNG TY TNHH ESSI,CÔNG TY TNHH ESSI,Công ty trách nhiệm hữu hạn một thành viên,"119 Đường 4, Phường Phước Bình, Quận 9, Thành phố Hồ Chí Minh, Việt Nam",Quận 9,"4632: Bán buôn thực phẩm-(không hoạt động tại trụ sở) 
Chi tiết: Bán buôn thịt và các sản phẩm từ thịt. 
- Bán buôn thủy sản. 
- Bán buôn rau, quả, nấm các loại
- Bán buôn cà phê 
- Bán buôn chè
- Bán",internet
315005587,CÔNG TY TNHH CÔNG NGHỆ KỲ NAM,CÔNG TY TNHH CÔNG NGHỆ KỲ NAM,Công ty trách nhiệm hữu hạn một thành viên,"84 Đường Đại Lộ 3, Khu Phố 4, Phường Phước Bình, Quận 9, Thành phố Hồ Chí Minh, Việt Nam",Quận 9,"8299: Hoạt động dịch vụ hỗ trợ kinh doanh khác còn lại chưa được phân vào đâu-Chi tiết: Cung cấp dịch vụ giá trị gia tăng trên mạng viễn thông, internet; Dịch vụ thương mại điện tử;5820: Xuất bản phần",internet
315006277,CÔNG TY TNHH AMOSKY,CÔNG TY TNHH AMOSKY,Công ty trách nhiệm hữu hạn một thành viên,"9/30A, Đường 898, Phường Phú Hữu, Quận 9, Thành phố Hồ Chí Minh, Việt Nam",Quận 9,"3312: Sửa chữa máy móc, thiết bị-(trừ gia công cơ khí, tái chế phế thải, xi mạ điện tại tụi sở);4321: Lắp đặt hệ thống điện-Chi tiết: Lắp đặt hệ thống mạng máy tính (trừ gia công cơ khí, tái chế phế t",internet
315020440,CÔNG TY TNHH MINH NGUYỄN COMPUTER,CÔNG TY TNHH MINH NGUYỄN COMPU,Công ty trách nhiệm hữu hạn một thành viên,"101 Đường số 385, Phường Tăng Nhơn Phú A, Quận 9, Thành phố Hồ Chí Minh, Việt Nam",Quận 9,"4651: Bán buôn máy vi tính, thiết bị ngoại vi và phần mềm-chi tiết: Bán buôn máy vi tính, máy chơi game;4659: Bán buôn máy móc, thiết bị và phụ tùng máy khác-chi tiết: Bán buôn máy in, máy quét mã vạc",computer
315012591,CÔNG TY TNHH IMPULSE TECHNOLOGY VIỆT NAM,CÔNG TY TNHH IMPULSE TECHNOLOG,Công ty trách nhiệm hữu hạn một thành viên,"1/4K Tổ 4, Khu phố 5, Đường 21, Phường Phước Long A, Quận 9, Thành phố Hồ Chí Minh, Việt Nam",Quận 9,"3319: Sửa chữa thiết bị khác-;4321: Lắp đặt hệ thống điện-(trừ gia công cơ khí, tái chế phế thải, xi mạ điện tại trụ sở);4652: Bán buôn thiết bị và linh kiện điện tử, viễn thông-;4649: Bán buôn đồ dùn",technology
315037194,CÔNG TY TNHH SẢN XUẤT THƯƠNG MẠI DỊCH VỤ TỔNG HỢP HÀN VIỆT,CÔNG TY TNHH SẢN XUẤT THƯƠNG M,Công ty trách nhiệm hữu hạn một thành viên,"A12/2A Lê Văn Việt, Phường Tăng Nhơn Phú A, Quận 9, Thành phố Hồ Chí Minh, Việt Nam",Quận 9,"4330: Hoàn thiện công trình xây dựng-;4752: Bán lẻ đồ ngũ kim, sơn, kính và thiết bị lắp đặt khác trong xây dựng trong các cửa hàng chuyên doanh-;4753: Bán lẻ thảm, đệm, chăn, màn, rèm, vật liệu phủ t",internet
315044748,CÔNG TY TNHH BẤT ĐỘNG SẢN PHÍA NAM,CÔNG TY TNHH BẤT ĐỘNG SẢN PHÍA,Công ty trách nhiệm hữu hạn hai thành viên trở lên,"124A-124B Dương Đình Hội, Phường Phước Long B, Quận 9, Thành phố Hồ Chí Minh, Việt Nam",Quận 9,"6810: Kinh doanh bất động sản, quyền sử dụng đất thuộc chủ sở hữu, chủ sử dụng hoặc đi thuê-Chi tiết: Kinh doanh bất động sản. Cho thuê nhà, văn phòng, căn hộ, nhà xưởng, kho bãi;6820: Tư vấn, môi giớ",internet
315044057,CÔNG TY CỔ PHẦN XUẤT NHẬP KHẨU INO HEALTH VIỆT NAM,CÔNG TY CỔ PHẦN XUẤT NHẬP KHẨU,Công ty cổ phần,"Số Nhà 38, Đường 109 Khu Dân Cư Nam Long, Phường Phước Long B, Quận 9, Thành phố Hồ Chí Minh, Việt Nam",Quận 9,"8299: Hoạt động dịch vụ hỗ trợ kinh doanh khác còn lại chưa được phân vào đâu-Chi tiết:
-Xuất nhập khẩu các mặt hàng công ty kinh doanh
-Ủy thác và nhận ủy thác xuất khẩu, nhập khẩu hàng hóa;8559: Giá",internet
315053171,CÔNG TY TNHH BẤT ĐỘNG SẢN BEST LAND,CÔNG TY TNHH BẤT ĐỘNG SẢN BEST,Công ty trách nhiệm hữu hạn hai thành viên trở lên,"132 Đường 339, Tổ 22, Khu phố 5, Phường Phước Long B, Quận 9, Thành phố Hồ Chí Minh, Việt Nam",Quận 9,"6820: Tư vấn, môi giới, đấu giá bất động sản, đấu giá quyền sử dụng đất-Chi tiết: Môi giới bất động sản. Tư vấn bất động sản.;4663: Bán buôn vật liệu, thiết bị lắp đặt khác trong xây dựng-Chi tiết: Bá",internet
315061951,CÔNG TY TNHH VNT SOFTWARE,CÔNG TY TNHH VNT SOFTWARE,Công ty trách nhiệm hữu hạn một thành viên,"301/7 Đỗ Xuân Hợp, Khu phố 4, Phường Phước Long B, Quận 9, Thành phố Hồ Chí Minh, Việt Nam",Quận 9,6202: Tư vấn máy vi tính và quản trị hệ thống máy vi tính-;6209: Hoạt động dịch vụ công nghệ thông tin và dịch vụ khác liên quan đến máy vi tính-;6312: Cổng thông tin-Chi tiết: Thiết lập trang thông t,software
315101957,CÔNG TY TNHH THƯƠNG MẠI DỊCH VỤ SGF-FOOD,CÔNG TY TNHH THƯƠNG MẠI DỊCH V,Công ty trách nhiệm hữu hạn hai thành viên trở lên,"86/39 Đường Đình Phong Phú, Khu Phố 2, Phường Tăng Nhơn Phú B, Quận 9, Thành phố Hồ Chí Minh, Việt Nam",Quận 9,"4620: Bán buôn nông, lâm sản nguyên liệu (trừ gỗ, tre, nứa) và động vật sống-(không hoạt động tại trụ sở);4631: Bán buôn gạo-(không hoạt động tại trụ sở);4632: Bán buôn thực phẩm-(không hoạt động tại ",internet
315089178,CÔNG TY CỔ PHẦN DƯỢC PHẨM & THIẾT BỊ Y TẾ CANADA,CÔNG TY CỔ PHẦN DƯỢC PHẨM  THI,Công ty cổ phần,"Số 14, Đường 16, Tổ 1, Khu phố 6, Phường Phước Long B, Quận 9, Thành phố Hồ Chí Minh, Việt Nam",Quận 9,"4711: Bán lẻ lương thực, thực phẩm, đồ uống, thuốc lá, thuốc lào chiếm tỷ trọng lớn trong các cửa hàng kinh doanh tổng hợp-(thực hiện theo Quyết định số 64/2009/QĐ-UBND ngày 31/07/2009 và Quyết định s",internet
315099560,CÔNG TY TNHH SIGO VIỆT NAM,CÔNG TY TNHH SIGO VIỆT NAM,Công ty trách nhiệm hữu hạn một thành viên,"9/6 Tân Hòa 2, Phường Hiệp Phú, Quận 9, Thành phố Hồ Chí Minh, Việt Nam",Quận 9,"4791: Bán lẻ theo yêu cầu đặt hàng qua bưu điện hoặc internet-(trừ bán lẻ bình gas, khí dầu mỏ hóa lỏng LPG, dầu nhớt cặn, vàng miếng, súng, đạn loại dùng đi săn hoặc thể thao và tiền kim khí và thực ",internet
315121657,CÔNG TY TNHH KHÁCH SẠN ANB,CÔNG TY TNHH KHÁCH SẠN ANB,Công ty trách nhiệm hữu hạn một thành viên,"Số 25 Đường D 32, Khu phố 6, Phường Phước Long B, Quận 9, Thành phố Hồ Chí Minh, Việt Nam",Quận 9,"5510: Dịch vụ lưu trú ngắn ngày-Chi tiết: Khách sạn, biệt thự du lịch, căn hộ du lịch, nhà nghỉ du lịch, nhà ở có phòng cho khách du lịch thuê;5610: Nhà hàng và các dịch vụ ăn uống phục vụ lưu động-;5",internet
315141029,CÔNG TY TNHH THƯƠNG MẠI DỊCH VỤ PHÚC DUYÊN,CÔNG TY TNHH THƯƠNG MẠI DỊCH V,Công ty trách nhiệm hữu hạn một thành viên,"75/110/9/37 đường Long Thuận, khu phố Tam Đa, Phường Trường Thạnh, Quận 9, Thành phố Hồ Chí Minh, Việt Nam",Quận 9,"4773: Bán lẻ hàng hóa khác mới trong các cửa hàng chuyên doanh-(trừ bán lẻ bình gas, khí dầu mỏ hóa lỏng LPG, dầu nhớt cặn, vàng miếng, súng, đạn loại dùng đi săn hoặc thể thao và tiền kim khí; trừ bá",internet
315145584,CÔNG TY TNHH THƯƠNG MẠI DỊCH VỤ PHÁT TRIỂN  KIM AN,CÔNG TY TNHH THƯƠNG MẠI DỊCH V,Công ty trách nhiệm hữu hạn một thành viên,"200/9A Dương Đình Hội, Phường Phước Long B, Quận 9, Thành phố Hồ Chí Minh, Việt Nam",Quận 9,"4669: Bán buôn chuyên doanh khác chưa được phân vào đâu-chi tiết: bán buôn vật liệu trang trí nội thất; bán buôn đồ trang trí nội thất, ngoại thất;6820: Tư vấn, môi giới, đấu giá bất động sản, đấu giá",internet
315123340,CÔNG TY TNHH BÉ BÔNG,CÔNG TY TNHH BÉ BÔNG,Công ty trách nhiệm hữu hạn một thành viên,"10/2B Đường 236, Phường Tăng Nhơn Phú A, Quận 9, Thành phố Hồ Chí Minh, Việt Nam",Quận 9,"4620: Bán buôn nông, lâm sản nguyên liệu (trừ gỗ, tre, nứa) và động vật sống-Chi tiết: Bán buôn cây và hoa (không hoạt động tại trụ sở);4632: Bán buôn thực phẩm-chi tiết: Bán buôn cà phê (không hoạt đ",internet
315146595,CÔNG TY TNHH BEACON ENGLISH,CÔNG TY TNHH BEACON ENGLISH,Công ty trách nhiệm hữu hạn một thành viên,"Số 4 Đường D15, Khu Phố 6, Phường Phước Long B, Quận 9, Thành phố Hồ Chí Minh, Việt Nam",Quận 9,6190: Hoạt động viễn thông khác-Chi tiết: Dịch vụ giá trị gia tăng trên mạng internet;8559: Giáo dục khác chưa được phân vào đâu-Chi tiết: Giáo dục không xác định theo cấp độ tại các trung tâm đào tạo,internet
315154772,CÔNG TY CỔ PHẦN ĐẦU TƯ PHÁT TRIỂN XÂY DỰNG THÀNH TÍN,CÔNG TY CỔ PHẦN ĐẦU TƯ PHÁT TR,Công ty cổ phần,"Số 230/72 Nguyễn Xiển, Phường Trường Thạnh, Quận 9, Thành phố Hồ Chí Minh, Việt Nam",Quận 9,"0118: Trồng rau, đậu các loại và trồng hoa, cây cảnh-(không hoạt động tại trụ sở);0121: Trồng cây ăn quả-(không hoạt động tại trụ sở);0146: Chăn nuôi gia cầm-(không hoạt động tại trụ sở);0322: Nuôi tr",internet
315212833,CÔNG TY TNHH DVTM VIỄN THÔNG PHƯƠNG TRANG,CÔNG TY TNHH DVTM VIỄN THÔNG P,Công ty trách nhiệm hữu hạn một thành viên,"292C Lò Lu, Phường Trường Thạnh, Quận 9, Thành phố Hồ Chí Minh, Việt Nam",Quận 9,"1811: In ấn-Chi tiết: In trên bao bì (không in trên các sản phẩm vải sợi, dệt, may, đan, in tráng bao bì kim loại tại trụ sở).;1812: Dịch vụ liên quan đến in-;5022: Vận tải hàng hóa đường thuỷ nội địa",internet
315184907,CÔNG TY TNHH MTV HÀM ANH DŨNG,CÔNG TY TNHH MTV HÀM ANH DŨNG,Công ty trách nhiệm hữu hạn một thành viên,"198 Đường 14, Phường Phước Bình, Quận 9, Thành phố Hồ Chí Minh, Việt Nam",Quận 9,"1312: Sản xuất vải dệt thoi-;1313: Hoàn thiện sản phẩm dệt-;1321: Sản xuất vải dệt kim, vải đan móc và vải không dệt khác-;1322: Sản xuất hàng may sẵn (trừ trang phục)-;1323: Sản xuất thảm, chăn đệm-;",internet
315198924,CÔNG TY TNHH KỸ THUẬT TBB,CÔNG TY TNHH KỸ THUẬT TBB,Công ty trách nhiệm hữu hạn hai thành viên trở lên,"Số 05, Đường D1, Khu dân cư Khang Điền Mega Village, Tổ 1, Khu phố 3, Phường Phú Hữu, Quận 9, Thành phố Hồ Chí Minh, Việt Nam",Quận 9,"4799: Bán lẻ hình thức khác chưa được phân vào đâu-(trừ bán lẻ bình gas, khí dầu mỏ hóa lỏng LPG, dầu nhớt cặn, vàng miếng, súng, đạn loại dùng đi săn hoặc thể thao và tiền kim khí; trừ bán lẻ hóa chấ",internet
315198025,CÔNG TY TNHH CÔNG NGHỆ PHÚ MỸ VINH,CÔNG TY TNHH CÔNG NGHỆ PHÚ MỸ ,Công ty trách nhiệm hữu hạn hai thành viên trở lên,"85 Đường Trương Văn Thành, Phường Hiệp Phú, Quận 9, Thành phố Hồ Chí Minh, Việt Nam",Quận 9,4312: Chuẩn bị mặt bằng-;4330: Hoàn thiện công trình xây dựng-;4933: Vận tải hàng hóa bằng đường bộ-(trừ hóa lỏng khí để vận chuyển);5229: Hoạt động dịch vụ hỗ trợ khác liên quan đến vận tải-Chi tiết:,internet
315209291,CÔNG TY TNHH ĐẦU TƯ THƯƠNG MẠI VÀ DỊCH VỤ HẠO THIÊN,CÔNG TY TNHH ĐẦU TƯ THƯƠNG MẠI,Công ty trách nhiệm hữu hạn một thành viên,"Số 107 Đường Làng Tăng Phú, Phường Tăng Nhơn Phú A, Quận 9, Thành phố Hồ Chí Minh, Việt Nam",Quận 9,4669: Bán buôn chuyên doanh khác chưa được phân vào đâu-Chi tiết: Bán buôn hóa chất trong lĩnh vực công nghiệp (không tồn trữ hóa chất tại trụ sở); Bán buôn hóa chất trong lĩnh vực phụ gia thực phẩm; ,internet
315212174,CÔNG TY CỔ PHẦN GIẢI PHÁP CÔNG NGHỆ XANH SÀI GÒN,CÔNG TY CỔ PHẦN GIẢI PHÁP CÔNG,Công ty cổ phần,"15 Đường 1F, Phường Phú Hữu, Quận 9, Thành phố Hồ Chí Minh, Việt Nam",Quận 9,"4669: Bán buôn chuyên doanh khác chưa được phân vào đâu-(trừ bán buôn bình gas, khí dầu mỏ hóa lỏng lpg, dầu nhớt cặn, vàng miếng, súng, đạn loại dùng đi săn hoặc thể thao và tiền kim khí; trừ bán buô",internet
315245275,CÔNG TY TNHH TỶ SAO,CÔNG TY TNHH TỶ SAO,Công ty trách nhiệm hữu hạn một thành viên,"118A Đỗ Xuân Hợp, Phường Phước Long A, Quận 9, Thành phố Hồ Chí Minh, Việt Nam",Quận 9,"8230: Tổ chức giới thiệu và xúc tiến thương mại-Chi tiết: Việc tổ chức, xúc tiến và/hoặc quản lý các sự kiện, như kinh doanh hoặc triển lãm, giới thiệu, hội nghị, có hoặc không có quản lý và cung cấp ",internet
315300631,CÔNG TY TNHH THƯƠNG MẠI-TƯ VẤN-DỊCH THUẬT VINCI ĐẠT,CÔNG TY TNHH THƯƠNG MẠITƯ VẤND,Công ty trách nhiệm hữu hạn một thành viên,"22 Đường Hồng Sến, Phường Long Thạnh Mỹ, Quận 9, Thành phố Hồ Chí Minh, Việt Nam",Quận 9,"7490: Hoạt động chuyên môn, khoa học và công nghệ khác chưa được phân vào đâu-Chi tiết: Hoạt động phiên dịch, dịch thuật (trừ thanh toán hối phiếu, thông tin tỉ lệ lượng và tư vấn chứng khoán); 7710: ",internet
315177459,CÔNG TY TNHH TƯ VẤN DOANH NGHIỆP SÀI GÒN,CÔNG TY TNHH TƯ VẤN DOANH NGHI,Công ty trách nhiệm hữu hạn một thành viên,"340/14/37 Long Phước, Phường Long Phước, Quận 9, Thành phố Hồ Chí Minh, Việt Nam",Quận 9,"6619: Hoạt động hỗ trợ dịch vụ tài chính chưa được phân vào đâu-Chi tiết: Hoạt động tư vấn đầu tư (trừ tư vấn tài chính, kế toán, pháp lý).;7020: Hoạt động tư vấn quản lý-(trừ tư vấn tài chính, kế toá",internet
315185393,CÔNG TY TNHH THIẾT BỊ KỸ THUẬT CÔNG NGHỆ V-TECH,CÔNG TY TNHH THIẾT BỊ KỸ THUẬT,Công ty trách nhiệm hữu hạn một thành viên,"387 Man Thiện, Phường Tăng Nhơn Phú A, Quận 9, Thành phố Hồ Chí Minh, Việt Nam",Quận 9,"1410: May trang phục (trừ trang phục từ da lông thú)-(không hoạt động tại trụ sở).;1811: In ấn-(trừ in tráng bao bì kim loại, in trên các sản phẩm vải sợi, dệt, may, đan tại trụ sở);1812: Dịch vụ liên",internet
315290969,CÔNG TY TNHH SÀN GỖ MỘC VIỆT,CÔNG TY TNHH SÀN GỖ MỘC VIỆT,Công ty trách nhiệm hữu hạn hai thành viên trở lên,"25 Tây Hòa , Phường Phước Long A, Quận 9, Thành phố Hồ Chí Minh, Việt Nam",Quận 9,"9524: Sửa chữa giường, tủ, bàn, ghế và đồ nội thất tương tự-;7110: Hoạt động kiến trúc và tư vấn kỹ thuật có liên quan-;7410: Hoạt động thiết kế chuyên dụng-Chi tiết: hoạt động trang trí nội ngoại thấ",internet
315202031,CÔNG TY CỔ PHẦN QUỐC TẾ ĐOÀN LÊ,CÔNG TY CỔ PHẦN QUỐC TẾ ĐOÀN L,Công ty cổ phần,"340/14/37 Đường Long Phước, Phường Long Phước, Quận 9, Thành phố Hồ Chí Minh, Việt Nam",Quận 9,"2740: Sản xuất thiết bị điện chiếu sáng-;2750: Sản xuất đồ điện dân dụng-;2790: Sản xuất thiết bị điện khác-;4663: Bán buôn vật liệu, thiết bị lắp đặt khác trong xây dựng-Chi tiết: Bán buôn gỗ cây, tr",internet
315302967,CÔNG TY TNHH NOAH LEGEND,CÔNG TY TNHH NOAH LEGEND,Công ty trách nhiệm hữu hạn hai thành viên trở lên,"Số D-08 Đường 135, Khu dân cư Bắc Rạch Chiếc, Phường Phước Long A, Quận 9, Thành phố Hồ Chí Minh, Việt Nam",Quận 9,"3290: Sản xuất khác chưa được phân vào đâu-Chi tiết: Sản xuất nguyên liệu, thành phẩm thực phẩm- thực phẩm chức năng, thực phẩm dinh dưỡng (không hoạt động tại trụ sở);3821: Xử lý và tiêu huỷ rác thải",internet
315331728,CÔNG TY TNHH TÙNG ANH HOÀNG,CÔNG TY TNHH TÙNG ANH HOÀNG,Công ty trách nhiệm hữu hạn một thành viên,"104/20 Đường Man Thiện, Khu phố 1, Phường Tăng Nhơn Phú A, Quận 9, Thành phố Hồ Chí Minh, Việt Nam",Quận 9,"6820: Tư vấn, môi giới, đấu giá bất động sản, đấu giá quyền sử dụng đất-Chi tiết:Tư vấn bất động sản, Môi giới bất động sản;7710: Cho thuê xe có động cơ-;4541: Bán mô tô, xe máy-;4610: Đại lý, môi giớ",internet
315378878,CÔNG TY TNHH CÔNG NGHỆ DTV,CÔNG TY TNHH CÔNG NGHỆ DTV,Công ty trách nhiệm hữu hạn một thành viên,"Số Nhà 28 Khu Dân Cư Tăng Phú House, Đường Tăng Nhơn Phú, Phường Phước Long B, Quận 9, Thành phố Hồ Chí Minh, Việt Nam",Quận 9,"4791: Bán lẻ theo yêu cầu đặt hàng qua bưu điện hoặc internet-(trừ bán lẻ hóa chất, khí dầu mỏ hóa lỏng LPG, dầu nhớt cặn, vàng miếng, súng, đạn loại dùng đi săn hoặc thể thao và tiền kim khí; Thực hi",internet
315340088,CÔNG TY TNHH NÔNG SẢN PTT,CÔNG TY TNHH NÔNG SẢN PTT,Công ty trách nhiệm hữu hạn một thành viên,"7/56/18 Đường số 6, Khu phố Phước Lai, Phường Long Trường, Quận 9, Thành phố Hồ Chí Minh, Việt Nam",Quận 9,"4632: Bán buôn thực phẩm-Chi tiết: Bán buôn yến sào thô và yến sào đã qua chế biến;4620: Bán buôn nông, lâm sản nguyên liệu (trừ gỗ, tre, nứa) và động vật sống-Chi tiết: Bán buôn hạt điều (không hoạt ",internet
315399758,CÔNG TY TNHH THƯƠNG MẠI DỊCH VỤ TỔNG HỢP SƠN QUÂN,CÔNG TY TNHH THƯƠNG MẠI DỊCH V,Công ty trách nhiệm hữu hạn một thành viên,"Số 91 Đường 1D Khu dân cư Gold Park, Phường Long Thạnh Mỹ, Quận 9, Thành phố Hồ Chí Minh, Việt Nam",Quận 9,"4774: Bán lẻ hàng hóa đã qua sử dụng trong các cửa hàng chuyên doanh-Chi tiết: Bán lẻ máy tính, thiết bị ngoại vi và phần mềm; Bán lẻ thiết bị và linh kiện điện tử, viễn thông; Bán lẻ máy móc, thiết b",internet
315288550,CÔNG TY CỔ PHẦN NCD,CÔNG TY CỔ PHẦN NCD,Công ty cổ phần,"65/9A Đường 339, Khu phố 4, Phường Phước Long B, Quận 9, Thành phố Hồ Chí Minh, Việt Nam",Quận 9,"8219: Photo, chuẩn bị tài liệu và các hoạt động hỗ trợ văn phòng đặc biệt khác-Chi tiết: Photo, chuẩn bị tài liệu;8551: Giáo dục thể thao và giải trí-(trừ hoạt động của các sàn nhảy);8552: Giáo dục vă",internet
315396429,CÔNG TY CỔ PHẦN SẢN XUẤT VÀ TRUYỀN THÔNG ZEN,CÔNG TY CỔ PHẦN SẢN XUẤT VÀ TR,Công ty cổ phần,"2/12A Trần Trọng Khiêm, Phường Long Bình, Quận 9, Thành phố Hồ Chí Minh, Việt Nam",Quận 9,"9512: Sửa chữa thiết bị liên lạc-;9521: Sửa chữa thiết bị nghe nhìn điện tử gia dụng-;9522: Sửa chữa thiết bị, đồ dùng gia đình-;9631: Cắt tóc, làm đầu, gội đầu-(trừ các hoạt động gây chảy máu);4610: ",internet
315421996,CÔNG TY TNHH DỊCH VỤ THIẾT KẾ QUẢNG CÁO GIA LẠC,CÔNG TY TNHH DỊCH VỤ THIẾT KẾ ,Công ty trách nhiệm hữu hạn một thành viên,"93 Đường 10, Phường Phước Bình, Quận 9, Thành phố Hồ Chí Minh, Việt Nam",Quận 9,"1812: Dịch vụ liên quan đến in-;8230: Tổ chức giới thiệu và xúc tiến thương mại-Chi tiết: Tổ chức hội chợ, hội nghị, hội thảo, sự kiện (không thực hiện các hiệu ứng cháy, nổ; không sử dụng chất nổ, ch",internet
315407920,CÔNG TY TNHH SX - TM - DV ONEONE,CÔNG TY TNHH SX  TM  DV ONEONE,Công ty trách nhiệm hữu hạn một thành viên,"Nhà số 11, đường 32, Khu Phố 6, Phường Phước Long B, Quận 9, Thành phố Hồ Chí Minh, Việt Nam",Quận 9,"4799: Bán lẻ hình thức khác chưa được phân vào đâu-(trừ bán lẻ bình gas, súng, đạn loại dùng đi săn hoặc thể thao và tiền kim khí; Thực hiện theo Quyết định 64/2009/QĐ-UBND ngày 31/7/2009 của Ủy ban n",internet
315429113,CÔNG TY TNHH GIẢI PHÁP CÔNG NGHỆ GREEN,CÔNG TY TNHH GIẢI PHÁP CÔNG NG,Công ty trách nhiệm hữu hạn một thành viên,"9 Đường 5, Khu phố 1, Phường Phước Bình, Quận 9, Thành phố Hồ Chí Minh, Việt Nam",Quận 9,"4659: Bán buôn máy móc, thiết bị và phụ tùng máy khác-Chi tiết: Bán buôn máy móc thiết bị tin học; Bán buôn máy móc, thiết bị điện tử, công nghệ thông tin; Bán buôn máy móc, thiết bị điện, vật liệu đi",internet
315360052,CÔNG TY TNHH JAPET,CÔNG TY TNHH JAPET,Công ty trách nhiệm hữu hạn một thành viên,"45/6 khu phố 1, đường Đỗ Xuân Hợp, Phường Phước Long B, Quận 9, Thành phố Hồ Chí Minh, Việt Nam",Quận 9,"4719: Bán lẻ  khác trong các cửa hàng kinh doanh tổng hợp-(trừ bán lẻ bình gas, khí dầu mỏ hóa lỏng LPG, dầu nhớt cặn, vàng miếng, súng, đạn loại dùng đi săn hoặc thể thao và tiền kim khí; trừ bán lẻ ",internet
315393107,CÔNG TY CỔ PHẦN NGUYEN GROUP,CÔNG TY CỔ PHẦN NGUYEN GROUP,Công ty cổ phần,"Số 8, Đường 672, Phường Phước Long B, Quận 9, Thành phố Hồ Chí Minh, Việt Nam",Quận 9,6312: Cổng thông tin-;5820: Xuất bản phần mềm-Chi tiết: Sản xuất phần mềm;6201: Lập trình máy vi tính-;6202: Tư vấn máy vi tính và quản trị hệ thống máy vi tính-;6209: Hoạt động dịch vụ công nghệ thôn,internet
314917654,CÔNG TY TNHH THƯƠNG MẠI DỊCH VỤ VÀ ĐẦU TƯ TRƯƠNG THỊNH THÀNH,CÔNG TY TNHH THƯƠNG MẠI DỊCH V,Công ty trách nhiệm hữu hạn hai thành viên trở lên,"70/1F Đường 109, Phường Phước Long B, Quận 9, Thành phố Hồ Chí Minh, Việt Nam",Quận 9,"8129: Vệ sinh nhà cửa và các công trình khác-(trừ dịch vụ xông hơi, khử trùng);9700: Hoạt động làm thuê công việc gia đình trong các hộ gia đình-;6820: Tư vấn, môi giới, đấu giá bất động sản, đấu giá ",internet
314925165,CÔNG TY TNHH ĐẦU TƯ THƯƠNG MẠI XUẤT NHẬP KHẨU MINH NHÂN,CÔNG TY TNHH ĐẦU TƯ THƯƠNG MẠI,Công ty trách nhiệm hữu hạn một thành viên,"Số 5 Đường 18B, Khu phố 3, Phường Phước Bình, Quận 9, Thành phố Hồ Chí Minh, Việt Nam",Quận 9,"2599: Sản xuất sản phẩm khác bằng kim loại chưa được phân vào đâu-Chi tiết: Sản xuất đồ dùng bằng kim loại cho nhà bếp (không hoạt động tại trụ sở). Lắp ráp bếp gas (không gia công cơ khí, tái chế phế",internet
314970714,CÔNG TY TNHH SẢN XUẤT THƯƠNG MẠI DỊCH VỤ VẬN TẢI ĐẠI TÍN ĐẠT,CÔNG TY TNHH SẢN XUẤT THƯƠNG M,Công ty trách nhiệm hữu hạn hai thành viên trở lên,"Số 91 Đỗ Xuân Hợp, Tổ 2, Khu phố 2, Phường Phước Long B, Quận 9, Thành phố Hồ Chí Minh, Việt Nam",Quận 9,"4663: Bán buôn vật liệu, thiết bị lắp đặt khác trong xây dựng-Chi tiết: Bán buôn vật liệu, thiết bị lắp đặt trong xây dựng;4752: Bán lẻ đồ ngũ kim, sơn, kính và thiết bị lắp đặt khác trong xây dựng tr",internet
314972052,CÔNG TY TNHH BEUHOMES,CÔNG TY TNHH BEUHOMES,Công ty trách nhiệm hữu hạn một thành viên,"96 Nam Hòa, Phường Phước Long A, Quận 9, Thành phố Hồ Chí Minh, Việt Nam",Quận 9,"4791: Bán lẻ theo yêu cầu đặt hàng qua bưu điện hoặc internet-(trừ bán lẻ bình gas, khí dầu mỏ hóa lỏng LPG, dầu nhớt cặn, vàng miếng, súng, đạn loại dùng đi săn hoặc thể thao và tiền kim khí và thực ",internet
315108864,CÔNG TY CỔ PHẦN CEO17D,CÔNG TY CỔ PHẦN CEO17D,Công ty cổ phần,"12 Trần Thị Điệu, Phường Phước Long B, Quận 9, Thành phố Hồ Chí Minh, Việt Nam",Quận 9,"7830: Cung ứng và quản lý nguồn lao động-Chi tiết: Cung ứng lao động trong nước (trừ cho thuê lại lao động).;8230: Tổ chức giới thiệu và xúc tiến thương mại-Chi tiết: Tổ chức hội nghị, hội thảo (không",internet
315448109,CÔNG TY CỔ PHẦN  THỜI TRANG DACASA VIỆT NAM,CÔNG TY CỔ PHẦN  THỜI TRANG DA,Công ty cổ phần,"1193B Nguyễn Duy Trinh, Phường Long Trường, Quận 9, Thành phố Hồ Chí Minh, Việt Nam",Quận 9,5229: Hoạt động dịch vụ hỗ trợ khác liên quan đến vận tải-Chi tiết: Giao nhận hàng hóa; Dịch vụ đại lý tàu biển; Dịch vụ đại lý vận tải đường biển; Hoạt động của các đại lý bán vé máy bay; Hoạt động c,internet
315453807,CÔNG TY TNHH THƯƠNG MẠI DỊCH VỤ MAI THIÊN NHIÊN,CÔNG TY TNHH THƯƠNG MẠI DỊCH V,Công ty trách nhiệm hữu hạn hai thành viên trở lên,"50 Đường 123, Khu Dân Cư Bắc Rạch Chiếc, Phường Phước Long A, Quận 9, Thành phố Hồ Chí Minh, Việt Nam",Quận 9,"4649: Bán buôn đồ dùng khác cho gia đình-(trừ kinh doanh dược phẩm).;4651: Bán buôn máy vi tính, thiết bị ngoại vi và phần mềm-chi tiết: Bán buôn  phần cứng, phần mềm máy tính.;4652: Bán buôn thiết bị",internet
315268970,CÔNG TY TNHH THƯƠNG MẠI DỊCH VỤ PHÚ ANH GIA,CÔNG TY TNHH THƯƠNG MẠI DỊCH V,Công ty trách nhiệm hữu hạn hai thành viên trở lên,"Số 47/68/40/80 Trường Lưu, Phường Long Trường, Quận 9, Thành phố Hồ Chí Minh, Việt Nam",Quận 9,"5225: Hoạt động dịch vụ hỗ trợ trực tiếp cho vận tải đường bộ-(trừ kinh doanh bến ô tô, kinh doanh kết cấu hạ tầng đường sắt, hóa lỏng khí để vận chuyển).;5222: Hoạt động dịch vụ hỗ trợ trực tiếp cho ",internet
315481152,CÔNG TY TNHH MỘT THÀNH VIÊN NIKKO SAIGON,CÔNG TY TNHH MỘT THÀNH VIÊN NI,Công ty trách nhiệm hữu hạn một thành viên,"194 Man Thiện, Phường Tăng Nhơn Phú A, Quận 9, Thành phố Hồ Chí Minh, Việt Nam",Quận 9,"7410: Hoạt động thiết kế chuyên dụng-Chi tiết:Thiết kế thời trang liên quan đến dệt, trang phục, giầy, đồ trang sức, đồ đạc và trang trí nội thất khác, hàng hóa thời trang khác cũng như đồ dùng cá nhâ",internet
315482036,CÔNG TY CỔ PHẦN XÂY LẮP ĐIỆN MẶT TRỜI,CÔNG TY CỔ PHẦN XÂY LẮP ĐIỆN M,Công ty cổ phần,"Số 500 Lê Văn Việt, Phường Tăng Nhơn Phú A, Quận 9, Thành phố Hồ Chí Minh, Việt Nam",Quận 9,"4652: Bán buôn thiết bị và linh kiện điện tử, viễn thông-;4791: Bán lẻ theo yêu cầu đặt hàng qua bưu điện hoặc internet-(trừ bán lẻ bình gas, khí dầu mỏ hóa lỏng LPG, dầu nhớt cặn, vàng miếng, súng, đ",internet
315489031,CÔNG TY TNHH CƠ KHÍ NĂM SAO,CÔNG TY TNHH CƠ KHÍ NĂM SAO,Công ty trách nhiệm hữu hạn hai thành viên trở lên,"70/20A1 Đường 339, Tổ 4, Khu phố 5, Phường Phước Long B, Quận 9, Thành phố Hồ Chí Minh, Việt Nam",Quận 9,"2599: Sản xuất sản phẩm khác bằng kim loại chưa được phân vào đâu-(trừ sản xuất vàng miếng);2511: Sản xuất các cấu kiện kim loại-;2512: Sản xuất thùng, bể chứa và dụng cụ chứa đựng bằng kim loại-;2591",internet
315505847,CÔNG TY TNHH RENEWABLE ENERGY CONSTRUCTION,CÔNG TY TNHH RENEWABLE ENERGY ,Công ty trách nhiệm hữu hạn hai thành viên trở lên,"39/5 Đường 385, Khu phố 6, Phường Tăng Nhơn Phú A, Quận 9, Thành phố Hồ Chí Minh, Việt Nam",Quận 9,"2511: Sản xuất các cấu kiện kim loại-; 2512: Sản xuất thùng, bể chứa và dụng cụ chứa đựng bằng kim loại-; 2513: Sản xuất nồi hơi (trừ nồi hơi trung tâm)-; 2591: Rèn, dập, ép và cán kim loại; luyện bột",internet
315503864,CÔNG TY CỔ PHẦN THƯƠNG MẠI VÀ DỊCH VỤ KỸ THUẬT DELTA,CÔNG TY CỔ PHẦN THƯƠNG MẠI VÀ ,Công ty cổ phần,"Số 62, Đường số 4, Khu Melosa Khang Điền, Phường Phú Hữu, Quận 9, Thành phố Hồ Chí Minh, Việt Nam",Quận 9,"7110: Hoạt động kiến trúc và tư vấn kỹ thuật có liên quan-Chi tiết: Thiết kế, tư vấn thiết kế xây dựng hệ thống PCCC công trình dân dụng và công nghiệp.Thiết kế, tư vấn thiết kế hệ thống phòng cháy ch",internet
315528499,CÔNG TY TNHH TƯ VẤN THIẾT KẾ VÀ QUẢN LÝ DỰ ÁN THUẬN PHÁT,CÔNG TY TNHH TƯ VẤN THIẾT KẾ V,Công ty trách nhiệm hữu hạn một thành viên,"43/1 Đường số 5, Khu phố 2, Phường Tăng Nhơn Phú B, Quận 9, Thành phố Hồ Chí Minh, Việt Nam",Quận 9,"4321: Lắp đặt hệ thống điện-(trừ gia công cơ khí, tái chế phế thải, xi mạ điện tại trụ sở).;2732: Sản xuất dây, cáp điện và điện tử khác-;2733: Sản xuất thiết bị dây dẫn điện các loại-;2710: Sản xuất ",internet
315525184,CÔNG TY TNHH TITSMART,CÔNG TY TNHH TITSMART,Công ty trách nhiệm hữu hạn một thành viên,"175/87/23 Đường số 2, Tổ 9, Kp1, Phường Tăng Nhơn Phú B, Quận 9, Thành phố Hồ Chí Minh, Việt Nam",Quận 9,"2790: Sản xuất thiết bị điện khác-Chi tiết: SẢn xuất các thiết bị năng lượng tái tạo, các thiết bị năng lượng mặt trời.; 3320: Lắp đặt máy móc và thiết bị công nghiệp-; 3511: Sản xuất điện-Chi tiết: S",internet
315529005,CÔNG TY TNHH JK E&C,CÔNG TY TNHH JK EC,Công ty trách nhiệm hữu hạn hai thành viên trở lên,"Số 03, đường N4, Khu Mega Residence Khang Điền, Phường Phú Hữu, Quận 9, Thành phố Hồ Chí Minh, Việt Nam",Quận 9,"4610: Đại lý, môi giới, đấu giá hàng hóa-Chi tiết: Dịch vụ đại lý hoa hồng (CPC 621); 4620: Bán buôn nông, lâm sản nguyên liệu (trừ gỗ, tre, nứa) và động vật sống-(không hoạt động tại trụ sở) (CPC 622",internet
315541644,CÔNG TY TNHH THƯƠNG MẠI VÀ DỊCH VỤ ỨNG DỤNG CÔNG NGHỆ NANO COMETECH VINA,CÔNG TY TNHH THƯƠNG MẠI VÀ DỊC,Công ty trách nhiệm hữu hạn một thành viên,"29 Đường 176, Khu phố 6, Phường Phước Long A, Quận 9, Thành phố Hồ Chí Minh, Việt Nam",Quận 9,"7212: Nghiên cứu khoa học và phát triển công nghệ trong lĩnh vực khoa học kỹ thuật và công nghệ-;7213: Nghiên cứu khoa học và phát triển công nghệ trong lĩnh vực khoa học y, dược-;7214: Nghiên cứu kho",internet
315533523,CÔNG TY TNHH TƯ VẤN XÂY DỰNG THƯƠNG MẠI DỊCH VỤ AN TIẾN PHÁT,CÔNG TY TNHH TƯ VẤN XÂY DỰNG T,Công ty trách nhiệm hữu hạn một thành viên,"7/19 Đường 182 Lã Xuân Oai, Phường Tăng Nhơn Phú A, Quận 9, Thành phố Hồ Chí Minh, Việt Nam",Quận 9,"2592: Gia công cơ khí; xử lý và tráng phủ kim loại-;3290: Sản xuất khác chưa được phân vào đâu-Chi tiết: Sản xuất lắp ráp tủ điện hạ thế. Sản xuất ống thông gió, thông hơi. Sửa chữa giá đỡ cơ khí;3312",internet
315546868,CÔNG TY TNHH HOUSE DECOR,CÔNG TY TNHH HOUSE DECOR,Công ty trách nhiệm hữu hạn hai thành viên trở lên,"61/2C Đường 185, Phường Phước Long B, Quận 9, Thành phố Hồ Chí Minh, Việt Nam",Quận 9,"6820: Tư vấn, môi giới, đấu giá bất động sản, đấu giá quyền sử dụng đất-chi tiết: Tư vấn, môi giới bất động sản (trừ tư vấn mang tính pháp lý);7410: Hoạt động thiết kế chuyên dụng-chi tiết",internet
315561256,CÔNG TY TNHH AYRA E&C,CÔNG TY TNHH AYRA EC,Công ty trách nhiệm hữu hạn hai thành viên trở lên,"Số 03, Đường N4, Khu Mega Residence Khang Điền, Phường Phú Hữu, Quận 9, Thành phố Hồ Chí Minh, Việt Nam",Quận 9,"4610: Đại lý, môi giới, đấu giá hàng hóa-Chi tiết: Dịch vụ đại lý hoa hồng (CPC 621); 4620: Bán buôn nông, lâm sản nguyên liệu (trừ gỗ, tre, nứa) và động vật sống-(không hoạt động tại trụ sở). (CPC 62",internet
315564602,CÔNG TY TNHH BẢO KHANG POOL & SPA,CÔNG TY TNHH BẢO KHANG POOL  S,Công ty trách nhiệm hữu hạn một thành viên,"340/46/39 Long Phước, Khu Phố Long Thuận, Phường Long Phước, Quận 9, Thành phố Hồ Chí Minh, Việt Nam",Quận 9,"4390: Hoạt động xây dựng chuyên dụng khác-Chi tiết: Xây dựng, cải tạo, bảo trì bể bơi ngoài trời;4610: Đại lý, môi giới, đấu giá hàng hóa-Chi tiết: Đại lý ký gửi hàng hoá;4641: Bán buôn vải, hàng may ",internet
315565980,CÔNG TY TNHH DHA BOOK & MEDIA,CÔNG TY TNHH DHA BOOK  MEDIA,Công ty trách nhiệm hữu hạn hai thành viên trở lên,"7 Khổng Tử, Khu Phố 1, Phường Hiệp Phú, Quận 9, Thành phố Hồ Chí Minh, Việt Nam",Quận 9,8559: Giáo dục khác chưa được phân vào đâu-chi tiết: Rèn chữ; Đào tạo kỹ năng sống;  Các dịch vụ dạy kèm (gia sư) ; Dạy ngoại ngữ và dạy kỹ năng đàm thoại ; Dạy đọc nhanh; Đào tạo kỹ năng nói trước cô,internet
315589565,CÔNG TY CỔ PHẦN TM DV KỸ THUẬT CÔNG NGHỆ T.S.D,CÔNG TY CỔ PHẦN TM DV KỸ THUẬT,Công ty cổ phần,"Số 36 Đường 30, Khu phố 6, Phường Phước Long B, Quận 9, Thành phố Hồ Chí Minh, Việt Nam",Quận 9,"4663: Bán buôn vật liệu, thiết bị lắp đặt khác trong xây dựng-;4659: Bán buôn máy móc, thiết bị và phụ tùng máy khác-Chi tiết: Bán buôn máy móc, thiết bị và phụ tùng máy dùng trong khai thác than đá, ",internet
315615550,CÔNG TY TNHH SẢN XUẤT & ĐẦU TƯ PHÁT TRIỂN MXARA,CÔNG TY TNHH SẢN XUẤT  ĐẦU TƯ ,Công ty trách nhiệm hữu hạn một thành viên,"136 Đường số 6, khu phố 2, Phường Phú Hữu, Quận 9, Thành phố Hồ Chí Minh, Việt Nam",Quận 9,"2220: Sản xuất sản phẩm từ plastic-(không hoạt động tại trụ sở) (trừ Sản Xuất xốp cách nhiệt sử dụng ga R141b, sử dụng polyol trộn sẵn HCFC-141b);4669: Bán buôn chuyên doanh khác chưa được phân vào đâ",internet
315615737,CÔNG TY TNHH ĐẦU TƯ XÂY DỰNG VÀ THƯƠNG MẠI AN THỊNH VIỆT NAM,CÔNG TY TNHH ĐẦU TƯ XÂY DỰNG V,Công ty trách nhiệm hữu hạn hai thành viên trở lên,"Số 10 Đường 102, Phường Tăng Nhơn Phú A, Quận 9, Thành phố Hồ Chí Minh, Việt Nam",Quận 9,4101: Xây dựng nhà để ở-;4102: Xây dựng nhà không để ở-;4211: Xây dựng công trình đường sắt-;4212: Xây dựng công trình đường bộ-;4299: Xây dựng công trình kỹ thuật dân dụng khác-;4311: Phá dỡ-;4312: C,internet
315629585,CÔNG TY TNHH THƯƠNG MẠI DỊCH VỤ THIẾT BỊ VIỄN THÔNG NTN,CÔNG TY TNHH THƯƠNG MẠI DỊCH V,Công ty trách nhiệm hữu hạn một thành viên,"230 Đình Phong Phú , Phường Tăng Nhơn Phú B, Quận 9, Thành phố Hồ Chí Minh, Việt Nam",Quận 9,"4652: Bán buôn thiết bị và linh kiện điện tử, viễn thông-Chi tiết: Bán buôn sim card sim điện thoại, thẻ internet, thẻ sim; Bán buôn thiết bị điện thoại và truyền thông. bán buôn linh kiện điện tử; Bá",internet
315622759,CÔNG TY TNHH TRANG TRÍ NỘI THẤT ĐẠT VINH,CÔNG TY TNHH TRANG TRÍ NỘI THẤ,Công ty trách nhiệm hữu hạn hai thành viên trở lên,"1009 Đường Nguyễn Duy Trinh, Phường Phú Hữu, Quận 9, Thành phố Hồ Chí Minh, Việt Nam",Quận 9,"4292: Xây dựng công trình khai khoáng-;4293: Xây dựng công trình chế biến, chế tạo-;4299: Xây dựng công trình kỹ thuật dân dụng khác-;4311: Phá dỡ-;4312: Chuẩn bị mặt bằng-;4321: Lắp đặt hệ thống điện",internet
315642025,CÔNG TY TNHH XUẤT NHẬP KHẨU ĐẦU TƯ THƯƠNG MẠI CƠ KHÍ XÂY DỰNG HẢI KIM PHÚ,CÔNG TY TNHH XUẤT NHẬP KHẨU ĐẦ,Công ty trách nhiệm hữu hạn một thành viên,"995 Nguyễn Duy Trinh, Phường Phú Hữu, Quận 9, Thành phố Hồ Chí Minh, Việt Nam",Quận 9,"4329: Lắp đặt hệ thống xây dựng khác-Chi tiết: Lắp đặt hệ thống internet. Lắp đặt hệ thống camera quan sát, báo trộm, báo cháy, phòng cháy chữa cháy (không gia công cơ khí , tái chế phế thải, ",internet
315645435,CÔNG TY TNHH THƯƠNG MẠI DỊCH VỤ VÀ SẢN XUẤT PHẦN MỀM HDC,CÔNG TY TNHH THƯƠNG MẠI DỊCH V,Công ty trách nhiệm hữu hạn một thành viên,"3/6B, Ích Thạnh, Phường Trường Thạnh, Quận 9, Thành phố Hồ Chí Minh, Việt Nam",Quận 9,1820: Sao chép bản ghi các loại-;5820: Xuất bản phần mềm-Chi tiết: sản xuất phần mềm;6201: Lập trình máy vi tính-;6202: Tư vấn máy vi tính và quản trị hệ thống máy vi tính-(trừ dịch vụ truy cập intern,internet
315618456,CÔNG TY TNHH DỊCH VỤ CÔNG NGHỆ E-DATA,CÔNG TY TNHH DỊCH VỤ CÔNG NGHỆ,Công ty trách nhiệm hữu hạn hai thành viên trở lên,"8/11 Đường 2, Khu phố 4, Phường Tăng Nhơn Phú B, Quận 9, Thành phố Hồ Chí Minh, Việt Nam",Quận 9,"4652: Bán buôn thiết bị và linh kiện điện tử, viễn thông-;4741: Bán lẻ máy vi tính, thiết bị ngoại vi, phần mềm và thiết bị viễn thông trong các cửa hàng chuyên doanh-;6110: Hoạt động viễn thông có dâ",internet
315686505,CÔNG TY TNHH VIỆN ĐÀO TẠO ZAM,CÔNG TY TNHH VIỆN ĐÀO TẠO ZAM,Công ty trách nhiệm hữu hạn một thành viên,"135 Làng Tăng Phú, Phường Tăng Nhơn Phú A, Quận 9, Thành phố Hồ Chí Minh, Việt Nam",Quận 9,"8211: Dịch vụ hành chính văn phòng tổng hợp-;8219: Photo, chuẩn bị tài liệu và các hoạt động hỗ trợ văn phòng đặc biệt khác-;8220: Hoạt động dịch vụ liên quan đến các cuộc gọi-;9000: Hoạt động sáng tá",internet
315673471,DOANH NGHIỆP TƯ NHÂN SẢN PHẨM CAO NGUYÊN VIỆT NAM,DOANH NGHIỆP TƯ NHÂN SẢN PHẨM ,Doanh nghiệp tư nhân,"Số 24 Đường 21, Phường Phước Long A, Quận 9, Thành phố Hồ Chí Minh, Việt Nam",Quận 9,"4741: Bán lẻ máy vi tính, thiết bị ngoại vi, phần mềm và thiết bị viễn thông trong các cửa hàng chuyên doanh-;4742: Bán lẻ thiết bị nghe nhìn trong các cửa hàng chuyên doanh-;4759: Bán lẻ đồ điện gia ",internet
315710003,CÔNG TY TNHH GAME KIM HOÀNG PHÁT,CÔNG TY TNHH GAME KIM HOÀNG PH,Công ty trách nhiệm hữu hạn một thành viên,"317 Đường Liên Phường, Khu phố 6, Phường Phước Long B, Quận 9, Thành phố Hồ Chí Minh, Việt Nam",Quận 9,6190: Hoạt động viễn thông khác-Chi tiết: Hoạt động của các điểm truy cập internet;9329: Hoạt động vui chơi giải trí khác chưa được phân vào đâu-Chi tiết: Kinh doanh trò chơi điện tử (trừ kinh doanh t,internet
315689672,CÔNG TY TNHH SMART TECHIES LNP,CÔNG TY TNHH SMART TECHIES LNP,Công ty trách nhiệm hữu hạn một thành viên,"95 Đường số 1, Melosa Khang Điền, Phường Phú Hữu, Quận 9, Thành phố Hồ Chí Minh, Việt Nam",Quận 9,"2710: Sản xuất mô tơ, máy phát, biến thế điện, thiết bị phân phối và điều khiển điện-;3290: Sản xuất khác chưa được phân vào đâu-(trừ Sản Xuất xốp cách nhiệt sử dụng ga R141b, sử dụng polyol trộn sẵn ",internet
315727536,CÔNG TY TNHH THƯƠNG MẠI DỊCH VỤ SHARK TANK,CÔNG TY TNHH THƯƠNG MẠI DỊCH V,Công ty trách nhiệm hữu hạn một thành viên,"269 Đường Lã Xuân Oai, Phường Tăng Nhơn Phú A, Quận 9, Thành phố Hồ Chí Minh, Việt Nam",Quận 9,"4649: Bán buôn đồ dùng khác cho gia đình-chi tiết: bán buôn các sản phẩm đồ chơi điện tử (trừ đồ chơi có hại cho giáo dục nhân cách, sức khỏe của trẻ em hoặc ảnh hưởng đến an ninh trật tự, an toàn xã ",internet
315741234,CÔNG TY TNHH THƯƠNG MẠI DỊCH VỤ MIDAS VN,CÔNG TY TNHH THƯƠNG MẠI DỊCH V,Công ty trách nhiệm hữu hạn một thành viên,"66 Đỗ Xuân Hợp, Phường Phước Long A, Quận 9, Thành phố Hồ Chí Minh, Việt Nam",Quận 9,9329: Hoạt động vui chơi giải trí khác chưa được phân vào đâu-chi tiết: kinh doanh trò chơi điện tử (trừ kinh doanh trò chơi điện tử có thưởng dành cho người nước ngoài và kinh doanh trò chơi điện tử ,internet
315766895,CÔNG TY TNHH SONG TÂM COSMETIC,CÔNG TY TNHH SONG TÂM COSMETIC,Công ty trách nhiệm hữu hạn một thành viên,"5/3 Đường số 99, Khu phố 2, Phường Phước Long A, Quận 9, Thành phố Hồ Chí Minh, Việt Nam",Quận 9,"4789: Bán  lẻ hàng hóa khác lưu động hoặc tại chợ-Chi tiết:
Bán lẻ mỹ phẩm và vật phẩm vệ sinh lưu động hoặc tại chợ (trừ bán lẻ bình gas, khí dầu mỏ hóa lỏng LPG, dầu nhớt cặn , vàng miếng, súng, đạn",internet
315740294,CÔNG TY TNHH MỘT THÀNH VIÊN CÔNG NGHỆ ORION,CÔNG TY TNHH MỘT THÀNH VIÊN CÔ,Công ty trách nhiệm hữu hạn một thành viên,"141/2/5 Đường Số 1 , Phường Long Trường, Quận 9, Thành phố Hồ Chí Minh, Việt Nam",Quận 9,5820: Xuất bản phần mềm-Chi tiết: Sản xuất phần mềm;6201: Lập trình máy vi tính-;6202: Tư vấn máy vi tính và quản trị hệ thống máy vi tính-;6209: Hoạt động dịch vụ công nghệ thông tin và dịch vụ khác ,internet
315744820,CÔNG TY CỔ PHẦN TRUYỀN THÔNG VÀ PHÁT TRIỂN THƯƠNG HIỆU NEW STAR,CÔNG TY CỔ PHẦN TRUYỀN THÔNG V,Công ty cổ phần,"G29 Man Thiện, Tổ 1, Khu phố 1, Phường Tăng Nhơn Phú A, Quận 9, Thành phố Hồ Chí Minh, Việt Nam",Quận 9,"6820: Tư vấn, môi giới, đấu giá bất động sản, đấu giá quyền sử dụng đất-Chi tiết: Tư vấn, quản lý, môi giới bất động sản;7310: Quảng cáo-;7320: Nghiên cứu thị trường và thăm dò dư luận-(không thực hiệ",internet
315783280,CÔNG TY CỔ PHẦN HEALTHY AND BEAUTY ASIA,CÔNG TY CỔ PHẦN HEALTHY AND BE,Công ty cổ phần,"74/35 Đường số 8, Khu phố Ích Thạnh, Phường Trường Thạnh, Quận 9, Thành phố Hồ Chí Minh, Việt Nam",Quận 9,"1079: Sản xuất thực phẩm khác chưa được phân vào đâu-(Không hoạt động tại trụ sở);2023: Sản xuất mỹ phẩm, xà phòng, chất tẩy rửa, làm bóng và chế phẩm vệ sinh-(Doanh nghiệp cam kết không tồn trữ hóa c",internet
315745567,CÔNG TY CỔ PHẦN ĐẦU TƯ ĐỊA ỐC QUANG TIẾN LAND,CÔNG TY CỔ PHẦN ĐẦU TƯ ĐỊA ỐC ,Công ty cổ phần,"16/22A Đường Số 6, Khu Phố Ích Thạnh, Phường Trường Thạnh, Quận 9, Thành phố Hồ Chí Minh, Việt Nam",Quận 9,"6810: Kinh doanh bất động sản, quyền sử dụng đất thuộc chủ sở hữu, chủ sử dụng hoặc đi thuê-chi tiết: Kinh doanh bất động sản;4101: Xây dựng nhà để ở-;4102: Xây dựng nhà không để ở-;4212: Xây dựng côn",internet
315761304,CÔNG TY TNHH THƯƠNG MẠI VÀ DỊCH VỤ SMARTVINA,CÔNG TY TNHH THƯƠNG MẠI VÀ DỊC,Công ty trách nhiệm hữu hạn một thành viên,"920/6 Quốc lộ 52, Tổ 9, Khu phố 6, Phường Hiệp Phú, Quận 9, Thành phố Hồ Chí Minh, Việt Nam",Quận 9,"3320: Lắp đặt máy móc và thiết bị công nghiệp-Chi tiết: Lắp đặt máy móc, thiết bị giáo dục, thiết bị y tế (trừ gia công cơ khí, tái chế phế thải, xi mạ điện tại trụ sở); Lắp đặt máy móc, thiết bị xây ",internet
315767747,CÔNG TY TNHH XÂY LẮP ĐIỆN TÂN SƠN QUỲNH LƯU NGHỆ AN,CÔNG TY TNHH XÂY LẮP ĐIỆN TÂN ,Công ty trách nhiệm hữu hạn một thành viên,"87/36/19 đường 8, Khu phố Ích Thạnh, Phường Trường Thạnh, Quận 9, Thành phố Hồ Chí Minh, Việt Nam",Quận 9,4311: Phá dỡ-;4312: Chuẩn bị mặt bằng-;4101: Xây dựng nhà để ở-;4102: Xây dựng nhà không để ở-;4212: Xây dựng công trình đường bộ-;4299: Xây dựng công trình kỹ thuật dân dụng khác-;4321: Lắp đặt hệ th,internet
315771905,CÔNG TY TNHH AN SINH NHÂN NGHĨA,CÔNG TY TNHH AN SINH NHÂN NGHĨ,Công ty trách nhiệm hữu hạn một thành viên,"174 Dương Đình Hội, Phường Phước Long B, Quận 9, Thành phố Hồ Chí Minh, Việt Nam",Quận 9,"0117: Trồng cây có hạt chứa dầu-;0118: Trồng rau, đậu các loại và trồng hoa-;0119: Trồng cây hàng năm khác-;0121: Trồng cây ăn quả-;0128: Trồng cây gia vị, cây dược liệu, cây hương liệu lâu năm-Chi ti",internet
315780628,CÔNG TY TNHH SMART LEAN VIỆT NAM,CÔNG TY TNHH SMART LEAN VIỆT N,Công ty trách nhiệm hữu hạn một thành viên,"65/4 đường 339, tổ 5, khu phố 4, Phường Phước Long B, Quận 9, Thành phố Hồ Chí Minh, Việt Nam",Quận 9,"7020: Hoạt động tư vấn quản lý-(trừ tư vấn tài chính, kế toán, pháp luật);6201: Lập trình máy vi tính-;6202: Tư vấn máy vi tính và quản trị hệ thống máy vi tính-;6209: Hoạt động dịch vụ công nghệ thôn",internet
315796307,CÔNG TY CỔ PHẦN THƯƠNG MẠI DỊCH VỤ THỰC PHẨM SUTAAN VINA,CÔNG TY CỔ PHẦN THƯƠNG MẠI DỊC,Công ty cổ phần,"286A/22 Đỗ Xuân Hợp, Phường Phước Long A, Quận 9, Thành phố Hồ Chí Minh, Việt Nam",Quận 9,"4620: Bán buôn nông, lâm sản nguyên liệu (trừ gỗ, tre, nứa) và động vật sống-(không hoạt động tại trụ sở);4632: Bán buôn thực phẩm-(không hoạt động tại trụ sở).;4633: Bán buôn đồ uống-;4721: Bán lẻ lư",internet
315759584,CÔNG TY CỔ PHẦN TRUYỀN THÔNG TPT MEDIA,CÔNG TY CỔ PHẦN TRUYỀN THÔNG T,Công ty cổ phần,"Số 581, Đường Nguyễn Xiển, Phường Long Thạnh Mỹ, Quận 9, Thành phố Hồ Chí Minh, Việt Nam",Quận 9,"8230: Tổ chức giới thiệu và xúc tiến thương mại-Chi tiết: Tổ chức sự kiện (không thực hiện các hiệu ứng cháy nổ và cam kết không sử dụng chất nổ, chất cháy, hóa chất làm đạo cụ, dụng cụ thực hiện các ",internet
315819272,CÔNG TY TNHH MAY MẶC ĐẠI DƯƠNG XANH,CÔNG TY TNHH MAY MẶC ĐẠI DƯƠNG,Công ty trách nhiệm hữu hạn một thành viên,"3/1 Đường 297, khu phố 4, Phường Phước Long B, Quận 9, Thành phố Hồ Chí Minh, Việt Nam",Quận 9,1311: Sản xuất sợi-(không hoạt động tại trụ sở);1312: Sản xuất vải dệt thoi-(không hoạt động tại trụ sở);1313: Hoàn thiện sản phẩm dệt-(không hoạt động tại trụ sở);1392: Sản xuất hàng dệt sẵn (trừ tra,internet
315805784,CÔNG TY TNHH SẢN XUẤT THƯƠNG MẠI DỊCH VỤ CCM,CÔNG TY TNHH SẢN XUẤT THƯƠNG M,Công ty trách nhiệm hữu hạn hai thành viên trở lên,"Số 09 Đường 18, Khu phố Gò Công, Phường Long Thạnh Mỹ, Quận 9, Thành phố Hồ Chí Minh, Việt Nam",Quận 9,4632: Bán buôn thực phẩm-(Không hoạt động tại trụ sở);5224: Bốc xếp hàng hóa-(trừ bốc xếp hàng hóa cảng hàng không).;6492: Hoạt động cấp tín dụng khác-Chi tiết: Dịch vụ cầm đồ;5229: Hoạt động dịch vụ ,internet
315809806,CÔNG TY TNHH THƯƠNG MẠI VQM,CÔNG TY TNHH THƯƠNG MẠI VQM,Công ty trách nhiệm hữu hạn một thành viên,"43/19 Đường 120, Khu phố 2, Phường Tân Phú, Quận 9, Thành phố Hồ Chí Minh, Việt Nam",Quận 9,"4791: Bán lẻ theo yêu cầu đặt hàng qua bưu điện hoặc internet-(trừ bán lẻ hóa chất, khí dầu mỏ hóa lỏng LPG, dầu nhớt cặn, vàng miếng, súng, đạn loại dùng đi săn hoặc thể thao và tiền kim khí; Thực hi",internet
315802166,CÔNG TY TNHH PHÚ HOÀI ĐỨC,CÔNG TY TNHH PHÚ HOÀI ĐỨC,Công ty trách nhiệm hữu hạn một thành viên,"100/1 Đường 79, Phường Phước Long B, Quận 9, Thành phố Hồ Chí Minh, Việt Nam",Quận 9,"4649: Bán buôn đồ dùng khác cho gia đình-Chi tiết: Bán buôn nhạc cụ, sản phẩm đồ chơi, sản phẩm trò chơi. Bán buôn đồ điện gia dụng, đèn và bộ đèn điện. Bán buôn vali, cặp, túi, ví, hàng da và giả da ",internet
315815415,CÔNG TY TNHH THƯƠNG MẠI QUỲNH LÂM,CÔNG TY TNHH THƯƠNG MẠI QUỲNH ,Công ty trách nhiệm hữu hạn hai thành viên trở lên,"1019/8A Nguyễn Duy Trinh, Phường Phú Hữu, Quận 9, Thành phố Hồ Chí Minh, Việt Nam",Quận 9,"9512: Sửa chữa thiết bị liên lạc-(không gia công cơ khí, tái chế phế thải, xi mạ điện tại trụ sở);9522: Sửa chữa thiết bị, đồ dùng gia đình-(không gia công cơ khí, tái chế phế thải, xi mạ điện tại trụ",internet
315825780,CÔNG TY CỔ PHẦN SACOM GROUP,CÔNG TY CỔ PHẦN SACOM GROUP,Công ty cổ phần,"Số 85 đường Dương Đình Hội, Phường Phước Long B, Quận 9, Thành phố Hồ Chí Minh, Việt Nam",Quận 9,"2392: Sản xuất vật liệu xây dựng từ đất sét-(không hoạt động tại trụ sở);2393: Sản xuất sản phẩm gốm sứ khác-;2394: Sản xuất xi măng, vôi và thạch cao-(không hoạt động tại trụ sở);2395: Sản xuất bê tô",internet
315831833,CÔNG TY TNHH TRUYỀN THÔNG GIẢI TRÍ TRUNG VIỆT,CÔNG TY TNHH TRUYỀN THÔNG GIẢI,Công ty trách nhiệm hữu hạn một thành viên,"42 Đường 9A, KTĐC Long Bửu, Phường Long Bình, Quận 9, Thành phố Hồ Chí Minh, Việt Nam",Quận 9,4722: Bán lẻ thực phẩm trong các cửa hàng chuyên doanh-Chi tiết: Bán lẻ thực phẩm chức năng (thực hiện theo quyết định 64/2009/QĐ-UBND ngày 31/07/2009 và quyết định  số 79/2009/QĐ-UBND ngày 17/10/2009,internet
315881295,CÔNG TY TNHH GIA CẦM THỦY SẢN PHƯỚC LONG,CÔNG TY TNHH GIA CẦM THỦY SẢN ,Công ty trách nhiệm hữu hạn một thành viên,"Số 8, Đường B9, Khu đô thị mới Đông Tăng Long, Phường Trường Thạnh, Quận 9, Thành phố Hồ Chí Minh, Việt Nam",Quận 9,"4620: Bán buôn nông, lâm sản nguyên liệu (trừ gỗ, tre, nứa) và động vật sống-(không hoạt động tại trụ sở);4632: Bán buôn thực phẩm-(không hoạt động tại trụ sở);5229: Hoạt động dịch vụ hỗ trợ khác liên",internet
315853604,CÔNG TY TNHH ĐẦU TƯ SẢN XUẤT THƯƠNG MẠI DỊCH VỤ HT,CÔNG TY TNHH ĐẦU TƯ SẢN XUẤT T,Công ty trách nhiệm hữu hạn một thành viên,"71 Cầu Xây , Phường Tân Phú, Quận 9, Thành phố Hồ Chí Minh, Việt Nam",Quận 9,2029: Sản xuất sản phẩm hoá chất khác chưa được phân vào đâu-chi tiết: Sản xuất sản phẩm công đốt cháy các loại;4101: Xây dựng nhà để ở-;4299: Xây dựng công trình kỹ thuật dân dụng khác-;4311: Phá dỡ-,internet
315862302,CÔNG TY TNHH DONA IMEX,CÔNG TY TNHH DONA IMEX,Công ty trách nhiệm hữu hạn một thành viên,"73/38/17 Đình Phong Phú, Phường Tăng Nhơn Phú B, Quận 9, Thành phố Hồ Chí Minh, Việt Nam",Quận 9,"1030: Chế biến và bảo quản rau quả-(không hoạt động tại trụ sở);1812: Dịch vụ liên quan đến in-;4610: Đại lý, môi giới, đấu giá hàng hóa-Chi tiết: Đại lý, môi giới hàng hóa;4620: Bán buôn nông, lâm sả",internet
315857415,CÔNG TY TNHH YẾN SÀO LAMNEST,CÔNG TY TNHH YẾN SÀO LAMNEST,Công ty trách nhiệm hữu hạn một thành viên,"110/18/14 Đường Lò Lu, Phường Trường Thạnh, Quận 9, Thành phố Hồ Chí Minh, Việt Nam",Quận 9,"4632: Bán buôn thực phẩm-Chi tiết: Bán buôn yến sào; Bán buôn thực phẩm chức năng. (Không hoạt động tại trụ sở);4633: Bán buôn đồ uống-Chi tiết: Bán buôn nước yến, súp tổ yến, chè tổ yến, cháo tổ yến,",internet
315894495,CÔNG TY TNHH KINH DOANH DỊCH VỤ GIẢI TRÍ ĐẠI PHÁT,CÔNG TY TNHH KINH DOANH DỊCH V,Công ty trách nhiệm hữu hạn một thành viên,"Số 18 Man Thiện, Khu phố 1, Phường Tăng Nhơn Phú A, Quận 9, Thành phố Hồ Chí Minh, Việt Nam",Quận 9,"7730: Cho thuê máy móc, thiết bị và đồ dùng hữu hình khác không kèm người điều khiển-;4659: Bán buôn máy móc, thiết bị và phụ tùng máy khác-Chi tiết: Bán buôn máy móc, thiết bị, linh kiện máy trò chơi",internet
315899246,CÔNG TY TNHH THƯƠNG MẠI - DỊCH VỤ PHAN VÕ,CÔNG TY TNHH THƯƠNG MẠI  DỊCH ,Công ty trách nhiệm hữu hạn hai thành viên trở lên,"57/3/4 Đường Long Sơn, Phường Long Bình, Quận 9, Thành phố Hồ Chí Minh, Việt Nam",Quận 9,"1010: Chế biến, bảo quản thịt và các sản phẩm từ thịt-(Không hoạt động tại trủ sở);1020: Chế biến, bảo quản thuỷ sản và các sản phẩm từ thuỷ sản-(Không hoạt động tại trụ sở);1030: Chế biến và bảo quản",internet
315920064,CÔNG TY TNHH THƯƠNG MẠI XUẤT NHẬP KHẨU MỘC NHIÊN,CÔNG TY TNHH THƯƠNG MẠI XUẤT N,Công ty trách nhiệm hữu hạn hai thành viên trở lên,"Số 05 đường 149A, Khu nhà ở Điền Phúc Thành , Khu phố Trường Lưu, Phường Long Trường, Quận 9, Thành phố Hồ Chí Minh, Việt Nam",Quận 9,"4649: Bán buôn đồ dùng khác cho gia đình-Chi tiết: Bán buôn văn phòng phẩm, quà tặng, hàng lưu niệm,  thủ công mỹ nghệ, mỹ phẩm, văn hóa phẩm, sách, báo,   (trừ kinh doanh dược phẩm).;4773: Bán lẻ hàn",internet
315921205,CÔNG TY TNHH MỘT THÀNH VIÊN RỒNG NHỎ,CÔNG TY TNHH MỘT THÀNH VIÊN RỒ,Công ty trách nhiệm hữu hạn một thành viên,"Nhà số 6D3, Đường Võ Chí Công, Khu dân cư Mega Ruby, Tổ 9 Khu phố 2, Phường Phú Hữu, Quận 9, Thành phố Hồ Chí Minh, Việt Nam",Quận 9,"0119: Trồng cây hàng năm khác-Chi tiết: Trồng cây dược liệu, hương liệu hàng năm;0128: Trồng cây gia vị, cây dược liệu, cây hương liệu lâu năm-Chi tiết: Trồng cây dược liệu, hương liệu lâu năm;0131: N",internet
315931806,CÔNG TY TNHH THUỐC THÚ Y VÀ THỰC PHẨM GREENLIFE,CÔNG TY TNHH THUỐC THÚ Y VÀ TH,Công ty trách nhiệm hữu hạn một thành viên,"262 Đường 10, Phường Phước Bình, Quận 9, Thành phố Hồ Chí Minh, Việt Nam",Quận 9,"3290: Sản xuất khác chưa được phân vào đâu-Chi tiết: Sản xuất thuốc thú y, thú y thủy sản (không sản xuất hóa chất);7500: Hoạt động thú y-Chi tiết: Kinh doanh thuốc thú y, thú y thủy sản;4933: Vận tải",internet
315944851,CÔNG TY TNHH GLOBAL LMN VIỆT NAM,CÔNG TY TNHH GLOBAL LMN VIỆT N,Công ty trách nhiệm hữu hạn một thành viên,"111/12/12/10 Quang Trung, Phường Tăng Nhơn Phú B, Quận 9, Thành phố Hồ Chí Minh, Việt Nam",Quận 9,"4659: Bán buôn máy móc, thiết bị và phụ tùng máy khác-Chi tiết : Bán buôn máy móc, thiết bị điện, vật liệu điện ( máy phát điện, động cơ điện, dây điện và thiết bị khác dùng trong mạch điện);  thiết b",internet
315949585,CÔNG TY TNHH THƯƠNG MẠI DỊCH VỤ SÀI GÒN - XUÂN OAI,CÔNG TY TNHH THƯƠNG MẠI DỊCH V,Công ty trách nhiệm hữu hạn hai thành viên trở lên,"Lô T3-1.1, Khu Công nghệ cao TP. Hồ Chí Minh, Đường Lã Xuân Oai, Phường Tăng Nhơn Phú A, Quận 9, Thành phố Hồ Chí Minh, Việt Nam",Quận 9,"9631: Cắt tóc, làm đầu, gội đầu-Chi tiết: Dịch vụ cắt tóc, gội đầu (trừ các hoạt động gây chảy máu);9633: Hoạt động dịch vụ phục vụ hôn lễ-Chi tiết: Dịch vụ cho thuê áo cưới. Hoạt động dịch vụ phục vụ",internet
315951168,CÔNG TY TNHH XENOTECH,CÔNG TY TNHH XENOTECH,Công ty trách nhiệm hữu hạn một thành viên,"Số 36 Đường 26, Phường Phước Long A, Quận 9, Thành phố Hồ Chí Minh, Việt Nam",Quận 9,"4659: Bán buôn máy móc, thiết bị và phụ tùng máy khác-Chi tiết: Bán buôn máy móc, thiết bị và phụ tùng công nghiệp. Bán buôn máy móc, thiết bị và phụ tùng máy khác, thiết bị điện, vật liệu điện;4651: ",internet
315962787,CÔNG TY TNHH PHÚ NAM ĐẠI PHÁT,CÔNG TY TNHH PHÚ NAM ĐẠI PHÁT,Công ty trách nhiệm hữu hạn một thành viên,"375 Lã Xuân Oai, Phường Trường Thạnh, Quận 9, Thành phố Hồ Chí Minh, Việt Nam",Quận 9,"7410: Hoạt động thiết kế chuyên dụng-Chi tiết: Hoạt động trang trí nội thất, thiết kế chuyên dụng, thiết kế mẫu. Hoạt động thiết kế website, thiết kế phần mềm, thiết kế phần cứng, thiết kế đồ họa ",internet
315972305,CÔNG TY TNHH CÔNG NGHỆ ĐẠI HỮU,CÔNG TY TNHH CÔNG NGHỆ ĐẠI HỮU,Công ty trách nhiệm hữu hạn một thành viên,"447 Lê Văn Việt, Phường Tăng Nhơn Phú A, Quận 9, Thành phố Hồ Chí Minh, Việt Nam",Quận 9,"4652: Bán buôn thiết bị và linh kiện điện tử, viễn thông-;4659: Bán buôn máy móc, thiết bị và phụ tùng máy khác-;4663: Bán buôn vật liệu, thiết bị lắp đặt khác trong xây dựng-;4690: Bán buôn tổng hợp-",internet
315973161,CÔNG TY TNHH GIẢI PHÁP ĐỨC TRUNG,CÔNG TY TNHH GIẢI PHÁP ĐỨC TRU,Công ty trách nhiệm hữu hạn hai thành viên trở lên,"5, Đường N3, Tổ 9, Khu phố 2, Phường Phú Hữu, Quận 9, Thành phố Hồ Chí Minh, Việt Nam",Quận 9,8299: Hoạt động dịch vụ hỗ trợ kinh doanh khác còn lại chưa được phân vào đâu-Chi tiết: Xuất nhập khẩu các mặt hàng công ty kinh doanh;9633: Hoạt động dịch vụ phục vụ hôn lễ-(trừ môi giới kết hôn có y,internet
315966291,CÔNG TY TNHH NHÀ HÀNG ẨM THỰC HẢI SẢN SALA,CÔNG TY TNHH NHÀ HÀNG ẨM THỰC ,Công ty trách nhiệm hữu hạn một thành viên,"102/5 Man Thiện, Phường Tăng Nhơn Phú A, Quận 9, Thành phố Hồ Chí Minh, Việt Nam",Quận 9,"4321: Lắp đặt hệ thống điện-;4330: Hoàn thiện công trình xây dựng-;4610: Đại lý, môi giới, đấu giá hàng hóa-Chi tiết: Môi giới ; Đại lý; ký gửi hàng hóa (trừ môi giới bất động sản);4620: Bán buôn nông",internet
316017176,CÔNG TY TNHH DỊCH VỤ DU LỊCH HUI DING,CÔNG TY TNHH DỊCH VỤ DU LỊCH H,Công ty trách nhiệm hữu hạn một thành viên,"Nhà 21 Đường Số 5 Khu Dân Cư Khang An, Phường Phú Hữu, Quận 9, Thành phố Hồ Chí Minh, Việt Nam",Quận 9,"1391: Sản xuất vải dệt kim, vải đan móc và vải không dệt khác-Chi tiết: Thêu vi tính (trừ tẩy, nhuộm, hồ, in trên các sản phẩm vải sợi, dệt, may đan và gia công hàng đã qua sử dụng).; 1392: Sản xuất h",internet
316003751,CÔNG TY TNHH THƯƠNG MẠI DỊCH VỤ ĐẦU TƯ NGỌC ANH PHÁT,CÔNG TY TNHH THƯƠNG MẠI DỊCH V,Công ty trách nhiệm hữu hạn một thành viên,"38 Trịnh Hoài Đức, Tổ 8, KP 1 , Phường Hiệp Phú, Quận 9, Thành phố Hồ Chí Minh, Việt Nam",Quận 9,"6820: Tư vấn, môi giới, đấu giá bất động sản, đấu giá quyền sử dụng đất-Chi tiết: Tư vấn, môi giới, quản lý bất động sản (trừ dịch vụ mang tính pháp lý).;4719: Bán lẻ  khác trong các cửa hàng kinh doa",internet
316012996,CÔNG TY TNHH XUẤT NHẬP KHẨU HALAV FOODS,CÔNG TY TNHH XUẤT NHẬP KHẨU HA,Công ty trách nhiệm hữu hạn một thành viên,"108B Đại Lộ 3, Phường Phước Bình, Quận 9, Thành phố Hồ Chí Minh, Việt Nam",Quận 9,0113: Trồng cây lấy củ có chất bột-(không hoạt động tại trụ sở).;0114: Trồng cây mía-(không hoạt động tại trụ sở).;0116: Trồng cây lấy sợi-(không hoạt động tại trụ sở).;0117: Trồng cây có hạt chứa dầu,internet
315992414,CÔNG TY CỔ PHẦN THỜI TRANG VÀ THƯƠNG MẠI THIÊN THANH,CÔNG TY CỔ PHẦN THỜI TRANG VÀ ,Công ty cổ phần,"Số 4M/40 Đường 827, Khu phố 2, Phường Phú Hữu, Quận 9, Thành phố Hồ Chí Minh, Việt Nam",Quận 9,"1520: Sản xuất giày, dép-(trừ tẩy, nhuộm, hồ, in trên các sản phẩm vải sợi, dệt, may, đan không gia công hàng đã qua sử dụng, thuộc da, luyện cán cao su tại trụ sở);1410: May trang phục (trừ trang phụ",internet
316051610,CÔNG TY TNHH ĐẦU TƯ THƯƠNG MẠI VÀ DỊCH VỤ AN TOÀN PHÁT,CÔNG TY TNHH ĐẦU TƯ THƯƠNG MẠI,Công ty trách nhiệm hữu hạn một thành viên,"Số 4B2 Đường 278, Man Thiện, Phường Tăng Nhơn Phú A, Quận 9, Thành phố Hồ Chí Minh, Việt Nam",Quận 9,"4649: Bán buôn đồ dùng khác cho gia đình-Chi tiết : Bán buôn mỹ phẩm, nước hoa;4641: Bán buôn vải, hàng may mặc, giày dép-Chi tiết: Bán  buôn quần , áo bảo hộ lao động;4659: Bán buôn máy móc, thiết bị",internet
315997620,CÔNG TY TNHH THƯƠNG MẠI XUẤT NHẬP KHẨU LA VIE EN ROSE,CÔNG TY TNHH THƯƠNG MẠI XUẤT N,Công ty trách nhiệm hữu hạn một thành viên,"115/24 Đường 385, Phường Tăng Nhơn Phú A, Quận 9, Thành phố Hồ Chí Minh, Việt Nam",Quận 9,4632: Bán buôn thực phẩm--(không hoạt động tại trụ sở);4633: Bán buôn đồ uống-;4530: Bán phụ tùng và các bộ phận phụ trợ của ô tô và xe có động cơ khác-;4543: Bán phụ tùng và các bộ phận phụ trợ của m,internet
316053329,CÔNG TY TNHH PGT BÁCH VIỆT,CÔNG TY TNHH PGT BÁCH VIỆT,Công ty trách nhiệm hữu hạn hai thành viên trở lên,"Số 5, Lô 12, Đường số 8, Phường Long Trường, Quận 9, Thành phố Hồ Chí Minh, Việt Nam",Quận 9,4933: Vận tải hàng hóa bằng đường bộ-(trừ hóa lỏng khí để vận chuyển);5012: Vận tải hàng hóa ven biển và viễn dương-;5022: Vận tải hàng hóa đường thuỷ nội địa-;4101: Xây dựng nhà để ở-;4102: Xây dựng ,internet
316024649,CÔNG TY CỔ PHẦN ĐẦU TƯ GIÁO DỤC WETALK,CÔNG TY CỔ PHẦN ĐẦU TƯ GIÁO DỤ,Công ty cổ phần,"135A Trần Thị Điệu, Phường Phước Long B, Quận 9, Thành phố Hồ Chí Minh, Việt Nam",Quận 9,8559: Giáo dục khác chưa được phân vào đâu-Chi tiết: Giáo dục không xác định theo cấp độ tại các trung tâm đào tạo bồi dưỡng;  Các dịch vụ dạy kèm (gia sư); Giáo dục dự bị; Các trung tâm dạy học có cá,internet
316034742,CÔNG TY CỔ PHẦN VIỆT PHÚ HOLDINGS,CÔNG TY CỔ PHẦN VIỆT PHÚ HOLDI,Công ty cổ phần,"73/23A Trần Thị Điệu, Phường Phước Long B, Quận 9, Thành phố Hồ Chí Minh, Việt Nam",Quận 9,"4932: Vận tải hành khách đường bộ khác-;0118: Trồng rau, đậu các loại và trồng hoa-(không hoạt tại trụ sở);0210: Trồng rừng, chăm sóc rừng và ươm giống cây lâm nghiệp-(không hoạt tại trụ sở);4799: Bán",internet
316052910,CÔNG TY TNHH QUẢNG CÁO TRUYỀN THÔNG CẦN LÀ CÓ,CÔNG TY TNHH QUẢNG CÁO TRUYỀN ,Công ty trách nhiệm hữu hạn một thành viên,"157 Đường Cầu Xây, Phường Tân Phú, Quận 9, Thành phố Hồ Chí Minh, Việt Nam",Quận 9,"4741: Bán lẻ máy vi tính, thiết bị ngoại vi, phần mềm và thiết bị viễn thông trong các cửa hàng chuyên doanh-;4649: Bán buôn đồ dùng khác cho gia đình-chi tiết: Bán buôn nước hoa, hàng mỹ phẩm và chế ",internet
316055559,CÔNG TY TNHH KỸ THUẬT CÔNG NGHỆ F&C,CÔNG TY TNHH KỸ THUẬT CÔNG NGH,Công ty trách nhiệm hữu hạn một thành viên,"44 Đường 11, KDC Khang Điền, Phường Phước Long B, Quận 9, Thành phố Hồ Chí Minh, Việt Nam",Quận 9,"4321: Lắp đặt hệ thống điện-(trừ gia công cơ khí, tái chế phế thải, xi mạ điện tại trụ sở);4329: Lắp đặt hệ thống xây dựng khác-(trừ gia công cơ khí, tái chế phế thải, xi mạ điện tại trụ sở);4330: Hoà",internet
316068974,CÔNG TY TNHH VẢI VÂN THỊ,CÔNG TY TNHH VẢI VÂN THỊ,Công ty trách nhiệm hữu hạn hai thành viên trở lên,"110/7, Đường Lò Lu, Phường Trường Thạnh, Quận 9, Thành phố Hồ Chí Minh, Việt Nam",Quận 9,"2013: Sản xuất plastic và cao su tổng hợp dạng nguyên sinh-Chi tiết: Sản xuất plastic và cao su tổng hợp dạng nguyên sinh (không hoạt động tại trụ sở);2030: Sản xuất sợi nhân tạo-;2211: Sản xuất săm, ",internet
316067226,CÔNG TY CỔ PHẦN  DƯỢC PHẨM & THIẾT BỊ Y TẾ COBAPHARMA,CÔNG TY CỔ PHẦN  DƯỢC PHẨM  TH,Công ty cổ phần,"L07 khu dân cư Park Riverside, 101 Bưng Ông Thoàn, Phường Phú Hữu, Quận 9, Thành phố Hồ Chí Minh, Việt Nam",Quận 9,"1079: Sản xuất thực phẩm khác chưa được phân vào đâu-Chi tiết: Sản xuất thực phẩm chức năng;1811: In ấn-;2100: Sản xuất thuốc, hoá dược và dược liệu-;3250: Sản xuất thiết bị, dụng cụ y tế, nha khoa, c",internet
315491150,CÔNG TY TNHH TƯ VẤN VÀ ĐẦU TƯ LUẬT DHD,CÔNG TY TNHH TƯ VẤN VÀ ĐẦU TƯ ,Công ty trách nhiệm hữu hạn hai thành viên trở lên,"311 đường Lò Lu, Phường Trường Thạnh, Quận 9, Thành phố Hồ Chí Minh, Việt Nam",Quận 9,"6820: Tư vấn, môi giới, đấu giá bất động sản, đấu giá quyền sử dụng đất-Chi tiết: Tư vấn, môi giới bất động sản, quyền sử dụng đất;5229: Hoạt động dịch vụ hỗ trợ khác liên quan đến vận tải-(trừ hóa lỏ",internet
315540143,CÔNG TY TNHH TECHME,CÔNG TY TNHH TECHME,Công ty trách nhiệm hữu hạn một thành viên,"191 Đường D3, Khu Dân Cư Nam Long, Phường Phước Long B, Quận 9, Thành phố Hồ Chí Minh, Việt Nam",Quận 9,"2815: Sản xuất lò nướng, lò luyện và lò nung-; 2816: Sản xuất các thiết bị nâng, hạ và bốc xếp-; 2818: Sản xuất dụng cụ cầm tay chạy bằng mô tơ hoặc khí nén-; 2819: Sản xuất máy thông dụng khác-; 2821",internet
315541570,CÔNG TY TNHH THƯƠNG MẠI VÀ DỊCH VỤ FIYO,CÔNG TY TNHH THƯƠNG MẠI VÀ DỊC,Công ty trách nhiệm hữu hạn một thành viên,"122 Đường 154, Phường Tân Phú, Quận 9, Thành phố Hồ Chí Minh, Việt Nam",Quận 9,"4719: Bán lẻ  khác trong các cửa hàng kinh doanh tổng hợp-(trừ bán lẻ hóa chất, khí dầu mỏ hóa lỏng LPG, dầu nhớt cặn, vàng miếng, súng, đạn loại dùng đi săn hoặc thể thao và tiền kim khí; Thực hiện t",internet
315638477,CÔNG TY TNHH PHÁT TRIỂN THƯƠNG MẠI BẤT ĐỘNG SẢN THÀNH PHÁT LAND,CÔNG TY TNHH PHÁT TRIỂN THƯƠNG,Công ty trách nhiệm hữu hạn một thành viên,"36A Đường 1, Khu phố Giản Dân, Phường Long Thạnh Mỹ, Quận 9, Thành phố Hồ Chí Minh, Việt Nam",Quận 9,"3290: Sản xuất khác chưa được phân vào đâu-Chi tiết: Sản xuất mặt hàng cơ khí: Xây dựng, công nghiệp, nông nghiệp, tiêu dùng(không gia công cơ khí, xi mạ điện, sơn hàn, tái chế phế thải tại trụ sở).;7",internet
315761216,DOANH NGHIỆP TƯ NHÂN GAME 55,DOANH NGHIỆP TƯ NHÂN GAME 55,Doanh nghiệp tư nhân,"414B Lã Xuân Oai, Khu phố Phước Hiệp, Phường Long Trường, Quận 9, Thành phố Hồ Chí Minh, Việt Nam",Quận 9,"6190: Hoạt động viễn thông khác-Chi tiết: -Hoạt động của các điểm truy cập internet -  Điểm cung cấp dịch vụ trò chơi điện tử công cộng (không kinh doanh trò chơi có hại cho giáo dục nhân cách, sức kh",internet
315922978,CÔNG TY TNHH TRUYỀN THÔNG QUẢNG CÁO KENSU,CÔNG TY TNHH TRUYỀN THÔNG QUẢN,Công ty trách nhiệm hữu hạn một thành viên,"340/14/37 Đường Long Phước, Phường Long Phước, Quận 9, Thành phố Hồ Chí Minh, Việt Nam",Quận 9,"4651: Bán buôn máy vi tính, thiết bị ngoại vi và phần mềm-;4741: Bán lẻ máy vi tính, thiết bị ngoại vi, phần mềm và thiết bị viễn thông trong các cửa hàng chuyên doanh-;4791: Bán lẻ theo yêu cầu đặt h",internet
315933994,CÔNG TY TNHH FARMS FINANCE,CÔNG TY TNHH FARMS FINANCE,Công ty trách nhiệm hữu hạn một thành viên,"581 Nguyễn Xiển, Phường Long Thạnh Mỹ, Quận 9, Thành phố Hồ Chí Minh, Việt Nam",Quận 9,"4722: Bán lẻ thực phẩm trong các cửa hàng chuyên doanh-Chi tiết: Bán lẻ thủy sản; Bán lẻ đường, sữa và các sản phẩm sữa, bánh, mứt, kẹo và các sản phẩm chế biến từ ngũ cốc, bột, tinh bột trong các cửa",internet
316014908,CÔNG TY TNHH SẢN XUẤT VÀ THƯƠNG MẠI SAO HỎA,CÔNG TY TNHH SẢN XUẤT VÀ THƯƠN,Công ty trách nhiệm hữu hạn hai thành viên trở lên,"7F1, Đường 102, Khu phố 7, Phường Tăng Nhơn Phú A, Quận 9, Thành phố Hồ Chí Minh, Việt Nam",Quận 9,"4659: Bán buôn máy móc, thiết bị và phụ tùng máy khác-;4322: Lắp đặt hệ thống cấp, thoát nước, hệ thống sưởi và điều hoà không khí-(trừ lắp đặt các thiết bị lạnh (thiết bị cấp đông, kho lạnh, máy đá, ",internet
316009513,CÔNG TY TNHH THIẾT BỊ Y TẾ MỸ PHIẾN,CÔNG TY TNHH THIẾT BỊ Y TẾ MỸ ,Công ty trách nhiệm hữu hạn một thành viên,"Số 1 Đường Lê Lợi, Phường Hiệp Phú, Quận 9, Thành phố Hồ Chí Minh, Việt Nam",Quận 9,"2660: Sản xuất thiết bị bức xạ, thiết bị điện tử trong y học, điện liệu pháp-(Không hoạt động tại trụ sở);2670: Sản xuất thiết bị và dụng cụ quang học-(Không hoạt động tại trụ sở);3250: Sản xuất thiết",internet
316078972,CÔNG TY TNHH THƯƠNG MẠI VÀ CÔNG NGHỆ DIGINET,CÔNG TY TNHH THƯƠNG MẠI VÀ CÔN,Công ty trách nhiệm hữu hạn hai thành viên trở lên,"S29, KDC Park Riverside, 101 Bưng Ông Thoàn, Phường Phú Hữu, Quận 9, Thành phố Hồ Chí Minh, Việt Nam",Quận 9,"6110: Hoạt động viễn thông có dây-;6120: Hoạt động viễn thông không dây-;4651: Bán buôn máy vi tính, thiết bị ngoại vi và phần mềm-;4652: Bán buôn thiết bị và linh kiện điện tử, viễn thông-;4659: Bán ",internet
316093272,CÔNG TY TNHH THƯƠNG MẠI DỊCH VỤ LA ROSE,CÔNG TY TNHH THƯƠNG MẠI DỊCH V,Công ty trách nhiệm hữu hạn một thành viên,"25/52 Đường số 6, Khu phố 3, Phường Tăng Nhơn Phú B, Quận 9, Thành phố Hồ Chí Minh, Việt Nam",Quận 9,"4791: Bán lẻ theo yêu cầu đặt hàng qua bưu điện hoặc internet-(trừ bán lẻ khí dầu mỏ hóa lỏng LPG, bình gas, hóa chất, súng, đạn
loại dùng đi săn hoặc thể thao và tiền kim khí và thực hiện theo Quyết ",internet
316107366,CÔNG TY CỔ PHẦN TRUYỀN THÔNG MOOD MEDIA,CÔNG TY CỔ PHẦN TRUYỀN THÔNG M,Công ty cổ phần,"27 Đường 1, Khu Phố Ông Nhiêu, Phường Long Trường, Quận 9, Thành phố Hồ Chí Minh, Việt Nam",Quận 9,"7310: Quảng cáo-Chi tiết: Quảng cáo thương mại;4659: Bán buôn máy móc, thiết bị và phụ tùng máy khác-Chi tiết: Bán buôn máy móc, thiết bị văn phòng;4652: Bán buôn thiết bị và linh kiện điện tử, viễn t",internet
316110094,CÔNG TY TNHH DỊCH VỤ VIỄN THÔNG LƯƠNG SƠN,CÔNG TY TNHH DỊCH VỤ VIỄN THÔN,Công ty trách nhiệm hữu hạn một thành viên,"50 Dương Đình Hội, Phường Phước Long B, Quận 9, Thành phố Hồ Chí Minh, Việt Nam",Quận 9,"4649: Bán buôn đồ dùng khác cho gia đình-Chi tiết: Bán buôn dụng cụ văn phòng phẩm;4651: Bán buôn máy vi tính, thiết bị ngoại vi và phần mềm-;4652: Bán buôn thiết bị và linh kiện điện tử, viễn thông-C",internet
316118449,CÔNG TY CỔ PHẦN ĐẦU TƯ THƯƠNG MẠI CALACO,CÔNG TY CỔ PHẦN ĐẦU TƯ THƯƠNG ,Công ty cổ phần,"44 Đường 295, Phường Tân Phú, Quận 9, Thành phố Hồ Chí Minh, Việt Nam",Quận 9,"4791: Bán lẻ theo yêu cầu đặt hàng qua bưu điện hoặc internet-(trừ bán lẻ bình gas, khí dầu mỏ hóa lỏng LPG, dầu nhớt cặn, vàng miếng, súng, đạn loại dùng đi săn hoặc thể thao và tiền kim khí; trừ bán",internet
316125904,CÔNG TY TNHH PHÁT TRIỂN TUỆ LÂM,CÔNG TY TNHH PHÁT TRIỂN TUỆ LÂ,Công ty trách nhiệm hữu hạn một thành viên,"317 Man Thiện, Phường Hiệp Phú, Quận 9, Thành phố Hồ Chí Minh, Việt Nam",Quận 9,"4791: Bán lẻ theo yêu cầu đặt hàng qua bưu điện hoặc internet-(trừ bán lẻ hóa chất, khí dầu mỏ hóa lỏng LPG, dầu nhớt cặn, vàng miếng, súng, đạn loại dùng đi săn hoặc thể thao và tiền kim khí; Thực hi",internet
316146622,CÔNG TY TNHH KINH DOANH XUẤT NHẬP KHẨU AN NHIÊN,CÔNG TY TNHH KINH DOANH XUẤT N,Công ty trách nhiệm hữu hạn một thành viên,"58D58 Đường Nguyễn Xiển , Phường Long Bình, Quận 9, Thành phố Hồ Chí Minh, Việt Nam",Quận 9,"0220: Khai thác gỗ-;1010: Chế biến, bảo quản thịt và các sản phẩm từ thịt-(không kinh doanh giết mổ gia súc, gia cầm);1020: Chế biến, bảo quản thuỷ sản và các sản phẩm từ thuỷ sản-;1030: Chế biến và b",internet
316137949,CÔNG TY TNHH DV TM XÂY DỰNG GIA HUY PHÁT Q9,CÔNG TY TNHH DV TM XÂY DỰNG GI,Công ty trách nhiệm hữu hạn một thành viên,"36/16 Đường 212, Tổ 8, Khu phố 6, Phường Phước Long A, Quận 9, Thành phố Hồ Chí Minh, Việt Nam",Quận 9,7410: Hoạt động thiết kế chuyên dụng-Chi tiết: Hoạt động trang trí nội thất;7110: Hoạt động kiến trúc và tư vấn kỹ thuật có liên quan-Chi tiết: Hoạt động đo đạc bản đồ. Quản lý dự án đầu tư xây dựng. ,internet
316159438,CÔNG TY TNHH TMDV VIỄN THÔNG GIA NGUYỄN,CÔNG TY TNHH TMDV VIỄN THÔNG G,Công ty trách nhiệm hữu hạn một thành viên,"Số 10 Đường 102, Phường Tăng Nhơn Phú A, Quận 9, Thành phố Hồ Chí Minh, Việt Nam",Quận 9,"4329: Lắp đặt hệ thống xây dựng khác-Chi tiết: Lắp đặt hệ thống báo cháy, báo trộm, hệ thống mạng điện thoại trong nhà, ăng ten, truyền hình cáp và mạng thông tin, hệ thống internet, công trình viễn t",internet
316178688,CÔNG TY TNHH ĐẦU TƯ BẤT ĐỘNG SẢN TRÍ TÂM,CÔNG TY TNHH ĐẦU TƯ BẤT ĐỘNG S,Công ty trách nhiệm hữu hạn một thành viên,"18/50 Tăng Nhơn Phú, Phường Phước Long B, Quận 9, Thành phố Hồ Chí Minh, Việt Nam",Quận 9,"4663: Bán buôn vật liệu, thiết bị lắp đặt khác trong xây dựng-Chi tiết: Bán buôn gạch xây, ngói, đá, cát, sỏi, sơn, vecni, gạch ốp lát, thiết bị vệ sinh, đồ ngũ kim, khóa, ống nối, khớp nối, đá cắt, d",internet
316171065,CÔNG TY TNHH IDEA DECOR,CÔNG TY TNHH IDEA DECOR,Công ty trách nhiệm hữu hạn một thành viên,"Số 8, Đường 659, Phường Phước Long B, Quận 9, Thành phố Hồ Chí Minh, Việt Nam",Quận 9,"1610: Cưa, xẻ, bào gỗ và bảo quản gỗ-(không sản xuất tại trụ sở chính);1621: Sản xuất gỗ dán, gỗ lạng, ván ép và ván mỏng khác-(không sản xuất tại trụ sở chính);4784: Bán lẻ thiết bị gia đ",internet
316180366,CÔNG TY CỔ PHẦN TẬP ĐOÀN HÀNH TRÌNH KIM CƯƠNG,CÔNG TY CỔ PHẦN TẬP ĐOÀN HÀNH ,Công ty cổ phần,"12 Trần Thị Điệu, Phường Phước Long B, Quận 9, Thành phố Hồ Chí Minh, Việt Nam",Quận 9,"8720: Hoạt động chăm sóc sức khoẻ người bị thiểu năng, tâm thần và người nghiện-(trừ lưu trú bệnh nhân); 8730: Hoạt động chăm sóc sức khoẻ người có công, người già và người khuyết tật không có khả năn",internet
316193767,CÔNG TY TNHH CLASSY FOTO,CÔNG TY TNHH CLASSY FOTO,Công ty trách nhiệm hữu hạn hai thành viên trở lên,"339/3/9 đường Liên Phường, Khu Phố 2, Phường Phú Hữu, Quận 9, Thành phố Hồ Chí Minh, Việt Nam",Quận 9,"7420: Hoạt động nhiếp ảnh-(trừ sản xuất phim).;7710: Cho thuê xe có động cơ-;7730: Cho thuê máy móc, thiết bị và đồ dùng hữu hình khác không kèm người điều khiển-;8230: Tổ chức giới thiệu và xúc tiến ",internet
316225987,CÔNG TY CỔ PHẦN THƯƠNG MẠI YCA,CÔNG TY CỔ PHẦN THƯƠNG MẠI YCA,Công ty cổ phần,"92 Đường số 8, Phường Phước Bình, Quận 9, Thành phố Hồ Chí Minh, Việt Nam",Quận 9,"4530: Bán phụ tùng và các bộ phận phụ trợ của ô tô và xe có động cơ khác-;4543: Bán phụ tùng và các bộ phận phụ trợ của mô tô, xe máy-;4541: Bán mô tô, xe máy-;4773: Bán lẻ hàng hóa khác mới trong các",internet
316201249,CÔNG TY TNHH MTV CARA,CÔNG TY TNHH MTV CARA,Công ty trách nhiệm hữu hạn một thành viên,"73/27B Đường Trần Thị Điệu, Tổ 2, Khu phố 2, Phường Phước Long B, Quận 9, Thành phố Hồ Chí Minh, Việt Nam",Quận 9,"4631: Bán buôn gạo, lúa mỳ, hạt ngũ cốc khác, bột mỳ-(Không hoạt động tại trụ sở);4633: Bán buôn đồ uống-;4641: Bán buôn vải, hàng may mặc, giày dép-;4651: Bán buôn máy vi tính, thiết bị ngoại vi và p",internet
316216573,CÔNG TY TNHH TM-DV DƯƠNG GIA HUY,CÔNG TY TNHH TMDV DƯƠNG GIA HU,Công ty trách nhiệm hữu hạn một thành viên,"93A2 Trần Thị Điệu, Khu phố 2, Phường Phước Long B, Quận 9, Thành phố Hồ Chí Minh, Việt Nam",Quận 9,"0141: Chăn nuôi trâu, bò và sản xuất giống trâu, bò-(Không hoạt động tại trụ sở);1392: Sản xuất hàng dệt sẵn (trừ trang phục)-(không gia công cơ khí, tái chế phế thải, xi mạ điện tại trụ sở);3320: Lắp",internet
316223563,CÔNG TY TNHH ANPHI VIỆT NAM,CÔNG TY TNHH ANPHI VIỆT NAM,Công ty trách nhiệm hữu hạn một thành viên,"Số 6 Đường số 4 Lò Lu, Phường Trường Thạnh, Quận 9, Thành phố Hồ Chí Minh, Việt Nam",Quận 9,"2593: Sản xuất dao kéo, dụng cụ cầm tay và đồ kim loại thông dụng-Chi tiết: Sản xuất gia công cơ khí các loại dao, cưa bằng kim loại ( không hoạt động tại trụ sở );4669: Bán buôn chuyên doanh khác chư",internet
316228498,CÔNG TY TNHH KIM NGÂN PESTCONTROL,CÔNG TY TNHH KIM NGÂN PESTCONT,Công ty trách nhiệm hữu hạn một thành viên,"340/46/39 Đường Long Phước, Phường Long Phước, Quận 9, Thành phố Hồ Chí Minh, Việt Nam",Quận 9,4669: Bán buôn chuyên doanh khác chưa được phân vào đâu-Chi tiết: Bán buôn thuốc bảo vệ thực vật; Bán buôn phân bón; Bán buôn vật tư ngành nông nghiệp; thuốc trừ sâu và hóa chất khác sử dụng trong nôn,internet
316232769,CÔNG TY TNHH RƯỢU 9 CHUM,CÔNG TY TNHH RƯỢU 9 CHUM,Công ty trách nhiệm hữu hạn một thành viên,"Số 77 Đường số 20, KDC Khang Điền , Phường Phước Long B, Quận 9, Thành phố Hồ Chí Minh, Việt Nam",Quận 9,"4649: Bán buôn đồ dùng khác cho gia đình-;4651: Bán buôn máy vi tính, thiết bị ngoại vi và phần mềm-;4652: Bán buôn thiết bị và linh kiện điện tử, viễn thông-;4653: Bán buôn máy móc, thiết bị và phụ t",internet
316239757,CÔNG TY CỔ PHẦN THƯƠNG MẠI NDC,CÔNG TY CỔ PHẦN THƯƠNG MẠI NDC,Công ty cổ phần,"3/23/25 Đường 297, Phường Phước Long B, Quận 9, Thành phố Hồ Chí Minh, Việt Nam",Quận 9,"4662: Bán buôn kim loại và quặng kim loại-(trừ mua bán vàng miếng);4663: Bán buôn vật liệu, thiết bị lắp đặt khác trong xây dựng-;4669: Bán buôn chuyên doanh khác chưa được phân vào đâu-(trừ bán buôn ",internet
316237414,CÔNG TY TNHH MAY MẶC THẢO HẠNH,CÔNG TY TNHH MAY MẶC THẢO HẠNH,Công ty trách nhiệm hữu hạn một thành viên,"89C Bưng Ông Thoàn, Tổ 8, Khu Phố 1, Phường Phú Hữu, Quận 9, Thành phố Hồ Chí Minh, Việt Nam",Quận 9,"4641: Bán buôn vải, hàng may mặc, giày dép-;5229: Hoạt động dịch vụ hỗ trợ khác liên quan đến vận tải-Chi tiết: Hoạt động của đại lý làm thủ tục hải quan; Hoạt động của các đại lý vận tải hàng hóa đườ",internet
316269991,CÔNG TY TNHH QUẢN LÝ CÔNG NGHỆ TRÍ VIỆT,CÔNG TY TNHH QUẢN LÝ CÔNG NGHỆ,Công ty trách nhiệm hữu hạn hai thành viên trở lên,"Số 62 Đường 15, Phường Phú Hữu, Quận 9, Thành phố Hồ Chí Minh, Việt Nam",Quận 9,"5510: Dịch vụ lưu trú ngắn ngày-Chi tiết:
Khách sạn, biệt thự du lịch, căn hộ du lịch, nhà nghỉ du lịch, nhà ở có phòng cho khách du lịch thuê (không hoạt động tại trụ sở); 5590: Cơ sở lưu trú khác-; ",internet
316237365,CÔNG TY TNHH THƯƠNG MẠI DỊCH VỤ LINH HẢI,CÔNG TY TNHH THƯƠNG MẠI DỊCH V,Công ty trách nhiệm hữu hạn một thành viên,"17 Bùi Xương Trạch, Khu phố Ông Nhiêu, Phường Long Trường, Quận 9, Thành phố Hồ Chí Minh, Việt Nam",Quận 9,4721: Bán lẻ lương thực trong các cửa hàng chuyên doanh-(thực hiện theo quyết định 64/2009/QĐ-UBND ngày 31/07/2009 và quyết định số 79/2009/QĐ-UBND ngày 17/10/2009 của Ủy ban nhân dân TP. Hồ Chí Minh ,internet
316277618,CÔNG TY TNHH COFFEE TOGO VIETNAM,CÔNG TY TNHH COFFEE TOGO VIETN,Công ty trách nhiệm hữu hạn một thành viên,"Số 44 đường 359, Phường Phước Long B, Quận 9, Thành phố Hồ Chí Minh, Việt Nam",Quận 9,9329: Hoạt động vui chơi giải trí khác chưa được phân vào đâu-chi tiết: dịch vụ trò chơi điện tử trên mạng (trừ kinh doanh trò chơi điện tử có thưởng dành cho người nước ngoài và kinh doanh trò chơi c,internet
316270098,CÔNG TY TNHH THƯƠNG MẠI DỊCH VỤ THẢO KIM PHÁT.,CÔNG TY TNHH THƯƠNG MẠI DỊCH V,Công ty trách nhiệm hữu hạn một thành viên,"S68, Đường Bưng Ông Thoàn, Khu dân cư Park Riverside, Phường Phú Hữu, Quận 9, Thành phố Hồ Chí Minh, Việt Nam",Quận 9,1079: Sản xuất thực phẩm khác chưa được phân vào đâu-Chi tiết: Sản xuất thực phẩm chức năng. (không hoạt động tại trụ sở ).;1410: May trang phục (trừ trang phục từ da lông thú)-;2023: Sản xuất mỹ phẩm,internet
316318430,CÔNG TY TNHH XÂY DỰNG VÀ VỆ SINH CÔNG NGHIỆP GIANG NGUYỄN,CÔNG TY TNHH XÂY DỰNG VÀ VỆ SI,Công ty trách nhiệm hữu hạn một thành viên,"7 Đường 279, Khu Phố 6, Phường Phước Long B, Quận 9, Thành phố Hồ Chí Minh, Việt Nam",Quận 9,"4663: Bán buôn vật liệu, thiết bị lắp đặt khác trong xây dựng-Chi tiết: Bán buôn gỗ, ván ép; Bán buôn xi măng. Bán buôn gạch xây, ngói, đá, cát, sỏi. Bán buôn sơn, vécni, keo, alu, mica, vách ngăn, mặ",internet
316316306,CÔNG TY TNHH INTERNET 269 Q9,CÔNG TY TNHH INTERNET 269 Q9,Công ty trách nhiệm hữu hạn một thành viên,"192 Man Thiện, Phường Tăng Nhơn Phú A, Quận 9, Thành phố Hồ Chí Minh, Việt Nam",Quận 9,6190: Hoạt động viễn thông khác-Chi tiết: Hoạt động các điểm truy cập internet Cung cấp dịch vụ trò chơi điện tử trên mạng (trừ kinh doanh trò chơi có thưởng dành cho người nước ngoài và kinh doanh tr,internet
316305311,CÔNG TY TNHH SẢN PHẨM THIÊN NHIÊN SÀI GÒN,CÔNG TY TNHH SẢN PHẨM THIÊN NH,Công ty trách nhiệm hữu hạn hai thành viên trở lên,"Số 4, Đường 8, Phường Phú Hữu, Quận 9, Thành phố Hồ Chí Minh, Việt Nam",Quận 9,"2023: Sản xuất mỹ phẩm, xà phòng, chất tẩy rửa, làm bóng và chế phẩm vệ sinh-(Không hoạt động tại trụ sở);2029: Sản xuất sản phẩm hoá chất khác chưa được phân vào đâu-Chi tiết: Chiết xuất và tinh luyệ",internet
316332467,CÔNG TY TNHH XÂY DỰNG TÀI THÔNG,CÔNG TY TNHH XÂY DỰNG TÀI THÔN,Công ty trách nhiệm hữu hạn một thành viên,"34 Đường 176, Phường Phước Long A, Quận 9, Thành phố Hồ Chí Minh, Việt Nam",Quận 9,"3312: Sửa chữa máy móc, thiết bị-Chi tiết: Sửa chữa máy móc, thiết bị công nghiệp (không hoạt động tại trụ sở);3313: Sửa chữa thiết bị điện tử và quang học-;4659: Bán buôn máy móc, thiết bị và phụ tùn",internet
316311756,CÔNG TY TNHH KỸ THUẬT HQ TECH,CÔNG TY TNHH KỸ THUẬT HQ TECH,Công ty trách nhiệm hữu hạn hai thành viên trở lên,"10/12 Đường 379, Phường Tăng Nhơn Phú A, Quận 9, Thành phố Hồ Chí Minh, Việt Nam",Quận 9,"2511: Sản xuất các cấu kiện kim loại-Chi tiết: - Sản xuất nhà đúc sẵn bằng kim loại như: Nhà di chuyển, nhà tiền chế và các bộ phận tháo rời; - Sản xuất khung hoặc sườn kim loại cho xây dựng và các bộ",internet
316321698,CÔNG TY TNHH CÔNG NGHIỆP VÀ MÔI TRƯỜNG BE GREEN,CÔNG TY TNHH CÔNG NGHIỆP VÀ MÔ,Công ty trách nhiệm hữu hạn hai thành viên trở lên,"59/160/51/11 Đường 102, Khu Phố 7, Phường Tăng Nhơn Phú A, Quận 9, Thành phố Hồ Chí Minh, Việt Nam",Quận 9,7120: Kiểm tra và phân tích kỹ thuật-Chi tiết: Kiểm tra và đo lường các chỉ số môi trường.;7211: Nghiên cứu khoa học và phát triển công nghệ trong lĩnh vực khoa học tự nhiên-;7212: Nghiên cứu khoa học,internet
316323984,CÔNG TY TNHH SẢN XUẤT VÀ THƯƠNG MẠI M&L,CÔNG TY TNHH SẢN XUẤT VÀ THƯƠN,Công ty trách nhiệm hữu hạn một thành viên,"Số 30, Đường N1, KDC Mega Residence, Phường Phú Hữu, Quận 9, Thành phố Hồ Chí Minh, Việt Nam",Quận 9,0126: Trồng cây cà phê-(Không hoạt động tại trụ sở);0161: Hoạt động dịch vụ trồng trọt-(Không hoạt động tại trụ sở);0163: Hoạt động dịch vụ sau thu hoạch-(Không hoạt động tại trụ sở);0164: Xử lý hạt g,internet
316324240,CÔNG TY TNHH THƯƠNG MẠI DỊCH VỤ THĂNG LONG SOFTWARE,CÔNG TY TNHH THƯƠNG MẠI DỊCH V,Công ty trách nhiệm hữu hạn một thành viên,"46D Đường 494, Phường Tăng Nhơn Phú A, Quận 9, Thành phố Hồ Chí Minh, Việt Nam",Quận 9,"4774: Bán lẻ hàng hóa đã qua sử dụng trong các cửa hàng chuyên doanh-(trừ bán lẻ hóa chất, đồ cổ, khí dầu mỏ hóa lỏng LPG, dầu nhớt cặn, vàng miếng, súng, đạn loại dùng đi săn hoặc thể thao và tiền ki",software
316308513,CÔNG TY TNHH KIM REVOLUTION,CÔNG TY TNHH KIM REVOLUTION,Công ty trách nhiệm hữu hạn một thành viên,"290 Hoàng Hữu Nam, Phường Long Thạnh Mỹ, Quận 9, Thành phố Hồ Chí Minh, Việt Nam",Quận 9,"1610: Cưa, xẻ, bào gỗ và bảo quản gỗ-;1621: Sản xuất gỗ dán, gỗ lạng, ván ép và ván mỏng khác-Chi tiết: Sản xuất gỗ lạng, ván mỏng và các loại ván, tấm mỏng bằng gỗ tương tự; Sản xuất gỗ mảnh hoặc gỗ ",internet
316306410,CÔNG TY TNHH THƯƠNG MẠI DỊCH VỤ QUÀ TẶNG ĐẶC BIỆT,CÔNG TY TNHH THƯƠNG MẠI DỊCH V,Công ty trách nhiệm hữu hạn một thành viên,"286 Đường số 12, Phường Phước Bình, Quận 9, Thành phố Hồ Chí Minh, Việt Nam",Quận 9,"6820: Tư vấn, môi giới, đấu giá bất động sản, đấu giá quyền sử dụng đất-Chi tiết:  Tư vấn, môi giới bất động sản (trừ tư vấn pháp luật), quản lý bất động sản; sàn giao dịch bất động sản;6619: Hoạt độn",internet
316326632,CÔNG TY TNHH VINH THỊNH FOOD,CÔNG TY TNHH VINH THỊNH FOOD,Công ty trách nhiệm hữu hạn hai thành viên trở lên,"183/7A Đường Tây Hòa, Phường Phước Long A, Quận 9, Thành phố Hồ Chí Minh, Việt Nam",Quận 9,"4791: Bán lẻ theo yêu cầu đặt hàng qua bưu điện hoặc internet-(trừ bán lẻ bình gas, khí dầu mỏ hóa lỏng LPG, dầu nhớt cặn, vàng miếng, súng, đạn loại dùng đi săn hoặc thể thao và tiền kim khí và thực ",internet
316332435,CÔNG TY TNHH  THƯƠNG MAI VÀ DỊCH VỤ QUỐC TẾ MEGATON,CÔNG TY TNHH  THƯƠNG MAI VÀ DỊ,Công ty trách nhiệm hữu hạn hai thành viên trở lên,"65/8 Tây Hòa, Phường Phước Long A, Quận 9, Thành phố Hồ Chí Minh, Việt Nam",Quận 9,"4512: Bán lẻ ô tô con (loại 9 chỗ ngồi trở xuống)-;4513: Đại lý ô tô và xe có động cơ khác-;4520: Bảo dưỡng, sửa chữa ô tô và xe có động cơ khác-;4530: Bán phụ tùng và các bộ phận phụ trợ của ô tô và ",internet
316364652,CÔNG TY TNHH GIẢI PHÁP CÔNG NGHỆ CAO TÂM AN,CÔNG TY TNHH GIẢI PHÁP CÔNG NG,Công ty trách nhiệm hữu hạn hai thành viên trở lên,"40 Man Thiện, Khu phố 1, Phường Tăng Nhơn Phú A, Quận 9, Thành phố Hồ Chí Minh, Việt Nam",Quận 9,6209: Hoạt động dịch vụ công nghệ thông tin và dịch vụ khác liên quan đến máy vi tính-;4321: Lắp đặt hệ thống điện-Chi tiết: Lắp đặt hệ thống điện – điện tử - điện dân dụng – điện công nghiệp; Lắp đặt,internet
316337560,CÔNG TY TNHH THƯƠNG MẠI DỊCH VỤ CMN LITE,CÔNG TY TNHH THƯƠNG MẠI DỊCH V,Công ty trách nhiệm hữu hạn hai thành viên trở lên,"140 Đường 400, Khu phố 3, Phường Tân Phú, Quận 9, Thành phố Hồ Chí Minh, Việt Nam",Quận 9,"1410: May trang phục (trừ trang phục từ da lông thú)-;4610: Đại lý, môi giới, đấu giá hàng hóa--Chi tiết: Đại lý, Môi giới ( trừ đấu giá tài sản);4641: Bán buôn vải, hàng may mặc, giày dép-;4649: Bán ",internet
316367082,CÔNG TY TNHH DỊCH VỤ ÁNH HỒNG 68,CÔNG TY TNHH DỊCH VỤ ÁNH HỒNG ,Công ty trách nhiệm hữu hạn một thành viên,"200/9/2g Dương Đình Hội, Khu phố 4, Phường Phước Long B, Quận 9, Thành phố Hồ Chí Minh, Việt Nam",Quận 9,"4659: Bán buôn máy móc, thiết bị và phụ tùng máy khác-Chi tiết: Bán buôn máy móc thiết bị hệ thống camera quan sát, hệ thống báo động, chống trộm. Bán buôn máy móc, thiết bị điện, vật liệu điện (máy p",internet
316388269,CÔNG TY TNHH NĂNG LƯỢNG VÀ GIẢI PHÁP THÔNG MINH 3H,CÔNG TY TNHH NĂNG LƯỢNG VÀ GIẢ,Công ty trách nhiệm hữu hạn một thành viên,"78/26 Hồ Bá Phấn, Phường Phước Long A, Quận 9, Thành phố Hồ Chí Minh, Việt Nam",Quận 9,"3511: Sản xuất điện-Chi tiết: Sản xuất điện từ năng lượng tái tạo.;4221: Xây dựng công trình điện-(Doanh nghiệp không cung cấp hàng hóa, dịch vụ thuộc độc quyền Nhà nước, không hoạt động thương mại th",internet
316383101,CÔNG TY TRÁCH NHIỆM HỮU HẠN XÂY DỰNG THƯƠNG MẠI DỊCH VỤ NGUYÊN ĐỨC,CÔNG TY TRÁCH NHIỆM HỮU HẠN XÂ,Công ty trách nhiệm hữu hạn hai thành viên trở lên,"16 Đường số 20, Phường Phú Hữu, Quận 9, Thành phố Hồ Chí Minh, Việt Nam",Quận 9,"4330: Hoàn thiện công trình xây dựng-;4669: Bán buôn chuyên doanh khác chưa được phân vào đâu-(trừ bán buôn bình gas, khí dầu mỏ hóa lỏng LPG, dầu nhớt cặn, vàng miếng, súng, đạn loại dùng đi săn hoặc",internet
316409575,CÔNG TY TNHH DINH DRAGON,CÔNG TY TNHH DINH DRAGON,Công ty trách nhiệm hữu hạn một thành viên,"203/9 Lã Xuân Oai, Phường Tăng Nhơn Phú A, Quận 9, Thành phố Hồ Chí Minh, Việt Nam",Quận 9,"4669: Bán buôn chuyên doanh khác chưa được phân vào đâu-Chi tiết: Bán buôn cao su; Bán buôn tơ, xơ, sợi dệt; Bán buôn phụ liệu may mặc và giày dép; Bán buôn phế liệu, phế thải kim loại, phi kim loại; ",internet
316412257,CÔNG TY TNHH  SẢN XUẤT THƯƠNG MẠI FOXSHOP,CÔNG TY TNHH  SẢN XUẤT THƯƠNG ,Công ty trách nhiệm hữu hạn một thành viên,"Số 29,Đường số 4, Phường Long Trường, Quận 9, Thành phố Hồ Chí Minh, Việt Nam",Quận 9,"4771: Bán lẻ hàng may mặc, giày dép, hàng da và giả da trong các cửa hàng chuyên doanh-;1520: Sản xuất giày, dép-Chi tiết: Sản xuất giày dép, gia công giày dép (trừ thuộc da, tái chế phế thải);4641: B",internet
316412352,CÔNG TY TNHH RESINVA,CÔNG TY TNHH RESINVA,Công ty trách nhiệm hữu hạn hai thành viên trở lên,"175/12A Nguyễn Văn Tăng, Phường Long Thạnh Mỹ, Quận 9, Thành phố Hồ Chí Minh, Việt Nam",Quận 9,"4649: Bán buôn đồ dùng khác cho gia đình-Chi tiết: Bán buôn đèn và bộ đèn điện, Bán buôn dây điện; Bán buôn thiết bị, dụng cụ, vật tư điện dân dụng và công nghiệp;4659: Bán buôn máy móc, thiết bị và p",internet
316443985,CÔNG TY TNHH ĐẦU TƯ ĐỊA ỐC HƯNG PHÁT GROUP,CÔNG TY TNHH ĐẦU TƯ ĐỊA ỐC HƯN,Công ty trách nhiệm hữu hạn hai thành viên trở lên,"244/47/1A Dương Đình Hội, Phường Tăng Nhơn Phú B, Quận 9, Thành phố Hồ Chí Minh, Việt Nam",Quận 9,"4933: Vận tải hàng hóa bằng đường bộ-;5022: Vận tải hàng hóa đường thuỷ nội địa-;5012: Vận tải hàng hóa ven biển và viễn dương-;7110: Hoạt động kiến trúc và tư vấn kỹ thuật có liên quan-Chi tiết: 
-	T",internet
316479318,CÔNG TY TNHH BOOSTCRM TECHNOLOGY,CÔNG TY TNHH BOOSTCRM TECHNOLO,Công ty trách nhiệm hữu hạn hai thành viên trở lên,"12/19 đường 109, Phường Phước Long B, Quận 9, Thành phố Hồ Chí Minh, Việt Nam",Quận 9,6201: Lập trình máy vi tính-;6202: Tư vấn máy vi tính và quản trị hệ thống máy vi tính-;6209: Hoạt động dịch vụ công nghệ thông tin và dịch vụ khác liên quan đến máy vi tính-;4651: Bán buôn máy vi tín,technology
316497557,CÔNG TY TNHH CL PARTNERS,CÔNG TY TNHH CL PARTNERS,Công ty trách nhiệm hữu hạn một thành viên,"Số 27 Thủy Lợi, Khu phố 3, Phường Phước Long A, Quận 9, Thành phố Hồ Chí Minh, Việt Nam",Quận 9,"4690: Bán buôn tổng hợp-Chi tiết: Thực hiện quyền nhập khẩu, quyền xuất khẩu, quyền phân phối bán buôn các hàng hóa không thuộc danh mục hàng hóa cấm xuất khẩu, cấm nhập khẩu và danh mục hàng hóa khôn",internet
316464512,CÔNG TY TNHH THƯƠNG MẠI DỊCH VỤ VÀ VẬN TẢI DƯƠNG HÙNG,CÔNG TY TNHH THƯƠNG MẠI DỊCH V,Công ty trách nhiệm hữu hạn một thành viên,"3 Đường số 7, Khu phố Phước Lai, Phường Long Trường, Quận 9, Thành phố Hồ Chí Minh, Việt Nam",Quận 9,4101: Xây dựng nhà để ở-;4102: Xây dựng nhà không để ở-;4211: Xây dựng công trình đường sắt-;4212: Xây dựng công trình đường bộ-;4299: Xây dựng công trình kỹ thuật dân dụng khác-Chi tiết: Xây dựng côn,internet
316457321,CÔNG TY TNHH THƯƠNG MẠI DỊCH VỤ ĐẦU TƯ XÂY DỰNG NGỌC DIỆP,CÔNG TY TNHH THƯƠNG MẠI DỊCH V,Công ty trách nhiệm hữu hạn một thành viên,"2 Đường số 4, Khu phố 1,, Phường Phước Bình, Quận 9, Thành phố Hồ Chí Minh, Việt Nam",Quận 9,"4651: Bán buôn máy vi tính, thiết bị ngoại vi và phần mềm-;4669: Bán buôn chuyên doanh khác chưa được phân vào đâu-Chi tiết: bán buôn các sản phẩm nhựa, nguyên liệu từ nhựa; giấy, sản phẩm áo mưa, chấ",internet
316464008,CÔNG TY TNHH THƯƠNG MẠI DỊCH VỤ ĐẦU TƯ XÂY DỰNG QUANG THỌ,CÔNG TY TNHH THƯƠNG MẠI DỊCH V,Công ty trách nhiệm hữu hạn một thành viên,"41 Đường số 4, Khu phố 1, Phường Phước Bình, Quận 9, Thành phố Hồ Chí Minh, Việt Nam",Quận 9,"1512: Sản xuất vali, túi xách và các loại tương tự, sản xuất yên đệm-(không hoạt động tại trụ sở);1811: In ấn-(không hoạt động tại trụ sở);4659: Bán buôn máy móc, thiết bị và phụ tùng máy khác-chi tiế",internet
316471076,CÔNG TY TNHH SIMPCIAL,CÔNG TY TNHH SIMPCIAL,Công ty trách nhiệm hữu hạn một thành viên,"1031 Nguyễn Xiển, Phường Long Bình, Quận 9, Thành phố Hồ Chí Minh, Việt Nam",Quận 9,"4791: Bán lẻ theo yêu cầu đặt hàng qua bưu điện hoặc internet-(trừ bán lẻ hóa chất, khí dầu mỏ hóa lỏng LPG, dầu nhớt cặn, vàng miếng, súng, đạn loại dùng đi săn hoặc thể thao và tiền kim khí; Thực hi",internet
316518824,CÔNG TY TNHH ROYAL LANDMARKS,CÔNG TY TNHH ROYAL LANDMARKS,Công ty trách nhiệm hữu hạn hai thành viên trở lên,"197 Đường D2, Phường Tăng Nhơn Phú A, Quận 9, Thành phố Hồ Chí Minh, Việt Nam",Quận 9,"4620: Bán buôn nông, lâm sản nguyên liệu (trừ gỗ, tre, nứa) và động vật sống-Chi tiết: Bán buôn nông sản (Không hoạt động tại trụ sở);4632: Bán buôn thực phẩm-Chi tiết:
- Bán buôn cà phê hạt, đã hoặc ",internet
316469655,CÔNG TY TNHH THƯƠNG MẠI KHÁCH SẠN AN ĐỨC,CÔNG TY TNHH THƯƠNG MẠI KHÁCH ,Công ty trách nhiệm hữu hạn một thành viên,"138/3 Đường số 400, Khu phố 3, Phường Tân Phú, Quận 9, Thành phố Hồ Chí Minh, Việt Nam",Quận 9,"5510: Dịch vụ lưu trú ngắn ngày-Khách sạn, biệt thự du lịch, căn hộ du lịch, nhà nghỉ du lịch, nhà ở có phòng cho khách du lịch thuê;4632: Bán buôn thực phẩm-(không hoạt động tại trụ sở);4633: Bán buô",internet
316489549,CÔNG TY TNHH J&P,CÔNG TY TNHH JP,Công ty trách nhiệm hữu hạn một thành viên,"Lầu 1, 299 Đường Liên Phường, Phường Phú Hữu, Quận 9, Thành phố Hồ Chí Minh, Việt Nam",Quận 9,5621: Cung cấp dịch vụ ăn uống theo hợp đồng không thường xuyên với khách hàng-;5629: Dịch vụ ăn uống khác-;5630: Dịch vụ phục vụ đồ uống-(trừ hoạt động quán bar và quán giải khát có khiêu vũ).;4722: ,internet
316470989,CÔNG TY TNHH NHAHOME,CÔNG TY TNHH NHAHOME,Công ty trách nhiệm hữu hạn một thành viên,"594 Liên Phường, Phường Phú Hữu, Quận 9, Thành phố Hồ Chí Minh, Việt Nam",Quận 9,"6820: Tư vấn, môi giới, đấu giá bất động sản, đấu giá quyền sử dụng đất-(trừ đấu giá tài sản);7410: Hoạt động thiết kế chuyên dụng-;4101: Xây dựng nhà để ở-;4102: Xây dựng nhà không để ở-;4321: Lắp đặ",internet
316542425,CÔNG TY CỔ PHẦN THỰC PHẨM VÀM CỎ,CÔNG TY CỔ PHẦN THỰC PHẨM VÀM ,Công ty cổ phần,"145 Dương Đình Hội, Phường Phước Long B, Quận 9, Thành phố Hồ Chí Minh, Việt Nam",Quận 9,"0111: Trồng lúa-;0112: Trồng ngô và cây lương thực có hạt khác-;0113: Trồng cây lấy củ có chất bột-;0114: Trồng cây mía-;0115: Trồng cây thuốc lá, thuốc lào-;0116: Trồng cây lấy sợi-;0117: Trồng cây c",internet
316545465,CÔNG TY TNHH KHAI THÁC THƯƠNG MẠI H.T.D,CÔNG TY TNHH KHAI THÁC THƯƠNG ,Công ty trách nhiệm hữu hạn một thành viên,"Số 24, Đường N6, Phường Phú Hữu, Quận 9, Thành phố Hồ Chí Minh, Việt Nam",Quận 9,"4799: Bán lẻ hình thức khác chưa được phân vào đâu-(trừ tồn trữ hóa chất tại trụ sở, bán lẻ bình gas, súng, đạn loại dùng đi săn hoặc thể thao và tiền kim khí và thực hiện theo Quyết định 64/2009/QĐ-U",internet
316494041,CÔNG TY TNHH  TRUYỀN THÔNG VÀ QUẢNG CÁO MERCURY,CÔNG TY TNHH  TRUYỀN THÔNG VÀ ,Công ty trách nhiệm hữu hạn một thành viên,"Số nhà 150 đường 5 , Phường Phước Bình, Quận 9, Thành phố Hồ Chí Minh, Việt Nam",Quận 9,"8230: Tổ chức giới thiệu và xúc tiến thương mại--Chi tiết: Tổ chức hội chợ triển lãm, tổ chức hội thảo, tổ chức sự kiện (không thực hiện các hiệu ứng cháy, nổ; không sử dụng chất nổ, chất cháy, hóa ch",internet
316506385,CÔNG TY CỔ PHẦN TM DV HUY NGUYÊN,CÔNG TY CỔ PHẦN TM DV HUY NGUY,Công ty cổ phần,"15/27 Đường 8, KP5, Phường Tăng Nhơn Phú B, Quận 9, Thành phố Hồ Chí Minh, Việt Nam",Quận 9,"4711: Bán lẻ lương thực, thực phẩm, đồ uống, thuốc lá, thuốc lào chiếm tỷ trọng lớn trong các cửa hàng kinh doanh tổng hợp-(thực hiện theo Quyết định số 64/2009/QĐ-UBND ngày 31/07/2009 và Quyết định s",internet
316508632,CÔNG TY TNHH THƯƠNG MẠI DỊCH VỤ VẬN CHUYỂN BẢO BẢO,CÔNG TY TNHH THƯƠNG MẠI DỊCH V,Công ty trách nhiệm hữu hạn hai thành viên trở lên,"39/28/2C Đường 14, Khu phố Bến Cát, Phường Phước Bình, Quận 9, Thành phố Hồ Chí Minh, Việt Nam",Quận 9,"1076: Sản xuất chè-;1077: Sản xuất cà phê-;4620: Bán buôn nông, lâm sản nguyên liệu (trừ gỗ, tre, nứa) và động vật sống-Chi tiết: Bán buôn thóc, ngô và các hạt ngũ cốc khác ( không hoạt động tại trụ s",internet
316515213,CÔNG TY TNHH GIA DỤNG THP,CÔNG TY TNHH GIA DỤNG THP,Công ty trách nhiệm hữu hạn một thành viên,"211 Đường Long Phước, Phường Long Phước, Quận 9, Thành phố Hồ Chí Minh, Việt Nam",Quận 9,"4631: Bán buôn gạo, lúa mỳ, hạt ngũ cốc khác, bột mỳ-( không hoạt động tại trụ sở );4632: Bán buôn thực phẩm-( không hoạt động tại trụ sở );4620: Bán buôn nông, lâm sản nguyên liệu (trừ gỗ, tre, nứa) ",internet
316496835,CÔNG TY TNHH DỊCH VỤ & THƯƠNG MẠI SÀI GÒN XUYÊN VIỆT,CÔNG TY TNHH DỊCH VỤ  THƯƠNG M,Công ty trách nhiệm hữu hạn hai thành viên trở lên,"48/5 Đường 475, Phường Phước Long B, Quận 9, Thành phố Hồ Chí Minh, Việt Nam",Quận 9,"4663: Bán buôn vật liệu, thiết bị lắp đặt khác trong xây dựng-(không hoạt động tại trụ sở);4662: Bán buôn kim loại và quặng kim loại-(trừ kinh doanh vàng miếng);4752: Bán lẻ đồ ngũ kim, sơn, kính và t",internet
316527353,CÔNG TY TNHH XÂY DỰNG VÀ TRANG TRÍ NỘI THẤT ĐIỀN GIA,CÔNG TY TNHH XÂY DỰNG VÀ TRANG,Công ty trách nhiệm hữu hạn một thành viên,"292A Bưng Ông Thoàn, Phường Tăng Nhơn Phú B, Quận 9, Thành phố Hồ Chí Minh, Việt Nam",Quận 9,1811: In ấn-;1812: Dịch vụ liên quan đến in-;1820: Sao chép bản ghi các loại-;4101: Xây dựng nhà để ở-;4102: Xây dựng nhà không để ở-;4211: Xây dựng công trình đường sắt-;4212: Xây dựng công trình đườ,internet
316527748,CÔNG TY TNHH THIẾT KẾ NỘI THẤT KING CONCEPT,CÔNG TY TNHH THIẾT KẾ NỘI THẤT,Công ty trách nhiệm hữu hạn một thành viên,"34 Đường số 7, Phường Phước Bình, Quận 9, Thành phố Hồ Chí Minh, Việt Nam",Quận 9,"4649: Bán buôn đồ dùng khác cho gia đình-Chi tiết: Bán buôn giường tủ , bàn ghế và đồ dùng nội thất tương tự.;4759: Bán lẻ đồ điện gia dụng, giường, tủ, bàn, ghế và đồ nội thất tương tự, đèn và bộ đèn",internet
316522034,CÔNG TY TNHH THƯƠNG MẠI - DỊCH VỤ - XÂY DỰNG LỤC CÁT FIVESTAR,CÔNG TY TNHH THƯƠNG MẠI  DỊCH ,Công ty trách nhiệm hữu hạn một thành viên,"30 Đường số 7, Khu nhà ở Nam Phan , Phường Phú Hữu, Quận 9, Thành phố Hồ Chí Minh, Việt Nam",Quận 9,"4663: Bán buôn vật liệu, thiết bị lắp đặt khác trong xây dựng-Chi tiết: Bán buôn sản phẩm gỗ sơ chế; Bán buôn sơn và véc ni; Bán buôn xi măng, gạch xây, ngói lợp mái; đá, cát, sỏi; gạch lát sàn, gạch ",internet
316533283,CÔNG TY TNHH ĐẦU TƯ PHÁT TRIỂN PHƯỚC AN KHANG,CÔNG TY TNHH ĐẦU TƯ PHÁT TRIỂN,Công ty trách nhiệm hữu hạn hai thành viên trở lên,"147 Man Thiện, Khu phố 6, Phường Hiệp Phú, Quận 9, Thành phố Hồ Chí Minh, Việt Nam",Quận 9,"4632: Bán buôn thực phẩm-Chi tiết: Bán buôn thực phẩm chức năng;4659: Bán buôn máy móc, thiết bị và phụ tùng máy khác-Chi tiết: Bán buôn máy móc, thiết bị, linh kiện máy massage, máy trị liệu chăm sóc",internet
316543972,CÔNG TY TNHH I'M HERE,CÔNG TY TNHH IM HERE,Công ty trách nhiệm hữu hạn một thành viên,"227A Lã Xuân Oai, Phường Tăng Nhơn Phú A, Quận 9, Thành phố Hồ Chí Minh, Việt Nam",Quận 9,"4723: Bán lẻ đồ uống trong các cửa hàng chuyên doanh-;4724: Bán lẻ sản phẩm thuốc lá, thuốc lào trong các cửa hàng chuyên doanh-(thực hiện theo quyết định 64/2009/QĐ-UBNDngày 31/07/2009 và quyết định ",internet
316542288,CÔNG TY CỔ PHẦN ĐẦU TƯ THƯƠNG MẠI ĐQV VIỆT NAM,CÔNG TY CỔ PHẦN ĐẦU TƯ THƯƠNG ,Công ty cổ phần,"175/86 đường số 2, Phường Tăng Nhơn Phú B, Quận 9, Thành phố Hồ Chí Minh, Việt Nam",Quận 9,"8020: Dịch vụ hệ thống bảo đảm an toàn-;7490: Hoạt động chuyên môn, khoa học và công nghệ khác chưa được phân vào đâu-Chi tiết: 
- Hoạt động tư vấn chuyên ngành điện lực: Tư vấn đầu tư xây dự",internet
316557492,CÔNG TY CỔ PHẦN SYSMAC,CÔNG TY CỔ PHẦN SYSMAC,Công ty cổ phần,"261/15/18/34A Đình Phong Phú, Phường Tăng Nhơn Phú B, Quận 9, Thành phố Hồ Chí Minh, Việt Nam",Quận 9,"2620: Sản xuất máy vi tính và thiết bị ngoại vi của máy vi tính-(không hoạt động tại trụ sở);2640: Sản xuất sản phẩm điện tử dân dụng-(không hoạt động tại trụ sở);2660: Sản xuất thiết bị bức xạ, thiết",internet
316497973,CÔNG TY TNHH THƯƠNG MẠI DỊCH VỤ VÀ PHÁT TRIỂN ACT,CÔNG TY TNHH THƯƠNG MẠI DỊCH V,Công ty trách nhiệm hữu hạn một thành viên,"Số 201/10 Đường Lê Văn Việt, Phường Hiệp Phú, Quận 9, Thành phố Hồ Chí Minh, Việt Nam",Quận 9,"4649: Bán buôn đồ dùng khác cho gia đình-Chi tiết: Bán buôn giường, tủ, bàn ghế, cửa nhôm, cửa nhựa và đồ dùng nội thất, Bán buôn nước hoa, hàng mỹ phẩm và chế phẩm vệ sinh, Bán buôn sách, báo, tạp ch",internet
316553811,CÔNG TY TNHH XUẤT NHẬP KHẨU QUỐC TẾ TIGER,CÔNG TY TNHH XUẤT NHẬP KHẨU QU,Công ty trách nhiệm hữu hạn hai thành viên trở lên,"Số 77 đường A4, KDC Nhà Việt Nam, Phường Trường Thạnh, Quận 9, Thành phố Hồ Chí Minh, Việt Nam",Quận 9,"4620: Bán buôn nông, lâm sản nguyên liệu (trừ gỗ, tre, nứa) và động vật sống-;4610: Đại lý, môi giới, đấu giá hàng hóa-Chi tiết: Đại lý, môi giới;4631: Bán buôn gạo, lúa mỳ, hạt ngũ cốc khác, bột mỳ-(",internet
316550948,CÔNG TY TNHH ĐẦU TƯ TƯ VẤN XÂY DỰNG LADOPHA,CÔNG TY TNHH ĐẦU TƯ TƯ VẤN XÂY,Công ty trách nhiệm hữu hạn một thành viên,"175/30/8, Đường số 2, Phường Tăng Nhơn Phú B, Quận 9, Thành phố Hồ Chí Minh, Việt Nam",Quận 9,4101: Xây dựng nhà để ở-;4102: Xây dựng nhà không để ở-;4211: Xây dựng công trình đường sắt-;4212: Xây dựng công trình đường bộ-;4221: Xây dựng công trình điện-(Doanh nghiệp không cung cấp hàng hó,internet
316620088,CÔNG TY TNHH HAI TA MEDIA,CÔNG TY TNHH HAI TA MEDIA,Công ty trách nhiệm hữu hạn hai thành viên trở lên,"41/3 Trần Thị Điệu, Phường Phước Long B, Quận 9, Thành phố Hồ Chí Minh, Việt Nam",Quận 9,6201: Lập trình máy vi tính-;7310: Quảng cáo-;7320: Nghiên cứu thị trường và thăm dò dư luận-;7911: Đại lý du lịch-;8299: Hoạt động dịch vụ hỗ trợ kinh doanh khác còn lại chưa được phân vào đâu-Chi ti,internet
316594896,CÔNG TY TNHH SX TM VÀ DV MINH THANH PHÁT,CÔNG TY TNHH SX TM VÀ DV MINH ,Công ty trách nhiệm hữu hạn một thành viên,"10/21 Đường 311, Tổ 7 Khu phố 5, Phường Hiệp Phú, Quận 9, Thành phố Hồ Chí Minh, Việt Nam",Quận 9,"1391: Sản xuất vải dệt kim, vải đan móc và vải không dệt khác-Chi tiết: Sản xuất lưới và đồ trang trí cửa sổ, vải đan trên máy Raschel và các máy tương tự;1410: May trang phục (trừ trang phục từ da lô",internet
316597167,DOANH NGHIỆP TƯ NHÂN DỊCH VỤ TRÒ CHƠI ĐIỆN TỬ CÔNG CỘNG INTERNET CYBER ALL GAME THE AIR GAMING,DOANH NGHIỆP TƯ NHÂN DỊCH VỤ T,Doanh nghiệp tư nhân,"56/20 Đường 147, Khu phố 3, Phường Phước Long B, Quận 9, Thành phố Hồ Chí Minh, Việt Nam",Quận 9,"6190: Hoạt động viễn thông khác-Chi tiết: -Hoạt động của các điểm truy cập internet -  Điểm cung cấp dịch vụ trò chơi điện tử công cộng (không kinh doanh trò chơi có hại cho giáo dục nhân cách, sức kh",internet
316575519,CÔNG TY TNHH 3 IN COMMUNICATION,CÔNG TY TNHH 3 IN COMMUNICATIO,Công ty trách nhiệm hữu hạn một thành viên,"Số 29 Đường N1, Phường Phú Hữu, Quận 9, Thành phố Hồ Chí Minh, Việt Nam",Quận 9,9329: Hoạt động vui chơi giải trí khác chưa được phân vào đâu-(Trừ hoạt động của các sàn nhảy; trừ kinh doanh trò chơi điện tử có thưởng dành cho người nước ngoài và kinh doanh trò chơi điện tử có thư,internet
316584721,CÔNG TY TNHH THƯƠNG MẠI ĐẦU TƯ XÂY DỰNG HẢI MINH QUANG,CÔNG TY TNHH THƯƠNG MẠI ĐẦU TƯ,Công ty trách nhiệm hữu hạn một thành viên,"Số 22 Đường Quang Trung, Phường Hiệp Phú, Quận 9, Thành phố Hồ Chí Minh, Việt Nam",Quận 9,"7722: Cho thuê băng, đĩa video-;7729: Cho thuê đồ dùng cá nhân và gia đình khác-;7721: Cho thuê thiết bị thể thao, vui chơi giải trí-;4312: Chuẩn bị mặt bằng-;5621: Cung cấp dịch vụ ăn uống theo hợp đ",internet
316615024,CÔNG TY CỔ PHẦN SLC (GIẢI PHÁP CUỘC SỐNG),CÔNG TY CỔ PHẦN SLC GIẢI PHÁP ,Công ty cổ phần,"58/26 Tân Lập 1, Phường Hiệp Phú, Quận 9, Thành phố Hồ Chí Minh, Việt Nam",Quận 9,"4610: Đại lý, môi giới, đấu giá hàng hóa-Chi tiết: Đại lý. Môi giới.;4632: Bán buôn thực phẩm-(không hoạt động tại trụ sở);4633: Bán buôn đồ uống-;4641: Bán buôn vải, hàng may mặc, giày dép-;4649: Bán",internet
316609856,CÔNG TY TNHH WISDOM ENGINEERING & BUSINESS SOLUTIONS,CÔNG TY TNHH WISDOM ENGINEERIN,Công ty trách nhiệm hữu hạn một thành viên,"39/17D Gò Cát, Phường Phú Hữu, Quận 9, Thành phố Hồ Chí Minh, Việt Nam",Quận 9,7211: Nghiên cứu khoa học và phát triển công nghệ trong lĩnh vực khoa học tự nhiên-;7212: Nghiên cứu khoa học và phát triển công nghệ trong lĩnh vực khoa học kỹ thuật và công nghệ-;7213: Nghiên cứu kh,internet
316662955,CÔNG TY TNHH CHIPSEN ELECTRONICS TECHNOLOGY (VIET NAM),CÔNG TY TNHH CHIPSEN ELECTRONI,Công ty trách nhiệm hữu hạn một thành viên,"1560 Nguyễn Duy Trinh, KP. Tam Đa, Phường Trường Thạnh, Quận 9, Thành phố Hồ Chí Minh, Việt Nam",Quận 9,"4659: Bán buôn máy móc, thiết bị và phụ tùng máy khác-Chi tiết: Thực hiện quyền xuất khẩu, quyền nhập khẩu, quyền phân phối bán buôn các hàng hóa không thuộc danh mục hàng hóa cấm xuất khẩu, cấm nhập ",technology
316627904,CÔNG TY CỔ PHẦN SẢN XUẤT DỊCH VỤ THƯƠNG MẠI XÂY DỰNG QUỐC TẾ,CÔNG TY CỔ PHẦN SẢN XUẤT DỊCH ,Công ty cổ phần,"64 Nguyễn Xiển, Kp Tam Đa, Phường Trường Thạnh, Quận 9, Thành phố Hồ Chí Minh, Việt Nam",Quận 9,"4610: Đại lý, môi giới, đấu giá hàng hóa-chi tiết: Đại lý bán hàng hóa, môi giới mua bán hàng hóa (trừ môi giới bất động sản);4322: Lắp đặt hệ thống cấp, thoát nước, hệ thống sưởi và đi",internet
316640479,CÔNG TY TNHH STONE NETWORK,CÔNG TY TNHH STONE NETWORK,Công ty trách nhiệm hữu hạn một thành viên,"76/2A1 Đường 109, Phường Phước Long B, Quận 9, Thành phố Hồ Chí Minh, Việt Nam",Quận 9,"2620: Sản xuất máy vi tính và thiết bị ngoại vi của máy vi tính-;4610: Đại lý, môi giới, đấu giá hàng hóa-Chi tiết: Đại lý bán hàng hóa, Môi giới mua bán hàng hóa (trừ đấu giá hàng hóa, trừ môi giới b",internet
316612249,CÔNG TY TNHH THƯƠNG MẠI DỊCH VỤ TÙNG MINH,CÔNG TY TNHH THƯƠNG MẠI DỊCH V,Công ty trách nhiệm hữu hạn hai thành viên trở lên,"293 đường đại lộ 3, Phường Phước Bình, Quận 9, Thành phố Hồ Chí Minh, Việt Nam",Quận 9,"7120: Kiểm tra và phân tích kỹ thuật-chi tiết: Giám định thương mại (kiểm tra chất lượng sản phẩm may mặc không cấp Chứng thư giám định);7020: Hoạt động tư vấn quản lý-(trừ tư vấn tài chính, kế toán, ",internet
316097421,CÔNG TY TNHH THƯƠNG MẠI VÀ ĐẦU TƯ XÂY DỰNG ĐẠI CÁT TƯỜNG,CÔNG TY TNHH THƯƠNG MẠI VÀ ĐẦU,Công ty trách nhiệm hữu hạn một thành viên,"Số 11 Đường 297, Khu phố 4, Phường Phước Long B, Quận 9, Thành phố Hồ Chí Minh, Việt Nam",Quận 9,"0722: Khai thác quặng kim loại khác không chứa sắt-Chi tiết: Khai thác titan (không hoạt động tại trụ sở).;0810: Khai thác đá, cát, sỏi, đất sét--(không hoạt động tại trụ sở).;2394: Sản xuất xi măng, ",internet
316102907,CÔNG TY CỔ PHẦN CÔNG NGHỆ AOI,CÔNG TY CỔ PHẦN CÔNG NGHỆ AOI,Công ty cổ phần,"28/4D Đường 29, Khu phố Long Hoà , Phường Long Thạnh Mỹ, Quận 9, Thành phố Hồ Chí Minh, Việt Nam",Quận 9,"6311: Xử lý dữ liệu, cho thuê và các hoạt động liên quan-;6312: Cổng thông tin--Chi tiết: Thiết lập trang thông tin điện tử tổng hợp.;7420: Hoạt động nhiếp ảnh--(Trừ sản xuất phim);4791: Bán lẻ theo y",internet
316139495,CÔNG TY TNHH HAPU VIỆT NAM,CÔNG TY TNHH HAPU VIỆT NAM,Công ty trách nhiệm hữu hạn một thành viên,"120 Đường 15, Khu Phố Vĩnh Thuận, Phường Long Bình, Quận 9, Thành phố Hồ Chí Minh, Việt Nam",Quận 9,"4620: Bán buôn nông, lâm sản nguyên liệu (trừ gỗ, tre, nứa) và động vật sống-Chi tiết: Bán buôn nông, lâm sản nguyên liệu khác (trừ gỗ, tre, nứa) (không hoạt động tại trụ sở);4632: Bán buôn thực phẩm-",internet
316164734,CÔNG TY TNHH MỘT THÀNH VIÊN QUẢNG CÁO NKK,CÔNG TY TNHH MỘT THÀNH VIÊN QU,Công ty trách nhiệm hữu hạn một thành viên,"42 Đường 379, Phường Tăng Nhơn Phú A, Quận 9, Thành phố Hồ Chí Minh, Việt Nam",Quận 9,"1621: Sản xuất gỗ dán, gỗ lạng, ván ép và ván mỏng khác-;1629: Sản xuất sản phẩm khác từ gỗ; sản xuất sản phẩm từ tre, nứa, rơm, rạ và vật liệu tết bện-;1702: Sản xuất giấy nhăn, bìa nhăn, bao bì từ g",internet
316177204,CÔNG TY TNHH XÂY DỰNG-THƯƠNG MẠI- DỊCH VỤ-VẬN TẢI PHÚ LÊ SANG,CÔNG TY TNHH XÂY DỰNGTHƯƠNG MẠ,Công ty trách nhiệm hữu hạn một thành viên,"75 Đường 14, Khu phố Bến Cát, Phường Phước Bình, Quận 9, Thành phố Hồ Chí Minh, Việt Nam",Quận 9,"4741: Bán lẻ máy vi tính, thiết bị ngoại vi, phần mềm và thiết bị viễn thông trong các cửa hàng chuyên doanh-;4742: Bán lẻ thiết bị nghe nhìn trong các cửa hàng chuyên doanh-;4751: Bán lẻ vải, len, sợ",internet
316173062,CÔNG TY TNHH THƯƠNG MẠI DỊCH VỤ HOÀI SANG,CÔNG TY TNHH THƯƠNG MẠI DỊCH V,Công ty trách nhiệm hữu hạn một thành viên,"84G Đường Số 6, Khu Phố 3, Phường Tăng Nhơn Phú B, Quận 9, Thành phố Hồ Chí Minh, Việt Nam",Quận 9,"4321: Lắp đặt hệ thống điện-;3314: Sửa chữa thiết bị điện-;3312: Sửa chữa máy móc, thiết bị-chi tiết: sửa chữa và bảo trì hệ thống điện công nghiệp và dân dụng (trừ gia công cơ khí, tái chế phế thải, ",internet
316189288,CÔNG TY TNHH MOONKEY,CÔNG TY TNHH MOONKEY,Công ty trách nhiệm hữu hạn hai thành viên trở lên,"14 Đường 310B, Khu Nhà Ở Công Ty Gia Phước, Khu Phố 4, Phường Phú Hữu, Quận 9, Thành phố Hồ Chí Minh, Việt Nam",Quận 9,"3290: Sản xuất khác chưa được phân vào đâu-(không hoạt động tại trụ sở) (trừ sản xuất xốp cách nhiệt sử dụng ga R141b, sử dụng polyol trộn sẵn HCFC-141b);4690: Bán buôn tổng hợp-(trừ bán",internet
316198282,CÔNG TY TNHH THƯƠNG MẠI DỊCH VỤ XUẤT NHẬP KHẨU NHUSAGE,CÔNG TY TNHH THƯƠNG MẠI DỊCH V,Công ty trách nhiệm hữu hạn hai thành viên trở lên,"2A Trịnh Hoài Đức, Phường Hiệp Phú, Quận 9, Thành phố Hồ Chí Minh, Việt Nam",Quận 9,"4771: Bán lẻ hàng may mặc, giày dép, hàng da và giả da trong các cửa hàng chuyên doanh-;4772: Bán lẻ thuốc, dụng cụ y tế, mỹ phẩm và vật phẩm vệ sinh trong các cửa hàng chuyên doanh-;4773: Bán lẻ hàng",internet
316313312,CÔNG TY CỔ PHẦN DỊCH VỤ THƯƠNG MẠI QUỐC TẾ NHÀ SẠCH,CÔNG TY CỔ PHẦN DỊCH VỤ THƯƠNG,Công ty cổ phần,"297/7 Phước Thiện, Phường Long Bình, Quận 9, Thành phố Hồ Chí Minh, Việt Nam",Quận 9,"8129: Vệ sinh công nghiệp và các công trình chuyên biệt-Chi tiết: 
- Dịch vụ vệ sinh bên ngoài cho tất cả các công trình, bao gồm các văn phòng, nhà máy, cửa hàng, cơ quan và các khu nhà đa mục tiêu k",internet
316350699,CÔNG TY TNHH TM VÀ XD HỒNG PHƯỚC,CÔNG TY TNHH TM VÀ XD HỒNG PHƯ,Công ty trách nhiệm hữu hạn một thành viên,"199 Đường số 9, Phường Phước Bình, Quận 9, Thành phố Hồ Chí Minh, Việt Nam",Quận 9,"4101: Xây dựng nhà để ở-;4651: Bán buôn máy vi tính, thiết bị ngoại vi và phần mềm-;4652: Bán buôn thiết bị và linh kiện điện tử, viễn thông-;6120: Hoạt động viễn thông không dây-;6110: Hoạt động viễn",internet
316401738,CÔNG TY TNHH MỘT THÀNH VIÊN XUẤT NHẬP KHẨU SOHO,CÔNG TY TNHH MỘT THÀNH VIÊN XU,Công ty trách nhiệm hữu hạn một thành viên,"20 Đường số 8, Phường Phước Bình, Quận 9, Thành phố Hồ Chí Minh, Việt Nam",Quận 9,"4663: Bán buôn vật liệu, thiết bị lắp đặt khác trong xây dựng-;4759: Bán lẻ đồ điện gia dụng, giường, tủ, bàn, ghế và đồ nội thất tương tự, đèn và bộ đèn điện, đồ dùng gia đình khác chưa được phân vào",internet
316452651,CÔNG TY TNHH TRƯƠNG GIA KÝ,CÔNG TY TNHH TRƯƠNG GIA KÝ,Công ty trách nhiệm hữu hạn một thành viên,"31/7 Đường số 5 Hoàng Hữu Nam, Phường Long Thạnh Mỹ, Quận 9, Thành phố Hồ Chí Minh, Việt Nam",Quận 9,4722: Bán lẻ thực phẩm trong các cửa hàng chuyên doanh-(Thực hiện theo quyết định 64/2009/QĐ-UBND ngày 31/7/2009 và quyết định 79/2009/QĐ-UBND ngày 17/10/2009 của UBND TP. HCM về phê duyệt quy hoạch k,internet
316476395,CÔNG TY CỔ PHẦN SEEDLAND,CÔNG TY CỔ PHẦN SEEDLAND,Công ty cổ phần,"Số 12, Đường D6, KDC Nam Long mở rộng, Phường Phước Long B, Quận 9, Thành phố Hồ Chí Minh, Việt Nam",Quận 9,"4799: Bán lẻ hình thức khác chưa được phân vào đâu-(trừ bán lẻ bình gas, khí dầu mỏ hóa lỏng LPG, dầu nhớt cặn, vàng miếng, súng, đạn loại dùng đi săn hoặc thể thao và tiền kim khí; trừ bán lẻ hóa chấ",internet
316477776,CÔNG TY TNHH THƯƠNG MẠI YẾN SÀO THIÊN MINH,CÔNG TY TNHH THƯƠNG MẠI YẾN SÀ,Công ty trách nhiệm hữu hạn một thành viên,"Số 33 Đường 12B, Phường Long Thạnh Mỹ, Quận 9, Thành phố Hồ Chí Minh, Việt Nam",Quận 9,"4659: Bán buôn máy móc, thiết bị và phụ tùng máy khác-Chi tiết: Bán buôn máy móc, thiết bị, phụ tùng ngành chăn nuôi, sản xuất thực phẩm;4632: Bán buôn thực phẩm-Chi tiết: Bán buôn tổ yến, yến sào, cá",internet
316481067,CÔNG TY TNHH CƠ ĐIỆN KHẢI VĂN,CÔNG TY TNHH CƠ ĐIỆN KHẢI VĂN,Công ty trách nhiệm hữu hạn một thành viên,"12/10 Đường 339, Khu phố 5, Phường Phước Long B, Quận 9, Thành phố Hồ Chí Minh, Việt Nam",Quận 9,"4669: Bán buôn chuyên doanh khác chưa được phân vào đâu--(trừ bán buôn hóa chất, khí dầu mỏ hóa lỏng LPG, dầu nhớt cặn, vàng miếng, súng, đạn loại dùng đi săn hoặc thể thao và tiền kim khí; Thực hiện ",internet
316549678,CÔNG TY TNHH THƯƠNG MẠI DỊCH VỤ VN POWER,CÔNG TY TNHH THƯƠNG MẠI DỊCH V,Công ty trách nhiệm hữu hạn một thành viên,"545/16/41 Nguyễn Xiển, Phường Long Thạnh Mỹ, Quận 9, Thành phố Hồ Chí Minh, Việt Nam",Quận 9,7212: Nghiên cứu khoa học và phát triển công nghệ trong lĩnh vực khoa học kỹ thuật và công nghệ-Chi tiết: Nghiên cứu và phát triển kỹ thuật và công nghệ (trừ y khoa);7310: Quảng cáo-;7320: Nghiên cứu ,internet
316562654,CÔNG TY TNHH THƯƠNG MẠI DỊCH VỤ TOÀN HIỆP PHÁT,CÔNG TY TNHH THƯƠNG MẠI DỊCH V,Công ty trách nhiệm hữu hạn một thành viên,"19/1 Trần Thị Điệu, Phường Phước Long B, Quận 9, Thành phố Hồ Chí Minh, Việt Nam",Quận 9,"4741: Bán lẻ máy vi tính, thiết bị ngoại vi, phần mềm và thiết bị viễn thông trong các cửa hàng chuyên doanh-;6202: Tư vấn máy vi tính và quản trị hệ thống máy vi tính-;6209: Hoạt động dịch vụ công ng",internet
316584496,CÔNG TY CỔ PHẦN THƯƠNG MẠI VSC,CÔNG TY CỔ PHẦN THƯƠNG MẠI VSC,Công ty cổ phần,"14/1B Đường 359, Phường Phước Long B, Quận 9, Thành phố Hồ Chí Minh, Việt Nam",Quận 9,"2592: Gia công cơ khí; xử lý và tráng phủ kim loại-;3312: Sửa chữa máy móc, thiết bị-;3320: Lắp đặt máy móc và thiết bị công nghiệp-;4101: Xây dựng nhà để ở-;4649: Bán buôn đồ dùng khác cho gia đình-;",internet
316622504,CÔNG TY TNHH OSCP,CÔNG TY TNHH OSCP,Công ty trách nhiệm hữu hạn một thành viên,"342 Đường D14, KDC Hưng Phú 1, Phường Phước Long B, Quận 9, Thành phố Hồ Chí Minh, Việt Nam",Quận 9,"4652: Bán buôn thiết bị và linh kiện điện tử, viễn thông-;5229: Hoạt động dịch vụ hỗ trợ khác liên quan đến vận tải-Chi tiết: Hoạt động của các đại lý bán vé máy bay (trừ hóa lỏng khí để vận chuyển và",vi tinh
316663638,CÔNG TY CỔ PHẦN CÀ PHÊ SẠCH MỘC CHÂU,CÔNG TY CỔ PHẦN CÀ PHÊ SẠCH MỘ,Công ty cổ phần,"9/12 Đường 2, Khu phố Phước Hiệp, Phường Trường Thạnh, Quận 9, Thành phố Hồ Chí Minh, Việt Nam",Quận 9,"0118: Trồng rau, đậu các loại và trồng hoa-(không hoạt động tại trụ sở);4799: Bán lẻ hình thức khác chưa được phân vào đâu-Chi tiết: Bán lẻ rượu, bia, thuốc lá phục vụ khách hàng tại nhà hàng (thực hi",internet
