tax_code,name,name_slug,company_type,address,district,industry_raw,keyword
313610846,CÔNG TY TNHH SẢN XUẤT THƯƠNG MẠI M.L.C HEALTHCARE,CÔNG TY TNHH SẢN XUẤT THƯƠNG M,Công ty trách nhiệm hữu hạn hai thành viên trở lên,"Số 137 Trần Huy Liệu, Phường 08, Quận Phú Nhuận, Thành phố Hồ Chí Minh, Việt Nam",Quận Phú Nhuận,"4222: Xây dựng công trình cấp, thoát nước-;4223: Xây dựng công trình viễn thông, thông tin liên lạc-(Trừ các loại thông tin nhà nước cấm và dịch vụ điều tra); 4229: Xây dựng công trình công ích khác-;",internet
313609865,CÔNG TY TNHH DỊCH VỤ TƯ VẤN ASEAN,CÔNG TY TNHH DỊCH VỤ TƯ VẤN AS,Công ty trách nhiệm hữu hạn hai thành viên trở lên,"702A, Tầng 7, Tòa nhà Centre Point, 106 Nguyễn Văn Trỗi, Phường 08, Quận Phú Nhuận, Thành phố Hồ Chí Minh, Việt Nam",Quận Phú Nhuận,"8230: Tổ chức giới thiệu và xúc tiến thương mại-Chi tiết: Tổ chức hội nghị, hội thảo, hội chợ triển lãm, sự kiện (không thực hiện các hiệu ứng cháy, nổ; không sử dụng chất nổ, chất cháy, hóa chất làm ",internet
313609840,CÔNG TY TNHH BEST EYE,CÔNG TY TNHH BEST EYE,Công ty trách nhiệm hữu hạn hai thành viên trở lên,"26 Nguyễn Văn Đậu, Phường 05, Quận Phú Nhuận, Thành phố Hồ Chí Minh, Việt Nam",Quận Phú Nhuận,"6329: Dịch vụ thông tin khác chưa được phân vào đâu-Chi tiết: dịch vụ cho thuê hosting, domain;6209: Hoạt động dịch vụ công nghệ thông tin và dịch vụ khác liên quan đến máy vi tính-(trừ kinh doanh dđạ",internet
313613300,CÔNG TY CỔ PHẦN CỔNG NHÀ ĐẤT,CÔNG TY CỔ PHẦN CỔNG NHÀ ĐẤT,Công ty cổ phần,"Lầu 4, 262 Huỳnh Văn Bánh , Phường 11, Quận Phú Nhuận, Thành phố Hồ Chí Minh, Việt Nam",Quận Phú Nhuận,"6201: Lập trình máy vi tính-;6311: Xử lý dữ liệu, cho thuê và các hoạt động liên quan-;6312: Cổng thông tin-chi tiết: thiết lập trang thông tin điện tử ứng dụng chuyên ngành;6329: Dịch vụ thông tin kh",internet
313623027,CÔNG TY CỔ PHẦN ĐẦU TƯ VÀ PHÁT TRIỂN NSC,CÔNG TY CỔ PHẦN ĐẦU TƯ VÀ PHÁT,Công ty cổ phần,"Số 7, Hoa Thị, Phường 07, Quận Phú Nhuận, Thành phố Hồ Chí Minh, Việt Nam",Quận Phú Nhuận,8559: Giáo dục khác chưa được phân vào đâu-Chi tiết: Giáo dục không xác định theo cấp độ tại các trung tâm đào tạo bồi dưỡng; các dịch vụ dạy kèm( gia sư); Giáo dục dự bị; các trung tâm dạy học có các,internet
313644958,CÔNG TY TNHH YAH SOLUTION,CÔNG TY TNHH YAH SOLUTION,Công ty trách nhiệm hữu hạn hai thành viên trở lên,"92 Thích Quảng Đức, Phường 05, Quận Phú Nhuận, Thành phố Hồ Chí Minh, Việt Nam",Quận Phú Nhuận,"4772: Bán lẻ thuốc, dụng cụ y tế, mỹ phẩm và vật phẩm vệ sinh trong các cửa hàng chuyên doanh-Chi tiết: Bán lẻ mắt kính, đồng hồ. Bán lẻ nước hoa, hàng mỹ phẩm và chế phẩm vệ sinh.;4771: Bán lẻ hàng m",internet
313649843,CÔNG TY TNHH ĐẦU TƯ THƯƠNG MẠI NAM VIỆT PHÚ,CÔNG TY TNHH ĐẦU TƯ THƯƠNG MẠI,Công ty trách nhiệm hữu hạn hai thành viên trở lên,"42/6 Nguyễn Văn Trỗi, Phường 15, Quận Phú Nhuận, Thành phố Hồ Chí Minh, Việt Nam",Quận Phú Nhuận,"1811: In ấn-(trừ in tráng bao bì kim loại, in trên các sản phẩm vải sợi, dệt, may, đan tại trụ sở);1812: Dịch vụ liên quan đến in-;5911: Hoạt động sản xuất phim điện ảnh, phim video và chương trình tr",internet
315539719,CÔNG TY TNHH ROVER,CÔNG TY TNHH ROVER,Công ty trách nhiệm hữu hạn một thành viên,"16 Lê Quý Đôn, Phường 11, Quận Phú Nhuận, Thành phố Hồ Chí Minh, Việt Nam",Quận Phú Nhuận,"4632: Bán buôn thực phẩm-(không hoạt động tại trụ sở) 
Chi tiết: Bán buôn muối; 4620: Bán buôn nông, lâm sản nguyên liệu (trừ gỗ, tre, nứa) và động vật sống-(không hoạt động tại trụ sở) 
Chi tiết: - B",internet
313654096,CÔNG TY TNHH THƯƠNG MẠI DỊCH VỤ CÔNG NGHỆ TƯƠNG TÁC FIRST,CÔNG TY TNHH THƯƠNG MẠI DỊCH V,Công ty trách nhiệm hữu hạn hai thành viên trở lên,"21 Đào Duy Anh, Phường 09, Quận Phú Nhuận, Thành phố Hồ Chí Minh, Việt Nam",Quận Phú Nhuận,"4659: Bán buôn máy móc, thiết bị và phụ tùng máy khác-Chi tiết: Bán buôn máy móc, thiết bị ngành quảng cáo và truyền thông. Bán buôn máy phát điện, động cơ điện, dây điện và thiết bị khác dùng trong m",internet
313661872,CÔNG TY TNHH ASIA INNOVATIONS NETWORK VIỆT NAM,CÔNG TY TNHH ASIA INNOVATIONS ,Công ty trách nhiệm hữu hạn một thành viên,"38/26 Nguyễn Văn Trỗi, Phường 15, Quận Phú Nhuận, Thành phố Hồ Chí Minh, Việt Nam",Quận Phú Nhuận,"6311: Xử lý dữ liệu, cho thuê và các hoạt động liên quan-Chi tiết: dịch vụ xử lý dữ liệu (CPC 843)
(Doanh nghiệp không được cung cấp “dịch vụ thông tin trực tuyến và xử lý dữ liệu bao gồm cả xử lý gia",network
313666158,CÔNG TY TNHH PHÁT TRIỂN DỊCH VỤ CÔNG NGHỆ HƯNG PHÁT,CÔNG TY TNHH PHÁT TRIỂN DỊCH V,Công ty trách nhiệm hữu hạn một thành viên,"328- 330 Phan Xích Long, Phường 07, Quận Phú Nhuận, Thành phố Hồ Chí Minh, Việt Nam",Quận Phú Nhuận,1811: In ấn-;1812: Dịch vụ liên quan đến in-;5820: Xuất bản phần mềm-Chi tiết: Sản xuất phần mềm;6201: Lập trình máy vi tính-;6202: Tư vấn máy vi tính và quản trị hệ thống máy vi tính-;6209: Hoạt động,internet
313659513,CÔNG TY TNHH THƯƠNG MẠI DỊCH VỤ VÀ TRUYỀN THÔNG VIỆT STAR,CÔNG TY TNHH THƯƠNG MẠI DỊCH V,Công ty trách nhiệm hữu hạn một thành viên,"51G Phan Tây Hồ, Phường 07, Quận Phú Nhuận, Thành phố Hồ Chí Minh, Việt Nam",Quận Phú Nhuận,"4669: Bán buôn chuyên doanh khác chưa được phân vào đâu-Chi tiết: Bán buôn mực in các loại.;4741: Bán lẻ máy vi tính, thiết bị ngoại vi, phần mềm và thiết bị viễn thông trong các cửa hàng chuyên doanh",internet
316474359,CÔNG TY TNHH YOLO,CÔNG TY TNHH YOLO,Công ty trách nhiệm hữu hạn hai thành viên trở lên,"124 Phan Đình Phùng, Phường 02, Quận Phú Nhuận, Thành phố Hồ Chí Minh, Việt Nam",Quận Phú Nhuận,"8230: Tổ chức giới thiệu và xúc tiến thương mại-Chi tiết: Trừ hoạt động họp báo (không thực hiện các hiệu ứng cháy, nổ; không sử dụng chất nổ, chất cháy, hóa chất làm đạo cụ, dụng cụ thực hiện cá",internet
313676043,CÔNG TY TNHH NEW LIFE SOURCE,CÔNG TY TNHH NEW LIFE SOURCE,Công ty trách nhiệm hữu hạn một thành viên,"Phòng 108, Tòa Nhà Âu Việt, Số 2 Trương Quốc Dung, Phường 08, Quận Phú Nhuận, Thành phố Hồ Chí Minh, Việt Nam",Quận Phú Nhuận,"4649: Bán buôn đồ dùng khác cho gia đình-chi tiết: Bán buôn dụng cụ y tế; Bán buôn nước hoa, hàng mỹ phẩm, chất tẩy rửa, chất làm bóng, xà phòng và chế phẩm vệ sinh; Bán buôn thảm, đệm, chăn, màn, rèm",internet
316717107,CÔNG TY CỔ PHẦN ĐỒNG ĐỘI GROUP,CÔNG TY CỔ PHẦN ĐỒNG ĐỘI GROUP,Công ty cổ phần,"50C Hoa Cau, Phường 07, Quận Phú Nhuận, Thành phố Hồ Chí Minh, Việt Nam",Quận Phú Nhuận,"4669: Bán buôn chuyên doanh khác chưa được phân vào đâu-Chi tiết: Bán buôn máy móc, thiết bị và phụ tùng máy khai khoáng, xây dựng;7410: Hoạt động thiết kế chuyên dụng-Chi tiết: Hoạt động trang trí nộ",internet
313691154,CÔNG TY TNHH THỰC PHẨM NHẬT,CÔNG TY TNHH THỰC PHẨM NHẬT,Công ty trách nhiệm hữu hạn hai thành viên trở lên,"607 - 609 Nguyễn Kiệm, Phường 09, Quận Phú Nhuận, Thành phố Hồ Chí Minh, Việt Nam",Quận Phú Nhuận,"4711: Bán lẻ lương thực, thực phẩm, đồ uống, thuốc lá, thuốc lào chiếm tỷ trọng lớn trong các cửa hàng kinh doanh tổng hợp-(thực hiện theo Quyết định 64/2009/QĐ-UBND ngày 31/7/2009 của Ủy ban nhân dân",internet
313682978,CÔNG TY TNHH DỊCH VỤ VIỄN THÔNG VIỄN TÍN PHÁT,CÔNG TY TNHH DỊCH VỤ VIỄN THÔN,Công ty trách nhiệm hữu hạn hai thành viên trở lên,"742/9 Nguyễn Kiệm, Phường 04, Quận Phú Nhuận, Thành phố Hồ Chí Minh, Việt Nam",Quận Phú Nhuận,"1811: In ấn-(trừ in tráng bao bì kim loại, in trên sản phẩm vải, sợi, dệt, may đan tại trụ sở).;1812: Dịch vụ liên quan đến in-;5229: Hoạt động dịch vụ hỗ trợ khác liên quan đến vận tải-Chi tiết: Đại ",internet
313698135,CÔNG TY TNHH NINH NAM VINH,CÔNG TY TNHH NINH NAM VINH,Công ty trách nhiệm hữu hạn một thành viên,"349 Huỳnh Văn Bánh, Phường 11, Quận Phú Nhuận, Thành phố Hồ Chí Minh, Việt Nam",Quận Phú Nhuận,"4741: Bán lẻ máy vi tính, thiết bị ngoại vi, phần mềm và thiết bị viễn thông trong các cửa hàng chuyên doanh-Chi tiết: Bán lẻ thẻ cào nạp tiền vào tài khoản điện thoại di động.;4652: Bán buôn thiết bị",internet
313736905,CÔNG TY TNHH EXCEDO GLOBAL,CÔNG TY TNHH EXCEDO GLOBAL,Công ty trách nhiệm hữu hạn một thành viên,"202B Hoàng Văn Thụ, Phường 09, Quận Phú Nhuận, Thành phố Hồ Chí Minh, Việt Nam",Quận Phú Nhuận,4721: Bán lẻ lương thực trong các cửa hàng chuyên doanh-(thực hiện theo Quyết định 64/2009/QĐ-UBND ngày 31/7/2009 của Ủy ban nhân dân Thành phố Hồ Chí Minh và Quyết định 79/2009/QĐ-UBND ngày 17/10/200,internet
313762687,CÔNG TY TNHH THE FIFTH AVENUE,CÔNG TY TNHH THE FIFTH AVENUE,Công ty trách nhiệm hữu hạn một thành viên,"86 Hoàng Văn Thụ, Phường 09, Quận Phú Nhuận, Thành phố Hồ Chí Minh, Việt Nam",Quận Phú Nhuận,"5229: Hoạt động dịch vụ hỗ trợ khác liên quan đến vận tải-Chi tiết: Bán vé máy bay quốc nội và quốc tế (trừ kinh doanh bến bãi ô tô, hóa lỏng khí để vận chuyển và hoạt động liên quan đến vận tải đường",internet
313756034,DOANH NGHIỆP TƯ NHÂN LÊ KIỀU MY,DOANH NGHIỆP TƯ NHÂN LÊ KIỀU M,Doanh nghiệp tư nhân,"15 Đỗ Tấn Phong, Phường 09, Quận Phú Nhuận, Thành phố Hồ Chí Minh, Việt Nam",Quận Phú Nhuận,"6190: Hoạt động viễn thông khác-Chi tiết: 
+ Hoạt động của các điểm truy cập Internet
+ Điểm cung cấp dịch vụ trò chơi điện tử công cộng (trừ kinh doanh trò chơi điện tử có thưởng dành cho người nước ",internet
313741334,CÔNG TY CỔ PHẦN TƯ VẤN VÀ XÂY DỰNG GIẢI PHÁP CÔNG NGHỆ VIỆT NAM,CÔNG TY CỔ PHẦN TƯ VẤN VÀ XÂY ,Công ty cổ phần,"100 Đào Duy Anh, Phường 09, Quận Phú Nhuận, Thành phố Hồ Chí Minh, Việt Nam",Quận Phú Nhuận,"4741: Bán lẻ máy vi tính, thiết bị ngoại vi, phần mềm và thiết bị viễn thông trong các cửa hàng chuyên doanh-Chi tiết: Bán lẻ máy vi tính, thiết bị ngoại vi, phần mềm và thiết bị viễn thông; Bán lẻ đi",internet
313780132,CÔNG TY CỔ PHẦN GIÁO DỤC NĂNG LƯỢNG XANH,CÔNG TY CỔ PHẦN GIÁO DỤC NĂNG ,Công ty cổ phần,"137 Trần Huy Liệu, Phường 08, Quận Phú Nhuận, Thành phố Hồ Chí Minh, Việt Nam",Quận Phú Nhuận,"7020: Hoạt động tư vấn quản lý-(trừ tư vấn tài chính, kế toán);5610: Nhà hàng và các dịch vụ ăn uống phục vụ lưu động-chi tiết: Nhà hàng, quán ăn, hàng ăn uống (không hoạt động tại trụ sở);4932: Vận t",internet
313766032,CÔNG TY TNHH THƯƠNG MẠI DỊCH VỤ SẢN XUẤT VINAHC,CÔNG TY TNHH THƯƠNG MẠI DỊCH V,Công ty trách nhiệm hữu hạn hai thành viên trở lên,"73/45 Huỳnh Văn Bánh, Phường 17, Quận Phú Nhuận, Thành phố Hồ Chí Minh, Việt Nam",Quận Phú Nhuận,1079: Sản xuất thực phẩm khác chưa được phân vào đâu-Chi tiết: Sản xuất thực phẩm (không hoạt động tại trụ sở);4662: Bán buôn kim loại và quặng kim loại-Chi tiết: Bán buôn bạc; Mua bán vàng trang sức ,lap top
313763137,CÔNG TY CỔ PHẦN ĐẦU TƯ SẢN XUẤT THƯƠNG MẠI DỊCH VỤ VNI,CÔNG TY CỔ PHẦN ĐẦU TƯ SẢN XUẤ,Công ty cổ phần,"Số 58 Đào Duy Anh, Phường 09, Quận Phú Nhuận, Thành phố Hồ Chí Minh, Việt Nam",Quận Phú Nhuận,"1811: In ấn-(trừ in tráng bao bì kim loại, in trên sản phẩm vải, sợi, dệt, may đan tại trụ sở);1812: Dịch vụ liên quan đến in-;7310: Quảng cáo-;2023: Sản xuất mỹ phẩm, xà phòng, chất tẩy rửa, làm bóng",internet
313761429,CÔNG TY TNHH GIẢI PHÁP MẠNG BẠCH MI,CÔNG TY TNHH GIẢI PHÁP MẠNG BẠ,Công ty trách nhiệm hữu hạn một thành viên,"19/29A Lam Sơn, Phường 05, Quận Phú Nhuận, Thành phố Hồ Chí Minh, Việt Nam",Quận Phú Nhuận,"4719: Bán lẻ khác trong các cửa hàng kinh doanh tổng hợp-trừ kinh doanh dầu mỏ hóa lỏng LPG, trừ mua bán vàng miếng, súng, đạn loại dùng đi săn hoặc thể thao và tiền kim khí và thực hiện theo Quyết đị",internet
313804376,CÔNG TY TNHH THƯƠNG MẠI DỊCH VỤ VIETECO,CÔNG TY TNHH THƯƠNG MẠI DỊCH V,Công ty trách nhiệm hữu hạn hai thành viên trở lên,"Phòng 702A, Tầng 7, Tòa Nhà Centre Point, 106 Nguyễn Văn Trỗi, Phường 08, Quận Phú Nhuận, Thành phố Hồ Chí Minh, Việt Nam",Quận Phú Nhuận,"5210: Kho bãi và lưu giữ hàng hóa-Chi tiết: Lưu giữ hàng hóa (trừ kinh doanh kho bãi).;5229: Hoạt động dịch vụ hỗ trợ khác liên quan đến vận tải-Chi tiết: Gửi hàng; giao nhận hàng hóa; thu, phát các c",internet
313816533,CÔNG TY TNHH MỘT THÀNH VIÊN CÔNG NGHỆ VÀ THƯƠNG MẠI VÂN PHONG,CÔNG TY TNHH MỘT THÀNH VIÊN CÔ,Công ty trách nhiệm hữu hạn một thành viên,"35 Hoa Sứ, Phường 07, Quận Phú Nhuận, Thành phố Hồ Chí Minh, Việt Nam",Quận Phú Nhuận,"4722: Bán lẻ thực phẩm trong các cửa hàng chuyên doanh-Chi tiết: Bán lẻ thịt và các sản phẩm từ thịt, thủy sản, rau, quả, cà phê, chè, đường, sữa và các sản phẩm sữa, bánh kẹo và các sản phẩm chế biến",internet
313805690,CÔNG TY TNHH TƯ VẤN FTA,CÔNG TY TNHH TƯ VẤN FTA,Công ty trách nhiệm hữu hạn hai thành viên trở lên,"Tầng 2, Phòng 2.13, Khu I, Tòa nhà The Prince Residence, 19-21 Nguyễn Văn Trỗi, Phường 11, Quận Phú Nhuận, Thành phố Hồ Chí Minh, Việt Nam",Quận Phú Nhuận,"3320: Lắp đặt máy móc và thiết bị công nghiệp-chi tiết: lắp đặt thiết bị an toàn (trừ gia công cơ khí, tái chế phế thải, xi mạ điện tại trụ sở).;6820: Tư vấn, môi giới, đấu giá bất động sản, đấu giá q",internet
313792385,CÔNG TY TNHH THƯƠNG MẠI DỊCH VỤ MEDIA ONE SÀI GÒN,CÔNG TY TNHH THƯƠNG MẠI DỊCH V,Công ty trách nhiệm hữu hạn một thành viên,"33/8 Nguyễn Đình Chính, Phường 15, Quận Phú Nhuận, Thành phố Hồ Chí Minh, Việt Nam",Quận Phú Nhuận,1811: In ấn-chi tiết: In và các dịch vụ liên quan đến in (Trừ loại Nhà nước cấm);5229: Hoạt động dịch vụ hỗ trợ khác liên quan đến vận tải-(trừ hoạt động liên quan đến vận tải hàng không và hóa lỏng k,internet
313816484,CÔNG TY TNHH SOL MEDIA,CÔNG TY TNHH SOL MEDIA,Công ty trách nhiệm hữu hạn một thành viên,"491/55 Huỳnh Văn Bánh, Phường 13, Quận Phú Nhuận, Thành phố Hồ Chí Minh, Việt Nam",Quận Phú Nhuận,"5510: Dịch vụ lưu trú ngắn ngày-Chi tiết: Khách sạn, biệt thự du lịch, căn hộ du lịch, nhà nghỉ du lịch, nhà ở có phòng cho khách du lịch thuê (không hoạt động tại trụ sở).; 5911: Hoạt động sản xuất p",internet
313798387,CÔNG TY TNHH THƯƠNG MẠI DỊCH VỤ GIAO THÔNG VẬN TẢI THỊNH PHÁT,CÔNG TY TNHH THƯƠNG MẠI DỊCH V,Công ty trách nhiệm hữu hạn một thành viên,"107 Cô Giang, Phường 01, Quận Phú Nhuận, Thành phố Hồ Chí Minh, Việt Nam",Quận Phú Nhuận,"2599: Sản xuất sản phẩm khác bằng kim loại chưa được phân vào đâu-Chi tiết: Chế tạo, đóng mới các phương tiện, thiết bị, phụ tùng chuyên ngành đường sắt và các sản phẩm cơ khí; Sản xuất, chế tạo phụ t",internet
313839040,CÔNG TY TNHH VIỆT HẠ THẢO,CÔNG TY TNHH VIỆT HẠ THẢO,Công ty trách nhiệm hữu hạn một thành viên,"152/2 Nguyễn Trọng Tuyển, Phường 08, Quận Phú Nhuận, Thành phố Hồ Chí Minh, Việt Nam",Quận Phú Nhuận,"2023: Sản xuất mỹ phẩm, xà phòng, chất tẩy rửa, làm bóng và chế phẩm vệ sinh-( không hoạt động tại trụ sở);0118: Trồng rau, đậu các loại và trồng hoa, cây cảnh-( không hoạt động tại trụ sở);0150: Trồn",internet
313797305,CÔNG TY TNHH T-CONNECT,CÔNG TY TNHH TCONNECT,Công ty trách nhiệm hữu hạn một thành viên,"459A Nguyễn Kiệm, Phường 09, Quận Phú Nhuận, Thành phố Hồ Chí Minh, Việt Nam",Quận Phú Nhuận,"7490: Hoạt động chuyên môn, khoa học và công nghệ khác chưa được phân vào đâu-Chi tiết: Môi giới thương mại (trừ thanh toán hối phiếu, thông tin tỉ lệ lượng và tư vấn chứng khoán); 3290: Sản xuất khác",internet
313854384,CÔNG TY CỔ PHẦN ORIGIN VIỆT NAM,CÔNG TY CỔ PHẦN ORIGIN VIỆT NA,Công ty cổ phần,"Số 24 Đường Trương Quốc Dung, Phường 08, Quận Phú Nhuận, Thành phố Hồ Chí Minh, Việt Nam",Quận Phú Nhuận,"1075: Sản xuất món ăn, thức ăn chế biến sẵn-;1079: Sản xuất thực phẩm khác chưa được phân vào đâu-Chi tiết: Sản xuất bột nêm từ rau củ quả; Sản xuất thực phẩm khô từ rau củ quả, đóng gói, sơ chế rau c",internet
313844587,CÔNG TY TNHH TƯ VẤN GIÁO DỤC CƯỜNG THỊNH PHÁT,CÔNG TY TNHH TƯ VẤN GIÁO DỤC C,Công ty trách nhiệm hữu hạn một thành viên,"43R/21 Hồ Văn Huê, Phường 09, Quận Phú Nhuận, Thành phố Hồ Chí Minh, Việt Nam",Quận Phú Nhuận,"4662: Bán buôn kim loại và quặng kim loại-(trừ kinh doanh vàng miếng);4663: Bán buôn vật liệu, thiết bị lắp đặt khác trong xây dựng-;4669: Bán buôn chuyên doanh khác chưa được phân vào đâu-(trừ bán bu",internet
313864576,CÔNG TY TNHH AXA ENGINEERS,CÔNG TY TNHH AXA ENGINEERS,Công ty trách nhiệm hữu hạn một thành viên,"251/10 Nguyễn Văn Trỗi, Phường 10, Quận Phú Nhuận, Thành phố Hồ Chí Minh, Việt Nam",Quận Phú Nhuận,4773: Bán lẻ hàng hóa khác mới trong các cửa hàng chuyên doanh-chi tiết: Bán buôn lẻ và cây (thực hiện theo quyết định số 64/2009/QĐ-UBND ngày 31/07/2009 và quyết định số 79/2009/QĐ- UBND ngày 17/10/2,internet
313885008,CÔNG TY CỔ PHẦN  KIM VƯƠNG VINA,CÔNG TY CỔ PHẦN  KIM VƯƠNG VIN,Công ty cổ phần,"Số 89 Đường Hoa Sữa, Phường 07, Quận Phú Nhuận, Thành phố Hồ Chí Minh, Việt Nam",Quận Phú Nhuận,"4290: Xây dựng công trình kỹ thuật dân dụng khác-Chi tiết: xây dựng nhà nuôi chim yến, xưởng hóa chất, đường hầm. Đắp đường, các cơ sở hạ tầng công. Xây dựng bến cảng và các công trình trên sông, các ",internet
313620650,CÔNG TY TNHH ETAX,CÔNG TY TNHH ETAX,Công ty trách nhiệm hữu hạn một thành viên,"Số 2 Hoa Phượng, Phường 02, Quận Phú Nhuận, Thành phố Hồ Chí Minh, Việt Nam",Quận Phú Nhuận,"4741: Bán lẻ máy vi tính, thiết bị ngoại vi, phần mềm và thiết bị viễn thông trong các cửa hàng chuyên doanh-;5820: Xuất bản phần mềm-Chi tiết: Sản xuất phần mềm.;6110: Hoạt động viễn thông có dây-(tr",internet
313886548,CÔNG TY TNHH CHẤT LƯỢNG ĐIỂM VÀNG,CÔNG TY TNHH CHẤT LƯỢNG ĐIỂM V,Công ty trách nhiệm hữu hạn một thành viên,"Số nhà 10/4 đường Đoàn Thị Điểm, Phường 01, Quận Phú Nhuận, Thành phố Hồ Chí Minh, Việt Nam",Quận Phú Nhuận,"4711: Bán lẻ lương thực, thực phẩm, đồ uống, thuốc lá, thuốc lào chiếm tỷ trọng lớn trong các cửa hàng kinh doanh tổng hợp-(thực hiện theo quyết định số 64/2009/QĐ-UBND ngày 31/07/2009 và quyết định s",internet
313878628,DOANH NGHIỆP TƯ NHÂN GIGI'S ESPORTS,DOANH NGHIỆP TƯ NHÂN GIGIS ESP,Doanh nghiệp tư nhân,"241 Thích Quảng Đức, Phường 04, Quận Phú Nhuận, Thành phố Hồ Chí Minh, Việt Nam",Quận Phú Nhuận,4722: Bán lẻ thực phẩm trong các cửa hàng chuyên doanh-(thực hiện theo Quyết định 64/2009/QĐ-UBND ngày 31/7/2009 của Ủy ban nhân dân Thành phố Hồ Chí Minh và Quyết định 79/2009/QĐ-UBND ngày 17/10/2009,internet
314445225,CÔNG TY CỔ PHẦN THƯƠNG MẠI VÀ GIẢI PHÁP CÔNG NGHỆ MẶT TRỜI VIỆT,CÔNG TY CỔ PHẦN THƯƠNG MẠI VÀ ,Công ty cổ phần,"87 Trương Quốc Dung, Phường 10, Quận Phú Nhuận, Thành phố Hồ Chí Minh, Việt Nam",Quận Phú Nhuận,"4632: Bán buôn thực phẩm-(không hoạt động tại trụ sở);4633: Bán buôn đồ uống-;4651: Bán buôn máy vi tính, thiết bị ngoại vi và phần mềm-;4652: Bán buôn thiết bị và linh kiện điện tử, viễn thông-;4653:",internet
314497209,CÔNG TY TNHH QUANG HÒA TRADING,CÔNG TY TNHH QUANG HÒA TRADING,Công ty trách nhiệm hữu hạn hai thành viên trở lên,"4.24 The Prince Residence, 17-19-21 Nguyễn Văn Trỗi, Phường 12, Quận Phú Nhuận, Thành phố Hồ Chí Minh, Việt Nam",Quận Phú Nhuận,"5510: Dịch vụ lưu trú ngắn ngày-Chi tiết: Khách sạn, biệt thự du lịch, căn hộ du lịch, nhà nghỉ du lịch; Nhà ở có phòng cho khách du lịch thuê ( không hoạt động tại trụ sở);4663: Bán buôn vật liệu, th",internet
313928780,CÔNG TY CỔ PHẦN GREEN BOX,CÔNG TY CỔ PHẦN GREEN BOX,Công ty cổ phần,"19/34 Hồ Văn Huê, Phường 09, Quận Phú Nhuận, Thành phố Hồ Chí Minh, Việt Nam",Quận Phú Nhuận,"0127: Trồng cây chè-(không hoạt động tại trụ sở);0163: Hoạt động dịch vụ sau thu hoạch-chi tiết: sơ chế, phơi sấy các loại nông sản, rau quả (không hoạt động tại trụ sở);1030: Chế biến và bảo quản rau",internet
313932466,CÔNG TY CỔ PHẦN AINHOA HOÀNG PHÁT,CÔNG TY CỔ PHẦN AINHOA HOÀNG P,Công ty cổ phần,"199 Phan Đăng Lưu, Phường 01, Quận Phú Nhuận, Thành phố Hồ Chí Minh, Việt Nam",Quận Phú Nhuận,"4669: Bán buôn chuyên doanh khác chưa được phân vào đâu-chi tiết: Bán buôn hoá chất công nghiệp , hoá mỹ phẩm. Bán buôn chuyên doanh khác chưa được phân vào đâu (trừ bán buôn dược phẩm, thuốc trừ sâu ",internet
313902687,CÔNG TY TNHH DỊCH VỤ TRÒ CHƠI ĐIỆN TỬ GAME NÉT LỘC LỘC PHÁT,CÔNG TY TNHH DỊCH VỤ TRÒ CHƠI ,Công ty trách nhiệm hữu hạn một thành viên,"Số 16, Đường Hoa Trà, Phường 07, Quận Phú Nhuận, Thành phố Hồ Chí Minh, Việt Nam",Quận Phú Nhuận,5621: Cung cấp dịch vụ ăn uống theo hợp đồng không thường xuyên với khách hàng-; 9329: Hoạt động vui chơi giải trí khác chưa được phân vào đâu-Chi tiết: Kinh doanh trò chơi điện tử (trừ hoạt động kinh,internet
313793967,CÔNG TY TNHH NC TELECOM,CÔNG TY TNHH NC TELECOM,Công ty trách nhiệm hữu hạn một thành viên,"Số 41 Hoa Lan, Phường 02, Quận Phú Nhuận, Thành phố Hồ Chí Minh, Việt Nam",Quận Phú Nhuận,"5210: Kho bãi và lưu giữ hàng hóa-chi tiết: lưu giữ hàng hóa;5229: Hoạt động dịch vụ hỗ trợ khác liên quan đến vận tải-chi tiết: hoạt động của đại lý bán vé máy bay, vé tàu, vé xe;6201: Lập trình máy ",telecom
313794336,CÔNG TY TNHH BELLA COURT,CÔNG TY TNHH BELLA COURT,Công ty trách nhiệm hữu hạn hai thành viên trở lên,"26 Hoa Sứ, Phường 02, Quận Phú Nhuận, Thành phố Hồ Chí Minh, Việt Nam",Quận Phú Nhuận,"2610: Sản xuất linh kiện điện tử-chi tiết: sản xuất vật tư thiết bị điện, điện tử ( không hoạt động tại trụ sở);2630: Sản xuất thiết bị truyền thông-chi tiết: sản xuất thiết bị tin học và viễn thông (",internet
313939736,CÔNG TY CỔ PHẦN THƯƠNG MẠI DỊCH VỤ KIM THẢO NGUYÊN,CÔNG TY CỔ PHẦN THƯƠNG MẠI DỊC,Công ty cổ phần,"27B Hoa Sứ, Phường 07, Quận Phú Nhuận, Thành phố Hồ Chí Minh, Việt Nam",Quận Phú Nhuận,"5221: Hoạt động dịch vụ hỗ trợ trực tiếp cho vận tải đường sắt và đường bộ-Chi tiết: hoạt động trông giữ xe máy, ô tô;5224: Bốc xếp hàng hóa-(trừ bốc xếp hàng hóa cảng hàng không);5510: Dịch vụ lưu tr",internet
313928879,CÔNG TY TNHH XUẤT NHẬP KHẨU THƯƠNG MẠI DỊCH VỤ SẢN XUẤT HEALTH LIFE DESIGN,CÔNG TY TNHH XUẤT NHẬP KHẨU TH,Công ty trách nhiệm hữu hạn một thành viên,"778/19 Nguyễn Kiệm, Phường 04, Quận Phú Nhuận, Thành phố Hồ Chí Minh, Việt Nam",Quận Phú Nhuận,"2100: Sản xuất thuốc, hoá dược và dược liệu-chi tiết: sản xuất thuốc; sản xuất bào chế thảo dược; sản xuất thuốc đông y, y học cổ truyền; sản xuất thực phẩm chức năng từ thảo dược tự nhiên (không hoạt",internet
313951645,CÔNG TY TNHH FACE FITNESS 11,CÔNG TY TNHH FACE FITNESS 11,Công ty trách nhiệm hữu hạn một thành viên,"140/15 Đặng Văn Ngữ, Phường 14, Quận Phú Nhuận, Thành phố Hồ Chí Minh, Việt Nam",Quận Phú Nhuận,"2023: Sản xuất mỹ phẩm, xà phòng, chất tẩy rửa, làm bóng và chế phẩm vệ sinh-( không hoạt động tại trụ sở);4669: Bán buôn chuyên doanh khác chưa được phân vào đâu-chi tiết: bán buôn hóa chất công nghi",internet
313960537,CÔNG TY TNHH THƯƠNG MẠI DỊCH VỤ SKY FLOWERS,CÔNG TY TNHH THƯƠNG MẠI DỊCH V,Công ty trách nhiệm hữu hạn một thành viên,"114/4A Nguyễn Đình Chiểu, Phường 03, Quận Phú Nhuận, Thành phố Hồ Chí Minh, Việt Nam",Quận Phú Nhuận,"2511: Sản xuất các cấu kiện kim loại-( không hoạt động tại trụ sở);1811: In ấn-(trừ in, tráng bao bì kim loại, in trên sản phẩm vải, sợi, dệt, may đan tại trụ sở) ( không hoạt động tại trụ sở);5229: H",internet
313953096,CÔNG TY TNHH VIỆT KẾT,CÔNG TY TNHH VIỆT KẾT,Công ty trách nhiệm hữu hạn một thành viên,"20/40/10 Cô Bắc, Phường 01, Quận Phú Nhuận, Thành phố Hồ Chí Minh, Việt Nam",Quận Phú Nhuận,5012: Vận tải hàng hóa ven biển và viễn dương-;5224: Bốc xếp hàng hóa-;5229: Hoạt động dịch vụ hỗ trợ khác liên quan đến vận tải-(trừ hóa lỏng khí để vận chuyển và hoạt động liên quan vận tải đường hà,internet
313964958,DOANH NGHIỆP TƯ NHÂN HECA,DOANH NGHIỆP TƯ NHÂN HECA,Doanh nghiệp tư nhân,"24A Đường Phan Tây Hồ, Phường 07, Quận Phú Nhuận, Thành phố Hồ Chí Minh, Việt Nam",Quận Phú Nhuận,5221: Hoạt động dịch vụ hỗ trợ trực tiếp cho vận tải đường sắt và đường bộ-(trừ hóa lỏng khí để vận chuyển);5222: Hoạt động dịch vụ hỗ trợ trực tiếp cho vận tải đường thủy-(trừ hóa lỏng khí để vận chu,internet
313979400,CÔNG TY TNHH SCOMMERCE,CÔNG TY TNHH SCOMMERCE,Công ty trách nhiệm hữu hạn hai thành viên trở lên,"50 Hoa Lan, Phường 02, Quận Phú Nhuận, Thành phố Hồ Chí Minh, Việt Nam",Quận Phú Nhuận,"4661: Bán buôn nhiên liệu rắn, lỏng, khí và các sản phẩm liên quan-(trừ kinh doanh khí dầu mỏ hóa lỏng LPG và dầu nhớt cặn);4662: Bán buôn kim loại và quặng kim loại-(trừ mua bán vàng miếng);4663: Bán",internet
313986870,CÔNG TY TNHH THƯƠNG MẠI DỊCH VỤ ĐẦU TƯ VẠN AN PHÚC,CÔNG TY TNHH THƯƠNG MẠI DỊCH V,Công ty trách nhiệm hữu hạn một thành viên,"120/5L Thích Quảng Đức, Phường 04, Quận Phú Nhuận, Thành phố Hồ Chí Minh, Việt Nam",Quận Phú Nhuận,"4791: Bán lẻ theo yêu cầu đặt hàng qua bưu điện hoặc internet-(trừ bán lẻ bình gas, súng, đạn loại dùng đi săn hoặc thể thao và tiền kim khí và thực hiện theo Quyết định 64/2009/QĐ-UBND ngày 31/7/2009",internet
313957975,CÔNG TY TNHH SẢN XUẤT THƯƠNG MẠI DỊCH VỤ BLUEZ,CÔNG TY TNHH SẢN XUẤT THƯƠNG M,Công ty trách nhiệm hữu hạn hai thành viên trở lên,"489A/21/73 Huỳnh Văn Bánh, Phường 13, Quận Phú Nhuận, Thành phố Hồ Chí Minh, Việt Nam",Quận Phú Nhuận,"4620: Bán buôn nông, lâm sản nguyên liệu (trừ gỗ, tre, nứa) và động vật sống-chi tiết: bán buôn nông sản (không hoạt động tại trụ sở).;4632: Bán buôn thực phẩm-(không hoạt động tại trụ sở).;1071: Sản ",internet
314008176,CÔNG TY TNHH THƯƠNG MẠI DỊCH VỤ ĐẦU TƯ INDO VINA,CÔNG TY TNHH THƯƠNG MẠI DỊCH V,Công ty trách nhiệm hữu hạn một thành viên,"02 Hoa Phượng , Phường 02, Quận Phú Nhuận, Thành phố Hồ Chí Minh, Việt Nam",Quận Phú Nhuận,"4651: Bán buôn máy vi tính, thiết bị ngoại vi và phần mềm-; 4652: Bán buôn thiết bị và linh kiện điện tử, viễn thông-; 4669: Bán buôn chuyên doanh khác chưa được phân vào đâu-(trừ bán buôn bình gas, s",internet
314012574,CÔNG TY TNHH TRỰC TUYẾN SONG KIM,CÔNG TY TNHH TRỰC TUYẾN SONG K,Công ty trách nhiệm hữu hạn hai thành viên trở lên,"375 Huỳnh Văn Bánh, Phường 11, Quận Phú Nhuận, Thành phố Hồ Chí Minh, Việt Nam",Quận Phú Nhuận,"4764: Bán lẻ trò chơi, đồ chơi trong các cửa hàng chuyên doanh-(trừ đồ chơi có hại cho giáo dục nhân cách, sức khoẻ của trẻ em hoặc ảnh hưởng đến an ninh trật tự, an toàn xã hội);4771: Bán lẻ hàng may",internet
314024153,CÔNG TY CỔ PHẦN GIẢI ĐỘC ĐẮC,CÔNG TY CỔ PHẦN GIẢI ĐỘC ĐẮC,Công ty cổ phần,"379/39 Huỳnh Văn Bánh, Phường 11, Quận Phú Nhuận, Thành phố Hồ Chí Minh, Việt Nam",Quận Phú Nhuận,"4610: Đại lý, môi giới, đấu giá-Chi tiết: Đại lý vé số; Đại lý mua bán, phân phối, ký gửi hàng hóa.;7310: Quảng cáo-;5610: Nhà hàng và các dịch vụ ăn uống phục vụ lưu động-;5621: Cung cấp dịch vụ ăn u",internet
314027570,CÔNG TY TNHH QUỐC TẾ TECH KEY VIỆT NAM,CÔNG TY TNHH QUỐC TẾ TECH KEY ,Công ty trách nhiệm hữu hạn hai thành viên trở lên,"143 Trần Huy Liệu, Phường 08, Quận Phú Nhuận, Thành phố Hồ Chí Minh, Việt Nam",Quận Phú Nhuận,"4100: Xây dựng nhà các loại-;4290: Xây dựng công trình kỹ thuật dân dụng khác-;4321: Lắp đặt hệ thống điện-Chi tiết: Lắp đặt pano, bảng hiệu quảng cáo .;4663: Bán buôn vật liệu, thiết bị lắp đặt khác ",internet
314058307,CÔNG TY CỔ PHẦN CÔNG NGHỆ MIDEAS,CÔNG TY CỔ PHẦN CÔNG NGHỆ MIDE,Công ty cổ phần,"Lầu 4, tòa nhà Win Home, Số 09 Hoa Cau, Phường 07, Quận Phú Nhuận, Thành phố Hồ Chí Minh, Việt Nam",Quận Phú Nhuận,"4741: Bán lẻ máy vi tính, thiết bị ngoại vi, phần mềm và thiết bị viễn thông trong các cửa hàng chuyên doanh-;5820: Xuất bản phần mềm-Chi tiết: Sản xuất phần mềm tin học; phần mềm trên thiết bị di độn",internet
314019851,CÔNG TY TNHH ĐIỆN VÀ VIỄN THÔNG SMARTTECH,CÔNG TY TNHH ĐIỆN VÀ VIỄN THÔN,Công ty trách nhiệm hữu hạn hai thành viên trở lên,"185/52B Phan Đình Phùng, Phường 17, Quận Phú Nhuận, Thành phố Hồ Chí Minh, Việt Nam",Quận Phú Nhuận,2620: Sản xuất máy vi tính và thiết bị ngoại vi của máy vi tính-(Không hoạt động tại trụ sở);2817: Sản xuất máy móc và thiết bị văn phòng (trừ máy vi tính và thiết bị ngoại vi của máy vi tính)-(Không ,internet
314067647,CÔNG TY TNHH KỸ THUẬT ĐIỆN AZE,CÔNG TY TNHH KỸ THUẬT ĐIỆN AZE,Công ty trách nhiệm hữu hạn hai thành viên trở lên,"227/19, đường Nguyễn Trọng Tuyển, Phường 08, Quận Phú Nhuận, Thành phố Hồ Chí Minh, Việt Nam",Quận Phú Nhuận,"4652: Bán buôn thiết bị và linh kiện điện tử, viễn thông-;4651: Bán buôn máy vi tính, thiết bị ngoại vi và phần mềm-;4653: Bán buôn máy móc, thiết bị và phụ tùng máy nông nghiệp-;4659: Bán buôn máy mó",internet
314058201,CÔNG TY TNHH DỊCH VỤ SẢN XUẤT THƯƠNG MẠI HIẾU CƯỜNG,CÔNG TY TNHH DỊCH VỤ SẢN XUẤT ,Công ty trách nhiệm hữu hạn một thành viên,"262/7 Huỳnh Văn Bánh, Phường 11, Quận Phú Nhuận, Thành phố Hồ Chí Minh, Việt Nam",Quận Phú Nhuận,5222: Hoạt động dịch vụ hỗ trợ trực tiếp cho vận tải đường thủy-(Trừ hóa lỏng khí để vận chuyển); 5224: Bốc xếp hàng hóa-(Không bao gồm bốc xếp hàng hoá cảng hàng không); 5225: Hoạt động dịch vụ hỗ tr,internet
314075870,CÔNG TY TNHH GIẢI PHÁP NÔNG NGHIỆP VEGGIES,CÔNG TY TNHH GIẢI PHÁP NÔNG NG,Công ty trách nhiệm hữu hạn hai thành viên trở lên,"49 Hoa Sứ, Phường 07, Quận Phú Nhuận, Thành phố Hồ Chí Minh, Việt Nam",Quận Phú Nhuận,"0118: Trồng rau, đậu các loại và trồng hoa, cây cảnh-;0161: Hoạt động dịch vụ trồng trọt-;0163: Hoạt động dịch vụ sau thu hoạch-;4719: Bán lẻ khác trong các cửa hàng kinh doanh tổng hợp-(trừ trò chơi ",internet
314074242,CÔNG TY TNHH DỊCH VỤ CÔNG NGHỆ HOÀN MỸ,CÔNG TY TNHH DỊCH VỤ CÔNG NGHỆ,Công ty trách nhiệm hữu hạn một thành viên,"96-98 Đào Duy Anh, Phường 09, Quận Phú Nhuận, Thành phố Hồ Chí Minh, Việt Nam",Quận Phú Nhuận,"7490: Hoạt động chuyên môn, khoa học và công nghệ khác chưa được phân vào đâu-Chi tiết: Dịch thuật, phiên dịch;8219: Photo, chuẩn bị tài liệu và các hoạt động hỗ trợ văn phòng đặc biệt khác-;8211: Dịc",internet
314092587,CÔNG TY TNHH NAM TIẾN HITECH,CÔNG TY TNHH NAM TIẾN HITECH,Công ty trách nhiệm hữu hạn một thành viên,"420/23 Huỳnh Văn Bánh, Phường 14, Quận Phú Nhuận, Thành phố Hồ Chí Minh, Việt Nam",Quận Phú Nhuận,"4511: Bán buôn ô tô và xe có động cơ khác-;4513: Đại lý ô tô và xe có động cơ khác-;4520: Bảo dưỡng, sửa chữa ô tô và xe có động cơ khác-Chi tiết: Bảo dưỡng, sửa chữa, rửa xe và đánh bóng ô tô.;4530: ",internet
314065417,CÔNG TY TNHH THƯƠNG MẠI PHÂN PHỐI HOÀN VŨ,CÔNG TY TNHH THƯƠNG MẠI PHÂN P,Công ty trách nhiệm hữu hạn hai thành viên trở lên,"115 Hoa Lan, Phường 02, Quận Phú Nhuận, Thành phố Hồ Chí Minh, Việt Nam",Quận Phú Nhuận,"4723: Bán lẻ đồ uống trong các cửa hàng chuyên doanh-chi tiết: bán lẻ  nước giải khát, bia, nước giải khát đóng chai;6201: Lập trình máy vi tính-;4632: Bán buôn thực phẩm-(không hoạt động tại trụ sở).",internet
314058561,CÔNG TY TNHH THƯƠNG MẠI - DỊCH VỤ TỔNG HỢP MINH TRIẾT,CÔNG TY TNHH THƯƠNG MẠI  DỊCH ,Công ty trách nhiệm hữu hạn hai thành viên trở lên,"607-609 Nguyễn Kiệm, Phường 09, Quận Phú Nhuận, Thành phố Hồ Chí Minh, Việt Nam",Quận Phú Nhuận,"4669: Bán buôn chuyên doanh khác chưa được phân vào đâu-(trừ bán buôn bình gas, khí dầu mỏ hóa lỏng LPG, dầu nhớt cặn, vàng miếng, súng, đạn loại dùng đi săn hoặc thể thao và tiền kim khí; trừ bán buô",internet
313896183,CÔNG TY CỔ PHẦN ANH QUÂN GROUP,CÔNG TY CỔ PHẦN ANH QUÂN GROUP,Công ty cổ phần,"17 Cô Bắc, Phường 01, Quận Phú Nhuận, Thành phố Hồ Chí Minh, Việt Nam",Quận Phú Nhuận,"7010: Hoạt động của trụ sở văn phòng-;7020: Hoạt động tư vấn quản lý-(trừ tư vấn tài chính, kế toán, pháp lý).; 7120: Kiểm tra và phân tích kỹ thuật-Chi tiết: Giám định, kiểm định chất lượng hàng hóa;",internet
313910261,CÔNG TY TNHH SẢN XUẤT THƯƠNG MẠI KỸ THUẬT DỊCH VỤ HẢI HÀ,CÔNG TY TNHH SẢN XUẤT THƯƠNG M,Công ty trách nhiệm hữu hạn một thành viên,"49/81 Trần Kế Xương, Phường 07, Quận Phú Nhuận, Thành phố Hồ Chí Minh, Việt Nam",Quận Phú Nhuận,"1321: Sản xuất vải dệt kim, vải đan móc và vải không dệt khác-(không hoạt động tại trụ sở).;1322: Sản xuất hàng may sẵn (trừ trang phục)-(trừ tẩy, nhuộm, hồ, in trên các sản phẩm vải sợi, dệt, may, đa",internet
313910166,CÔNG TY TNHH PHÂN PHỐI TND,CÔNG TY TNHH PHÂN PHỐI TND,Công ty trách nhiệm hữu hạn một thành viên,"780/5K Nguyễn Kiệm, Phường 04, Quận Phú Nhuận, Thành phố Hồ Chí Minh, Việt Nam",Quận Phú Nhuận,4722: Bán lẻ thực phẩm trong các cửa hàng chuyên doanh-(thực hiện theo Quyết định số 64/2009/QÐ-UBND ngày 31/07/2009 và Quyết định số 79/2009/QÐ-UBND ngày 17/10/2009 của Ủy Ban Nhân Dân TP. Hồ Chí Min,internet
314152927,CÔNG TY TNHH ĐẦU TƯ THƯƠNG MẠI DỊCH VỤ RAINBOW,CÔNG TY TNHH ĐẦU TƯ THƯƠNG MẠI,Công ty trách nhiệm hữu hạn hai thành viên trở lên,"93/23 Nguyễn Đình Chiểu, Phường 04, Quận Phú Nhuận, Thành phố Hồ Chí Minh, Việt Nam",Quận Phú Nhuận,"8560: Dịch vụ hỗ trợ giáo dục-;9521: Sửa chữa thiết bị nghe nhìn điện tử gia dụng-(trừ gia công cơ khí, tái chế phế thải, xi mạ điện tại trụ sở);0161: Hoạt động dịch vụ trồng trọt-;3312: Sửa chữa máy ",internet
313920950,CÔNG TY TNHH THƯƠNG MẠI DỊCH VỤ XUẤT NHẬP KHẨU VÀ PHÂN PHỐI GIA HUY,CÔNG TY TNHH THƯƠNG MẠI DỊCH V,Công ty trách nhiệm hữu hạn hai thành viên trở lên,"3.12 tầng 3, số 8 Hoàng Minh Giám, Phường 09, Quận Phú Nhuận, Thành phố Hồ Chí Minh, Việt Nam",Quận Phú Nhuận,"1071: Sản xuất các loại bánh từ bột-;1075: Sản xuất món ăn, thức ăn chế biến sẵn-(trừ sản xuất, chế biến thực phẩm tươi sống, nước chấm các loại, muôi, dầu ăn tại trụ sở);1079: Sản xuất thực phẩm khác",internet
314159369,CÔNG TY TNHH RIGEL TECHNOLOGY (INDOCHINA),CÔNG TY TNHH RIGEL TECHNOLOGY ,Công ty trách nhiệm hữu hạn một thành viên,"207-209 Đường Phan Đăng Lưu, Phường 01, Quận Phú Nhuận, Thành phố Hồ Chí Minh, Việt Nam",Quận Phú Nhuận,"4690: Bán buôn tổng hợp-chi tiết: thực hiện quyền xuất khẩu, quyền nhập khẩu, quyền phân phối bán buôn các hàng hóa không thuộc danh mục cấm xuất khẩu, nhập khẩu hoặc không được phân phối theo quy địn",technology
314168444,CÔNG TY TNHH LOGISTICS ANH PHÁT,CÔNG TY TNHH LOGISTICS ANH PHÁ,Công ty trách nhiệm hữu hạn hai thành viên trở lên,"P.702A Tầng 7, Tòa nhà Centre Point, 106 Nguyễn Văn Trỗi, Phường 08, Quận Phú Nhuận, Thành phố Hồ Chí Minh, Việt Nam",Quận Phú Nhuận,"4791: Bán lẻ theo yêu cầu đặt hàng qua bưu điện hoặc internet-(trừ bán lẻ bình gas, khí dầu mỏ hóa lỏng LPG, dầu nhớt cặn, vàng miếng, súng, đạn loại dùng đi săn hoặc thể thao và tiền kim khí; trừ bán",internet
313949452,CÔNG TY CỔ PHẦN CÔNG NGHỆ ITECH,CÔNG TY CỔ PHẦN CÔNG NGHỆ ITEC,Công ty cổ phần,"43R/18 Hồ Văn Huê, Phường 09, Quận Phú Nhuận, Thành phố Hồ Chí Minh, Việt Nam",Quận Phú Nhuận,"2620: Sản xuất máy vi tính và thiết bị ngoại vi của máy vi tính-Chi tiết: Sản xuất thiết bị tin học (trừ gia công cơ khí, tái chế phế thải, xi mạ điện tại trụ sở).;4663: Bán buôn vật liệu, thiết bị lắ",internet
314250674,CÔNG TY TNHH THƯƠNG MẠI XUẤT NHẬP KHẨU LINH LINH,CÔNG TY TNHH THƯƠNG MẠI XUẤT N,Công ty trách nhiệm hữu hạn một thành viên,"Số 9 Lê Văn Sỹ, Phường 13, Quận Phú Nhuận, Thành phố Hồ Chí Minh, Việt Nam",Quận Phú Nhuận,"5224: Bốc xếp hàng hóa-Chi tiết: Bốc xếp hàng hóa đường bộ, bốc xếp hàng hóa cảng biển;5229: Hoạt động dịch vụ hỗ trợ khác liên quan đến vận tải-Chi tiết: Hoạt động của đại lý làm thủ tục hải quan;471",internet
314004051,CÔNG TY TNHH SẢN XUẤT VÀ THƯƠNG MẠI DỊCH VỤ KỸ THUẬT NHẤT ANH QUANG,CÔNG TY TNHH SẢN XUẤT VÀ THƯƠN,Công ty trách nhiệm hữu hạn một thành viên,"72/4 Huỳnh Văn Bánh, Phường 15, Quận Phú Nhuận, Thành phố Hồ Chí Minh, Việt Nam",Quận Phú Nhuận,4722: Bán lẻ thực phẩm trong các cửa hàng chuyên doanh-(thực hiện theo quyết định 64/2009/QĐ-UBND ngày 31/07/2009 và quyết định  số 79/2009/QĐ-UBND ngày 17/10/2009 của Ủy ban nhân dân TP. Hồ Chí Minh ,internet
314005672,CÔNG TY CỔ PHẦN NAGAKAWA THÀNH PHỐ HỒ CHÍ MINH,CÔNG TY CỔ PHẦN NAGAKAWA THÀNH,Công ty cổ phần,"25 Đoàn Thị Điểm, Phường 01, Quận Phú Nhuận, Thành phố Hồ Chí Minh, Việt Nam",Quận Phú Nhuận,4100: Xây dựng nhà các loại-;3320: Lắp đặt máy móc và thiết bị công nghiệp-;4210: Xây dựng công trình đường sắt và đường bộ-;4220: Xây dựng công trình công ích-;2750: Sản xuất đồ điện dân dụng-;4290: ,internet
314058219,CÔNG TY TNHH THƯƠNG MẠI DỊCH VỤ XUẤT NHẬP KHẨU VĂN ƯƠNG,CÔNG TY TNHH THƯƠNG MẠI DỊCH V,Công ty trách nhiệm hữu hạn một thành viên,"449/1 Phan Xích Long, Phường 02, Quận Phú Nhuận, Thành phố Hồ Chí Minh, Việt Nam",Quận Phú Nhuận,"4669: Bán buôn chuyên doanh khác chưa được phân vào đâu-(trừ kinh doanh khí dầu mỏ hóa lỏng LPG, trừ mua bán vàng miếng, súng, đạn loại dùng đi săn hoặc thể thao và thực hiện theo Quyết định số 64/200",internet
316091204,CÔNG TY TNHH KIẾN TRÚC NỘI THẤT XÂY DỰNG KIẾN MỸ,CÔNG TY TNHH KIẾN TRÚC NỘI THẤ,Công ty trách nhiệm hữu hạn hai thành viên trở lên,"350/2A Cô Giang, Phường 02, Quận Phú Nhuận, Thành phố Hồ Chí Minh, Việt Nam",Quận Phú Nhuận,"4610: Đại lý, môi giới, đấu giá hàng hóa-Chi tiết: Đại lý. Môi giới.;4649: Bán buôn đồ dùng khác cho gia đình-;4789: Bán  lẻ hàng hóa khác lưu động hoặc tại chợ-Chi tiết: Bán lẻ đồ dùng trang trí nội ",internet
316108063,CÔNG TY TNHH UNI SAIGON GROUP,CÔNG TY TNHH UNI SAIGON GROUP,Công ty trách nhiệm hữu hạn hai thành viên trở lên,"33/15A Nguyễn Đình Chính, Phường 15, Quận Phú Nhuận, Thành phố Hồ Chí Minh, Việt Nam",Quận Phú Nhuận,8532: Đào tạo trung cấp-(không hoạt động tại trụ sở);8551: Giáo dục thể thao và giải trí-(trừ hoạt động của các sàn nhảy);8560: Dịch vụ hỗ trợ giáo dục-;7320: Nghiên cứu thị trường và thăm dò dư ,internet
313623098,CÔNG TY TRÁCH NHIỆM HỮU HẠN MỘT THÀNH VIÊN THƯƠNG MẠI DỊCH VỤ VIỆT IT SOLUTIONS,CÔNG TY TRÁCH NHIỆM HỮU HẠN MỘ,Công ty trách nhiệm hữu hạn một thành viên,"Văn Phòng số 4.01, Tầng 4, Khu I, Tòa nhà The Prince Residence, 19 - 21 Nguyễn Văn Trỗi, Phường 12, Quận Phú Nhuận, Thành phố Hồ Chí Minh, Việt Nam",Quận Phú Nhuận,"6201: Lập trình máy vi tính-;6311: Xử lý dữ liệu, cho thuê và các hoạt động liên quan-;6209: Hoạt động dịch vụ công nghệ thông tin và dịch vụ khác liên quan đến máy vi tính-;6202: Tư vấn máy vi tính v",it solution
314158439,CÔNG TY CỔ PHẦN ĐẦU TƯ MINH PHÁP,CÔNG TY CỔ PHẦN ĐẦU TƯ MINH PH,Công ty cổ phần,"151  Trần Huy Liệu, Phường 08, Quận Phú Nhuận, Thành phố Hồ Chí Minh, Việt Nam",Quận Phú Nhuận,2391: Sản xuất sản phẩm chịu lửa-(Không hoạt động tại trụ sở).;2392: Sản xuất vật liệu xây dựng từ đất sét-(Không hoạt động tại trụ sở).;2393: Sản xuất sản phẩm gốm sứ khác-(Không hoạt động tại trụ sở,internet
314125560,CÔNG TY TNHH DỊCH VỤ BẤT ĐỘNG SẢN FLORILAND,CÔNG TY TNHH DỊCH VỤ BẤT ĐỘNG ,Công ty trách nhiệm hữu hạn hai thành viên trở lên,"Tầng 4, Phòng 4.27, Khu I, Tòa nhà The Prince Residence, Số 19 - 21 Nguyễn Văn Trỗi  , Phường 11, Quận Phú Nhuận, Thành phố Hồ Chí Minh, Việt Nam",Quận Phú Nhuận,"4791: Bán lẻ theo yêu cầu đặt hàng qua bưu điện hoặc internet-Chi tiết: Dịch vụ sàn giao dịch thương mại điện tử; 4632: Bán buôn thực phẩm-(không hoạt động tại trụ sở)
Chi tiết: Bán buôn, xuất nhập kh",internet
107543753,CÔNG TY CỔ PHẦN EKID STUDIO,CÔNG TY CỔ PHẦN EKID STUDIO,Công ty cổ phần,"Lầu 5, 132A Nguyễn Trọng Tuyển, Phường 08, Quận Phú Nhuận, Thành phố Hồ Chí Minh, Việt Nam",Quận Phú Nhuận,"8211: Dịch vụ hành chính văn phòng tổng hợp-;7310: Quảng cáo-;6312: Cổng thông tin-Chi tiết: Thiết lập trang thông tin điện tử tổng hợp;;6311: Xử lý dữ liệu, cho thuê và các hoạt động liên quan-;6209:",internet
313650133,CÔNG TY TNHH THIẾT KẾ XÂY DỰNG KIẾN TRÚC NAM,CÔNG TY TNHH THIẾT KẾ XÂY DỰNG,Công ty trách nhiệm hữu hạn hai thành viên trở lên,"353/4 Phan Xích Long, Phường 01, Quận Phú Nhuận, Thành phố Hồ Chí Minh, Việt Nam",Quận Phú Nhuận,"4773: Bán lẻ hàng hóa khác mới trong các cửa hàng chuyên doanh-(trừ bán lẻ khí dầu mỏ hóa lỏng LPG, bình gas, hóa chất, súng, đạn loại dùng đi săn hoặc thể thao và tiền kim khí và thực hiện theo Quyết",internet
313752583,CÔNG TY CỔ PHẦN ĐẦU TƯ QUẢN LÝ KHÁCH SẠN ĐÔNG DƯƠNG,CÔNG TY CỔ PHẦN ĐẦU TƯ QUẢN LÝ,Công ty cổ phần,"106 Nguyễn Văn Trỗi, Phường 08, Quận Phú Nhuận, Thành phố Hồ Chí Minh, Việt Nam",Quận Phú Nhuận,"5510: Dịch vụ lưu trú ngắn ngày-Chi tiết:  Khách sạn (khách sạn phải đạt tiêu chuẩn sao và không hoạt động tại trụ sở).;9620: Giặt là, làm sạch các sản phẩm dệt và lông thú-;9329: Hoạt động vui chơi g",internet
313767068,CÔNG TY CỔ PHẦN NINE ACTION,CÔNG TY CỔ PHẦN NINE ACTION,Công ty cổ phần,"Lầu 2, Tòa nhà Sogetraco, 30 Đặng Văn Ngữ, Phường 10, Quận Phú Nhuận, Thành phố Hồ Chí Minh, Việt Nam",Quận Phú Nhuận,"4741: Bán lẻ máy vi tính, thiết bị ngoại vi, phần mềm và thiết bị viễn thông trong các cửa hàng chuyên doanh-;6110: Hoạt động viễn thông có dây-;6120: Hoạt động viễn thông không dây-;6190: Hoạt động v",internet
313767156,CÔNG TY CỔ PHẦN THƯƠNG MẠI MỸ PHẨM HAPPY CARE,CÔNG TY CỔ PHẦN THƯƠNG MẠI MỸ ,Công ty cổ phần,"125/18 Nguyễn Công Hoan, Phường 07, Quận Phú Nhuận, Thành phố Hồ Chí Minh, Việt Nam",Quận Phú Nhuận,"2023: Sản xuất mỹ phẩm, xà phòng, chất tẩy rửa, làm bóng và chế phẩm vệ sinh-(không hoạt động tại trụ sở);5229: Hoạt động dịch vụ hỗ trợ khác liên quan đến vận tải-Chi tiết: Hoạt động của các đại lý b",internet
313836314,CÔNG TY TNHH THƯƠNG MẠI DỊCH VỤ 3 HỌ,CÔNG TY TNHH THƯƠNG MẠI DỊCH V,Công ty trách nhiệm hữu hạn hai thành viên trở lên,"141/32 Nguyễn Công Hoan, Phường 07, Quận Phú Nhuận, Thành phố Hồ Chí Minh, Việt Nam",Quận Phú Nhuận,5229: Hoạt động dịch vụ hỗ trợ khác liên quan đến vận tải-Chi tiết: Dịch vụ giữ xe (trừ hóa lỏng khí để vận chuyển và hoạt động liên quan đến vận tải đường hàng không);4690: Bán buôn tổng hợp-(trừ bán,internet
313866774,CÔNG TY TNHH PEMA CONCEPT,CÔNG TY TNHH PEMA CONCEPT,Công ty trách nhiệm hữu hạn hai thành viên trở lên,"178/15B Phan Đăng Lưu, Phường 03, Quận Phú Nhuận, Thành phố Hồ Chí Minh, Việt Nam",Quận Phú Nhuận,"4773: Bán lẻ hàng hóa khác mới trong các cửa hàng chuyên doanh-chi tiết: bán lẻ các mặt hàng phục vụ tín ngưỡng Phật Giáo
(trừ bán lẻ bình gas, khí dầu mỏ hóa lỏng LPG, dầu nhớt cặn, vàng miếng, súng,",internet
313967613,CÔNG TY TNHH SOFTCOM,CÔNG TY TNHH SOFTCOM,Công ty trách nhiệm hữu hạn hai thành viên trở lên,"57A Đường Trần Khắc Chân , Phường 09, Quận Phú Nhuận, Thành phố Hồ Chí Minh, Việt Nam",Quận Phú Nhuận,"4741: Bán lẻ máy vi tính, thiết bị ngoại vi, phần mềm và thiết bị viễn thông trong các cửa hàng chuyên doanh-chi tiết: bán lẻ phần mềm;6201: Lập trình máy vi tính-;6202: Tư vấn máy vi tính và quản trị",internet
314013017,CÔNG TY TNHH MỘT THÀNH VIÊN JM ADVERTISEMENT,CÔNG TY TNHH MỘT THÀNH VIÊN JM,Công ty trách nhiệm hữu hạn một thành viên,"Số 2 Hoa Phượng, Phường 02, Quận Phú Nhuận, Thành phố Hồ Chí Minh, Việt Nam",Quận Phú Nhuận,"4773: Bán lẻ hàng hóa khác mới trong các cửa hàng chuyên doanh-chi tiết: Bán lẻ hàng lưu niệm, hàng đan lát, hàng thủ công mỹ nghệ. Bán lẻ tranh, ảnh và các tác phẩm nghệ thuật khác (trừ đồ cổ). Bán l",internet
314016346,CÔNG TY TNHH DE ASPIRE ELECTRONICS,CÔNG TY TNHH DE ASPIRE ELECTRO,Công ty trách nhiệm hữu hạn một thành viên,"Phòng 702A, Tầng 7, Tòa nhà Centrepoint, 106 Nguyễn Văn Trỗi, Phường 08, Quận Phú Nhuận, Thành phố Hồ Chí Minh, Việt Nam",Quận Phú Nhuận,"2620: Sản xuất máy vi tính và thiết bị ngoại vi của máy vi tính-;4663: Bán buôn vật liệu, thiết bị lắp đặt khác trong xây dựng-;4669: Bán buôn chuyên doanh khác chưa được phân vào đâu-Chi tiết: Bán bu",electronic
314021272,CÔNG TY TNHH THẾ HỆ MỚI MEDIA CORP,CÔNG TY TNHH THẾ HỆ MỚI MEDIA ,Công ty trách nhiệm hữu hạn hai thành viên trở lên,"702A-Tầng 7, Tòa nhà CentrePoint, 106 Nguyễn Văn Trỗi, Phường 08, Quận Phú Nhuận, Thành phố Hồ Chí Minh, Việt Nam",Quận Phú Nhuận,"4632: Bán buôn thực phẩm-(không hoạt động tại trụ sở);4633: Bán buôn đồ uống-;4634: Bán buôn sản phẩm thuốc lá, thuốc lào-(không hoạt động tại trụ sở);8230: Tổ chức giới thiệu và xúc tiến thương mại-(",internet
314074108,CÔNG TY TNHH MỘT THÀNH VIÊN EM & EM CLASSIC,CÔNG TY TNHH MỘT THÀNH VIÊN EM,Công ty trách nhiệm hữu hạn một thành viên,"540 Nguyễn Kiệm, Phường 04, Quận Phú Nhuận, Thành phố Hồ Chí Minh, Việt Nam",Quận Phú Nhuận,5510: Dịch vụ lưu trú ngắn ngày-Chi tiết: Kinh doanh khách sạn (đạt tiêu chuẩn được công nhận xếp hạng từ 1 sao trở lên );5610: Nhà hàng và các dịch vụ ăn uống phục vụ lưu động-chi tiết: nhà hàng ăn u,internet
314101351,CÔNG TY TNHH TRUYỀN THÔNG TẬP TRUNG,CÔNG TY TNHH TRUYỀN THÔNG TẬP ,Công ty trách nhiệm hữu hạn một thành viên,"71/59N Nguyễn Công Hoan , Phường 07, Quận Phú Nhuận, Thành phố Hồ Chí Minh, Việt Nam",Quận Phú Nhuận,"5510: Dịch vụ lưu trú ngắn ngày-Chi tiết: khách sạn, biệt thự du lịch, căn hộ du lịch, nhà nghỉ du lịch, nhà ở có phòng cho khách du lịch thuê;5630: Dịch vụ phục vụ đồ uống-(trừ hoạt động quán bar và ",internet
314187172,CÔNG TY TNHH TƯ VẤN THƯƠNG MẠI DỊCH VỤ DE NOVO,CÔNG TY TNHH TƯ VẤN THƯƠNG MẠI,Công ty trách nhiệm hữu hạn hai thành viên trở lên,"86/25 Thích Quảng Đức, Phường 05, Quận Phú Nhuận, Thành phố Hồ Chí Minh, Việt Nam",Quận Phú Nhuận,"4791: Bán lẻ theo yêu cầu đặt hàng qua bưu điện hoặc internet-(trừ bán lẻ bình gas, khí dầu mỏ hóa lỏng LPG, dầu nhớt cặn, vàng miếng, súng, đạn loại dùng đi săn hoặc thể thao và tiền kim khí; trừ bán",internet
314209972,CÔNG TY TRÁCH NHIỆM HỮU HẠN HANA JONGHAP VINA,CÔNG TY TRÁCH NHIỆM HỮU HẠN HA,Công ty trách nhiệm hữu hạn hai thành viên trở lên,"38/7 Hoàng Văn Thụ, Phường 09, Quận Phú Nhuận, Thành phố Hồ Chí Minh, Việt Nam",Quận Phú Nhuận,"4632: Bán buôn thực phẩm-Chi tiết: Bán buôn thực phẩm chức năng, bánh kẹo, đường (trừ đường mía, đường củ cải), sữa (không hoạt động tại trụ sở) (CPC 622);4649: Bán buôn đồ dùng khác cho gia đình-Chi ",internet
314213915,CÔNG TY TNHH QUẢN LÝ BẤT ĐỘNG SẢN SOVIBAN,CÔNG TY TNHH QUẢN LÝ BẤT ĐỘNG ,Công ty trách nhiệm hữu hạn hai thành viên trở lên,"331 Nguyễn Trọng Tuyển, Phường 10, Quận Phú Nhuận, Thành phố Hồ Chí Minh, Việt Nam",Quận Phú Nhuận,"6820: Tư vấn, môi giới, đấu giá bất động sản, đấu giá quyền sử dụng đất-chi tiết: Tư vấn, môi giới, đấu giá, định giá, quản lý, sàn giao dịch, quảng cáo bất động sản.;7410: Hoạt động thiết kế chuyên d",internet
314234168,CÔNG TY TNHH TRUYỀN THÔNG VMIND,CÔNG TY TNHH TRUYỀN THÔNG VMIN,Công ty trách nhiệm hữu hạn một thành viên,"Lầu 3 Tòa Nhà Incomex, Số 106A đường Cư Xá Nguyễn Văn Trỗi, Phường 17, Quận Phú Nhuận, Thành phố Hồ Chí Minh, Việt Nam",Quận Phú Nhuận,"1820: Sao chép bản ghi các loại-;4610: Đại lý, môi giới, đấu giá-chi tiết: Đại lý, môi giới (trừ môi giới bất động sản);4669: Bán buôn chuyên doanh khác chưa được phân vào đâu-chi tiết: Mua bán phim ả",internet
314236327,CÔNG TY CỔ PHẦN CÔNG NGHỆ VIOT,CÔNG TY CỔ PHẦN CÔNG NGHỆ VIOT,Công ty cổ phần,"33 Hoàng Diệu, Phường 10, Quận Phú Nhuận, Thành phố Hồ Chí Minh, Việt Nam",Quận Phú Nhuận,"4321: Lắp đặt hệ thống điện-(trừ gia công cơ khí, tái chế phế thải, xi mạ điện tại trụ sở);4322: Lắp đặt hệ thống cấp, thoát nước, lò sưởi và điều hoà không khí-(trừ gia công cơ khí, tái chế phế thải,",internet
314251702,CÔNG TY TNHH ĐẦU TƯ PHÁT TRIỂN VÀ XÂY DỰNG TUẤN KIỆT,CÔNG TY TNHH ĐẦU TƯ PHÁT TRIỂN,Công ty trách nhiệm hữu hạn một thành viên,"14 Nguyễn Văn Đậu, Phường 05, Quận Phú Nhuận, Thành phố Hồ Chí Minh, Việt Nam",Quận Phú Nhuận,"4669: Bán buôn chuyên doanh khác chưa được phân vào đâu-- chi tiết: Bán buôn sản phẩm nhựa-Bán buôn phân bón; Bán buôn hóa chất sử dụng trong lĩnh vực công nghiệp (không tồn trữ hóa chất tại trụ sở), ",internet
314257983,CÔNG TY TNHH VIỆT MỸ -SSU,CÔNG TY TNHH VIỆT MỸ SSU,Công ty trách nhiệm hữu hạn hai thành viên trở lên,"198 A5-A6, Hoàng Văn Thụ, Phường 09, Quận Phú Nhuận, Thành phố Hồ Chí Minh, Việt Nam",Quận Phú Nhuận,"8230: Tổ chức giới thiệu và xúc tiến thương mại-Chi tiết: Tổ chức hội chợ, triển lãm, hội thảo, hội nghị (không thực hiện các hiệu ứng cháy, nổ; không sử dụng chất nổ, chất cháy, hóa chất làm đạo cụ, ",internet
314267999,CÔNG TY TNHH RIVER TERRACE,CÔNG TY TNHH RIVER TERRACE,Công ty trách nhiệm hữu hạn hai thành viên trở lên,"26 Hoa Sứ, Phường 02, Quận Phú Nhuận, Thành phố Hồ Chí Minh, Việt Nam",Quận Phú Nhuận,"2610: Sản xuất linh kiện điện tử-Chi tiết: Sản xuất vật tư thiết bị điện, điện tử (không hoạt động tại trụ sở);6209: Hoạt động dịch vụ công nghệ thông tin và dịch vụ khác liên quan đến máy vi tính-Chi",internet
314274682,CÔNG TY TNHH SMART TAX,CÔNG TY TNHH SMART TAX,Công ty trách nhiệm hữu hạn hai thành viên trở lên,"P702A Tầng 7, Tòa nhà Centre Point 106 Nguyễn Văn Trỗi, Phường 08, Quận Phú Nhuận, Thành phố Hồ Chí Minh, Việt Nam",Quận Phú Nhuận,"3320: Lắp đặt máy móc và thiết bị công nghiệp-;4649: Bán buôn đồ dùng khác cho gia đình-(trừ dược phẩm);4620: Bán buôn nông, lâm sản nguyên liệu (trừ gỗ, tre, nứa) và động vật sống-(không hoạt động tạ",internet
314275157,CÔNG TY TNHH THƯƠNG MẠI ASEAN GLOBAL,CÔNG TY TNHH THƯƠNG MẠI ASEAN ,Công ty trách nhiệm hữu hạn một thành viên,"Lầu 2, Tòa nhà Newton Residence, Số 38 Trương Quốc Dung, Phường 08, Quận Phú Nhuận, Thành phố Hồ Chí Minh, Việt Nam",Quận Phú Nhuận,"4649: Bán buôn đồ dùng khác cho gia đình-Chi tiết: Bán buôn sản phẩm bằng gỗ, hàng trang trí nội thất. Bán buôn giường, tủ, bàn, ghế và đồ dùng nội thất tương tự. Bán buôn đồ dùng nội thất tương tự nh",internet
314278373,CÔNG TY TNHH KANTA,CÔNG TY TNHH KANTA,Công ty trách nhiệm hữu hạn hai thành viên trở lên,"245/5A Đường Thích Quảng Đức, Phường 05, Quận Phú Nhuận, Thành phố Hồ Chí Minh, Việt Nam",Quận Phú Nhuận,"4211: Xây dựng công trình đường sắt-;4212: Xây dựng công trình đường bộ-;4321: Lắp đặt hệ thống điện-;3312: Sửa chữa máy móc, thiết bị-(trừ gia công cơ khí, tái chế phế thải, xi mạ điện tại trụ sở);49",internet
314283133,CÔNG TY CỔ PHẦN ĐẦU TƯ PHÁT TRIỂN CHỢ TRUYỀN THỐNG VIỆT NAM,CÔNG TY CỔ PHẦN ĐẦU TƯ PHÁT TR,Công ty cổ phần,"Số 7, Hoa Thị, Phường 07, Quận Phú Nhuận, Thành phố Hồ Chí Minh, Việt Nam",Quận Phú Nhuận,"4789: Bán lẻ hàng hóa khác lưu động hoặc tại chợ-Chi tiết: Bán lẻ mỹ phẩm, vật phẩm vệ sinh; hàng gốm sứ thủy tinh, hoa tươi, cây cảnh (Thực hiện theo Quyết định 64/2009/QĐ-UBND ngày 31/07/2009 và Quy",internet
314286007,CÔNG TY CỔ PHẦN QUẢNG CÁO VECTOR,CÔNG TY CỔ PHẦN QUẢNG CÁO VECT,Công ty cổ phần,"121 Bis Nguyễn Văn Trỗi, Phường 11, Quận Phú Nhuận, Thành phố Hồ Chí Minh, Việt Nam",Quận Phú Nhuận,8559: Giáo dục khác chưa được phân vào đâu-Chi tiết: Đào tạo kỹ năng nói trước công chúng; Đào tạo kỹ năng sống; Giáo dục không xác định theo cấp độ tại các trung tâm đào tạo bồi dưỡng; Các dịch vụ dạ,internet
315034838,CÔNG TY TNHH S-MART,CÔNG TY TNHH SMART,Công ty trách nhiệm hữu hạn một thành viên,"57A Đặng Văn Ngữ , Phường 14, Quận Phú Nhuận, Thành phố Hồ Chí Minh, Việt Nam",Quận Phú Nhuận,"7320: Nghiên cứu thị trường và thăm dò dư luận-(không thực hiện các hiệu ứng cháy, nổ; không sử dụng chất nổ, chất cháy, hóa chất làm đạo cụ, dụng cụ thực hiện các chương trình văn nghệ, sự kiện, phim",internet
314305186,CÔNG TY TNHH TRÒ CHƠI ĐIỆN TỬ GEGE ESPORTS,CÔNG TY TNHH TRÒ CHƠI ĐIỆN T,Công ty trách nhiệm hữu hạn một thành viên,"241 Thích Quảng Đức, Phường 04, Quận Phú Nhuận, Thành phố Hồ Chí Minh, Việt Nam",Quận Phú Nhuận,9329: Hoạt động vui chơi giải trí khác chưa được phân vào đâu-Chi tiết: kinh doanh trò chơi điện tử (trừ kinh doanh trò chơi điện tử có thưởng dành cho người nước ngoài và kinh doanh trò chơi có thưởn,internet
314327969,CÔNG TY TNHH SOUTHERN PHOENIX,CÔNG TY TNHH SOUTHERN PHOENIX,Công ty trách nhiệm hữu hạn một thành viên,"27/3 Phan Đình Phùng, Phường 17, Quận Phú Nhuận, Thành phố Hồ Chí Minh, Việt Nam",Quận Phú Nhuận,"5510: Dịch vụ lưu trú ngắn ngày-Chi tiết: Khách sạn, biệt thự du lịch, căn hộ du lịch, nhà nghỉ du lịch, nhà ở có phòng cho khách du lịch thuê (không hoạt động tại trụ sở).;5610: Nhà hàng và các dịch ",internet
314333680,CÔNG TY TNHH TYNY,CÔNG TY TNHH TYNY,Công ty trách nhiệm hữu hạn một thành viên,"237/2 Phan Đình Phùng, Phường 15, Quận Phú Nhuận, Thành phố Hồ Chí Minh, Việt Nam",Quận Phú Nhuận,"4791: Bán lẻ theo yêu cầu đặt hàng qua bưu điện hoặc internet-(trừ bán lẻ bình gas, khí dầu mỏ hóa lỏng LPG, dầu nhớt cặn, vàng miếng, súng, đạn loại dùng đi săn hoặc thể thao và tiền kim khí; trừ bán",internet
314306581,CÔNG TY TNHH BEAUTY CÁT TIÊN,CÔNG TY TNHH BEAUTY CÁT TIÊN,Công ty trách nhiệm hữu hạn một thành viên,"234 Huỳnh Văn Bánh, Phường 11, Quận Phú Nhuận, Thành phố Hồ Chí Minh, Việt Nam",Quận Phú Nhuận,"4649: Bán buôn đồ dùng khác cho gia đình-chi tiết: Bán buôn nước hoa, hàng mỹ phẩm và chế phẩm vệ sinh.;4632: Bán buôn thực phẩm-chi tiết: Bán buôn thực phẩm chức năng;4772: Bán lẻ thuốc, dụng cụ y tế",internet
314320917,CÔNG TY CỔ PHẦN HITEKLINK,CÔNG TY CỔ PHẦN HITEKLINK,Công ty cổ phần,"Số 3.36 Tòa Nhà Orchard Garden 128 Hồng Hà, Phường 09, Quận Phú Nhuận, Thành phố Hồ Chí Minh, Việt Nam",Quận Phú Nhuận,2630: Sản xuất thiết bị truyền thông-Sản xuất thiết bị truyền dữ liệu và điện thoại được sử dụng để chuyển tín hiệu điện tử thông qua dây dẫn hoặc không khí như đài phát thanh và trạm vô tuyến và các ,internet
314331852,CÔNG TY TNHH WILIPOPI,CÔNG TY TNHH WILIPOPI,Công ty trách nhiệm hữu hạn một thành viên,"74/1/8 Trương Quốc Dung, Phường 10, Quận Phú Nhuận, Thành phố Hồ Chí Minh, Việt Nam",Quận Phú Nhuận,"4649: Bán buôn đồ dùng khác cho gia đình-Chi tiết: Bán buôn xuất khẩu, nhập khẩu thiết bị giáo dục, trường học, Bán buôn mỹ phẩm;4653: Bán buôn máy móc, thiết bị và phụ tùng máy nông nghiệp-;4652: Bán",internet
314353503,CÔNG TY CỔ PHẦN GIẢI PHÁP LA CA,CÔNG TY CỔ PHẦN GIẢI PHÁP LA C,Công ty cổ phần,"93/43 Nguyễn Đình Chiểu, Phường 04, Quận Phú Nhuận, Thành phố Hồ Chí Minh, Việt Nam",Quận Phú Nhuận,"6201: Lập trình máy vi tính-Chi tiết: Dịch vụ lập trình;4719: Bán lẻ khác trong các cửa hàng kinh doanh tổng hợp-Chi tiết: Bán lẻ quần áo, giày dép, đồ dùng gia đình, máy vi tính, thiết bị và linh kiệ",internet
314337660,CÔNG TY TNHH TL CREATION VN,CÔNG TY TNHH TL CREATION VN,Công ty trách nhiệm hữu hạn một thành viên,"202 Hoàng Văn Thụ, Phường 09, Quận Phú Nhuận, Thành phố Hồ Chí Minh, Việt Nam",Quận Phú Nhuận,"4669: Bán buôn chuyên doanh khác chưa được phân vào đâu-(trừ bán buôn thuốc trừ sâu và hóa chất và không bán buôn phế liệu, phế thải kim loại, phi kim loại tại trụ sở). (CPC: 622); 4719: Bán lẻ khác t",internet
314354761,CÔNG TY TNHH KINH DOANH DỊCH VỤ NNC,CÔNG TY TNHH KINH DOANH DỊCH V,Công ty trách nhiệm hữu hạn một thành viên,"Số 67/17 Trần Kế Xương, Phường 07, Quận Phú Nhuận, Thành phố Hồ Chí Minh, Việt Nam",Quận Phú Nhuận,5820: Xuất bản phần mềm-chi tiết: sản xuất phần mềm;6201: Lập trình máy vi tính-chi tiết: lập trình web. Gia công phần mềm;6202: Tư vấn máy vi tính và quản trị hệ thống máy vi tính-;6209: Hoạt động dị,internet
314351256,CÔNG TY TRÁCH NHIỆM HỮU HẠN SẮC ĐẸP VÀNG,CÔNG TY TRÁCH NHIỆM HỮU HẠN SẮ,Công ty trách nhiệm hữu hạn hai thành viên trở lên,"86 Cư xá Nguyễn Văn Trỗi, đường Nguyễn Văn Trỗi, , Phường 17, Quận Phú Nhuận, Thành phố Hồ Chí Minh, Việt Nam",Quận Phú Nhuận,"9329: Hoạt động vui chơi giải trí khác chưa được phân vào đâu-- Cho thuê các thiết bị thư giãn như là một phần của các phương tiện giải trí; 
- Hoạt động hội chợ và trưng bày các đồ giải trí mang tính",internet
314360959,CÔNG TY TNHH THE PAPER DESIGN,CÔNG TY TNHH THE PAPER DESIGN,Công ty trách nhiệm hữu hạn một thành viên,"103/45 Trần Huy Liệu, Phường 12, Quận Phú Nhuận, Thành phố Hồ Chí Minh, Việt Nam",Quận Phú Nhuận,"1811: In ấn-(trừ in tráng bao bì kim loại, in trên sản phẩm vải, sợi, dệt, may đan tại trụ sở).;1812: Dịch vụ liên quan đến in-;3312: Sửa chữa máy móc, thiết bị-(trừ gia công cơ khí, tái chế phế thải,",internet
314383459,CÔNG TY TNHH THƯƠNG MẠI DỊCH VỤ THẠNH XUÂN,CÔNG TY TNHH THƯƠNG MẠI DỊCH V,Công ty trách nhiệm hữu hạn hai thành viên trở lên,"120/86/35 Thích Quảng Đức, Phường 05, Quận Phú Nhuận, Thành phố Hồ Chí Minh, Việt Nam",Quận Phú Nhuận,"1010: Chế biến, bảo quản thịt và các sản phẩm từ thịt-;1020: Chế biến, bảo quản thuỷ sản và các sản phẩm từ thuỷ sản-;1030: Chế biến và bảo quản rau quả-;1075: Sản xuất món ăn, thức ăn chế biến sẵn-;1",internet
314385801,CÔNG TY CỔ PHẦN TOBECO,CÔNG TY CỔ PHẦN TOBECO,Công ty cổ phần,"83 Cư xá Nguyễn Văn Trỗi đường Nguyễn Văn Trỗi , Phường 17, Quận Phú Nhuận, Thành phố Hồ Chí Minh, Việt Nam",Quận Phú Nhuận,"4633: Bán buôn đồ uống-chi tiết: bán buôn đồ uống có cồn;4641: Bán buôn vải, hàng may sẵn, giày dép-;4649: Bán buôn đồ dùng khác cho gia đình-chi tiết:
- Bán buôn vali, cặp, túi, ví, hàng da và giả da",internet
314408784,CÔNG TY CỔ PHẦN TƯ VẤN BA PHÁT,CÔNG TY CỔ PHẦN TƯ VẤN BA PHÁT,Công ty cổ phần,"9/26 Nguyễn Thị Huỳnh, Phường 08, Quận Phú Nhuận, Thành phố Hồ Chí Minh, Việt Nam",Quận Phú Nhuận,"4632: Bán buôn thực phẩm-Chi tiết: Bán buôn thực phẩm chức năng;4652: Bán buôn thiết bị và linh kiện điện tử, viễn thông-;4290: Xây dựng công trình kỹ thuật dân dụng khác-;7730: Cho thuê máy móc, thiế",internet
314454928,CÔNG TY CỔ PHẦN LỮ HÀNH CON ĐƯỜNG TƠ LỤA,CÔNG TY CỔ PHẦN LỮ HÀNH CON ĐƯ,Công ty cổ phần,"145/9 Nguyễn Đình Chính, Phường 11, Quận Phú Nhuận, Thành phố Hồ Chí Minh, Việt Nam",Quận Phú Nhuận,"7911: Đại lý du lịch-;7912: Điều hành tua du lịch-Chi tiết: Kinh doanh lữ hành nội địa - quốc tế;4931: Vận tải hành khách đường bộ trong nội thành, ngoại thành (trừ vận tải bằng xe buýt)-;4932: Vận tả",internet
314509197,CÔNG TY TNHH UGI HOUSE,CÔNG TY TNHH UGI HOUSE,Công ty trách nhiệm hữu hạn một thành viên,"13 Lê Văn Sỹ, Phường 13, Quận Phú Nhuận, Thành phố Hồ Chí Minh, Việt Nam",Quận Phú Nhuận,"1322: Sản xuất hàng may sẵn (trừ trang phục)-;1410: May trang phục (trừ trang phục từ da lông thú)-;1430: Sản xuất trang phục dệt kim, đan móc-;1811: In ấn-;5229: Hoạt động dịch vụ hỗ trợ khác liên qu",internet
314483365,CÔNG TY TNHH DỊCH VỤ THƯƠNG MẠI LÀM CỘNG,CÔNG TY TNHH DỊCH VỤ THƯƠNG MẠ,Công ty trách nhiệm hữu hạn một thành viên,"P702A, Tầng 7, Tòa Nhà Centre Point, 106 Nguyễn Văn Trỗi, Phường 08, Quận Phú Nhuận, Thành phố Hồ Chí Minh, Việt Nam",Quận Phú Nhuận,"8230: Tổ chức giới thiệu và xúc tiến thương mại-Chi tiết: Quản lý các sự kiện như kinh doanh triển lãm, giới thiệu sản phẩm, hội chợ, hội nghị có hoặc không có quản lý và cung cấp nhân viên đảm nhận n",internet
314475646,CÔNG TY TNHH THƯƠNG MẠI DỊCH VỤ K LINH,CÔNG TY TNHH THƯƠNG MẠI DỊCH V,Công ty trách nhiệm hữu hạn một thành viên,"17 Phùng Văn Cung, Phường 02, Quận Phú Nhuận, Thành phố Hồ Chí Minh, Việt Nam",Quận Phú Nhuận,"4933: Vận tải hàng hóa bằng đường bộ-(Trừ hóa lỏng khí để vận chuyển); 5229: Hoạt động dịch vụ hỗ trợ khác liên quan đến vận tải-Chi tiết: Giao nhận hàng hóa, hoạt động của các đại lý bán vé máy bay, ",internet
314487458,CÔNG TY TNHH MỸ NGHỆ ĐỒNG TẤN PHÁT,CÔNG TY TNHH MỸ NGHỆ ĐỒNG TẤN ,Công ty trách nhiệm hữu hạn hai thành viên trở lên,"166/14 Đào Duy Anh, Phường 09, Quận Phú Nhuận, Thành phố Hồ Chí Minh, Việt Nam",Quận Phú Nhuận,"4741: Bán lẻ máy vi tính, thiết bị ngoại vi, phần mềm và thiết bị viễn thông trong các cửa hàng chuyên doanh-;4742: Bán lẻ thiết bị nghe nhìn trong các cửa hàng chuyên doanh-;6312: Cổng thông tin-Chi ",internet
314486503,CÔNG TY CỔ PHẦN KỸ THUẬT SỐ YÊU ÂM NHẠC,CÔNG TY CỔ PHẦN KỸ THUẬT SỐ YÊ,Công ty cổ phần,"38/6A Nguyễn Văn Trỗi, Phường 15, Quận Phú Nhuận, Thành phố Hồ Chí Minh, Việt Nam",Quận Phú Nhuận,9329: Hoạt động vui chơi giải trí khác chưa được phân vào đâu-Chi tiết: Kinh doanh trò chơi điện tử. Cung cấp dịch vụ trò chơi điện tử trên mạng (trừ kinh doanh trò chơi điện tử có thưởng cho người nư,internet
314498587,CÔNG TY TNHH THƯƠNG MẠI DỊCH VỤ TỔNG HỢP TRẦN HÙNG,CÔNG TY TNHH THƯƠNG MẠI DỊCH V,Công ty trách nhiệm hữu hạn một thành viên,"Tầng 7, Tòa nhà Centre Point, Số 106 Nguyễn Văn Trỗi, Phường 08, Quận Phú Nhuận, Thành phố Hồ Chí Minh, Việt Nam",Quận Phú Nhuận,5820: Xuất bản phần mềm-Chi tiết: Sản xuất phần mềm.;6201: Lập trình máy vi tính-;6202: Tư vấn máy vi tính và quản trị hệ thống máy vi tính-;6209: Hoạt động dịch vụ công nghệ thông tin và dịch vụ khác,internet
314511460,CÔNG TY TNHH UNIFY T PRODUCTION,CÔNG TY TNHH UNIFY T PRODUCTIO,Công ty trách nhiệm hữu hạn hai thành viên trở lên,"64 Phan Xích Long, Phường 03, Quận Phú Nhuận, Thành phố Hồ Chí Minh, Việt Nam",Quận Phú Nhuận,"6311: Xử lý dữ liệu, cho thuê và các hoạt động liên quan-(trừ kinh doanh đại lý cung cấp dịch vụ truy cập internet);6312: Cổng thông tin-Chi tiết: Thiết lập trang thông tin điện tử tổng hợp;7310: Quản",internet
314502681,CÔNG TY TNHH NGUYÊN CÁC GGWP,CÔNG TY TNHH NGUYÊN CÁC GGWP,Công ty trách nhiệm hữu hạn hai thành viên trở lên,"18 Hoa Hồng , Phường 02, Quận Phú Nhuận, Thành phố Hồ Chí Minh, Việt Nam",Quận Phú Nhuận,"4722: Bán lẻ thực phẩm trong các cửa hàng chuyên doanh-Chi tiết: Bán lẻ rau, quả trong các cửa hàng chuyên doanh. Bán lẻ sữa, sản phẩm từ sữa và trứng, bánh, mứt. Bán lẻ thực phẩm khác trong các cửa h",internet
314522889,CÔNG TY TNHH THƯƠNG MẠI DỊCH VỤ CÔNG NGHỆ HOÀNG PHONG,CÔNG TY TNHH THƯƠNG MẠI DỊCH V,Công ty trách nhiệm hữu hạn một thành viên,"247A/36 Huỳnh Văn Bánh, Phường 12, Quận Phú Nhuận, Thành phố Hồ Chí Minh, Việt Nam",Quận Phú Nhuận,6201: Lập trình máy vi tính-;6202: Tư vấn máy vi tính và quản trị hệ thống máy vi tính-;6209: Hoạt động dịch vụ công nghệ thông tin và dịch vụ khác liên quan đến máy vi tính-(trừ kinh doanh dịch vụ tr,internet
314534676,CÔNG TY TNHH XUẤT NHẬP KHẨU EZIMEX,CÔNG TY TNHH XUẤT NHẬP KHẨU EZ,Công ty trách nhiệm hữu hạn hai thành viên trở lên,"P.702A Tầng 7, Tòa nhà Centre Point, 106 Nguyễn Văn Trỗi, Phường 08, Quận Phú Nhuận, Thành phố Hồ Chí Minh, Việt Nam",Quận Phú Nhuận,"2023: Sản xuất mỹ phẩm, xà phòng, chất tẩy rửa, làm bóng và chế phẩm vệ sinh-(Không hoạt động tại trụ sở).;4620: Bán buôn nông, lâm sản nguyên liệu (trừ gỗ, tre, nứa) và động vật sống-(Không hoạt động",internet
314529972,CÔNG TY TNHH THƯƠNG MẠI VÀ DỊCH VỤ DIỆP QUÂN,CÔNG TY TNHH THƯƠNG MẠI VÀ DỊC,Công ty trách nhiệm hữu hạn một thành viên,"50/6/5 Nguyễn Đình Chiểu, Phường 03, Quận Phú Nhuận, Thành phố Hồ Chí Minh, Việt Nam",Quận Phú Nhuận,"2610: Sản xuất linh kiện điện tử-Chi tiết: Sản xuất, lắp ráp: thiết bị điện lạnh-điện dân dụng và công nghiệp điện tử, tin học, viễn thông (không sản xuất, lắp ráp tại trụ sở);2790: Sản xuất thiết bị ",internet
314578955,CÔNG TY TNHH MỘT THÀNH VIÊN THƯƠNG MẠI HÀNG GIA DỤNG TỔNG HỢP,CÔNG TY TNHH MỘT THÀNH VIÊN TH,Công ty trách nhiệm hữu hạn một thành viên,"163 đường Phan Đăng Lưu, Phường 01, Quận Phú Nhuận, Thành phố Hồ Chí Minh, Việt Nam",Quận Phú Nhuận,"7721: Cho thuê thiết bị thể thao, vui chơi giải trí-;7310: Quảng cáo-chi tiết: Cung cấp tất cả các lĩnh vực của dịch vụ quảng cáo (thông qua năng lực của công ty hoặc hợp đồng phụ), bao gồm tư vấn, dị",internet
314567343,CÔNG TY CỔ PHẦN NGƯỜI BẠN VÀNG,CÔNG TY CỔ PHẦN NGƯỜI BẠN VÀNG,Công ty cổ phần,"P702A Tầng 7, Tòa nhà Centre Point ,106 Nguyễn Văn Trỗi, Phường 08, Quận Phú Nhuận, Thành phố Hồ Chí Minh, Việt Nam",Quận Phú Nhuận,6492: Hoạt động cấp tín dụng khác-Chi tiết: Dịch vụ cầm đồ;6499: Hoạt động dịch vụ tài chính khác chưa được phân vào đâu (trừ bảo hiểm và bảo hiểm xã hội)-Chi tiết: Đại lý đổi ngoại tệ. Đại lý cung ứn,internet
314584934,CÔNG TY CỔ PHẦN DỊCH VỤ GIẢI PHÁP VÒNG XOÁY,CÔNG TY CỔ PHẦN DỊCH VỤ GIẢI P,Công ty cổ phần,"Số 209 Hoàng Văn Thụ, Phường 08, Quận Phú Nhuận, Thành phố Hồ Chí Minh, Việt Nam",Quận Phú Nhuận,"1811: In ấn-(trừ in, tráng bao bì kim loại và in trên các sản phẩm vải, sợi, dệt, may, đan tại trụ sở);1812: Dịch vụ liên quan đến in-;5310: Bưu chính-Chi tiết: Đại lý dịch vụ bưu chính viễn thông;532",internet
314596633,CÔNG TY TNHH EMBER SPIRIT,CÔNG TY TNHH EMBER SPIRIT,Công ty trách nhiệm hữu hạn một thành viên,"28/35B Đặng Văn Ngữ, Phường 10, Quận Phú Nhuận, Thành phố Hồ Chí Minh, Việt Nam",Quận Phú Nhuận,"4791: Bán lẻ theo yêu cầu đặt hàng qua bưu điện hoặc internet-(trừ bán lẻ bình gas, khí dầu mỏ hóa lỏng LPG, dầu nhớt cặn, vàng miếng, súng, đạn loại dùng đi săn hoặc thể thao và tiền kim khí; trừ bán",internet
314584074,CÔNG TY TNHH TƯ VẤN NHƯ Ý LAW FIRM,CÔNG TY TNHH TƯ VẤN NHƯ Ý LAW ,Công ty trách nhiệm hữu hạn hai thành viên trở lên,"121Bis Nguyễn Văn Trỗi, Phường 11, Quận Phú Nhuận, Thành phố Hồ Chí Minh, Việt Nam",Quận Phú Nhuận,"6619: Hoạt động hỗ trợ dịch vụ tài chính chưa được phân vào đâu-Chi tiết: Hoạt động tư vấn đầu tư (trừ tư vấn tài chính, kế toán);5229: Hoạt động dịch vụ hỗ trợ khác liên quan đến vận tải-Chi tiết: Ho",internet
314616551,CÔNG TY TNHH QUẢN TRỊ WEB VIỆT,CÔNG TY TNHH QUẢN TRỊ WEB VIỆT,Công ty trách nhiệm hữu hạn một thành viên,"Lầu 1, 140 Hoa Lan, Phường 02, Quận Phú Nhuận, Thành phố Hồ Chí Minh, Việt Nam",Quận Phú Nhuận,"7410: Hoạt động thiết kế chuyên dụng-Chi tiết: Thiết kế trang website, Thiết kế đồ họa (trừ thiết kế công trình xây dựng).;6312: Cổng thông tin-Chi tiết: Thiết lập trang thông tin điện tử tổng hợp;582",internet
314637777,CÔNG TY CP MASARA VIỆT NAM,CÔNG TY CP MASARA VIỆT NAM,Công ty cổ phần,"247A/26 Huỳnh Văn Bánh, Phường 12, Quận Phú Nhuận, Thành phố Hồ Chí Minh, Việt Nam",Quận Phú Nhuận,"4669: Bán buôn chuyên doanh khác chưa được phân vào đâu-(Chi tiết: Bán buôn phụ liệu may mặc và giày dép);4511: Bán buôn ô tô và xe có động cơ khác-;4541: Bán mô tô, xe máy-;4543: Bán phụ tùng và các ",internet
314606909,CÔNG TY TNHH VINS BEAUTY & COSMETIC,CÔNG TY TNHH VINS BEAUTY  COSM,Công ty trách nhiệm hữu hạn một thành viên,"661 Nguyễn Kiệm, Phường 09, Quận Phú Nhuận, Thành phố Hồ Chí Minh, Việt Nam",Quận Phú Nhuận,"4772: Bán lẻ thuốc, dụng cụ y tế, mỹ phẩm và vật phẩm vệ sinh trong các cửa hàng chuyên doanh-Chi tiết: Bán lẻ dụng cụ y tế, mỹ phẩm và vật phẩm vệ sinh trong các cửa hàng chuyên doanh. (CPC: 632);464",internet
314597073,CÔNG TY TNHH THƯƠNG MẠI ĐIỆN TỬ - TRUYỀN THÔNG THÀNH LONG,CÔNG TY TNHH THƯƠNG MẠI ĐIỆN T,Công ty trách nhiệm hữu hạn hai thành viên trở lên,"89 Trần Khắc Chân, Phường 09, Quận Phú Nhuận, Thành phố Hồ Chí Minh, Việt Nam",Quận Phú Nhuận,"1079: Sản xuất thực phẩm khác chưa được phân vào đâu-Chi tiết: sản xuất thực phẩm chức năng;1811: In ấn-(trừ in ấn tráng bao bì kim loại và in trên các sản phẩm vải sợi, dệt, may, đan);1812: Dịch vụ l",internet
314185898,CÔNG TY TNHH KIẾN TRÚC VÀ XÂY DỰNG ẤM,CÔNG TY TNHH KIẾN TRÚC VÀ XÂY ,Công ty trách nhiệm hữu hạn một thành viên,"322C, Đường Huỳnh Văn Bánh, Phường 11, Quận Phú Nhuận, Thành phố Hồ Chí Minh, Việt Nam",Quận Phú Nhuận,"4753: Bán lẻ thảm, đệm, chăn, màn, rèm, vật liệu phủ tường và sàn trong các cửa hàng chuyên doanh-;4759: Bán lẻ đồ điện gia dụng, giường, tủ, bàn, ghế và đồ nội thất tương tự, đèn và bộ đèn điện, đồ d",internet
314618502,CÔNG TY TNHH THƯƠNG MẠI DỊCH VỤ QUẢNG CÁO VẬN TẢI TITAN,CÔNG TY TNHH THƯƠNG MẠI DỊCH V,Công ty trách nhiệm hữu hạn một thành viên,"166/38 Thích Quảng Đức, Phường 04, Quận Phú Nhuận, Thành phố Hồ Chí Minh, Việt Nam",Quận Phú Nhuận,"4530: Bán phụ tùng và các bộ phận phụ trợ của ô tô và xe có động cơ khác-;4610: Đại lý, môi giới, đấu giá-Chi tiết: Đại lý, môi giới (trừ môi giới bất động sản);4651: Bán buôn máy vi tính, thiết bị ng",internet
314490570,CÔNG TY TNHH THƯƠNG MẠI DỊCH VỤ THIẾT KẾ HỢP THÀNH,CÔNG TY TNHH THƯƠNG MẠI DỊCH V,Công ty trách nhiệm hữu hạn một thành viên,"Phòng 2.18 Khu Officetel, Cao Ốc Kingston Residence, 146 Nguyễn Văn Trỗi, Phường 08, Quận Phú Nhuận, Thành phố Hồ Chí Minh, Việt Nam",Quận Phú Nhuận,6190: Hoạt động viễn thông khác-Chi tiết:  Hoạt động của điểm truy cập internet; Cung cấp dịch vụ trò chơi điện tử công cộng ( trừ kinh doanh trò chơi điện tử có thưởng dành cho người nước ngoài và ki,internet
314510812,CÔNG TY CỔ PHẦN CLOUDRENDER,CÔNG TY CỔ PHẦN CLOUDRENDER,Công ty cổ phần,"Số 220/1 Đường Nguyễn Trọng Tuyển, Phường 08, Quận Phú Nhuận, Thành phố Hồ Chí Minh, Việt Nam",Quận Phú Nhuận,"6201: Lập trình máy vi tính-;4651: Bán buôn máy vi tính, thiết bị ngoại vi và phần mềm-;6190: Hoạt động viễn thông khác-Chi tiết : Đại lý dịch vụ bưu chính viễn thông (không kinh doanh đại lý truy cập",internet
314626990,CÔNG TY TNHH MỘT THÀNH VIÊN PROSPERI,CÔNG TY TNHH MỘT THÀNH VIÊN PR,Công ty trách nhiệm hữu hạn một thành viên,"328C Nguyễn Thượng Hiền, Phường 05, Quận Phú Nhuận, Thành phố Hồ Chí Minh, Việt Nam",Quận Phú Nhuận,"1811: In ấn-Chi tiết: Dịch vụ in vi tính (in các dữ liệu, tập tin do khách hàng đem đến). In trên bao bì (không in tại trụ sở).;1812: Dịch vụ liên quan đến in-;2392: Sản xuất vật liệu xây dựng từ đất ",internet
314630813,CÔNG TY CỔ PHẦN ĐẦU TƯ VÀ PHÁT TRIỂN DỊCH VỤ QUẢNG CÁO CHUYÊN NGHIỆP,CÔNG TY CỔ PHẦN ĐẦU TƯ VÀ PHÁT,Công ty cổ phần,"140B Đường Nguyễn Văn Trỗi, Phường 08, Quận Phú Nhuận, Thành phố Hồ Chí Minh, Việt Nam",Quận Phú Nhuận,"1811: In ấn-(trừ các loại hình Nhà nước cấm);1812: Dịch vụ liên quan đến in-;5510: Dịch vụ lưu trú ngắn ngày-Chi tiết: Khách sạn, biệt thự du lịch, căn hộ du lịch, nhà nghỉ du lịch, nhà ở có phòng cho",internet
314677709,CÔNG TY TNHH CHÉN CHÉN CHÉN,CÔNG TY TNHH CHÉN CHÉN CHÉN,Công ty trách nhiệm hữu hạn một thành viên,"515 Nguyễn Trọng Tuyển, Phường 05, Quận Phú Nhuận, Thành phố Hồ Chí Minh, Việt Nam",Quận Phú Nhuận,"4764: Bán lẻ trò chơi, đồ chơi trong các cửa hàng chuyên doanh-(trừ đồ chơi có hại cho giáo dục nhân cách, sức khoẻ trẻ em hoặc ảnh hưởng đến an ninh trật tự an toàn xã hội);6190: Hoạt động viễn thông",internet
314678269,CÔNG TY TNHH THƯƠNG MAI DỊCH VỤ SPA LAMOUR,CÔNG TY TNHH THƯƠNG MAI DỊCH V,Công ty trách nhiệm hữu hạn một thành viên,"75 Đặng Văn Ngữ, Phường 14, Quận Phú Nhuận, Thành phố Hồ Chí Minh, Việt Nam",Quận Phú Nhuận,"2023: Sản xuất mỹ phẩm, xà phòng, chất tẩy rửa, làm bóng và chế phẩm vệ sinh-(không hoạt động tại trụ sở).; 2100: Sản xuất thuốc, hoá dược và dược liệu-(không hoạt động tại trụ sở).; 4772: Bán lẻ thuố",internet
314684255,CÔNG TY TNHH CUNG ỨNG NÔNG SẢN AQUAFARM,CÔNG TY TNHH CUNG ỨNG NÔNG SẢN,Công ty trách nhiệm hữu hạn một thành viên,"120/59 Đường Thích Quảng Đức, Phường 04, Quận Phú Nhuận, Thành phố Hồ Chí Minh, Việt Nam",Quận Phú Nhuận,"8230: Tổ chức giới thiệu và xúc tiến thương mại-(không thực hiện các hiệu ứng cháy, nổ; không sử dụng chất nổ, chất cháy, hóa chất làm đạo cụ, dụng cụ thực hiện các chương trình văn nghệ, sự kiện, phi",internet
314684777,CÔNG TY TNHH ĐẦU TƯ PHÁT TRIỂN CITYGROUP,CÔNG TY TNHH ĐẦU TƯ PHÁT TRIỂN,Công ty trách nhiệm hữu hạn một thành viên,"100A4 Thích Quảng Đức , Phường 05, Quận Phú Nhuận, Thành phố Hồ Chí Minh, Việt Nam",Quận Phú Nhuận,"5021: Vận tải hành khách đường thuỷ nội địa-;5221: Hoạt động dịch vụ hỗ trợ trực tiếp cho vận tải đường sắt và đường bộ-(trừ kinh doanh kết cấu hạ tầng đường sắt, hóa lỏng khí để vận chuyển);5222: Hoạ",internet
314726032,CÔNG TY TNHH THƯƠNG MẠI XUẤT NHẬP KHẨU IRO,CÔNG TY TNHH THƯƠNG MẠI XUẤT N,Công ty trách nhiệm hữu hạn hai thành viên trở lên,"72/31A Phan Đăng Lưu, Phường 05, Quận Phú Nhuận, Thành phố Hồ Chí Minh, Việt Nam",Quận Phú Nhuận,"4649: Bán buôn đồ dùng khác cho gia đình-Chi tiết: Chi tiết: Bán buôn nước hoa, hàng mỹ phẩm và chế phẩm vệ sinh; bán buôn đồ điện gia dụng, đèn và bộ đèn điện ; bán buôn sach, báo, tạp chí, văn phòng",internet
314692263,CÔNG TY TNHH BẢO QUYÊN MEDIA,CÔNG TY TNHH BẢO QUYÊN MEDIA,Công ty trách nhiệm hữu hạn một thành viên,"111/41 Huỳnh Văn Bánh, Phường 17, Quận Phú Nhuận, Thành phố Hồ Chí Minh, Việt Nam",Quận Phú Nhuận,"2620: Sản xuất máy vi tính và thiết bị ngoại vi của máy vi tính-Chi tiết: Sản xuất thiết bị tin học (trừ gia công cơ khí, tái chế phế thải, xi mạ điện tại trụ sở);4741: Bán lẻ máy vi tính, thiết bị ng",internet
314706572,CÔNG TY TNHH CÔNG NGHỆ 6S,CÔNG TY TNHH CÔNG NGHỆ 6S,Công ty trách nhiệm hữu hạn hai thành viên trở lên,"529/36 Huỳnh Văn Bánh, Phường 14, Quận Phú Nhuận, Thành phố Hồ Chí Minh, Việt Nam",Quận Phú Nhuận,"4711: Bán lẻ lương thực, thực phẩm, đồ uống, thuốc lá, thuốc lào chiếm tỷ trọng lớn trong các cửa hàng kinh doanh tổng hợp-(thực hiện theo Quyết định số 64/2009/QĐ-UBND ngày 31/07/2009 và Quyết định s",internet
314711861,CÔNG TY TNHH THƯƠNG MẠI DỊCH VỤ NÔNG SẢN KHẢI MINH,CÔNG TY TNHH THƯƠNG MẠI DỊCH V,Công ty trách nhiệm hữu hạn một thành viên,"Số 101/9 Hồ Văn Huê, Phường 09, Quận Phú Nhuận, Thành phố Hồ Chí Minh, Việt Nam",Quận Phú Nhuận,"4752: Bán lẻ đồ ngũ kim, sơn, kính và thiết bị lắp đặt khác trong xây dựng trong các cửa hàng chuyên doanh-chi tiết: Bán lẻ gỗ cây và gỗ chế biến;1629: Sản xuất sản phẩm khác từ gỗ; sản xuất sản phẩm ",lap top
314716468,CÔNG TY TNHH TƯ VẤN CÔNG NGHỆ TẦM NHÌN SỐ,CÔNG TY TNHH TƯ VẤN CÔNG NGHỆ ,Công ty trách nhiệm hữu hạn một thành viên,"159 Nguyễn Đình Chính, Phường 11, Quận Phú Nhuận, Thành phố Hồ Chí Minh, Việt Nam",Quận Phú Nhuận,"7410: Hoạt động thiết kế chuyên dụng-Chi tiết: Hoạt động trang trí nội thất.;4741: Bán lẻ máy vi tính, thiết bị ngoại vi, phần mềm và thiết bị viễn thông trong các cửa hàng chuyên doanh-;3312: Sửa chữ",internet
314708259,CÔNG TY TNHH ĐẦU TƯ THƯƠNG MẠI AKG,CÔNG TY TNHH ĐẦU TƯ THƯƠNG MẠI,Công ty trách nhiệm hữu hạn hai thành viên trở lên,"29/32/22N Đoàn Thị Điểm, Phường 01, Quận Phú Nhuận, Thành phố Hồ Chí Minh, Việt Nam",Quận Phú Nhuận,"1811: In ấn-(trừ in tráng bao bì kim loại, in trên sản phẩm vải, sợi, dệt, may đan tại trụ sở).;1812: Dịch vụ liên quan đến in-chi tiết: Cắt, dán băng rôn, chữ nổi.;5229: Hoạt động dịch vụ hỗ trợ khác",internet
314719606,CÔNG TY TNHH MỸ CƠ,CÔNG TY TNHH MỸ CƠ,Công ty trách nhiệm hữu hạn một thành viên,"62/7/17 Nguyễn Đình Chính, Phường 15, Quận Phú Nhuận, Thành phố Hồ Chí Minh, Việt Nam",Quận Phú Nhuận,"3290: Sản xuất khác chưa được phân vào đâu-Chi tiết : Sản xuất tinh dầu, hương liệu thiên nhiên;8299: Hoạt động dịch vụ hỗ trợ kinh doanh khác còn lại chưa được phân vào đâu-Chi tiết: Xuất nhập khẩu c",internet
314743609,CÔNG TY TNHH THE INVESTMENT OFFICE,CÔNG TY TNHH THE INVESTMENT OF,Công ty trách nhiệm hữu hạn hai thành viên trở lên,"Phòng 4.01, Tầng 4, Tòa nhà The Prince Residence, Số 19 - 21 Nguyễn Văn Trỗi, Phường 11, Quận Phú Nhuận, Thành phố Hồ Chí Minh, Việt Nam",Quận Phú Nhuận,"4724: Bán lẻ sản phẩm thuốc lá, thuốc lào trong các cửa hàng chuyên doanh-(thực hiện theo quyết định 64/2009/QĐ-UBND ngày 31/07/2009 và quyết định số 79/2009/QĐ-UBND ngày 17/10/2009 của Ủy ban nhân dâ",internet
314747561,CÔNG TY TNHH JESSI'S HOUSE,CÔNG TY TNHH JESSIS HOUSE,Công ty trách nhiệm hữu hạn một thành viên,"Số 97 Nguyễn Đình Chiểu, Phường 04, Quận Phú Nhuận, Thành phố Hồ Chí Minh, Việt Nam",Quận Phú Nhuận,"7310: Quảng cáo-;8230: Tổ chức giới thiệu và xúc tiến thương mại-Chi tiết: Tổ chức sự kiện, hội nghị, hội thảo, hội chợ (không thực hiện các hiệu ứng cháy, nổ; không sử dụng chất nổ, chất cháy, hóa ch",internet
314728135,CÔNG TY TNHH THƯƠNG MẠI KIM PHÁT VIỆT NAM,CÔNG TY TNHH THƯƠNG MẠI KIM PH,Công ty trách nhiệm hữu hạn một thành viên,"491/123 Huỳnh Văn Bánh, Phường 13, Quận Phú Nhuận, Thành phố Hồ Chí Minh, Việt Nam",Quận Phú Nhuận,"4530: Bán phụ tùng và các bộ phận phụ trợ của ô tô và xe có động cơ khác-;4620: Bán buôn nông, lâm sản nguyên liệu (trừ gỗ, tre, nứa) và động vật sống-(không hoạt động tại trụ sở);4632: Bán buôn thực ",internet
314727822,CÔNG TY TNHH ROOXIM COMPUTER SCIENCE,CÔNG TY TNHH ROOXIM COMPUTER S,Công ty trách nhiệm hữu hạn một thành viên,"92 Thích Quảng Đức, Phường 05, Quận Phú Nhuận, Thành phố Hồ Chí Minh, Việt Nam",Quận Phú Nhuận,6209: Hoạt động dịch vụ công nghệ thông tin và dịch vụ khác liên quan đến máy vi tính-Chi tiết: Dịch vụ thiết kế đồ họa (không bao gồm các hoạt động thuộc dịch vụ quảng cáo thuộc CPC 871) (CPC: 849);7,computer
314801466,CÔNG TY TNHH PHILRAJA ENTERPRISE,CÔNG TY TNHH PHILRAJA ENTERPRI,Công ty trách nhiệm hữu hạn một thành viên,"Số 02 Hoa Phượng, Phường 02, Quận Phú Nhuận, Thành phố Hồ Chí Minh, Việt Nam",Quận Phú Nhuận,"4669: Bán buôn chuyên doanh khác chưa được phân vào đâu-Chi tiết: Bán buôn tóc giả, lông mi giả;4719: Bán lẻ khác trong các cửa hàng kinh doanh tổng hợp-(trừ bán lẻ bình gas, khí dầu mỏ hóa lỏng LPG, ",internet
314790380,CÔNG TY TNHH WUFU,CÔNG TY TNHH WUFU,Công ty trách nhiệm hữu hạn một thành viên,"78 Hồ Văn Huê, Phường 09, Quận Phú Nhuận, Thành phố Hồ Chí Minh, Việt Nam",Quận Phú Nhuận,"2599: Sản xuất sản phẩm khác bằng kim loại chưa được phân vào đâu-Chi tiết: Sản xuất linh kiện ngũ kim, đinh, ốc vít;2013: Sản xuất plastic và cao su tổng hợp dạng nguyên sinh-(trừ sản xuất xốp cách n",internet
314767504,CÔNG TY TNHH THE LOTUS,CÔNG TY TNHH THE LOTUS,Công ty trách nhiệm hữu hạn một thành viên,"Số 33 Hoa Lan , Phường 02, Quận Phú Nhuận, Thành phố Hồ Chí Minh, Việt Nam",Quận Phú Nhuận,"4761: Bán lẻ sách, báo, tạp chí văn phòng phẩm trong các cửa hàng chuyên doanh-(có nội dung được phép lưu hành);8531: Đào tạo sơ cấp-;8532: Đào tạo trung cấp-;4722: Bán lẻ thực phẩm trong các cửa hàng",internet
314232611,CÔNG TY TNHH GEMS FORTUNA,CÔNG TY TNHH GEMS FORTUNA,Công ty trách nhiệm hữu hạn một thành viên,"121Bis Nguyễn Văn Trỗi, Phường 12, Quận Phú Nhuận, Thành phố Hồ Chí Minh, Việt Nam",Quận Phú Nhuận,3211: Sản xuất đồ kim hoàn và chi tiết liên quan-(không hoạt động tại trụ sở);3212: Sản xuất đồ giả kim hoàn và chi tiết liên quan-(không hoạt động tại trụ sở);4649: Bán buôn đồ dùng khác cho gia đình,internet
3702547991,CÔNG TY CỔ PHẦN LOGISTICS U&I - MIỀN NAM,CÔNG TY CỔ PHẦN LOGISTICS UI  ,Công ty cổ phần,"750/6A Đường Nguyễn Kiệm, Phường 04, Quận Phú Nhuận, Thành phố Hồ Chí Minh, Việt Nam",Quận Phú Nhuận,4511: Bán buôn ô tô và xe có động cơ khác-Chi tiết: -Bán buôn ô tô con( loại 9 chỗ ngồi trở xuống): Bán buôn ô tô con (loại 9 chỗ ngồi trở xuống) loại mới và loại đã qua sử dụng -Bán buôn xe có động c,internet
316088402,CÔNG TY TNHH GIẢI PHÁP MADOFA,CÔNG TY TNHH GIẢI PHÁP MADOFA,Công ty trách nhiệm hữu hạn một thành viên,"178/4/6D Phan Đăng Lưu, Phường 03, Quận Phú Nhuận, Thành phố Hồ Chí Minh, Việt Nam",Quận Phú Nhuận,"8230: Tổ chức giới thiệu và xúc tiến thương mại-(không thực hiện các hiệu ứng cháy, nổ; không sử dụng chất nổ, chất cháy, hóa chất làm đạo cụ, dụng cụ thực hiện các chương trình văn nghệ, sự kiện, phi",internet
316552617,CÔNG TY TNHH TMDV THANH TÂM LOGISTICS,CÔNG TY TNHH TMDV THANH TÂM LO,Công ty trách nhiệm hữu hạn một thành viên,"Số 247A/45 đường Huỳnh Văn Bánh, Phường 12, Quận Phú Nhuận, Thành phố Hồ Chí Minh, Việt Nam",Quận Phú Nhuận,"4662: Bán buôn kim loại và quặng kim loại-(trừ buôn bán vàng miếng);4659: Bán buôn máy móc, thiết bị và phụ tùng máy khác-Chi tiết: Bán buôn máy móc, thiết bị điện, hàng kim khí điện máy;4651: Bán buô",internet
314208351,CÔNG TY TNHH E-FACEKID,CÔNG TY TNHH EFACEKID,Công ty trách nhiệm hữu hạn hai thành viên trở lên,"111/13 Trần Hữu Trang, Phường 10, Quận Phú Nhuận, Thành phố Hồ Chí Minh, Việt Nam",Quận Phú Nhuận,"1811: In ấn-;1812: Dịch vụ liên quan đến in-;1820: Sao chép bản ghi các loại-;5510: Dịch vụ lưu trú ngắn ngày-Chi tiết: Biệt thự hoặc căn hộ kinh doanh dịch vụ lưu trú ngắn ngày; Nhà khách, nhà nghỉ k",internet
314215581,CÔNG TY TNHH TOTAL SOLUTIONS PROVIDER TECHNOLOGY,CÔNG TY TNHH TOTAL SOLUTIONS P,Công ty trách nhiệm hữu hạn hai thành viên trở lên,"Số 15, Đường Lam Sơn, Phường 05, Quận Phú Nhuận, Thành phố Hồ Chí Minh, Việt Nam",Quận Phú Nhuận,"4652: Bán buôn thiết bị và linh kiện điện tử, viễn thông-;4659: Bán buôn máy móc, thiết bị và phụ tùng máy khác-;4669: Bán buôn chuyên doanh khác chưa được phân vào đâu-chi tiết: Bán buôn thiết bị phò",technology
314591392,CÔNG TY CỔ PHẦN THƯƠNG MẠI DỊCH VỤ CẦU THẾ GIỚI,CÔNG TY CỔ PHẦN THƯƠNG MẠI DỊC,Công ty cổ phần,"Tầng 7, Tòa nhà Centre Point Số 106 Nguyễn Văn Trỗi, Phường 08, Quận Phú Nhuận, Thành phố Hồ Chí Minh, Việt Nam",Quận Phú Nhuận,"8230: Tổ chức giới thiệu và xúc tiến thương mại-(không thực hiện các hiệu ứng cháy, nổ; không sử dụng chất nổ, chất cháy, hóa chất làm đạo cụ, dụng cụ thực hiện các chương trình văn nghệ, sự kiện, phi",internet
314600311,CÔNG TY TNHH THƯƠNG MẠI 5H,CÔNG TY TNHH THƯƠNG MẠI 5H,Công ty trách nhiệm hữu hạn một thành viên,"1D Hoa Cau, Phường 07, Quận Phú Nhuận, Thành phố Hồ Chí Minh, Việt Nam",Quận Phú Nhuận,"4649: Bán buôn đồ dùng khác cho gia đình-chi tiết: Bán buôn nước hoa, hàng mỹ phẩm và chế phẩm vệ sinh.;4772: Bán lẻ thuốc, dụng cụ y tế, mỹ phẩm và vật phẩm vệ sinh trong các cửa hàng chuyên doanh-ch",internet
314271265,CÔNG TY TNHH HỘI HUẤN LUYỆN VIÊN THÔNG MINH,CÔNG TY TNHH HỘI HUẤN LUYỆN VI,Công ty trách nhiệm hữu hạn một thành viên,"133/3 Hồ Văn Huê, Phường 09, Quận Phú Nhuận, Thành phố Hồ Chí Minh, Việt Nam",Quận Phú Nhuận,5820: Xuất bản phần mềm-Chi tiết: Sản xuất phần mềm;6201: Lập trình máy vi tính-;6209: Hoạt động dịch vụ công nghệ thông tin và dịch vụ khác liên quan đến máy vi tính-Chi tiết: Khắc phục các sự cố máy,internet
314646517,CÔNG TY TNHH INSIGHT LAB,CÔNG TY TNHH INSIGHT LAB,Công ty trách nhiệm hữu hạn hai thành viên trở lên,"59/12 Đỗ Tấn Phong, Phường 09, Quận Phú Nhuận, Thành phố Hồ Chí Minh, Việt Nam",Quận Phú Nhuận,"4741: Bán lẻ máy vi tính, thiết bị ngoại vi, phần mềm và thiết bị viễn thông trong các cửa hàng chuyên doanh-;5820: Xuất bản phần mềm-Chi tiết: Sản xuất phần mềm;6190: Hoạt động viễn thông khác-(trừ c",internet
314672210,CÔNG TY CỔ PHẦN TOPSTORE VIỆT NAM,CÔNG TY CỔ PHẦN TOPSTORE VIỆT ,Công ty cổ phần,"184 Phan Đăng Lưu, Phường 03, Quận Phú Nhuận, Thành phố Hồ Chí Minh, Việt Nam",Quận Phú Nhuận,"4651: Bán buôn máy vi tính, thiết bị ngoại vi và phần mềm-;4652: Bán buôn thiết bị và linh kiện điện tử, viễn thông-;6201: Lập trình máy vi tính-;4741: Bán lẻ máy vi tính, thiết bị ngoại vi, phần mềm ",internet
314427032,CÔNG TY TNHH SẢN XUẤT DỊCH VỤ TRUYỀN THÔNG TVT,CÔNG TY TNHH SẢN XUẤT DỊCH VỤ ,Công ty trách nhiệm hữu hạn một thành viên,"105 Hoa Lan, Phường 02, Quận Phú Nhuận, Thành phố Hồ Chí Minh, Việt Nam",Quận Phú Nhuận,"4690: Bán buôn tổng hợp-(trừ bán buôn bình gas, khí dầu mỏ hóa lỏng LPG, dầu nhớt cặn, vàng miếng, súng, đạn loại dùng đi săn hoặc thể thao và tiền kim khí; trừ bán buôn hóa chất tại trụ sở; Thực hiện",internet
314434047,CÔNG TY TNHH THƯƠNG MẠI DỊCH VỤ KHAI ANH,CÔNG TY TNHH THƯƠNG MẠI DỊCH V,Công ty trách nhiệm hữu hạn một thành viên,"120/98/53A Thích Quảng Đức, Phường 05, Quận Phú Nhuận, Thành phố Hồ Chí Minh, Việt Nam",Quận Phú Nhuận,"4659: Bán buôn máy móc, thiết bị và phụ tùng máy khác-Chi tiết: Bán buôn máy móc, thiết bị phục vụ ngành sản xuất bao bì (trừ hoạt động xuất nhập khẩu hoặc nhận ủy thác xuất nhẩu thiết bị ngành in). B",internet
314452208,CÔNG TY TNHH NEXUNIT AI TECHNOLOGIES,CÔNG TY TNHH NEXUNIT AI TECHNO,Công ty trách nhiệm hữu hạn một thành viên,"29/32/4 Đoàn Thị Điểm, Phường 01, Quận Phú Nhuận, Thành phố Hồ Chí Minh, Việt Nam",Quận Phú Nhuận,5820: Xuất bản phần mềm-chi tiết: Sản xuất phần mềm.;6190: Hoạt động viễn thông khác-chi tiết: Hoạt động của các điểm truy cập internet;6201: Lập trình máy vi tính-;6202: Tư vấn máy vi tính và quản tr,internet
314727389,CÔNG TY TNHH NAVI COOP,CÔNG TY TNHH NAVI COOP,Công ty trách nhiệm hữu hạn hai thành viên trở lên,"302A Nguyễn Thượng Hiền, Phường 05, Quận Phú Nhuận, Thành phố Hồ Chí Minh, Việt Nam",Quận Phú Nhuận,"4312: Chuẩn bị mặt bằng-;4221: Xây dựng công trình điện-(Doanh nghiệp không cung cấp hàng hóa, dịch vụ thuộc độc quyền Nhà nước, không hoạt động thương mại theo NĐ 94/2017/NĐ-CP về hàng hóa, dịch vụ đ",internet
314738461,CÔNG TY TNHH NURI TELECOM VIỆT NAM,CÔNG TY TNHH NURI TELECOM VIỆT,Công ty trách nhiệm hữu hạn một thành viên,"107 Hoa Lan, Phường 02, Quận Phú Nhuận, Thành phố Hồ Chí Minh, Việt Nam",Quận Phú Nhuận,"9511: Sửa chữa máy vi tính và thiết bị ngoại vi-Chi tiết: Cung cấp dịch vụ sửa chữa và bảo dưỡng máy tính và các thiết bị công nghệ thông tin khác. (CPC: 841 - 845, 849) (không gia công cơ khí, tái ch",internet
314476946,CÔNG TY TNHH THƯƠNG MẠI DỊCH VỤ  VIỄN THÔNG TÙNG ANH,CÔNG TY TNHH THƯƠNG MẠI DỊCH V,Công ty trách nhiệm hữu hạn một thành viên,"2E Phùng Văn Cung, Phường 07, Quận Phú Nhuận, Thành phố Hồ Chí Minh, Việt Nam",Quận Phú Nhuận,2599: Sản xuất sản phẩm khác bằng kim loại chưa được phân vào đâu-(không hoạt động tại trụ sở);2610: Sản xuất linh kiện điện tử-(không hoạt động tại trụ sở);2620: Sản xuất máy vi tính và thiết bị ngoạ,internet
314497336,CÔNG TY TNHH V 2 U HEALTHCARE VIỆT NAM,CÔNG TY TNHH V 2 U HEALTHCARE ,Công ty trách nhiệm hữu hạn một thành viên,"Cao ốc Botanic Tower, 312 Nguyễn Thượng Hiền, Phường 05, Quận Phú Nhuận, Thành phố Hồ Chí Minh, Việt Nam",Quận Phú Nhuận,"4791: Bán lẻ theo yêu cầu đặt hàng qua bưu điện hoặc internet-Chi tiết: Thực hiện quyền phân phối bán lẻ (không thành lập cơ sở bán lẻ) các hàng hóa không thuộc danh mục cấm xuất khẩu, nhập khẩu hoặc ",internet
314758108,CÔNG TY TNHH KINH DOANH THƯƠNG MẠI VÀ DỊCH VỤ VINH LÂM,CÔNG TY TNHH KINH DOANH THƯƠNG,Công ty trách nhiệm hữu hạn một thành viên,"208/14 Phan Đăng Lưu, Phường 03, Quận Phú Nhuận, Thành phố Hồ Chí Minh, Việt Nam",Quận Phú Nhuận,"1811: In ấn-(trừ in tráng bao bì kim loại, in trên sản phẩm vải, sợi, dệt, may đan tại trụ sở);1812: Dịch vụ liên quan đến in-;4711: Bán lẻ lương thực, thực phẩm, đồ uống, thuốc lá, thuốc lào chiếm tỷ",internet
314767568,CÔNG TY TNHH ĐẦU TƯ VÀ PHÁT TRIỂN THANH VŨ,CÔNG TY TNHH ĐẦU TƯ VÀ PHÁT TR,Công ty trách nhiệm hữu hạn hai thành viên trở lên,"63 Trần Khắc Chân , Phường 09, Quận Phú Nhuận, Thành phố Hồ Chí Minh, Việt Nam",Quận Phú Nhuận,5224: Bốc xếp hàng hóa-Chi tiết: Bốc xếp hàng hóa đường bộ (trừ bốc xếp hàng hóa cảng hàng không).;5510: Dịch vụ lưu trú ngắn ngày-Chi tiết: Khách sạn (đạt tiêu chuẩn sao và không hoạt động tại trụ sở,internet
314523346,CÔNG TY TNHH GIẢI PHÁP TIẾP THỊ TRỰC TUYẾN WEBECO,CÔNG TY TNHH GIẢI PHÁP TIẾP TH,Công ty trách nhiệm hữu hạn một thành viên,"76/50B Phan Tây Hồ, Phường 07, Quận Phú Nhuận, Thành phố Hồ Chí Minh, Việt Nam",Quận Phú Nhuận,"4662: Bán buôn kim loại và quặng kim loại-(trừ mua bán vàng miếng);4663: Bán buôn vật liệu, thiết bị lắp đặt khác trong xây dựng-;6201: Lập trình máy vi tính-;6202: Tư vấn máy vi tính và quản trị hệ t",internet
314792645,CÔNG TY TNHH ĐỨC SƠN NETWORKS,CÔNG TY TNHH ĐỨC SƠN NETWORKS,Công ty trách nhiệm hữu hạn hai thành viên trở lên,"02 Hoa Phượng , Phường 02, Quận Phú Nhuận, Thành phố Hồ Chí Minh, Việt Nam",Quận Phú Nhuận,"4651: Bán buôn máy vi tính, thiết bị ngoại vi và phần mềm-(CPC: 622); 4652: Bán buôn thiết bị và linh kiện điện tử, viễn thông-(CPC: 622); 4741: Bán lẻ máy vi tính, thiết bị ngoại vi, phần mềm và thiế",network
4201727561,CÔNG TY TNHH KINH DOANH THƯƠNG MẠI VÀ DỊCH VỤ HOÀNG HƯNG,CÔNG TY TNHH KINH DOANH THƯƠNG,Công ty trách nhiệm hữu hạn hai thành viên trở lên,"Phòng 5.04, tầng 05, khu Officetel tòa nhà Newton Residence, số 38 Trương Quốc Dung, Phường 08, Quận Phú Nhuận, Thành phố Hồ Chí Minh, Việt Nam",Quận Phú Nhuận,"4330: Hoàn thiện công trình xây dựng-;7110: Hoạt động kiến trúc và tư vấn kỹ thuật có liên quan-chi tiết: tư vấn lập dự án, quản lý dự án đầu tư xây dựng công trình. tư vấn thẩm tra thiết kế và dự toá",internet
314586240,CÔNG TY TNHH UPTECH,CÔNG TY TNHH UPTECH,Công ty trách nhiệm hữu hạn một thành viên,"Số 21N Nguyễn Văn Trỗi, Phường 12, Quận Phú Nhuận, Thành phố Hồ Chí Minh, Việt Nam",Quận Phú Nhuận,"0161: Hoạt động dịch vụ trồng trọt-(không hoạt động tại trụ sở);0118: Trồng rau, đậu các loại và trồng hoa, cây cảnh-(không hoạt động tại trụ sở);4653: Bán buôn máy móc, thiết bị và phụ tùng máy nông ",internet
314588294,CÔNG TY TNHH K-TECH GLOBAL,CÔNG TY TNHH KTECH GLOBAL,Công ty trách nhiệm hữu hạn một thành viên,"32/3 Nguyễn Văn Đậu, Phường 05, Quận Phú Nhuận, Thành phố Hồ Chí Minh, Việt Nam",Quận Phú Nhuận,"4641: Bán buôn vải, hàng may sẵn, giày dép-Chi tiết: Bán buôn và xuất nhập khẩu vải, quần áo, giày dép các loại;4649: Bán buôn đồ dùng khác cho gia đình-Chi tiết: Bán buôn và xuất nhập khẩu vải, quần ",internet
314620741,CÔNG TY TNHH KỸ THUẬT CƠ ĐIỆN HẢI ÂU,CÔNG TY TNHH KỸ THUẬT CƠ ĐIỆN ,Công ty trách nhiệm hữu hạn một thành viên,"Số 162/32A Phan Đăng Lưu, Phường 03, Quận Phú Nhuận, Thành phố Hồ Chí Minh, Việt Nam",Quận Phú Nhuận,"2599: Sản xuất sản phẩm khác bằng kim loại chưa được phân vào đâu-(không hoạt động tại trụ sở);2610: Sản xuất linh kiện điện tử-(không hoạt động tại trụ sở);2651: Sản xuất thiết bị đo lường, kiểm tra,",internet
314632338,CÔNG TY TNHH THƯƠNG MẠI DỊCH VỤ XUẤT NHẬP KHẨU TBK,CÔNG TY TNHH THƯƠNG MẠI DỊCH V,Công ty trách nhiệm hữu hạn hai thành viên trở lên,"221F/10 Trần Huy Liệu, Phường 08, Quận Phú Nhuận, Thành phố Hồ Chí Minh, Việt Nam",Quận Phú Nhuận,"5229: Hoạt động dịch vụ hỗ trợ khác liên quan đến vận tải-Chi tiết: Hoạt động của các đại lý bán vé máy bay;
Giao nhận hàng hóa;
Hoạt động của đại lý làm thủ tục hải quan;4661: Bán buôn nhiên liệu rắn",internet
314698392,CÔNG TY TNHH XÂY DỰNG THƯƠNG MẠI DỊCH VỤ KINH DOANH HỮU AN,CÔNG TY TNHH XÂY DỰNG THƯƠNG M,Công ty trách nhiệm hữu hạn hai thành viên trở lên,"262/11/1 Huỳnh Văn Bánh, Phường 11, Quận Phú Nhuận, Thành phố Hồ Chí Minh, Việt Nam",Quận Phú Nhuận,"4223: Xây dựng công trình viễn thông, thông tin liên lạc-;4229: Xây dựng công trình công ích khác-;4723: Bán lẻ đồ uống trong các cửa hàng chuyên doanh-Chi tiết: Bán lẻ đồ uống có cồn. Bán lẻ đồ uống ",internet
314701197,CÔNG TY CỔ PHẦN ĐẦU TƯ RICHS VIETNAM,CÔNG TY CỔ PHẦN ĐẦU TƯ RICHS V,Công ty cổ phần,"1 Đặng Văn Ngữ, Phường 10, Quận Phú Nhuận, Thành phố Hồ Chí Minh, Việt Nam",Quận Phú Nhuận,6120: Hoạt động viễn thông không dây-Chi tiết: hoạt động cung cấp dịch vụ truy cập internet bằng mạng viễn thông không dây;6190: Hoạt động viễn thông khác-Chi tiết: Cung cấp dịch vụ viễn thông qua các,internet
314702031,CÔNG TY CỔ PHẦN DKW,CÔNG TY CỔ PHẦN DKW,Công ty cổ phần,"Số 126/18 Nguyễn Đình Chiểu, Phường 03, Quận Phú Nhuận, Thành phố Hồ Chí Minh, Việt Nam",Quận Phú Nhuận,"3312: Sửa chữa máy móc, thiết bị-(trừ gia công cơ khí, tái chế phế thải, xi mạ điện tại trụ sở);3313: Sửa chữa thiết bị điện tử và quang học-(trừ gia công cơ khí, tái chế phế thải, xi mạ điện tại trụ ",internet
314707262,CÔNG TY TNHH TIẾP THỊ CYCLIC VIỆT NAM,CÔNG TY TNHH TIẾP THỊ CYCLIC V,Công ty trách nhiệm hữu hạn một thành viên,"25 Phan Đình Phùng, Phường 17, Quận Phú Nhuận, Thành phố Hồ Chí Minh, Việt Nam",Quận Phú Nhuận,"4719: Bán lẻ khác trong các cửa hàng kinh doanh tổng hợp-(trừ bán lẻ bình gas, hóa chất, khí dầu mỏ hóa lỏng LPG, dầu nhớt cặn, vàng miếng, súng, đạn loại dùng đi săn hoặc thể thao và tiền kim khí; Th",internet
314736305,CÔNG TY TNHH KOJACO,CÔNG TY TNHH KOJACO,Công ty trách nhiệm hữu hạn một thành viên,"Số 26 Bùi Văn Thêm, Phường 09, Quận Phú Nhuận, Thành phố Hồ Chí Minh, Việt Nam",Quận Phú Nhuận,"4322: Lắp đặt hệ thống cấp, thoát nước, hệ thống sưởi và điều hoà không khí-(trừ lắp đặt các thiết bị lạnh (thiết bị cấp đông, kho lạnh, máy đá, điều hòa không khí, làm lạnh nước) sử dụng ga lạnh R22 ",internet
314734467,DOANH NGHIỆP TƯ NHÂN BOY79,DOANH NGHIỆP TƯ NHÂN BOY79,Doanh nghiệp tư nhân,"205 Phan Đăng Lưu, Phường 01, Quận Phú Nhuận, Thành phố Hồ Chí Minh, Việt Nam",Quận Phú Nhuận,6190: Hoạt động viễn thông khác-Chi tiết: Đại lý cung cấp dịch vụ truy cập internet và cung cấp dịch vụ trò chơi điện tử công cộng;4649: Bán buôn đồ dùng khác cho gia đình-Chi tiết: Bán buôn thẻ ca,internet
314813937,CÔNG TY TNHH FOOD & BEERHOLIC VIETNAM,CÔNG TY TNHH FOOD  BEERHOLIC V,Công ty trách nhiệm hữu hạn một thành viên,"262/7 Huỳnh Văn Bánh , Phường 11, Quận Phú Nhuận, Thành phố Hồ Chí Minh, Việt Nam",Quận Phú Nhuận,"4633: Bán buôn đồ uống-Chi tiết: Bán buôn đồ uống có cồn. Bán buôn đồ uống không có cồn.;4649: Bán buôn đồ dùng khác cho gia đình-(trừ kinh doanh dược phẩm);4711: Bán lẻ lương thực, thực phẩm, đồ uống",internet
314807901,CÔNG TY TNHH TRUYỀN THÔNG SỰ KIỆN PHẠM GIA MEDIA,CÔNG TY TNHH TRUYỀN THÔNG SỰ K,Công ty trách nhiệm hữu hạn một thành viên,"17 Hồ Văn Huê, Phường 09, Quận Phú Nhuận, Thành phố Hồ Chí Minh, Việt Nam",Quận Phú Nhuận,4722: Bán lẻ thực phẩm trong các cửa hàng chuyên doanh-(Thực hiện theo Quyết định số 64/2009/QÐ-UBND ngày 31/07/2009 của Ủy ban nhân dân Thành phố Hồ Chí Minh  và Quyết định số 79/2009/QÐ-UBND ngày 17,internet
314831502,CÔNG TY TNHH KỸ THUẬT TKV,CÔNG TY TNHH KỸ THUẬT TKV,Công ty trách nhiệm hữu hạn hai thành viên trở lên,"P702A Tầng 7, Tòa nhà Centre Point, 106 Nguyễn Văn Trỗi, Phường 08, Quận Phú Nhuận, Thành phố Hồ Chí Minh, Việt Nam",Quận Phú Nhuận,"4651: Bán buôn máy vi tính, thiết bị ngoại vi và phần mềm-;4652: Bán buôn thiết bị và linh kiện điện tử, viễn thông-;4659: Bán buôn máy móc, thiết bị và phụ tùng máy khác-;4669: Bán buôn chuyên doanh ",internet
314841268,CÔNG TY TNHH THƯƠNG MẠI DỊCH VỤ KINH DOANH BẤT ĐỘNG SẢN KHANG LỘC,CÔNG TY TNHH THƯƠNG MẠI DỊCH V,Công ty trách nhiệm hữu hạn một thành viên,"469/45 Nguyễn Kiệm, Phường 09, Quận Phú Nhuận, Thành phố Hồ Chí Minh, Việt Nam",Quận Phú Nhuận,"2593: Sản xuất dao kéo, dụng cụ cầm tay và đồ kim loại thông dụng-(không hoạt động tại trụ sở).;2610: Sản xuất linh kiện điện tử-(không hoạt động tại trụ sở).;2620: Sản xuất máy vi tính và thiết bị ng",internet
314846763,CÔNG TY TNHH  THƯƠNG MẠI DỊCH VỤ TTA VIỆT NAM,CÔNG TY TNHH  THƯƠNG MẠI DỊCH ,Công ty trách nhiệm hữu hạn một thành viên,"413/56 Nguyễn Kiệm, Phường 09, Quận Phú Nhuận, Thành phố Hồ Chí Minh, Việt Nam",Quận Phú Nhuận,"4669: Bán buôn chuyên doanh khác chưa được phân vào đâu-(trừ bán buôn bình gas, khí dầu mỏ hóa lỏng LPG, dầu nhớt cặn, vàng miếng, súng, đạn loại dùng đi săn hoặc thể thao và tiền kim khí; trừ bán buô",internet
314855479,CÔNG TY CỔ PHẦN CƠ ĐIỆN LẠNH CSE,CÔNG TY CỔ PHẦN CƠ ĐIỆN LẠNH C,Công ty cổ phần,"Số 06 Đặng Văn Ngữ, Phường 10, Quận Phú Nhuận, Thành phố Hồ Chí Minh, Việt Nam",Quận Phú Nhuận,"4659: Bán buôn máy móc, thiết bị và phụ tùng máy khác-chi tiết: Bán buôn máy móc, thiết bị điện, vật liệu điện (máy phát điện, động cơ điện, dây điện và thiết bị khác dùng trong mạch điện). Bán buôn m",internet
314861218,CÔNG TY TNHH BUBBLY STUDIO,CÔNG TY TNHH BUBBLY STUDIO,Công ty trách nhiệm hữu hạn một thành viên,"115/2 Phan Xích Long, Phường 07, Quận Phú Nhuận, Thành phố Hồ Chí Minh, Việt Nam",Quận Phú Nhuận,"5912: Hoạt động hậu kỳ-(trừ sản xuất phim và không thực hiện các hiệu ứng cháy, nổ; không sử dụng chất nổ, chất cháy, hóa chất làm đạo cụ, dụng cụ thực hiện các chương trình văn nghệ, sự kiện, phim ản",internet
314856698,CÔNG TY TNHH DỊCH VỤ BẤT ĐỘNG SẢN GIA CÁT,CÔNG TY TNHH DỊCH VỤ BẤT ĐỘNG ,Công ty trách nhiệm hữu hạn một thành viên,"GG-05. 32 Toà Nhà Gardengate Residence Số 8 Hoàng Minh Giám, Phường 09, Quận Phú Nhuận, Thành phố Hồ Chí Minh, Việt Nam",Quận Phú Nhuận,"4663: Bán buôn vật liệu, thiết bị lắp đặt khác trong xây dựng-;4719: Bán lẻ khác trong các cửa hàng kinh doanh tổng hợp-(trừ bán lẻ bình gas, khí dầu mỏ hóa lỏng LPG, dầu nhớt cặn, vàng miếng, súng, đ",internet
314855817,CÔNG TY TNHH SẢN XUẤT VÀ THƯƠNG MẠI MÙA GẶT,CÔNG TY TNHH SẢN XUẤT VÀ THƯƠN,Công ty trách nhiệm hữu hạn hai thành viên trở lên,"206 Phan Xích Long, Phường 07, Quận Phú Nhuận, Thành phố Hồ Chí Minh, Việt Nam",Quận Phú Nhuận,"1050: Chế biến sữa và các sản phẩm từ sữa-;4719: Bán lẻ khác trong các cửa hàng kinh doanh tổng hợp-(trừ bán lẻ bình gas, súng, đạn loại dùng đi săn hoặc thể thao, tiền kim khí và mua bán vàng miếng; ",internet
314876599,CÔNG TY TNHH CÔNG NGHỆ SỐ NAM PHƯƠNG,CÔNG TY TNHH CÔNG NGHỆ SỐ NAM ,Công ty trách nhiệm hữu hạn hai thành viên trở lên,"161 Phan Đăng Lưu, Phường 01, Quận Phú Nhuận, Thành phố Hồ Chí Minh, Việt Nam",Quận Phú Nhuận,"2620: Sản xuất máy vi tính và thiết bị ngoại vi của máy vi tính-;4741: Bán lẻ máy vi tính, thiết bị ngoại vi, phần mềm và thiết bị viễn thông trong các cửa hàng chuyên doanh-;4742: Bán lẻ thiết bị ngh",internet
315249255,CÔNG TY TNHH  PHÁT TRIỂN NAM SÀI GÒN - TPP -  VIET – SIN,CÔNG TY TNHH  PHÁT TRIỂN NAM S,Công ty trách nhiệm hữu hạn một thành viên,"298A Nguyễn Thượng Hiền, Phường 05, Quận Phú Nhuận, Thành phố Hồ Chí Minh, Việt Nam",Quận Phú Nhuận,"7490: Hoạt động chuyên môn, khoa học và công nghệ khác chưa được phân vào đâu-Chi tiết: Tư vấn công nghệ sản xuất, chế biến sản phẩm nông nghiệp; Tư vấn khoa học kỹ thuật về môi trường, môi sinh, y họ",internet
314884864,CÔNG TY TNHH THƯƠNG MẠI DỊCH VỤ CÔNG NGHỆ XUẤT NHẬP KHẨU KIM,CÔNG TY TNHH THƯƠNG MẠI DỊCH V,Công ty trách nhiệm hữu hạn hai thành viên trở lên,"Số 100 Đào Duy Anh, Phường 09, Quận Phú Nhuận, Thành phố Hồ Chí Minh, Việt Nam",Quận Phú Nhuận,"4651: Bán buôn máy vi tính, thiết bị ngoại vi và phần mềm-Chi tiết: Bán buôn thiết bị ngoại vi;9511: Sửa chữa máy vi tính và thiết bị ngoại vi-Chi tiết: Sửa chữa thiết bị ngoại vi (trừ gia công cơ khí",internet
314884198,CÔNG TY TNHH XÂY DỰNG C.A.M,CÔNG TY TNHH XÂY DỰNG CAM,Công ty trách nhiệm hữu hạn một thành viên,"28B Hồ Biểu Chánh, Phường 11, Quận Phú Nhuận, Thành phố Hồ Chí Minh, Việt Nam",Quận Phú Nhuận,4311: Phá dỡ-;4312: Chuẩn bị mặt bằng-;4330: Hoàn thiện công trình xây dựng-(chỉ hoạt động khi có đủ yêu cầu theo quy định của pháp luật);4390: Hoạt động xây dựng chuyên dụng khác-(chỉ hoạt động khi c,internet
314922164,CÔNG TY TNHH THỰC PHẨM VÀ NÔNG SẢN NAM SAO,CÔNG TY TNHH THỰC PHẨM VÀ NÔNG,Công ty trách nhiệm hữu hạn một thành viên,"15/12 Hoàng Minh Giám, Phường 09, Quận Phú Nhuận, Thành phố Hồ Chí Minh, Việt Nam",Quận Phú Nhuận,"1030: Chế biến và bảo quản rau quả-;1061: Xay xát và sản xuất bột thô-;1062: Sản xuất tinh bột và các sản phẩm từ tinh bột-;1079: Sản xuất thực phẩm khác chưa được phân vào đâu-(trừ sản xuất, chế biến",internet
314950429,CÔNG TY TNHH 195 TOÀN CẦU,CÔNG TY TNHH 195 TOÀN CẦU,Công ty trách nhiệm hữu hạn một thành viên,"41 Hoa Đào (Khu dân cư Rạch Miễu) , Phường 02, Quận Phú Nhuận, Thành phố Hồ Chí Minh, Việt Nam",Quận Phú Nhuận,6312: Cổng thông tin-Chi tiết: Thiết lập trang thông tin điện tử tổng hợp;8559: Giáo dục khác chưa được phân vào đâu-Chi tiết: Dạy ngoại ngữ và dạy kỹ năng đàm thoại; Đào tạo kỹ năng nói trước công ch,internet
314953691,CÔNG TY TNHH CÔNG NGHỆ VIỄN THÔNG NAM BỘ,CÔNG TY TNHH CÔNG NGHỆ VIỄN TH,Công ty trách nhiệm hữu hạn hai thành viên trở lên,"525/56 Huỳnh Văn Bánh, Phường 14, Quận Phú Nhuận, Thành phố Hồ Chí Minh, Việt Nam",Quận Phú Nhuận,"6190: Hoạt động viễn thông khác-Chi tiết:
- Cung cấp truy cập Internet thông qua các mạng kết nối giũa khách hàng và ISP nhưng không do ISP sở hữu và vận hành, như truy cập Inetrnet quay số (dial-up)
",internet
314947056,CÔNG TY TNHH THỦY GIA AN,CÔNG TY TNHH THỦY GIA AN,Công ty trách nhiệm hữu hạn hai thành viên trở lên,"103/9 Trần Huy Liệu, Phường 12, Quận Phú Nhuận, Thành phố Hồ Chí Minh, Việt Nam",Quận Phú Nhuận,"5229: Hoạt động dịch vụ hỗ trợ khác liên quan đến vận tải-Chi tiết: Hoạt động của các đại lý bán vé máy bay, tàu hỏa, xe khách;5510: Dịch vụ lưu trú ngắn ngày-Chi tiết: Khách sạn, biệt thự du lịch, că",internet
314942107,CÔNG TY TNHH DỊCH VỤ QUẢN LÝ BẤT ĐỘNG SẢN PHÁT LỘC,CÔNG TY TNHH DỊCH VỤ QUẢN LÝ B,Công ty trách nhiệm hữu hạn hai thành viên trở lên,"107C Nguyễn Văn Trỗi, Phường 12, Quận Phú Nhuận, Thành phố Hồ Chí Minh, Việt Nam",Quận Phú Nhuận,"4799: Bán lẻ hình thức khác chưa được phân vào đâu-(trừ bán lẻ hóa chất tại trụ sở, trừ bán lẻ bình gas,  kinh doanh khí dầu mỏ hóa lỏng LPG, trừ mua bán vàng miếng, súng, đạn loại dùng đi săn hoặc th",internet
314939584,CÔNG TY TNHH ORCCODE,CÔNG TY TNHH ORCCODE,Công ty trách nhiệm hữu hạn một thành viên,"55/4B Nguyễn Đình Chiểu, Phường 04, Quận Phú Nhuận, Thành phố Hồ Chí Minh, Việt Nam",Quận Phú Nhuận,6209: Hoạt động dịch vụ công nghệ thông tin và dịch vụ khác liên quan đến máy vi tính-Chi tiết: Khắc phục các sự cố máy vi tính và cài đặt phẩn mềm;6202: Tư vấn máy vi tính và quản trị hệ thống máy vi,internet
314955836,CÔNG TY TNHH MIC INTERNATIONAL LABS,CÔNG TY TNHH MIC INTERNATIONAL,Công ty trách nhiệm hữu hạn một thành viên,"661/3 Nguyễn Kiệm, Phường 09, Quận Phú Nhuận, Thành phố Hồ Chí Minh, Việt Nam",Quận Phú Nhuận,5820: Xuất bản phần mềm-Chi tiết: Sản xuất phần mềm.;6201: Lập trình máy vi tính-;6202: Tư vấn máy vi tính và quản trị hệ thống máy vi tính-;6209: Hoạt động dịch vụ công nghệ thông tin và dịch vụ khác,internet
314960113,CÔNG TY TNHH THIẾT KẾ XÂY DỰNG ĐOÀN GIA,CÔNG TY TNHH THIẾT KẾ XÂY DỰNG,Công ty trách nhiệm hữu hạn một thành viên,"1168/49/20 Đường Trường Sa, Phường 13, Quận Phú Nhuận, Thành phố Hồ Chí Minh, Việt Nam",Quận Phú Nhuận,"4752: Bán lẻ đồ ngũ kim, sơn, kính và thiết bị lắp đặt khác trong xây dựng trong các cửa hàng chuyên doanh-;4753: Bán lẻ thảm, đệm, chăn, màn, rèm, vật liệu phủ tường và sàn trong các cửa hàng chuyên ",internet
314967380,CÔNG TY TNHH YOUTH G,CÔNG TY TNHH YOUTH G,Công ty trách nhiệm hữu hạn hai thành viên trở lên,"96/2 Duy Tân, Phường 15, Quận Phú Nhuận, Thành phố Hồ Chí Minh, Việt Nam",Quận Phú Nhuận,4722: Bán lẻ thực phẩm trong các cửa hàng chuyên doanh-(thực hiện theo quyết định 64/2009/QĐ_UBND ngày 31/07/2009 và quyết định  số 79/2009/QĐ-UBND ngày 17/10/2009 của ủy ban nhân dân TP.Hồ Chí Minh v,internet
314963918,CÔNG TY TNHH THƯƠNG MẠI SUNNY,CÔNG TY TNHH THƯƠNG MẠI SUNNY,Công ty trách nhiệm hữu hạn một thành viên,"202 Hoàng Văn Thụ, Phường 09, Quận Phú Nhuận, Thành phố Hồ Chí Minh, Việt Nam",Quận Phú Nhuận,"4651: Bán buôn máy vi tính, thiết bị ngoại vi và phần mềm-;4742: Bán lẻ thiết bị nghe nhìn trong các cửa hàng chuyên doanh-;4722: Bán lẻ thực phẩm trong các cửa hàng chuyên doanh-(thực hiện theo Quyết",internet
314981071,CÔNG TY CỔ PHẦN VM COMMERCE,CÔNG TY CỔ PHẦN VM COMMERCE,Công ty cổ phần,"Số 3i Thích Quảng Đức, Phường 03, Quận Phú Nhuận, Thành phố Hồ Chí Minh, Việt Nam",Quận Phú Nhuận,"6209: Hoạt động dịch vụ công nghệ thông tin và dịch vụ khác liên quan đến máy vi tính-;4620: Bán buôn nông, lâm sản nguyên liệu (trừ gỗ, tre, nứa) và động vật sống-(Không hoạt động tại trụ sở);4530: B",internet
314973144,CÔNG TY TNHH TRUYỀN THÔNG CÔNG NGHỆ,CÔNG TY TNHH TRUYỀN THÔNG CÔNG,Công ty trách nhiệm hữu hạn hai thành viên trở lên,"Số 06 Đường Hoa Hồng, Phường 02, Quận Phú Nhuận, Thành phố Hồ Chí Minh, Việt Nam",Quận Phú Nhuận,"7211: Nghiên cứu khoa học và phát triển công nghệ trong lĩnh vực khoa học tự nhiên-; 7212: Nghiên cứu khoa học và phát triển công nghệ trong lĩnh vực khoa học kỹ thuật và công nghệ-; 4610: Đại lý, môi",internet
315010192,CÔNG TY TNHH ENHANCE MEDIA,CÔNG TY TNHH ENHANCE MEDIA,Công ty trách nhiệm hữu hạn một thành viên,"158/36 Trần Huy Liệu, Phường 15, Quận Phú Nhuận, Thành phố Hồ Chí Minh, Việt Nam",Quận Phú Nhuận,"7020: Hoạt động tư vấn quản lý-Chi tiết: Tư vấn quản lý kinh doanh, phát triển doanh nghiệp. Lập các chiến lược marketing. Tư vấn và thực hiện các dịch vụ marketing.;7310: Quảng cáo-Chi tiết: Quảng cá",internet
315005749,CÔNG TY TNHH THIẾT KẾ THỜI TRANG HIENTJE,CÔNG TY TNHH THIẾT KẾ THỜI TRA,Công ty trách nhiệm hữu hạn một thành viên,"694/19 Nguyễn Kiệm, Phường 04, Quận Phú Nhuận, Thành phố Hồ Chí Minh, Việt Nam",Quận Phú Nhuận,"4771: Bán lẻ hàng may mặc, giày dép, hàng da và giả da trong các cửa hàng chuyên doanh-;1321: Sản xuất vải dệt kim, vải đan móc và vải không dệt khác-Chi tiết: Sản xuât sản phẩm giả da lông thú từ việ",internet
314994592,CÔNG TY TNHH OANH TRÁI CÂY,CÔNG TY TNHH OANH TRÁI CÂY,Công ty trách nhiệm hữu hạn một thành viên,"63/55 Lê Văn Sỹ, Phường 13, Quận Phú Nhuận, Thành phố Hồ Chí Minh, Việt Nam",Quận Phú Nhuận,"4620: Bán buôn nông, lâm sản nguyên liệu (trừ gỗ, tre, nứa) và động vật sống-Chi tiết: Bán buôn nông sản (không hoạt động tại trụ sở);4632: Bán buôn thực phẩm-Chi tiết: Bán buôn cà phê, sữa và các sản",internet
315006950,CÔNG TY TNHH FHUNTER,CÔNG TY TNHH FHUNTER,Công ty trách nhiệm hữu hạn hai thành viên trở lên,"185/4C Phan Đình Phùng, Phường 17, Quận Phú Nhuận, Thành phố Hồ Chí Minh, Việt Nam",Quận Phú Nhuận,"5229: Hoạt động dịch vụ hỗ trợ khác liên quan đến vận tải-Chi tiết: Giao nhận hàng hóa; Gửi hàng; Sắp xếp hoặc tổ chức các hoạt động vận tải đường sắt, đường bộ, đường biển; Giao nhận hàng hóa; Thu, p",internet
315016758,CÔNG TY TNHH BANKTOUR,CÔNG TY TNHH BANKTOUR,Công ty trách nhiệm hữu hạn hai thành viên trở lên,"3.24 Garden Gate, Số 8 Hoàng Minh Giám , Phường 09, Quận Phú Nhuận, Thành phố Hồ Chí Minh, Việt Nam",Quận Phú Nhuận,"4610: Đại lý, môi giới, đấu giá hàng hóa-Chi tiết: Đại lý, môi giới (trừ môi giới bất động sản); 4299: Xây dựng công trình kỹ thuật dân dụng khác-;4653: Bán buôn máy móc, thiết bị và phụ tùng máy nông",internet
315030939,CÔNG TY TNHH THƯƠNG MẠI VÀ DỊCH VỤ AN HÒA TECH,CÔNG TY TNHH THƯƠNG MẠI VÀ DỊC,Công ty trách nhiệm hữu hạn hai thành viên trở lên,"176 Chiến Thắng , Phường 09, Quận Phú Nhuận, Thành phố Hồ Chí Minh, Việt Nam",Quận Phú Nhuận,"4321: Lắp đặt hệ thống điện-Chi tiết: Thi công lắp đặt hệ thống điện ở tất cả các công trình nhà ở và dân dụng;4329: Lắp đặt hệ thống xây dựng khác-Chi tiết: Lắp đặt hệ thống phòng cháy chữa cháy, Lắp",internet
315034796,CÔNG TY TNHH TRUYỀN THÔNG VÀ QUẢNG CÁO BEEDESK,CÔNG TY TNHH TRUYỀN THÔNG VÀ Q,Công ty trách nhiệm hữu hạn một thành viên,"Số 10 Đào Duy Anh, Phường 09, Quận Phú Nhuận, Thành phố Hồ Chí Minh, Việt Nam",Quận Phú Nhuận,"4741: Bán lẻ máy vi tính, thiết bị ngoại vi, phần mềm và thiết bị viễn thông trong các cửa hàng chuyên doanh-;6202: Tư vấn máy vi tính và quản trị hệ thống máy vi tính-(trừ dịch vụ truy cập internet);",internet
315039628,CÔNG TY TNHH PHÁT TRIỂN KHANG LÊ,CÔNG TY TNHH PHÁT TRIỂN KHANG ,Công ty trách nhiệm hữu hạn một thành viên,"18 Duy Tân, Phường 15, Quận Phú Nhuận, Thành phố Hồ Chí Minh, Việt Nam",Quận Phú Nhuận,"4652: Bán buôn thiết bị và linh kiện điện tử, viễn thông-;4651: Bán buôn máy vi tính, thiết bị ngoại vi và phần mềm-;4741: Bán lẻ máy vi tính, thiết bị ngoại vi, phần mềm và thiết bị viễn thông trong ",internet
315064952,CÔNG TY TNHH ĐÀO TẠO TRANG ĐIỂM TRÍ HUỆ,CÔNG TY TNHH ĐÀO TẠO TRANG ĐIỂ,Công ty trách nhiệm hữu hạn một thành viên,"165/5 Phan Đăng Lưu, Phường 01, Quận Phú Nhuận, Thành phố Hồ Chí Minh, Việt Nam",Quận Phú Nhuận,"1420: Sản xuất sản phẩm từ da lông thú-;1430: Sản xuất trang phục dệt kim, đan móc-;1511: Thuộc, sơ chế da; sơ chế và nhuộm da lông thú-;1512: Sản xuất vali, túi xách và các loại tương tự, sản xuất yê",internet
315137907,CÔNG TY TNHH MỘT THÀNH VIÊN KỸ THUẬT CÔNG NGHỆ HTC,CÔNG TY TNHH MỘT THÀNH VIÊN KỸ,Công ty trách nhiệm hữu hạn một thành viên,"Số 2 Hoa Phượng, Phường 02, Quận Phú Nhuận, Thành phố Hồ Chí Minh, Việt Nam",Quận Phú Nhuận,"9521: Sửa chữa thiết bị nghe nhìn điện tử gia dụng-Chi tiết: Bảo hành, sửa chữa máy ảnh; camera; máy nghe nhạc; máy xem phim kỹ thuật số (trừ gia công cơ khí, tái chế phế thải, xi mạ điện tại trụ sở).",internet
315100872,CÔNG TY CỔ PHẦN I2ICORP,CÔNG TY CỔ PHẦN I2ICORP,Công ty cổ phần,"280/3/4 Huỳnh Văn Bánh, Phường 11, Quận Phú Nhuận, Thành phố Hồ Chí Minh, Việt Nam",Quận Phú Nhuận,"5021: Vận tải hành khách đường thuỷ nội địa-;5229: Hoạt động dịch vụ hỗ trợ khác liên quan đến vận tải-Chi tiết: Gửi hàng; Sắp xếp hoặc tổ chức các hoạt động vận tải; Giao nhận hàng hóa; Thu, phát các",internet
315102686,CÔNG TY TNHH THƯƠNG MẠI DỊCH VỤ BIOMED SOLUTIONS,CÔNG TY TNHH THƯƠNG MẠI DỊCH V,Công ty trách nhiệm hữu hạn hai thành viên trở lên,"Số 183 Đào Duy Anh, Phường 09, Quận Phú Nhuận, Thành phố Hồ Chí Minh, Việt Nam",Quận Phú Nhuận,"3313: Sửa chữa thiết bị điện tử và quang học-;3314: Sửa chữa thiết bị điện-;3312: Sửa chữa máy móc, thiết bị-;3320: Lắp đặt máy móc và thiết bị công nghiệp-;4659: Bán buôn máy móc, thiết bị và phụ tùn",internet
316324473,CÔNG TY TNHH KINH DOANH HUYỀN ANH,CÔNG TY TNHH KINH DOANH HUYỀN ,Công ty trách nhiệm hữu hạn một thành viên,"27 Hoa Sứ, Phường 07, Quận Phú Nhuận, Thành phố Hồ Chí Minh, Việt Nam",Quận Phú Nhuận,"4651: Bán buôn máy vi tính, thiết bị ngoại vi và phần mềm-Chi tiết: Bán buôn máy vi tính, thiết bị ngoại vi và phần mềm, máy in;4652: Bán buôn thiết bị và linh kiện điện tử, viễn thông-;4511: Bán buôn",internet
315093858,CÔNG TY TNHH ĐẦU TƯ THƯƠNG MẠI DỊCH VỤ KHẢI VINH,CÔNG TY TNHH ĐẦU TƯ THƯƠNG MẠI,Công ty trách nhiệm hữu hạn hai thành viên trở lên,"140B Huỳnh Văn Bánh, Phường 12, Quận Phú Nhuận, Thành phố Hồ Chí Minh, Việt Nam",Quận Phú Nhuận,"8299: Hoạt động dịch vụ hỗ trợ kinh doanh khác còn lại chưa được phân vào đâu-Chi tiết: Xuất nhập khẩu các mặt hàng Công ty kinh doanh;4641: Bán buôn vải, hàng may sẵn, giày dép-Chi tiết: Bán buôn áo ",internet
315107740,CÔNG TY TNHH TƠ LỤA NHÃ LAM,CÔNG TY TNHH TƠ LỤA NHÃ LAM,Công ty trách nhiệm hữu hạn một thành viên,"82 Hoa Lan, Phường 02, Quận Phú Nhuận, Thành phố Hồ Chí Minh, Việt Nam",Quận Phú Nhuận,"4641: Bán buôn vải, hàng may mặc, giày dép-Chi tiết: Bán buôn vải, hàng may mặc, vải không dệt, khẩu trang các loại; 4649: Bán buôn đồ dùng khác cho gia đình-Chi tiết: Bán buôn nguyên vật liệu từ plas",internet
315133236,CÔNG TY TNHH ARIES STARS,CÔNG TY TNHH ARIES STARS,Công ty trách nhiệm hữu hạn hai thành viên trở lên,"90 Hoa Lan, Phường 02, Quận Phú Nhuận, Thành phố Hồ Chí Minh, Việt Nam",Quận Phú Nhuận,"5911: Hoạt động sản xuất phim điện ảnh, phim video và chương trình truyền hình-Chi tiết: Hoạt động sản xuất chương trình truyền hình (Trừ sản xuất phim, phát sóng và không thực hiện các hiệu ứng cháy,",internet
315005548,CÔNG TY CỔ PHẦN THƯƠNG MẠI TỔNG HỢP HOÀNG TÔN,CÔNG TY CỔ PHẦN THƯƠNG MẠI TỔN,Công ty cổ phần,"196 Lê Văn Sỹ, Phường 10, Quận Phú Nhuận, Thành phố Hồ Chí Minh, Việt Nam",Quận Phú Nhuận,"5610: Nhà hàng và các dịch vụ ăn uống phục vụ lưu động-;5510: Dịch vụ lưu trú ngắn ngày-Chi tiết: khách sạn, biệt thự du lịch, căn hộ du lịch, nhà nghỉ du lịch, nhà ở có phòng cho khách du lịch thuê (",internet
315143594,CÔNG TY TNHH TRÀ VÀ CÀ PHÊ ĐẠI VIỆT,CÔNG TY TNHH TRÀ VÀ CÀ PHÊ ĐẠI,Công ty trách nhiệm hữu hạn hai thành viên trở lên,"147 Nguyễn Văn Trỗi, Phường 11, Quận Phú Nhuận, Thành phố Hồ Chí Minh, Việt Nam",Quận Phú Nhuận,"5630: Dịch vụ phục vụ đồ uống-Chi tiết: Quán cà phê (trừ kinh doanh quán bar, quán giải khát có khiêu vũ);5610: Nhà hàng và các dịch vụ ăn uống phục vụ lưu động-Chi tiết: Nhà hàng, quán ăn, hàng ăn uố",internet
315020747,CÔNG TY TNHH SUSU SPORT,CÔNG TY TNHH SUSU SPORT,Công ty trách nhiệm hữu hạn một thành viên,"119 Phan Đình Phùng, Phường 17, Quận Phú Nhuận, Thành phố Hồ Chí Minh, Việt Nam",Quận Phú Nhuận,"4782: Bán lẻ hàng dệt, may sẵn, giày dép lưu động hoặc tại chợ-;8299: Hoạt động dịch vụ hỗ trợ kinh doanh khác còn lại chưa được phân vào đâu-Chi tiết: Xuất nhập khẩu các mặt hàng công ty kinh doanh;4",internet
315164114,CÔNG TY TNHH THƯƠNG MẠI DỊCH VỤ VIỄN THÔNG VIỆT CƯỜNG,CÔNG TY TNHH THƯƠNG MẠI DỊCH V,Công ty trách nhiệm hữu hạn hai thành viên trở lên,"191/7 Hoàng Văn Thụ, Phường 08, Quận Phú Nhuận, Thành phố Hồ Chí Minh, Việt Nam",Quận Phú Nhuận,"4651: Bán buôn máy vi tính, thiết bị ngoại vi và phần mềm-;4652: Bán buôn thiết bị và linh kiện điện tử, viễn thông-;4659: Bán buôn máy móc, thiết bị và phụ tùng máy khác-Chi tiết: Bán buôn máy móc, t",internet
315179671,CÔNG TY TNHH THƯƠNG MẠI DỊCH VỤ DU LỊCH PHẠM GIA GROUP,CÔNG TY TNHH THƯƠNG MẠI DỊCH V,Công ty trách nhiệm hữu hạn hai thành viên trở lên,"80 Nguyễn Công Hoan, Phường 07, Quận Phú Nhuận, Thành phố Hồ Chí Minh, Việt Nam",Quận Phú Nhuận,"4791: Bán lẻ theo yêu cầu đặt hàng qua bưu điện hoặc internet-(trừ bán lẻ bình gas, khí dầu mỏ hóa lỏng LPG, dầu nhớt cặn, vàng miếng, súng, đạn loại dùng đi săn hoặc thể thao và tiền kim khí và thực ",internet
315183318,CÔNG TY CỔ PHẦN MG TECHNOLOGY,CÔNG TY CỔ PHẦN MG TECHNOLOGY,Công ty cổ phần,"202 Hoàng Văn Thụ, Phường 09, Quận Phú Nhuận, Thành phố Hồ Chí Minh, Việt Nam",Quận Phú Nhuận,"4651: Bán buôn máy vi tính, thiết bị ngoại vi và phần mềm-;4652: Bán buôn thiết bị và linh kiện điện tử, viễn thông-;4659: Bán buôn máy móc, thiết bị và phụ tùng máy khác-;4741: Bán lẻ máy vi tính, th",technology
315195507,CÔNG TY TNHH  PHÁT TRIỂN HỘI AN,CÔNG TY TNHH  PHÁT TRIỂN HỘI A,Công ty trách nhiệm hữu hạn hai thành viên trở lên,"8A, Trần Hữu Trang, Phường 11, Quận Phú Nhuận, Thành phố Hồ Chí Minh, Việt Nam",Quận Phú Nhuận,"4799: Bán lẻ hình thức khác chưa được phân vào đâu-(trừ bán lẻ bình gas, súng, đạn loại dùng đi săn hoặc thể thao và tiền kim khí và thực hiện theo Quyết định 64/2009/QĐ-UBND ngày 31/7/2009 của Ủy ban",internet
315236337,CÔNG TY TNHH DỊCH VỤ CÔNG NGHỆ ĐIỆN TỬ TRỌNG NGHĨA,CÔNG TY TNHH DỊCH VỤ CÔNG NGHỆ,Công ty trách nhiệm hữu hạn hai thành viên trở lên,"Số 343/49 Đường Phan Xích Long , Phường 01, Quận Phú Nhuận, Thành phố Hồ Chí Minh, Việt Nam",Quận Phú Nhuận,"4651: Bán buôn máy vi tính, thiết bị ngoại vi và phần mềm-;4659: Bán buôn máy móc, thiết bị và phụ tùng máy khác-;4652: Bán buôn thiết bị và linh kiện điện tử, viễn thông-;4649: Bán buôn đồ dùng khác ",internet
315208629,CÔNG TY TNHH TRUYỀN THÔNG KT PROMOTIONS,CÔNG TY TNHH TRUYỀN THÔNG KT P,Công ty trách nhiệm hữu hạn một thành viên,"115/13/9 Lê Văn Sỹ, Phường 13, Quận Phú Nhuận, Thành phố Hồ Chí Minh, Việt Nam",Quận Phú Nhuận,"5911: Hoạt động sản xuất phim điện ảnh, phim video và chương trình truyền hình-(trừ thực hiện các hiệu ứng cháy, nổ; không sử dụng chất nổ, chất cháy, hóa chất làm đạo cụ, dụng cụ thực hiện các chương",internet
315222616,CÔNG TY TNHH ĐẦU TƯ THƯƠNG MẠI VÀ DỊCH VỤ DẦU NHỜN VĨNH HƯNG,CÔNG TY TNHH ĐẦU TƯ THƯƠNG MẠI,Công ty trách nhiệm hữu hạn hai thành viên trở lên,"218 Phan Đăng Lưu, Phường 03, Quận Phú Nhuận, Thành phố Hồ Chí Minh, Việt Nam",Quận Phú Nhuận,"5510: Dịch vụ lưu trú ngắn ngày-Chi tiết: Khách sạn, biệt thự du lịch, căn hộ du lịch, nhà nghỉ du lịch, nhà ở có phòng cho khách du lịch thuê (không hoạt động tại trụ sở).;5590: Cơ sở lưu trú khác-(k",internet
315089315,CÔNG TY TNHH KSQUARE,CÔNG TY TNHH KSQUARE,Công ty trách nhiệm hữu hạn một thành viên,"11A và 15 Hoa Sứ, Phường 07, Quận Phú Nhuận, Thành phố Hồ Chí Minh, Việt Nam",Quận Phú Nhuận,"5610: Nhà hàng và các dịch vụ ăn uống phục vụ lưu động-Chi tiết: Dịch vụ ăn uống (CPC: 642, 643);4690: Bán buôn tổng hợp-Chi tiết: Thực hiện quyền xuất khẩu, quyền nhập khẩu, quyền phân phối bán buôn ",internet
315105285,CÔNG TY CỔ PHẦN IRACE,CÔNG TY CỔ PHẦN IRACE,Công ty cổ phần,"34 Hoa Hồng, Phường 02, Quận Phú Nhuận, Thành phố Hồ Chí Minh, Việt Nam",Quận Phú Nhuận,6201: Lập trình máy vi tính-;6202: Tư vấn máy vi tính và quản trị hệ thống máy vi tính-;6209: Hoạt động dịch vụ công nghệ thông tin và dịch vụ khác liên quan đến máy vi tính-;8230: Tổ chức giới thiệu ,internet
315215802,CÔNG TY TNHH MỸ THIÊN TRƯỜNG,CÔNG TY TNHH MỸ THIÊN TRƯỜNG,Công ty trách nhiệm hữu hạn một thành viên,"Tầng 4, Phòng 4.01, Khu I, Tòa nhà The Prince Residence, Số 19 - 21 Nguyễn Văn Trỗi, Phường 12, Quận Phú Nhuận, Thành phố Hồ Chí Minh, Việt Nam",Quận Phú Nhuận,"9000: Hoạt động sáng tác, nghệ thuật và giải trí-(trừ kinh doanh vũ trường, phòng trà ca nhạc và không thực hiện các hiệu ứng cháy, nổ; không sử dụng chất nổ, chất cháy, hóa chất làm đạo cụ, dụng cụ t",internet
315246906,CÔNG TY TNHH HI-EN GROUP,CÔNG TY TNHH HIEN GROUP,Công ty trách nhiệm hữu hạn một thành viên,"140/25 Đặng Văn Ngữ, Phường 14, Quận Phú Nhuận, Thành phố Hồ Chí Minh, Việt Nam",Quận Phú Nhuận,"4711: Bán lẻ lương thực, thực phẩm, đồ uống, thuốc lá, thuốc lào chiếm tỷ trọng lớn trong các cửa hàng kinh doanh tổng hợp-(Thực hiện theo quyết định 64/2009/QĐ-UBND ngày 31/7/2009 và quyết định 79/20",internet
315222655,CÔNG TY CỔ PHẦN MASK HR COACHING & TRAINING,CÔNG TY CỔ PHẦN MASK HR COACHI,Công ty cổ phần,"96/2/19 Phan Đình Phùng, Phường 02, Quận Phú Nhuận, Thành phố Hồ Chí Minh, Việt Nam",Quận Phú Nhuận,"4649: Bán buôn đồ dùng khác cho gia đình-Chi tiết: Bán buôn sách, báo, tạp chí, văn phòng phẩm;8559: Giáo dục khác chưa được phân vào đâu-Chi tiết: Đào tạo về kỹ năng sống;  Đào tạo kỹ năng nói trước ",internet
315269276,CÔNG TY TNHH ĐẦU TƯ CÔNG NGHỆ PTD,CÔNG TY TNHH ĐẦU TƯ CÔNG NGHỆ ,Công ty trách nhiệm hữu hạn một thành viên,"202 Hoàng Văn Thụ, Phường 09, Quận Phú Nhuận, Thành phố Hồ Chí Minh, Việt Nam",Quận Phú Nhuận,"8559: Giáo dục khác chưa được phân vào đâu-Chi tiết: Dạy ngoại ngữ và dạy kỹ năng đàm thoại; dạy máy tính - tin học; Đào tạo kỹ năng nói trước công chúng; Đào tạo kỹ năng mềm, kỹ năng quản lý, kỹ năng",internet
315277245,CÔNG TY TNHH THƯƠNG MẠI DỊCH VỤ QUẢNG CÁO THIÊN BÙI,CÔNG TY TNHH THƯƠNG MẠI DỊCH V,Công ty trách nhiệm hữu hạn một thành viên,"Số 165/7 Phan Đăng Lưu, Phường 01, Quận Phú Nhuận, Thành phố Hồ Chí Minh, Việt Nam",Quận Phú Nhuận,0321: Nuôi trồng thuỷ sản biển-(không hoạt động tại trụ sở).;1811: In ấn-(Không in trên các sản phẩm dệt may đan tại trụ sở); 7310: Quảng cáo-Chi tiết: Dịch vụ quảng cáo thương mại;8130: Dịch vụ chăm ,internet
315249329,CÔNG TY TNHH GLOBEDR TECHNOLOGY VIETNAM,CÔNG TY TNHH GLOBEDR TECHNOLOG,Công ty trách nhiệm hữu hạn một thành viên,"173A Nguyễn Văn Trỗi, Phường 11, Quận Phú Nhuận, Thành phố Hồ Chí Minh, Việt Nam",Quận Phú Nhuận,"8559: Giáo dục khác chưa được phân vào đâu-chi tiết: đào tạo tin học, ngoại ngữ, dạy nghề (trừ dạy về tôn giáo; các trường của các tổ chức Đảng - Đoàn thể);9101: Hoạt động thư viện và lưu trữ-chi tiết",technology
315241961,CÔNG TY TNHH HIỆP HỘI DOANH NHÂN KHỞI NGHIỆP VIỆT NAM,CÔNG TY TNHH HIỆP HỘI DOANH NH,Công ty trách nhiệm hữu hạn hai thành viên trở lên,"479 Nguyễn Kiệm, Phường 09, Quận Phú Nhuận, Thành phố Hồ Chí Minh, Việt Nam",Quận Phú Nhuận,8532: Đào tạo trung cấp-Chi tiết: Dạy nghề cho người khuyết tật.;6399: Dịch vụ thông tin khác chưa được phân vào đâu-Chi tiết: Dịch vụ cung cấp thông tin lên mạng internet. Dịch vụ thông tin qua điện ,internet
315255428,CÔNG TY TNHH TƯ VẤN THƯƠNG MẠI JECOS,CÔNG TY TNHH TƯ VẤN THƯƠNG MẠI,Công ty trách nhiệm hữu hạn một thành viên,"G7 Tòa nhà Victoria, Số 29 Huỳnh Văn Bánh, Phường 17, Quận Phú Nhuận, Thành phố Hồ Chí Minh, Việt Nam",Quận Phú Nhuận,"6622: Hoạt động của đại lý và môi giới bảo hiểm-Chi tiết: Hoạt động của các đại lý bảo hiểm;7020: Hoạt động tư vấn quản lý-(trừ tư vấn tài chính, kế toán, pháp luật).;7490: Hoạt động chuyên môn, khoa ",internet
315258965,CÔNG TY TNHH MẬU DỊCH AUSDY VIỆT NAM,CÔNG TY TNHH MẬU DỊCH AUSDY VI,Công ty trách nhiệm hữu hạn hai thành viên trở lên,"2 Hoa Phượng, Phường 02, Quận Phú Nhuận, Thành phố Hồ Chí Minh, Việt Nam",Quận Phú Nhuận,"7020: Hoạt động tư vấn quản lý-(trừ tư vấn tài chính, kế toán, pháp luật) (CPC 865); 4649: Bán buôn đồ dùng khác cho gia đình-Chi tiết: Thực hiện quyền xuất khẩu, quyền nhập khẩu, quyền phân phối bán ",internet
315295646,CÔNG TY CỔ PHẦN HELIOS ENTERTAINMENT,CÔNG TY CỔ PHẦN HELIOS ENTERTA,Công ty cổ phần,"Tầng 8 tòa nhà số 25 Đào Duy Anh, Phường 09, Quận Phú Nhuận, Thành phố Hồ Chí Minh, Việt Nam",Quận Phú Nhuận,6190: Hoạt động viễn thông khác-Chi tiết: Hoạt động của các điểm truy cập Internet; Hoạt động viễn thông khác chưa được phân vào đâu.;6201: Lập trình máy vi tính-;6202: Tư vấn máy vi tính và quản trị ,internet
315262432,CÔNG TY TNHH HORIZON,CÔNG TY TNHH HORIZON,Công ty trách nhiệm hữu hạn một thành viên,"56 Bùi Văn Thêm, Phường 09, Quận Phú Nhuận, Thành phố Hồ Chí Minh, Việt Nam",Quận Phú Nhuận,8299: Hoạt động dịch vụ hỗ trợ kinh doanh khác còn lại chưa được phân vào đâu-Chi tiết: dịch vụ đăng ký tên miền và lưu trữ website phục vụ cho thiết kế trang web;9511: Sửa chữa máy vi tính và thiết b,internet
315272889,CÔNG TY TNHH TMDV & TƯ VẤN BÌNH ANH,CÔNG TY TNHH TMDV  TƯ VẤN BÌNH,Công ty trách nhiệm hữu hạn hai thành viên trở lên,"103/9 Trần Huy Liệu, Phường 12, Quận Phú Nhuận, Thành phố Hồ Chí Minh, Việt Nam",Quận Phú Nhuận,"8299: Hoạt động dịch vụ hỗ trợ kinh doanh khác còn lại chưa được phân vào đâu-Chi tiết: Tổ chức sự kiện (không thực hiện các hiệu ứng cháy, nổ; không sử dụng chất nổ, chất cháy, hóa chất làm đạo cụ, d",internet
315277044,CÔNG TY TNHH THIẾT KẾ VÀ TƯ VẤN ĐẦU TƯ XÂY DỰNG NGUYỄN HÒA AN,CÔNG TY TNHH THIẾT KẾ VÀ TƯ VẤ,Công ty trách nhiệm hữu hạn một thành viên,"127 Hồng Hà, Phường 09, Quận Phú Nhuận, Thành phố Hồ Chí Minh, Việt Nam",Quận Phú Nhuận,"4784: Bán lẻ thiết bị gia đình khác lưu động hoặc tại chợ-(trừ bán lẻ bình gas, súng, đạn loại dùng đi săn hoặc thể thao, tiền kim khí và mua bán vàng miếng; thực hiện theo Quyết định 64/2009/QĐ-UBND ",internet
315182184,CÔNG TY TNHH JINN GROUP,CÔNG TY TNHH JINN GROUP,Công ty trách nhiệm hữu hạn một thành viên,"202 Hoàng Văn Thụ, Phường 09, Quận Phú Nhuận, Thành phố Hồ Chí Minh, Việt Nam",Quận Phú Nhuận,"4651: Bán buôn máy vi tính, thiết bị ngoại vi và phần mềm-;4652: Bán buôn thiết bị và linh kiện điện tử, viễn thông-;4659: Bán buôn máy móc, thiết bị và phụ tùng máy khác-;4741: Bán lẻ máy vi tính, th",internet
315184576,CÔNG TY TNHH KIẾN TRÚC NỘI THẤT PHẠM MINH,CÔNG TY TNHH KIẾN TRÚC NỘI THẤ,Công ty trách nhiệm hữu hạn một thành viên,"10M Trần Hữu Trang, Phường 11, Quận Phú Nhuận, Thành phố Hồ Chí Minh, Việt Nam",Quận Phú Nhuận,"7410: Hoạt động thiết kế chuyên dụng-Chi tiết: hoạt động trang trí nội thất;7110: Hoạt động kiến trúc và tư vấn kỹ thuật có liên quan-Chi tiết: Tư vấn, thiết kế nội, ngoại thất công trình 
Thiết kế ki",internet
315287130,CÔNG TY TNHH JTS INDUSTRY,CÔNG TY TNHH JTS INDUSTRY,Công ty trách nhiệm hữu hạn một thành viên,"12 Hoàng Diệu, Phường 10, Quận Phú Nhuận, Thành phố Hồ Chí Minh, Việt Nam",Quận Phú Nhuận,"4659: Bán buôn máy móc, thiết bị và phụ tùng máy khác-Chi tiết: Bán buôn máy móc, thiết bị làm đẹp; xuất nhập khẩu máy móc, thiết bị làm đẹp; Bán buôn máy móc, thiết bị y tế; xuất nhập khẩu máy móc, t",internet
315341532,CÔNG TY TNHH FRUIT FOR LIFE,CÔNG TY TNHH FRUIT FOR LIFE,Công ty trách nhiệm hữu hạn hai thành viên trở lên,"174/27 Đặng Văn Ngữ, Phường 14, Quận Phú Nhuận, Thành phố Hồ Chí Minh, Việt Nam",Quận Phú Nhuận,"4719: Bán lẻ  khác trong các cửa hàng kinh doanh tổng hợp-(trừ bán lẻ hóa chất, khí dầu mỏ hóa lỏng LPG, dầu nhớt cặn, vàng miếng, súng, đạn loại dùng đi săn hoặc thể thao và tiền kim khí; Thực hiện t",internet
315737132,DOANH NGHIỆP TƯ NHÂN DỊCH VỤ TRÒ CHƠI ĐIỆN TỬ CÔNG CỘNG CYBER ALL GAME NHẬT TIẾN,DOANH NGHIỆP TƯ NHÂN DỊCH VỤ T,Doanh nghiệp tư nhân,"54 Phan Tây Hồ , Phường 07, Quận Phú Nhuận, Thành phố Hồ Chí Minh, Việt Nam",Quận Phú Nhuận,"6190: Hoạt động viễn thông khác-Chi tiết: -Hoạt động của các điểm truy cập internet -  Điểm cung cấp dịch vụ trò chơi điện tử công cộng (không kinh doanh trò chơi có hại cho giáo dục nhân cách, sức kh",internet
315311707,CÔNG TY TNHH CITIVIEW THL,CÔNG TY TNHH CITIVIEW THL,Công ty trách nhiệm hữu hạn một thành viên,"Số 247/8B Hoàng Hoa Thám , Phường 05, Quận Phú Nhuận, Thành phố Hồ Chí Minh, Việt Nam",Quận Phú Nhuận,"8230: Tổ chức giới thiệu và xúc tiến thương mại-(không thực hiện các hiệu ứng cháy, nổ; không sử dụng chất nổ, chất cháy, hóa chất làm đạo cụ, dụng cụ thực hiện các chương trình văn nghệ, sự kiện, phi",internet
315354965,CÔNG TY TNHH ĐẦU TƯ QUỐC TẾ VIỆT AN,CÔNG TY TNHH ĐẦU TƯ QUỐC TẾ VI,Công ty trách nhiệm hữu hạn hai thành viên trở lên,"Phòng 702A Tầng 7, Tòa nhà CentrePoint, 106 Nguyễn Văn Trỗi, Phường 08, Quận Phú Nhuận, Thành phố Hồ Chí Minh, Việt Nam",Quận Phú Nhuận,"4620: Bán buôn nông, lâm sản nguyên liệu (trừ gỗ, tre, nứa) và động vật sống-(Không hoạt động tại trụ sở).;4631: Bán buôn gạo, lúa mỳ, hạt ngũ cốc khác, bột mỳ-(không hoạt động tại trụ sở);4632: Bán b",internet
315316832,CÔNG TY TNHH VINA CƯỜNG THỊNH,CÔNG TY TNHH VINA CƯỜNG THỊNH,Công ty trách nhiệm hữu hạn hai thành viên trở lên,"120/3 Trần Huy Liệu , Phường 15, Quận Phú Nhuận, Thành phố Hồ Chí Minh, Việt Nam",Quận Phú Nhuận,4633: Bán buôn đồ uống-;4722: Bán lẻ thực phẩm trong các cửa hàng chuyên doanh-(Thực hiện theo quyết định 64/2009/QĐ-UBND ngày 31/7/2009 và quyết định 79/2009/QĐ-UBND ngày 17/10/2009 của Ủy Ban nhân d,internet
315326157,CÔNG TY TNHH VIỆT MASSAGE BÙI QUỐC CHÂU,CÔNG TY TNHH VIỆT MASSAGE BÙI ,Công ty trách nhiệm hữu hạn hai thành viên trở lên,"16 Ký Con, Phường 07, Quận Phú Nhuận, Thành phố Hồ Chí Minh, Việt Nam",Quận Phú Nhuận,"8230: Tổ chức giới thiệu và xúc tiến thương mại-(không thực hiện các hiệu ứng cháy, nổ; không sử dụng chất nổ, chất cháy, hóa chất làm đạo cụ, dụng cụ thực hiện các chương trình văn nghệ, sự kiện, phi",internet
315326439,CÔNG TY CỔ PHẦN THƯƠNG MẠI NIKKI,CÔNG TY CỔ PHẦN THƯƠNG MẠI NIK,Công ty cổ phần,"16 Lê Quý Đôn, Phường 12, Quận Phú Nhuận, Thành phố Hồ Chí Minh, Việt Nam",Quận Phú Nhuận,"4649: Bán buôn đồ dùng khác cho gia đình-Chi tiết: Bán buôn vali, cặp, túi, hàng da và giả da khác; Bán buôn đồ dùng khác cho gia đình (trừ bán buôn dược phẩm);4771: Bán lẻ hàng may mặc, giày dép, hàn",internet
315330347,CÔNG TY TNHH THƯƠNG MẠI DỊCH VỤ MÃ VẠCH SỐ VINA,CÔNG TY TNHH THƯƠNG MẠI DỊCH V,Công ty trách nhiệm hữu hạn một thành viên,"75 Cô Giang , Phường 01, Quận Phú Nhuận, Thành phố Hồ Chí Minh, Việt Nam",Quận Phú Nhuận,"1811: In ấn-(trừ in tráng bao bì kim loại, in trên các sản phẩm vải sợi, dệt, may, đan tại trụ sở);1812: Dịch vụ liên quan đến in-;3312: Sửa chữa máy móc, thiết bị-Chi tiết: Sửa chữa máy móc, thiết bị",internet
315328281,CÔNG TY TNHH GỖ BSR,CÔNG TY TNHH GỖ BSR,Công ty trách nhiệm hữu hạn một thành viên,"Số 24A Đường Cầm Bá Thước, Phường 07, Quận Phú Nhuận, Thành phố Hồ Chí Minh, Việt Nam",Quận Phú Nhuận,"4659: Bán buôn máy móc, thiết bị và phụ tùng máy khác-Chi tiết: bán buôn máy in phun, máy in UV, máy in 3D, máy khắc, máy cắt, máy nén khí, máy scan, máy khoan, máy tiện, máy hàn kim loại, máy dập, má",internet
315241369,CÔNG TY TNHH MOBILE APP,CÔNG TY TNHH MOBILE APP,Công ty trách nhiệm hữu hạn một thành viên,"73/20 Huỳnh Văn Bánh, Phường 17, Quận Phú Nhuận, Thành phố Hồ Chí Minh, Việt Nam",Quận Phú Nhuận,"7020: Hoạt động tư vấn quản lý-(trừ tư vấn tài chính, kế toán và pháp luật).;7410: Hoạt động thiết kế chuyên dụng-- Chi tiết: Thiết kế trang web; Hoạt động trang trí nội, ngoại thất; Thiết kế đồ họa.;",internet
315333891,CÔNG TY TNHH DOANH NHÂN NHỎ,CÔNG TY TNHH DOANH NHÂN NHỎ,Công ty trách nhiệm hữu hạn một thành viên,"Phòng 702A Tầng 7, Tòa Nhà Centrepoint, 106 Nguyễn Văn Trỗi, Phường 08, Quận Phú Nhuận, Thành phố Hồ Chí Minh, Việt Nam",Quận Phú Nhuận,"8220: Hoạt động dịch vụ liên quan đến các cuộc gọi-;9000: Hoạt động sáng tác, nghệ thuật và giải trí-(trừ kinh doanh vũ trường, phòng trà ca nhạc và không thực hiện các hiệu ứng cháy, nổ; không sử dụn",internet
315355253,CÔNG TY TNHH THIẾT KẾ THƯƠNG MẠI HỒNG ANH,CÔNG TY TNHH THIẾT KẾ THƯƠNG M,Công ty trách nhiệm hữu hạn một thành viên,"166/12L Thích Quảng Đức, Phường 04, Quận Phú Nhuận, Thành phố Hồ Chí Minh, Việt Nam",Quận Phú Nhuận,"7110: Hoạt động kiến trúc và tư vấn kỹ thuật có liên quan-Chi tiết: Tư vấn thiết kế kiến trúc nội thất cho nhà phố, căn hộ, văn phòng;4222: Xây dựng công trình cấp, thoát nước-;4223: Xây dựng công trì",internet
315273466,CÔNG TY TNHH THƯƠNG MẠI VÀ ĐẦU TƯ GIA KHÁNH PHÁT,CÔNG TY TNHH THƯƠNG MẠI VÀ ĐẦU,Công ty trách nhiệm hữu hạn một thành viên,"81/8 Hồ Văn Huê, Phường 09, Quận Phú Nhuận, Thành phố Hồ Chí Minh, Việt Nam",Quận Phú Nhuận,"4610: Đại lý, môi giới, đấu giá hàng hóa-Chi tiết: Đại lý bán hàng hóa. Môi giới mua bán hàng hóa;4659: Bán buôn máy móc, thiết bị và phụ tùng máy khác-;4759: Bán lẻ đồ điện gia dụng, giường, tủ, bàn,",internet
315423584,CÔNG TY TNHH EFISE (VIỆT NAM),CÔNG TY TNHH EFISE VIỆT NAM,Công ty trách nhiệm hữu hạn một thành viên,"Orchard Garden 07.41, số 128 Đường Hồng Hà, Phường 09, Quận Phú Nhuận, Thành phố Hồ Chí Minh, Việt Nam",Quận Phú Nhuận,"4799: Bán lẻ hình thức khác chưa được phân vào đâu-Chi tiết: Xuất khẩu, nhập khẩu mỹ phẩm và thực phẩm chức năng;  
-Bán lẻ các loại hàng hóa bằng phương thức khác chưa kể ở trên như:
bán trực tiếp ho",internet
315375965,CÔNG TY TNHH THE GREEN TUNES,CÔNG TY TNHH THE GREEN TUNES,Công ty trách nhiệm hữu hạn một thành viên,"87/28 Nguyễn Đình Chính, Phường 15, Quận Phú Nhuận, Thành phố Hồ Chí Minh, Việt Nam",Quận Phú Nhuận,"9000: Hoạt động sáng tác, nghệ thuật và giải trí-(không thực hiện các hiệu ứng cháy, nổ; không sử dụng chất nổ, chất cháy, hóa chất làm đạo cụ, dụng cụ thực hiện các chương trình văn nghệ, sự kiện, ph",internet
315378282,CÔNG TY TNHH GIẢI TRÍ GAME NGỌC THIÊN,CÔNG TY TNHH GIẢI TRÍ GAME NGỌ,Công ty trách nhiệm hữu hạn một thành viên,"200 Nguyễn Thượng Hiền, Phường 05, Quận Phú Nhuận, Thành phố Hồ Chí Minh, Việt Nam",Quận Phú Nhuận,9329: Hoạt động vui chơi giải trí khác chưa được phân vào đâu-chi tiết: Kinh doanh trò chơi điện tử (trừ hoạt động kinh doanh trò chơi điện tử có thưởng dành cho người nước ngoài và kinh doanh trò chơ,internet
315397101,CÔNG TY TNHH PARTH,CÔNG TY TNHH PARTH,Công ty trách nhiệm hữu hạn hai thành viên trở lên,"331 Nguyễn Trọng Tuyển, Phường 10, Quận Phú Nhuận, Thành phố Hồ Chí Minh, Việt Nam",Quận Phú Nhuận,"4651: Bán buôn máy vi tính, thiết bị ngoại vi và phần mềm-;4652: Bán buôn thiết bị và linh kiện điện tử, viễn thông-;4741: Bán lẻ máy vi tính, thiết bị ngoại vi, phần mềm và thiết bị viễn thông trong ",internet
315292701,CÔNG TY TNHH CÁC GIẢI PHÁP SOFTEL,CÔNG TY TNHH CÁC GIẢI PHÁP SOF,Công ty trách nhiệm hữu hạn một thành viên,"354 Trường Sa, Phường 02, Quận Phú Nhuận, Thành phố Hồ Chí Minh, Việt Nam",Quận Phú Nhuận,5820: Xuất bản phần mềm-Chi tiết: Sản xuất phần mềm;6201: Lập trình máy vi tính-;6202: Tư vấn máy vi tính và quản trị hệ thống máy vi tính-;6209: Hoạt động dịch vụ công nghệ thông tin và dịch vụ khác ,lap top
315383109,CÔNG TY CỔ PHẦN FI,CÔNG TY CỔ PHẦN FI,Công ty cổ phần,"Số 21 Hoa Cúc, Phường 07, Quận Phú Nhuận, Thành phố Hồ Chí Minh, Việt Nam",Quận Phú Nhuận,"4791: Bán lẻ theo yêu cầu đặt hàng qua bưu điện hoặc internet-(trừ bán lẻ bình gas, khí dầu mỏ hóa lỏng LPG, dầu nhớt cặn, vàng miếng, súng, đạn loại dùng đi săn hoặc thể thao và tiền kim khí; trừ bán",internet
315386117,CÔNG TY CỔ PHẦN IBENEFIT,CÔNG TY CỔ PHẦN IBENEFIT,Công ty cổ phần,"Số 21 Hoa Cúc, Phường 07, Quận Phú Nhuận, Thành phố Hồ Chí Minh, Việt Nam",Quận Phú Nhuận,"4610: Đại lý, môi giới, đấu giá hàng hóa-Chi tiết: Đại lý bán hàng hóa; Môi giới mua bán hàng hóa (trừ môi giới bảo hiểm);4652: Bán buôn thiết bị và linh kiện điện tử, viễn thông-Chi tiết: Bán buôn hà",internet
315386678,CÔNG TY TNHH DR LARISSA BEAUTY COSMETIC,CÔNG TY TNHH DR LARISSA BEAUTY,Công ty trách nhiệm hữu hạn một thành viên,"94 B1 Phùng Văn Cung, Phường 07, Quận Phú Nhuận, Thành phố Hồ Chí Minh, Việt Nam",Quận Phú Nhuận,"9631: Cắt tóc, làm đầu, gội đầu-chi tiết: Chăm sóc da mặt, cắt tóc, làm đầu, gội đầu. Massage mặt, làm móng chân, móng tay, trang điểm (trừ hoạt động gây chảy máu);4659: Bán buôn máy móc, thiết bị và ",internet
315389421,CÔNG TY CỔ PHẦN ĐẦU TƯ TOP CAPITAL GROUP,CÔNG TY CỔ PHẦN ĐẦU TƯ TOP CAP,Công ty cổ phần,"270 Huỳnh Văn Bánh, Phường 11, Quận Phú Nhuận, Thành phố Hồ Chí Minh, Việt Nam",Quận Phú Nhuận,"6810: Kinh doanh bất động sản, quyền sử dụng đất thuộc chủ sở hữu, chủ sử dụng hoặc đi thuê-;6820: Tư vấn, môi giới, đấu giá bất động sản, đấu giá quyền sử dụng đất-Chi tiết: Tư vấn, môi giới bất động",internet
315444136,CÔNG TY TNHH SEA CROSS VIỆT NAM,CÔNG TY TNHH SEA CROSS VIỆT NA,Công ty trách nhiệm hữu hạn hai thành viên trở lên,"108/18 Thích Quảng Đức, Phường 05, Quận Phú Nhuận, Thành phố Hồ Chí Minh, Việt Nam",Quận Phú Nhuận,4633: Bán buôn đồ uống-Bán buôn thực phẩm chức năng (dạng lỏng);4649: Bán buôn đồ dùng khác cho gia đình-Chi tiết: Bán buôn mỹ phẩm; Bán buôn thuốc thú y;6619: Hoạt động hỗ trợ dịch vụ tài chính chưa ,internet
315414205,CÔNG TY CỔ PHẦN VICOPAS,CÔNG TY CỔ PHẦN VICOPAS,Công ty cổ phần,"Số 119, Đào Duy Anh, , Phường 09, Quận Phú Nhuận, Thành phố Hồ Chí Minh, Việt Nam",Quận Phú Nhuận,"4652: Bán buôn thiết bị và linh kiện điện tử, viễn thông-;4651: Bán buôn máy vi tính, thiết bị ngoại vi và phần mềm-;4649: Bán buôn đồ dùng khác cho gia đình-;8299: Hoạt động dịch vụ hỗ trợ kinh doanh",internet
315413829,CÔNG TY TNHH CYBERCORE BT,CÔNG TY TNHH CYBERCORE BT,Công ty trách nhiệm hữu hạn hai thành viên trở lên,"197A Lê Văn Sỹ, Phường 14, Quận Phú Nhuận, Thành phố Hồ Chí Minh, Việt Nam",Quận Phú Nhuận,"4659: Bán buôn máy móc, thiết bị và phụ tùng máy khác-Chi tiết: Bán buôn máy móc, thiết bị ngành viễn thông;7730: Cho thuê máy móc, thiết bị và đồ dùng hữu hình khác không kèm người điều khiển-;5610: ",internet
315432099,CÔNG TY TNHH TRUYỀN THÔNG VÀ SỰ KIỆN NAM LONG,CÔNG TY TNHH TRUYỀN THÔNG VÀ S,Công ty trách nhiệm hữu hạn hai thành viên trở lên,"1220 Trường Sa, Phường 14, Quận Phú Nhuận, Thành phố Hồ Chí Minh, Việt Nam",Quận Phú Nhuận,"4669: Bán buôn chuyên doanh khác chưa được phân vào đâu-Chi tiết: Bán lẻ tem;5621: Cung cấp dịch vụ ăn uống theo hợp đồng không thường xuyên với khách hàng-;5629: Dịch vụ ăn uống khác-Chi tiết:
- Hoạt",internet
315428656,CÔNG TY TNHH THƯƠNG MẠI JCPAL VIỆT NAM,CÔNG TY TNHH THƯƠNG MẠI JCPAL ,Công ty trách nhiệm hữu hạn một thành viên,"100 Đào Duy Anh, Phường 09, Quận Phú Nhuận, Thành phố Hồ Chí Minh, Việt Nam",Quận Phú Nhuận,"4321: Lắp đặt hệ thống điện-;4649: Bán buôn đồ dùng khác cho gia đình-Chi tiết: Bán buôn vali, cặp, túi, ví, hàng da và giả da khác;;4651: Bán buôn máy vi tính, thiết bị ngoại vi và phần mềm-;4652: Bá",internet
315433832,CÔNG TY TNHH NEEV & NEVE,CÔNG TY TNHH NEEV  NEVE,Công ty trách nhiệm hữu hạn hai thành viên trở lên,"Tầng 3, Phòng 3.15 Khu I, Tòa nhà The Prince Residence, Số 19-21 Nguyễn Văn Trỗi, Phường 11, Quận Phú Nhuận, Thành phố Hồ Chí Minh, Việt Nam",Quận Phú Nhuận,"7020: Hoạt động tư vấn quản lý-(trừ tư vấn tài chính, kế toán, pháp lý);4511: Bán buôn ô tô và xe có động cơ khác-;4530: Bán phụ tùng và các bộ phận phụ trợ của ô tô và xe có động cơ khác-;4610: Đại l",internet
314844212,CÔNG TY TNHH THƯƠNG MẠI DỊCH VỤ ÁNH VÂN,CÔNG TY TNHH THƯƠNG MẠI DỊCH V,Công ty trách nhiệm hữu hạn một thành viên,"14B Đặng Văn Ngữ, Phường 10, Quận Phú Nhuận, Thành phố Hồ Chí Minh, Việt Nam",Quận Phú Nhuận,"4741: Bán lẻ máy vi tính, thiết bị ngoại vi, phần mềm và thiết bị viễn thông trong các cửa hàng chuyên doanh-Chi tiết: Bán lẻ sim, card điện thoại; Bán buôn thiết bị và linh kiện điện tử, viễn thông k",internet
315362282,CÔNG TY TNHH AT 63,CÔNG TY TNHH AT 63,Công ty trách nhiệm hữu hạn một thành viên,"202 Hoàng Văn Thụ, Phường 09, Quận Phú Nhuận, Thành phố Hồ Chí Minh, Việt Nam",Quận Phú Nhuận,"8559: Giáo dục khác chưa được phân vào đâu-Chi tiết: Dạy nghề;8560: Dịch vụ hỗ trợ giáo dục-Chi tiết: Tư vấn giáo dục, tư vấn du học (trừ tư vấn tài chính, kế toán, pháp luật);9311: Hoạt động của các ",internet
315025865,CÔNG TY CỔ PHẦN OPLA WORLD,CÔNG TY CỔ PHẦN OPLA WORLD,Công ty cổ phần,"2/4 Đoàn Thị Điểm, Phường 01, Quận Phú Nhuận, Thành phố Hồ Chí Minh, Việt Nam",Quận Phú Nhuận,"4651: Bán buôn máy vi tính, thiết bị ngoại vi và phần mềm-Chi tiết: Bán buôn phần mềm máy tính;6202: Tư vấn máy vi tính và quản trị hệ thống máy vi tính-(trừ dịch vụ truy cập internet);4741: Bán lẻ má",internet
315112814,CÔNG TY TNHH ỨNG DỤNG CÔNG NGHỆ PHÁP LÝ,CÔNG TY TNHH ỨNG DỤNG CÔNG NGH,Công ty trách nhiệm hữu hạn hai thành viên trở lên,"202B Hoàng Văn Thụ, Phường 09, Quận Phú Nhuận, Thành phố Hồ Chí Minh, Việt Nam",Quận Phú Nhuận,"4759: Bán lẻ đồ điện gia dụng, giường, tủ, bàn, ghế và đồ nội thất tương tự, đèn và bộ đèn điện, đồ dùng gia đình khác chưa được phân vào đâu  trong các cửa hàng chuyên doanh-Chi tiết: Bán lẻ đồ điện ",internet
315115371,CÔNG TY TNHH THỜI TRANG BEAUTIFUL LIFE,CÔNG TY TNHH THỜI TRANG BEAUTI,Công ty trách nhiệm hữu hạn một thành viên,"Số 02 Hoa Phượng, Phường 02, Quận Phú Nhuận, Thành phố Hồ Chí Minh, Việt Nam",Quận Phú Nhuận,"4641: Bán buôn vải, hàng may sẵn, giày dép-(không hoạt động tại trụ sở). (CPC 622); 4649: Bán buôn đồ dùng khác cho gia đình-Chi tiết: Bán buôn nước hoa, hàng mỹ phẩm và chế phẩm vệ sinh (trừ dược phẩ",internet
315298189,CÔNG TY TNHH QUỐC TẾ ÁNH SÁNG,CÔNG TY TNHH QUỐC TẾ ÁNH SÁNG,Công ty trách nhiệm hữu hạn hai thành viên trở lên,"514 Nguyễn Kiệm, Phường 04, Quận Phú Nhuận, Thành phố Hồ Chí Minh, Việt Nam",Quận Phú Nhuận,"4663: Bán buôn vật liệu, thiết bị lắp đặt khác trong xây dựng-;4759: Bán lẻ đồ điện gia dụng, giường, tủ, bàn, ghế và đồ nội thất tương tự, đèn và bộ đèn điện, đồ dùng gia đình khác chưa được phân vào",internet
315349362,CÔNG TY TNHH VAPX,CÔNG TY TNHH VAPX,Công ty trách nhiệm hữu hạn hai thành viên trở lên,"Phòng 604 - Lầu 6 - Tòa Nhà Sunshine Office - 21K Nguyễn Văn Trỗi, Phường 11, Quận Phú Nhuận, Thành phố Hồ Chí Minh, Việt Nam",Quận Phú Nhuận,"4669: Bán buôn chuyên doanh khác chưa được phân vào đâu-Chi tiết: Bán buôn phế liệu, phế thải kim loại, phi kim loại;4791: Bán lẻ theo yêu cầu đặt hàng qua bưu điện hoặc internet-(trừ bán lẻ bình gas,",internet
315412215,CÔNG TY TNHH THƯƠNG MẠI VÀ DỊCH VỤ SUNFLOWER,CÔNG TY TNHH THƯƠNG MẠI VÀ DỊC,Công ty trách nhiệm hữu hạn hai thành viên trở lên,"92 Hồ Biểu Chánh, Phường 11, Quận Phú Nhuận, Thành phố Hồ Chí Minh, Việt Nam",Quận Phú Nhuận,"4620: Bán buôn nông, lâm sản nguyên liệu (trừ gỗ, tre, nứa) và động vật sống-chi tiết: bán buôn hạt giống các loại và cây trồng (không hoạt động tại trụ sở);4632: Bán buôn thực phẩm-Chi tiết: Bán buôn",internet
315465753,CÔNG TY TNHH BTC GLOBAL VINA,CÔNG TY TNHH BTC GLOBAL VINA,Công ty trách nhiệm hữu hạn hai thành viên trở lên,"227 Phan Xích Long, Phường 07, Quận Phú Nhuận, Thành phố Hồ Chí Minh, Việt Nam",Quận Phú Nhuận,"6202: Tư vấn máy vi tính và quản trị hệ thống máy vi tính-(CPC 841);7020: Hoạt động tư vấn quản lý-(trừ tư vấn tài chính, kế toán, pháp luật). (CPC 865);6209: Hoạt động dịch vụ công nghệ thông tin và ",internet
315459414,CÔNG TY TNHH THƯ VIỆN PHÁP LUẬT,CÔNG TY TNHH THƯ VIỆN PHÁP LUẬ,Công ty trách nhiệm hữu hạn hai thành viên trở lên,"P.702A Tầng 7, Tòa nhà Centre Point, 106 Nguyễn Văn Trỗi, Phường 08, Quận Phú Nhuận, Thành phố Hồ Chí Minh, Việt Nam",Quận Phú Nhuận,"4741: Bán lẻ máy vi tính, thiết bị ngoại vi, phần mềm và thiết bị viễn thông trong các cửa hàng chuyên doanh-Chi tiết: Bán lẻ phần mềm;5820: Xuất bản phần mềm-Chi tiết: Sản xuất phần mềm;6312: Cổng th",internet
315473779,CÔNG TY TNHH ZACOM VIỆT NAM,CÔNG TY TNHH ZACOM VIỆT NAM,Công ty trách nhiệm hữu hạn hai thành viên trở lên,"19/14 Hồ Văn Huê, Phường 09, Quận Phú Nhuận, Thành phố Hồ Chí Minh, Việt Nam",Quận Phú Nhuận,"4652: Bán buôn thiết bị và linh kiện điện tử, viễn thông-;4659: Bán buôn máy móc, thiết bị và phụ tùng máy khác-;4741: Bán lẻ máy vi tính, thiết bị ngoại vi, phần mềm và thiết bị viễn thông trong các ",internet
315486023,CÔNG TY TNHH TECHABLE,CÔNG TY TNHH TECHABLE,Công ty trách nhiệm hữu hạn một thành viên,"Tầng 1 thuộc tòa nhà tại 302A Nguyễn Thượng Hiền, Phường 05, Quận Phú Nhuận, Thành phố Hồ Chí Minh, Việt Nam",Quận Phú Nhuận,"6201: Lập trình máy vi tính-;6202: Tư vấn máy vi tính và quản trị hệ thống máy vi tính-;6209: Hoạt động dịch vụ công nghệ thông tin và dịch vụ khác liên quan đến máy vi tính-;6311: Xử lý dữ liệu, cho ",internet
315485358,CÔNG TY TNHH DIỆN CHẨN - VIỆT Y ĐẠO QUỐC TẾ,CÔNG TY TNHH DIỆN CHẨN  VIỆT Y,Công ty trách nhiệm hữu hạn một thành viên,"16 Ký Con, Phường 07, Quận Phú Nhuận, Thành phố Hồ Chí Minh, Việt Nam",Quận Phú Nhuận,"4659: Bán buôn máy móc, thiết bị và phụ tùng máy khác-Chi tiết: Bán buôn máy móc, thiết bị y tế.;3312: Sửa chữa máy móc, thiết bị-Chi tiết: Sửa chữa máy móc, thiết bị : dụng cụ y tế, nha khoa (không t",internet
315500278,CÔNG TY TNHH BYNKS GROUP,CÔNG TY TNHH BYNKS GROUP,Công ty trách nhiệm hữu hạn một thành viên,"139 Phùng Văn Cung, Phường 03, Quận Phú Nhuận, Thành phố Hồ Chí Minh, Việt Nam",Quận Phú Nhuận,"6619: Hoạt động hỗ trợ dịch vụ tài chính chưa được phân vào đâu-chi tiết: Hoạt động tư vấn đầu tư (trừ tư vấn tài chính, kế toán,pháp luật).;6312: Cổng thông tin-Chi tiết: Thương mại điện tử;4652: Bán",internet
315506858,CÔNG TY TNHH KINH DOANH TỔNG HỢP LÊ PHẠM,CÔNG TY TNHH KINH DOANH TỔNG H,Công ty trách nhiệm hữu hạn một thành viên,"48/15/15 đường Hồ Biểu Chánh, Phường 11, Quận Phú Nhuận, Thành phố Hồ Chí Minh, Việt Nam",Quận Phú Nhuận,"4741: Bán lẻ máy vi tính, thiết bị ngoại vi, phần mềm và thiết bị viễn thông trong các cửa hàng chuyên doanh-;6311: Xử lý dữ liệu, cho thuê và các hoạt động liên quan-Chi tiết: cho thuê tên miền, host",lap top
315532368,CÔNG TY TNHH HỢP TÁC QUỐC TẾ VIỆT HÀN,CÔNG TY TNHH HỢP TÁC QUỐC TẾ V,Công ty trách nhiệm hữu hạn hai thành viên trở lên,"66/9 Nhiêu Tứ, Phường 07, Quận Phú Nhuận, Thành phố Hồ Chí Minh, Việt Nam",Quận Phú Nhuận,"4669: Bán buôn chuyên doanh khác chưa được phân vào đâu-Chi tiết: Bán buôn phân bón, hạt giống, chế phẩm sinh học;4791: Bán lẻ theo yêu cầu đặt hàng qua bưu điện hoặc internet-(trừ bán lẻ bình gas, sú",internet
315532664,CÔNG TY TNHH TRUYỀN THÔNG QUỐC TẾ TƯỜNG MINH,CÔNG TY TNHH TRUYỀN THÔNG QUỐC,Công ty trách nhiệm hữu hạn một thành viên,"120/98/22 Thích Quảng Đức, Phường 05, Quận Phú Nhuận, Thành phố Hồ Chí Minh, Việt Nam",Quận Phú Nhuận,"8230: Tổ chức giới thiệu và xúc tiến thương mại-(không thực hiện các hiệu ứng cháy, nổ; không sử dụng chất nổ, chất cháy, hoá chất làm đạo cụ, dụng cụ thực hiện các chương trình văn nghệ, sự kiện, phi",internet
315492796,CÔNG TY CỔ PHẦN DU LỊCH HƯỚNG NGHIỆP EDUCATION TOUR,CÔNG TY CỔ PHẦN DU LỊCH HƯỚNG ,Công ty cổ phần,"162B Nguyễn Đình Chính, Phường 11, Quận Phú Nhuận, Thành phố Hồ Chí Minh, Việt Nam",Quận Phú Nhuận,"6820: Tư vấn, môi giới, đấu giá bất động sản, đấu giá quyền sử dụng đất-Chi tiết: Tư vấn, môi giới bất động sản (trừ tư vấn mang tính pháp lý); 8299: Hoạt động dịch vụ hỗ trợ kinh doanh khác còn lại c",internet
315492820,CÔNG TY TNHH INSTINCTUS VIETNAM,CÔNG TY TNHH INSTINCTUS VIETNA,Công ty trách nhiệm hữu hạn một thành viên,"Số nhà 4.15, Tầng 4, Khu Officetel, tòa nhà Kingston, số 223-223B Hoàng Văn Thụ, Phường 08, Quận Phú Nhuận, Thành phố Hồ Chí Minh, Việt Nam",Quận Phú Nhuận,4791: Bán lẻ theo yêu cầu đặt hàng qua bưu điện hoặc internet-Chi tiết: Thực hiện quyền phân phối bán lẻ các hàng hóa không thuộc danh mục hàng hóa không được phân phối theo quy định của pháp luật Việ,internet
315544684,CÔNG TY CỔ PHẦN VIETNAM MEMORY ORGANIZATION,CÔNG TY CỔ PHẦN VIETNAM MEMORY,Công ty cổ phần,"778/11 Nguyễn Kiệm, Phường 04, Quận Phú Nhuận, Thành phố Hồ Chí Minh, Việt Nam",Quận Phú Nhuận,"7740: Cho thuê tài sản vô hình phi tài chính-Chi tiết: Cho thuê phần mềm trí tuệ nhân tạo;8230: Tổ chức giới thiệu và xúc tiến thương mại-(không thực hiện các hiệu ứng cháy, nổ, không sử dụng chất nổ,",internet
315497025,CÔNG TY TNHH  THƯƠNG MẠI QUỐC TẾ GREENFOOD,CÔNG TY TNHH  THƯƠNG MẠI QUỐC ,Công ty trách nhiệm hữu hạn một thành viên,"208/1 Nguyễn Đình Chính, Phường 11, Quận Phú Nhuận, Thành phố Hồ Chí Minh, Việt Nam",Quận Phú Nhuận,"4632: Bán buôn thực phẩm-Chi tiết: Bán buôn thực phẩm (không hoạt động tại trụ sở); Bán buôn thực phẩm chức năng;6820: Tư vấn, môi giới, đấu giá bất động sản, đấu giá quyền sử dụng đất-Chi tiết: Môi g",internet
315552396,CÔNG TY TNHH THƯƠNG MẠI DỊCH VỤ CÔNG NGHỆ LAMINO,CÔNG TY TNHH THƯƠNG MẠI DỊCH V,Công ty trách nhiệm hữu hạn hai thành viên trở lên,"72/15A Phan Đăng Lưu, Phường 05, Quận Phú Nhuận, Thành phố Hồ Chí Minh, Việt Nam",Quận Phú Nhuận,7310: Quảng cáo-;7320: Nghiên cứu thị trường và thăm dò dư luận-(trừ các loại thông tin Nhà Nước cấm và dịch vụ điều tra);8230: Tổ chức giới thiệu và xúc tiến thương mại-(không thực hiện các hiệu ứng ,internet
315528932,CÔNG TY TNHH TƯ VẤN START,CÔNG TY TNHH TƯ VẤN START,Công ty trách nhiệm hữu hạn một thành viên,"54 Trương Quốc Dung, Phường 10, Quận Phú Nhuận, Thành phố Hồ Chí Minh, Việt Nam",Quận Phú Nhuận,"4931: Vận tải hành khách đường bộ trong nội thành, ngoại thành (trừ vận tải bằng xe buýt)-;4932: Vận tải hành khách đường bộ khác-chi tiết: Vận tải hành khách bằng xe khách nội tỉnh, liên tỉnh;4933: V",internet
315557193,CÔNG TY CỔ PHẦN MẬT MÃ TÀI NĂNG,CÔNG TY CỔ PHẦN MẬT MÃ TÀI NĂN,Công ty cổ phần,"778/11 Nguyễn Kiệm, Phường 04, Quận Phú Nhuận, Thành phố Hồ Chí Minh, Việt Nam",Quận Phú Nhuận,"8560: Dịch vụ hỗ trợ giáo dục-;4791: Bán lẻ theo yêu cầu đặt hàng qua bưu điện hoặc internet-(trừ bán lẻ bình gas, khí dầu mỏ hóa lỏng LPG, dầu nhớt cặn, vàng miếng, súng, đạn loại dùng đi săn hoặc th",internet
315541348,CÔNG TY TNHH KAIA MEDIA,CÔNG TY TNHH KAIA MEDIA,Công ty trách nhiệm hữu hạn hai thành viên trở lên,"Số 7 Đường Hoa Hồng, Phường 02, Quận Phú Nhuận, Thành phố Hồ Chí Minh, Việt Nam",Quận Phú Nhuận,"1812: Dịch vụ liên quan đến in-;5911: Hoạt động sản xuất phim điện ảnh, phim video và chương trình truyền hình-Chi tiết: Sản xuất chương trình truyền hình (trừ phát sóng và không thực hiện các hiệu ứn",internet
315554788,CÔNG TY CỔ PHẦN SUPERME,CÔNG TY CỔ PHẦN SUPERME,Công ty cổ phần,"778/11 Nguyễn Kiệm, Phường 04, Quận Phú Nhuận, Thành phố Hồ Chí Minh, Việt Nam",Quận Phú Nhuận,"8560: Dịch vụ hỗ trợ giáo dục-;4741: Bán lẻ máy vi tính, thiết bị ngoại vi, phần mềm và thiết bị viễn thông trong các cửa hàng chuyên doanh-chi tiết: bán lẻ phần mềm;4791: Bán lẻ theo yêu cầu đặt hàng",internet
315559271,CÔNG TY TNHH MTV KINGDOM-STORE,CÔNG TY TNHH MTV KINGDOMSTORE,Công ty trách nhiệm hữu hạn một thành viên,"114 Hoa Cúc, Phường 07, Quận Phú Nhuận, Thành phố Hồ Chí Minh, Việt Nam",Quận Phú Nhuận,"7420: Hoạt động nhiếp ảnh-(trừ sản xuất phim);4741: Bán lẻ máy vi tính, thiết bị ngoại vi, phần mềm và thiết bị viễn thông trong các cửa hàng chuyên doanh-;4773: Bán lẻ hàng hóa khác mới trong các cửa",internet
315560044,CÔNG TY TNHH THƯƠNG MẠI XUẤT NHẬP KHẨU DỊCH VỤ HI VINA GLONET,CÔNG TY TNHH THƯƠNG MẠI XUẤT N,Công ty trách nhiệm hữu hạn một thành viên,"Số 02 đường Hoa Phượng, Phường 02, Quận Phú Nhuận, Thành phố Hồ Chí Minh, Việt Nam",Quận Phú Nhuận,"4632: Bán buôn thực phẩm-(Không hoạt động tại trụ sở) (CPC 622); 4649: Bán buôn đồ dùng khác cho gia đình-(Trừ kinh doanh dược phẩm) (trừ vật phẩm đã ghi hình; sách, báo và tạp chí). (CPC 622); 4722: ",internet
315568276,CÔNG TY TNHH EVERYSOFT,CÔNG TY TNHH EVERYSOFT,Công ty trách nhiệm hữu hạn một thành viên,"107C Nguyễn Văn Trỗi, Phường 12, Quận Phú Nhuận, Thành phố Hồ Chí Minh, Việt Nam",Quận Phú Nhuận,"6312: Cổng thông tin-Chi tiết: Thiết lập trang thông tin điện tử tổng hợp.;7310: Quảng cáo-;8230: Tổ chức giới thiệu và xúc tiến thương mại-(không thực hiện các hiệu ứng cháy, nổ; không sử dụng chất n",internet
315576069,CÔNG TY CỔ PHẦN CHẤT LƯỢNG CUỘC SỐNG CỦA BẠN,CÔNG TY CỔ PHẦN CHẤT LƯỢNG CUỘ,Công ty cổ phần,"30 Hoa Lan, Phường 02, Quận Phú Nhuận, Thành phố Hồ Chí Minh, Việt Nam",Quận Phú Nhuận,"4772: Bán lẻ thuốc, dụng cụ y tế, mỹ phẩm và vật phẩm vệ sinh trong các cửa hàng chuyên doanh-Chi tiết: Bán lẻ dụng cụ y tế, mỹ phẩm và vật phẩm vệ sinh trong các cửa hàng chuyên doanh;4633: Bán buôn ",internet
315600219,CÔNG TY CỔ PHẦN THƯƠNG MẠI VINTRANS,CÔNG TY CỔ PHẦN THƯƠNG MẠI VIN,Công ty cổ phần,"77 Hoa Lan, Phường 02, Quận Phú Nhuận, Thành phố Hồ Chí Minh, Việt Nam",Quận Phú Nhuận,7830: Cung ứng và quản lý nguồn lao động-Chi tiết: Cung ứng và quản lý nguồn lao động trong nước (trừ cho thuê lại lao động).;2610: Sản xuất linh kiện điện tử-(không hoạt động tại trụ sở).;2620: Sản x,internet
315607782,CÔNG TY TNHH THƯƠNG MẠI - XUẤT NHẬP KHẨU NATURAL ESSENCE,CÔNG TY TNHH THƯƠNG MẠI  XUẤT ,Công ty trách nhiệm hữu hạn một thành viên,"1A Đặng Thai Mai , Phường 07, Quận Phú Nhuận, Thành phố Hồ Chí Minh, Việt Nam",Quận Phú Nhuận,"4649: Bán buôn đồ dùng khác cho gia đình-Chi tiết: Bán buôn nước hoa, hàng mỹ phẩm và chế phẩm vệ sinh.;4772: Bán lẻ thuốc, dụng cụ y tế, mỹ phẩm và vật phẩm vệ sinh trong các cửa hàng chuyên doanh-Ch",internet
315615261,CÔNG TY CỔ PHẦN ALPHA GLOBAL,CÔNG TY CỔ PHẦN ALPHA GLOBAL,Công ty cổ phần,"Phòng 702A, Tầng 7, Tòa Nhà CentrePoint, 106 Nguyễn Văn Trỗi, Phường 08, Quận Phú Nhuận, Thành phố Hồ Chí Minh, Việt Nam",Quận Phú Nhuận,"8230: Tổ chức giới thiệu và xúc tiến thương mại-(không thực hiện các hiệu ứng cháy, nổ; không sử dụng chất nổ, chất cháy, hóa chất làm đạo cụ, dụng cụ thực hiện các chương trình văn nghệ, sự kiện, phi",internet
315612038,CÔNG TY CỔ PHẦN VIETFILM,CÔNG TY CỔ PHẦN VIETFILM,Công ty cổ phần,"81/3 Phùng Văn Cung , Phường 02, Quận Phú Nhuận, Thành phố Hồ Chí Minh, Việt Nam",Quận Phú Nhuận,8559: Giáo dục khác chưa được phân vào đâu-chi tiết: Đào tạo dạy nghề (trừ dạy về tôn giáo; các trường của các tổ chức Đảng - Đoàn thể);8560: Dịch vụ hỗ trợ giáo dục-;8230: Tổ chức giới thiệu và xúc t,internet
315574382,CÔNG TY TNHH HAPPYZONE,CÔNG TY TNHH HAPPYZONE,Công ty trách nhiệm hữu hạn một thành viên,"Số 80 Đường Hoàng Văn Thụ, Phường 09, Quận Phú Nhuận, Thành phố Hồ Chí Minh, Việt Nam",Quận Phú Nhuận,"6209: Hoạt động dịch vụ công nghệ thông tin và dịch vụ khác liên quan đến máy vi tính-Chi tiết: Khắc phục các sự cố máy vi tính và cài đặt phần mềm;6312: Cổng thông tin-;6311: Xử lý dữ liệu, cho thuê ",internet
315638910,CÔNG TY CỔ PHẦN  JEMMIA,CÔNG TY CỔ PHẦN  JEMMIA,Công ty cổ phần,"413 Huỳnh Văn Bánh, Phường 11, Quận Phú Nhuận, Thành phố Hồ Chí Minh, Việt Nam",Quận Phú Nhuận,"7410: Hoạt động thiết kế chuyên dụng-Chi tiết: Thiết kế đồ trang sức;3211: Sản xuất đồ kim hoàn và chi tiết liên quan-Chi tiết: Sản xuất ,gia công vàng trang sức, mỹ nghệ, kim loại quý. (không sản xuấ",internet
315622879,CÔNG TY TNHH FYD.CƠM,CÔNG TY TNHH FYDCƠM,Công ty trách nhiệm hữu hạn một thành viên,"94/3 Phan Đăng Lưu, Phường 05, Quận Phú Nhuận, Thành phố Hồ Chí Minh, Việt Nam",Quận Phú Nhuận,"4791: Bán lẻ theo yêu cầu đặt hàng qua bưu điện hoặc internet-(trừ bán lẻ bình gas, khí dầu mỏ hóa lỏng LPG, dầu nhớt cặn, vàng miếng, súng, đạn loại dùng đi săn hoặc thể thao và tiền kim khí; trừ bán",internet
315613747,CÔNG TY CỔ PHẦN THƯƠNG MẠI VÀ ĐẦU TƯ NEW BIO BEAUTY,CÔNG TY CỔ PHẦN THƯƠNG MẠI VÀ ,Công ty cổ phần,"Số 178/4/8C Phan Đăng Lưu, Phường 03, Quận Phú Nhuận, Thành phố Hồ Chí Minh, Việt Nam",Quận Phú Nhuận,"4799: Bán lẻ hình thức khác chưa được phân vào đâu-Thực hiện quyền phân phối bán lẻ các hàng hóa không thuộc danh mục hàng hóa cấm xuất khẩu, cấm nhập khẩu và danh mục hàng hóa không được phân phối th",internet
315620487,CÔNG TY TNHH THIẾT KẾ VÀ TƯ VẤN ĐẦU TƯ XÂY DỰNG BÌNH HÒA,CÔNG TY TNHH THIẾT KẾ VÀ TƯ VẤ,Công ty trách nhiệm hữu hạn một thành viên,"127 Hồng Hà, Phường 09, Quận Phú Nhuận, Thành phố Hồ Chí Minh, Việt Nam",Quận Phú Nhuận,"4799: Bán lẻ hình thức khác chưa được phân vào đâu-Chi tiết: Bán lẻ các mặt hàng tại các trung tâm thương mại, siêu thị (trừ bán lẻ bình gas, súng, đạn loại dùng đi săn hoặc thể thao, tiền kim khí và ",internet
315624587,CÔNG TY CỔ PHẦN TRUYỀN THÔNG NGƯỜI KHU 7,CÔNG TY CỔ PHẦN TRUYỀN THÔNG N,Công ty cổ phần,"Phòng S.06 Parkway Villas, 202B Hoàng Văn Thụ, Phường 09, Quận Phú Nhuận, Thành phố Hồ Chí Minh, Việt Nam",Quận Phú Nhuận,"4229: Xây dựng công trình công ích khác-;4291: Xây dựng công trình thủy-;4292: Xây dựng công trình khai khoáng-;4293: Xây dựng công trình chế biến, chế tạo-;4299: Xây dựng công trình kỹ thuật dân dụng",internet
315641991,CÔNG TY TNHH READINGGATE VIETNAM,CÔNG TY TNHH READINGGATE VIETN,Công ty trách nhiệm hữu hạn một thành viên,"Tầng 1 tòa nhà số 165 Nguyễn Văn Trỗi, Phường 11, Quận Phú Nhuận, Thành phố Hồ Chí Minh, Việt Nam",Quận Phú Nhuận,"4651: Bán buôn máy vi tính, thiết bị ngoại vi và phần mềm-;4741: Bán lẻ máy vi tính, thiết bị ngoại vi, phần mềm và thiết bị viễn thông trong các cửa hàng chuyên doanh-;4791: Bán lẻ theo yêu cầu đặt h",internet
315635229,CÔNG TY CỔ PHẦN BBTEK,CÔNG TY CỔ PHẦN BBTEK,Công ty cổ phần,"1226 Trường Sa, Phường 13, Quận Phú Nhuận, Thành phố Hồ Chí Minh, Việt Nam",Quận Phú Nhuận,"6202: Tư vấn máy vi tính và quản trị hệ thống máy vi tính-; 4330: Hoàn thiện công trình xây dựng-; 4390: Hoạt động xây dựng chuyên dụng khác-Chi tiết: - Xây dựng nền móng của tòa nhà, gồm đóng cọc - T",internet
315634930,CÔNG TY TNHH OPEN STUDIO VN,CÔNG TY TNHH OPEN STUDIO VN,Công ty trách nhiệm hữu hạn một thành viên,"301/29 Đường Phan Xích Long, Phường 01, Quận Phú Nhuận, Thành phố Hồ Chí Minh, Việt Nam",Quận Phú Nhuận,"4662: Bán buôn kim loại và quặng kim loại-Chi tiết: Bán buôn bạc, đá quý và kim loại quý khác; Mua bán vàng trang sức mỹ nghệ;4773: Bán lẻ hàng hóa khác mới trong các cửa hàng chuyên doanh-Chi tiết: B",internet
315606820,CÔNG TY TNHH DOANH NHÂN & THƯƠNG HIỆU VIỆT NAM,CÔNG TY TNHH DOANH NHÂN  THƯƠN,Công ty trách nhiệm hữu hạn hai thành viên trở lên,"Số 19 Đường Hồ Văn Huê , Phường 09, Quận Phú Nhuận, Thành phố Hồ Chí Minh, Việt Nam",Quận Phú Nhuận,"7810: Hoạt động của các trung tâm, đại lý tư vấn, giới thiệu và môi giới lao động, việc làm-Chi tiết: Hoạt động của các đại lý tư vấn, giới thiệu và môi giới lao động, việc làm (trừ cho thuê lại lao đ",tin hoc
315650636,CÔNG TY CỔ PHẦN ĐẦU TƯ VÀ PHÁT TRIỂN CIA,CÔNG TY CỔ PHẦN ĐẦU TƯ VÀ PHÁT,Công ty cổ phần,"65/22A Nguyễn Đình Chiểu, Phường 04, Quận Phú Nhuận, Thành phố Hồ Chí Minh, Việt Nam",Quận Phú Nhuận,"7310: Quảng cáo-;8230: Tổ chức giới thiệu và xúc tiến thương mại-không thực hiện các hiệu ứng cháy, nổ, không sử dụng chất nổ, chất cháy, hóa chất làm đạo cụ, dụng cụ thực hiện các chương trình văn ng",internet
315655962,CÔNG TY TNHH MCS ELECTRONICS,CÔNG TY TNHH MCS ELECTRONICS,Công ty trách nhiệm hữu hạn một thành viên,"OP 04.28, Tầng 4, Tòa nhà Orchard Parkview,  130-132 Hồng Hà, Phường 09, Quận Phú Nhuận, Thành phố Hồ Chí Minh, Việt Nam",Quận Phú Nhuận,"4652: Bán buôn thiết bị và linh kiện điện tử, viễn thông-Chi tiết: Thực hiện quyền xuất khẩu, quyền nhập khẩu, quyền phân phối bán buôn các hàng hóa không thuộc danh mục hàng hóa cấm xuất khẩu, cấm nh",electronic
315645795,CÔNG TY TNHH TÂY Á HCM,CÔNG TY TNHH TÂY Á HCM,Công ty trách nhiệm hữu hạn một thành viên,"177 Hoàng Văn Thụ, Phường 08, Quận Phú Nhuận, Thành phố Hồ Chí Minh, Việt Nam",Quận Phú Nhuận,"4632: Bán buôn thực phẩm-Chi tiết: Bán buôn thực phẩm chức năng; Bán buôn đường, sữa và các sản phẩm sữa, bánh kẹo và các sản phẩm chế biến từ ngũ cốc, bột, tinh bột; Bán buôn trái cây (không hoạt độn",internet
315658120,CÔNG TY TNHH PHÁT TRIỂN THƯƠNG MẠI DỊCH VỤ MY,CÔNG TY TNHH PHÁT TRIỂN THƯƠNG,Công ty trách nhiệm hữu hạn hai thành viên trở lên,"20 Hồ Biểu Chánh, Phường 11, Quận Phú Nhuận, Thành phố Hồ Chí Minh, Việt Nam",Quận Phú Nhuận,"4632: Bán buôn thực phẩm-Chi tiết:
-	Bán buôn cà phê, rau, quả; Bán buôn thịt và các sản phẩm từ thịt; Bán buôn nước mắm; Bán buôn thủy sản ( không hoạt động tại trụ sở );4722: Bán lẻ thực phẩm trong ",internet
315638082,CÔNG TY TNHH TƯ VẤN MOKAA,CÔNG TY TNHH TƯ VẤN MOKAA,Công ty trách nhiệm hữu hạn hai thành viên trở lên,"Orchard Garden 05.12, 128 Hồng Hà, Phường 09, Quận Phú Nhuận, Thành phố Hồ Chí Minh, Việt Nam",Quận Phú Nhuận,"8559: Giáo dục khác chưa được phân vào đâu-Chi tiết: - Dạy ngoại ngữ và dạy kỹ năng đàm thoại. - Dạy máy tính;8560: Dịch vụ hỗ trợ giáo dục-;9000: Hoạt động sáng tác, nghệ thuật và giải trí-Chi tiết: ",internet
315680528,CÔNG TY CỔ PHẦN ĐẦU TƯ VUASUA.COM,CÔNG TY CỔ PHẦN ĐẦU TƯ VUASUAC,Công ty cổ phần,"121 Bis Nguyễn Văn Trỗi, Phường 11, Quận Phú Nhuận, Thành phố Hồ Chí Minh, Việt Nam",Quận Phú Nhuận,"2670: Sản xuất thiết bị và dụng cụ quang học-;4772: Bán lẻ thuốc, dụng cụ y tế, mỹ phẩm và vật phẩm vệ sinh trong các cửa hàng chuyên doanh-Chi tiết: Bán lẻ dụng cụ y tế, thiết bị y tế và chỉnh hình.;",internet
315676994,CÔNG TY TNHH NHÀ PHƯƠNG NAM,CÔNG TY TNHH NHÀ PHƯƠNG NAM,Công ty trách nhiệm hữu hạn hai thành viên trở lên,"164A/10 Nguyễn Văn Trỗi, Phường 08, Quận Phú Nhuận, Thành phố Hồ Chí Minh, Việt Nam",Quận Phú Nhuận,"8230: Tổ chức giới thiệu và xúc tiến thương mại-không thực hiện các hiệu ứng cháy, nổ; không sử dụng chất nổ, chất cháy, hóa chất làm đạo cụ, dụng cụ thực hiện các chương trình văn nghệ, sự kiện, phim",internet
315710042,CÔNG TY TNHH XUẤT NHẬP KHẨU THƯƠNG MẠI BẢO NGỌC PHÁT,CÔNG TY TNHH XUẤT NHẬP KHẨU TH,Công ty trách nhiệm hữu hạn hai thành viên trở lên,"77 Cô Giang, Phường 01, Quận Phú Nhuận, Thành phố Hồ Chí Minh, Việt Nam",Quận Phú Nhuận,"4759: Bán lẻ đồ điện gia dụng, giường, tủ, bàn, ghế và đồ nội thất tương tự, đèn và bộ đèn điện, đồ dùng gia đình khác chưa được phân vào đâu  trong các cửa hàng chuyên doanh-; 1079: Sản xuất thực phẩ",internet
315701908,CÔNG TY TNHH BIMCAD SOLUTIONS,CÔNG TY TNHH BIMCAD SOLUTIONS,Công ty trách nhiệm hữu hạn hai thành viên trở lên,"P.702A Tầng 7, Tòa nhà Centre Point, 106 Nguyễn Văn Trỗi, Phường 08, Quận Phú Nhuận, Thành phố Hồ Chí Minh, Việt Nam",Quận Phú Nhuận,"6311: Xử lý dữ liệu, cho thuê và các hoạt động liên quan-;6312: Cổng thông tin-;1811: In ấn-(không hoạt động tại trụ sở);1812: Dịch vụ liên quan đến in-(không hoạt động tại trụ sở);1820: Sao chép bản ",internet
315705331,CÔNG TY TNHH THƯƠNG MẠI DỊCH VỤ THANH LINH HOA,CÔNG TY TNHH THƯƠNG MẠI DỊCH V,Công ty trách nhiệm hữu hạn một thành viên,"247/8B Hoàng Hoa Thám, Phường 05, Quận Phú Nhuận, Thành phố Hồ Chí Minh, Việt Nam",Quận Phú Nhuận,"4722: Bán lẻ thực phẩm trong các cửa hàng chuyên doanh-Chi tiết: Bán lẻ rau, quả trong các cửa hàng chuyên doanh; Bán lẻ đường, sữa và các sản phẩm sữa, bánh, mứt, kẹo và các sản phẩm chế biến từ ngũ ",internet
315714671,CÔNG TY TNHH ĐẠI LÝ THUẾ VN ĐÔNG NAM Á,CÔNG TY TNHH ĐẠI LÝ THUẾ VN ĐÔ,Công ty trách nhiệm hữu hạn hai thành viên trở lên,"Phòng 4. 12, Khu Officetel, Toà Nhà Kingston Residence, Số 146 Nguyễn Văn Trỗi, Phường 08, Quận Phú Nhuận, Thành phố Hồ Chí Minh, Việt Nam",Quận Phú Nhuận,"6920: Hoạt động liên quan đến kế toán, kiểm toán và tư vấn về thuế-Chi tiết: Dịch vụ làm thủ tục về thuế (Đại lý thuế);7020: Hoạt động tư vấn quản lý-(trừ tư vấn tài chính, kế toán, pháp luật).;7830: ",internet
315715932,CÔNG TY TNHH VINA CRAFTMAN,CÔNG TY TNHH VINA CRAFTMAN,Công ty trách nhiệm hữu hạn một thành viên,"25 Đặng Thai Mai, Phường 07, Quận Phú Nhuận, Thành phố Hồ Chí Minh, Việt Nam",Quận Phú Nhuận,"9000: Hoạt động sáng tác, nghệ thuật và giải trí-(không thực hiện các hiệu ứng cháy nổ và không sử dụng chất nổ, chất cháy, hóa chất làm đạo cụ, dụng cụ thực hiện các chương trình văn nghệ, sự kiện, p",internet
315723676,CÔNG TY CỔ PHẦN TRUYỀN THÔNG SÀI GÒN TODAY,CÔNG TY CỔ PHẦN TRUYỀN THÔNG ,Công ty cổ phần,"Số 43/27 – Trần Hữu Trang , Phường 11, Quận Phú Nhuận, Thành phố Hồ Chí Minh, Việt Nam",Quận Phú Nhuận,"1820: Sao chép bản ghi các loại-;2630: Sản xuất thiết bị truyền thông-(không hoạt động tại trụ sở);4610: Đại lý, môi giới, đấu giá hàng hóa-Chi tiết: Đại lý, môi giới  (trừ môi giới bất động sản và mô",internet
315733089,CÔNG TY TNHH TƯ VẤN THƯƠNG MẠI DỊCH VỤ NAM ÂN,CÔNG TY TNHH TƯ VẤN THƯƠNG MẠI,Công ty trách nhiệm hữu hạn một thành viên,"450/16/48 Phan Xích Long, Phường 02, Quận Phú Nhuận, Thành phố Hồ Chí Minh, Việt Nam",Quận Phú Nhuận,"4711: Bán lẻ lương thực, thực phẩm, đồ uống, thuốc lá, thuốc lào chiếm tỷ trọng lớn trong các cửa hàng kinh doanh tổng hợp-(thực hiện theo quyết định 64/2009/QĐ-UBND ngày 31/07/2009 và quyết định số 7",internet
315761022,CÔNG TY TNHH CÔNG NGHỆ CHẤN LONG,CÔNG TY TNHH CÔNG NGHỆ CHẤN LO,Công ty trách nhiệm hữu hạn một thành viên,"120 Huỳnh Văn Bánh, Phường 12, Quận Phú Nhuận, Thành phố Hồ Chí Minh, Việt Nam",Quận Phú Nhuận,"2610: Sản xuất linh kiện điện tử-(không hoạt động tại trụ sở).;3240: Sản xuất đồ chơi, trò chơi--Chi tiết: Lắp ráp đồ chơi, trò chơi, máy trò chơi điện tử (không hoạt động tại trụ sở);3319: Sửa chữa t",internet
315759425,CÔNG TY TNHH DỊCH VỤ VIỄN THÔNG H&C,CÔNG TY TNHH DỊCH VỤ VIỄN THÔN,Công ty trách nhiệm hữu hạn một thành viên,"18 Hoàng Minh Giám, Phường 09, Quận Phú Nhuận, Thành phố Hồ Chí Minh, Việt Nam",Quận Phú Nhuận,"4610: Đại lý, môi giới, đấu giá hàng hóa-Chi tiết: Đại lý dịch vụ viễn thông.;4652: Bán buôn thiết bị và linh kiện điện tử, viễn thông-;7310: Quảng cáo-;6190: Hoạt động viễn thông khác-Chi tiết: Dịch ",internet
315768074,CÔNG TY CỔ PHẦN VẠN TRÍ PHÁT,CÔNG TY CỔ PHẦN VẠN TRÍ PHÁT,Công ty cổ phần,"23/6/9 Hoàng Văn Thụ, Phường 15, Quận Phú Nhuận, Thành phố Hồ Chí Minh, Việt Nam",Quận Phú Nhuận,"4741: Bán lẻ máy vi tính, thiết bị ngoại vi, phần mềm và thiết bị viễn thông trong các cửa hàng chuyên doanh-;8559: Giáo dục khác chưa được phân vào đâu-chi tiết: đào tạo chuyên gia tư vấn đầu tư;4610",internet
315758862,CÔNG TY TNHH THƯƠNG MẠI CÔNG NGHỆ MINH MINH,CÔNG TY TNHH THƯƠNG MẠI CÔNG N,Công ty trách nhiệm hữu hạn một thành viên,"29/7 Hoàng Diệu, Phường 10, Quận Phú Nhuận, Thành phố Hồ Chí Minh, Việt Nam",Quận Phú Nhuận,"4791: Bán lẻ theo yêu cầu đặt hàng qua bưu điện hoặc internet-(trừ bán lẻ bình gas, khí dầu mỏ hóa lỏng LPG, dầu nhớt cặn, vàng miếng, súng, đạn loại dùng đi săn hoặc thể thao và tiền kim khí và thực ",internet
315757322,CÔNG TY TNHH LINK LEADER,CÔNG TY TNHH LINK LEADER,Công ty trách nhiệm hữu hạn một thành viên,"227 Phan Xích Long, Phường 07, Quận Phú Nhuận, Thành phố Hồ Chí Minh, Việt Nam",Quận Phú Nhuận,"4651: Bán buôn máy vi tính, thiết bị ngoại vi và phần mềm-;4652: Bán buôn thiết bị và linh kiện điện tử, viễn thông-;4741: Bán lẻ máy vi tính, thiết bị ngoại vi, phần mềm và thiết bị viễn thông trong ",internet
315772112,CÔNG TY TRÁCH NHIỆM HỮU HẠN CHAY AN,CÔNG TY TRÁCH NHIỆM HỮU HẠN CH,Công ty trách nhiệm hữu hạn hai thành viên trở lên,"183 Lê Văn Sỹ, Phường 13, Quận Phú Nhuận, Thành phố Hồ Chí Minh, Việt Nam",Quận Phú Nhuận,"5610: Nhà hàng và các dịch vụ ăn uống phục vụ lưu động-Chi tiết: Nhà hàng, quán ăn;1010: Chế biến, bảo quản thịt và các sản phẩm từ thịt-Chi tiết : Chế biến và bảo quản thịt và các sản phẩm từ thịt kh",internet
315725955,CÔNG TY TNHH C COMPANY,CÔNG TY TNHH C COMPANY,Công ty trách nhiệm hữu hạn một thành viên,"62 Hoa Cúc, Phường 07, Quận Phú Nhuận, Thành phố Hồ Chí Minh, Việt Nam",Quận Phú Nhuận,"4659: Bán buôn máy móc, thiết bị và phụ tùng máy khác-Chi tiết: Bán buôn máy móc, thiết bị và phụ tùng máy khác
Bán buôn máy móc, thiết bị và phụ tùng máy khai khoáng, xây dựng
Bán buôn máy móc, thiết",internet
315760974,CÔNG TY TNHH THƯƠNG MẠI TƯ VẤN AN KHANG,CÔNG TY TNHH THƯƠNG MẠI TƯ VẤN,Công ty trách nhiệm hữu hạn một thành viên,"159/24 Đào Duy Anh, Phường 09, Quận Phú Nhuận, Thành phố Hồ Chí Minh, Việt Nam",Quận Phú Nhuận,"4753: Bán lẻ thảm, đệm, chăn, màn, rèm, vật liệu phủ tường và sàn trong các cửa hàng chuyên doanh-;4759: Bán lẻ đồ điện gia dụng, giường, tủ, bàn, ghế và đồ nội thất tương tự, đèn và bộ đèn điện, đồ d",internet
315770147,CÔNG TY TNHH MỘT THÀNH VIÊN GAME GIẢI TRÍ 68,CÔNG TY TNHH MỘT THÀNH VIÊN GA,Công ty trách nhiệm hữu hạn một thành viên,"65 Đường Thích Quảng Đức, Phường 04, Quận Phú Nhuận, Thành phố Hồ Chí Minh, Việt Nam",Quận Phú Nhuận,"3312: Sửa chữa máy móc, thiết bị-( Không gia công cơ khí , tái chế  phế thải  xi mạ tại trụ sở);4653: Bán buôn máy móc, thiết bị và phụ tùng máy nông nghiệp-;4659: Bán buôn máy móc, thiết bị và phụ tù",internet
315772578,CÔNG TY TNHH GIẢI TRÍ NỤ CƯỜI VUI,CÔNG TY TNHH GIẢI TRÍ NỤ CƯỜI ,Công ty trách nhiệm hữu hạn một thành viên,"77 Nguyễn Trọng tuyển, Phường 15, Quận Phú Nhuận, Thành phố Hồ Chí Minh, Việt Nam",Quận Phú Nhuận,5610: Nhà hàng và các dịch vụ ăn uống phục vụ lưu động-;6190: Hoạt động viễn thông khác-Chi tiết: cung cấp truy cập Internet thông qua các mạng kết nối giữa khách hàng và ISP nhưng không do ISP sở hữu,internet
315784421,CÔNG TY TNHH GIẢI PHÁP VÀ XÂY LẮP TRƯỜNG SƠN,CÔNG TY TNHH GIẢI PHÁP VÀ XÂY ,Công ty trách nhiệm hữu hạn một thành viên,"Phòng 702A,  Lầu 7, Tòa  nhà Centre Point, 106 Nguyễn Văn Trỗi, Phường 08, Quận Phú Nhuận, Thành phố Hồ Chí Minh, Việt Nam",Quận Phú Nhuận,"3312: Sửa chữa máy móc, thiết bị-(trừ  gia công cơ khí, tái chế phế thải, xi mạ điện tại trụ sở);3314: Sửa chữa thiết bị điện-(trừ  gia công cơ khí, tái chế phế thải, xi mạ điện tại trụ sở);3319: Sửa ",internet
315771214,CÔNG TY TNHH ETHAN TECHNOLOGY ASIA,CÔNG TY TNHH ETHAN TECHNOLOGY ,Công ty trách nhiệm hữu hạn hai thành viên trở lên,"Tầng 11, tòa nhà INTAN , 97 Nguyễn Văn Trỗi , Phường 11, Quận Phú Nhuận, Thành phố Hồ Chí Minh, Việt Nam",Quận Phú Nhuận,6201: Lập trình máy vi tính-(CPC 8424); 6202: Tư vấn máy vi tính và quản trị hệ thống máy vi tính-(CPC 841); 6209: Hoạt động dịch vụ công nghệ thông tin và dịch vụ khác liên quan đến máy vi tính-Chi t,technology
315774078,CÔNG TY TNHH GAME THỦ VIỆT,CÔNG TY TNHH GAME THỦ VIỆT,Công ty trách nhiệm hữu hạn hai thành viên trở lên,"64/2 Trần Huy Liệu, Phường 12, Quận Phú Nhuận, Thành phố Hồ Chí Minh, Việt Nam",Quận Phú Nhuận,"2610: Sản xuất linh kiện điện tử-;2620: Sản xuất máy vi tính và thiết bị ngoại vi của máy vi tính-;2630: Sản xuất thiết bị truyền thông-;3312: Sửa chữa máy móc, thiết bị-(không gia công cơ khí, tái ch",internet
315786267,CÔNG TY TNHH DỊCH VỤ VIỄN THÔNG THẾ GIỚI PHỤ KIỆN SỐ,CÔNG TY TNHH DỊCH VỤ VIỄN THÔN,Công ty trách nhiệm hữu hạn một thành viên,"427 Phan Xích Long, Phường 03, Quận Phú Nhuận, Thành phố Hồ Chí Minh, Việt Nam",Quận Phú Nhuận,"9511: Sửa chữa máy vi tính và thiết bị ngoại vi-Chi tiết: Sửa chữa, bảo hành, bảo trì máy móc, thiết bị điện tử, viễn thông.
(trừ gia công cơ khí, tái chế phế thải, xi mạ điện);9512: Sửa chữa thiết bị",internet
315801268,CÔNG TY TNHH THE LITTLE HOUSE,CÔNG TY TNHH THE LITTLE HOUSE,Công ty trách nhiệm hữu hạn hai thành viên trở lên,"Tầng 3, Phòng 3.07, Khu I, Tòa nhà The Prince Residence, Số 19 - 21 Nguyễn Văn Trỗi, Phường 11, Quận Phú Nhuận, Thành phố Hồ Chí Minh, Việt Nam",Quận Phú Nhuận,"8292: Dịch vụ đóng gói-(trừ đóng gói thuốc bảo vệ thực vật);5224: Bốc xếp hàng hóa-(trừ bốc xếp hàng hóa cảng hàng không);7410: Hoạt động thiết kế chuyên dụng-Chi tiết: Dịch vụ thiết đồ họa, thiết kế ",internet
315771937,CÔNG TY TNHH SẢN XUẤT THƯƠNG MẠI DỊCH VỤ XUẤT NHẬP KHẨU AGAPE,CÔNG TY TNHH SẢN XUẤT THƯƠNG M,Công ty trách nhiệm hữu hạn một thành viên,"120/94/1 Thích Quảng Đức, Phường 05, Quận Phú Nhuận, Thành phố Hồ Chí Minh, Việt Nam",Quận Phú Nhuận,"4632: Bán buôn thực phẩm-Chi tiết: Bán buôn thịt và các sản phẩm từ thịt, thủy sản, rau quả, chè, đường (Không hoạt động tại trụ sở). Bán buôn cà phê, sữa và các sản phẩm sữa, bánh kẹo và các sản phẩm",internet
315846974,CÔNG TY TNHH MTV XNK NGỌC PHƯƠNG NAM,CÔNG TY TNHH MTV XNK NGỌC PHƯƠ,Công ty trách nhiệm hữu hạn một thành viên,"202 Hoàng Văn Thụ, Phường 09, Quận Phú Nhuận, Thành phố Hồ Chí Minh, Việt Nam",Quận Phú Nhuận,"4641: Bán buôn vải, hàng may mặc, giày dép-;4649: Bán buôn đồ dùng khác cho gia đình-(trừ kinh doanh dược phẩm).;2023: Sản xuất mỹ phẩm, xà phòng, chất tẩy rửa, làm bóng và chế phẩm vệ sinh-(trừ sản x",internet
315816673,CÔNG TY TNHH P.L NETWORK COMPANY,CÔNG TY TNHH PL NETWORK COMPAN,Công ty trách nhiệm hữu hạn hai thành viên trở lên,"185/2B Trần Kế Xương, Phường 07, Quận Phú Nhuận, Thành phố Hồ Chí Minh, Việt Nam",Quận Phú Nhuận,6399: Dịch vụ thông tin khác chưa được phân vào đâu-Chi tiết: Dịch vụ nội dung thông tin số;6312: Cổng thông tin-Chi tiết: Thiết lập trang thông tin điện tử tổng hợp;7310: Quảng cáo-;7320: Nghiên cứu ,network
315827259,CÔNG TY TNHH AUSKOR,CÔNG TY TNHH AUSKOR,Công ty trách nhiệm hữu hạn một thành viên,"25 Đường số 11, Phường 02, Quận Phú Nhuận, Thành phố Hồ Chí Minh, Việt Nam",Quận Phú Nhuận,"8230: Tổ chức giới thiệu và xúc tiến thương mại-Chi tiết: Xúc tiến thương mại; Tổ chức hội nghị, sự kiện, triển lãm, hội chợ (không thực hiện các hiệu ứng cháy, nổ, không sử dụng chất nổ, chất cháy, h",internet
315855087,CÔNG TY TNHH THƯƠNG MẠI DỊCH VỤ ETOY,CÔNG TY TNHH THƯƠNG MẠI DỊCH V,Công ty trách nhiệm hữu hạn một thành viên,"18 Hoa Hồng, Phường 02, Quận Phú Nhuận, Thành phố Hồ Chí Minh, Việt Nam",Quận Phú Nhuận,"1200: Sản xuất sản phẩm thuốc lá-;1391: Sản xuất vải dệt kim, vải đan móc và vải không dệt khác-;1392: Sản xuất hàng dệt sẵn (trừ trang phục)-;1410: May trang phục (trừ trang phục từ da lông thú)-(khô",internet
315803593,CÔNG TY TNHH ARCH T,CÔNG TY TNHH ARCH T,Công ty trách nhiệm hữu hạn hai thành viên trở lên,"K-03.28, Tầng 3, Cao ốc Kingston Residence, 146 Nguyễn Văn Trỗi, Phường 08, Quận Phú Nhuận, Thành phố Hồ Chí Minh, Việt Nam",Quận Phú Nhuận,"7110: Hoạt động kiến trúc và tư vấn kỹ thuật có liên quan-Chi tiết:
-- Thiết kế và phác thảo công trình, lập kế hoạch phát triển đô thị và kiến trúc cảnh quan; 
- Thiết kế máy móc và thiết bị; 
- Thiế",internet
315867597,CÔNG TY TNHH THƯƠNG MẠI DỊCH VỤ AI,CÔNG TY TNHH THƯƠNG MẠI DỊCH V,Công ty trách nhiệm hữu hạn một thành viên,"62/7/40C Nguyễn Đình Chính, Phường 15, Quận Phú Nhuận, Thành phố Hồ Chí Minh, Việt Nam",Quận Phú Nhuận,"6110: Hoạt động viễn thông có dây-(trừ cung cấp dịch vụ truy cập, truy nhập internet tại trụ sở).;6120: Hoạt động viễn thông không dây-(trừ cung cấp dịch vụ truy cập, truy nhập internet tại trụ sở).;6",internet
315864490,CÔNG TY TNHH RƯỢU 5 CHÂU,CÔNG TY TNHH RƯỢU 5 CHÂU,Công ty trách nhiệm hữu hạn hai thành viên trở lên,"48 Nguyễn Thị Huỳnh, Phường 11, Quận Phú Nhuận, Thành phố Hồ Chí Minh, Việt Nam",Quận Phú Nhuận,"4649: Bán buôn đồ dùng khác cho gia đình--chi tiết: - Bán buôn vali, cặp, túi, ví, hàng da và giả da khác - Bán buôn dược phẩm và dụng cụ y tế - Bán buôn nước hoa, hàng mỹ phẩm và chế phẩm vệ sinh - B",internet
315840034,CÔNG TY CỔ PHẦN MR.ECO,CÔNG TY CỔ PHẦN MRECO,Công ty cổ phần,"Số 137 Hoàng Văn Thụ, Phường 08, Quận Phú Nhuận, Thành phố Hồ Chí Minh, Việt Nam",Quận Phú Nhuận,"1076: Sản xuất chè-(không hoạt động tại trụ sở);1077: Sản xuất cà phê-(không hoạt động tại trụ sở);4791: Bán lẻ theo yêu cầu đặt hàng qua bưu điện hoặc internet-(trừ bán lẻ hóa chất, khí dầu mỏ hóa lỏ",internet
315874636,CÔNG TY CỔ PHẦN CÔNG NGHỆ ADVO,CÔNG TY CỔ PHẦN CÔNG NGHỆ ADVO,Công ty cổ phần,"09 Đường Hoa Cau, Phường 07, Quận Phú Nhuận, Thành phố Hồ Chí Minh, Việt Nam",Quận Phú Nhuận,7212: Nghiên cứu khoa học và phát triển công nghệ trong lĩnh vực khoa học kỹ thuật và công nghệ-;6201: Lập trình máy vi tính-Chi tiết:  Sản xuất phần mềm; 6202: Tư vấn máy vi tính và quản trị hệ thống,internet
315854446,CÔNG TY TNHH NAM SƠN GLOBAL,CÔNG TY TNHH NAM SƠN GLOBAL,Công ty trách nhiệm hữu hạn một thành viên,"P.702A Tầng 7, Tòa nhà Centre Point, 106 Nguyễn Văn Trỗi, Phường 08, Quận Phú Nhuận, Thành phố Hồ Chí Minh, Việt Nam",Quận Phú Nhuận,"7020: Hoạt động tư vấn quản lý-(trừ tư vấn tài chính, kế toán);9511: Sửa chữa máy vi tính và thiết bị ngoại vi-;9521: Sửa chữa thiết bị nghe nhìn điện tử gia dụng-;9522: Sửa chữa thiết bị, đồ dùng gia",internet
315874971,CÔNG TY TNHH TRUYỀN THÔNG & SỰ KIỆN NHỊP SỐNG,CÔNG TY TNHH TRUYỀN THÔNG  SỰ ,Công ty trách nhiệm hữu hạn một thành viên,"541/24 Huỳnh Văn Bánh, Phường 13, Quận Phú Nhuận, Thành phố Hồ Chí Minh, Việt Nam",Quận Phú Nhuận,"6311: Xử lý dữ liệu, cho thuê và các hoạt động liên quan-; 6312: Cổng thông tin-; 4791: Bán lẻ theo yêu cầu đặt hàng qua bưu điện hoặc internet-(Trừ bán lẻ bình gas, hóa chất, súng, đạnloại dùng đi să",internet
315867854,CÔNG TY CỔ PHẦN ĐẦU TƯ BẢN QUYỀN VÀ KHAI THÁC GIÁ TRỊ WORLDKINGS TOÀN CẦU,CÔNG TY CỔ PHẦN ĐẦU TƯ BẢN QUY,Công ty cổ phần,"148 Hồng Hà, Phường 09, Quận Phú Nhuận, Thành phố Hồ Chí Minh, Việt Nam",Quận Phú Nhuận,"7490: Hoạt động chuyên môn, khoa học và công nghệ khác chưa được phân vào đâu-Chi tiết: Dịch vụ bản quyền tác giả (trừ dịch vụ pháp lý);7912: Điều hành tua du lịch-Chi tiết: Kinh doanh lữ hành nội địa",internet
315861475,CÔNG TY CỔ PHẦN TƯ VẤN QUỐC TẾ ALPHA PLUS,CÔNG TY CỔ PHẦN TƯ VẤN QUỐC TẾ,Công ty cổ phần,"Số 505/15A Nguyễn Kiệm, Phường 09, Quận Phú Nhuận, Thành phố Hồ Chí Minh, Việt Nam",Quận Phú Nhuận,"8560: Dịch vụ hỗ trợ giáo dục-Chi tiết: Dịch vụ tư vấn du học;4610: Đại lý, môi giới, đấu giá hàng hóa-Chi tiết: - Đại lý bán hàng hóa; -Môi giới mua bán hàng hóa;4641: Bán buôn vải, hàng may mặc, già",internet
315835838,CÔNG TY TNHH LOVE KITCHEN,CÔNG TY TNHH LOVE KITCHEN,Công ty trách nhiệm hữu hạn một thành viên,"239 Hoàng Hoa Thám , Phường 05, Quận Phú Nhuận, Thành phố Hồ Chí Minh, Việt Nam",Quận Phú Nhuận,"4789: Bán  lẻ hàng hóa khác lưu động hoặc tại chợ-(trừ bán lẻ bình gas, súng, đạn loại dùng đi săn hoặc thể thao, tiền kim khí và mua bán vàng miếng; thực hiện theo Quyết định 64/2009/QĐ-UBND ngày 31/",internet
315899567,CÔNG TY TNHH GIẢI PHÁP VIỄN THÔNG PHÚ NHUẬN,CÔNG TY TNHH GIẢI PHÁP VIỄN TH,Công ty trách nhiệm hữu hạn một thành viên,"68/3C Phan Tây Hồ, Phường 07, Quận Phú Nhuận, Thành phố Hồ Chí Minh, Việt Nam",Quận Phú Nhuận,6190: Hoạt động viễn thông khác-Chi tiết: Hoạt động của các đại lý internet cung cấp dịch vụ truy cập Internet cho khách hàng.;6201: Lập trình máy vi tính-;6202: Tư vấn máy vi tính và quản trị hệ thốn,internet
315903453,CÔNG TY TNHH HAVIAS,CÔNG TY TNHH HAVIAS,Công ty trách nhiệm hữu hạn hai thành viên trở lên,"136-B10 Phổ Quang, Phường 09, Quận Phú Nhuận, Thành phố Hồ Chí Minh, Việt Nam",Quận Phú Nhuận,"1311: Sản xuất sợi-;1312: Sản xuất vải dệt thoi-;1313: Hoàn thiện sản phẩm dệt-;1391: Sản xuất vải dệt kim, vải đan móc và vải không dệt khác-;1392: Sản xuất hàng dệt sẵn (trừ trang phục)-;1393: Sản x",internet
315895844,CÔNG TY CỔ PHẦN CÔNG NGHỆ FINANCE SKY NETWORK,CÔNG TY CỔ PHẦN CÔNG NGHỆ FINA,Công ty cổ phần,"100/75 Thích Quảng Đức, Phường 05, Quận Phú Nhuận, Thành phố Hồ Chí Minh, Việt Nam",Quận Phú Nhuận,"4321: Lắp đặt hệ thống điện-Chi tiết: Thi công lắp đặt hệ thống điện, điện tử, công nghệ thông tin và truyền thông- Lắp đặt thiết bị  camera quan sát, máy chống chộm;5820: Xuất bản phần mềm-Chi tiết: ",network
315914293,CÔNG TY CỔ PHẦN TÚC TÍN,CÔNG TY CỔ PHẦN TÚC TÍN,Công ty cổ phần,"19/41 Cô Bắc, Phường 01, Quận Phú Nhuận, Thành phố Hồ Chí Minh, Việt Nam",Quận Phú Nhuận,6209: Hoạt động dịch vụ công nghệ thông tin và dịch vụ khác liên quan đến máy vi tính-;6201: Lập trình máy vi tính-;6202: Tư vấn máy vi tính và quản trị hệ thống máy vi tính-;1811: In ấn-(chỉ hoạt độn,internet
315943921,CÔNG TY TNHH FEG BEAUTY,CÔNG TY TNHH FEG BEAUTY,Công ty trách nhiệm hữu hạn một thành viên,"30/9C Thích Quảng Đức, Phường 05, Quận Phú Nhuận, Thành phố Hồ Chí Minh, Việt Nam",Quận Phú Nhuận,"4632: Bán buôn thực phẩm-Chi tiết: Bán buôn thực phẩm chức năng (không hoạt động tại trụ sở);4652: Bán buôn thiết bị và linh kiện điện tử, viễn thông-;4659: Bán buôn máy móc, thiết bị và phụ tùng máy ",internet
315923643,CÔNG TY TNHH GUREUMI,CÔNG TY TNHH GUREUMI,Công ty trách nhiệm hữu hạn một thành viên,"386-388 Trường Sa, Phường 02, Quận Phú Nhuận, Thành phố Hồ Chí Minh, Việt Nam",Quận Phú Nhuận,"1410: May trang phục (trừ trang phục từ da lông thú)-(không tẩy, nhuộm, hồ, in và không gia công hàng đã qua sử dụng tại trụ sở).;1811: In ấn-(trừ in tráng bao bì kim loại, in trên sản phẩm vải, sợi, ",internet
315939788,CÔNG TY CỔ PHẦN PEAHOKI VIỆT NAM,CÔNG TY CỔ PHẦN PEAHOKI VIỆT N,Công ty cổ phần,"12A Nhiêu Tứ, Phường 07, Quận Phú Nhuận, Thành phố Hồ Chí Minh, Việt Nam",Quận Phú Nhuận,6202: Tư vấn máy vi tính và quản trị hệ thống máy vi tính-Chi tiết: Tư vấn đầu tư phát triển phần mềm; Tư vấn giải pháp ứng dụng công nghệ thông tin;6312: Cổng thông tin-Chi tiết: Thiết lập trang thôn,internet
315928264,CÔNG TY TNHH KỸ THUẬT M&M,CÔNG TY TNHH KỸ THUẬT MM,Công ty trách nhiệm hữu hạn một thành viên,"440/65E Nguyễn Kiệm, Phường 03, Quận Phú Nhuận, Thành phố Hồ Chí Minh, Việt Nam",Quận Phú Nhuận,"6201: Lập trình máy vi tính-;6202: Tư vấn máy vi tính và quản trị hệ thống máy vi tính-;6209: Hoạt động dịch vụ công nghệ thông tin và dịch vụ khác liên quan đến máy vi tính-;6311: Xử lý dữ liệu, cho ",internet
315945823,CÔNG TY TNHH AZ TECHNOLOGY,CÔNG TY TNHH AZ TECHNOLOGY,Công ty trách nhiệm hữu hạn hai thành viên trở lên,"Số 215/16 Huỳnh Văn Bánh, Phường 12, Quận Phú Nhuận, Thành phố Hồ Chí Minh, Việt Nam",Quận Phú Nhuận,"4663: Bán buôn vật liệu, thiết bị lắp đặt khác trong xây dựng-Chi tiết: Bán buôn sơn, vécni; Bán buôn tre, nứa, gỗ cây và gỗ chế biến; Bán buôn vật liệu, thiết bị lắp đặt khác trong xây dựng;5820: Xuấ",internet
315917791,CÔNG TY TNHH TRUYỀN THÔNG - TƯ VẤN & ĐÀO TẠO MCN,CÔNG TY TNHH TRUYỀN THÔNG  TƯ ,Công ty trách nhiệm hữu hạn một thành viên,"122/1 Phổ Quang, Phường 09, Quận Phú Nhuận, Thành phố Hồ Chí Minh, Việt Nam",Quận Phú Nhuận,4791: Bán lẻ theo yêu cầu đặt hàng qua bưu điện hoặc internet-(trừ kinh doanh khí dầu mỏ hóa lỏng LPG; không tồn trữ hóa chất; và Thực hiện theo Quyết định 64/2009/QĐ-UBND ngày 31/7/2009 của UBND TP. ,internet
315968193,CÔNG TY TNHH THIẾT BỊ HƯNG GIA,CÔNG TY TNHH THIẾT BỊ HƯNG GIA,Công ty trách nhiệm hữu hạn hai thành viên trở lên,"103/15 Trần Huy Liệu, Phường 11, Quận Phú Nhuận, Thành phố Hồ Chí Minh, Việt Nam",Quận Phú Nhuận,"4641: Bán buôn vải, hàng may mặc, giày dép-;4649: Bán buôn đồ dùng khác cho gia đình-;4651: Bán buôn máy vi tính, thiết bị ngoại vi và phần mềm-;4690: Bán buôn tổng hợp-(trừ bán buôn hóa chất, khí dầu",internet
315978931,CÔNG TY TNHH MỘT THẾ GIỚI LÀNH MẠNH,CÔNG TY TNHH MỘT THẾ GIỚI LÀNH,Công ty trách nhiệm hữu hạn một thành viên,"P.702A Tầng 7, Tòa nhà Centre Point, 106 Nguyễn Văn Trỗi, Phường 08, Quận Phú Nhuận, Thành phố Hồ Chí Minh, Việt Nam",Quận Phú Nhuận,"1010: Chế biến, bảo quản thịt và các sản phẩm từ thịt-(không hoạt động tại trụ sở);1020: Chế biến, bảo quản thuỷ sản và các sản phẩm từ thuỷ sản-(không hoạt động tại trụ sở);1030: Chế biến và bảo quản",internet
316583686,CÔNG TY TNHH HR DEPT. VIỆT NAM,CÔNG TY TNHH HR DEPT VIỆT NAM,Công ty trách nhiệm hữu hạn một thành viên,"132A Nguyễn Trọng Tuyển, Phường 08, Quận Phú Nhuận, Thành phố Hồ Chí Minh, Việt Nam",Quận Phú Nhuận,8211: Dịch vụ hành chính văn phòng tổng hợp-;6202: Tư vấn máy vi tính và quản trị hệ thống máy vi tính-;6201: Lập trình máy vi tính-;6209: Hoạt động dịch vụ công nghệ thông tin và dịch vụ khác liên qu,internet
316004561,CÔNG TY TNHH THƯƠNG MẠI DỊCH VỤ GIẢI PHÁP TPS,CÔNG TY TNHH THƯƠNG MẠI DỊCH V,Công ty trách nhiệm hữu hạn một thành viên,"Phòng 702A, Tầng 7, Tòa Nhà Centre Point, 106 Nguyễn Văn Trỗi, Phường 08, Quận Phú Nhuận, Thành phố Hồ Chí Minh, Việt Nam",Quận Phú Nhuận,"3099: Sản xuất phương tiện và thiết bị vận tải khác chưa được phân vào đâu-;4610: Đại lý, môi giới, đấu giá hàng hóa-Chi tiết: Đại lý mua bán, ký gởi hàng hóa (trừ môi giới bất động sản);4649: Bán buô",internet
316023927,CÔNG TY TNHH THƯƠNG MẠI DỊCH VỤ CÔNG NGHỆ PRE-ORDER VIỆT NAM,CÔNG TY TNHH THƯƠNG MẠI DỊCH V,Công ty trách nhiệm hữu hạn hai thành viên trở lên,"29/7 Hoàng Diệu, Phường 10, Quận Phú Nhuận, Thành phố Hồ Chí Minh, Việt Nam",Quận Phú Nhuận,"4791: Bán lẻ theo yêu cầu đặt hàng qua bưu điện hoặc internet-(trừ bán lẻ bình gas, súng, đạn loại dùng đi săn hoặc thể thao, tiền kim khí và mua bán vàng miếng; thực hiện theo Quyết định 64/2009/QĐ-U",internet
315974976,CÔNG TY CỔ PHẦN TRUYỀN THÔNG QD SÀI GÒN,CÔNG TY CỔ PHẦN TRUYỀN THÔNG Q,Công ty cổ phần,"S.01 Villas Parkway, 202B Hoàng Văn Thụ, Phường 09, Quận Phú Nhuận, Thành phố Hồ Chí Minh, Việt Nam",Quận Phú Nhuận,"4659: Bán buôn máy móc, thiết bị và phụ tùng máy khác-Chi tiết: Bán buôn máy móc, thiết bị và phụ tùng máy khai khoáng, xây dựng.;7410: Hoạt động thiết kế chuyên dụng-Chi tiết : Hoạt động trang trí nộ",internet
315994933,CÔNG TY CỔ PHẦN ĐẦU TƯ VÀ PHÁT TRIỂN GSMC,CÔNG TY CỔ PHẦN ĐẦU TƯ VÀ PHÁT,Công ty cổ phần,"81/63 Hồ Văn Huê, Phường 09, Quận Phú Nhuận, Thành phố Hồ Chí Minh, Việt Nam",Quận Phú Nhuận,"4610: Đại lý, môi giới, đấu giá hàng hóa-Chi tiết: Đại lý, môi giới.;7490: Hoạt động chuyên môn, khoa học và công nghệ khác chưa được phân vào đâu-Chi tiết: Môi giới thương mại (trừ môi giới bất động ",internet
315997860,CÔNG TY TNHH THƯƠNG MẠI DỊCH VỤ ĐẠI NAM PHARMA,CÔNG TY TNHH THƯƠNG MẠI DỊCH V,Công ty trách nhiệm hữu hạn hai thành viên trở lên,"107 Trần Khắc Chân, Phường 09, Quận Phú Nhuận, Thành phố Hồ Chí Minh, Việt Nam",Quận Phú Nhuận,"4791: Bán lẻ theo yêu cầu đặt hàng qua bưu điện hoặc internet-(trừ bán lẻ bình gas, súng, đạn loại dùng đi săn hoặc thể thao, tiền kim khí và mua bán vàng miếng; thực hiện theo Quyết định 64/2009/QĐ-U",internet
316024529,CÔNG TY CỔ PHẦN INVEST NOW,CÔNG TY CỔ PHẦN INVEST NOW,Công ty cổ phần,"Số 6 Hoa Hồng, Phường 02, Quận Phú Nhuận, Thành phố Hồ Chí Minh, Việt Nam",Quận Phú Nhuận,"7020: Hoạt động tư vấn quản lý-(trừ tư vấn tài chính, kế toán, pháp luật);8230: Tổ chức giới thiệu và xúc tiến thương mại-Chi tiết: Xúc tiến thương mại (không thực hiện các hiệu ứng cháy nổ, không sử ",internet
316012499,CÔNG TY TNHH AVIATION SOFTWARE INNOVATION,CÔNG TY TNHH AVIATION SOFTWARE,Công ty trách nhiệm hữu hạn hai thành viên trở lên,"235/15 Thích Quảng Đức, Phường 04, Quận Phú Nhuận, Thành phố Hồ Chí Minh, Việt Nam",Quận Phú Nhuận,6201: Lập trình máy vi tính-;5820: Xuất bản phần mềm-Chi tiết: Sản xuất phần mềm.;6202: Tư vấn máy vi tính và quản trị hệ thống máy vi tính-;Doanh nghiệp phải thực hiện đúng các quy định của pháp luật,software
316011015,CÔNG TY TNHH GIA DỤNG ÂU CHÂU,CÔNG TY TNHH GIA DỤNG ÂU CHÂU,Công ty trách nhiệm hữu hạn một thành viên,"23/6/6 Hoàng Văn Thụ, Phường 15, Quận Phú Nhuận, Thành phố Hồ Chí Minh, Việt Nam",Quận Phú Nhuận,6209: Hoạt động dịch vụ công nghệ thông tin và dịch vụ khác liên quan đến máy vi tính-Chi tiết: Hoạt động dịch vụ công nghệ thông tin và máy vi tính khác chưa được phân loại vào đâu như: khắc phục các,internet
316044966,CÔNG TY TNHH THƯƠNG MẠI DỊCH VỤ ULTIMATE TECHNOLOGY,CÔNG TY TNHH THƯƠNG MẠI DỊCH V,Công ty trách nhiệm hữu hạn một thành viên,"166/41C1 Thích Quảng Đức, Phường 04, Quận Phú Nhuận, Thành phố Hồ Chí Minh, Việt Nam",Quận Phú Nhuận,"4610: Đại lý, môi giới, đấu giá hàng hóa-Chi tiết: Đại lý, môi giới (trừ môi giới bất động sản);4649: Bán buôn đồ dùng khác cho gia đình-(trừ kinh doanh dược phẩm);4652: Bán buôn thiết bị và linh kiện",technology
316036154,CÔNG TY TNHH THƯƠNG MẠI VÀ DỊCH VỤ WSM,CÔNG TY TNHH THƯƠNG MẠI VÀ DỊC,Công ty trách nhiệm hữu hạn hai thành viên trở lên,"536/15/1 Lê Văn Sỹ, Phường 11, Quận Phú Nhuận, Thành phố Hồ Chí Minh, Việt Nam",Quận Phú Nhuận,"5510: Dịch vụ lưu trú ngắn ngày-Chi tiết: khách sạn, biệt thự du lịch, căn hộ du lịch, nhà nghỉ du lịch, nhà ở có phòng cho khách du lịch thuê;4791: Bán lẻ theo yêu cầu đặt hàng qua bưu điện hoặc inte",internet
316027840,CÔNG TY CỔ PHẦN CÔNG NGHỆ TẦM NHÌN MỚI,CÔNG TY CỔ PHẦN CÔNG NGHỆ TẦM ,Công ty cổ phần,"Tầng 4-09,Kingston Residence, 223B Hoàng Văn Thụ, Phường 08, Quận Phú Nhuận, Thành phố Hồ Chí Minh, Việt Nam",Quận Phú Nhuận,"4791: Bán lẻ theo yêu cầu đặt hàng qua bưu điện hoặc internet-(trừ bán lẻ bình gas, hóa chất, súng, đạn loại dùng đi săn hoặc thể thao, tiền kim khí và mua bán vàng miếng; thực hiện theo Quyết định 64",internet
316033876,CÔNG TY TNHH BÁCH HÓA TIẾT KIỆM,CÔNG TY TNHH BÁCH HÓA TIẾT KIỆ,Công ty trách nhiệm hữu hạn một thành viên,"190 Huỳnh Văn Bánh, Phường 12, Quận Phú Nhuận, Thành phố Hồ Chí Minh, Việt Nam",Quận Phú Nhuận,"1075: Sản xuất món ăn, thức ăn chế biến sẵn-(trừ sản xuất, chế biến thực phẩm tươi sống tại trụ sở);4634: Bán buôn sản phẩm thuốc lá, thuốc lào-Chi tiết: Bán buôn sản phẩm thuốc lá như thuốc lá điếu, ",internet
316072089,CÔNG TY CỔ PHẦN THƯƠNG MẠI ĐIỆN TỬ VIRAL FAITH,CÔNG TY CỔ PHẦN THƯƠNG MẠI ĐIỆ,Công ty cổ phần,"413A Huỳnh Văn Bánh, Phường 11, Quận Phú Nhuận, Thành phố Hồ Chí Minh, Việt Nam",Quận Phú Nhuận,4511: Bán buôn ô tô và xe có động cơ khác-;4512: Bán lẻ ô tô con (loại 9 chỗ ngồi trở xuống)-;4513: Đại lý ô tô và xe có động cơ khác-;4530: Bán phụ tùng và các bộ phận phụ trợ của ô tô và xe có động ,internet
3502396939,CÔNG TY TNHH LBP VIỆT NAM,CÔNG TY TNHH LBP VIỆT NAM,Công ty trách nhiệm hữu hạn một thành viên,"72/6 Trương Quốc Dung, Phường 10, Quận Phú Nhuận, Thành phố Hồ Chí Minh, Việt Nam",Quận Phú Nhuận,"4649: Bán buôn đồ dùng khác cho gia đình-Chi tiết: Bán buôn đồ điện gia dụng, đèn và bộ đèn điện; Bán buôn sách, báo, tạp chí, văn phòng phẩm; Bán buôn giường, tủ, bàn ghế và đồ dùng nội thất tương tự",internet
316066367,CÔNG TY CỔ PHẦN QUỐC TẾ XLIFE,CÔNG TY CỔ PHẦN QUỐC TẾ XLIFE,Công ty cổ phần,"60 Cù Lao, Phường 02, Quận Phú Nhuận, Thành phố Hồ Chí Minh, Việt Nam",Quận Phú Nhuận,"4791: Bán lẻ theo yêu cầu đặt hàng qua bưu điện hoặc internet-(trừ bán lẻ bình gas, khí dầu mỏ hóa lỏng LPG, dầu nhớt cặn, vàng miếng, súng, đạn loại dùng đi săn hoặc thể thao và tiền kim khí và thực ",internet
316051787,CÔNG TY TNHH THIẾT KẾ NỘI THẤT SIMPLE,CÔNG TY TNHH THIẾT KẾ NỘI THẤT,Công ty trách nhiệm hữu hạn một thành viên,"92/8 Thích Quảng Đức, Phường 05, Quận Phú Nhuận, Thành phố Hồ Chí Minh, Việt Nam",Quận Phú Nhuận,4311: Phá dỡ-;4312: Chuẩn bị mặt bằng-;4101: Xây dựng nhà để ở-;4102: Xây dựng nhà không để ở-;4212: Xây dựng công trình đường bộ-;4299: Xây dựng công trình kỹ thuật dân dụng khác-;4330: Hoàn thiện cô,internet
316040400,CÔNG TY TNHH SX & TM QUÀ TẶNG KHANG NHIÊN,CÔNG TY TNHH SX  TM QUÀ TẶNG K,Công ty trách nhiệm hữu hạn một thành viên,"185/4E Phan Đình Phùng, Phường 17, Quận Phú Nhuận, Thành phố Hồ Chí Minh, Việt Nam",Quận Phú Nhuận,"1811: In ấn-;1812: Dịch vụ liên quan đến in-;3290: Sản xuất khác chưa được phân vào đâu-(trừ Sản Xuất xốp cách nhiệt sử dụng ga R141b, sử dụng polyol trộn sẵn HCFC-141b; vật liệu xây dựng; hóa chất tạ",internet
316069209,CÔNG TY TNHH THƯƠNG MẠI XÂY DỰNG HOÀN THIỆN NỘI THẤT AB,CÔNG TY TNHH THƯƠNG MẠI XÂY DỰ,Công ty trách nhiệm hữu hạn hai thành viên trở lên,"33 Đặng Văn Ngữ, Phường 10, Quận Phú Nhuận, Thành phố Hồ Chí Minh, Việt Nam",Quận Phú Nhuận,"1621: Sản xuất gỗ dán, gỗ lạng, ván ép và ván mỏng khác-(không hoạt động tại trụ sở);1622: Sản xuất đồ gỗ xây dựng-(không hoạt động tại trụ sở);1623: Sản xuất bao bì bằng gỗ-(không hoạt động tại trụ s",internet
316079158,CÔNG TY CỔ PHẦN HẠT VÀNG VIỆT NAM,CÔNG TY CỔ PHẦN HẠT VÀNG VIỆT ,Công ty cổ phần,"202 Hoàng Văn Thụ, Phường 09, Quận Phú Nhuận, Thành phố Hồ Chí Minh, Việt Nam",Quận Phú Nhuận,"1040: Sản xuất dầu, mỡ động, thực vật-Chi tiết: Sản xuất dầu, bơ thực vật (không hoạt động tại trụ sở);1030: Chế biến và bảo quản rau quả-(không hoạt động tại trụ sở);1050: Chế biến sữa và các sản phẩ",internet
316087198,CÔNG TY TNHH CÔNG NGHỆ SALINK VIỆT NAM,CÔNG TY TNHH CÔNG NGHỆ SALINK ,Công ty trách nhiệm hữu hạn một thành viên,"173A Nguyễn Văn Trỗi, Phường 11, Quận Phú Nhuận, Thành phố Hồ Chí Minh, Việt Nam",Quận Phú Nhuận,"7020: Hoạt động tư vấn quản lý-Chi tiết: Hoạt động tư vấn quản lý (trừ tư vấn tài chính, kế toán).;7310: Quảng cáo-Chi tiết: Quảng cáo thương mại;7490: Hoạt động chuyên môn, khoa học và công nghệ khác",internet
3603643768,CÔNG TY TNHH THƯƠNG MẠI DỊCH VỤ KIM SƠN HÙNG,CÔNG TY TNHH THƯƠNG MẠI DỊCH V,Công ty trách nhiệm hữu hạn một thành viên,"25 Đào Duy Anh, Phường 09, Quận Phú Nhuận, Thành phố Hồ Chí Minh, Việt Nam",Quận Phú Nhuận,0129: Trồng cây lâu năm khác-( Không hoạt động tại trụ sở );0131: Nhân và chăm sóc cây giống hàng năm-( Không hoạt động tại trụ sở );0132: Nhân và chăm sóc cây giống lâu năm-( Không hoạt động tại trụ ,internet
315519046,CÔNG TY TNHH THƯƠNG MẠI XUẤT NHẬP KHẨU SONG THIÊN,CÔNG TY TNHH THƯƠNG MẠI XUẤT N,Công ty trách nhiệm hữu hạn một thành viên,"191 Nguyễn Trọng Tuyển, Phường 08, Quận Phú Nhuận, Thành phố Hồ Chí Minh, Việt Nam",Quận Phú Nhuận,"4659: Bán buôn máy móc, thiết bị và phụ tùng máy khác-;4649: Bán buôn đồ dùng khác cho gia đình-(trừ dược phẩm);4652: Bán buôn thiết bị và linh kiện điện tử, viễn thông-;4669: Bán buôn chuyên doanh kh",internet
315553216,CÔNG TY TNHH THƯƠNG MẠI & DỊCH VỤ G79,CÔNG TY TNHH THƯƠNG MẠI  DỊCH ,Công ty trách nhiệm hữu hạn hai thành viên trở lên,"115/76 Lê Văn Sỹ, Phường 13, Quận Phú Nhuận, Thành phố Hồ Chí Minh, Việt Nam",Quận Phú Nhuận,"1811: In ấn-(trừ in tráng bao bì kim loại, in trên các sản phẩm vải sợi, dệt, may, đan tại trụ sở).;1812: Dịch vụ liên quan đến in-;1820: Sao chép bản ghi các loại-(không hoạt động tại trụ sở).;2022: ",internet
315554629,CÔNG TY TNHH TƯ VẤN - THƯƠNG MẠI - DỊCH VỤ PEACE,CÔNG TY TNHH TƯ VẤN  THƯƠNG MẠ,Công ty trách nhiệm hữu hạn hai thành viên trở lên,"373 Huỳnh Văn Bánh, Phường 11, Quận Phú Nhuận, Thành phố Hồ Chí Minh, Việt Nam",Quận Phú Nhuận,7110: Hoạt động kiến trúc và tư vấn kỹ thuật có liên quan-Chi tiết: Quản lý dự án; Lập dự án đầu tư; Thiết kế kiến trúc công trình dân dụng- công nghiệp; Thiết kế xây dựng công trình thủy lợi; Thiết k,internet
315555855,CÔNG TY TNHH FLOWERY SAIGON,CÔNG TY TNHH FLOWERY SAIGON,Công ty trách nhiệm hữu hạn hai thành viên trở lên,"247A/27A Huỳnh Văn Bánh, Phường 12, Quận Phú Nhuận, Thành phố Hồ Chí Minh, Việt Nam",Quận Phú Nhuận,"4620: Bán buôn nông, lâm sản nguyên liệu (trừ gỗ, tre, nứa) và động vật sống-chi tiết: Bán buôn hoa (không hoạt động tại trụ sở).;4773: Bán lẻ hàng hóa khác mới trong các cửa hàng chuyên doanh-chi tiế",internet
315720097,CÔNG TY TNHH QUÀ TẶNG QUẢNG CÁO KIẾN MINH,CÔNG TY TNHH QUÀ TẶNG QUẢNG CÁ,Công ty trách nhiệm hữu hạn hai thành viên trở lên,"76/17/4A Phan Tây Hồ, Phường 07, Quận Phú Nhuận, Thành phố Hồ Chí Minh, Việt Nam",Quận Phú Nhuận,"1811: In ấn-;4610: Đại lý, môi giới, đấu giá hàng hóa-Chi tiết: Đại lý mua bán, ký gửi hàng hóa;4620: Bán buôn nông, lâm sản nguyên liệu (trừ gỗ, tre, nứa) và động vật sống-(không hoạt động tại trụ sở",internet
315756174,CÔNG TY TNHH ANNIE,CÔNG TY TNHH ANNIE,Công ty trách nhiệm hữu hạn một thành viên,"29/61 Đoàn Thị Điểm, Phường 01, Quận Phú Nhuận, Thành phố Hồ Chí Minh, Việt Nam",Quận Phú Nhuận,"4641: Bán buôn vải, hàng may mặc, giày dép-;4620: Bán buôn nông, lâm sản nguyên liệu (trừ gỗ, tre, nứa) và động vật sống-(không hoạt động tại trụ sở);4631: Bán buôn gạo, lúa mỳ, hạt ngũ cốc khác, bột ",internet
315795871,CÔNG TY TNHH HUMANITY,CÔNG TY TNHH HUMANITY,Công ty trách nhiệm hữu hạn một thành viên,"134/17 Đào Duy Anh, Phường 09, Quận Phú Nhuận, Thành phố Hồ Chí Minh, Việt Nam",Quận Phú Nhuận,"4610: Đại lý, môi giới, đấu giá hàng hóa-chi tiết: Đại lý bán hàng hóa.;4620: Bán buôn nông, lâm sản nguyên liệu (trừ gỗ, tre, nứa) và động vật sống-chi tiết: Bán buôn nông, lâm sản nguyên liệu (trừ g",internet
315818166,CÔNG TY TNHH THƯƠNG MẠI DỊCH VỤ ĐẦU TƯ MINH ĐAN,CÔNG TY TNHH THƯƠNG MẠI DỊCH V,Công ty trách nhiệm hữu hạn hai thành viên trở lên,"55/20 Phan Đình Phùng, Phường 17, Quận Phú Nhuận, Thành phố Hồ Chí Minh, Việt Nam",Quận Phú Nhuận,"4773: Bán lẻ hàng hóa khác mới trong các cửa hàng chuyên doanh-Chi tiết: Bán lẻ hoa tươi, cây cảnh (thực hiện theo quyết định 64/2009/QĐ-UB ngày 31/07/2009 và 79/2009/QĐ-UBND ngày 17/10/2009 của UBND ",internet
315841951,CÔNG TY TNHH THƯƠNG MẠI DỊCH VỤ SẢN XUẤT MỘC ĐÌNH,CÔNG TY TNHH THƯƠNG MẠI DỊCH V,Công ty trách nhiệm hữu hạn một thành viên,"92, Thích Quảng Đức, Phường 05, Quận Phú Nhuận, Thành phố Hồ Chí Minh, Việt Nam",Quận Phú Nhuận,"4781: Bán lẻ lương thực, thực phẩm, đồ uống, thuốc lá, thuốc lào lưu động hoặc tại chợ-(thực hiện theo quyết định 64/2009/QĐ-UBND ngày 31/07/2009 và quyết định số 79/2009/QĐ-UBND ngày 17/10/2009 của Ủ",internet
315883616,CÔNG TY TNHH K - MENET,CÔNG TY TNHH K  MENET,Công ty trách nhiệm hữu hạn một thành viên,"114 Hoa Cúc, Phường 07, Quận Phú Nhuận, Thành phố Hồ Chí Minh, Việt Nam",Quận Phú Nhuận,"7730: Cho thuê máy móc, thiết bị và đồ dùng hữu hình khác không kèm người điều khiển-Chi tiết: Cho thuê thiết bị viễn thông, thông tin.;4719: Bán lẻ  khác trong các cửa hàng kinh doanh tổng hợp-(trừ b",internet
315908388,CÔNG TY TNHH THƯƠNG MẠI & ĐẦU TƯ MIXWAY HOLDINGS,CÔNG TY TNHH THƯƠNG MẠI  ĐẦU T,Công ty trách nhiệm hữu hạn một thành viên,"89 Trần Huy Liệu, Phường 12, Quận Phú Nhuận, Thành phố Hồ Chí Minh, Việt Nam",Quận Phú Nhuận,"6312: Cổng thông tin-Chi tiết: Thiết lập trang thông tin điện tử tổng hợp;6311: Xử lý dữ liệu, cho thuê và các hoạt động liên quan-;5229: Hoạt động dịch vụ hỗ trợ khác liên quan đến vận tải-chi tiết: ",internet
315913500,CÔNG TY TNHH S39 PLUS,CÔNG TY TNHH S39 PLUS,Công ty trách nhiệm hữu hạn một thành viên,"Tầng Lửng, Khu Văn Phòng, 20 Hoàng Minh Giám, Phường 09, Quận Phú Nhuận, Thành phố Hồ Chí Minh, Việt Nam",Quận Phú Nhuận,"4530: Bán phụ tùng và các bộ phận phụ trợ của ô tô và xe có động cơ khác-;4543: Bán phụ tùng và các bộ phận phụ trợ của mô tô, xe máy-;4620: Bán buôn nông, lâm sản nguyên liệu (trừ gỗ, tre, nứa) và độ",internet
315920868,CÔNG TY TNHH LACAFA,CÔNG TY TNHH LACAFA,Công ty trách nhiệm hữu hạn một thành viên,"Phòng 2.48, Tầng 2, Khu văn phòng, Tòa nhà The Prince Residence, Số 19 - 21 Nguyễn Văn Trỗi, Phường 11, Quận Phú Nhuận, Thành phố Hồ Chí Minh, Việt Nam",Quận Phú Nhuận,"4641: Bán buôn vải, hàng may mặc, giày dép-;4649: Bán buôn đồ dùng khác cho gia đình--Chi tiết: bán buôn đồ gia dụng, nội thất;4651: Bán buôn máy vi tính, thiết bị ngoại vi và phần mềm-;4652: Bán buôn",internet
315945238,CÔNG TY TNHH TRANG KỲ DIỆU,CÔNG TY TNHH TRANG KỲ DIỆU,Công ty trách nhiệm hữu hạn một thành viên,"178/4/6D Phan Đăng Lưu, Phường 03, Quận Phú Nhuận, Thành phố Hồ Chí Minh, Việt Nam",Quận Phú Nhuận,"4669: Bán buôn chuyên doanh khác chưa được phân vào đâu-(trừ bán buôn bình gas, khí dầu mỏ hóa lỏng LPG, dầu nhớt cặn, vàng miếng, súng, đạn loại dùng đi săn hoặc thể thao và tiền kim khí; trừ bán buô",internet
315972658,CÔNG TY TNHH THƯƠNG MẠI DỊCH VỤ SẢN XUẤT XUẤT NHẬP KHẨU HOÀNG HẢI HÀ,CÔNG TY TNHH THƯƠNG MẠI DỊCH V,Công ty trách nhiệm hữu hạn một thành viên,"88/17 Đào Duy Anh, Phường 09, Quận Phú Nhuận, Thành phố Hồ Chí Minh, Việt Nam",Quận Phú Nhuận,"1610: Cưa, xẻ, bào gỗ và bảo quản gỗ-(Không hoạt động tại trụ sở);1621: Sản xuất gỗ dán, gỗ lạng, ván ép và ván mỏng khác-(Không hoạt động tại trụ sở);1629: Sản xuất sản phẩm khác từ gỗ; sản xuất sản ",internet
316062281,CÔNG TY TNHH TƯ VẤN GIÁO DỤC VÀ TRUYỀN THÔNG BMSS VIỆT NAM,CÔNG TY TNHH TƯ VẤN GIÁO DỤC V,Công ty trách nhiệm hữu hạn một thành viên,"19 Hồ Văn Huê, Phường 09, Quận Phú Nhuận, Thành phố Hồ Chí Minh, Việt Nam",Quận Phú Nhuận,8559: Giáo dục khác chưa được phân vào đâu-Chi tiết: Giáo dục không xác định theo cấp độ tại các trung tâm đào tạo bồi dưỡng;8560: Dịch vụ hỗ trợ giáo dục-;7420: Hoạt động nhiếp ảnh-(trừ sản xuất phim,internet
316077577,CÔNG TY TNHH MY AVIATION,CÔNG TY TNHH MY AVIATION,Công ty trách nhiệm hữu hạn một thành viên,"P.702A Tầng 7, Tòa nhà Centre Point, 106 Nguyễn Văn Trỗi, Phường 08, Quận Phú Nhuận, Thành phố Hồ Chí Minh, Việt Nam",Quận Phú Nhuận,"4311: Phá dỡ-;4312: Chuẩn bị mặt bằng-;4321: Lắp đặt hệ thống điện-(không gia công cơ khí, tái chế phế thải, xi mạ điện tại trụ sở);4322: Lắp đặt hệ thống cấp, thoát nước, hệ thống sưởi và điều hoà kh",internet
316088152,CÔNG TY TNHH TIẾP VẬN TAM KHAI,CÔNG TY TNHH TIẾP VẬN TAM KHAI,Công ty trách nhiệm hữu hạn một thành viên,"98/10 Thích Quảng Đức, Phường 05, Quận Phú Nhuận, Thành phố Hồ Chí Minh, Việt Nam",Quận Phú Nhuận,"5229: Hoạt động dịch vụ hỗ trợ khác liên quan đến vận tải-Chi tiết: Gửi hàng; Sắp xếp, tổ chức các hoạt động vận tải đường sắt, đường bộ, đường biển; Giao nhận hàng hoá; Thu phát các chứng từ vận tải ",internet
316097164,CÔNG TY TNHH ĐẦU TƯ PHÁT TRIỂN HÙNG THỊNH,CÔNG TY TNHH ĐẦU TƯ PHÁT TRIỂN,Công ty trách nhiệm hữu hạn một thành viên,"31ABC Phan Đình Phùng, Phường 17, Quận Phú Nhuận, Thành phố Hồ Chí Minh, Việt Nam",Quận Phú Nhuận,"7710: Cho thuê xe có động cơ-Chi tiết: Cho thuê ôtô; Cho thuê xe có động cơ khác;7730: Cho thuê máy móc, thiết bị và đồ dùng hữu hình khác không kèm người điều khiển-;7911: Đại lý du lịch-Chi tiết: Đạ",internet
316092783,CÔNG TY TNHH XNK MINH QUANG,CÔNG TY TNHH XNK MINH QUANG,Công ty trách nhiệm hữu hạn một thành viên,"567A Nguyễn Kiệm, Phường 09, Quận Phú Nhuận, Thành phố Hồ Chí Minh, Việt Nam",Quận Phú Nhuận,"1020: Chế biến, bảo quản thuỷ sản và các sản phẩm từ thuỷ sản-;1080: Sản xuất thức ăn gia súc, gia cầm và thuỷ sản-;1621: Sản xuất gỗ dán, gỗ lạng, ván ép và ván mỏng khác-Chi tiết: Sản xuất gỗ, ván n",internet
316099940,CÔNG TY TNHH TẬP ĐOÀN H.C.T,CÔNG TY TNHH TẬP ĐOÀN HCT,Công ty trách nhiệm hữu hạn hai thành viên trở lên,"19 Hồ Văn Huê, Phường 09, Quận Phú Nhuận, Thành phố Hồ Chí Minh, Việt Nam",Quận Phú Nhuận,"4791: Bán lẻ theo yêu cầu đặt hàng qua bưu điện hoặc internet-(trừ bán lẻ bình gas, khí dầu mỏ hóa lỏng LPG, dầu nhớt cặn, vàng miếng, súng, đạn loại dùng đi săn hoặc thể thao và tiền kim khí; trừ bán",internet
316094974,CÔNG TY TNHH NETVAS,CÔNG TY TNHH NETVAS,Công ty trách nhiệm hữu hạn hai thành viên trở lên,"302a Nguyễn Thượng Hiền, Phường 05, Quận Phú Nhuận, Thành phố Hồ Chí Minh, Việt Nam",Quận Phú Nhuận,6209: Hoạt động dịch vụ công nghệ thông tin và dịch vụ khác liên quan đến máy vi tính-(trừ kinh doanh dịch vụ cung cấp đại lý truy cập - truy nhập internet);1811: In ấn-;1812: Dịch vụ liên quan đến in,internet
316096435,CÔNG TY CỔ PHẦN QUỐC TẾ UNLIMITED ACCESS VIỆT NAM,CÔNG TY CỔ PHẦN QUỐC TẾ UNLIMI,Công ty cổ phần,"75 Hoàng Văn Thụ, Phường 15, Quận Phú Nhuận, Thành phố Hồ Chí Minh, Việt Nam",Quận Phú Nhuận,"4620: Bán buôn nông, lâm sản nguyên liệu (trừ gỗ, tre, nứa) và động vật sống-(không hoạt động tại trụ sở);4631: Bán buôn gạo, lúa mỳ, hạt ngũ cốc khác, bột mỳ-(không hoạt động tại trụ sở);4632: Bán bu",internet
316110577,CÔNG TY CỔ PHẦN TRUYỀN THÔNG MANA,CÔNG TY CỔ PHẦN TRUYỀN THÔNG M,Công ty cổ phần,"505/26 Nguyễn Kiệm, Phường 09, Quận Phú Nhuận, Thành phố Hồ Chí Minh, Việt Nam",Quận Phú Nhuận,"6399: Dịch vụ thông tin khác chưa được phân vào đâu-chi tiết: Dịch vụ thông tin  kỹ thuật số (trừ dịch vụ cắt xén thông tin, báo chí);7020: Hoạt động tư vấn quản lý-chi tiết: Tư vấn, quản lý quảng cáo",internet
316111852,CÔNG TY TNHH THƯƠNG MẠI VÀ KHÁCH SẠN HOÀNG ĐẠT,CÔNG TY TNHH THƯƠNG MẠI VÀ KHÁ,Công ty trách nhiệm hữu hạn một thành viên,"56B Hoa Lan, Phường 02, Quận Phú Nhuận, Thành phố Hồ Chí Minh, Việt Nam",Quận Phú Nhuận,"4610: Đại lý, môi giới, đấu giá hàng hóa-Chi tiết: Đại lý, môi giới (trừ môi giới bất động sản);4632: Bán buôn thực phẩm-(Không hoạt động tại trụ sở);4633: Bán buôn đồ uống-;4649: Bán buôn đồ dùng khá",internet
316122036,CÔNG TY TNHH LUSSO,CÔNG TY TNHH LUSSO,Công ty trách nhiệm hữu hạn hai thành viên trở lên,"102 Nguyễn Đình Chính, Phường 15, Quận Phú Nhuận, Thành phố Hồ Chí Minh, Việt Nam",Quận Phú Nhuận,"3600: Khai thác, xử lý và cung cấp nước-;3700: Thoát nước và xử lý nước thải-;3821: Xử lý và tiêu huỷ rác thải không độc hại-;4511: Bán buôn ô tô và xe có động cơ khác-;4512: Bán lẻ ô tô con (loại 9 c",internet
316130622,CÔNG TY TNHH GIẢI PHÁP K&A,CÔNG TY TNHH GIẢI PHÁP KA,Công ty trách nhiệm hữu hạn một thành viên,"Số 469/14 Nguyễn Kiệm, Phường 09, Quận Phú Nhuận, Thành phố Hồ Chí Minh, Việt Nam",Quận Phú Nhuận,"7110: Hoạt động kiến trúc và tư vấn kỹ thuật có liên quan-Chi tiết: Thiết kế xây dựng công trình dân dụng và công nghiệp; Thiết kế xây dựng công trình hạ tầng kỹ thuật đô thị; Thiết kế công trình cầu,",internet
316141550,CÔNG TY TNHH ATZ TECHNOLOGIES,CÔNG TY TNHH ATZ TECHNOLOGIES,Công ty trách nhiệm hữu hạn một thành viên,"279/42 Huỳnh Văn Bánh, Phường 11, Quận Phú Nhuận, Thành phố Hồ Chí Minh, Việt Nam",Quận Phú Nhuận,"4791: Bán lẻ theo yêu cầu đặt hàng qua bưu điện hoặc internet-(trừ bán lẻ bình gas, súng, đạn loại dùng đi săn hoặc thể thao, tiền kim khí và mua bán vàng miếng; thực hiện theo Quyết định 64/2009/QĐ-U",internet
316144255,CÔNG TY TNHH CÔNG NGHỆ ARTISKY,CÔNG TY TNHH CÔNG NGHỆ ARTISKY,Công ty trách nhiệm hữu hạn hai thành viên trở lên,"Tầng 7, Tòa Nhà Centre Point, 106 Nguyễn Văn Trỗi, Phường 08, Quận Phú Nhuận, Thành phố Hồ Chí Minh, Việt Nam",Quận Phú Nhuận,"5820: Xuất bản phần mềm-Chi tiết: Sản xuất phần mềm.;6110: Hoạt động viễn thông có dây-(trừ cung cấp dịch vụ truy cập, truy nhập internet tại trụ sở);6120: Hoạt động viễn thông không dây-(trừ cung cấp",internet
316142836,CÔNG TY TNHH FLAT 11,CÔNG TY TNHH FLAT 11,Công ty trách nhiệm hữu hạn một thành viên,"659 Nguyễn Kiệm, Phường 09, Quận Phú Nhuận, Thành phố Hồ Chí Minh, Việt Nam",Quận Phú Nhuận,"4620: Bán buôn nông, lâm sản nguyên liệu (trừ gỗ, tre, nứa) và động vật sống-Chi tiết: Bán buôn thức ăn và nguyên liệu làm thức ăn cho gia súc, gia cầm và thuỷ sản.Bán buôn thóc, ngô và các loại hạt n",internet
316148725,CÔNG TY TNHH THƯƠNG MẠI DỊCH VỤ VÀ TRUYỀN THÔNG ĐA PHƯƠNG TIỆN L.AVELAND,CÔNG TY TNHH THƯƠNG MẠI DỊCH V,Công ty trách nhiệm hữu hạn hai thành viên trở lên,"77 Hoa Hồng, Phường 02, Quận Phú Nhuận, Thành phố Hồ Chí Minh, Việt Nam",Quận Phú Nhuận,"1811: In ấn-;1812: Dịch vụ liên quan đến in-;1820: Sao chép bản ghi các loại-;4649: Bán buôn đồ dùng khác cho gia đình-Chi tiết: Bán buôn sách, báo, tạp chí, văn phòng phẩm;4761: Bán lẻ sách, báo, tạp",internet
316152640,CÔNG TY TNHH DỊCH VỤ VÀ TƯ VẤN TÂM VIỆT,CÔNG TY TNHH DỊCH VỤ VÀ TƯ VẤN,Công ty trách nhiệm hữu hạn một thành viên,"Số 512 đường Nguyễn Kiệm, Phường 04, Quận Phú Nhuận, Thành phố Hồ Chí Minh, Việt Nam",Quận Phú Nhuận,"4610: Đại lý, môi giới, đấu giá hàng hóa-Chi tiết: Đại lý, môi giới (trừ đấu giá tài sản);4690: Bán buôn tổng hợp-(trừ bán lẻ hóa chất, khí dầu mỏ hóa lỏng LPG, dầu nhớt cặn, vàng miếng, súng, đạn loạ",internet
316144946,CÔNG TY TNHH VINA PARASOL,CÔNG TY TNHH VINA PARASOL,Công ty trách nhiệm hữu hạn hai thành viên trở lên,"164A/2 Nguyễn Văn Trỗi, Phường 08, Quận Phú Nhuận, Thành phố Hồ Chí Minh, Việt Nam",Quận Phú Nhuận,"4659: Bán buôn máy móc, thiết bị và phụ tùng máy khác-Chi tiết: Bán buôn máy chấm công, máy ảnh, camera, thiết bị chống trộm; Bán buôn máy móc, thiết bị và phụ tùng máy khác.;4663: Bán buôn vật liệu, ",internet
316163441,CÔNG TY TNHH VIỆT SƠN TRANG,CÔNG TY TNHH VIỆT SƠN TRANG,Công ty trách nhiệm hữu hạn một thành viên,"45/10 Trần Huy Liệu, Phường 12, Quận Phú Nhuận, Thành phố Hồ Chí Minh, Việt Nam",Quận Phú Nhuận,"4641: Bán buôn vải, hàng may mặc, giày dép-;5229: Hoạt động dịch vụ hỗ trợ khác liên quan đến vận tải-Chi tiết: Hoạt động của đại lý làm thủ tục hải quan; Hoạt động của các đại lý vận tải hàng hóa đườ",internet
316166717,CÔNG TY CỔ PHẦN QUÀ TẶNG DÁT VÀNG,CÔNG TY CỔ PHẦN QUÀ TẶNG DÁT V,Công ty cổ phần,"Số 199 Nguyễn Văn Trỗi, Phường 10, Quận Phú Nhuận, Thành phố Hồ Chí Minh, Việt Nam",Quận Phú Nhuận,2420: Sản xuất kim loại quý và kim loại màu-(trừ sản xuất vàng miếng); 2592: Gia công cơ khí; xử lý và tráng phủ kim loại-;3212: Sản xuất đồ giả kim hoàn và chi tiết liên quan-(trừ sản xuất vàng miếng,internet
316166001,CÔNG TY TNHH THƯƠNG MẠI DỊCH VỤ UFARM VIỆT NAM,CÔNG TY TNHH THƯƠNG MẠI DỊCH V,Công ty trách nhiệm hữu hạn một thành viên,"P.702A Tầng 7, Tòa nhà Centre Point, 106 Nguyễn Văn Trỗi, Phường 08, Quận Phú Nhuận, Thành phố Hồ Chí Minh, Việt Nam",Quận Phú Nhuận,"7490: Hoạt động chuyên môn, khoa học và công nghệ khác chưa được phân vào đâu-Chi tiết: Tư vấn về công nghệ;7310: Quảng cáo-;7320: Nghiên cứu thị trường và thăm dò dư luận-;5820: Xuất bản phần mềm-Chi",internet
316167686,CÔNG TY TNHH TỔ CHỨC KỶ LỤC NGƯỜI VIỆT TOÀN CẦU-VIETWORLD,CÔNG TY TNHH TỔ CHỨC KỶ LỤC NG,Công ty trách nhiệm hữu hạn một thành viên,"148 Hồng Hà , Phường 09, Quận Phú Nhuận, Thành phố Hồ Chí Minh, Việt Nam",Quận Phú Nhuận,"7410: Hoạt động thiết kế chuyên dụng-Chi tiết: Thiết kế đồ họa (trừ thiết kế công trình).;7490: Hoạt động chuyên môn, khoa học và công nghệ khác chưa được phân vào đâu-Chi tiết: Dịch vụ bản quyền tác ",internet
316175849,CÔNG TY TNHH FIVE DIGITAL,CÔNG TY TNHH FIVE DIGITAL,Công ty trách nhiệm hữu hạn hai thành viên trở lên,"244/29 Huỳnh Văn Bánh, Phường 11, Quận Phú Nhuận, Thành phố Hồ Chí Minh, Việt Nam",Quận Phú Nhuận,"4791: Bán lẻ theo yêu cầu đặt hàng qua bưu điện hoặc internet-(trừ bán lẻ bình gas, khí dầu mỏ hóa lỏng LPG, dầu nhớt cặn, vàng miếng, súng, đạn loại dùng đi săn hoặc thể thao và tiền kim khí; trừ bán",internet
316172679,CÔNG TY TNHH THƯƠNG MẠI DỊCH VỤ THÀNH MỸ PHÁT,CÔNG TY TNHH THƯƠNG MẠI DỊCH V,Công ty trách nhiệm hữu hạn hai thành viên trở lên,"778/37 Nguyễn Kiệm , Phường 04, Quận Phú Nhuận, Thành phố Hồ Chí Minh, Việt Nam",Quận Phú Nhuận,"1622: Sản xuất đồ gỗ xây dựng--(không hoạt động tại trụ sở);1623: Sản xuất bao bì bằng gỗ--(không hoạt động tại trụ sở);1702: Sản xuất giấy nhăn, bìa nhăn, bao bì từ giấy và bìa--Chi tiết: Sản xuất ba",internet
316188887,CÔNG TY TNHH SEATECH VIỆT NAM,CÔNG TY TNHH SEATECH VIỆT NAM,Công ty trách nhiệm hữu hạn một thành viên,"P.702A Tầng 7, Tòa nhà Centre Point, 106 Nguyễn Văn Trỗi, Phường 08, Quận Phú Nhuận, Thành phố Hồ Chí Minh, Việt Nam",Quận Phú Nhuận,6201: Lập trình máy vi tính-;6202: Tư vấn máy vi tính và quản trị hệ thống máy vi tính-;6209: Hoạt động dịch vụ công nghệ thông tin và dịch vụ khác liên quan đến máy vi tính-(trừ kinh doanh dịch vụ tr,internet
316180126,CÔNG TY TNHH THƯƠNG MẠI DỊCH VỤ THE ARTEMIS DESIGN,CÔNG TY TNHH THƯƠNG MẠI DỊCH V,Công ty trách nhiệm hữu hạn hai thành viên trở lên,"778/37 Nguyễn Kiệm, Phường 04, Quận Phú Nhuận, Thành phố Hồ Chí Minh, Việt Nam",Quận Phú Nhuận,1622: Sản xuất đồ gỗ xây dựng--(không hoạt động tại trụ sở);1623: Sản xuất bao bì bằng gỗ--(không hoạt động tại trụ sở);1709: Sản xuất các sản phẩm khác từ giấy và bìa chưa được phân vào đâu---(không ,internet
316189866,CÔNG TY TNHH XNK - ĐẦU TƯ - PHÁT TRIỂN CÔNG NGHỆ NEWSTAR,CÔNG TY TNHH XNK  ĐẦU TƯ  PHÁT,Công ty trách nhiệm hữu hạn một thành viên,"120-122 Hoa Lan, Phường 02, Quận Phú Nhuận, Thành phố Hồ Chí Minh, Việt Nam",Quận Phú Nhuận,"6312: Cổng thông tin-Chi tiết: Thiết lập trang thông tin điện tử tổng hợp;4652: Bán buôn thiết bị và linh kiện điện tử, viễn thông-Chi tiết: Bán buôn, xuất nhập khẩu thiết bị điện tử;4651: Bán buôn má",internet
316207836,CÔNG TY TNHH GIẢI PHÁP PHONG ĐẠT,CÔNG TY TNHH GIẢI PHÁP PHONG Đ,Công ty trách nhiệm hữu hạn hai thành viên trở lên,"29/12H Đường Đoàn Thị Điểm, Phường 01, Quận Phú Nhuận, Thành phố Hồ Chí Minh, Việt Nam",Quận Phú Nhuận,"6201: Lập trình máy vi tính-;6202: Tư vấn máy vi tính và quản trị hệ thống máy vi tính-;6209: Hoạt động dịch vụ công nghệ thông tin và dịch vụ khác liên quan đến máy vi tính-;6311: Xử lý dữ liệu, cho ",internet
316194383,CÔNG TY CỔ PHẦN SET UP TƯ VẤN ĐẦU TƯ SẢN XUẤT THƯƠNG MẠI VĨ TOÀN PHÁT,CÔNG TY CỔ PHẦN SET UP TƯ VẤN ,Công ty cổ phần,"86/46 Phan Tây Hồ, Phường 07, Quận Phú Nhuận, Thành phố Hồ Chí Minh, Việt Nam",Quận Phú Nhuận,"4669: Bán buôn chuyên doanh khác chưa được phân vào đâu-(trừ bán buôn hóa chất, khí dầu mỏ hóa lỏng LPG, dầu nhớt cặn, vàng miếng, súng, đạn loại dùng đi săn hoặc thể thao và tiền kim khí; Thực hiện t",internet
316195429,CÔNG TY TNHH THƯƠNG MẠI DỊCH VỤ TI TI & ZUI,CÔNG TY TNHH THƯƠNG MẠI DỊCH V,Công ty trách nhiệm hữu hạn hai thành viên trở lên,"279/43 Huỳnh Văn Bánh, Phường 11, Quận Phú Nhuận, Thành phố Hồ Chí Minh, Việt Nam",Quận Phú Nhuận,"1010: Chế biến, bảo quản thịt và các sản phẩm từ thịt-(trừ kinh doanh giết mổ gia súc, gia cầm tại trụ sở);1020: Chế biến, bảo quản thuỷ sản và các sản phẩm từ thuỷ sản-;1030: Chế biến và bảo quản rau",internet
316214230,CÔNG TY TNHH TM - DV SAI GON WEST GARDEN,CÔNG TY TNHH TM  DV SAI GON WE,Công ty trách nhiệm hữu hạn một thành viên,"61 Phùng Văn Cung, Phường 02, Quận Phú Nhuận, Thành phố Hồ Chí Minh, Việt Nam",Quận Phú Nhuận,7110: Hoạt động kiến trúc và tư vấn kỹ thuật có liên quan-;7410: Hoạt động thiết kế chuyên dụng-Chi tiết: Hoạt động trang trí nội thất;4101: Xây dựng nhà để ở-;4102: Xây dựng nhà không để ở-;4221: Xây,internet
316211913,CÔNG TY TNHH BMF GROUP,CÔNG TY TNHH BMF GROUP,Công ty trách nhiệm hữu hạn một thành viên,"41/3 Phan Đình Phùng, Phường 17, Quận Phú Nhuận, Thành phố Hồ Chí Minh, Việt Nam",Quận Phú Nhuận,"1812: Dịch vụ liên quan đến in-;3320: Lắp đặt máy móc và thiết bị công nghiệp-(trừ gia công cơ khí, tái chế phế thải và xi mạ điện tại trụ sở);4321: Lắp đặt hệ thống điện-(trừ gia công cơ khí, tái chế",internet
316235336,CÔNG TY TNHH WHALES TECHNOLOGY (VIETNAM),CÔNG TY TNHH WHALES TECHNOLOGY,Công ty trách nhiệm hữu hạn một thành viên,"Số 85/2B Trần Kế Xương, Phường 07, Quận Phú Nhuận, Thành phố Hồ Chí Minh, Việt Nam",Quận Phú Nhuận,"4690: Bán buôn tổng hợp-Chi tiết: Thực hiện quyền xuất khẩu, quyền nhập khẩu, quyền phân phối bán buôn các hàng hóa không thuộc danh mục hàng hóa cấm xuất khẩu, cấm nhập khẩu và danh mục hàng hóa khôn",internet
316224944,CÔNG TY TNHH LAPTOP NGOẠI,CÔNG TY TNHH LAPTOP NGOẠI,Công ty trách nhiệm hữu hạn một thành viên,"112A Phùng Văn Cung, Phường 04, Quận Phú Nhuận, Thành phố Hồ Chí Minh, Việt Nam",Quận Phú Nhuận,"4741: Bán lẻ máy vi tính, thiết bị ngoại vi, phần mềm và thiết bị viễn thông trong các cửa hàng chuyên doanh-;4651: Bán buôn máy vi tính, thiết bị ngoại vi và phần mềm-;9511: Sửa chữa máy vi tính và t",lap top
316227342,CÔNG TY TNHH SIÊU THỊ TƯƠI VIỆT NAM,CÔNG TY TNHH SIÊU THỊ TƯƠI VIỆ,Công ty trách nhiệm hữu hạn một thành viên,"42/6 Nguyễn Văn Trỗi, Phường 15, Quận Phú Nhuận, Thành phố Hồ Chí Minh, Việt Nam",Quận Phú Nhuận,"4711: Bán lẻ lương thực, thực phẩm, đồ uống, thuốc lá, thuốc lào chiếm tỷ trọng lớn trong các cửa hàng kinh doanh tổng hợp-Chi tiết: Bán lẻ lương thực, thực phẩm, đồ uống chiếm tỷ trọng lớn trong các ",internet
316235840,CÔNG TY TNHH EDUCATION SOFTWARE VIỆT NAM,CÔNG TY TNHH EDUCATION SOFTWAR,Công ty trách nhiệm hữu hạn hai thành viên trở lên,"148 - 150 Nguyễn Đình Chính, Phường 08, Quận Phú Nhuận, Thành phố Hồ Chí Minh, Việt Nam",Quận Phú Nhuận,"5820: Xuất bản phần mềm-Chi Tiết: Sản xuất phần mềm;4651: Bán buôn máy vi tính, thiết bị ngoại vi và phần mềm-;6201: Lập trình máy vi tính-;6202: Tư vấn máy vi tính và quản trị hệ thống máy vi tính-;6",software
316238175,CÔNG TY TNHH CÔNG NGHỆ SHAREABLE CHARGERS,CÔNG TY TNHH CÔNG NGHỆ SHAREAB,Công ty trách nhiệm hữu hạn một thành viên,"122/1 Phổ Quang, Phường 09, Quận Phú Nhuận, Thành phố Hồ Chí Minh, Việt Nam",Quận Phú Nhuận,"4632: Bán buôn thực phẩm-Chi tiết: Bán buôn thực phẩm chức năng.;4631: Bán buôn gạo, lúa mỳ, hạt ngũ cốc khác, bột mỳ-(không hoạt động tại trụ sở);4649: Bán buôn đồ dùng khác cho gia đình-Chi tiết: - ",internet
316249089,CÔNG TY TNHH MỘT THÀNH VIÊN UPDOHA VIỆT NAM,CÔNG TY TNHH MỘT THÀNH VIÊN UP,Công ty trách nhiệm hữu hạn một thành viên,"178/4/6D Phan Đăng Lưu, Phường 03, Quận Phú Nhuận, Thành phố Hồ Chí Minh, Việt Nam",Quận Phú Nhuận,"1071: Sản xuất các loại bánh từ bột-;1079: Sản xuất thực phẩm khác chưa được phân vào đâu-Chi tiết: Sản xuất nguyên liệu làm bánh (trừ sản xuất, chế biến thực phẩm tươi sống);1811: In ấn-Chi tiết: In ",internet
316237809,CÔNG TY TNHH OVERPOWER GROUP,CÔNG TY TNHH OVERPOWER GROUP,Công ty trách nhiệm hữu hạn hai thành viên trở lên,"21G Nguyễn Văn Trỗi, Phường 12, Quận Phú Nhuận, Thành phố Hồ Chí Minh, Việt Nam",Quận Phú Nhuận,"6190: Hoạt động viễn thông khác-Chi tiết: Hoạt động của các điểm truy cập internet, điểm cung cấp dịch vụ trò chơi điện tử.;4633: Bán buôn đồ uống-Chi tiết: Bán buôn đồ uống có cồn, bán buôn đồ uống k",internet
316248952,CÔNG TY TNHH SX-TM-DV PEACOCK PICTURES,CÔNG TY TNHH SXTMDV PEACOCK PI,Công ty trách nhiệm hữu hạn một thành viên,"Số 115/91/16 Đường Lê Văn Sỹ, Phường 13, Quận Phú Nhuận, Thành phố Hồ Chí Minh, Việt Nam",Quận Phú Nhuận,"7110: Hoạt động kiến trúc và tư vấn kỹ thuật có liên quan-;7410: Hoạt động thiết kế chuyên dụng-;7120: Kiểm tra và phân tích kỹ thuật-;4321: Lắp đặt hệ thống điện-(trừ gia công cơ khí, tái chế phế thả",internet
316259383,CÔNG TY TNHH GOSHIP.VN,CÔNG TY TNHH GOSHIPVN,Công ty trách nhiệm hữu hạn một thành viên,"50D Hoa Cau, Phường 07, Quận Phú Nhuận, Thành phố Hồ Chí Minh, Việt Nam",Quận Phú Nhuận,"6201: Lập trình máy vi tính-;6202: Tư vấn máy vi tính và quản trị hệ thống máy vi tính-;6209: Hoạt động dịch vụ công nghệ thông tin và dịch vụ khác liên quan đến máy vi tính-;6311: Xử lý dữ liệu, cho ",internet
316258816,CÔNG TY TNHH THE L STUDIOS,CÔNG TY TNHH THE L STUDIOS,Công ty trách nhiệm hữu hạn một thành viên,"50D Hoa Cau, Phường 07, Quận Phú Nhuận, Thành phố Hồ Chí Minh, Việt Nam",Quận Phú Nhuận,"6201: Lập trình máy vi tính-;6209: Hoạt động dịch vụ công nghệ thông tin và dịch vụ khác liên quan đến máy vi tính-;6311: Xử lý dữ liệu, cho thuê và các hoạt động liên quan-;6312: Cổng thông tin-;6622",internet
316255861,CÔNG TY TNHH THƯƠNG MẠI XUẤT NHẬP KHẨU DCT,CÔNG TY TNHH THƯƠNG MẠI XUẤT N,Công ty trách nhiệm hữu hạn hai thành viên trở lên,"134/27 Đào Duy Anh, Phường 09, Quận Phú Nhuận, Thành phố Hồ Chí Minh, Việt Nam",Quận Phú Nhuận,"4690: Bán buôn tổng hợp-(trừ bán buôn bình gas, khí dầu mỏ hóa lỏng LPG, dầu nhớt cặn, vàng miếng, súng, đạn loại dùng đi săn hoặc thể thao và tiền kim khí; trừ bán lẻ hóa chất tại trụ sở; Thực hiện t",internet
316273927,CÔNG TY TNHH GOSELL VIỆT NAM,CÔNG TY TNHH GOSELL VIỆT NAM,Công ty trách nhiệm hữu hạn một thành viên,"Lầu 8, Số 19 Hồ Văn Huê, Phường 09, Quận Phú Nhuận, Thành phố Hồ Chí Minh, Việt Nam",Quận Phú Nhuận,"4791: Bán lẻ theo yêu cầu đặt hàng qua bưu điện hoặc internet-(trừ bán lẻ bình gas, khí dầu mỏ hóa lỏng LPG, dầu nhớt cặn, vàng miếng, súng, đạn loại dùng đi săn hoặc thể thao và tiền kim khí và thực ",internet
316256713,CÔNG TY TNHH DỄ DÀNG TMĐT,CÔNG TY TNHH DỄ DÀNG TMĐT,Công ty trách nhiệm hữu hạn hai thành viên trở lên,"173Q Đặng Văn Ngữ, Phường 14, Quận Phú Nhuận, Thành phố Hồ Chí Minh, Việt Nam",Quận Phú Nhuận,4722: Bán lẻ thực phẩm trong các cửa hàng chuyên doanh-(thực hiện theo quyết định 64/2009/QĐ-UBND ngày 31/07/2009 và quyết định  số 79/2009/QĐ-UBND ngày 17/10/2009 của Ủy ban nhân dân TP. Hồ Chí Minh ,internet
316462000,CÔNG TY TNHH KD - TRUST,CÔNG TY TNHH KD  TRUST,Công ty trách nhiệm hữu hạn hai thành viên trở lên,"251/8 Nguyễn Văn Trỗi, Phường 10, Quận Phú Nhuận, Thành phố Hồ Chí Minh, Việt Nam",Quận Phú Nhuận,"2640: Sản xuất sản phẩm điện tử dân dụng-(Không hoạt động tại trụ sở).;4311: Phá dỡ-;4312: Chuẩn bị mặt bằng-;4321: Lắp đặt hệ thống điện-(trừ gia công cơ khí, tái chế phế thải, xi mạ điện tại trụ sở)",internet
316746002,CÔNG TY TNHH THƯƠNG MẠI ĐẦU TƯ PHÁT TRIỂN NGUYÊN PHÁT,CÔNG TY TNHH THƯƠNG MẠI ĐẦU TƯ,Công ty trách nhiệm hữu hạn hai thành viên trở lên,"352/5 Cô Giang, Phường 02, Quận Phú Nhuận, Thành phố Hồ Chí Minh, Việt Nam",Quận Phú Nhuận,"4649: Bán buôn đồ dùng khác cho gia đình-Chi tiết: Bán buôn điện máy, mỹ phẩm, đồ dùng trang trí nội thất;4931: Vận tải hành khách đường bộ trong nội thành, ngoại thành (trừ vận tải bằng xe buýt)-;493",internet
316247437,CÔNG TY TNHH TSC PHẠM LÊ,CÔNG TY TNHH TSC PHẠM LÊ,Công ty trách nhiệm hữu hạn hai thành viên trở lên,"50 Phan Tây Hồ, Phường 07, Quận Phú Nhuận, Thành phố Hồ Chí Minh, Việt Nam",Quận Phú Nhuận,"3314: Sửa chữa thiết bị điện-;3312: Sửa chữa máy móc, thiết bị-;3320: Lắp đặt máy móc và thiết bị công nghiệp-;4321: Lắp đặt hệ thống điện-;4322: Lắp đặt hệ thống cấp, thoát nước, hệ thống sưởi và điề",internet
316271006,CÔNG TY TNHH PHẦN MỀM CNG,CÔNG TY TNHH PHẦN MỀM CNG,Công ty trách nhiệm hữu hạn một thành viên,"55/16 Lê Văn Sỹ, Phường 13, Quận Phú Nhuận, Thành phố Hồ Chí Minh, Việt Nam",Quận Phú Nhuận,"6399: Dịch vụ thông tin khác chưa được phân vào đâu-Chi tiết:
– Các dịch vụ thông tin qua điện thoại;
– Các dịch vụ tìm kiếm thông tin thông qua hợp đồng hay trên cơ sở phí;
(trừ dịch vụ cắt xén thông",internet
316298230,CÔNG TY CỔ PHẦN THỜI TRANG PROJECT X,CÔNG TY CỔ PHẦN THỜI TRANG PRO,Công ty cổ phần,"54 Trương Quốc Dung, Phường 10, Quận Phú Nhuận, Thành phố Hồ Chí Minh, Việt Nam",Quận Phú Nhuận,"4631: Bán buôn gạo, lúa mỳ, hạt ngũ cốc khác, bột mỳ-(không hoạt động tại trụ sở);4632: Bán buôn thực phẩm-(không hoạt động tại trụ sở);4633: Bán buôn đồ uống-Chi tiết: bán buôn đồ uống có cồn. Bán bu",internet
316289606,CÔNG TY TNHH THƯƠNG MẠI ÂN ĐẠI PHÁT,CÔNG TY TNHH THƯƠNG MẠI ÂN ĐẠI,Công ty trách nhiệm hữu hạn một thành viên,"Số 3, Đường Hoa Hồng, Phường 02, Quận Phú Nhuận, Thành phố Hồ Chí Minh, Việt Nam",Quận Phú Nhuận,"4649: Bán buôn đồ dùng khác cho gia đình-;4772: Bán lẻ thuốc, dụng cụ y tế, mỹ phẩm và vật phẩm vệ sinh trong các cửa hàng chuyên doanh-Chi tiết: Bán lẻ nước hoa, mỹ phẩm và vật phẩm vệ sinh trong các",internet
316308288,CÔNG TY TNHH THƯƠNG MẠI VÀ DỊCH VỤ ÁNH DƯƠNG FAMILY,CÔNG TY TNHH THƯƠNG MẠI VÀ DỊC,Công ty trách nhiệm hữu hạn một thành viên,"140B Nguyễn Văn Trỗi, Phường 08, Quận Phú Nhuận, Thành phố Hồ Chí Minh, Việt Nam",Quận Phú Nhuận,"4610: Đại lý, môi giới, đấu giá hàng hóa-Chi tiết: Đại lý mua bán ký gởi;6820: Tư vấn, môi giới, đấu giá bất động sản, đấu giá quyền sử dụng đất-Chi tiết: Môi giới bất động sản;7110: Hoạt động kiến tr",internet
316290288,CÔNG TY TNHH DỊCH VỤ TRUYỀN THÔNG MIXTAPE,CÔNG TY TNHH DỊCH VỤ TRUYỀN TH,Công ty trách nhiệm hữu hạn hai thành viên trở lên,"54 Trương Quốc Dung, Phường 10, Quận Phú Nhuận, Thành phố Hồ Chí Minh, Việt Nam",Quận Phú Nhuận,"8219: Photo, chuẩn bị tài liệu và các hoạt động hỗ trợ văn phòng đặc biệt khác-;8220: Hoạt động dịch vụ liên quan đến các cuộc gọi-;8230: Tổ chức giới thiệu và xúc tiến thương mại-chi tiết: Tổ chức sự",internet
316310093,CÔNG TY TNHH D'VINE FOODS,CÔNG TY TNHH DVINE FOODS,Công ty trách nhiệm hữu hạn hai thành viên trở lên,"69A1 Trần Kế Xương, Phường 07, Quận Phú Nhuận, Thành phố Hồ Chí Minh, Việt Nam",Quận Phú Nhuận,"4633: Bán buôn đồ uống-;4632: Bán buôn thực phẩm-( Không hoạt đông tại trụ sở);4641: Bán buôn vải, hàng may mặc, giày dép-;4649: Bán buôn đồ dùng khác cho gia đình-;4791: Bán lẻ theo yêu cầu đặt hàng ",internet
316308030,CÔNG TY TRÁCH NHIỆM HỮU HẠN BEHALI,CÔNG TY TRÁCH NHIỆM HỮU HẠN BE,Công ty trách nhiệm hữu hạn hai thành viên trở lên,"260C Phan Đình Phùng, Phường 01, Quận Phú Nhuận, Thành phố Hồ Chí Minh, Việt Nam",Quận Phú Nhuận,"1010: Chế biến, bảo quản thịt và các sản phẩm từ thịt-(không hoạt động tại trụ sở);1020: Chế biến, bảo quản thuỷ sản và các sản phẩm từ thuỷ sản-;1030: Chế biến và bảo quản rau quả-;1040: Sản xuất dầu",internet
316283731,CÔNG TY TNHH THE GOLDEN BLACK,CÔNG TY TNHH THE GOLDEN BLACK,Công ty trách nhiệm hữu hạn hai thành viên trở lên,"Phòng 3.07, Khu I, Tòa nhà The Prince Residence, Số 19 - 21 Nguyễn Văn Trỗi, Phường 11, Quận Phú Nhuận, Thành phố Hồ Chí Minh, Việt Nam",Quận Phú Nhuận,4791: Bán lẻ theo yêu cầu đặt hàng qua bưu điện hoặc internet-Chi tiết: Dịch vụ sàn giao dịch thương mại điện tử;4722: Bán lẻ thực phẩm trong các cửa hàng chuyên doanh-(thực hiện theo quyết định 64/20,internet
316298738,CÔNG TY TNHH THIẾT KẾ XÂY DỰNG NÉT TƯỜNG XANH,CÔNG TY TNHH THIẾT KẾ XÂY DỰNG,Công ty trách nhiệm hữu hạn hai thành viên trở lên,"42A Nguyễn Lâm, Phường 07, Quận Phú Nhuận, Thành phố Hồ Chí Minh, Việt Nam",Quận Phú Nhuận,"4299: Xây dựng công trình kỹ thuật dân dụng khác-;4649: Bán buôn đồ dùng khác cho gia đình-Chi tiết: Bán buôn giường, tủ, bàn ghế và đồ dùng nội thất tương tự; đồ điện gia dụng, đèn và bộ đèn điện, hà",internet
316307661,CÔNG TY TNHH DTAP PRODUCTION,CÔNG TY TNHH DTAP PRODUCTION,Công ty trách nhiệm hữu hạn hai thành viên trở lên,"18/14 Huỳnh Văn Bánh, Phường 15, Quận Phú Nhuận, Thành phố Hồ Chí Minh, Việt Nam",Quận Phú Nhuận,"5920: Hoạt động ghi âm và xuất bản âm nhạc-Chi tiết: Hoạt động ghi âm (trừ karaoke);5911: Hoạt động sản xuất phim điện ảnh, phim video và chương trình truyền hình-(trừ sản xuất phim, phát sóng và khôn",internet
316299724,CÔNG TY TNHH 82 OFFSUIT GERMANY,CÔNG TY TNHH 82 OFFSUIT GERMAN,Công ty trách nhiệm hữu hạn hai thành viên trở lên,"41/3 Phan Đình Phùng, Phường 17, Quận Phú Nhuận, Thành phố Hồ Chí Minh, Việt Nam",Quận Phú Nhuận,"1410: May trang phục (trừ trang phục từ da lông thú)-(trừ tẩy, nhuộm, hồ, in trên các sản phẩm vải, sợi, dệt, may, đan và gia công hàng đã qua sử dụng tại trụ sở);4620: Bán buôn nông, lâm sản nguyên l",internet
316339494,CÔNG TY TNHH TẬP ĐOÀN VICTORIA LAND,CÔNG TY TNHH TẬP ĐOÀN VICTORIA,Công ty trách nhiệm hữu hạn hai thành viên trở lên,"274 Huỳnh Văn Bánh, Phường 11, Quận Phú Nhuận, Thành phố Hồ Chí Minh, Việt Nam",Quận Phú Nhuận,"6810: Kinh doanh bất động sản, quyền sử dụng đất thuộc chủ sở hữu, chủ sử dụng hoặc đi thuê-Chi tiết: Kinh doanh nhà (trừ nhận quyền sử dụng đất để đầu tư xây dựng cơ sở hạ tầng theo quy hoạch xây dựn",internet
316333728,CÔNG TY TNHH ATC SOLUTIONS,CÔNG TY TNHH ATC SOLUTIONS,Công ty trách nhiệm hữu hạn hai thành viên trở lên,"270/109/9B Phan Đình Phùng, Phường 01, Quận Phú Nhuận, Thành phố Hồ Chí Minh, Việt Nam",Quận Phú Nhuận,"4651: Bán buôn máy vi tính, thiết bị ngoại vi và phần mềm-;4652: Bán buôn thiết bị và linh kiện điện tử, viễn thông-;4653: Bán buôn máy móc, thiết bị và phụ tùng máy nông nghiệp-;4659: Bán buôn máy mó",internet
316314690,CÔNG TY CỔ PHẦN GIÁO DỤC TESSE,CÔNG TY CỔ PHẦN GIÁO DỤC TESSE,Công ty cổ phần,"120/86/113 Thích Quảng Đức, Phường 05, Quận Phú Nhuận, Thành phố Hồ Chí Minh, Việt Nam",Quận Phú Nhuận,"4791: Bán lẻ theo yêu cầu đặt hàng qua bưu điện hoặc internet-(trừ bán lẻ bình gas, khí dầu mỏ hóa lỏng LPG, dầu nhớt cặn, vàng miếng, súng, đạn loại dùng đi săn hoặc thể thao và tiền kim khí; trừ bán",internet
316308143,CÔNG TY TNHH ARURA,CÔNG TY TNHH ARURA,Công ty trách nhiệm hữu hạn một thành viên,"250/25/23 Nguyễn Thượng Hiền, Phường 05, Quận Phú Nhuận, Thành phố Hồ Chí Minh, Việt Nam",Quận Phú Nhuận,"4101: Xây dựng nhà để ở-;4102: Xây dựng nhà không để ở-;4311: Phá dỡ-;4312: Chuẩn bị mặt bằng-;4321: Lắp đặt hệ thống điện-;4322: Lắp đặt hệ thống cấp, thoát nước, hệ thống sưởi và điều hoà không khí-",internet
316318448,CÔNG TY TNHH CÔNG NGHỆ CAO THIÊN PHÚ HỮU,CÔNG TY TNHH CÔNG NGHỆ CAO THI,Công ty trách nhiệm hữu hạn một thành viên,"Phòng 702A Tầng 7, Tòa nhà Centre Point, 106 Nguyễn Văn Trỗi, Phường 08, Quận Phú Nhuận, Thành phố Hồ Chí Minh, Việt Nam",Quận Phú Nhuận,"6312: Cổng thông tin-Chi tiết: Thiết lập trang thông tin điện tử tổng hợp.;6820: Tư vấn, môi giới, đấu giá bất động sản, đấu giá quyền sử dụng đất-Chi tiết: Tư vấn, môi giới bất động sản (trừ tư vấn t",internet
316318582,CÔNG TY TNHH PHÁT TRIỂN THƯƠNG MẠI GREEN FOODS,CÔNG TY TNHH PHÁT TRIỂN THƯƠNG,Công ty trách nhiệm hữu hạn một thành viên,"72/19D Phan Đăng Lưu, Phường 05, Quận Phú Nhuận, Thành phố Hồ Chí Minh, Việt Nam",Quận Phú Nhuận,"8299: Hoạt động dịch vụ hỗ trợ kinh doanh khác còn lại chưa được phân vào đâu-(trừ dịch vụ lấy lại tài sản, máy thu tiền xu đỗ xe, hoạt động đấu giá độc lập, quản lý và bảo vệ trật tự tại các chợ);478",internet
316318906,CÔNG TY TNHH LUXURY NAVIGATOR MEDIA,CÔNG TY TNHH LUXURY NAVIGATOR ,Công ty trách nhiệm hữu hạn hai thành viên trở lên,"91/17 Nguyễn Trọng Tuyển, Phường 15, Quận Phú Nhuận, Thành phố Hồ Chí Minh, Việt Nam",Quận Phú Nhuận,"7310: Quảng cáo-Chi tiết: Việc cung cấp tất cả các lĩnh vực của dịch vụ quảng cáo (thông qua năng lực của tổ chức hoặc hợp đồng phụ), bao gồm tư vấn, dịch vụ sáng tạo, sản xuất các nguyên liệu cho quả",internet
316353097,CÔNG TY TNHH DỊCH VỤ AN NHIÊN HOMESTAY,CÔNG TY TNHH DỊCH VỤ AN NHIÊN ,Công ty trách nhiệm hữu hạn một thành viên,"107 Cư xá đường Nguyễn Văn Trỗi, Phường 17, Quận Phú Nhuận, Thành phố Hồ Chí Minh, Việt Nam",Quận Phú Nhuận,"6810: Kinh doanh bất động sản, quyền sử dụng đất thuộc chủ sở hữu, chủ sử dụng hoặc đi thuê-- Chi tiết: Kinh doanh bất động sản; Cho thuê nhà, căn hộ có đồ đạc hoặc chưa có đồ đạc hoặc các phòng sử dụ",internet
316339021,CÔNG TY CỔ PHẦN TỔ CHỨC LIÊN MINH ẨM THỰC NGƯỜI VIỆT TOÀN CẦU VIETQUEEN,CÔNG TY CỔ PHẦN TỔ CHỨC LIÊN M,Công ty cổ phần,"148 Hồng Hà, Phường 09, Quận Phú Nhuận, Thành phố Hồ Chí Minh, Việt Nam",Quận Phú Nhuận,"8230: Tổ chức giới thiệu và xúc tiến thương mại-(không thực hiện các hiệu ứng cháy, nổ; không sử dụng chất nổ, chất cháy, hóa chất làm đạo cụ, dụng cụ thực hiện các chương trình văn nghệ, sự kiện, phi",internet
316343243,CÔNG TY TNHH THƯƠNG MẠI DỊCH VỤ XUẤT NHẬP KHẨU DINGE UND LEBEN,CÔNG TY TNHH THƯƠNG MẠI DỊCH V,Công ty trách nhiệm hữu hạn một thành viên,"136 Hoàng Văn Thụ, Phường 09, Quận Phú Nhuận, Thành phố Hồ Chí Minh, Việt Nam",Quận Phú Nhuận,"4620: Bán buôn nông, lâm sản nguyên liệu (trừ gỗ, tre, nứa) và động vật sống-(không hoạt động tại trụ sở);4631: Bán buôn gạo, lúa mỳ, hạt ngũ cốc khác, bột mỳ-(không hoạt động tại trụ sở);4632: Bán bu",internet
316354083,CÔNG TY TNHH BẢO ÂN COMPUTER,CÔNG TY TNHH BẢO ÂN COMPUTER,Công ty trách nhiệm hữu hạn một thành viên,"216 Nguyễn Thượng Hiền, Phường 05, Quận Phú Nhuận, Thành phố Hồ Chí Minh, Việt Nam",Quận Phú Nhuận,"1812: Dịch vụ liên quan đến in-;4543: Bán phụ tùng và các bộ phận phụ trợ của mô tô, xe máy-;4610: Đại lý, môi giới, đấu giá hàng hóa-Chi tiết: Đại lý, môi giới hàng hóa;4632: Bán buôn thực phẩm-(khôn",computer
316331047,CÔNG TY CỔ PHẦN QUỐC TẾ GFP,CÔNG TY CỔ PHẦN QUỐC TẾ GFP,Công ty cổ phần,"Số 2 Hoa Phượng , Phường 02, Quận Phú Nhuận, Thành phố Hồ Chí Minh, Việt Nam",Quận Phú Nhuận,1030: Chế biến và bảo quản rau quả-Chi tiết: Sản xuất nước ép từ rau quả. Chế biến và bảo quản rau quả khác;1061: Xay xát và sản xuất bột thô-;1071: Sản xuất các loại bánh từ bột-;1073: Sản xuất ca ca,internet
316348964,CÔNG TY TNHH DỊCH VỤ VÀ TƯ VẤN MINH NHẬT,CÔNG TY TNHH DỊCH VỤ VÀ TƯ VẤN,Công ty trách nhiệm hữu hạn một thành viên,"106 Nguyễn Văn Trỗi, Phường 08, Quận Phú Nhuận, Thành phố Hồ Chí Minh, Việt Nam",Quận Phú Nhuận,"7020: Hoạt động tư vấn quản lý-(trừ tư vấn tài chính, kế toán, pháp lý)
Chi tiết:Việc cung cấp tư vấn, hướng dẫn và trợ giúp điều hành đối với doanh nghiệp và các tổ chức khác trong vấn đề quản lý, nh",internet
316359701,CÔNG TY TNHH THỰC PHẨM SIAM CANADIAN VIỆT NAM,CÔNG TY TNHH THỰC PHẨM SIAM CA,Công ty trách nhiệm hữu hạn hai thành viên trở lên,"Số 188 Hồng Hà, Phường 09, Quận Phú Nhuận, Thành phố Hồ Chí Minh, Việt Nam",Quận Phú Nhuận,"4690: Bán buôn tổng hợp-Chi tiết: Thực hiện quyền xuất khẩu, nhập khẩu, phân phối bán buôn các hàng hóa không thuộc danh mục hàng hóa cấm xuất khẩu, nhập khẩu và phân phối theo quy định của pháp luật ",internet
316358384,CÔNG TY TNHH THƯƠNG MẠI DỊCH VỤ ĐẦU TƯ THÀNH THÀNH PHÁT,CÔNG TY TNHH THƯƠNG MẠI DỊCH V,Công ty trách nhiệm hữu hạn một thành viên,"19/38 Hồ Văn Huê, Phường 09, Quận Phú Nhuận, Thành phố Hồ Chí Minh, Việt Nam",Quận Phú Nhuận,"4649: Bán buôn đồ dùng khác cho gia đình-(trừ dược phẩm);4761: Bán lẻ sách, báo, tạp chí văn phòng phẩm trong các cửa hàng chuyên doanh-;6820: Tư vấn, môi giới, đấu giá bất động sản, đấu giá quyền sử ",internet
316340940,CÔNG TY CỔ PHẦN THƯƠNG MẠI DỊCH VỤ XUẤT NHẬP KHẨU O2O VIỆT NAM,CÔNG TY CỔ PHẦN THƯƠNG MẠI DỊC,Công ty cổ phần,"56 Bùi Văn Thêm, Phường 09, Quận Phú Nhuận, Thành phố Hồ Chí Minh, Việt Nam",Quận Phú Nhuận,"4690: Bán buôn tổng hợp-(trừ bán buôn hóa chất, khí dầu mỏ hóa lỏng LPG, dầu nhớt cặn, vàng miếng, súng, đạn loại dùng đi săn hoặc thể thao và tiền kim khí; Thực hiện theo Quyết định 64/2009/QĐ-UBND n",internet
316360457,CÔNG TY CỔ PHẦN TỔ CHỨC LIÊN MINH NGƯỜI VIỆT KINH DOANH TOÀN CẦU VIETNAM BUSINESS,CÔNG TY CỔ PHẦN TỔ CHỨC LIÊN M,Công ty cổ phần,"Số 1 Đặng Văn Ngữ, Phường 10, Quận Phú Nhuận, Thành phố Hồ Chí Minh, Việt Nam",Quận Phú Nhuận,"6312: Cổng thông tin-Chi tiết: Thiết lập trang thông tin điện tử tổng hợp, thiết lập mạng xã hội;6201: Lập trình máy vi tính-Chi tiết:  Sản xuất phần mềm;6202: Tư vấn máy vi tính và quản trị hệ thống ",internet
316356122,CÔNG TY TNHH GIẢI PHÁP VÔ HẠN,CÔNG TY TNHH GIẢI PHÁP VÔ HẠN,Công ty trách nhiệm hữu hạn một thành viên,"178/17A1 Phan Đăng Lưu, Phường 03, Quận Phú Nhuận, Thành phố Hồ Chí Minh, Việt Nam",Quận Phú Nhuận,"8121: Vệ sinh chung nhà cửa-; 8130: Dịch vụ chăm sóc và duy trì cảnh quan-; 0150: Trồng trọt, chăn nuôi hỗn hợp-chi tiết: Nuôi trồng nông thủy sản.;0163: Hoạt động dịch vụ sau thu hoạch-chi tiết: Chế ",internet
316372780,CÔNG TY TNHH ATARAXIA CREATIVE AGENCY,CÔNG TY TNHH ATARAXIA CREATIVE,Công ty trách nhiệm hữu hạn hai thành viên trở lên,"207/2H Trần Kế Xương, Phường 07, Quận Phú Nhuận, Thành phố Hồ Chí Minh, Việt Nam",Quận Phú Nhuận,"7020: Hoạt động tư vấn quản lý-(trừ tư vấn tài chính, pháp lý);7310: Quảng cáo-;7320: Nghiên cứu thị trường và thăm dò dư luận-;8230: Tổ chức giới thiệu và xúc tiến thương mại-Chi tiết: Tổ chức giới t",internet
316377563,CÔNG TY TNHH ACOM AGENCY,CÔNG TY TNHH ACOM AGENCY,Công ty trách nhiệm hữu hạn một thành viên,"41 Cù Lao, Phường 02, Quận Phú Nhuận, Thành phố Hồ Chí Minh, Việt Nam",Quận Phú Nhuận,"7990: Dịch vụ đặt chỗ và các dịch vụ hỗ trợ liên quan đến quảng bá và tổ chức tua du lịch-;4610: Đại lý, môi giới, đấu giá hàng hóa-Chi tiết: Đại lý bán hàng hóa, Môi giới mua bán hàng hóa (trừ đấu gi",internet
316385878,"CÔNG TY TNHH THƯƠNG MẠI, DỊCH VỤ DUYÊN THÀNH TNH",CÔNG TY TNHH THƯƠNG MẠI DỊCH V,Công ty trách nhiệm hữu hạn hai thành viên trở lên,"282B Nguyễn Trọng Tuyển, Phường 10, Quận Phú Nhuận, Thành phố Hồ Chí Minh, Việt Nam",Quận Phú Nhuận,"4620: Bán buôn nông, lâm sản nguyên liệu (trừ gỗ, tre, nứa) và động vật sống-(không hoạt động tại trụ sở) (trừ động vật hoang dã thuộc danh mục điều ước quốc tế mà Việt Nam ký kết hoặc tham gia quy đị",internet
316370060,CÔNG TY CỔ PHẦN ANTACO SOLAR,CÔNG TY CỔ PHẦN ANTACO SOLAR,Công ty cổ phần,"Phòng 3.22-3.23, Tầng 3, Khu Văn Phòng, Số 223 và 223B đường Hoàng Văn Thụ, Phường 08, Quận Phú Nhuận, Thành phố Hồ Chí Minh, Việt Nam",Quận Phú Nhuận,"2710: Sản xuất mô tơ, máy phát, biến thế điện, thiết bị phân phối và điều khiển điện-;2811: Sản xuất động cơ, tua bin (trừ động cơ máy bay, ô tô, mô tô và xe máy)-;2812: Sản xuất thiết bị sử dụng năng",internet
316368978,CÔNG TY TNHH MTV CÀ PHÊ NÈ,CÔNG TY TNHH MTV CÀ PHÊ NÈ,Công ty trách nhiệm hữu hạn một thành viên,"71 Huỳnh Văn Bánh, Phường 17, Quận Phú Nhuận, Thành phố Hồ Chí Minh, Việt Nam",Quận Phú Nhuận,"1079: Sản xuất thực phẩm khác chưa được phân vào đâu-Chi tiết:  sản xuất cà phê nguyên liệu , cà phê bột, cà phê gói, cà phê tiện dụng. Rang và lọc cà phê;1104: Sản xuất đồ uống không c",internet
316375125,CÔNG TY CỔ PHẦN XÚC TIẾN THƯƠNG MẠI - TRUYỀN THÔNG XÂY DỰNG DOANH NGHIỆP VIỆT,CÔNG TY CỔ PHẦN XÚC TIẾN THƯƠN,Công ty cổ phần,"Lầu 3, Phòng 26, Tòa Nhà Garden Gate, Số 08 Đường Hoàng Minh Giám, Phường 09, Quận Phú Nhuận, Thành phố Hồ Chí Minh, Việt Nam",Quận Phú Nhuận,"4641: Bán buôn vải, hàng may mặc, giày dép-Chi tiết: Bán buôn, xuất nhập khẩu vải, hàng may mặc, giày dép;4669: Bán buôn chuyên doanh khác chưa được phân vào đâu-Chi tiết: Bán buôn, xuất nhập khẩu hàn",internet
316405450,CÔNG TY TNHH TH EMPIRE,CÔNG TY TNHH TH EMPIRE,Công ty trách nhiệm hữu hạn một thành viên,"4.25 Tầng 4, Tòa nhà Kingston Residence, 223 - 223B Hoàng Văn Thụ, Phường 08, Quận Phú Nhuận, Thành phố Hồ Chí Minh, Việt Nam",Quận Phú Nhuận,"7310: Quảng cáo-;8230: Tổ chức giới thiệu và xúc tiến thương mại-Chi tiết: Tổ chức sự kiện, hội nghị, hội thảo, hội chợ, triển lãm (không thực hiện các hiệu ứng cháy nổ; không sử dụng chất nổ, chất ch",internet
316392836,DOANH NGHIỆP TƯ NHÂN VỎ SÒ QUỐC TẾ,DOANH NGHIỆP TƯ NHÂN VỎ SÒ QUỐ,Doanh nghiệp tư nhân,"100 Đào Duy Anh , Phường 09, Quận Phú Nhuận, Thành phố Hồ Chí Minh, Việt Nam",Quận Phú Nhuận,"5229: Hoạt động dịch vụ hỗ trợ khác liên quan đến vận tải--Chi tiết: Hoạt động của các đại lý bán vé máy bay, vé tàu, vé xe.;6190: Hoạt động viễn thông khác--Chi tiết: Đại lý dịch vụ bưu chính viễn th",internet
316385395,CÔNG TY CỔ PHẦN NOVACLINIC,CÔNG TY CỔ PHẦN NOVACLINIC,Công ty cổ phần,"Số 2.01, Tầng 2, Khu thương mại - Dịch vụ - Officetel, Dự án Khu thương mại, dịch vụ, văn phòng, officetel và căn hộ tại số 8 đường Hoàng Minh Giám, Phường 09, Quận Phú Nhuận, Thành phố Hồ Chí Minh, Việt Nam",Quận Phú Nhuận,"8610: Hoạt động của các bệnh viện, trạm y tế-(không hoạt động tại trụ sở);2100: Sản xuất thuốc, hoá dược và dược liệu-(không hoạt động tại trụ sở) (Căn cứ theo công văn số 6230/UBND-KT ngày 02/11/2016",internet
316422897,CÔNG TY CỔ PHẦN VẬT TƯ Y TẾ GLK VIỆT NAM,CÔNG TY CỔ PHẦN VẬT TƯ Y TẾ GL,Công ty cổ phần,"305 Phan Đình Phùng, Phường 15, Quận Phú Nhuận, Thành phố Hồ Chí Minh, Việt Nam",Quận Phú Nhuận,"3250: Sản xuất thiết bị, dụng cụ y tế, nha khoa, chỉnh hình và phục hồi chức năng-;4610: Đại lý, môi giới, đấu giá hàng hóa-Chi tiết: Đại lý, môi giới hàng hóa;4772: Bán lẻ thuốc, dụng cụ y tế, mỹ phẩ",internet
316418114,CÔNG TY CỔ PHẦN PDA HEALTHCARE & BEAUTY,CÔNG TY CỔ PHẦN PDA HEALTHCARE,Công ty cổ phần,"221E/5 Trần Huy Liệu, Phường 08, Quận Phú Nhuận, Thành phố Hồ Chí Minh, Việt Nam",Quận Phú Nhuận,"8230: Tổ chức giới thiệu và xúc tiến thương mại-Chi tiết: Tổ chức sự kiện, hội nghị, hội thảo (không thực hiện các hiệu ứng cháy, nổ; không sử dụng chất nổ, chất cháy, hóa chất làm đạo cụ, dụng cụ thự",internet
316452563,CÔNG TY CỔ PHẦN SAIGONESE BAGUETTE,CÔNG TY CỔ PHẦN SAIGONESE BAGU,Công ty cổ phần,"228 Phan Xích Long, Phường 07, Quận Phú Nhuận, Thành phố Hồ Chí Minh, Việt Nam",Quận Phú Nhuận,"1071: Sản xuất các loại bánh từ bột-;1010: Chế biến, bảo quản thịt và các sản phẩm từ thịt-(Doanh nghiệp không kinh doanh giết mổ gia súc, gia cầm);1020: Chế biến, bảo quản thuỷ sản và các sản phẩm từ",internet
316427045,CÔNG TY CỔ PHẦN NGHIÊN CỨU PHÁT TRIỂN AN TOÀN VÀ MÔI TRƯỜNG DẦU KHÍ,CÔNG TY CỔ PHẦN NGHIÊN CỨU PHÁ,Công ty cổ phần,"53 đường Hoa Đào, Phường 02, Quận Phú Nhuận, Thành phố Hồ Chí Minh, Việt Nam",Quận Phú Nhuận,"7490: Hoạt động chuyên môn, khoa học và công nghệ khác chưa được phân vào đâu-Chi tiết:
- Tư vấn về quản lý an toàn thiết bị và công nghệ; thiết lập chương trình quản lý an toàn; xây dựng và triển kha",internet
316470650,CÔNG TY TNHH ATC EXPORT-IMPORT,CÔNG TY TNHH ATC EXPORTIMPORT,Công ty trách nhiệm hữu hạn hai thành viên trở lên,"OP-03.14 tại Orchard Parkview apartment, số 130-132 Hồng Hà, Phường 09, Quận Phú Nhuận, Thành phố Hồ Chí Minh, Việt Nam",Quận Phú Nhuận,"4641: Bán buôn vải, hàng may mặc, giày dép-- Chi tiết: Bán buôn vải, hàng may mặc, giày dép; Bán buôn khẩu trang kháng  khuẩn,  khẩu  trang  chống  bụi, các loại khẩu trang khác 
(CPC 622); 4771: Bán ",internet
316441498,CÔNG TY CỔ PHẦN ĐẦU TƯ PHÁT TRIỂN BẤT ĐỘNG SẢN ĐẠI KIM THÀNH,CÔNG TY CỔ PHẦN ĐẦU TƯ PHÁT TR,Công ty cổ phần,"Số 61 Phùng Văn Cung, Phường 02, Quận Phú Nhuận, Thành phố Hồ Chí Minh, Việt Nam",Quận Phú Nhuận,"6820: Tư vấn, môi giới, đấu giá bất động sản, đấu giá quyền sử dụng đất-Chi tiết: Kinh doanh dịch vụ môi giới bất động sản, Sàn giao dịch bất động sản;7110: Hoạt động kiến trúc và tư vấn kỹ thuật có l",internet
316483000,CÔNG TY TNHH DỊCH VỤ & THƯƠNG MẠI TRÌNH GIA,CÔNG TY TNHH DỊCH VỤ  THƯƠNG M,Công ty trách nhiệm hữu hạn hai thành viên trở lên,"Số 7 Hồ Văn Huê, Phường 09, Quận Phú Nhuận, Thành phố Hồ Chí Minh, Việt Nam",Quận Phú Nhuận,4723: Bán lẻ đồ uống trong các cửa hàng chuyên doanh-;4721: Bán lẻ lương thực trong các cửa hàng chuyên doanh-(thực hiện theo Quyết định 64/2009/QĐ-UBND ngày 31/07/2009 và Quyết định 79/2009/QĐ-UBND n,internet
316431531,CÔNG TY TNHH CV INTERNATIONAL,CÔNG TY TNHH CV INTERNATIONAL,Công ty trách nhiệm hữu hạn một thành viên,"P.702A Tầng 7, Tòa nhà Centre Point, 106 Nguyễn Văn Trỗi, Phường 08, Quận Phú Nhuận, Thành phố Hồ Chí Minh, Việt Nam",Quận Phú Nhuận,"4690: Bán buôn tổng hợp-(trừ bán buôn bình gas, khí dầu mỏ hóa lỏng LPG, dầu nhớt cặn, vàng miếng,súng, đạn loại dùng đi săn hoặc thể thao và tiền kim khí; trừ bán buôn hóa chất tại trụ sở; thực hiện ",internet
316438671,CÔNG TY TNHH CÔNG NGHỆ VÀ DỊCH VỤ ONE SOLUTION,CÔNG TY TNHH CÔNG NGHỆ VÀ DỊCH,Công ty trách nhiệm hữu hạn một thành viên,"Tầng 7, Tòa nhà A Space, số 121Bis Nguyễn Văn Trỗi , Phường 11, Quận Phú Nhuận, Thành phố Hồ Chí Minh, Việt Nam",Quận Phú Nhuận,"6201: Lập trình máy vi tính-Chi tiết: Sản xuất phần mềm;4651: Bán buôn máy vi tính, thiết bị ngoại vi và phần mềm-;4652: Bán buôn thiết bị và linh kiện điện tử, viễn thông-;4741: Bán lẻ máy vi tính, t",internet
316453479,CÔNG TY CP THƯƠNG MẠI & GIAO DỊCH THÔNG MINH,CÔNG TY CP THƯƠNG MẠI  GIAO DỊ,Công ty cổ phần,"Số 352 Đường Trường Sa, Phường 02, Quận Phú Nhuận, Thành phố Hồ Chí Minh, Việt Nam",Quận Phú Nhuận,"6201: Lập trình máy vi tính-Chi tiết: sản xuất, gia công phần mềm;6202: Tư vấn máy vi tính và quản trị hệ thống máy vi tính-;6209: Hoạt động dịch vụ công nghệ thông tin và dịch vụ khác liên quan đến m",internet
316447549,CÔNG TY TNHH MARIS VIỆT NAM,CÔNG TY TNHH MARIS VIỆT NAM,Công ty trách nhiệm hữu hạn một thành viên,"250/42A Nguyễn Thượng Hiền, Phường 05, Quận Phú Nhuận, Thành phố Hồ Chí Minh, Việt Nam",Quận Phú Nhuận,"4791: Bán lẻ theo yêu cầu đặt hàng qua bưu điện hoặc internet-(trừ bán lẻ bình gas, khí dầu mỏ hóa lỏng LPG, dầu nhớt cặn, vàng miếng, súng, đạn loại dùng đi săn hoặc thể thao và tiền kim khí; trừ bán",internet
316451640,CÔNG TY TNHH ĐẦU TƯ THƯƠNG MẠI DỊCH VỤ GIA ÂN,CÔNG TY TNHH ĐẦU TƯ THƯƠNG MẠI,Công ty trách nhiệm hữu hạn một thành viên,"247/8B Hoàng Hoa Thám, Phường 05, Quận Phú Nhuận, Thành phố Hồ Chí Minh, Việt Nam",Quận Phú Nhuận,"7410: Hoạt động thiết kế chuyên dụng-;7020: Hoạt động tư vấn quản lý-(trừ tư vấn tài chính, kế toán, pháp luật).;4390: Hoạt động xây dựng chuyên dụng khác-;1811: In ấn-;0810: Khai thác đá, cát, sỏi, đ",internet
316448221,CÔNG TY TNHH TM DV EAGLE,CÔNG TY TNHH TM DV EAGLE,Công ty trách nhiệm hữu hạn hai thành viên trở lên,"271 Nguyễn Trọng Tuyển, Phường 10, Quận Phú Nhuận, Thành phố Hồ Chí Minh, Việt Nam",Quận Phú Nhuận,"4632: Bán buôn thực phẩm-(Không hoạt động  tại trụ sở chính);4633: Bán buôn đồ uống-;4711: Bán lẻ lương thực, thực phẩm, đồ uống, thuốc lá, thuốc lào chiếm tỷ trọng lớn trong các cửa hàng kinh doanh t",internet
316455557,CÔNG TY TNHH THƯƠNG MẠI TYTY,CÔNG TY TNHH THƯƠNG MẠI TYTY,Công ty trách nhiệm hữu hạn hai thành viên trở lên,"76/28F đường Phan Tây Hồ, Phường 07, Quận Phú Nhuận, Thành phố Hồ Chí Minh, Việt Nam",Quận Phú Nhuận,"4641: Bán buôn vải, hàng may mặc, giày dép-;4649: Bán buôn đồ dùng khác cho gia đình-;4751: Bán lẻ vải, len, sợi, chỉ khâu và hàng dệt khác trong các cửa hàng chuyên doanh-;4753: Bán lẻ thảm, đệm, chă",internet
316461046,CÔNG TY TNHH NỘI THẤT VÀ XÂY DỰNG ERIC,CÔNG TY TNHH NỘI THẤT VÀ XÂY D,Công ty trách nhiệm hữu hạn một thành viên,"Tầng 8, Tòa nhà Centre Point Tower, Số 106 Nguyễn Văn Trỗi, Phường 08, Quận Phú Nhuận, Thành phố Hồ Chí Minh, Việt Nam",Quận Phú Nhuận,"4322: Lắp đặt hệ thống cấp, thoát nước, hệ thống sưởi và điều hoà không khí--(trừ lắp đặt các thiết bị lạnh (thiết bị cấp đông, kho lạnh, máy đá, điều hòa không khí, làm lạnh nước) sử dụng ga lạnh R22",internet
316503514,CÔNG TY TNHH AT HEART GIFT,CÔNG TY TNHH AT HEART GIFT,Công ty trách nhiệm hữu hạn một thành viên,"150/30 Đặng Văn Ngữ, Phường 14, Quận Phú Nhuận, Thành phố Hồ Chí Minh, Việt Nam",Quận Phú Nhuận,"4649: Bán buôn đồ dùng khác cho gia đình-;4652: Bán buôn thiết bị và linh kiện điện tử, viễn thông-;4669: Bán buôn chuyên doanh khác chưa được phân vào đâu-Chi tiết: Bán buôn quà tặng lưu niệm.;4773: ",internet
316441353,CÔNG TY TNHH ĐÀO TẠO Y KHOA THẨM MỸ VIKOGROUP,CÔNG TY TNHH ĐÀO TẠO Y KHOA TH,Công ty trách nhiệm hữu hạn hai thành viên trở lên,"279/4 Huỳnh Văn Bánh, Phường 11, Quận Phú Nhuận, Thành phố Hồ Chí Minh, Việt Nam",Quận Phú Nhuận,"8531: Đào tạo sơ cấp-(không hoạt động tại trụ sở);8620: Hoạt động của các phòng khám đa khoa, chuyên khoa và nha khoa-(không có bệnh nhân lưu trú);9631: Cắt tóc, làm đầu, gội đầu-(trừ hoạt động gây ch",internet
316482127,CÔNG TY TNHH ANGDEST,CÔNG TY TNHH ANGDEST,Công ty trách nhiệm hữu hạn một thành viên,"489A/23/41A Huỳnh Văn Bánh, Phường 13, Quận Phú Nhuận, Thành phố Hồ Chí Minh, Việt Nam",Quận Phú Nhuận,"4721: Bán lẻ lương thực trong các cửa hàng chuyên doanh-;4722: Bán lẻ thực phẩm trong các cửa hàng chuyên doanh-Chi tiết: Bán lẻ thịt và các sản phẩm thịt trong các cửa hàng chuyên doanh
Bán lẻ thủy s",internet
316473316,CÔNG TY CỔ PHẦN THỜI TRANG BÌNH THƯỜNG MỚI,CÔNG TY CỔ PHẦN THỜI TRANG BÌN,Công ty cổ phần,"Số 169 Trần Huy Liệu, Phường 08, Quận Phú Nhuận, Thành phố Hồ Chí Minh, Việt Nam",Quận Phú Nhuận,"4610: Đại lý, môi giới, đấu giá hàng hóa-Chi tiết: Đại lý bán hàng hóa;4669: Bán buôn chuyên doanh khác chưa được phân vào đâu-(trừ bán buôn bình gas, khí dầu mỏ hóa lỏng LPG, dầu nhớt cặn, vàng miếng",internet
316455500,CÔNG TY TNHH ĐẦU TƯ THƯƠNG MẠI DỊCH VỤ KIM TUẤN KIỆT,CÔNG TY TNHH ĐẦU TƯ THƯƠNG MẠI,Công ty trách nhiệm hữu hạn một thành viên,"247/8B Hoàng Hoa Thám, Phường 05, Quận Phú Nhuận, Thành phố Hồ Chí Minh, Việt Nam",Quận Phú Nhuận,"4633: Bán buôn đồ uống-;4651: Bán buôn máy vi tính, thiết bị ngoại vi và phần mềm-;4652: Bán buôn thiết bị và linh kiện điện tử, viễn thông-;4632: Bán buôn thực phẩm-(không hoạt động tại trụ sở);4723:",internet
316521859,CÔNG TY TNHH ĐẦU TƯ THƯƠNG MẠI DỊCH VỤ MNC,CÔNG TY TNHH ĐẦU TƯ THƯƠNG MẠI,Công ty trách nhiệm hữu hạn một thành viên,"247/8B Hoàng Hoa Thám, Phường 05, Quận Phú Nhuận, Thành phố Hồ Chí Minh, Việt Nam",Quận Phú Nhuận,"4633: Bán buôn đồ uống-;4651: Bán buôn máy vi tính, thiết bị ngoại vi và phần mềm-;4652: Bán buôn thiết bị và linh kiện điện tử, viễn thông-;4632: Bán buôn thực phẩm-(không hoạt động tại trụ sở);4723:",internet
316469091,CÔNG TY CỔ PHẦN BỆNH VIỆN JK,CÔNG TY CỔ PHẦN BỆNH VIỆN JK,Công ty cổ phần,"19 Hoàng Minh Giám, Phường 09, Quận Phú Nhuận, Thành phố Hồ Chí Minh, Việt Nam",Quận Phú Nhuận,4330: Hoàn thiện công trình xây dựng-;4390: Hoạt động xây dựng chuyên dụng khác-;4511: Bán buôn ô tô và xe có động cơ khác-;4512: Bán lẻ ô tô con (loại 9 chỗ ngồi trở xuống)-;4513: Đại lý ô tô và xe c,internet
316526952,CÔNG TY TNHH HOÀNG NAM BI,CÔNG TY TNHH HOÀNG NAM BI,Công ty trách nhiệm hữu hạn một thành viên,"20 Đoàn Thị Điểm, Phường 01, Quận Phú Nhuận, Thành phố Hồ Chí Minh, Việt Nam",Quận Phú Nhuận,"9329: Hoạt động vui chơi giải trí khác chưa được phân vào đâu-(trừ vũ trường, kinh doanh karaoke, kinh doanh trò chơi điện tử có thưởng dành cho người nước ngoài và kinh doanh trò chơi điện tử có thưở",internet
316463942,CÔNG TY TNHH ĐẦU TƯ THƯƠNG MẠI DỊCH VỤ SƠN KHUÊ,CÔNG TY TNHH ĐẦU TƯ THƯƠNG MẠI,Công ty trách nhiệm hữu hạn một thành viên,"247/8B Hoàng Hoa Thám, Phường 05, Quận Phú Nhuận, Thành phố Hồ Chí Minh, Việt Nam",Quận Phú Nhuận,"8560: Dịch vụ hỗ trợ giáo dục-;5510: Dịch vụ lưu trú ngắn ngày-Chi tiết: Khách sạn, biệt thự du lịch, căn hộ du lịch, nhà nghỉ du lịch, nhà ở có phòng cho khách du lịch thuê;7912: Điều hành tua du lịc",internet
316478554,CÔNG TY TNHH TMDV HOÀNG CÁT,CÔNG TY TNHH TMDV HOÀNG CÁT,Công ty trách nhiệm hữu hạn một thành viên,"61 Trần Kế Xương, Phường 07, Quận Phú Nhuận, Thành phố Hồ Chí Minh, Việt Nam",Quận Phú Nhuận,"4641: Bán buôn vải, hàng may mặc, giày dép-chi tiết: bán buôn hàng may mặc, quần áo thời trang;4753: Bán lẻ thảm, đệm, chăn, màn, rèm, vật liệu phủ tường và sàn trong các cửa hàng chuyên doanh-;4772: ",internet
316498568,CÔNG TY TNHH THƯƠNG MẠI ÁNH DƯƠNG NAM,CÔNG TY TNHH THƯƠNG MẠI ÁNH DƯ,Công ty trách nhiệm hữu hạn một thành viên,"P.702A Tầng 7, Tòa nhà Centre Point, 106 Nguyễn Văn Trỗi, Phường 08, Quận Phú Nhuận, Thành phố Hồ Chí Minh, Việt Nam",Quận Phú Nhuận,"4641: Bán buôn vải, hàng may mặc, giày dép-;4649: Bán buôn đồ dùng khác cho gia đình-;4651: Bán buôn máy vi tính, thiết bị ngoại vi và phần mềm-;4652: Bán buôn thiết bị và linh kiện điện tử, viễn thôn",internet
316491770,CÔNG TY TNHH SHIBUYA LAND,CÔNG TY TNHH SHIBUYA LAND,Công ty trách nhiệm hữu hạn một thành viên,"số 72/24 đường Phan Đăng Lưu, Phường 05, Quận Phú Nhuận, Thành phố Hồ Chí Minh, Việt Nam",Quận Phú Nhuận,1311: Sản xuất sợi-(không hoạt động tại trụ sở);1312: Sản xuất vải dệt thoi-(không hoạt động tại trụ sở);1313: Hoàn thiện sản phẩm dệt-(không hoạt động tại trụ sở);1391: Sản xuất vải dệ,internet
316507445,CÔNG TY TNHH XUẤT NHẬP KHẨU THƯƠNG MẠI B.H.Y,CÔNG TY TNHH XUẤT NHẬP KHẨU TH,Công ty trách nhiệm hữu hạn một thành viên,"28/17 Đặng Văn Ngữ, Phường 10, Quận Phú Nhuận, Thành phố Hồ Chí Minh, Việt Nam",Quận Phú Nhuận,"4669: Bán buôn chuyên doanh khác chưa được phân vào đâu-(trừ bán buôn bình gas, khí dầu mỏ hóa lỏng LPG, dầu nhớt cặn, vàng miếng, súng, đạn loại dùng đi săn hoặc thể thao và tiền kim khí; trừ bán buô",internet
316495743,CÔNG TY CỔ PHẦN THỰC PHẨM MKC,CÔNG TY CỔ PHẦN THỰC PHẨM MKC,Công ty cổ phần,"Số 115/91/16 Đường Lê Văn Sỹ, Phường 13, Quận Phú Nhuận, Thành phố Hồ Chí Minh, Việt Nam",Quận Phú Nhuận,"1104: Sản xuất đồ uống không cồn, nước khoáng-;3530: Sản xuất, phân phối hơi nước, nước nóng, điều hoà không khí và sản xuất nước đá-Chi tiết: Sản xuất nước đá;4610: Đại lý, môi giới, đấu giá hàng hóa",internet
316502359,CÔNG TY TNHH PHẦN MỀM GIẢI PHÁP ĐƠN GIẢN,CÔNG TY TNHH PHẦN MỀM GIẢI PHÁ,Công ty trách nhiệm hữu hạn một thành viên,"Khu I - Tầng 4. P1- 4.23 – Cao ốc Văn Phòng – Thương mại dịch vụ - Căn hộ The Prince Residence, Số 17-19-21 Đường  Nguyễn Văn Trỗi, Phường 12, Quận Phú Nhuận, Thành phố Hồ Chí Minh, Việt Nam",Quận Phú Nhuận,"7310: Quảng cáo-;4610: Đại lý, môi giới, đấu giá hàng hóa-Chi tiết: Đại lý bán hàng hóa; Môi giới mua bán hàng hóa.;6209: Hoạt động dịch vụ công nghệ thông tin và dịch vụ khác liên quan đến máy vi tín",internet
316521249,CÔNG TY TNHH GIẢI PHÁP QUỐC VŨ,CÔNG TY TNHH GIẢI PHÁP QUỐC VŨ,Công ty trách nhiệm hữu hạn một thành viên,"127 - 129 Hoàng Văn Thụ, Phường 08, Quận Phú Nhuận, Thành phố Hồ Chí Minh, Việt Nam",Quận Phú Nhuận,"6202: Tư vấn máy vi tính và quản trị hệ thống máy vi tính-;6209: Hoạt động dịch vụ công nghệ thông tin và dịch vụ khác liên quan đến máy vi tính-;4610: Đại lý, môi giới, đấu giá hàng hóa-(trừ đấu giá ",internet
316521898,CÔNG TY TNHH THƯƠNG MẠI DỊCH VỤ VÀ XUẤT NHẬP KHẨU HẢI NHI,CÔNG TY TNHH THƯƠNG MẠI DỊCH V,Công ty trách nhiệm hữu hạn một thành viên,"84/16 Trần Hữu Trang, Phường 10, Quận Phú Nhuận, Thành phố Hồ Chí Minh, Việt Nam",Quận Phú Nhuận,"1071: Sản xuất các loại bánh từ bột-;1073: Sản xuất ca cao, sôcôla và bánh kẹo-;1075: Sản xuất món ăn, thức ăn chế biến sẵn-;1079: Sản xuất thực phẩm khác chưa được phân vào đâu-(trừ sản xuất, chế biế",internet
316524440,CÔNG TY TNHH CÔNG NGHỆ TANI ASEAN,CÔNG TY TNHH CÔNG NGHỆ TANI AS,Công ty trách nhiệm hữu hạn một thành viên,"P.702A Tầng 7, Tòa nhà Centre Point, 106 Nguyễn Văn Trỗi, Phường 08, Quận Phú Nhuận, Thành phố Hồ Chí Minh, Việt Nam",Quận Phú Nhuận,6201: Lập trình máy vi tính-;6209: Hoạt động dịch vụ công nghệ thông tin và dịch vụ khác liên quan đến máy vi tính-Chi tiết: Dịch vụ đăng ký hộ tên miền và lưu trữ Website phục vụ cho thiết kế trang W,internet
316532931,CÔNG TY TNHH DỊCH VỤ HÀNG HÓA XNK NHẤT TÍN PHƯƠNG,CÔNG TY TNHH DỊCH VỤ HÀNG HÓA ,Công ty trách nhiệm hữu hạn hai thành viên trở lên,"750/1/38 Nguyễn Kiệm, Phường 04, Quận Phú Nhuận, Thành phố Hồ Chí Minh, Việt Nam",Quận Phú Nhuận,"4773: Bán lẻ hàng hóa khác mới trong các cửa hàng chuyên doanh-(trừ bán lẻ bình gas, khí dầu mỏ hóa lỏng LPG, dầu nhớt cặn, vàng miếng, súng, đạn loại dùng đi săn hoặc thể thao và tiền kim khí; trừ bá",internet
316568166,CÔNG TY CỔ PHẦN TÂM TRÍ LỰC HOLDINGS,CÔNG TY CỔ PHẦN TÂM TRÍ LỰC HO,Công ty cổ phần,"778/11 Nguyễn Kiệm, Phường 04, Quận Phú Nhuận, Thành phố Hồ Chí Minh, Việt Nam",Quận Phú Nhuận,8559: Giáo dục khác chưa được phân vào đâu-(trừ dạy về tôn giáo; các trường của các tổ chức Đảng - Đoàn thể);8552: Giáo dục văn hoá nghệ thuật-(trừ hoạt động của các sàn nhảy);3290: Sản xuất khác chưa,internet
316531092,CÔNG TY TNHH CÔNG NGHỆ & DỊCH VỤ VINH PHÁT,CÔNG TY TNHH CÔNG NGHỆ  DỊCH V,Công ty trách nhiệm hữu hạn hai thành viên trở lên,"74/13 Trương Quốc Dung, Phường 10, Quận Phú Nhuận, Thành phố Hồ Chí Minh, Việt Nam",Quận Phú Nhuận,"6201: Lập trình máy vi tính-Sản xuất phần mềm;4651: Bán buôn máy vi tính, thiết bị ngoại vi và phần mềm-;4652: Bán buôn thiết bị và linh kiện điện tử, viễn thông-;4741: Bán lẻ máy vi tính, thiết bị ng",internet
316577273,CÔNG TY TNHH THƯƠNG MẠI DỊCH VỤ LUXGIFT,CÔNG TY TNHH THƯƠNG MẠI DỊCH V,Công ty trách nhiệm hữu hạn hai thành viên trở lên,"P4-26 Tầng 4, Tòa nhà The Prince Residence, Số 19-21 Nguyễn Văn Trỗi, Phường 12, Quận Phú Nhuận, Thành phố Hồ Chí Minh, Việt Nam",Quận Phú Nhuận,"4620: Bán buôn nông, lâm sản nguyên liệu (trừ gỗ, tre, nứa) và động vật sống-Chi tiết: Bán buôn các loại hạt dinh dưỡng, hạt macca, hạt óc chó, hạt hạnh nhân, hạt điều, hạt chia, hạt dẻ;4773: Bán lẻ h",internet
316526783,CÔNG TY TNHH TMDV WEPEA,CÔNG TY TNHH TMDV WEPEA,Công ty trách nhiệm hữu hạn hai thành viên trở lên,"138 Lê Văn Sỹ, Phường 10, Quận Phú Nhuận, Thành phố Hồ Chí Minh, Việt Nam",Quận Phú Nhuận,"4791: Bán lẻ theo yêu cầu đặt hàng qua bưu điện hoặc internet-(Trừ đấu giá bán lẻ qua bưu điện hoặc internet) (trừ bán lẻ bình gas, khí dầu mỏ hóa lỏng LPG, dầu nhớt cặn, vàng miếng, súng, đạn loại dù",internet
316529463,CÔNG TY TNHH KINH DOANH XUẤT NHẬP KHẨU AN KHANG,CÔNG TY TNHH KINH DOANH XUẤT N,Công ty trách nhiệm hữu hạn hai thành viên trở lên,"18/8 Huỳnh Văn Bánh, Phường 15, Quận Phú Nhuận, Thành phố Hồ Chí Minh, Việt Nam",Quận Phú Nhuận,"4620: Bán buôn nông, lâm sản nguyên liệu (trừ gỗ, tre, nứa) và động vật sống-Chi tiết: Bán buôn thức ăn, vitamin, khoáng chất và nguyên liệu làm thức ăn cho gia súc, gia cầm và thủy sản;0210: Trồng rừ",internet
316539542,CÔNG TY TNHH ĐẦU TƯ THƯƠNG MẠI XUẤT NHẬP KHẨU NAM ANH HOÀNG,CÔNG TY TNHH ĐẦU TƯ THƯƠNG MẠI,Công ty trách nhiệm hữu hạn hai thành viên trở lên,"Tòa nhà VIETOFFICE1, 25 Phan Đình Phùng, Phường 17, Quận Phú Nhuận, Thành phố Hồ Chí Minh, Việt Nam",Quận Phú Nhuận,"4641: Bán buôn vải, hàng may mặc, giày dép-Chi tiết: Bán buôn vải, hàng may sẵn, giày dép;4633: Bán buôn đồ uống-Chi tiết: Bán buôn rượu; Bán buôn bia; Bán buôn các đồ uống chiết xuất từ trái cây; Bán",internet
316542048,CÔNG TY TNHH FOL-ATELIER,CÔNG TY TNHH FOLATELIER,Công ty trách nhiệm hữu hạn hai thành viên trở lên,"251/8 Nguyễn Văn Trỗi, Phường 10, Quận Phú Nhuận, Thành phố Hồ Chí Minh, Việt Nam",Quận Phú Nhuận,"7110: Hoạt động kiến trúc và tư vấn kỹ thuật có liên quan-;7410: Hoạt động thiết kế chuyên dụng-;4662: Bán buôn kim loại và quặng kim loại-(trừ mua bán vàng miếng).;4663: Bán buôn vật liệu, thiết bị l",internet
316510046,CÔNG TY TNHH GIẢI PHÁP VÀNG GLOBAL,CÔNG TY TNHH GIẢI PHÁP VÀNG GL,Công ty trách nhiệm hữu hạn hai thành viên trở lên,"489A/23/6 Huỳnh Văn Bánh, Phường 13, Quận Phú Nhuận, Thành phố Hồ Chí Minh, Việt Nam",Quận Phú Nhuận,4669: Bán buôn chuyên doanh khác chưa được phân vào đâu-Chi tiết: Bán buôn phân bón các loại; Bán buôn hóa chất các loại (Không tồn trưc hóa chất tại trụ sở); Bán buôn chuyên doanh khác chưa được phân,internet
316544535,CÔNG TY CỔ PHẦN YAN HOLDING,CÔNG TY CỔ PHẦN YAN HOLDING,Công ty cổ phần,"10 Phan Đình Phùng, Phường 02, Quận Phú Nhuận, Thành phố Hồ Chí Minh, Việt Nam",Quận Phú Nhuận,"2620: Sản xuất máy vi tính và thiết bị ngoại vi của máy vi tính-Chi tiết: Sản xuất máy vi tính, phần cứng - phần mềm vi tính, mạng máy tính (không rèn, đúc, cán kéo kim loại, dập, gò, hàn, sơn; xi mạ ",internet
316549445,CÔNG TY TNHH CÔNG NGHỆ SOLO PRIME,CÔNG TY TNHH CÔNG NGHỆ SOLO PR,Công ty trách nhiệm hữu hạn một thành viên,"237/11 Phan Đình Phùng, Phường 15, Quận Phú Nhuận, Thành phố Hồ Chí Minh, Việt Nam",Quận Phú Nhuận,"7110: Hoạt động kiến trúc và tư vấn kỹ thuật có liên quan-Chi tiết: Tư vấn thiết kế, tư vấn giám sát, tư vấn xây dựng các công trình xây dựng; Hoạt động kiến trúc và tư vấn kỹ thuật có liên quan.;7410",internet
316545803,CÔNG TY TNHH TEST AND TRADE,CÔNG TY TNHH TEST AND TRADE,Công ty trách nhiệm hữu hạn một thành viên,"270/65/17 Phan Đình Phùng, Phường 01, Quận Phú Nhuận, Thành phố Hồ Chí Minh, Việt Nam",Quận Phú Nhuận,"4649: Bán buôn đồ dùng khác cho gia đình-(trừ dược phẩm);4651: Bán buôn máy vi tính, thiết bị ngoại vi và phần mềm-;4652: Bán buôn thiết bị và linh kiện điện tử, viễn thông-;4653: Bán buôn máy móc, th",internet
316560921,CÔNG TY TNHH TỔ CHỨC TOPVIETNAM,CÔNG TY TNHH TỔ CHỨC TOPVIETNA,Công ty trách nhiệm hữu hạn hai thành viên trở lên,"148 Hồng Hà, Phường 09, Quận Phú Nhuận, Thành phố Hồ Chí Minh, Việt Nam",Quận Phú Nhuận,"1811: In ấn-Chi tiết: In sách, ấn phẩm định kỳ, thiệp chúc mừng (trừ in tráng bao bì kim loại, in trên các sản phẩm vải sợi, dệt, may đan).;3211: Sản xuất đồ kim hoàn và chi tiết liên quan-(trừ sản xu",internet
316548427,CÔNG TY TNHH TƯ VẤN XÂY DỰNG KIÊN CƯỜNG PHÁT,CÔNG TY TNHH TƯ VẤN XÂY DỰNG K,Công ty trách nhiệm hữu hạn hai thành viên trở lên,"343/16 Phan Xích Long, Phường 01, Quận Phú Nhuận, Thành phố Hồ Chí Minh, Việt Nam",Quận Phú Nhuận,"3700: Thoát nước và xử lý nước thải-;4101: Xây dựng nhà để ở-;4102: Xây dựng nhà không để ở-;4211: Xây dựng công trình đường sắt-;4221: Xây dựng công trình điện--(doanh nghiệp không cung cấp hàng hóa,",internet
316559605,CÔNG TY TNHH MTV KHÔI VẠN,CÔNG TY TNHH MTV KHÔI VẠN,Công ty trách nhiệm hữu hạn một thành viên,"P702A Tầng 7, Tòa nhà Centre Point, 106 Nguyễn Văn Trỗi, Phường 08, Quận Phú Nhuận, Thành phố Hồ Chí Minh, Việt Nam",Quận Phú Nhuận,"7120: Kiểm tra và phân tích kỹ thuật-;7010: Hoạt động của trụ sở văn phòng-Chi tiết: dịch vụ quản lý chung cư, tòa nhà văn phòng;8299: Hoạt động dịch vụ hỗ trợ kinh doanh khác còn lại chưa được phân v",internet
316615874,CÔNG TY TNHH THƯƠNG MẠI DỊCH VỤ HÀ MINH PHÚ,CÔNG TY TNHH THƯƠNG MẠI DỊCH V,Công ty trách nhiệm hữu hạn hai thành viên trở lên,"151/52 Huỳnh Văn Bánh, Phường 12, Quận Phú Nhuận, Thành phố Hồ Chí Minh, Việt Nam",Quận Phú Nhuận,"4799: Bán lẻ hình thức khác chưa được phân vào đâu-(trừ bán lẻ bình gas, khí dầu mỏ hóa lỏng LPG, dầu nhớt cặn, vàng miếng, súng, đạn loại dùng đi săn hoặc thể thao và tiền kim khí; trừ bán lẻ hóa chấ",internet
316602723,CÔNG TY TNHH DIAMOND RED TECHNOLOGY,CÔNG TY TNHH DIAMOND RED TECHN,Công ty trách nhiệm hữu hạn một thành viên,"P.702A Tầng 7, Tòa nhà Centre Point, 106 Nguyễn Văn Trỗi, Phường 08, Quận Phú Nhuận, Thành phố Hồ Chí Minh, Việt Nam",Quận Phú Nhuận,"6201: Lập trình máy vi tính-Chi tiết: sản xuất, gia công phần mềm;6202: Tư vấn máy vi tính và quản trị hệ thống máy vi tính-;6209: Hoạt động dịch vụ công nghệ thông tin và dịch vụ khác liên quan đến m",internet
316575639,CÔNG TY TNHH EVERLASTING,CÔNG TY TNHH EVERLASTING,Công ty trách nhiệm hữu hạn một thành viên,"56/43 Thích Quảng Đức, Phường 05, Quận Phú Nhuận, Thành phố Hồ Chí Minh, Việt Nam",Quận Phú Nhuận,"4610: Đại lý, môi giới, đấu giá hàng hóa-Chi tiết: Đại lý, môi giới (trừ môi giới bất động sản, đấu giá);9610: Dịch vụ tắm hơi, massage và các dịch vụ tăng cường sức khoẻ tương tự (trừ hoạt động thể t",internet
316583767,CÔNG TY CỔ PHẦN BIG BRAIN,CÔNG TY CỔ PHẦN BIG BRAIN,Công ty cổ phần,"778/11 Nguyễn Kiệm, Phường 04, Quận Phú Nhuận, Thành phố Hồ Chí Minh, Việt Nam",Quận Phú Nhuận,"8559: Giáo dục khác chưa được phân vào đâu-Chi tiết: dạy toán bàn tính Soroban, cho trẻ từ 6 đến 12 tuổi; Giáo dục không xác định theo cấp độ tại các trung tâm đào tạo bồi dưỡng; đào tạo về sự sống (t",internet
316566793,CÔNG TY TNHH ĐẦU TƯ NĂNG LƯỢNG MẶT TRỜI SUNSEAP SOLARESCO,CÔNG TY TNHH ĐẦU TƯ NĂNG LƯỢNG,Công ty trách nhiệm hữu hạn một thành viên,"Tầng 12, tháp A, Tòa nhà Viettel, số 285 Cách Mạng Tháng 8, Phường 02, Quận Phú Nhuận, Thành phố Hồ Chí Minh, Việt Nam",Quận Phú Nhuận,"7020: Hoạt động tư vấn quản lý-( trừ tư vấn tài chính, kế toán, pháp luật);4321: Lắp đặt hệ thống điện-Chi tiết: Lắp đặt các thiết bị điện mặt trời trên mái nhà.;3320: Lắp đặt máy móc và thiết",internet
316570253,CÔNG TY CỔ PHẦN EZIN VIỆT NAM,CÔNG TY CỔ PHẦN EZIN VIỆT NAM,Công ty cổ phần,"Số 3/40, Đường Thích Quảng Đức , Phường 03, Quận Phú Nhuận, Thành phố Hồ Chí Minh, Việt Nam",Quận Phú Nhuận,6622: Hoạt động của đại lý và môi giới bảo hiểm-chi tiết: Hoạt động của đại lý bảo hiểm;6629: Hoạt động hỗ trợ khác cho bảo hiểm và bảo hiểm xã hội-chi tiết: tư vấn bảo hiểm; đánh giá rủi ro bảo hiểm;,internet
316584915,CÔNG TY CỔ PHẦN DIGITAL HOLDING,CÔNG TY CỔ PHẦN DIGITAL HOLDIN,Công ty cổ phần,"38/6A Nguyễn Văn Trỗi, Phường 15, Quận Phú Nhuận, Thành phố Hồ Chí Minh, Việt Nam",Quận Phú Nhuận,"5912: Hoạt động hậu kỳ-(trừ sản xuất phim, phát sóng và không thực hiện các hiệu ứng cháy, nổ; không sử dụng chất nổ, chất cháy, hóa chất làm đạo cụ, dụng cụ thực hiện các chương trình văn nghệ, sự ki",internet
316582900,CÔNG TY TNHH ĐẦU TƯ PHÁT TRIỂN ĐỊA ỐC SỐ,CÔNG TY TNHH ĐẦU TƯ PHÁT TRIỂN,Công ty trách nhiệm hữu hạn một thành viên,"122/4 Phổ Quang, Phường 09, Quận Phú Nhuận, Thành phố Hồ Chí Minh, Việt Nam",Quận Phú Nhuận,"4322: Lắp đặt hệ thống cấp, thoát nước, hệ thống sưởi và điều hoà không khí-(trừ lắp đặt các thiết bị điện lạnh (thiết bị cấp đông, kho lạnh, máy đá, điều hòa không khí, làm lạnh nước) sử dụng ga lạnh",internet
316591768,CÔNG TY TNHH AUTEROS ROBOTIC PROCESS AUTOMATION SOFTWARE,CÔNG TY TNHH AUTEROS ROBOTIC P,Công ty trách nhiệm hữu hạn một thành viên,"130 Chiến Thắng, Phường 09, Quận Phú Nhuận, Thành phố Hồ Chí Minh, Việt Nam",Quận Phú Nhuận,6201: Lập trình máy vi tính-Chi tiết : Sản xuất phần mềm;6209: Hoạt động dịch vụ công nghệ thông tin và dịch vụ khác liên quan đến máy vi tính-;Doanh nghiệp phải thực hiện đúng các quy định của pháp l,software
316614969,CÔNG TY TNHH ĐẦU TƯ XUẤT NHẬP KHẨU ROYAL VIỆT NAM,CÔNG TY TNHH ĐẦU TƯ XUẤT NHẬP ,Công ty trách nhiệm hữu hạn một thành viên,"153A Huỳnh Văn Bánh, Phường 11, Quận Phú Nhuận, Thành phố Hồ Chí Minh, Việt Nam",Quận Phú Nhuận,"4724: Bán lẻ sản phẩm thuốc lá, thuốc lào trong các cửa hàng chuyên doanh-(thực hiện theo quyết định 64/2009/QĐ-UBND ngày 31/07/2009 và quyết định số 79/2009/QĐ-UBND ngày 17/10/2009 của Ủy ban nhân dâ",internet
316598185,CÔNG TY TNHH GIẢI PHÁP THƯƠNG MẠI AMONG,CÔNG TY TNHH GIẢI PHÁP THƯƠNG ,Công ty trách nhiệm hữu hạn một thành viên,"220/19 Nguyễn Trọng Tuyển, Phường 08, Quận Phú Nhuận, Thành phố Hồ Chí Minh, Việt Nam",Quận Phú Nhuận,"6201: Lập trình máy vi tính-Chi tiết: sản xuất phần mềm;3319: Sửa chữa thiết bị khác-(trừ gia công cơ khí, tái chế phế thải, xi mạ điện tại trụ sở);4651: Bán buôn máy vi tính, thiết bị ngoại vi và phầ",internet
316607094,CÔNG TY TNHH THƯƠNG MẠI DỊCH VỤ ĐẦU TƯ AN THỊNH PHÁT,CÔNG TY TNHH THƯƠNG MẠI DỊCH V,Công ty trách nhiệm hữu hạn một thành viên,"Phòng 702A – Tầng 7 Tòa Nhà Centre Point Tower, 106 Nguyễn Văn Trỗi, Phường 08, Quận Phú Nhuận, Thành phố Hồ Chí Minh, Việt Nam",Quận Phú Nhuận,"4772: Bán lẻ thuốc, dụng cụ y tế, mỹ phẩm và vật phẩm vệ sinh trong các cửa hàng chuyên doanh-Chi tiết: Bán lẻ thực phẩm chức năng; Bán lẻ dụng cụ y tế và đồ chỉnh hình; Bán lẻ nước hoa, vật phẩm vệ s",internet
316604752,CÔNG TY CỔ PHẦN THƯƠNG MẠI SẢN XUẤT DỊCH VỤ 5F SOLUTION,CÔNG TY CỔ PHẦN THƯƠNG MẠI SẢN,Công ty cổ phần,"256 Phan Xích Long, Phường 02, Quận Phú Nhuận, Thành phố Hồ Chí Minh, Việt Nam",Quận Phú Nhuận,"2750: Sản xuất đồ điện dân dụng-;4719: Bán lẻ  khác trong các cửa hàng kinh doanh tổng hợp-(trừ bán lẻ hóa chất, khí dầu mỏ hóa lỏng LPG, dầu nhớt cặn, vàng miếng, súng, đạn loại dù",internet
316608852,CÔNG TY TNHH SÔNG GIANH XANH,CÔNG TY TNHH SÔNG GIANH XANH,Công ty trách nhiệm hữu hạn một thành viên,"Số 121 Bis Nguyễn Văn Trỗi, Phường 11, Quận Phú Nhuận, Thành phố Hồ Chí Minh, Việt Nam",Quận Phú Nhuận,"4772: Bán lẻ thuốc, dụng cụ y tế, mỹ phẩm và vật phẩm vệ sinh trong các cửa hàng chuyên doanh-;4791: Bán lẻ theo yêu cầu đặt hàng qua bưu điện hoặc internet-(Loại trừ đấu giá bán lẻ qua internet)
(Trừ",internet
316623716,CÔNG TY TNHH WE ARE WIN,CÔNG TY TNHH WE ARE WIN,Công ty trách nhiệm hữu hạn hai thành viên trở lên,"43 Hoa Đào, Phường 02, Quận Phú Nhuận, Thành phố Hồ Chí Minh, Việt Nam",Quận Phú Nhuận,"8699: Hoạt động y tế khác chưa được phân vào đâu-Chi tiết: - Thủy liệu pháp, xông hơi; Dịch vụ xoa bóp (masage); Dịch vụ chăm sóc sức khỏe tại nhà - Chữa bệnh bằng phương pháp vật lý trị liệu; đo thị ",internet
316643913,CÔNG TY CỔ PHẦN TRUYỀN THÔNG ĐA PHƯƠNG TIỆN GDL,CÔNG TY CỔ PHẦN TRUYỀN THÔNG Đ,Công ty cổ phần,"38/6A Nguyễn Văn Trỗi, Phường 15, Quận Phú Nhuận, Thành phố Hồ Chí Minh, Việt Nam",Quận Phú Nhuận,"7810: Hoạt động của các trung tâm, đại lý tư vấn, giới thiệu và môi giới lao động, việc làm-Chi tiết: Hoạt động của các đại lý tư vấn, giới thiệu và môi giới lao động, việc làm;7830: Cung ứng và quản ",internet
316624371,CÔNG TY CỔ PHẦN IO COFFEE,CÔNG TY CỔ PHẦN IO COFFEE,Công ty cổ phần,"396 Trường Sa, Phường 02, Quận Phú Nhuận, Thành phố Hồ Chí Minh, Việt Nam",Quận Phú Nhuận,"1030: Chế biến và bảo quản rau quả-Chi tiết: Sơ chế và đóng gói rau củ quả;1040: Sản xuất dầu, mỡ động, thực vật-(không hoạt động tại trụ sở);1050: Chế biến sữa và các sản phẩm từ sữa-;1061: Xay xát v",internet
316647234,CÔNG TY TNHH ĐỒ UỐNG LIÊN MINH,CÔNG TY TNHH ĐỒ UỐNG LIÊN MINH,Công ty trách nhiệm hữu hạn hai thành viên trở lên,"NTR#4-10 Tòa nhà Newton, 38 Trương Quốc Dung, Phường 08, Quận Phú Nhuận, Thành phố Hồ Chí Minh, Việt Nam",Quận Phú Nhuận,"4773: Bán lẻ hàng hóa khác mới trong các cửa hàng chuyên doanh-Chi tiết: Bán lẻ đồng hồ, kính mắt trong các cửa hàng chuyên doanh;4669: Bán buôn chuyên doanh khác chưa được phân vào đâu-Chi tiết: Bán ",internet
316648284,CÔNG TY TNHH ANZEN RETAIL,CÔNG TY TNHH ANZEN RETAIL,Công ty trách nhiệm hữu hạn một thành viên,"315 Phan Đình Phùng, Phường 15, Quận Phú Nhuận, Thành phố Hồ Chí Minh, Việt Nam",Quận Phú Nhuận,4722: Bán lẻ thực phẩm trong các cửa hàng chuyên doanh-(thực hiện theo quyết định 64/2009/QĐ-UBND ngày 31/07/2009 và quyết định 79/2009/QĐ-UBND ngày 17/10/2009 của Ủy ban nhân dân thành phố Hồ Chí Min,internet
109150878,CÔNG TY CỔ PHẦN KONNIT VIỆT NAM,CÔNG TY CỔ PHẦN KONNIT VIỆT NA,Công ty cổ phần,"Số 208 Huỳnh Văn Bánh, Phường 12, Quận Phú Nhuận, Thành phố Hồ Chí Minh, Việt Nam",Quận Phú Nhuận,"4610: Đại lý, môi giới, đấu giá hàng hóa-(trừ đấu giá tài sản);4711: Bán lẻ lương thực, thực phẩm, đồ uống, thuốc lá, thuốc lào chiếm tỷ trọng lớn trong các cửa hàng kinh doanh tổng hợp-(thực hiện the",internet
316632830,CÔNG TY TNHH THƯƠNG MẠI VÀ DỊCH VỤ TUBAN,CÔNG TY TNHH THƯƠNG MẠI VÀ DỊC,Công ty trách nhiệm hữu hạn một thành viên,"Số 251/10 Nguyễn Văn Trỗi, Phường 10, Quận Phú Nhuận, Thành phố Hồ Chí Minh, Việt Nam",Quận Phú Nhuận,6209: Hoạt động dịch vụ công nghệ thông tin và dịch vụ khác liên quan đến máy vi tính-;6202: Tư vấn máy vi tính và quản trị hệ thống máy vi tính-(Trừ kinh doanh đại lý cung cấp dịch vụ truy cập intern,internet
316640221,CÔNG TY TNHH  WOWI VIỆT NAM,CÔNG TY TNHH  WOWI VIỆT NAM,Công ty trách nhiệm hữu hạn một thành viên,"9/3B, Đặng Văn Ngữ, Phường 10, Quận Phú Nhuận, Thành phố Hồ Chí Minh, Việt Nam",Quận Phú Nhuận,"4651: Bán buôn máy vi tính, thiết bị ngoại vi và phần mềm-;6201: Lập trình máy vi tính-;6202: Tư vấn máy vi tính và quản trị hệ thống máy vi tính-;6209: Hoạt động dịch vụ công nghệ thông tin và dịch v",internet
316645188,CÔNG TY TNHH THE PAWS VIETNAM,CÔNG TY TNHH THE PAWS VIETNAM,Công ty trách nhiệm hữu hạn hai thành viên trở lên,"121Bis Nguyễn Văn Trỗi, Phường 12, Quận Phú Nhuận, Thành phố Hồ Chí Minh, Việt Nam",Quận Phú Nhuận,"0162: Hoạt động dịch vụ chăn nuôi-chi tiết: Hoạt động chăm sóc thú cưng, chó, mèo (trừ dịch vụ thú y);4620: Bán buôn nông, lâm sản nguyên liệu (trừ gỗ, tre, nứa) và động vật sống-Chi tiết: Bán buôn th",internet
316639071,CÔNG TY CỔ PHẦN LGG,CÔNG TY CỔ PHẦN LGG,Công ty cổ phần,"Số 199, đường Phan Đình Phùng, Phường 17, Quận Phú Nhuận, Thành phố Hồ Chí Minh, Việt Nam",Quận Phú Nhuận,"2512: Sản xuất thùng, bể chứa và dụng cụ chứa đựng bằng kim loại-;2592: Gia công cơ khí; xử lý và tráng phủ kim loại-;3315: Sửa chữa và bảo dưỡng phương tiện vận tải (trừ ô tô, mô tô, xe  máy và xe có",internet
316644868,CÔNG TY TNHH THƯƠNG MẠI DỊCH VỤ J&T BEAUTY,CÔNG TY TNHH THƯƠNG MẠI DỊCH V,Công ty trách nhiệm hữu hạn hai thành viên trở lên,"81/55 Hồ Văn Huê , Phường 09, Quận Phú Nhuận, Thành phố Hồ Chí Minh, Việt Nam",Quận Phú Nhuận,"4632: Bán buôn thực phẩm-Chi tiết: Bán buôn thực phẩm chức năng;4649: Bán buôn đồ dùng khác cho gia đình-Chi tiết: Xuất khẩu, nhập khẩu, bán buôn bán buôn nước hoa, hàng mỹ phẩm;4669: Bán buôn chuyên ",internet
316645692,CÔNG TY TNHH NAMLANG,CÔNG TY TNHH NAMLANG,Công ty trách nhiệm hữu hạn hai thành viên trở lên,"137/101 Lê Văn Sỹ, Phường 13, Quận Phú Nhuận, Thành phố Hồ Chí Minh, Việt Nam",Quận Phú Nhuận,"3240: Sản xuất đồ chơi, trò chơi-Chi tiết: Sản xuất trò chơi điện tử;4649: Bán buôn đồ dùng khác cho gia đình-;4651: Bán buôn máy vi tính, thiết bị ngoại vi và phần mềm-;4652: Bán buôn thiết bị và lin",internet
316635172,CÔNG TY CỔ PHẦN ĐIỆN ẢNH NET,CÔNG TY CỔ PHẦN ĐIỆN ẢNH NET,Công ty cổ phần,"38/6A Nguyễn Văn Trỗi, Phường 15, Quận Phú Nhuận, Thành phố Hồ Chí Minh, Việt Nam",Quận Phú Nhuận,"2620: Sản xuất máy vi tính và thiết bị ngoại vi của máy vi tính-Chi tiết: Sản xuất máy vi tính, phần cứng - phần mềm vi tính, mạng máy tính (không rèn, đúc, cán kéo kim loại, dập, gò, hàn, sơn; xi mạ ",internet
316665057,CÔNG TY TNHH CÔNG NGHỆ MÁY TÍNH BẢO LONG,CÔNG TY TNHH CÔNG NGHỆ MÁY TÍN,Công ty trách nhiệm hữu hạn một thành viên,"18A1 Trương Quốc Dung, Phường 08, Quận Phú Nhuận, Thành phố Hồ Chí Minh, Việt Nam",Quận Phú Nhuận,"4651: Bán buôn máy vi tính, thiết bị ngoại vi và phần mềm-;4652: Bán buôn thiết bị và linh kiện điện tử, viễn thông-;4659: Bán buôn máy móc, thiết bị và phụ tùng máy khác-Chi tiết: Buôn bán hàng điện ",internet
316650734,CÔNG TY TNHH TM XD TỰ LỰC 2,CÔNG TY TNHH TM XD TỰ LỰC 2,Công ty trách nhiệm hữu hạn một thành viên,"49 Hoàng văn Thụ, Phường 15, Quận Phú Nhuận, Thành phố Hồ Chí Minh, Việt Nam",Quận Phú Nhuận,"4661: Bán buôn nhiên liệu rắn, lỏng, khí và các sản phẩm liên quan-Chi tiết: Bán buôn xăng, dầu (trừ kinh doanh khí dầu mỏ hóa lỏng LPG và dầu nhớt cặn);4711: Bán lẻ lương thực, thực phẩm, đồ uống, th",internet
316658719,CÔNG TY CỔ PHẦN  CÔNG NGHỆ GIẢI PHÁP TÀI CHÍNH,CÔNG TY CỔ PHẦN  CÔNG NGHỆ GIẢ,Công ty cổ phần,"106 đường Hoa Lan, Phường 02, Quận Phú Nhuận, Thành phố Hồ Chí Minh, Việt Nam",Quận Phú Nhuận,"4761: Bán lẻ sách, báo, tạp chí văn phòng phẩm trong các cửa hàng chuyên doanh-(trừ bán lẻ bình gas, khí dầu mỏ hóa lỏng LPG, dầu nhớt cặn, vàng miếng, súng, đạn loại dùng đi săn hoặc thể thao và tiền",internet
316075386,CÔNG TY TNHH THƯƠNG MẠI DỊCH VỤ TRUYỀN THÔNG THE LAMP,CÔNG TY TNHH THƯƠNG MẠI DỊCH V,Công ty trách nhiệm hữu hạn hai thành viên trở lên,"102 Phùng Văn Cung, Phường 07, Quận Phú Nhuận, Thành phố Hồ Chí Minh, Việt Nam",Quận Phú Nhuận,"5911: Hoạt động sản xuất phim điện ảnh, phim video và chương trình truyền hình-Chi tiết: Hoạt động sản xuất chương trình truyền hình (trừ sản xuất phim và phát sóng và không thực hiện các hiệu ứng chá",internet
316129225,CÔNG TY CỔ PHẦN CS FAS,CÔNG TY CỔ PHẦN CS FAS,Công ty cổ phần,"29/50/4B Đoàn Thị Điểm, Phường 01, Quận Phú Nhuận, Thành phố Hồ Chí Minh, Việt Nam",Quận Phú Nhuận,"7410: Hoạt động thiết kế chuyên dụng-Chi tiết: Thiết kế website, thiết kế hệ thống mạng máy tính. (không bao gồm dịch vụ thiết kế công trình);8299: Hoạt động dịch vụ hỗ trợ kinh doanh khác còn lại chư",internet
316164237,CÔNG TY CỔ PHẦN SẢN XUẤT - THƯƠNG MẠI - DỊCH VỤ NGÔI NHÀ SÀI GÒN,CÔNG TY CỔ PHẦN SẢN XUẤT  THƯƠ,Công ty cổ phần,"148 Lê Văn Sỹ, Phường 10, Quận Phú Nhuận, Thành phố Hồ Chí Minh, Việt Nam",Quận Phú Nhuận,"4773: Bán lẻ hàng hóa khác mới trong các cửa hàng chuyên doanh-Chi tiết: Bán lẻ hàng quà tặng thủ công.;4791: Bán lẻ theo yêu cầu đặt hàng qua bưu điện hoặc internet-(trừ bán lẻ bình gas, khí dầu mỏ h",internet
316278192,CÔNG TY TNHH KỸ THUẬT HẠ TẦNG ĐỒNG BỘ,CÔNG TY TNHH KỸ THUẬT HẠ TẦNG ,Công ty trách nhiệm hữu hạn một thành viên,"77B Trần Kế Xương, Phường 07, Quận Phú Nhuận, Thành phố Hồ Chí Minh, Việt Nam",Quận Phú Nhuận,"3312: Sửa chữa máy móc, thiết bị-Chi tiết: Sửa chữa thiết bị chống trộm, camera quan sát, hệ thống báo cháy chữa cháy, hệ thống điện công trình dân dụng, công nghiệp.;3313: Sửa chữa thiết bị điện tử v",internet
316299717,CÔNG TY TNHH VIN 100 VIỆT NAM,CÔNG TY TNHH VIN 100 VIỆT NAM,Công ty trách nhiệm hữu hạn một thành viên,"105 Hoa Lan, Phường 02, Quận Phú Nhuận, Thành phố Hồ Chí Minh, Việt Nam",Quận Phú Nhuận,"4773: Bán lẻ hàng hóa khác mới trong các cửa hàng chuyên doanh-Chi tiết: Bán lẻ hàng lưu niệm, hàng đan lát, hàng thủ công mỹ nghệ;4799: Bán lẻ hình thức khác chưa được phân vào đâu-(trừ dược phẩm, vậ",internet
316307830,CÔNG TY CỔ PHẦN TÂN SƠN NHẤT AIRPORT,CÔNG TY CỔ PHẦN TÂN SƠN NHẤT A,Công ty cổ phần,"202 Hoàng Văn Thụ, Phường 09, Quận Phú Nhuận, Thành phố Hồ Chí Minh, Việt Nam",Quận Phú Nhuận,5310: Bưu chính-;5224: Bốc xếp hàng hóa-(trừ bốc xếp hàng hóa cảng hàng không).;5229: Hoạt động dịch vụ hỗ trợ khác liên quan đến vận tải-(trừ hóa lỏng khí để vận chuyển và hoạt động liên quan đến vận,internet
316316810,CÔNG TY TNHH TẬP ĐOÀN NÔNG NGHIỆP VIỆT THÁI,CÔNG TY TNHH TẬP ĐOÀN NÔNG NGH,Công ty trách nhiệm hữu hạn một thành viên,"Số 20 Duy Tân, Phường 15, Quận Phú Nhuận, Thành phố Hồ Chí Minh, Việt Nam",Quận Phú Nhuận,"4719: Bán lẻ  khác trong các cửa hàng kinh doanh tổng hợp-Chi tiết: Bán lẻ trong siêu thị (Supermarket). Bán lẻ trong cửa hàng tiện lợi (Minimarket).
(trừ bán lẻ bình gas, khí dầu mỏ hóa lỏng LPG, dầu",internet
316327925,CÔNG TY TNHH THANG MÁY MITSU FUJI,CÔNG TY TNHH THANG MÁY MITSU F,Công ty trách nhiệm hữu hạn một thành viên,"P702A Tầng 7, Tòa Nhà Centre Point, Số 106 Nguyễn Văn Trỗi, Phường 08, Quận Phú Nhuận, Thành phố Hồ Chí Minh, Việt Nam",Quận Phú Nhuận,"2710: Sản xuất mô tơ, máy phát, biến thế điện, thiết bị phân phối và điều khiển điện-(không hoạt động tại trụ sở);2816: Sản xuất các thiết bị nâng, hạ và bốc xếp-(không hoạt động tại trụ sở);2592: Gia",internet
316339014,CÔNG TY CỔ PHẦN ĐẦU TƯ PHÁT TRIỂN CÔNG NGHỆ VÀ GIÁO DỤC BIVAZ,CÔNG TY CỔ PHẦN ĐẦU TƯ PHÁT TR,Công ty cổ phần,"Phòng NTR 2.09 Newton Residence, 38 Trương Quốc Dung, Phường 08, Quận Phú Nhuận, Thành phố Hồ Chí Minh, Việt Nam",Quận Phú Nhuận,"4791: Bán lẻ theo yêu cầu đặt hàng qua bưu điện hoặc internet-(trừ bán lẻ hóa chất, khí dầu mỏ hóa lỏng LPG, dầu nhớt cặn, vàng miếng, súng, đạn loại dùng đi săn hoặc thể thao và tiền kim khí; Thực hi",internet
316339247,CÔNG TY TNHH THƯƠNG MẠI CÔNG NGHỆ VPS VIỆT NAM,CÔNG TY TNHH THƯƠNG MẠI CÔNG N,Công ty trách nhiệm hữu hạn một thành viên,"P.702A Tầng 7, Tòa nhà Centre Point, 106 Nguyễn Văn Trỗi, Phường 08, Quận Phú Nhuận, Thành phố Hồ Chí Minh, Việt Nam",Quận Phú Nhuận,7410: Hoạt động thiết kế chuyên dụng-Chi tiết: Hoạt động thiết kế website;4722: Bán lẻ thực phẩm trong các cửa hàng chuyên doanh-(thực hiện theo quyết định 64/2009/QĐ-UBND ngày 31/07/2009 và quyết địn,internet
316369308,CÔNG TY TNHH THƯƠNG MẠI VÀ DỊCH VỤ MAI HƯƠNG THM,CÔNG TY TNHH THƯƠNG MẠI VÀ DỊC,Công ty trách nhiệm hữu hạn một thành viên,"38/3 Nguyễn Văn Trỗi, Phường 15, Quận Phú Nhuận, Thành phố Hồ Chí Minh, Việt Nam",Quận Phú Nhuận,"4620: Bán buôn nông, lâm sản nguyên liệu (trừ gỗ, tre, nứa) và động vật sống-Chi tiết: Bán buôn hoa tươi và cây cảnh (không bán buôn nông sản tại trụ sở);4649: Bán buôn đồ dùng khác cho gia đình-Chi t",internet
316388011,CÔNG TY TNHH GIẢI PHÁP PHẦN MỀM ATECHWORLD,CÔNG TY TNHH GIẢI PHÁP PHẦN MỀ,Công ty trách nhiệm hữu hạn hai thành viên trở lên,"115/91/1 Lê Văn Sỹ, Phường 13, Quận Phú Nhuận, Thành phố Hồ Chí Minh, Việt Nam",Quận Phú Nhuận,"7410: Hoạt động thiết kế chuyên dụng-Chi tiết: Thiết kế website, thiết kế tạo mẫu.;7490: Hoạt động chuyên môn, khoa học và công nghệ khác chưa được phân vào đâu-Chi tiết: Chi tiết: Tư vấn về công nghệ",internet
316409663,CÔNG TY TNHH SPEVI,CÔNG TY TNHH SPEVI,Công ty trách nhiệm hữu hạn hai thành viên trở lên,"88/1A Đào Duy Anh, Phường 09, Quận Phú Nhuận, Thành phố Hồ Chí Minh, Việt Nam",Quận Phú Nhuận,"1074: Sản xuất mì ống, mỳ sợi và sản phẩm tương tự-( Không hoạt động tại trụ sở chính);1075: Sản xuất món ăn, thức ăn chế biến sẵn-Chi tiết: Trừ sản xuất thực phẩm tươi sống (không hoạt động tại trụ s",internet
316453373,CÔNG TY TNHH THƯƠNG MẠI DỊCH VỤ TOÀN CẦU NPS,CÔNG TY TNHH THƯƠNG MẠI DỊCH V,Công ty trách nhiệm hữu hạn một thành viên,"Phòng 702A Tầng 7, Tòa Nhà CentrePoint, 106 Nguyễn Văn Trỗi, Phường 08, Quận Phú Nhuận, Thành phố Hồ Chí Minh, Việt Nam",Quận Phú Nhuận,"4783: Bán lẻ thiết bị công nghệ thông tin liên lạc lưu động hoặc tại chợ-;5621: Cung cấp dịch vụ ăn uống theo hợp đồng không thường xuyên với khách hàng-(phục vụ tiệc, hội họp, đám cưới...)
(trừ hoạt ",internet
316457378,CÔNG TY TNHH SOBYSO,CÔNG TY TNHH SOBYSO,Công ty trách nhiệm hữu hạn một thành viên,"362 Huỳnh Văn Bánh, Phường 14, Quận Phú Nhuận, Thành phố Hồ Chí Minh, Việt Nam",Quận Phú Nhuận,"4641: Bán buôn vải, hàng may mặc, giày dép-chi tiết: bán buôn quần áo thời trang;4669: Bán buôn chuyên doanh khác chưa được phân vào đâu-Chi tiết: Bán buôn phụ kiện thời trang và giày dép.;4690: Bán b",internet
316474221,CÔNG TY TNHH MTV CÁT ĐẰNG,CÔNG TY TNHH MTV CÁT ĐẰNG,Công ty trách nhiệm hữu hạn một thành viên,"73/13 Huỳnh Văn Bánh, Phường 17, Quận Phú Nhuận, Thành phố Hồ Chí Minh, Việt Nam",Quận Phú Nhuận,"1512: Sản xuất vali, túi xách và các loại tương tự, sản xuất yên đệm-(trừ thuộc da, luyện cán cao su, tái chế phế thải, tẩy, nhuộm hồ in và không gia công hàng đã qua sử dụng tại trụ sở);1520: Sản xuấ",internet
316480867,CÔNG TY TNHH ADVO TRADING,CÔNG TY TNHH ADVO TRADING,Công ty trách nhiệm hữu hạn hai thành viên trở lên,"9 Hoa Cau, Phường 07, Quận Phú Nhuận, Thành phố Hồ Chí Minh, Việt Nam",Quận Phú Nhuận,5210: Kho bãi và lưu giữ hàng hóa-(trừ kinh doanh kho bãi);6622: Hoạt động của đại lý và môi giới bảo hiểm-Chi tiết: Hoạt động của các đại lý bảo hiểm;7990: Dịch vụ đặt chỗ và các dịch vụ hỗ trợ liên ,internet
316521915,CÔNG TY TNHH THƯƠNG MẠI DỊCH VỤ ÉN CONCEPT,CÔNG TY TNHH THƯƠNG MẠI DỊCH V,Công ty trách nhiệm hữu hạn một thành viên,"448/2 Trường Sa, Phường 02, Quận Phú Nhuận, Thành phố Hồ Chí Minh, Việt Nam",Quận Phú Nhuận,"4620: Bán buôn nông, lâm sản nguyên liệu (trừ gỗ, tre, nứa) và động vật sống-Chi tiết: Bán buôn hoa và cây (không hoạt động tại trụ sở);4773: Bán lẻ hàng hóa khác mới trong các cửa hàng chuyên doanh-C",internet
316557213,CÔNG TY TNHH HOÀNG LONG HM,CÔNG TY TNHH HOÀNG LONG HM,Công ty trách nhiệm hữu hạn một thành viên,"Số 513A Nguyễn Kiệm, Phường 09, Quận Phú Nhuận, Thành phố Hồ Chí Minh, Việt Nam",Quận Phú Nhuận,"1392: Sản xuất hàng dệt sẵn (trừ trang phục)-(trừ tẩy, nhuộm, hồ, in trên các sản phẩm vải sợi, dệt, may, đan và gia công hàng đã qua sử dụng, thuộc da);1410: May trang phục (trừ trang phục từ da lông",internet
316566264,CÔNG TY CỔ PHẦN CÔNG NGHỆ NÔNG NGHIỆP POLARIS,CÔNG TY CỔ PHẦN CÔNG NGHỆ NÔNG,Công ty cổ phần,"41/3 Phan Đình Phùng, Phường 17, Quận Phú Nhuận, Thành phố Hồ Chí Minh, Việt Nam",Quận Phú Nhuận,"4789: Bán  lẻ hàng hóa khác lưu động hoặc tại chợ-Chi tiết: Bán lẻ mỹ phẩm và vật phẩm vệ sinh lưu động hoặc tại chợ
(trừ kinh doanh dược phẩm);4791: Bán lẻ theo yêu cầu đặt hàng qua bưu điện hoặc int",internet
316623360,CÔNG TY TNHH THƯƠNG MẠI DỊCH VỤ ĐẦU TƯ LHT,CÔNG TY TNHH THƯƠNG MẠI DỊCH V,Công ty trách nhiệm hữu hạn hai thành viên trở lên,"511/39 Huỳnh Văn Bánh, Phường 14, Quận Phú Nhuận, Thành phố Hồ Chí Minh, Việt Nam",Quận Phú Nhuận,7310: Quảng cáo-;7320: Nghiên cứu thị trường và thăm dò dư luận-(trừ dịch vụ điều tra và các loại thông tin nhà nước cấm);8230: Tổ chức giới thiệu và xúc tiến thương mại-(không thực hiện c,internet
316658412,CÔNG TY TNHH TMDV TARA CHANNEL,CÔNG TY TNHH TMDV TARA CHANNEL,Công ty trách nhiệm hữu hạn hai thành viên trở lên,"37 đường Đào Duy Anh, Phường 09, Quận Phú Nhuận, Thành phố Hồ Chí Minh, Việt Nam",Quận Phú Nhuận,"8230: Tổ chức giới thiệu và xúc tiến thương mại-(không thực hiện các hiệu ứng cháy nổ, không sử dụng chất nổ, chất cháy, hóa chất làm đạo cụ, dụng cụ thực hiện các chương trình văn nghệ, sự kiện, phim",internet
316655884,CÔNG TY TNHH ĐẦU TƯ LADO,CÔNG TY TNHH ĐẦU TƯ LADO,Công ty trách nhiệm hữu hạn một thành viên,"P.702A Tầng 7, Tòa nhà Centre Point, 106 Nguyễn Văn Trỗi, Phường 08, Quận Phú Nhuận, Thành phố Hồ Chí Minh, Việt Nam",Quận Phú Nhuận,"4791: Bán lẻ theo yêu cầu đặt hàng qua bưu điện hoặc internet-(Trừ bán lẻ khí dầu mỏ hóa lỏng LPG, bình gas, hóa chất, súng, đạn loại dùng đi săn hoặc thể thao và tiền kim khí và thực hiện theo quyết ",internet
316657592,CÔNG TY TNHH MỸ THUẬT NGÂN PHÁT,CÔNG TY TNHH MỸ THUẬT NGÂN PHÁ,Công ty trách nhiệm hữu hạn một thành viên,"133/5 Hồ Văn Huê, Phường 09, Quận Phú Nhuận, Thành phố Hồ Chí Minh, Việt Nam",Quận Phú Nhuận,"1811: In ấn-;4690: Bán buôn tổng hợp-(trừ bán buôn thuốc trừ sâu và hóa chất sử dụng trong nông nghiệp và không bán buôn phế liệu, phế thải kim loại, phi kim loại tại trụ sở) (không tồn trữ hoá chất t",internet
316676852,CÔNG TY TNHH HIEUPC,CÔNG TY TNHH HIEUPC,Công ty trách nhiệm hữu hạn một thành viên,"153 Đặng Văn Ngữ, Phường 13, Quận Phú Nhuận, Thành phố Hồ Chí Minh, Việt Nam",Quận Phú Nhuận,"4652: Bán buôn thiết bị và linh kiện điện tử, viễn thông-Chi tiết: Bán buôn thiết bị viễn thông;6190: Hoạt động viễn thông khác-chi tiết: dịch vụ giá trị gia tăng trên mạng viễn thông; dịch vụ truy cậ",internet
316679807,CÔNG TY TNHH LOVE SWEET,CÔNG TY TNHH LOVE SWEET,Công ty trách nhiệm hữu hạn một thành viên,"Phòng 3.56, khu văn phòng, The Prince Residence 19 - 21 Nguyễn Văn Trỗi, Phường 11, Quận Phú Nhuận, Thành phố Hồ Chí Minh, Việt Nam",Quận Phú Nhuận,"4722: Bán lẻ thực phẩm trong các cửa hàng chuyên doanh-chi tiết: bán lẻ sôcôla 
(thực hiện theo quyết định số 64/2009/qÐ-ubnd ngày 31/07/2009 và quyết định số 79/2009/qÐ-ubnd ngày 17/10/2009 của ủy ba",internet
316679028,CÔNG TY TNHH TỔNG HỢP THƯƠNG MẠI DỊCH VỤ QUANG LÂM,CÔNG TY TNHH TỔNG HỢP THƯƠNG M,Công ty trách nhiệm hữu hạn một thành viên,"29/63/9 Đoàn Thị Điểm, Phường 01, Quận Phú Nhuận, Thành phố Hồ Chí Minh, Việt Nam",Quận Phú Nhuận,"4651: Bán buôn máy vi tính, thiết bị ngoại vi và phần mềm-;4652: Bán buôn thiết bị và linh kiện điện tử, viễn thông-;4741: Bán lẻ máy vi tính, thiết bị ngoại vi, phần mềm và thiết bị viễn thông trong ",internet
316685127,CÔNG TY TNHH TM DV VIỄN THÔNG THẾ GIỚI MỚI,CÔNG TY TNHH TM DV VIỄN THÔNG ,Công ty trách nhiệm hữu hạn một thành viên,"617/7 Nguyễn Kiệm, Phường 09, Quận Phú Nhuận, Thành phố Hồ Chí Minh, Việt Nam",Quận Phú Nhuận,"6399: Dịch vụ thông tin khác chưa được phân vào đâu-Chi tiết: Dịch vụ cung cấp thông tin lên mạng internet. dịch vụ nội dung thông tin trên mạng viễn thông di động;4610: Đại lý, môi giới, đấu giá hàng",internet
316685141,CÔNG TY TNHH DIN LOGISTICS,CÔNG TY TNHH DIN LOGISTICS,Công ty trách nhiệm hữu hạn một thành viên,"P.702A Tầng 7, Tòa nhà Centre Point, 106 Nguyễn Văn Trỗi, Phường 08, Quận Phú Nhuận, Thành phố Hồ Chí Minh, Việt Nam",Quận Phú Nhuận,"5229: Hoạt động dịch vụ hỗ trợ khác liên quan đến vận tải-(trừ hóa lỏng khí để vận chuyển; trừ vận chuyển hàng không).
Chi tiết: Dịch vụ đại lý, giao nhận vận chuyển; Logistics; Dịch vụ hỗ trợ khác li",internet
316686956,CÔNG TY TNHH SHINYA KOSO VIETNAM,CÔNG TY TNHH SHINYA KOSO VIETN,Công ty trách nhiệm hữu hạn hai thành viên trở lên,"1168/98 Trường Sa, Phường 13, Quận Phú Nhuận, Thành phố Hồ Chí Minh, Việt Nam",Quận Phú Nhuận,"4649: Bán buôn đồ dùng khác cho gia đình-Chi tiết: Bán buôn, xuất nhập khẩu nước hoa, hàng mỹ phẩm và chế phẩm vệ sinh ( trừ dược phẩm) (CPC 622); 4632: Bán buôn thực phẩm-(không hoạt động tại trụ sở)",internet
316693833,CÔNG TY TNHH BERNICE CONSULTING,CÔNG TY TNHH BERNICE CONSULTIN,Công ty trách nhiệm hữu hạn một thành viên,"33/9 Hoàng Diệu, Phường 10, Quận Phú Nhuận, Thành phố Hồ Chí Minh, Việt Nam",Quận Phú Nhuận,"6399: Dịch vụ thông tin khác chưa được phân vào đâu-Chi tiết: Dịch vụ truy cập dữ liệu, dịch vụ xử lý dữ liệu và thông tin trên mạng. Dịch vụ trao đổi dữ liệu điện tử, lưu trữ cơ",internet
316700600,CÔNG TY TNHH QUẢNG CÁO THƯƠNG MẠI THEBIGVISION,CÔNG TY TNHH QUẢNG CÁO THƯƠNG ,Công ty trách nhiệm hữu hạn một thành viên,"210/9 Lê Văn Sỹ, Phường 10, Quận Phú Nhuận, Thành phố Hồ Chí Minh, Việt Nam",Quận Phú Nhuận,5224: Bốc xếp hàng hóa-(Trừ bốc xếp hàng hóa cảng hàng không);5210: Kho bãi và lưu giữ hàng hóa-Chi tiết: Lưu giữ hàng hóa;5229: Hoạt động dịch vụ hỗ trợ khác liên quan đến vận tải-Chi tiết: - Gửi hàn,internet
316703626,CÔNG TY TNHH THƯƠNG MẠI DỊCH VỤ MISS ÁO DÀI,CÔNG TY TNHH THƯƠNG MẠI DỊCH V,Công ty trách nhiệm hữu hạn một thành viên,"19/14 Đoàn Thị Điểm, Phường 01, Quận Phú Nhuận, Thành phố Hồ Chí Minh, Việt Nam",Quận Phú Nhuận,"1410: May trang phục (trừ trang phục từ da lông thú)-;4641: Bán buôn vải, hàng may mặc, giày dép-;4649: Bán buôn đồ dùng khác cho gia đình-;4751: Bán lẻ vải, len, sợi, chỉ khâu và hàng dệt khác trong ",internet
316701107,CÔNG TY TNHH ẨM THỰC LU HOLDINGS,CÔNG TY TNHH ẨM THỰC LU HOLDIN,Công ty trách nhiệm hữu hạn hai thành viên trở lên,"152/10 đường Nguyễn Trọng Tuyển, Phường 08, Quận Phú Nhuận, Thành phố Hồ Chí Minh, Việt Nam",Quận Phú Nhuận,"6312: Cổng thông tin-Chi tiết: Kinh doanh dịch vụ thương mại điện tử;8559: Giáo dục khác chưa được phân vào đâu-(trừ dạy về tôn giáo;
các trường của các tổ chức Đảng - Đoàn thể)
Chi tiết: Chi tiết: Dạ",internet
316704443,CÔNG TY TNHH DRAGON STUDIO,CÔNG TY TNHH DRAGON STUDIO,Công ty trách nhiệm hữu hạn một thành viên,"137/35 Lê Văn Sỹ, Phường 13, Quận Phú Nhuận, Thành phố Hồ Chí Minh, Việt Nam",Quận Phú Nhuận,7310: Quảng cáo-;6209: Hoạt động dịch vụ công nghệ thông tin và dịch vụ khác liên quan đến máy vi tính-(trừ kinh doanh đại lý truy cập internet);7410: Hoạt động thiết kế chuyên dụng-Chi tiết: Thiết kế,internet
316709762,CÔNG TY TNHH MAJESTIC,CÔNG TY TNHH MAJESTIC,Công ty trách nhiệm hữu hạn một thành viên,"Tầng 7, Tòa Nhà Centre Point, 106 Nguyễn Văn Trỗi, Phường 08, Quận Phú Nhuận, Thành phố Hồ Chí Minh, Việt Nam",Quận Phú Nhuận,"8292: Dịch vụ đóng gói-Chi tiết: Đóng gói hạt chia, hạt điều, hạt hạnh nhân, hạt dẻ cười, hạt mắc ca, hạt sen, hạt hồ đào, hạt sachi, quả óc chó, các loại hạt khác, nho khô, hồng khô, bột rau câu các ",internet
316715396,CÔNG TY TNHH HR BUILD VIỆT NAM,CÔNG TY TNHH HR BUILD VIỆT NAM,Công ty trách nhiệm hữu hạn hai thành viên trở lên,"68/2 Phùng Văn Cung, Phường 07, Quận Phú Nhuận, Thành phố Hồ Chí Minh, Việt Nam",Quận Phú Nhuận,"7830: Cung ứng và quản lý nguồn lao động-(Trừ cung ứng và quản lý nguồn lao động đi làm việc ở nước ngoài);7810: Hoạt động của các trung tâm, đại lý tư vấn, giới thiệu và môi giới lao động, việc làm-C",lap top
316715886,CÔNG TY TNHH CARENEFIT VIỆT NAM,CÔNG TY TNHH CARENEFIT VIỆT NA,Công ty trách nhiệm hữu hạn hai thành viên trở lên,"273 Nguyễn Trọng Tuyển, Phường 10, Quận Phú Nhuận, Thành phố Hồ Chí Minh, Việt Nam",Quận Phú Nhuận,"4669: Bán buôn chuyên doanh khác chưa được phân vào đâu-Chi tiết: Bán buôn Bình chữa cháy, vòi chữa cháy, phụ kiện bình chữa cháy, bảng nội quy tiêu lệnh trong chữa cháy.;4773: Bán lẻ hàng hóa khác mớ",internet
316715879,CÔNG TY TNHH CHAT MATE STUDIO DESIGN,CÔNG TY TNHH CHAT MATE STUDIO ,Công ty trách nhiệm hữu hạn một thành viên,"343A/41 Phan Xích Long, Phường 01, Quận Phú Nhuận, Thành phố Hồ Chí Minh, Việt Nam",Quận Phú Nhuận,"4773: Bán lẻ hàng hóa khác mới trong các cửa hàng chuyên doanh-Chi tiết: Bán lẻ hàng lưu niệm, hàng đan lát, hàng thủ công mỹ nghệ trong các cửa hàng chuyên doanh; Bán lẻ tranh, ảnh và các tác phẩm ng",internet
316719471,CÔNG TY TNHH VIỄN THÔNG CHÂU SAN,CÔNG TY TNHH VIỄN THÔNG CHÂU S,Công ty trách nhiệm hữu hạn một thành viên,"257/23 Phan Xích Long, Phường 02, Quận Phú Nhuận, Thành phố Hồ Chí Minh, Việt Nam",Quận Phú Nhuận,"4669: Bán buôn chuyên doanh khác chưa được phân vào đâu-Chi tiết: Bán buôn sim, card điện thoại;4773: Bán lẻ hàng hóa khác mới trong các cửa hàng chuyên doanh-Chi tiết: Bán lẻ sim, card điện thoại;465",internet
316722481,CÔNG TY TNHH TM & DV LAPTOPVANG,CÔNG TY TNHH TM  DV LAPTOPVANG,Công ty trách nhiệm hữu hạn một thành viên,"273/8 Nguyễn Trọng Tuyển, Phường 10, Quận Phú Nhuận, Thành phố Hồ Chí Minh, Việt Nam",Quận Phú Nhuận,"4649: Bán buôn đồ dùng khác cho gia đình-chi tiết: Bán buôn máy ảnh; camera; máy nghe nhạc; máy xem phim kỹ thuật số;4651: Bán buôn máy vi tính, thiết bị ngoại vi và phần mềm-;4652: Bán buôn thiết bị ",lap top
316729127,CÔNG TY TNHH FACE TO FACE,CÔNG TY TNHH FACE TO FACE,Công ty trách nhiệm hữu hạn hai thành viên trở lên,"33 Lam Sơn, Phường 05, Quận Phú Nhuận, Thành phố Hồ Chí Minh, Việt Nam",Quận Phú Nhuận,4330: Hoàn thiện công trình xây dựng-;4390: Hoạt động xây dựng chuyên dụng khác-;4511: Bán buôn ô tô và xe có động cơ khác-;4512: Bán lẻ ô tô con (loại 9 chỗ ngồi trở xuống)-;4513: Đại lý ô tô và xe c,internet
316730436,CÔNG TY TNHH ĐẦU TƯ PHÁT TRIỂN THƯƠNG MẠI DỊCH VỤ MINH TRƯỜNG PHÁT,CÔNG TY TNHH ĐẦU TƯ PHÁT TRIỂN,Công ty trách nhiệm hữu hạn một thành viên,"03 Nguyễn Văn Đậu, Phường 05, Quận Phú Nhuận, Thành phố Hồ Chí Minh, Việt Nam",Quận Phú Nhuận,"4101: Xây dựng nhà để ở-;4641: Bán buôn vải, hàng may mặc, giày dép-;4669: Bán buôn chuyên doanh khác chưa được phân vào đâu-Chi tiết: Bán buôn hàng trang trí nội, ngoại thất; Bán buôn mực in mã vạch,",internet
316730972,CÔNG TY CỔ PHẦN TƯ VẤN - ĐẦU TƯ HOÀNG QUÂN,CÔNG TY CỔ PHẦN TƯ VẤN  ĐẦU TƯ,Công ty cổ phần,"286-288 Huỳnh Văn Bánh, Phường 11, Quận Phú Nhuận, Thành phố Hồ Chí Minh, Việt Nam",Quận Phú Nhuận,"0810: Khai thác đá, cát, sỏi, đất sét-Chi tiết: Khai thác đá xây dựng, cột đá (không hoạt động tại trụ sở).;1010: Chế biến, bảo quản thịt và các sản phẩm từ thịt-(Không giết mổ gia súc, gia cầm);1020:",internet
316738837,CÔNG TY TNHH TỔ CHỨC LIÊN MINH NGƯỜI VIỆT BÁN HÀNG TOÀN CẦU VIETNAM SALES,CÔNG TY TNHH TỔ CHỨC LIÊN MINH,Công ty trách nhiệm hữu hạn hai thành viên trở lên,"148 Hồng Hà, Phường 09, Quận Phú Nhuận, Thành phố Hồ Chí Minh, Việt Nam",Quận Phú Nhuận,"4641: Bán buôn vải, hàng may mặc, giày dép-;4649: Bán buôn đồ dùng khác cho gia đình-(Trừ kinh doanh dược phẩm);4651: Bán buôn máy vi tính, thiết bị ngoại vi và phần mềm-;4652: Bán buôn thiết bị và li",internet
316737343,CÔNG TY TNHH PHÁT TRIỂN CÔNG NGHỆ ĐĂNG QUANG,CÔNG TY TNHH PHÁT TRIỂN CÔNG N,Công ty trách nhiệm hữu hạn hai thành viên trở lên,"28/7 Nguyễn Thị Huỳnh, Phường 08, Quận Phú Nhuận, Thành phố Hồ Chí Minh, Việt Nam",Quận Phú Nhuận,9312: Hoạt động của các câu lạc bộ thể thao-;2790: Sản xuất thiết bị điện khác-(không hoạt động tại trụ sở);8020: Dịch vụ hệ thống bảo đảm an toàn-;4662: Bán buôn kim loại và quặng kim loại-(trừ mua b,internet
316738996,CÔNG TY TNHH XUẤT NHẬP KHẨU AN FA,CÔNG TY TNHH XUẤT NHẬP KHẨU AN,Công ty trách nhiệm hữu hạn một thành viên,"Tòa nhà VIETOFFICE 1, số 25 Phan Đình Phùng, Phường 17, Quận Phú Nhuận, Thành phố Hồ Chí Minh, Việt Nam",Quận Phú Nhuận,"1010: Chế biến, bảo quản thịt và các sản phẩm từ thịt-Chi tiết: Chế biến và bảo quản các sản phẩm từ thịt  (không hoạt động tại trụ sở);1020: Chế biến, bảo quản thuỷ sản và các sản phẩm từ thuỷ sản-(k",internet
316748320,CÔNG TY TNHH RAW CONCEPT,CÔNG TY TNHH RAW CONCEPT,Công ty trách nhiệm hữu hạn một thành viên,"541/12 Huỳnh Văn Bánh, Phường 13, Quận Phú Nhuận, Thành phố Hồ Chí Minh, Việt Nam",Quận Phú Nhuận,"4771: Bán lẻ hàng may mặc, giày dép, hàng da và giả da trong các cửa hàng chuyên doanh-;4641: Bán buôn vải, hàng may mặc, giày dép-Chi tiết: Xuất nhập khẩu vải, hàng may mặc, giày dép;4669: Bán buôn c",internet
316754282,CÔNG TY TNHH QUÀ TẶNG PHONG THUỶ RỒNG XANH,CÔNG TY TNHH QUÀ TẶNG PHONG TH,Công ty trách nhiệm hữu hạn hai thành viên trở lên,"119 Phan Đăng Lưu, Phường 07, Quận Phú Nhuận, Thành phố Hồ Chí Minh, Việt Nam",Quận Phú Nhuận,"4791: Bán lẻ theo yêu cầu đặt hàng qua bưu điện hoặc internet-(trừ tồn trữ hóa chất tại trụ sở, bán lẻ bình gas, súng, đạn loại dùng đi săn hoặc thể thao và tiền kim khí và thực hiện theo Quyết định 6",internet
316754155,CÔNG TY TNHH ĐẦU TƯ THƯƠNG MẠI DỊCH VỤ MLG,CÔNG TY TNHH ĐẦU TƯ THƯƠNG MẠI,Công ty trách nhiệm hữu hạn hai thành viên trở lên,"121 Bis Nguyễn Văn Trỗi, Phường 11, Quận Phú Nhuận, Thành phố Hồ Chí Minh, Việt Nam",Quận Phú Nhuận,"9522: Sửa chữa thiết bị, đồ dùng gia đình-Chi tiết: Sửa chữa, bảo dưỡng thiết bị, đồ dùng gia đình (trừ gia công cơ khí, tái chế phế thải, xi mạ điện tại trụ sở);4299: Xây dựng công trình kỹ thuật dân",internet
316758350,CÔNG TY TNHH SOUL OF A NATION,CÔNG TY TNHH SOUL OF A NATION,Công ty trách nhiệm hữu hạn hai thành viên trở lên,"Số 130D Trần Huy Liệu, Phường 15, Quận Phú Nhuận, Thành phố Hồ Chí Minh, Việt Nam",Quận Phú Nhuận,"4773: Bán lẻ hàng hóa khác mới trong các cửa hàng chuyên doanh-(trừ bán lẻ hóa chất, khí dầu mỏ hóa lỏng LPG, dầu nhớt cặn, vàng miếng, súng, đạn loại dùng đi săn hoặc thể thao và tiền kim khí; Thực h",internet
316766520,CÔNG TY TNHH TMDV KHANG LỘC,CÔNG TY TNHH TMDV KHANG LỘC,Công ty trách nhiệm hữu hạn hai thành viên trở lên,"270/72 Phan Đình Phùng, Phường 02, Quận Phú Nhuận, Thành phố Hồ Chí Minh, Việt Nam",Quận Phú Nhuận,"4652: Bán buôn thiết bị và linh kiện điện tử, viễn thông-;4759: Bán lẻ đồ điện gia dụng, giường, tủ, bàn, ghế và đồ nội thất tương tự, đèn và bộ đèn điện, đồ dùng gia đình khác chưa được phân vào đâu ",internet
316767919,CÔNG TY TNHH OPENSTAGE,CÔNG TY TNHH OPENSTAGE,Công ty trách nhiệm hữu hạn một thành viên,"158/12 Trần Huy Liệu, Phường 15, Quận Phú Nhuận, Thành phố Hồ Chí Minh, Việt Nam",Quận Phú Nhuận,"7310: Quảng cáo-;3314: Sửa chữa thiết bị điện-(trừ gia công cơ khí, tái chế phế thải, xi mạ điện tại trụ sở);6209: Hoạt động dịch vụ công nghệ thông tin và dịch vụ khác liên quan đến máy vi tính-;7730",internet
316769200,CÔNG TY CỔ PHẦN XNK KIM LONG,CÔNG TY CỔ PHẦN XNK KIM LONG,Công ty cổ phần,"193/14A đường Nguyễn Đình Chính, Phường 11, Quận Phú Nhuận, Thành phố Hồ Chí Minh, Việt Nam",Quận Phú Nhuận,"4711: Bán lẻ lương thực, thực phẩm, đồ uống, thuốc lá, thuốc lào chiếm tỷ trọng lớn trong các cửa hàng kinh doanh tổng hợp-Chi tiết: Bán lẻ nhiều loại hàng hóa, chủ yếu là hàng lương thực, thực phẩm, ",internet
316776575,CÔNG TY TNHH SANIHOME,CÔNG TY TNHH SANIHOME,Công ty trách nhiệm hữu hạn hai thành viên trở lên,"174/36 Đặng Văn Ngữ, Phường 13, Quận Phú Nhuận, Thành phố Hồ Chí Minh, Việt Nam",Quận Phú Nhuận,"3320: Lắp đặt máy móc và thiết bị công nghiệp-(Không gia công cơ khí, tái chế phế thải, xi mạ điện tại trụ sở);1622: Sản xuất đồ gỗ xây dựng-(Không hoạt động tại trụ sở);4541: Bán mô tô, xe máy-;4511:",internet
316777441,CÔNG TY CỔ PHẦN KẾT NỐI GIAO THƯƠNG SNG GROUP,CÔNG TY CỔ PHẦN KẾT NỐI GIAO T,Công ty cổ phần,"37 Hoàng Văn Thụ, Phường 15, Quận Phú Nhuận, Thành phố Hồ Chí Minh, Việt Nam",Quận Phú Nhuận,"8559: Giáo dục khác chưa được phân vào đâu-(trừ dạy về tôn giáo; các trường của các tổ chức Đảng - Đoàn thể);8560: Dịch vụ hỗ trợ giáo dục-;4633: Bán buôn đồ uống-;4641: Bán buôn vải, hàng may mặc, gi",internet
316774578,CÔNG TY TNHH CROSS SOLUTIONS,CÔNG TY TNHH CROSS SOLUTIONS,Công ty trách nhiệm hữu hạn một thành viên,"P.702A Tầng 7, Tòa nhà Centre Point, 106 Nguyễn Văn Trỗi, Phường 08, Quận Phú Nhuận, Thành phố Hồ Chí Minh, Việt Nam",Quận Phú Nhuận,"6201: Lập trình máy vi tính-Chi tiết: sản xuất, gia công phần mềm;6202: Tư vấn máy vi tính và quản trị hệ thống máy vi tính-;6209: Hoạt động dịch vụ công nghệ thông tin và dịch vụ khác liên quan đến m",internet
316776818,CÔNG TY TNHH DỊCH VỤ CMH,CÔNG TY TNHH DỊCH VỤ CMH,Công ty trách nhiệm hữu hạn một thành viên,"235/1B Hoàng Hoa Thám, Phường 05, Quận Phú Nhuận, Thành phố Hồ Chí Minh, Việt Nam",Quận Phú Nhuận,"3240: Sản xuất đồ chơi, trò chơi-(trừ đồ chơi có hại cho giáo dục nhân cách, sức khoẻ của trẻ em hoặc ảnh hưởng đến an ninh trật tự, an toàn xã hội);4641: Bán buôn vải, hàng may mặc, giày dép-;4771: B",internet
316780437,CÔNG TY TNHH MỘT THÀNH VIÊN THIÊN MINH SG,CÔNG TY TNHH MỘT THÀNH VIÊN TH,Công ty trách nhiệm hữu hạn một thành viên,"96/1/27A đường Phan Đình Phùng, Phường 02, Quận Phú Nhuận, Thành phố Hồ Chí Minh, Việt Nam",Quận Phú Nhuận,"4641: Bán buôn vải, hàng may mặc, giày dép-Chi tiết: Bán buôn vải; bán buôn hàng may mặc; bán buôn giày dép.;4669: Bán buôn chuyên doanh khác chưa được phân vào đâu-Chi tiết: Bán buôn tơ, xơ, sợi dệt;",internet
316775155,CÔNG TY TNHH VIỆT JP,CÔNG TY TNHH VIỆT JP,Công ty trách nhiệm hữu hạn một thành viên,"5.18 Tầng 5, Số 8 Hoàng Minh Giám, Phường 09, Quận Phú Nhuận, Thành phố Hồ Chí Minh, Việt Nam",Quận Phú Nhuận,"4649: Bán buôn đồ dùng khác cho gia đình-Chi tiết: Bán buôn nước hoa, hàng mỹ phẩm và chế phẩm vệ sinh; Bán buôn đồ điện gia dụng, đèn và bộ đèn điện; Bán buôn đồ dùng khác cho gia đình chưa được phân",internet
316783082,CÔNG TY TNHH TƯ VẤN - DỊCH VỤ - THƯƠNG MẠI - XUẤT KHẨU RỒNG VÀNG,CÔNG TY TNHH TƯ VẤN  DỊCH VỤ  ,Công ty trách nhiệm hữu hạn một thành viên,"145 Phổ Quang, Phường 09, Quận Phú Nhuận, Thành phố Hồ Chí Minh, Việt Nam",Quận Phú Nhuận,"4771: Bán lẻ hàng may mặc, giày dép, hàng da và giả da trong các cửa hàng chuyên doanh-;4791: Bán lẻ theo yêu cầu đặt hàng qua bưu điện hoặc internet-(trừ bán lẻ khí dầu mỏ hóa lỏng LPG, bình",internet
316782434,CÔNG TY TNHH SIMALIA,CÔNG TY TNHH SIMALIA,Công ty trách nhiệm hữu hạn một thành viên,"Tầng 3, Phòng 3.07, Khu I, Tòa Nhà The Prince Residence, Số 19-21 Nguyễn Văn Trỗi , Phường 11, Quận Phú Nhuận, Thành phố Hồ Chí Minh, Việt Nam",Quận Phú Nhuận,8559: Giáo dục khác chưa được phân vào đâu-Chi tiết: Giáo dục không xác định theo cấp độ tại các trung tâm đào tạo bồi dưỡng; Các dịch vụ dạy kèm (gia sư); Giáo dục dự bị; Các trung tâm dạy học có các,internet
316779054,CÔNG TY TNHH V.CARD TOÀN CẦU,CÔNG TY TNHH VCARD TOÀN CẦU,Công ty trách nhiệm hữu hạn hai thành viên trở lên,"148 Hồng Hà, Phường 09, Quận Phú Nhuận, Thành phố Hồ Chí Minh, Việt Nam",Quận Phú Nhuận,6202: Tư vấn máy vi tính và quản trị hệ thống máy vi tính-Chi tiết: Dịch vụ tư vấn phần mềm và tư vấn hệ thống (trừ tư vấn pháp lý);7310: Quảng cáo-;6209: Hoạt động dịch vụ công nghệ thông tin và dịch,internet
316781494,CÔNG TY TNHH SIÊU THỊ MINI THIÊN ÂN MART,CÔNG TY TNHH SIÊU THỊ MINI THI,Công ty trách nhiệm hữu hạn một thành viên,"111 Trần Hữu Trang, Phường 10, Quận Phú Nhuận, Thành phố Hồ Chí Minh, Việt Nam",Quận Phú Nhuận,"4711: Bán lẻ lương thực, thực phẩm, đồ uống, thuốc lá, thuốc lào chiếm tỷ trọng lớn trong các cửa hàng kinh doanh tổng hợp-Chi tiết: Bán lẻ lương thực, thực phẩm, đồ uống, thuốc lá nội, thuốc lào chiế",internet
316787295,CÔNG TY TNHH LMCATION,CÔNG TY TNHH LMCATION,Công ty trách nhiệm hữu hạn một thành viên,"58 Hoa Cau, Phường 07, Quận Phú Nhuận, Thành phố Hồ Chí Minh, Việt Nam",Quận Phú Nhuận,"4669: Bán buôn chuyên doanh khác chưa được phân vào đâu-(trừ bán buôn hóa chất, khí dầu mỏ hóa lỏng LPG, dầu nhớt cặn, vàng miếng, súng, đạn loại dùng đi săn hoặc thể thao và tiền kim khí; Thực hiện t",internet
316790523,CÔNG TY TNHH THƯƠNG MẠI VÀ DỊCH VỤ MK,CÔNG TY TNHH THƯƠNG MẠI VÀ DỊC,Công ty trách nhiệm hữu hạn một thành viên,"43 Nguyễn Thị Huỳnh, Phường 08, Quận Phú Nhuận, Thành phố Hồ Chí Minh, Việt Nam",Quận Phú Nhuận,"4791: Bán lẻ theo yêu cầu đặt hàng qua bưu điện hoặc internet-(trừ bán lẻ bình gas, khí dầu mỏ hóa lỏng LPG, dầu nhớt cặn, vàng miếng, súng, đạn loại dùng đi săn hoặc thể thao và tiền kim khí và thực ",lap top
316793348,CÔNG TY TNHH VINORTECH,CÔNG TY TNHH VINORTECH,Công ty trách nhiệm hữu hạn hai thành viên trở lên,"37 Hoàng Văn Thụ, Phường 15, Quận Phú Nhuận, Thành phố Hồ Chí Minh, Việt Nam",Quận Phú Nhuận,"6201: Lập trình máy vi tính-;6202: Tư vấn máy vi tính và quản trị hệ thống máy vi tính-;6209: Hoạt động dịch vụ công nghệ thông tin và dịch vụ khác liên quan đến máy vi tính-;6311: Xử lý dữ liệu, cho ",internet
316796155,CÔNG TY TRÁCH NHIỆM HỮU HẠN THƯƠNG MẠI DỊCH VỤ M.T.F,CÔNG TY TRÁCH NHIỆM HỮU HẠN TH,Công ty trách nhiệm hữu hạn một thành viên,"1B Nguyễn Văn Đậu, Phường 05, Quận Phú Nhuận, Thành phố Hồ Chí Minh, Việt Nam",Quận Phú Nhuận,"4292: Xây dựng công trình khai khoáng-;4293: Xây dựng công trình chế biến, chế tạo-;4299: Xây dựng công trình kỹ thuật dân dụng khác-;4311: Phá dỡ-;4312: Chuẩn bị mặt bằng-;4321: Lắp đặt hệ thống điện",internet
316795169,CÔNG TY CỔ PHẦN ĐẦU TƯ XÂY DỰNG THƯƠNG MẠI CHÂU ÁNH DƯƠNG,CÔNG TY CỔ PHẦN ĐẦU TƯ XÂY DỰN,Công ty cổ phần,"54/1 Đào Duy Anh, Phường 09, Quận Phú Nhuận, Thành phố Hồ Chí Minh, Việt Nam",Quận Phú Nhuận,"0111: Trồng lúa-;0112: Trồng ngô và cây lương thực có hạt khác-;0113: Trồng cây lấy củ có chất bột-;0114: Trồng cây mía-;0116: Trồng cây lấy sợi-;0117: Trồng cây có hạt chứa dầu-;0118: Trồng rau, đậu ",internet
316801743,CÔNG TY TNHH GL&GP,CÔNG TY TNHH GLGP,Công ty trách nhiệm hữu hạn một thành viên,"135 Đào Duy Anh, Phường 09, Quận Phú Nhuận, Thành phố Hồ Chí Minh, Việt Nam",Quận Phú Nhuận,5590: Cơ sở lưu trú khác-(không hoạt động tại trụ sở);5610: Nhà hàng và các dịch vụ ăn uống phục vụ lưu động-;5621: Cung cấp dịch vụ ăn uống theo hợp đồng không thường xuyên với khách hàng-Chi tiết: P,internet
316796684,CÔNG TY TNHH ĐẦU TƯ THƯƠNG MẠI XUẤT NHẬP KHẨU PHẠM HƯNG,CÔNG TY TNHH ĐẦU TƯ THƯƠNG MẠI,Công ty trách nhiệm hữu hạn hai thành viên trở lên,"Số 150 Trần Kế Xương, Phường 07, Quận Phú Nhuận, Thành phố Hồ Chí Minh, Việt Nam",Quận Phú Nhuận,4329: Lắp đặt hệ thống xây dựng khác-Chi tiết: Thi công lắp đặt trại nuôi cá cảnh và hồ nuôi cá cảnh;4669: Bán buôn chuyên doanh khác chưa được phân vào đâu-Chi tiết: Bán buôn các loại vật dụng dùng t,internet
316805360,CÔNG TY TNHH ĐẦU TƯ YO OHW,CÔNG TY TNHH ĐẦU TƯ YO OHW,Công ty trách nhiệm hữu hạn một thành viên,"Lầu 6 Toà nhà GEMS, 307A Nguyễn Trọng Tuyển, , Phường 10, Quận Phú Nhuận, Thành phố Hồ Chí Minh, Việt Nam",Quận Phú Nhuận,"8559: Giáo dục khác chưa được phân vào đâu-Chi tiết:Dạy ngoại ngữ, tin học, dạy kèm, đào tạo kỹ năng mềm.;8560: Dịch vụ hỗ trợ giáo dục-;7020: Hoạt động tư vấn quản lý-(trừ tư vấn tài chính, pháp luật",internet
316806572,CÔNG TY TNHH THIẾT KẾ RED5,CÔNG TY TNHH THIẾT KẾ RED5,Công ty trách nhiệm hữu hạn hai thành viên trở lên,"47 Phan Xích Long, Phường 03, Quận Phú Nhuận, Thành phố Hồ Chí Minh, Việt Nam",Quận Phú Nhuận,"4663: Bán buôn vật liệu, thiết bị lắp đặt khác trong xây dựng-(không hoạt động tại trụ sở);4662: Bán buôn kim loại và quặng kim loại-(trừ kinh doanh vàng miếng);7320: Nghiên cứu thị trường và thăm dò ",internet
316803733,CÔNG TY TNHH KỸ THUẬT CÔNG NGHIỆP ĐẠI GIA PHÚC,CÔNG TY TNHH KỸ THUẬT CÔNG NGH,Công ty trách nhiệm hữu hạn một thành viên,"75/10 Nguyễn Đình Chiểu , Phường 04, Quận Phú Nhuận, Thành phố Hồ Chí Minh, Việt Nam",Quận Phú Nhuận,0126: Trồng cây cà phê-(không hoạt động tại trụ sở).;0125: Trồng cây cao su-(không hoạt động tại trụ sở).;0220: Khai thác gỗ-(không hoạt động tại trụ sở).;0117: Trồng cây có hạt chứa dầu-(không hoạt đ,internet
316813964,CÔNG TY CỔ PHẦN CÔNG NGHỆ ONE EXPRESS,CÔNG TY CỔ PHẦN CÔNG NGHỆ ONE ,Công ty cổ phần,"234 Nguyễn Trọng Tuyển, Phường 08, Quận Phú Nhuận, Thành phố Hồ Chí Minh, Việt Nam",Quận Phú Nhuận,"6201: Lập trình máy vi tính-;6202: Tư vấn máy vi tính và quản trị hệ thống máy vi tính-;6209: Hoạt động dịch vụ công nghệ thông tin và dịch vụ khác liên quan đến máy vi tính-;6311: Xử lý dữ liệu, cho ",internet
316815376,CÔNG TY TNHH XUẤT NHẬP KHẨU VẠN THIÊN AN,CÔNG TY TNHH XUẤT NHẬP KHẨU VẠ,Công ty trách nhiệm hữu hạn một thành viên,"Tòa nhà VIETOFFICE1, 25 Phan Đình Phùng , Phường 17, Quận Phú Nhuận, Thành phố Hồ Chí Minh, Việt Nam",Quận Phú Nhuận,2011: Sản xuất hoá chất cơ bản-(không hoạt động tại trụ sở);2012: Sản xuất phân bón và hợp chất ni tơ-- Chi tiết: Sản xuất phân bón và đất sạch để trồng cây (không hoạt động tại trụ sở);2021: Sản xuất,internet
316820400,CÔNG TY TNHH TM VÀ DV XUẤT NHẬP KHẨU TRẦN GIA,CÔNG TY TNHH TM VÀ DV XUẤT NHẬ,Công ty trách nhiệm hữu hạn một thành viên,"140/34 Nguyễn Đình Chính, Phường 08, Quận Phú Nhuận, Thành phố Hồ Chí Minh, Việt Nam",Quận Phú Nhuận,1811: In ấn-(Không hoạt động tại trụ sở);1812: Dịch vụ liên quan đến in-(Không hoạt động tại trụ sở);2592: Gia công cơ khí; xử lý và tráng phủ kim loại-(Không hoạt động tại trụ sở);4101: Xây dựng nhà ,internet
316822863,CÔNG TY CỔ PHẦN ĐẦU TƯ FAM CENTRAL,CÔNG TY CỔ PHẦN ĐẦU TƯ FAM CEN,Công ty cổ phần,"352 Trường Sa, Phường 02, Quận Phú Nhuận, Thành phố Hồ Chí Minh, Việt Nam",Quận Phú Nhuận,"7490: Hoạt động chuyên môn, khoa học và công nghệ khác chưa được phân vào đâu-Chi tiết: Tư vấn về công nghệ (trừ thanh toán hối phiếu, thông tin tỉ lệ lượng và tư vấn chứng khoán);8110: Dịch vụ hỗ trợ",internet
316821588,CÔNG TY TNHH MTV THƯƠNG MẠI LUNA,CÔNG TY TNHH MTV THƯƠNG MẠI LU,Công ty trách nhiệm hữu hạn một thành viên,"Số 384/16 Huỳnh Văn Bánh, Phường 13, Quận Phú Nhuận, Thành phố Hồ Chí Minh, Việt Nam",Quận Phú Nhuận,"4719: Bán lẻ khác trong các cửa hàng kinh doanh tổng hợp-Chi tiết: Bán lẻ trong siêu thị (Supermarket), Bán lẻ trong cửa hàng tiện lợi (Minimarket), Bán lẻ trong cửa hàng kinh doanh tổng hợp khác (khô",internet
316826794,CÔNG TY TNHH MAY MẶC PISCES,CÔNG TY TNHH MAY MẶC PISCES,Công ty trách nhiệm hữu hạn một thành viên,"Số 541/27 Huỳnh Văn Bánh, Phường 13, Quận Phú Nhuận, Thành phố Hồ Chí Minh, Việt Nam",Quận Phú Nhuận,"4791: Bán lẻ theo yêu cầu đặt hàng qua bưu điện hoặc internet-(trừ bán lẻ khí dầu mỏ hóa lỏng LPG, bình gas, hóa chất, súng, đạn loại dùng đi săn hoặc thể thao và tiền kim kh",internet
316826346,CÔNG TY TNHH CƠ ĐIỆN NHD,CÔNG TY TNHH CƠ ĐIỆN NHD,Công ty trách nhiệm hữu hạn một thành viên,"56B Lê Tự Tài, Phường 04, Quận Phú Nhuận, Thành phố Hồ Chí Minh, Việt Nam",Quận Phú Nhuận,"3312: Sửa chữa máy móc, thiết bị-;3314: Sửa chữa thiết bị điện-;3319: Sửa chữa thiết bị khác-;3320: Lắp đặt máy móc và thiết bị công nghiệp-;4102: Xây dựng nhà không để ở-;4221: Xây dựng công trình đi",internet
316832170,CÔNG TY TNHH VNSTUDIO,CÔNG TY TNHH VNSTUDIO,Công ty trách nhiệm hữu hạn một thành viên,"72/8 Cô Giang, Phường 02, Quận Phú Nhuận, Thành phố Hồ Chí Minh, Việt Nam",Quận Phú Nhuận,"4652: Bán buôn thiết bị và linh kiện điện tử, viễn thông-;4641: Bán buôn vải, hàng may mặc, giày dép-;4649: Bán buôn đồ dùng khác cho gia đình-(trừ kinh doanh dược phẩm);4659: Bán buôn máy móc, thiết ",internet
316835904,CÔNG TY TNHH TM DV QUỐC TẾ LÂM AN,CÔNG TY TNHH TM DV QUỐC TẾ LÂM,Công ty trách nhiệm hữu hạn một thành viên,"Tầng 7, Tòa nhà Centre Point, 106 Nguyễn Văn Trỗi, Phường 08, Quận Phú Nhuận, Thành phố Hồ Chí Minh, Việt Nam",Quận Phú Nhuận,8511: Giáo dục nhà trẻ-;8512: Giáo dục mẫu giáo-;8521: Giáo dục tiểu học-;8522: Giáo dục trung học cơ sở-;8523: Giáo dục trung học phổ thông-;8531: Đào tạo sơ cấp-Chi tiết: Dạy nghề;8551: Giáo dục thể,internet
316846208,CÔNG TY TNHH THƯƠNG MẠI DỊCH VỤ ACET 266,CÔNG TY TNHH THƯƠNG MẠI DỊCH V,Công ty trách nhiệm hữu hạn một thành viên,"266 Lê Văn Sỹ, Phường 01, Quận Phú Nhuận, Thành phố Hồ Chí Minh, Việt Nam",Quận Phú Nhuận,"4741: Bán lẻ máy vi tính, thiết bị ngoại vi, phần mềm và thiết bị viễn thông trong các cửa hàng chuyên doanh-;4742: Bán lẻ thiết bị nghe nhìn trong các cửa hàng chuyên doanh-;4773: Bán lẻ hàng hóa khá",internet
316850878,CÔNG TY CỔ PHẦN TÁO VÀNG TOÀN CẦU,CÔNG TY CỔ PHẦN TÁO VÀNG TOÀN ,Công ty cổ phần,"Số 1 Đặng Văn Ngữ, Phường 10, Quận Phú Nhuận, Thành phố Hồ Chí Minh, Việt Nam",Quận Phú Nhuận,8532: Đào tạo trung cấp-Chi tiết: Dạy nghề;8559: Giáo dục khác chưa được phân vào đâu-Chi tiết: Các khóa dạy về phê bình đánh giá chuyên môn; dạy ngoại ngữ và dạy kỹ năng đàm thoại; đào tạo tự vệ; đạo,internet
316849992,CÔNG TY TNHH UPA FOOD,CÔNG TY TNHH UPA FOOD,Công ty trách nhiệm hữu hạn một thành viên,"24 Đặng Thai Mai, Phường 07, Quận Phú Nhuận, Thành phố Hồ Chí Minh, Việt Nam",Quận Phú Nhuận,"0111: Trồng lúa-;0112: Trồng ngô và cây lương thực có hạt khác-;0113: Trồng cây lấy củ có chất bột-;0114: Trồng cây mía-;0115: Trồng cây thuốc lá, thuốc lào-;0116: Trồng cây lấy sợi-;0117: Trồng cây c",internet
316852811,CÔNG TY CỔ PHẦN GIẢI TRÍ VIET TONE,CÔNG TY CỔ PHẦN GIẢI TRÍ VIET ,Công ty cổ phần,"S.02 Parkway villas, số 202B Hoàng Văn Thụ, Phường 09, Quận Phú Nhuận, Thành phố Hồ Chí Minh, Việt Nam",Quận Phú Nhuận,6190: Hoạt động viễn thông khác-Chi tiết: Hoạt động của các điểm truy cập internet. Hoạt động viễn thông khác chưa được phân vào đâu: Cung cấp dịch vụ viễn thông qua các kết nối viễn thông hiện có như,internet
316853212,CÔNG TY TNHH TM DV I CAN,CÔNG TY TNHH TM DV I CAN,Công ty trách nhiệm hữu hạn một thành viên,"192 - 194 Hoa Lan, Phường 02, Quận Phú Nhuận, Thành phố Hồ Chí Minh, Việt Nam",Quận Phú Nhuận,"6619: Hoạt động hỗ trợ dịch vụ tài chính chưa được phân vào đâu-Chi tiết: tư vấn đầu tư (trừ tư vấn tài chính, kế toán, pháp luật);7020: Hoạt động tư vấn quản lý-(trừ tư vấn tài chính, kế",internet
316854008,CÔNG TY TNHH KINH DOANH THƯƠNG MẠI DỊCH VỤ THẾ ANH,CÔNG TY TNHH KINH DOANH THƯƠNG,Công ty trách nhiệm hữu hạn hai thành viên trở lên,"P.702A Tầng 7, Tòa nhà Centre Point, 106 Nguyễn Văn Trỗi, Phường 08, Quận Phú Nhuận, Thành phố Hồ Chí Minh, Việt Nam",Quận Phú Nhuận,"4649: Bán buôn đồ dùng khác cho gia đình-;4669: Bán buôn chuyên doanh khác chưa được phân vào đâu-(trừ bán buôn bình gas, khí dầu mỏ hóa lỏng LPG, dầu nhớt cặn, vàng miếng, súng, đạn loại dùng đi săn ",internet
316854512,CÔNG TY CỔ PHẦN JEM,CÔNG TY CỔ PHẦN JEM,Công ty cổ phần,"413A Huỳnh Văn Bánh, Phường 11, Quận Phú Nhuận, Thành phố Hồ Chí Minh, Việt Nam",Quận Phú Nhuận,"7410: Hoạt động thiết kế chuyên dụng-Chi tiết: Thiết kế đồ trang sức;3211: Sản xuất đồ kim hoàn và chi tiết liên quan-Chi tiết: Sản xuất ,gia công vàng trang sức, mỹ nghệ, kim loại quý. (không sản xuấ",internet
316855107,CÔNG TY TNHH TOMAT O,CÔNG TY TNHH TOMAT O,Công ty trách nhiệm hữu hạn một thành viên,"141 Hoàng Văn Thụ, Phường 08, Quận Phú Nhuận, Thành phố Hồ Chí Minh, Việt Nam",Quận Phú Nhuận,5610: Nhà hàng và các dịch vụ ăn uống phục vụ lưu động-;5621: Cung cấp dịch vụ ăn uống theo hợp đồng không thường xuyên với khách hàng-;5629: Dịch vụ ăn uống khác-;5630: Dịch vụ phục vụ đồ uống-(trừ h,internet
316860900,CÔNG TY TNHH MINI HOME SOFTWARE,CÔNG TY TNHH MINI HOME SOFTWAR,Công ty trách nhiệm hữu hạn một thành viên,"62/2 Nguyễn Đình Chính, Phường 15, Quận Phú Nhuận, Thành phố Hồ Chí Minh, Việt Nam",Quận Phú Nhuận,"6810: Kinh doanh bất động sản, quyền sử dụng đất thuộc chủ sở hữu, chủ sử dụng hoặc đi thuê-;6820: Tư vấn, môi giới, đấu giá bất động sản, đấu giá quyền sử dụng đất-Chi tiết: Tư vấn, môi giới, quản lý",software
316860160,CÔNG TY TNHH TM - DV TLT,CÔNG TY TNHH TM  DV TLT,Công ty trách nhiệm hữu hạn hai thành viên trở lên,"37 Hoàng Văn Thụ, Phường 15, Quận Phú Nhuận, Thành phố Hồ Chí Minh, Việt Nam",Quận Phú Nhuận,5914: Hoạt động chiếu phim-Chi tiết: Hoạt động chiếu phim cố định. Hoạt động chiếu phim lưu động;5920: Hoạt động ghi âm và xuất bản âm nhạc-Chi tiết: Hoạt động ghi âm;6110: Hoạt động viễn thông có dây,internet
316863041,CÔNG TY TNHH ỨNG DỤNG VÀ PHÁT TRIỂN CÔNG NGHỆ TMD,CÔNG TY TNHH ỨNG DỤNG VÀ PHÁT ,Công ty trách nhiệm hữu hạn một thành viên,"270/28 Phan Đình Phùng, Phường 01, Quận Phú Nhuận, Thành phố Hồ Chí Minh, Việt Nam",Quận Phú Nhuận,"1811: In ấn-;2790: Sản xuất thiết bị điện khác-Chi tiết:- Sản xuất thang máng cáp, tủ bảng điện; Sản xuất máy cung cấp năng lượng liên tục (UPS) (không sản xuất tại trụ sở, chỉ hoạt động khi cơ quan c",internet
316864119,CÔNG TY TNHH TỔ CHỨC Ý TƯỞNG VIỆT NAM VIETNAM IDEAS TIME,CÔNG TY TNHH TỔ CHỨC Ý TƯỞNG V,Công ty trách nhiệm hữu hạn hai thành viên trở lên,"148 Hồng Hà, Phường 09, Quận Phú Nhuận, Thành phố Hồ Chí Minh, Việt Nam",Quận Phú Nhuận,7320: Nghiên cứu thị trường và thăm dò dư luận-(trừ dịch vụ điều tra và các loại thông tin nhà nước cấm);6190: Hoạt động viễn thông khác-Chi tiết: Dịch vụ cung cấp thông tin lên mạng Internet (trừ đại,internet
316863468,CÔNG TY TNHH MIYABI HOUSE & AQUA CRYSTAL,CÔNG TY TNHH MIYABI HOUSE  AQU,Công ty trách nhiệm hữu hạn một thành viên,"Tầng 4, Phòng 38, Tòa Nhà The Prince Residence, 17-19-21 Nguyễn Văn Trỗi, Phường 11, Quận Phú Nhuận, Thành phố Hồ Chí Minh, Việt Nam",Quận Phú Nhuận,"3290: Sản xuất khác chưa được phân vào đâu-(trừ sản xuất xốp cách nhiệt sử dụng ga R141b, sử dụng polyol trộn sẵn HCFC-141b; vật liệu xây dựng; hóa chất tại trụ sở);3100: Sản xuất giường, tủ, bàn, ghế",internet
316865810,CÔNG TY CP ĐẦU TƯ PHÁT TRIỂN THƯƠNG MẠI VÀ DỊCH VỤ BẢO KHANH,CÔNG TY CP ĐẦU TƯ PHÁT TRIỂN T,Công ty cổ phần,"Số 237/11 Phan Đình Phùng, Phường 15, Quận Phú Nhuận, Thành phố Hồ Chí Minh, Việt Nam",Quận Phú Nhuận,"4649: Bán buôn đồ dùng khác cho gia đình-Chi tiết:
 Bán buôn vali, cặp, túi, ví, hàng da và giả da khác
Bán buôn nước hoa, hàng mỹ phẩm và chế phẩm vệ sinh 
Bán buôn hàng gốm, sứ, thủy tinh 
Bán buôn ",internet
316867367,CÔNG TY TNHH JOHN & CO,CÔNG TY TNHH JOHN  CO,Công ty trách nhiệm hữu hạn một thành viên,"120/76 Thích Quảng Đức , Phường 05, Quận Phú Nhuận, Thành phố Hồ Chí Minh, Việt Nam",Quận Phú Nhuận,"9000: Hoạt động sáng tác, nghệ thuật và giải trí-(trừ kinh doanh vũ trường, phòng trà ca nhạc và không thực hiện các hiệu ứng cháy, nổ; không sử dụng chất nổ, chất cháy, hóa chất làm đạo cụ, dụng cụ t",internet
316881121,CÔNG TY TNHH TM DV SIÊU THỊ MINI THIÊN ÂN MART,CÔNG TY TNHH TM DV SIÊU THỊ MI,Công ty trách nhiệm hữu hạn một thành viên,"111 Trần Hữu Trang, Phường 10, Quận Phú Nhuận, Thành phố Hồ Chí Minh, Việt Nam",Quận Phú Nhuận,"4773: Bán lẻ hàng hóa khác mới trong các cửa hàng chuyên doanh-(trừ bán lẻ bình gas, sung, đạn loại dùng đi săn hoặc thể thao, tiền kim khí và mua bán vàng miếng; thực hiện theo Quyết định 64/2009/QĐ-",internet
316885542,CÔNG TY TNHH LATI,CÔNG TY TNHH LATI,Công ty trách nhiệm hữu hạn một thành viên,"102 Nguyễn Đình Chính, Phường 15, Quận Phú Nhuận, Thành phố Hồ Chí Minh, Việt Nam",Quận Phú Nhuận,"4772: Bán lẻ thuốc, dụng cụ y tế, mỹ phẩm và vật phẩm vệ sinh trong các cửa hàng chuyên doanh-;4773: Bán lẻ hàng hóa khác mới trong các cửa hàng chuyên doanh-(không tồn trữ hóa chất, trừ bán lẻ khí dầ",internet
316886225,CÔNG TY TNHH TM VÀ DV SDS HẢI ANH,CÔNG TY TNHH TM VÀ DV SDS HẢI ,Công ty trách nhiệm hữu hạn một thành viên,"234B HỒ VĂN HUÊ, Phường 09, Quận Phú Nhuận, Thành phố Hồ Chí Minh, Việt Nam",Quận Phú Nhuận,"6201: Lập trình máy vi tính-;6202: Tư vấn máy vi tính và quản trị hệ thống máy vi tính-;6209: Hoạt động dịch vụ công nghệ thông tin và dịch vụ khác liên quan đến máy vi tính-;6311: Xử lý dữ liệu, cho ",internet
316891391,CÔNG TY CỔ PHẦN ĐẦU TƯ VÀ PHÁT TRIỂN CÔNG NGHỆ NÔNG SẢN SẠCH GREENUP,CÔNG TY CỔ PHẦN ĐẦU TƯ VÀ PHÁT,Công ty cổ phần,"21 Hoa Đào, Phường 02, Quận Phú Nhuận, Thành phố Hồ Chí Minh, Việt Nam",Quận Phú Nhuận,4721: Bán lẻ lương thực trong các cửa hàng chuyên doanh-(Thực hiện theo quyết định 64/2009/QĐ-UBND ngày 31/07/2009 và quyết định số 79/2009/QĐ-UBND ngày 17/10/2009 của Ủy ban nhân dân TP. Hồ Chí Minh ,internet
316892892,CÔNG TY TNHH ĐẦU TƯ THƯƠNG MẠI NEK,CÔNG TY TNHH ĐẦU TƯ THƯƠNG MẠI,Công ty trách nhiệm hữu hạn hai thành viên trở lên,"529 Nguyễn Kiệm, Phường 09, Quận Phú Nhuận, Thành phố Hồ Chí Minh, Việt Nam",Quận Phú Nhuận,"6820: Tư vấn, môi giới, đấu giá bất động sản, đấu giá quyền sử dụng đất-(trừ đấu giá tài sản);6810: Kinh doanh bất động sản, quyền sử dụng đất thuộc chủ sở hữu, chủ sử dụng hoặc đi thuê-;5510: Dịch vụ",internet
316895124,CÔNG TY TNHH M.D SMART TECHNOLOGY,CÔNG TY TNHH MD SMART TECHNOLO,Công ty trách nhiệm hữu hạn một thành viên,"Số 2 Hoa Phượng, Phường 02, Quận Phú Nhuận, Thành phố Hồ Chí Minh, Việt Nam",Quận Phú Nhuận,"4651: Bán buôn máy vi tính, thiết bị ngoại vi và phần mềm-Chi tiết: Bán phần mềm;4741: Bán lẻ máy vi tính, thiết bị ngoại vi, phần mềm và thiết bị viễn thông trong các cửa hàng chuyên doanh-;6201: Lập",technology
316895759,CÔNG TY TNHH KBT,CÔNG TY TNHH KBT,Công ty trách nhiệm hữu hạn một thành viên,"162B Nguyễn Đình Chính, Phường 11, Quận Phú Nhuận, Thành phố Hồ Chí Minh, Việt Nam",Quận Phú Nhuận,"4791: Bán lẻ theo yêu cầu đặt hàng qua bưu điện hoặc internet-(trừ bán lẻ bình gas, khí dầu mỏ hóa lỏng LPG, dầu nhớt cặn, vàng miếng, súng, đạn loại dùng đi săn hoặc thể thao và tiền kim khí và thực ",internet
316900487,CÔNG TY TNHH QUẢN LÝ QUỸ ĐẦU TƯ FININEXT,CÔNG TY TNHH QUẢN LÝ QUỸ ĐẦU T,Công ty trách nhiệm hữu hạn hai thành viên trở lên,"127 Cù Lao, Phường 02, Quận Phú Nhuận, Thành phố Hồ Chí Minh, Việt Nam",Quận Phú Nhuận,"6630: Hoạt động quản lý quỹ-Chi tiết: Quản lý quỹ đầu tư khởi nghiệp sáng tạo;7020: Hoạt động tư vấn quản lý-(trừ tư vấn tài chính, kế toán, pháp luật);7810: Hoạt động của các trung tâm, đại lý tư vấn",internet
316900092,CÔNG TY TNHH DỊCH VỤ THƯƠNG MẠI VẬN TẢI LOAN VY,CÔNG TY TNHH DỊCH VỤ THƯƠNG MẠ,Công ty trách nhiệm hữu hạn một thành viên,"Tòa nhà VIETOFFICE BUILDING, 25 Phan Đình Phùng, Phường 17, Quận Phú Nhuận, Thành phố Hồ Chí Minh, Việt Nam",Quận Phú Nhuận,"2592: Gia công cơ khí; xử lý và tráng phủ kim loại-(không hoạt động tại trụ sở);3312: Sửa chữa máy móc, thiết bị-Chi tiết: Sửa chữa cơ khí (container);4101: Xây dựng nhà để ở-;4102: Xây dựng nhà không",internet
316900920,CÔNG TY TNHH CÔNG NGHỆ VIỄN THÔNG RẠNG ĐÔNG,CÔNG TY TNHH CÔNG NGHỆ VIỄN TH,Công ty trách nhiệm hữu hạn một thành viên,"14B Đặng Văn Ngữ, Phường 10, Quận Phú Nhuận, Thành phố Hồ Chí Minh, Việt Nam",Quận Phú Nhuận,"4741: Bán lẻ máy vi tính, thiết bị ngoại vi, phần mềm và thiết bị viễn thông trong các cửa hàng chuyên doanh-;4772: Bán lẻ thuốc, dụng cụ y tế, mỹ phẩm và vật phẩm vệ sinh trong các cửa hàng chuyên do",internet
316900215,CÔNG TY TNHH BUZI AGENCY,CÔNG TY TNHH BUZI AGENCY,Công ty trách nhiệm hữu hạn một thành viên,"3i Thích Quảng Đức, Phường 03, Quận Phú Nhuận, Thành phố Hồ Chí Minh, Việt Nam",Quận Phú Nhuận,"7310: Quảng cáo-Chi tiết: Tư vấn, dịch vụ sáng tạo, sản xuất các nguyên liệu cho quảng cáo, kế hoạch truyền thông. Viết lời, viết kịch bản quảng cáo. Sáng tạo và thực hiện các chiến dịch quảng cáo;732",internet
316903449,CÔNG TY TNHH NOVEMBER STUDIO,CÔNG TY TNHH NOVEMBER STUDIO,Công ty trách nhiệm hữu hạn một thành viên,"15/21 Cầm Bá Thước, Phường 07, Quận Phú Nhuận, Thành phố Hồ Chí Minh, Việt Nam",Quận Phú Nhuận,"8230: Tổ chức giới thiệu và xúc tiến thương mại-(trừ các hoạt động trong lĩnh vực có sử dụng chất nổ, chất cháy, hóa chất, làm đạo cụ, dụng cụ thực hiện các chương trình văn hóa, nghệ thuật, phim ảnh)",internet
316902879,CÔNG TY CỔ PHẦN FOOD 247,CÔNG TY CỔ PHẦN FOOD 247,Công ty cổ phần,"47 - 49 Phan Xích Long, Phường 02, Quận Phú Nhuận, Thành phố Hồ Chí Minh, Việt Nam",Quận Phú Nhuận,"4632: Bán buôn thực phẩm-(Không hoạt động tại trụ sở)
(Đối với các ngành nghề kinh doanh có điều kiện, Doanh nghiệp chỉ kinh doanh khi có đủ điều kiện theo quy định của pháp luật);1104: Sản xuất đồ uố",internet
316907041,CÔNG TY CỔ PHẦN THIẾT BỊ THĂNG LONG HỒ CHÍ MINH,CÔNG TY CỔ PHẦN THIẾT BỊ THĂNG,Công ty cổ phần,"OP.04.09, Khu Officetel, Tòa nhà Orchard Parkview, 130-132 Đường Hồng Hà, Phường 09, Quận Phú Nhuận, Thành phố Hồ Chí Minh, Việt Nam",Quận Phú Nhuận,"4669: Bán buôn chuyên doanh khác chưa được phân vào đâu-Chi tiết: Bán buôn hóa chất khác (trừ loại sử dụng trong nông nghiệp), (không tồn trữ hóa chất nguy hiểm trong khu dân cư), (trừ bán buôn khí dầ",internet
316906351,CÔNG TY TNHH BÓNG ĐÁ ĐƠN GIẢN,CÔNG TY TNHH BÓNG ĐÁ ĐƠN GIẢN,Công ty trách nhiệm hữu hạn một thành viên,"Số 03.28, Tầng 3, Cao ốc Kingston Residence, 146 Nguyễn Văn Trỗi, Phường 08, Quận Phú Nhuận, Thành phố Hồ Chí Minh, Việt Nam",Quận Phú Nhuận,"3230: Sản xuất dụng cụ thể dục, thể thao-Chi tiết: không hoạt động tại trụ sở;4649: Bán buôn đồ dùng khác cho gia đình-;4669: Bán buôn chuyên doanh khác chưa được phân vào đâu-(trừ bán buôn hóa chất, ",internet
316910573,CÔNG TY TNHH HIGH TECH SOFTWARE,CÔNG TY TNHH HIGH TECH SOFTWAR,Công ty trách nhiệm hữu hạn hai thành viên trở lên,"S.08 Parkway Villas, 202B Đường Hoàng Văn Thụ, Phường 09, Quận Phú Nhuận, Thành phố Hồ Chí Minh, Việt Nam",Quận Phú Nhuận,6312: Cổng thông tin-Chi tiết: Thiết lập trang thông tin điện tử tổng hợp;7310: Quảng cáo-;8230: Tổ chức giới thiệu và xúc tiến thương mại-(Không thực hiện các hiệu ứng cháy nổ và không sử dụng chất n,software
316913616,CÔNG TY TNHH ĐẦU TƯ 27,CÔNG TY TNHH ĐẦU TƯ 27,Công ty trách nhiệm hữu hạn một thành viên,"27 Nguyễn Văn Trỗi, Phường 11, Quận Phú Nhuận, Thành phố Hồ Chí Minh, Việt Nam",Quận Phú Nhuận,"1812: Dịch vụ liên quan đến in-;2023: Sản xuất mỹ phẩm, xà phòng, chất tẩy rửa, làm bóng và chế phẩm vệ sinh-Chi tiết: Sản xuất mỹ phẩm, nước hoa, chưng cất và chiết nước hoa (trừ sản xuất hóa chất cơ",internet
316917868,CÔNG TY TNHH JD TEAM,CÔNG TY TNHH JD TEAM,Công ty trách nhiệm hữu hạn một thành viên,"Số 24/2C Đoàn Thị Điểm, Phường 01, Quận Phú Nhuận, Thành phố Hồ Chí Minh, Việt Nam",Quận Phú Nhuận,"4610: Đại lý, môi giới, đấu giá hàng hóa-Chi tiết:
Đại lý bán hàng hóa
Môi giới mua bán hàng hóa
( Trừ hoạt động đấu giá);4631: Bán buôn gạo, lúa mỳ, hạt ngũ cốc khác, bột mỳ-( Không hoạt động tại trụ",internet
316917089,"CÔNG TY CỔ PHẦN THƯƠNG MẠI, DỊCH VỤ VÀ ĐẦU TƯ QUỐC TẾ VLG",CÔNG TY CỔ PHẦN THƯƠNG MẠI DỊC,Công ty cổ phần,"38/3 Nguyễn Văn Trỗi, Phường 15, Quận Phú Nhuận, Thành phố Hồ Chí Minh, Việt Nam",Quận Phú Nhuận,"4512: Bán lẻ ô tô con (loại 9 chỗ ngồi trở xuống)-;4541: Bán mô tô, xe máy-Chi tiết: Bán lẻ mô tô, xe máy;4543: Bán phụ tùng và các bộ phận phụ trợ của mô tô, xe máy-Chi tiết: Bán lẻ phụ tùng và các b",internet
316916783,CÔNG TY TNHH LEADS CONSULTANCY VIETNAM,CÔNG TY TNHH LEADS CONSULTANCY,Công ty trách nhiệm hữu hạn một thành viên,"Lô Officetel, Orchard Garden, Phòng 504, Số 128 đường Hồng Hà, Phường 09, Quận Phú Nhuận, Thành phố Hồ Chí Minh, Việt Nam",Quận Phú Nhuận,"4610: Đại lý, môi giới, đấu giá hàng hóa-Chi tiết: Đại lý, môi giới;6201: Lập trình máy vi tính-Chi tiết: Dịch vụ lập trình;6202: Tư vấn máy vi tính và quản trị hệ thống máy vi tính-Chi tiết: Dịch vụ ",internet
316918910,CÔNG TY CỔ PHẦN INTER GROUP,CÔNG TY CỔ PHẦN INTER GROUP,Công ty cổ phần,"48 Nguyễn Thị Huỳnh, Phường 11, Quận Phú Nhuận, Thành phố Hồ Chí Minh, Việt Nam",Quận Phú Nhuận,7912: Điều hành tua du lịch-;4932: Vận tải hành khách đường bộ khác-;7911: Đại lý du lịch-;7990: Dịch vụ đặt chỗ và các dịch vụ hỗ trợ liên quan đến quảng bá và tổ chức tua du lịch-;7310: Quảng cáo-;7,internet
316921864,CÔNG TY TNHH CÔNG NGHỆ DZC,CÔNG TY TNHH CÔNG NGHỆ DZC,Công ty trách nhiệm hữu hạn hai thành viên trở lên,"356 Phan Xích Long, Phường 02, Quận Phú Nhuận, Thành phố Hồ Chí Minh, Việt Nam",Quận Phú Nhuận,"4610: Đại lý, môi giới, đấu giá hàng hóa-Chi tiết: Đại lý, môi giới;4651: Bán buôn máy vi tính, thiết bị ngoại vi và phần mềm-;4741: Bán lẻ máy vi tính, thiết bị ngoại vi, phần mềm và thiết bị viễn th",internet
316924992,CÔNG TY TNHH MTV DNX,CÔNG TY TNHH MTV DNX,Công ty trách nhiệm hữu hạn một thành viên,"P.702A Tầng 7, Tòa nhà Centre Point, 106 Nguyễn Văn Trỗi, Phường 08, Quận Phú Nhuận, Thành phố Hồ Chí Minh, Việt Nam",Quận Phú Nhuận,"4669: Bán buôn chuyên doanh khác chưa được phân vào đâu-(trừ bán buôn bình gas, khí dầu mỏ hóa lỏng LPG, dầu nhớt cặn, vàng miếng, súng, đạn loại dùng đi săn hoặc thể thao và tiền kim khí;trừ bán buôn",internet
316924939,CÔNG TY TNHH STARDIO,CÔNG TY TNHH STARDIO,Công ty trách nhiệm hữu hạn hai thành viên trở lên,"98 Cù Lao KDC Rạch Miễu, Phường 02, Quận Phú Nhuận, Thành phố Hồ Chí Minh, Việt Nam",Quận Phú Nhuận,"1811: In ấn-;7310: Quảng cáo-;5920: Hoạt động ghi âm và xuất bản âm nhạc-Chi tiết: Hoạt động ghi âm, sản xuất âm nhạc;6201: Lập trình máy vi tính-Chi tiết: Sản xuất phần mềm;6202: Tư vấn máy vi tính v",internet
316925403,CÔNG TY TNHH MTV TH STORE,CÔNG TY TNHH MTV TH STORE,Công ty trách nhiệm hữu hạn một thành viên,"P.702A Tầng 7, Tòa nhà Centre Point, 106 Nguyễn Văn Trỗi, Phường 08, Quận Phú Nhuận, Thành phố Hồ Chí Minh, Việt Nam",Quận Phú Nhuận,"2023: Sản xuất mỹ phẩm, xà phòng, chất tẩy rửa, làm bóng và chế phẩm vệ sinh-(không hoạt động tại trụ sở);4649: Bán buôn đồ dùng khác cho gia đình-Chi tiết: Bán buôn và xuất nhập khẩu nước hoa, hàng m",internet
316927915,CÔNG TY TNHH SAIGON TRAVEL TECHNOLOGY,CÔNG TY TNHH SAIGON TRAVEL TEC,Công ty trách nhiệm hữu hạn một thành viên,"95/24 Lê văn sỹ , Phường 13, Quận Phú Nhuận, Thành phố Hồ Chí Minh, Việt Nam",Quận Phú Nhuận,"6202: Tư vấn máy vi tính và quản trị hệ thống máy vi tính-;7310: Quảng cáo-;6201: Lập trình máy vi tính-;6311: Xử lý dữ liệu, cho thuê và các hoạt động liên quan-;6209: Hoạt động dịch vụ công nghệ thô",technology
316927016,CÔNG TY TNHH THƯƠNG MẠI DỊCH VỤ TRUYỀN THÔNG NHIÊN AN,CÔNG TY TNHH THƯƠNG MẠI DỊCH V,Công ty trách nhiệm hữu hạn một thành viên,"74/38 Trương Quốc Dung, Phường 10, Quận Phú Nhuận, Thành phố Hồ Chí Minh, Việt Nam",Quận Phú Nhuận,"4662: Bán buôn kim loại và quặng kim loại-(trừ mua bán vàng miếng);4761: Bán lẻ sách, báo, tạp chí văn phòng phẩm trong các cửa hàng chuyên doanh-(có nội dung được phép lưu hành);4932: Vận tải hành kh",internet
316927961,CÔNG TY CỔ PHẦN MARUP,CÔNG TY CỔ PHẦN MARUP,Công ty cổ phần,"47 Đào Duy Anh, Phường 09, Quận Phú Nhuận, Thành phố Hồ Chí Minh, Việt Nam",Quận Phú Nhuận,"7310: Quảng cáo-Chi tiết: thiết kế đồ họa, thiết kế tạo mẫu, dịch vụ quảng cáo. Dịch vụ digital marketing (chạy quảng cáo google adward, seo, chăm sóc website, content marketing); Sáng tạo và thực hiệ",internet
316927841,CÔNG TY CỔ PHẦN DNXH RECYCLE ONE,CÔNG TY CỔ PHẦN DNXH RECYCLE O,Công ty cổ phần,"69/11/13 Nguyễn Đình Chính, Phường 15, Quận Phú Nhuận, Thành phố Hồ Chí Minh, Việt Nam",Quận Phú Nhuận,"8299: Hoạt động dịch vụ hỗ trợ kinh doanh khác còn lại chưa được phân vào đâu-(trừ kinh doanh dịch vụ đòi nợ);4651: Bán buôn máy vi tính, thiết bị ngoại vi và phần mềm-;8230: Tổ chức giới thiệu và xúc",internet
316929912,CÔNG TY CỔ PHẦN CÔNG NGHỆ QUỐC TẾ SÂM VIỆT,CÔNG TY CỔ PHẦN CÔNG NGHỆ QUỐC,Công ty cổ phần,"151 Trần Huy Liệu, Phường 08, Quận Phú Nhuận, Thành phố Hồ Chí Minh, Việt Nam",Quận Phú Nhuận,"0113: Trồng cây lấy củ có chất bột-Trồng cây lấy củ có chất bột-trồng cây nông nghiệp, cây
sâm lấy củ;0131: Nhân và chăm sóc cây giống hàng năm-;1079: Sản xuất thực phẩm khác chưa được phân vào đâu-sả",internet
316929334,CÔNG TY TNHH VDT SYSTEM VIỆT NAM,CÔNG TY TNHH VDT SYSTEM VIỆT N,Công ty trách nhiệm hữu hạn hai thành viên trở lên,"P.702A Tầng 7, Tòa nhà Centre Point, 106 Nguyễn Văn Trỗi, Phường 08, Quận Phú Nhuận, Thành phố Hồ Chí Minh, Việt Nam",Quận Phú Nhuận,"4610: Đại lý, môi giới, đấu giá hàng hóa-(trừ môi giới bất động sản)
Chi tiết: Đại lý, môi giới hàng hóa.;4651: Bán buôn máy vi tính, thiết bị ngoại vi và phần mềm-;4652: Bán buôn thiết bị và linh kiệ",internet
316930932,CÔNG TY TNHH KIẾN TRÚC - NỘI THẤT S.HOUSING,CÔNG TY TNHH KIẾN TRÚC  NỘI TH,Công ty trách nhiệm hữu hạn một thành viên,"22 Đào Duy Anh, Phường 09, Quận Phú Nhuận, Thành phố Hồ Chí Minh, Việt Nam",Quận Phú Nhuận,6312: Cổng thông tin-Chi tiết:  Thiết lập trang thông tin điện tử tổng hợp. Bao gồm: - Kinh doanh dịch vụ mạng xã hội; - Kinh doanh dịch vụ thiết lập trang thông tin điện tử tổng hợp; - Kinh doanh dịc,internet
316933468,CÔNG TY TNHH THƯƠNG MẠI DỊCH VỤ XUẤT NHẬP KHẨU NEW SUN,CÔNG TY TNHH THƯƠNG MẠI DỊCH V,Công ty trách nhiệm hữu hạn một thành viên,"38/9 Nguyễn Văn Trỗi, Phường 15, Quận Phú Nhuận, Thành phố Hồ Chí Minh, Việt Nam",Quận Phú Nhuận,"4631: Bán buôn gạo, lúa mỳ, hạt ngũ cốc khác, bột mỳ-(không hoạt động tại trụ sở);4632: Bán buôn thực phẩm-(không hoạt động tại trụ sở);4633: Bán buôn đồ uống-;4641: Bán buôn vải, hàng may mặc, giày d",internet
316933348,CÔNG TY CỔ PHẦN GM TELECOM,CÔNG TY CỔ PHẦN GM TELECOM,Công ty cổ phần,"P.702A, Tầng 7, Tòa nhà Centre Point, 106 Nguyễn Văn Trỗi, Phường 08, Quận Phú Nhuận, Thành phố Hồ Chí Minh, Việt Nam",Quận Phú Nhuận,"6190: Hoạt động viễn thông khác-(trừ bán lại hạ tầng viễn thông, mạng cung cấp).
Chi tiết:
- Hoạt động của các điểm truy cập internet;
- Đại lý dịch vụ viễn thông; dịch vụ giá trị gia tăng trên mạng v",internet
316934849,CÔNG TY CỔ PHẦN CÔNG NGHỆ BASO,CÔNG TY CỔ PHẦN CÔNG NGHỆ BASO,Công ty cổ phần,"121Bis Nguyễn Văn Trỗi, Phường 11, Quận Phú Nhuận, Thành phố Hồ Chí Minh, Việt Nam",Quận Phú Nhuận,"4651: Bán buôn máy vi tính, thiết bị ngoại vi và phần mềm-;4652: Bán buôn thiết bị và linh kiện điện tử, viễn thông-;6201: Lập trình máy vi tính-Chi tiết: Sản xuất phần mềm.;6399: Dịch vụ thông tin kh",internet
316938561,CÔNG TY TNHH SCN VIỆT NAM,CÔNG TY TNHH SCN VIỆT NAM,Công ty trách nhiệm hữu hạn hai thành viên trở lên,"421 Nguyễn Kiệm, Phường 09, Quận Phú Nhuận, Thành phố Hồ Chí Minh, Việt Nam",Quận Phú Nhuận,"4791: Bán lẻ theo yêu cầu đặt hàng qua bưu điện hoặc internet-(trừ bán lẻ hóa chất, khí dầu mỏ hóa lỏng LPG, dầu nhớt cặn, vàng miếng, súng, đạn loại dùng đi săn hoặc thể thao và tiền kim khí; Thực hi",internet
316940218,CÔNG TY TNHH HALULA,CÔNG TY TNHH HALULA,Công ty trách nhiệm hữu hạn hai thành viên trở lên,"P.702A, Tầng 7, Tòa nhà Centre Point, 106 Nguyễn Văn Trỗi, Phường 08, Quận Phú Nhuận, Thành phố Hồ Chí Minh, Việt Nam",Quận Phú Nhuận,"6312: Cổng thông tin-Chi tiết: Kinh doanh dịch vụ thương mại điện tử;4719: Bán lẻ khác trong các cửa hàng kinh doanh tổng hợp-(Trừ bán lẻ khí dầu mỏ hóa lỏng LPG, bình gas, hóa chất, súng, đạn loại dù",internet
316943522,CÔNG TY CỔ PHẦN NEXT COMMERCE GROUP,CÔNG TY CỔ PHẦN NEXT COMMERCE ,Công ty cổ phần,"P.702A Tầng 7, Tòa nhà Centre Point, 106 Nguyễn Văn Trỗi, Phường 08, Quận Phú Nhuận, Thành phố Hồ Chí Minh, Việt Nam",Quận Phú Nhuận,"4690: Bán buôn tổng hợp-(trừ bán buôn bình gas, khí dầu mỏ hóa lỏng LPG, dầu nhớt cặn, vàng miếng,súng, đạn loại dùng đi săn hoặc thể thao và tiền kim khí; trừ bán buôn hóa chất tại trụ sở; thực hiện ",internet
316944773,CÔNG TY TNHH KANACOS,CÔNG TY TNHH KANACOS,Công ty trách nhiệm hữu hạn hai thành viên trở lên,"43D/44 Hồ Văn Huê, Phường 09, Quận Phú Nhuận, Thành phố Hồ Chí Minh, Việt Nam",Quận Phú Nhuận,"4772: Bán lẻ thuốc, dụng cụ y tế, mỹ phẩm và vật phẩm vệ sinh trong các cửa hàng chuyên doanh-;4789: Bán lẻ hàng hóa khác lưu động hoặc tại chợ-Chi tiết: Bán lẻ mỹ phẩm và vật phẩm vệ sinh lưu động ho",internet
316945382,CÔNG TY TNHH THIẾT BỊ PCCC VÀ BẢO HỘ LAO ĐỘNG ĐÔNG ĐÔ,CÔNG TY TNHH THIẾT BỊ PCCC VÀ ,Công ty trách nhiệm hữu hạn một thành viên,"209 Hoàng Văn Thụ , Phường 08, Quận Phú Nhuận, Thành phố Hồ Chí Minh, Việt Nam",Quận Phú Nhuận,"3312: Sửa chữa máy móc, thiết bị-( Trừ gia công cơ khí, tái chế phế thải, xi mạ điện tại trụ sở );3314: Sửa chữa thiết bị điện-( Trừ gia công cơ khí, tái chế phế thải, xi mạ điện tại trụ sở );3320: Lắ",internet
316946192,CÔNG TY TNHH VĂN HÓA SÁCH THỊ TRẤN,CÔNG TY TNHH VĂN HÓA SÁCH THỊ ,Công ty trách nhiệm hữu hạn một thành viên,"33/39A Nguyễn Đình Chính, Phường 15, Quận Phú Nhuận, Thành phố Hồ Chí Minh, Việt Nam",Quận Phú Nhuận,"1701: Sản xuất bột giấy, giấy và bìa-Chi tiết: sản xuất giấy và các sản phẩm từ giấy 
(không hoạt động tại trụ sở);1702: Sản xuất giấy nhăn, bìa nhăn, bao bì từ giấy và bìa-Chi tiết: gia công, sản xuấ",internet
316945992,CÔNG TY TNHH THỰC PHẨM FARM HOUSE VIỆT NAM,CÔNG TY TNHH THỰC PHẨM FARM HO,Công ty trách nhiệm hữu hạn một thành viên,"178/15 Phan Đăng Lưu, Phường 03, Quận Phú Nhuận, Thành phố Hồ Chí Minh, Việt Nam",Quận Phú Nhuận,"4711: Bán lẻ lương thực, thực phẩm, đồ uống, thuốc lá, thuốc lào chiếm tỷ trọng lớn trong các cửa hàng kinh doanh tổng hợp-(thực hiện theo quyết định 64/2009/QĐ-UBND ngày 31/07/2009 và quyết định  số ",internet
316948489,CÔNG TY TRÁCH NHIỆM HỮU HẠN TRUE BREW,CÔNG TY TRÁCH NHIỆM HỮU HẠN TR,Công ty trách nhiệm hữu hạn một thành viên,"Số 2 Hoa Phượng, Phường 02, Quận Phú Nhuận, Thành phố Hồ Chí Minh, Việt Nam",Quận Phú Nhuận,1103: Sản xuất bia và mạch nha ủ men bia-;4632: Bán buôn thực phẩm-(không hoạt động tại trụ sở);4633: Bán buôn đồ uống-;4723: Bán lẻ đồ uống trong các cửa hàng chuyên doanh-;4791: Bán lẻ theo yêu cầu ,internet
316950897,CÔNG TY CỔ PHẦN PHÂN PHỐI KOINA,CÔNG TY CỔ PHẦN PHÂN PHỐI KOIN,Công ty cổ phần,"Số 241A/13 Huỳnh Văn Bánh, Phường 11, Quận Phú Nhuận, Thành phố Hồ Chí Minh, Việt Nam",Quận Phú Nhuận,"6820: Tư vấn, môi giới, đấu giá bất động sản, đấu giá quyền sử dụng đất-Chi tiết: Tư vấn, môi giới bất động sản; Quản lý bất động sản dựa trên cơ sở phí hoặc hợp đồng; Sàn giao dịch bất động sản; Định",internet
316950801,CÔNG TY TNHH TM VIỄN THÔNG HƯNG THỊNH,CÔNG TY TNHH TM VIỄN THÔNG HƯ,Công ty trách nhiệm hữu hạn một thành viên,"47B/3 Phan Xích Long, Phường 03, Quận Phú Nhuận, Thành phố Hồ Chí Minh, Việt Nam",Quận Phú Nhuận,"8230: Tổ chức giới thiệu và xúc tiến thương mại-(không thực hiện các hiệu ứng cháy, nổ; không sử dụng chất nổ, chất cháy, hóa chất làm đạo cụ, dụng cụ thực hiện các chương trình văn nghệ, sự kiện, phi",internet
316951883,CÔNG TY TNHH BUNBOSOFT,CÔNG TY TNHH BUNBOSOFT,Công ty trách nhiệm hữu hạn một thành viên,"30 Hoa Lan, Phường 02, Quận Phú Nhuận, Thành phố Hồ Chí Minh, Việt Nam",Quận Phú Nhuận,"4651: Bán buôn máy vi tính, thiết bị ngoại vi và phần mềm-;4652: Bán buôn thiết bị và linh kiện điện tử, viễn thông-;4933: Vận tải hàng hóa bằng đường bộ-Trừ hoá lỏng khí để vận chuyển;6201: Lập trình",internet
316953922,CÔNG TY TNHH CÔNG NGHỆ JV,CÔNG TY TNHH CÔNG NGHỆ JV,Công ty trách nhiệm hữu hạn một thành viên,"10/18/8 Đặng Văn Ngữ, Tổ 7, Phường 10, Quận Phú Nhuận, Thành phố Hồ Chí Minh, Việt Nam",Quận Phú Nhuận,"6201: Lập trình máy vi tính-;6202: Tư vấn máy vi tính và quản trị hệ thống máy vi tính-;6209: Hoạt động dịch vụ công nghệ thông tin và dịch vụ khác liên quan đến máy vi tính-;6311: Xử lý dữ liệu, cho ",internet
316955327,CÔNG TY TNHH DƯỢC SƯ,CÔNG TY TNHH DƯỢC SƯ,Công ty trách nhiệm hữu hạn hai thành viên trở lên,"Lầu 10, Tòa Nhà Centre Point, Số 106 Nguyễn Văn Trỗi, Phường 08, Quận Phú Nhuận, Thành phố Hồ Chí Minh, Việt Nam",Quận Phú Nhuận,"7490: Hoạt động chuyên môn, khoa học và công nghệ khác chưa được phân vào đâu-Chi tiết: 
- Hoạt động phiên dịch;
- Hoạt động của các tác giả sách khoa học và công nghệ; 
- Hoạt động môi giới bản quyền",internet
316955856,CÔNG TY CỔ PHẦN DỊCH VỤ TECHLOGI,CÔNG TY CỔ PHẦN DỊCH VỤ TECHLO,Công ty cổ phần,"Số 241A/13 Huỳnh Văn Bánh, Phường 11, Quận Phú Nhuận, Thành phố Hồ Chí Minh, Việt Nam",Quận Phú Nhuận,"4933: Vận tải hàng hóa bằng đường bộ-(trừ hóa lỏng khí để vận chuyển);5229: Hoạt động dịch vụ hỗ trợ khác liên quan đến vận tải-Chi tiết: Hoạt động gửi hàng, giao nhận hàng hóa; Dịch vụ đại lý tàu biể",internet
316956803,CÔNG TY TNHH THƯƠNG MẠI DỊCH VỤ XÂY DỰNG TTCONS,CÔNG TY TNHH THƯƠNG MẠI DỊCH V,Công ty trách nhiệm hữu hạn một thành viên,"486/24/2 Phan Xích Long, Phường 03, Quận Phú Nhuận, Thành phố Hồ Chí Minh, Việt Nam",Quận Phú Nhuận,7110: Hoạt động kiến trúc và tư vấn kỹ thuật có liên quan-Chi tiết: Giám sát công tác xây dựng và hoàn thiện công trình thủy lợi; Thiết kế kết cấu công trình hầm; Thiết kế cấp thoát nước công trình; T,internet
316957476,CÔNG TY TNHH KHU VƯỜN SỨC KHỎE,CÔNG TY TNHH KHU VƯỜN SỨC KHỎE,Công ty trách nhiệm hữu hạn một thành viên,"188 Nguyễn Đình Chính, Phường 11, Quận Phú Nhuận, Thành phố Hồ Chí Minh, Việt Nam",Quận Phú Nhuận,"4610: Đại lý, môi giới, đấu giá hàng hóa-Chi tiết: Đại lý; Môi giới.;4620: Bán buôn nông, lâm sản nguyên liệu (trừ gỗ, tre, nứa) và động vật sống-(không hoạt động tại trụ sở);4631: Bán buôn gạo, lúa m",internet
316961401,CÔNG TY TNHH ZELLO,CÔNG TY TNHH ZELLO,Công ty trách nhiệm hữu hạn một thành viên,"41/3 Phan Đình Phùng, Phường 17, Quận Phú Nhuận, Thành phố Hồ Chí Minh, Việt Nam",Quận Phú Nhuận,"0118: Trồng rau, đậu các loại và trồng hoa-;0161: Hoạt động dịch vụ trồng trọt-;0129: Trồng cây lâu năm khác-Chi tiết: Trồng cây cảnh, cây xanh; Trồng cây lâu năm khác còn lại;1010: Chế biến, bảo quản",internet
316961200,CÔNG TY TNHH THƯƠNG MẠI DỊCH VỤ VÀ ĐẦU TƯ VƯỢNG PHÁT,CÔNG TY TNHH THƯƠNG MẠI DỊCH V,Công ty trách nhiệm hữu hạn một thành viên,"94 Trần Huy Liệu, Phường 15, Quận Phú Nhuận, Thành phố Hồ Chí Minh, Việt Nam",Quận Phú Nhuận,"4649: Bán buôn đồ dùng khác cho gia đình-Chi tiết:
 Bán buôn vali, cặp, túi, ví, hàng da và giả da khác
Bán buôn nước hoa, hàng mỹ phẩm và chế phẩm vệ sinh 
Bán buôn hàng gốm, sứ, thủy tinh 
Bán buôn ",internet
316961899,CÔNG TY TNHH THỜI TRANG VÀ NGHỆ THUẬT LIVIBI,CÔNG TY TNHH THỜI TRANG VÀ NGH,Công ty trách nhiệm hữu hạn hai thành viên trở lên,"76/61F Đường Phan Tây Hồ, Phường 07, Quận Phú Nhuận, Thành phố Hồ Chí Minh, Việt Nam",Quận Phú Nhuận,"1410: May trang phục (trừ trang phục từ da lông thú)-( trừ tẩy, nhuộm, hồ, in, gia công hàng đã qua sử dụng tại trụ sở);1420: Sản xuất sản phẩm từ da lông thú-;4641: Bán buôn vải, hàng may mặc, giày d",internet
316961994,CÔNG TY TNHH MEGACOM PLUS,CÔNG TY TNHH MEGACOM PLUS,Công ty trách nhiệm hữu hạn hai thành viên trở lên,"173 Đặng Văn Ngữ, Phường 13, Quận Phú Nhuận, Thành phố Hồ Chí Minh, Việt Nam",Quận Phú Nhuận,"7310: Quảng cáo-;8230: Tổ chức giới thiệu và xúc tiến thương mại-(trừ các hoạt động trong lĩnh vực có sử dụng chất nổ, chất cháy, hóa chất, làm đạo cụ, dụng cụ thực hiện các chương trình văn hóa, nghệ",internet
316962483,CÔNG TY TNHH 0S,CÔNG TY TNHH 0S,Công ty trách nhiệm hữu hạn một thành viên,"244/29 Huỳnh Văn Bánh, Phường 11, Quận Phú Nhuận, Thành phố Hồ Chí Minh, Việt Nam",Quận Phú Nhuận,"4610: Đại lý, môi giới, đấu giá hàng hóa-Chi tiết: Đại lý , môi giới hàng hóa;4651: Bán buôn máy vi tính, thiết bị ngoại vi và phần mềm-;4741: Bán lẻ máy vi tính, thiết bị ngoại vi, phần mềm và thiết ",internet
316965452,CÔNG TY TNHH MAY THỜI TRANG SIROBEBE,CÔNG TY TNHH MAY THỜI TRANG SI,Công ty trách nhiệm hữu hạn một thành viên,"41/32 Phùng Văn Cung, Phường 02, Quận Phú Nhuận, Thành phố Hồ Chí Minh, Việt Nam",Quận Phú Nhuận,"1311: Sản xuất sợi-;1312: Sản xuất vải dệt thoi-;1313: Hoàn thiện sản phẩm dệt-;1391: Sản xuất vải dệt kim, vải đan móc và vải không dệt khác-;1392: Sản xuất hàng dệt sẵn (trừ trang phục)-;1393: Sản x",internet
316964787,CÔNG TY CỔ PHẦN ĐẦU TƯ IMMIGO,CÔNG TY CỔ PHẦN ĐẦU TƯ IMMIGO,Công ty cổ phần,"208/4 Nguyễn Thượng Hiền, Phường 05, Quận Phú Nhuận, Thành phố Hồ Chí Minh, Việt Nam",Quận Phú Nhuận,"4610: Đại lý, môi giới, đấu giá hàng hóa-Chi tiết: Đại lý, môi giới (trừ môi giới bất động sản);4669: Bán buôn chuyên doanh khác chưa được phân vào đâu-(trừ bán lẻ hóa chất tại trụ sở; trừ bán lẻ bình",internet
316966329,CÔNG TY TNHH THƯƠNG MẠI DỊCH VỤ WOW FOOD,CÔNG TY TNHH THƯƠNG MẠI DỊCH V,Công ty trách nhiệm hữu hạn một thành viên,"533/59A Huỳnh Văn Bánh, Phường 13, Quận Phú Nhuận, Thành phố Hồ Chí Minh, Việt Nam",Quận Phú Nhuận,"0141: Chăn nuôi trâu, bò và sản xuất giống trâu, bò-;0144: Chăn nuôi dê, cừu và sản xuất giống dê, cừu, hươu, nai-;0145: Chăn nuôi lợn và sản xuất giống lợn-;0146: Chăn nuôi gia cầm-;1010: Chế biến, b",internet
316967202,CÔNG TY CỔ PHẦN INTERDATA,CÔNG TY CỔ PHẦN INTERDATA,Công ty cổ phần,"48 Nguyễn Thị Huỳnh, Phường 11, Quận Phú Nhuận, Thành phố Hồ Chí Minh, Việt Nam",Quận Phú Nhuận,"7912: Điều hành tua du lịch-;4932: Vận tải hành khách đường bộ khác-Chi tiết: Vận tải khách du lịch, vận tải khách theo hợp đồng;7911: Đại lý du lịch-;7990: Dịch vụ đặt chỗ và các dịch vụ hỗ trợ liên ",internet
316972763,CÔNG TY TNHH GMT SOFTWARE,CÔNG TY TNHH GMT SOFTWARE,Công ty trách nhiệm hữu hạn một thành viên,"244/29 Huỳnh Văn Bánh, Phường 11, Quận Phú Nhuận, Thành phố Hồ Chí Minh, Việt Nam",Quận Phú Nhuận,"6201: Lập trình máy vi tính-Chi tiết: sản xuất, gia công phần mềm;6202: Tư vấn máy vi tính và quản trị hệ thống máy vi tính-;6209: Hoạt động dịch vụ công nghệ thông tin và dịch vụ khác liên quan đến m",software
316973580,CÔNG TY TNHH LEAN PM SCHOOL,CÔNG TY TNHH LEAN PM SCHOOL,Công ty trách nhiệm hữu hạn một thành viên,"35 Cầm Bá Thước, Phường 07, Quận Phú Nhuận, Thành phố Hồ Chí Minh, Việt Nam",Quận Phú Nhuận,"6201: Lập trình máy vi tính-;6202: Tư vấn máy vi tính và quản trị hệ thống máy vi tính-;6209: Hoạt động dịch vụ công nghệ thông tin và dịch vụ khác liên quan đến máy vi tính-;6311: Xử lý dữ liệu, cho ",internet
316976976,CÔNG TY TNHH BLUE ROSES,CÔNG TY TNHH BLUE ROSES,Công ty trách nhiệm hữu hạn một thành viên,"64/7 Cù Lao, Phường 02, Quận Phú Nhuận, Thành phố Hồ Chí Minh, Việt Nam",Quận Phú Nhuận,4632: Bán buôn thực phẩm-(thực hiện theo quyết định 64/2009/QĐ-UBND ngày 31/07/2009 và quyết định 79/2009 /QĐ-UBND ngày 17/10/2009 của UBND TP HCM về phê duyệt kinh doanh nông sản thực p,internet
316982539,CÔNG TY TNHH LA MAISON DE L'AUBE,CÔNG TY TNHH LA MAISON DE LAUB,Công ty trách nhiệm hữu hạn hai thành viên trở lên,"185/9 Phan Đình Phùng , Phường 17, Quận Phú Nhuận, Thành phố Hồ Chí Minh, Việt Nam",Quận Phú Nhuận,"4649: Bán buôn đồ dùng khác cho gia đình-;4669: Bán buôn chuyên doanh khác chưa được phân vào đâu-(trừ bán buôn bình gas, khí dầu mỏ hóa lỏng LPG, dầu nhớt cặn, vàng miếng, súng, đạn loại dùng đi săn ",internet
316984007,CÔNG TY TNHH THƯƠNG MẠI DỊCH VỤ MTV BÁNH HỌ ĐOÀN,CÔNG TY TNHH THƯƠNG MẠI DỊCH V,Công ty trách nhiệm hữu hạn một thành viên,"74/13/12 Trương Quốc Dung, Phường 10, Quận Phú Nhuận, Thành phố Hồ Chí Minh, Việt Nam",Quận Phú Nhuận,"4632: Bán buôn thực phẩm-chi tiết: Bán buôn sữa và các sản phẩm sữa, bánh kẹo và các sản phẩm chế biến từ ngũ cốc, bột, tinh bột ,bán buôn thực phẩm khác ( không hoạt động tại trụ sở);4641: Bán buôn v",internet
316984575,CÔNG TY TNHH THƯƠNG MẠI VÀ DỊCH VỤ PARIS HA,CÔNG TY TNHH THƯƠNG MẠI VÀ DỊC,Công ty trách nhiệm hữu hạn hai thành viên trở lên,"Phòng 2.53-2.54, Tầng 2, Khu I Tòa nhà The Prince Residence, 19-21 Nguyễn Văn Trỗi, Phường 11, Quận Phú Nhuận, Thành phố Hồ Chí Minh, Việt Nam",Quận Phú Nhuận,"5224: Bốc xếp hàng hóa-(Trừ bốc xếp hàng hóa cảng hàng không);5610: Nhà hàng và các dịch vụ ăn uống phục vụ lưu động-;6202: Tư vấn máy vi tính và quản trị hệ thống máy vi tính-;6311: Xử lý dữ liệu, ch",internet
316986131,CÔNG TY TNHH KAMI GURU,CÔNG TY TNHH KAMI GURU,Công ty trách nhiệm hữu hạn hai thành viên trở lên,"14 Hoa Thị, Phường 07, Quận Phú Nhuận, Thành phố Hồ Chí Minh, Việt Nam",Quận Phú Nhuận,"6201: Lập trình máy vi tính-;6202: Tư vấn máy vi tính và quản trị hệ thống máy vi tính-;6209: Hoạt động dịch vụ công nghệ thông tin và dịch vụ khác liên quan đến máy vi tính-;6311: Xử lý dữ liệu, cho ",internet
316986692,CÔNG TY TNHH LEAF HOUSE,CÔNG TY TNHH LEAF HOUSE,Công ty trách nhiệm hữu hạn một thành viên,"247A/14E Huỳnh Văn Bánh, Phường 11, Quận Phú Nhuận, Thành phố Hồ Chí Minh, Việt Nam",Quận Phú Nhuận,"1701: Sản xuất bột giấy, giấy và bìa-;1702: Sản xuất giấy nhăn, bìa nhăn, bao bì từ giấy và bìa-;1709: Sản xuất các sản phẩm khác từ giấy và bìa chưa được phân vào đâu-;1811: In ấn-;1812: Dịch vụ liên",internet
316988481,CÔNG TY TNHH XNK PHÚC THIÊN AN,CÔNG TY TNHH XNK PHÚC THIÊN AN,Công ty trách nhiệm hữu hạn hai thành viên trở lên,"50/10 Phùng Văn Cung, Phường 07, Quận Phú Nhuận, Thành phố Hồ Chí Minh, Việt Nam",Quận Phú Nhuận,"4649: Bán buôn đồ dùng khác cho gia đình-Chi tiết: Bán buôn vali, cặp, túi, ví, hàng da và giả da khác; Bán buôn dược phẩm và dụng cụ y tế; Bán buôn nước hoa, hàng mỹ phẩm và chế phẩm vệ sinh; Bán buô",internet
316994171,CÔNG TY TNHH DỊCH VỤ BIG SEA,CÔNG TY TNHH DỊCH VỤ BIG SEA,Công ty trách nhiệm hữu hạn hai thành viên trở lên,"129 Hoàng Văn Thụ, Phường 08, Quận Phú Nhuận, Thành phố Hồ Chí Minh, Việt Nam",Quận Phú Nhuận,5630: Dịch vụ phục vụ đồ uống-;8292: Dịch vụ đóng gói-;4799: Bán lẻ hình thức khác chưa được phân vào đâu-;4933: Vận tải hàng hóa bằng đường bộ-;5210: Kho bãi và lưu giữ hàng hóa-;5229: Hoạt động dịch,internet
316992336,CÔNG TY TNHH KENSEI,CÔNG TY TNHH KENSEI,Công ty trách nhiệm hữu hạn một thành viên,"50/37B Phùng Văn Cung, Phường 07, Quận Phú Nhuận, Thành phố Hồ Chí Minh, Việt Nam",Quận Phú Nhuận,4101: Xây dựng nhà để ở-;4102: Xây dựng nhà không để ở-;4211: Xây dựng công trình đường sắt-;4212: Xây dựng công trình đường bộ-;4291: Xây dựng công trình thủy-;4292: Xây dựng công trình khai khoáng-;,internet
316998987,CÔNG TY TNHH XÍ XỌN,CÔNG TY TNHH XÍ XỌN,Công ty trách nhiệm hữu hạn một thành viên,"171 Lê Văn Sỹ , Phường 13, Quận Phú Nhuận, Thành phố Hồ Chí Minh, Việt Nam",Quận Phú Nhuận,"2023: Sản xuất mỹ phẩm, xà phòng, chất tẩy rửa, làm bóng và chế phẩm vệ sinh-(Trừ sản xuất hóa chất);4631: Bán buôn gạo, lúa mỳ, hạt ngũ cốc khác, bột mỳ-(không hoạt động tại trụ sở);4632: Bán buôn th",internet
316998190,CÔNG TY TNHH COTTON SEW,CÔNG TY TNHH COTTON SEW,Công ty trách nhiệm hữu hạn một thành viên,"1.21 Garden Gate, 08 Hoàng Minh Giám, Phường 09, Quận Phú Nhuận, Thành phố Hồ Chí Minh, Việt Nam",Quận Phú Nhuận,"4799: Bán lẻ hình thức khác chưa được phân vào đâu-Chi tiết: Bán lẻ các loại hàng hóa bằng phương thức khác chưa kể ở trên như:
 bán trực tiếp hoặc chuyển phát theo địa chỉ; bán thông qua máy bán hàng",internet
317000312,CÔNG TY TNHH SKPURE VIỆT NAM,CÔNG TY TNHH SKPURE VIỆT NAM,Công ty trách nhiệm hữu hạn một thành viên,"Tầng 7, Số 120 Phùng Văn Cung, Phường 07, Quận Phú Nhuận, Thành phố Hồ Chí Minh, Việt Nam",Quận Phú Nhuận,"4690: Bán buôn tổng hợp-Chi tiết: Thực hiện quyền xuất khẩu, quyền nhập khẩu, quyền phân phối bán buôn các hàng hóa không thuộc danh mục hàng hóa cấm xuất khẩu, cấm nhập khẩu và danh mục hàng hóa khôn",internet
317001098,CÔNG TY TNHH THƯƠNG MẠI DỊCH VỤ TỰU ĐỨC,CÔNG TY TNHH THƯƠNG MẠI DỊCH V,Công ty trách nhiệm hữu hạn một thành viên,"24/21 Trần Cao Vân, Phường 11, Quận Phú Nhuận, Thành phố Hồ Chí Minh, Việt Nam",Quận Phú Nhuận,"1075: Sản xuất món ăn, thức ăn chế biến sẵn-(không hoạt động tại trụ sở);1079: Sản xuất thực phẩm khác chưa được phân vào đâu-(không hoạt động tại trụ sở);4610: Đại lý, môi giới, đấu giá hàn",internet
