tax_code,name,name_slug,company_type,address,district,industry_raw,keyword
313603648,CÔNG TY TNHH GALAXY VIỆT - HÀN,CÔNG TY TNHH GALAXY VIỆT  HÀN,Công ty trách nhiệm hữu hạn một thành viên,"1134/16 Huỳnh Tấn Phát, Phường Tân Phú, Quận 7, Thành phố Hồ Chí Minh, Việt Nam",Quận 7,"4659: Bán buôn máy móc, thiết bị và phụ tùng máy khác-Chi tiết: Bán buôn xe điện, máy gắp thú, máy game các loại dùng trong khu vui chơi giải trí.; 4669: Bán buôn chuyên doanh khác chưa được phân vào ",internet
314521846,CÔNG TY TNHH THƯƠNG MẠI VÀ XUẤT NHẬP KHẨU FRANKBITION,CÔNG TY TNHH THƯƠNG MẠI VÀ XUẤ,Công ty trách nhiệm hữu hạn hai thành viên trở lên,"25A Phan Huy Thực, Phường Tân Kiểng, Quận 7, Thành phố Hồ Chí Minh, Việt Nam",Quận 7,"5210: Kho bãi và lưu giữ hàng hóa-Chi tiết: Lưu giữ hàng hóa (trừ kinh doanh kho bãi).;4663: Bán buôn vật liệu, thiết bị lắp đặt khác trong xây dựng-;4669: Bán buôn chuyên doanh khác chưa được phân và",internet
313617263,CÔNG TY TNHH FINTEK,CÔNG TY TNHH FINTEK,Công ty trách nhiệm hữu hạn một thành viên,"Phòng 702, Tầng 7, Tòa nhà Paragon, 3 Nguyễn Lương Bằng, Phường Tân Phú, Quận 7, Thành phố Hồ Chí Minh, Việt Nam",Quận 7,"6201: Lập trình máy vi tính-Chi tiết: Dịch vụ lập trình;8559: Giáo dục khác chưa được phân vào đâu-Chi tiết: Dạy nghề;4652: Bán buôn thiết bị và linh kiện điện tử, viễn thông-Chi tiết: Bán buôn thiết ",internet
313627046,CÔNG TY TNHH ĐẦU TƯ KINH DOANH HẠ TẦNG SCTV,CÔNG TY TNHH ĐẦU TƯ KINH DOANH,Công ty trách nhiệm hữu hạn hai thành viên trở lên,"số 32, đường số 5, Khu Dân Cư Him Lam, Phường Tân Hưng, Quận 7, Thành phố Hồ Chí Minh, Việt Nam",Quận 7,"7110: Hoạt động kiến trúc và tư vấn kỹ thuật có liên quan-Chi tiết: dịch vụ tư vấn, khảo sát, thiết kế công trình viễn thông, công nghệ thông tin, truyền thông;3312: Sửa chữa máy móc, thiết bị-Chi tiế",internet
313631268,CÔNG TY TNHH ĐẦU TƯ THƯƠNG MẠI DỊCH VỤ GIẢI TRÍ KHÔNG GIAN,CÔNG TY TNHH ĐẦU TƯ THƯƠNG MẠI,Công ty trách nhiệm hữu hạn hai thành viên trở lên,"L1-01 tầng 1 Siêu thị Coop Mart, 1362 Huỳnh Tấn Phát, Phường Phú Mỹ, Quận 7, Thành phố Hồ Chí Minh, Việt Nam",Quận 7,"4610: Đại lý, môi giới, đấu giá-Chi tiết: Đại lý bán vé số. Đại lý xổ số;4542: Bảo dưỡng và sửa chữa mô tô, xe máy-chi tiết: sửa chữa xe máy;4541: Bán mô tô, xe máy-chi tiết: bán buôn, bán lẻ, đại lý ",internet
313630137,CÔNG TY TNHH THIẾT KẾ XÂY DỰNG GREAT WIN,CÔNG TY TNHH THIẾT KẾ XÂY DỰNG,Công ty trách nhiệm hữu hạn hai thành viên trở lên,"49A Đường 85, Phường Tân Quy, Quận 7, Thành phố Hồ Chí Minh, Việt Nam",Quận 7,"4791: Bán lẻ theo yêu cầu đặt hàng qua bưu điện hoặc internet-(trừ bán lẻ bình gas, khí dầu mỏ hóa lỏng LPG, dầu nhớt cặn, vàng miếng, súng, đạn loại dùng đi săn hoặc thể thao và tiền kim khí; trừ bán",internet
313829130,CÔNG TY TNHH BROADWAY NHẬT BẢN,CÔNG TY TNHH BROADWAY NHẬT BẢN,Công ty trách nhiệm hữu hạn hai thành viên trở lên,"Tòa Nhà Southern Cross Sky View, số 8 Nguyễn Khắc Viện, Phường Tân Phú, Quận 7, Thành phố Hồ Chí Minh, Việt Nam",Quận 7,4632: Bán buôn thực phẩm-Chi tiết: Bán buôn thực phẩm chức năng (Doanh nghiệp không kinh doanh thuốc) (CPC 622); 6209: Hoạt động dịch vụ công nghệ thông tin và dịch vụ khác liên quan đến máy vi tính-(,internet
313640544,CÔNG TY TNHH DOANH NGHIỆP XÃ HỘI ALAYA,CÔNG TY TNHH DOANH NGHIỆP XÃ H,Công ty trách nhiệm hữu hạn hai thành viên trở lên,"D 18 Khu Dân Cư Nam Long, Đường Phú Thuận, Phường Phú Thuận, Quận 7, Thành phố Hồ Chí Minh, Việt Nam",Quận 7,"4663: Bán buôn vật liệu, thiết bị lắp đặt khác trong xây dựng-Chi tiết: Bán buôn tre, nứa, gỗ cây và gỗ chế biến; Bán buôn vật liệu, thiết bị lắp đặt khác trong xây dựng.;4669: Bán buôn chuyên doanh k",internet
315414607,CÔNG TY CỔ PHẦN HELLOTECHWORLD,CÔNG TY CỔ PHẦN HELLOTECHWORLD,Công ty cổ phần,"675/15/15/4 Trần Xuân Soạn, Phường Tân Hưng, Quận 7, Thành phố Hồ Chí Minh, Việt Nam",Quận 7,"5820: Xuất bản phần mềm-Chi tiết: Sản xuất phần mềm;5911: Hoạt động sản xuất phim điện ảnh, phim video và chương trình truyền hình-Chi tiết: Hoạt động sản xuất chương trình truyền hình (trừ sản xuất p",internet
313658661,CÔNG TY TNHH MỘT THÀNH VIÊN AGRITEK INTERNATIONAL,CÔNG TY TNHH MỘT THÀNH VIÊN AG,Công ty trách nhiệm hữu hạn một thành viên,"số 6 Nguyễn Khắc Viện, Phường Tân Phú, Quận 7, Thành phố Hồ Chí Minh, Việt Nam",Quận 7,"4741: Bán lẻ máy vi tính, thiết bị ngoại vi, phần mềm và thiết bị viễn thông trong các cửa hàng chuyên doanh-Chi tiết: Bán lẻ máy tính, vật tư thiết bị ngành bưu chính viễn thông;5820: Xuất bản phần m",internet
313653159,CÔNG TY TNHH LOGIX TECHNOLOGY VIỆT NAM,CÔNG TY TNHH LOGIX TECHNOLOGY ,Công ty trách nhiệm hữu hạn hai thành viên trở lên,"A15-2 Khu phố The Grand View, Đường Nguyễn Đức Cảnh, Phường Tân Phong, Quận 7, Thành phố Hồ Chí Minh, Việt Nam",Quận 7,6201: Lập trình máy vi tính-(CPC 842); 6202: Tư vấn máy vi tính và quản trị hệ thống máy vi tính-(CPC 842); 6209: Hoạt động dịch vụ công nghệ thông tin và dịch vụ khác liên quan đến máy vi tính-(CPC 8,technology
313658446,CÔNG TY TNHH LEARTH VIỆT NAM,CÔNG TY TNHH LEARTH VIỆT NAM,Công ty trách nhiệm hữu hạn một thành viên,"Số 66, Đường số 48, Phường Tân Phong, Quận 7, Thành phố Hồ Chí Minh, Việt Nam",Quận 7,"4773: Bán lẻ hàng hóa khác mới trong các cửa hàng chuyên doanh-chi tiết: bán lẻ hạt nhựa, chất dẻo trong các cửa hàng chuyên doanh;4669: Bán buôn chuyên doanh khác chưa được phân vào đâu-chi tiết: bán",internet
316641144,CÔNG TY CỔ PHẦN TRUYỀN THÔNG BẤT ĐỘNG SẢN VIETNEWS,CÔNG TY CỔ PHẦN TRUYỀN THÔNG B,Công ty cổ phần,"Số 46/4C Võ Thị Nhờ, Phường Tân Thuận Đông, Quận 7, Thành phố Hồ Chí Minh, Việt Nam",Quận 7,"4311: Phá dỡ-;4312: Chuẩn bị mặt bằng-Chi tiết: San, lấp mặt bằng;4321: Lắp đặt hệ thống điện-(Không gia công cơ khí, tái chế phế thải, xi mạ điện tại trụ sở);4322: Lắp đặt hệ thống cấp, thoát nước, h",internet
316960542,CÔNG TY CỔ PHẦN TIẾN ĐẠT HOLDINGS,CÔNG TY CỔ PHẦN TIẾN ĐẠT HOLDI,Công ty cổ phần,"Số 10, Đường số 7 , Phường Bình Thuận, Quận 7, Thành phố Hồ Chí Minh, Việt Nam",Quận 7,"8230: Tổ chức giới thiệu và xúc tiến thương mại-(Không thực hiện các hiệu ứng cháy, nổ; không sử dụng chất nổ, chất cháy, hóa chất làm đạo cụ, dụng cụ thực hiện các chương trình văn nghệ, sự kiện, phi",internet
313684809,CÔNG TY TNHH CÂU LẠC BỘ THỂ THAO ĐIỆN TỬ CYBERCOREGAMING,CÔNG TY TNHH CÂU LẠC BỘ THỂ TH,Công ty trách nhiệm hữu hạn hai thành viên trở lên,"539 Nguyễn Thị Thập, Khu Phố 2, Phường Tân Phong, Quận 7, Thành phố Hồ Chí Minh, Việt Nam",Quận 7,6190: Hoạt động viễn thông khác-Chi tiết: Hoạt động của các điểm truy cập internet. Điểm cung cấp dịch vụ trò chơi điện tử (trừ kinh doanh trò chơi điện tử có thưởng dành cho người nước ngoài và kinh ,internet
313694074,CÔNG TY TNHH PHÁT TRIỂN DỊCH VỤ THƯƠNG MẠI ĐẦU TƯ HOÀN LONG,CÔNG TY TNHH PHÁT TRIỂN DỊCH V,Công ty trách nhiệm hữu hạn một thành viên,"336-338-340 Huỳnh Tấn Phát, Khu phố 1, Phường Bình Thuận, Quận 7, Thành phố Hồ Chí Minh, Việt Nam",Quận 7,"2620: Sản xuất máy vi tính và thiết bị ngoại vi của máy vi tính-Chi tiết: Lắp ráp máy vi tính (trừ gia công cơ khí, tái chế phế thải, xi mạ điện tại trụ sở).;5221: Hoạt động dịch vụ hỗ trợ trực tiếp c",internet
313687711,CÔNG TY TNHH CÔNG NGHỆ YOCO,CÔNG TY TNHH CÔNG NGHỆ YOCO,Công ty trách nhiệm hữu hạn hai thành viên trở lên,"Tầng 4, Phòng 401, Tòa nhà Green Country, Số 01 Đường 81, Phường Tân Quy, Quận 7, Thành phố Hồ Chí Minh, Việt Nam",Quận 7,"2620: Sản xuất máy vi tính và thiết bị ngoại vi của máy vi tính-Chi tiết: Lắp ráp máy tính.;4741: Bán lẻ máy vi tính, thiết bị ngoại vi, phần mềm và thiết bị viễn thông trong các cửa hàng chuyên doanh",internet
313714362,CÔNG TY TNHH BHD VINA,CÔNG TY TNHH BHD VINA,Công ty trách nhiệm hữu hạn hai thành viên trở lên,"54/75 Khu phố 03, Đường số 31, Phường Tân Kiểng, Quận 7, Thành phố Hồ Chí Minh, Việt Nam",Quận 7,"5022: Vận tải hàng hóa đường thuỷ nội địa-;4663: Bán buôn vật liệu, thiết bị lắp đặt khác trong xây dựng-;4669: Bán buôn chuyên doanh khác chưa được phân vào đâu-Chi tiết: Mua bán dụng cụ bảo hộ lao đ",internet
313713009,CÔNG TY TNHH HANCAM VINA,CÔNG TY TNHH HANCAM VINA,Công ty trách nhiệm hữu hạn một thành viên,"31A Lý Phục Man, Phường Bình Thuận, Quận 7, Thành phố Hồ Chí Minh, Việt Nam",Quận 7,"5913: Hoạt động phát hành phim điện ảnh, phim video và chương trình truyền hình-Chi tiết: Hoạt động phát hành phim điện ảnh, phim video (Trừ sản xuất phim, phát sóng và không thực hiện các hiệu ứng ch",internet
313720126,CÔNG TY TNHH THƯƠNG MẠI DỊCH VỤ XUẤT NHẬP KHẨU NAM LONG,CÔNG TY TNHH THƯƠNG MẠI DỊCH V,Công ty trách nhiệm hữu hạn một thành viên,"Số 107 đường số 39, Phường Tân Quy, Quận 7, Thành phố Hồ Chí Minh, Việt Nam",Quận 7,5210: Kho bãi và lưu giữ hàng hóa--chi tiết: Lưu giữ hàng hóa (trừ kinh doanh kho bãi); 5224: Bốc xếp hàng hóa-(trừ bốc xếp hàng hóa cảng hàng không); 5229: Hoạt động dịch vụ hỗ trợ khác liên quan đến,internet
313735676,CÔNG TY TNHH HÀNG HẢI AURORA,CÔNG TY TNHH HÀNG HẢI AURORA,Công ty trách nhiệm hữu hạn hai thành viên trở lên,"455/4 Lê Văn Lương, Phường Tân Phong, Quận 7, Thành phố Hồ Chí Minh, Việt Nam",Quận 7,5229: Hoạt động dịch vụ hỗ trợ khác liên quan đến vận tải-(trừ kinh doanh hoạt động liên quan đến vận tải đường hàng không và hóa lỏng khí để vận chuyển; trừ sắp xếp hoặc tổ chức các hoạt động vận tải,internet
313758666,CÔNG TY CỔ PHẦN VẬN CHUYỂN MERCURY,CÔNG TY CỔ PHẦN VẬN CHUYỂN MER,Công ty cổ phần,"Số 3.01, TM-DV18, Lầu 3, Khối tháp V5-V6, Khu chung cư kết hợp thương mại, văn phòng lô V (Sunrise City, Khu South Towers), 23 Nguyễn Hữu Thọ, Phường Tân Hưng, Quận 7, Thành phố Hồ Chí Minh, Việt Nam",Quận 7,"4932: Vận tải hành khách đường bộ khác-Chi tiết: Vận tải hành khách bằng xe khách nội tỉnh, liên tỉnh; Hợp đồng chở khách đi tham quan, du lịch hoặc mục đích khác;5011: Vận tải hành khách ven biển và ",internet
313785758,CÔNG TY TNHH LE MARKETING,CÔNG TY TNHH LE MARKETING,Công ty trách nhiệm hữu hạn hai thành viên trở lên,"Số 102 Đường Số 77, Phường Tân Quy, Quận 7, Thành phố Hồ Chí Minh, Việt Nam",Quận 7,4722: Bán lẻ thực phẩm trong các cửa hàng chuyên doanh-(Thực hiện theo Quyết định 64/2009/QĐ-UBND ngày 31/7/2009 và Quyết định 79/2009/QĐ-UBND ngày 17/10/2009 của Ủy ban nhân dân Thành phố Hồ Chí Minh,internet
313798411,CÔNG TY CỔ PHẦN ĐẦU TƯ XUẤT NHẬP KHẨU QUỐC TẾ HOÀNG MINH,CÔNG TY CỔ PHẦN ĐẦU TƯ XUẤT NH,Công ty cổ phần,"15 Bế Văn Cấm, Khu Phố 1, Phường Tân Kiểng, Quận 7, Thành phố Hồ Chí Minh, Việt Nam",Quận 7,2740: Sản xuất thiết bị điện chiếu sáng-(không hoạt động tại trụ sở).;2821: Sản xuất máy nông nghiệp và lâm nghiệp-(không hoạt động tại trụ sở).;2012: Sản xuất phân bón và hợp chất ni tơ-(không hoạt đ,internet
313778574,CÔNG TY TNHH MỘT THÀNH VIÊN THƯƠNG MẠI - DỊCH VỤ KHẢI HOÀN NHÂN,CÔNG TY TNHH MỘT THÀNH VIÊN TH,Công ty trách nhiệm hữu hạn một thành viên,"7A, Đường 42 , Phường Tân Quy, Quận 7, Thành phố Hồ Chí Minh, Việt Nam",Quận 7,7911: Đại lý du lịch-;7912: Điều hành tua du lịch-;7920: Dịch vụ hỗ trợ liên quan đến quảng bá và tổ chức tua du lịch-;5510: Dịch vụ lưu trú ngắn ngày-(không hoạt động tại TP.HCM); 5610: Nhà hàng và c,internet
313818587,CÔNG TY TNHH EARTH ARTS VIỆT NAM,CÔNG TY TNHH EARTH ARTS VIỆT N,Công ty trách nhiệm hữu hạn hai thành viên trở lên,"Số 2, Đường 15, Phường Tân Kiểng, Quận 7, Thành phố Hồ Chí Minh, Việt Nam",Quận 7,"4663: Bán buôn vật liệu, thiết bị lắp đặt khác trong xây dựng-chi tiết: thực hiện quyền xuất khẩu, quyền nhập khẩu và quyền phân phối bán buôn vật liệu, thiết bị lắp đặt khác trong xây dựng;4100: Xây ",internet
313809783,CÔNG TY TNHH TÒA NHÀ THÔNG MINH,CÔNG TY TNHH TÒA NHÀ THÔNG MIN,Công ty trách nhiệm hữu hạn hai thành viên trở lên,"60/44b Lâm Văn Bền, Phường Tân Kiểng, Quận 7, Thành phố Hồ Chí Minh, Việt Nam",Quận 7,"2620: Sản xuất máy vi tính và thiết bị ngoại vi của máy vi tính-;2630: Sản xuất thiết bị truyền thông-;2640: Sản xuất sản phẩm điện tử dân dụng-;2710: Sản xuất mô tơ, máy phát, biến thế điện, thiết bị",internet
313828433,CÔNG TY TNHH DỊCH VỤ TƯ VẤN TÀI CHÍNH - KẾ TOÁN TRÍ MINH,CÔNG TY TNHH DỊCH VỤ TƯ VẤN TÀ,Công ty trách nhiệm hữu hạn hai thành viên trở lên,"Số 3.01, TM-DV18, Lầu 3, Khối tháp V5-V6, Khu chung cư kết hợp thương mại, văn phòng lô V (Sunrise City, Khu South Towers), 23 Nguyễn Hữu Thọ, Phường Tân Hưng, Quận 7, Thành phố Hồ Chí Minh, Việt Nam",Quận 7,"7020: Hoạt động tư vấn quản lý-(trừ tư vấn tài chính, kế toán, pháp luật);6920: Hoạt động liên quan đến kế toán, kiểm toán và tư vấn về thuế-chi tiết: Dịch vụ kế toán. Dịch vụ làm thủ tục về thuế;7830",internet
313855500,CÔNG TY TNHH CỎ MAY SÀI GÒN,CÔNG TY TNHH CỎ MAY SÀI GÒN,Công ty trách nhiệm hữu hạn một thành viên,"954 - 956 khu phố Mỹ Toàn 3, Phú Mỹ Hưng, đường Nguyễn Văn Linh, Phường Tân Phong, Quận 7, Thành phố Hồ Chí Minh, Việt Nam",Quận 7,"4690: Bán buôn tổng hợp-Chi tiết: Bán buôn hàng hóa tiêu dùng, lương thực, mỹ phẩm, rượu, tinh dầu; nguyên liệu để chế biến lương thực, thực phẩm; hoạt động kinh doanh hàng hóa ăn uống, hàng hóa vui c",internet
313828306,CÔNG TY CỔ PHẦN TẬP ĐOÀN ĐẦU TƯ NHÂN TÂM,CÔNG TY CỔ PHẦN TẬP ĐOÀN ĐẦU T,Công ty cổ phần,"54-56 Phan Khiêm Ích, Phường Tân Phong, Quận 7, Thành phố Hồ Chí Minh, Việt Nam",Quận 7,"5911: Hoạt động sản xuất phim điện ảnh, phim video và chương trình truyền hình-chi tiết: hoạt động sản xuất chương trình truyền hình (Trừ sản xuất phim, phát sóng và không thực hiện các hiệu ứng cháy,",internet
313881797,CÔNG TY TNHH LUDELU GROUP,CÔNG TY TNHH LUDELU GROUP,Công ty trách nhiệm hữu hạn hai thành viên trở lên,"tòa nhà Sài Gòn Paragon, số 3 Nguyễn Lương Bằng, Phường Tân Phú, Quận 7, Thành phố Hồ Chí Minh, Việt Nam",Quận 7,"2710: Sản xuất mô tơ, máy phát, biến thế điện, thiết bị phân phối và điều khiển điện-chi tiết: sản xuất mô tơ, máy phát; sản xuất biến thế điện, thiết bị phân phối và điều khiển điện; sản xuất thiết b",internet
313879251,CÔNG TY TNHH MTV MAY MẮN,CÔNG TY TNHH MTV MAY MẮN,Công ty trách nhiệm hữu hạn một thành viên,"41 Hoàng Quốc Việt, Phường Phú Thuận, Quận 7, Thành phố Hồ Chí Minh, Việt Nam",Quận 7,"4633: Bán buôn đồ uống-; 4662: Bán buôn kim loại và quặng kim loại-(Trừ kinh doanh vàng miếng); 4659: Bán buôn máy móc, thiết bị và phụ tùng máy khác-; 4651: Bán buôn máy vi tính, thiết bị ngoại vi và",internet
313764726,CÔNG TY CỔ PHẦN CYBERCORE THẢO NGUYÊN,CÔNG TY CỔ PHẦN CYBERCORE THẢO,Công ty cổ phần,"Số 28 Đường số 6, Khu phố 3, Phường Tân Phong, Quận 7, Thành phố Hồ Chí Minh, Việt Nam",Quận 7,5610: Nhà hàng và các dịch vụ ăn uống phục vụ lưu động-;6190: Hoạt động viễn thông khác-Chi tiết: Hoạt động của các đại lý truy cập internet; Điểm cung cấp dịch vụ trò chơi điện tử công cộng (trừ kinh,internet
313902373,CÔNG TY TNHH ĐẦU TƯ THƯƠNG MẠI XÂY DỰNG AN ĐỊNH,CÔNG TY TNHH ĐẦU TƯ THƯƠNG MẠI,Công ty trách nhiệm hữu hạn một thành viên,"56/30A đường Gò Ô Môi, khu phố 2, Phường Phú Thuận, Quận 7, Thành phố Hồ Chí Minh, Việt Nam",Quận 7,4330: Hoàn thiện công trình xây dựng-;4100: Xây dựng nhà các loại-;7110: Hoạt động kiến trúc và tư vấn kỹ thuật có liên quan-chi tiết: Tư vấn đấu thầu; tư vấn thiết kế công trình xây dựng dân dụng và ,internet
313919426,CÔNG TY TNHH DỊCH VỤ THƯƠNG MẠI VÀ PHÂN PHỐI VĨ PHÁT,CÔNG TY TNHH DỊCH VỤ THƯƠNG MẠ,Công ty trách nhiệm hữu hạn hai thành viên trở lên,"21 Đường số 14, Phường Tân Thuận Đông, Quận 7, Thành phố Hồ Chí Minh, Việt Nam",Quận 7,"2592: Gia công cơ khí; xử lý và tráng phủ kim loại-(không hoạt động tại trụ sở);4663: Bán buôn vật liệu, thiết bị lắp đặt khác trong xây dựng-;4690: Bán buôn tổng hợp-Chi tiết: bán buôn trang thiết bị",internet
313868098,CÔNG TY TNHH TRUNG TÂM CÔNG NGHỆ ESSILOR VIỆT NAM,CÔNG TY TNHH TRUNG TÂM CÔNG NG,Công ty trách nhiệm hữu hạn một thành viên,"Phòng 2, lầu 6, tòa nhà văn phòng PTS Sài Gòn, số 118 đường Huỳnh Tấn Phát, Phường Tân Thuận Tây, Quận 7, Thành phố Hồ Chí Minh, Việt Nam",Quận 7,"4669: Bán buôn chuyên doanh khác chưa được phân vào đâu-chi tiết: Thực hiện quyền nhập khẩu, quyền phân phối bán buôn các mặt hàng: tròng kính mắt, kính mát, gọng kính, kính áp tròng, dung dịch bảo qu",internet
313925081,CÔNG TY TNHH VINHAN,CÔNG TY TNHH VINHAN,Công ty trách nhiệm hữu hạn một thành viên,"Số 9 đường Nội khu Mỹ Phước, Phường Tân Phong, Quận 7, Thành phố Hồ Chí Minh, Việt Nam",Quận 7,"5210: Kho bãi và lưu giữ hàng hóa-;4610: Đại lý, môi giới, đấu giá hàng hóa-Chi tiết: Đại lý, môi giới (Trừ môi giới bất động sản);6810: Kinh doanh bất động sản, quyền sử dụng đất thuộc chủ sở hữu, ch",internet
316602201,CÔNG TY TNHH THƯƠNG MẠI DỊCH VỤ HOA HẠNH PHÚC,CÔNG TY TNHH THƯƠNG MẠI DỊCH V,Công ty trách nhiệm hữu hạn hai thành viên trở lên,"Số 22 Đường C Khu Cảnh Viên 2-S1-2, Khu phố 4, Phường Tân Phú, Quận 7, Thành phố Hồ Chí Minh, Việt Nam",Quận 7,"4633: Bán buôn đồ uống-;0118: Trồng rau, đậu các loại và trồng hoa-;4511: Bán buôn ô tô và xe có động cơ khác-;4530: Bán phụ tùng và các bộ phận phụ trợ của ô tô và xe có động cơ khác-;4610: Đại lý, m",internet
313916055,CÔNG TY TNHH TM DV XUẤT NHẬP KHẨU NAM THẮNG,CÔNG TY TNHH TM DV XUẤT NHẬP K,Công ty trách nhiệm hữu hạn một thành viên,"89A Lý Phục Man, Phường Bình Thuận, Quận 7, Thành phố Hồ Chí Minh, Việt Nam",Quận 7,"4299: Xây dựng công trình kỹ thuật dân dụng khác-Chi tiết: Xây dựng công trình dân dụng và công nghiệp, giao thông, thủy lợi.; 4311: Phá dỡ-; 7730: Cho thuê máy móc, thiết bị và đồ dùng hữu hình khác ",internet
313815113,CÔNG TY TNHH DƯỢC PHẨM VIDAL PHARMA,CÔNG TY TNHH DƯỢC PHẨM VIDAL P,Công ty trách nhiệm hữu hạn hai thành viên trở lên,"31 Nguyễn Văn Linh, Phường Tân Thuận Tây, Quận 7, Thành phố Hồ Chí Minh, Việt Nam",Quận 7,"2100: Sản xuất thuốc, hoá dược và dược liệu-chi tiết: sản xuất thuốc, chế biến dược liệu ( không hoạt động tại trụ sở);4722: Bán lẻ thực phẩm trong các cửa hàng chuyên doanh-chi tiết: bán lẻ thực phẩm",internet
313826482,CÔNG TY TNHH VŨ ĐOÀN GIA,CÔNG TY TNHH VŨ ĐOÀN GIA,Công ty trách nhiệm hữu hạn hai thành viên trở lên,"27 Đường 31, Phường Tân Phong, Quận 7, Thành phố Hồ Chí Minh, Việt Nam",Quận 7,"4649: Bán buôn đồ dùng khác cho gia đình-;4791: Bán lẻ theo yêu cầu đặt hàng qua bưu điện hoặc internet-(trừ bán lẻ bình gas, hóa chất, súng, đạn loại dùng đi săn hoặc thể thao, tiền kim khí và mua bá",internet
313949798,CÔNG TY TNHH QUẢNG CÁO TRỰC TUYẾN TÀI THỊNH,CÔNG TY TNHH QUẢNG CÁO TRỰC TU,Công ty trách nhiệm hữu hạn hai thành viên trở lên,"Số 12 Đường 12, Phường Tân Phú, Quận 7, Thành phố Hồ Chí Minh, Việt Nam",Quận 7,"6311: Xử lý dữ liệu, cho thuê và các hoạt động liên quan-;4610: Đại lý, môi giới, đấu giá-(trừ môi giới bất động sản).;4791: Bán lẻ theo yêu cầu đặt hàng qua bưu điện hoặc internet-(trừ bán lẻ bình ga",internet
313966680,CÔNG TY TNHH THƯƠNG MẠI DỊCH VỤ SPACE MAX VN,CÔNG TY TNHH THƯƠNG MẠI DỊCH V,Công ty trách nhiệm hữu hạn hai thành viên trở lên,"Phòng 7.02 Tòa nhà Tulip, Số 15 Hoàng Quốc Việt, Phường Phú Thuận, Quận 7, Thành phố Hồ Chí Minh, Việt Nam",Quận 7,"0311: Khai thác thuỷ sản biển-Chi tiết: Khai thác tài nguyên yến sào;1075: Sản xuất món ăn, thức ăn chế biến sẵn-;1079: Sản xuất thực phẩm khác chưa được phân vào đâu-Chi tiết: Sản xuất yến sào;1104: ",internet
313949251,CÔNG TY CỔ PHẦN THƯƠNG MẠI B2C VIETNAM,CÔNG TY CỔ PHẦN THƯƠNG MẠI B2C,Công ty cổ phần,"Tầng 8, Phòng 8.02, Tòa nhà IPC, 1489 Đường Nguyễn Văn Linh, Phường Tân Phong, Quận 7, Thành phố Hồ Chí Minh, Việt Nam",Quận 7,5210: Kho bãi và lưu giữ hàng hóa-Chi tiết: Lưu giữ hàng hóa (trừ kinh doanh kho bãi).;5229: Hoạt động dịch vụ hỗ trợ khác liên quan đến vận tải-Chi tiết: Hoạt động của các đại lý làm thủ tục hải quan,internet
313950031,CÔNG TY TNHH AAT TECHNOLOGY,CÔNG TY TNHH AAT TECHNOLOGY,Công ty trách nhiệm hữu hạn một thành viên,"62 Đường 14A, Cư xá Ngân Hàng, Phường Tân Thuận Tây, Quận 7, Thành phố Hồ Chí Minh, Việt Nam",Quận 7,"6201: Lập trình máy vi tính-;6202: Tư vấn máy vi tính và quản trị hệ thống máy vi tính-;4659: Bán buôn máy móc, thiết bị và phụ tùng máy khác-;7730: Cho thuê máy móc, thiết bị và đồ dùng hữu hình khác",technology
313977146,CÔNG TY TNHH 400,CÔNG TY TNHH 400,Công ty trách nhiệm hữu hạn hai thành viên trở lên,"số 16, đường số 5, Phường Tân Phú, Quận 7, Thành phố Hồ Chí Minh, Việt Nam",Quận 7,2620: Sản xuất máy vi tính và thiết bị ngoại vi của máy vi tính-(không hoạt động tại trụ sở);1811: In ấn-(không hoạt động tại trụ sở);1812: Dịch vụ liên quan đến in-(không hoạt động tại trụ sở);4741: ,internet
313990676,CÔNG TY TNHH DSVINA,CÔNG TY TNHH DSVINA,Công ty trách nhiệm hữu hạn một thành viên,"Số 18-20 Đường Số 2, Khu dân cư Cityland Riverside, Phường Tân Phú, Quận 7, Thành phố Hồ Chí Minh, Việt Nam",Quận 7,"4690: Bán buôn tổng hợp-chi tiết: Thực hiện quyền nhập khẩu, quyền phân phối bán buôn các mặt hàng không thuộc danh mục cấm xuất khẩu, nhập khẩu hoặc không được phân phối theo quy định của pháp luật V",internet
313991158,CÔNG TY TNHH CÔNG NGHỆ MY ONLINE,CÔNG TY TNHH CÔNG NGHỆ MY ONLI,Công ty trách nhiệm hữu hạn một thành viên,"132/70/8D Tân Mỹ, Phường Tân Thuận Tây, Quận 7, Thành phố Hồ Chí Minh, Việt Nam",Quận 7,6209: Hoạt động dịch vụ công nghệ thông tin và dịch vụ khác liên quan đến máy vi tính-Chi tiết: Khắc phục các sự cố máy vi tính và cài đặt phần mềm.;6312: Cổng thông tin-Chi tiết: Thiết lập trang thôn,internet
313976103,CÔNG TY TNHH SẢN XUẤT THƯƠNG MẠI DỊCH VỤ NAM PHONG KHOA,CÔNG TY TNHH SẢN XUẤT THƯƠNG M,Công ty trách nhiệm hữu hạn hai thành viên trở lên,"38 Đường số 10 Khu dân cư Nam Long, Phường Tân Thuận Đông, Quận 7, Thành phố Hồ Chí Minh, Việt Nam",Quận 7,"4652: Bán buôn thiết bị và linh kiện điện tử, viễn thông-Chi tiết: Bán buôn sim, thẻ cào điện thoại, thẻ game;4723: Bán lẻ đồ uống trong các cửa hàng chuyên doanh-;4722: Bán lẻ thực phẩm trong các cửa",internet
314017371,CÔNG TY TNHH THƯƠNG MẠI DỊCH VỤ ĐẦU TƯ PHÁT TRIỂN PHÚ GIA KHANG,CÔNG TY TNHH THƯƠNG MẠI DỊCH V,Công ty trách nhiệm hữu hạn hai thành viên trở lên,"68 Hoàng Quốc Việt, Phường Phú Mỹ, Quận 7, Thành phố Hồ Chí Minh, Việt Nam",Quận 7,"4663: Bán buôn vật liệu, thiết bị lắp đặt khác trong xây dựng-Chi tiết: Bán buôn tre, nứa, gỗ cây và gỗ chế biến. Bán buôn xi măng. Bán buôn gạch xây, ngói, đá, cát, sỏi. Bán buôn kính xây dựng. Bán b",internet
314010908,CÔNG TY TNHH PROSOUND CENTER VIETNAM,CÔNG TY TNHH PROSOUND CENTER V,Công ty trách nhiệm hữu hạn hai thành viên trở lên,"730/16 Huỳnh Tấn Phát, Phường Tân Phú, Quận 7, Thành phố Hồ Chí Minh, Việt Nam",Quận 7,"4659: Bán buôn máy móc, thiết bị và phụ tùng máy khác-Chi tiết: Bán buôn máy móc, thiết bị âm thanh, ánh sáng. Bán buôn máy móc, thiết bị điện, vật liệu điện (máy phát điện, động cơ điện, dây điện và ",internet
314021628,CÔNG TY CP TƯ VẤN ĐẦU TƯ & XÚC TIẾN THƯƠNG MẠI INDOCHINE,CÔNG TY CP TƯ VẤN ĐẦU TƯ  XÚC ,Công ty cổ phần,"Phòng Officetel X-03.76, Khu chung cư Sunrise City North Tower, 23-25-27 Nguyễn Hữu Thọ, Phường Tân Hưng, Quận 7, Thành phố Hồ Chí Minh, Việt Nam",Quận 7,"7820: Cung ứng lao động tạm thời-; 8211: Dịch vụ hành chính văn phòng tổng hợp-; 8219: Photo, chuẩn bị tài liệu và các hoạt động hỗ trợ văn phòng đặc biệt khác-Chi tiết: Photo, chuẩn bị tài liệu; 7810",internet
314031714,CÔNG TY TNHH VẬN TẢI XUẤT NHẬP KHẨU PHƯƠNG NGÂN,CÔNG TY TNHH VẬN TẢI XUẤT NHẬP,Công ty trách nhiệm hữu hạn một thành viên,"208 Hà Huy Tập, Khu phố Nam Thiên 3, Phú Mỹ Hưng, Phường Tân Phong, Quận 7, Thành phố Hồ Chí Minh, Việt Nam",Quận 7,"4791: Bán lẻ theo yêu cầu đặt hàng qua bưu điện hoặc internet-(trừ bán lẻ bình gas, khí dầu mỏ hóa lỏng LPG, dầu nhớt cặn, vàng miếng, súng, đạn loại dùng đi săn hoặc thể thao và tiền kim khí; trừ bán",internet
314046492,CÔNG TY TRÁCH NHIỆM HỮU HẠN MỘT THÀNH VIÊN THIẾT KẾ ĐẦU TƯ XÂY DỰNG TÍN NGHĨA,CÔNG TY TRÁCH NHIỆM HỮU HẠN MỘ,Công ty trách nhiệm hữu hạn một thành viên,"176/25/8 Nguyễn Thị Thập, Phường Bình Thuận, Quận 7, Thành phố Hồ Chí Minh, Việt Nam",Quận 7,"4299: Xây dựng công trình kỹ thuật dân dụng khác-Chi tiết: Xây dựng công trình kỹ thuật dân dụng, công trình công nghiệp, đường thủy, bến cảng, đê đập. Xây dựng công trình dân dụng , công nghiệp. Xây ",internet
314044657,CÔNG TY TNHH DỊCH VỤ THƯƠNG MẠI VÀ TRUYỀN THÔNG HUỲNH TIẾN GLOBAL,CÔNG TY TNHH DỊCH VỤ THƯƠNG MẠ,Công ty trách nhiệm hữu hạn một thành viên,"76 Đường 47, Khu phố 5, Phường Bình Thuận, Quận 7, Thành phố Hồ Chí Minh, Việt Nam",Quận 7,"7320: Nghiên cứu thị trường và thăm dò dư luận-(không bao gồm các hoạt động điều tra và hoạt động nhà nước cấm)
Chi tiết: dịch vụ khảo sát thị trường;8230: Tổ chức giới thiệu và xúc tiến thương mại-(k",internet
313858727,CÔNG TY TNHH MỘT THÀNH VIÊN DỊCH VỤ TRUYỀN THÔNG RỒNG VÀNG,CÔNG TY TNHH MỘT THÀNH VIÊN DỊ,Công ty trách nhiệm hữu hạn một thành viên,"Số 11 Đường Số 1, Khu Dân Cư Tân Phong Kim Sơn , Phường Tân Phong, Quận 7, Thành phố Hồ Chí Minh, Việt Nam",Quận 7,"4662: Bán buôn kim loại và quặng kim loại-Chi tiết: Bán buôn sắt, thép, kim loại khác;4669: Bán buôn chuyên doanh khác chưa được phân vào đâu-Chi tiết: Bán buôn phụ liệu may mặc và giày dép. Bán buôn ",internet
314048193,CÔNG TY TNHH UNI-LAND VIỆT NAM,CÔNG TY TNHH UNILAND VIỆT NAM,Công ty trách nhiệm hữu hạn hai thành viên trở lên,"134/39 Nguyễn Thị Thập, Phường Bình Thuận, Quận 7, Thành phố Hồ Chí Minh, Việt Nam",Quận 7,"6820: Tư vấn, môi giới, đấu giá bất động sản, đấu giá quyền sử dụng đất-chi tiết: Tư vấn, môi giới bất động sản;0118: Trồng rau, đậu các loại và trồng hoa, cây cảnh-;0119: Trồng cây hàng năm khác-;012",internet
314062977,CÔNG TY TNHH VP GROUP,CÔNG TY TNHH VP GROUP,Công ty trách nhiệm hữu hạn một thành viên,"Số 37 đường nội khu hưng phước 4, Phường Tân Phong, Quận 7, Thành phố Hồ Chí Minh, Việt Nam",Quận 7,4722: Bán lẻ thực phẩm trong các cửa hàng chuyên doanh-(Thực hiện theo Quyết định 64/2009/QĐ-UBND ngày 31/07/2009 và Quyết định 79/2009/QĐ-UBND ngày 17/10/2009 của Ủy ban nhân dân Thành phố Hồ Chí Min,internet
314071386,CÔNG TY CỔ PHẦN LIFE SOLUTIONS,CÔNG TY CỔ PHẦN LIFE SOLUTIONS,Công ty cổ phần,"163-165 Trần Trọng Cung, Phường Tân Thuận Đông, Quận 7, Thành phố Hồ Chí Minh, Việt Nam",Quận 7,"4321: Lắp đặt hệ thống điện-(trừ gia công cơ khí, tái chế phế thải, xi mạ điện tại trụ sở).;4530: Bán phụ tùng và các bộ phận phụ trợ của ô tô và xe có động cơ khác-;4649: Bán buôn đồ dùng khác cho gi",internet
314074027,CÔNG TY TNHH THƯƠNG MẠI DỊCH VỤ LỆ MỸ,CÔNG TY TNHH THƯƠNG MẠI DỊCH V,Công ty trách nhiệm hữu hạn một thành viên,"502/40 Huỳnh Tấn Phát, Phường Bình Thuận, Quận 7, Thành phố Hồ Chí Minh, Việt Nam",Quận 7,2610: Sản xuất linh kiện điện tử-(Không hoạt động tại trụ sở);2620: Sản xuất máy vi tính và thiết bị ngoại vi của máy vi tính-(Không hoạt động tại trụ sở).;2630: Sản xuất thiết bị truyền thông-(Không ,internet
314068778,CÔNG TY TNHH PRO CONNECT ASIA,CÔNG TY TNHH PRO CONNECT ASIA,Công ty trách nhiệm hữu hạn một thành viên,"Số 22, đường 16, khu dân cư Him Lam, Phường Tân Hưng, Quận 7, Thành phố Hồ Chí Minh, Việt Nam",Quận 7,"6399: Dịch vụ thông tin khác chưa được phân vào đâu-Chi tiết: Dịch vụ truy cập dữ liệu, dịch vụ xử lý dữ liệu và thông tin trên mạng. Dịch vụ trao đổi dữ liệu điện tử, lưu trữ cơ",internet
314042794,CÔNG TY TNHH THƯƠNG MẠI HÀNG HÓA TÍN PHONG,CÔNG TY TNHH THƯƠNG MẠI HÀNG H,Công ty trách nhiệm hữu hạn hai thành viên trở lên,"Số 10, Đường Số 3, Khu Phố 2, Phường Phú Mỹ, Quận 7, Thành phố Hồ Chí Minh, Việt Nam",Quận 7,"4649: Bán buôn đồ dùng khác cho gia đình-(trừ dược phẩm);4659: Bán buôn máy móc, thiết bị và phụ tùng máy khác-;4651: Bán buôn máy vi tính, thiết bị ngoại vi và phần mềm-;4652: Bán buôn thiết bị và li",internet
314087756,CÔNG TY TNHH THƯƠNG MẠI DỊCH VỤ LÊ AN,CÔNG TY TNHH THƯƠNG MẠI DỊCH V,Công ty trách nhiệm hữu hạn một thành viên,"5J Đường 3J, Cư xá Ngân hàng, Khu phố 5, Phường Tân Thuận Tây, Quận 7, Thành phố Hồ Chí Minh, Việt Nam",Quận 7,"1410: May trang phục (trừ trang phục từ da lông thú)-chi tiết: Sản xuất, gia công hàng may mặc.;4669: Bán buôn chuyên doanh khác chưa được phân vào đâu-chi tiết: Bán buôn nguyên phụ liệu ngành may mặc",internet
314082927,CÔNG TY TNHH DỊCH VỤ NUÔI TRỒNG THU HOẠCH VÀNG,CÔNG TY TNHH DỊCH VỤ NUÔI TRỒN,Công ty trách nhiệm hữu hạn hai thành viên trở lên,"30L Đường 7L Cư xá Ngân Hàng , Phường Tân Thuận Tây, Quận 7, Thành phố Hồ Chí Minh, Việt Nam",Quận 7,"1030: Chế biến và bảo quản rau quả-;1410: May trang phục (trừ trang phục từ da lông thú)-;1512: Sản xuất vali, túi xách và các loại tương tự, sản xuất yên đệm-;1811: In ấn-;1812: Dịch vụ liên quan đến",internet
314105194,CÔNG TY TNHH EMERGE COMMUNICATION,CÔNG TY TNHH EMERGE COMMUNICAT,Công ty trách nhiệm hữu hạn hai thành viên trở lên,"98 Đường số 40, Khu dân cư Tân Quy Đông, Phường Tân Phong, Quận 7, Thành phố Hồ Chí Minh, Việt Nam",Quận 7,"6312: Cổng thông tin-chi tiết: Dịch vụ giá trị gia tăng trên mạng internet và viễn thông; dịch vụ truy cấp dữ liệu, dịch vụ xử lý số liệu và thông tin trên mạng, dịch vụ trao đổi dữ liệu điện tử;2750:",internet
314101376,CÔNG TY TNHH MỘT THÀNH VIÊN LOGISTICS VINA SPEED,CÔNG TY TNHH MỘT THÀNH VIÊN LO,Công ty trách nhiệm hữu hạn một thành viên,"1113/51/1/2 Huỳnh Tấn Phát, Khu phố 3, Phường Phú Thuận, Quận 7, Thành phố Hồ Chí Minh, Việt Nam",Quận 7,"4669: Bán buôn chuyên doanh khác chưa được phân vào đâu-(trừ bán buôn bình gas, khí dầu mỏ hóa lỏng LPG, dầu nhớt cặn, vàng miếng, súng, đạn loại dùng đi săn hoặc thể thao và tiền kim khí; trừ bán buô",internet
314104881,CÔNG TY TNHH HEALTHTEK,CÔNG TY TNHH HEALTHTEK,Công ty trách nhiệm hữu hạn hai thành viên trở lên,"Phòng 702, tầng 7, tòa nhà Paragon, số 3 Nguyễn Lương Bằng, Phường Tân Phú, Quận 7, Thành phố Hồ Chí Minh, Việt Nam",Quận 7,"5820: Xuất bản phần mềm-chi tiết: Sản xuất, gia công phần mềm tin học;6201: Lập trình máy vi tính-Chi tiết: 
- Dịch vụ lập trình
- Sản xuất, gia công phần mềm tin học;6202: Tư vấn máy vi tính và quản ",internet
314126490,CÔNG TY TNHH PD PHONG DƯƠNG,CÔNG TY TNHH PD PHONG DƯƠNG,Công ty trách nhiệm hữu hạn một thành viên,"16 Đường số 65, Phường Tân Phong, Quận 7, Thành phố Hồ Chí Minh, Việt Nam",Quận 7,"4741: Bán lẻ máy vi tính, thiết bị ngoại vi, phần mềm và thiết bị viễn thông trong các cửa hàng chuyên doanh-;5229: Hoạt động dịch vụ hỗ trợ khác liên quan đến vận tải-(trừ hóa lỏng khí để vận chuyển ",internet
314139549,CÔNG TY CỔ PHẦN APP FUNNELS,CÔNG TY CỔ PHẦN APP FUNNELS,Công ty cổ phần,"I2.09 Tòa nhà Golden King số 15 Nguyễn Lương Bằng, Phường Tân Phú, Quận 7, Thành phố Hồ Chí Minh, Việt Nam",Quận 7,"7310: Quảng cáo-;4610: Đại lý, môi giới, đấu giá-Chi tiết: Đại lý, môi giới (trừ môi giới bất động sản);7490: Hoạt động chuyên môn, khoa học và công nghệ khác chưa được phân vào đâu-Chi tiết: Hoạt độn",internet
314126155,CÔNG TY CỔ PHẦN S&P NETWORKS,CÔNG TY CỔ PHẦN SP NETWORKS,Công ty cổ phần,"Số 163 Đường Số 30, Khu Định Cư Tân Quy Đông, Phường Tân Phong, Quận 7, Thành phố Hồ Chí Minh, Việt Nam",Quận 7,"4610: Đại lý, môi giới, đấu giá hàng hóa-Chi tiết: Dịch vụ đại lý hoa hồng (CPC 621); 4641: Bán buôn vải, hàng may mặc, giày dép-(CPC 622); 4649: Bán buôn đồ dùng khác cho gia đình-Chi tiết: Bán buôn ",network
314150214,CÔNG TY TNHH MỘT THÀNH VIÊN DỊCH VỤ OANH NGUYỄN,CÔNG TY TNHH MỘT THÀNH VIÊN DỊ,Công ty trách nhiệm hữu hạn một thành viên,"số 07 đường số 09, Phường Tân Kiểng, Quận 7, Thành phố Hồ Chí Minh, Việt Nam",Quận 7,"1010: Chế biến, bảo quản thịt và các sản phẩm từ thịt-;1020: Chế biến, bảo quản thuỷ sản và các sản phẩm từ thuỷ sản-;1030: Chế biến và bảo quản rau quả-;1071: Sản xuất các loại bánh từ bột-;5510: Dịc",internet
314141202,CÔNG TY TNHH 229,CÔNG TY TNHH 229,Công ty trách nhiệm hữu hạn hai thành viên trở lên,"Số 71-73 Đường Số 53, Phường Tân Quy, Quận 7, Thành phố Hồ Chí Minh, Việt Nam",Quận 7,"8230: Tổ chức giới thiệu và xúc tiến thương mại-Chi tiết: Tổ chức giới thiệu và xúc tiến thương mại, tổ chức sự kiện, hội thảo, hội nghị, hội chợ, triễn lãm thương mại, giới thiệu ra mắt sản phẩm (Khô",internet
314105620,CÔNG TY CỔ PHẦN TƯ VẤN THIẾT KẾ XÂY DỰNG VÀ THƯƠNG MẠI SUNSHINE,CÔNG TY CỔ PHẦN TƯ VẤN THIẾT K,Công ty cổ phần,"72 Đường 65, Phường Tân Phong, Quận 7, Thành phố Hồ Chí Minh, Việt Nam",Quận 7,"2392: Sản xuất vật liệu xây dựng từ đất sét-(Không hoạt động tại trụ sở).;1621: Sản xuất gỗ dán, gỗ lạng, ván ép và ván mỏng khác-(Không hoạt động tại trụ sở).;1622: Sản xuất đồ gỗ xây dựng-(Không hoạ",internet
313906804,CÔNG TY TNHH THƯƠNG MẠI DỊCH VỤ XUẤT NHẬP KHẨU VK,CÔNG TY TNHH THƯƠNG MẠI DỊCH V,Công ty trách nhiệm hữu hạn một thành viên,"H-9-4 Sky Garden 1, Phú Mỹ Hưng, Khu phố 6, Đường Nguyễn Văn Linh, Phường Tân Phong, Quận 7, Thành phố Hồ Chí Minh, Việt Nam",Quận 7,"4610: Đại lý, môi giới, đấu giá hàng hóa-chi tiết: đại lý, môi giới (trừ môi giới bất động sản, môi giới bảo hiểm); 4620: Bán buôn nông, lâm sản nguyên liệu (trừ gỗ, tre, nứa) và động vật sống-chi tiế",internet
314149177,CÔNG TY TNHH CÔNG NGHỆ HOME S,CÔNG TY TNHH CÔNG NGHỆ HOME S,Công ty trách nhiệm hữu hạn một thành viên,"482 - 484 Phạm Thái Bường, Phường Tân Phong, Quận 7, Thành phố Hồ Chí Minh, Việt Nam",Quận 7,4321: Lắp đặt hệ thống điện-Chi tiết: Lắp đặt hệ thống điện ở tất cả các công trình nhà ở và dân dụng;2640: Sản xuất sản phẩm điện tử dân dụng-;2790: Sản xuất thiết bị điện khác-;3312: Sửa chữa máy mó,internet
314171422,CÔNG TY CỔ PHẦN THƯƠNG MẠI SOZO,CÔNG TY CỔ PHẦN THƯƠNG MẠI SOZ,Công ty cổ phần,"212A Bùi Văn Ba, Phường Tân Thuận Đông, Quận 7, Thành phố Hồ Chí Minh, Việt Nam",Quận 7,"1079: Sản xuất thực phẩm khác chưa được phân vào đâu-Chi tiết: Sản xuất gia công, sơ chế thực phẩm từ hạt, hạt đậu, ngũ cốc.;4620: Bán buôn nông, lâm sản nguyên liệu (trừ gỗ, tre, nứa) và động vật sốn",internet
314178273,CÔNG TY TNHH THƯƠNG MẠI DỊCH VỤ KHÁCH SẠN TỪ THANH BÌNH,CÔNG TY TNHH THƯƠNG MẠI DỊCH V,Công ty trách nhiệm hữu hạn một thành viên,"41 Trần Trọng Cung, Phường Tân Thuận Đông, Quận 7, Thành phố Hồ Chí Minh, Việt Nam",Quận 7,"5510: Dịch vụ lưu trú ngắn ngày-Chi tiết: Khách sạn, biệt thự du lịch, căn hộ du lịch, nhà ở có phòng cho khách du lịch thuê.;5610: Nhà hàng và các dịch vụ ăn uống phục vụ lưu động-chi tiết: Nhà hàng ",internet
314074958,CÔNG TY TNHH AZ SOLUTION VIỆT NAM,CÔNG TY TNHH AZ SOLUTION VIỆT ,Công ty trách nhiệm hữu hạn hai thành viên trở lên,"10/18 Phú Thuận, Phường Tân Phú, Quận 7, Thành phố Hồ Chí Minh, Việt Nam",Quận 7,6201: Lập trình máy vi tính-;6202: Tư vấn máy vi tính và quản trị hệ thống máy vi tính-Chi tiết: Dịch vụ tư vấn và quản trị hệ thống máy vi tính;6209: Hoạt động dịch vụ công nghệ thông tin và dịch vụ ,internet
314169060,CÔNG TY CỔ PHẦN SẢN XUẤT VÀ THƯƠNG MẠI DỊCH VỤ VINAPACK,CÔNG TY CỔ PHẦN SẢN XUẤT VÀ TH,Công ty cổ phần,"Số 04 đường Bến Nghé, Phường Tân Thuận Đông, Quận 7, Thành phố Hồ Chí Minh, Việt Nam",Quận 7,"2220: Sản xuất sản phẩm từ plastic-chi tiết: Sản xuất bao bì từ plastic;1020: Chế biến, bảo quản thuỷ sản và các sản phẩm từ thuỷ sản-Chi tiết: Chế biến và đóng hộp thủy sản; Chế biến và bảo quản thủy",internet
107426513,CÔNG TY CỔ PHẦN DỊCH VỤ VIỄN THÔNG SAO BẮC ĐẨU,CÔNG TY CỔ PHẦN DỊCH VỤ VIỄN T,Công ty cổ phần,"Lô U.14b-16a, Đường số 22, Khu chế xuất Tân Thuận, Phường Tân Thuận Đông, Quận 7, Thành phố Hồ Chí Minh, Việt Nam",Quận 7,"2610: Sản xuất linh kiện điện tử-;9521: Sửa chữa thiết bị nghe nhìn điện tử gia dụng-;2630: Sản xuất thiết bị truyền thông-;2640: Sản xuất sản phẩm điện tử dân dụng-;4651: Bán buôn máy vi tính, thiết ",internet
314174303,CÔNG TY TNHH AIRLIVE TECHNOLOGY,CÔNG TY TNHH AIRLIVE TECHNOLOG,Công ty trách nhiệm hữu hạn hai thành viên trở lên,"462 Phạm Thái Bường, Khu Phố Mỹ Toàn 1 , Phường Tân Phong, Quận 7, Thành phố Hồ Chí Minh, Việt Nam",Quận 7,"7020: Hoạt động tư vấn quản lý-(trừ tư vấn tài chính, kế toán, pháp luật) (CPC 865); 5820: Xuất bản phần mềm-Chi tiết: Sản xuất, gia công phần mềm (CPC 842); 6201: Lập trình máy vi tính-(CPC 8424); 62",technology
314172779,CÔNG TY TNHH AMGROUP,CÔNG TY TNHH AMGROUP,Công ty trách nhiệm hữu hạn một thành viên,"Số 87 Nguyễn Thị Thập, Khu dân cư Him Lam, Phường Tân Hưng, Quận 7, Thành phố Hồ Chí Minh, Việt Nam",Quận 7,"7730: Cho thuê máy móc, thiết bị và đồ dùng hữu hình khác-Chi tiết: Cho thuê máy photocopy, máy in, thiết bị văn phòng (kể cả máy vi tính);8211: Dịch vụ hành chính văn phòng tổng hợp-;7710: Cho thuê x",internet
314158781,CÔNG TY TNHH RETAILTEK,CÔNG TY TNHH RETAILTEK,Công ty trách nhiệm hữu hạn một thành viên,"số 6 Nguyễn Khắc Viện, Phường Tân Phú, Quận 7, Thành phố Hồ Chí Minh, Việt Nam",Quận 7,4669: Bán buôn chuyên doanh khác chưa được phân vào đâu-Chi tiết: Bán buôn các loại thẻ.;4719: Bán lẻ khác trong các cửa hàng kinh doanh tổng hợp-Chi tiết: Bán lẻ nhiều loại hàng hoá trong các siêu th,internet
314160526,CÔNG TY TNHH TACASING,CÔNG TY TNHH TACASING,Công ty trách nhiệm hữu hạn hai thành viên trở lên,"X-03.05 Sunrise City North, Số 27 Nguyễn Hữu Thọ, Phường Tân Hưng, Quận 7, Thành phố Hồ Chí Minh, Việt Nam",Quận 7,"1811: In ấn-Chi tiết: In ấn báo chí, tạp chí và các ấn phẩm định kỳ khác, sách và sách quảng cáo, bản thảo âm nhạc, bản đồ, tập bản đồ, áp phích, mục lục quảng cáo, tờ quảng cáo và các ấn phẩm quảng c",internet
314177696,CÔNG TY TNHH VSD VIỆT NAM,CÔNG TY TNHH VSD VIỆT NAM,Công ty trách nhiệm hữu hạn một thành viên,"SR-07 Tầng 1, Khối nhà D, khu phố Riverside Residence, Nguyễn Lương Bằng, Phường Tân Phú, Quận 7, Thành phố Hồ Chí Minh, Việt Nam",Quận 7,5210: Kho bãi và lưu giữ hàng hóa-chi tiết: Lưu giữ hàng hóa (trừ kinh doanh kho bãi).;5221: Hoạt động dịch vụ hỗ trợ trực tiếp cho vận tải đường sắt và đường bộ-chi tiết: Hoạt động dịch vụ hỗ trợ trự,internet
313972130,CÔNG TY TNHH THƯƠNG MẠI DỊCH VỤ XUẤT NHẬP KHẨU LONG VÂN,CÔNG TY TNHH THƯƠNG MẠI DỊCH V,Công ty trách nhiệm hữu hạn một thành viên,"34 Đường số 3, Khu phố 2, Phường Tân Kiểng, Quận 7, Thành phố Hồ Chí Minh, Việt Nam",Quận 7,"4669: Bán buôn chuyên doanh khác chưa được phân vào đâu-(trừ bán buôn hoá chất, bình gas, khí dầu mỏ hóa lỏng LPG, dầu nhớt cặn, vàng miếng, súng, đạn loại dùng đi săn hoặc thể thao và tiền kim khí và",internet
314410800,CÔNG TY TNHH VN ICETEC,CÔNG TY TNHH VN ICETEC,Công ty trách nhiệm hữu hạn một thành viên,"Số 109 Khu phố Happy Valley, Nguyễn Văn Linh , Phường Tân Phong, Quận 7, Thành phố Hồ Chí Minh, Việt Nam",Quận 7,"4620: Bán buôn nông, lâm sản nguyên liệu (trừ gỗ, tre, nứa) và động vật sống-chi tiết: Bán buôn thức ăn cho gia súc, gia cầm, thức ăn cho nuôi trồng thủy sản. Bán buôn thóc, lúa mỳ, ngô, hạt ngũ cốc k",internet
313991630,CÔNG TY TNHH  EMELY & ME,CÔNG TY TNHH  EMELY  ME,Công ty trách nhiệm hữu hạn hai thành viên trở lên,"B1-11A, Đường nội khu 1, Khu Nam Viên, Phường Tân Phú, Quận 7, Thành phố Hồ Chí Minh, Việt Nam",Quận 7,"4771: Bán lẻ hàng may mặc, giày dép, hàng da và giả da trong các cửa hàng chuyên doanh-;4641: Bán buôn vải, hàng may sẵn, giày dép-;4649: Bán buôn đồ dùng khác cho gia đình-Chi tiết: Bán buôn vali, cặ",internet
313998234,CÔNG TY TNHH MUA MAY BÁN ĐẮT,CÔNG TY TNHH MUA MAY BÁN ĐẮT,Công ty trách nhiệm hữu hạn một thành viên,"16 đường số 3 Khu Nam Long, Trần Trọng Cung, Phường Tân Thuận Đông, Quận 7, Thành phố Hồ Chí Minh, Việt Nam",Quận 7,"4649: Bán buôn đồ dùng khác cho gia đình-Chi tiết: Bán buôn vali, cặp, túi, ví, hàng da và giả da khác; nước hoa, hàng mỹ phẩm và chế phẩm vệ sinh: hàng gốm, sứ, thủy tinh; đồ điện gia dụng, đèn và bộ",internet
314034426,CÔNG TY CỔ PHẦN TẬP ĐOÀN SAKURA,CÔNG TY CỔ PHẦN TẬP ĐOÀN SAKUR,Công ty cổ phần,"28 Nguyễn Thị Thập, Phường Bình Thuận, Quận 7, Thành phố Hồ Chí Minh, Việt Nam",Quận 7,"4649: Bán buôn đồ dùng khác cho gia đình-;1410: May trang phục (trừ trang phục từ da lông thú)-(không tẩy, nhuộm, hồ, in và không gia công hàng đã qua sử dụng tại trụ sở).;4771: Bán lẻ hàng may mặc, g",internet
314043371,CÔNG TY TNHH VIỆT NAM AQUAPONICS,CÔNG TY TNHH VIỆT NAM AQUAPONI,Công ty trách nhiệm hữu hạn một thành viên,"498/15 Trần Xuân Soạn, Phường Tân Hưng, Quận 7, Thành phố Hồ Chí Minh, Việt Nam",Quận 7,"4632: Bán buôn thực phẩm-chi tiết: bán buôn rau quả, thuỷ sản (không hoạt động tại trụ sở);4652: Bán buôn thiết bị và linh kiện điện tử, viễn thông-;4659: Bán buôn máy móc, thiết bị và phụ tùng máy kh",internet
314119976,CÔNG TY TNHH YCM TECHNOLOGY VIỆT NAM,CÔNG TY TNHH YCM TECHNOLOGY VI,Công ty trách nhiệm hữu hạn một thành viên,"Số 1463, Khu phố Mỹ Toàn 1-H3, Phường Tân Phong, Quận 7, Thành phố Hồ Chí Minh, Việt Nam",Quận 7,"4690: Bán buôn tổng hợp-Chi tiết: thực hiện quyền xuất khẩu, quyền nhập khẩu, quyền phân phối bán buôn (không thành lập cở sở bán buôn) các hàng hóa không thuộc danh mục cấm xuất khẩu, nhập khẩu hoặc ",technology
314158816,CÔNG TY TNHH EDUTEK,CÔNG TY TNHH EDUTEK,Công ty trách nhiệm hữu hạn một thành viên,"số 6 Nguyễn Khắc Viện, Phường Tân Phú, Quận 7, Thành phố Hồ Chí Minh, Việt Nam",Quận 7,"4669: Bán buôn chuyên doanh khác chưa được phân vào đâu-chi tiết: Bán buôn các loại thẻ công nghệ ( NFC);4741: Bán lẻ máy vi tính, thiết bị ngoại vi, phần mềm và thiết bị viễn thông trong các cửa hàng",internet
314109664,CÔNG TY TNHH MỘT THÀNH VIÊN Ô TÔ HIẾU HÙNG,CÔNG TY TNHH MỘT THÀNH VIÊN Ô ,Công ty trách nhiệm hữu hạn một thành viên,"212 Nguyễn Văn Linh, Phường Tân Thuận Tây, Quận 7, Thành phố Hồ Chí Minh, Việt Nam",Quận 7,"4520: Bảo dưỡng, sửa chữa ô tô và xe có động cơ khác-(trừ gia công cơ khí, tái chế phế thải, xi mạ điện tại trụ sở);4530: Bán phụ tùng và các bộ phận phụ trợ của ô tô và xe có động cơ khác-;4541: Bán ",internet
314111416,CÔNG TY TNHH COCKY BUFFALO,CÔNG TY TNHH COCKY BUFFALO,Công ty trách nhiệm hữu hạn một thành viên,"Số 174-176-178 Hà Huy Tập, Phường Tân Phong, Quận 7, Thành phố Hồ Chí Minh, Việt Nam",Quận 7,"4649: Bán buôn đồ dùng khác cho gia đình-(Trừ bán buôn dược phẩm);4722: Bán lẻ thực phẩm trong các cửa hàng chuyên doanh-Chi tiết: Bán lẻ thực phẩm chức năng; 4763: Bán lẻ thiết bị, dụng cụ thể dục, t",internet
314151810,CÔNG TY TNHH IB CONNECTION VIỆT NAM,CÔNG TY TNHH IB CONNECTION VIỆ,Công ty trách nhiệm hữu hạn hai thành viên trở lên,"Số 77, Đường Số 13, Khu phố 2, Phường Tân Kiểng, Quận 7, Thành phố Hồ Chí Minh, Việt Nam",Quận 7,"4799: Bán lẻ hình thức khác chưa được phân vào đâu-(trừ bán lẻ bình gas, khí dầu mỏ hóa lỏng LPG, dầu nhớt cặn, vàng miếng, súng, đạn loại dùng đi săn hoặc thể thao và tiền kim khí; trừ bán lẻ hóa chấ",internet
314162065,CÔNG TY TNHH PRE-CARE,CÔNG TY TNHH PRECARE,Công ty trách nhiệm hữu hạn một thành viên,"50 Nguyễn Thị Thập, KDC Him Lam, Phường Tân Hưng, Quận 7, Thành phố Hồ Chí Minh, Việt Nam",Quận 7,"5820: Xuất bản phần mềm-Chi tiết: Sản xuất phần mềm;6190: Hoạt động viễn thông khác-Chi tiết: Cung cấp dịch vụ và giá trị gia tăng trên internet;4651: Bán buôn máy vi tính, thiết bị ngoại vi và phần m",internet
313704251,CÔNG TY CỔ PHẦN PHÁT TRIỂN CÔNG NGHỆ TIÊN PHONG,CÔNG TY CỔ PHẦN PHÁT TRIỂN CÔN,Công ty cổ phần,"3SB1-12 Khu phố Mỹ Viên, Đường số 20, Khu Phú Mỹ Hưng, Phường Tân Phú, Quận 7, Thành phố Hồ Chí Minh, Việt Nam",Quận 7,5630: Dịch vụ phục vụ đồ uống-(trừ quán bar và quán giải khát có khiêu vũ);5224: Bốc xếp hàng hóa-(trừ bốc xếp hàng hóa cảng hàng không).;4933: Vận tải hàng hóa bằng đường bộ-Chi tiết: Vận tải hàng hó,internet
313747551,CÔNG TY TNHH DỊCH VỤ WAO,CÔNG TY TNHH DỊCH VỤ WAO,Công ty trách nhiệm hữu hạn một thành viên,"72 Trần Trọng Cung Khu Dân Cư Nam Long, Phường Tân Thuận Đông, Quận 7, Thành phố Hồ Chí Minh, Việt Nam",Quận 7,"4610: Đại lý, môi giới, đấu giá hàng hóa-Chi tiết: Đại lý, môi giới (trừ môi giới bất động sản); 5510: Dịch vụ lưu trú ngắn ngày-Chi tiết: Khách sạn (đạt tiêu chuẩn sao và không hoạt động tại trụ sở):",internet
313767283,CÔNG TY CỔ PHẦN KHÁNH VƯƠNG MEDIA,CÔNG TY CỔ PHẦN KHÁNH VƯƠNG ME,Công ty cổ phần,"730/11 Huỳnh Tấn Phát, Phường Tân Phú, Quận 7, Thành phố Hồ Chí Minh, Việt Nam",Quận 7,"5320: Chuyển phát-chi tiết: Dịch vụ chuyển phát trong phạm vi nội tỉnh, liên tỉnh, quốc tế;5911: Hoạt động sản xuất phim điện ảnh, phim video và chương trình truyền hình-chi tiết: Hoạt động sản xuất c",internet
313957911,CÔNG TY TNHH CRR VIỆT NAM,CÔNG TY TNHH CRR VIỆT NAM,Công ty trách nhiệm hữu hạn một thành viên,"Tầng 3, tòa nhà PTS Sài Gòn, 118 Huỳnh Tấn Phát, Phường Tân Thuận Tây, Quận 7, Thành phố Hồ Chí Minh, Việt Nam",Quận 7,"7020: Hoạt động tư vấn quản lý-chi tiết: 
- Dịch vụ tư vấn quản lý chung; (CPC 86501)
- Dịch vụ tư vấn quản lý tài chính (trừ thuế kinh doanh) (CPC 86502)
- Dịch vụ tư vấn quản lý marketing; (CPC 8650",internet
314017011,CÔNG TY TNHH K AND V BRIDGE,CÔNG TY TNHH K AND V BRIDGE,Công ty trách nhiệm hữu hạn hai thành viên trở lên,"số E11 đường hoàng Quốc Việt, Phường Phú Thuận, Quận 7, Thành phố Hồ Chí Minh, Việt Nam",Quận 7,"4652: Bán buôn thiết bị và linh kiện điện tử, viễn thông-Chi tiết: Bán buôn thiết bị và linh kiện điện tử, viễn thông; xuất nhập khẩu thiết bị và linh kiện điện tử, viễn thông (CPC 622);4641: Bán buôn",internet
314095161,CÔNG TY CỔ PHẦN ĐẦU TƯ NHÀ QUẢN LÝ,CÔNG TY CỔ PHẦN ĐẦU TƯ NHÀ QUẢ,Công ty cổ phần,"216 Khu phố Mỹ Hoàng, đường Phạm Thái Bường, Phường Tân Phong, Quận 7, Thành phố Hồ Chí Minh, Việt Nam",Quận 7,"1811: In ấn-(không hoạt động tại trụ sở).;1820: Sao chép bản ghi các loại-;5911: Hoạt động sản xuất phim điện ảnh, phim video và chương trình truyền hình-chi tiết: Hoạt động sản xuất chương trình truy",internet
314117376,CÔNG TY TNHH GOLDEN BRIDGE VIETNAM,CÔNG TY TNHH GOLDEN BRIDGE VIE,Công ty trách nhiệm hữu hạn hai thành viên trở lên,"056 Đường Nguyễn Đức Cảnh , Khu Mỹ Khánh 3 , Phường Tân Phong, Quận 7, Thành phố Hồ Chí Minh, Việt Nam",Quận 7,"4741: Bán lẻ máy vi tính, thiết bị ngoại vi, phần mềm và thiết bị viễn thông trong các cửa hàng chuyên doanh-Chi tiết: Thực hiện quyền phân phối bán lẻ các hàng hóa không thuộc diện cấm phân phối, the",internet
314122256,CÔNG TY TNHH QUỐC TẾ UNO,CÔNG TY TNHH QUỐC TẾ UNO,Công ty trách nhiệm hữu hạn hai thành viên trở lên,"Số 23 Đường Nội Khu Hưng Gia 3, Phường Tân Phong, Quận 7, Thành phố Hồ Chí Minh, Việt Nam",Quận 7,"4791: Bán lẻ theo yêu cầu đặt hàng qua bưu điện hoặc internet-chi tiết: Bản lẻ dây đai nhựa PET, dây đai nhựa PP; máy đóng dây đai PET; máy đóng dây đai dây đai PP và các thiết bị liên quan – CPC 632;",internet
314144806,CÔNG TY TNHH ĐẦU TƯ VÀ PHÁT TRIỂN CÁNH CỔNG TƯƠNG LAI,CÔNG TY TNHH ĐẦU TƯ VÀ PHÁT TR,Công ty trách nhiệm hữu hạn hai thành viên trở lên,"Số 38 Đường số 3,Khu Đô Thị Him Lam, Phường Tân Hưng, Quận 7, Thành phố Hồ Chí Minh, Việt Nam",Quận 7,"4620: Bán buôn nông, lâm sản nguyên liệu (trừ gỗ, tre, nứa) và động vật sống-(không hoạt động tại trụ sở);4632: Bán buôn thực phẩm-(không hoạt động tại trụ sở);4633: Bán buôn đồ uống-;4634: Bán buôn s",internet
314195504,CÔNG TY TNHH LIÊN KẾT TOÀN CẦU DBK,CÔNG TY TNHH LIÊN KẾT TOÀN CẦU,Công ty trách nhiệm hữu hạn hai thành viên trở lên,"1041/62/166 Trần Xuân Soạn, Phường Tân Hưng, Quận 7, Thành phố Hồ Chí Minh, Việt Nam",Quận 7,5012: Vận tải hàng hóa ven biển và viễn dương-;5022: Vận tải hàng hóa đường thuỷ nội địa-;5229: Hoạt động dịch vụ hỗ trợ khác liên quan đến vận tải-chi tiết: hoạt động của các đại lý bán vé máy bay; H,internet
314200426,CÔNG TY CỔ PHẦN CÔNG NGHỆ DẦU KHÍ VIỆT NAM,CÔNG TY CỔ PHẦN CÔNG NGHỆ DẦU ,Công ty cổ phần,"Số 62, Đường 17, Mỹ Văn 1, Phú Mỹ Hưng, Phường Tân Phú, Quận 7, Thành phố Hồ Chí Minh, Việt Nam",Quận 7,"8230: Tổ chức giới thiệu và xúc tiến thương mại-(không thực hiện các hiệu ứng cháy, nổ; không sử dụng chất nổ, chất cháy, hóa chất làm đạo cụ, dụng cụ thực hiện các chương trình văn nghệ, sự kiện, phi",internet
314192743,CÔNG TY TNHH NIMBUS 9,CÔNG TY TNHH NIMBUS 9,Công ty trách nhiệm hữu hạn một thành viên,"65/20E Lý Long Tường, Phường Tân Phong, Quận 7, Thành phố Hồ Chí Minh, Việt Nam",Quận 7,"4741: Bán lẻ máy vi tính, thiết bị ngoại vi, phần mềm và thiết bị viễn thông trong các cửa hàng chuyên doanh-;4742: Bán lẻ thiết bị nghe nhìn trong các cửa hàng chuyên doanh-;6201: Lập trình máy vi tí",internet
314193169,CÔNG TY TNHH JUNG MYUNG L&P,CÔNG TY TNHH JUNG MYUNG LP,Công ty trách nhiệm hữu hạn một thành viên,"Số 482 - 484 Phạm Thái Bường, Phường Tân Phong, Quận 7, Thành phố Hồ Chí Minh, Việt Nam",Quận 7,"7320: Nghiên cứu thị trường và thăm dò dư luận-(Trừ các loại thông tin Nhà nước cấm và dịch vụ điều tra);7310: Quảng cáo-;6311: Xử lý dữ liệu, cho thuê và các hoạt động liên quan-;5229: Hoạt động dịch",internet
314188095,CÔNG TY TNHH THƯƠNG MẠI NÔNG NGHIỆP GREENLIFE,CÔNG TY TNHH THƯƠNG MẠI NÔNG N,Công ty trách nhiệm hữu hạn hai thành viên trở lên,"28 Đường 20, Khu dân cư Him Lam, Phường Tân Hưng, Quận 7, Thành phố Hồ Chí Minh, Việt Nam",Quận 7,"4791: Bán lẻ theo yêu cầu đặt hàng qua bưu điện hoặc internet-(trừ bán lẻ hóa chất, khí dầu mỏ hóa lỏng LPG, dầu nhớt cặn, vàng miếng, súng, đạn loại dùng đi săn hoặc thể thao và tiền kim khí; Thực hi",internet
314221112,CÔNG TY CỔ PHẦN DỊCH VỤ KỸ THUẬT VÀ XÂY DỰNG 79,CÔNG TY CỔ PHẦN DỊCH VỤ KỸ THU,Công ty cổ phần,"197 Đường Huỳnh Tấn Phát, Phường Tân Thuận Đông, Quận 7, Thành phố Hồ Chí Minh, Việt Nam",Quận 7,"4321: Lắp đặt hệ thống điện-Chi tiết: Lắp đặt các hệ thống điện, mạng máy tính, truyền hình cáp, hệ thống chiếu sáng nhà ở và dân dụng;7120: Kiểm tra và phân tích kỹ thuật-Hoạt động trang trí nội, ngo",internet
314221151,CÔNG TY CỔ PHẦN PHÂN PHỐI T.K.,CÔNG TY CỔ PHẦN PHÂN PHỐI TK,Công ty cổ phần,"19 Lô G3, Đường 40, Phường Tân Phong, Quận 7, Thành phố Hồ Chí Minh, Việt Nam",Quận 7,"7310: Quảng cáo-Chi tiết:
- Sáng tạo và thực hiện các chiến dịch quảng cáo: sáng tạo và đặt quảng cáo trong báo, tạp chí, đài phát thanh, truyền hình, internet và các phương tiện truyền thông khác; đặ",internet
314210921,CÔNG TY TNHH XÂY DỰNG TMDV LONG TỨ 668,CÔNG TY TNHH XÂY DỰNG TMDV LON,Công ty trách nhiệm hữu hạn hai thành viên trở lên,"487/46/2 Huỳnh Tấn Phát, Khu phố 1, Phường Tân Thuận Đông, Quận 7, Thành phố Hồ Chí Minh, Việt Nam",Quận 7,"6810: Kinh doanh bất động sản, quyền sử dụng đất thuộc chủ sở hữu, chủ sử dụng hoặc đi thuê-;6820: Tư vấn, môi giới, đấu giá bất động sản, đấu giá quyền sử dụng đất-Chi tiết: Tư vấn, môi giới, đấu giá",internet
314228421,CÔNG TY TNHH M&M HOUSE,CÔNG TY TNHH MM HOUSE,Công ty trách nhiệm hữu hạn hai thành viên trở lên,"Phòng 1203 - Tầng 12 - Tòa Nhà Daiminh Convention, Số 77 Hoàng Văn Thái, Phường Tân Phú, Quận 7, Thành phố Hồ Chí Minh, Việt Nam",Quận 7,"9000: Hoạt động sáng tác, nghệ thuật và giải trí-Chi tiết: Tổ chức biểu diễn nghệ thuật chuyên nghiệp (không thực hiện các hiệu ứng cháy, nổ; không sử dụng chất nổ, chất cháy, hóa chất làm đạo cụ, dụn",internet
314243645,CÔNG TY TNHH RYUICHI VIỆT NAM,CÔNG TY TNHH RYUICHI VIỆT NAM,Công ty trách nhiệm hữu hạn một thành viên,"Số 5 Đường nội khu Mỹ Phước, Phường Tân Phong, Quận 7, Thành phố Hồ Chí Minh, Việt Nam",Quận 7,"4690: Bán buôn tổng hợp-chi tiết: thực hiện quyền xuất khẩu, quyền nhập khẩu, quyền phân phối bán buôn các hàng hóa có mã HS không thuộc danh mục cấm xuất khẩu, nhập khẩu hoặc không được phân phối the",internet
314241528,CÔNG TY TNHH THƯƠNG MẠI DỊCH VỤ VĨNH THÁI THỊNH,CÔNG TY TNHH THƯƠNG MẠI DỊCH V,Công ty trách nhiệm hữu hạn một thành viên,"1/15 Đường Tân Phú, Phường Tân Phú, Quận 7, Thành phố Hồ Chí Minh, Việt Nam",Quận 7,2610: Sản xuất linh kiện điện tử-(không hoạt động tại trụ sở);2620: Sản xuất máy vi tính và thiết bị ngoại vi của máy vi tính-(không hoạt động tại trụ sở);2630: Sản xuất thiết bị truyền thông-(không h,internet
314252086,CÔNG TY TNHH AQUAGROWGREENS,CÔNG TY TNHH AQUAGROWGREENS,Công ty trách nhiệm hữu hạn một thành viên,"4.21 Officetel, Sunrise City - North, 27 Nguyễn Hữu Thọ, Phường Tân Hưng, Quận 7, Thành phố Hồ Chí Minh, Việt Nam",Quận 7,"4662: Bán buôn kim loại và quặng kim loại-(Trừ bán buôn vàng, vàng miếng, bạc, kim loại quý khác);4782: Bán lẻ hàng dệt, may sẵn, giày dép lưu động hoặc tại chợ-;1329: Sản xuất các loại hàng dệt khác ",internet
314275069,CÔNG TY TNHH SX - TM ĐẠI QUANG,CÔNG TY TNHH SX  TM ĐẠI QUANG,Công ty trách nhiệm hữu hạn hai thành viên trở lên,"1549/5 Huỳnh Tấn Phát, Phường Phú Mỹ, Quận 7, Thành phố Hồ Chí Minh, Việt Nam",Quận 7,4722: Bán lẻ thực phẩm trong các cửa hàng chuyên doanh-(Thực hiện theo Quyết định số 64/2009/QĐ-UBND ngày 31/7/2009 và Quyết định số 79/2009/QĐ-UBND ngày 17/10/2009 của UBND TP. HCM về phê duyệt quy h,internet
314282965,CÔNG TY TNHH WIN SHOP,CÔNG TY TNHH WIN SHOP,Công ty trách nhiệm hữu hạn một thành viên,"Số 99 Đường số 17, Phường Tân Quy, Quận 7, Thành phố Hồ Chí Minh, Việt Nam",Quận 7,4722: Bán lẻ thực phẩm trong các cửa hàng chuyên doanh-(Thực hiện theo Quyết định số 64/2009/QĐ-UBND ngày 31/07/2009 của Ủy ban nhân dân Thành phố Hồ Chí Minh và Quyết định 79/2009/QĐ-UBND ngày 17/10/,internet
314254340,CÔNG TY TNHH CÔNG NGHỆ KAVI,CÔNG TY TNHH CÔNG NGHỆ KAVI,Công ty trách nhiệm hữu hạn hai thành viên trở lên,"89 Đường Hưng Thái 2, Khu Dân Cư Phú Mỹ Hưng, Phường Tân Phong, Quận 7, Thành phố Hồ Chí Minh, Việt Nam",Quận 7,"5820: Xuất bản phần mềm-chi tiết: Sản xuất phần mềm;4659: Bán buôn máy móc, thiết bị và phụ tùng máy khác-chi tiết: Bán buôn thiết bị lọc nước, xử lý nước;4651: Bán buôn máy vi tính, thiết bị ngoại vi",internet
314279810,CÔNG TY CỔ PHẦN CÔNG  NGHỆ TRUYỀN THÔNG THƯƠNG MẠI MVOT,CÔNG TY CỔ PHẦN CÔNG  NGHỆ TRU,Công ty cổ phần,"8 Đường số 4 Khu Biệt Thự Nam Phú, Phường Tân Thuận Đông, Quận 7, Thành phố Hồ Chí Minh, Việt Nam",Quận 7,"4759: Bán lẻ đồ điện gia dụng, giường, tủ, bàn, ghế và đồ nội thất tương tự, đèn và bộ đèn điện, đồ dùng gia đình khác chưa được phân vào đâu  trong các cửa hàng chuyên doanh-; 4719: Bán lẻ  khác tron",internet
314284200,CÔNG TY TNHH GLOBAL LEARN,CÔNG TY TNHH GLOBAL LEARN,Công ty trách nhiệm hữu hạn một thành viên,"7.03, C-01, Tầng 008, Block C Dự án khu cao ốc Văn phòng và căn hộ Luxcity, số 528 Huỳnh Tấn Phát, Phường Bình Thuận, Quận 7, Thành phố Hồ Chí Minh, Việt Nam",Quận 7,"8230: Tổ chức giới thiệu và xúc tiến thương mại-Chi tiết: Việc tổ chức, xúc tiến, quản lý các sự kiện, hội nghị (không thực hiện các hiệu ứng cháy, nổ; không sử dụng chất nổ, chất cháy, hóa chất làm đ",internet
314268174,CÔNG TY TNHH GDD,CÔNG TY TNHH GDD,Công ty trách nhiệm hữu hạn hai thành viên trở lên,"793/49/3 Trần Xuân Soạn, Khu Phố 4, Phường Tân Hưng, Quận 7, Thành phố Hồ Chí Minh, Việt Nam",Quận 7,8299: Hoạt động dịch vụ hỗ trợ kinh doanh khác còn lại chưa được phân vào đâu-xuất nhập khẩu các mặt hàng công ty kinh doanh; 6619: Hoạt động hỗ trợ dịch vụ tài chính chưa được phân vào đâu-Hoạt động ,internet
314269379,CÔNG TY TNHH SẢN XUẤT THƯƠNG MẠI HƯNG TRẦN,CÔNG TY TNHH SẢN XUẤT THƯƠNG M,Công ty trách nhiệm hữu hạn một thành viên,"11G4 Đường số 55, khu dân cư Tân Quy Đông, Phường Tân Phong, Quận 7, Thành phố Hồ Chí Minh, Việt Nam",Quận 7,"2220: Sản xuất sản phẩm từ plastic-Chi tiết: Đúc các loại khuôn mẫu chi tiết từ plastic (trừ sản xuất xốp cách nhiệt sử dụng ga R141b, sử dụng polyol trộn sẵn HCFC-141b); 2431: Đúc sắt, thép-Chi tiết:",internet
314306983,CÔNG TY TNHH TÂY SƠN LONG HẢI,CÔNG TY TNHH TÂY SƠN LONG HẢI,Công ty trách nhiệm hữu hạn hai thành viên trở lên,"429 Trần Xuân Soạn, Phường Tân Kiểng, Quận 7, Thành phố Hồ Chí Minh, Việt Nam",Quận 7,"2630: Sản xuất thiết bị truyền thông-Chi tiết: Sản xuất thiết bị viễn thông (trừ thiết bị phát, thu – phát sóng vô tuyến điện);4541: Bán mô tô, xe máy-Chi tiết: Bán buôn xe gắn máy;4632: Bán buôn thực",internet
314293967,CÔNG TY TNHH THƯƠNG MẠI DỊCH VỤ TƯ VẤN LẮP ĐẶT PHÁT TIẾN,CÔNG TY TNHH THƯƠNG MẠI DỊCH V,Công ty trách nhiệm hữu hạn hai thành viên trở lên,"Số 1015/58 Đường Huỳnh Tấn Phát, Phường Phú Thuận, Quận 7, Thành phố Hồ Chí Minh, Việt Nam",Quận 7,"3320: Lắp đặt máy móc và thiết bị công nghiệp-chi tiết: lắp đặt máy móc và thiết bị công nghiệp, hệ thống điện lạnh (trừ lắp đặt các thiết bị điện lạnh (thiết bị cấp đông, kho lạnh, máy đá, điều hòa k",internet
314313645,CÔNG TY TNHH THƯƠNG MẠI DỊCH VỤ VB UNIVERSAL,CÔNG TY TNHH THƯƠNG MẠI DỊCH V,Công ty trách nhiệm hữu hạn một thành viên,"62/2 Lâm Văn Bền, Phường Tân Kiểng, Quận 7, Thành phố Hồ Chí Minh, Việt Nam",Quận 7,"4649: Bán buôn đồ dùng khác cho gia đình-Chi tiết: 
- Bán buôn nước hoa, hàng mỹ phẩm và chế phẩm vệ sinh
- Bán buôn dược phẩm và dụng cụ y tế
- Bán buôn vali, cặp, túi, ví, hàng da và giả da
(trừ kin",internet
314300766,CÔNG TY TNHH SX - TM - DV QUẢNG CÁO ĐỨC NGUYỄN,CÔNG TY TNHH SX  TM  DV QUẢNG ,Công ty trách nhiệm hữu hạn hai thành viên trở lên,"1452/29/2D Huỳnh Tấn Phát, Phường Phú Mỹ, Quận 7, Thành phố Hồ Chí Minh, Việt Nam",Quận 7,"3290: Sản xuất khác chưa được phân vào đâu-chi tiết: sản xuất hộp đèn, bảng hiệu bằng chất liệu aluminum, mica, nhôm, kính, sắt;1811: In ấn-chi tiết: in decal, in hiflex, in offset, các ấn phẩm in ấn ",internet
314272124,CÔNG TY CỔ PHẦN DTCORP,CÔNG TY CỔ PHẦN DTCORP,Công ty cổ phần,"132 Đường 79, Phường Tân Quy, Quận 7, Thành phố Hồ Chí Minh, Việt Nam",Quận 7,"7310: Quảng cáo-;7320: Nghiên cứu thị trường và thăm dò dư luận-Chi tiết: Nghiên cứu thị trường và thăm dò dư luận;1811: In ấn-(không in tráng bao bì kim loại, in trên các sản phẩm vải, sợi. dệt, may ",internet
314294720,CÔNG TY TNHH THƯƠNG MẠI DỊCH VỤ GREEN LOTUS,CÔNG TY TNHH THƯƠNG MẠI DỊCH V,Công ty trách nhiệm hữu hạn hai thành viên trở lên,"Số 10, Đường số 2, Hưng Gia 5, Phường Tân Phong, Quận 7, Thành phố Hồ Chí Minh, Việt Nam",Quận 7,"8559: Giáo dục khác chưa được phân vào đâu-chi tiết: Đào tạo ngoại ngữ ; Đào tạo kỹ năng nói trước công chúng; Các khoá dạy về phê bình, đánh giá chuyên môn (trừ dạy về tôn giáo; các trường của các tổ",internet
314634991,CÔNG TY CỔ PHẦN ĐẦU TƯ KINH DOANH THÁI BÌNH AN GROUP,CÔNG TY CỔ PHẦN ĐẦU TƯ KINH DO,Công ty cổ phần,"11A đường số 9, Phường Tân Kiểng, Quận 7, Thành phố Hồ Chí Minh, Việt Nam",Quận 7,"2599: Sản xuất sản phẩm khác bằng kim loại chưa được phân vào đâu-Chi tiết: sản xuất, lắp ráp tủ bảng điện (không gia công cơ khí, tái chế phế thải, xi mạ điện tại trụ sở);2630: Sản xuất thiết bị truy",internet
314308571,CÔNG TY TNHH ZERO HOUR PRODUCTIONS,CÔNG TY TNHH ZERO HOUR PRODUCT,Công ty trách nhiệm hữu hạn hai thành viên trở lên,"Số 11, đường số 9A, Khu dân cư Nam Long, Phường Tân Thuận Đông, Quận 7, Thành phố Hồ Chí Minh, Việt Nam",Quận 7,"7310: Quảng cáo-Chi tiết: Việc cung cấp tất cả các lĩnh vực của dịch vụ quảng cáo (thông qua năng lực của tổ chức hoặc hợp đồng phụ), bao gồm tư vấn, dịch vụ sáng tạo, sản xuất các nguyên liệu cho quả",internet
314316251,CÔNG TY TNHH KINH DOANH MÁY MÓC THIẾT BỊ VĂN PHÒNG THANH TRÚC,CÔNG TY TNHH KINH DOANH MÁY MÓ,Công ty trách nhiệm hữu hạn một thành viên,"29 Đường 3, Phường Tân Phú, Quận 7, Thành phố Hồ Chí Minh, Việt Nam",Quận 7,"6820: Tư vấn, môi giới, đấu giá bất động sản, đấu giá quyền sử dụng đất-Chi tiết: Môi giới bất động sản;4632: Bán buôn thực phẩm-(không hoạt động tại trụ sở);4633: Bán buôn đồ uống-Chi tiết: Bán buôn ",internet
314333271,CÔNG TY TNHH THƯƠNG MẠI DỊCH VỤ TƯ VẤN HOÀNG GIA KHANG,CÔNG TY TNHH THƯƠNG MẠI DỊCH V,Công ty trách nhiệm hữu hạn hai thành viên trở lên,"49 Đường 21, Phường Tân Quy, Quận 7, Thành phố Hồ Chí Minh, Việt Nam",Quận 7,"4649: Bán buôn đồ dùng khác cho gia đình-chi tiết: Bán buôn hàng kim khí điện máy,đồ điện gia dụng, đèn và bộ đèn điện; Bán buôn nước hoa, hàng mỹ phẩm và chế phẩm vệ sinh; Bán buôn đồ dùng khác cho g",lap top
314332743,CÔNG TY TNHH TRÒ CHƠI ĐIỆN TỬ VÂN HÙNG,CÔNG TY TNHH TRÒ CHƠI ĐIỆN TỬ ,Công ty trách nhiệm hữu hạn một thành viên,"1/5 Trần Xuân Soạn, Phường Tân Thuận Tây, Quận 7, Thành phố Hồ Chí Minh, Việt Nam",Quận 7,"5629: Dịch vụ ăn uống khác-;5630: Dịch vụ phục vụ đồ uống-( trừ quán bar ,quán giải khát có khiêu vũ );6190: Hoạt động viễn thông khác-Chi tiết : Hoạt động của điểm truy cập internet ; Điểm cung cấp d",internet
314339900,CÔNG TY TNHH QUẢNG CÁO E-X-PRO,CÔNG TY TNHH QUẢNG CÁO EXPRO,Công ty trách nhiệm hữu hạn một thành viên,"Tầng 4, 79/6 Hoàng Văn Thái, Khu Trung Tâm Thương Mại Tài Chính Quốc Tế C4-1, Phường Tân Phú, Quận 7, Thành phố Hồ Chí Minh, Việt Nam",Quận 7,"4791: Bán lẻ theo yêu cầu đặt hàng qua bưu điện hoặc internet-(trừ bán lẻ hóa chất, khí dầu mỏ hóa lỏng LPG, dầu nhớt cặn, vàng miếng, súng, đạn loại dùng đi săn hoặc thể thao và tiền kim khí; Thực hi",internet
314332292,CÔNG TY TNHH ĐẦU TƯ VÀ PHÁT TRIỂN HOÀNG GIA KHANG,CÔNG TY TNHH ĐẦU TƯ VÀ PHÁT TR,Công ty trách nhiệm hữu hạn một thành viên,"1041/1D đường Trần Xuân Soạn, Khu phố 3, Phường Tân Hưng, Quận 7, Thành phố Hồ Chí Minh, Việt Nam",Quận 7,4101: Xây dựng nhà để ở-; 4102: Xây dựng nhà không để ở-; 4330: Hoàn thiện công trình xây dựng-; 4390: Hoạt động xây dựng chuyên dụng khác-; 7410: Hoạt động thiết kế chuyên dụng-Chi tiết: Hoạt động tr,internet
314331108,CÔNG TY TNHH THƯƠNG MẠI DỊCH VỤ VIỄN THÔNG SÀI GÒN,CÔNG TY TNHH THƯƠNG MẠI DỊCH V,Công ty trách nhiệm hữu hạn một thành viên,"11 Bis Đường số 25A, Phường Tân Quy, Quận 7, Thành phố Hồ Chí Minh, Việt Nam",Quận 7,"4662: Bán buôn kim loại và quặng kim loại-Chi tiết: Bán buôn sắt, thép;4663: Bán buôn vật liệu, thiết bị lắp đặt khác trong xây dựng-;6190: Hoạt động viễn thông khác-Chi tiết: Đại lý dịch vụ bưu chính",internet
314354793,CÔNG TY TNHH DỊCH VỤ THỜI TRANG ĐỈNH CAO,CÔNG TY TNHH DỊCH VỤ THỜI TRAN,Công ty trách nhiệm hữu hạn một thành viên,"53 Đường 30, Phường Tân Phong, Quận 7, Thành phố Hồ Chí Minh, Việt Nam",Quận 7,"4669: Bán buôn chuyên doanh khác chưa được phân vào đâu-Chi tiết: Bán buôn , xuất nhập khẩu phụ liệu, dụng cụ, trang thiết bị ngành làm tóc, kiềm, kéo.;4771: Bán lẻ hàng may mặc, giày dép, hàng da và ",internet
314383314,CÔNG TY TNHH KARAOKE NGHỆ THUẬT XINH XINH,CÔNG TY TNHH KARAOKE NGHỆ THUẬ,Công ty trách nhiệm hữu hạn hai thành viên trở lên,"1238 Huỳnh Tấn Phát, Phường Tân Phú, Quận 7, Thành phố Hồ Chí Minh, Việt Nam",Quận 7,5610: Nhà hàng và các dịch vụ ăn uống phục vụ lưu động-Chi tiết: nhà hàng ăn uống;6190: Hoạt động viễn thông khác-Chi tiết: hoạt động của các đại lý cung cấp dịch vụ truy cập internet;4773: Bán lẻ hàn,internet
314352411,CÔNG TY TNHH GIẢI PHÁP BIT,CÔNG TY TNHH GIẢI PHÁP BIT,Công ty trách nhiệm hữu hạn hai thành viên trở lên,"Số 60/44b, Lâm Văn Bền , Phường Tân Kiểng, Quận 7, Thành phố Hồ Chí Minh, Việt Nam",Quận 7,"2620: Sản xuất máy vi tính và thiết bị ngoại vi của máy vi tính-;2651: Sản xuất thiết bị đo lường, kiểm tra, định hướng và điều khiển-;2817: Sản xuất máy móc và thiết bị văn phòng (trừ máy vi tính và ",internet
314362297,CÔNG TY TNHH THƯƠNG MẠI TOMO,CÔNG TY TNHH THƯƠNG MẠI TOMO,Công ty trách nhiệm hữu hạn một thành viên,"26 (S74-1) đường Phạm Văn Nghị Khu phố Sky Garden 3 (R1-3), Phường Tân Phong, Quận 7, Thành phố Hồ Chí Minh, Việt Nam",Quận 7,"2591: Rèn, dập, ép và cán kim loại; luyện bột kim loại-(không hoạt động tại trụ sở);2592: Gia công cơ khí; xử lý và tráng phủ kim loại-(không hoạt động tại trụ sở);1075: Sản xuất món ăn, thức ăn chế b",internet
314376155,CÔNG TY TNHH KINH DOANH DỊCH VỤ B.K.G,CÔNG TY TNHH KINH DOANH DỊCH V,Công ty trách nhiệm hữu hạn hai thành viên trở lên,"79 Đường Số 9, Phường Tân Kiểng, Quận 7, Thành phố Hồ Chí Minh, Việt Nam",Quận 7,"5630: Dịch vụ phục vụ đồ uống-(trừ hoạt động quán bar và quán giải khát có khiêu vũ);4791: Bán lẻ theo yêu cầu đặt hàng qua bưu điện hoặc internet-(trừ bán lẻ bình gas, khí dầu mỏ hóa lỏng LPG, dầu nh",internet
314384861,CÔNG TY TNHH ĐIỆN TỬ MELIWA VIỆT NAM,CÔNG TY TNHH ĐIỆN TỬ MELIWA VI,Công ty trách nhiệm hữu hạn hai thành viên trở lên,"507B Huỳnh Tấn Phát, Phường Tân Thuận Đông, Quận 7, Thành phố Hồ Chí Minh, Việt Nam",Quận 7,"5229: Hoạt động dịch vụ hỗ trợ khác liên quan đến vận tải-Chi tiết: Hoạt động của các đại lý bán vé máy bay;7020: Hoạt động tư vấn quản lý-(trừ tư vấn tài chính, kế toán);7710: Cho thuê xe có động cơ-",internet
314386121,CÔNG TY TNHH GTG WELLNESS HEALTHCARE,CÔNG TY TNHH GTG WELLNESS HEAL,Công ty trách nhiệm hữu hạn một thành viên,"Số 800, đường Nguyễn Văn Linh, Phường Tân Phú, Quận 7, Thành phố Hồ Chí Minh, Việt Nam",Quận 7,"4690: Bán buôn tổng hợp-chi tiết: thực hiện quyền xuất khẩu, quyền nhập khẩu, quyền phân phối bán buôn các hàng hóa không thuộc danh mục cấm xuất khẩu, nhập khẩu hoặc không được phân phối theo quy địn",internet
314397388,CÔNG TY TNHH DỊCH VỤ GIẢI TRÍ CỬU LONG,CÔNG TY TNHH DỊCH VỤ GIẢI TRÍ ,Công ty trách nhiệm hữu hạn hai thành viên trở lên,"502/11/44D Khu phố 3A đường Huỳnh Tấn Phát, Phường Bình Thuận, Quận 7, Thành phố Hồ Chí Minh, Việt Nam",Quận 7,"5510: Dịch vụ lưu trú ngắn ngày-Chi tiết: Khách sạn, biệt thự du lịch, căn hộ du lịch, nhà nghỉ du lịch, nhà ở có phòng cho khách du lịch thuê (đạt tiêu chuẩn sao và không hoạt động tại trụ sở);5610: ",internet
314396578,CÔNG TY TNHH SIGMANANO,CÔNG TY TNHH SIGMANANO,Công ty trách nhiệm hữu hạn hai thành viên trở lên,"76/1 đường 37, Phường Tân Kiểng, Quận 7, Thành phố Hồ Chí Minh, Việt Nam",Quận 7,"2790: Sản xuất thiết bị điện khác-Chi tiết: Sản xuất board mạch và sản phẩm điện tử kèm phần mềm, sản xuất thẻ từ. Sản xuất bảng ghi tỉ số điện tử.;4669: Bán buôn chuyên doanh khác chưa được phân vào ",lap top
314398423,CÔNG TY TNHH DIGITAL DRAGONFLY,CÔNG TY TNHH DIGITAL DRAGONFLY,Công ty trách nhiệm hữu hạn một thành viên,"49 đường số 27, Phường Tân Phong, Quận 7, Thành phố Hồ Chí Minh, Việt Nam",Quận 7,"4669: Bán buôn chuyên doanh khác chưa được phân vào đâu-(trừ bán buôn thuốc trừ sâu, hóa chất và phế liệu, phế thải kim loại, phi kim loại tại trụ sở) (trừ bán buôn bình gas, súng, đạn loại dùng đi să",internet
314401612,CÔNG TY TNHH THƯƠNG MẠI DỊCH VỤ PHÚC HƯNG PHÁT,CÔNG TY TNHH THƯƠNG MẠI DỊCH V,Công ty trách nhiệm hữu hạn một thành viên,"793/2A1 Khu phố 4, Đường Trần Xuân Soạn, Phường Tân Hưng, Quận 7, Thành phố Hồ Chí Minh, Việt Nam",Quận 7,"4212: Xây dựng công trình đường bộ-; 4221: Xây dựng công trình điện-; 4222: Xây dựng công trình cấp, thoát nước-; 4223: Xây dựng công trình viễn thông, thông tin liên lạc-; 4229: Xây dựng công trình c",internet
314404518,CÔNG TY TNHH CAFIN,CÔNG TY TNHH CAFIN,Công ty trách nhiệm hữu hạn hai thành viên trở lên,"457/14 - 457/14A Huỳnh Tấn Phát, Phường Tân Thuận Đông, Quận 7, Thành phố Hồ Chí Minh, Việt Nam",Quận 7,"4632: Bán buôn thực phẩm-(không hoạt động tại trụ sở);4649: Bán buôn đồ dùng khác cho gia đình-;4791: Bán lẻ theo yêu cầu đặt hàng qua bưu điện hoặc internet-(trừ bán lẻ bình gas, khí dầu mỏ hóa lỏng ",internet
314440153,CÔNG TY CỔ PHẦN SOUTH SOLAR,CÔNG TY CỔ PHẦN SOUTH SOLAR,Công ty cổ phần,"13 Đường số 8, Khu phố 3, Phường Bình Thuận, Quận 7, Thành phố Hồ Chí Minh, Việt Nam",Quận 7,"3511: Sản xuất điện-(trừ truyền tải , điều độ hệ thống điện quốc gia và xây dựng, vận hành thủy điện đa mục tiêu, điện hạt nhân);4101: Xây dựng nhà để ở-Chi tiết : Thi công xây dựng công  trình dân dụ",internet
314435611,CÔNG TY TNHH SKY MALL,CÔNG TY TNHH SKY MALL,Công ty trách nhiệm hữu hạn hai thành viên trở lên,"R4-28 Hưng gia 3, Phú Mỹ Hưng, Phường Tân Phong, Quận 7, Thành phố Hồ Chí Minh, Việt Nam",Quận 7,4773: Bán lẻ hàng hóa khác mới trong các cửa hàng chuyên doanh-Chi tiết: Thực hiện quyền phân phối bán lẻ (lập cơ sở bán lẻ) các hàng hóa không thuộc danh mục không được phân phối theo quy định của ph,internet
314438556,CÔNG TY TNHH GIẢI PHÁP CÔNG NGHỆ THÔNG TIN HÀNH TINH XANH,CÔNG TY TNHH GIẢI PHÁP CÔNG NG,Công ty trách nhiệm hữu hạn một thành viên,"78/6K Lâm Văn Bền, Phường Tân Thuận Tây, Quận 7, Thành phố Hồ Chí Minh, Việt Nam",Quận 7,"4663: Bán buôn vật liệu, thiết bị lắp đặt khác trong xây dựng-(không hoạt động tại trụ sở);4669: Bán buôn chuyên doanh khác chưa được phân vào đâu-Chi tiết: Bán buôn hàng trang trí nội thất (trừ bán b",vi tinh
314491856,CÔNG TY TNHH XUẤT NHẬP KHẨU BIỂN Á ĐÔNG,CÔNG TY TNHH XUẤT NHẬP KHẨU BI,Công ty trách nhiệm hữu hạn một thành viên,"37 Đường Số 1, Khu Nam Long, Phường Tân Thuận Đông, Quận 7, Thành phố Hồ Chí Minh, Việt Nam",Quận 7,"4663: Bán buôn vật liệu, thiết bị lắp đặt khác trong xây dựng-;4669: Bán buôn chuyên doanh khác chưa được phân vào đâu-(trừ bán buôn bình gas, khí dầu mỏ hóa lỏng LPG, dầu nhớt cặn, vàng miếng, súng, ",internet
314465655,CÔNG TY TNHH I-LINK,CÔNG TY TNHH ILINK,Công ty trách nhiệm hữu hạn một thành viên,"Phòng 105, Tầng 10 Toà Nhà Saigon Paragon, Số 03 Nguyễn Lương Bằng, Phường Tân Phú, Quận 7, Thành phố Hồ Chí Minh, Việt Nam",Quận 7,"6201: Lập trình máy vi tính-Chi tiết: sản xuất và gia công các chương trình phần mềm;6311: Xử lý dữ liệu, cho thuê và các hoạt động liên quan-Chi tiết: dịch vụ khai thác và xử lý dữ liệu trong lĩnh vự",internet
314471592,"CÔNG TY CỔ PHẦN TƯ VẤN, ĐẦU TƯ VÀ THƯƠNG MẠI SINH PHÚC",CÔNG TY CỔ PHẦN TƯ VẤN ĐẦU TƯ ,Công ty cổ phần,"36/11S Phạm Hữu Lầu, Phường Phú Mỹ, Quận 7, Thành phố Hồ Chí Minh, Việt Nam",Quận 7,"4669: Bán buôn chuyên doanh khác chưa được phân vào đâu-Chi tiết : Bán buôn hóa chất dùng trong công nghiệp : hóa chất dùng trong y tế (không hoạt động tại trụ sở). Bán buôn hàng kim khí điện máy, điệ",internet
314465415,CÔNG TY CỔ PHẦN FAMILALA,CÔNG TY CỔ PHẦN FAMILALA,Công ty cổ phần,"số 3.05 khu thương mại - dịch vụ - Officetel, khu chung cư kết hợp Thương mại, văn phòng lô X (Sunrise City - North), 27 Nguyễn Hữu Thọ, Phường Tân Hưng, Quận 7, Thành phố Hồ Chí Minh, Việt Nam",Quận 7,"2012: Sản xuất phân bón và hợp chất ni tơ-(không hoạt động tại trụ sở);2023: Sản xuất mỹ phẩm, xà phòng, chất tẩy rửa, làm bóng và chế phẩm vệ sinh-Chi tiết: sản xuất mỹ phẩm (không hoạt động tại trụ ",internet
314459700,CÔNG TY TNHH TRUNG DŨNG INDECON,CÔNG TY TNHH TRUNG DŨNG INDECO,Công ty trách nhiệm hữu hạn một thành viên,"167/35B Phạm Hữu Lầu , Phường Phú Mỹ, Quận 7, Thành phố Hồ Chí Minh, Việt Nam",Quận 7,"1322: Sản xuất hàng may sẵn (trừ trang phục)-(trừ thuộc da, tẩy, nhuộm, hồ, in trên các sản phẩm vải sợi, dệt, may, đan và gia công hàng đã qua sử dụng tại trụ sở);1329: Sản xuất các loại hàng dệt khá",internet
314469018,CÔNG TY TNHH THƯƠNG MẠI VÀ ĐẦU TƯ VŨ NGUYỄN GIA,CÔNG TY TNHH THƯƠNG MẠI VÀ ĐẦU,Công ty trách nhiệm hữu hạn hai thành viên trở lên,"Số A43 Khu dân cư Tân Thuận Nam, đường Phú Thuận, khu phố 2, Phường Phú Thuận, Quận 7, Thành phố Hồ Chí Minh, Việt Nam",Quận 7,"4662: Bán buôn kim loại và quặng kim loại-(trừ mua bán vàng miếng);4663: Bán buôn vật liệu, thiết bị lắp đặt khác trong xây dựng-;4741: Bán lẻ máy vi tính, thiết bị ngoại vi, phần mềm và thiết bị viễn",internet
314471666,CÔNG TY TNHH ENOW ENGLISH CLUB,CÔNG TY TNHH ENOW ENGLISH CLUB,Công ty trách nhiệm hữu hạn hai thành viên trở lên,"Số 40 Phạm Hữu Lầu, Phường Phú Mỹ, Quận 7, Thành phố Hồ Chí Minh, Việt Nam",Quận 7,4722: Bán lẻ thực phẩm trong các cửa hàng chuyên doanh-(Thực hiện theo Quyết định số 64/2009/QĐ-UBND ngày 31/07/2009 của Ủy ban nhân dân Thành phố Hồ Chí Minh và Quyết định 79/2009/QĐ-UBND ngày 17/10/,internet
314467500,CÔNG TY TNHH NHÀ ĐÔ THỊ REAL,CÔNG TY TNHH NHÀ ĐÔ THỊ REAL,Công ty trách nhiệm hữu hạn một thành viên,"36/21-36/23 đường Phạm Văn Nghị, Phường Tân Phong, Quận 7, Thành phố Hồ Chí Minh, Việt Nam",Quận 7,"6820: Tư vấn, môi giới, đấu giá bất động sản, đấu giá quyền sử dụng đất-chi tiết: tư vấn, môi giới bất động sản; quản lý bất động sản (trừ tư vấn tài chính, kế toán, pháp lý).;6619: Hoạt động hỗ trợ d",internet
314481079,CÔNG TY TNHH THƯƠNG MẠI DỊCH VỤ VÕ PHONG HUY,CÔNG TY TNHH THƯƠNG MẠI DỊCH V,Công ty trách nhiệm hữu hạn một thành viên,"89a Đường số 79, Phường Tân Quy, Quận 7, Thành phố Hồ Chí Minh, Việt Nam",Quận 7,5610: Nhà hàng và các dịch vụ ăn uống phục vụ lưu động-(trừ hoạt động quán bar và quán giải khát có khiêu vũ).;5629: Dịch vụ ăn uống khác-(trừ hoạt động quán bar và quán giải khát có khiêu vũ).;5630: ,internet
314493998,CÔNG TY CỔ PHẦN PHÁT TRIỂN BÁN LẺ NHÀ BÈ,CÔNG TY CỔ PHẦN PHÁT TRIỂN BÁN,Công ty cổ phần,"Số 04, đường Bến Nghé, Phường Tân Thuận Đông, Quận 7, Thành phố Hồ Chí Minh, Việt Nam",Quận 7,"4759: Bán lẻ đồ điện gia dụng, giường, tủ, bàn, ghế và đồ nội thất tương tự, đèn và bộ đèn điện, đồ dùng gia đình khác chưa được phân vào đâu trong các cửa hàng chuyên doanh-Chi tiết: Bán lẻ đồ điện g",internet
314494663,CÔNG TY TNHH PHẦN MỀM QUẢN LÝ QUANG MINH,CÔNG TY TNHH PHẦN MỀM QUẢN LÝ ,Công ty trách nhiệm hữu hạn một thành viên,"58 Đường Số 15, Phường Tân Kiểng, Quận 7, Thành phố Hồ Chí Minh, Việt Nam",Quận 7,"4669: Bán buôn chuyên doanh khác chưa được phân vào đâu-Chi tiết: Bán buôn phụ kiện điện thoại;4719: Bán lẻ khác trong các cửa hàng kinh doanh tổng hợp-Chi tiết: bán lẻ quần áo, giày dép;4741: Bán lẻ ",internet
314508154,CÔNG TY TNHH THƯƠNG MẠI ĐIỆN TỬ AZODA,CÔNG TY TNHH THƯƠNG MẠI ĐIỆN T,Công ty trách nhiệm hữu hạn hai thành viên trở lên,"180 Nguyễn Hữu Thọ, Phường Tân Hưng, Quận 7, Thành phố Hồ Chí Minh, Việt Nam",Quận 7,"4649: Bán buôn đồ dùng khác cho gia đình-Chi tiết: Bán buôn hàng gốm, sứ, thủy tinh. Bán buôn giường, tủ, bàn ghế bằng gỗ, bằng da. Bán buôn đồ điện gia dụng, đèn và bộ đèn điện;4620: Bán buôn nông, l",internet
314503639,CÔNG TY TNHH HATUS ORGANIC,CÔNG TY TNHH HATUS ORGANIC,Công ty trách nhiệm hữu hạn hai thành viên trở lên,"52/41 Đường số 10, Phường Tân Quy, Quận 7, Thành phố Hồ Chí Minh, Việt Nam",Quận 7,"4634: Bán buôn sản phẩm thuốc lá, thuốc lào-;4791: Bán lẻ theo yêu cầu đặt hàng qua bưu điện hoặc internet-(trừ bán lẻ bình gas, khí dầu mỏ hóa lỏng LPG, dầu nhớt cặn, vàng miếng, súng, đạn loại dùng ",internet
314506936,CÔNG TY TNHH TẬP ĐOÀN ĐẦU TƯ THIÊN QUANG,CÔNG TY TNHH TẬP ĐOÀN ĐẦU TƯ T,Công ty trách nhiệm hữu hạn hai thành viên trở lên,"169 Gò Ô Môi, Phường Phú Thuận, Quận 7, Thành phố Hồ Chí Minh, Việt Nam",Quận 7,"2023: Sản xuất mỹ phẩm, xà phòng, chất tẩy rửa, làm bóng và chế phẩm vệ sinh-(trừ sản xuất hóa chất tại trụ sở) (không hoạt động tại trụ sở).;2029: Sản xuất sản phẩm hoá chất khác chưa được phân vào đ",internet
314557994,CÔNG TY TNHH CÔNG NGHỆ MDA,CÔNG TY TNHH CÔNG NGHỆ MDA,Công ty trách nhiệm hữu hạn hai thành viên trở lên,"Số 50/12 Đường số 79, Phường Tân Quy, Quận 7, Thành phố Hồ Chí Minh, Việt Nam",Quận 7,"4741: Bán lẻ máy vi tính, thiết bị ngoại vi, phần mềm và thiết bị viễn thông trong các cửa hàng chuyên doanh-;6110: Hoạt động viễn thông có dây-(trừ cung cấp dịch vụ truy cập, truy nhập internet tại t",internet
314507270,CÔNG TY TNHH INTERNET HUY KHANG,CÔNG TY TNHH INTERNET HUY KHAN,Công ty trách nhiệm hữu hạn một thành viên,"Số 57 đường 37, Phường Tân Quy, Quận 7, Thành phố Hồ Chí Minh, Việt Nam",Quận 7,5629: Dịch vụ ăn uống khác-(trừ hoạt động quán bar và quán giải khát có khiêu vũ);6110: Hoạt động viễn thông có dây-;6312: Cổng thông tin-Chi tiết: Thiết lập trang thông tin điện tử tổng hợp.;Doanh ng,internet
314506728,CÔNG TY CỔ PHẦN CBIS MIỀN NAM,CÔNG TY CỔ PHẦN CBIS MIỀN NAM,Công ty cổ phần,"388 Lê Văn Lương, Phường Tân Hưng, Quận 7, Thành phố Hồ Chí Minh, Việt Nam",Quận 7,"4663: Bán buôn vật liệu, thiết bị lắp đặt khác trong xây dựng-Chi tiết : bán buôn giấy dán tường và phủ sàn; Bán buôn kính phẳng; bán buôn đồ ngũ kim và khóa; bán buôn ống nối, khớp nối và chi tiết lắ",internet
314527238,CÔNG TY TNHH MỘT THÀNH VIÊN BÙI GIA TÍN,CÔNG TY TNHH MỘT THÀNH VIÊN BÙ,Công ty trách nhiệm hữu hạn một thành viên,"435 Lê Văn Lương, Phường Tân Phong, Quận 7, Thành phố Hồ Chí Minh, Việt Nam",Quận 7,"4649: Bán buôn đồ dùng khác cho gia đình-chi tiết: Bán buôn túi xách, đồng hồ, dây nịt, nước hoa, hàng mỹ phẩm, sản phẩm làm đẹp;4651: Bán buôn máy vi tính, thiết bị ngoại vi và phần mềm-chi tiết: Bán",lap top
314508115,CÔNG TY TNHH PHÂN PHỐI ANB,CÔNG TY TNHH PHÂN PHỐI ANB,Công ty trách nhiệm hữu hạn một thành viên,"Số 59/17 đường số 10, Phường Tân Quy, Quận 7, Thành phố Hồ Chí Minh, Việt Nam",Quận 7,"1075: Sản xuất món ăn, thức ăn chế biến sẵn-(không hoạt động tại trụ sở);4632: Bán buôn thực phẩm-(không hoạt động tại trụ sở);5629: Dịch vụ ăn uống khác-Chi tiết: cung cấp dịch vụ ăn uống theo hợp đồ",internet
314524646,CÔNG TY TNHH FOOD KING,CÔNG TY TNHH FOOD KING,Công ty trách nhiệm hữu hạn một thành viên,"Số 3 Lô II, Đường 64, Khu định cư Tân Quy Đông, Phường Tân Phong, Quận 7, Thành phố Hồ Chí Minh, Việt Nam",Quận 7,"4659: Bán buôn máy móc, thiết bị và phụ tùng máy khác-Chi tiết: Bán buôn máy lọc không khí, máy lọc nước; Bán buôn máy móc, thiết bị và phụ tùng máy khác;0111: Trồng lúa-;0112: Trồng ngô và cây lương ",internet
314580055,CÔNG TY TNHH HANVINA GROUP,CÔNG TY TNHH HANVINA GROUP,Công ty trách nhiệm hữu hạn một thành viên,"32L Đường 7L, Khu phố 5, Phường Tân Thuận Tây, Quận 7, Thành phố Hồ Chí Minh, Việt Nam",Quận 7,"4649: Bán buôn đồ dùng khác cho gia đình-Chi tiết: Bán buôn sản phẩm đồ chơi, sản phẩm trò chơi (không kinh doanh đồ chơi có hại cho giáo dục nhân cách, sức khoẻ của trẻ em hoặc ảnh hưởng đến an ninh ",internet
314585631,CÔNG TY TNHH CAPIWORLD,CÔNG TY TNHH CAPIWORLD,Công ty trách nhiệm hữu hạn một thành viên,"57/29 Phạm Thái Bường, khu phố Nam Thiên I, Phường Tân Phong, Quận 7, Thành phố Hồ Chí Minh, Việt Nam",Quận 7,"0111: Trồng lúa-;0112: Trồng ngô và cây lương thực có hạt khác-;0113: Trồng cây lấy củ có chất bột-;0114: Trồng cây mía-;0115: Trồng cây thuốc lá, thuốc lào-;0116: Trồng cây lấy sợi-;0117: Trồng cây c",internet
314534059,CÔNG TY TNHH THP TRANSLATION,CÔNG TY TNHH THP TRANSLATION,Công ty trách nhiệm hữu hạn một thành viên,"Số 37 Đường Nội Khu Hưng Phước 4, Phường Tân Phong, Quận 7, Thành phố Hồ Chí Minh, Việt Nam",Quận 7,5229: Hoạt động dịch vụ hỗ trợ khác liên quan đến vận tải-Chi tiết: hoạt động của các đại lý bán vé máy bay;4721: Bán lẻ lương thực trong các cửa hàng chuyên doanh-chi tiết: bán lẻ lương thực (trừ lúa,internet
314736432,CÔNG TY TNHH GPAY NETWORK VIỆT NAM,CÔNG TY TNHH GPAY NETWORK VIỆT,Công ty trách nhiệm hữu hạn một thành viên,"Tòa nhà Mapletree Business Center, số 1060 Đại lộ Nguyễn Văn Linh , Phường Tân Phong, Quận 7, Thành phố Hồ Chí Minh, Việt Nam",Quận 7,"8219: Photo, chuẩn bị tài liệu và các hoạt động hỗ trợ văn phòng đặc biệt khác-Chi tiết: cung cấp dịch vụ thuê hộp thư thoại và dịch vụ chuyển phát thư khác (trừ quảng cáo thư trực tiếp); Dịch vụ gửi ",internet
314546470,CÔNG TY TNHH SGG VIỆT NAM,CÔNG TY TNHH SGG VIỆT NAM,Công ty trách nhiệm hữu hạn một thành viên,"Số 6-8 Phan Huy Thực, Phường Tân Kiểng, Quận 7, Thành phố Hồ Chí Minh, Việt Nam",Quận 7,"2599: Sản xuất sản phẩm khác bằng kim loại chưa được phân vào đâu-Chi tiết: Sản xuất đồ dùng bằng kim loại cho nhà bếp, nhà vệ sinh và nhà ăn;3100: Sản xuất giường, tủ, bàn, ghế-;4651: Bán buôn máy vi",internet
314728174,CÔNG TY TNHH QC VŨ NGUYÊN,CÔNG TY TNHH QC VŨ NGUYÊN,Công ty trách nhiệm hữu hạn hai thành viên trở lên,"793/28/1/6/1 Trần Xuân Soạn, Phường Tân Hưng, Quận 7, Thành phố Hồ Chí Minh, Việt Nam",Quận 7,"1812: Dịch vụ liên quan đến in-(trừ in - tráng bao bì kim loại, in trên các sản phẩm vải sợi - dệt - may - đan);2023: Sản xuất mỹ phẩm, xà phòng, chất tẩy rửa, làm bóng và chế phẩm vệ sinh-Chi tiết: S",internet
314544755,CÔNG TY TNHH TM DV  RUBY MART,CÔNG TY TNHH TM DV  RUBY MART,Công ty trách nhiệm hữu hạn hai thành viên trở lên,"Số Nhà A12 Đường Hoàng Quốc Việt, Khu Phố 4, Khu Dân Cư Tạ Thị Ngọc Thảo, Phường Phú Thuận, Quận 7, Thành phố Hồ Chí Minh, Việt Nam",Quận 7,"6312: Cổng thông tin-chi tiết: Thiết lập trang thông tin điện tử tổng hợp.;6820: Tư vấn, môi giới, đấu giá bất động sản, đấu giá quyền sử dụng đất-(trừ dịch vụ mang tính pháp lý);7110: Hoạt động kiến ",internet
316638790,CÔNG TY CỔ PHẦN CÔNG NGHỆ AZODA,CÔNG TY CỔ PHẦN CÔNG NGHỆ AZOD,Công ty cổ phần,"180 Nguyễn Hữu Thọ, Phường Tân Hưng, Quận 7, Thành phố Hồ Chí Minh, Việt Nam",Quận 7,4722: Bán lẻ thực phẩm trong các cửa hàng chuyên doanh-(thực hiện theo Quyết định số 64/2009/QĐ-UBND ngày 31/07/2009 và Quyết định số 79/2009/QĐ-UBND ngày 17/10/2009 của Ủy Ban Nhân Dân TP. Hồ Chí Min,internet
316982465,CÔNG TY TNHH TASMANIA (ASEAN),CÔNG TY TNHH TASMANIA ASEAN,Công ty trách nhiệm hữu hạn hai thành viên trở lên,"1/8 đường Gò Ô Môi, Phường Phú Thuận, Quận 7, Thành phố Hồ Chí Minh, Việt Nam",Quận 7,"4690: Bán buôn tổng hợp-Chi tiết: Thực hiện quyền xuất khẩu, quyền nhập khẩu, quyền phân phối bán buôn các hàng hóa theo quy định của pháp luật Việt Nam và các điều ước quốc tế mà Việt Nam là thành vi",internet
314563860,CÔNG TY TNHH SẢN XUẤT THƯƠNG MẠI DỊCH VỤ XUẤT NHẬP KHẨU AN AN,CÔNG TY TNHH SẢN XUẤT THƯƠNG M,Công ty trách nhiệm hữu hạn hai thành viên trở lên,"57/17 Phạm Thái Bường , Phường Tân Phong, Quận 7, Thành phố Hồ Chí Minh, Việt Nam",Quận 7,"2220: Sản xuất sản phẩm từ plastic-(trừ Sản Xuất xốp cách nhiệt sử dụng ga R141b, sử dụng polyol trộn sẵn HCFC-141b);1062: Sản xuất tinh bột và các sản phẩm từ tinh bột-;1071: Sản xuất các loại bánh t",internet
314439694,CÔNG TY CỔ PHẦN PNA,CÔNG TY CỔ PHẦN PNA,Công ty cổ phần,"Số 25 Nguyễn Thị Thập, Phường Tân Hưng, Quận 7, Thành phố Hồ Chí Minh, Việt Nam",Quận 7,2599: Sản xuất sản phẩm khác bằng kim loại chưa được phân vào đâu-Chi tiết: Sản xuất đường ống cơ khí (không hoạt động tại trụ sở);6190: Hoạt động viễn thông khác-Chi tiết: đại lý dịch vụ bưu chính- v,internet
314580866,CÔNG TY TNHH MỘT THÀNH VIÊN THƯƠNG MẠI DỊCH VỤ XUẤT NHẬP KHẨU VIỆT NAM HADA,CÔNG TY TNHH MỘT THÀNH VIÊN TH,Công ty trách nhiệm hữu hạn một thành viên,"10 Đường số 12, Phường Tân Phú, Quận 7, Thành phố Hồ Chí Minh, Việt Nam",Quận 7,"1812: Dịch vụ liên quan đến in-;4669: Bán buôn chuyên doanh khác chưa được phân vào đâu-chi tiết: Bán buôn bao bì các loại, bán buôn túi PP, bán buôn sản phẩm nhựa, nguyên liệu từ nhựa và hạt nhựa tái",internet
314572590,CÔNG TY TNHH SODO VIỆT NAM,CÔNG TY TNHH SODO VIỆT NAM,Công ty trách nhiệm hữu hạn hai thành viên trở lên,"6/62B Trần Văn Khánh, Phường Tân Thuận Đông, Quận 7, Thành phố Hồ Chí Minh, Việt Nam",Quận 7,"5229: Hoạt động dịch vụ hỗ trợ khác liên quan đến vận tải-(Chi tiết: Dịch vụ hỗ trợ khác liên quan đến vận tải chưa được phân vào đâu: giao nhận hàng hóa; dịch vụ thu hộ, chi hộ tiền hàng);4741: Bán l",internet
314596270,CÔNG TY TNHH TRUYỀN THÔNG QUỐC TẾ OCEAN PEARLS,CÔNG TY TNHH TRUYỀN THÔNG QUỐC,Công ty trách nhiệm hữu hạn hai thành viên trở lên,"48/6A Mai Văn Vĩnh, Phường Tân Quy, Quận 7, Thành phố Hồ Chí Minh, Việt Nam",Quận 7,"1811: In ấn-;1812: Dịch vụ liên quan đến in-;5229: Hoạt động dịch vụ hỗ trợ khác liên quan đến vận tải-Chi tiết: Kinh doanh của đại lý bán vé máy bay, vé tàu hỏa, giao nhận hàng hóa. Kinh doanh dịch v",internet
314599793,CÔNG TY CỔ PHẦN DỊCH VỤ VÀ PHÁT TRIỂN KỸ NĂNG XANH,CÔNG TY CỔ PHẦN DỊCH VỤ VÀ PHÁ,Công ty cổ phần,"số A29 đường D5A, KĐC Phú Mỹ, Phường Phú Mỹ, Quận 7, Thành phố Hồ Chí Minh, Việt Nam",Quận 7,"7310: Quảng cáo-;4659: Bán buôn máy móc, thiết bị và phụ tùng máy khác-Chi tiết: Bán buôn vật liệu, máy móc, thiết bị phục vụ công nghiệp, vật tư trang thiết bị bảo hộ lao động. Bán buôn máy móc cơ kh",internet
314603880,CÔNG TY TNHH DỊCH VỤ INTERNET ATC,CÔNG TY TNHH DỊCH VỤ INTERNET ,Công ty trách nhiệm hữu hạn hai thành viên trở lên,"2 Lâm Văn Bền, Phường Tân Kiểng, Quận 7, Thành phố Hồ Chí Minh, Việt Nam",Quận 7,"4791: Bán lẻ theo yêu cầu đặt hàng qua bưu điện hoặc internet-Chi tiết: Bán lẻ đồ gia dụng, áo quần, đồ dùng mẹ và bé, đồ chơ trẻ em, thảm xốp lót sàn,quây củi nhựa cho bé đặt hàng qua internet.; 9620",internet
314612363,CÔNG TY CỔ PHẦN VĂN PHÒNG PHẨM VIỄN LIÊN,CÔNG TY CỔ PHẦN VĂN PHÒNG PHẨM,Công ty cổ phần,"42/2 Huỳnh Tấn Phát, Tổ 12, KP3, Phường Tân Thuận Tây, Quận 7, Thành phố Hồ Chí Minh, Việt Nam",Quận 7,"4649: Bán buôn đồ dùng khác cho gia đình-Chi tiết: Bán buôn sách, báo, tạp chí, văn phòng phẩm, dụng cụ học tập; bán buôn mỹ phẩm và Bán buôn đồ dùng khác cho gia đình (trừ dược phẩm);4659: Bán buôn m",internet
314615861,CÔNG TY CỔ PHẦN TECHLAB,CÔNG TY CỔ PHẦN TECHLAB,Công ty cổ phần,"Tầng 9, Tòa nhà Capital Tower, 06 Nguyễn Khắc Viện, Phường Tân Phú, Quận 7, Thành phố Hồ Chí Minh, Việt Nam",Quận 7,6209: Hoạt động dịch vụ công nghệ thông tin và dịch vụ khác liên quan đến máy vi tính-;6202: Tư vấn máy vi tính và quản trị hệ thống máy vi tính-;2640: Sản xuất sản phẩm điện tử dân dụng-(trừ trò chơi,internet
314617202,CÔNG TY TNHH TƯ VẤN QUẢNG CÁO GOLDENGATE,CÔNG TY TNHH TƯ VẤN QUẢNG CÁO ,Công ty trách nhiệm hữu hạn hai thành viên trở lên,"Phòng 14.03B, Lầu 14, Tòa Nhà IPC, 1489 Nguyễn Văn Linh, Phường Tân Phong, Quận 7, Thành phố Hồ Chí Minh, Việt Nam",Quận 7,"5912: Hoạt động hậu kỳ-(trừ sản xuất phim, phát sóng và không thực hiện các hiệu ứng cháy, nổ; không sử dụng chất nổ, chất cháy, hóa chất làm đạo cụ, dụng cụ thực hiện các chương trình văn nghệ, sự ki",internet
314615484,CÔNG TY TNHH TM PHÁT TRIỂN DỊCH VỤ VÀ ĐẦU TƯ TOÀN PHÁT,CÔNG TY TNHH TM PHÁT TRIỂN DỊC,Công ty trách nhiệm hữu hạn một thành viên,"Số 382 Đào Trí, Khu phố 3, Phường Phú Thuận, Quận 7, Thành phố Hồ Chí Minh, Việt Nam",Quận 7,"4659: Bán buôn máy móc, thiết bị và phụ tùng máy khác-Chi tiết: Bán buôn máy móc, thiết bị và phụ tùng máy khai khoáng, xây dựng. Bán buôn máy móc, thiết bị và phụ tùng máy dệt, may, da giày. Bán buôn",internet
314597348,CÔNG TY CỔ PHẦN KỸ THUẬT CÔNG NGHỆ SMART COIN,CÔNG TY CỔ PHẦN KỸ THUẬT CÔNG ,Công ty cổ phần,"1435 Nguyễn Văn Linh, Mỹ Toàn 2, Phú Mỹ Hưng, Phường Tân Phong, Quận 7, Thành phố Hồ Chí Minh, Việt Nam",Quận 7,"4742: Bán lẻ thiết bị nghe nhìn trong các cửa hàng chuyên doanh-;6110: Hoạt động viễn thông có dây-(trừ cung cấp dịch vụ truy cập, truy nhập internet tại trụ sở).; 6120: Hoạt động viễn thông không dây",internet
314626415,CÔNG TY TNHH PURE HOME,CÔNG TY TNHH PURE HOME,Công ty trách nhiệm hữu hạn một thành viên,"B1-9, Đường Nội Khu 4, Khu phố Mỹ Văn 2, Phường Tân Phú, Quận 7, Thành phố Hồ Chí Minh, Việt Nam",Quận 7,"4791: Bán lẻ theo yêu cầu đặt hàng qua bưu điện hoặc internet-(trừ bán lẻ bình gas, hóa chất, súng, đạn loại dùng đi săn hoặc thể thao và tiền kim khí và thực hiện theo Quyết định 64/2009/QĐ-UBND ngày",internet
314656346,CÔNG TY TNHH ĐIỆN TỬ COOLMAX,CÔNG TY TNHH ĐIỆN TỬ COOLMAX,Công ty trách nhiệm hữu hạn một thành viên,"Tầng 7 Tòa nhà Capital Tower - Số 6 Nguyễn Khắc Viện, Phường Tân Phú, Quận 7, Thành phố Hồ Chí Minh, Việt Nam",Quận 7,"5820: Xuất bản phần mềm-Chi tiết: Sản xuất phần mềm;6190: Hoạt động viễn thông khác-Chi tiết: Cung cấp dịch vụ và giá trị gia tăng trên internet;4651: Bán buôn máy vi tính, thiết bị ngoại vi và phần m",internet
314656829,CÔNG TY TNHH THƯƠNG MẠI DỊCH VỤ CÔNG NGHỆ VINATECH,CÔNG TY TNHH THƯƠNG MẠI DỊCH V,Công ty trách nhiệm hữu hạn một thành viên,"174 Nguyễn Thị Thập, Phường Bình Thuận, Quận 7, Thành phố Hồ Chí Minh, Việt Nam",Quận 7,"4632: Bán buôn thực phẩm-Chi tiết: Bán buôn thủy, hải sản
-Bán buôn thịt và các sản phẩm từ thịt
-Bán buôn rau, quả
-Bán buôn cà phê; Bán buôn đường, sữa và các sản phẩm sữa, bánh kẹo và các sản phẩm ",internet
314616449,CÔNG TY TNHH HAEMIR VIETNAM,CÔNG TY TNHH HAEMIR VIETNAM,Công ty trách nhiệm hữu hạn hai thành viên trở lên,"33/7 đường Số 1, Lý Phục Man, Phường Bình Thuận, Quận 7, Thành phố Hồ Chí Minh, Việt Nam",Quận 7,8299: Hoạt động dịch vụ hỗ trợ kinh doanh khác còn lại chưa được phân vào đâu-Chi tiết: Xuất nhập khẩu những mặt hàng của công ty kinh doanh. (CPC: 622);4632: Bán buôn thực phẩm-Chi tiết: Bán buôn các,internet
314641822,CÔNG TY TNHH MỘT THÀNH VIÊN ỨNG DỤNG THIẾT BỊ CÔNG NGHỆ TOÀN CẦU,CÔNG TY TNHH MỘT THÀNH VIÊN ỨN,Công ty trách nhiệm hữu hạn một thành viên,"R4-52 Hưng Phước 3, Phường Tân Phong, Quận 7, Thành phố Hồ Chí Minh, Việt Nam",Quận 7,"4669: Bán buôn chuyên doanh khác chưa được phân vào đâu-Chi tiết: Bán buôn phụ liệu may mặc và giày dép. Bán buôn, xuất nhập khẩu phân bón, thuốc bảo vệ thực vật (không tồn trữ hóa chất);4649: Bán buô",internet
314506365,CÔNG TY TNHH CNT TECH VIỆT NAM,CÔNG TY TNHH CNT TECH VIỆT NAM,Công ty trách nhiệm hữu hạn một thành viên,"Tầng 2 thuộc Tòa nhà B, Khu vườn Ươm doanh nghiệp tại Lô D1, đường Tân Thuận, khu chế xuất Tân Thuận, Phường Tân Thuận Đông, Quận 7, Thành phố Hồ Chí Minh, Việt Nam",Quận 7,"6201: Lập trình máy vi tính-Chi tiết: Dịch vụ lập trình máy vi tính, thiết kế các phần mềm ứng dụng (CPC: 842);6202: Tư vấn máy vi tính và quản trị hệ thống máy vi tính-Chi tiết: Hoạt động lập và thiế",cntt
314520440,CÔNG TY TNHH XÂY DỰNG CƠ ĐIỆN NAM SÀI GÒN,CÔNG TY TNHH XÂY DỰNG CƠ ĐIỆN ,Công ty trách nhiệm hữu hạn hai thành viên trở lên,"502/55/38 Huỳnh Tấn Phát, Phường Bình Thuận, Quận 7, Thành phố Hồ Chí Minh, Việt Nam",Quận 7,"4662: Bán buôn kim loại và quặng kim loại-(trừ mua bán vàng miếng).;4663: Bán buôn vật liệu, thiết bị lắp đặt khác trong xây dựng-;4741: Bán lẻ máy vi tính, thiết bị ngoại vi, phần mềm và thiết bị viễ",internet
314650457,CÔNG TY TNHH THƯƠNG MẠI DỊCH VỤ VẬN TẢI LÝ NGUYỄN,CÔNG TY TNHH THƯƠNG MẠI DỊCH V,Công ty trách nhiệm hữu hạn một thành viên,"452 Huỳnh Tấn Phát, Phường Bình Thuận, Quận 7, Thành phố Hồ Chí Minh, Việt Nam",Quận 7,"7710: Cho thuê xe có động cơ-chi tiết: cho thuê xe có động cơ, cho thuê xe ô tô, xe có động cơ khác;4652: Bán buôn thiết bị và linh kiện điện tử, viễn thông-chi tiết: Bán buôn sim card điện thoại, thẻ",internet
314518762,CÔNG TY TNHH CUỘC SỐNG TƯƠI ĐẸP 2M&M,CÔNG TY TNHH CUỘC SỐNG TƯƠI ĐẸ,Công ty trách nhiệm hữu hạn một thành viên,"119 Đường Số 10, Khu dân cư Nam Long, Phường Tân Thuận Đông, Quận 7, Thành phố Hồ Chí Minh, Việt Nam",Quận 7,"0118: Trồng rau, đậu các loại và trồng hoa, cây cảnh-;1079: Sản xuất thực phẩm khác chưa được phân vào đâu-;3320: Lắp đặt máy móc và thiết bị công nghiệp-;3700: Thoát nước và xử lý nước thải-;3900: Xử",internet
314624915,CÔNG TY TNHH INDIGENOUS,CÔNG TY TNHH INDIGENOUS,Công ty trách nhiệm hữu hạn hai thành viên trở lên,"02/C10/8 Đường D4, Phường Tân Hưng, Quận 7, Thành phố Hồ Chí Minh, Việt Nam",Quận 7,"7410: Hoạt động thiết kế chuyên dụng-Chi tiết: Thiết kế đồ họa, thiết kế tạo mẫu, thiết kế pa nô, hình ảnh quảng cáo, lô gô, tạp chí, thiết kế website (trừ thiết kế công trình xây dựng).;5911: Hoạt độ",internet
314650129,CÔNG TY TNHH GIẢI PHÁP SỐ EXPRO VIỆT NAM,CÔNG TY TNHH GIẢI PHÁP SỐ EXPR,Công ty trách nhiệm hữu hạn một thành viên,"A54 Khu Nam Long, đường Phú Thuận, Phường Phú Thuận, Quận 7, Thành phố Hồ Chí Minh, Việt Nam",Quận 7,"6201: Lập trình máy vi tính-;6202: Tư vấn máy vi tính và quản trị hệ thống máy vi tính-;6209: Hoạt động dịch vụ công nghệ thông tin và dịch vụ khác liên quan đến máy vi tính-;6311: Xử lý dữ liệu, cho ",internet
314635642,CÔNG TY TNHH WORLD MEDIA & TRADING,CÔNG TY TNHH WORLD MEDIA  TRAD,Công ty trách nhiệm hữu hạn một thành viên,"Số 28 đường Nội khu Hưng Gia 3, Phường Tân Phong, Quận 7, Thành phố Hồ Chí Minh, Việt Nam",Quận 7,"4649: Bán buôn đồ dùng khác cho gia đình-Chi tiết: Bán buôn va li, túi, cặp, túi, ví, hàng da, giả da khác. - Bán buôn nước hoa, hàng mỹ phẩm, Chế phẩm vệ sinh - Bán buôn đồ điện gia dụng, đèn và bộ đ",internet
314636903,CÔNG TY TNHH TRÒ CHƠI ĐIỆN TỬ LÂM NGỌC DƯƠNG,CÔNG TY TNHH TRÒ CHƠI ĐIỆN TỬ ,Công ty trách nhiệm hữu hạn một thành viên,"135 Trần Xuân Soạn, Phường Tân Thuận Tây, Quận 7, Thành phố Hồ Chí Minh, Việt Nam",Quận 7,6190: Hoạt động viễn thông khác-Chi tiết: Hoạt động của các điểm truy cập internet;9329: Hoạt động vui chơi giải trí khác chưa được phân vào đâu-Chi tiết: Kinh doanh trò chơi điện tử (trừ kinh doanh t,internet
314659724,CÔNG TY TNHH MỘT THÀNH VIÊN CÙNG BẾP VIỆT,CÔNG TY TNHH MỘT THÀNH VIÊN CÙ,Công ty trách nhiệm hữu hạn một thành viên,"541 Trần Xuân Soạn, Phường Tân Kiểng, Quận 7, Thành phố Hồ Chí Minh, Việt Nam",Quận 7,5224: Bốc xếp hàng hóa-(Trừ bốc xếp hàng hóa cảng hàng không);5229: Hoạt động dịch vụ hỗ trợ khác liên quan đến vận tải-(Trừ hóa lỏng khí để vận chuyển và hoạt động liên quan đến vận tải đường hàng kh,internet
314686245,CÔNG TY TNHH TM DV VINH PHÚ,CÔNG TY TNHH TM DV VINH PHÚ,Công ty trách nhiệm hữu hạn một thành viên,"Số 37 Đường 37, Phường Tân Quy, Quận 7, Thành phố Hồ Chí Minh, Việt Nam",Quận 7,"4791: Bán lẻ theo yêu cầu đặt hàng qua bưu điện hoặc internet-(trừ bán lẻ bình gas, khí dầu mỏ hóa lỏng LPG, dầu nhớt cặn, vàng miếng, súng, đạn loại dùng đi săn hoặc thể thao và tiền kim khí; trừ bán",internet
314648507,CÔNG TY CỔ PHẦN VIỄN THÔNG HIPT SÀI GÒN,CÔNG TY CỔ PHẦN VIỄN THÔNG HIP,Công ty cổ phần,"11A Nguyễn Đức Cảnh, Khu Phố Grand View , Phường Tân Phong, Quận 7, Thành phố Hồ Chí Minh, Việt Nam",Quận 7,"2610: Sản xuất linh kiện điện tử-Chi tiết: sản xuất phần cứng (không hoạt động tại trụ sở);2731: Sản xuất dây cáp, sợi cáp quang học-Chi tiết: sản xuất cáp quang, cáp đồng, cáp viễn thông tin học (khô",internet
314661138,CÔNG TY TRÁCH NHIỆM HỮU HẠN THƯƠNG MẠI DỊCH VỤ HB-TECH,CÔNG TY TRÁCH NHIỆM HỮU HẠN TH,Công ty trách nhiệm hữu hạn hai thành viên trở lên,"541 Trần Xuân Soạn, Phường Tân Kiểng, Quận 7, Thành phố Hồ Chí Minh, Việt Nam",Quận 7,"6110: Hoạt động viễn thông có dây-(trừ cung cấp dịch vụ truy cập, truy nhập internet tại trụ sở).;6120: Hoạt động viễn thông không dây-(trừ cung cấp dịch vụ truy cập, truy nhập internet tại trụ sở).;6",internet
314672002,CÔNG TY TNHH MỘT THÀNH VIÊN GIẢI TRÍ PHÚ LONG,CÔNG TY TNHH MỘT THÀNH VIÊN GI,Công ty trách nhiệm hữu hạn một thành viên,"80/4A Huỳnh Tấn Phát , Phường Phú Mỹ, Quận 7, Thành phố Hồ Chí Minh, Việt Nam",Quận 7,5221: Hoạt động dịch vụ hỗ trợ trực tiếp cho vận tải đường sắt và đường bộ-chi tiết: dịch vụ giữ xe;5510: Dịch vụ lưu trú ngắn ngày-chi tiết: khách sạn (không hoạt động tại trụ sở);4741: Bán lẻ máy vi,internet
314682466,CÔNG TY TNHH WAKA TRADING,CÔNG TY TNHH WAKA TRADING,Công ty trách nhiệm hữu hạn hai thành viên trở lên,"95 Trần Trọng Cung, Phường Tân Thuận Đông, Quận 7, Thành phố Hồ Chí Minh, Việt Nam",Quận 7,"4791: Bán lẻ theo yêu cầu đặt hàng qua bưu điện hoặc internet-(trừ bán lẻ hóa chất, khí dầu mỏ hóa lỏng LPG, dầu nhớt cặn, vàng miếng, súng, đạn loại dùng đi săn hoặc thể thao và tiền kim khí; Thực hi",internet
314687231,CÔNG TY TNHH MEDCHECK VIỆT NAM,CÔNG TY TNHH MEDCHECK VIỆT NAM,Công ty trách nhiệm hữu hạn một thành viên,"95 Trần Trọng Cung, Phường Tân Thuận Đông, Quận 7, Thành phố Hồ Chí Minh, Việt Nam",Quận 7,"4669: Bán buôn chuyên doanh khác chưa được phân vào đâu-Chi tiết: Bán buôn các vật liệu, trang thiết bị thí nghiệm và sinh phẩm sinh học, hóa chất dùng trong y tế và công nghệ sinh học (không tồn trữ ",internet
314685273,CÔNG TY CỔ PHẦN ĐẦU TƯ SẢN XUẤT THƯƠNG MẠI VÀ DỊCH VỤ PHÁT NAM TIẾN,CÔNG TY CỔ PHẦN ĐẦU TƯ SẢN XUẤ,Công ty cổ phần,"D4-16 Khu dân cư JAMONA, Đường Đào Trí, Phường Phú Thuận, Quận 7, Thành phố Hồ Chí Minh, Việt Nam",Quận 7,"5229: Hoạt động dịch vụ hỗ trợ khác liên quan đến vận tải-Chi tiết: Hoạt động của đại lý làm thủ tục hải quan. Giao nhận hàng hóa xuất nhập khẩu. Thu, phát các chứng từ vận tải và vận đơn.;6619: Hoạt ",internet
314708932,CÔNG TY TNHH THƯƠNG MẠI VÀ DỊCH VỤ BẤT ĐỘNG SẢN BẢO THÀNH,CÔNG TY TNHH THƯƠNG MẠI VÀ DỊC,Công ty trách nhiệm hữu hạn hai thành viên trở lên,"92 Đường số 2, Hưng Gia 5, Phú Mỹ Hưng, Phường Tân Phong, Quận 7, Thành phố Hồ Chí Minh, Việt Nam",Quận 7,"1079: Sản xuất thực phẩm khác chưa được phân vào đâu-Chi tiết: Sản xuất, chế biến các sản phẩm từ tổ yến.;5310: Bưu chính-Chi tiết: hoạt động trong phạm vi nội tỉnh, liên tỉnh;4933: Vận tải hàng hóa b",internet
314700034,CÔNG TY TRÁCH NHIỆM HỮU HẠN THƯƠNG MẠI DỊCH VỤ TÍN NGHĨA AN,CÔNG TY TRÁCH NHIỆM HỮU HẠN TH,Công ty trách nhiệm hữu hạn một thành viên,"176/39 Nguyễn Thị Thập , Phường Bình Thuận, Quận 7, Thành phố Hồ Chí Minh, Việt Nam",Quận 7,"5320: Chuyển phát-;4719: Bán lẻ khác trong các cửa hàng kinh doanh tổng hợp-(trừ bán lẻ bình gas, khí dầu mỏ hóa lỏng LPG, dầu nhớt cặn, vàng miếng, súng, đạn loại dùng đi săn hoặc thể thao và tiền ki",internet
314707689,CÔNG TY TNHH XÂY DỰNG & ĐO ĐẠC MINH HIẾU,CÔNG TY TNHH XÂY DỰNG  ĐO ĐẠC ,Công ty trách nhiệm hữu hạn hai thành viên trở lên,"16B Đường 4F, Phường Tân Thuận Tây, Quận 7, Thành phố Hồ Chí Minh, Việt Nam",Quận 7,"2396: Cắt tạo dáng và hoàn thiện đá-Chi tiết: Chế biến đá ốp lát (không hoạt động tại trụ sở).;0810: Khai thác đá, cát, sỏi, đất sét-(không hoạt động tại trụ sở).;5022: Vận tải hàng hóa đường thuỷ nội",internet
314733128,CÔNG TY TNHH PRIME GAME,CÔNG TY TNHH PRIME GAME,Công ty trách nhiệm hữu hạn hai thành viên trở lên,"847 Huỳnh Tấn Phát, Phường Phú Thuận, Quận 7, Thành phố Hồ Chí Minh, Việt Nam",Quận 7,5610: Nhà hàng và các dịch vụ ăn uống phục vụ lưu động-Chi tiết: Quán ăn;6190: Hoạt động viễn thông khác-Chi tiết: Hoạt động của các điểm truy cập internet; Điểm cung cấp dịch vụ trò chơi điện tử công,internet
314708410,CÔNG TY TNHH ĐINH ĐỨC,CÔNG TY TNHH ĐINH ĐỨC,Công ty trách nhiệm hữu hạn một thành viên,"31/2A Đường Nguyễn Thị Thập, Khu Phố 3, Phường Bình Thuận, Quận 7, Thành phố Hồ Chí Minh, Việt Nam",Quận 7,4933: Vận tải hàng hóa bằng đường bộ-(trừ hóa lỏng khí để vận chuyển);5610: Nhà hàng và các dịch vụ ăn uống phục vụ lưu động-(trừ quán bar và quán giải khát có khiêu vũ);5621: Cung cấp dịch vụ ăn uống,internet
314691358,CÔNG TY TNHH THƯƠNG MẠI VÀ DỊCH VỤ ĐỨC TƯỜNG LAND,CÔNG TY TNHH THƯƠNG MẠI VÀ DỊC,Công ty trách nhiệm hữu hạn hai thành viên trở lên,"1056/53 Huỳnh Tấn Phát, Phường Tân Phú, Quận 7, Thành phố Hồ Chí Minh, Việt Nam",Quận 7,"5629: Dịch vụ ăn uống khác-(trừ kinh doanh quán bar, quán giải khát có khiêu vũ);5621: Cung cấp dịch vụ ăn uống theo hợp đồng không thường xuyên với khách hàng (phục vụ tiệc, hội họp, đám cưới...)-;47",internet
314717831,CÔNG TY TNHH NÔNG NGHIỆP VÀ THỰC PHẨM LAGOM VIỆT NAM,CÔNG TY TNHH NÔNG NGHIỆP VÀ TH,Công ty trách nhiệm hữu hạn một thành viên,"Lô X Số 3.44 Tầng 3 Khu Thương mại - Dịch vụ - Officetel Sunrise City - North Towers - Số 27 Nguyễn Hữu Thọ, Phường Tân Hưng, Quận 7, Thành phố Hồ Chí Minh, Việt Nam",Quận 7,"1010: Chế biến, bảo quản thịt và các sản phẩm từ thịt-(không hoạt động tại trụ sở);1020: Chế biến, bảo quản thuỷ sản và các sản phẩm từ thuỷ sản-;1030: Chế biến và bảo quản rau quả-;1061: Xay xát và s",internet
314695289,CÔNG TY TNHH  THƯƠNG MẠI VÀ PHÂN PHỐI TOÀN CẦU QUEEN,CÔNG TY TNHH  THƯƠNG MẠI VÀ PH,Công ty trách nhiệm hữu hạn một thành viên,"27 Hưng Gia 1, Phú Mỹ Hưng, Phường Tân Phong, Quận 7, Thành phố Hồ Chí Minh, Việt Nam",Quận 7,"4651: Bán buôn máy vi tính, thiết bị ngoại vi và phần mềm-;4722: Bán lẻ thực phẩm trong các cửa hàng chuyên doanh-Chi tiết: Bán lẻ đường, sữa và các sản phẩm sữa, bánh kẹo và các sản phẩm chế biến từ ",internet
314723313,CÔNG TY TNHH THƯƠNG MẠI SMILE PUZZLE,CÔNG TY TNHH THƯƠNG MẠI SMILE ,Công ty trách nhiệm hữu hạn một thành viên,"404/8 Đường Tân Phú, Khu Phố Nam Đô, Phường Tân Phú, Quận 7, Thành phố Hồ Chí Minh, Việt Nam",Quận 7,"4772: Bán lẻ thuốc, dụng cụ y tế, mỹ phẩm và vật phẩm vệ sinh trong các cửa hàng chuyên doanh-; 4781: Bán lẻ lương thực, thực phẩm, đồ uống, thuốc lá, thuốc lào lưu động hoặc tại chợ-(Thực hiện theo q",internet
314747089,CÔNG TY TNHH HÀNH TINH XANH TRADING,CÔNG TY TNHH HÀNH TINH XANH TR,Công ty trách nhiệm hữu hạn hai thành viên trở lên,"251 Nguyễn Thị Thập, Phường Tân Phú, Quận 7, Thành phố Hồ Chí Minh, Việt Nam",Quận 7,4721: Bán lẻ lương thực trong các cửa hàng chuyên doanh-(Thực hiện theo quyết định 64/2009/QĐ-UBND ngày 31/7/2009 và quyết định 79/2009/QĐ-UBND ngày 17/10/2009 của Ủy Ban nhân dân TP. Hồ Chí Minh về p,internet
314698459,CÔNG TY CỔ PHẦN M FINTECH,CÔNG TY CỔ PHẦN M FINTECH,Công ty cổ phần,"Phòng 1703, Tầng 17 Tòa Nhà Mapletree Business Center, Số 1060 Nguyễn Văn Linh, Phường Tân Phong, Quận 7, Thành phố Hồ Chí Minh, Việt Nam",Quận 7,"1811: In ấn-;1812: Dịch vụ liên quan đến in-;4761: Bán lẻ sách, báo, tạp chí văn phòng phẩm trong các cửa hàng chuyên doanh-(có nội dung được phép lưu hành);4762: Bán lẻ băng đĩa âm thanh, hình ảnh (k",internet
314709541,CÔNG TY TNHH THƯƠNG MẠI MTV SÀI GÒN,CÔNG TY TNHH THƯƠNG MẠI MTV SÀ,Công ty trách nhiệm hữu hạn một thành viên,"B73 Đường Phú Thuận, Khu Dân Cư Nam Long, Phường Phú Thuận, Quận 7, Thành phố Hồ Chí Minh, Việt Nam",Quận 7,4722: Bán lẻ thực phẩm trong các cửa hàng chuyên doanh-(Thực hiện theo Quyết định số 64/2009/QÐ-UBND ngày 31/07/2009 và Quyết định số 79/2009/QÐ-UBND ngày 17/10/2009 của Ủy Ban Nhân Dân Tp. Hồ Chí Min,internet
314742813,CÔNG TY TNHH ĐẦU TƯ KINH DOANH SONG AN,CÔNG TY TNHH ĐẦU TƯ KINH DOANH,Công ty trách nhiệm hữu hạn hai thành viên trở lên,"Văn Phòng I2, Tầng 9, Số 15 Đường Nguyễn Lương Bằng, Phường Tân Phú, Quận 7, Thành phố Hồ Chí Minh, Việt Nam",Quận 7,"1010: Chế biến, bảo quản thịt và các sản phẩm từ thịt-(Không hoạt động tại trụ sở);1020: Chế biến, bảo quản thuỷ sản và các sản phẩm từ thuỷ sản-(Không hoạt động tại trụ sở);1030: Chế biến và bảo quản",internet
314735943,CÔNG TY CỔ PHẦN GIẢI TRÍ VÀ TRUYỀN THÔNG ARTISTS,CÔNG TY CỔ PHẦN GIẢI TRÍ VÀ TR,Công ty cổ phần,"Số 1 Lô B3 - Khu dân cư Kim Sơn, Đường Nguyễn Hữu Thọ, Phường Tân Phong, Quận 7, Thành phố Hồ Chí Minh, Việt Nam",Quận 7,"1811: In ấn-(trừ in tráng bao bì kim loại, in trên các sản phẩm vải sợi, dệt, may, đan tại trụ sở);1812: Dịch vụ liên quan đến in-;1820: Sao chép bản ghi các loại-(trừ các loại Nhà nước cấm);4741: Bán",internet
314719701,CÔNG TY TNHH TACA FOODS,CÔNG TY TNHH TACA FOODS,Công ty trách nhiệm hữu hạn một thành viên,"X-3.05 Sunrise City North, Số 27 Nguyễn Hữu Thọ, Phường Tân Hưng, Quận 7, Thành phố Hồ Chí Minh, Việt Nam",Quận 7,"2012: Sản xuất phân bón và hợp chất ni tơ-(không hoạt động tại trụ sở);2023: Sản xuất mỹ phẩm, xà phòng, chất tẩy rửa, làm bóng và chế phẩm vệ sinh-Chi tiết: Sản xuất mỹ phẩm (không hoạt động tại trụ ",internet
314730896,CÔNG TY TNHH DỊCH VỤ & GIẢI PHÁP PHẦN MỀM THÀNH PHÚ,CÔNG TY TNHH DỊCH VỤ  GIẢI PHÁ,Công ty trách nhiệm hữu hạn hai thành viên trở lên,"81/5 Đường số 14A Khu Cư Xá Ngân Hàng , Phường Tân Thuận Tây, Quận 7, Thành phố Hồ Chí Minh, Việt Nam",Quận 7,5820: Xuất bản phần mềm-Chi tiết: Sản xuất phần mềm;6201: Lập trình máy vi tính-;6202: Tư vấn máy vi tính và quản trị hệ thống máy vi tính-;6209: Hoạt động dịch vụ công nghệ thông tin và dịch vụ khác ,internet
314775103,CÔNG TY TNHH SEOULAIR,CÔNG TY TNHH SEOULAIR,Công ty trách nhiệm hữu hạn hai thành viên trở lên,"428  Phạm Thái Bường, Phường Tân Phong, Quận 7, Thành phố Hồ Chí Minh, Việt Nam",Quận 7,"4751: Bán lẻ vải, len, sợi, chỉ khâu và hàng dệt khác trong các cửa hàng chuyên doanh-(CPC 632); 4752: Bán lẻ đồ ngũ kim, sơn, kính và thiết bị lắp đặt khác trong xây dựng trong các cửa hàng chuyên do",internet
314762263,CÔNG TY TNHH MODISER,CÔNG TY TNHH MODISER,Công ty trách nhiệm hữu hạn hai thành viên trở lên,"1005/48A Trần Xuân Soạn, Phường Tân Hưng, Quận 7, Thành phố Hồ Chí Minh, Việt Nam",Quận 7,"8292: Dịch vụ đóng gói-(trừ đóng gói thuốc bảo vệ thực vật);4620: Bán buôn nông, lâm sản nguyên liệu (trừ gỗ, tre, nứa) và động vật sống-(không hoạt động tại trụ sở);4632: Bán buôn thực phẩm-Chi tiết:",internet
314768988,CÔNG TY TNHH MỸ PHẨM QUỲNH LUXURIOUS,CÔNG TY TNHH MỸ PHẨM QUỲNH LUX,Công ty trách nhiệm hữu hạn một thành viên,"27 Nguyễn Hữu Thọ, Phường Tân Hưng, Quận 7, Thành phố Hồ Chí Minh, Việt Nam",Quận 7,"7020: Hoạt động tư vấn quản lý-(trừ tư vấn tài chính, kế toán, pháp luật);4791: Bán lẻ theo yêu cầu đặt hàng qua bưu điện hoặc internet-(trừ bán lẻ bình gas, khí dầu mỏ hóa lỏng LPG, dầu nhớt cặn, vàn",internet
314774935,CÔNG TY TNHH TẮM HƠI VÀ MASSAGE NAM ANH PHÁT,CÔNG TY TNHH TẮM HƠI VÀ MASSAG,Công ty trách nhiệm hữu hạn một thành viên,"416 Nguyễn Thị Thập, Phường Tân Quy, Quận 7, Thành phố Hồ Chí Minh, Việt Nam",Quận 7,"0118: Trồng rau, đậu các loại và trồng hoa, cây cảnh-;0130: Nhân và chăm sóc cây giống nông nghiệp-;0161: Hoạt động dịch vụ trồng trọt-(trừ hoạt động dịch vụ bảo vệ thực vật);0164: Xử lý hạt giống để ",internet
314764302,CÔNG TY TNHH TRÒ CHƠI GIẢI TRÍ SỐ 9,CÔNG TY TNHH TRÒ CHƠI GIẢI TRÍ,Công ty trách nhiệm hữu hạn một thành viên,"37/14C Đường Trần Xuân Soạn, Khu phố 5, Phường Tân Hưng, Quận 7, Thành phố Hồ Chí Minh, Việt Nam",Quận 7,"5629: Dịch vụ ăn uống khác-;5630: Dịch vụ phục vụ đồ uống-( trừ quán bar ,quán giải khát có khiêu vũ );6190: Hoạt động viễn thông khác-Chi tiết : Hoạt động của điểm truy cập internet; Cung cấp dịch vụ",internet
315462417,CÔNG TY TNHH MODNI,CÔNG TY TNHH MODNI,Công ty trách nhiệm hữu hạn một thành viên,"Phòng 4.25, Tầng 4, Trung tâm Thương mại Thiên Sơn, 800 Nguyễn Văn Linh, Phường Tân Phú, Quận 7, Thành phố Hồ Chí Minh, Việt Nam",Quận 7,"4659: Bán buôn máy móc, thiết bị và phụ tùng máy khác-Chi tiết: Thực hiện quyền xuất khẩu, quyền nhập khẩu, quyền phân phối bán buôn các hàng hóa không thuộc danh mục hàng hóa cấm xuất khẩu, cấm nhập ",internet
315412913,CÔNG TY CỔ PHẦN ĐẦU TƯ VIVIENNE,CÔNG TY CỔ PHẦN ĐẦU TƯ VIVIENN,Công ty cổ phần,"482 – 484 Đường Phạm Thái Bường , Phường Tân Phong, Quận 7, Thành phố Hồ Chí Minh, Việt Nam",Quận 7,"6399: Dịch vụ thông tin khác chưa được phân vào đâu-(trừ dịch vụ cắt xén thông tin, báo chí);6619: Hoạt động hỗ trợ dịch vụ tài chính chưa được phân vào đâu-chi tiết: Hoạt động tư vấn đầu tư (trừ tư v",internet
314768508,CÔNG TY TNHH JBS INVESTMENT,CÔNG TY TNHH JBS INVESTMENT,Công ty trách nhiệm hữu hạn hai thành viên trở lên,"108-110 Nam Long 1, đường Hà Huy Tập, Phường Tân Phong, Quận 7, Thành phố Hồ Chí Minh, Việt Nam",Quận 7,"5210: Kho bãi và lưu giữ hàng hóa-Chi tiết: Lưu giữ hàng hóa (không kinh doanh bất động sản) (CPC: 742);4663: Bán buôn vật liệu, thiết bị lắp đặt khác trong xây dựng-Chi tiết: Bán buôn tre, nứa, gỗ câ",internet
316135229,CÔNG TY CỔ PHẦN THƯƠNG MẠI DỊCH VỤ BẤT ĐỘNG SẢN ACBLAND,CÔNG TY CỔ PHẦN THƯƠNG MẠI DỊC,Công ty cổ phần,"B1-37 Mỹ Phú 3A, Phú Mỹ Hưng, Phường Tân Phú, Quận 7, Thành phố Hồ Chí Minh, Việt Nam",Quận 7,"6820: Tư vấn, môi giới, đấu giá bất động sản, đấu giá quyền sử dụng đất-Chi tiết: Tư vấn, môi giới, quản lý bất động sản; sàn giao dịch bất động sản;1079: Sản xuất thực phẩm khác chưa được phân vào đâ",internet
316216693,CÔNG TY TNHH THƯƠNG MẠI VÀ ĐẦU TƯ TBA,CÔNG TY TNHH THƯƠNG MẠI VÀ ĐẦU,Công ty trách nhiệm hữu hạn một thành viên,"Số 37 Block B Tầng trệt Florita Him Lam, Số 83 Đường D4, Phường Tân Hưng, Quận 7, Thành phố Hồ Chí Minh, Việt Nam",Quận 7,"6810: Kinh doanh bất động sản, quyền sử dụng đất thuộc chủ sở hữu, chủ sử dụng hoặc đi thuê-Chi tiết: Kinh doanh bất động sản; Cho thuê nhà ở, văn phòng, kho xưởng, nhà phục vụ các mục đích kinh doanh",internet
316912764,CÔNG TY TNHH THREE JAY'S,CÔNG TY TNHH THREE JAYS,Công ty trách nhiệm hữu hạn hai thành viên trở lên,"51E1 Đường 48, Khu Dân Cư Tân Quy Đông, Phường Tân Phong, Quận 7, Thành phố Hồ Chí Minh, Việt Nam",Quận 7,"4641: Bán buôn vải, hàng may mặc, giày dép-Chi tiết: Bán buôn, xuất nhập khẩu vải, hàng may mặc, giày dép (CPC 622); 4649: Bán buôn đồ dùng khác cho gia đình-Chi tiết: Bán buôn, xuất nhập khẩu đồ dùng",internet
314795188,CÔNG TY CỔ PHẦN DỊCH VỤ TÍCH HỢP NGA,CÔNG TY CỔ PHẦN DỊCH VỤ TÍCH H,Công ty cổ phần,"1455 Nguyễn Văn Linh, Khu Phố Mỹ Toàn 1-H3 , Phường Tân Phong, Quận 7, Thành phố Hồ Chí Minh, Việt Nam",Quận 7,"2610: Sản xuất linh kiện điện tử-;2620: Sản xuất máy vi tính và thiết bị ngoại vi của máy vi tính-;2630: Sản xuất thiết bị truyền thông-;2640: Sản xuất sản phẩm điện tử dân dụng-;2710: Sản xuất mô tơ,",internet
1101846094,CÔNG TY TNHH XUẤT NHẬP KHẨU KHAI SÁNG,CÔNG TY TNHH XUẤT NHẬP KHẨU KH,Công ty trách nhiệm hữu hạn hai thành viên trở lên,"11/8 Nguyễn Văn Quỳ, Phường Phú Thuận, Quận 7, Thành phố Hồ Chí Minh, Việt Nam",Quận 7,"8560: Dịch vụ hỗ trợ giáo dục-Chi tiết: Tư vấn du học;8219: Photo, chuẩn bị tài liệu và các hoạt động hỗ trợ văn phòng đặc biệt khác-Chi tiết: Photo, chuẩn bị tài liệu;5229: Hoạt động dịch vụ hỗ trợ k",internet
314779997,CÔNG TY TNHH THƯƠNG MẠI - DỊCH VỤ HVN NETWORKS,CÔNG TY TNHH THƯƠNG MẠI  DỊCH ,Công ty trách nhiệm hữu hạn một thành viên,"326/1 Nguyễn Văn Linh, Phường Bình Thuận, Quận 7, Thành phố Hồ Chí Minh, Việt Nam",Quận 7,"4649: Bán buôn đồ dùng khác cho gia đình-(trừ dược phẩm) (CPC: 622); 4651: Bán buôn máy vi tính, thiết bị ngoại vi và phần mềm-(CPC: 622); 4652: Bán buôn thiết bị và linh kiện điện tử, viễn thông-(CPC",network
314795438,CÔNG TY TNHH AKUTIS VIETNAM,CÔNG TY TNHH AKUTIS VIETNAM,Công ty trách nhiệm hữu hạn hai thành viên trở lên,"Số 36, Đường số 14, Phường Tân Hưng, Quận 7, Thành phố Hồ Chí Minh, Việt Nam",Quận 7,"2023: Sản xuất mỹ phẩm, xà phòng, chất tẩy rửa, làm bóng và chế phẩm vệ sinh-(trừ sản xuất và tồn trữ hóa chất);1079: Sản xuất thực phẩm khác chưa được phân vào đâu-Chi tiết: sản xuất thực phẩm chức n",internet
108036040,CÔNG TY CỔ PHẦN AHA HOMECARE,CÔNG TY CỔ PHẦN AHA HOMECARE,Công ty cổ phần,"Số 44 Đường số 1, Khu phố 2, Phường Tân Phú, Quận 7, Thành phố Hồ Chí Minh, Việt Nam",Quận 7,"9000: Hoạt động sáng tác, nghệ thuật và giải trí-Chi tiết: Hoạt động biểu diễn ca múa nhạc; Hoạt động biểu diễn nghệ thuật; Hoạt động sáng tác bài hát (trừ kinh doanh vũ trường, phòng trà ca nhạc và k",internet
314588537,CÔNG TY CỔ PHẦN NÔNG TRẠI SẠCH THANH ĐỨC,CÔNG TY CỔ PHẦN NÔNG TRẠI SẠCH,Công ty cổ phần,"18 đường 48, Khu Tân Quy Đông, Phường Tân Phong, Quận 7, Thành phố Hồ Chí Minh, Việt Nam",Quận 7,4722: Bán lẻ thực phẩm trong các cửa hàng chuyên doanh-(Thực hiện theo Quyết định 64/2009/QĐ-UBND ngày 31/07/2009 và Quyết định 79/2009/QĐ-UBND ngày 17/10/2009 của Ủy ban nhân dân Thành phố Hồ Chí Min,internet
314590293,CÔNG TY TNHH TƯ VẤN MKG,CÔNG TY TNHH TƯ VẤN MKG,Công ty trách nhiệm hữu hạn một thành viên,"16 Đường 67, Phường Tân Quy, Quận 7, Thành phố Hồ Chí Minh, Việt Nam",Quận 7,"4610: Đại lý, môi giới, đấu giá-;4791: Bán lẻ theo yêu cầu đặt hàng qua bưu điện hoặc internet-(Thực hiện theo Quyết định số 64/2009/QĐ-UBND ngày 31/07/2009 của Ủy ban nhân dân Thành phố Hồ Chí Minh v",internet
314295160,CÔNG TY TNHH ĐẦU TƯ THƯƠNG MẠI VÀ KINH DOANH DỊCH VỤ ĐỨC VIỆT,CÔNG TY TNHH ĐẦU TƯ THƯƠNG MẠI,Công ty trách nhiệm hữu hạn một thành viên,"12-09 Golden King, Số 15 Nguyễn Lương Bằng, Phường Tân Phú, Quận 7, Thành phố Hồ Chí Minh, Việt Nam",Quận 7,4933: Vận tải hàng hóa bằng đường bộ-Chi tiết: Vận tải hàng hóa bằng xe ô tô (Điều 9 nghị định 10/2020/NĐ-CP ngày 17 tháng 01 năm 2020 về kinh doanh và điều kiện kinh doanh vận tải bằng xe ô tô);5021:,internet
314615607,CÔNG TY CỔ PHẦN ĐẦU TƯ PHÁT TRIỂN CÔNG NGHỆ VÀ TRUYỀN THÔNG NILE,CÔNG TY CỔ PHẦN ĐẦU TƯ PHÁT TR,Công ty cổ phần,"115/55B Tổ 19A, Khu phố 2, đường Phạm Hữu Lầu, Phường Phú Mỹ, Quận 7, Thành phố Hồ Chí Minh, Việt Nam",Quận 7,"2640: Sản xuất sản phẩm điện tử dân dụng-;5911: Hoạt động sản xuất phim điện ảnh, phim video và chương trình truyền hình-Chi tiết: Hoạt động sản xuất chương trình truyền hình (trừ sản xuất phim, phát ",internet
314694729,CÔNG TY TNHH THƯƠNG MẠI DỊCH VỤ KỸ THUẬT ĐỨC CHÍNH,CÔNG TY TNHH THƯƠNG MẠI DỊCH V,Công ty trách nhiệm hữu hạn một thành viên,"B2 Khu dân cư Kim Sơn, Đường Nguyễn Hữu Thọ, Phường Tân Phong, Quận 7, Thành phố Hồ Chí Minh, Việt Nam",Quận 7,"7730: Cho thuê máy móc, thiết bị và đồ dùng hữu hình khác-Chi tiết: Cho thuê máy móc, thiết bị văn phòng (kể cả máy vi tính) (trừ kinh doanh đại lý cung cấp dịch vụ truy cập internet tại trụ sở); Cho ",internet
314711413,CÔNG TY TNHH TƯỜNG VI FLORIST,CÔNG TY TNHH TƯỜNG VI FLORIST,Công ty trách nhiệm hữu hạn hai thành viên trở lên,"199 Đường Trần Xuân Soạn, Khu phố 4, Phường Tân Thuận Tây, Quận 7, Thành phố Hồ Chí Minh, Việt Nam",Quận 7,"4789: Bán lẻ hàng hóa khác lưu động hoặc tại chợ-Chi tiết: Bán lẻ hoa tươi, cây kiểng (thực hiện theo quyết định 64/2009/QĐ-UBND ngày 31/07/2009 và quyết định  số 79/2009/QĐ-UBND ngày 17/10/2009 của Ủ",internet
314450401,CÔNG TY TRÁCH NHIỆM HỮU HẠN THƯƠNG MẠI DỊCH VỤ NAM PHONG TSC,CÔNG TY TRÁCH NHIỆM HỮU HẠN TH,Công ty trách nhiệm hữu hạn hai thành viên trở lên,"144 đường số 53, Phường Tân Quy, Quận 7, Thành phố Hồ Chí Minh, Việt Nam",Quận 7,"3314: Sửa chữa thiết bị điện-;4653: Bán buôn máy móc, thiết bị và phụ tùng máy nông nghiệp-;4649: Bán buôn đồ dùng khác cho gia đình-Chi tiết: Bán buôn thiết bị, dụng cụ giáo dục, đồ chơi trẻ em (khôn",internet
314723867,CÔNG TY TNHH BIZNEX,CÔNG TY TNHH BIZNEX,Công ty trách nhiệm hữu hạn hai thành viên trở lên,"08 Lê Văn Thiêm, Phường Tân Phong, Quận 7, Thành phố Hồ Chí Minh, Việt Nam",Quận 7,"4610: Đại lý, môi giới, đấu giá-Chi tiết: Đại lý ký gởi và phân phối hàng hóa, môi giới mua bán hàng hóa; Đại lý. Môi giới (trừ môi giới bất động sản);4773: Bán lẻ hàng hóa khác mới trong các cửa hàng",internet
314491207,CÔNG TY TNHH MỘT THÀNH VIÊN SOUL RETREATS,CÔNG TY TNHH MỘT THÀNH VIÊN SO,Công ty trách nhiệm hữu hạn một thành viên,"Số 22 Đường P, Khu The Panorama-CN5, Phường Tân Phong, Quận 7, Thành phố Hồ Chí Minh, Việt Nam",Quận 7,"4773: Bán lẻ hàng hóa khác mới trong các cửa hàng chuyên doanh-Chi tiết: Bán lẻ hàng lưu niệm; 8230: Tổ chức giới thiệu và xúc tiến thương mại-(không thực hiện các hiệu ứng cháy, nổ; không sử dụng chấ",internet
314516765,CÔNG TY CỔ PHẦN JAPAN DRUG STORE,CÔNG TY CỔ PHẦN JAPAN DRUG STO,Công ty cổ phần,"Số 58M Hoàng Quốc Việt, Phường Phú Mỹ, Quận 7, Thành phố Hồ Chí Minh, Việt Nam",Quận 7,"4632: Bán buôn thực phẩm-Chi tiết: Bán buôn thịt và các sản phẩm từ thịt, thủy sản, rau quả, chè (không hoạt động tại trụ sở) Bán buôn cà phê, sữa và các sản phẩm sữa, bánh kẹo và các sản phẩm chế biế",internet
314520465,CÔNG TY TNHH MỘT THÀNH VIÊN GIẢI TRÍ IONIA,CÔNG TY TNHH MỘT THÀNH VIÊN GI,Công ty trách nhiệm hữu hạn một thành viên,"Lô 6F-01 & 6F-03 Trung tâm thương mại Dịch vụ Crescent Mall, Khu A Đô thị Phú Mỹ Hưng, 101 Tôn Dật Tiên , Phường Tân Phú, Quận 7, Thành phố Hồ Chí Minh, Việt Nam",Quận 7,"4719: Bán lẻ khác trong các cửa hàng kinh doanh tổng hợp-(trừ bán lẻ bình gas, khí dầu mỏ hóa lỏng LPG, dầu nhớt cặn, vàng miếng, súng, đạn loại dùng đi săn hoặc thể thao và tiền kim khí; trừ bán lẻ h",internet
314537973,CÔNG TY TNHH VK LIFE,CÔNG TY TNHH VK LIFE,Công ty trách nhiệm hữu hạn một thành viên,"R4-75, R4-76 Đường Nội Ô Khu Hưng Gia 4, Phú Mỹ Hưng, Phường Tân Phong, Quận 7, Thành phố Hồ Chí Minh, Việt Nam",Quận 7,"9512: Sửa chữa thiết bị liên lạc-Chi tiết: Sữa chửa, bảo dưỡng thiết bị liên lạc (trừ gia công cơ khí, tái chế phế thải, xi mạ điện tại trụ sở).;1071: Sản xuất các loại bánh từ bột-(trừ sản xuất chế b",internet
314788007,CÔNG TY TNHH SHI SOLUTION,CÔNG TY TNHH SHI SOLUTION,Công ty trách nhiệm hữu hạn hai thành viên trở lên,"Phòng 413, Lầu 4, Tòa nhà Thiên Sơn Plaza, Số 800 Đường Nguyễn Văn Linh, Phường Tân Phú, Quận 7, Thành phố Hồ Chí Minh, Việt Nam",Quận 7,"4649: Bán buôn đồ dùng khác cho gia đình-Chi tiết: Thực hiện quyền xuất khẩu, quyền nhập khẩu, quyền phân phối bán buôn các mặt hàng không thuộc danh mục cấm xuất khẩu, nhập khẩu và danh mục hàng hóa ",internet
314790140,CÔNG TY TNHH OLALA MEDIA,CÔNG TY TNHH OLALA MEDIA,Công ty trách nhiệm hữu hạn hai thành viên trở lên,"6M Đường 9M, Khu Phố 5, Phường Tân Thuận Tây, Quận 7, Thành phố Hồ Chí Minh, Việt Nam",Quận 7,7310: Quảng cáo-;7320: Nghiên cứu thị trường và thăm dò dư luận-;7830: Cung ứng và quản lý nguồn lao động-Chi tiết: Cung ứng và quản lý nguồn lao động trong nước (trừ cho thuê lại lao động).; 8230: Tổ,internet
314727237,CÔNG TY TNHH MỘT THÀNH VIÊN XUẤT NHẬP KHẨU NÔNG LÂM THỦY SẢN NGỌC TÀI,CÔNG TY TNHH MỘT THÀNH VIÊN XU,Công ty trách nhiệm hữu hạn một thành viên,"92 Đường 28, Khu dân cư Tân Quy Đông, Phường Tân Phong, Quận 7, Thành phố Hồ Chí Minh, Việt Nam",Quận 7,"1020: Chế biến, bảo quản thuỷ sản và các sản phẩm từ thuỷ sản-;5022: Vận tải hàng hóa đường thuỷ nội địa-;4669: Bán buôn chuyên doanh khác chưa được phân vào đâu-Chi tiết: Bán buôn hóa chất sử dụng tr",internet
314732484,CÔNG TY TNHH ĐẦU TƯ THƯƠNG MẠI TÂM HẠNH,CÔNG TY TNHH ĐẦU TƯ THƯƠNG MẠI,Công ty trách nhiệm hữu hạn một thành viên,"162 Đường số 1, Phường Tân Kiểng, Quận 7, Thành phố Hồ Chí Minh, Việt Nam",Quận 7,"4722: Bán lẻ thực phẩm trong các cửa hàng chuyên doanh-Chi tiết: Bán lẻ thực phẩm, tôm, cua, cá, ốc, mực, bạch tuộc, thủy hải sản, đồ khô hải sản, thịt và các sản phẩm từ thịt, bò, gà, heo; bán lẻ cà ",internet
314745469,CÔNG TY CỔ PHẦN DỊCH VỤ KỸ THUẬT CÔNG NGHỆ VIỆT PHONG,CÔNG TY CỔ PHẦN DỊCH VỤ KỸ THU,Công ty cổ phần,"69 đường số 43, khu phố 2, Phường Tân Phong, Quận 7, Thành phố Hồ Chí Minh, Việt Nam",Quận 7,"4669: Bán buôn chuyên doanh khác chưa được phân vào đâu-(trừ bán buôn bình gas, khí dầu mỏ hóa lỏng LPG, dầu nhớt cặn, vàng miếng, súng, đạn loại dùng đi săn hoặc thể thao và tiền kim khí; trừ bán buô",internet
314817152,CÔNG TY TNHH IN NGUYÊN BẢO,CÔNG TY TNHH IN NGUYÊN BẢO,Công ty trách nhiệm hữu hạn một thành viên,"Số 498/6 Đường Huỳnh Tấn Phát, Phường Bình Thuận, Quận 7, Thành phố Hồ Chí Minh, Việt Nam",Quận 7,"1811: In ấn-(trừ in tráng bao bì kim loại, in trên các sản phẩm vải sợi, dệt, may, đan tại trụ sở);1812: Dịch vụ liên quan đến in-;7310: Quảng cáo-;7410: Hoạt động thiết kế chuyên dụng-(trừ thiết kế x",internet
314825019,CÔNG TY TNHH VINAQUICK,CÔNG TY TNHH VINAQUICK,Công ty trách nhiệm hữu hạn một thành viên,"212 Nguyễn Văn Linh, Phường Tân Thuận Tây, Quận 7, Thành phố Hồ Chí Minh, Việt Nam",Quận 7,"4791: Bán lẻ theo yêu cầu đặt hàng qua bưu điện hoặc internet-(trừ bán lẻ bình gas, súng, đạn loại dùng đi săn hoặc thể thao, tiền kim khí và mua bán vàng miếng; thực hiện theo Quyết định 64/2009/QĐ-U",internet
314817716,CÔNG TY TNHH GREEN POWERS,CÔNG TY TNHH GREEN POWERS,Công ty trách nhiệm hữu hạn một thành viên,"Số 51 Đường Số 2, KDC Him Lam, Phường Tân Hưng, Quận 7, Thành phố Hồ Chí Minh, Việt Nam",Quận 7,"7710: Cho thuê xe có động cơ-Chi tiết: Cho thuê ô tô;1030: Chế biến và bảo quản rau quả-;1071: Sản xuất các loại bánh từ bột-(không hoạt động tại trụ sở);1073: Sản xuất ca cao, sôcôla và bánh kẹo-(khô",internet
314836853,CÔNG TY TNHH SL TRADE VINA,CÔNG TY TNHH SL TRADE VINA,Công ty trách nhiệm hữu hạn một thành viên,"Số 38 đường nội khu Hưng Phước 1, Phường Tân Phong, Quận 7, Thành phố Hồ Chí Minh, Việt Nam",Quận 7,"5229: Hoạt động dịch vụ hỗ trợ khác liên quan đến vận tải-chi tiết: Các hoạt động dịch vụ hỗ trợ khác liên quan đến vận tải bộ, vận tải đường thủy nội địa; Môi giới thuê tàu biển, máy bay, phương tiện",internet
314847735,CÔNG TY TNHH THƯƠNG MẠI DỊCH VỤ MY-YU,CÔNG TY TNHH THƯƠNG MẠI DỊCH V,Công ty trách nhiệm hữu hạn hai thành viên trở lên,"35 Đường Hưng Gia 2, Khu Phố Phú Mỹ Hưng, Phường Tân Phong, Quận 7, Thành phố Hồ Chí Minh, Việt Nam",Quận 7,"4791: Bán lẻ theo yêu cầu đặt hàng qua bưu điện hoặc internet-(trừ bán lẻ bình gas, hóa chất, súng, đạn loại dùng đi săn hoặc thể thao và tiền kim khí và thực hiện theo Quyết định 64/2009/QĐ-UBND ngày",internet
314843642,CÔNG TY TNHH CITY EXPRESS,CÔNG TY TNHH CITY EXPRESS,Công ty trách nhiệm hữu hạn một thành viên,"Số 12 Đường Số 14, Khu Dân Cư Him Lam Kênh Tẻ, Phường Tân Hưng, Quận 7, Thành phố Hồ Chí Minh, Việt Nam",Quận 7,5229: Hoạt động dịch vụ hỗ trợ khác liên quan đến vận tải-Chi tiết: Hoạt động giao nhận hàng hóa; Đại lý vận tải; hoạt động của các đại lý vé máy bay; Hoạt động của đại lý làm thủ tục hải quan; Hoạt đ,internet
314844727,CÔNG TY TNHH INNOVATIVE DESIGN AND MANUFACTURING,CÔNG TY TNHH INNOVATIVE DESIGN,Công ty trách nhiệm hữu hạn một thành viên,"197 Huỳnh Tấn Phát, Phường Tân Thuận Đông, Quận 7, Thành phố Hồ Chí Minh, Việt Nam",Quận 7,1811: In ấn-(Không hoạt động tại trụ sở);1812: Dịch vụ liên quan đến in-(trừ rập khuôn tem);4101: Xây dựng nhà để ở-;4102: Xây dựng nhà không để ở-;4211: Xây dựng công trình đường sắt-;4212: Xây dựng ,internet
314834447,CÔNG TY CỔ PHẦN DỊCH VỤ TIN HỌC TECH APP,CÔNG TY CỔ PHẦN DỊCH VỤ TIN HỌ,Công ty cổ phần,"591/6A1 Khu phố 2, Đường Trần Xuân Soạn, Phường Tân Hưng, Quận 7, Thành phố Hồ Chí Minh, Việt Nam",Quận 7,"4741: Bán lẻ máy vi tính, thiết bị ngoại vi, phần mềm và thiết bị viễn thông trong các cửa hàng chuyên doanh-;5820: Xuất bản phần mềm-Chi tiết:Sản xuất phần mềm;6120: Hoạt động viễn thông không dây-Ch",internet
314838466,CÔNG TY TNHH DERMA,CÔNG TY TNHH DERMA,Công ty trách nhiệm hữu hạn hai thành viên trở lên,"2D1 Đường số 10, Phường Tân Quy, Quận 7, Thành phố Hồ Chí Minh, Việt Nam",Quận 7,"9631: Cắt tóc, làm đầu, gội đầu-Chi tiết: dịch vụ cắt tóc, gội đầu, uốn, sấy, nhuộm tóc, dịch vụ trang điểm; làm móng tay, móng chân; chăm sóc da mặt (trừ các hoạt động gây chảy máu);9639: Hoạt động d",internet
314845248,CÔNG TY TNHH  ĐÔNG MINH SÀI GÒN,CÔNG TY TNHH  ĐÔNG MINH SÀI GÒ,Công ty trách nhiệm hữu hạn một thành viên,"197 Huỳnh Tấn Phát, Phường Tân Thuận Đông, Quận 7, Thành phố Hồ Chí Minh, Việt Nam",Quận 7,"4330: Hoàn thiện công trình xây dựng-;4542: Bảo dưỡng và sửa chữa mô tô, xe máy-;4649: Bán buôn đồ dùng khác cho gia đình-Chi tiết: Bán buôn sách, báo, tạp chí (có nội dung được phép lưu hành), văn ph",internet
314841740,CÔNG TY TNHH QUẢNG CÁO DỊCH VỤ THƯƠNG MẠI DUY THÀNH,CÔNG TY TNHH QUẢNG CÁO DỊCH VỤ,Công ty trách nhiệm hữu hạn một thành viên,"7/4 Trần Xuân Soạn, Phường Tân Thuận Tây, Quận 7, Thành phố Hồ Chí Minh, Việt Nam",Quận 7,"1811: In ấn-;1812: Dịch vụ liên quan đến in-;4663: Bán buôn vật liệu, thiết bị lắp đặt khác trong xây dựng-;4669: Bán buôn chuyên doanh khác chưa được phân vào đâu-(không tồn trữ hóa chất) (trừ bán bu",internet
314857275,CÔNG TY TNHH GIẤY HẢI MINH,CÔNG TY TNHH GIẤY HẢI MINH,Công ty trách nhiệm hữu hạn một thành viên,"85/11/6 Tổ 10 – Khu Phố 1 - Đường Trần Xuân Soạn, Phường Tân Thuận Tây, Quận 7, Thành phố Hồ Chí Minh, Việt Nam",Quận 7,"1709: Sản xuất các sản phẩm khác từ giấy và bìa chưa được phân vào đâu-;1811: In ấn-;1812: Dịch vụ liên quan đến in-;4761: Bán lẻ sách, báo, tạp chí văn phòng phẩm trong các cửa hàng chuyên doanh-(có ",internet
314863021,CÔNG TY TNHH XÂY DỰNG GEO PYEONG,CÔNG TY TNHH XÂY DỰNG GEO PYEO,Công ty trách nhiệm hữu hạn một thành viên,"800 Nguyễn Văn Linh, Phường Tân Phú, Quận 7, Thành phố Hồ Chí Minh, Việt Nam",Quận 7,"4791: Bán lẻ theo yêu cầu đặt hàng qua bưu điện hoặc internet-(Trừ bán lẻ bình gas, khí dầu mỏ hóa lỏng LPG, dầu nhớt cặn, vàng miếng, súng, đạn loại dùng đi săn hoặc thể thao và tiền kim khí; Trừ bán",internet
314870075,CÔNG TY CỔ PHẦN ĐẦU TƯ XÂY DỰNG PHÚ GIA BẢO,CÔNG TY CỔ PHẦN ĐẦU TƯ XÂY DỰN,Công ty cổ phần,"Số 21B Đường số 39, Phường Bình Thuận, Quận 7, Thành phố Hồ Chí Minh, Việt Nam",Quận 7,"4932: Vận tải hành khách đường bộ khác-;7490: Hoạt động chuyên môn, khoa học và công nghệ khác chưa được phân vào đâu-Chi tiết: Tư vấn về môi trường; hoạt động môi giới thương mại;7410: Hoạt động thiế",internet
314885466,CÔNG TY TNHH DỊCH VỤ VÀ NHÀ KHÁCH STARLIGHT,CÔNG TY TNHH DỊCH VỤ VÀ NHÀ KH,Công ty trách nhiệm hữu hạn hai thành viên trở lên,"388/11A Huỳnh Tấn Phát, Phường Bình Thuận, Quận 7, Thành phố Hồ Chí Minh, Việt Nam",Quận 7,7110: Hoạt động kiến trúc và tư vấn kỹ thuật có liên quan-; 4530: Bán phụ tùng và các bộ phận phụ trợ của ô tô và xe có động cơ khác-Chi tiết: Bán phụ tùng và các bộ phận phụ trợ của ô tô và xe có độn,internet
314887657,CÔNG TY CỔ PHẦN XUẤT NHẬP KHẨU DƯỢC MỸ PHẨM VÀ THIẾT BỊ Y TẾ PHÚC LỘC,CÔNG TY CỔ PHẦN XUẤT NHẬP KHẨU,Công ty cổ phần,"502/55/23 Đường Số 4, Khu Phố 3, Phường Bình Thuận, Quận 7, Thành phố Hồ Chí Minh, Việt Nam",Quận 7,"4620: Bán buôn nông, lâm sản nguyên liệu (trừ gỗ, tre, nứa) và động vật sống-(không hoạt động tại trụ sở); 4631: Bán buôn gạo, lúa mỳ, hạt ngũ cốc khác, bột mỳ-(không hoạt động tại trụ sở); 4632: Bán ",internet
314892181,CÔNG TY TNHH SAPLINK VIỆT NAM,CÔNG TY TNHH SAPLINK VIỆT NAM,Công ty trách nhiệm hữu hạn một thành viên,"15 Đường 57, Khu Dân Cư Tân Quy Đông, Phường Tân Phong, Quận 7, Thành phố Hồ Chí Minh, Việt Nam",Quận 7,"4652: Bán buôn thiết bị và linh kiện điện tử, viễn thông-;4322: Lắp đặt hệ thống cấp, thoát nước, hệ thống sưởi và điều hoà không khí-(trừ lắp đặt các thiết bị lạnh (thiết bị cấp đông, kho lạnh, máy đ",internet
314896066,CÔNG TY CỔ PHẦN ĐẦU TƯ CÔNG NGHỆ DẦU KHÍ,CÔNG TY CỔ PHẦN ĐẦU TƯ CÔNG NG,Công ty cổ phần,"Số 62 Đường 17 Mỹ Văn 1 Phú Mỹ Hưng, Phường Tân Phú, Quận 7, Thành phố Hồ Chí Minh, Việt Nam",Quận 7,"0118: Trồng rau, đậu các loại và trồng hoa, cây cảnh-Chi tiết: Trồng các loại hoa, cây cảnh phục vụ nhu cầu sinh hoạt, làm đẹp cảnh quan, môi trường, sinh hoạt văn hóa;0119: Trồng cây hàng năm khác-Ch",internet
314891653,CÔNG TY TNHH THƯƠNG MẠI DỊCH VỤ CÔNG NGHỆ TRUYỀN DẪN PHÁT THANH TRUYỀN HÌNH BTT,CÔNG TY TNHH THƯƠNG MẠI DỊCH V,Công ty trách nhiệm hữu hạn một thành viên,"70 Đường 41 KĐC Tân Quy Đông, Phường Tân Phong, Quận 7, Thành phố Hồ Chí Minh, Việt Nam",Quận 7,"4659: Bán buôn máy móc, thiết bị và phụ tùng máy khác-Chi tiết: Bán buôn máy phát điện, thiết bị phục vụ ngành phát thanh - truyền hình. Mua bán, cho thuê máy móc thiết bị công trình.;4722: Bán lẻ thự",internet
314898779,CÔNG TY TNHH EXA NET VN,CÔNG TY TNHH EXA NET VN,Công ty trách nhiệm hữu hạn một thành viên,"197 Huỳnh Tấn Phát, Phường Tân Thuận Đông, Quận 7, Thành phố Hồ Chí Minh, Việt Nam",Quận 7,"4741: Bán lẻ máy vi tính, thiết bị ngoại vi, phần mềm và thiết bị viễn thông trong các cửa hàng chuyên doanh-;4773: Bán lẻ hàng hóa khác mới trong các cửa hàng chuyên doanh-(trừ bán lẻ bình gas, hóa c",internet
314889654,CÔNG TY TNHH DỊCH VỤ TƯ VẤN THUẾ TASCO,CÔNG TY TNHH DỊCH VỤ TƯ VẤN TH,Công ty trách nhiệm hữu hạn hai thành viên trở lên,"103/15 Nguyễn Thị Thập, Phường Tân Phú, Quận 7, Thành phố Hồ Chí Minh, Việt Nam",Quận 7,"6920: Hoạt động liên quan đến kế toán, kiểm toán và tư vấn về thuế-chi tiết: dịch vụ làm thủ tục về thuế;7020: Hoạt động tư vấn quản lý-(trừ tư vấn tài chính, kế toán, pháp luật).;7310: Quảng cáo-;771",internet
314912134,CÔNG TY CỔ PHẦN ĐẦU TƯ BẤT ĐỘNG SẢN SOUTH LAND,CÔNG TY CỔ PHẦN ĐẦU TƯ BẤT ĐỘN,Công ty cổ phần,"Số 20 Đường Số 6, Khu Hưng Vượng 2-R13, Phú Mỹ Hưng, Phường Tân Phong, Quận 7, Thành phố Hồ Chí Minh, Việt Nam",Quận 7,"9529: Sửa chữa đồ dùng cá nhân và gia đình khác-Chi tiết:
- Sửa chữa xe đạp;
- Sửa chữa quần áo;
- Sửa chữa đồ trang sức;
- Sửa chữa đồng hồ, dây, hộp đồng hồ;
- Sửa chữa dụng cụ thể dục thể thao (trừ",internet
314918841,CÔNG TY CỔ PHẦN KINGMILK,CÔNG TY CỔ PHẦN KINGMILK,Công ty cổ phần,"18 đường 48, Khu Tân Quy Đông, Phường Tân Phong, Quận 7, Thành phố Hồ Chí Minh, Việt Nam",Quận 7,"1010: Chế biến, bảo quản thịt và các sản phẩm từ thịt-(thực hiện theo Quyết định số 2032/QĐ-UBND ngày 25/04/2016 của Ủy ban nhân dân Tp.HCM quy định về hoạt động kinh doanh giết mổ gia súc, gia cầm);1",internet
314942241,CÔNG TY CỔ PHẦN ĐẦU TƯ ĐÔNG DUY,CÔNG TY CỔ PHẦN ĐẦU TƯ ĐÔNG DU,Công ty cổ phần,"Số 167/13 Huỳnh Tấn Phát, Khu phố 4, Phường Tân Thuận Đông, Quận 7, Thành phố Hồ Chí Minh, Việt Nam",Quận 7,"7110: Hoạt động kiến trúc và tư vấn kỹ thuật có liên quan-Chi tiết: 
- Kiểm định các công trình dân dụng, công nghiệp, giao thông 
- Tư vấn, giám sát công trình giao thông: lĩnh vực cầu đường;
- Tư vấ",internet
314930091,CÔNG TY TNHH LÊ PHAN FOODS,CÔNG TY TNHH LÊ PHAN FOODS,Công ty trách nhiệm hữu hạn một thành viên,"793/35 Trần Xuân Soạn, Phường Tân Hưng, Quận 7, Thành phố Hồ Chí Minh, Việt Nam",Quận 7,"1811: In ấn-;4610: Đại lý, môi giới, đấu giá-Chi tiết: đại lý, môi giới (trừ môi giới bất động sản);4791: Bán lẻ theo yêu cầu đặt hàng qua bưu điện hoặc internet-(trừ bán lẻ bình gas, khí dầu mỏ hóa l",internet
314933511,CÔNG TY TNHH FELIZ PLASTIC VIỆT NAM,CÔNG TY TNHH FELIZ PLASTIC VIỆ,Công ty trách nhiệm hữu hạn hai thành viên trở lên,"Số 30A Đường Số 1, Khu Phố 3, Phường Bình Thuận, Quận 7, Thành phố Hồ Chí Minh, Việt Nam",Quận 7,6399: Dịch vụ thông tin khác chưa được phân vào đâu-Chi tiết: Các dịch vụ thông tin qua điện thoại; Các dịch vụ tìm kiếm thông tin thông qua hợp đồng hay trên cơ sở phí.;7410: Hoạt động thiết kế chuyê,internet
314928776,CÔNG TY TNHH GAME THỔ KIM,CÔNG TY TNHH GAME THỔ KIM,Công ty trách nhiệm hữu hạn một thành viên,"1333/18 Huỳnh Tấn Phát, Phường Phú Thuận, Quận 7, Thành phố Hồ Chí Minh, Việt Nam",Quận 7,6190: Hoạt động viễn thông khác-Chi tiết: Hoạt động của các điểm truy cập internet. Cung cấp dịch vụ trò chơi điện tử công cộng (trừ hoạt động kinh doanh trò chơi điện tử có thưởng dành cho người nước,internet
314914269,CÔNG TY TNHH K-GOLD,CÔNG TY TNHH KGOLD,Công ty trách nhiệm hữu hạn một thành viên,"171 Nguyễn Thị Thập , Phường Tân Phú, Quận 7, Thành phố Hồ Chí Minh, Việt Nam",Quận 7,"4799: Bán lẻ hình thức khác chưa được phân vào đâu-chi tiết: Bán lẻ các loại hàng hóa trực tiếp hoặc chuyển phát theo địa chỉ; Bán trực tiếp nhiên liệu (dầu đốt, gỗ nhiên liệu), giao trực tiếp tới tận",internet
314922679,CÔNG TY TNHH SƠN 3 TREES VIỆT NAM,CÔNG TY TNHH SƠN 3 TREES VIỆT ,Công ty trách nhiệm hữu hạn hai thành viên trở lên,"93 đường số 47, Phường Tân Quy, Quận 7, Thành phố Hồ Chí Minh, Việt Nam",Quận 7,"4663: Bán buôn vật liệu, thiết bị lắp đặt khác trong xây dựng-chi tiết: Bán buôn sơn, véc ni,  gạch, vật liệu xây dựng;4752: Bán lẻ đồ ngũ kim, sơn, kính và thiết bị lắp đặt khác trong xây dựng trong ",internet
314931151,CÔNG TY TNHH SOUTHERN CROSS TRADING,CÔNG TY TNHH SOUTHERN CROSS TR,Công ty trách nhiệm hữu hạn một thành viên,"Phòng PH6, Tòa Nhà Southern Cross Sky View, Số 08 Đường Nguyễn Khắc Viện, Phường Tân Phú, Quận 7, Thành phố Hồ Chí Minh, Việt Nam",Quận 7,"4620: Bán buôn nông, lâm sản nguyên liệu (trừ gỗ, tre, nứa) và động vật sống-Chi tiết: Bán buôn nông, lâm sản nguyên liệu (trừ gỗ, tre, nứa) và động vật sống; xuất nhập khẩu nông, lâm sản nguyên liệu ",internet
314943862,CÔNG TY TNHH ĐHTP,CÔNG TY TNHH ĐHTP,Công ty trách nhiệm hữu hạn một thành viên,"81 Huỳnh Tấn Phát, Phường Tân Thuận Đông, Quận 7, Thành phố Hồ Chí Minh, Việt Nam",Quận 7,5629: Dịch vụ ăn uống khác-Chi tiết: Cung cấp dịch vụ ăn uống nhẹ (thức ăn nhanh) cho nhân viên văn phòng;9329: Hoạt động vui chơi giải trí khác chưa được phân vào đâu-Chi tiết: Kinh doanh trò chơi đi,internet
314932571,CÔNG TY CỔ PHẦN THƯƠNG MẠI ĐẦU TƯ PHÁT TRIỂN NHÀ BÈ,CÔNG TY CỔ PHẦN THƯƠNG MẠI ĐẦU,Công ty cổ phần,"Số 04 Bến Nghé, Phường Tân Thuận Đông, Quận 7, Thành phố Hồ Chí Minh, Việt Nam",Quận 7,"5913: Hoạt động phát hành phim điện ảnh, phim video và chương trình truyền hình-Chi tiết: Hoạt động phát hành phim điện ảnh, phim video (Trừ sản xuất phim, phát sóng và không thực hiện các hiệu ứng ch",internet
314947352,CÔNG TY CỔ PHẦN LINA NETWORK,CÔNG TY CỔ PHẦN LINA NETWORK,Công ty cổ phần,"1437 Nguyễn Văn Linh, Mỹ Toàn 2, Phú Mỹ Hưng, Phường Tân Phong, Quận 7, Thành phố Hồ Chí Minh, Việt Nam",Quận 7,"6311: Xử lý dữ liệu, cho thuê và các hoạt động liên quan-;9511: Sửa chữa máy vi tính và thiết bị ngoại vi-(trừ gia công cơ khí, tái chế phế thải, xi, mạ điện tại trụ sở);6209: Hoạt động dịch vụ công n",internet
314958788,CÔNG TY TNHH SINITECH,CÔNG TY TNHH SINITECH,Công ty trách nhiệm hữu hạn hai thành viên trở lên,"Số 197 Huỳnh Tấn Phát, Phường Tân Thuận Đông, Quận 7, Thành phố Hồ Chí Minh, Việt Nam",Quận 7,"6311: Xử lý dữ liệu, cho thuê và các hoạt động liên quan-Chi tiết: Dịch vụ xử lý dữ liệu. Dịch vụ đăng ký tên miền trang web;6312: Cổng thông tin-Chi tiết: Thiết lập trang thông tin điện tử tổng hợp;6",internet
314972380,CÔNG TY TNHH CUNG ỨNG VẬT TƯ BẢO HỘ LAO ĐỘNG VẠN THỊNH,CÔNG TY TNHH CUNG ỨNG VẬT TƯ B,Công ty trách nhiệm hữu hạn hai thành viên trở lên,"16 Lô N, Đường D6, Khu Tái Định Cư Nam Phạm Hữu Lầu, Khu phố 2, Phường Phú Mỹ, Quận 7, Thành phố Hồ Chí Minh, Việt Nam",Quận 7,"4651: Bán buôn máy vi tính, thiết bị ngoại vi và phần mềm-;1410: May trang phục (trừ trang phục từ da lông thú)-(trừ tẩy, nhuộm, hồ, in trên các sản phẩm vải sợi, dệt, may đan và không gia công hàng đ",internet
314961773,CÔNG TY TNHH DAMOA GROUP,CÔNG TY TNHH DAMOA GROUP,Công ty trách nhiệm hữu hạn một thành viên,"R4-42 Đường số 2 Hưng Gia 5, Khu Phú Mỹ Hưng, Phường Tân Phong, Quận 7, Thành phố Hồ Chí Minh, Việt Nam",Quận 7,"6312: Cổng thông tin-chi tiết: thiết lập trang thông tin điện tử tổng hợp;7410: Hoạt động thiết kế chuyên dụng-chi tiết: thiết kế đồ họa; thiết kế website;4610: Đại lý, môi giới, đấu giá hàng hóa-Chi ",internet
314977854,CÔNG TY TNHH THƯƠNG MẠI DỊCH VỤ NGỌC ANH LONG,CÔNG TY TNHH THƯƠNG MẠI DỊCH V,Công ty trách nhiệm hữu hạn hai thành viên trở lên,"24 Đường số 73, Tổ 2, Khu phố 2, Phường Tân Phong, Quận 7, Thành phố Hồ Chí Minh, Việt Nam",Quận 7,"4719: Bán lẻ khác trong các cửa hàng kinh doanh tổng hợp-Chi tiết: Bán lẻ nhiều loại hàng hoá trong các siêu thị, minimart, trung tâm thương mại, bán nhiều loại hàng hóa: quần áo, giày dép, đồ dùng, h",internet
314974243,CÔNG TY TNHH ĐIỆN ĐIỆN TỬ HÀNG HẢI MARELEC,CÔNG TY TNHH ĐIỆN ĐIỆN TỬ HÀNG,Công ty trách nhiệm hữu hạn hai thành viên trở lên,"35/8/8E Nguyễn Văn Quỳ, Phường Tân Thuận Đông, Quận 7, Thành phố Hồ Chí Minh, Việt Nam",Quận 7,"9522: Sửa chữa thiết bị, đồ dùng gia đình-(không gia công cơ khí, tái chế phế thải, xi, mạ điện tại trụ sở);4322: Lắp đặt hệ thống cấp, thoát nước, hệ thống sưởi và điều hoà không khí-Trừ lắp đặt các ",internet
315015313,CÔNG TY TNHH PHƯƠNG ANH HOÀNG KIM,CÔNG TY TNHH PHƯƠNG ANH HOÀNG ,Công ty trách nhiệm hữu hạn một thành viên,"1506/3/16 Đường Huỳnh Tấn Phát, Phường Phú Mỹ, Quận 7, Thành phố Hồ Chí Minh, Việt Nam",Quận 7,"4641: Bán buôn vải, hàng may sẵn, giày dép-Chi tiết: Bán buôn hàng may mặc;4771: Bán lẻ hàng may mặc, giày dép, hàng da và giả da trong các cửa hàng chuyên doanh-;4719: Bán lẻ khác trong các cửa hàng ",internet
314989708,CÔNG TY TNHH ĐẦU TƯ VÀ XÂY DỰNG TPH,CÔNG TY TNHH ĐẦU TƯ VÀ XÂY D,Công ty trách nhiệm hữu hạn hai thành viên trở lên,"27-29-31 Đường Số 18, KDC Him Lam, Phường Tân Hưng, Quận 7, Thành phố Hồ Chí Minh, Việt Nam",Quận 7,"8130: Dịch vụ chăm sóc và duy trì cảnh quan-;8230: Tổ chức giới thiệu và xúc tiến thương mại-(không thực hiện các hiệu ứng cháy, nổ; không sử dụng chất nổ, chất cháy, hóa chất làm đạo cụ, dụng cụ thực",internet
315021532,CÔNG TY TNHH THỰC PHẨM SẠCH QUỐC PHÚ HUGO,CÔNG TY TNHH THỰC PHẨM SẠCH QU,Công ty trách nhiệm hữu hạn hai thành viên trở lên,"Số 5 Đường D6, Khu Dân Cư Hoàn Cầu, Phường Bình Thuận, Quận 7, Thành phố Hồ Chí Minh, Việt Nam",Quận 7,"5510: Dịch vụ lưu trú ngắn ngày-Chi tiết: Khách sạn; Biệt thự hoặc căn hộ kinh doanh dịch vụ lưu trú ngắn ngày; Nhà khách, nhà nghỉ kinh doanh dịch vụ lưu trú ngắn ngày; Nhà trọ, phòng trọ và các cơ s",internet
314994761,CÔNG TY TNHH LÂM NGUYỄN GROUP,CÔNG TY TNHH LÂM NGUYỄN GROUP,Công ty trách nhiệm hữu hạn một thành viên,"60/8 Lâm Văn Bền, Phường Tân Kiểng, Quận 7, Thành phố Hồ Chí Minh, Việt Nam",Quận 7,4722: Bán lẻ thực phẩm trong các cửa hàng chuyên doanh-Chi tiết: Bán lẻ các sản phẩm trà đã qua chế biến và đóng gói trong các cửa hàng chuyên doanh (Thực hiện theo quyết định 64/2009/QĐ-UBND ngày 31/,internet
315002191,CÔNG TY TNHH HDXANH,CÔNG TY TNHH HDXANH,Công ty trách nhiệm hữu hạn một thành viên,"10 Mai Văn Vĩnh, Phường Tân Kiểng, Quận 7, Thành phố Hồ Chí Minh, Việt Nam",Quận 7,"4649: Bán buôn đồ dùng khác cho gia đình-(trừ dược phẩm);4651: Bán buôn máy vi tính, thiết bị ngoại vi và phần mềm-;4652: Bán buôn thiết bị và linh kiện điện tử, viễn thông-;4659: Bán buôn máy móc, th",internet
315004713,CÔNG TY TNHH DỊCH VỤ VÀ THƯƠNG MẠI FSC EXPRESS,CÔNG TY TNHH DỊCH VỤ VÀ THƯƠNG,Công ty trách nhiệm hữu hạn hai thành viên trở lên,"585/38 Nguyễn Thị Thập, Khu Phố 2 , Phường Tân Phong, Quận 7, Thành phố Hồ Chí Minh, Việt Nam",Quận 7,"4764: Bán lẻ trò chơi, đồ chơi trong các cửa hàng chuyên doanh-(không kinh doanh đồ chơi có hại cho giáo dục nhân cách, sức khoẻ của trẻ em hoặc ảnh hưởng đến an ninh trật tự, an toàn xã hội);4641: Bá",internet
314989112,CÔNG TY TNHH ĐBVB,CÔNG TY TNHH ĐBVB,Công ty trách nhiệm hữu hạn một thành viên,"Số 184 Đường Bùi Văn Ba , Phường Tân Thuận Đông, Quận 7, Thành phố Hồ Chí Minh, Việt Nam",Quận 7,6110: Hoạt động viễn thông có dây-chi tiết: hoạt động của các đại lý truy cập Internet;9312: Hoạt động của các câu lạc bộ thể thao-chi tiết: câu lạc bộ bida;4723: Bán lẻ đồ uống trong các cửa hàng chu,internet
315030576,CÔNG TY TNHH TUẤN KIỆT LOGISTICS,CÔNG TY TNHH TUẤN KIỆT LOGISTI,Công ty trách nhiệm hữu hạn một thành viên,"58 Lâm Văn Bền, Phường Tân Thuận Tây, Quận 7, Thành phố Hồ Chí Minh, Việt Nam",Quận 7,"4511: Bán buôn ô tô và xe có động cơ khác-;4512: Bán lẻ ô tô con (loại 12 chỗ ngồi trở xuống)-;4530: Bán phụ tùng và các bộ phận phụ trợ của ô tô và xe có động cơ khác-;4541: Bán mô tô, xe máy-;4543: ",internet
315006774,CÔNG TY TNHH PHÁT TRIỂN SÀI GÒN ONLINE,CÔNG TY TNHH PHÁT TRIỂN SÀI GÒ,Công ty trách nhiệm hữu hạn một thành viên,"64 đường 47, Phường Bình Thuận, Quận 7, Thành phố Hồ Chí Minh, Việt Nam",Quận 7,"4511: Bán buôn ô tô và xe có động cơ khác-Chi tiết: Bán buôn xe ô tô;6820: Tư vấn, môi giới, đấu giá bất động sản, đấu giá quyền sử dụng đất-Chi tiết: Môi giới bất động sản; sàn giao dịch bất động sản",internet
315020377,CÔNG TY TNHH THƯƠNG MẠI ÂU CA,CÔNG TY TNHH THƯƠNG MẠI ÂU CA,Công ty trách nhiệm hữu hạn hai thành viên trở lên,"K2 Tầng 16 Tòa nhà The Golden King, 15 Nguyễn Lương Bằng, Phường Tân Phú, Quận 7, Thành phố Hồ Chí Minh, Việt Nam",Quận 7,"4641: Bán buôn vải, hàng may sẵn, giày dép-Chi tiết: Bán buôn nội y nữ, đầm ngủ (CPC 622);4632: Bán buôn thực phẩm-Chi tiết: 
- Bán buôn thực phẩm chức năng 
- Bán buôn thuỷ sản
- Bán buôn rau, quả
- ",internet
315059279,CÔNG TY TNHH PHÁT TRIỂN ĐẦU TƯ LAM,CÔNG TY TNHH PHÁT TRIỂN ĐẦU TƯ,Công ty trách nhiệm hữu hạn hai thành viên trở lên,"288 Nguyễn Văn Linh, Phường Bình Thuận, Quận 7, Thành phố Hồ Chí Minh, Việt Nam",Quận 7,"9000: Hoạt động sáng tác, nghệ thuật và giải trí-(trừ kinh doanh vũ trường, phòng trà ca nhạc và không thực hiện các hiệu ứng cháy, nổ; không sử dụng chất nổ, chất cháy, hóa chất làm đạo cụ, dụng cụ t",internet
315030752,CÔNG TY TNHH THƯƠNG MẠI ĐIỆN TỬ CẦN LÀ CÓ,CÔNG TY TNHH THƯƠNG MẠI ĐIỆN T,Công ty trách nhiệm hữu hạn một thành viên,"86 Trần Trọng Cung, Phường Tân Thuận Đông, Quận 7, Thành phố Hồ Chí Minh, Việt Nam",Quận 7,"7410: Hoạt động thiết kế chuyên dụng-Chi tiết:  Thiết kế website,  thiết kế đồ họa  
- Dịch vụ thiết kế đồ thị.;4652: Bán buôn thiết bị và linh kiện điện tử, viễn thông-;4651: Bán buôn máy vi tính, th",internet
315033129,CÔNG TY TNHH THƯƠNG MẠI DỊCH VỤ UPLUS,CÔNG TY TNHH THƯƠNG MẠI DỊCH V,Công ty trách nhiệm hữu hạn một thành viên,"20 Đường số 10, Phường Bình Thuận, Quận 7, Thành phố Hồ Chí Minh, Việt Nam",Quận 7,"3312: Sửa chữa máy móc, thiết bị-(trừ gia công cơ khí, tái chế phế thải, xi mạ điện tại trụ sở).;3320: Lắp đặt máy móc và thiết bị công nghiệp-(trừ gia công cơ khí, tái chế phế thải, xi mạ điện tại tr",internet
315068932,CÔNG TY TNHH THƯƠNG MẠI ĐẦU TƯ B- YOUNG,CÔNG TY TNHH THƯƠNG MẠI ĐẦU TƯ,Công ty trách nhiệm hữu hạn hai thành viên trở lên,"số 12 đường D4 KDC Jamona, Đào Trí, Phường Phú Thuận, Quận 7, Thành phố Hồ Chí Minh, Việt Nam",Quận 7,"5610: Nhà hàng và các dịch vụ ăn uống phục vụ lưu động-(CPC- 643,642); 4620: Bán buôn nông, lâm sản nguyên liệu (trừ gỗ, tre, nứa) và động vật sống-Chi tiết: Bán buôn nông sản (không hoạt động tại trụ",internet
315029362,CÔNG TY TNHH TRUYỀN THÔNG ECO G9,CÔNG TY TNHH TRUYỀN THÔNG ECO ,Công ty trách nhiệm hữu hạn hai thành viên trở lên,"8 Đường nội khu 1, Khu phố Nam Viên( Lô S2), Phường Tân Phú, Quận 7, Thành phố Hồ Chí Minh, Việt Nam",Quận 7,"7730: Cho thuê máy móc, thiết bị và đồ dùng hữu hình khác không kèm người điều khiển-Chi tiết: Cho thuê thiết bị phát thanh, truyền hình và thông tin liên lạc chuyên môn; thiết bị sản xuất điện ảnh;46",internet
315034676,CÔNG TY CỔ PHẦN BẤT ĐỘNG SẢN THE GOLDEN HOME,CÔNG TY CỔ PHẦN BẤT ĐỘNG SẢN T,Công ty cổ phần,"92-94 Đường số 2, Khu dân cư Kim Sơn, Phường Tân Phong, Quận 7, Thành phố Hồ Chí Minh, Việt Nam",Quận 7,"6810: Kinh doanh bất động sản, quyền sử dụng đất thuộc chủ sở hữu, chủ sử dụng hoặc đi thuê-Chi tiết: Kinh doanh bất động sản;6820: Tư vấn, môi giới, đấu giá bất động sản, đấu giá quyền sử dụng đất-Ch",internet
315042437,CÔNG TY TNHH DỊCH VỤ TIN HỌC ÁNH SÁNG,CÔNG TY TNHH DỊCH VỤ TIN HỌC Á,Công ty trách nhiệm hữu hạn một thành viên,"111 Phan Huy Thực, Phường Tân Kiểng, Quận 7, Thành phố Hồ Chí Minh, Việt Nam",Quận 7,6190: Hoạt động viễn thông khác-Chi tiết: Hoạt động của các điểm truy cập internet. Điểm cung cấp dịch vụ trò chơi điện tử công cộng (trừ kinh doanh trò chơi có thưởng cho người nước ngoài và kinh doa,internet
315027647,CÔNG TY TNHH THƯƠNG MẠI ĐẦU TƯ VÀNG ANH,CÔNG TY TNHH THƯƠNG MẠI ĐẦU TƯ,Công ty trách nhiệm hữu hạn một thành viên,"Số 28 đường số 1 KDC Cityland, Phường Tân Phú, Quận 7, Thành phố Hồ Chí Minh, Việt Nam",Quận 7,"4669: Bán buôn chuyên doanh khác chưa được phân vào đâu-Chi tiết: Bán buôn phụ kiện trang sức; xuất nhập khẩu phụ kiện trang sức (trừ bán buôn hóa chất, khí dầu mỏ hóa lỏng LPG, dầu nhớt cặn, vàng miế",internet
315045974,CÔNG TY TNHH DODOHAN,CÔNG TY TNHH DODOHAN,Công ty trách nhiệm hữu hạn hai thành viên trở lên,"77-79 Cao Triều Phát, Phường Tân Phong, Quận 7, Thành phố Hồ Chí Minh, Việt Nam",Quận 7,"4791: Bán lẻ theo yêu cầu đặt hàng qua bưu điện hoặc internet-trừ tồn trữ hóa chất tại trụ sở, bán lẻ bình gas, súng, đạn loại dùng đi săn hoặc thể thao và tiền kim khí và thực hiện theo Quyết định 64",internet
315105990,CÔNG TY TNHH BOZO VENTURES,CÔNG TY TNHH BOZO VENTURES,Công ty trách nhiệm hữu hạn một thành viên,"Lầu 1, Số 93 đường Trần Trọng Cung, Phường Tân Thuận Đông, Quận 7, Thành phố Hồ Chí Minh, Việt Nam",Quận 7,"7912: Điều hành tua du lịch-;8230: Tổ chức giới thiệu và xúc tiến thương mại-(không thực hiện các hiệu ứng cháy, nổ; không sử dụng chất nổ, chất cháy, hóa chất làm đạo cụ, dụng cụ thực hiện các chương",internet
315077824,CÔNG TY TNHH XÂY DỰNG VÀ THIẾT KẾ TTNT ABC,CÔNG TY TNHH XÂY DỰNG VÀ THIẾT,Công ty trách nhiệm hữu hạn hai thành viên trở lên,"Số 14 đường số 10, Phường Tân Phú, Quận 7, Thành phố Hồ Chí Minh, Việt Nam",Quận 7,"7410: Hoạt động thiết kế chuyên dụng-Chi tiết: Hoạt động thiết kế, trang trí nội thất, ngoại thất. Hoạt động thiết kế website, đồ họa (trừ thiết kế công trình xây dựng).;3100: Sản xuất giường, tủ, bàn",internet
315084620,CÔNG TY TNHH MỘT THÀNH VIÊN S.A.C VIỆT NAM,CÔNG TY TNHH MỘT THÀNH VIÊN SA,Công ty trách nhiệm hữu hạn một thành viên,"A32  Đường Phú Thuận, Khu dân cư Tân Thuận Nam, Phường Phú Thuận, Quận 7, Thành phố Hồ Chí Minh, Việt Nam",Quận 7,"9512: Sửa chữa thiết bị liên lạc-Chi tiết: Sửa chữa bảo trì thiết bị viễn thông, lắp đặt cáp mạng công trình (trừ gia công cơ khí, tái chế phế thải, xi mạ điện tại trụ sở);6201: Lập trình máy vi tính-",internet
315083955,CÔNG TY CỔ PHẦN A2K,CÔNG TY CỔ PHẦN A2K,Công ty cổ phần,"Lầu 2, Phòng 207 Tòa nhà Paragon, Số 03 Nguyễn Lương Bằng, Phường Tân Phú, Quận 7, Thành phố Hồ Chí Minh, Việt Nam",Quận 7,4723: Bán lẻ đồ uống trong các cửa hàng chuyên doanh-(thực hiện theo Quyết định số 64/2009/QĐ-UBND ngày 31/07/2009 và Quyết định số 79/2009/QĐ-UBND ngày 17/10/2009 của Ủy Ban Nhân Dân TP. Hồ Chí Minh ,internet
315082366,CÔNG TY CỔ PHẦN LIKATA,CÔNG TY CỔ PHẦN LIKATA,Công ty cổ phần,"531 Lê Văn Lương, Phường Tân Hưng, Quận 7, Thành phố Hồ Chí Minh, Việt Nam",Quận 7,"4753: Bán lẻ thảm, đệm, chăn, màn, rèm, vật liệu phủ tường và sàn trong các cửa hàng chuyên doanh-;4791: Bán lẻ theo yêu cầu đặt hàng qua bưu điện hoặc internet-(trừ bán lẻ bình gas, khí dầu mỏ hóa lỏ",internet
315093833,CÔNG TY TNHH THƯƠNG MẠI VĂN PHƯƠNG,CÔNG TY TNHH THƯƠNG MẠI VĂN PH,Công ty trách nhiệm hữu hạn hai thành viên trở lên,"4 Đường số 14, Phường Tân Phú, Quận 7, Thành phố Hồ Chí Minh, Việt Nam",Quận 7,"4791: Bán lẻ theo yêu cầu đặt hàng qua bưu điện hoặc internet-(trừ bán lẻ bình gas, hóa chất, súng, đạn loại dùng đi săn hoặc thể thao vàtiền kim khí và thực hiện theo Quyết định 64/2009/QĐ-UBND ngày ",internet
315116110,CÔNG TY TNHH STUDY BANK,CÔNG TY TNHH STUDY BANK,Công ty trách nhiệm hữu hạn hai thành viên trở lên,"143 Phạm Thái Bường, Khu Phố Nam Thiên III , Phường Tân Phong, Quận 7, Thành phố Hồ Chí Minh, Việt Nam",Quận 7,"8559: Giáo dục khác chưa được phân vào đâu-Chi tiết: 
- Dạy tiếng Anh, tiếng Việt, tiếng Nhật, tiếng Hàn
- Dạy Toán, Lý, Hóa
(CPC 929);7020: Hoạt động tư vấn quản lý-(CPC 865)
(Doanh nghiệp không được",internet
315151651,CÔNG TY TNHH PHẦN MỀM PVS,CÔNG TY TNHH PHẦN MỀM PVS,Công ty trách nhiệm hữu hạn một thành viên,"B19.21, Sunrise Cityview, Số 33 Nguyễn Hữu Thọ, Phường Tân Hưng, Quận 7, Thành phố Hồ Chí Minh, Việt Nam",Quận 7,"6110: Hoạt động viễn thông có dây-(trừ cung cấp dịch vụ truy cập, truy nhập internet tại trụ sở);6120: Hoạt động viễn thông không dây-(trừ cung cấp dịch vụ truy cập, truy nhập internet tại trụ sở);619",internet
315133275,CÔNG TY TNHH ĐẦU TƯ THƯƠNG MẠI ESTA,CÔNG TY TNHH ĐẦU TƯ THƯƠNG MẠI,Công ty trách nhiệm hữu hạn hai thành viên trở lên,"197 Huỳnh Tấn Phát, Phường Tân Thuận Đông, Quận 7, Thành phố Hồ Chí Minh, Việt Nam",Quận 7,"6820: Tư vấn, môi giới, đấu giá bất động sản, đấu giá quyền sử dụng đất-Chi tiết: Tư vấn, môi giới, đấu giá bất động sản; đấu giá quyền sử dụng đất (Trừ đầu giá tài sản);1392: Sản xuất hàng dệt sẵn (t",internet
315007369,CÔNG TY TNHH THƯƠNG MẠI DỊCH VỤ VIỄN TƯỜNG,CÔNG TY TNHH THƯƠNG MẠI DỊCH V,Công ty trách nhiệm hữu hạn một thành viên,"Số 4 Tôn Dật Tiên, Phường Tân Phong, Quận 7, Thành phố Hồ Chí Minh, Việt Nam",Quận 7,"4771: Bán lẻ hàng may mặc, giày dép, hàng da và giả da trong các cửa hàng chuyên doanh-;4791: Bán lẻ theo yêu cầu đặt hàng qua bưu điện hoặc internet-(trừ bán lẻ hóa chất, khí dầu mỏ hóa lỏng LPG, dầu",internet
315136692,CÔNG TY TNHH CÔNG NGHỆ TAS GO,CÔNG TY TNHH CÔNG NGHỆ TAS GO,Công ty trách nhiệm hữu hạn một thành viên,"30/91/54 đường Lâm Văn Bền, Phường Tân Kiểng, Quận 7, Thành phố Hồ Chí Minh, Việt Nam",Quận 7,"2640: Sản xuất sản phẩm điện tử dân dụng-;3314: Sửa chữa thiết bị điện-(trừ gia công cơ khí, tái chế phế thải, xi mạ điện tại trụ sở);4651: Bán buôn máy vi tính, thiết bị ngoại vi và phần mềm-;4652: B",internet
315147609,CÔNG TY TNHH HỢP TÁC KINH DOANH QUỐC TẾ,CÔNG TY TNHH HỢP TÁC KINH DOAN,Công ty trách nhiệm hữu hạn hai thành viên trở lên,"70A, Đường 51, Phường Tân Quy, Quận 7, Thành phố Hồ Chí Minh, Việt Nam",Quận 7,"7210: Nghiên cứu và phát triển thực nghiệm khoa học tự nhiên và kỹ thuật-Chi tiết: Nghiên cứu phát triển giống cây trồng;0161: Hoạt động dịch vụ trồng trọt-;0111: Trồng lúa-;0118: Trồng rau, đậu các l",internet
315148401,CÔNG TY TNHH MỘT THÀNH VIÊN CÔNG NGHỆ TPS,CÔNG TY TNHH MỘT THÀNH VIÊN CÔ,Công ty trách nhiệm hữu hạn một thành viên,"ITD Building, Số 1 Đường Sáng Tạo, Phường Tân Thuận Đông, Quận 7, Thành phố Hồ Chí Minh, Việt Nam",Quận 7,5820: Xuất bản phần mềm-Chi tiết: sản xuất phần mềm;6201: Lập trình máy vi tính-;6202: Tư vấn máy vi tính và quản trị hệ thống máy vi tính-;6209: Hoạt động dịch vụ công nghệ thông tin và dịch vụ khác ,internet
315140956,CÔNG TY TNHH NĂM BÁNH HAI CÁ,CÔNG TY TNHH NĂM BÁNH HAI CÁ,Công ty trách nhiệm hữu hạn một thành viên,"21 Nội Khu, Khu Hưng Gia 4, Phú Mỹ Hưng, Phường Tân Phong, Quận 7, Thành phố Hồ Chí Minh, Việt Nam",Quận 7,"4773: Bán lẻ hàng hóa khác mới trong các cửa hàng chuyên doanh-(trừ tồn trữ hóa chất tại trụ sở, bán lẻ bình gas, súng, đạn loại dùng đi săn hoặc thể thao và tiền kim khí và thực hiện theo Quyết định ",internet
315154606,CÔNG TY TNHH THƯƠNG MẠI DỊCH VỤ EZEX,CÔNG TY TNHH THƯƠNG MẠI DỊCH V,Công ty trách nhiệm hữu hạn hai thành viên trở lên,"số 16, Hưng Thái 2, Phú Mỹ Hưng, Phường Tân Phong, Quận 7, Thành phố Hồ Chí Minh, Việt Nam",Quận 7,"4669: Bán buôn chuyên doanh khác chưa được phân vào đâu-(trừ bán buôn bình gas, khí dầu mỏ hóa lỏng LPG, dầu nhớt cặn, vàng miếng, súng, đạn loại dùng đi săn hoặc thể thao và tiền kim khí; trừ bán buô",internet
315152951,CÔNG TY TNHH THƯƠNG MẠI VÀ DỊCH VỤ HAPPYCARE VIỆT NAM,CÔNG TY TNHH THƯƠNG MẠI VÀ DỊC,Công ty trách nhiệm hữu hạn hai thành viên trở lên,"350/1/3 Huỳnh Tấn Phát, Phường Bình Thuận, Quận 7, Thành phố Hồ Chí Minh, Việt Nam",Quận 7,"4659: Bán buôn máy móc, thiết bị và phụ tùng máy khác-Chi tiết: Bán buôn máy móc, thiết bị và phụ tùng máy ngành vệ sinh công nghiệp; máy móc, thiết bị và phụ tùng máy văn phòng; máy móc, thiết bị điệ",internet
315163872,CÔNG TY TNHH QUANG HƯNG TECHNOLOGIES,CÔNG TY TNHH QUANG HƯNG TECHNO,Công ty trách nhiệm hữu hạn một thành viên,"1225/32/1 Khu phố 4, Huỳnh Tấn Phát, Phường Phú Thuận, Quận 7, Thành phố Hồ Chí Minh, Việt Nam",Quận 7,"3312: Sửa chữa máy móc, thiết bị-(không gia công cơ khí, tái chế phế thải, xi mạ điện tại trụ sở);3313: Sửa chữa thiết bị điện tử và quang học-(không gia công cơ khí, tái chế phế thải, xi mạ điện tại ",internet
315200933,CÔNG TY TNHH STOCKLEGIT,CÔNG TY TNHH STOCKLEGIT,Công ty trách nhiệm hữu hạn hai thành viên trở lên,"Số 62/109 Lâm Văn Bền, Phường Tân Kiểng, Quận 7, Thành phố Hồ Chí Minh, Việt Nam",Quận 7,"4641: Bán buôn vải, hàng may mặc, giày dép-Chi tiết: Bán buôn hàng may mặc, Bán buôn giày dép các loại.;4771: Bán lẻ hàng may mặc, giày dép, hàng da và giả da trong các cửa hàng chuyên doanh-Chi tiết:",internet
315173630,CÔNG TY TNHH THƯƠNG MẠI BLB VIỆT NAM,CÔNG TY TNHH THƯƠNG MẠI BLB VI,Công ty trách nhiệm hữu hạn một thành viên,"Số 476 Đường Phạm Thái Bường, Phường Tân Phong, Quận 7, Thành phố Hồ Chí Minh, Việt Nam",Quận 7,"4791: Bán lẻ theo yêu cầu đặt hàng qua bưu điện hoặc internet-(trừ bán lẻ bình gas, khí dầu mỏ hóa lỏng LPG, dầu nhớt cặn, vàng miếng, súng, đạn loại dùng đi săn hoặc thể thao và tiền kim khí; trừ bán",internet
315172806,CÔNG TY TNHH ĐẦU TƯ VÀ XÂY DỰNG GREEN POWER,CÔNG TY TNHH ĐẦU TƯ VÀ XÂY DỰN,Công ty trách nhiệm hữu hạn hai thành viên trở lên,"27-29-31 Đường số 18, KDC Him Lam, Phường Tân Hưng, Quận 7, Thành phố Hồ Chí Minh, Việt Nam",Quận 7,"7830: Cung ứng và quản lý nguồn lao động-Chi tiết: Cung ứng và quản lý nguồn lao động trong nước (trừ cho thuê lại lao động);7810: Hoạt động của các trung tâm, đại lý tư vấn, giới thiệu và môi giới la",internet
315167605,CÔNG TY TNHH KINH DOANH TRÒ CHƠI ĐIỆN TỬ ĐẠI HỒNG PHÁT,CÔNG TY TNHH KINH DOANH TRÒ CH,Công ty trách nhiệm hữu hạn một thành viên,"98A Nguyễn Thị Thập, Khu phố 3A, Phường Bình Thuận, Quận 7, Thành phố Hồ Chí Minh, Việt Nam",Quận 7,"4764: Bán lẻ trò chơi, đồ chơi trong các cửa hàng chuyên doanh-(trừ đồ chơi có hại cho giáo dục nhân cách, sức khoẻ trẻ em hoặc ảnh hưởng đến an ninh trật tự an toàn xã hội);5610: Nhà hàng và các dịch",internet
315162276,CÔNG TY TNHH VINA PRESTIGE,CÔNG TY TNHH VINA PRESTIGE,Công ty trách nhiệm hữu hạn một thành viên,"Số 171 Nguyễn Thị Thập, Phường Tân Phú, Quận 7, Thành phố Hồ Chí Minh, Việt Nam",Quận 7,"4791: Bán lẻ theo yêu cầu đặt hàng qua bưu điện hoặc internet-(trừ bán lẻ bình gas, khí dầu mỏ hóa lỏng LPG, dầu nhớt cặn, vàng miếng, súng, đạn loại dùng đi săn hoặc thể thao và tiền kim khí; trừ bán",internet
315185019,CÔNG TY TNHH ĐẦU TƯ THƯƠNG MẠI SẢN XUẤT TRƯỜNG TÍN,CÔNG TY TNHH ĐẦU TƯ THƯƠNG MẠI,Công ty trách nhiệm hữu hạn hai thành viên trở lên,"Số 47 đường số 38, Phường Tân Phong, Quận 7, Thành phố Hồ Chí Minh, Việt Nam",Quận 7,"4652: Bán buôn thiết bị và linh kiện điện tử, viễn thông-Chi tiết: Bán buôn điện thoại, thiết bị điện thoại và truyền thông;4663: Bán buôn vật liệu, thiết bị lắp đặt khác trong xây dựng-(Không hoạt độ",internet
315186936,CÔNG TY CỔ PHẦN GIẢI PHÁP DU LỊCH GOHUB,CÔNG TY CỔ PHẦN GIẢI PHÁP DU L,Công ty cổ phần,"151 Tôn Dật Tiên, Khu phố Garden Court 1, Phường Tân Phong, Quận 7, Thành phố Hồ Chí Minh, Việt Nam",Quận 7,6190: Hoạt động viễn thông khác-chi tiết: Cung cấp dịch vụ viễn thông qua các kết nối  viễn thông hiện có như VOIP (điện thoại Internet); hoạt động của các điểm truy cập internet;6202: Tư vấn máy vi t,internet
315189380,CÔNG TY TNHH CỘNG ĐỒNG MÔI GIỚI,CÔNG TY TNHH CỘNG ĐỒNG MÔI GIỚ,Công ty trách nhiệm hữu hạn hai thành viên trở lên,"Số 7 Đường Nội Khu Hưng Gia 4, Phường Tân Phong, Quận 7, Thành phố Hồ Chí Minh, Việt Nam",Quận 7,"4312: Chuẩn bị mặt bằng-;5510: Dịch vụ lưu trú ngắn ngày-Chi tiết: Khách sạn, biệt thự du lịch, căn hộ du lịch, nhà nghỉ du lịch, nhà ở có phòng cho khách du lịch thuê (không hoạt động tại trụ sở);791",internet
315222567,CÔNG TY TNHH XÂY DỰNG THƯƠNG MẠI KHANG MINH PHÁT,CÔNG TY TNHH XÂY DỰNG THƯƠNG M,Công ty trách nhiệm hữu hạn hai thành viên trở lên,"Số 51/28 Trần Xuân Soạn, Phường Tân Thuận Tây, Quận 7, Thành phố Hồ Chí Minh, Việt Nam",Quận 7,"8230: Tổ chức giới thiệu và xúc tiến thương mại-Chi tiết: Tổ chức hội nghị, hội thảo, hội chợ, sự kiện (không thực hiện các hiệu ứng cháy, nổ; không sử dụng chất nổ, chất cháy, hóa chất làm đạo cụ, dụ",internet
315070258,CÔNG TY TNHH XÂY DỰNG QUẢNG CÁO SUNNY,CÔNG TY TNHH XÂY DỰNG QUẢNG CÁ,Công ty trách nhiệm hữu hạn hai thành viên trở lên,"Căn C-08, Tầng 10, Khu C Cao Ốc Văn Phòng Luxcity, 528 Huỳnh Tấn Phát, Phường Bình Thuận, Quận 7, Thành phố Hồ Chí Minh, Việt Nam",Quận 7,7310: Quảng cáo-;7320: Nghiên cứu thị trường và thăm dò dư luận-(trừ các thông tin nhà nước cấm và dịch vụ điều tra);7410: Hoạt động thiết kế chuyên dụng-Chi tiết: Hoạt động thiết kế và trang trí nội ,internet
315186252,CÔNG TY TNHH ABA GLOBAL VIETNAM,CÔNG TY TNHH ABA GLOBAL VIETNA,Công ty trách nhiệm hữu hạn một thành viên,"92-94-96 Phan Khiêm Ích, khu phố Hưng Gia 2, Phường Tân Phong, Quận 7, Thành phố Hồ Chí Minh, Việt Nam",Quận 7,"5510: Dịch vụ lưu trú ngắn ngày-Chi tiết: Khách sạn (đạt tiêu chuẩn sao và không hoạt động tại trụ sở).;4649: Bán buôn đồ dùng khác cho gia đình-Chi tiết: Bán buôn vali, cặp, túi, hàng da và giả da; B",internet
315183156,CÔNG TY TNHH LADY 1 VIỆT NAM,CÔNG TY TNHH LADY 1 VIỆT NAM,Công ty trách nhiệm hữu hạn một thành viên,"Số 12 Đường 14, Phường Tân Phú, Quận 7, Thành phố Hồ Chí Minh, Việt Nam",Quận 7,"4791: Bán lẻ theo yêu cầu đặt hàng qua bưu điện hoặc internet-(trừ bán lẻ bình gas, súng, đạn loại dùng đi săn hoặc thể thao, tiền kim khí và mua bán vàng miếng; thực hiện theo Quyết định 64/2009/QĐ-U",internet
315187834,CÔNG TY CỔ PHẦN KHÔI THIÊN,CÔNG TY CỔ PHẦN KHÔI THIÊN,Công ty cổ phần,"Số nhà C30, Khu X51 đường Phạm Hữu Lầu, Phường Phú Mỹ, Quận 7, Thành phố Hồ Chí Minh, Việt Nam",Quận 7,"2610: Sản xuất linh kiện điện tử-Chi tiết: Sản xuất hàng kim khí điện máy, điện, điện tử (không sản xuất tại trụ sở). Sản xuất linh kiện điện tử, pin điện thoại di động, thiết bị điện chiếu sáng, đèn ",internet
315190957,CÔNG TY TNHH CÔNG NGHỆ DƯỢC LYN - KOREA,CÔNG TY TNHH CÔNG NGHỆ DƯỢC LY,Công ty trách nhiệm hữu hạn hai thành viên trở lên,"Số 29 Đường số 25, Phường Tân Quy, Quận 7, Thành phố Hồ Chí Minh, Việt Nam",Quận 7,"4632: Bán buôn thực phẩm-Chi tiết: Bán buôn thực phẩm chức năng, thực phẩm dinh dưỡng;4791: Bán lẻ theo yêu cầu đặt hàng qua bưu điện hoặc internet-(trừ bán lẻ bình gas, khí dầu mỏ hóa lỏng LPG, dầu n",internet
315229643,CÔNG TY CỔ PHẦN ĐÀO TẠO NGHỀ VÀ XÚC TIẾN THƯƠNG MẠI SEN,CÔNG TY CỔ PHẦN ĐÀO TẠO NGHỀ V,Công ty cổ phần,"27 Đường số 13, Phường Tân Kiểng, Quận 7, Thành phố Hồ Chí Minh, Việt Nam",Quận 7,"1622: Sản xuất đồ gỗ xây dựng-(không hoạt động tại trụ sở);1629: Sản xuất sản phẩm khác từ gỗ; sản xuất sản phẩm từ tre, nứa, rơm, rạ và vật liệu tết bện-(không hoạt động tại trụ sở);1811: In ấn-(khôn",internet
315066501,CÔNG TY TNHH TRÒ CHƠI ĐIỆN TỬ HƯNG THỊNH PHÁT,CÔNG TY TNHH TRÒ CHƠI ĐIỆN TỬ ,Công ty trách nhiệm hữu hạn một thành viên,"40 Lâm Văn Bền, Phường Tân Kiểng, Quận 7, Thành phố Hồ Chí Minh, Việt Nam",Quận 7,9329: Hoạt động vui chơi giải trí khác chưa được phân vào đâu-Chi tiết: Kinh doanh trò chơi điện tử; (trừ hoạt động kinh doanh trò chơi điện tử có thưởng dành cho người nước ngoài và kinh doanh trò ch,internet
315186206,CÔNG TY TNHH MS IN CHANG,CÔNG TY TNHH MS IN CHANG,Công ty trách nhiệm hữu hạn hai thành viên trở lên,"1/1A Lý Phục Man, Phường Bình Thuận, Quận 7, Thành phố Hồ Chí Minh, Việt Nam",Quận 7,"4791: Bán lẻ theo yêu cầu đặt hàng qua bưu điện hoặc internet-(trừ bán lẻ hóa chất, khí dầu mỏ hóa lỏng LPG, dầu nhớt cặn, vàng miếng, súng, đạn loại dùng đi săn hoặc thể thao và tiền kim khí; Thực hi",internet
315184223,CÔNG TY TNHH KAMBRIA & OHMNILABS VIỆT NAM,CÔNG TY TNHH KAMBRIA  OHMNILAB,Công ty trách nhiệm hữu hạn hai thành viên trở lên,"Phòng 8.04, Tầng 8, Tòa nhà IPC, 1489 Nguyễn Văn Linh, Phường Tân Phong, Quận 7, Thành phố Hồ Chí Minh, Việt Nam",Quận 7,"5820: Xuất bản phần mềm-Chi tiết: Sản xuất phần mềm;6202: Tư vấn máy vi tính và quản trị hệ thống máy vi tính-;7730: Cho thuê máy móc, thiết bị và đồ dùng hữu hình khác không kèm người điều khiển-Chi ",internet
315194172,CÔNG TY TNHH PHÁT TRIỂN TIN VIỆT,CÔNG TY TNHH PHÁT TRIỂN TIN VI,Công ty trách nhiệm hữu hạn hai thành viên trở lên,"143/14/32 Đường Tân Mỹ, Phường Tân Thuận Tây, Quận 7, Thành phố Hồ Chí Minh, Việt Nam",Quận 7,"2022: Sản xuất sơn, véc ni và các chất sơn, quét tương tự; sản xuất mực in và ma tít-Chi tiết: Sản xuất sơn, vec ni và các chất sơn, quét tương tự, matít (không hoạt động tại trụ sở);2610: Sản xuất li",internet
315206491,CÔNG TY TNHH HIỆP PHÁT MINH THÀNH,CÔNG TY TNHH HIỆP PHÁT MINH TH,Công ty trách nhiệm hữu hạn một thành viên,"791/23/8 Trần Xuân Soạn, Khu phố 4, Phường Tân Hưng, Quận 7, Thành phố Hồ Chí Minh, Việt Nam",Quận 7,8299: Hoạt động dịch vụ hỗ trợ kinh doanh khác còn lại chưa được phân vào đâu-Chi tiết: Xuất nhập khẩu các mặt hàng Công ty kinh doanh (trừ các mặt hàng nhà nước cấm);4101: Xây dựng nhà để ở-; 4102: X,internet
315208114,CÔNG TY TNHH THƯƠNG MẠI DỊCH VỤ DONKI - DONKI,CÔNG TY TNHH THƯƠNG MẠI DỊCH V,Công ty trách nhiệm hữu hạn một thành viên,"50 đường số 20, Khu dân cư Him Lam, Phường Tân Hưng, Quận 7, Thành phố Hồ Chí Minh, Việt Nam",Quận 7,"4633: Bán buôn đồ uống-;4723: Bán lẻ đồ uống trong các cửa hàng chuyên doanh-Chi tiết: Bán lẻ đồ uống;4781: Bán lẻ lương thực, thực phẩm, đồ uống, thuốc lá, thuốc lào lưu động hoặc tại chợ-(thực hiện ",internet
315195592,CÔNG TY TNHH TƯ VẤN ĐINH LÊ,CÔNG TY TNHH TƯ VẤN ĐINH LÊ,Công ty trách nhiệm hữu hạn một thành viên,"800 Nguyễn Văn Linh, Phường Tân Phú, Quận 7, Thành phố Hồ Chí Minh, Việt Nam",Quận 7,"2023: Sản xuất mỹ phẩm, xà phòng, chất tẩy rửa, làm bóng và chế phẩm vệ sinh-Chi tiết: Sản xuất mỹ phẩm (không hoạt động tại trụ sở).;8292: Dịch vụ đóng gói-(trừ đóng gói thuốc bảo vệ thực vật).;4791:",internet
315091258,CÔNG TY TNHH THƯƠNG MẠI - DỊCH VỤ A2Z HOME,CÔNG TY TNHH THƯƠNG MẠI  DỊCH ,Công ty trách nhiệm hữu hạn hai thành viên trở lên,"72 Trần Trọng Cung, Khu dân cư Nam Long, Phường Tân Thuận Đông, Quận 7, Thành phố Hồ Chí Minh, Việt Nam",Quận 7,"4649: Bán buôn đồ dùng khác cho gia đình-(trừ kinh doanh dược phẩm).;4659: Bán buôn máy móc, thiết bị và phụ tùng máy khác-Chi tiết: Bán buôn máy móc, thiết bị điện, vật liệu điện (máy phát điện, động",internet
315207103,CÔNG TY CỔ PHẦN QUỐC TẾ ADN,CÔNG TY CỔ PHẦN QUỐC TẾ ADN,Công ty cổ phần,"44/6 Đường Trần Văn Khánh, Phường Tân Thuận Đông, Quận 7, Thành phố Hồ Chí Minh, Việt Nam",Quận 7,"6810: Kinh doanh bất động sản, quyền sử dụng đất thuộc chủ sở hữu, chủ sử dụng hoặc đi thuê-;6820: Tư vấn, môi giới, đấu giá bất động sản, đấu giá quyền sử dụng đất-Tư vấn, môi giới bất động sản, quyề",internet
315215922,CÔNG TY TNHH THƯƠNG MẠI DỊCH VỤ CÔNG NGHỆ THIÊN THIÊN PHÁT,CÔNG TY TNHH THƯƠNG MẠI DỊCH V,Công ty trách nhiệm hữu hạn một thành viên,"645 Nguyễn Hữu Thọ, Phường Tân Phong, Quận 7, Thành phố Hồ Chí Minh, Việt Nam",Quận 7,"1812: Dịch vụ liên quan đến in-(trừ in - tráng bao bì kim loại, in trên các sản phẩm vải sợi - dệt - may - đan);4669: Bán buôn chuyên doanh khác chưa được phân vào đâu-Chi tiết: Bán buôn sim điện thoạ",internet
315237524,CÔNG TY TNHH TRÒ CHƠI ĐIỆN TỬ PHONG HOÀNG,CÔNG TY TNHH TRÒ CHƠI ĐIỆN TỬ ,Công ty trách nhiệm hữu hạn một thành viên,"21/3 Đường Liên Cảng A5, Phường Tân Thuận Đông, Quận 7, Thành phố Hồ Chí Minh, Việt Nam",Quận 7,9329: Hoạt động vui chơi giải trí khác chưa được phân vào đâu-Chi tiết: kinh doanh trò chơi điện tử (trừ kinh doanh trò chơi điện tử có thưởng dành cho người nước ngoài và kinh doanh trò chơi điện tử ,internet
315249914,CÔNG TY TNHH ĐẦU TƯ THƯƠNG MẠI GIẢI TRÍ THIÊN LỘC,CÔNG TY TNHH ĐẦU TƯ THƯƠNG MẠI,Công ty trách nhiệm hữu hạn một thành viên,"525 Lê Văn Lương, Phường Tân Phong, Quận 7, Thành phố Hồ Chí Minh, Việt Nam",Quận 7,9329: Hoạt động vui chơi giải trí khác chưa được phân vào đâu-Chi tiết: Kinh doanh trò chơi điện tử (trừ hoạt động sàn nhảy; trừ kinh doanh trò chơi điện tử có thưởng dành cho người nước ngoài và kinh,internet
315253565,CÔNG TY TNHH KỸ THUẬT SAIGON,CÔNG TY TNHH KỸ THUẬT SAIGON,Công ty trách nhiệm hữu hạn hai thành viên trở lên,"95/100 Lê Văn Lương, Phường Tân Kiểng, Quận 7, Thành phố Hồ Chí Minh, Việt Nam",Quận 7,"4741: Bán lẻ máy vi tính, thiết bị ngoại vi, phần mềm và thiết bị viễn thông trong các cửa hàng chuyên doanh-;6110: Hoạt động viễn thông có dây-;6120: Hoạt động viễn thông không dây-;6202: Tư vấn máy ",internet
315239151,CÔNG TY TNHH TM DV HOÀNG LAM PHÁT,CÔNG TY TNHH TM DV HOÀNG LAM P,Công ty trách nhiệm hữu hạn một thành viên,"994A/118A Huỳnh Tấn Phát, Phường Tân Phú, Quận 7, Thành phố Hồ Chí Minh, Việt Nam",Quận 7,"4330: Hoàn thiện công trình xây dựng-;4321: Lắp đặt hệ thống điện-(Không gia công cơ khí, tái chế phế thải, xi mạ điện tại trụ sở);4390: Hoạt động xây dựng chuyên dụng khác-;4651: Bán buôn máy vi tính",internet
315256012,CÔNG TY TNHH NGUỒN SÁNG TẠO,CÔNG TY TNHH NGUỒN SÁNG TẠO,Công ty trách nhiệm hữu hạn một thành viên,"283/5 Huỳnh Tấn Phát, Phường Tân Thuận Đông, Quận 7, Thành phố Hồ Chí Minh, Việt Nam",Quận 7,"4312: Chuẩn bị mặt bằng-;4321: Lắp đặt hệ thống điện-;4329: Lắp đặt hệ thống xây dựng khác-;4330: Hoàn thiện công trình xây dựng-;4511: Bán buôn ô tô và xe có động cơ khác-;4520: Bảo dưỡng, sửa chữa ô",internet
315252699,CÔNG TY TNHH QUỐC TẾ PHÚ THUẬN VIỆT,CÔNG TY TNHH QUỐC TẾ PHÚ THUẬN,Công ty trách nhiệm hữu hạn một thành viên,"482 Phạm Thái Bường, khu phố Mỹ Toàn 1, Phường Tân Phong, Quận 7, Thành phố Hồ Chí Minh, Việt Nam",Quận 7,"4711: Bán lẻ lương thực, thực phẩm, đồ uống, thuốc lá, thuốc lào chiếm tỷ trọng lớn trong các cửa hàng kinh doanh tổng hợp-(Thực hiện theo Quyết định số 64/2009/QÐ-UBND ngày 31/07/2009 và Quyết định s",internet
315289579,CÔNG TY CỔ PHẦN THƯƠNG MẠI XUẤT NHẬP KHẨU DỊCH VỤ THIÊN BẢO TUẤN,CÔNG TY CỔ PHẦN THƯƠNG MẠI XUẤ,Công ty cổ phần,"78 Đường số 2, Khu dân cư Kim Sơn, Phường Tân Phong, Quận 7, Thành phố Hồ Chí Minh, Việt Nam",Quận 7,"9700: Hoạt động làm thuê công việc gia đình trong các hộ gia đình-Chi tiết: Thực hiện các công việc trong hộ gia đình như trông trẻ, nấu ăn, quản gia, làm vườn, gác cổng, giặt là, chăm sóc người già, ",internet
315257922,CÔNG TY TNHH CHLOE HOSPITALITY,CÔNG TY TNHH CHLOE HOSPITALITY,Công ty trách nhiệm hữu hạn một thành viên,"6 Phan Văn Chương, Phường Tân Phú, Quận 7, Thành phố Hồ Chí Minh, Việt Nam",Quận 7,"9610: Dịch vụ tắm hơi, massage và các dịch vụ tăng cường sức khoẻ tương tự (trừ hoạt động thể thao)-Chi tiết: Dịch vụ tắm hơi, massage, tắm nắng, thẩm mỹ không dùng phẫu thuật (đánh mỡ bụng, làm thon ",internet
315259905,CÔNG TY TNHH KỸ THUẬT CÔNG NGHỆ ADTECH,CÔNG TY TNHH KỸ THUẬT CÔNG NGH,Công ty trách nhiệm hữu hạn một thành viên,"38 Đường Số 1, Khu dân cư Cityland, Phường Tân Phú, Quận 7, Thành phố Hồ Chí Minh, Việt Nam",Quận 7,"4321: Lắp đặt hệ thống điện-(trừ gia công cơ khí, tái chế phế thải và xi mạ điện tại trụ sở);4322: Lắp đặt hệ thống cấp, thoát nước, hệ thống sưởi và điều hoà không khí-(trừ lắp đặt các thiết bị điện ",internet
315261527,CÔNG TY TNHH RACON MEDIA,CÔNG TY TNHH RACON MEDIA,Công ty trách nhiệm hữu hạn một thành viên,"Lầu 1, 1506/3/10 Huỳnh Tấn Phát, Phường Phú Mỹ, Quận 7, Thành phố Hồ Chí Minh, Việt Nam",Quận 7,"7310: Quảng cáo-;8230: Tổ chức giới thiệu và xúc tiến thương mại-(không thực hiện các hiệu ứng cháy, nổ; không sử dụng chất nổ, chất cháy, hóa chất làm đạo cụ, dụng cụ thực hiện các chương trình văn n",internet
315261559,CÔNG TY TNHH XUẤT NHẬP KHẨU SỐNG KHỎE,CÔNG TY TNHH XUẤT NHẬP KHẨU SỐ,Công ty trách nhiệm hữu hạn hai thành viên trở lên,"Số 55 Đường nội khu khu Hưng Thái 2, Khu phố 3, Phường Tân Phong, Quận 7, Thành phố Hồ Chí Minh, Việt Nam",Quận 7,8292: Dịch vụ đóng gói-(trừ đóng gói thuốc bảo vệ thực vật).;8299: Hoạt động dịch vụ hỗ trợ kinh doanh khác còn lại chưa được phân vào đâu-Chi tiết: Xuất nhập khẩu các mặt hàng Công ty kinh doanh;4722,internet
315266959,CÔNG TY TNHH SOWHA MEDIA VINA,CÔNG TY TNHH SOWHA MEDIA VINA,Công ty trách nhiệm hữu hạn một thành viên,"Số 230-232 Hà Huy Tập, Phường Tân Phong, Quận 7, Thành phố Hồ Chí Minh, Việt Nam",Quận 7,"4649: Bán buôn đồ dùng khác cho gia đình-Chi tiết: Bán buôn mỹ phẩm, dầu gội, sữa tắm;5610: Nhà hàng và các dịch vụ ăn uống phục vụ lưu động-;4641: Bán buôn vải, hàng may mặc, giày dép-;4791: Bán lẻ t",internet
315263235,CÔNG TY TNHH HAIRSALON CHÍ TÂM,CÔNG TY TNHH HAIRSALON CHÍ TÂM,Công ty trách nhiệm hữu hạn một thành viên,"46 Đường số 1 Khu dân cư Cityland, Phường Tân Phú, Quận 7, Thành phố Hồ Chí Minh, Việt Nam",Quận 7,8559: Giáo dục khác chưa được phân vào đâu-Chi tiết: Giáo dục không xác định theo cấp độ tại các trung tâm đào tạo bồi dưỡng; Các dịch vụ dạy kèm (gia sư); Giáo dục dự bị; Các trung tâm dạy học có các,internet
315305372,CÔNG TY CỔ PHẦN THC WELLNESS,CÔNG TY CỔ PHẦN THC WELLNESS,Công ty cổ phần,"4.38 Khu Thương Mại Dịch Vụ Officetel, Sunrise City North, 27 Nguyễn Hữu Thọ, Phường Tân Hưng, Quận 7, Thành phố Hồ Chí Minh, Việt Nam",Quận 7,"4722: Bán lẻ thực phẩm trong các cửa hàng chuyên doanh-chi tiết: Bản lẻ thực phẩm, thực phẩm chức năng trong các cửa hàng chuyên doanh (thực hiện theo quyết định 64/2009/QĐ-UBND ngày 31/07/2009 và quy",internet
315283305,CÔNG TY CỔ PHẦN GREEN EDU,CÔNG TY CỔ PHẦN GREEN EDU,Công ty cổ phần,"69 Hưng Thái 1, Phường Tân Phong, Quận 7, Thành phố Hồ Chí Minh, Việt Nam",Quận 7,8511: Giáo dục nhà trẻ-;8512: Giáo dục mẫu giáo-;8521: Giáo dục tiểu học-;8522: Giáo dục trung học cơ sở-;8523: Giáo dục trung học phổ thông-;8531: Đào tạo sơ cấp-;8532: Đào tạo trung cấp-(không hoạt ,internet
315186781,CÔNG TY TNHH CÁ TIÊN LONG HẢI,CÔNG TY TNHH CÁ TIÊN LONG HẢI,Công ty trách nhiệm hữu hạn một thành viên,"691/36 Trần Xuân Soạn, Phường Tân Hưng, Quận 7, Thành phố Hồ Chí Minh, Việt Nam",Quận 7,"3313: Sửa chữa thiết bị điện tử và quang học-(trừ gia công cơ khí, tái chế phế thải, xi mạ điện tại trụ sở).;4652: Bán buôn thiết bị và linh kiện điện tử, viễn thông-Chi tiết: Bán buôn linh kiện điện ",lap top
315331703,CÔNG TY TNHH CUBE GAMES,CÔNG TY TNHH CUBE GAMES,Công ty trách nhiệm hữu hạn một thành viên,"phòng 304, lầu 3, Tòa nhà Saigon Paragon, số 03 Nguyễn Lương Bằng, Phường Tân Phú, Quận 7, Thành phố Hồ Chí Minh, Việt Nam",Quận 7,"9329: Hoạt động vui chơi giải trí khác chưa được phân vào đâu-Chi tiết: Kinh doanh trò chơi điện tử; Cung cấp dịch vụ trò chơi điện tử trên mạng (Điều 32,33 Nghị định số 72/2013/NĐ - CP ngày 15/07/201",internet
315283048,CÔNG TY TNHH THƯƠNG MẠI HẢI NHƯ,CÔNG TY TNHH THƯƠNG MẠI HẢI NH,Công ty trách nhiệm hữu hạn một thành viên,"206 Phạm Hữu Lầu, Phường Phú Mỹ, Quận 7, Thành phố Hồ Chí Minh, Việt Nam",Quận 7,"4730: Bán lẻ nhiên liệu động cơ trong các cửa hàng chuyên doanh-Chi tiết: Bán lẻ nhiên liệu động cơ (trừ khí dầu mỏ hóa lỏng LPG);4610: Đại lý, môi giới, đấu giá hàng hóa-Chi tiết: Đại lý mua bán hàng",internet
315201581,CÔNG TY TNHH TƯ VẤN DỊCH VỤ ĐÔNG HẢI,CÔNG TY TNHH TƯ VẤN DỊCH VỤ ĐÔ,Công ty trách nhiệm hữu hạn hai thành viên trở lên,"T1-A03a.22 Tầng 3A Khối Officetel Chung cư M-One Nam Sài Gòn, 35/12 Bế Văn Cấm, Phường Tân Kiểng, Quận 7, Thành phố Hồ Chí Minh, Việt Nam",Quận 7,"8559: Giáo dục khác chưa được phân vào đâu-Chi tiết: Dạy nghề, dạy tiếng Trung, tiếng Anh;6820: Tư vấn, môi giới, đấu giá bất động sản, đấu giá quyền sử dụng đất-Chi tiết: Môi giới bất động sản  (trừ ",internet
315305799,CÔNG TY TNHH GIẢI PHÁP NHÀ THÔNG MINH CHUYÊN NGHIỆP TOZ,CÔNG TY TNHH GIẢI PHÁP NHÀ THÔ,Công ty trách nhiệm hữu hạn hai thành viên trở lên,"74 Đường số 11, Phường Tân Kiểng, Quận 7, Thành phố Hồ Chí Minh, Việt Nam",Quận 7,"7110: Hoạt động kiến trúc và tư vấn kỹ thuật có liên quan-Chi tiết: Hoạt động kiến trúc; Hoạt động đo đạc bản đồ; Hoạt động thăm dò địa chất, nguồn nước. Thiết kế kiến trúc công trình. Thẩm tra thiết ",internet
315322346,CÔNG TY CỔ PHẦN M-TP & FRIENDS,CÔNG TY CỔ PHẦN MTP  FRIENDS,Công ty cổ phần,"77 Hoàng Văn Thái, Phường Tân Phú, Quận 7, Thành phố Hồ Chí Minh, Việt Nam",Quận 7,"9000: Hoạt động sáng tác, nghệ thuật và giải trí-chi tiết: Hoạt động sáng tác và tổ chức biểu diễn nghệ thuật chuyên nghiệp (trừ kinh doanh vũ trường, phòng trà ca nhạc và không thực hiện các hiệu ứng",internet
316195563,CÔNG TY CỔ PHẦN PHÁT TRIỂN ĐẦU TƯ TÀI CHÍNH THƯƠNG VIỆT,CÔNG TY CỔ PHẦN PHÁT TRIỂN ĐẦU,Công ty cổ phần,"Phòng 02, Tầng 21, Tòa nhà Golden Star, 58 Nguyễn Thị Thập, Phường Bình Thuận, Quận 7, Thành phố Hồ Chí Minh, Việt Nam",Quận 7,"4101: Xây dựng nhà để ở-;4102: Xây dựng nhà không để ở-;4212: Xây dựng công trình đường bộ-;4221: Xây dựng công trình điện-(Doanh nghiệp không cung cấp hàng hóa, dịch vụ thuộc độc quyền Nhà nước, khôn",internet
315221235,CÔNG TY TNHH THỰC PHẨM VÀ NƯỚC GIẢI KHÁT ĐẠI DƯƠNG XANH,CÔNG TY TNHH THỰC PHẨM VÀ NƯỚC,Công ty trách nhiệm hữu hạn một thành viên,"133 đường 41, Phường Tân Quy, Quận 7, Thành phố Hồ Chí Minh, Việt Nam",Quận 7,7990: Dịch vụ đặt chỗ và các dịch vụ hỗ trợ liên quan đến quảng bá và tổ chức tua du lịch-; 5630: Dịch vụ phục vụ đồ uống-(trừ hoạt động quán bar và quán giải khát có khiêu vũ); 1079: Sản xuất thực ph,internet
315319618,CÔNG TY CỔ PHẦN GIẢI PHÁP DOANH NGHIỆP ÁNH DƯƠNG,CÔNG TY CỔ PHẦN GIẢI PHÁP DOAN,Công ty cổ phần,"Số 17 Đường số 4, Khu dân cư Him Lam, Phường Tân Hưng, Quận 7, Thành phố Hồ Chí Minh, Việt Nam",Quận 7,"8230: Tổ chức giới thiệu và xúc tiến thương mại-(không thực hiện các hiệu ứng cháy, nổ; không sử dụng chất nổ, chất cháy, hóa chất làm đạo cụ, dụng cụ thực hiện các chương trình văn nghệ, sự kiện, phi",internet
315325354,CÔNG TY TNHH VIỄN THÔNG REDZONE,CÔNG TY TNHH VIỄN THÔNG REDZON,Công ty trách nhiệm hữu hạn một thành viên,"36A Phạm Hữu Lầu, Phường Phú Mỹ, Quận 7, Thành phố Hồ Chí Minh, Việt Nam",Quận 7,9329: Hoạt động vui chơi giải trí khác chưa được phân vào đâu-chi tiết: Kinh doanh trò chơi điện tử (thực hiện theo quy định của thông tư số 08/2000TT- BVHTT ngày 28 tháng 4 năm 2000 hướng dẫn quản lý,internet
315329278,CÔNG TY TNHH VN 25,CÔNG TY TNHH VN 25,Công ty trách nhiệm hữu hạn một thành viên,"1.02 chung cư Ngọc Lan, Khu thương mại B2 (Tầng 1), Số 35 đường Phú Thuận, Phường Phú Thuận, Quận 7, Thành phố Hồ Chí Minh, Việt Nam",Quận 7,"4774: Bán lẻ hàng hóa đã qua sử dụng trong các cửa hàng chuyên doanh-(trừ bán lẻ hóa chất, khí dầu mỏ hóa lỏng LPG, dầu nhớt cặn, vàng miếng, súng, đạn loại dùng đi săn hoặc thể thao và tiền kim khí; ",internet
315328732,CÔNG TY CỔ PHẦN  LIVE MALL,CÔNG TY CỔ PHẦN  LIVE MALL,Công ty cổ phần,"A14, đường D4, khu dân cư Himlam, Phường Tân Hưng, Quận 7, Thành phố Hồ Chí Minh, Việt Nam",Quận 7,8299: Hoạt động dịch vụ hỗ trợ kinh doanh khác còn lại chưa được phân vào đâu-chi tiết: dịch vụ thương mại điện tử;6201: Lập trình máy vi tính-;6312: Cổng thông tin-chi tiết: thiết lập trang thông tin,internet
315340338,CÔNG TY CỔ PHẦN GIẢI PHÁP CÔNG NGHỆ TERA,CÔNG TY CỔ PHẦN GIẢI PHÁP CÔNG,Công ty cổ phần,"163A Đường Số 45, Phường Tân Quy, Quận 7, Thành phố Hồ Chí Minh, Việt Nam",Quận 7,7222: Nghiên cứu khoa học và phát triển công nghệ trong lĩnh vực khoa học nhân văn-;2821: Sản xuất máy nông nghiệp và lâm nghiệp-;2829: Sản xuất máy chuyên dụng khác-;2790: Sản xuất thiết bị điện khác,internet
315241746,CÔNG TY TNHH GIẢI PHÁP CÔNG NGHỆ RECO,CÔNG TY TNHH GIẢI PHÁP CÔNG NG,Công ty trách nhiệm hữu hạn hai thành viên trở lên,"20 Đường Số 5, Khu dân cư Him Lam Kênh Tẻ, Phường Tân Hưng, Quận 7, Thành phố Hồ Chí Minh, Việt Nam",Quận 7,"3315: Sửa chữa và bảo dưỡng phương tiện vận tải (trừ ô tô, mô tô, xe  máy và xe có động cơ khác)-(không hoạt động tại trụ sở);3511: Sản xuất điện-(không hoạt động tại trụ sở);3512: Truyền tải và phân ",internet
315342889,CÔNG TY TNHH ĐẦU TƯ VÀ THƯƠNG MẠI T&C VIỆT NAM,CÔNG TY TNHH ĐẦU TƯ VÀ THƯƠNG ,Công ty trách nhiệm hữu hạn một thành viên,"15 Nguyễn Lương Bằng, Phường Tân Phú, Quận 7, Thành phố Hồ Chí Minh, Việt Nam",Quận 7,"6622: Hoạt động của đại lý và môi giới bảo hiểm-Chi tiết: hoạt động của đại lý bảo hiểm;4791: Bán lẻ theo yêu cầu đặt hàng qua bưu điện hoặc internet-(trừ bán lẻ hóa chất, khí dầu mỏ hóa lỏng LPG, dầu",internet
315391660,CÔNG TY TNHH HÂN QUẢNG,CÔNG TY TNHH HÂN QUẢNG,Công ty trách nhiệm hữu hạn một thành viên,"Số 2 đường 16, Khu Him Lam, Phường Tân Hưng, Quận 7, Thành phố Hồ Chí Minh, Việt Nam",Quận 7,"6619: Hoạt động hỗ trợ dịch vụ tài chính chưa được phân vào đâu-chi tiết: Hoạt động tư vấn đầu tư (trừ tư vấn tài chính, kế toán, pháp luật).;7020: Hoạt động tư vấn quản lý-(trừ tư vấn tài chính, kế t",internet
315397479,CÔNG TY TNHH THƯƠNG MẠI DỊCH VỤ SÀI GÒN LAND,CÔNG TY TNHH THƯƠNG MẠI DỊCH V,Công ty trách nhiệm hữu hạn một thành viên,"122 Đường số 9, Phường Tân Phú, Quận 7, Thành phố Hồ Chí Minh, Việt Nam",Quận 7,"6820: Tư vấn, môi giới, đấu giá bất động sản, đấu giá quyền sử dụng đất-Chi tiết: Tư vấn, môi giới bất động sản (trừ tư vấn mang tính pháp lý);6810: Kinh doanh bất động sản, quyền sử dụng đất thuộc ch",internet
315399645,CÔNG TY TNHH ISIS VINA,CÔNG TY TNHH ISIS VINA,Công ty trách nhiệm hữu hạn một thành viên,"R4-50 Đường Hưng Gia 4, Phường Tân Phong, Quận 7, Thành phố Hồ Chí Minh, Việt Nam",Quận 7,"4719: Bán lẻ  khác trong các cửa hàng kinh doanh tổng hợp-(trừ bán lẻ bình gas, súng, đạn loại dùng đi săn hoặc thể thao và tiền kim khí và thực hiện theo Quyết định 64/2009/QĐ-UBND ngày 31/7/2009 của",internet
315348993,CÔNG TY TNHH ATADA,CÔNG TY TNHH ATADA,Công ty trách nhiệm hữu hạn một thành viên,"502/37/8A Huỳnh Tấn Phát, Khu Phố 3A , Phường Bình Thuận, Quận 7, Thành phố Hồ Chí Minh, Việt Nam",Quận 7,"4641: Bán buôn vải, hàng may mặc, giày dép-Chi tiết :Bán buôn vải; Bán buôn thảm, đệm, chăn, màn, rèm, ga trải giường, gối và hàng dệt khác; Bán buôn hàng may mặc; Bán buôn giày dép.;4649: Bán buôn đồ",internet
315352502,CÔNG TY CỔ PHẦN MPTEK,CÔNG TY CỔ PHẦN MPTEK,Công ty cổ phần,"Phòng 702, tầng 7, tòa nhà Paragon, số 3 Nguyễn Lương Bằng, Phường Tân Phú, Quận 7, Thành phố Hồ Chí Minh, Việt Nam",Quận 7,"6201: Lập trình máy vi tính-Chi tiết: Dịch vụ lập trình;4651: Bán buôn máy vi tính, thiết bị ngoại vi và phần mềm-Chi tiết: Bán buôn phần mềm tin học; Bán buôn thiết bị tin học;4652: Bán buôn thiết bị",internet
315236665,CÔNG TY TNHH THƯƠNG MẠI DỊCH VỤ NINA SG,CÔNG TY TNHH THƯƠNG MẠI DỊCH V,Công ty trách nhiệm hữu hạn hai thành viên trở lên,"171 Nguyễn Thị Thập, Phường Tân Phú, Quận 7, Thành phố Hồ Chí Minh, Việt Nam",Quận 7,8292: Dịch vụ đóng gói-(trừ đóng gói thuốc bảo vệ thực vật).;8299: Hoạt động dịch vụ hỗ trợ kinh doanh khác còn lại chưa được phân vào đâu-Chi tiết: Xuất nhập khẩu các mặt hàng công ty kinh doanh;9511,internet
315355775,CÔNG TY TNHH TM DV ANDONG,CÔNG TY TNHH TM DV ANDONG,Công ty trách nhiệm hữu hạn một thành viên,"793/49/5 Trần Xuân Soạn, Phường Tân Hưng, Quận 7, Thành phố Hồ Chí Minh, Việt Nam",Quận 7,"1623: Sản xuất bao bì bằng gỗ-(không hoạt động tại trụ sở);2395: Sản xuất bê tông và các sản phẩm từ bê tông, xi măng và thạch cao-(không sản xuất tại trụ sở);1399: Sản xuất các loại hàng dệt khác chư",internet
315362701,CÔNG TY TNHH DỊCH VỤ THƯƠNG HIỆU PHƯƠNG ĐÔNG AD,CÔNG TY TNHH DỊCH VỤ THƯƠNG HI,Công ty trách nhiệm hữu hạn hai thành viên trở lên,"17 Lô H1, Đường Số 40, KDC Tân Quy Đông, Phường Tân Phong, Quận 7, Thành phố Hồ Chí Minh, Việt Nam",Quận 7,"6110: Hoạt động viễn thông có dây-(trừ cung cấp dịch vụ truy cập, truy nhập internet tại trụ sở);7310: Quảng cáo-;7990: Dịch vụ đặt chỗ và các dịch vụ hỗ trợ liên quan đến quảng bá và tổ chức tua du l",internet
315365639,CÔNG TY TNHH EHOME NETWORK,CÔNG TY TNHH EHOME NETWORK,Công ty trách nhiệm hữu hạn hai thành viên trở lên,"41 Đường số 52, Phường Tân Phong, Quận 7, Thành phố Hồ Chí Minh, Việt Nam",Quận 7,"6820: Tư vấn, môi giới, đấu giá bất động sản, đấu giá quyền sử dụng đất-Chi tiết: Tư vấn bất động sản, môi giới bất động sản (trừ tư vấn mang tính pháp lý);4610: Đại lý, môi giới, đấu giá hàng hóa-(Tr",internet
315409269,CÔNG TY TNHH THƯƠNG MẠI VÀ DỊCH VỤ CÔNG NGHỆ THÀNH LONG SOLUTIONS,CÔNG TY TNHH THƯƠNG MẠI VÀ DỊC,Công ty trách nhiệm hữu hạn hai thành viên trở lên,"Căn 12, Tầng 9 Dự Án Tòa Nhà Golden King,  Số 15 Nguyễn Lương Bằng, Phường Tân Phú, Quận 7, Thành phố Hồ Chí Minh, Việt Nam",Quận 7,"7410: Hoạt động thiết kế chuyên dụng-chi tiết: thiết kế website, thiết kế phần mềm, thiết kế hệ thống quản lý;4651: Bán buôn máy vi tính, thiết bị ngoại vi và phần mềm-chi tiết: Bán buôn camera, lapto",lap top
315359882,CÔNG TY TNHH ARC GROUP,CÔNG TY TNHH ARC GROUP,Công ty trách nhiệm hữu hạn hai thành viên trở lên,"M80 Hoàng Quốc Việt, Khu phố 1, Phường Phú Mỹ, Quận 7, Thành phố Hồ Chí Minh, Việt Nam",Quận 7,"4651: Bán buôn máy vi tính, thiết bị ngoại vi và phần mềm-;4741: Bán lẻ máy vi tính, thiết bị ngoại vi, phần mềm và thiết bị viễn thông trong các cửa hàng chuyên doanh-;5820: Xuất bản phần mềm-Chi tiế",internet
315412737,CÔNG TY TNHH HÂN ĐÔ,CÔNG TY TNHH HÂN ĐÔ,Công ty trách nhiệm hữu hạn một thành viên,"Số 2 Đường 16, Khu Him Lam, Phường Tân Hưng, Quận 7, Thành phố Hồ Chí Minh, Việt Nam",Quận 7,"7020: Hoạt động tư vấn quản lý-(trừ tư vấn tài chính, kế toán, pháp lý).;8620: Hoạt động của các phòng khám đa khoa, chuyên khoa và nha khoa-Chi tiết: Phòng khám chuyên khoa thẩm mỹ (trừ lưu trú bệnh ",internet
315389284,CÔNG TY TNHH THƯƠNG MẠI VÀ XUẤT NHẬP KHẨU HỒNG LỘC PHÁT,CÔNG TY TNHH THƯƠNG MẠI VÀ XUẤ,Công ty trách nhiệm hữu hạn một thành viên,"108-110 Hà Huy Tập, Phường Tân Phong, Quận 7, Thành phố Hồ Chí Minh, Việt Nam",Quận 7,"4632: Bán buôn thực phẩm-(không hoạt động tại trụ sở);4633: Bán buôn đồ uống-;4641: Bán buôn vải, hàng may mặc, giày dép-;4649: Bán buôn đồ dùng khác cho gia đình-(trừ kinh doanh dược phẩm).;4722: Bán",internet
315376415,CÔNG TY CỔ PHẦN DỊCH VỤ TƯ VẤN ĐẦU TƯ GIA HƯNG,CÔNG TY CỔ PHẦN DỊCH VỤ TƯ VẤN,Công ty cổ phần,"46 Đường 79, Phường Tân Quy, Quận 7, Thành phố Hồ Chí Minh, Việt Nam",Quận 7,"4649: Bán buôn đồ dùng khác cho gia đình-Chi tiết: Bán buôn sách, báo, tạp chí, văn phòng phẩm (có nội dung được phép lưu hành); Bán buôn văn phòng phẩm, hàng trang trí nội thất;1104: Sản xuất đồ uống",internet
315388266,CÔNG TY TNHH SWEEP,CÔNG TY TNHH SWEEP,Công ty trách nhiệm hữu hạn một thành viên,"46 Cao Triều Phát, Phường Tân Phong, Quận 7, Thành phố Hồ Chí Minh, Việt Nam",Quận 7,"8230: Tổ chức giới thiệu và xúc tiến thương mại-Chi tiết: Tổ chức sự kiện, hội nghị, hội thảo ( trừ sản xuất phim, phát sóng và không thực hiện các hiệu ứng cháy, nổ; không sử dụng chất nổ, chất cháy,",internet
315389157,CÔNG TY CỔ PHẦN ĐẦU TƯ Y TẾ TÂN THÀNH,CÔNG TY CỔ PHẦN ĐẦU TƯ Y TẾ TÂ,Công ty cổ phần,"Số 10, Đường Số 2, Hưng Gia 5, Phường Tân Phong, Quận 7, Thành phố Hồ Chí Minh, Việt Nam",Quận 7,"3250: Sản xuất thiết bị, dụng cụ y tế, nha khoa, chỉnh hình và phục hồi chức năng-(không hoạt động tại trụ sở); 5630: Dịch vụ phục vụ đồ uống-(trừ hoạt động quán bar và quán giải khát có khiêu vũ).;72",internet
315390794,CÔNG TY TNHH THƯƠNG HIỆU VÀ LUẬT,CÔNG TY TNHH THƯƠNG HIỆU VÀ LU,Công ty trách nhiệm hữu hạn hai thành viên trở lên,"R4-59 Đường Nội Khu Hưng Gia 3, Phường Tân Phong, Quận 7, Thành phố Hồ Chí Minh, Việt Nam",Quận 7,"1812: Dịch vụ liên quan đến in-; 4669: Bán buôn chuyên doanh khác chưa được phân vào đâu-Chi tiết: Bán buôn quà tặng lưu niệm; 4759: Bán lẻ đồ điện gia dụng, giường, tủ, bàn, ghế và đồ nội thất tương ",internet
315382419,CÔNG TY TNHH THƯƠNG MẠI KENGROUP,CÔNG TY TNHH THƯƠNG MẠI KENGRO,Công ty trách nhiệm hữu hạn một thành viên,"1310 A Huỳnh Tấn Phát, Phường Phú Mỹ, Quận 7, Thành phố Hồ Chí Minh, Việt Nam",Quận 7,5621: Cung cấp dịch vụ ăn uống theo hợp đồng không thường xuyên với khách hàng-;7310: Quảng cáo-;4632: Bán buôn thực phẩm-(Không hoạt động tại trụ sở);4633: Bán buôn đồ uống-;4722: Bán lẻ thực phẩm tr,internet
315392142,CÔNG TY TNHH THƯƠNG MẠI DỊCH VỤ MÔI TRƯỜNG THÀNH KHOA,CÔNG TY TNHH THƯƠNG MẠI DỊCH V,Công ty trách nhiệm hữu hạn một thành viên,"79/5 Huỳnh Tấn Phát, Tổ 41, Khu Phố 3, Phường Tân Thuận Đông, Quận 7, Thành phố Hồ Chí Minh, Việt Nam",Quận 7,"0220: Khai thác gỗ-Chi tiết: Khai thác, chế biến gỗ rừng trồng; khai thác chế biến cây cao su – cây keo – cây bạch đàn – cây tràm – cây khuynh điệp (không hoạt động tại trụ sở);1040: Sản xuất dầu, mỡ ",internet
315441696,CÔNG TY TNHH TRÒ CHƠI ĐIỆN TỬ NGUYÊN CƯỜNG,CÔNG TY TNHH TRÒ CHƠI ĐIỆN TỬ ,Công ty trách nhiệm hữu hạn một thành viên,"793/35C Đường Trần Xuân Soạn, Phường Tân Hưng, Quận 7, Thành phố Hồ Chí Minh, Việt Nam",Quận 7,6190: Hoạt động viễn thông khác-chi tiết: Hoạt động của các điểm truy cập internet. Điểm cung cấp dịch vụ trò chơi điện tử công cộng (trừ kinh doanh trò chơi điện tử có thưởng dành cho người nước ngoà,internet
315392978,CÔNG TY TNHH DUY KIM,CÔNG TY TNHH DUY KIM,Công ty trách nhiệm hữu hạn hai thành viên trở lên,"B10 Nguyễn Hữu Thọ, Khu dân cư Kim Sơn, Phường Tân Phong, Quận 7, Thành phố Hồ Chí Minh, Việt Nam",Quận 7,"8531: Đào tạo sơ cấp-;8532: Đào tạo trung cấp-(không hoạt động tại trụ sở);8533: Đào tạo cao đẳng-(không hoạt động tại trụ sở);1030: Chế biến và bảo quản rau quả-; 1104: Sản xuất đồ uống không cồn, nư",internet
315401245,CÔNG TY TNHH THƯƠNG MẠI DỊCH VỤ HBOT,CÔNG TY TNHH THƯƠNG MẠI DỊCH V,Công ty trách nhiệm hữu hạn hai thành viên trở lên,"Số 461 Huỳnh Tấn Phát, Phường Tân Thuận Đông, Quận 7, Thành phố Hồ Chí Minh, Việt Nam",Quận 7,"7810: Hoạt động của các trung tâm, đại lý tư vấn, giới thiệu và môi giới lao động, việc làm-chi tiết: Hoạt động của các đại lý tư vấn, giới thiệu và môi giới lao động, việc làm (trừ cho thuê lại lao đ",internet
315405793,CÔNG TY TNHH STARTUP ASSISTANT AZ,CÔNG TY TNHH STARTUP ASSISTANT,Công ty trách nhiệm hữu hạn một thành viên,"167/24/8 Huỳnh Tấn Phát, Phường Tân Thuận Đông, Quận 7, Thành phố Hồ Chí Minh, Việt Nam",Quận 7,"7020: Hoạt động tư vấn quản lý-(trừ tư vấn tài chính, kế toán, phát luật);8121: Vệ sinh chung nhà cửa-(trừ dịch vụ xông hơi, khử trùng); 8129: Vệ sinh công nghiệp và các công trình chuyên biệt-; 8110:",internet
315422848,CÔNG TY TNHH JOHN VINA,CÔNG TY TNHH JOHN VINA,Công ty trách nhiệm hữu hạn một thành viên,"86 Phan Khiêm Ích, khu phố Hưng Gia 2, Phường Tân Phong, Quận 7, Thành phố Hồ Chí Minh, Việt Nam",Quận 7,"4632: Bán buôn thực phẩm-Chi tiết: Bán buôn thực phẩm; xuất nhập khẩu thực phẩm (không hoạt động tại trụ sở) (CPC 622); 1075: Sản xuất món ăn, thức ăn chế biến sẵn-;1062: Sản xuất tinh bột và các sản ",internet
315450764,CÔNG TY TNHH GOLD SPRING T&L,CÔNG TY TNHH GOLD SPRING TL,Công ty trách nhiệm hữu hạn một thành viên,"Phòng B4. 20, Block B Tòa Nhà Sunrise City View, 33 Nguyễn Hữu Thọ, Phường Tân Hưng, Quận 7, Thành phố Hồ Chí Minh, Việt Nam",Quận 7,"4771: Bán lẻ hàng may mặc, giày dép, hàng da và giả da trong các cửa hàng chuyên doanh-Chi tiết: Bán lẻ quần áo, hàng may mặc trong các cửa hàng chuyên doanh; Bán lẻ giày dép trong các cửa hàng chuyên",internet
315439506,CÔNG TY TNHH GIẢI TRÍ ĐÔNG HƯNG,CÔNG TY TNHH GIẢI TRÍ ĐÔNG HƯN,Công ty trách nhiệm hữu hạn một thành viên,"118/7 đường Nguyễn Thị Thập, Phường Bình Thuận, Quận 7, Thành phố Hồ Chí Minh, Việt Nam",Quận 7,9329: Hoạt động vui chơi giải trí khác chưa được phân vào đâu-chi tiết: kinh doanh trò chơi điện tử (trừ hoạt động sàn nhảy; trừ kinh doanh trò chơi điện tử có thưởng dành cho người nước ngoài và kinh,internet
108156468,CÔNG TY CỔ PHẦN XUẤT NHẬP KHẨU HAPPY HOUSE,CÔNG TY CỔ PHẦN XUẤT NHẬP KHẨU,Công ty cổ phần,"696 Huỳnh Tấn Phát, Phường Tân Phú, Quận 7, Thành phố Hồ Chí Minh, Việt Nam",Quận 7,"2511: Sản xuất các cấu kiện kim loại-;0321: Nuôi trồng thuỷ sản biển-;0322: Nuôi trồng thuỷ sản nội địa-;1020: Chế biến, bảo quản thuỷ sản và các sản phẩm từ thuỷ sản-;1610: Cưa, xẻ, bào gỗ và bảo quả",internet
315446341,CÔNG TY TNHH ẨM THỰC GÓC PHỐ VIỆT,CÔNG TY TNHH ẨM THỰC GÓC PHỐ V,Công ty trách nhiệm hữu hạn hai thành viên trở lên,"24 Khu Star Hill, Lô C15B Đường Raymondienne, Phường Tân Phong, Quận 7, Thành phố Hồ Chí Minh, Việt Nam",Quận 7,"4723: Bán lẻ đồ uống trong các cửa hàng chuyên doanh-Chi tiết: Bán lẻ rượu, bia, nước giải khát trong các cửa hàng chuyên doanh;4711: Bán lẻ lương thực, thực phẩm, đồ uống, thuốc lá, thuốc lào chiếm t",internet
315435981,CÔNG TY TNHH VẠN TÍN ĐẠT,CÔNG TY TNHH VẠN TÍN ĐẠT,Công ty trách nhiệm hữu hạn hai thành viên trở lên,"K004 Lô K, Tầng 1, Khu dân cư City Land, 99 Nguyễn Thị Thập, Phường Tân Phú, Quận 7, Thành phố Hồ Chí Minh, Việt Nam",Quận 7,"4662: Bán buôn kim loại và quặng kim loại-(trừ mua bán vàng miếng);4663: Bán buôn vật liệu, thiết bị lắp đặt khác trong xây dựng-chi tiết: Bán buôn vật liệu, thiết bị lắp đặt bằng sắt, thép. Bán buôn ",internet
314843096,CÔNG TY TNHH DỊCH VỤ XUẤT NHẬP KHẨU VẬN TẢI SÀI GÒN THƯƠNG MẠI,CÔNG TY TNHH DỊCH VỤ XUẤT NHẬP,Công ty trách nhiệm hữu hạn một thành viên,"19 Đường số 8 Lý Phục Man, Phường Bình Thuận, Quận 7, Thành phố Hồ Chí Minh, Việt Nam",Quận 7,"1811: In ấn-(trừ in tráng bao bì kim loại, in trên các sản phẩm vải sợi, dệt, may, đan tại trụ sở);1812: Dịch vụ liên quan đến in-;5210: Kho bãi và lưu giữ hàng hóa-Chi tiết: Lưu giữ hàng hóa;5221: Ho",internet
315314867,CÔNG TY CP THƯƠNG MẠI GOODGOODS,CÔNG TY CP THƯƠNG MẠI GOODGOOD,Công ty cổ phần,"25 Đặng Đức Thuật, khu phố Mỹ Kim 1, Phường Tân Phong, Quận 7, Thành phố Hồ Chí Minh, Việt Nam",Quận 7,"4771: Bán lẻ hàng may mặc, giày dép, hàng da và giả da trong các cửa hàng chuyên doanh-;4773: Bán lẻ hàng hóa khác mới trong các cửa hàng chuyên doanh-Chi tiết: Bán lẻ đồng hồ, kính mắt trong các cửa ",internet
314866720,CÔNG TY TNHH AM HOLDINGS,CÔNG TY TNHH AM HOLDINGS,Công ty trách nhiệm hữu hạn một thành viên,"Số 44 Đường Số 1, Khu Phố 2, Phường Tân Phú, Quận 7, Thành phố Hồ Chí Minh, Việt Nam",Quận 7,9633: Hoạt động dịch vụ phục vụ hôn lễ-(trừ môi giới kết hôn);9639: Hoạt động dịch vụ phục vụ cá nhân khác còn lại chưa được phân vào đâu-Chi tiết: Dịch vụ giúp việc gia đình;9700: Hoạt động làm thuê ,internet
314882017,CÔNG TY TNHH KIWI FOOD,CÔNG TY TNHH KIWI FOOD,Công ty trách nhiệm hữu hạn một thành viên,"23 Hưng Thái 1, Phường Tân Phong, Quận 7, Thành phố Hồ Chí Minh, Việt Nam",Quận 7,"5629: Dịch vụ ăn uống khác-(trừ kinh doanh quán bar, quán giải khát có khiêu vũ);5630: Dịch vụ phục vụ đồ uống-(trừ kinh doanh quán bar, quán giải khát có khiêu vũ);7310: Quảng cáo-;8299: Hoạt động dị",internet
314943887,CÔNG TY TNHH ĐLVB,CÔNG TY TNHH ĐLVB,Công ty trách nhiệm hữu hạn một thành viên,"102 Đường Lâm Văn Bền, Tổ 12, Khu Phố 4, Phường Tân Kiểng, Quận 7, Thành phố Hồ Chí Minh, Việt Nam",Quận 7,9329: Hoạt động vui chơi giải trí khác chưa được phân vào đâu-Chi tiết: Kinh doanh trò chơi điện tử (trừ hoạt động sàn nhảy; trừ kinh doanh trò chơi điện tử có thưởng dành cho người nước ngoài và kinh,internet
314977910,CÔNG TY TNHH ĐT TM SG AN HƯNG,CÔNG TY TNHH ĐT TM SG AN HƯNG,Công ty trách nhiệm hữu hạn một thành viên,"35/20 Đường Bế Văn Cấm, Phường Tân Kiểng, Quận 7, Thành phố Hồ Chí Minh, Việt Nam",Quận 7,"2219: Sản xuất sản phẩm khác từ cao su-(không hoạt động tại trụ sở);4773: Bán lẻ hàng hóa khác mới trong các cửa hàng chuyên doanh-Chi tiết: Bán lẻ hóa chất trong lĩnh vực nông nghiệp, công nghiệp và ",internet
314981184,DOANH NGHIỆP TƯ NHÂN DỊCH VỤ NEW INTER TRADE SERVICE,DOANH NGHIỆP TƯ NHÂN DỊCH VỤ N,Doanh nghiệp tư nhân,"15 R4 – 89 Hưng Gia 2, Phường Tân Phong, Quận 7, Thành phố Hồ Chí Minh, Việt Nam",Quận 7,"6190: Hoạt động viễn thông khác-Chi tiết: Đại lý cung cấp dịch vụ truy cập internet, cung cấp dịch vụ trò chơi điện tử công cộng (Trừ kinh doanh trò chơi điện tử có thưởng dành cho người nước ngoài và",internet
315406902,CÔNG TY TNHH THIÊN ĐỨC PHARMA,CÔNG TY TNHH THIÊN ĐỨC PHARMA,Công ty trách nhiệm hữu hạn hai thành viên trở lên,"164/20 Đường số 1, Phường Tân Phú, Quận 7, Thành phố Hồ Chí Minh, Việt Nam",Quận 7,"4649: Bán buôn đồ dùng khác cho gia đình-Chi tiết: Bán buôn, xuất nhập khẩu hóa chất (không tồn trữ hóa chất tại trụ sở);4669: Bán buôn chuyên doanh khác chưa được phân vào đâu-(trừ bán buôn bình gas,",internet
315020779,CÔNG TY TNHH THƯƠNG MẠI DỊCH VỤ XÂY LẮP HOÀNG ANH TUẤN,CÔNG TY TNHH THƯƠNG MẠI DỊCH V,Công ty trách nhiệm hữu hạn một thành viên,"31/2A Đường Nguyễn Thị Thập, Khu phố 3, Phường Bình Thuận, Quận 7, Thành phố Hồ Chí Minh, Việt Nam",Quận 7,4100: Xây dựng nhà các loại-;4210: Xây dựng công trình đường sắt và đường bộ-;4220: Xây dựng công trình công ích-Chi tiết: Xây dựng công trình viễn thông;4290: Xây dựng công trình kỹ thuật dân dụng kh,internet
315421114,CÔNG TY TNHH THƯƠNG MẠI DỊCH VỤ KỸ THUẬT CÔNG NGHỆ HỒNG QUANG,CÔNG TY TNHH THƯƠNG MẠI DỊCH V,Công ty trách nhiệm hữu hạn hai thành viên trở lên,"23B Đường 66, khu dân cư Tân Quy Đông, Phường Tân Phong, Quận 7, Thành phố Hồ Chí Minh, Việt Nam",Quận 7,"4791: Bán lẻ theo yêu cầu đặt hàng qua bưu điện hoặc internet-(trừ bán lẻ bình gas, súng, đạn loại dùng đi săn hoặc thể thao, tiền kim khí và mua bán vàng miếng; thực hiện theo Quyết định 64/2009/QĐ-U",internet
315088287,CÔNG TY TNHH THƯƠNG MẠI DỊCH VỤ DAON VINA,CÔNG TY TNHH THƯƠNG MẠI DỊCH V,Công ty trách nhiệm hữu hạn một thành viên,"E18 Đường 5B, Phường Tân Hưng, Quận 7, Thành phố Hồ Chí Minh, Việt Nam",Quận 7,"4661: Bán buôn nhiên liệu rắn, lỏng, khí và các sản phẩm liên quan-Chi tiết: Bán buôn viên nén nhiên liệu sinh học; xuất nhập khẩu viên nén nhiên liệu sinh học; Bán buôn viên gỗ nén, gỗ ép; xuất nhập ",internet
315429794,CÔNG TY TNHH ĐẦU TƯ ALAN,CÔNG TY TNHH ĐẦU TƯ ALAN,Công ty trách nhiệm hữu hạn một thành viên,"890 Đào Trí, Phường Phú Thuận, Quận 7, Thành phố Hồ Chí Minh, Việt Nam",Quận 7,"4791: Bán lẻ theo yêu cầu đặt hàng qua bưu điện hoặc internet-Chi tiết: Đồ dùng gia dụng, trang trí nội, ngoại thất (thực hiện theo quyết định 64/2009/QĐ-UBND ngày 31/07/2009 và quyết định 79/2009/QĐ-",internet
315114716,CÔNG TY TRÁCH NHIỆM HỮU HẠN KHANH INITIAL,CÔNG TY TRÁCH NHIỆM HỮU HẠN KH,Công ty trách nhiệm hữu hạn hai thành viên trở lên,"72/1E Tân Mỹ, Phường Tân Thuận Tây, Quận 7, Thành phố Hồ Chí Minh, Việt Nam",Quận 7,"7020: Hoạt động tư vấn quản lý-(trừ tư vấn tài chính, kế toán, pháp luật).;5610: Nhà hàng và các dịch vụ ăn uống phục vụ lưu động-Chi tiết: Nhà hàng, quán ăn;5630: Dịch vụ phục vụ đồ uống-Chi tiết: Ho",internet
315430937,CÔNG TY TNHH HCM AROMA,CÔNG TY TNHH HCM AROMA,Công ty trách nhiệm hữu hạn một thành viên,"38, Đường Nội Khu Hưng Gia 1, Phú Mỹ Hưng, Phường Tân Phong, Quận 7, Thành phố Hồ Chí Minh, Việt Nam",Quận 7,"4649: Bán buôn đồ dùng khác cho gia đình-Chi tiết: Bán buôn dược phẩm và dụng cụ y tế; Bán buôn dược phẩm; Bán buôn nước hoa, hàng mỹ phẩm và chế phẩm vệ sinh; Bán buôn băng, đĩa CD, DVD đã ghi âm tha",internet
315433416,CÔNG TY TNHH EASY TRANSFER,CÔNG TY TNHH EASY TRANSFER,Công ty trách nhiệm hữu hạn một thành viên,"462 Phạm Thái Bường, Phường Tân Phong, Quận 7, Thành phố Hồ Chí Minh, Việt Nam",Quận 7,"7020: Hoạt động tư vấn quản lý-Chi tiết: Dịch vụ tư vấn quản lý (trừ tư vấn tài chính, kế toán, pháp lý);;4659: Bán buôn máy móc, thiết bị và phụ tùng máy khác-;4651: Bán buôn máy vi tính, thiết bị ng",internet
315156360,CÔNG TY TNHH MỘT THÀNH VIÊN TM-DV Ô TÔ VĂN,CÔNG TY TNHH MỘT THÀNH VIÊN TM,Công ty trách nhiệm hữu hạn một thành viên,"1321/3/12 Huỳnh Tấn Phát, Phường Phú Thuận, Quận 7, Thành phố Hồ Chí Minh, Việt Nam",Quận 7,"4530: Bán phụ tùng và các bộ phận phụ trợ của ô tô và xe có động cơ khác-Chi tiết: Bán buôn, bán lẻ và đại lý phụ tùng, các bộ phận phụ trợ của ô tô và xe có động cơ khác; Bán buôn các loại phụ tùng, ",internet
315176575,CÔNG TY TNHH ĐẦU TƯ VÀ PHÁT TRIỂN PHÚ LÊ ĐIỀN,CÔNG TY TNHH ĐẦU TƯ VÀ PHÁT TR,Công ty trách nhiệm hữu hạn hai thành viên trở lên,"16 đường 14, Khu dân cư Phú Mỹ, Phường Phú Mỹ, Quận 7, Thành phố Hồ Chí Minh, Việt Nam",Quận 7,"6820: Tư vấn, môi giới, đấu giá bất động sản, đấu giá quyền sử dụng đất-Chi tiết: Tư vấn, môi giới, quản lý bất động sản (trừ tư vấn mang tính pháp lý).;6810: Kinh doanh bất động sản, quyền sử dụng đấ",internet
315217895,CÔNG TY CỔ PHẦN VIỆT NAM VTP,CÔNG TY CỔ PHẦN VIỆT NAM VTP,Công ty cổ phần,"Số nhà B1-35, Đường Nội Khu 1, Khu Nam Viên, Phú Mỹ Hưng, Phường Tân Phú, Quận 7, Thành phố Hồ Chí Minh, Việt Nam",Quận 7,"7310: Quảng cáo-(CPC 871);7320: Nghiên cứu thị trường và thăm dò dư luận-Chi tiết: Nghiên cứu thị trường.
(CPC 86401);4690: Bán buôn tổng hợp-Chi tiết: Thực hiện quyền xuất khẩu, quyền nhập khẩu, quyề",internet
315449423,CÔNG TY TNHH TRÒ CHƠI ĐIỆN TỬ THANH TÒNG,CÔNG TY TNHH TRÒ CHƠI ĐIỆN TỬ ,Công ty trách nhiệm hữu hạn một thành viên,"1041/62/132A  Đường Trần Xuân Soạn, Phường Tân Hưng, Quận 7, Thành phố Hồ Chí Minh, Việt Nam",Quận 7,6492: Hoạt động cấp tín dụng khác-chi tiết: Dịch vụ cầm đồ;9329: Hoạt động vui chơi giải trí khác chưa được phân vào đâu-chi tiết: Kinh doanh trò chơi điện tử (trừ kinh doanh trò chơi điện tử có thưởn,internet
315231226,CÔNG TY CỔ PHẦN XUẤT NHẬP KHẨU HEALTHY LIFE,CÔNG TY CỔ PHẦN XUẤT NHẬP KHẨU,Công ty cổ phần,"198/34A Nguyễn Văn Linh, Phường Tân Thuận Tây, Quận 7, Thành phố Hồ Chí Minh, Việt Nam",Quận 7,"4669: Bán buôn chuyên doanh khác chưa được phân vào đâu-(trừ bán buôn bình gas, khí dầu mỏ hóa lỏng LPG, dầu nhớt cặn, vàng miếng, súng, đạn loại dùng đi săn hoặc thể thao và tiền kim khí; trừ bán buô",internet
315255925,CÔNG TY TNHH THƯƠNG MẠI DỊCH VỤ VÀ XUẤT NHẬP KHẨU KIM PHÚ,CÔNG TY TNHH THƯƠNG MẠI DỊCH V,Công ty trách nhiệm hữu hạn một thành viên,"69 Đường số 1, Phường Tân Kiểng, Quận 7, Thành phố Hồ Chí Minh, Việt Nam",Quận 7,"4722: Bán lẻ thực phẩm trong các cửa hàng chuyên doanh-Chi tiết: Bán lẻ thịt và các sản phẩm từ thịt trong các cửa hàng chuyên doanh; Bán lẻ thủy sản trong các cửa hàng chuyên doanh; Bán lẻ rau, quả t",internet
315319343,CÔNG TY TNHH MỘT THÀNH VIÊN TƯ VẤN SÁNG TẠO VH,CÔNG TY TNHH MỘT THÀNH VIÊN TƯ,Công ty trách nhiệm hữu hạn một thành viên,"phòng 505, lầu 5, số 85 Hoàng Văn Thái, Phường Tân Phú, Quận 7, Thành phố Hồ Chí Minh, Việt Nam",Quận 7,"4791: Bán lẻ theo yêu cầu đặt hàng qua bưu điện hoặc internet-Chi tiết: Thực hiện quyền xuất khẩu, quyền nhập khẩu, quyền phân phối bán lẻ các hàng hóa không thuộc danh mục hàng hóa cấm xuất khẩu, cấm",internet
315339290,CÔNG TY TNHH TẬP ĐOÀN THÁI THỊNH,CÔNG TY TNHH TẬP ĐOÀN THÁI THỊ,Công ty trách nhiệm hữu hạn một thành viên,"502/118 Huỳnh Tấn Phát, Phường Bình Thuận, Quận 7, Thành phố Hồ Chí Minh, Việt Nam",Quận 7,"4321: Lắp đặt hệ thống điện-;4322: Lắp đặt hệ thống cấp, thoát nước, hệ thống sưởi và điều hoà không khí-(trừ gia công cơ khí, tái chế phế thải, xi mạ điện tại trụ sở) (trừ lắp đặt các thiết bị lạnh (",internet
315349958,CÔNG TY TNHH TƯ VẤN THIẾT KẾ XÂY DỰNG KIẾN NGUYÊN,CÔNG TY TNHH TƯ VẤN THIẾT KẾ X,Công ty trách nhiệm hữu hạn một thành viên,"11 Đường 61, Phường Tân Kiểng, Quận 7, Thành phố Hồ Chí Minh, Việt Nam",Quận 7,"4101: Xây dựng nhà để ở-;4102: Xây dựng nhà không để ở-;4322: Lắp đặt hệ thống cấp, thoát nước, hệ thống sưởi và điều hoà không khí-(trừ lắp đặt các thiết bị điện lạnh (thiết bị cấp đông, kho lạnh, má",internet
315438693,CÔNG TY TNHH VIETKOR LINE,CÔNG TY TNHH VIETKOR LINE,Công ty trách nhiệm hữu hạn một thành viên,"257/13 Nguyễn Thị Thập, Phường Tân Phú, Quận 7, Thành phố Hồ Chí Minh, Việt Nam",Quận 7,5630: Dịch vụ phục vụ đồ uống-Chi tiết: Quán cà phê; Dịch vụ phục vụ đồ uống (trừ hoạt động quán bar và quán giải khát có khiêu vũ). (CPC 643);5610: Nhà hàng và các dịch vụ ăn uống phục vụ lưu động-Ch,internet
315458918,CÔNG TY TNHH  THƯƠNG MẠI DỊCH VỤ CÔ TIÊN,CÔNG TY TNHH  THƯƠNG MẠI DỊCH ,Công ty trách nhiệm hữu hạn một thành viên,"70 Đường 53, Phường Tân Phong, Quận 7, Thành phố Hồ Chí Minh, Việt Nam",Quận 7,4330: Hoàn thiện công trình xây dựng-;4390: Hoạt động xây dựng chuyên dụng khác-;4511: Bán buôn ô tô và xe có động cơ khác-;4512: Bán lẻ ô tô con (loại 9 chỗ ngồi trở xuống)-;4513: Đại lý ô tô và xe c,internet
315460579,CÔNG TY CỔ PHẦN MANBOOK,CÔNG TY CỔ PHẦN MANBOOK,Công ty cổ phần,"242 Phạm Hữu Lầu, Khu phố 2, Phường Phú Mỹ, Quận 7, Thành phố Hồ Chí Minh, Việt Nam",Quận 7,"2731: Sản xuất dây cáp, sợi cáp quang học-(không hoạt động tại trụ sở).; 2732: Sản xuất dây, cáp điện và điện tử khác-(không hoạt động tại trụ sở).; 2733: Sản xuất thiết bị dây dẫn điện các loại-(khôn",internet
315477526,CÔNG TY TNHH ABAZAN VIỆT NAM,CÔNG TY TNHH ABAZAN VIỆT NAM,Công ty trách nhiệm hữu hạn hai thành viên trở lên,"Số 01 Đường số 03, Phường Tân Kiểng, Quận 7, Thành phố Hồ Chí Minh, Việt Nam",Quận 7,"4690: Bán buôn tổng hợp-chi tiết: bán buôn thực phẩm (không hoạt động tại trụ sở), đồ dùng cho gia đình (trừ kinh doanh dược phẩm).; 4719: Bán lẻ  khác trong các cửa hàng kinh doanh tổng hợp-(trừ bán ",internet
315483537,CÔNG TY TNHH DỊCH VỤ LUCKY GAME,CÔNG TY TNHH DỊCH VỤ LUCKY GAM,Công ty trách nhiệm hữu hạn một thành viên,"525 Lê Văn Lương, Phường Tân Phong, Quận 7, Thành phố Hồ Chí Minh, Việt Nam",Quận 7,"7730: Cho thuê máy móc, thiết bị và đồ dùng hữu hình khác không kèm người điều khiển-;4659: Bán buôn máy móc, thiết bị và phụ tùng máy khác-Chi tiết: Bán buôn máy móc, thiết bị, linh kiện máy trò chơi",internet
315456290,CÔNG TY TNHH KHANG HƯNG PHÁT,CÔNG TY TNHH KHANG HƯNG PHÁT,Công ty trách nhiệm hữu hạn hai thành viên trở lên,"35 Nguyễn Văn Quỳ, Phường Tân Thuận Đông, Quận 7, Thành phố Hồ Chí Minh, Việt Nam",Quận 7,"2011: Sản xuất hoá chất cơ bản-(không hoạt động tại trụ sở);2023: Sản xuất mỹ phẩm, xà phòng, chất tẩy rửa, làm bóng và chế phẩm vệ sinh-(không hoạt động tại trụ sở);2620: Sản xuất máy vi tính và thiế",internet
315461886,CÔNG TY TNHH THƯƠNG MẠI DỊCH VỤ INTERNET TRÒ CHƠI ĐIỆN TỬ ĐẠI HỒNG PHÁT,CÔNG TY TNHH THƯƠNG MẠI DỊCH V,Công ty trách nhiệm hữu hạn một thành viên,"1005/26 Trần Xuân Soạn, Khu phố 3, Phường Tân Hưng, Quận 7, Thành phố Hồ Chí Minh, Việt Nam",Quận 7,9329: Hoạt động vui chơi giải trí khác chưa được phân vào đâu-chi tiết: Kinh doanh trò chơi điện tử (trừ hoạt động kinh doanh trò chơi điện tử có thưởng dành cho người nước ngoài và kinh doanh trò chơ,internet
315463298,CÔNG TY CỔ PHẦN VINSTEA VIỆT NAM,CÔNG TY CỔ PHẦN VINSTEA VIỆT N,Công ty cổ phần,"1194 Huỳnh Tấn Phát, Phường Phú Mỹ, Quận 7, Thành phố Hồ Chí Minh, Việt Nam",Quận 7,4722: Bán lẻ thực phẩm trong các cửa hàng chuyên doanh-(thực hiện theo quyết định 64/2009/QĐ-UBND ngày 31/7/2009 và quyết định 79/2009/QĐ-UBND ngày 17/1/2009 của UBND TPHCM về phê duyệt kinh doanh nôn,internet
315464686,CÔNG TY CỔ PHẦN TẬP ĐOÀN ĐẦU TƯ VÀ PHÁT TRIỂN GIA HƯNG,CÔNG TY CỔ PHẦN TẬP ĐOÀN ĐẦU T,Công ty cổ phần,"395/9 đường số 79, Phường Tân Quy, Quận 7, Thành phố Hồ Chí Minh, Việt Nam",Quận 7,"4784: Bán lẻ thiết bị gia đình khác lưu động hoặc tại chợ-;4791: Bán lẻ theo yêu cầu đặt hàng qua bưu điện hoặc internet-(trừ bán lẻ bình gas, khí dầu mỏ hóa lỏng LPG, dầu nhớt cặn, vàng ",internet
315484509,CÔNG TY CỔ PHẦN HOTIT,CÔNG TY CỔ PHẦN HOTIT,Công ty cổ phần,"Số 28 Đường 25A, Phường Tân Quy, Quận 7, Thành phố Hồ Chí Minh, Việt Nam",Quận 7,"9000: Hoạt động sáng tác, nghệ thuật và giải trí-(trừ kinh doanh vũ trường, phòng trà ca nhạc và không thực hiện các hiệu ứng cháy, nổ; không sử dụng chất nổ, chất cháy, hóa chất làm đạo cụ, dụng cụ t",internet
315483858,CÔNG TY CỔ PHẦN SAG VN,CÔNG TY CỔ PHẦN SAG VN,Công ty cổ phần,"36 Đường Số 3, Khu Đô Thị Mới Him Lam, Phường Tân Hưng, Quận 7, Thành phố Hồ Chí Minh, Việt Nam",Quận 7,7020: Hoạt động tư vấn quản lý-Chi tiết: Dịch vụ tư vấn quản lý chung; Dịch vụ tư vấn quản lý khác (CPC: 86509; 86501); 4649: Bán buôn đồ dùng khác cho gia đình-Chi tiết: Thực hiện quyền phân phối bán,internet
315503423,CÔNG TY CỔ PHẦN GIẢI PHÁP VÀ TRUYỀN THÔNG VTVBROADCOM,CÔNG TY CỔ PHẦN GIẢI PHÁP VÀ T,Công ty cổ phần,"54 đường số 7, Khu đô thị mới Him Lam, Phường Tân Hưng, Quận 7, Thành phố Hồ Chí Minh, Việt Nam",Quận 7,"3312: Sửa chữa máy móc, thiết bị-;3313: Sửa chữa thiết bị điện tử và quang học-;3314: Sửa chữa thiết bị điện-;3320: Lắp đặt máy móc và thiết bị công nghiệp-;4101: Xây dựng nhà để ở-;4102: Xây dựng nhà",internet
315513735,CÔNG TY TNHH P3H,CÔNG TY TNHH P3H,Công ty trách nhiệm hữu hạn hai thành viên trở lên,"49 Đường 39, Phường Tân Quy, Quận 7, Thành phố Hồ Chí Minh, Việt Nam",Quận 7,"4649: Bán buôn đồ dùng khác cho gia đình-;4651: Bán buôn máy vi tính, thiết bị ngoại vi và phần mềm-;4652: Bán buôn thiết bị và linh kiện điện tử, viễn thông-;4663: Bán buôn vật liệu, thiết bị lắp đặt",internet
315514400,CÔNG TY TNHH THOMAS VÀ NHỮNG NGƯỜI BẠN,CÔNG TY TNHH THOMAS VÀ NHỮNG N,Công ty trách nhiệm hữu hạn một thành viên,"47 Đường 47, Phường Bình Thuận, Quận 7, Thành phố Hồ Chí Minh, Việt Nam",Quận 7,"4641: Bán buôn vải, hàng may mặc, giày dép-Chi tiết: Bán buôn thảm, đệm, chăn, màn, rèm, ga trải giường, gối và hàng dệt khác. Bán buôn hàng may mặc. Bán buôn giày dép.;4649: Bán buôn đồ dùng khác cho",internet
315497064,CÔNG TY TNHH THƯƠNG MẠI DỊCH VỤ GAME 368,CÔNG TY TNHH THƯƠNG MẠI DỊCH V,Công ty trách nhiệm hữu hạn một thành viên,"163A Huỳnh Tấn Phát, Khu Phố 4, Phường Tân Thuận Đông, Quận 7, Thành phố Hồ Chí Minh, Việt Nam",Quận 7,9329: Hoạt động vui chơi giải trí khác chưa được phân vào đâu-Chi tiết: Kinh doanh trò chơi điện tử (trừ kinh doanh trò chơi điện tử có thưởng dành cho người nước ngoài và kinh doanh trò chơi điện tử ,lap top
315521493,CÔNG TY TNHH LNF VINA,CÔNG TY TNHH LNF VINA,Công ty trách nhiệm hữu hạn một thành viên,"33-35-37 Đường Nội khu Hưng Phước 4, Phường Tân Phong, Quận 7, Thành phố Hồ Chí Minh, Việt Nam",Quận 7,"4791: Bán lẻ theo yêu cầu đặt hàng qua bưu điện hoặc internet-(trừ bán lẻ hóa chất, khí dầu mỏ hóa lỏng LPG, dầu nhớt cặn, vàng miếng, súng, đạn loại dùng đi săn hoặc thể thao và tiền kim khí; Thực hi",internet
315535150,CÔNG TY TNHH MỘT THÀNH VIÊN VUA NỘI TRỢ,CÔNG TY TNHH MỘT THÀNH VIÊN VU,Công ty trách nhiệm hữu hạn một thành viên,"Trung Tâm Thương Mại Thiên Sơn Plaza, 800 Nguyễn Văn Linh, Phường Tân Phú, Quận 7, Thành phố Hồ Chí Minh, Việt Nam",Quận 7,"4632: Bán buôn thực phẩm-(không hoạt động tại trụ sở).;4649: Bán buôn đồ dùng khác cho gia đình-(trừ kinh doanh dược phẩm).;4659: Bán buôn máy móc, thiết bị và phụ tùng máy khác-;4669: Bán buôn chuyên",internet
315550127,CÔNG TY TNHH THƯƠNG MẠI DỊCH VỤ DU LỊCH & VẬN TẢI TRÍ TUỆ VIỆT,CÔNG TY TNHH THƯƠNG MẠI DỊCH V,Công ty trách nhiệm hữu hạn hai thành viên trở lên,"209/5/3 Trần Xuân Soạn, Phường Tân Thuận Tây, Quận 7, Thành phố Hồ Chí Minh, Việt Nam",Quận 7,"1430: Sản xuất trang phục dệt kim, đan móc-; 1811: In ấn-Chi tiết: In trên vải, quần áo.; 1812: Dịch vụ liên quan đến in-; 4610: Đại lý, môi giới, đấu giá hàng hóa-Chi tiết: Đại lý bán hàng hóa. Môi g",internet
315552082,CÔNG TY CỔ PHẦN THIẾT BỊ CÔNG NGHỆ NHẬT BẢN HOMETECH,CÔNG TY CỔ PHẦN THIẾT BỊ CÔNG ,Công ty cổ phần,"75 Đường Số 21, Phường Tân Quy, Quận 7, Thành phố Hồ Chí Minh, Việt Nam",Quận 7,"4659: Bán buôn máy móc, thiết bị và phụ tùng máy khác-Chi tiết: Bán buôn thiết bị nhà bếp, thiết bị vệ sinh, thiết bị trang trí nội thất; Bán buôn máy móc, thiết bị và phụ tùng năng lượng mặt trời, cơ",internet
315538909,CÔNG TY CỔ PHẦN ĐẦU TƯ PHÁT TRIỂN KHU CÔNG NGHIỆP CẢNG PHÚ YÊN,CÔNG TY CỔ PHẦN ĐẦU TƯ PHÁT TR,Công ty cổ phần,"A2-1 đường số 22, Khu phố Mỹ Phú, Phường Tân Phú, Quận 7, Thành phố Hồ Chí Minh, Việt Nam",Quận 7,"6810: Kinh doanh bất động sản, quyền sử dụng đất thuộc chủ sở hữu, chủ sử dụng hoặc đi thuê-Chi tiết: Kinh doanh bất động sản;0118: Trồng rau, đậu các loại và trồng hoa-;0129: Trồng cây lâu năm  khác-",internet
315538345,CÔNG TY TNHH PRIME HOME,CÔNG TY TNHH PRIME HOME,Công ty trách nhiệm hữu hạn một thành viên,"Tầng 1, Số 197 Huỳnh Tấn Phát, Phường Tân Thuận Đông, Quận 7, Thành phố Hồ Chí Minh, Việt Nam",Quận 7,"4101: Xây dựng nhà để ở-;4102: Xây dựng nhà không để ở-;4211: Xây dựng công trình đường sắt-;4212: Xây dựng công trình đường bộ-;4221: Xây dựng công trình điện-;4222: Xây dựng công trình cấp, thoát nư",internet
315544116,CÔNG TY TNHH NEW ZEALAND DIRECT,CÔNG TY TNHH NEW ZEALAND DIREC,Công ty trách nhiệm hữu hạn hai thành viên trở lên,"Số 3, Đường số 6, Khu đô thị Him Lam, Phường Tân Hưng, Quận 7, Thành phố Hồ Chí Minh, Việt Nam",Quận 7,4722: Bán lẻ thực phẩm trong các cửa hàng chuyên doanh-Chi tiết: Bán lẻ các loại thực phẩm chức năng và thực phẩm tăng cường vi chất dinh dưỡng (thực hiện theo Quyết định số 64/2009/QĐ-UBND ngày 31/07,internet
315546836,CÔNG TY TNHH ĐẦU TƯ GOLDEN LIFE,CÔNG TY TNHH ĐẦU TƯ GOLDEN LIF,Công ty trách nhiệm hữu hạn một thành viên,"38A Nguyễn Thị Thập, Phường Bình Thuận, Quận 7, Thành phố Hồ Chí Minh, Việt Nam",Quận 7,4390: Hoạt động xây dựng chuyên dụng khác-Chi tiết: Khoan cắt bê tông (không hoạt động tại trụ sở).;2829: Sản xuất máy chuyên dụng khác-Chi tiết: Sản xuất máy biến thế (không hoạt động tại trụ sở).;32,internet
315557154,CÔNG TY TNHH M&R VINA,CÔNG TY TNHH MR VINA,Công ty trách nhiệm hữu hạn hai thành viên trở lên,"số 6, Lê Văn Thiêm, Khu dân cư Phú Mỹ Hưng, Phường Tân Phong, Quận 7, Thành phố Hồ Chí Minh, Việt Nam",Quận 7,"4741: Bán lẻ máy vi tính, thiết bị ngoại vi, phần mềm và thiết bị viễn thông trong các cửa hàng chuyên doanh-(CPC 632);4641: Bán buôn vải, hàng may mặc, giày dép-Chi tiết: Bán buôn vải, hàng may mặc; ",internet
315552741,CÔNG TY TNHH DỊCH VỤ CÔNG NGHỆ KENO,CÔNG TY TNHH DỊCH VỤ CÔNG NGHỆ,Công ty trách nhiệm hữu hạn một thành viên,"Phòng I2, Tầng 9 Golden King, số 15 đường Nguyễn Lương Bằng, Phường Tân Phú, Quận 7, Thành phố Hồ Chí Minh, Việt Nam",Quận 7,"4610: Đại lý, môi giới, đấu giá hàng hóa-chi tiết: Đại lý, môi giới (trừ môi giới bảo hiểm);4651: Bán buôn máy vi tính, thiết bị ngoại vi và phần mềm-;4652: Bán buôn thiết bị và linh kiện điện tử, viễ",internet
315550751,CÔNG TY TNHH ĐẦU TƯ NEW CENTURY,CÔNG TY TNHH ĐẦU TƯ NEW CENTUR,Công ty trách nhiệm hữu hạn một thành viên,"92 Đường 28, Khu dân cư An Phú Hưng, Phường Tân Phong, Quận 7, Thành phố Hồ Chí Minh, Việt Nam",Quận 7,"3822: Xử lý và tiêu huỷ rác thải độc hại-Chi tiết: Xử lý rác y tế, hoạt động của các phương tiện xử lý và tiêu hủy rác thải từ các cơ sở y tế, rác thải độc hại khác (không hoạt động tại trụ sở).;3830:",internet
315555735,CÔNG TY TNHH HHAL,CÔNG TY TNHH HHAL,Công ty trách nhiệm hữu hạn hai thành viên trở lên,"Số 27 lô N, đường số 14, khu dân cư Phú Mỹ, Phường Phú Mỹ, Quận 7, Thành phố Hồ Chí Minh, Việt Nam",Quận 7,"5510: Dịch vụ lưu trú ngắn ngày-Chi tiết: Khách sạn, biệt thự du lịch, căn hộ du lịch, nhà nghỉ du lịch, nhà ở có phòng cho khách du lịch thuê (không hoạt động tại trụ sở);5610: Nhà hàng và các dịch v",internet
315568170,CÔNG TY TNHH H&P RETAIL,CÔNG TY TNHH HP RETAIL,Công ty trách nhiệm hữu hạn một thành viên,"Số 60 Đường D1, Khu đô thị Him Lam, Phường Tân Hưng, Quận 7, Thành phố Hồ Chí Minh, Việt Nam",Quận 7,"4690: Bán buôn tổng hợp-(trừ bán buôn bình gas, khí dầu mỏ hóa lỏng LPG, dầu nhớt cặn, vàng miếng, súng, đạn loại dùng đi săn hoặc thể thao và tiền kim khí; trừ bán buôn hóa chất tại trụ sở; Thực hiện",internet
315571328,CÔNG TY TNHH INTERNET - TRÒ CHƠI ĐIỆN TỬ NGỌC PHÁT,CÔNG TY TNHH INTERNET  TRÒ CHƠ,Công ty trách nhiệm hữu hạn một thành viên,"21 Đường Số 9, Phường Tân Kiểng, Quận 7, Thành phố Hồ Chí Minh, Việt Nam",Quận 7,9329: Hoạt động vui chơi giải trí khác chưa được phân vào đâu-Chi tiết: kinh doanh trò chơi điện tử (trừ kinh doanh trò chơi điện tử có thưởng dành cho người nước ngoài và kinh doanh trò chơi có thưởn,internet
315519991,CÔNG TY TNHH GYNNI VIỆT NAM,CÔNG TY TNHH GYNNI VIỆT NAM,Công ty trách nhiệm hữu hạn một thành viên,"Số 14 Đường 73, Phường Tân Phong, Quận 7, Thành phố Hồ Chí Minh, Việt Nam",Quận 7,0146: Chăn nuôi gia cầm-(không hoạt động tại trụ sở).;0311: Khai thác thuỷ sản biển-(không hoạt động tại trụ sở).;0312: Khai thác thuỷ sản nội địa-(không hoạt động tại trụ sở).;0321: Nuôi trồng thuỷ s,internet
315544814,CÔNG TY TNHH KS BIZ-NETWORK,CÔNG TY TNHH KS BIZNETWORK,Công ty trách nhiệm hữu hạn một thành viên,"Số 7 Đường số 4 , Phường Tân Kiểng, Quận 7, Thành phố Hồ Chí Minh, Việt Nam",Quận 7,"4649: Bán buôn đồ dùng khác cho gia đình-( CPC 622 ); 4772: Bán lẻ thuốc, dụng cụ y tế, mỹ phẩm và vật phẩm vệ sinh trong các cửa hàng chuyên doanh-Chi tiết: Bán lẻ dụng cụ y tế, mỹ phẩm và vật phẩm v",network
315559218,CÔNG TY TNHH LÊ NGUYỄN SÀI GÒN FOOD,CÔNG TY TNHH LÊ NGUYỄN SÀI GÒN,Công ty trách nhiệm hữu hạn một thành viên,"51 Đường 49, Phường Bình Thuận, Quận 7, Thành phố Hồ Chí Minh, Việt Nam",Quận 7,"4649: Bán buôn đồ dùng khác cho gia đình-;4633: Bán buôn đồ uống-;4659: Bán buôn máy móc, thiết bị và phụ tùng máy khác-;4653: Bán buôn máy móc, thiết bị và phụ tùng máy nông nghiệp-;4651: Bán buôn má",internet
315576608,CÔNG TY TNHH SMART PC,CÔNG TY TNHH SMART PC,Công ty trách nhiệm hữu hạn một thành viên,"01 Đường số 67, Khu dân cư Tân Quy Đông, Phường Tân Phong, Quận 7, Thành phố Hồ Chí Minh, Việt Nam",Quận 7,6190: Hoạt động viễn thông khác-Chi tiết: Hoạt động của các điểm truy cập internet. Cung cấp dịch vụ trò chơi điện tử công cộng (trừ kinh doanh trò chơi điện tử có thưởng cho người nước ngoài và kinh ,internet
315572434,CÔNG TY TNHH DỊCH VỤ TƯ VẤN CÔNG NGHỆ THÔNG TIN ĐÔNG LỤC,CÔNG TY TNHH DỊCH VỤ TƯ VẤN CÔ,Công ty trách nhiệm hữu hạn một thành viên,"01 Đường Hoàng Trọng Mậu, KDC Him Lam, Phường Tân Hưng, Quận 7, Thành phố Hồ Chí Minh, Việt Nam",Quận 7,"6201: Lập trình máy vi tính-;6202: Tư vấn máy vi tính và quản trị hệ thống máy vi tính-;6209: Hoạt động dịch vụ công nghệ thông tin và dịch vụ khác liên quan đến máy vi tính-;6311: Xử lý dữ liệu, cho ",internet
315592215,CÔNG TY CỔ PHẦN XÂY DỰNG - THƯƠNG MẠI - DỊCH VỤ LỤC CÁT,CÔNG TY CỔ PHẦN XÂY DỰNG  THƯƠ,Công ty cổ phần,"21B Nguyễn Thị Thập , Phường Tân Phú, Quận 7, Thành phố Hồ Chí Minh, Việt Nam",Quận 7,"4101: Xây dựng nhà để ở-;4102: Xây dựng nhà không để ở-;4330: Hoàn thiện công trình xây dựng-;4541: Bán mô tô, xe máy-;4543: Bán phụ tùng và các bộ phận phụ trợ của mô tô, xe máy-;4610: Đại lý, môi gi",internet
315579951,CÔNG TY TNHH 9R,CÔNG TY TNHH 9R,Công ty trách nhiệm hữu hạn hai thành viên trở lên,"18 đường số 3, Phường Tân Phú, Quận 7, Thành phố Hồ Chí Minh, Việt Nam",Quận 7,"6810: Kinh doanh bất động sản, quyền sử dụng đất thuộc chủ sở hữu, chủ sử dụng hoặc đi thuê-Chi tiết: Cho thuê, điều hành, quản lý nhà và đất ở;5820: Xuất bản phần mềm-Chi tiết: Sản xuất p",internet
315586162,CÔNG TY TNHH VIESON,CÔNG TY TNHH VIESON,Công ty trách nhiệm hữu hạn hai thành viên trở lên,"225a Đường Số 17, Phường Tân Quy, Quận 7, Thành phố Hồ Chí Minh, Việt Nam",Quận 7,"4620: Bán buôn nông, lâm sản nguyên liệu (trừ gỗ, tre, nứa) và động vật sống-Chi tiết: 
Bán buôn hạt, quả có dầu (không bán buôn nông sản tại trụ sở). 
Bán buôn hoa và cây (trừ bán buôn hoa tại trụ sở",internet
315599362,CÔNG TY TNHH CÔNG NGHỆ HƯNG THÁI,CÔNG TY TNHH CÔNG NGHỆ HƯNG TH,Công ty trách nhiệm hữu hạn hai thành viên trở lên,"Phòng 2, Lầu 4, Tòa nhà Lawrence S.Ting, 801 Nguyễn Văn Linh , Phường Tân Phú, Quận 7, Thành phố Hồ Chí Minh, Việt Nam",Quận 7,"4799: Bán lẻ hình thức khác chưa được phân vào đâu-Chi tiết: Thực hiện quyền xuất khẩu, quyền nhập khẩu, quyền phân phối bán lẻ:
-	Lương thực, thực phẩm (trừ lúa, thóc, gạo, đường mía, đường củ cải (T",internet
315590313,CÔNG TY TRÁCH NHIỆM HỮU HẠN DU LỊCH VÀ SỰ KIỆN BẮC TRUNG NAM,CÔNG TY TRÁCH NHIỆM HỮU HẠN DU,Công ty trách nhiệm hữu hạn hai thành viên trở lên,"1248/42A đường Huỳnh Tấn Phát, Phường Tân Phú, Quận 7, Thành phố Hồ Chí Minh, Việt Nam",Quận 7,8299: Hoạt động dịch vụ hỗ trợ kinh doanh khác còn lại chưa được phân vào đâu-Chi tiết: Dịch vụ tiếp thị;7912: Điều hành tua du lịch-Chi tiết: Kinh doanh dịch vụ du lịch nội địa và quốc tế;7911: Đại l,internet
315593593,CÔNG TY CỔ PHẦN THƯƠNG MẠI KỸ THUẬT VẬN TẢI DMS INTORX,CÔNG TY CỔ PHẦN THƯƠNG MẠI KỸ ,Công ty cổ phần,"167/23a Phạm Hữu Lầu, Phường Phú Mỹ, Quận 7, Thành phố Hồ Chí Minh, Việt Nam",Quận 7,"4632: Bán buôn thực phẩm-(Không hoạt động tại trụ sở);4633: Bán buôn đồ uống-;4634: Bán buôn sản phẩm thuốc lá, thuốc lào-;4641: Bán buôn vải, hàng may mặc, giày dép-;4649: Bán buôn đồ dùng khác cho g",internet
315609363,CÔNG TY CỔ PHẦN CÔNG NGHỆ ALZATI,CÔNG TY CỔ PHẦN CÔNG NGHỆ ALZA,Công ty cổ phần,"T1-A03a.18, Tầng 3A, Khối Officetel, Số 35/12 Bế Văn Cấm, Phường Tân Kiểng, Quận 7, Thành phố Hồ Chí Minh, Việt Nam",Quận 7,"4652: Bán buôn thiết bị và linh kiện điện tử, viễn thông-;6202: Tư vấn máy vi tính và quản trị hệ thống máy vi tính-;6209: Hoạt động dịch vụ công nghệ thông tin và dịch vụ khác liên quan đến máy vi tí",internet
315599972,CÔNG TY TNHH DỊCH VỤ TƯ VẤN THÔNG TIN TÀI CHÍNH TIỂU NGƯU,CÔNG TY TNHH DỊCH VỤ TƯ VẤN TH,Công ty trách nhiệm hữu hạn một thành viên,"05 Đường Nội Khu Mỹ Văn 1, Phường Tân Phú, Quận 7, Thành phố Hồ Chí Minh, Việt Nam",Quận 7,"6619: Hoạt động hỗ trợ dịch vụ tài chính chưa được phân vào đâu-Chi tiết: Hoạt động tư vấn đầu tư (trừ tư vấn tài chính, kế toán,pháp luật);7310: Quảng cáo-;7320: Nghiên cứu thị trường và thăm dò dư l",internet
315618181,CÔNG TY TNHH LINE PILATES,CÔNG TY TNHH LINE PILATES,Công ty trách nhiệm hữu hạn một thành viên,"Tòa nhà Grand View Complex, Số 169/1 Đường Nguyễn Đức Cảnh, Phường Tân Phong, Quận 7, Thành phố Hồ Chí Minh, Việt Nam",Quận 7,"8551: Giáo dục thể thao và giải trí-(trừ hoạt động của các sàn nhảy);4659: Bán buôn máy móc, thiết bị và phụ tùng máy khác-Chi tiết: Bán buôn máy móc, thiết bị và phụ tùng máy ngành thể dục thể thao, ",internet
315625894,CÔNG TY TNHH IGOTEL,CÔNG TY TNHH IGOTEL,Công ty trách nhiệm hữu hạn một thành viên,"Số 15 Nguyễn Lương Bằng, Phường Tân Phú, Quận 7, Thành phố Hồ Chí Minh, Việt Nam",Quận 7,"4652: Bán buôn thiết bị và linh kiện điện tử, viễn thông-chi tiết: Bán buôn vật tư, thiết bị viễn thông, công nghệ thông tin và truyền thông. Bán buôn sim card điện thoại, thẻ sim, thẻ internet. Bán b",internet
316454962,CÔNG TY TNHH DUTYFREE NETWORKS,CÔNG TY TNHH DUTYFREE NETWORKS,Công ty trách nhiệm hữu hạn hai thành viên trở lên,"Lô Officetel 14 Tầng 8, Tòa nhà Golden King, Số 15 Nguyễn Lương Bằng, Phường Tân Phú, Quận 7, Thành phố Hồ Chí Minh, Việt Nam",Quận 7,"4772: Bán lẻ thuốc, dụng cụ y tế, mỹ phẩm và vật phẩm vệ sinh trong các cửa hàng chuyên doanh-Chi tiết: Bán lẻ dụng cụ y tế, mỹ phẩm và vật phẩm vệ sinh.; 5229: Hoạt động dịch vụ hỗ trợ khác liên quan",network
315566656,CÔNG TY TNHH SPES SOLUTIONS,CÔNG TY TNHH SPES SOLUTIONS,Công ty trách nhiệm hữu hạn một thành viên,"Số 109, Đường nhánh cầu Tân Thuận, Phường Tân Thuận Tây, Quận 7, Thành phố Hồ Chí Minh, Việt Nam",Quận 7,"4789: Bán lẻ hàng hóa khác lưu động hoặc tại chợ-Chi tiết: Bán lẻ mỹ phẩm và vật phẩm vệ sinh; hàng gốm, sứ, thủy tinh; hoa tươi, cây cảnh (thực hiện đúng theo Quyết định số 64/2009/QĐ-UBND ngày 31/07",internet
315621674,CÔNG TY TNHH MAY MƯỚP & KID,CÔNG TY TNHH MAY MƯỚP  KID,Công ty trách nhiệm hữu hạn hai thành viên trở lên,"193 Đường Huỳnh Tấn Phát , Phường Tân Thuận Đông, Quận 7, Thành phố Hồ Chí Minh, Việt Nam",Quận 7,"4719: Bán lẻ  khác trong các cửa hàng kinh doanh tổng hợp-(trừ bán lẻ  bình gas, khí dầu mỏ hóa lỏng LPG, dầu nhớt cặn, vàng miếng, súng, đạn loại dùng đi săn hoặc thể thao và tiền kim khí; Thực hiện ",internet
315638068,CÔNG TY TNHH THƯƠNG MẠI DỊCH VỤ LAON,CÔNG TY TNHH THƯƠNG MẠI DỊCH V,Công ty trách nhiệm hữu hạn một thành viên,"Số 27, Đường 12, Phường Tân Phú, Quận 7, Thành phố Hồ Chí Minh, Việt Nam",Quận 7,"4649: Bán buôn đồ dùng khác cho gia đình-Chi tiết: Bán buôn mỹ phẩm (CPC 622);4772: Bán lẻ thuốc, dụng cụ y tế, mỹ phẩm và vật phẩm vệ sinh trong các cửa hàng chuyên doanh-Chi tiết: Bán lẻ mỹ phẩm (CP",internet
315639128,CÔNG TY TNHH ĐẦU TƯ THƯƠNG MẠI VÀ DỊCH VỤ QUỐC TẾ NHẬT MINH,CÔNG TY TNHH ĐẦU TƯ THƯƠNG MẠI,Công ty trách nhiệm hữu hạn một thành viên,"1333/12A Huỳnh Tấn Phát, Phường Phú Thuận, Quận 7, Thành phố Hồ Chí Minh, Việt Nam",Quận 7,"6619: Hoạt động hỗ trợ dịch vụ tài chính chưa được phân vào đâu-Chi tiết: Hoạt động tư vấn đầu tư (Trừ tư vấn tài chính, kế toán, pháp lý);7020: Hoạt động tư vấn quản lý-( trừ tư vấn tài chính, pháp l",internet
315637603,CÔNG TY CỔ PHẦN FONOS,CÔNG TY CỔ PHẦN FONOS,Công ty cổ phần,"119 Mỹ Kim 2 - H25, Phú Mỹ Hưng, Phường Tân Phong, Quận 7, Thành phố Hồ Chí Minh, Việt Nam",Quận 7,"6619: Hoạt động hỗ trợ dịch vụ tài chính chưa được phân vào đâu-Chi tiết: Hoạt động tư vấn đầu tư (trừ tư vấn tài chính, kế toán, pháp lý);7020: Hoạt động tư vấn quản lý-(trừ tư vấn tài chính, kế toán",internet
315656860,CÔNG TY TNHH XÂY DỰNG SENCONS,CÔNG TY TNHH XÂY DỰNG SENCONS,Công ty trách nhiệm hữu hạn hai thành viên trở lên,"106 Phan Huy Thực, Phường Tân Kiểng, Quận 7, Thành phố Hồ Chí Minh, Việt Nam",Quận 7,"3320: Lắp đặt máy móc và thiết bị công nghiệp-Chi tiết: Lắp đặt các thiết bị nâng, hạ và bốc xếp;3100: Sản xuất giường, tủ, bàn, ghế-(trừ chế biến gỗ, tái chế phế thải, sản xuất bột giấy) (không hoạt ",internet
315645763,CÔNG TY TNHH THƯƠNG MẠI DỊCH VỤ TIN HỌC BROTHERS,CÔNG TY TNHH THƯƠNG MẠI DỊCH V,Công ty trách nhiệm hữu hạn hai thành viên trở lên,"147 Đường số 10, Khu Nam Quang 1, Phường Tân Phong, Quận 7, Thành phố Hồ Chí Minh, Việt Nam",Quận 7,"4652: Bán buôn thiết bị và linh kiện điện tử, viễn thông-;4651: Bán buôn máy vi tính, thiết bị ngoại vi và phần mềm-;4659: Bán buôn máy móc, thiết bị và phụ tùng máy khác-Chi tiết: 
- Bán các loại van",internet
315642579,CÔNG TY TNHH UYÊN PHI,CÔNG TY TNHH UYÊN PHI,Công ty trách nhiệm hữu hạn một thành viên,"803/26/8C Huỳnh Tấn Phát, Phường Phú Thuận, Quận 7, Thành phố Hồ Chí Minh, Việt Nam",Quận 7,"4763: Bán lẻ thiết bị, dụng cụ thể dục, thể thao trong các cửa hàng chuyên doanh-;4772: Bán lẻ thuốc, dụng cụ y tế, mỹ phẩm và vật phẩm vệ sinh trong các cửa hàng chuyên doanh-(trừ bán lẻ thuốc);4773:",internet
315653267,CÔNG TY TNHH ATELIAN,CÔNG TY TNHH ATELIAN,Công ty trách nhiệm hữu hạn hai thành viên trở lên,"410 Phạm Thái Bường (R4-37 Mỹ Toàn 2-H4), Phú Mỹ Hưng, Phường Tân Phong, Quận 7, Thành phố Hồ Chí Minh, Việt Nam",Quận 7,"4789: Bán lẻ hàng hóa khác lưu động hoặc tại chợ-Chi tiết: Bán lẻ nước hoa, mỹ phẩm và vật phẩm vệ sinh lưu động hoặc tại chợ; Bán lẻ thiết bị làm đẹp, thiết bị y tế lưu động hoặc tại chợ (trừ bán lẻ ",internet
315637794,CÔNG TY CỔ PHẦN ĐẦU TƯ BẤT ĐỘNG SẢN GIA MINH,CÔNG TY CỔ PHẦN ĐẦU TƯ BẤT ĐỘN,Công ty cổ phần,"Số 501 Lê Văn Lương, Phường Tân Phong, Quận 7, Thành phố Hồ Chí Minh, Việt Nam",Quận 7,"4620: Bán buôn nông, lâm sản nguyên liệu (trừ gỗ, tre, nứa) và động vật sống-(không hoạt động tại trụ sở).;4631: Bán buôn gạo, lúa mỳ, hạt ngũ cốc khác, bột mỳ-(không hoạt động tại trụ sở).;4632: Bán ",internet
315656927,CÔNG TY TNHH HÂN LỘC PHÁT,CÔNG TY TNHH HÂN LỘC PHÁT,Công ty trách nhiệm hữu hạn hai thành viên trở lên,"1113/8/8A Huỳnh Tấn Phát, Phường Phú Thuận, Quận 7, Thành phố Hồ Chí Minh, Việt Nam",Quận 7,"2220: Sản xuất sản phẩm từ plastic-(trừ Sản xuất xốp cách nhiệt sử dụng ga R474b, sử dụng polyol trộn sẵn HCFC-141b);4649: Bán buôn đồ dùng khác cho gia đình-Chi tiết: Bán buôn đồ dùng khác cho gia đì",internet
315645058,CÔNG TY CỔ PHẦN ĐẦU TƯ VÀ TƯ VẤN TÀI CHÍNH TRƯỜNG PHÁT,CÔNG TY CỔ PHẦN ĐẦU TƯ VÀ TƯ V,Công ty cổ phần,"A18-19 Đường D4, Phường Tân Hưng, Quận 7, Thành phố Hồ Chí Minh, Việt Nam",Quận 7,4632: Bán buôn thực phẩm-Chi tiết: Bán buôn thực phẩm chức năng; 4633: Bán buôn đồ uống-Chi tiết: Bán buôn đồ uống có cồn. Bán buôn đồ uống không có cồn.; 4722: Bán lẻ thực phẩm trong các cửa hàng chu,internet
315676271,CÔNG TY TNHH DỊCH VỤ KỸ THUẬT ADT,CÔNG TY TNHH DỊCH VỤ KỸ THUẬT ,Công ty trách nhiệm hữu hạn hai thành viên trở lên,"Số 38 Đường số 1, Khu dân cư Cityland, Phường Tân Phú, Quận 7, Thành phố Hồ Chí Minh, Việt Nam",Quận 7,"4321: Lắp đặt hệ thống điện-(trừ gia công cơ khí, tái chế phế thải và xi mạ điện tại trụ sở);4511: Bán buôn ô tô và xe có động cơ khác-;4933: Vận tải hàng hóa bằng đường bộ-;4932: Vận tải hành khách đ",internet
315674965,CÔNG TY TNHH GAME GIẢI TRÍ LONG VƯƠNG,CÔNG TY TNHH GAME GIẢI TRÍ LON,Công ty trách nhiệm hữu hạn một thành viên,"690 Huỳnh Tấn Phát , Phường Tân Phú, Quận 7, Thành phố Hồ Chí Minh, Việt Nam",Quận 7,4722: Bán lẻ thực phẩm trong các cửa hàng chuyên doanh-(Thực hiện theo Quyết định số 64/2009/QĐ-UBND ngày 31/7/2009 và Quyết định số 79/2009/QĐ-UBND ngày 17/10/2009 của UBND TP. HCM về phê duyệt quy h,internet
315681264,CÔNG TY TNHH SOLUTION MINDED AGENCY,CÔNG TY TNHH SOLUTION MINDED A,Công ty trách nhiệm hữu hạn hai thành viên trở lên,"141 Phạm Thái Bường, khu phố Nam Thiên III, Phường Tân Phong, Quận 7, Thành phố Hồ Chí Minh, Việt Nam",Quận 7,"1811: In ấn-(không in trên các sản phẩm vải sợi, dệt, may, đan, in tráng bao bì kim loại tại trụ sở).;1812: Dịch vụ liên quan đến in-;5912: Hoạt động hậu kỳ-(trừ sản xuất phim và không thực hiện các h",internet
315689129,CÔNG TY TNHH JD GROUP,CÔNG TY TNHH JD GROUP,Công ty trách nhiệm hữu hạn một thành viên,"Số 37 đường nội khu hưng phước 4, Phường Tân Phong, Quận 7, Thành phố Hồ Chí Minh, Việt Nam",Quận 7,"4791: Bán lẻ theo yêu cầu đặt hàng qua bưu điện hoặc internet-Chi tiết: Bán lẻ máy vi tính, thiết bị ngoại vi, phần mềm và thiết bị viễn thông, thiết bị nghe nhìn, đồ điện gia dụng, giường, tủ, bàn, g",internet
315691600,CÔNG TY TNHH THƯƠNG MẠI HÀN NGUYỄN,CÔNG TY TNHH THƯƠNG MẠI HÀN NG,Công ty trách nhiệm hữu hạn một thành viên,"67/1A Đường Số 10, Tổ 38, Khu Phố 3, Phường Tân Quy, Quận 7, Thành phố Hồ Chí Minh, Việt Nam",Quận 7,"4773: Bán lẻ hàng hóa khác mới trong các cửa hàng chuyên doanh-Chi tiết: - Bán lẻ xe đạp và phụ tùng trong các cửa hàng chuyên doanh - Bán lẻ hàng lưu niệm, hàng đan lát, hàng thủ công mỹ nghệ trong c",internet
315658152,CÔNG TY CỔ PHẦN CÔNG NGHỆ MOBELLA VIỆT NAM,CÔNG TY CỔ PHẦN CÔNG NGHỆ MOBE,Công ty cổ phần,"Số 40 Block C, Chung cư Florita, đường D1 , Phường Tân Hưng, Quận 7, Thành phố Hồ Chí Minh, Việt Nam",Quận 7,"4649: Bán buôn đồ dùng khác cho gia đình-;4651: Bán buôn máy vi tính, thiết bị ngoại vi và phần mềm-Chi tiết:
- Bán buôn máy vi tính, thiết bị ngoại vi;
- Bán buôn phần mềm.;4652: Bán buôn thiết bị và",internet
315675503,CÔNG TY TNHH INTERNET - TRÒ CHƠI ĐIỆN TỬ PHÚ ĐẠT,CÔNG TY TNHH INTERNET  TRÒ CHƠ,Công ty trách nhiệm hữu hạn một thành viên,"873 Đường Huỳnh Tấn Phát, Khu Phố 2, Phường Phú Thuận, Quận 7, Thành phố Hồ Chí Minh, Việt Nam",Quận 7,9329: Hoạt động vui chơi giải trí khác chưa được phân vào đâu-Chi tiết: Kinh doanh trò chơi điện tử (trừ hoạt động kinh doanh trò chơi điện tử có thưởng dành cho người nước ngoài và kinh doanh trò chơ,internet
315681049,CÔNG TY TNHH XNK CHẾ BIẾN LƯƠNG THỰC VÀ THỰC PHẨM GIA PHÚ,CÔNG TY TNHH XNK CHẾ BIẾN LƯƠN,Công ty trách nhiệm hữu hạn một thành viên,"422 Nguyễn Thị Thập, Phường Tân Quy, Quận 7, Thành phố Hồ Chí Minh, Việt Nam",Quận 7,"1079: Sản xuất thực phẩm khác chưa được phân vào đâu-Chi tiết: sản xuất đậu phộng, Sản xuất, chế biến trà; Sản xuất, chế biến cà phê,sản xuất sản phẩm từ các loại đậu, hạt điều, đậu hà lan, đậu wasabi",internet
315707307,CÔNG TY TNHH DỊCH VỤ THÚ CƯNG CHOPET VIỆT NAM,CÔNG TY TNHH DỊCH VỤ THÚ CƯNG ,Công ty trách nhiệm hữu hạn hai thành viên trở lên,"C31 Đường số 15, Phường Tân Thuận Tây, Quận 7, Thành phố Hồ Chí Minh, Việt Nam",Quận 7,"4610: Đại lý, môi giới, đấu giá hàng hóa-Chi tiết: Đại lý, môi giới;4620: Bán buôn nông, lâm sản nguyên liệu (trừ gỗ, tre, nứa) và động vật sống-(không hoạt động tại trụ sở);4631: Bán buôn gạo, lúa mỳ",internet
315694009,CÔNG TY TNHH THƯƠNG MẠI DỊCH VỤ GỖ HÒA PHÁT,CÔNG TY TNHH THƯƠNG MẠI DỊCH V,Công ty trách nhiệm hữu hạn hai thành viên trở lên,"34A Đường số 21, Phường Tân Quy, Quận 7, Thành phố Hồ Chí Minh, Việt Nam",Quận 7,"1610: Cưa, xẻ, bào gỗ và bảo quản gỗ-;3100: Sản xuất giường, tủ, bàn, ghế-;4330: Hoàn thiện công trình xây dựng-;4620: Bán buôn nông, lâm sản nguyên liệu (trừ gỗ, tre, nứa) và động vật sống-Chi tiết: ",internet
315711293,CÔNG TY TNHH YOU GOLF,CÔNG TY TNHH YOU GOLF,Công ty trách nhiệm hữu hạn hai thành viên trở lên,"Số 1447 đường Nguyễn Văn Linh, Mỹ Toàn 1, Phú Mỹ Hưng, Phường Tân Phong, Quận 7, Thành phố Hồ Chí Minh, Việt Nam",Quận 7,"4641: Bán buôn vải, hàng may mặc, giày dép-Chi tiết: Bán buôn quần áo giày dép; xuất nhập khẩu quần áo giày dép (CPC 622);4649: Bán buôn đồ dùng khác cho gia đình-chi tiết: Bán buôn dụng cụ thể dục th",internet
315692065,CÔNG TY TNHH SKYLAND VINA,CÔNG TY TNHH SKYLAND VINA,Công ty trách nhiệm hữu hạn một thành viên,"6 Đường số 6, KDC Him Lam, Phường Tân Hưng, Quận 7, Thành phố Hồ Chí Minh, Việt Nam",Quận 7,"6202: Tư vấn máy vi tính và quản trị hệ thống máy vi tính-– CPC 841; 6209: Hoạt động dịch vụ công nghệ thông tin và dịch vụ khác liên quan đến máy vi tính-– CPC 849; 6311: Xử lý dữ liệu, cho thuê và c",internet
315702186,CÔNG TY TNHH MẠNH HƯNG NGUYỄN,CÔNG TY TNHH MẠNH HƯNG NGUYỄN,Công ty trách nhiệm hữu hạn một thành viên,"D34 Đường D1, Khu dân cư Phú Mỹ, Khu phố 2, Phường Phú Mỹ, Quận 7, Thành phố Hồ Chí Minh, Việt Nam",Quận 7,5229: Hoạt động dịch vụ hỗ trợ khác liên quan đến vận tải-(trừ hóa lỏng khí để vận chuyển và hoạt động liên quan đến vận tải đường hàng không).;4791: Bán lẻ theo yêu cầu đặt hàng qua bưu điện hoặc int,internet
315725803,CÔNG TY TNHH THƯƠNG MẠI THÀNH HÂM GIA,CÔNG TY TNHH THƯƠNG MẠI THÀNH ,Công ty trách nhiệm hữu hạn một thành viên,"27 Đường 51, Phường Bình Thuận, Quận 7, Thành phố Hồ Chí Minh, Việt Nam",Quận 7,"4641: Bán buôn vải, hàng may mặc, giày dép-Chi tiết: Bán buôn hàng dệt, quần áo và hàng may sẵn khác, giày dép; bán buôn vải dệt thoi, dệt kim đan móc, các loại vải dệt đặc biệt khác. Bán buôn thảm tr",internet
315718429,CÔNG TY TNHH PHÁT TRIỂN ĐẦU TƯ XÂY DỰNG THƯƠNG MẠI KHANG ĐIỀN,CÔNG TY TNHH PHÁT TRIỂN ĐẦU TƯ,Công ty trách nhiệm hữu hạn một thành viên,"178/4 Đường 15, Phường Tân Hưng, Quận 7, Thành phố Hồ Chí Minh, Việt Nam",Quận 7,"3320: Lắp đặt máy móc và thiết bị công nghiệp-Chi tiết: Lắp đặt linh kiện máy tính và thiết bị viễn thông (không gia công cơ khí , tái chế phế thải, xi mạ tại trụ sở).;4321: Lắp đặt hệ thống điện-Chi ",internet
315672735,CÔNG TY TNHH HEE TAE,CÔNG TY TNHH HEE TAE,Công ty trách nhiệm hữu hạn hai thành viên trở lên,"257/13 Nguyễn Thị Thập, Phường Tân Phú, Quận 7, Thành phố Hồ Chí Minh, Việt Nam",Quận 7,"4610: Đại lý, môi giới, đấu giá hàng hóa-Chi tiết: Dịch vụ đại lý hoa hồng (CPC: 621);4620: Bán buôn nông, lâm sản nguyên liệu (trừ gỗ, tre, nứa) và động vật sống-Chi tiết: Bán buôn nông, lâm sản nguy",internet
315706198,CÔNG TY TNHH THƯƠNG MẠI JH VINA,CÔNG TY TNHH THƯƠNG MẠI JH VIN,Công ty trách nhiệm hữu hạn hai thành viên trở lên,"86 phan khiêm ích, Phường Tân Phong, Quận 7, Thành phố Hồ Chí Minh, Việt Nam",Quận 7,"4772: Bán lẻ thuốc, dụng cụ y tế, mỹ phẩm và vật phẩm vệ sinh trong các cửa hàng chuyên doanh-Chi tiết: Bán lẻ dụng cụ y tế, nước hoa, mỹ phẩm và vật phẩm vệ sinh trong các cửa hàng chuyên doanh (trừ ",internet
315712508,CÔNG TY TNHH MES,CÔNG TY TNHH MES,Công ty trách nhiệm hữu hạn một thành viên,"Số 79/2 Hoàng Văn Thái, Khu phố thương mại - Văn phòng lô C4-1, Phường Tân Phú, Quận 7, Thành phố Hồ Chí Minh, Việt Nam",Quận 7,2011: Sản xuất hoá chất cơ bản-Chi tiết: Sản xuất hóa chất vô cơ cơ bản khác; Sản xuất hoá chất hữu cơ cơ bản khác (không hoạt động tại trụ sở);2021: Sản xuất thuốc trừ sâu và sản phẩm hoá chất khác d,internet
315737125,CÔNG TY TNHH THƯƠNG MẠI & DỊCH VỤ ULLA.FOOD,CÔNG TY TNHH THƯƠNG MẠI  DỊCH ,Công ty trách nhiệm hữu hạn hai thành viên trở lên,"14 Đường số 1, Phường Bình Thuận, Quận 7, Thành phố Hồ Chí Minh, Việt Nam",Quận 7,"1010: Chế biến, bảo quản thịt và các sản phẩm từ thịt--(không hoạt động tại trụ sở);1030: Chế biến và bảo quản rau quả-;4610: Đại lý, môi giới, đấu giá hàng hóa-chi tiết: Đại lý. Môi giới (trừ môi giớ",internet
315715594,CÔNG TY TNHH QUỐC TẾ NHẬT VIỆT MỸ,CÔNG TY TNHH QUỐC TẾ NHẬT VIỆT,Công ty trách nhiệm hữu hạn một thành viên,"Số 32 (R4-64) Đường Hưng Phước 3, Phú Mỹ Hưng , Phường Tân Phong, Quận 7, Thành phố Hồ Chí Minh, Việt Nam",Quận 7,"4229: Xây dựng công trình công ích khác-;4292: Xây dựng công trình khai khoáng-;4293: Xây dựng công trình chế biến, chế tạo-;4299: Xây dựng công trình kỹ thuật dân dụng khác-;4311: Phá dỡ-;4312: Chuẩn",internet
315719020,CÔNG TY TNHH CÔNG NGHỆ ULTRON,CÔNG TY TNHH CÔNG NGHỆ ULTRON,Công ty trách nhiệm hữu hạn một thành viên,"24 Đường Nội Khu Số 2, khu Mỹ Văn 2, Phường Tân Phú, Quận 7, Thành phố Hồ Chí Minh, Việt Nam",Quận 7,"6209: Hoạt động dịch vụ công nghệ thông tin và dịch vụ khác liên quan đến máy vi tính-Chi tiết: Thiết kế website, thiết kế đồ họa; Khắc phục các sự cố máy vi tính và cài đặt phần mềm;6311: Xử lý dữ li",internet
315723612,CÔNG TY TNHH FOODTRUST,CÔNG TY TNHH FOODTRUST,Công ty trách nhiệm hữu hạn hai thành viên trở lên,"Số 5 Đường số 3, Khu dân cư Tân Thành Lập, Phường Phú Mỹ, Quận 7, Thành phố Hồ Chí Minh, Việt Nam",Quận 7,"4711: Bán lẻ lương thực, thực phẩm, đồ uống, thuốc lá, thuốc lào chiếm tỷ trọng lớn trong các cửa hàng kinh doanh tổng hợp-Chi tiết: Bán lẻ lương thực, thực phẩm, đồ uống;4721: Bán lẻ lương thực trong",internet
315744838,CÔNG TY TNHH INTERNET - TRÒ CHƠI ĐIỆN TỬ KIM BÌNH,CÔNG TY TNHH INTERNET  TRÒ CHƠ,Công ty trách nhiệm hữu hạn một thành viên,"1041/62/19 Trần Xuân Soạn, Phường Tân Hưng, Quận 7, Thành phố Hồ Chí Minh, Việt Nam",Quận 7,9329: Hoạt động vui chơi giải trí khác chưa được phân vào đâu-Chi tiết: Kinh doanh trò chơi điện tử (trừ hoạt động kinh doanh trò chơi điện tử có thưởng dành cho người nước ngoài và kinh doanh trò chơ,internet
315725377,CÔNG TY TNHH THƯƠNG MẠI VIETREA,CÔNG TY TNHH THƯƠNG MẠI VIETRE,Công ty trách nhiệm hữu hạn hai thành viên trở lên,"28 Lý Phục Man, Phường Bình Thuận, Quận 7, Thành phố Hồ Chí Minh, Việt Nam",Quận 7,"4791: Bán lẻ theo yêu cầu đặt hàng qua bưu điện hoặc internet-(trừ bán lẻ bình gas, khí dầu mỏ hóa lỏng LPG, dầu nhớt cặn, vàng miếng, súng, đạn loại dùng đi săn hoặc thể thao và tiền kim khí và thực ",internet
315727913,CÔNG TY TNHH ONU BIZ VIETNAM,CÔNG TY TNHH ONU BIZ VIETNAM,Công ty trách nhiệm hữu hạn hai thành viên trở lên,"C-09.10 Cao ốc văn phòng Luxcity, 528 Huỳnh Tấn Phát, Phường Bình Thuận, Quận 7, Thành phố Hồ Chí Minh, Việt Nam",Quận 7,"1410: May trang phục (trừ trang phục từ da lông thú)-(trừ trang phục từ da lông thú);4610: Đại lý, môi giới, đấu giá hàng hóa-Chi tiết: Đại lý hoa hồng (CPC  621);4632: Bán buôn thực phẩm--(không hoạt",internet
315700372,CÔNG TY TNHH THƯƠNG MẠI DỊCH VỤ VÀ ĐẦU TƯ F5,CÔNG TY TNHH THƯƠNG MẠI DỊCH V,Công ty trách nhiệm hữu hạn hai thành viên trở lên,"19 Đường Phú Thuận, Khu Phố 3, Phường Tân Phú, Quận 7, Thành phố Hồ Chí Minh, Việt Nam",Quận 7,"2910: Sản xuất ô tô và xe có động cơ khác-;2920: Sản xuất thân xe ô tô và xe có động cơ khác, rơ moóc và bán rơ moóc-;2930: Sản xuất phụ tùng và bộ phận phụ trợ cho xe ô tô và xe có động cơ khác-;3312",internet
315746546,CÔNG TY TNHH VIỆT NAM OHYAMA,CÔNG TY TNHH VIỆT NAM OHYAMA,Công ty trách nhiệm hữu hạn một thành viên,"Số 75 đường Cao Triều Phát - Hưng Phước 2, Phường Tân Phong, Quận 7, Thành phố Hồ Chí Minh, Việt Nam",Quận 7,"4791: Bán lẻ theo yêu cầu đặt hàng qua bưu điện hoặc internet-Chi tiết: Thực hiện quyền phân phối bán lẻ (không thành lập cơ sở bán lẻ) các hàng hóa không thuộc danh mục hàng hóa cấm xuất khẩu, cấm nh",internet
315724253,CÔNG TY TNHH TM DV XNK KHOA VI,CÔNG TY TNHH TM DV XNK KHOA VI,Công ty trách nhiệm hữu hạn hai thành viên trở lên,"Số 53 Đường số 3, Phường Tân Kiểng, Quận 7, Thành phố Hồ Chí Minh, Việt Nam",Quận 7,"4633: Bán buôn đồ uống-;4322: Lắp đặt hệ thống cấp, thoát nước, hệ thống sưởi và điều hoà không khí-(không gia công cơ khí, tái chế phế thải, xi mạ điện tại trụ sở và trừ lắp đặt các thiết bị lạnh (th",internet
315755692,CÔNG TY TNHH DỊCH VỤ ĐBVB,CÔNG TY TNHH DỊCH VỤ ĐBVB,Công ty trách nhiệm hữu hạn một thành viên,"162 Đường Phạm Hữu Lầu, Phường Phú Mỹ, Quận 7, Thành phố Hồ Chí Minh, Việt Nam",Quận 7,"4633: Bán buôn đồ uống-Chi tiết: bán buôn nước giải khát, nước ngọt;4723: Bán lẻ đồ uống trong các cửa hàng chuyên doanh-Chi tiết: bán lẻ nước giải khát, nước ngọt;5629: Dịch vụ ăn uống khác-Chi tiết:",internet
315734477,CÔNG TY TNHH SALON COS,CÔNG TY TNHH SALON COS,Công ty trách nhiệm hữu hạn một thành viên,"Số R4-44, Khu Hưng Gia 4 - Phú Mỹ Hưng, Phường Tân Phong, Quận 7, Thành phố Hồ Chí Minh, Việt Nam",Quận 7,"4649: Bán buôn đồ dùng khác cho gia đình-Chi tiết: Bán buôn vali, cặp, túi, ví, hàng da và giả da khác. Bán buôn dược phẩm và dụng cụ y tế. Bán buôn nước hoa, hàng mỹ phẩm và chế phẩm vệ sinh. Bán buô",internet
315738496,CÔNG TY TNHH THƯƠNG MẠI VẬN TẢI DU LỊCH LÊ VY,CÔNG TY TNHH THƯƠNG MẠI VẬN TẢ,Công ty trách nhiệm hữu hạn một thành viên,"16 Lô D, Huỳnh Tấn Phát, Khu phố 1, Phường Phú Thuận, Quận 7, Thành phố Hồ Chí Minh, Việt Nam",Quận 7,"4719: Bán lẻ  khác trong các cửa hàng kinh doanh tổng hợp-(trừ bán lẻ khí dầu mỏ hóa lỏng LPG, bình gas, hóa chất, súng, đạn loại dùng đi săn hoặc thể thao và tiền kim khí và thực hiện theo Quyết định",internet
315737936,CÔNG TY CỔ PHẦN ORIMART,CÔNG TY CỔ PHẦN ORIMART,Công ty cổ phần,"T1-A03a.18, Tầng 3A, Khối Officetel, Số 35/12 Bế Văn Cấm, Phường Tân Kiểng, Quận 7, Thành phố Hồ Chí Minh, Việt Nam",Quận 7,"6820: Tư vấn, môi giới, đấu giá bất động sản, đấu giá quyền sử dụng đất-Chi tiết: Tư vấn, môi giới bất động sản, quản lý, sàn giao dịch bất động sản (trừ tư vấn mang tính pháp luật).;7020: Hoạt động t",internet
315737975,CÔNG TY TNHH DỊCH VỤ DREAM GREEN,CÔNG TY TNHH DỊCH VỤ DREAM GRE,Công ty trách nhiệm hữu hạn một thành viên,"R4-19 hưng phước 1, phú mỹ hưng, Phường Tân Phong, Quận 7, Thành phố Hồ Chí Minh, Việt Nam",Quận 7,"4649: Bán buôn đồ dùng khác cho gia đình-Chi tiết : xuất khẩu, nhập khẩu, Bán buôn vali, cặp, túi, ví, hàng da và giả da khác, nước hoa, hàng mỹ phẩm và chế phẩm vệ sinh,hàng gốm, sứ, thủy tinh. ( CPC",internet
315756047,CÔNG TY TRÁCH NHIỆM HỮU HẠN PHẠM TÍN PHÁT,CÔNG TY TRÁCH NHIỆM HỮU HẠN PH,Công ty trách nhiệm hữu hạn một thành viên,"439 Trần Xuân Soạn, Phường Tân Kiểng, Quận 7, Thành phố Hồ Chí Minh, Việt Nam",Quận 7,"1010: Chế biến, bảo quản thịt và các sản phẩm từ thịt-Chi tiết : Pha lóc, Đóng gói các loại thịt Động vật Nhập Khẩu dạng thịt tươi và thịt đông lạnh 
(trừ kinh doanh giết gia súc, gia cầm); 1020: Chế ",internet
315762410,CÔNG TY TNHH PS MEDICAL,CÔNG TY TNHH PS MEDICAL,Công ty trách nhiệm hữu hạn hai thành viên trở lên,"R1-96 Bùi Bằng Đoàn, Khu Hưng Gia 2 (Khu R23), Phường Tân Phong, Quận 7, Thành phố Hồ Chí Minh, Việt Nam",Quận 7,"4649: Bán buôn đồ dùng khác cho gia đình-Chi tiết: Bán buôn dụng cụ thẩm mỹ và dược mỹ phẩm, dụng cụ y tế, vật tư y tế, thiết bị y tế; xuất nhập khẩu dụng cụ thẩm mỹ và dược mỹ phẩm, dụng cụ y tế, vật",internet
315750260,CÔNG TY TNHH ĐẦU TƯ XÂY DỰNG LUCKY STAR,CÔNG TY TNHH ĐẦU TƯ XÂY DỰNG L,Công ty trách nhiệm hữu hạn một thành viên,"161 Nguyễn Văn Quỳ, Phường Phú Thuận, Quận 7, Thành phố Hồ Chí Minh, Việt Nam",Quận 7,"4329: Lắp đặt hệ thống xây dựng khác-Chi tiết: Thi công, lắp đặt hệ thống phòng cháy chữa cháy, chống sét. Lắp đặt thang máy, cầu thang tự động, các loại cửa tự động, hệ thống đèn chiếu sáng, các loại",internet
315758943,CÔNG TY CỔ PHẦN WESTERN TÂN THUẬN,CÔNG TY CỔ PHẦN WESTERN TÂN TH,Công ty cổ phần,"28/8 Trần Trọng Cung, Phường Tân Thuận Đông, Quận 7, Thành phố Hồ Chí Minh, Việt Nam",Quận 7,"4530: Bán phụ tùng và các bộ phận phụ trợ của ô tô và xe có động cơ khác-;4610: Đại lý, môi giới, đấu giá hàng hóa-Chi tiết: Đãi lý bán hàng hóa; Môi giới mua bán hàng hóa.;4543: Bán phụ tùng và các b",internet
315749970,CÔNG TY CỔ PHẦN STOCK FARMER GROUP,CÔNG TY CỔ PHẦN STOCK FARMER G,Công ty cổ phần,"59A Đường số 9, Phường Tân Kiểng, Quận 7, Thành phố Hồ Chí Minh, Việt Nam",Quận 7,"6209: Hoạt động dịch vụ công nghệ thông tin và dịch vụ khác liên quan đến máy vi tính-(trừ kinh doanh đại lý cung cấp dịch vụ truy cập internet tại trụ sở); 6311: Xử lý dữ liệu, cho thuê và các hoạt đ",internet
315753575,CÔNG TY TNHH BRIS,CÔNG TY TNHH BRIS,Công ty trách nhiệm hữu hạn một thành viên,"Số 123 Đường Số 10 Tây, Phường Tân Phong, Quận 7, Thành phố Hồ Chí Minh, Việt Nam",Quận 7,"4610: Đại lý, môi giới, đấu giá hàng hóa-- Chi tiết: Dịch vụ đại lý hoa hồng (CPC 621);4649: Bán buôn đồ dùng khác cho gia đình-- Chi tiết: Bán buôn, xuất nhập khẩu thiết bị nhà bếp. Bán buôn, xuất nh",internet
315768853,CÔNG TY TNHH THƯƠNG MẠI HIGH TECHNOLOGY 29,CÔNG TY TNHH THƯƠNG MẠI HIGH T,Công ty trách nhiệm hữu hạn một thành viên,"370 Nguyễn Văn Quỳ, Phường Phú Thuận, Quận 7, Thành phố Hồ Chí Minh, Việt Nam",Quận 7,"1392: Sản xuất hàng dệt sẵn (trừ trang phục)-(trừ tẩy, nhuộm, hồ, in, gia công hàng đã qua sử dụng tại trụ sở);1610: Cưa, xẻ, bào gỗ và bảo quản gỗ-;1621: Sản xuất gỗ dán, gỗ lạng, ván ép và ván mỏng ",internet
315769310,CÔNG TY TNHH KHÁCH SẠN TINANO,CÔNG TY TNHH KHÁCH SẠN TINANO,Công ty trách nhiệm hữu hạn một thành viên,"Số 245A Bùi Văn Ba, Phường Tân Thuận Đông, Quận 7, Thành phố Hồ Chí Minh, Việt Nam",Quận 7,"5510: Dịch vụ lưu trú ngắn ngày-Chi tiết: Khách sạn, biệt thự du lịch, căn hộ du lịch, nhà nghỉ du lịch, nhà ở có phòng cho khách du lịch thuê.;5590: Cơ sở lưu trú khác-(Không hoạt động tại trụ sở);56",internet
315794677,CÔNG TY TNHH CÔNG NGHỆ TIỂU NGƯU,CÔNG TY TNHH CÔNG NGHỆ TIỂU NG,Công ty trách nhiệm hữu hạn một thành viên,"A1-02 Đường Phú Thuận, Khu dân cư Everich 3, Phường Tân Phú, Quận 7, Thành phố Hồ Chí Minh, Việt Nam",Quận 7,"4651: Bán buôn máy vi tính, thiết bị ngoại vi và phần mềm-;4652: Bán buôn thiết bị và linh kiện điện tử, viễn thông-;5820: Xuất bản phần mềm-Chi tiết: Sản xuất phần mềm.;6190: Hoạt động viễn thông khá",internet
315797847,CÔNG TY TNHH CÔNG NGHỆ THƯỢNG HỢP,CÔNG TY TNHH CÔNG NGHỆ THƯỢNG ,Công ty trách nhiệm hữu hạn một thành viên,"Số 7 Đường Mỹ Phú 2B, Phường Tân Phú, Quận 7, Thành phố Hồ Chí Minh, Việt Nam",Quận 7,"4651: Bán buôn máy vi tính, thiết bị ngoại vi và phần mềm-;4652: Bán buôn thiết bị và linh kiện điện tử, viễn thông-;5820: Xuất bản phần mềm-Chi tiết: Sản xuất phần mềm.;6190: Hoạt động viễn thông khá",internet
315791852,CÔNG TY TNHH YONA,CÔNG TY TNHH YONA,Công ty trách nhiệm hữu hạn một thành viên,"107 Đường 43, Phường Tân Quy, Quận 7, Thành phố Hồ Chí Minh, Việt Nam",Quận 7,"1071: Sản xuất các loại bánh từ bột-;4632: Bán buôn thực phẩm-Chi tiết: Bán buôn sữa và các sản phẩm sữa, bánh kẹo và các sản phẩm chế biến từ ngũ cốc, bột, tinh bột, thực phẩm chức năng.Bán buôn kem ",internet
315785496,CÔNG TY TNHH CÔNG NGHỆ DĨ THÁI THỨ NGUYÊN,CÔNG TY TNHH CÔNG NGHỆ DĨ THÁI,Công ty trách nhiệm hữu hạn một thành viên,"Số 7 Đường Mỹ Phú 2B, Phường Tân Phú, Quận 7, Thành phố Hồ Chí Minh, Việt Nam",Quận 7,"4651: Bán buôn máy vi tính, thiết bị ngoại vi và phần mềm-;4652: Bán buôn thiết bị và linh kiện điện tử, viễn thông-;5820: Xuất bản phần mềm-Chi tiết: Sản xuất phần mềm;6190: Hoạt động viễn thông khác",internet
315789973,CÔNG TY TNHH TƯ VẤN ĐẦU TƯ SH GROUP,CÔNG TY TNHH TƯ VẤN ĐẦU TƯ SH ,Công ty trách nhiệm hữu hạn một thành viên,"Số 7 Đường số 14, Khu đô thị mới Him Lam, Phường Tân Hưng, Quận 7, Thành phố Hồ Chí Minh, Việt Nam",Quận 7,0111: Trồng lúa-;4632: Bán buôn thực phẩm-(không hoạt động tại trụ sở); 0311: Khai thác thuỷ sản biển-; 0312: Khai thác thuỷ sản nội địa-; 0321: Nuôi trồng thuỷ sản biển-; 0322: Nuôi trồng thuỷ sản nộ,internet
315785217,CÔNG TY TNHH JUNYOUNG,CÔNG TY TNHH JUNYOUNG,Công ty trách nhiệm hữu hạn hai thành viên trở lên,"Phòng 4.04, Tầng 4, Lô X, Tòa nhà Sunrise City-North, số 27 Nguyễn Hữu Thọ, Phường Tân Hưng, Quận 7, Thành phố Hồ Chí Minh, Việt Nam",Quận 7,"4610: Đại lý, môi giới, đấu giá hàng hóa-Chi tiết: Dịch vụ đại lý hoa hồng (CPC 621); 4620: Bán buôn nông, lâm sản nguyên liệu (trừ gỗ, tre, nứa) và động vật sống-(không hoạt động tại trụ sở) (CPC 622",internet
315787888,CÔNG TY TNHH CÔNG NGHỆ BẢO VỆ MÔI TRƯỜNG YI DING HE SÀI GÒN,CÔNG TY TNHH CÔNG NGHỆ BẢO VỆ ,Công ty trách nhiệm hữu hạn một thành viên,"Nhà Số 17, Đường Số 37, Phường Tân Phong, Quận 7, Thành phố Hồ Chí Minh, Việt Nam",Quận 7,"4669: Bán buôn chuyên doanh khác chưa được phân vào đâu-Chi tiết:
Bán buôn xuất nhập khẩu hoá chất công nghiệp. Bán buôn hóa chất trong lĩnh vực phụ gia thực phẩm; Bán buôn chất dẻo dạng nguyên sinh; ",internet
315756488,CÔNG TY TNHH HEALTHCARE PLUS VIETNAM,CÔNG TY TNHH HEALTHCARE PLUS V,Công ty trách nhiệm hữu hạn một thành viên,"169/7-169/9 đường Nguyễn Đức Cảnh, Phường Tân Phong, Quận 7, Thành phố Hồ Chí Minh, Việt Nam",Quận 7,6209: Hoạt động dịch vụ công nghệ thông tin và dịch vụ khác liên quan đến máy vi tính-Chi tiết: Cung cấp dịch vụ ứng dụng internet.;6619: Hoạt động hỗ trợ dịch vụ tài chính chưa được phân vào đâu-Chi ,internet
315815101,CÔNG TY TNHH MTV TM-DV ĐỒNG PHÁT,CÔNG TY TNHH MTV TMDV ĐỒNG PHÁ,Công ty trách nhiệm hữu hạn một thành viên,"27 Mai Văn Vĩnh , Phường Tân Quy, Quận 7, Thành phố Hồ Chí Minh, Việt Nam",Quận 7,"4659: Bán buôn máy móc, thiết bị và phụ tùng máy khác-chi tiết: Bán buôn máy móc, thiết bị và phụ tùng máy khai khoáng, xây dựng
Bán buôn máy móc, thiết bị điện, vật liệu điện (máy phát điện, động cơ ",internet
315808030,CÔNG TY CỔ PHẦN ĐẦU TƯ PHÁT TRIỂN NĂNG LƯỢNG PHÚ MỸ,CÔNG TY CỔ PHẦN ĐẦU TƯ PHÁT TR,Công ty cổ phần,"38 Đường số 6, Khu đô thị Him Lam, Phường Tân Hưng, Quận 7, Thành phố Hồ Chí Minh, Việt Nam",Quận 7,"4659: Bán buôn máy móc, thiết bị và phụ tùng máy khác-Chi tiết: Bán buôn máy móc, thiết bị ngành điện, vật liệu điện, máy phát điện, động cơ điện, máy biến áp, phụ kiện vật liệu cách điện, dây cáp điệ",internet
315797283,CÔNG TY CỔ PHẦN CÔNG NGHỆ BOSSSOFT VIỆT NAM,CÔNG TY CỔ PHẦN CÔNG NGHỆ BOS,Công ty cổ phần,"Số 3 Đường O, Khu phố Mỹ Giang 2, Phú Mỹ Hưng, Phường Tân Phong, Quận 7, Thành phố Hồ Chí Minh, Việt Nam",Quận 7,6202: Tư vấn máy vi tính và quản trị hệ thống máy vi tính-;6201: Lập trình máy vi tính-;5820: Xuất bản phần mềm-chi tiết: sản xuất phần mềm;6209: Hoạt động dịch vụ công nghệ thông tin và dịch vụ khác ,internet
315759048,CÔNG TY TNHH AURORA KR,CÔNG TY TNHH AURORA KR,Công ty trách nhiệm hữu hạn hai thành viên trở lên,"15 đường N2, Khu dân cư Jamona Golden Silk, số 208, Bùi Văn Ba, Phường Tân Thuận Đông, Quận 7, Thành phố Hồ Chí Minh, Việt Nam",Quận 7,"4610: Đại lý, môi giới, đấu giá hàng hóa-Chi tiết: Dịch vụ đại lý hoa hồng (CPC 621);4620: Bán buôn nông, lâm sản nguyên liệu (trừ gỗ, tre, nứa) và động vật sống-(không hoạt động tại trụ sở)  (CPC 622",internet
315462914,CÔNG TY TNHH JALY TRADING,CÔNG TY TNHH JALY TRADING,Công ty trách nhiệm hữu hạn một thành viên,"46 Đường số 10, Khu đô thị Him Lam, Phường Tân Hưng, Quận 7, Thành phố Hồ Chí Minh, Việt Nam",Quận 7,"4719: Bán lẻ  khác trong các cửa hàng kinh doanh tổng hợp-Chi tiết: Bán lẻ trong siêu thị, trung tâm thương mại; Bán lẻ khác chưa được phân vào đâu trong các cửa hàng kinh doanh tổng hợp (trừ bán lẻ b",internet
315807284,CÔNG TY TNHH DYNAMIC RETAIL,CÔNG TY TNHH DYNAMIC RETAIL,Công ty trách nhiệm hữu hạn hai thành viên trở lên,"Số 93 đường số 10, Phường Tân Thuận Đông, Quận 7, Thành phố Hồ Chí Minh, Việt Nam",Quận 7,"4781: Bán lẻ lương thực, thực phẩm, đồ uống, thuốc lá, thuốc lào lưu động hoặc tại chợ-(Thực hiện theo Quyết định số 64/2009/QĐ-UBND ngày 31/07/2009 và Quyết định số 79/2009/QĐ-UBND ngày 17/10/2009 củ",internet
315804318,CÔNG TY CỔ PHẦN CÔNG NGHỆ SỐ VIAM NDG,CÔNG TY CỔ PHẦN CÔNG NGHỆ SỐ,Công ty cổ phần,"Số 41 Đường số 9, Khu Dân Cư Him Lam, Phường Tân Hưng, Quận 7, Thành phố Hồ Chí Minh, Việt Nam",Quận 7,"9511: Sửa chữa máy vi tính và thiết bị ngoại vi-(trừ gia công cơ khí, tái chế phế thải, xi mạ điện tại trụ sở);7810: Hoạt động của các trung tâm, đại lý tư vấn, giới thiệu và môi giới lao đ",internet
315812982,CÔNG TY CỔ PHẦN THIẾT BỊ CÔNG TRÌNH THỦY SÀI GÒN,CÔNG TY CỔ PHẦN THIẾT BỊ CÔNG ,Công ty cổ phần,"B82 Khu Nam Long, Đường Phú Thuận, Phường Phú Thuận, Quận 7, Thành phố Hồ Chí Minh, Việt Nam",Quận 7,"4299: Xây dựng công trình kỹ thuật dân dụng khác-Chi tiết: Xây dựng công trình dân dụng và công nghiệp, nông nghiệp; hạ tầng khu công nghiệp, khu đô thị, nông thôn.;4291: Xây dựng công trình thủy-Chi ",internet
315812100,CÔNG TY TNHH GIẢI PHÁP CÔNG NGHỆ VÀ DỊCH VỤ DỮ LIỆU NHẤT NGUYÊN,CÔNG TY TNHH GIẢI PHÁP CÔNG ,Công ty trách nhiệm hữu hạn một thành viên,"194 Đường số 1, Phường Tân Phú, Quận 7, Thành phố Hồ Chí Minh, Việt Nam",Quận 7,"7410: Hoạt động thiết kế chuyên dụng-Chi tiết: thiết kế website, thiết kế đồ hoạ, thiết kế nội thất;8230: Tổ chức giới thiệu và xúc tiến thương mại-Chi tiết: tổ chức sự kiện, triển lãm, giới thiệu, hộ",internet
315809436,CÔNG TY CỔ PHẦN THƯƠNG MẠI DƯỢC PHẨM QUÝ AN,CÔNG TY CỔ PHẦN THƯƠNG MẠI DƯỢ,Công ty cổ phần,"482-484 Phạm Thái Bường, Phường Tân Phong, Quận 7, Thành phố Hồ Chí Minh, Việt Nam",Quận 7,"3320: Lắp đặt máy móc và thiết bị công nghiệp-Chi tiết: Lắp đặt trang thiết bị y tế (trừ gia công cơ khí, tái chế phế thải, xi mạ điện tại trụ sở).;2100: Sản xuất thuốc, hoá dược và dược liệu-Chi tiết",internet
315795127,CÔNG TY CỔ PHẦN SHARK MARKET,CÔNG TY CỔ PHẦN SHARK MARKET,Công ty cổ phần,"117/7C Trần Xuân Soạn, Phường Tân Kiểng, Quận 7, Thành phố Hồ Chí Minh, Việt Nam",Quận 7,"4711: Bán lẻ lương thực, thực phẩm, đồ uống, thuốc lá, thuốc lào chiếm tỷ trọng lớn trong các cửa hàng kinh doanh tổng hợp-(trừ thuốc lá, thuốc lào) 
Chi tiết: Bán lẻ thịt và các sản phẩm từ thịt; Bán",internet
315828340,CÔNG TY TNHH 2 GIÀ,CÔNG TY TNHH 2 GIÀ,Công ty trách nhiệm hữu hạn hai thành viên trở lên,"125 Đường số 8, Khu Dân Cư Nam Long, Phường Tân Thuận Đông, Quận 7, Thành phố Hồ Chí Minh, Việt Nam",Quận 7,"5610: Nhà hàng và các dịch vụ ăn uống phục vụ lưu động-;5629: Dịch vụ ăn uống khác-( trừ quán bar, quán giải khát có khiêu vũ);5630: Dịch vụ phục vụ đồ uống-( trừ hoạt động quán bar, quán giải khát có",internet
315827298,CÔNG TY TNHH PET FUN,CÔNG TY TNHH PET FUN,Công ty trách nhiệm hữu hạn một thành viên,"1041/10/22 Trần Xuân Soạn, Phường Tân Hưng, Quận 7, Thành phố Hồ Chí Minh, Việt Nam",Quận 7,4649: Bán buôn đồ dùng khác cho gia đình-Chi tiết: bán buôn thuốc thú y;0149: Chăn nuôi khác-Chi tiết: nhân giống mèo;4669: Bán buôn chuyên doanh khác chưa được phân vào đâu-Chi tiết: bán buôn thức ăn,internet
315836630,CÔNG TY TNHH TVSTORM VIET NAM,CÔNG TY TNHH TVSTORM VIET NAM,Công ty trách nhiệm hữu hạn một thành viên,"R1-96 Bùi Bằng Đoàn, Khu Hưng Gia 2, Phường Tân Phong, Quận 7, Thành phố Hồ Chí Minh, Việt Nam",Quận 7,"6202: Tư vấn máy vi tính và quản trị hệ thống máy vi tính-;6209: Hoạt động dịch vụ công nghệ thông tin và dịch vụ khác liên quan đến máy vi tính-;6311: Xử lý dữ liệu, cho thuê và các hoạt động liên qu",internet
315838317,CÔNG TY TNHH SẢN XUẤT THƯƠNG MẠI BONSAIMIENNAM,CÔNG TY TNHH SẢN XUẤT THƯƠNG M,Công ty trách nhiệm hữu hạn hai thành viên trở lên,"34/13 Nguyễn Thị Thập, Phường Bình Thuận, Quận 7, Thành phố Hồ Chí Minh, Việt Nam",Quận 7,"1820: Sao chép bản ghi các loại-;2220: Sản xuất sản phẩm từ plastic-Chi tiết: -Sản xuất các sản phẩm nhựa hoàn thiện như: Ống, vòi nhựa, thiết bị lắp đặt bằng nhựa, béc tưới
- Sản xuất gia công khuôn ",internet
315852897,CÔNG TY CỔ PHẦN PHÂN PHỐI THỨC UỐNG ECS,CÔNG TY CỔ PHẦN PHÂN PHỐI THỨC,Công ty cổ phần,"nhà số 64 đường số 65, Khu Định Cư Tân Quy Đông, Phường Tân Phong, Quận 7, Thành phố Hồ Chí Minh, Việt Nam",Quận 7,"7310: Quảng cáo-Chi tiết:
- Sáng tạo và thực hiện các chiến dịch quảng cáo; sang tạo và đặt quảng cáo trong báo, tạp chí, đài phát thanh –truyền hình, internet như: bảng lớn. pa-nô, bảng tin, cửa sổ, ",internet
315846702,CÔNG TY TNHH MTV MINH ĐẠT,CÔNG TY TNHH MTV MINH ĐẠT,Công ty trách nhiệm hữu hạn một thành viên,"X01.017 Sunrise City North, 27 Nguyễn Hữu Thọ, Phường Tân Hưng, Quận 7, Thành phố Hồ Chí Minh, Việt Nam",Quận 7,"4719: Bán lẻ  khác trong các cửa hàng kinh doanh tổng hợp-Chi tiết: - Bán lẻ linh kiện điện tử, phụ kiện điện thoại, phụ kiện máy tính;4722: Bán lẻ thực phẩm trong các cửa hàng chuyên doanh-Chi tiết: ",internet
315849911,CÔNG TY TNHH DỊCH VỤ TÀI CHÍNH DĨ THÁI THẾ KỶ,CÔNG TY TNHH DỊCH VỤ TÀI CHÍNH,Công ty trách nhiệm hữu hạn một thành viên,"279/29C Lâm Văn Bền, Khu Phố 4A, Phường Bình Thuận, Quận 7, Thành phố Hồ Chí Minh, Việt Nam",Quận 7,"4651: Bán buôn máy vi tính, thiết bị ngoại vi và phần mềm-;4652: Bán buôn thiết bị và linh kiện điện tử, viễn thông-;5820: Xuất bản phần mềm-Chi tiết: Sản xuất phần mềm.;6190: Hoạt động viễn thông khá",internet
315850120,CÔNG TY CỔ PHẦN KIWOOZA EDUTAINMENT VIETNAM,CÔNG TY CỔ PHẦN KIWOOZA EDUTAI,Công ty cổ phần,"9A Trần Văn Trà, Phường Tân Phong, Quận 7, Thành phố Hồ Chí Minh, Việt Nam",Quận 7,"9329: Hoạt động vui chơi giải trí khác chưa được phân vào đâu-chi tiết: Hoạt động giải trí cho trẻ em: tô tượng, vẽ tranh, thú nhún, nhà banh, khu vui chơi theo chủ đề, hồ chơi trẻ em (trừ hoạt động k",internet
315881834,CÔNG TY CỔ PHẦN TRUYỀN THÔNG DOANH NHÂN VÀ XÃ HỘI,CÔNG TY CỔ PHẦN TRUYỀN THÔNG D,Công ty cổ phần,"106 Đường 77, Phường Tân Quy, Quận 7, Thành phố Hồ Chí Minh, Việt Nam",Quận 7,"4101: Xây dựng nhà để ở-;4102: Xây dựng nhà không để ở-;4223: Xây dựng công trình viễn thông, thông tin liên lạc-;4299: Xây dựng công trình kỹ thuật dân dụng khác-;4330: Hoàn thiện công trình xây dựng",internet
315856926,CÔNG TY TNHH THƯƠNG MẠI DỊCH VỤ THANH QUANG SOLAR,CÔNG TY TNHH THƯƠNG MẠI DỊCH V,Công ty trách nhiệm hữu hạn hai thành viên trở lên,"Số 156/13 Nguyễn Văn Linh, Phường Tân Thuận Tây, Quận 7, Thành phố Hồ Chí Minh, Việt Nam",Quận 7,"4321: Lắp đặt hệ thống điện-(không gia công cơ khí, tái chế phế thải, xi mạ điện tại trụ sở);4329: Lắp đặt hệ thống xây dựng khác-;4742: Bán lẻ thiết bị nghe nhìn trong các cửa hàng chuyên doanh-;4752",internet
315853770,CÔNG TY TNHH MỘT THÀNH VIÊN O & G BEST VINA FOOD,CÔNG TY TNHH MỘT THÀNH VIÊN O ,Công ty trách nhiệm hữu hạn một thành viên,"Phòng 12.09.S1, Tầng 9, Tòa Nhà 15 Nguyễn Lương Bằng , Phường Tân Phú, Quận 7, Thành phố Hồ Chí Minh, Việt Nam",Quận 7,"4711: Bán lẻ lương thực, thực phẩm, đồ uống, thuốc lá, thuốc lào chiếm tỷ trọng lớn trong các cửa hàng kinh doanh tổng hợp-Chi tiết: Thực hiện quyền xuất khẩu, quyền nhập khẩu, quyền phân phối bán lẻ ",internet
315821578,CÔNG TY TNHH ON THE TABLE,CÔNG TY TNHH ON THE TABLE,Công ty trách nhiệm hữu hạn một thành viên,"13/19A, Đường Gò Ô Môi, Phường Phú Thuận, Quận 7, Thành phố Hồ Chí Minh, Việt Nam",Quận 7,"4632: Bán buôn thực phẩm-Chi tiết: Bán buôn trà, cà phê; xuất nhập khẩu trà, cà phê; Bán buôn bánh kẹo và các sản phẩm chế biến từ ngũ cốc, bột và tinh bột; xuất nhập khẩu bánh kẹo và các sản phẩm chế",internet
315861517,CÔNG TY CỔ PHẦN TẬP ĐOÀN QUEEN FOOD GLOBAL,CÔNG TY CỔ PHẦN TẬP ĐOÀN QUEEN,Công ty cổ phần,"Số 8 Đường số 1, Khu Dân Cư Him Lam, Phường Tân Hưng, Quận 7, Thành phố Hồ Chí Minh, Việt Nam",Quận 7,"4764: Bán lẻ trò chơi, đồ chơi trong các cửa hàng chuyên doanh-(không kinh doanh đồ chơi, trò chơi có hại cho giáo dục nhân cách, sức khoẻ của trẻ em hoặc ảnh hưởng đến an ninh trật tự, an toàn xã hội",internet
315862366,CÔNG TY TNHH TƯ VẤN THIẾT KẾ XÂY DỰNG MINH GIA,CÔNG TY TNHH TƯ VẤN THIẾT KẾ X,Công ty trách nhiệm hữu hạn một thành viên,"Số 80 đường 11, Phường Tân Kiểng, Quận 7, Thành phố Hồ Chí Minh, Việt Nam",Quận 7,"8559: Giáo dục khác chưa được phân vào đâu-Chi tiết: Đào tạo kỹ năng mềm , kỹ năng  quản lý, lãnh đạo, bán hàng cho nhân viên của doanh nghiệp theo hình thức nhóm hoặc một kèm một thông qua các hoạt đ",internet
315866931,CÔNG TY CỔ PHẦN THƯƠNG MẠI DỊCH VỤ SSQ,CÔNG TY CỔ PHẦN THƯƠNG MẠI DỊC,Công ty cổ phần,"12-13 Đường N1, Khu Thương Mại Nam,  KCX Tân Thuận, Phường Tân Thuận Đông, Quận 7, Thành phố Hồ Chí Minh, Việt Nam",Quận 7,2511: Sản xuất các cấu kiện kim loại-;3314: Sửa chữa thiết bị điện-(không hoạt động tại trụ sở);3319: Sửa chữa thiết bị khác-(không hoạt động tại trụ sở);3320: Lắp đặt máy móc và thiết bị công nghiệp-,internet
315862285,CÔNG TY CỔ PHẦN TECHNOLOGY EU,CÔNG TY CỔ PHẦN TECHNOLOGY EU,Công ty cổ phần,"675/15/9A1 Trần Xuân Soạn, Phường Tân Hưng, Quận 7, Thành phố Hồ Chí Minh, Việt Nam",Quận 7,"4649: Bán buôn đồ dùng khác cho gia đình-Chi tiết: Bán buôn giường, tủ, bàn, ghế, đồ trang trí nội thất bằng gỗ, inox, gốm sứ, mây tre lá; Bán buôn hàng gia dụng; Bán buôn sàn gỗ, sàn nhựa, các loại; ",technology
315830646,CÔNG TY CỔ PHẦN SÂM QUỐC TẾ,CÔNG TY CỔ PHẦN SÂM QUỐC TẾ,Công ty cổ phần,"6B Đường số 85, Phường Tân Quy, Quận 7, Thành phố Hồ Chí Minh, Việt Nam",Quận 7,"0118: Trồng rau, đậu các loại và trồng hoa-;0119: Trồng cây hàng năm khác-;0121: Trồng cây ăn quả-;0128: Trồng cây gia vị, cây dược liệu, cây hương liệu lâu năm-;0131: Nhân và chăm sóc cây giống hàng ",internet
315866025,CÔNG TY TNHH TIN HỌC HUY QUÂN,CÔNG TY TNHH TIN HỌC HUY QUÂN,Công ty trách nhiệm hữu hạn một thành viên,"91A Đường số 85, Khu phố 1, Phường Tân Quy, Quận 7, Thành phố Hồ Chí Minh, Việt Nam",Quận 7,"3312: Sửa chữa máy móc, thiết bị-;4651: Bán buôn máy vi tính, thiết bị ngoại vi và phần mềm-;4652: Bán buôn thiết bị và linh kiện điện tử, viễn thông-;4741: Bán lẻ máy vi tính, thiết bị ngoại vi, phần",internet
315882676,CÔNG TY TNHH SOO IL,CÔNG TY TNHH SOO IL,Công ty trách nhiệm hữu hạn một thành viên,"Số nhà 09 Block D thuộc Khu nhà ở thuộc lô A1, khu nhà ở Him Lam, số 83 đường  D4, Phường Tân Hưng, Quận 7, Thành phố Hồ Chí Minh, Việt Nam",Quận 7,"8560: Dịch vụ hỗ trợ giáo dục-Chi tiết: Tư vấn du học ( trừ tư vấn tài chính, kế toán, pháp lý), tư vấn giáo dục;7490: Hoạt động chuyên môn, khoa học và công nghệ khác chưa được phân vào đâu-Chi tiết:",internet
315883937,CÔNG TY TNHH THƯƠNG MẠI DỊCH VỤ XUẤT NHẬP KHẨU HOẠT MINH,CÔNG TY TNHH THƯƠNG MẠI DỊCH V,Công ty trách nhiệm hữu hạn một thành viên,"422 Nguyễn Thị Thập, Phường Tân Quy, Quận 7, Thành phố Hồ Chí Minh, Việt Nam",Quận 7,"5229: Hoạt động dịch vụ hỗ trợ khác liên quan đến vận tải-Chi tiết: Hoạt động của đại lý làm thủ tục hải quan; Hoạt động của các đại lý vận tải hàng hóa đường biển; 
- Giao nhận hàng hóa 
- Dịch vụ đạ",internet
315842183,CÔNG TY TNHH THƯƠNG MẠI DỊCH VỤ AN TRIỆU TIẾN,CÔNG TY TNHH THƯƠNG MẠI DỊCH V,Công ty trách nhiệm hữu hạn hai thành viên trở lên,"13/4B Đường Huỳnh Tấn Phát, Phường Phú Thuận, Quận 7, Thành phố Hồ Chí Minh, Việt Nam",Quận 7,4722: Bán lẻ thực phẩm trong các cửa hàng chuyên doanh-(thực hiện theo quyết định 64/2009/QĐ-UBND ngày 31/07/2009 và quyết định  số 79/2009/QĐ-UBND ngày 17/10/2009 của Ủy ban nhân dân TP. Hồ Chí Minh ,internet
315913853,CÔNG TY CỔ PHẦN GIẢI PHÁP MUA SẮM THÔNG MINH,CÔNG TY CỔ PHẦN GIẢI PHÁP MUA ,Công ty cổ phần,"Số 5, Đường D6, Khu dân cư Hoàn Cầu, Phường Bình Thuận, Quận 7, Thành phố Hồ Chí Minh, Việt Nam",Quận 7,"4662: Bán buôn kim loại và quặng kim loại-Chi tiết: Bán buôn sắt, thép, inox và các loại thép ống, thép cuộn, thép hợp kim (Trừ mua bán vàng miếng);4663: Bán buôn vật liệu, thiết bị lắp đặt khác trong",internet
315883038,CÔNG TY TNHH PHÁT TRIỂN DỊCH VỤ XUẤT NHẬP KHẨU MINH VĂN,CÔNG TY TNHH PHÁT TRIỂN DỊCH V,Công ty trách nhiệm hữu hạn một thành viên,"422 Nguyễn Thị Thập, Phường Tân Quy, Quận 7, Thành phố Hồ Chí Minh, Việt Nam",Quận 7,"4610: Đại lý, môi giới, đấu giá hàng hóa-Chi tiết: Đại lý, môi giới;4912: Vận tải hàng hóa đường sắt-(trừ hóa lỏng khí để vận chuyển);4933: Vận tải hàng hóa bằng đường bộ-(trừ hóa lỏng khí để vận chuy",internet
315908067,CÔNG TY TNHH GNS,CÔNG TY TNHH GNS,Công ty trách nhiệm hữu hạn một thành viên,"Phòng 505B, Lầu 5, Tòa nhà Thiên Sơn Plaza, 800 Nguyễn Văn Linh, Phường Tân Phú, Quận 7, Thành phố Hồ Chí Minh, Việt Nam",Quận 7,"4651: Bán buôn máy vi tính, thiết bị ngoại vi và phần mềm-;4652: Bán buôn thiết bị và linh kiện điện tử, viễn thông-;4741: Bán lẻ máy vi tính, thiết bị ngoại vi, phần mềm và thiết bị viễn thông trong ",internet
315913902,CÔNG TY TNHH BBB GLOBAL,CÔNG TY TNHH BBB GLOBAL,Công ty trách nhiệm hữu hạn hai thành viên trở lên,"Agritech Building, Số B7, Đường Cao Thị Chính, Phường Phú Thuận, Quận 7, Thành phố Hồ Chí Minh, Việt Nam",Quận 7,"4649: Bán buôn đồ dùng khác cho gia đình-(trừ dược phẩm);2023: Sản xuất mỹ phẩm, xà phòng, chất tẩy rửa, làm bóng và chế phẩm vệ sinh-(không hoạt động tại trụ sở);4662: Bán buôn kim loại và quặng kim ",internet
315888364,CÔNG TY TNHH U1 GOLF,CÔNG TY TNHH U1 GOLF,Công ty trách nhiệm hữu hạn một thành viên,"1447 Nguyễn Văn Linh, Mỹ Toàn 1, Phú Mỹ Hưng, Phường Tân Phong, Quận 7, Thành phố Hồ Chí Minh, Việt Nam",Quận 7,"5630: Dịch vụ phục vụ đồ uống-Chi tiết: Quán cà phê (trừ hoạt động quán bar và quán giải khát có khiêu vũ);5629: Dịch vụ ăn uống khác-(trừ quán bar, quán giải khát có khiêu vũ);4763: Bán lẻ thiết bị, ",internet
315897697,CÔNG TY TNHH THƯƠNG MẠI DỊCH VỤ XUẤT NHẬP KHẨU THÁI CƯỜNG,CÔNG TY TNHH THƯƠNG MẠI DỊCH V,Công ty trách nhiệm hữu hạn một thành viên,"422 Nguyễn Thị Thập, Phường Tân Quy, Quận 7, Thành phố Hồ Chí Minh, Việt Nam",Quận 7,"4711: Bán lẻ lương thực, thực phẩm, đồ uống, thuốc lá, thuốc lào chiếm tỷ trọng lớn trong các cửa hàng kinh doanh tổng hợp-(Thực hiện theo Quyết định 64/2009/QĐ-UBND ngày 31/07/2009 và Quyết Định 79/2",internet
315898267,CÔNG TY TRÁCH NHIỆM HỮU HẠN SƠN VƯƠNG TRẦN,CÔNG TY TRÁCH NHIỆM HỮU HẠN SƠ,Công ty trách nhiệm hữu hạn một thành viên,"458/20/14 Khu phố 2, Huỳnh Tấn Phát, Phường Bình Thuận, Quận 7, Thành phố Hồ Chí Minh, Việt Nam",Quận 7,"4752: Bán lẻ đồ ngũ kim, sơn, kính và thiết bị lắp đặt khác trong xây dựng trong các cửa hàng chuyên doanh-;4330: Hoàn thiện công trình xây dựng-;7020: Hoạt động tư vấn quản lý-(trừ tư vấn tài chính, ",internet
315929003,CÔNG TY TNHH CÔNG NGHỆ THIÊN KIM PHÚ,CÔNG TY TNHH CÔNG NGHỆ THIÊN K,Công ty trách nhiệm hữu hạn hai thành viên trở lên,"A9-2 The Grand View, đường Nguyễn Đức Cảnh, Phường Tân Phong, Quận 7, Thành phố Hồ Chí Minh, Việt Nam",Quận 7,"6201: Lập trình máy vi tính-Ngành nghề kinh doanh chính;6202: Tư vấn máy vi tính và quản trị hệ thống máy vi tính-;6311: Xử lý dữ liệu, cho thuê và các hoạt động liên quan-;3312: Sửa chữa máy móc, thi",internet
315933088,CÔNG TY TNHH LOGAZ,CÔNG TY TNHH LOGAZ,Công ty trách nhiệm hữu hạn một thành viên,"115 Tân Mỹ, Phường Tân Thuận Tây, Quận 7, Thành phố Hồ Chí Minh, Việt Nam",Quận 7,"6190: Hoạt động viễn thông khác-Chi tiết: Hoạt động của các điểm truy cập Internet
(trừ bán lại hạ tầng viễn thông, mạng cung cấp);6201: Lập trình máy vi tính-;6202: Tư vấn máy vi tính và quản trị hệ ",internet
315937572,CÔNG TY TNHH THƯƠNG MẠI JEMCO & K,CÔNG TY TNHH THƯƠNG MẠI JEMCO ,Công ty trách nhiệm hữu hạn một thành viên,"I2, tầng 9, cao ốc Golden King, số 15 Nguyễn Lương Bằng, Phường Tân Phú, Quận 7, Thành phố Hồ Chí Minh, Việt Nam",Quận 7,"4649: Bán buôn đồ dùng khác cho gia đình-Chi tiết: bán buôn các sản phẩm đồ dùng gia đình. Bán buôn các sản phẩm khử mùi. Bán buôn các sản phẩm nội thất. Bán buôn tinh dầu, sáp làm nến và các dụng cụ ",internet
315915339,CÔNG TY TNHH SEVEN LUCK,CÔNG TY TNHH SEVEN LUCK,Công ty trách nhiệm hữu hạn một thành viên,"R4-77 Đường Hưng Phước 1, Phường Tân Phong, Quận 7, Thành phố Hồ Chí Minh, Việt Nam",Quận 7,"4773: Bán lẻ hàng hóa khác mới trong các cửa hàng chuyên doanh-(trừ bán lẻ hóa chất, khí dầu mỏ hóa lỏng LPG, dầu nhớt cặn, vàng miếng, súng, đạn loại dùng đi săn hoặc thể thao và tiền kim khí; Thực h",internet
315913349,CÔNG TY TNHH GIAO ĐÚNG HẸN,CÔNG TY TNHH GIAO ĐÚNG HẸN,Công ty trách nhiệm hữu hạn một thành viên,"167 Trần Trọng Cung, Phường Tân Thuận Đông, Quận 7, Thành phố Hồ Chí Minh, Việt Nam",Quận 7,"4791: Bán lẻ theo yêu cầu đặt hàng qua bưu điện hoặc internet-(trừ bán lẻ bình gas, khí dầu mỏ hóa lỏng LPG, dầu nhớt cặn, vàng miếng, súng, đạn loại dùng đi săn hoặc thể thao và tiền kim khí; trừ bán",internet
315904746,CÔNG TY TNHH TƯ VẤN THIẾT KẾ VÀ ĐẦU TƯ XÂY DỰNG MINH KIẾN,CÔNG TY TNHH TƯ VẤN THIẾT KẾ V,Công ty trách nhiệm hữu hạn một thành viên,"446/10 Mai Văn Vĩnh, Phường Tân Quy, Quận 7, Thành phố Hồ Chí Minh, Việt Nam",Quận 7,"4322: Lắp đặt hệ thống cấp, thoát nước, hệ thống sưởi và điều hoà không khí-( trừ gia công cơ khí, tái chế phế thải, xi mạ điện, lắp đặt các thiết bị lạnh ( thiết bị cấp đông, kho lạnh, máy đá, điều h",internet
315911366,CÔNG TY TNHH THỰC PHẨM SODAM,CÔNG TY TNHH THỰC PHẨM SODAM,Công ty trách nhiệm hữu hạn hai thành viên trở lên,"Số 26, Đường số 6, Khu phố Hưng Vượng II – R13, Phường Tân Phong, Quận 7, Thành phố Hồ Chí Minh, Việt Nam",Quận 7,"4632: Bán buôn thực phẩm-(không hoạt động tại trụ sở) (CPC 622);4791: Bán lẻ theo yêu cầu đặt hàng qua bưu điện hoặc internet-(trừ bán lẻ bình gas, khí dầu mỏ hóa lỏng LPG, dầu nhớt cặn, vàng miếng, s",internet
315931891,CÔNG TY CỔ PHẦN CƠ KHÍ SẢN XUẤT - THƯƠNG MẠI BẢO HỘ LAO ĐỘNG LIÊN CƠ,CÔNG TY CỔ PHẦN CƠ KHÍ SẢN XUẤ,Công ty cổ phần,"Số 116, Đường Số 1, Phường Tân Kiểng, Quận 7, Thành phố Hồ Chí Minh, Việt Nam",Quận 7,"1399: Sản xuất các loại hàng dệt khác chưa được phân vào đâu-Chi tiết: Sản xuất đồ bảo hộ lao động, găng tay (không hoạt động tại trụ sở).;4101: Xây dựng nhà để ở-Chi tiết :Xây dựng nhà để ở, nhà thép",internet
315941307,CÔNG TY TNHH GIẢI PHÁP CÔNG NGHỆ CEH,CÔNG TY TNHH GIẢI PHÁP CÔNG NG,Công ty trách nhiệm hữu hạn hai thành viên trở lên,"Lô U.14B-16A, Đường số 22, Khu Chế Xuất Tân Thuận, Phường Tân Thuận Đông, Quận 7, Thành phố Hồ Chí Minh, Việt Nam",Quận 7,"4651: Bán buôn máy vi tính, thiết bị ngoại vi và phần mềm-(không hoạt động tại trụ sở);4652: Bán buôn thiết bị và linh kiện điện tử, viễn thông-(không hoạt động tại trụ sở);4659: Bán buôn máy móc, thi",internet
315933426,CÔNG TY TNHH NHÀ HÀNG HẢI SẢN NGON,CÔNG TY TNHH NHÀ HÀNG HẢI SẢN ,Công ty trách nhiệm hữu hạn một thành viên,"Số 15 Nguyễn Lương Bằng, Phường Tân Phú, Quận 7, Thành phố Hồ Chí Minh, Việt Nam",Quận 7,"4321: Lắp đặt hệ thống điện-;4330: Hoàn thiện công trình xây dựng-;4610: Đại lý, môi giới, đấu giá hàng hóa-Chi tiết: Môi giới; đại lý, ký gửi hàng hóa (trừ môi giới bất động sản);4620: Bán buôn nông,",internet
315935663,CÔNG TY TNHH THƯƠNG MẠI DỊCH VỤ JJ GLOBAL,CÔNG TY TNHH THƯƠNG MẠI DỊCH V,Công ty trách nhiệm hữu hạn một thành viên,"66 Đường số 14, KDC Him Lam, Phường Tân Hưng, Quận 7, Thành phố Hồ Chí Minh, Việt Nam",Quận 7,"4610: Đại lý, môi giới, đấu giá hàng hóa-chi tiết: đại lý, môi giới (trừ môi giới bất động sản);4632: Bán buôn thực phẩm-chi tiết: bán buôn thực phẩm chức năng;4649: Bán buôn đồ dùng khác cho gia đình",internet
315934395,CÔNG TY CỔ PHẦN MEGASOFT SG,CÔNG TY CỔ PHẦN MEGASOFT SG,Công ty cổ phần,"11/4 Khu Phố 3 Huỳnh Tấn Phát, Phường Tân Phú, Quận 7, Thành phố Hồ Chí Minh, Việt Nam",Quận 7,"8230: Tổ chức giới thiệu và xúc tiến thương mại-Chi tiết: Tổ chức sự kiện (không thực hiện các hiệu ứng cháy, nổ; không sử dụng chất nổ, chất cháy, hóa chất làm đạo cụ, dụng cụ thực hiện các chương tr",internet
315933031,CÔNG TY TNHH FOODCARE VN,CÔNG TY TNHH FOODCARE VN,Công ty trách nhiệm hữu hạn một thành viên,"C2, Tầng 17, Lô Officetel, Tòa nhà Golden King, Số 15 Nguyễn Lương Bằng, Phường Tân Phú, Quận 7, Thành phố Hồ Chí Minh, Việt Nam",Quận 7,"4711: Bán lẻ lương thực, thực phẩm, đồ uống, thuốc lá, thuốc lào chiếm tỷ trọng lớn trong các cửa hàng kinh doanh tổng hợp-chi tiết: Bán lẻ lương thực, thực phẩm, đồ uống. Thực hiện quyền xuất khẩu, q",internet
315952531,CÔNG TY TNHH MTV C&T,CÔNG TY TNHH MTV CT,Công ty trách nhiệm hữu hạn một thành viên,"B123, Ehome 5-167 Trần Trọng Cung, Phường Tân Thuận Đông, Quận 7, Thành phố Hồ Chí Minh, Việt Nam",Quận 7,"4722: Bán lẻ thực phẩm trong các cửa hàng chuyên doanh-Chi tiết: Bán lẻ nấm, rong nho biển, nhân sâm (thực hiện theo Quyết định số 64/2009/QĐ-UBND ngày 31/07/2009 và Quyết định số 79/2009/QĐ-UBND ngày",internet
315933987,CÔNG TY TNHH DỊCH VỤ VÀ THƯƠNG MẠI THỰC PHẨM AN TOÀN TIẾN DŨNG,CÔNG TY TNHH DỊCH VỤ VÀ THƯƠNG,Công ty trách nhiệm hữu hạn một thành viên,"156/42 Huỳnh Tấn Phát, Phường Tân Thuận Tây, Quận 7, Thành phố Hồ Chí Minh, Việt Nam",Quận 7,4721: Bán lẻ lương thực trong các cửa hàng chuyên doanh-(thực hiện theo quyết định 64/2009/QĐ-UBND ngày 31/7/2009 và quyết định 79/2009/QĐ-UBND ngày 17/1/2009 của UBND TPHCM về phê duyệt kinh doanh nô,internet
315921780,CÔNG TY TNHH THƯƠNG MẠI DỊCH VỤ KINGDOM MIRAN,CÔNG TY TNHH THƯƠNG MẠI DỊCH V,Công ty trách nhiệm hữu hạn một thành viên,"74 Cao Triều Phát, Phường Tân Phong, Quận 7, Thành phố Hồ Chí Minh, Việt Nam",Quận 7,4722: Bán lẻ thực phẩm trong các cửa hàng chuyên doanh-(thực hiện theo quyết định 64/2009/QĐ-UB ngày 31/07/2009 và 79/2009/QĐ-UBND ngày 17/10/2009 của UBND Thành phố về phê duyệt quy hoạch kinh doanh ,internet
315954296,CÔNG TY TNHH THƯƠNG MẠI & DỊCH VỤ YẾN KOREA,CÔNG TY TNHH THƯƠNG MẠI  DỊCH ,Công ty trách nhiệm hữu hạn một thành viên,"47B Đường 37, Phường Tân Quy, Quận 7, Thành phố Hồ Chí Minh, Việt Nam",Quận 7,"4799: Bán lẻ hình thức khác chưa được phân vào đâu-(trừ bán lẻ bình gas, khí dầu mỏ hóa lỏng LPG và dầu nhớt cặn, dược phẩm, vàng miếng, súng, đạn loại dùng đi săn hoặc thể thao và tiền kim khí; thực ",internet
315976719,CÔNG TY TNHH CÔNG NGHỆ WORLD SERVICE,CÔNG TY TNHH CÔNG NGHỆ WORLD S,Công ty trách nhiệm hữu hạn một thành viên,"98 Lâm Văn Bền, Phường Tân Kiểng, Quận 7, Thành phố Hồ Chí Minh, Việt Nam",Quận 7,5820: Xuất bản phần mềm-Chi tiết: Sản xuất phần mềm;1811: In ấn-Chi tiết: Dịch vụ in ấn (không hoạt động tại trụ sở);1812: Dịch vụ liên quan đến in-Chi tiết: Thiết kế các sản phẩm in như bản phác thảo,internet
315951802,CÔNG TY CỔ PHẦN FOS MEDIA,CÔNG TY CỔ PHẦN FOS MEDIA,Công ty cổ phần,"1-3 Đường D4 Khu Dân Cư Him Lam Kênh Tẻ, Phường Tân Hưng, Quận 7, Thành phố Hồ Chí Minh, Việt Nam",Quận 7,"5820: Xuất bản phần mềm-Chi tiết: Sản xuất phần mềm;5911: Hoạt động sản xuất phim điện ảnh, phim video và chương trình truyền hình-Chi tiết: Hoạt động sản xuất phim video; Hoạt động sản xuất các chươn",internet
315952041,CÔNG TY TNHH CÔNG NGHỆ NNCT,CÔNG TY TNHH CÔNG NGHỆ NNCT,Công ty trách nhiệm hữu hạn hai thành viên trở lên,"D3-1-1, tầng 3 thuộc Nhà Xưởng Tiêu Chuẩn D, Lô Va.04b, Đường 17 & 24, Khu Công nghiệp thuộc Khu chế xuất Tân Thuận, Phường Tân Thuận Đông, Quận 7, Thành phố Hồ Chí Minh, Việt Nam",Quận 7,"5820: Xuất bản phần mềm-chi tiết: Sản xuất phần mềm;6201: Lập trình máy vi tính-Chi tiết:  Hoạt động viết, sửa, thử nghiệm và trợ giúp các phần mềm theo yêu cầu sử dụng riêng biệt của từng khách hàng.",internet
315971446,CÔNG TY TNHH LOTTORICH,CÔNG TY TNHH LOTTORICH,Công ty trách nhiệm hữu hạn một thành viên,"Số 73 đường D1, khu đô thị mới Him Lam, Phường Tân Hưng, Quận 7, Thành phố Hồ Chí Minh, Việt Nam",Quận 7,"6312: Cổng thông tin-;6311: Xử lý dữ liệu, cho thuê và các hoạt động liên quan-;6399: Dịch vụ thông tin khác chưa được phân vào đâu-Chi tiết: Dịch vụ truy cập dữ liệu, dịch vụ xử lý dữ liệ",internet
315948736,CÔNG TY TNHH THIẾT KẾ VÀ THI CÔNG Á CHÂU,CÔNG TY TNHH THIẾT KẾ VÀ THI C,Công ty trách nhiệm hữu hạn hai thành viên trở lên,"186 Đường số 8, Phường Tân Thuận Đông, Quận 7, Thành phố Hồ Chí Minh, Việt Nam",Quận 7,6201: Lập trình máy vi tính-;8560: Dịch vụ hỗ trợ giáo dục-;4101: Xây dựng nhà để ở-;4102: Xây dựng nhà không để ở-;4330: Hoàn thiện công trình xây dựng-;4311: Phá dỡ-;4312: Chuẩn bị mặt bằng-;4211: X,internet
315953655,CÔNG TY TNHH DỊCH VỤ VVD,CÔNG TY TNHH DỊCH VỤ VVD,Công ty trách nhiệm hữu hạn hai thành viên trở lên,"Tầng 2 Lô C4-2, Số 152 Nguyễn Lương Bằng, Phường Tân Phú, Quận 7, Thành phố Hồ Chí Minh, Việt Nam",Quận 7,"7020: Hoạt động tư vấn quản lý-(trừ tư vấn tài chính, kế toán, kiểm toán và tư vấn về thuế, hoạt động luật pháp);6619: Hoạt động hỗ trợ dịch vụ tài chính chưa được phân vào đâu-Chi tiết: Các dịch vụ ủ",internet
315986851,CÔNG TY TNHH MTV ENGLISHKID,CÔNG TY TNHH MTV ENGLISHKID,Công ty trách nhiệm hữu hạn một thành viên,"Tầng I2. 09 (09. 14) Cao Ốc Golden King, 15 Nguyễn Lương Bằng , Phường Tân Phú, Quận 7, Thành phố Hồ Chí Minh, Việt Nam",Quận 7,"4633: Bán buôn đồ uống-Chi tiết: Thực hiện quyền xuất khẩu, quyền nhập khẩu, quyền phân phối bán buôn các hàng hóa không thuộc danh mục hàng hóa cấm xuất khẩu, cấm nhập khẩu và danh mục hàng hóa không",internet
315951714,CÔNG TY TNHH YUIL MS VIETNAM,CÔNG TY TNHH YUIL MS VIETNAM,Công ty trách nhiệm hữu hạn hai thành viên trở lên,"Số 139 Đường số 17, Phường Tân Thuận Tây, Quận 7, Thành phố Hồ Chí Minh, Việt Nam",Quận 7,"4659: Bán buôn máy móc, thiết bị và phụ tùng máy khác-Chi tiết: Bán buôn thiết bị, phụ tùng máy kéo sợi; xuất nhập khẩu thiết bị, phụ tùng máy kéo sợi; Bán buôn máy móc, thiết bị và phụ tùng máy khác;",internet
315957699,CÔNG TY TNHH ĐẦU TƯ PHÁT TRIỂN NT,CÔNG TY TNHH ĐẦU TƯ PHÁT TRIỂN,Công ty trách nhiệm hữu hạn một thành viên,"42C Đường số 1, Phường Tân Phú, Quận 7, Thành phố Hồ Chí Minh, Việt Nam",Quận 7,"4659: Bán buôn máy móc, thiết bị và phụ tùng máy khác-Chi tiết: Bán buôn máy móc, thiết bị và phụ tùng máy giặt, sấy, ủi, vệ sinh công nghiệp; Bán buôn máy móc, thiết bị và phụ tùng máy giặt, sấy, ủi,",internet
315966051,CÔNG TY TNHH THIẾT KẾ XÂY DỰNG - TRANG TRÍ NỘI THẤT TỶ LỆ VÀNG,CÔNG TY TNHH THIẾT KẾ XÂY DỰNG,Công ty trách nhiệm hữu hạn một thành viên,"B15.10 Sunrise City View 33 Nguyễn Hữu Thọ , Phường Tân Hưng, Quận 7, Thành phố Hồ Chí Minh, Việt Nam",Quận 7,"7110: Hoạt động kiến trúc và tư vấn kỹ thuật có liên quan-Chi tiết: Khảo sát địa chất công trình. Đo đạc địa chính. Thiết kế cấp, thoát nước công trình xây dựng. Thiết kế kết cấu công trình hạ tầng kỹ",internet
315946489,CÔNG TY TNHH NHƯỢNG QUYỀN THƯƠNG MẠI BẢO PHONG,CÔNG TY TNHH NHƯỢNG QUYỀN THƯƠ,Công ty trách nhiệm hữu hạn một thành viên,"944/5 Đường Huỳnh Tấn Phát, Phường Tân Phú, Quận 7, Thành phố Hồ Chí Minh, Việt Nam",Quận 7,"4610: Đại lý, môi giới, đấu giá hàng hóa-Chi tiết: Đại lý, môi giới (trừ môi giới bất động sản);8299: Hoạt động dịch vụ hỗ trợ kinh doanh khác còn lại chưa được phân vào đâu-Chi tiết: Nhượng quyền thư",internet
315991386,CÔNG TY TRÁCH NHIỆM HỮU HẠN THƯƠNG MẠI DỊCH VỤ MỘC YÊN,CÔNG TY TRÁCH NHIỆM HỮU HẠN TH,Công ty trách nhiệm hữu hạn một thành viên,"B13-09 Hoàng Anh Thanh Bình, đường D4, Phường Tân Hưng, Quận 7, Thành phố Hồ Chí Minh, Việt Nam",Quận 7,"4690: Bán buôn tổng hợp-(trừ bán buôn bình gas, khí dầu mỏ hóa lỏng LPG, dầu nhớt cặn, vàng miếng, súng, đạn loại dùng đi săn hoặc thể thao và tiền kim khí; trừ bán buôn hóa chất tại trụ sở; Thực hiện",internet
315975810,CÔNG TY TNHH THƯƠNG MẠI VÀ DỊCH VỤ THỜI TRANG GIÁ RẺ,CÔNG TY TNHH THƯƠNG MẠI VÀ DỊC,Công ty trách nhiệm hữu hạn một thành viên,"Số nhà 18, đường 49, Phường Bình Thuận, Quận 7, Thành phố Hồ Chí Minh, Việt Nam",Quận 7,"4641: Bán buôn vải, hàng may mặc, giày dép-chi tiết: 
-	Bán buôn vải
-	Bán buôn thảm, đệm, chăn, màn, rèm, ga trải giường, gối và hàng dệt khác
-	Bán buôn hàng may mặc; 
-	Bán buôn giày dép;4771: Bán ",internet
315999554,CÔNG TY TNHH CHERRY FOOD,CÔNG TY TNHH CHERRY FOOD,Công ty trách nhiệm hữu hạn một thành viên,"701/12B/9 Trần Xuân Soạn, Phường Tân Hưng, Quận 7, Thành phố Hồ Chí Minh, Việt Nam",Quận 7,"4774: Bán lẻ hàng hóa đã qua sử dụng trong các cửa hàng chuyên doanh-(trừ bán lẻ hóa chất, đồ cổ, khí dầu mỏ hóa lỏng LPG, dầu nhớt cặn, vàng miếng, súng, đạn loại dùng đi săn hoặc thể thao và tiền ki",internet
315979847,CÔNG TY TNHH THƯƠNG MẠI DỊCH VỤ ĐẦU TƯ PHÁT TIẾN,CÔNG TY TNHH THƯƠNG MẠI DỊCH V,Công ty trách nhiệm hữu hạn một thành viên,"287 Lê Văn Lương, Phường Tân Quy, Quận 7, Thành phố Hồ Chí Minh, Việt Nam",Quận 7,"4722: Bán lẻ thực phẩm trong các cửa hàng chuyên doanh-Chi tiết: Bán lẻ thịt và các sản phẩm từ thịt; Bán lẻ thủy sản; Bán lẻ rau, quả; Bán lẻ cà phê; Bán lẻ chè; Bán lẻ trứng và sản phẩm từ trứng; Bá",internet
315981490,CÔNG TY TNHH JAMALEX,CÔNG TY TNHH JAMALEX,Công ty trách nhiệm hữu hạn hai thành viên trở lên,"103/14 Nguyễn Thị Thập, Phường Tân Phú, Quận 7, Thành phố Hồ Chí Minh, Việt Nam",Quận 7,"4610: Đại lý, môi giới, đấu giá hàng hóa-( trừ đấu giá tài sản );4791: Bán lẻ theo yêu cầu đặt hàng qua bưu điện hoặc internet-( trừ bán lẻ hóa chất, khí dầu mỏ hóa lỏng LPG, dầu nhớt cặn, vàng miếng,",internet
316005847,CÔNG TY TNHH SJH GLOBAL,CÔNG TY TNHH SJH GLOBAL,Công ty trách nhiệm hữu hạn hai thành viên trở lên,"R4-53, Nội Khu Hưng Gia 1, Phú Mỹ Hưng, Phường Tân Phong, Quận 7, Thành phố Hồ Chí Minh, Việt Nam",Quận 7,"1075: Sản xuất món ăn, thức ăn chế biến sẵn-;1074: Sản xuất mì ống, mỳ sợi và sản phẩm tương tự-;1010: Chế biến, bảo quản thịt và các sản phẩm từ thịt-(không hoạt động tại trụ sở);1020: Chế biến, bảo ",internet
316008206,CÔNG TY TNHH TM DV NHẬT KHANG,CÔNG TY TNHH TM DV NHẬT KHANG,Công ty trách nhiệm hữu hạn một thành viên,"309 Lê Văn Lương, Phường Tân Quy, Quận 7, Thành phố Hồ Chí Minh, Việt Nam",Quận 7,"4530: Bán phụ tùng và các bộ phận phụ trợ của ô tô và xe có động cơ khác-;4543: Bán phụ tùng và các bộ phận phụ trợ của mô tô, xe máy-;4659: Bán buôn máy móc, thiết bị và phụ tùng máy khác-;4663: Bán ",internet
315992654,CÔNG TY TNHH  TM DV NÉT XUÂN,CÔNG TY TNHH  TM DV NÉT XUÂN,Công ty trách nhiệm hữu hạn một thành viên,"45/21 Nguyễn Thị Thập, Phường Tân Phú, Quận 7, Thành phố Hồ Chí Minh, Việt Nam",Quận 7,"1410: May trang phục (trừ trang phục từ da lông thú)-(trừ tẩy, nhuộm, hồ, in trên các sản phẩm vải sợi, dệt, may đan tại trụ sở);1420: Sản xuất sản phẩm từ da lông thú-(Không hoạt động tại trụ sở).;14",internet
315994059,CÔNG TY TNHH GIẢI PHÁP THIẾT KẾ HOÀNG ĐĂNG,CÔNG TY TNHH GIẢI PHÁP THIẾT K,Công ty trách nhiệm hữu hạn hai thành viên trở lên,"197 Huỳnh Tấn Phát, Phường Tân Thuận Đông, Quận 7, Thành phố Hồ Chí Minh, Việt Nam",Quận 7,"4221: Xây dựng công trình điện-(Doanh nghiệp không cung cấp hàng hóa, dịch vụ thuộc độc quyền Nhà nước, không hoạt động thương mại theo NĐ 94/2017/NĐ-CP về hàng hóa, dịch vụ độc quyền Nhà nước);4223: ",internet
316028058,CÔNG TY TRÁCH NHIỆM HỮU HẠN  YES MARKETING,CÔNG TY TRÁCH NHIỆM HỮU HẠN  Y,Công ty trách nhiệm hữu hạn hai thành viên trở lên,"1627/63G Huỳnh Tấn Phát, Phường Phú Mỹ, Quận 7, Thành phố Hồ Chí Minh, Việt Nam",Quận 7,7420: Hoạt động nhiếp ảnh-(trừ sản xuất phim).;7310: Quảng cáo-;7320: Nghiên cứu thị trường và thăm dò dư luận-(trừ dịch vụ điều tra và các loại thông tin nhà nước cấm);8559: Giáo dục khác chưa được p,internet
316002892,CÔNG TY TNHH QUỐC TẾ RMD,CÔNG TY TNHH QUỐC TẾ RMD,Công ty trách nhiệm hữu hạn một thành viên,"197 Huỳnh Tấn Phát, Phường Tân Thuận Đông, Quận 7, Thành phố Hồ Chí Minh, Việt Nam",Quận 7,"4772: Bán lẻ thuốc, dụng cụ y tế, mỹ phẩm và vật phẩm vệ sinh trong các cửa hàng chuyên doanh-Chi tiết: Bán lẻ dụng cụ y tế, mỹ phẩm và vật phẩm vệ sinh trong các cửa hàng chuyên doanh (CPC 632); 4771",internet
316023638,CÔNG TY TNHH WONDER ZONE,CÔNG TY TNHH WONDER ZONE,Công ty trách nhiệm hữu hạn một thành viên,"75-77 Đường D1, Khu đô thị mới Him Lam Kênh Tẻ, Phường Tân Hưng, Quận 7, Thành phố Hồ Chí Minh, Việt Nam",Quận 7,2640: Sản xuất sản phẩm điện tử dân dụng-Chi tiết: sản xuất các chương trình trò chơi điện tử (trừ hoạt động kinh doanh trò chơi điện tử có thưởng dành cho người nước ngoài và kinh doanh trò chơi điện,internet
316032128,CÔNG TY TNHH GFIN VIỆT NAM,CÔNG TY TNHH GFIN VIỆT NAM,Công ty trách nhiệm hữu hạn một thành viên,"Tòa Nhà Mapletree Business Center, Số 1060 Đại Lộ Nguyễn Văn Linh, Phường Tân Phong, Quận 7, Thành phố Hồ Chí Minh, Việt Nam",Quận 7,6499: Hoạt động dịch vụ tài chính khác chưa được phân vào đâu (trừ bảo hiểm và bảo hiểm xã hội)-Chi tiết: Kinh doanh dịch vụ mua bán nợ (Doanh nghiệp chỉ được kinh doanh kể từ khi có đủ điều kiện theo,internet
316011872,CÔNG TY TNHH LEADER VIỆT HÀN,CÔNG TY TNHH LEADER VIỆT HÀN,Công ty trách nhiệm hữu hạn hai thành viên trở lên,"Phòng I2-I8, Tầng 18, Toà nhà Golden King, số 15, Nguyễn Lương Bằng, Phường Tân Phú, Quận 7, Thành phố Hồ Chí Minh, Việt Nam",Quận 7,2620: Sản xuất máy vi tính và thiết bị ngoại vi của máy vi tính-;2930: Sản xuất phụ tùng và bộ phận phụ trợ cho xe ô tô và xe có động cơ khác-;4329: Lắp đặt hệ thống xây dựng khác--Chi tiết: Lắp đặt h,internet
316025699,CÔNG TY TNHH ĐẦU TƯ PHÁT TRIỂN THƯƠNG MẠI VÀ XUẤT NHẬP KHẨU T.N.T,CÔNG TY TNHH ĐẦU TƯ PHÁT TRIỂN,Công ty trách nhiệm hữu hạn hai thành viên trở lên,"26 Đường 2C, Phường Phú Mỹ, Quận 7, Thành phố Hồ Chí Minh, Việt Nam",Quận 7,"4791: Bán lẻ theo yêu cầu đặt hàng qua bưu điện hoặc internet-(trừ bán lẻ bình gas, hóa chất, súng, đạn loại dùng đi săn hoặc thể thao và tiền kim khí và thực hiện theo Quyết định 64/2009/QĐ-UBND ngày",internet
316002606,CÔNG TY TNHH THƯƠNG MẠI DỊCH VỤ LÊ NGUYỄN VJ,CÔNG TY TNHH THƯƠNG MẠI DỊCH V,Công ty trách nhiệm hữu hạn một thành viên,"Số 58M Hoàng Quốc Việt, Phường Phú Mỹ, Quận 7, Thành phố Hồ Chí Minh, Việt Nam",Quận 7,"4330: Hoàn thiện công trình xây dựng-;4620: Bán buôn nông, lâm sản nguyên liệu (trừ gỗ, tre, nứa) và động vật sống-(không hoạt động tại trụ sở);4631: Bán buôn gạo, lúa mỳ, hạt ngũ cốc khác, bột mỳ-(kh",internet
316018557,CÔNG TY TNHH ZITAICHI,CÔNG TY TNHH ZITAICHI,Công ty trách nhiệm hữu hạn một thành viên,"74 Huỳnh Tấn Phát, Phường Tân Thuận Tây, Quận 7, Thành phố Hồ Chí Minh, Việt Nam",Quận 7,"8531: Đào tạo sơ cấp-Chi tiết: Dạy nghề.;9522: Sửa chữa thiết bị, đồ dùng gia đình-;9620: Giặt là, làm sạch các sản phẩm dệt và lông thú-;4711: Bán lẻ lương thực, thực phẩm, đồ uống, thuốc lá, thuốc l",internet
316050617,CÔNG TY TNHH SẢN XUẤT & THƯƠNG MẠI LTP GLOBAL,CÔNG TY TNHH SẢN XUẤT  THƯƠNG ,Công ty trách nhiệm hữu hạn một thành viên,"1.06 - Tháp M1, tòa nhà Chung cư Jamona Apartment (Jamona City) thuộc Khu dân cư phía Bắc rạch Bà Bướm, đường N8, Phường Phú Thuận, Quận 7, Thành phố Hồ Chí Minh, Việt Nam",Quận 7,"8299: Hoạt động dịch vụ hỗ trợ kinh doanh khác còn lại chưa được phân vào đâu-Chi tiết: Dịch vụ tư vấn quản lý doanh nghiệp. Xuất nhập khẩu các mặt hàng công ty kinh doanh.; 7730: Cho thuê máy móc, th",internet
316028280,CÔNG TY TNHH THƯƠNG MẠI & DỊCH VỤ GẤU VUI VẺ,CÔNG TY TNHH THƯƠNG MẠI  DỊCH ,Công ty trách nhiệm hữu hạn hai thành viên trở lên,"45/15 Nguyễn Thị Thập, Khu Phố 2, Phường Tân Phú, Quận 7, Thành phố Hồ Chí Minh, Việt Nam",Quận 7,"4764: Bán lẻ trò chơi, đồ chơi trong các cửa hàng chuyên doanh-;1811: In ấn-;1812: Dịch vụ liên quan đến in-;7410: Hoạt động thiết kế chuyên dụng-;3312: Sửa chữa máy móc, thiết bị-;3314: Sửa chữa thiế",internet
316005283,CÔNG TY TNHH MTV THÙY ANH,CÔNG TY TNHH MTV THÙY ANH,Công ty trách nhiệm hữu hạn một thành viên,"KC26 đường Huỳnh Tấn Phát, Phường Tân Thuận Tây, Quận 7, Thành phố Hồ Chí Minh, Việt Nam",Quận 7,4722: Bán lẻ thực phẩm trong các cửa hàng chuyên doanh-(thực hiện theo quyết định 64/2009/QĐ-UBND ngày 31/07/2009 và quyết định  số 79/2009/QĐ-UBND ngày 17/10/2009 của Ủy ban nhân dân TP. Hồ Chí Minh ,internet
316000951,CÔNG TY CỔ PHẦN VIET DISTRIBUTION,CÔNG TY CỔ PHẦN VIET DISTRIBUT,Công ty cổ phần,"126 Đường 40, Khu định cư Tân Quy Đông, Phường Tân Phong, Quận 7, Thành phố Hồ Chí Minh, Việt Nam",Quận 7,"4610: Đại lý, môi giới, đấu giá hàng hóa-Chi tiết: Đại lý ký gửi hàng hoá;4651: Bán buôn máy vi tính, thiết bị ngoại vi và phần mềm-;4652: Bán buôn thiết bị và linh kiện điện tử, viễn thông-;4791: Bán",internet
316030804,CÔNG TY TNHH DƯỢC PHẨM ALLIANCE,CÔNG TY TNHH DƯỢC PHẨM ALLIANC,Công ty trách nhiệm hữu hạn hai thành viên trở lên,"Số 11 Đường số 9, Phường Phú Thuận, Quận 7, Thành phố Hồ Chí Minh, Việt Nam",Quận 7,"4610: Đại lý, môi giới, đấu giá hàng hóa-Chi tiết: Đại lý, môi giới hàng hóa;4933: Vận tải hàng hóa bằng đường bộ-(trừ hóa lỏng khí để vận chuyển);5022: Vận tải hàng hóa đường thuỷ nội địa-;5229: Hoạt",internet
316033604,CÔNG TY TNHH FIVE GOAL,CÔNG TY TNHH FIVE GOAL,Công ty trách nhiệm hữu hạn một thành viên,"L27 Đường số 11, Khu dân cư Him Lam, Phường Tân Hưng, Quận 7, Thành phố Hồ Chí Minh, Việt Nam",Quận 7,"4610: Đại lý, môi giới, đấu giá hàng hóa-Chi tiết: đại lý. môi giới ̣;6622: Hoạt động của đại lý và môi giới bảo hiểm-Chi tiết: Đại lý bảo hiểm;6619: Hoạt động hỗ trợ dịch vụ tài chính chưa được phân ",internet
108745600,CÔNG TY TNHH JC INTERNATIONAL VIỆT NAM,CÔNG TY TNHH JC INTERNATIONAL ,Công ty trách nhiệm hữu hạn một thành viên,"I2, tầng 9 Golden King, số 15 Nguyễn Lương Bằng, Phường Tân Phú, Quận 7, Thành phố Hồ Chí Minh, Việt Nam",Quận 7,"4649: Bán buôn đồ dùng khác cho gia đình-Chi tiết: 
Bán buôn dược phẩm và dụng cụ y tế;
Bán buôn nước hoa, hàng mỹ phẩm và chế phẩm vệ sinh;;4610: Đại lý, môi giới, đấu giá hàng hóa-Chi tiết: Đại lý b",internet
316064063,CÔNG TY CỔ PHẦN ĐẦU TƯ SỮA CHUYÊN NGHIỆP VIỆT NAM,CÔNG TY CỔ PHẦN ĐẦU TƯ SỮA CHU,Công ty cổ phần,"21A Nguyễn Thị Thập, Khu phố 2, Phường Tân Phú, Quận 7, Thành phố Hồ Chí Minh, Việt Nam",Quận 7,"4722: Bán lẻ thực phẩm trong các cửa hàng chuyên doanh-Chi tiết: Bán lẻ rau, quả, thực phẩm khác ( thực hiện theo quyết định 64/2009/QĐ – UBND ngày 31/7/2009 và quyết định 79/2009/QĐ – UBND ngày 17/10",internet
316074181,CÔNG TY TNHH TELECOM THIÊN ẤN HOLDING,CÔNG TY TNHH TELECOM THIÊN ẤN ,Công ty trách nhiệm hữu hạn một thành viên,"320/11A Nguyễn Văn Linh, Phường Bình Thuận, Quận 7, Thành phố Hồ Chí Minh, Việt Nam",Quận 7,"4223: Xây dựng công trình viễn thông, thông tin liên lạc-;4652: Bán buôn thiết bị và linh kiện điện tử, viễn thông-;4741: Bán lẻ máy vi tính, thiết bị ngoại vi, phần mềm và thiết bị viễn thông trong c",internet
316072071,CÔNG TY TNHH THƯƠNG MẠI DỊCH VỤ TIN HỌC PLUG AND PLAY,CÔNG TY TNHH THƯƠNG MẠI DỊCH V,Công ty trách nhiệm hữu hạn một thành viên,"93A Trần Xuân Soạn, Khu phố 3, Phường Tân Thuận Tây, Quận 7, Thành phố Hồ Chí Minh, Việt Nam",Quận 7,"4649: Bán buôn đồ dùng khác cho gia đình-;4651: Bán buôn máy vi tính, thiết bị ngoại vi và phần mềm-;4652: Bán buôn thiết bị và linh kiện điện tử, viễn thông-;4659: Bán buôn máy móc, thiết bị và phụ t",internet
316043232,CÔNG TY TNHH FORTUNE2019,CÔNG TY TNHH FORTUNE2019,Công ty trách nhiệm hữu hạn một thành viên,"R4-68, R4-69, R4-70 Đường Nội Khu Hưng Gia 3, Phường Tân Phong, Quận 7, Thành phố Hồ Chí Minh, Việt Nam",Quận 7,9329: Hoạt động vui chơi giải trí khác chưa được phân vào đâu-Chi tiết: Kinh doanh trò chơi điện tử (Trừ kinh doanh trò chơi điện tử có thưởng dành cho người nước ngoài và kinh doanh trò chơi điện tử ,internet
316079359,CÔNG TY CỔ PHẦN ALBA CAPITAL,CÔNG TY CỔ PHẦN ALBA CAPITAL,Công ty cổ phần,"1-3 Đường D4 Khu Dân Cư Him Lam Kênh Tẻ, Phường Tân Hưng, Quận 7, Thành phố Hồ Chí Minh, Việt Nam",Quận 7,"5630: Dịch vụ phục vụ đồ uống-Chi tiết: Dịch vụ phục vụ đồ uống, bán đồ giải khát. Quán cà phê. Hoạt động của các quán chế biến và phục vụ khách hàng tại chỗ các loại đồ uống. Dịch vụ phục vụ đồ uống ",internet
316051233,CÔNG TY TNHH GLOBAL GALAXY NETWORK,CÔNG TY TNHH GLOBAL GALAXY NET,Công ty trách nhiệm hữu hạn một thành viên,"T1-A03a.13, Tầng 3A, Khối Officetel, Số 35/12 Bế Văn Cấm, Phường Tân Kiểng, Quận 7, Thành phố Hồ Chí Minh, Việt Nam",Quận 7,"7410: Hoạt động thiết kế chuyên dụng-Chi tiết: Thiết kế đồ họa, website.
(không bao gồm hoạt động quảng cáo thuộc CPC 871)
CPC 849;6311: Xử lý dữ liệu, cho thuê và các hoạt động liên quan-(Tổ chức kin",network
316049971,CÔNG TY TNHH THE KING CỘNG,CÔNG TY TNHH THE KING CỘNG,Công ty trách nhiệm hữu hạn một thành viên,"86 Phan Khiêm Ích, Phường Tân Phong, Quận 7, Thành phố Hồ Chí Minh, Việt Nam",Quận 7,"4620: Bán buôn nông, lâm sản nguyên liệu (trừ gỗ, tre, nứa) và động vật sống-Chi tiết: Bán buôn nông, lâm sản nguyên liệu (trừ gỗ, tre, nứa) và động vật sống; xuất nhập khẩu nông, lâm sản nguyên liệu ",internet
316023282,CÔNG TY TNHH THƯƠNG MẠI KAKA,CÔNG TY TNHH THƯƠNG MẠI KAKA,Công ty trách nhiệm hữu hạn một thành viên,"26 Hoàng Quốc Việt, Phường Phú Mỹ, Quận 7, Thành phố Hồ Chí Minh, Việt Nam",Quận 7,"1020: Chế biến, bảo quản thuỷ sản và các sản phẩm từ thuỷ sản-Chi tiết: Chế biến rong biển (không hoạt động tại trụ sở );4669: Bán buôn chuyên doanh khác chưa được phân vào đâu-Chi tiết: Bán buôn rong",internet
316058373,CÔNG TY TNHH  LAVASIA7,CÔNG TY TNHH  LAVASIA7,Công ty trách nhiệm hữu hạn một thành viên,"B73 Đường 2D, Khu Nam Thông, Phú Mỹ Hưng , Phường Tân Phú, Quận 7, Thành phố Hồ Chí Minh, Việt Nam",Quận 7,5630: Dịch vụ phục vụ đồ uống-Chi tiết: Dịch vụ phục vụ đồ uống (trừ hoạt động quán bar và quán giải khát có khiêu vũ).;6312: Cổng thông tin-;8299: Hoạt động dịch vụ hỗ trợ kinh doanh khác còn lại chư,internet
316050871,CÔNG TY TNHH LEXALL HARDWARE (VN),CÔNG TY TNHH LEXALL HARDWARE V,Công ty trách nhiệm hữu hạn một thành viên,"C1-2 và C1-3 thuộc tầng 1 thuộc Nhà xưởng Tiêu chuẩn C, Lô Va.04b, Đường 24& 17, Khu Công nghiệp thuộc Khu Chế xuất Tân Thuận, Phường Tân Thuận Đông, Quận 7, Thành phố Hồ Chí Minh, Việt Nam",Quận 7,"3290: Sản xuất khác chưa được phân vào đâu-Chi tiết: Sản xuất, lắp ráp khóa các loại;Doanh nghiệp có vốn đầu tư nước ngoài có trách nhiệm thực hiện thủ tục đầu tư theo quy định của Luật Đầu tư và Pháp",hardware
2301108917,CÔNG TY TNHH GOLDEN BRIDGE COMMERCE,CÔNG TY TNHH GOLDEN BRIDGE COM,Công ty trách nhiệm hữu hạn một thành viên,"B3.07, Block B, chung cư Florita, Khu nhà ở lô A1, số 83 đường D4, Phường Tân Hưng, Quận 7, Thành phố Hồ Chí Minh, Việt Nam",Quận 7,4690: Bán buôn tổng hợp-Chi tiết: Thực hiện quyền phân phối bán buôn (thành lập cơ sở bán buôn) hàng hóa theo quy định pháp luật (CPC 622); 8299: Hoạt động dịch vụ hỗ trợ kinh doanh khác còn lại chưa ,internet
108867630,CÔNG TY TNHH WE MAKE VIỆT NAM,CÔNG TY TNHH WE MAKE VIỆT NAM,Công ty trách nhiệm hữu hạn một thành viên,"Số 9 đường Nội khu Mỹ Phước, Phường Tân Phong, Quận 7, Thành phố Hồ Chí Minh, Việt Nam",Quận 7,7320: Nghiên cứu thị trường và thăm dò dư luận-Chi tiết: Dịch vụ nghiên cứu thị trường  (không bao gồm thăm dò dư luận) ( CPC 86401);8299: Hoạt động dịch vụ hỗ trợ kinh doanh khác còn lại chưa được ph,internet
315444545,CÔNG TY TNHH LIPUKI VN,CÔNG TY TNHH LIPUKI VN,Công ty trách nhiệm hữu hạn một thành viên,"30 Đường số 1, Phường Phú Mỹ, Quận 7, Thành phố Hồ Chí Minh, Việt Nam",Quận 7,"4659: Bán buôn máy móc, thiết bị và phụ tùng máy khác-;7990: Dịch vụ đặt chỗ và các dịch vụ hỗ trợ liên quan đến quảng bá và tổ chức tua du lịch-;4641: Bán buôn vải, hàng may mặc, giày dép-;4721: Bán ",internet
316055950,CÔNG TY TNHH QUẢNG CÁO VÀ TRUYỀN THÔNG BLING BLING,CÔNG TY TNHH QUẢNG CÁO VÀ TRUY,Công ty trách nhiệm hữu hạn một thành viên,"Số 1/2B Lý Phục Man , Phường Bình Thuận, Quận 7, Thành phố Hồ Chí Minh, Việt Nam",Quận 7,"7310: Quảng cáo-;7320: Nghiên cứu thị trường và thăm dò dư luận-;7410: Hoạt động thiết kế chuyên dụng-;7420: Hoạt động nhiếp ảnh-(Trừ sản xuất phim);7490: Hoạt động chuyên môn, khoa học và công nghệ k",internet
315457865,CÔNG TY TNHH KINH DOANH THƯƠNG MẠI DỊCH VỤ SC,CÔNG TY TNHH KINH DOANH THƯƠNG,Công ty trách nhiệm hữu hạn một thành viên,"115/26B Phạm Hữu Lầu, Phường Phú Mỹ, Quận 7, Thành phố Hồ Chí Minh, Việt Nam",Quận 7,"6820: Tư vấn, môi giới, đấu giá bất động sản, đấu giá quyền sử dụng đất-chi tiết: Môi giới bất động sản (trừ đấu giá bất động sản, đấu giá tài sản, tư vấn mang tính chất pháp lý);9511: Sửa chữa máy vi",internet
315486979,CÔNG TY CỔ PHẦN NILE,CÔNG TY CỔ PHẦN NILE,Công ty cổ phần,"Số 115/55B, Đường Phạm Hữu Lầu, Phường Phú Mỹ, Quận 7, Thành phố Hồ Chí Minh, Việt Nam",Quận 7,6399: Dịch vụ thông tin khác chưa được phân vào đâu-Chi tiết:  Các dịch vụ thông tin qua điện thoại; Các dịch vụ tìm kiếm thông tin thông qua hợp đồng hay trên cơ sở phí;7310: Quảng cáo-;7420: Hoạt độ,internet
315488849,CÔNG TY TNHH LINKED WORLD,CÔNG TY TNHH LINKED WORLD,Công ty trách nhiệm hữu hạn một thành viên,"X04.52 Tầng 4 số 27 Nguyễn Hữu Thọ, Phường Tân Hưng, Quận 7, Thành phố Hồ Chí Minh, Việt Nam",Quận 7,"4773: Bán lẻ hàng hóa khác mới trong các cửa hàng chuyên doanh-(không tồn trữ hóa chất, trừ bán lẻ hóa chất tại trụ sở, bán lẻ bình gas, khí dầu mỏ hóa lỏng LPG, dầu nhớt cặn, vàng miếng, súng, đạn lo",internet
315491778,CÔNG TY TNHH GIẢI PHÁP HP,CÔNG TY TNHH GIẢI PHÁP HP,Công ty trách nhiệm hữu hạn hai thành viên trở lên,"861/11A2 Trần Xuân Soạn, Phường Tân Hưng, Quận 7, Thành phố Hồ Chí Minh, Việt Nam",Quận 7,"4651: Bán buôn máy vi tính, thiết bị ngoại vi và phần mềm-;4652: Bán buôn thiết bị và linh kiện điện tử, viễn thông-;4659: Bán buôn máy móc, thiết bị và phụ tùng máy khác-;4742: Bán lẻ thiết bị nghe n",internet
315512298,CÔNG TY TNHH THƯƠNG MẠI DỊCH VỤ XUẤT NHẬP KHẨU QUẢNG CÁO THEK SHOPPING TV,CÔNG TY TNHH THƯƠNG MẠI DỊCH V,Công ty trách nhiệm hữu hạn một thành viên,"27 Lê Văn Lương, Phường Tân Phong, Quận 7, Thành phố Hồ Chí Minh, Việt Nam",Quận 7,4722: Bán lẻ thực phẩm trong các cửa hàng chuyên doanh-(thực hiện theo quyết định 64/2009/QĐ-UBND ngày 31/07/2009 và quyết định  số 79/2009/QĐ-UBND ngày 17/10/2009 của Ủy ban nhân dân TP. Hồ Chí Minh ,internet
315526011,CÔNG TY TNHH HEALING DANA VINA,CÔNG TY TNHH HEALING DANA VINA,Công ty trách nhiệm hữu hạn một thành viên,"11A (A7-07) Mỹ Gia 2, Phường Tân Phú, Quận 7, Thành phố Hồ Chí Minh, Việt Nam",Quận 7,"4649: Bán buôn đồ dùng khác cho gia đình-Chi tiết: Bán buôn nước hoa, hàng mỹ phẩm và chế phẩm vệ sinh; xuất nhập khẩu nước hoa, hàng mỹ phẩm và chế phẩm vệ sinh (trừ kinh doanh dược phẩm); Bán buôn đ",internet
315565941,CÔNG TY TNHH GENIE HOTEL,CÔNG TY TNHH GENIE HOTEL,Công ty trách nhiệm hữu hạn một thành viên,"R4-67 Đường Nội Khu Hưng Gia 2, Khu Đô Thị Phú Mỹ Hưng, Phường Tân Phong, Quận 7, Thành phố Hồ Chí Minh, Việt Nam",Quận 7,"5510: Dịch vụ lưu trú ngắn ngày-Chi tiết: Khách sạn, biệt thự du lịch, căn hộ du lịch, nhà nghỉ du lịch, nhà ở có phòng cho khách du lịch thuê;7710: Cho thuê xe có động cơ-Chi tiết: Cho thuê ô tô;6190",internet
315578281,CÔNG TY TNHH TRỌNG NGUYỄN TRADING & TECHNOLOGY,CÔNG TY TNHH TRỌNG NGUYỄN TRAD,Công ty trách nhiệm hữu hạn một thành viên,"Số 13 Đường 75, Phường Tân Phong, Quận 7, Thành phố Hồ Chí Minh, Việt Nam",Quận 7,"4530: Bán phụ tùng và các bộ phận phụ trợ của ô tô và xe có động cơ khác-;2592: Gia công cơ khí; xử lý và tráng phủ kim loại-Chi tiết: gia công phòng sơn, sấy ô tô, mô tô, xe máy (Không hoạt độn",technology
315567353,CÔNG TY TNHH THƯƠNG MẠI JJ BLUE,CÔNG TY TNHH THƯƠNG MẠI JJ BLU,Công ty trách nhiệm hữu hạn hai thành viên trở lên,"R4-68-69 Hưng Gia 2, Phú Mỹ Hưng, Phường Tân Phong, Quận 7, Thành phố Hồ Chí Minh, Việt Nam",Quận 7,4789: Bán  lẻ hàng hóa khác lưu động hoặc tại chợ-Chi tiết: Thực hiện quyền phân phối bán lẻ các hàng hóa không thuộc danh mục hàng hóa không được phân phối theo quy định của pháp luật Việt Nam hoặc k,internet
315644544,CÔNG TY TNHH VLOOK OPTICS,CÔNG TY TNHH VLOOK OPTICS,Công ty trách nhiệm hữu hạn hai thành viên trở lên,"295/3 Nguyễn Thị Thập , Phường Bình Thuận, Quận 7, Thành phố Hồ Chí Minh, Việt Nam",Quận 7,"4649: Bán buôn đồ dùng khác cho gia đình-;4669: Bán buôn chuyên doanh khác chưa được phân vào đâu-(Trừ bán buôn bình gas, khí dầu mỏ hóa lỏng LPG, dầu nhớt cặn, vàng miếng, súng, đạn loại dùng đi săn ",internet
315650442,CÔNG TY TNHH AURA MEDICAL,CÔNG TY TNHH AURA MEDICAL,Công ty trách nhiệm hữu hạn hai thành viên trở lên,"R1-96 Bùi Bằng Đoàn, Khu Hưng Gia 2 (khu R23), Phường Tân Phong, Quận 7, Thành phố Hồ Chí Minh, Việt Nam",Quận 7,"4649: Bán buôn đồ dùng khác cho gia đình-Chi tiết: Bán buôn dụng cụ thẩm mỹ, dụng cụ y tế, vật tư y tế, thiết bị y tế; xuất nhập khẩu dụng cụ thẩm mỹ, dụng cụ y tế, vật tư y tế, thiết bị y tế (CPC 622",internet
315698324,CÔNG TY CỔ PHẦN SÁNG TẠO ĐỔI MỚI MARKETING TRIZ,CÔNG TY CỔ PHẦN SÁNG TẠO ĐỔI M,Công ty cổ phần,"50/13 Đường 79, Khu phố 1, Phường Tân Quy, Quận 7, Thành phố Hồ Chí Minh, Việt Nam",Quận 7,"7490: Hoạt động chuyên môn, khoa học và công nghệ khác chưa được phân vào đâu-(trừ Hoạt động của những nhà báo độc lập; Hoạt động đánh giá trừ bất động sản và bảo hiểm (cho đồ cổ, đồ trang sức…); Than",internet
315709167,CÔNG TY TNHH THƯƠNG MẠI DỊCH VỤ SẢN PHẨM HỮU CƠ AVA,CÔNG TY TNHH THƯƠNG MẠI DỊCH V,Công ty trách nhiệm hữu hạn hai thành viên trở lên,"Lầu 2, Phòng 1, D3 Khu Dân Cư Nam Long, Đường Phú Thuận, Phường Phú Thuận, Quận 7, Thành phố Hồ Chí Minh, Việt Nam",Quận 7,4799: Bán lẻ hình thức khác chưa được phân vào đâu-Chi tiết: Bán lẻ các loại hàng hóa bằng phương thức khác như: Bán trực tiếp qua chuyển phát theo địa chỉ; bán thông qua máy bán hàng tự động (trừ bán,internet
315712804,CÔNG TY TNHH PHÚ HIỆP HÂN,CÔNG TY TNHH PHÚ HIỆP HÂN,Công ty trách nhiệm hữu hạn một thành viên,"482-484, Phạm Thái Bường, Phường Tân Phong, Quận 7, Thành phố Hồ Chí Minh, Việt Nam",Quận 7,"4662: Bán buôn kim loại và quặng kim loại-(trừ mua bán vàng miếng);4610: Đại lý, môi giới, đấu giá hàng hóa-(Trừ đấu giá tài sản);4649: Bán buôn đồ dùng khác cho gia đình-(trừ kinh doanh dược phẩm).;4",vi tinh
315734702,CÔNG TY TNHH THƯƠNG MẠI DỊCH VỤ ACT4,CÔNG TY TNHH THƯƠNG MẠI DỊCH V,Công ty trách nhiệm hữu hạn một thành viên,"49 Lê Văn Lương, Phường Tân Phong, Quận 7, Thành phố Hồ Chí Minh, Việt Nam",Quận 7,"4390: Hoạt động xây dựng chuyên dụng khác-; 4759: Bán lẻ đồ điện gia dụng, giường, tủ, bàn, ghế và đồ nội thất tương tự, đèn và bộ đèn điện, đồ dùng gia đình khác chưa được phân vào đâu  trong các cửa",internet
315743552,CÔNG TY TNHH THƯƠNG MẠI DỊCH VỤ HOÀNG SONG NGỌC,CÔNG TY TNHH THƯƠNG MẠI DỊCH V,Công ty trách nhiệm hữu hạn một thành viên,"Số 15 Nguyễn Lương Bằng, Phường Tân Phú, Quận 7, Thành phố Hồ Chí Minh, Việt Nam",Quận 7,"4669: Bán buôn chuyên doanh khác chưa được phân vào đâu-Chi tiết: Bán buôn nguyên liệu trà sữa, bột làm bánh, viên sốt cà ri;4649: Bán buôn đồ dùng khác cho gia đình-;4632: Bán buôn thực phẩm-( không ",internet
315764182,CÔNG TY TNHH ĐẦU TƯ VÀ PHÁT TRIỂN UMBRELLA,CÔNG TY TNHH ĐẦU TƯ VÀ PHÁT TR,Công ty trách nhiệm hữu hạn hai thành viên trở lên,"9A Đường 48, Phường Tân Phong, Quận 7, Thành phố Hồ Chí Minh, Việt Nam",Quận 7,4933: Vận tải hàng hóa bằng đường bộ-(trừ hóa lỏng khí để vận chuyển) (CPC 7123);5229: Hoạt động dịch vụ hỗ trợ khác liên quan đến vận tải-Chi tiết: Giao nhận hàng hóa  (CPC 7480);4632: Bán buôn thực ,internet
315767761,CÔNG TY TRÁCH NHIỆM HỮU HẠN QML,CÔNG TY TRÁCH NHIỆM HỮU HẠN QM,Công ty trách nhiệm hữu hạn hai thành viên trở lên,"Phòng số 4, Tầng 4, Tòa nhà Vivienne, 482 - 484 Phạm Thái Bường, Phường Tân Phong, Quận 7, Thành phố Hồ Chí Minh, Việt Nam",Quận 7,9639: Hoạt động dịch vụ phục vụ cá nhân khác còn lại chưa được phân vào đâu-Chi tiết: Giúp việc gia đình;9700: Hoạt động làm thuê công việc gia đình trong các hộ gia đình-Chi tiết: Trông trẻ;9631: Cắt,internet
315791926,CÔNG TY TNHH THƯƠNG MẠI ĐẦU TƯ VÀ KINH DOANH AN NHIÊN GROUP,CÔNG TY TNHH THƯƠNG MẠI ĐẦU TƯ,Công ty trách nhiệm hữu hạn một thành viên,"Số 17 Đường số 53, Khu phố 2, Phường Tân Phong, Quận 7, Thành phố Hồ Chí Minh, Việt Nam",Quận 7,"4632: Bán buôn thực phẩm-(không hoạt động tại trụ sở);1030: Chế biến và bảo quản rau quả-;1040: Sản xuất dầu, mỡ động, thực vật-(không hoạt động tại trụ sở).;1050: Chế biến sữa và các sản phẩm từ sữa-",internet
315798512,CÔNG TY TNHH TRUYỀN THÔNG QUẢNG CÁO VÀ DỊCH VỤ THƯƠNG MẠI VI ANH,CÔNG TY TNHH TRUYỀN THÔNG QUA,Công ty trách nhiệm hữu hạn một thành viên,"458/3F Nguyễn Hữu Thọ, Phường Tân Hưng, Quận 7, Thành phố Hồ Chí Minh, Việt Nam",Quận 7,"8292: Dịch vụ đóng gói-Chi tiết: Bọc quà;4761: Bán lẻ sách, báo, tạp chí văn phòng phẩm trong các cửa hàng chuyên doanh-;4791: Bán lẻ theo yêu cầu đặt hàng qua bưu điện hoặc internet-;5610: Nhà hàng v",internet
315798110,CÔNG TY TNHH CHUYỂN PHÁT NHANH SIÊU CƯỜNG,CÔNG TY TNHH CHUYỂN PHÁT NHANH,Công ty trách nhiệm hữu hạn một thành viên,"23C Mai Văn Vĩnh, Phường Tân Quy, Quận 7, Thành phố Hồ Chí Minh, Việt Nam",Quận 7,4721: Bán lẻ lương thực trong các cửa hàng chuyên doanh-(thực hiện theo Quyết định số 64/2009/QĐ-UBND ngày 31/07/2009 và Quyết định số 79/2009/QĐ-UBND ngày 17/10/2009 của Ủy Ban Nhân Dân TP. Hồ Chí Mi,internet
315851928,CÔNG TY TNHH TRUYỀN THÔNG VÀ DỊCH VỤ LÀNG MỚI,CÔNG TY TNHH TRUYỀN THÔNG VÀ D,Công ty trách nhiệm hữu hạn một thành viên,"247/7 Trần Xuân Soạn, Khu phố 3, Phường Tân Hưng, Quận 7, Thành phố Hồ Chí Minh, Việt Nam",Quận 7,"5911: Hoạt động sản xuất phim điện ảnh, phim video và chương trình truyền hình-Chi tiết: Hoạt động sản xuất chương trình truyền hình (trừ sản xuất phim và phát sóng; không thực hiện các hiệu ứng cháy ",internet
315876961,CÔNG TY TNHH HK GLOBAL GROUP,CÔNG TY TNHH HK GLOBAL GROUP,Công ty trách nhiệm hữu hạn hai thành viên trở lên,"90 Lê Văn Thiêm, Phường Tân Phong, Quận 7, Thành phố Hồ Chí Minh, Việt Nam",Quận 7,"4620: Bán buôn nông, lâm sản nguyên liệu (trừ gỗ, tre, nứa) và động vật sống-Chi tiết: Bán buôn, xuất nhập khẩu hoa các loại ( không hoạt động tại trụ sở) - CPC 622;4669: Bán buôn chuyên doanh khác ch",internet
315911447,CÔNG TY TNHH GRABINSURE VIỆT NAM,CÔNG TY TNHH GRABINSURE VIỆT N,Công ty trách nhiệm hữu hạn một thành viên,"Tòa Nhà Mapletree Business Center, Số 1060 Đại Lộ Nguyễn Văn Linh, Phường Tân Phong, Quận 7, Thành phố Hồ Chí Minh, Việt Nam",Quận 7,4721: Bán lẻ lương thực trong các cửa hàng chuyên doanh-(thực hiện theo Quyết định số 64/2009/QĐ-UBND ngày 31/07/2009 và Quyết định số 79/2009/QĐ-UBND ngày 17/10/2009 của Ủy Ban Nhân Dân TP. Hồ Chí Mi,internet
315909430,CÔNG TY TNHH THƯƠNG MẠI DỊCH VỤ HUEY DWO VIỆT NAM,CÔNG TY TNHH THƯƠNG MẠI DỊCH V,Công ty trách nhiệm hữu hạn hai thành viên trở lên,"B2-04 đường Phạm Thái Bường, Khu phố Nam Thiên 1, Phường Tân Phong, Quận 7, Thành phố Hồ Chí Minh, Việt Nam",Quận 7,"4719: Bán lẻ  khác trong các cửa hàng kinh doanh tổng hợp-Chi tiết: Bán lẻ đồ điện gia dụng đèn và bộ đèn điện. Bán lẻ hàng gốm, sứ, thủy tinh. Bán lẻ dụng cụ thể dục, thể thao (trừ súng thể thao). Bá",internet
315917463,CÔNG TY CỔ PHẦN NECTAR,CÔNG TY CỔ PHẦN NECTAR,Công ty cổ phần,"860/49 Huỳnh Tấn Phát, Phường Tân Phú, Quận 7, Thành phố Hồ Chí Minh, Việt Nam",Quận 7,"6820: Tư vấn, môi giới, đấu giá bất động sản, đấu giá quyền sử dụng đất-Chi tiết: Tư vấn, môi giới bất động sản;5229: Hoạt động dịch vụ hỗ trợ khác liên quan đến vận tải-(trừ hóa lỏng khí để vận chuyể",internet
315956423,CÔNG TY TNHH THƯƠNG MẠI DỊCH VỤ CÔNG NGHIỆP TRÀ CÀ PHÊ TOÀN CẦU,CÔNG TY TNHH THƯƠNG MẠI DỊCH V,Công ty trách nhiệm hữu hạn một thành viên,"561A Nguyễn Thị Thập, Phường Tân Phong, Quận 7, Thành phố Hồ Chí Minh, Việt Nam",Quận 7,"4633: Bán buôn đồ uống-Chi tiết: Bán buôn các đồ uống chiết xuất từ trái cây; Bán buôn đồ uống nhẹ không chứa cồn, ngọt, có hoặc không có ga như: coca cola, pepsi cola, nước cam, chanh, nước quả khác;",internet
315998906,CÔNG TY CỔ PHẦN THƯƠNG MẠI DỊCH VỤ DU LỊCH XUẤT NHẬP KHẨU GK,CÔNG TY CỔ PHẦN THƯƠNG MẠI DỊC,Công ty cổ phần,"165 Đường số 8, Khu Dân Cư Nam Long, Phường Tân Thuận Đông, Quận 7, Thành phố Hồ Chí Minh, Việt Nam",Quận 7,"4641: Bán buôn vải, hàng may mặc, giày dép-- Chi tiết: Bán buôn thảm, đệm, chăn, màn, rèm, ga trải giường, gối và hàng dệt may. Bán buôn hàng may mặc. Bán buôn giày dép. Bán buôn phụ liệu may mặc.;855",internet
316016503,CÔNG TY CỔ PHẦN VẠN PHÚ VƯỢNG,CÔNG TY CỔ PHẦN VẠN PHÚ VƯỢNG,Công ty cổ phần,"Tầng 2 Số 829 Huỳnh Tấn Phát, Phường Phú Thuận, Quận 7, Thành phố Hồ Chí Minh, Việt Nam",Quận 7,"4719: Bán lẻ  khác trong các cửa hàng kinh doanh tổng hợp-(Chi tiết: Bán lẻ trong siêu thị, trung tâm thương mại Bán lẻ nhiều loại hàng hóa trong các cửa hàng kinh doanh tổng hợp, cửa hàng bách hóa (t",internet
316016944,CÔNG TY CỔ PHẦN GIẢI PHÁP KINH DOANH & TƯ VẤN DU HỌC QUỐC TẾ SAY MÊ,CÔNG TY CỔ PHẦN GIẢI PHÁP KINH,Công ty cổ phần,"R2-31 Đường Lý Long Tường, Khu Nam Quang 1, Phường Tân Phong, Quận 7, Thành phố Hồ Chí Minh, Việt Nam",Quận 7,"8560: Dịch vụ hỗ trợ giáo dục-Chi tiết: Tư vấn giáo dục, Tổ chức các chương trình trao đổi sinh viên. Tư vấn du học. Dịch vụ đưa ra ý kiến hướng dẫn về giáo dục. Dịch vụ đánh giá việc kiểm tra giáo dụ",internet
316018839,CÔNG TY TNHH INTERNET - TRÒ CHƠI ĐIỆN TỬ THÀNH ĐẠI,CÔNG TY TNHH INTERNET  TRÒ CHƠ,Công ty trách nhiệm hữu hạn một thành viên,"234/5 Trần Xuân Soạn, Phường Tân Hưng, Quận 7, Thành phố Hồ Chí Minh, Việt Nam",Quận 7,"3319: Sửa chữa thiết bị khác-Chi tiết: Sửa chữa máy trò chơi điện tử (trừ gia công cơ khí, tái chế phế thải, xi mạ điện tại trụ sở).;4764: Bán lẻ trò chơi, đồ chơi trong các cửa hàng chuyên doanh-;462",internet
316090867,CÔNG TY TNHH GIẢI TRÍ GAMES LONG HOÀNG,CÔNG TY TNHH GIẢI TRÍ GAMES LO,Công ty trách nhiệm hữu hạn một thành viên,"61 Lê Văn Lương, Phường Tân Phong, Quận 7, Thành phố Hồ Chí Minh, Việt Nam",Quận 7,"4610: Đại lý, môi giới, đấu giá hàng hóa-Chi tiết: Đại lý bán hàng hóa. Môi giới mua bán hàng hóa;9329: Hoạt động vui chơi giải trí khác chưa được phân vào đâu-Chi tiết: Kinh doanh trò chơi điện tử (t",internet
316079616,CÔNG TY TNHH UNIVERSCO,CÔNG TY TNHH UNIVERSCO,Công ty trách nhiệm hữu hạn hai thành viên trở lên,"Room 4.06, Thiên Sơn Plaza, Số 800 Nguyễn Văn Linh, Phường Tân Phú, Quận 7, Thành phố Hồ Chí Minh, Việt Nam",Quận 7,"4663: Bán buôn vật liệu, thiết bị lắp đặt khác trong xây dựng-( CPC 622); 4752: Bán lẻ đồ ngũ kim, sơn, kính và thiết bị lắp đặt khác trong xây dựng trong các cửa hàng chuyên doanh-( CPC 632); 4649: B",internet
316093480,CÔNG TY TNHH VIETNAM ELECTRICITY SAFETY TECHNOLOGY,CÔNG TY TNHH VIETNAM ELECTRICI,Công ty trách nhiệm hữu hạn hai thành viên trở lên,"Số 01 Đường Hoàng Trọng Mậu, KDC Him Lam, Phường Tân Hưng, Quận 7, Thành phố Hồ Chí Minh, Việt Nam",Quận 7,"6201: Lập trình máy vi tính-;6202: Tư vấn máy vi tính và quản trị hệ thống máy vi tính-;6209: Hoạt động dịch vụ công nghệ thông tin và dịch vụ khác liên quan đến máy vi tính-;6311: Xử lý dữ liệu, cho ",internet
316103918,CÔNG TY TNHH MINH HÀ BEAUTY CENTER,CÔNG TY TNHH MINH HÀ BEAUTY CE,Công ty trách nhiệm hữu hạn một thành viên,"T1-A03a.13, Tầng 3A, Khối Officetel, Số 35/12 Bế Văn Cấm, Phường Tân Kiểng, Quận 7, Thành phố Hồ Chí Minh, Việt Nam",Quận 7,"4799: Bán lẻ hình thức khác chưa được phân vào đâu-(trừ bán lẻ hóa chất, khí dầu mỏ hóa lỏng LPG, dầu nhớt cặn, vàng miếng, súng, đạn loại dùng đi săn hoặc thể thao và tiền kim khí; Thực hiện theo Quy",internet
316105104,CÔNG TY CỔ PHẦN TƯ VẤN ĐẦU TƯ XÂY DỰNG VĨNH TÂM,CÔNG TY CỔ PHẦN TƯ VẤN ĐẦU TƯ ,Công ty cổ phần,"286/6 Lê Văn Lương, Phường Tân Phong, Quận 7, Thành phố Hồ Chí Minh, Việt Nam",Quận 7,"4299: Xây dựng công trình kỹ thuật dân dụng khác-Chi tiết: Xây dựng công trình kỹ thuật dân dụng, công trình công nghiệp;4330: Hoàn thiện công trình xây dựng-;4653: Bán buôn máy móc, thiết bị và phụ t",internet
316109236,CÔNG TY TNHH MTV TRUYỀN THÔNG HOA LAN,CÔNG TY TNHH MTV TRUYỀN THÔNG ,Công ty trách nhiệm hữu hạn một thành viên,"Số 11, đường số 1, Khu dân cư Tân Phong - Kim Sơn, Phường Tân Phong, Quận 7, Thành phố Hồ Chí Minh, Việt Nam",Quận 7,"6312: Cổng thông tin-;6399: Dịch vụ thông tin khác chưa được phân vào đâu-(trừ dịch vụ cắt xén thông tin, báo chí);7310: Quảng cáo-;7320: Nghiên cứu thị trường và thăm dò dư luận-(trừ các loại thông t",internet
316103562,CÔNG TY TNHH GAME ĐIỆN TỬ PHƯƠNG THÀNH PHÁT TRIỂN,CÔNG TY TNHH GAME ĐIỆN TỬ PHƯƠ,Công ty trách nhiệm hữu hạn một thành viên,"582 Huỳnh Tấn Phát, Khu phố 2, Phường Tân Phú, Quận 7, Thành phố Hồ Chí Minh, Việt Nam",Quận 7,"3313: Sửa chữa thiết bị điện tử và quang học-(trừ gia công cơ khí, tái chế phế thải, xi mạ điện tại trụ sở).;4652: Bán buôn thiết bị và linh kiện điện tử, viễn thông-Chi tiết: Bán buôn linh kiện điện ",lap top
316107493,CÔNG TY TNHH THIẾT BỊ ĐIỆN TỬ VIỄN THÔNG P&T,CÔNG TY TNHH THIẾT BỊ ĐIỆN TỬ ,Công ty trách nhiệm hữu hạn hai thành viên trở lên,"A2.18, KDC EVERRICH 3, Số 2 Đường Phú Thuận, Phường Tân Phú, Quận 7, Thành phố Hồ Chí Minh, Việt Nam",Quận 7,"2610: Sản xuất linh kiện điện tử-;3312: Sửa chữa máy móc, thiết bị-;3314: Sửa chữa thiết bị điện-;3319: Sửa chữa thiết bị khác-;4223: Xây dựng công trình viễn thông, thông tin liên lạc-;4651: Bán buôn",internet
316113680,CÔNG TY TNHH ĐẦU TƯ VÀ DU LỊCH KHÁNH AN,CÔNG TY TNHH ĐẦU TƯ VÀ DU LỊCH,Công ty trách nhiệm hữu hạn một thành viên,"68 Nguyễn Thị Thập, Phường Bình Thuận, Quận 7, Thành phố Hồ Chí Minh, Việt Nam",Quận 7,"4759: Bán lẻ đồ điện gia dụng, giường, tủ, bàn, ghế và đồ nội thất tương tự, đèn và bộ đèn điện, đồ dùng gia đình khác chưa được phân vào đâu  trong các cửa hàng chuyên doanh-;4932: Vận tải hành khách",internet
316105947,CÔNG TY TNHH KIẾN TRÚC VÀ NỘI THẤT HARRY,CÔNG TY TNHH KIẾN TRÚC VÀ NỘI ,Công ty trách nhiệm hữu hạn một thành viên,"Số 29 Đường số 44, KDC Tân Quy Đông, Phường Tân Phú, Quận 7, Thành phố Hồ Chí Minh, Việt Nam",Quận 7,"4799: Bán lẻ hình thức khác chưa được phân vào đâu-(Trừ bán lẻ bình gas, hóa chất, súng, đạn loại dùng đi săn hoặc thể thao và tiền kim khí và thực hiện theo Quyết định 64/2009/QĐ-UBND ngày 31/7/2009 ",internet
316111877,CÔNG TY TNHH PHÁT TRIỂN BẢO HƯNG VIỆT NAM,CÔNG TY TNHH PHÁT TRIỂN BẢO HƯ,Công ty trách nhiệm hữu hạn hai thành viên trở lên,"1115/80 Huỳnh Tấn Phát, Phường Phú Thuận, Quận 7, Thành phố Hồ Chí Minh, Việt Nam",Quận 7,"4759: Bán lẻ đồ điện gia dụng, giường, tủ, bàn, ghế và đồ nội thất tương tự, đèn và bộ đèn điện, đồ dùng gia đình khác chưa được phân vào đâu  trong các cửa hàng chuyên doanh-;3313: Sửa chữa thiết bị ",lap top
316113419,CÔNG TY TNHH NHÀ NHÀ MUA SẮM,CÔNG TY TNHH NHÀ NHÀ MUA SẮM,Công ty trách nhiệm hữu hạn một thành viên,"18 Đường D6, Phường Bình Thuận, Quận 7, Thành phố Hồ Chí Minh, Việt Nam",Quận 7,"4610: Đại lý, môi giới, đấu giá hàng hóa-Chi tiết: Đại lý bán hàng hóa, môi giới mua bán hàng hóa (trừ môi giới bảo hiểm);4620: Bán buôn nông, lâm sản nguyên liệu (trừ gỗ, tre, nứa) và động vật sống-(",internet
316108909,CÔNG TY TNHH MTV WORKIFY,CÔNG TY TNHH MTV WORKIFY,Công ty trách nhiệm hữu hạn một thành viên,"30-32-34 Đường số 1, Khu đô thị mới Him Lam, Phường Tân Hưng, Quận 7, Thành phố Hồ Chí Minh, Việt Nam",Quận 7,"6810: Kinh doanh bất động sản, quyền sử dụng đất thuộc chủ sở hữu, chủ sử dụng hoặc đi thuê-;6820: Tư vấn, môi giới, đấu giá bất động sản, đấu giá quyền sử dụng đất-(trừ đấu giá tài sản);8211: Dịch vụ",internet
316124442,CÔNG TY TNHH FNET 567,CÔNG TY TNHH FNET 567,Công ty trách nhiệm hữu hạn một thành viên,"567 Lê Văn Lương , Phường Tân Phong, Quận 7, Thành phố Hồ Chí Minh, Việt Nam",Quận 7,"6190: Hoạt động viễn thông khác-Chi tiết: Hoạt động của các điểm truy cập Internet, điểm cung cấp dịch vụ trò chơi điện tử công cộng (trừ kinh doanh trò chơi điện tử có thưởng cho người nước ngoài và ",internet
316116089,CÔNG TY TNHH THIẾT BỊ ĐIỆN TBA SÀI GÒN,CÔNG TY TNHH THIẾT BỊ ĐIỆN TBA,Công ty trách nhiệm hữu hạn một thành viên,"35 Nguyễn Văn Quỳ, Phường Tân Thuận Đông, Quận 7, Thành phố Hồ Chí Minh, Việt Nam",Quận 7,"4649: Bán buôn đồ dùng khác cho gia đình-(trừ bán buôn dược phẩm);4659: Bán buôn máy móc, thiết bị và phụ tùng máy khác-;4651: Bán buôn máy vi tính, thiết bị ngoại vi và phần mềm-;4652: Bán buôn thiết",internet
316116385,CÔNG TY TNHH WIDE OCEAN,CÔNG TY TNHH WIDE OCEAN,Công ty trách nhiệm hữu hạn một thành viên,"89A Lý Phục Man, Phường Bình Thuận, Quận 7, Thành phố Hồ Chí Minh, Việt Nam",Quận 7,"1010: Chế biến, bảo quản thịt và các sản phẩm từ thịt-(trừ hoạt động giết mổ gia súc, gia cầm);1020: Chế biến, bảo quản thuỷ sản và các sản phẩm từ thuỷ sản-;1040: Sản xuất dầu, mỡ động, thực vật-Chi ",internet
316118086,CÔNG TY TNHH PERFECT STORM VINA,CÔNG TY TNHH PERFECT STORM VIN,Công ty trách nhiệm hữu hạn một thành viên,"52 Hưng Thái 1, Phú Mỹ Hưng, Phường Tân Phong, Quận 7, Thành phố Hồ Chí Minh, Việt Nam",Quận 7,"7310: Quảng cáo-;7410: Hoạt động thiết kế chuyên dụng-Chi tiết: Thiết kế trang web, thiết kế tạo mẫu, thiết kế hệ thống máy vi tính;6311: Xử lý dữ liệu, cho thuê và các hoạt động liên quan-(trừ kinh d",internet
316118689,CÔNG TY TNHH EVIAN ELECTRIC & LIVING,CÔNG TY TNHH EVIAN ELECTRIC  L,Công ty trách nhiệm hữu hạn hai thành viên trở lên,"Golden King, 15 Nguyễn Lương Bằng, Phường Tân Phú, Quận 7, Thành phố Hồ Chí Minh, Việt Nam",Quận 7,"2513: Sản xuất nồi hơi (trừ nồi hơi trung tâm)-;2599: Sản xuất sản phẩm khác bằng kim loại chưa được phân vào đâu-Chi tiết: Sản xuất đồ dùng bằng kim loại cho nhà bếp, nhà vệ sinh và nhà ăn;2819: Sản ",internet
316122766,CÔNG TY CỔ PHẦN LONG LIFE,CÔNG TY CỔ PHẦN LONG LIFE,Công ty cổ phần,"163-165 Trần Trọng Cung, Phường Tân Thuận Đông, Quận 7, Thành phố Hồ Chí Minh, Việt Nam",Quận 7,"4659: Bán buôn máy móc, thiết bị và phụ tùng máy khác-Chi tiết: - Bán buôn máy móc, thiết bị văn phòng, trừ máy vi tính và thiết bị ngoại vi; - Bán buôn bàn, ghế, tủ văn phòng; - Bán buôn phương tiện ",internet
316117815,CÔNG TY TNHH DỊCH VỤ THƯƠNG MẠI EROC,CÔNG TY TNHH DỊCH VỤ THƯƠNG MẠ,Công ty trách nhiệm hữu hạn hai thành viên trở lên,"Tầng 17, Tòa Nhà Petroland, 12 Tân Trào, Phường Tân Phú, Quận 7, Thành phố Hồ Chí Minh, Việt Nam",Quận 7,"4933: Vận tải hàng hóa bằng đường bộ-;7310: Quảng cáo-;7020: Hoạt động tư vấn quản lý-(trừ tư vấn tài chính, kế toán, pháp luật);6619: Hoạt động hỗ trợ dịch vụ tài chính chưa được phân vào đâu-Chi tiế",internet
316127179,CÔNG TY TNHH MTV THƯƠNG MẠI HỒNG PHÚC,CÔNG TY TNHH MTV THƯƠNG MẠI HỒ,Công ty trách nhiệm hữu hạn một thành viên,"69/3 Trần Xuân Soạn, Phường Tân Thuận Tây, Quận 7, Thành phố Hồ Chí Minh, Việt Nam",Quận 7,"4632: Bán buôn thực phẩm-Chi tiết: Bán buôn rau, quả; Bán buôn cà phê; Bán buôn chè; Bán buôn đường, sữa và các sản phẩm sữa, bánh kẹo và các sản phẩm chế biến từ ngũ cốc, bột, tinh bột; Bán buôn thực",internet
316144167,CÔNG TY TNHH T.N ROYAL,CÔNG TY TNHH TN ROYAL,Công ty trách nhiệm hữu hạn một thành viên,"160/35/7 Nguyễn Văn Quỳ, Phường Phú Thuận, Quận 7, Thành phố Hồ Chí Minh, Việt Nam",Quận 7,"4799: Bán lẻ hình thức khác chưa được phân vào đâu-(trừ bán lẻ bình gas, khí dầu mỏ hóa lỏng LPG, dầu nhớt cặn, vàng miếng, súng, đạn loại dùng đi săn hoặc thể thao và tiền kim khí; Thực hiện theo Quy",internet
316132563,CÔNG TY TNHH WAVE E&M,CÔNG TY TNHH WAVE EM,Công ty trách nhiệm hữu hạn hai thành viên trở lên,"R4-87, Hưng Gia 3, Khu phố Phú Mỹ Hưng, Phường Tân Phong, Quận 7, Thành phố Hồ Chí Minh, Việt Nam",Quận 7,"4632: Bán buôn thực phẩm-Chi tiết: Bán buôn thực phẩm, hải sản, hàng đông lạnh (không hoạt động tại trụ sở); xuất nhập khẩu thực phẩm, hải sản, hàng đông lạnh (CPC 622); 4641: Bán buôn vải, hàng may m",internet
316137402,CÔNG TY TNHH YUNAVIET GLOBAL,CÔNG TY TNHH YUNAVIET GLOBAL,Công ty trách nhiệm hữu hạn một thành viên,"206/5 Nguyễn Văn Linh, Khu phố 1, Phường Tân Thuận Tây, Quận 7, Thành phố Hồ Chí Minh, Việt Nam",Quận 7,"4649: Bán buôn đồ dùng khác cho gia đình-(trừ kinh doanh vàng miếng);4632: Bán buôn thực phẩm-Chi tiết: 
Bán buôn thực phẩm bổ sung, thực phẩm chức năng.
Bán buôn sữa và các sản phẩm sữa, bánh kẹo và ",internet
316137184,CÔNG TY TNHH ĐẦU TƯ THƯƠNG MẠI DỊCH VỤ BAMBOO GROUP,CÔNG TY TNHH ĐẦU TƯ THƯƠNG MẠI,Công ty trách nhiệm hữu hạn hai thành viên trở lên,"R4-06 Hưng Gia 3, Đường Phan Khiêm Ích, Phường Tân Phong, Quận 7, Thành phố Hồ Chí Minh, Việt Nam",Quận 7,"6820: Tư vấn, môi giới, đấu giá bất động sản, đấu giá quyền sử dụng đất-Chi tiết: Trung gian trong việc mua, bán hoặc cho thuê bất động sản trên cơ sở phí hoặc hợp đồng; Tư vấn, quản lý bất động sản; ",internet
316154976,CÔNG TY TNHH MINKAN,CÔNG TY TNHH MINKAN,Công ty trách nhiệm hữu hạn một thành viên,"516/10 Khu Phố 1, Phường Tân Quy, Quận 7, Thành phố Hồ Chí Minh, Việt Nam",Quận 7,"5630: Dịch vụ phục vụ đồ uống-Chi tiết: Quán cà phê, giải khát. Dịch vụ phục vụ đồ uống khác (trừ kinh doanh quán bar, quán giải khát có khiêu vũ).;8292: Dịch vụ đóng gói-(trừ đóng gói thuốc bảo vệ th",internet
316149990,CÔNG TY TNHH TM DV SUNRISE,CÔNG TY TNHH TM DV SUNRISE,Công ty trách nhiệm hữu hạn một thành viên,"Số 102 KDC Tân Quy Đông, Đường 32, Khu Phố 2, Phường Tân Phong, Quận 7, Thành phố Hồ Chí Minh, Việt Nam",Quận 7,"8230: Tổ chức giới thiệu và xúc tiến thương mại-Chi tiết : Tổ chức sự kiện; Tổ chức hội chợ, hội nghị marketing (không thực hiện các hiệu ứng cháy, nổ; không sử dụng chất nổ, chất cháy, hóa chất làm đ",internet
316152471,CÔNG TY CỔ PHẦN ĐẦU TƯ XUẤT NHẬP KHẨU THẮNG HUY HOÀNG,CÔNG TY CỔ PHẦN ĐẦU TƯ XUẤT NH,Công ty cổ phần,"163 Huỳnh Tấn Phát, Phường Tân Thuận Đông, Quận 7, Thành phố Hồ Chí Minh, Việt Nam",Quận 7,"4620: Bán buôn nông, lâm sản nguyên liệu (trừ gỗ, tre, nứa) và động vật sống-Chi tiết: Bán buôn hoa và cây (không hoạt động tại trụ sở);4652: Bán buôn thiết bị và linh kiện điện tử, viễn thông-;4632: ",internet
316149542,CÔNG TY TNHH ANSUS,CÔNG TY TNHH ANSUS,Công ty trách nhiệm hữu hạn hai thành viên trở lên,"C1 Đường Hoàng Quốc Việt, Phường Phú Thuận, Quận 7, Thành phố Hồ Chí Minh, Việt Nam",Quận 7,"5229: Hoạt động dịch vụ hỗ trợ khác liên quan đến vận tải-(trừ kinh doanh bến bãi ô tô, hóa lỏng khí để vận chuyển và hoạt động liên quan đến vận tải hàng không);0321: Nuôi trồng thuỷ sản biển-(không ",internet
316153965,CÔNG TY CỔ PHẦN TRUYỀN THÔNG FISION,CÔNG TY CỔ PHẦN TRUYỀN THÔNG F,Công ty cổ phần,"Tầng 1, 197 Huỳnh Tấn Phát, Phường Tân Thuận Đông, Quận 7, Thành phố Hồ Chí Minh, Việt Nam",Quận 7,"1811: In ấn-(không in tráng bao bì kim loại và in trên các sản phẩm vải sợi, dệt, may, đan tại trụ sở).;1812: Dịch vụ liên quan đến in-;4632: Bán buôn thực phẩm-(không hoạt động tại trụ sở).;4633: Bán",internet
316178663,CÔNG TY CỔ PHẦN SELECT TECHNOLOGY,CÔNG TY CỔ PHẦN SELECT TECHNOL,Công ty cổ phần,"Tầng 23, Tòa Nhà Petroland , Số 12 Đường Tân Trào , Phường Tân Phú, Quận 7, Thành phố Hồ Chí Minh, Việt Nam",Quận 7,"4659: Bán buôn máy móc, thiết bị và phụ tùng máy khác-;6209: Hoạt động dịch vụ công nghệ thông tin và dịch vụ khác liên quan đến máy vi tính-;9511: Sửa chữa máy vi tính và thiết bị ngoại vi-;9512: Sửa",technology
316178832,CÔNG TY TNHH SẢN XUẤT THƯƠNG MẠI VÀ DỊCH VỤ EROUM,CÔNG TY TNHH SẢN XUẤT THƯƠNG M,Công ty trách nhiệm hữu hạn một thành viên,"28-30 Đường D1, Khu Đô Thị Mới Him Lam, Phường Tân Hưng, Quận 7, Thành phố Hồ Chí Minh, Việt Nam",Quận 7,"4649: Bán buôn đồ dùng khác cho gia đình-Chi tiết: Bán buôn vali, cặp, túi, ví, hàng da và giả da khác Bán buôn nước hoa, hàng mỹ phẩm và chế phẩm vệ sinh Bán buôn hàng gốm, sứ, thủy tinh Bán buôn đồ ",internet
316182892,CÔNG TY TNHH YOUNFEEL,CÔNG TY TNHH YOUNFEEL,Công ty trách nhiệm hữu hạn một thành viên,"Số R2-25 Hưng Gia 3, đường Bùi Bằng Đoàn, Phú Mỹ Hưng, Phường Tân Phong, Quận 7, Thành phố Hồ Chí Minh, Việt Nam",Quận 7,"2023: Sản xuất mỹ phẩm, xà phòng, chất tẩy rửa, làm bóng và chế phẩm vệ sinh-(Không hoạt động tại trụ sở);4649: Bán buôn đồ dùng khác cho gia đình-Chi tiết: Xuất nhập khẩu, bán buôn mỹ phẩm;4772: Bán ",internet
316168351,CÔNG TY TNHH CÔNG NGHỆ MẠNG TRƯỞNG THƯỢNG TÀI PHÚ,CÔNG TY TNHH CÔNG NGHỆ MẠNG TR,Công ty trách nhiệm hữu hạn một thành viên,"82B Đường số 2, KDC Him Lam, Phường Tân Hưng, Quận 7, Thành phố Hồ Chí Minh, Việt Nam",Quận 7,"4651: Bán buôn máy vi tính, thiết bị ngoại vi và phần mềm-;4741: Bán lẻ máy vi tính, thiết bị ngoại vi, phần mềm và thiết bị viễn thông trong các cửa hàng chuyên doanh-;5820: Xuất bản phần mềm-Chi tiế",internet
316171040,CÔNG TY TNHH AU TOÀN THẮNG,CÔNG TY TNHH AU TOÀN THẮNG,Công ty trách nhiệm hữu hạn hai thành viên trở lên,"Số 01 Đường số 12, Khu dân cư Nam Long, Phường Tân Thuận Đông, Quận 7, Thành phố Hồ Chí Minh, Việt Nam",Quận 7,"7730: Cho thuê máy móc, thiết bị và đồ dùng hữu hình khác không kèm người điều khiển-Chi tiết: Cho thuê thiết bị điện tử - tin học, PLC;4299: Xây dựng công trình kỹ thuật dân dụng khác-Chi tiết: Xây d",internet
316174517,CÔNG TY TNHH THƯƠNG MẠI VÀ DỊCH VỤ QUỐC TẾ NAM HOÀNG LONG,CÔNG TY TNHH THƯƠNG MẠI VÀ DỊC,Công ty trách nhiệm hữu hạn hai thành viên trở lên,"67/32A Đường 10 , Phường Tân Quy, Quận 7, Thành phố Hồ Chí Minh, Việt Nam",Quận 7,"4102: Xây dựng nhà không để ở-;4101: Xây dựng nhà để ở-;4211: Xây dựng công trình đường sắt-;4212: Xây dựng công trình đường bộ-;4222: Xây dựng công trình cấp, thoát nước-;4223: Xây dựng công trình vi",internet
316200319,CÔNG TY TNHH YEON WOO,CÔNG TY TNHH YEON WOO,Công ty trách nhiệm hữu hạn một thành viên,"76 Phạm Văn Nghị, Khu Sky Garden 1-R1-1, Phường Tân Phong, Quận 7, Thành phố Hồ Chí Minh, Việt Nam",Quận 7,"4791: Bán lẻ theo yêu cầu đặt hàng qua bưu điện hoặc internet-(trừ bán lẻ bình gas, khí dầu mỏ hóa lỏng LPG, dầu nhớt cặn, vàng miếng, súng, đạn loại dùng đi săn hoặc thể thao và tiền kim khí và thực ",internet
316185540,CÔNG TY CỔ PHẦN XUẤT NHẬP KHẨU AGRI FRESH,CÔNG TY CỔ PHẦN XUẤT NHẬP KHẨU,Công ty cổ phần,"30 đường nội khu Hưng Phước IV, khu phố Hưng Phước IV, Phường Tân Phong, Quận 7, Thành phố Hồ Chí Minh, Việt Nam",Quận 7,"8299: Hoạt động dịch vụ hỗ trợ kinh doanh khác còn lại chưa được phân vào đâu-Chi tiết: Xuất nhập khẩu các mặt hàng công ty kinh doanh;4781: Bán lẻ lương thực, thực phẩm, đồ uống, thuốc lá, thuốc lào ",internet
316176017,CÔNG TY TNHH VNG DATA CENTER,CÔNG TY TNHH VNG DATA CENTER,Công ty trách nhiệm hữu hạn một thành viên,"Z06 Đường số 13, Phường Tân Thuận Đông, Quận 7, Thành phố Hồ Chí Minh, Việt Nam",Quận 7,"2620: Sản xuất máy vi tính và thiết bị ngoại vi của máy vi tính-Chi tiết: Sản xuất máy tính (không tái chế phế thải, xi mạ điện và gia công cơ khí tại trụ sở);4652: Bán buôn thiết bị và linh kiện điện",internet
316180969,CÔNG TY CỔ PHẦN ĐẦU TƯ BẤT ĐỘNG SẢN VIỆT THÁI,CÔNG TY CỔ PHẦN ĐẦU TƯ BẤT ĐỘN,Công ty cổ phần,"Số 7 Đường số 14, Phường Tân Hưng, Quận 7, Thành phố Hồ Chí Minh, Việt Nam",Quận 7,"4659: Bán buôn máy móc, thiết bị và phụ tùng máy khác-;4652: Bán buôn thiết bị và linh kiện điện tử, viễn thông-;4641: Bán buôn vải, hàng may mặc, giày dép-;4663: Bán buôn vật liệu, thiết bị lắp đặt k",internet
316180197,CÔNG TY CỔ PHẦN CƠ ĐIỆN PMP,CÔNG TY CỔ PHẦN CƠ ĐIỆN PMP,Công ty cổ phần,"36 Đường số 11, Khu đô thị Him Lam, Phường Tân Hưng, Quận 7, Thành phố Hồ Chí Minh, Việt Nam",Quận 7,"4221: Xây dựng công trình điện-;4222: Xây dựng công trình cấp, thoát nước-;4223: Xây dựng công trình viễn thông, thông tin liên lạc-;4229: Xây dựng công trình công ích khác-;4291: Xây dựng công trình ",internet
316188421,CÔNG TY TNHH PINESOL VINA,CÔNG TY TNHH PINESOL VINA,Công ty trách nhiệm hữu hạn hai thành viên trở lên,"Số 23 Đường Số 3, Khu Đô Thị Mới Him Lam, Phường Tân Hưng, Quận 7, Thành phố Hồ Chí Minh, Việt Nam",Quận 7,4329: Lắp đặt hệ thống xây dựng khác-;7410: Hoạt động thiết kế chuyên dụng-Chi tiết: Thiết kế website.;6202: Tư vấn máy vi tính và quản trị hệ thống máy vi tính-;6209: Hoạt động dịch vụ công nghệ thôn,internet
316185815,CÔNG TY CỔ PHẦN SPACESPEAKERS GROUP,CÔNG TY CỔ PHẦN SPACESPEAKERS ,Công ty cổ phần,"Số 7 Đường Số 14, Khu đô thị mới Him Lam, Phường Tân Hưng, Quận 7, Thành phố Hồ Chí Minh, Việt Nam",Quận 7,"5913: Hoạt động phát hành phim điện ảnh, phim video và chương trình truyền hình-Chi tiết: Hoạt động phát hành phim điện ảnh, phim video 
( trừ sản xuất phim, phát sóng  và  không thực hiện các hiệu ứn",internet
316193453,CÔNG TY TNHH SẢN XUẤT THƯƠNG MẠI VÀ DỊCH VỤ THE LINE,CÔNG TY TNHH SẢN XUẤT THƯƠNG M,Công ty trách nhiệm hữu hạn một thành viên,"28-30 Đường D1, Khu Đô Thị Mới Him Lam, Phường Tân Hưng, Quận 7, Thành phố Hồ Chí Minh, Việt Nam",Quận 7,"4649: Bán buôn đồ dùng khác cho gia đình-Chi tiết: Bán buôn vali, cặp, túi, ví, hàng da và giả da khác Bán buôn nước hoa, hàng mỹ phẩm và chế phẩm vệ sinh Bán buôn hàng gốm, sứ, thủy tinh Bán buôn đồ ",internet
316176296,CÔNG TY CỔ PHẦN TƯ VẤN TRUYỀN THÔNG FOS,CÔNG TY CỔ PHẦN TƯ VẤN TRUYỀN ,Công ty cổ phần,"1-3 Đường D4 Khu Dân Cư Him Lam Kênh Tẻ, Phường Tân Hưng, Quận 7, Thành phố Hồ Chí Minh, Việt Nam",Quận 7,"8532: Đào tạo trung cấp-Chi tiết: Đào tạo nhiếp ảnh, quay phim, dựng phim, thiết kế, trang điểm; Đào tạo, dạy nghề trong lĩnh vực văn hóa nghệ thuật (không hoạt động tại trụ sở);7730: Cho thuê máy móc",internet
316196359,CÔNG TY CỔ PHẦN KENKO GLOBAL,CÔNG TY CỔ PHẦN KENKO GLOBAL,Công ty cổ phần,"Tòa nhà AGRITECH, B7 Cao Thị Chính, Phường Phú Thuận, Quận 7, Thành phố Hồ Chí Minh, Việt Nam",Quận 7,"0210: Trồng rừng, chăm sóc rừng và ươm giống cây lâm nghiệp-;0240: Hoạt động dịch vụ lâm nghiệp-;0311: Khai thác thuỷ sản biển-;0312: Khai thác thuỷ sản nội địa-;0321: Nuôi trồng thuỷ sản biển-;0322: ",internet
316194619,CÔNG TY TNHH KAPFA,CÔNG TY TNHH KAPFA,Công ty trách nhiệm hữu hạn hai thành viên trở lên,"Phòng 4.57, Tầng 4, Khu Officetel Tòa nhà Sunrise City North,  Số 27 Nguyễn Hữu Thọ, Phường Tân Hưng, Quận 7, Thành phố Hồ Chí Minh, Việt Nam",Quận 7,"4632: Bán buôn thực phẩm-Chi tiết: - Bán buôn cà phê chế biến, bột ngũ cốc - Bán buôn cà phê - Bán buôn sữa và các sản phẩm sữa, bánh kẹo và các sản phẩm chế biến từ ngũ cốc, bột, tinh bột - Bán buôn ",internet
316201760,CÔNG TY CỔ PHẦN CÔNG NGHỆ EDENT,CÔNG TY CỔ PHẦN CÔNG NGHỆ EDEN,Công ty cổ phần,"118 Huỳnh Tấn Phát, Phường Tân Thuận Tây, Quận 7, Thành phố Hồ Chí Minh, Việt Nam",Quận 7,"8230: Tổ chức giới thiệu và xúc tiến thương mại-(không thực hiện các hiệu ứng cháy, nổ; không sử dụng chất nổ, chất cháy, hóa chất làm đạo cụ, dụng cụ thực hiện các chương trình văn nghệ, sự kiện, phi",internet
316191230,CÔNG TY TNHH THƯƠNG MẠI DỊCH VỤ ANNA LÊ,CÔNG TY TNHH THƯƠNG MẠI DỊCH V,Công ty trách nhiệm hữu hạn một thành viên,"Số 136 Đường Số 8, Khu Dân Cư Nam Long , Phường Tân Thuận Đông, Quận 7, Thành phố Hồ Chí Minh, Việt Nam",Quận 7,"6920: Hoạt động liên quan đến kế toán, kiểm toán và tư vấn về thuế-Chi tiết: Dịch vụ làm thủ tục về thuế; 8211: Dịch vụ hành chính văn phòng tổng hợp-; 7020: Hoạt động tư vấn quản lý-(trừ tư vấn tài c",internet
316173577,CÔNG TY TNHH TM DV VẬN TẢI PHONG NGUYỄN,CÔNG TY TNHH TM DV VẬN TẢI PHO,Công ty trách nhiệm hữu hạn một thành viên,"793/45 Trần Xuân Soạn, Phường Tân Hưng, Quận 7, Thành phố Hồ Chí Minh, Việt Nam",Quận 7,"4620: Bán buôn nông, lâm sản nguyên liệu (trừ gỗ, tre, nứa) và động vật sống--(không hoạt động tại trụ sở);4631: Bán buôn gạo, lúa mỳ, hạt ngũ cốc khác, bột mỳ--(không hoạt động tại trụ sở);4632: Bán ",internet
316200781,CÔNG TY CỔ PHẦN YOBE 365,CÔNG TY CỔ PHẦN YOBE 365,Công ty cổ phần,"1242 Huỳnh Tấn Phát, Phường Tân Phú, Quận 7, Thành phố Hồ Chí Minh, Việt Nam",Quận 7,"4651: Bán buôn máy vi tính, thiết bị ngoại vi và phần mềm-;4652: Bán buôn thiết bị và linh kiện điện tử, viễn thông-;4632: Bán buôn thực phẩm-Chi tiết: Bán buôn thịt và các sản phẩm từ thit (không hoạ",internet
316186343,CÔNG TY TNHH HOA XINH MARKETING,CÔNG TY TNHH HOA XINH MARKETIN,Công ty trách nhiệm hữu hạn hai thành viên trở lên,"28-30 Đường D1, Khu đô thị mới Him Lam, Phường Tân Hưng, Quận 7, Thành phố Hồ Chí Minh, Việt Nam",Quận 7,"8110: Dịch vụ hỗ trợ tổng hợp-;8121: Vệ sinh chung nhà cửa-(trừ dịch vụ xông hơi, khử trùng);8129: Vệ sinh công nghiệp và các công trình chuyên biệt-(trừ dịch vụ xông hơi, khử trùng);8130: Dịch vụ chă",internet
316207385,CÔNG TY TNHH THƯƠNG MẠI NGUYỄN TUẤN ANH,CÔNG TY TNHH THƯƠNG MẠI NGUYỄN,Công ty trách nhiệm hữu hạn một thành viên,"77 Đường số 23, Phường Tân Quy, Quận 7, Thành phố Hồ Chí Minh, Việt Nam",Quận 7,"4632: Bán buôn thực phẩm-Chi tiết: Bán buôn cà phê, trà, đường (không hoạt động tại trụ sở), sữa và các sản phẩm sữa, bánh kẹo, mì gói, dầu ăn, gia vị (không hoạt động tại trụ sở), thực phẩm công nghệ",internet
316203503,CÔNG TY CỔ PHẦN ALAB,CÔNG TY CỔ PHẦN ALAB,Công ty cổ phần,"34 đường số 7 khu dân cư Him Lam, Phường Tân Hưng, Quận 7, Thành phố Hồ Chí Minh, Việt Nam",Quận 7,"6209: Hoạt động dịch vụ công nghệ thông tin và dịch vụ khác liên quan đến máy vi tính-;6202: Tư vấn máy vi tính và quản trị hệ thống máy vi tính-;3240: Sản xuất đồ chơi, trò chơi-(trừ trò chơi điện tử",internet
316212106,CÔNG TY TNHH ENTALPIA EUROPE VIETNAM,CÔNG TY TNHH ENTALPIA EUROPE V,Công ty trách nhiệm hữu hạn một thành viên,"Tầng 3 - Phòng 3.01, Tòa nhà IPC, Số 1489 Đường Nguyễn Văn Linh, Phường Tân Phong, Quận 7, Thành phố Hồ Chí Minh, Việt Nam",Quận 7,"4690: Bán buôn tổng hợp-Chi tiết: Thực hiện quyền xuất khẩu, quyền nhập khẩu, quyền phân phối bán buôn các hàng hóa không thuộc danh mục hàng hóa cấm xuất khẩu, cấm nhập khẩu và danh mục hàng hóa khôn",internet
316213928,CÔNG TY TNHH PHÁT TRIỂN THƯƠNG MẠI DỊCH VỤ HOÀNG THIÊN PHÚC,CÔNG TY TNHH PHÁT TRIỂN THƯƠNG,Công ty trách nhiệm hữu hạn một thành viên,"197 Huỳnh Tấn Phát, Phường Tân Thuận Đông, Quận 7, Thành phố Hồ Chí Minh, Việt Nam",Quận 7,"4763: Bán lẻ thiết bị, dụng cụ thể dục, thể thao trong các cửa hàng chuyên doanh-;4764: Bán lẻ trò chơi, đồ chơi trong các cửa hàng chuyên doanh-(Trừ đồ chơi có hại cho giáo dục nhân cách, sức khỏe tr",internet
316213043,CÔNG TY TNHH WISE RICH,CÔNG TY TNHH WISE RICH,Công ty trách nhiệm hữu hạn một thành viên,"M1, lầu 12, số 15 Nguyễn Lương Bằng, Phường Tân Phú, Quận 7, Thành phố Hồ Chí Minh, Việt Nam",Quận 7,"1080: Sản xuất thức ăn gia súc, gia cầm và thuỷ sản-;4620: Bán buôn nông, lâm sản nguyên liệu (trừ gỗ, tre, nứa) và động vật sống-Chi tiết: Bán buôn thức ăn, và nguyên liệu làm thức ăn cho gia súc, gi",internet
316206529,CÔNG TY CỔ PHẦN THE GREEN POWER TECHNOLOGY,CÔNG TY CỔ PHẦN THE GREEN POWE,Công ty cổ phần,"Số 12 Đường số 1, Khu Đô Thị Him Lam, Phường Tân Hưng, Quận 7, Thành phố Hồ Chí Minh, Việt Nam",Quận 7,"2640: Sản xuất sản phẩm điện tử dân dụng-;2720: Sản xuất pin và ắc quy-Chi tiết: Sản xuất tấm pin năng lượng mặt trời;2790: Sản xuất thiết bị điện khác-;2811: Sản xuất động cơ, tua bin (trừ động cơ má",technology
316219119,CÔNG TY CỔ PHẦN NĂNG LƯỢNG TÁI TẠO ECOGREEN,CÔNG TY CỔ PHẦN NĂNG LƯỢNG TÁI,Công ty cổ phần,"Nhà 16 Đường Số 1, Khu Dân Cư Him Lam, Phường Tân Hưng, Quận 7, Thành phố Hồ Chí Minh, Việt Nam",Quận 7,"2710: Sản xuất mô tơ, máy phát, biến thế điện, thiết bị phân phối và điều khiển điện-;2720: Sản xuất pin và ắc quy-;2732: Sản xuất dây, cáp điện và điện tử khác-;2733: Sản xuất thiết bị dây dẫn điện c",internet
316220900,CÔNG TY TNHH DỊCH VỤ PHẦN MỀM VI TÍNH DELUXXIS TECHNOLOGY,CÔNG TY TNHH DỊCH VỤ PHẦN MỀM ,Công ty trách nhiệm hữu hạn một thành viên,"Tầng 4, B8-9, Khu Dân Cư Kim Sơn - Nguyễn Hữu Thọ, Phường Tân Phong, Quận 7, Thành phố Hồ Chí Minh, Việt Nam",Quận 7,6202: Tư vấn máy vi tính và quản trị hệ thống máy vi tính-;6209: Hoạt động dịch vụ công nghệ thông tin và dịch vụ khác liên quan đến máy vi tính-;Doanh nghiệp phải thực hiện đúng các quy định của pháp,technology
316221830,CÔNG TY TNHH TM TÂN PHÚ VINH,CÔNG TY TNHH TM TÂN PHÚ VINH,Công ty trách nhiệm hữu hạn một thành viên,"Số 17, Đường số 37 , Phường Tân Phong, Quận 7, Thành phố Hồ Chí Minh, Việt Nam",Quận 7,"4719: Bán lẻ  khác trong các cửa hàng kinh doanh tổng hợp-Chi tiết: Bán lẻ nhiều loại hàng hóa trong các siêu thị, minimart, trung tâm thương mại, bán nhiều loại hàng hóa: Lương thực thực phẩm, trong ",internet
316222400,CÔNG TY TNHH CÔNG NGHỆ VDE,CÔNG TY TNHH CÔNG NGHỆ VDE,Công ty trách nhiệm hữu hạn một thành viên,"Số 3 Đường Nội Khu Nam Khang, Phường Tân Phú, Quận 7, Thành phố Hồ Chí Minh, Việt Nam",Quận 7,"6201: Lập trình máy vi tính-;4329: Lắp đặt hệ thống xây dựng khác-Chi tiết: Lắp đặt thiết bị điện-điện tử-tin học-viễn thông-camera quan sát-báo trộm (không gia công cơ khí, tái chế phế thải, xi mạ đi",internet
316237238,CÔNG TY TNHH T&G,CÔNG TY TNHH TG,Công ty trách nhiệm hữu hạn hai thành viên trở lên,"Số 2, đường Phú Thuận, KP 2, Phường Phú Thuận, Quận 7, Thành phố Hồ Chí Minh, Việt Nam",Quận 7,"4649: Bán buôn đồ dùng khác cho gia đình-;4651: Bán buôn máy vi tính, thiết bị ngoại vi và phần mềm-;4653: Bán buôn máy móc, thiết bị và phụ tùng máy nông nghiệp-;4659: Bán buôn máy móc, thiết bị và p",internet
316224535,CÔNG TY CỔ PHẦN PHÁT TRIỂN BẤT ĐỘNG SẢN TÂN MAI,CÔNG TY CỔ PHẦN PHÁT TRIỂN BẤT,Công ty cổ phần,"69 Hưng Thái 1, Phường Tân Phong, Quận 7, Thành phố Hồ Chí Minh, Việt Nam",Quận 7,"4101: Xây dựng nhà để ở-;4102: Xây dựng nhà không để ở-;4212: Xây dựng công trình đường bộ-;6820: Tư vấn, môi giới, đấu giá bất động sản, đấu giá quyền sử dụng đất-Chi tiết:  Tư vấn, môi giới bất động",internet
316226363,CÔNG TY TNHH CÔNG NGHỆ VÀ THIẾT KẾ FUVITECH,CÔNG TY TNHH CÔNG NGHỆ VÀ THIẾ,Công ty trách nhiệm hữu hạn một thành viên,"Số 6 Đường số 2, Phường Tân Quy, Quận 7, Thành phố Hồ Chí Minh, Việt Nam",Quận 7,"4741: Bán lẻ máy vi tính, thiết bị ngoại vi, phần mềm và thiết bị viễn thông trong các cửa hàng chuyên doanh-;2640: Sản xuất sản phẩm điện tử dân dụng-;8559: Giáo dục khác chưa được phân vào đâu-(trừ ",internet
316215403,CÔNG TY TNHH TƯ VẤN ĐẦU TƯ - BẤT ĐỘNG SẢN PHƯƠNG HÙNG,CÔNG TY TNHH TƯ VẤN ĐẦU TƯ  BẤ,Công ty trách nhiệm hữu hạn một thành viên,"Số nhà 1.04 – Tháp M2, đường N8 Khu dân cư phía Bắc rạch Bà Bướm, Phường Phú Thuận, Quận 7, Thành phố Hồ Chí Minh, Việt Nam",Quận 7,"4663: Bán buôn vật liệu, thiết bị lắp đặt khác trong xây dựng-Chi tiết: Bán buôn sản phẩm gỗ (không hoạt động tại trụ sở); Bán buôn vật liệu xây dựng như: cát, sỏi; Bán buôn thiết bị lắp đặt vệ sinh n",internet
316230264,CÔNG TY CỔ PHẦN HAPPY SUN HOLDING,CÔNG TY CỔ PHẦN HAPPY SUN HOLD,Công ty cổ phần,"1-3 Đường D4 Khu Dân Cư Him Lam Kênh Tẻ, Phường Tân Hưng, Quận 7, Thành phố Hồ Chí Minh, Việt Nam",Quận 7,"1103: Sản xuất bia và mạch nha ủ men bia-Chi tiết: Sản xuất bia (chỉ được sản xuất, gia công sau khi hoàn thành đầy đủ các thủ tục về đất đai, xây dựng, phòng cháy chữa cháy, bảo vệ môi trường);1102: ",internet
316251634,CÔNG TY TNHH SẢN XUẤT THƯƠNG MẠI VÀ DỊCH VỤ UMBRELLA,CÔNG TY TNHH SẢN XUẤT THƯƠNG M,Công ty trách nhiệm hữu hạn một thành viên,"28-30 Đường D1, Khu Đô Thị Mới Him Lam, Phường Tân Hưng, Quận 7, Thành phố Hồ Chí Minh, Việt Nam",Quận 7,"7710: Cho thuê xe có động cơ-;7990: Dịch vụ đặt chỗ và các dịch vụ hỗ trợ liên quan đến quảng bá và tổ chức tua du lịch-;8121: Vệ sinh chung nhà cửa-(trừ dịch vụ xông hơi, khử trùng);8299: Hoạt động d",internet
316241234,CÔNG TY CỔ PHẦN GIỎ HÀNG VÀNG,CÔNG TY CỔ PHẦN GIỎ HÀNG VÀNG,Công ty cổ phần,"307 Huỳnh Tấn Phát, Phường Tân Thuận Đông, Quận 7, Thành phố Hồ Chí Minh, Việt Nam",Quận 7,"4773: Bán lẻ hàng hóa khác mới trong các cửa hàng chuyên doanh-(trừ bán lẻ hóa chất, khí dầu mỏ hóa lỏng LPG, dầu nhớt cặn, vàng miếng, súng, đạn loại dùng đi săn hoặc thể thao và tiền kim khí; Thực h",internet
316236072,CÔNG TY CỔ PHẦN CÔNG NGHỆ THÔNG TIN VƯƠNG ĐÌNH,CÔNG TY CỔ PHẦN CÔNG NGHỆ THÔN,Công ty cổ phần,"số 90-92 Hoàng Trọng Mậu, Phường Tân Hưng, Quận 7, Thành phố Hồ Chí Minh, Việt Nam",Quận 7,6190: Hoạt động viễn thông khác-Chi tiết: Hoạt động cung cấp dịch vụ giá trị gia tăng trên mạng viễn thông di động. Dịch vụ viễn thông cơ bản bao gồm: + Dịch vụ thoại; + Dịch vụ fax; + Dịch vụ truyền ,internet
316255798,CÔNG TY TNHH TM DV SX DDT VIỆT NAM,CÔNG TY TNHH TM DV SX DDT VIỆT,Công ty trách nhiệm hữu hạn hai thành viên trở lên,"Căn nhà số 2,Lô C,Nguyễn Văn Quỳ, Phường Phú Thuận, Quận 7, Thành phố Hồ Chí Minh, Việt Nam",Quận 7,"4661: Bán buôn nhiên liệu rắn, lỏng, khí và các sản phẩm liên quan-(trừ khí hóa dầu mỏ hóa lỏng LPG và dầu nhớt cặn tại trụ sở).;4511: Bán buôn ô tô và xe có động cơ khác-;4652: Bán buôn thiết bị và l",internet
316241844,CÔNG TY CỔ PHẦN XUẤT NHẬP KHẨU THERA,CÔNG TY CỔ PHẦN XUẤT NHẬP KHẨU,Công ty cổ phần,"34 Đường số 1, KP3, Phường Bình Thuận, Quận 7, Thành phố Hồ Chí Minh, Việt Nam",Quận 7,"8559: Giáo dục khác chưa được phân vào đâu-Chi tiết: Việc đưa ra và cung cấp việc hướng dẫn và đào tạo đặc biệt, thường là cho người đã trưởng thành và không thể so sánh được với giáo dục thông thường",internet
316246553,CÔNG TY TNHH SẢN XUẤT THƯƠNG MẠI VÀ DỊCH VỤ IDEN,CÔNG TY TNHH SẢN XUẤT THƯƠNG M,Công ty trách nhiệm hữu hạn một thành viên,"28-30 Đường D1, Khu Đô Thị Mới Him Lam, Phường Tân Hưng, Quận 7, Thành phố Hồ Chí Minh, Việt Nam",Quận 7,"4711: Bán lẻ lương thực, thực phẩm, đồ uống, thuốc lá, thuốc lào chiếm tỷ trọng lớn trong các cửa hàng kinh doanh tổng hợp-Chi tiết: Bản lẻ bánh , các sản phẩm chế biến từ ngũ cốc, tinh bột, bột chiếm",internet
316245341,CÔNG TY TNHH SẢN XUẤT THƯƠNG MẠI VÀ DỊCH VỤ BEATRICE,CÔNG TY TNHH SẢN XUẤT THƯƠNG M,Công ty trách nhiệm hữu hạn một thành viên,"28-30 Đường D1, Khu Đô Thị Mới Him Lam, Phường Tân Hưng, Quận 7, Thành phố Hồ Chí Minh, Việt Nam",Quận 7,"4711: Bán lẻ lương thực, thực phẩm, đồ uống, thuốc lá, thuốc lào chiếm tỷ trọng lớn trong các cửa hàng kinh doanh tổng hợp-Chi tiết: Bản lẻ bánh, các sản phẩm chế biến từ ngũ cốc, tinh bột, bột chiếm ",internet
316246419,CÔNG TY TNHH SẢN XUẤT THƯƠNG MẠI VÀ DỊCH VỤ  JR DESIGN,CÔNG TY TNHH SẢN XUẤT THƯƠNG M,Công ty trách nhiệm hữu hạn một thành viên,"28-30 Đường D1, Khu Đô Thị Mới Him Lam, Phường Tân Hưng, Quận 7, Thành phố Hồ Chí Minh, Việt Nam",Quận 7,"4719: Bán lẻ  khác trong các cửa hàng kinh doanh tổng hợp-(Trừ bán lẻ bình gas, khí dầu mỏ hóa lỏng LPG, dầu nhớt cặn, vàng miếng, súng, đạn loại dùng đi săn hoặc thể thao và tiền kim khí và thực hiện",internet
316262763,CÔNG TY CỔ PHẦN ĐẦU TƯ GIA HƯNG ĐẮC LỘC,CÔNG TY CỔ PHẦN ĐẦU TƯ GIA HƯN,Công ty cổ phần,"505/6 Trần Xuân Soạn, Phường Tân Kiểng, Quận 7, Thành phố Hồ Chí Minh, Việt Nam",Quận 7,"4222: Xây dựng công trình cấp, thoát nước-;4223: Xây dựng công trình viễn thông, thông tin liên lạc-;4229: Xây dựng công trình công ích khác-;4291: Xây dựng công trình thủy-;4292: Xây dựng công trình ",internet
316264859,CÔNG TY TNHH THE BRYNIC,CÔNG TY TNHH THE BRYNIC,Công ty trách nhiệm hữu hạn hai thành viên trở lên,"Tầng 3, 226 Phạm Thái Bường, Phường Tân Phong, Quận 7, Thành phố Hồ Chí Minh, Việt Nam",Quận 7,"4641: Bán buôn vải, hàng may mặc, giày dép-Chi tiết: Thực hiện quyền xuất khẩu, quyền nhập khẩu, quyền phân phối bán buôn các mặt hàng không thuộc danh mục cấm xuất khẩu, nhập khẩu theo quy định của p",internet
316250694,CÔNG TY TNHH XUẤT NHẬP KHẨU APS,CÔNG TY TNHH XUẤT NHẬP KHẨU AP,Công ty trách nhiệm hữu hạn một thành viên,"63/2 Lê Văn Lương, Khu Phố 1, Phường Tân Hưng, Quận 7, Thành phố Hồ Chí Minh, Việt Nam",Quận 7,"4610: Đại lý, môi giới, đấu giá hàng hóa-Chi tiết: Đại lý, môi giới;4620: Bán buôn nông, lâm sản nguyên liệu (trừ gỗ, tre, nứa) và động vật sống-(không hoạt động tại trụ sở);4631: Bán buôn gạo, lúa mỳ",internet
316236499,CÔNG TY TNHH FVNT,CÔNG TY TNHH FVNT,Công ty trách nhiệm hữu hạn một thành viên,"49 đường 41, Phường Tân Quy, Quận 7, Thành phố Hồ Chí Minh, Việt Nam",Quận 7,"4651: Bán buôn máy vi tính, thiết bị ngoại vi và phần mềm-;4741: Bán lẻ máy vi tính, thiết bị ngoại vi, phần mềm và thiết bị viễn thông trong các cửa hàng chuyên doanh-;4742: Bán lẻ thiết bị nghe nhìn",internet
316260043,CÔNG TY TNHH PULSES VIETNAM,CÔNG TY TNHH PULSES VIETNAM,Công ty trách nhiệm hữu hạn một thành viên,"B3.07, Block B, dự án chung cư Florita, Khu nhà ở lô A1, số 83 đường D4, Phường Tân Hưng, Quận 7, Thành phố Hồ Chí Minh, Việt Nam",Quận 7,"4773: Bán lẻ hàng hóa khác mới trong các cửa hàng chuyên doanh-(trừ bán lẻ bình ga, khí dầu mỏ hóa lỏng LPG, dầu nhớt cặn, vàng miếng, súng, đạn loại dùng đi săn hoặc thể thao và tiền kim khí; trừ bán",internet
316257266,CÔNG TY TNHH CÔNG NGHỆ VL,CÔNG TY TNHH CÔNG NGHỆ VL,Công ty trách nhiệm hữu hạn hai thành viên trở lên,"39 đường số 5, Khu đô thị Him Lam, Phường Tân Hưng, Quận 7, Thành phố Hồ Chí Minh, Việt Nam",Quận 7,"7410: Hoạt động thiết kế chuyên dụng-Chi tiết: Thiết kế trang web.;6619: Hoạt động hỗ trợ dịch vụ tài chính chưa được phân vào đâu-Chi tiết: Hoạt động tư vấn (trừ tư vấn tài chính, kế toán, pháp lý).;",internet
316267659,CÔNG TY CỔ PHẦN ĐẦU TƯ PHÁT TRIỂN BP VIỆT NAM,CÔNG TY CỔ PHẦN ĐẦU TƯ PHÁT TR,Công ty cổ phần,"Số 2-4 Đường Số 9, Khu Đô Thị Mới Himlam, Phường Tân Hưng, Quận 7, Thành phố Hồ Chí Minh, Việt Nam",Quận 7,"4762: Bán lẻ băng đĩa âm thanh, hình ảnh (kể cả băng, đĩa trắng) trong các cửa hàng chuyên doanh-(có nội dung được phép lưu hành);4763: Bán lẻ thiết bị, dụng cụ thể dục, thể thao trong các cửa hàng ch",internet
316283883,CÔNG TY TNHH SẢN XUẤT THƯƠNG MẠI VÀ DỊCH VỤ TSH COMPANY,CÔNG TY TNHH SẢN XUẤT THƯƠNG M,Công ty trách nhiệm hữu hạn một thành viên,"28-30 Đường D1, Khu Đô Thị Mới Him Lam, Phường Tân Hưng, Quận 7, Thành phố Hồ Chí Minh, Việt Nam",Quận 7,"4791: Bán lẻ theo yêu cầu đặt hàng qua bưu điện hoặc internet-(trừ bán lẻ bình gas, khí dầu mỏ hóa lỏng LPG, dầu nhớt cặn, vàng miếng, súng, đạn loại dùng đi săn hoặc thể thao và tiền kim khí; trừ bán",internet
316284372,CÔNG TY TNHH SẢN XUẤT THƯƠNG MẠI VÀ DỊCH VỤ HYO IN,CÔNG TY TNHH SẢN XUẤT THƯƠNG M,Công ty trách nhiệm hữu hạn một thành viên,"28-30 Đường D1, Khu Đô Thị Mới Him Lam, Phường Tân Hưng, Quận 7, Thành phố Hồ Chí Minh, Việt Nam",Quận 7,"4753: Bán lẻ thảm, đệm, chăn, màn, rèm, vật liệu phủ tường và sàn trong các cửa hàng chuyên doanh-;4759: Bán lẻ đồ điện gia dụng, giường, tủ, bàn, ghế và đồ nội thất tương tự, đèn và bộ đèn điện, đồ d",internet
316269180,CÔNG TY CỔ PHẦN XUẤT NHẬP KHẨU VINTEX,CÔNG TY CỔ PHẦN XUẤT NHẬP KHẨU,Công ty cổ phần,"Số 7 Đường 66, Phường Tân Phong, Quận 7, Thành phố Hồ Chí Minh, Việt Nam",Quận 7,8299: Hoạt động dịch vụ hỗ trợ kinh doanh khác còn lại chưa được phân vào đâu-Chi tiết: Xuất nhập khẩu các mặt hàng công ty kinh doanh;4773: Bán lẻ hàng hóa khác mới trong các cửa hàng chuyên doanh-Ch,internet
316298022,CÔNG TY CỔ PHẦN HÀNG TIÊU DÙNG BSB,CÔNG TY CỔ PHẦN HÀNG TIÊU DÙNG,Công ty cổ phần,"Lầu 5, Crescent Plaza, 105 Tôn Dật Tiên, Phường Tân Phú, Quận 7, Thành phố Hồ Chí Minh, Việt Nam",Quận 7,0122: Trồng cây lấy quả chứa dầu-(Không hoạt động tại trụ sở);0123: Trồng cây điều-(Không hoạt động tại trụ sở);0124: Trồng cây hồ tiêu-(Không hoạt động tại trụ sở);0125: Trồng cây cao su-(Không hoạt ,internet
316275804,CÔNG TY TNHH SẢN XUẤT THƯƠNG MẠI VÀ DỊCH VỤ DUON,CÔNG TY TNHH SẢN XUẤT THƯƠNG M,Công ty trách nhiệm hữu hạn một thành viên,"28-30 Đường D1, Khu Đô Thị Mới Him Lam, Phường Tân Hưng, Quận 7, Thành phố Hồ Chí Minh, Việt Nam",Quận 7,5229: Hoạt động dịch vụ hỗ trợ khác liên quan đến vận tải-(Trừ hóa lỏng khí để vận chuyển và hoạt động liên quan đến vận tải đường hàng không);6202: Tư vấn máy vi tính và quản trị hệ thống máy vi tính,internet
316264619,CÔNG TY TNHH DỊCH VỤ TRUYỀN THÔNG PURA-VIDA,CÔNG TY TNHH DỊCH VỤ TRUYỀN TH,Công ty trách nhiệm hữu hạn một thành viên,"180/26 Bùi Văn Ba, Phường Tân Thuận Đông, Quận 7, Thành phố Hồ Chí Minh, Việt Nam",Quận 7,"1811: In ấn-;1812: Dịch vụ liên quan đến in-;1820: Sao chép bản ghi các loại-;2630: Sản xuất thiết bị truyền thông-(không hoạt động tại trụ sở).;4651: Bán buôn máy vi tính, thiết bị ngoại vi và phần m",internet
316291387,CÔNG TY TNHH VINA SEORIN,CÔNG TY TNHH VINA SEORIN,Công ty trách nhiệm hữu hạn một thành viên,"257/13 Nguyễn Thị Thập, Phường Tân Phú, Quận 7, Thành phố Hồ Chí Minh, Việt Nam",Quận 7,"4791: Bán lẻ theo yêu cầu đặt hàng qua bưu điện hoặc internet-(trừ bán lẻ bình gas, khí dầu mỏ hóa lỏng LPG, dầu nhớt cặn, vàng miếng, súng, đạn loại dùng đi săn hoặc thể thao và tiền kim khí và thực ",internet
316282463,CÔNG TY TNHH  GIÁO DỤC TƯ VẤN QUẢNG CÁO URBEST,CÔNG TY TNHH  GIÁO DỤC TƯ VẤN ,Công ty trách nhiệm hữu hạn một thành viên,"1071 Huỳnh Tấn Phát, Phường Phú Thuận, Quận 7, Thành phố Hồ Chí Minh, Việt Nam",Quận 7,"8559: Giáo dục khác chưa được phân vào đâu-Chi tiết: Dạy ngoại ngữ và dạy kỹ năng đàm thoại; dạy máy tính - tin học; Giáo dục kỹ năng sống, Đào tạo kỹ năng nói trước công chúng; Đào tạo kỹ năng mềm, k",internet
316295247,CÔNG TY TNHH CUNG ỨNG LIÊN MINH TOÀN CẦU,CÔNG TY TNHH CUNG ỨNG LIÊN MIN,Công ty trách nhiệm hữu hạn một thành viên,"Số 48, đường 16, Tổ 9, Khu phố 1, Phường Tân Phong, Quận 7, Thành phố Hồ Chí Minh, Việt Nam",Quận 7,"1410: May trang phục (trừ trang phục từ da lông thú)-;4751: Bán lẻ vải, len, sợi, chỉ khâu và hàng dệt khác trong các cửa hàng chuyên doanh-;1311: Sản xuất sợi-;1312: Sản xuất vải dệt thoi-;1313: Hoàn",internet
316309027,CÔNG TY CỔ PHẦN THƯƠNG MẠI HBH GROUP,CÔNG TY CỔ PHẦN THƯƠNG MẠI HBH,Công ty cổ phần,"Số 32 đường 15, Phường Tân Kiểng, Quận 7, Thành phố Hồ Chí Minh, Việt Nam",Quận 7,"1030: Chế biến và bảo quản rau quả-;1079: Sản xuất thực phẩm khác chưa được phân vào đâu-;2023: Sản xuất mỹ phẩm, xà phòng, chất tẩy rửa, làm bóng và chế phẩm vệ sinh-(trừ sản xuất, tồn trữ hóa chất t",internet
316261840,CÔNG TY TNHH DVTM GIA CÔNG CƠ KHÍ HTV,CÔNG TY TNHH DVTM GIA CÔNG CƠ ,Công ty trách nhiệm hữu hạn hai thành viên trở lên,"888/5 Huỳnh Tấn Phát, Khu phố 3, Phường Tân Phú, Quận 7, Thành phố Hồ Chí Minh, Việt Nam",Quận 7,"2511: Sản xuất các cấu kiện kim loại-Chi tiết: - Sản xuất nhà đúc sẵn bằng kim loại như: Nhà di chuyển, nhà tiền chế và các bộ phận tháo rời; - Sản xuất khung hoặc sườn kim loại cho xây dựng và các bộ",internet
316300289,CÔNG TY TNHH BÁCH HÓA PHÚ MỸ,CÔNG TY TNHH BÁCH HÓA PHÚ MỸ,Công ty trách nhiệm hữu hạn một thành viên,"1483 Huỳnh Tấn Phát, Phường Phú Mỹ, Quận 7, Thành phố Hồ Chí Minh, Việt Nam",Quận 7,"4789: Bán  lẻ hàng hóa khác lưu động hoặc tại chợ-Chi tiết:  Bán lẻ mỹ phẩm và vật phẩm vệ sinh lưu động hoặc tại chợ. Bán lẻ hàng gốm sứ, thủy tinh lưu động hoặc tại chợ. Bán lẻ hoa tươi, cây cảnh lư",internet
316283354,CÔNG TY TNHH NỘI THẤT MK HOME,CÔNG TY TNHH NỘI THẤT MK HOME,Công ty trách nhiệm hữu hạn một thành viên,"1135/47/9C Huỳnh Tấn Phát, Phường Phú Thuận, Quận 7, Thành phố Hồ Chí Minh, Việt Nam",Quận 7,"3100: Sản xuất giường, tủ, bàn, ghế-;9524: Sửa chữa giường, tủ, bàn, ghế và đồ nội thất tương tự-;1610: Cưa, xẻ, bào gỗ và bảo quản gỗ-;1621: Sản xuất gỗ dán, gỗ lạng, ván ép và ván mỏng khác-;1622: S",internet
316263693,CÔNG TY TNHH JWS.INTERNATIONAL VIỆT NAM,CÔNG TY TNHH JWSINTERNATIONAL ,Công ty trách nhiệm hữu hạn hai thành viên trở lên,"Số 44, Đường số 10, Phường Bình Thuận, Quận 7, Thành phố Hồ Chí Minh, Việt Nam",Quận 7,"4933: Vận tải hàng hóa bằng đường bộ-Chi tiết:
- Vận tải hàng hóa bằng ô tô chuyên dụng.
- Vận tải hàng hóa bằng ô tô loại khác (trừ ô tô chuyên dụng).;5210: Kho bãi và lưu giữ hàng hóa-Chi tiết:
- Kh",internet
316285496,CÔNG TY TNHH DỊCH VỤ LÀM ĐẸP MANI,CÔNG TY TNHH DỊCH VỤ LÀM ĐẸP M,Công ty trách nhiệm hữu hạn hai thành viên trở lên,"Số 8 Đường G, Phường Tân Phú, Quận 7, Thành phố Hồ Chí Minh, Việt Nam",Quận 7,"4649: Bán buôn đồ dùng khác cho gia đình-Chi tiết: Bán buôn mỹ phẩm (không kinh doanh dược phẩm);4791: Bán lẻ theo yêu cầu đặt hàng qua bưu điện hoặc internet-trừ bán lẻ bình gas, hóa chất, khí dầu mỏ",internet
316291683,CÔNG TY CỔ PHẦN ĐẦU TƯ THƯƠNG MẠI DỊCH VỤ XK MỘC TRÀ,CÔNG TY CỔ PHẦN ĐẦU TƯ THƯƠNG ,Công ty cổ phần,"Số 131 Đường số 8, Khu dân cư Nam Long, Phường Tân Thuận Đông, Quận 7, Thành phố Hồ Chí Minh, Việt Nam",Quận 7,"7730: Cho thuê máy móc, thiết bị và đồ dùng hữu hình khác không kèm người điều khiển-;4633: Bán buôn đồ uống-;4653: Bán buôn máy móc, thiết bị và phụ tùng máy nông nghiệp-;4912: Vận tải hàng hóa đường",internet
316287341,CÔNG TY CỔ PHẦN CUNG ỨNG THỰC PHẨM VÀ CÀ PHÊ SẠCH THE KING,CÔNG TY CỔ PHẦN CUNG ỨNG THỰC ,Công ty cổ phần,"67 Đường Số 14, KDC Ven Sông, Phường Tân Phong, Quận 7, Thành phố Hồ Chí Minh, Việt Nam",Quận 7,"5630: Dịch vụ phục vụ đồ uống-Chi tiết: - Hoạt động của các quán chế biến và phục vụ khách hàng tại chỗ các loại đồ uống như cà phê, nước sinh tố, nước ép hoa quả,  nước giải khát các loại (trừ hoạt đ",internet
316310512,CÔNG TY TNHH WATERMELON CONSULTING,CÔNG TY TNHH WATERMELON CONSUL,Công ty trách nhiệm hữu hạn một thành viên,"A2-09 Nam Viên, Phú Mỹ Hưng, Phường Tân Phong, Quận 7, Thành phố Hồ Chí Minh, Việt Nam",Quận 7,"4791: Bán lẻ theo yêu cầu đặt hàng qua bưu điện hoặc internet-(trừ hoạt động đấu giá) (trừ bán lẻ bình gas, khí dầu mỏ hóa lỏng LPG, dầu nhớt cặn, vàng miếng, súng, đạn loại dùng đi săn hoặc thể thao ",internet
316309549,CÔNG TY TNHH PHÂN PHỐI NÔNG SẢN SẠCH VIỆT QUẢ,CÔNG TY TNHH PHÂN PHỐI NÔNG SẢ,Công ty trách nhiệm hữu hạn một thành viên,"Số 1 Đường Nội khu 1, Khu Nam Viên, Phường Tân Phú, Quận 7, Thành phố Hồ Chí Minh, Việt Nam",Quận 7,8292: Dịch vụ đóng gói-(trừ sang chai và đóng gói thuốc bảo vệ thực vật);5610: Nhà hàng và các dịch vụ ăn uống phục vụ lưu động-;5621: Cung cấp dịch vụ ăn uống theo hợp đồng không thường xuyên với khá,internet
316305551,DOANH NGHIỆP TƯ NHÂN VENUS GAMING,DOANH NGHIỆP TƯ NHÂN VENUS GAM,Doanh nghiệp tư nhân,"Số 67 Đường Số 9, Khu Dân Cư Kim Sơn, Phường Tân Phong, Quận 7, Thành phố Hồ Chí Minh, Việt Nam",Quận 7,"6190: Hoạt động viễn thông khác-Chi tiết:  Hoạt động của các điểm truy cập internet,điểm cung cấp dịch vụ trò chơi điện tử công cộng.( trừ kinh doanh trò chơi điện tử có thưởng dành cho ngời nước ngoà",internet
316302663,CÔNG TY TNHH SẢN XUẤT THƯƠNG MẠI DỊCH VỤ XUẤT NHẬP KHẨU NHÀ NÔNG,CÔNG TY TNHH SẢN XUẤT THƯƠNG M,Công ty trách nhiệm hữu hạn một thành viên,"Số 10, Đường số 2, Phường Phú Mỹ, Quận 7, Thành phố Hồ Chí Minh, Việt Nam",Quận 7,"1010: Chế biến, bảo quản thịt và các sản phẩm từ thịt-( Trừ giết mổ gia súc, gia cầm tại trụ sở chi nhánh );1020: Chế biến, bảo quản thuỷ sản và các sản phẩm từ thuỷ sản-;1030: Chế biến và bảo quản ra",internet
316302776,CÔNG TY TNHH CƠ KHÍ XÂY DỰNG XUẤT NHẬP KHẨU SAO VIỆT,CÔNG TY TNHH CƠ KHÍ XÂY DỰNG X,Công ty trách nhiệm hữu hạn hai thành viên trở lên,"Số 29/4 Đường số 1, Phường Bình Thuận, Quận 7, Thành phố Hồ Chí Minh, Việt Nam",Quận 7,"7810: Hoạt động của các trung tâm, đại lý tư vấn, giới thiệu và môi giới lao động, việc làm-Chi tiết: Hoạt động của các đại lý tư vấn, giới thiệu và môi giới lao động, việc làm (trừ cho thuê lại lao đ",internet
316315239,CÔNG TY CỔ PHẦN CÔNG NGHỆ AURA DISTRICT,CÔNG TY CỔ PHẦN CÔNG NGHỆ AURA,Công ty cổ phần,"1-3 Đường D4, Khu Dân Cư Him Lam Kênh Tẻ, Phường Tân Hưng, Quận 7, Thành phố Hồ Chí Minh, Việt Nam",Quận 7,"5629: Dịch vụ ăn uống khác-Chi tiết: Cung cấp dịch vụ ăn uống theo hợp đồng với khách hàng, trong khoảng thời gian cụ thể;5621: Cung cấp dịch vụ ăn uống theo hợp đồng không thường xuyên với khách hàng",internet
316318342,CÔNG TY TNHH M MART,CÔNG TY TNHH M MART,Công ty trách nhiệm hữu hạn hai thành viên trở lên,"188 Lê Văn Lương, Phường Tân Hưng, Quận 7, Thành phố Hồ Chí Minh, Việt Nam",Quận 7,"4799: Bán lẻ hình thức khác chưa được phân vào đâu-(trừ bán lẻ bình gas, hóa chất, súng, đạn loại dùng đi săn hoặc thể thao, tiền kim khí và mua bán vàng miếng; thực hiện theo Quyết định 64/2009/QĐ-UB",internet
316321909,CÔNG TY TNHH YA HOUSE JISOO COFFEE,CÔNG TY TNHH YA HOUSE JISOO CO,Công ty trách nhiệm hữu hạn một thành viên,"số R4-23, R2-24 Hưng Phước 4, Đường số 6, Phường Tân Phong, Quận 7, Thành phố Hồ Chí Minh, Việt Nam",Quận 7,"5630: Dịch vụ phục vụ đồ uống-(trừ kinh doanh bar, quán giải khát có khiêu vũ);5629: Dịch vụ ăn uống khác-(trừ kinh doanh bar, quán giải khát có khiêu vũ);4791: Bán lẻ theo yêu cầu đặt hàng qua bưu đi",internet
316344310,CÔNG TY TNHH PLANET HUB,CÔNG TY TNHH PLANET HUB,Công ty trách nhiệm hữu hạn một thành viên,"Số 57 Đường 43, Phường Tân Quy, Quận 7, Thành phố Hồ Chí Minh, Việt Nam",Quận 7,"4530: Bán phụ tùng và các bộ phận phụ trợ của ô tô và xe có động cơ khác-;4543: Bán phụ tùng và các bộ phận phụ trợ của mô tô, xe máy-;4610: Đại lý, môi giới, đấu giá hàng hóa-Chi tiết: Đại lý, môi gi",internet
316341197,CÔNG TY TNHH ZINUS VIỆT NAM,CÔNG TY TNHH ZINUS VIỆT NAM,Công ty trách nhiệm hữu hạn một thành viên,"475 Nguyễn Thị Thập, Phường Tân Phong, Quận 7, Thành phố Hồ Chí Minh, Việt Nam",Quận 7,"4753: Bán lẻ thảm, đệm, chăn, màn, rèm, vật liệu phủ tường và sàn trong các cửa hàng chuyên doanh-Chi tiết: Thực hiện quyền phân phối bán lẻ các hàng hóa không thuộc danh mục hàng hóa cấm xuất khẩu, c",internet
316335098,CÔNG TY TNHH TM QUỐC TẾ VIỆT LỖI,CÔNG TY TNHH TM QUỐC TẾ VIỆT L,Công ty trách nhiệm hữu hạn một thành viên,"206/16 Nguyễn Văn Linh, Khu Phố 1, Phường Tân Thuận Tây, Quận 7, Thành phố Hồ Chí Minh, Việt Nam",Quận 7,"6312: Cổng thông tin-;7020: Hoạt động tư vấn quản lý-Chi tiết : Dịch vụ tư vấn quản lý ( trừ tư vấn tài chính , kế toán , pháp luật );9511: Sửa chữa máy vi tính và thiết bị ngoại vi-;9512: Sửa chữa th",internet
316332876,CÔNG TY TNHH W GENERATION,CÔNG TY TNHH W GENERATION,Công ty trách nhiệm hữu hạn hai thành viên trở lên,"408 Phạm Thái Bường, Phường Tân Phong, Quận 7, Thành phố Hồ Chí Minh, Việt Nam",Quận 7,"5630: Dịch vụ phục vụ đồ uống-Chi tiết: Quán cà phê (trừ hoạt động quán bar và quán giải khát có khiêu vũ) (CPC 643); 7020: Hoạt động tư vấn quản lý-(trừ tư vấn kế toán, pháp luật) (CPC 865); 4933: Vậ",internet
316344889,CÔNG TY TNHH THƯƠNG MẠI DỊCH VỤ 3BC,CÔNG TY TNHH THƯƠNG MẠI DỊCH V,Công ty trách nhiệm hữu hạn hai thành viên trở lên,"22 Đường 37, Khu phố 2, Phường Tân Phong, Quận 7, Thành phố Hồ Chí Minh, Việt Nam",Quận 7,"6619: Hoạt động hỗ trợ dịch vụ tài chính chưa được phân vào đâu-Chi tiết: Hoạt động tư vấn đầu tư (trừ tư vấn tài chính, kế toán).;7020: Hoạt động tư vấn quản lý-(trừ tư vấn tài chính, kế toán).;8559:",internet
316354809,CÔNG TY TNHH C&P COSMETIC,CÔNG TY TNHH CP COSMETIC,Công ty trách nhiệm hữu hạn một thành viên,"Số R4-83 Đường Hưng Gia 1, Phường Tân Phong, Quận 7, Thành phố Hồ Chí Minh, Việt Nam",Quận 7,"5229: Hoạt động dịch vụ hỗ trợ khác liên quan đến vận tải-(trừ hóa lỏng khí để vận chuyển và hoạt động liên quan đến vận tải hàng không); 5912: Hoạt động hậu kỳ-(trừ sản xuất phim, phát sóng và không ",internet
316342521,CÔNG TY TNHH MT LOGISTICS,CÔNG TY TNHH MT LOGISTICS,Công ty trách nhiệm hữu hạn hai thành viên trở lên,"Số 7 Đường số 14, Khu đô thị mới Him Lam, Phường Tân Hưng, Quận 7, Thành phố Hồ Chí Minh, Việt Nam",Quận 7,"1701: Sản xuất bột giấy, giấy và bìa-(Không hoạt động tại trụ sở);1702: Sản xuất giấy nhăn, bìa nhăn, bao bì từ giấy và bìa-(Không hoạt động tại trụ sở);6820: Tư vấn, môi giới, đấu giá bất động sản, đ",internet
316359853,CÔNG TY CỔ PHẦN THƯƠNG MẠI VÀ DỊCH VỤ PNS,CÔNG TY CỔ PHẦN THƯƠNG MẠI VÀ ,Công ty cổ phần,"31 Đường Chuyên Dùng 9, Phường Phú Mỹ, Quận 7, Thành phố Hồ Chí Minh, Việt Nam",Quận 7,"5210: Kho bãi và lưu giữ hàng hóa-(Không hoạt động tại trụ sở);4791: Bán lẻ theo yêu cầu đặt hàng qua bưu điện hoặc internet-(trừ bán lẻ bình gas, khí dầu mỏ hóa lỏng LPG, dầu nhớt cặn, vàng miếng, sú",internet
316365085,CÔNG TY CỔ PHẦN ĐẦU TƯ SONAR,CÔNG TY CỔ PHẦN ĐẦU TƯ SONAR,Công ty cổ phần,"1-3 Đường D4, Khu Dân Cư Him Lam, Phường Tân Hưng, Quận 7, Thành phố Hồ Chí Minh, Việt Nam",Quận 7,"4690: Bán buôn tổng hợp-(không tồn trữ hóa chất; trừ bán buôn phế liệu, phế thải kim loại, phi kim loại, khí dầu mỏ hóa lỏng LPG và thực hiện theo Quyết định 64/2009/QĐ-UBND ngày 31/7/2009 của Ủy ban ",internet
316347600,CÔNG TY TNHH THƯƠNG MẠI DỊCH VỤ DHP,CÔNG TY TNHH THƯƠNG MẠI DỊCH V,Công ty trách nhiệm hữu hạn một thành viên,"48 Lý Long Tường, Phường Tân Phong, Quận 7, Thành phố Hồ Chí Minh, Việt Nam",Quận 7,"4690: Bán buôn tổng hợp-(Không tồn trữ hóa chất; trừ bán buôn phế liệu, phế thải kim loại, phi kim loại, khí dầu mỏ hóa lỏng LPD và thực hiện theo Quyết định 64/2009/QĐ-UBND ngày 31/7/2009 của Ủy ban ",internet
316346879,CÔNG TY TNHH ALINKBIZ,CÔNG TY TNHH ALINKBIZ,Công ty trách nhiệm hữu hạn hai thành viên trở lên,"1G Đường Số 17, KP3, Phường Tân Kiểng, Quận 7, Thành phố Hồ Chí Minh, Việt Nam",Quận 7,"4312: Chuẩn bị mặt bằng-;4610: Đại lý, môi giới, đấu giá hàng hóa-(trừ môi giới bất động sản, môi giới bảo hiểm, trừ đấu giá tài sản);4620: Bán buôn nông, lâm sản nguyên liệu (trừ gỗ, tre, nứa) và độn",internet
316371378,CÔNG TY TNHH THƯƠNG MẠI - DỊCH VỤ - DU LỊCH TỔ YẾN,CÔNG TY TNHH THƯƠNG MẠI  DỊCH ,Công ty trách nhiệm hữu hạn hai thành viên trở lên,"Số 58 Đường Lý Long Tường, Phường Tân Phong, Quận 7, Thành phố Hồ Chí Minh, Việt Nam",Quận 7,"5510: Dịch vụ lưu trú ngắn ngày-Chi tiết: Khách sạn, biệt thự du lịch, căn hộ du lịch, nhà nghỉ du lịch, nhà ở có phòng cho khách du lịch thuê.;5610: Nhà hàng và các dịch vụ ăn uống phục vụ lưu động-;",internet
316353869,CÔNG TY CỔ PHẦN CÔNG NGHỆ FIRST AI,CÔNG TY CỔ PHẦN CÔNG NGHỆ FIRS,Công ty cổ phần,"A2 1908 Toà nhà Golden King, 15 Nguyễn Lương Bằng, Phường Tân Phú, Quận 7, Thành phố Hồ Chí Minh, Việt Nam",Quận 7,7310: Quảng cáo-;7320: Nghiên cứu thị trường và thăm dò dư luận-;7212: Nghiên cứu khoa học và phát triển công nghệ trong lĩnh vực khoa học kỹ thuật và công nghệ-;6202: Tư vấn máy vi tính và quản trị h,internet
316370913,CÔNG TY TNHH ĐẦU TƯ THƯƠNG MẠI DỊCH VỤ MIDTOWN HOUSE,CÔNG TY TNHH ĐẦU TƯ THƯƠNG MẠI,Công ty trách nhiệm hữu hạn hai thành viên trở lên,"20/2 Đường Nội Khu, Khu Phố Phú Mỹ Hưng - Midtown, Phường Tân Phú, Quận 7, Thành phố Hồ Chí Minh, Việt Nam",Quận 7,"6810: Kinh doanh bất động sản, quyền sử dụng đất thuộc chủ sở hữu, chủ sử dụng hoặc đi thuê-;6820: Tư vấn, môi giới, đấu giá bất động sản, đấu giá quyền sử dụng đất-Chi tiết: Tư vấn, môi giới bất động",internet
316352167,CÔNG TY TNHH NÔNG SẢN SAFE FARMS VIỆT NAM,CÔNG TY TNHH NÔNG SẢN SAFE FAR,Công ty trách nhiệm hữu hạn hai thành viên trở lên,"40 Đường số 27, Phường Tân Quy, Quận 7, Thành phố Hồ Chí Minh, Việt Nam",Quận 7,"4791: Bán lẻ theo yêu cầu đặt hàng qua bưu điện hoặc internet-(trừ bán lẻ hóa chất, khí dầu mỏ hóa lỏng LPG, dầu nhớt cặn, vàng miếng, súng, đạn loại dùng đi săn hoặc thể thao và tiền kim khí; Thực hi",internet
316376697,CÔNG TY TNHH  CÔ MẬP FASHION,CÔNG TY TNHH  CÔ MẬP FASHION,Công ty trách nhiệm hữu hạn một thành viên,"1328/4 Huỳnh Tấn Phát, Phường Phú Mỹ, Quận 7, Thành phố Hồ Chí Minh, Việt Nam",Quận 7,"4641: Bán buôn vải, hàng may mặc, giày dép-;4649: Bán buôn đồ dùng khác cho gia đình-(Trừ dược phẩm);4669: Bán buôn chuyên doanh khác chưa được phân vào đâu-Chi tiết: Bán buôn phụ liệu may mặc và giày",internet
316365021,CÔNG TY TNHH VV TECHNOLOGIES VIETNAM,CÔNG TY TNHH VV TECHNOLOGIES V,Công ty trách nhiệm hữu hạn một thành viên,"Phòng 4.57, Tầng 4, Khu Officetel Tòa nhà Sunrise City North, Số 27 Nguyễn Hữu Thọ, Phường Tân Hưng, Quận 7, Thành phố Hồ Chí Minh, Việt Nam",Quận 7,"6201: Lập trình máy vi tính-chi tiết: Sản xuất phần mềm;7410: Hoạt động thiết kế chuyên dụng-Chi tiết: Thiết kế đồ họa, thiết kế Website;6190: Hoạt động viễn thông khác-Chi tiết: Dịch vụ tư vấn, thiết",internet
316366836,CÔNG TY TNHH KONNIT GROUP,CÔNG TY TNHH KONNIT GROUP,Công ty trách nhiệm hữu hạn hai thành viên trở lên,"Khu D1, Tầng 14 Toà nhà Golden King, số 15 Nguyễn Lương Bằng, Phường Tân Phú, Quận 7, Thành phố Hồ Chí Minh, Việt Nam",Quận 7,"8560: Dịch vụ hỗ trợ giáo dục-;8559: Giáo dục khác chưa được phân vào đâu-Chi tiết: Dạy kỹ năng đàm thoại. Đào tạo kỹ năng giao tiếp, nói chuyện trước công chúng. Đào tạo kỹ năng sống. Các dịch vụ dạy",internet
316355256,CÔNG TY TNHH ĐẦU TƯ THÔNG TIN VÀ GIÁO DỤC IEG,CÔNG TY TNHH ĐẦU TƯ THÔNG TIN ,Công ty trách nhiệm hữu hạn hai thành viên trở lên,"Số 10, Lâm Văn Bền, Phường Tân Kiểng, Quận 7, Thành phố Hồ Chí Minh, Việt Nam",Quận 7,"6619: Hoạt động hỗ trợ dịch vụ tài chính chưa được phân vào đâu-Chi tiết: Hoạt động tư vấn đầu tư;7020: Hoạt động tư vấn quản lý-( Trừ tư vấn tài chính, kế toán, pháp luật)
Chi tiết: Tư vấn và giúp đỡ",internet
316413606,CÔNG TY TNHH XUẤT NHẬP KHẨU QUỐC TẾ ST,CÔNG TY TNHH XUẤT NHẬP KHẨU QU,Công ty trách nhiệm hữu hạn một thành viên,"829 Huỳnh Tấn Phát, Phường Phú Thuận, Quận 7, Thành phố Hồ Chí Minh, Việt Nam",Quận 7,"0128: Trồng cây gia vị, cây dược liệu, cây hương liệu lâu năm-(không hoạt động tại trụ sở);1030: Chế biến và bảo quản rau quả-(không hoạt động tại trụ sở);1392: Sản xuất hàng dệt sẵn (trừ trang phục)-",internet
316395153,CÔNG TY TNHH PARK&CHOO VINA,CÔNG TY TNHH PARKCHOO VINA,Công ty trách nhiệm hữu hạn một thành viên,"63 Đường số 17, Khu phố Mỹ Thái 2, Phường Tân Phú, Quận 7, Thành phố Hồ Chí Minh, Việt Nam",Quận 7,"8292: Dịch vụ đóng gói-Chi tiết: Đóng gói sản phẩm nông nghiệp dùng để tiêu thụ nội địa và xuất khẩu: bưởi, chanh, cam, xoài, mít, sầu riêng, thanh long, chuối, khoai lang và các loại trái cây, hạt ti",internet
316383542,CÔNG TY TNHH ĐOM ĐÓM 365,CÔNG TY TNHH ĐOM ĐÓM 365,Công ty trách nhiệm hữu hạn hai thành viên trở lên,"45 Đường số 52, Phường Tân Phong, Quận 7, Thành phố Hồ Chí Minh, Việt Nam",Quận 7,"1313: Hoàn thiện sản phẩm dệt-(Không tẩy, nhuộm, hồ, in và không gia công hàng đã qua sử dụng tại trụ sở);9620: Giặt là, làm sạch các sản phẩm dệt và lông thú-(Không tẩy, nhuộm, hồ, in và không gia cô",internet
316399969,CÔNG TY TNHH MOMARI FOOD,CÔNG TY TNHH MOMARI FOOD,Công ty trách nhiệm hữu hạn hai thành viên trở lên,"50 Hưng Thái 1, Phường Tân Phong, Quận 7, Thành phố Hồ Chí Minh, Việt Nam",Quận 7,"4632: Bán buôn thực phẩm-Chi tiết: Thực hiện quyền xuất khẩu, quyền nhập khẩu, quyền phân phối bán buôn các hàng hóa không thuộc danh mục hàng hóa cấm xuất khẩu, cấm nhập khẩu và danh mục hàng hóa khô",internet
316391871,CÔNG TY TNHH THE MINSAN,CÔNG TY TNHH THE MINSAN,Công ty trách nhiệm hữu hạn hai thành viên trở lên,"Tầng 6 số 813 Trần Xuân Soạn , Phường Tân Hưng, Quận 7, Thành phố Hồ Chí Minh, Việt Nam",Quận 7,"4101: Xây dựng nhà để ở-;4102: Xây dựng nhà không để ở-;4311: Phá dỡ-;4663: Bán buôn vật liệu, thiết bị lắp đặt khác trong xây dựng-Chi tiết: Bán buôn xi măng. Bán buôn gạch xây, ngói, đá, cát, sỏi; B",internet
316409913,CÔNG TY TNHH ĐẦU TƯ GIA AN PHÁT,CÔNG TY TNHH ĐẦU TƯ GIA AN PHÁ,Công ty trách nhiệm hữu hạn một thành viên,"Tầng 8, Số 12 Tân Trào, Phường Tân Phú, Quận 7, Thành phố Hồ Chí Minh, Việt Nam",Quận 7,"0161: Hoạt động dịch vụ trồng trọt-;0162: Hoạt động dịch vụ chăn nuôi-;0163: Hoạt động dịch vụ sau thu hoạch-;1010: Chế biến, bảo quản thịt và các sản phẩm từ thịt-(không hoạt động tại trụ sở);1020: C",internet
316413204,CÔNG TY TNHH TALESUN NEW ENERGY VIỆT NAM,CÔNG TY TNHH TALESUN NEW ENERG,Công ty trách nhiệm hữu hạn một thành viên,"Số 9 đường số 8, lô C7B-02A, Khu đô thị mới Nam Sài Gòn, Phường Tân Phú, Quận 7, Thành phố Hồ Chí Minh, Việt Nam",Quận 7,"4101: Xây dựng nhà để ở-(CPC 512);4211: Xây dựng công trình đường sắt-(CPC 5131);4212: Xây dựng công trình đường bộ-(CPC 513);4221: Xây dựng công trình điện-(CPC 5134);4222: Xây dựng công trình cấp, t",internet
316403252,CÔNG TY TNHH ZENLUXE,CÔNG TY TNHH ZENLUXE,Công ty trách nhiệm hữu hạn hai thành viên trở lên,"27D Nguyễn Văn Quỳ, Khu phố 1, Phường Phú Thuận, Quận 7, Thành phố Hồ Chí Minh, Việt Nam",Quận 7,7911: Đại lý du lịch-;7912: Điều hành tua du lịch-;7990: Dịch vụ đặt chỗ và các dịch vụ hỗ trợ liên quan đến quảng bá và tổ chức tua du lịch-;4632: Bán buôn thực phẩm-Chi tiết: Bán buôn và phân phối c,internet
316445830,CÔNG TY TNHH BẤT ĐỘNG SẢN TRỰC TUYẾN VIMAP,CÔNG TY TNHH BẤT ĐỘNG SẢN TRỰC,Công ty trách nhiệm hữu hạn hai thành viên trở lên,"37 đường 5K, Khu phố 5, Phường Tân Thuận Tây, Quận 7, Thành phố Hồ Chí Minh, Việt Nam",Quận 7,"6201: Lập trình máy vi tính-Chi tiết: Sản xuất phần mềm và lập trình máy vi tính.;4651: Bán buôn máy vi tính, thiết bị ngoại vi và phần mềm-;6190: Hoạt động viễn thông khác-;6209: Hoạt động dịch vụ cô",internet
316450950,CÔNG TY TNHH THE PPD,CÔNG TY TNHH THE PPD,Công ty trách nhiệm hữu hạn hai thành viên trở lên,"197 Huỳnh Tấn Phát, Phường Tân Thuận Đông, Quận 7, Thành phố Hồ Chí Minh, Việt Nam",Quận 7,"0810: Khai thác đá, cát, sỏi, đất sét-;2392: Sản xuất vật liệu xây dựng từ đất sét-(không hoạt động tại trụ sở).;2395: Sản xuất bê tông và các sản phẩm từ bê tông, xi măng và thạch cao-(không hoạt độn",internet
316403277,CÔNG TY TNHH EASY TOTAL SERVICE,CÔNG TY TNHH EASY TOTAL SERVIC,Công ty trách nhiệm hữu hạn hai thành viên trở lên,"12 Phạm Văn Nghị, Khu đô thị Phú Mỹ Hưng, Phường Tân Phong, Quận 7, Thành phố Hồ Chí Minh, Việt Nam",Quận 7,4649: Bán buôn đồ dùng khác cho gia đình-Chi tiết: Bán buôn mỹ phẩm; Bán buôn thiết bị gia đình; Bán buôn các mặt hàng gia dụng (CPC 622); 4669: Bán buôn chuyên doanh khác chưa được phân vào đâu-Chi t,lap top
316421967,CÔNG TY TNHH ĐIỆN PHÚC HOÀNG,CÔNG TY TNHH ĐIỆN PHÚC HOÀNG,Công ty trách nhiệm hữu hạn hai thành viên trở lên,"Số 12 Đường Số 9, Khu Phố 1, Phường Tân Phú, Quận 7, Thành phố Hồ Chí Minh, Việt Nam",Quận 7,"3511: Sản xuất điện-Chi tiết: Sản xuất điện từ năng lượng mặt trời. (trừ truyền tải, điều độ hệ thống điện quốc gia và xây dựng, vận hành thuỷ điện đa mục tiêu, điện hạt nhân);4221: Xây dựng công trìn",internet
316416357,CÔNG TY TNHH ĐẦU TƯ KỸ THUẬT CÔNG NGHỆ H&H,CÔNG TY TNHH ĐẦU TƯ KỸ THUẬT C,Công ty trách nhiệm hữu hạn hai thành viên trở lên,"Số 38 Đường số 6, Khu Đô Thị Him Lam, Phường Tân Hưng, Quận 7, Thành phố Hồ Chí Minh, Việt Nam",Quận 7,"3511: Sản xuất điện-Chi tiết: Sản xuất điện năng lượng mặt trời (không hoạt động tại trụ sở) (trừ truyền tải, điều độ hệ thống điện quốc gia và quản lý lưới điện phân phối, thủy điện đa mục tiêu, điện",internet
316417801,CÔNG TY TNHH TƯ VẤN VÀ ĐẦU TƯ TOÀN CẦU STANLEY,CÔNG TY TNHH TƯ VẤN VÀ ĐẦU TƯ ,Công ty trách nhiệm hữu hạn một thành viên,"Số 18 Đường 41, Phường Tân Phong, Quận 7, Thành phố Hồ Chí Minh, Việt Nam",Quận 7,"4690: Bán buôn tổng hợp-(trừ bán buôn bình gas, khí dầu mỏ hóa lỏng LPG, dầu nhớt cặn, vàng miếng, súng, đạn loại dùng đi săn hoặc thể thao và tiền kim khí; trừ bán buôn hóa chất tại trụ sở; Thực hiện",internet
316466421,CÔNG TY TNHH XUẤT NHẬP KHẨU THƯƠNG MẠI VÀ VẬN TẢI MIỀN NAM 94,CÔNG TY TNHH XUẤT NHẬP KHẨU TH,Công ty trách nhiệm hữu hạn một thành viên,"93/1 Đường số 15 , Phường Tân Thuận Tây, Quận 7, Thành phố Hồ Chí Minh, Việt Nam",Quận 7,"4752: Bán lẻ đồ ngũ kim, sơn, kính và thiết bị lắp đặt khác trong xây dựng trong các cửa hàng chuyên doanh-Chi tiết:
- Bán lẻ đồ ngũ kim trong các cửa hàng chuyên doanh
- Bán lẻ sơn, màu, véc ni trong",internet
316927866,CÔNG TY CỔ PHẦN THƯƠNG MẠI SẢN XUẤT OSPOLA,CÔNG TY CỔ PHẦN THƯƠNG MẠI SẢN,Công ty cổ phần,"163 Huỳnh Tấn Phát, Phường Tân Thuận Đông, Quận 7, Thành phố Hồ Chí Minh, Việt Nam",Quận 7,8130: Dịch vụ chăm sóc và duy trì cảnh quan-;5610: Nhà hàng và các dịch vụ ăn uống phục vụ lưu động-;8121: Vệ sinh chung nhà cửa-;4311: Phá dỡ-;4312: Chuẩn bị mặt bằng-;4321: Lắp đặt hệ thống điện-(tr,internet
316432870,CÔNG TY TNHH CHUYỂN PHÁT NHANH TTC POST,CÔNG TY TNHH CHUYỂN PHÁT NHANH,Công ty trách nhiệm hữu hạn một thành viên,"Số 41/20 đường Huỳnh Tấn Phát, Khu phố 1, Phường Bình Thuận, Quận 7, Thành phố Hồ Chí Minh, Việt Nam",Quận 7,"5320: Chuyển phát-chi tiết: chuyển phát trong phạm vi nội tỉnh, liên tỉnh (chỉ hoạt động khi có đủ điều kiện kinh doanh theo quy định của phát luật);4933: Vận tải hàng hóa bằng đường bộ-chi tiết: vận ",internet
316468771,CÔNG TY TNHH QUADVIC,CÔNG TY TNHH QUADVIC,Công ty trách nhiệm hữu hạn một thành viên,"793/6/6a2 Trần Xuân Soạn, Phường Tân Hưng, Quận 7, Thành phố Hồ Chí Minh, Việt Nam",Quận 7,"4741: Bán lẻ máy vi tính, thiết bị ngoại vi, phần mềm và thiết bị viễn thông trong các cửa hàng chuyên doanh-;4742: Bán lẻ thiết bị nghe nhìn trong các cửa hàng chuyên doanh-;4753: Bán lẻ thảm, đệm, c",internet
316426228,CÔNG TY TNHH WEAUTOMATE,CÔNG TY TNHH WEAUTOMATE,Công ty trách nhiệm hữu hạn một thành viên,"1041/62/166 Đường Trần Xuân Soạn, Khu phố 5, Phường Tân Hưng, Quận 7, Thành phố Hồ Chí Minh, Việt Nam",Quận 7,7212: Nghiên cứu khoa học và phát triển công nghệ trong lĩnh vực khoa học kỹ thuật và công nghệ-;8299: Hoạt động dịch vụ hỗ trợ kinh doanh khác còn lại chưa được phân vào đâu-Chi tiết: Xuất nhập khẩu ,internet
316413194,CÔNG TY TNHH TÔI LÀM NÔNG,CÔNG TY TNHH TÔI LÀM NÔNG,Công ty trách nhiệm hữu hạn một thành viên,"22 Đường Số 11, Phường Tân Kiểng, Quận 7, Thành phố Hồ Chí Minh, Việt Nam",Quận 7,"5510: Dịch vụ lưu trú ngắn ngày-Chi tiết: khách sạn, biệt thự du lịch, căn hộ du lịch, nhà nghỉ du lịch, nhà ở có phòng cho khách du lịch thuê;5610: Nhà hàng và các dịch vụ ăn uống phục vụ lưu động-;5",internet
316413807,CÔNG TY TNHH ALOOME VIỆT NAM,CÔNG TY TNHH ALOOME VIỆT NAM,Công ty trách nhiệm hữu hạn một thành viên,"197 Huỳnh Tấn Phát , Phường Tân Thuận Đông, Quận 7, Thành phố Hồ Chí Minh, Việt Nam",Quận 7,"4634: Bán buôn sản phẩm thuốc lá, thuốc lào-(thực hiện theo quyết định 64/2009/QĐ-UBND ngày 31/7/2009 và quyết định 79/2009/QĐ-UBND ngày 17/10/2009 của UBND TPHCM về phê duyệt kinh doanh nông sản thực",internet
316446094,CÔNG TY TNHH MỘT THÀNH VIÊN NĂNG LƯỢNG TNS,CÔNG TY TNHH MỘT THÀNH VIÊN NĂ,Công ty trách nhiệm hữu hạn một thành viên,"108/40/20A Lê Văn Lương, Phường Tân Hưng, Quận 7, Thành phố Hồ Chí Minh, Việt Nam",Quận 7,"4799: Bán lẻ hình thức khác chưa được phân vào đâu-Chi tiết: Bán lẻ pin năng lượng mặt trời, máy nước nóng năng lượng mặt trời, máy phát điện năng lượng mặt trời, máy biến thế năng lượng mặt trời, thi",internet
316496722,CÔNG TY TNHH TONY AUDIO TECHNOLOGY,CÔNG TY TNHH TONY AUDIO TECHNO,Công ty trách nhiệm hữu hạn một thành viên,"40 Đường số 7, Phường Tân Kiểng, Quận 7, Thành phố Hồ Chí Minh, Việt Nam",Quận 7,1811: In ấn-;1812: Dịch vụ liên quan đến in-;1820: Sao chép bản ghi các loại-;2630: Sản xuất thiết bị truyền thông-(không hoạt động tại trụ sở).;3290: Sản xuất khác chưa được phân vào đâu-Chi tiết: Sả,technology
316462339,DOANH NGHIỆP TƯ NHÂN PASA TRẦN,DOANH NGHIỆP TƯ NHÂN PASA TRẦN,Doanh nghiệp tư nhân,"861/72/11/45B Trần Xuân Soạn, Phường Tân Hưng, Quận 7, Thành phố Hồ Chí Minh, Việt Nam",Quận 7,"3240: Sản xuất đồ chơi, trò chơi-(không sản xuất đồ chơi có hại cho giáo dục nhân cách, sức khoẻ của trẻ em hoặc ảnh hưởng đến an ninh trật tự, an toàn xã hội);3290: Sản xuất khác chưa được phân vào đ",internet
316507692,CÔNG TY TNHH SX TM DV HT TECHNOLOGY,CÔNG TY TNHH SX TM DV HT TECHN,Công ty trách nhiệm hữu hạn một thành viên,"1333/29 Lê Thị Chợ, Phường Phú Thuận, Quận 7, Thành phố Hồ Chí Minh, Việt Nam",Quận 7,"1811: In ấn-(trừ in trên các sản phẩm vải sợi, dệt, may, đan và in tráng bao bì kim loại tại trụ sở);1812: Dịch vụ liên quan đến in-;1820: Sao chép bản ghi các loại-;3312: Sửa chữa máy móc, thiết bị-(",internet
316457385,CÔNG TY TNHH BÌNH ĐIỀN ONLINE,CÔNG TY TNHH BÌNH ĐIỀN ONLINE,Công ty trách nhiệm hữu hạn hai thành viên trở lên,"232-234 Huỳnh Tấn Phát, Phường Tân Thuận Tây, Quận 7, Thành phố Hồ Chí Minh, Việt Nam",Quận 7,"4791: Bán lẻ theo yêu cầu đặt hàng qua bưu điện hoặc internet-(trừ bán lẻ bình gas, súng, đạn loại dùng đi săn hoặc thể thao, tiền kim khí và mua bán vàng miếng; thực hiện theo Quyết định 64/2009/QĐ-U",internet
316458364,CÔNG TY TNHH TÒ MÒ QUÁ,CÔNG TY TNHH TÒ MÒ QUÁ,Công ty trách nhiệm hữu hạn một thành viên,"M2-1.04 Jamona City 772 Đào Trí, Phường Phú Thuận, Quận 7, Thành phố Hồ Chí Minh, Việt Nam",Quận 7,"4711: Bán lẻ lương thực, thực phẩm, đồ uống, thuốc lá, thuốc lào chiếm tỷ trọng lớn trong các cửa hàng kinh doanh tổng hợp-Chi tiết: Thực hiện quyền phân phối bán lẻ các hàng hóa không thuộc danh mục ",internet
316473482,CÔNG TY TNHH CÁNH CỬA NGHỆ THUẬT - ART DOOR,CÔNG TY TNHH CÁNH CỬA NGHỆ THU,Công ty trách nhiệm hữu hạn một thành viên,"T1-A03a.18, Tầng 3A, Khối Officetel, Số 35/12 Bế Văn Cấm, Phường Tân Kiểng, Quận 7, Thành phố Hồ Chí Minh, Việt Nam",Quận 7,4722: Bán lẻ thực phẩm trong các cửa hàng chuyên doanh-(Thực hiện theo Quyết định số 64/2009/QĐ-UBND ngày 31/7/2009 và Quyết định số 79/2009/QĐ-UBND ngày 17/10/2009 của UBND TP. HCM về phê duyệt quy h,internet
316465139,CÔNG TY TNHH CÔNG NGHỆ DƯỢC PHẨM GALI - USA,CÔNG TY TNHH CÔNG NGHỆ DƯỢC PH,Công ty trách nhiệm hữu hạn một thành viên,"Số 107 Đường Số 40, Phường Tân Phong, Quận 7, Thành phố Hồ Chí Minh, Việt Nam",Quận 7,"4632: Bán buôn thực phẩm-Chi tiết: Bán buôn thực phẩm chức năng, thực phẩm dinh dưỡng.;4649: Bán buôn đồ dùng khác cho gia đình-Chi tiết: Bán buôn vali, cặp, túi, ví, hàng da và giả da khác; Bán buôn ",internet
316475257,CÔNG TY TNHH VIỆT NAM CONSULTING LAB,CÔNG TY TNHH VIỆT NAM CONSULTI,Công ty trách nhiệm hữu hạn một thành viên,"B 17-04, tầng 17 Sunrise Cityview, 33 đường Nguyễn Hữu Thọ, Phường Tân Hưng, Quận 7, Thành phố Hồ Chí Minh, Việt Nam",Quận 7,6202: Tư vấn máy vi tính và quản trị hệ thống máy vi tính-; 6209: Hoạt động dịch vụ công nghệ thông tin và dịch vụ khác liên quan đến máy vi tính-; 6201: Lập trình máy vi tính-; 7020: Hoạt động tư vấn,internet
316472506,CÔNG TY TNHH GOLDEN ROAD,CÔNG TY TNHH GOLDEN ROAD,Công ty trách nhiệm hữu hạn một thành viên,"7 Đường số 30, Lô A Khu định cư Tân Quy Đông, Khu phố 2, Phường Tân Phong, Quận 7, Thành phố Hồ Chí Minh, Việt Nam",Quận 7,"1010: Chế biến, bảo quản thịt và các sản phẩm từ thịt-(không giết mổ gia súc, gia cầm tại trụ sở);1020: Chế biến, bảo quản thuỷ sản và các sản phẩm từ thuỷ sản-(không hoạt động tại trụ sở);1030: Chế b",internet
316474574,CÔNG TY TNHH ĐẦU TƯ & NÔNG NGHIỆP UMBRELLA,CÔNG TY TNHH ĐẦU TƯ  NÔNG NGHI,Công ty trách nhiệm hữu hạn một thành viên,"Số 72  Đường 48  , Phường Tân Phong, Quận 7, Thành phố Hồ Chí Minh, Việt Nam",Quận 7,"4649: Bán buôn đồ dùng khác cho gia đình-Chi tiết :  Bán buôn   dụng cụ y tế, bán buôn khẩu trang y tế ,găng tay y tế , đồ bảo hộ kháng khuẩn;4652: Bán buôn thiết bị và linh kiện điện tử, viễn thông-;",internet
316456977,CÔNG TY TNHH ĐẦU TƯ HT SOLAR,CÔNG TY TNHH ĐẦU TƯ HT SOLAR,Công ty trách nhiệm hữu hạn hai thành viên trở lên,"Số 38 Đường số 6, Khu Đô Thị Him Lam, Phường Tân Hưng, Quận 7, Thành phố Hồ Chí Minh, Việt Nam",Quận 7,"3511: Sản xuất điện-Chi tiết: Sản xuất điện năng lượng mặt trời (không hoạt động tại trụ sở);4221: Xây dựng công trình điện-(doanh nghiệp không cung cấp hàng hóa, dịch vụ thuộc độc quyền nhà nước tron",internet
316452852,CÔNG TY TNHH THƯƠNG MẠI TỔNG HỢP SẢN XUẤT BAO BÌ NAM SƠN,CÔNG TY TNHH THƯƠNG MẠI TỔNG H,Công ty trách nhiệm hữu hạn một thành viên,"Số 4 Đường 38, Phường Tân Quy, Quận 7, Thành phố Hồ Chí Minh, Việt Nam",Quận 7,5222: Hoạt động dịch vụ hỗ trợ trực tiếp cho vận tải đường thủy-(trừ hóa lỏng khí để vận chuyển); 5224: Bốc xếp hàng hóa-; 5610: Nhà hàng và các dịch vụ ăn uống phục vụ lưu động-; 5621: Cung cấp dịch ,internet
316486643,CÔNG TY TNHH GU-DECOR,CÔNG TY TNHH GUDECOR,Công ty trách nhiệm hữu hạn một thành viên,"Số 459/8A Nguyễn Thị Thập, Phường Tân Quy, Quận 7, Thành phố Hồ Chí Minh, Việt Nam",Quận 7,7410: Hoạt động thiết kế chuyên dụng-Chi tiết: Hoạt động trang trí nội ngoại thất; Thiết kế đồ họa; thiết kế tranh tượng mỹ thuật;7110: Hoạt động kiến trúc và tư vấn kỹ thuật có liên quan-Chi tiết: Tư,internet
316492608,CÔNG TY CỔ PHẦN NEW RETAIL CPG,CÔNG TY CỔ PHẦN NEW RETAIL CPG,Công ty cổ phần,"Số 313 Đường Nguyễn Thị Thập, Phường Tân Phú, Quận 7, Thành phố Hồ Chí Minh, Việt Nam",Quận 7,"4791: Bán lẻ theo yêu cầu đặt hàng qua bưu điện hoặc internet-(trừ bán lẻ hóa chất, khí dầu mỏ hóa lỏng LPG, dầu nhớt cặn, vàng miếng, súng, đạn loại dùng đi săn hoặc thể thao và tiền kim khí; Thực hi",internet
316478138,CÔNG TY TNHH TƯ VẤN THIẾT KẾ VÀ PHÁT TRIỂN CHUỖI CUNG ỨNG,CÔNG TY TNHH TƯ VẤN THIẾT KẾ V,Công ty trách nhiệm hữu hạn một thành viên,"11M Đường số 9M, Cư xá Ngân Hàng, Phường Tân Thuận Tây, Quận 7, Thành phố Hồ Chí Minh, Việt Nam",Quận 7,"7320: Nghiên cứu thị trường và thăm dò dư luận-(trừ dịch vụ điều tra và các loại thông tin nhà nước cấm);4791: Bán lẻ theo yêu cầu đặt hàng qua bưu điện hoặc internet-(trừ tồn trữ hóa chất tại trụ sở,",internet
316480803,CÔNG TY TNHH PHẠM PRODUCTION,CÔNG TY TNHH PHẠM PRODUCTION,Công ty trách nhiệm hữu hạn hai thành viên trở lên,"31 Đường số 3, Khu phố 3, Phường Tân Kiểng, Quận 7, Thành phố Hồ Chí Minh, Việt Nam",Quận 7,"4632: Bán buôn thực phẩm-(không hoạt động tại trụ sở);4649: Bán buôn đồ dùng khác cho gia đình-(trừ kinh doanh dược phẩm);4772: Bán lẻ thuốc, dụng cụ y tế, mỹ phẩm và vật phẩm vệ sinh trong các cửa hà",internet
316479300,CÔNG TY TNHH  WORLD BRIDGE,CÔNG TY TNHH  WORLD BRIDGE,Công ty trách nhiệm hữu hạn một thành viên,"8 Đường Đô Đốc Tuyết, Khu phố Mỹ Giang 1, Phú Mỹ Hưng, Phường Tân Phong, Quận 7, Thành phố Hồ Chí Minh, Việt Nam",Quận 7,"4772: Bán lẻ thuốc, dụng cụ y tế, mỹ phẩm và vật phẩm vệ sinh trong các cửa hàng chuyên doanh-Chi tiết: Bán lẻ dụng cụ ý tế, mỹ phẩm và vật phẩm vệ sinh trong các cửa hàng chuyên doanh (CPC 632); 4641",internet
316497236,CÔNG TY TNHH ĐẦU TƯ THƯƠNG MẠI V-COOK,CÔNG TY TNHH ĐẦU TƯ THƯƠNG MẠI,Công ty trách nhiệm hữu hạn một thành viên,"63/81 Lưu Trọng Lư , Phường Tân Thuận Đông, Quận 7, Thành phố Hồ Chí Minh, Việt Nam",Quận 7,"1811: In ấn--(trừ in tráng bao bì kim loại, in trên sản phẩm vải, sợi, dệt, may đan tại trụ sở).;1812: Dịch vụ liên quan đến in-chi tiết: Cắt, dán băng rôn, chữ nổi;3290: Sản xuất khác chưa được phân ",internet
316505864,CÔNG TY TNHH XUẤT NHẬP KHẨU & DỊCH VỤ EULIMEX,CÔNG TY TNHH XUẤT NHẬP KHẨU  D,Công ty trách nhiệm hữu hạn một thành viên,"Phòng D1 Tầng 14 tòa nhà Golden King, Số 15 Nguyễn Lương Bằng, Phường Tân Phú, Quận 7, Thành phố Hồ Chí Minh, Việt Nam",Quận 7,"4799: Bán lẻ hình thức khác chưa được phân vào đâu-(trừ bán lẻ bình gas, hóa chất, súng, đạn loại dùng đi săn hoặc thể thao và tiền kim khí và thực hiện theo Quyết định 64/2009/QĐ-UBND ngày 31/7/2009 ",internet
316508801,CÔNG TY TNHH SKY INTERNATIONAL,CÔNG TY TNHH SKY INTERNATIONAL,Công ty trách nhiệm hữu hạn một thành viên,"92-94-96 Hà Huy Tập - Khu Nam Thiên I, Phường Tân Phong, Quận 7, Thành phố Hồ Chí Minh, Việt Nam",Quận 7,5621: Cung cấp dịch vụ ăn uống theo hợp đồng không thường xuyên với khách hàng-Chi tiết: Dịch vụ cung cấp thức ăn (CPC 642) và đồ uống (CPC 643);5629: Dịch vụ ăn uống khác-Chi tiết: Dịch vụ cung cấp t,internet
316500400,CÔNG TY TNHH TÂM HỒN ĐẸP,CÔNG TY TNHH TÂM HỒN ĐẸP,Công ty trách nhiệm hữu hạn một thành viên,"1041/34 Trần Xuân Soạn, Phường Tân Hưng, Quận 7, Thành phố Hồ Chí Minh, Việt Nam",Quận 7,"4620: Bán buôn nông, lâm sản nguyên liệu (trừ gỗ, tre, nứa) và động vật sống-Chi tiết: Bán buôn nông sản. (không hoạt động tại trụ sở);4632: Bán buôn thực phẩm-Chi tiết : Bán buôn thịt và các sản phẩm",internet
316514227,CÔNG TY TNHH  ANA SOFTWARE SOLUTIONS,CÔNG TY TNHH  ANA SOFTWARE SOL,Công ty trách nhiệm hữu hạn một thành viên,"Số 197 Huỳnh Tấn Phát, Phường Tân Thuận Đông, Quận 7, Thành phố Hồ Chí Minh, Việt Nam",Quận 7,"7020: Hoạt động tư vấn quản lý-(trừ tư vấn tài chính, kế toán, pháp luật);7310: Quảng cáo-;7320: Nghiên cứu thị trường và thăm dò dư luận-(trừ các loại thông tin Nhà nước cấm và dịch vụ điều tra);6311",software
316523750,CÔNG TY TNHH THƯƠNG MẠI DỊCH VỤ MỸ QUÝ,CÔNG TY TNHH THƯƠNG MẠI DỊCH V,Công ty trách nhiệm hữu hạn một thành viên,"170A Tân Mỹ, Khu phố 4, Phường Tân Thuận Tây, Quận 7, Thành phố Hồ Chí Minh, Việt Nam",Quận 7,"4669: Bán buôn chuyên doanh khác chưa được phân vào đâu-chi tiết: bán buôn nguyên liệu và sản phẩm cao su; sản phẩm bằng inox, nhôm, thép, giấy in, giấy nhám, giấy nhăn, decan, giấy trang trí, giấy là",internet
316506508,CÔNG TY TNHH THƯƠNG MẠI DỊCH VỤ ĐẦU TƯ VŨ NAM ANH,CÔNG TY TNHH THƯƠNG MẠI DỊCH V,Công ty trách nhiệm hữu hạn một thành viên,"1041/62/208  Trần Xuân Soạn, khu phố 6, Phường Tân Hưng, Quận 7, Thành phố Hồ Chí Minh, Việt Nam",Quận 7,"4541: Bán mô tô, xe máy-Chi tiết: Bán buôn, Bán lẻ mô tô, xe máy, xe đạp điện;4511: Bán buôn ô tô và xe có động cơ khác-Chi tiết: Bán buôn ô tô con;4542: Bảo dưỡng và sửa chữa mô tô, xe máy-Chi tiết: ",internet
316525959,CÔNG TY TNHH THƯƠNG MẠI DỊCH VỤ NHẬT DOANH,CÔNG TY TNHH THƯƠNG MẠI DỊCH V,Công ty trách nhiệm hữu hạn một thành viên,"79/5 Lâm Văn Bền, Phường Tân Thuận Tây, Quận 7, Thành phố Hồ Chí Minh, Việt Nam",Quận 7,"4669: Bán buôn chuyên doanh khác chưa được phân vào đâu-chi tiết: bán buôn nguyên liệu và sản phẩm cao su; sản phẩm bằng inox, nhôm, thép, giấy in, giấy nhám, giấy nhăn, decan, giấy trang trí, giấy là",internet
316525236,CÔNG TY TNHH DONGDAEMUN,CÔNG TY TNHH DONGDAEMUN,Công ty trách nhiệm hữu hạn một thành viên,"A5.17, Sunrise Cityview số 33 đường Nguyễn Hữu Thọ, Phường Tân Hưng, Quận 7, Thành phố Hồ Chí Minh, Việt Nam",Quận 7,"5229: Hoạt động dịch vụ hỗ trợ khác liên quan đến vận tải-Chi tiết: Đại lý vận tải hàng hóa (CPC 7480); 4649: Bán buôn đồ dùng khác cho gia đình-(CPC 622); 4653: Bán buôn máy móc, thiết bị và phụ tùng",internet
316530412,CÔNG TY TNHH  SẢN XUẤT THƯƠNG MẠI CÔNG LIÊM,CÔNG TY TNHH  SẢN XUẤT THƯƠNG ,Công ty trách nhiệm hữu hạn một thành viên,"236/23 Nguyễn Văn Linh , Phường Tân Thuận Tây, Quận 7, Thành phố Hồ Chí Minh, Việt Nam",Quận 7,"4669: Bán buôn chuyên doanh khác chưa được phân vào đâu-Chi tiết: Bán buôn khuôn nhựa và các sản phẩm bằng nhựa. Bán buôn giấy, hạt nhựa. Bán buôn phụ liệu ngành may mặc, giày dép. Bán buôn phế liệu (",internet
316510800,CÔNG TY CỔ PHẦN ĐỈNH SAPA,CÔNG TY CỔ PHẦN ĐỈNH SAPA,Công ty cổ phần,"116 Phạm Hữu Lầu, KP2, Phường Phú Mỹ, Quận 7, Thành phố Hồ Chí Minh, Việt Nam",Quận 7,"4773: Bán lẻ hàng hóa khác mới trong các cửa hàng chuyên doanh-Chi tiết: Bán lẻ kính mắt: Kính cận, kính viễn, kính râm, kính chống bụi... kể cả hoạt động đo thị lực, mài, lắp kính phục vụ cho bán lẻ ",internet
316502895,CÔNG TY TNHH DV TM XĂNG DẦU QUANG LIÊM,CÔNG TY TNHH DV TM XĂNG DẦU QU,Công ty trách nhiệm hữu hạn một thành viên,"27 Trần Xuân Soạn, Phường Tân Hưng, Quận 7, Thành phố Hồ Chí Minh, Việt Nam",Quận 7,"6619: Hoạt động hỗ trợ dịch vụ tài chính chưa được phân vào đâu-Chi tiết: tư vấn đầu tư (trừ tư vấn tài chính, kế toán, pháp luật);7020: Hoạt động tư vấn quản lý-(trừ tư vấn tài chính, kế",internet
316506272,CÔNG TY TNHH GLOBAL HANFOOD,CÔNG TY TNHH GLOBAL HANFOOD,Công ty trách nhiệm hữu hạn một thành viên,"Số 57-59 Hà Huy Tập, Khu Nam Long 2, Phường Tân Phong, Quận 7, Thành phố Hồ Chí Minh, Việt Nam",Quận 7,"4632: Bán buôn thực phẩm-Chi tiết: Bán buôn sữa và các sản phẩm sữa, bánh kẹo và các sản phẩm chế biến từ ngũ cốc, bột, tinh bột. Bán buôn thịt và các sản phẩm từ thịt; bán buôn thủy hải sản; bán buôn",internet
316521425,CÔNG TY TNHH GIẢI PHÁP KINH DOANH VÀ BÁN LẺ CATC,CÔNG TY TNHH GIẢI PHÁP KINH DO,Công ty trách nhiệm hữu hạn một thành viên,"104 Đường D1, Khu đô thị mới HimLam, Phường Tân Hưng, Quận 7, Thành phố Hồ Chí Minh, Việt Nam",Quận 7,"4632: Bán buôn thực phẩm-Chi tiết: Bán buôn thịt và các sản phẩm từ thịt (không hoạt động tại trụ sở); Bán buôn thủy sản (không hoạt động tại trụ sở); Bán buôn rau, quả (không hoạt động tại trụ sở); B",internet
316577298,CÔNG TY TNHH ZEAL HOLDING,CÔNG TY TNHH ZEAL HOLDING,Công ty trách nhiệm hữu hạn một thành viên,"Số 30/43 Lâm Văn Bền, Phường Tân Kiểng, Quận 7, Thành phố Hồ Chí Minh, Việt Nam",Quận 7,"4649: Bán buôn đồ dùng khác cho gia đình-Chi tiết: Bán buôn vali, cặp, túi, ví, hàng da và giả da khác; Bán buôn dược phẩm và dụng cụ y tế; Bán buôn nước hoa, hàng mỹ phẩm và chế phẩm vệ sinh (Bán buô",internet
316515774,CÔNG TY TNHH THƯƠNG MẠI CÔNG NGHỆ THT,CÔNG TY TNHH THƯƠNG MẠI CÔNG N,Công ty trách nhiệm hữu hạn hai thành viên trở lên,"1061A Huỳnh Tấn Phát, Phường Phú Thuận, Quận 7, Thành phố Hồ Chí Minh, Việt Nam",Quận 7,"4652: Bán buôn thiết bị và linh kiện điện tử, viễn thông-;4610: Đại lý, môi giới, đấu giá hàng hóa-Chi tiết: Đại lý ký gửi hàng hóa;6201: Lập trình máy vi tính-;4933: Vận tải hàng hóa bằng đường bộ-(t",internet
316532917,CÔNG TY TNHH THƯƠNG MẠI DỊCH VỤ INTERNET TITGAMING,CÔNG TY TNHH THƯƠNG MẠI DỊCH V,Công ty trách nhiệm hữu hạn một thành viên,"95/83 Trần Xuân Soạn, Phường Tân Kiểng, Quận 7, Thành phố Hồ Chí Minh, Việt Nam",Quận 7,6190: Hoạt động viễn thông khác-Chi tiết: Hoạt động của các điểm truy cập internet. Cung cấp dịch vụ trò chơi điện tử công cộng (trừ kinh doanh trò chơi điện tử có thưởng cho người nước ngoài và kinh ,internet
316582308,CÔNG TY TNHH KIM GREEN,CÔNG TY TNHH KIM GREEN,Công ty trách nhiệm hữu hạn một thành viên,"Phòng 4.57, Tầng 4, Khu Officetel Tòa nhà Sunrise City North, Số 27 Nguyễn Hữu Thọ, Phường Tân Hưng, Quận 7, Thành phố Hồ Chí Minh, Việt Nam",Quận 7,"4649: Bán buôn đồ dùng khác cho gia đình-Chi tiết: Thực hiện quyền xuất khẩu, quyền nhập khẩu, quyền phân phối bán buôn các hàng hóa không thuộc danh mục hàng hóa cấm xuất khẩu, cấm nhập khẩu và danh ",internet
316546099,CÔNG TY TNHH GARMIN VIỆT NAM,CÔNG TY TNHH GARMIN VIỆT NAM,Công ty trách nhiệm hữu hạn một thành viên,"Phòng số 2, 3, 4, Lầu 16, Tòa nhà Phú Mỹ Hưng, Số 08, Đường Hoàng Văn Thái, Khu phố 1, Phường Tân Phú, Quận 7, Thành phố Hồ Chí Minh, Việt Nam",Quận 7,"4690: Bán buôn tổng hợp-Chi tiết: Thực hiện quyền xuất khẩu, quyền nhập khẩu, quyền phân phối bán buôn các hàng hóa không thuộc danh mục hàng hóa cấm xuất khẩu, cấm nhập khẩu và danh mục hàng hóa khôn",internet
316534424,CÔNG TY TNHH TH GOLF KOREA,CÔNG TY TNHH TH GOLF KOREA,Công ty trách nhiệm hữu hạn một thành viên,"46/4C Võ Thị Nhờ, Phường Tân Thuận Đông, Quận 7, Thành phố Hồ Chí Minh, Việt Nam",Quận 7,"4632: Bán buôn thực phẩm-Chi tiết: Bán buôn thực phẩm chức năng.;4649: Bán buôn đồ dùng khác cho gia đình-Chi tiết: Bán buôn phụ kiện Golf, nước hoa, hàng mỹ phẩm.;4791: Bán lẻ theo yêu cầu đặt hàng q",internet
316535315,CÔNG TY TNHH MỘT THÀNH VIÊN BAO BÌ TTC,CÔNG TY TNHH MỘT THÀNH VIÊN BA,Công ty trách nhiệm hữu hạn một thành viên,"11A, đường số 8 Lý Phục Man, Phường Bình Thuận, Quận 7, Thành phố Hồ Chí Minh, Việt Nam",Quận 7,"1811: In ấn-;6201: Lập trình máy vi tính-;4659: Bán buôn máy móc, thiết bị và phụ tùng máy khác-;4669: Bán buôn chuyên doanh khác chưa được phân vào đâu-Chi tiết: Mực in;4649: Bán buôn đồ dùng khác ch",internet
316542182,CÔNG TY TNHH TM DV XD MINH KHANG,CÔNG TY TNHH TM DV XD MINH KHA,Công ty trách nhiệm hữu hạn một thành viên,"502/51A Huỳnh Tấn Phát, Phường Bình Thuận, Quận 7, Thành phố Hồ Chí Minh, Việt Nam",Quận 7,"4773: Bán lẻ hàng hóa khác mới trong các cửa hàng chuyên doanh-(trừ bán lẻ bình gas, khí dầu mỏ hóa lỏng LPG, dầu nhớt cặn, vàng miếng, súng, đạn loại dùng đi săn hoặc thể thao và tiền kim khí; trừ bá",internet
316546927,CÔNG TY TNHH DZUNG HOA ACADEMY,CÔNG TY TNHH DZUNG HOA ACADEMY,Công ty trách nhiệm hữu hạn một thành viên,"52A Mai Văn Vĩnh, Phường Tân Quy, Quận 7, Thành phố Hồ Chí Minh, Việt Nam",Quận 7,"8230: Tổ chức giới thiệu và xúc tiến thương mại-(trừ các hoạt động trong lĩnh vực có sử dụng chất nổ, chất cháy, hóa chất, làm đạo cụ, dụng cụ thực hiện các chương trình văn hóa, nghệ thuật, phim ảnh)",internet
316545024,CÔNG TY TNHH THƯƠNG MẠI HIẾU NGUYÊN-NCN DOOR,CÔNG TY TNHH THƯƠNG MẠI HIẾU N,Công ty trách nhiệm hữu hạn một thành viên,"861/67E Trần Xuân Soạn, Phường Tân Hưng, Quận 7, Thành phố Hồ Chí Minh, Việt Nam",Quận 7,"3319: Sửa chữa thiết bị khác-Chi tiết: Sửa chữa cửa nhôm kính, cửa sắt; cửa cuốn, cửa kéo các loại; cửa nhựa, cửa sổ, khung, mành, rèm; cửa tự động các loại.;4321: Lắp đặt hệ thống điện-(không gia côn",internet
316522309,CÔNG TY TNHH HANKOOK EXPRESS,CÔNG TY TNHH HANKOOK EXPRESS,Công ty trách nhiệm hữu hạn một thành viên,"R4-10-R4-11 Hưng Gia 4, Phường Tân Phong, Quận 7, Thành phố Hồ Chí Minh, Việt Nam",Quận 7,"4763: Bán lẻ thiết bị, dụng cụ thể dục, thể thao trong các cửa hàng chuyên doanh-(CPC 631-632); 4771: Bán lẻ hàng may mặc, giày dép, hàng da và giả da trong các cửa hàng chuyên doanh-Chi tiết: Bán lẻ ",internet
316553593,CÔNG TY TNHH THƯƠNG MẠI ĐẦU TƯ PHÁT TRIỂN XÂY DỰNG M&N,CÔNG TY TNHH THƯƠNG MẠI ĐẦU TƯ,Công ty trách nhiệm hữu hạn một thành viên,"944/47A Huỳnh Tấn Phát, Phường Tân Phú, Quận 7, Thành phố Hồ Chí Minh, Việt Nam",Quận 7,"4659: Bán buôn máy móc, thiết bị và phụ tùng máy khác-Chi tiết: Bán buôn máy móc, thiết bị và phụ tùng máy khác; Bán buôn máy móc, thiết bị và phụ tùng máy khai khoáng, xây dựng; Bán buôn máy móc, thi",internet
316545867,CÔNG TY CỔ PHẦN MỸ PHẨM QUỐC TẾ PHÚ THẮNG,CÔNG TY CỔ PHẦN MỸ PHẨM QUỐC T,Công ty cổ phần,"Số 55 Đường số 6, KDC Him Lam, Phường Tân Hưng, Quận 7, Thành phố Hồ Chí Minh, Việt Nam",Quận 7,"4649: Bán buôn đồ dùng khác cho gia đình-Chi tiết: Bán buôn vali, cặp, túi, ví, hàng da và giả da khác (Bán buôn va li, túi, cặp, túi, ví, thắt lưng, hàng du lịch... bằng da, giả da và bằng các chất l",internet
316602000,CÔNG TY CỔ PHẦN DƯỢC MỸ PHẨM FDA BELYNA,CÔNG TY CỔ PHẦN DƯỢC MỸ PHẨM F,Công ty cổ phần,"Số 02, Đường số 5, Khu nhà nghỉ ngơi và giải trí Sadeco, Phường Tân Phong, Quận 7, Thành phố Hồ Chí Minh, Việt Nam",Quận 7,"2023: Sản xuất mỹ phẩm, xà phòng, chất tẩy rửa, làm bóng và chế phẩm vệ sinh-Chi tiết: Sản xuất mỹ phẩm (không hoạt động tại trụ sở);4772: Bán lẻ thuốc, dụng cụ y tế, mỹ phẩm và vật phẩm vệ sinh trong",internet
316548642,CÔNG TY TNHH THƯƠNG MẠI - DỊCH VỤ TD LAND,CÔNG TY TNHH THƯƠNG MẠI  DỊCH ,Công ty trách nhiệm hữu hạn một thành viên,"109 Trần Trọng Cung, Phường Tân Thuận Đông, Quận 7, Thành phố Hồ Chí Minh, Việt Nam",Quận 7,"4723: Bán lẻ đồ uống trong các cửa hàng chuyên doanh-chi tiết: bán lẻ đồ uống có cồn, đồ uống không cồn trong các cửa hàng chuyên doanh;4772: Bán lẻ thuốc, dụng cụ y tế, mỹ phẩm và vật phẩm vệ sinh tr",internet
316550578,CÔNG TY CỔ PHẦN THƯƠNG MẠI DỊCH VỤ VÀ TỔNG HỢP HƯNG GIA,CÔNG TY CỔ PHẦN THƯƠNG MẠI DỊC,Công ty cổ phần,"114, Đường 41, Phường Tân Quy, Quận 7, Thành phố Hồ Chí Minh, Việt Nam",Quận 7,"4631: Bán buôn gạo, lúa mỳ, hạt ngũ cốc khác, bột mỳ-Chi tiết: Bán buôn gạo (Không hoạt động tại trụ sở);4632: Bán buôn thực phẩm-Chi tiết: Bán buôn sữa và các sản phẩm sữa, các sản ",internet
316565567,CÔNG TY CỔ PHẦN SAKE HOUSE BY VIVA,CÔNG TY CỔ PHẦN SAKE HOUSE BY ,Công ty cổ phần,"64 đường số 65, Phường Tân Phong, Quận 7, Thành phố Hồ Chí Minh, Việt Nam",Quận 7,"7310: Quảng cáo-Chi tiết: 
- Sáng tạo và thực hiện các chiến dịch quảng cáo; sáng tạo và đặt quảng cáo trong báo, tạp chí, đài phát thanh –truyền hình, internet như: bảng lớn. pa-nô, bảng tin, cửa sổ,",internet
316548339,CÔNG TY TNHH NEW ASIAN TRADING AND SERVICES,CÔNG TY TNHH NEW ASIAN TRADING,Công ty trách nhiệm hữu hạn hai thành viên trở lên,"T1-A03a.18, Tầng 3A, Khối Officetel, Số 35/12 Bế Văn Cấm, Phường Tân Kiểng, Quận 7, Thành phố Hồ Chí Minh, Việt Nam",Quận 7,"4719: Bán lẻ khác trong các cửa hàng kinh doanh tổng hợp-Chi tiết: Bản lẻ, xuất nhập khẩu khác trong các cửa hàng kinh doanh tổng hợp (Trừ bán lẻ thuốc lá, thuốc lào, hóa chất, khí dầu mỏ hóa lỏng LPG",internet
316562333,CÔNG TY TNHH CÔNG NGHỆ MỸ PHẨM TỰ NHIÊN DANNYGREEN,CÔNG TY TNHH CÔNG NGHỆ MỸ PHẨM,Công ty trách nhiệm hữu hạn hai thành viên trở lên,"159 Trần Trọng Cung, Khu dân cư Nam Long, Phường Tân Thuận Đông, Quận 7, Thành phố Hồ Chí Minh, Việt Nam",Quận 7,"2023: Sản xuất mỹ phẩm, xà phòng, chất tẩy rửa, làm bóng và chế phẩm vệ sinh-Chi tiết: Sản xuất mỹ phẩm, xà phòng, chất tẩy rửa, làm bóng và chế phẩm vệ sinh từ thiên nhiên; sản xuất, chế biến các chế",internet
316565905,CÔNG TY TNHH DREAMER NETWORK,CÔNG TY TNHH DREAMER NETWORK,Công ty trách nhiệm hữu hạn hai thành viên trở lên,"119 Phạm Thái Bường, Phường Tân Phong, Quận 7, Thành phố Hồ Chí Minh, Việt Nam",Quận 7,"4651: Bán buôn máy vi tính, thiết bị ngoại vi và phần mềm-(CPC: 622); 4652: Bán buôn thiết bị và linh kiện điện tử, viễn thông-(CPC: 622); 4649: Bán buôn đồ dùng khác cho gia đình-Chi tiết:  Bán buôn ",network
316561467,CÔNG TY TNHH ECOM,CÔNG TY TNHH ECOM,Công ty trách nhiệm hữu hạn một thành viên,"1242 Huỳnh Tấn Phát, Phường Tân Phú, Quận 7, Thành phố Hồ Chí Minh, Việt Nam",Quận 7,"6201: Lập trình máy vi tính-;6202: Tư vấn máy vi tính và quản trị hệ thống máy vi tính-;6209: Hoạt động dịch vụ công nghệ thông tin và dịch vụ khác liên quan đến máy vi tính-;6311: Xử lý dữ liệu, cho ",internet
316564080,CÔNG TY TNHH TƯ VẤN MỸ THUẬT VÀ THIẾT KẾ CNTT MAPLE,CÔNG TY TNHH TƯ VẤN MỸ THUẬT V,Công ty trách nhiệm hữu hạn một thành viên,"Số 16 Đường 79, Phường Tân Quy, Quận 7, Thành phố Hồ Chí Minh, Việt Nam",Quận 7,"4322: Lắp đặt hệ thống cấp, thoát nước, hệ thống sưởi và điều hoà không khí-(trừ lắp đặt các thiết bị lạnh (thiết bị cấp đông, kho lạnh, máy đá, điều hòa không khí, làm lạnh nước) sử dụng ga lạnh R22 ",cntt
316576960,CÔNG TY TNHH ZEAL CAPITAL,CÔNG TY TNHH ZEAL CAPITAL,Công ty trách nhiệm hữu hạn một thành viên,"Số 30/43 Lâm Văn Bền, Phường Tân Kiểng, Quận 7, Thành phố Hồ Chí Minh, Việt Nam",Quận 7,"4649: Bán buôn đồ dùng khác cho gia đình-Chi tiết: Bán buôn vali, cặp, túi, ví, hàng da và giả da khác; Bán buôn dược phẩm và dụng cụ y tế; Bán buôn nước hoa, hàng mỹ phẩm và chế phẩm vệ sinh (Bán buô",internet
316575621,CÔNG TY TNHH BẤT ĐỘNG SẢN SKY,CÔNG TY TNHH BẤT ĐỘNG SẢN SKY,Công ty trách nhiệm hữu hạn một thành viên,"R2-24 Hưng Phước 2, Đường Cao Triều Phát, Phú Mỹ Hưng, Phường Tân Phong, Quận 7, Thành phố Hồ Chí Minh, Việt Nam",Quận 7,"4610: Đại lý, môi giới, đấu giá hàng hóa-Chi tiết: Dịch vụ đại lý hoa hồng (CPC 621);4620: Bán buôn nông, lâm sản nguyên liệu (trừ gỗ, tre, nứa) và động vật sống-(không hoạt động tại trụ sở)  (CPC 622",internet
316587320,CÔNG TY TNHH MỘT THÀNH VIÊN - NEW SEA,CÔNG TY TNHH MỘT THÀNH VIÊN  N,Công ty trách nhiệm hữu hạn một thành viên,"R4-54 Hưng Phước 4, Khu phố Phú Mỹ Hưng, , Phường Tân Phong, Quận 7, Thành phố Hồ Chí Minh, Việt Nam",Quận 7,9329: Hoạt động vui chơi giải trí khác chưa được phân vào đâu-Chi tiết: Kinh doanh trò chơi điện tử ( trừ kinh doanh trò chơi có thưởng cho người nước ngoài và trò chơi có thưởng trên mạng internet);6,internet
316930812,CÔNG TY TNHH ADRIVA EXIM,CÔNG TY TNHH ADRIVA EXIM,Công ty trách nhiệm hữu hạn một thành viên,"Phòng 4.57, Tầng 4, Khu Officetel Tòa nhà Sunrise City North, Số 27 Nguyễn Hữu Thọ, Phường Tân Hưng, Quận 7, Thành phố Hồ Chí Minh, Việt Nam",Quận 7,"4781: Bán lẻ lương thực, thực phẩm, đồ uống, thuốc lá, thuốc lào lưu động hoặc tại chợ-Chi tiết: Thực hiện quyền phân phối bán lẻ các hàng hóa theo quy định của pháp luật Việt Nam và các điều ước quốc",internet
316929895,CÔNG TY TNHH THƯƠNG MẠI DỊCH VỤ NGUYỄN PHÚC THỊNH,CÔNG TY TNHH THƯƠNG MẠI DỊCH V,Công ty trách nhiệm hữu hạn hai thành viên trở lên,"1.03 - Tháp M1, Đường N8, Khu dân cư phía Bắc Rạch Bà Bướm, Phường Phú Thuận, Quận 7, Thành phố Hồ Chí Minh, Việt Nam",Quận 7,"4933: Vận tải hàng hóa bằng đường bộ-;4799: Bán lẻ hình thức khác chưa được phân vào đâu-(trừ bán lẻ bình gas, khí dầu mỏ hóa lỏng LPG, dầu nhớt cặn, vàng miếng, súng, đạn loại dùng đi săn hoặc thể th",internet
316593966,CÔNG TY TNHH Y DƯỢC TÂN HƯNG,CÔNG TY TNHH Y DƯỢC TÂN HƯNG,Công ty trách nhiệm hữu hạn hai thành viên trở lên,"209 Đường Số 7, Khu Phố An Hòa 7, Khu Dân Cư Nam Long, Phường Tân Thuận Đông, Quận 7, Thành phố Hồ Chí Minh, Việt Nam",Quận 7,4933: Vận tải hàng hóa bằng đường bộ-(trừ hóa lỏng khí để vận chuyển);7320: Nghiên cứu thị trường và thăm dò dư luận-;7310: Quảng cáo-;8230: Tổ chức giới thiệu và xúc tiến thương mại-(không thực hiện ,internet
316592271,CÔNG TY TNHH DƯỢC MỸ PHẨM MENDA,CÔNG TY TNHH DƯỢC MỸ PHẨM MEND,Công ty trách nhiệm hữu hạn hai thành viên trở lên,"Số 02, Đường Số 5, Khu nhà nghỉ ngơi và giải trí Sadeco, Phường Tân Phong, Quận 7, Thành phố Hồ Chí Minh, Việt Nam",Quận 7,"7990: Dịch vụ đặt chỗ và các dịch vụ hỗ trợ liên quan đến quảng bá và tổ chức tua du lịch-; 4791: Bán lẻ theo yêu cầu đặt hàng qua bưu điện hoặc internet-(trừ bán lẻ khí dầu mỏ hóa lỏng LPG, bình gas,",internet
316626636,CÔNG TY CỔ PHẦN GOPHAR,CÔNG TY CỔ PHẦN GOPHAR,Công ty cổ phần,"675/43 Trần Xuân Soạn, Phường Tân Hưng, Quận 7, Thành phố Hồ Chí Minh, Việt Nam",Quận 7,"4649: Bán buôn đồ dùng khác cho gia đình-Chi tiết: Bán buôn đồ dùng khác cho gia đình;6311: Xử lý dữ liệu, cho thuê và các hoạt động liên quan-;1811: In ấn-Chi tiết: In offset và in lụa trên bao bì (c",internet
316629595,CÔNG TY TNHH BT 59,CÔNG TY TNHH BT 59,Công ty trách nhiệm hữu hạn một thành viên,"422 Nguyễn Thị Thập, Phường Tân Quy, Quận 7, Thành phố Hồ Chí Minh, Việt Nam",Quận 7,"1709: Sản xuất các sản phẩm khác từ giấy và bìa chưa được phân vào đâu--(không hoạt động tại trụ sở);1629: Sản xuất sản phẩm khác từ gỗ; sản xuất sản phẩm từ tre, nứa, rơm, rạ và vật liệu tết bện--(kh",internet
316581086,CÔNG TY TNHH GL CENTRAL,CÔNG TY TNHH GL CENTRAL,Công ty trách nhiệm hữu hạn một thành viên,"Số nhà 15. R4-89 Hưng Gia 1, Phường Tân Phong, Quận 7, Thành phố Hồ Chí Minh, Việt Nam",Quận 7,"4641: Bán buôn vải, hàng may mặc, giày dép-Chi tiết: Bán buôn vải, hàng may sẵn, giày dép; xuất nhập khẩu vải, hàng may sẵn, giày dép (CPC 622); 4620: Bán buôn nông, lâm sản nguyên liệu (trừ gỗ, tre, ",internet
316581551,CÔNG TY TNHH 2TV XSTUDIO,CÔNG TY TNHH 2TV XSTUDIO,Công ty trách nhiệm hữu hạn hai thành viên trở lên,"Số 63 Nguyễn Thị Thập, Phường Tân Hưng, Quận 7, Thành phố Hồ Chí Minh, Việt Nam",Quận 7,"4753: Bán lẻ thảm, đệm, chăn, màn, rèm, vật liệu phủ tường và sàn trong các cửa hàng chuyên doanh-;4651: Bán buôn máy vi tính, thiết bị ngoại vi và phần mềm-Chi tiết: Bán buôn dụng cụ thể dục, thể tha",internet
316601952,CÔNG TY TNHH NEXTHX,CÔNG TY TNHH NEXTHX,Công ty trách nhiệm hữu hạn một thành viên,"Số B21-08 (Khu B, Tầng 21, căn thương mại số 8), chung cư The Golden Star, Số 58B Nguyễn Thị Thập, Phường Bình Thuận, Quận 7, Thành phố Hồ Chí Minh, Việt Nam",Quận 7,6312: Cổng thông tin-Chi tiết: Thiết lập trang thông tin điện tử tổng hợp.;7410: Hoạt động thiết kế chuyên dụng-Chi tiết: Thiết kế website; Hoạt động trang trí nội-ngoại thất (trừ thiết kế công trình ,internet
316601511,CÔNG TY TNHH SEO GA NE,CÔNG TY TNHH SEO GA NE,Công ty trách nhiệm hữu hạn một thành viên,"R3-12 Khu phố Hưng Phước 4, Đường số 6, Phường Tân Phong, Quận 7, Thành phố Hồ Chí Minh, Việt Nam",Quận 7,"5610: Nhà hàng và các dịch vụ ăn uống phục vụ lưu động-;4632: Bán buôn thực phẩm-(Không hoạt động tại trụ sở);4633: Bán buôn đồ uống-;4711: Bán lẻ lương thực, thực phẩm, đồ uống, thuốc lá, thuốc lào c",internet
316642885,CÔNG TY CỔ PHẦN TẬP ĐOÀN ĐẦU TƯ THƯƠNG MẠI VÀ DỊCH VỤ TUẤN HÙNG,CÔNG TY CỔ PHẦN TẬP ĐOÀN ĐẦU T,Công ty cổ phần,"359A Huỳnh Tấn Phát, Phường Tân Thuận Đông, Quận 7, Thành phố Hồ Chí Minh, Việt Nam",Quận 7,4721: Bán lẻ lương thực trong các cửa hàng chuyên doanh-(Thực hiện theo Quyết định số 64/2009/QÐ-UBND ngày 31/07/2009 và Quyết định số 79/2009/QÐ-UBND ngày 17/10/2009 của Ủy Ban Nhân Dân Tp. Hồ Chí Mi,internet
316605971,CÔNG TY TNHH XUẤT NHẬP KHẨU THƯƠNG MẠI DỊCH VỤ SAO MAI,CÔNG TY TNHH XUẤT NHẬP KHẨU TH,Công ty trách nhiệm hữu hạn một thành viên,"1015/68 Huỳnh Tấn Phát, Phường Phú Thuận, Quận 7, Thành phố Hồ Chí Minh, Việt Nam",Quận 7,4721: Bán lẻ lương thực trong các cửa hàng chuyên doanh-(Thực hiện theo quyết định 64/2009/QĐ-UBND ngày 31/7/2009 và quyết định 79/2009/QĐ-UBND ngày 17/10/2009 của UBND TP. HCM về phê duyệt quy hoạch ,internet
316591849,CÔNG TY TNHH THƯƠNG MẠI ĐẦU TƯ VÀ PHÁT TRIỂN AN LẠC,CÔNG TY TNHH THƯƠNG MẠI ĐẦU TƯ,Công ty trách nhiệm hữu hạn một thành viên,"95 Đường 15, Phường Tân Kiểng, Quận 7, Thành phố Hồ Chí Minh, Việt Nam",Quận 7,"4752: Bán lẻ đồ ngũ kim, sơn, kính và thiết bị lắp đặt khác trong xây dựng trong các cửa hàng chuyên doanh-Chi tiết: Bán lẻ xi măng, gạch xây, ngói, đá, cát sỏi, sắt thép và vật liệu xây dựng khác tr",internet
316614158,CÔNG TY TNHH DỊCH VỤ VIỄN THÔNG VNETWORK,CÔNG TY TNHH DỊCH VỤ VIỄN THÔN,Công ty trách nhiệm hữu hạn một thành viên,"Phòng X0-4.59, Tầng 4, Khu Officetel Sunrise City North Tower, 27 Nguyễn Hữu Thọ, Phường Tân Hưng, Quận 7, Thành phố Hồ Chí Minh, Việt Nam",Quận 7,"4659: Bán buôn máy móc, thiết bị và phụ tùng máy khác-Chi tiết: Bán buôn máy móc, thiết bị và phụ tùng máy văn phòng (trừ máy vi tính và thiết bị ngoại vi). Bán buôn máy móc, thiết bị điện, vật liệu đ",internet
316637980,CÔNG TY TNHH THƯƠNG MẠI & DỊCH VỤ MINHPHAT,CÔNG TY TNHH THƯƠNG MẠI  DỊCH ,Công ty trách nhiệm hữu hạn một thành viên,"1225/21 Huỳnh Tấn Phát, Phường Phú Thuận, Quận 7, Thành phố Hồ Chí Minh, Việt Nam",Quận 7,"4659: Bán buôn máy móc, thiết bị và phụ tùng máy khác-Chi tiết: Bán buôn máy móc, thiết bị và phụ tùng máy chế biến cà phê;3312: Sửa chữa máy móc, thiết bị-(không hoạt động tại trụ sở).;4789: Bán lẻ h",internet
316616902,CÔNG TY TNHH BEBOX VIỆT NAM ( BEBOX VIETNAM),CÔNG TY TNHH BEBOX VIỆT NAM  B,Công ty trách nhiệm hữu hạn hai thành viên trở lên,"482-484 Phạm Thái Bường, Phường Tân Phong, Quận 7, Thành phố Hồ Chí Minh, Việt Nam",Quận 7,"6201: Lập trình máy vi tính-;6202: Tư vấn máy vi tính và quản trị hệ thống máy vi tính-;6209: Hoạt động dịch vụ công nghệ thông tin và dịch vụ khác liên quan đến máy vi tính-;6311: Xử lý dữ liệu, cho ",internet
316600109,CÔNG TY TNHH VIETSHINE DIAMOND,CÔNG TY TNHH VIETSHINE DIAMOND,Công ty trách nhiệm hữu hạn hai thành viên trở lên,"1333/32 Huỳnh Tấn Phát, Phường Phú Thuận, Quận 7, Thành phố Hồ Chí Minh, Việt Nam",Quận 7,"3290: Sản xuất khác chưa được phân vào đâu-(trừ Sản Xuất xốp cách nhiệt sử dụng ga R141b, sử dụng polyol trộn sẵn HCFC-141b; vật liệu xây dựng; hóa chất tại trụ sở);3319: Sửa chữa thiết bị khác-;3600:",internet
316601430,CÔNG TY TNHH SẢN XUẤT THƯƠNG MẠI XUẤT NHẬP KHẨU HI GREEN,CÔNG TY TNHH SẢN XUẤT THƯƠNG M,Công ty trách nhiệm hữu hạn hai thành viên trở lên,"719/62 Huỳnh Tấn Phát, Phường Phú Thuận, Quận 7, Thành phố Hồ Chí Minh, Việt Nam",Quận 7,"4799: Bán lẻ hình thức khác chưa được phân vào đâu-(trừ bán lẻ hóa chất, khí dầu mỏ hóa lỏng LPG, dầu nhớt cặn, vàng miếng, súng, đạn loại dùng đi săn hoặc thể thao và tiền kim khí; Thực hiện theo Quy",internet
316663966,CÔNG TY TNHH XÂY DỰNG THƯƠNG MẠI KTC,CÔNG TY TNHH XÂY DỰNG THƯƠNG M,Công ty trách nhiệm hữu hạn một thành viên,"Số 350/1/4I Huỳnh Tấn Phát, Phường Bình Thuận, Quận 7, Thành phố Hồ Chí Minh, Việt Nam",Quận 7,4101: Xây dựng nhà để ở-;4102: Xây dựng nhà không để ở-;4211: Xây dựng công trình đường sắt-;4212: Xây dựng công trình đường bộ-;4311: Phá dỡ-;4312: Chuẩn bị mặt bằng-;4321: Lắp đặt hệ thống điện-(trừ,internet
316605354,CÔNG TY TNHH CÔNG NGHỆ THỊNH ĐỨC,CÔNG TY TNHH CÔNG NGHỆ THỊNH Đ,Công ty trách nhiệm hữu hạn một thành viên,"52/3 Đường 17, Phường Tân Thuận Tây, Quận 7, Thành phố Hồ Chí Minh, Việt Nam",Quận 7,4722: Bán lẻ thực phẩm trong các cửa hàng chuyên doanh-(Thực hiện theo quyết định 64/2009/QĐ-UBND ngày 31/7/2009 và quyết định 79/2009/QĐ-UBND ngày 17/10/2009 của UBND TP. HCM về phê duyệt quy hoạch k,internet
316614736,CÔNG TY TNHH  ĐẦU TƯ THƯƠNG MẠI VÀ DỊCH VỤ TAM THỊNH,CÔNG TY TNHH  ĐẦU TƯ THƯƠNG MẠ,Công ty trách nhiệm hữu hạn hai thành viên trở lên,"120 Đường Tân Mỹ, Phường Tân Thuận Tây, Quận 7, Thành phố Hồ Chí Minh, Việt Nam",Quận 7,"4762: Bán lẻ băng đĩa âm thanh, hình ảnh (kể cả băng, đĩa trắng) trong các cửa hàng chuyên doanh-;4763: Bán lẻ thiết bị, dụng cụ thể dục, thể thao trong các cửa hàng chuyên doanh-;4764: Bán lẻ trò chơ",internet
316645741,CÔNG TY CỔ PHẦN CANG NHẤT KHANG,CÔNG TY CỔ PHẦN CANG NHẤT KHAN,Công ty cổ phần,"187 Đường số 1, Phường Tân Phú, Quận 7, Thành phố Hồ Chí Minh, Việt Nam",Quận 7,"4649: Bán buôn đồ dùng khác cho gia đình-chi tiết: Xuất khẩu, nhập khẩu,  bán buôn thuốc. Bán buôn dụng cụ y tế. Bán buôn nước hoa, hàng mỹ phẩm và chế phẩm vệ sinh;4719: Bán lẻ  k",internet
316621035,CÔNG TY TNHH DỊCH VỤ VẬN TẢI ĐỨC TRINH,CÔNG TY TNHH DỊCH VỤ VẬN TẢI Đ,Công ty trách nhiệm hữu hạn một thành viên,"1G Lâm Văn Bền, Phường Tân Thuận Tây, Quận 7, Thành phố Hồ Chí Minh, Việt Nam",Quận 7,"4659: Bán buôn máy móc, thiết bị và phụ tùng máy khác-Chi tiết: Bán buôn máy móc, thiết bị văn phòng; máy móc, thiết bị và phụ tùng máy khai khoáng, xây dựng; phụ tùng máy nghiền, sàng đá, đồng kẽm, m",internet
316661126,CÔNG TY TNHH ĐẦU TƯ THƯƠNG MẠI DỊCH VỤ KĨ THUẬT THỦY LONG,CÔNG TY TNHH ĐẦU TƯ THƯƠNG MẠI,Công ty trách nhiệm hữu hạn một thành viên,"I2.09 Tòa cao ốc Golden King, Số 15 Nguyễn Lương Bằng, Phường Tân Phú, Quận 7, Thành phố Hồ Chí Minh, Việt Nam",Quận 7,2599: Sản xuất sản phẩm khác bằng kim loại chưa được phân vào đâu-(không hoạt động tại trụ sở);2610: Sản xuất linh kiện điện tử-(không hoạt động tại trụ sở);2620: Sản xuất máy vi tính và thiết bị ngoạ,internet
316633721,CÔNG TY TNHH GREAT ZENITH,CÔNG TY TNHH GREAT ZENITH,Công ty trách nhiệm hữu hạn hai thành viên trở lên,"Tầng 4, Phòng B4.04, 33 Nguyễn Hữu Thọ, Phường Tân Hưng, Quận 7, Thành phố Hồ Chí Minh, Việt Nam",Quận 7,"4791: Bán lẻ theo yêu cầu đặt hàng qua bưu điện hoặc internet-(trừ bán lẻ bình gas, khí dầu mỏ hóa lỏng LPG, dầu nhớt cặn, vàng miếng, súng, đạn loại dùng đi săn hoặc thể thao và tiền kim khí; trừ bán",internet
316636994,CÔNG TY TNHH THƯƠNG MẠI CAO SU HOÀNG KIM,CÔNG TY TNHH THƯƠNG MẠI CAO SU,Công ty trách nhiệm hữu hạn hai thành viên trở lên,"Số 73 Đường 16, Khu dân cư Mỹ Văn, Phường Tân Phú, Quận 7, Thành phố Hồ Chí Minh, Việt Nam",Quận 7,0125: Trồng cây cao su-(không hoạt động tại trụ sở);0163: Hoạt động dịch vụ sau thu hoạch-Chi tiết: Khai thác mũ cao su (không hoạt động tại trụ sở);2013: Sản xuất plastic và cao su tổng hợp dạng nguy,internet
316634757,CÔNG TY TNHH DV TM XNK CK,CÔNG TY TNHH DV TM XNK CK,Công ty trách nhiệm hữu hạn một thành viên,"24 Đường 13, Phường Tân Kiểng, Quận 7, Thành phố Hồ Chí Minh, Việt Nam",Quận 7,"4641: Bán buôn vải, hàng may mặc, giày dép-Chi tiết: Bán buôn vải may màn rèm các loại; Bán buôn màn rèm các loại; Bán buôn vải may ghế sofa , vải nhung, vải von , vải may mặc; Bán buôn thảm lót sàn; ",internet
316648911,CÔNG TY TNHH GIẢI PHÁP TÀI CHÍNH MỚI,CÔNG TY TNHH GIẢI PHÁP TÀI CHÍ,Công ty trách nhiệm hữu hạn một thành viên,"793/20 Khu Phố 4, Đường Trần Xuân Soạn, Phường Tân Hưng, Quận 7, Thành phố Hồ Chí Minh, Việt Nam",Quận 7,"4933: Vận tải hàng hóa bằng đường bộ-chi tiết: Vận tải hàng hóa bằng ô tô loại khác (trừ ô tô chuyên dụng) (trừ hóa lỏng khí để vận chuyển).;6311: Xử lý dữ liệu, cho thuê và các hoạt động liên quan-ch",internet
316627157,CÔNG TY TNHH THƯƠNG MẠI DỊCH VỤ KIẾN TRÚC VẠN HƯNG,CÔNG TY TNHH THƯƠNG MẠI DỊCH V,Công ty trách nhiệm hữu hạn một thành viên,"T1-A03a.18, Tầng 3A, Khối Officetel, Số 35/12 Bế Văn Cấm, Phường Tân Kiểng, Quận 7, Thành phố Hồ Chí Minh, Việt Nam",Quận 7,4101: Xây dựng nhà để ở-;4102: Xây dựng nhà không để ở-;4211: Xây dựng công trình đường sắt-;4212: Xây dựng công trình đường bộ-;4311: Phá dỡ-;4312: Chuẩn bị mặt bằng-;4321: Lắp đặt hệ thống điện-(trừ,internet
316649055,CÔNG TY TNHH THƯƠNG MẠI DỊCH VỤ CG,CÔNG TY TNHH THƯƠNG MẠI DỊCH V,Công ty trách nhiệm hữu hạn hai thành viên trở lên,"Lô thương mại CS8 tầng Trệt lửng, số 03 Block C, Chung cư Florita, Số 83 Đường D4, Khu nhà ở Him Lam, Phường Tân Hưng, Quận 7, Thành phố Hồ Chí Minh, Việt Nam",Quận 7,"1030: Chế biến và bảo quản rau quả-;1075: Sản xuất món ăn, thức ăn chế biến sẵn-Chi tiết: (Trừ giết mổ gia súc, gia cầm);1071: Sản xuất các loại bánh từ bột-;1079: Sản xuất thực phẩm khác chưa được ph",internet
109337393,CÔNG TY CỔ PHẦN FUTURA NĂNG LƯỢNG VÀ XÂY DỰNG,CÔNG TY CỔ PHẦN FUTURA NĂNG LƯ,Công ty cổ phần,"B5-29, Tầng 5, Khối B, Sunrise City View, 33 Nguyễn Hữu Thọ, Phường Tân Hưng, Quận 7, Thành phố Hồ Chí Minh, Việt Nam",Quận 7,4791: Bán lẻ theo yêu cầu đặt hàng qua bưu điện hoặc internet-(Trừ hoạt động đấu giá);4911: Vận tải hành khách đường sắt-;4912: Vận tải hàng hóa đường sắt-;4921: Vận tải hành khách bằng xe buýt trong ,internet
316643656,CÔNG TY TNHH TƯ VẤN THƯƠNG MẠI IDC,CÔNG TY TNHH TƯ VẤN THƯƠNG MẠI,Công ty trách nhiệm hữu hạn một thành viên,"Tầng 1, 197 Huỳnh Tấn Phát, Phường Tân Thuận Đông, Quận 7, Thành phố Hồ Chí Minh, Việt Nam",Quận 7,"6312: Cổng thông tin-Chi tiết: Thiết lập trang thông tin điện tử tổng hợp, dịch vụ cung cấp thông tin kinh tế chuyên ngành, thông tin thị trường; Dịch vụ cung cấp thông tin lên mạng ",internet
316660274,CÔNG TY TNHH VIETEASY,CÔNG TY TNHH VIETEASY,Công ty trách nhiệm hữu hạn một thành viên,"5-1A Phạm Thái Bường, Phường Tân Phong, Quận 7, Thành phố Hồ Chí Minh, Việt Nam",Quận 7,"4791: Bán lẻ theo yêu cầu đặt hàng qua bưu điện hoặc internet-Chi tiết:
– Dịch vụ sàn giao dịch thương mại điện tử
(trừ bán lẻ hóa chất, khí dầu mỏ hóa lỏng LPG, dầu nhớt cặn, vàng miếng, súng, đạn lo",internet
316646583,CÔNG TY TNHH THƯƠNG MẠI ĐIỆN TỬ TÂN NĂNG LƯỢNG,CÔNG TY TNHH THƯƠNG MẠI ĐIỆN T,Công ty trách nhiệm hữu hạn một thành viên,"1/6 Lê Văn Lương, Phường Tân Phong, Quận 7, Thành phố Hồ Chí Minh, Việt Nam",Quận 7,"6311: Xử lý dữ liệu, cho thuê và các hoạt động liên quan-Chi tiết: Xử lý dữ liệu hoàn chỉnh cho khách hàng như: nhập tin, làm sạch dữ liệu, tổng hợp dữ liệu, tạo báo cáo,… từ dữ liệu do khách hàng cun",internet
316653358,CÔNG TY TNHH DỊCH VỤ TRUYỀN THÔNG TIỀN PHONG,CÔNG TY TNHH DỊCH VỤ TRUYỀN TH,Công ty trách nhiệm hữu hạn một thành viên,"Số 124 đường số 39, Phường Tân Quy, Quận 7, Thành phố Hồ Chí Minh, Việt Nam",Quận 7,"1811: In ấn-(trừ in tráng bao bì kim loại, in trên các sản phẩm vải sợi, dệt, may, đan tại trụ sở);1812: Dịch vụ liên quan đến in-;4649: Bán buôn đồ dùng khác cho gia đình-(Trừ kinh doanh dược phẩm)
C",internet
316657602,CÔNG TY TNHH THƯƠNG MẠI DỊCH VỤ KAKA BAKERY,CÔNG TY TNHH THƯƠNG MẠI DỊCH V,Công ty trách nhiệm hữu hạn một thành viên,"Số 26, Đường Hoàng Quốc Việt, Phường Phú Mỹ, Quận 7, Thành phố Hồ Chí Minh, Việt Nam",Quận 7,"1071: Sản xuất các loại bánh từ bột-;1072: Sản xuất đường-;1073: Sản xuất ca cao, sôcôla và bánh kẹo-;1074: Sản xuất mì ống, mỳ sợi và sản phẩm tương tự-;1075: Sản xuất món ăn, thức ăn chế biến sẵn-;4",internet
316659543,CÔNG TY TNHH VIETAMIN,CÔNG TY TNHH VIETAMIN,Công ty trách nhiệm hữu hạn một thành viên,"Số 442 Nguyễn Thị Thập, Phường Tân Quy, Quận 7, Thành phố Hồ Chí Minh, Việt Nam",Quận 7,"4690: Bán buôn tổng hợp-Chi tiết: Thực hiện quyền xuất khẩu, quyền nhập khẩu, quyền phân phối bán buôn (không thành lập cơ sở bán buôn) các hàng hóa không thuộc danh mục hàng hóa cấm xuất khẩu, nhập k",internet
316654231,CÔNG TY TNHH SIGMA GLOBAL,CÔNG TY TNHH SIGMA GLOBAL,Công ty trách nhiệm hữu hạn một thành viên,"Tầng trệt B12, Tòa nhà Phú Mã Dương, Số 79/5 Đường Hoàng Văn Thái, Phường Tân Phú, Quận 7, Thành phố Hồ Chí Minh, Việt Nam",Quận 7,"4652: Bán buôn thiết bị và linh kiện điện tử, viễn thông-Chi tiết: Thực hiện quyền xuất khẩu, quyền nhập khẩu, quyền phân phối bán buôn các hàng hóa không thuộc danh mục hàng hóa cấm xuất khẩu, cấm nh",internet
316117300,CÔNG TY TNHH TELE247 GLOBAL,CÔNG TY TNHH TELE247 GLOBAL,Công ty trách nhiệm hữu hạn một thành viên,"197 Huỳnh Tấn Phát, Phường Tân Thuận Đông, Quận 7, Thành phố Hồ Chí Minh, Việt Nam",Quận 7,"1079: Sản xuất thực phẩm khác chưa được phân vào đâu-Chi tiết: Sản xuất thực phẩm chức năng và thực phẩm tăng cường vi chất dinh dưỡng (không hoạt động tại trụ sở);2023: Sản xuất mỹ phẩm, xà phòng, ch",internet
316126993,CÔNG TY TNHH MINTHACARE,CÔNG TY TNHH MINTHACARE,Công ty trách nhiệm hữu hạn hai thành viên trở lên,"Lầu 1, B11, Số 79/4 Đường Hoàng Văn Thái, Khu TTTM Tài Chính Quốc Tế Phú Mỹ Hưng, Phường Tân Phú, Quận 7, Thành phố Hồ Chí Minh, Việt Nam",Quận 7,4791: Bán lẻ theo yêu cầu đặt hàng qua bưu điện hoặc internet-Chi tiết: Thực hiện phân phối bán lẻ các hàng hóa không thuộc diện cấm phân phối theo quy định của pháp luật Việt Nam hoặc không thuộc diệ,internet
316148436,CÔNG TY TNHH THƯƠNG MẠI DỊCH VỤ MỸ PHẨM TRÍ TÍN,CÔNG TY TNHH THƯƠNG MẠI DỊCH V,Công ty trách nhiệm hữu hạn hai thành viên trở lên,"484 Lê Văn Lương, Phường Tân Phong, Quận 7, Thành phố Hồ Chí Minh, Việt Nam",Quận 7,"4799: Bán lẻ hình thức khác chưa được phân vào đâu-(trừ bán lẻ hóa chất, khí dầu mỏ hóa lỏng LPG, dầu nhớt cặn, vàng miếng, súng, đạn loại dùng đi săn hoặc thể thao và tiền kim khí; Thực hiện theo Quy",internet
316146911,CÔNG TY TNHH DỊCH VỤ ĐẦU TƯ BẤT ĐỘNG SẢN HB LAND,CÔNG TY TNHH DỊCH VỤ ĐẦU TƯ BẤ,Công ty trách nhiệm hữu hạn hai thành viên trở lên,"Số 39 Nguyễn Văn Linh, Khu phố Mỹ Hưng, Khu Phú Mỹ Hưng, Phường Tân Phong, Quận 7, Thành phố Hồ Chí Minh, Việt Nam",Quận 7,"6820: Tư vấn, môi giới, đấu giá bất động sản, đấu giá quyền sử dụng đất-Chi tiết: Tư vấn, môi giới bất động sản (trừ tư vấn mang tính pháp lý);4610: Đại lý, môi giới, đấu giá hàng hóa-Chi tiết: Đại lý",internet
316150153,CÔNG TY CỔ PHẦN CÔNG NGHỆ AGRI-BIO LED VIỆT NAM,CÔNG TY CỔ PHẦN CÔNG NGHỆ AGRI,Công ty cổ phần,"95/11/1B Lê Văn Lương, Tổ 11, Khu phố 1, Phường Tân Kiểng, Quận 7, Thành phố Hồ Chí Minh, Việt Nam",Quận 7,"4669: Bán buôn chuyên doanh khác chưa được phân vào đâu-(trừ bán buôn gas, súng, đạn loại dung đi săn hoặc thể thao và tiền kim khí và thực hiện theo Quyết định 64/2009/QĐ-UBND ngày 31/7/2009 của Ủy b",internet
316169806,CÔNG TY TRÁCH NHIỆM HỮU HẠN THƯƠNG MẠI VÀ DỊCH VỤ LAM CÁT,CÔNG TY TRÁCH NHIỆM HỮU HẠN TH,Công ty trách nhiệm hữu hạn hai thành viên trở lên,"EA2-01-03, Tầng trệt khối đế Block A2, Tòa nhà Era Town, Số 15B Nguyễn Lương Bằng, Phường Phú Mỹ, Quận 7, Thành phố Hồ Chí Minh, Việt Nam",Quận 7,"7320: Nghiên cứu thị trường và thăm dò dư luận-; 7310: Quảng cáo-chi tiết: Tư vấn, dịch vụ sáng tạo, sản xuất các nguyên liệu cho quảng cáo, kế hoạch truyền thông; Sáng tạo và thực hiện các chiến dịch",internet
316170569,CÔNG TY TNHH CÔNG NGHỆ PDOS,CÔNG TY TNHH CÔNG NGHỆ PDOS,Công ty trách nhiệm hữu hạn một thành viên,"607 Đường lê Văn Lương Khu phố 1, Phường Tân Phong, Quận 7, Thành phố Hồ Chí Minh, Việt Nam",Quận 7,"3312: Sửa chữa máy móc, thiết bị-( không gia công cơ khí, tái chế phế thải, xi mạ điện  tại trụ sở);4651: Bán buôn máy vi tính, thiết bị ngoại vi và phần mềm-;4652: Bán buôn thiết bị và linh",internet
316180630,DOANH NGHIỆP TƯ NHÂN YẾN SÀO VIỆT AN,DOANH NGHIỆP TƯ NHÂN YẾN SÀO V,Doanh nghiệp tư nhân,"44 Đường D1, Phường Tân Hưng, Quận 7, Thành phố Hồ Chí Minh, Việt Nam",Quận 7,0149: Chăn nuôi khác-Chi tiết: Nuôi và khai thác tổ chim yến;1079: Sản xuất thực phẩm khác chưa được phân vào đâu-Chi tiết: Chế biến tổ chim yến;4632: Bán buôn thực phẩm-Chi tiết: Bán buôn yến sào và ,internet
316197458,CÔNG TY TNHH SẢN XUẤT THƯƠNG MẠI VÀ DỊCH VỤ GOLD MOON,CÔNG TY TNHH SẢN XUẤT THƯƠNG M,Công ty trách nhiệm hữu hạn một thành viên,"28-30 Đường D1, Khu Đô Thị Mới Him Lam, Phường Tân Hưng, Quận 7, Thành phố Hồ Chí Minh, Việt Nam",Quận 7,"7990: Dịch vụ đặt chỗ và các dịch vụ hỗ trợ liên quan đến quảng bá và tổ chức tua du lịch-;8110: Dịch vụ hỗ trợ tổng hợp-;8121: Vệ sinh chung nhà cửa-(Trừ dịch vụ xông hơi, khử trùng );8130: Dịch vụ c",internet
316204514,CÔNG TY TRÁCH NHIỆM HỮU HẠN VK BROS,CÔNG TY TRÁCH NHIỆM HỮU HẠN VK,Công ty trách nhiệm hữu hạn một thành viên,"Số 20 Mỹ Toàn 1, Phường Tân Phong, Quận 7, Thành phố Hồ Chí Minh, Việt Nam",Quận 7,"4791: Bán lẻ theo yêu cầu đặt hàng qua bưu điện hoặc internet-(trừ bán lẻ hóa chất, khí dầu mỏ hóa lỏng LPG, dầu nhớt cặn, vàng miếng, súng, đạn loại dùng đi săn hoặc thể thao và tiền kim khí; Thực hi",internet
316228748,CÔNG TY TNHH XÂY DỰNG - CƠ ĐIỆN TPC,CÔNG TY TNHH XÂY DỰNG  CƠ ĐIỆN,Công ty trách nhiệm hữu hạn một thành viên,"Số 380/104 Lê Văn Lương, Phường Tân Hưng, Quận 7, Thành phố Hồ Chí Minh, Việt Nam",Quận 7,"4663: Bán buôn vật liệu, thiết bị lắp đặt khác trong xây dựng-;4669: Bán buôn chuyên doanh khác chưa được phân vào đâu-(trừ bán buôn bình gas, khí dầu mỏ hóa lỏng LPG, dầu nhớt cặn, vàng miếng, súng, ",internet
316235223,CÔNG TY TNHH MỸ PHẨM TÂN TIẾN,CÔNG TY TNHH MỸ PHẨM TÂN TIẾN,Công ty trách nhiệm hữu hạn một thành viên,"50 Đường số 30, Phường Tân Phong, Quận 7, Thành phố Hồ Chí Minh, Việt Nam",Quận 7,"4669: Bán buôn chuyên doanh khác chưa được phân vào đâu-(trừ bán buôn bình gas, khí dầu mỏ hóa lỏng LPG, dầu nhớt cặn, vàng miếng, súng, đạn loại dùng đi săn hoặc thể thao và tiền kim khí; trừ bán buô",internet
316245736,CÔNG TY TNHH SẢN XUẤT THƯƠNG MẠI VÀ DỊCH VỤ CAMILA,CÔNG TY TNHH SẢN XUẤT THƯƠNG M,Công ty trách nhiệm hữu hạn một thành viên,"28-30 Đường D1, Khu Đô Thị Mới Him Lam, Phường Tân Hưng, Quận 7, Thành phố Hồ Chí Minh, Việt Nam",Quận 7,"4632: Bán buôn thực phẩm-Chi tiết: Bán buôn hàng thực phẩm (không hoạt động tại trụ sở), bánh gạo, xúc xích, chả cá, thịt nguội, các sản phẩm chế biến từ ngũ cốc, bột , tinh bột, bán buôn thực phẩm kh",internet
316245510,CÔNG TY TNHH SẢN XUẤT THƯƠNG MẠI VÀ DỊCH VỤ M&N LIFE,CÔNG TY TNHH SẢN XUẤT THƯƠNG M,Công ty trách nhiệm hữu hạn một thành viên,"28-30 Đường D1, Khu Đô Thị Mới Him Lam, Phường Tân Hưng, Quận 7, Thành phố Hồ Chí Minh, Việt Nam",Quận 7,"4722: Bán lẻ thực phẩm trong các cửa hàng chuyên doanh-Chi tiết: bản lẻ bánh, các sản phẩm chế biến từ ngũ cốc, bột, tinh bột (Thực hiện theo Quyết định 64/2009/QĐ-UBND ngày 31/07/2009 và Quyết định 7",internet
316251049,CÔNG TY TNHH SẢN XUẤT THƯƠNG MẠI VÀ DỊCH VỤ TOGETHER KOREA,CÔNG TY TNHH SẢN XUẤT THƯƠNG M,Công ty trách nhiệm hữu hạn một thành viên,"28-30 Đường D1, Khu Đô Thị Mới Him Lam, Phường Tân Hưng, Quận 7, Thành phố Hồ Chí Minh, Việt Nam",Quận 7,"7810: Hoạt động của các trung tâm, đại lý tư vấn, giới thiệu và môi giới lao động, việc làm-Chi tiết: Hoạt động môi giới lao động và việc làm (trừ kinh doanh hoạt động cho thuê lại lao động);7911: Đại",internet
316276886,CÔNG TY TNHH TRUYỀN THÔNG VÀ SỰ KIỆN BIGBANG,CÔNG TY TNHH TRUYỀN THÔNG VÀ S,Công ty trách nhiệm hữu hạn một thành viên,"80 Hoàng Quốc Việt, Phường Phú Mỹ, Quận 7, Thành phố Hồ Chí Minh, Việt Nam",Quận 7,"7310: Quảng cáo-;5913: Hoạt động phát hành phim điện ảnh, phim video và chương trình truyền hình-Chi tiết: Hoạt động phát hành phim điện ảnh, phim video (Trừ sản xuất phim, phát sóng) (Không thực hiện",internet
316284823,CÔNG TY TNHH THƯƠNG MẠI DỊCH VỤ ĐẦU TƯ KT BẰNG HỮU,CÔNG TY TNHH THƯƠNG MẠI DỊCH V,Công ty trách nhiệm hữu hạn một thành viên,"123 Đường 51, Phường Tân Quy, Quận 7, Thành phố Hồ Chí Minh, Việt Nam",Quận 7,6201: Lập trình máy vi tính-;6399: Dịch vụ thông tin khác chưa được phân vào đâu-Chi tiết: Các dịch vụ thông tin qua điện thoại; các dịch vụ tìm kiếm thông tin qua hợp đồng hay trên cơ sở phí;6619: Ho,internet
316312735,CÔNG TY TNHH TƯ VẤN THƯƠNG MẠI DỊCH VỤ KHANG PHÚC,CÔNG TY TNHH TƯ VẤN THƯƠNG MẠI,Công ty trách nhiệm hữu hạn một thành viên,"Căn I2, Tầng 18 Tòa Nhà Golden King, Số 15 Nguyễn Lương Bằng, Phường Tân Phú, Quận 7, Thành phố Hồ Chí Minh, Việt Nam",Quận 7,"6820: Tư vấn, môi giới, đấu giá bất động sản, đấu giá quyền sử dụng đất-Chi tiết:  Tư vấn, môi giới bất động sản (trừ tư vấn pháp luật), quản lý bất động sản; sàn giao dịch bất động sản;7310: Quảng cá",internet
316322123,CÔNG TY TNHH DI ĐỘNG & CÔNG NGHỆ HƯNG LONG,CÔNG TY TNHH DI ĐỘNG  CÔNG NGH,Công ty trách nhiệm hữu hạn một thành viên,"645/51D Trần Xuân Soạn, Phường Tân Hưng, Quận 7, Thành phố Hồ Chí Minh, Việt Nam",Quận 7,7912: Điều hành tua du lịch-Chi tiết: Kinh doanh du lịch lữ hành nội địa; 2592: Gia công cơ khí; xử lý và tráng phủ kim loại-(không hoạt động tại trụ sở); 5229: Hoạt động dịch vụ hỗ trợ khác liên quan,lap top
316361443,CÔNG TY TNHH XÂY DỰNG THƯƠNG MẠI VÀ DỊCH VỤ TTNT TIÊN PHONG,CÔNG TY TNHH XÂY DỰNG THƯƠNG M,Công ty trách nhiệm hữu hạn hai thành viên trở lên,"888 Huỳnh Tấn Phát, Phường Tân Phú, Quận 7, Thành phố Hồ Chí Minh, Việt Nam",Quận 7,8129: Vệ sinh công nghiệp và các công trình chuyên biệt-(trừ dịch vụ xông hơi khử trùng);8292: Dịch vụ đóng gói-(trừ sản xuất hóa chất) (trừ đóng gói thuốc bảo vệ thực vật).;8299: Hoạt động dịch vụ hỗ,internet
316366956,CÔNG TY TNHH VEJO,CÔNG TY TNHH VEJO,Công ty trách nhiệm hữu hạn một thành viên,"Số 7, Đường 68, Phường Tân Phong, Quận 7, Thành phố Hồ Chí Minh, Việt Nam",Quận 7,"4649: Bán buôn đồ dùng khác cho gia đình-Chi tiết: Bán buôn dụng cụ y tế. Bán buôn nước hoa, hàng mỹ phẩm và chế phẩm vệ sinh. Bán buôn đồ dùng khác cho gia đình.;4659: Bán buôn máy móc, thiết bị và p",internet
316392145,CÔNG TY TNHH THƯƠNG MẠI VÀ DỊCH VỤ QDTECH PRO,CÔNG TY TNHH THƯƠNG MẠI VÀ DỊC,Công ty trách nhiệm hữu hạn hai thành viên trở lên,"45 đường nhánh Tân Thuận 2, Phường Tân Thuận Tây, Quận 7, Thành phố Hồ Chí Minh, Việt Nam",Quận 7,"7810: Hoạt động của các trung tâm, đại lý tư vấn, giới thiệu và môi giới lao động, việc làm-Chi tiết: Hoạt động của các đại lý tư vấn, giới thiệu và môi giới lao động, việc làm;7820: Cung ứng lao động",internet
316440159,CÔNG TY TNHH ĐẦU TƯ NHÀ VIỆT,CÔNG TY TNHH ĐẦU TƯ NHÀ VIỆT,Công ty trách nhiệm hữu hạn hai thành viên trở lên,"15 Nguyễn Lương Bằng, Phường Tân Phú, Quận 7, Thành phố Hồ Chí Minh, Việt Nam",Quận 7,"4390: Hoạt động xây dựng chuyên dụng khác-Chi tiết: Giám sát thi công công trình dân dụng-công nghiệp: xây dựng và hoàn thiện;4511: Bán buôn ô tô và xe có động cơ khác-;4610: Đại lý, môi giới, đấu giá",internet
316451418,CÔNG TY TNHH TƯ VẤN GIẢI PHÁP THƯƠNG MẠI DỊCH VỤ QUẢNG CÁO KT,CÔNG TY TNHH TƯ VẤN GIẢI PHÁP ,Công ty trách nhiệm hữu hạn một thành viên,"793/28/7/3 Trần Xuân Soạn, Phường Tân Hưng, Quận 7, Thành phố Hồ Chí Minh, Việt Nam",Quận 7,"4610: Đại lý, môi giới, đấu giá hàng hóa-Chi tiết: Đại lý bán hàng hóa; Môi giới mua bán hàng hóa;4651: Bán buôn máy vi tính, thiết bị ngoại vi và phần mềm-;4652: Bán buôn thiết bị và linh kiện điện t",internet
316508262,CÔNG TY CỔ PHẦN CÔNG NGHỆ CỬA VINA,CÔNG TY CỔ PHẦN CÔNG NGHỆ CỬA ,Công ty cổ phần,"Số 86A Đường 79, Phường Tân Quy, Quận 7, Thành phố Hồ Chí Minh, Việt Nam",Quận 7,2610: Sản xuất linh kiện điện tử-(Không hoạt động tại trụ sở);2620: Sản xuất máy vi tính và thiết bị ngoại vi của máy vi tính-(Không hoạt động tại trụ sở);2630: Sản xuất thiết bị truyền thông-(Không h,internet
316503627,CÔNG TY TNHH DỊCH VỤ VÀ ĐÀO TẠO ASW,CÔNG TY TNHH DỊCH VỤ VÀ ĐÀO TẠ,Công ty trách nhiệm hữu hạn hai thành viên trở lên,"197 Huỳnh Tấn Phát, Phường Tân Thuận Đông, Quận 7, Thành phố Hồ Chí Minh, Việt Nam",Quận 7,6209: Hoạt động dịch vụ công nghệ thông tin và dịch vụ khác liên quan đến máy vi tính-Chi tiết: Hoạt động dịch vụ công nghệ thông tin và máy vi tính khác chưa được phân loại vào đâu như: khắc phục các,internet
316540308,CÔNG TY TNHH NÔNG NGHIỆP MINH TRIẾT,CÔNG TY TNHH NÔNG NGHIỆP MINH ,Công ty trách nhiệm hữu hạn một thành viên,"1061A Huỳnh Tấn Phát, Phường Phú Thuận, Quận 7, Thành phố Hồ Chí Minh, Việt Nam",Quận 7,"4773: Bán lẻ hàng hóa khác mới trong các cửa hàng chuyên doanh-(trừ bán lẻ hóa chất, khí dầu mỏ hóa lỏng LPG, dầu nhớt cặn, vàng miếng, súng, đạn loại dùng đi săn hoặc thể thao và tiền kim khí; Thực h",internet
316567846,CÔNG TY TNHH THƯƠNG MẠI DỊCH VỤ TAOTAO,CÔNG TY TNHH THƯƠNG MẠI DỊCH V,Công ty trách nhiệm hữu hạn một thành viên,"80 Đường số 28, Phường Tân Phong, Quận 7, Thành phố Hồ Chí Minh, Việt Nam",Quận 7,4633: Bán buôn đồ uống-;4721: Bán lẻ lương thực trong các cửa hàng chuyên doanh-(thực hiện theo Quyết định số 64/2009/QĐ-UBND ngày 31/07/2009 và Quyết định số 79/2009/QĐ-UBND ngày 17/10/2009 của Ủy Ba,internet
316625110,CÔNG TY TNHH SPRING TECHNOLOGY,CÔNG TY TNHH SPRING TECHNOLOGY,Công ty trách nhiệm hữu hạn một thành viên,"773 đường Trần Xuân Soạn, Phường Tân Hưng, Quận 7, Thành phố Hồ Chí Minh, Việt Nam",Quận 7,"6201: Lập trình máy vi tính-Chi tiết: Sản Xuất Phần Mềm;6202: Tư vấn máy vi tính và quản trị hệ thống máy vi tính-Chi tiết: Dịch vụ liên quan tới lắp đặt phần cứng máy tính, dịch vụ tư vấn phần mềm và",technology
316618762,CÔNG TY TNHH ANH ANH PHAN,CÔNG TY TNHH ANH ANH PHAN,Công ty trách nhiệm hữu hạn một thành viên,"112 Đường 40, Khu dân cư Tân Quy Đông, Phường Tân Phong, Quận 7, Thành phố Hồ Chí Minh, Việt Nam",Quận 7,"4791: Bán lẻ theo yêu cầu đặt hàng qua bưu điện hoặc internet-(Trừ bán lẻ khí dầu mỏ hóa lỏng LPG, bình gas, hóa chất, súng, đạn loại dùng đi săn hoặc thể thao và tiền kim khí và thực hiện theo quyết ",internet
316636747,CÔNG TY TNHH V18 TECHNOLOGY,CÔNG TY TNHH V18 TECHNOLOGY,Công ty trách nhiệm hữu hạn một thành viên,"78/2 Nguyễn Văn Quỳ, Khu phố 1, Phường Phú Thuận, Quận 7, Thành phố Hồ Chí Minh, Việt Nam",Quận 7,7020: Hoạt động tư vấn quản lý-(CPC 865);7320: Nghiên cứu thị trường và thăm dò dư luận-Chi tiết: Dịch vụ nghiên cứu thị trường (Nhà đầu tư không được cung cấp dịch vụ thăm dò ý kiến công chúng có CPC,technology
316646086,CÔNG TY TNHH PHÁT TRIỂN THƯƠNG MẠI DỊCH VỤ XUÂN THÔNG,CÔNG TY TNHH PHÁT TRIỂN THƯƠNG,Công ty trách nhiệm hữu hạn một thành viên,"Tầng 1, Số 197 Huỳnh Tấn Phát, Phường Tân Thuận Đông, Quận 7, Thành phố Hồ Chí Minh, Việt Nam",Quận 7,"4742: Bán lẻ thiết bị nghe nhìn trong các cửa hàng chuyên doanh-;4751: Bán lẻ vải, len, sợi, chỉ khâu và hàng dệt khác trong các cửa hàng chuyên doanh-;4752: Bán lẻ đồ ngũ kim, sơn, kính và thiết bị l",internet
316643769,CÔNG TY TNHH TRÀ ĐÁ ÔNG ĐÙM,CÔNG TY TNHH TRÀ ĐÁ ÔNG ĐÙM,Công ty trách nhiệm hữu hạn một thành viên,"653 LÊ VĂN LƯƠNG , Phường Tân Phong, Quận 7, Thành phố Hồ Chí Minh, Việt Nam",Quận 7,"5610: Nhà hàng và các dịch vụ ăn uống phục vụ lưu động-;5630: Dịch vụ phục vụ đồ uống-Chi tiết: Quán cà phê (trừ kinh doanh quán bar, giải khát có khiêu vũ);4791: Bán lẻ theo yêu cầu đặt hàng qua bưu ",internet
316660468,CÔNG TY CỔ PHẦN QUẢ CHANH TƯƠI,CÔNG TY CỔ PHẦN QUẢ CHANH TƯƠI,Công ty cổ phần,"A1.22 Đường D1, Khu dân cư Sunshine City Sài Gòn, Phường Tân Phú, Quận 7, Thành phố Hồ Chí Minh, Việt Nam",Quận 7,4632: Bán buôn thực phẩm-(không hoạt động tại trụ sở);4633: Bán buôn đồ uống-;4721: Bán lẻ lương thực trong các cửa hàng chuyên doanh-(Thực hiện theo Quyết định số 64/2009/QĐ-UBND ngày 31/7/2009 và Qu,internet
316651537,CÔNG TY TNHH KỸ THUẬT PHÒNG CHÁY CHỮA CHÁY SPE,CÔNG TY TNHH KỸ THUẬT PHÒNG CH,Công ty trách nhiệm hữu hạn hai thành viên trở lên,"36/11S Phạm Hữu Lầu, Phường Phú Mỹ, Quận 7, Thành phố Hồ Chí Minh, Việt Nam",Quận 7,"4791: Bán lẻ theo yêu cầu đặt hàng qua bưu điện hoặc internet-(trừ bán lẻ bình gas, khí dầu mỏ hóa lỏng LPG, dầu nhớt cặn, vàng miếng, súng, đạn loại dùng đi săn hoặc thể thao và tiền kim khí; trừ bán",internet
316646431,CÔNG TY TNHH XÂY DỰNG THƯƠNG MẠI THIÊN PHÚ TRƯỜNG,CÔNG TY TNHH XÂY DỰNG THƯƠNG M,Công ty trách nhiệm hữu hạn hai thành viên trở lên,"88/83A Nguyễn Văn Quỳ, Phường Phú Thuận, Quận 7, Thành phố Hồ Chí Minh, Việt Nam",Quận 7,"4101: Xây dựng nhà để ở-;4102: Xây dựng nhà không để ở-;4212: Xây dựng công trình đường bộ-;4299: Xây dựng công trình kỹ thuật dân dụng khác-;4311: Phá dỡ-;4752: Bán lẻ đồ ngũ kim, sơn, kính và thiết ",internet
316672946,CÔNG TY TNHH ZODA,CÔNG TY TNHH ZODA,Công ty trách nhiệm hữu hạn hai thành viên trở lên,"51 Đường 37, Phường Tân Quy, Quận 7, Thành phố Hồ Chí Minh, Việt Nam",Quận 7,"4764: Bán lẻ trò chơi, đồ chơi trong các cửa hàng chuyên doanh--(trừ đồ chơi có hại cho giáo dục nhân cách, sức khoẻ của trẻ em hoặc ảnh hưởng đến an ninh trật tự, an toàn xã hội);4771: Bán lẻ hàng ma",internet
316672801,CÔNG TY TNHH TM-DV-XD-SX-XNK KIM LOAN,CÔNG TY TNHH TMDVXDSXXNK KIM L,Công ty trách nhiệm hữu hạn hai thành viên trở lên,"1276 Huỳnh Tấn Phát, Phường Phú Mỹ, Quận 7, Thành phố Hồ Chí Minh, Việt Nam",Quận 7,"2592: Gia công cơ khí; xử lý và tráng phủ kim loại-Chi tiết: sản xuất, gia công cửa nhôm, các sản phẩm bằng sắt, thép, nhôm, inox; gia công cơ khí; xử lý và tráng phủ kim loại.;2591: Rèn, dập, ép và c",internet
316674439,CÔNG TY TNHH LATH GROUP,CÔNG TY TNHH LATH GROUP,Công ty trách nhiệm hữu hạn hai thành viên trở lên,"Tầng 1, A3.1 Khu dân cư The EverRich 3, Đường Phú Thuận, Phường Tân Phú, Quận 7, Thành phố Hồ Chí Minh, Việt Nam",Quận 7,"4649: Bán buôn đồ dùng khác cho gia đình-Chi tiết: Bán buôn găng tay cao su, khẩu trang các loại (phục vụ cho ngành y tế, công nghiệp, chế biến thực phẩm, bảo hộ lao động). Bán buôn dược phẩm, khẩu tr",internet
316676838,CÔNG TY TNHH ZORA,CÔNG TY TNHH ZORA,Công ty trách nhiệm hữu hạn một thành viên,"Số 12 Đường số 41, Phường Bình Thuận, Quận 7, Thành phố Hồ Chí Minh, Việt Nam",Quận 7,"7020: Hoạt động tư vấn quản lý-(trừ tư vấn tài chính, kế toán, pháp luật);6619: Hoạt động hỗ trợ dịch vụ tài chính chưa được phân vào đâu-Chi tiết: Hoạt động tư vấn đầu tư (trừ tư vấn tài chính, kế to",internet
316676789,CÔNG TY TNHH MỘT THÀNH VIÊN MACADAMIA CAO NGUYÊN,CÔNG TY TNHH MỘT THÀNH VIÊN MA,Công ty trách nhiệm hữu hạn một thành viên,"53 Đường 51, Phường Bình Thuận, Quận 7, Thành phố Hồ Chí Minh, Việt Nam",Quận 7,"4653: Bán buôn máy móc, thiết bị và phụ tùng máy nông nghiệp-Chi tiết: Bán buôn, xuất nhập khẩu máy móc, thiết bị và phụ tùng máy nông nghiệp.;4659: Bán buôn máy móc, thiết bị và phụ tùng máy khác-Chi",internet
316673467,CÔNG TY CỔ PHẦN BIG DIGITAL SHARES,CÔNG TY CỔ PHẦN BIG DIGITAL SH,Công ty cổ phần,"96 Nguyễn Thị Thập, Phường Tân Hưng, Quận 7, Thành phố Hồ Chí Minh, Việt Nam",Quận 7,"6810: Kinh doanh bất động sản, quyền sử dụng đất thuộc chủ sở hữu, chủ sử dụng hoặc đi thuê-Chi tiết: Kinh doanh bất động sản;6820: Tư vấn, môi giới, đấu giá bất động sản, đấu giá quyền sử dụng đất-Ch",internet
316684483,CÔNG TY CỔ PHẦN ĐẦU TƯ THƯƠNG MẠI VÀ PHÁT TRIỂN CÔNG NGHỆ THIÊN MINH,CÔNG TY CỔ PHẦN ĐẦU TƯ THƯƠNG ,Công ty cổ phần,"Số 32 Đường P, Khu Panorama, Phường Tân Phong, Quận 7, Thành phố Hồ Chí Minh, Việt Nam",Quận 7,"5225: Hoạt động dịch vụ hỗ trợ trực tiếp cho vận tải đường bộ-(Trừ hóa lỏng khí để vận chuyển);5229: Hoạt động dịch vụ hỗ trợ khác liên quan đến vận tải-(Trừ kinh doanh bến bãi ô tô, hóa lỏng khí để v",internet
316688992,CÔNG TY TNHH VÀNG BẠC ĐÁ QUÝ MỸ NGHỆ H&H,CÔNG TY TNHH VÀNG BẠC ĐÁ QUÝ M,Công ty trách nhiệm hữu hạn một thành viên,"Số 40 Đường 40, Phường Tân Phong, Quận 7, Thành phố Hồ Chí Minh, Việt Nam",Quận 7,"4791: Bán lẻ theo yêu cầu đặt hàng qua bưu điện hoặc internet-(trừ bán lẻ bình gas, hóa chất, súng, đạn loại dùng đi săn hoặc thể thao và tiền kim khí và thực hiện theo Quyết định 64/2009/QĐ-UBND ngày",internet
316691804,CÔNG TY CP ECOM TECH,CÔNG TY CP ECOM TECH,Công ty cổ phần,"202 Đường số 8, Phường Tân Thuận Đông, Quận 7, Thành phố Hồ Chí Minh, Việt Nam",Quận 7,"4651: Bán buôn máy vi tính, thiết bị ngoại vi và phần mềm-;4652: Bán buôn thiết bị và linh kiện điện tử, viễn thông-;7310: Quảng cáo-;8230: Tổ chức giới thiệu và xúc tiến thương mại-;7320: Nghiên cứu ",internet
316685695,CÔNG TY CỔ PHẦN  KIẾN TRÚC TRE THÁNH GIÓNG,CÔNG TY CỔ PHẦN  KIẾN TRÚC TRE,Công ty cổ phần,"Số 63 Đường số 51, Phường Bình Thuận, Quận 7, Thành phố Hồ Chí Minh, Việt Nam",Quận 7,"4330: Hoàn thiện công trình xây dựng-;4773: Bán lẻ hàng hóa khác mới trong các cửa hàng chuyên doanh-Chi tiết: Bán lẻ hàng lưu niệm, hàng đan lát, hàng thủ công mỹ nghệ trong các cửa hàng chuyên doanh",internet
316694280,CÔNG TY TNHH VPM,CÔNG TY TNHH VPM,Công ty trách nhiệm hữu hạn một thành viên,"Lô U.17b-19, Đường số 20, Khu chế xuất Tân Thuận, Phường Tân Thuận Đông, Quận 7, Thành phố Hồ Chí Minh, Việt Nam",Quận 7,"6810: Kinh doanh bất động sản, quyền sử dụng đất thuộc chủ sở hữu, chủ sử dụng hoặc đi thuê-Chi tiết: Đầu tư xây dựng, kinh doanh hạ tầng khu công nghiệp. Cho thuê văn phòng;2620: Sản xuất máy vi tính",internet
316694065,CÔNG TY TNHH TÍN PHÁT VƯỢNG,CÔNG TY TNHH TÍN PHÁT VƯỢNG,Công ty trách nhiệm hữu hạn một thành viên,"20/11 Đường 77, Phường Tân Quy, Quận 7, Thành phố Hồ Chí Minh, Việt Nam",Quận 7,"7110: Hoạt động kiến trúc và tư vấn kỹ thuật có liên quan-Chi tiết: tư vấn thiết kế hệ thống phòng cháy chữa cháy, tư vấn thẩm định về phòng cháy chữa cháy, tư vấn giám sát về phòng cháy chữa cháy, tư",internet
316698567,CÔNG TY TNHH CITY LENS,CÔNG TY TNHH CITY LENS,Công ty trách nhiệm hữu hạn một thành viên,"Số 77-79 Cao Triều Phát , Phường Tân Phong, Quận 7, Thành phố Hồ Chí Minh, Việt Nam",Quận 7,"4719: Bán lẻ  khác trong các cửa hàng kinh doanh tổng hợp-Chi tiết: Bán lẻ nhiều loại hàng hóa trong siêu thị,
trung tâm thương mại, cửa hàng tiện lợi, cửa hàng bách hóa: quần áo, giày dép, đồ dùng, h",internet
316697355,CÔNG TY TNHH ALÔ LÀ CÓ,CÔNG TY TNHH ALÔ LÀ CÓ,Công ty trách nhiệm hữu hạn một thành viên,"Căn hộ thương mại 0.03, Tầng Trệt, Chung Cư Cao Tầng Mỹ Phú, Số 60/68 Lâm Văn Bền, Phường Tân Kiểng, Quận 7, Thành phố Hồ Chí Minh, Việt Nam",Quận 7,"5229: Hoạt động dịch vụ hỗ trợ khác liên quan đến vận tải-Chi tiết: Giao nhận hàng hóa, Hoạt động của đại lý làm thủ tục hải quan;;1629: Sản xuất sản phẩm khác từ gỗ; sản xuất sản phẩm từ tre, nứa, rơ",internet
316698260,CÔNG TY TNHH THƯƠNG MẠI DỊCH VỤ NGUYỄN PHẠM DOOR,CÔNG TY TNHH THƯƠNG MẠI DỊCH V,Công ty trách nhiệm hữu hạn hai thành viên trở lên,"67/1 Đường 15B, Khu Phố 1, Phường Phú Mỹ, Quận 7, Thành phố Hồ Chí Minh, Việt Nam",Quận 7,"1610: Cưa, xẻ, bào gỗ và bảo quản gỗ-;1621: Sản xuất gỗ dán, gỗ lạng, ván ép và ván mỏng khác-Chi tiết: Sản xuất gỗ lạng, ván mỏng và các loại ván, tấm mỏng bằng gỗ tương tự; Sản xuất gỗ mảnh hoặc gỗ ",internet
316701876,CÔNG TY TNHH TM DỊCH VỤ HAZ,CÔNG TY TNHH TM DỊCH VỤ HAZ,Công ty trách nhiệm hữu hạn một thành viên,"91 Cao Triều Phát, Phường Tân Phong, Quận 7, Thành phố Hồ Chí Minh, Việt Nam",Quận 7,"4791: Bán lẻ theo yêu cầu đặt hàng qua bưu điện hoặc internet-(trừ bán lẻ bình gas, khí dầu mỏ hóa lỏng LPG, dầu nhớt cặn, vàng miếng, súng, đạn loại dùng đi săn hoặc thể thao và tiền kim khí và thực ",internet
316703947,CÔNG TY TNHH SẢN XUẤT ÂM NHẠC HHN,CÔNG TY TNHH SẢN XUẤT ÂM NHẠC ,Công ty trách nhiệm hữu hạn hai thành viên trở lên,"30/7/2B đường Lâm Văn Bền, Phường Tân Kiểng, Quận 7, Thành phố Hồ Chí Minh, Việt Nam",Quận 7,"9000: Hoạt động sáng tác, nghệ thuật và giải trí-(trừ phòng trà ca nhạc, vũ trường và không thực hiện các hiệu ứng cháy, nổ; không sử dụng chất nổ, chất cháy, hóa chất làm đạo cụ, dụng cụ thực hiện cá",internet
316707571,CÔNG TY TNHH MỘT THÀNH VIÊN HARU SORA,CÔNG TY TNHH MỘT THÀNH VIÊN HA,Công ty trách nhiệm hữu hạn một thành viên,"90/3 đường số 2, khu phố 1, Phường Phú Mỹ, Quận 7, Thành phố Hồ Chí Minh, Việt Nam",Quận 7,"4791: Bán lẻ theo yêu cầu đặt hàng qua bưu điện hoặc internet-(trừ bán lẻ bình gas, khí dầu mỏ hóa lỏng LPG, dầu nhớt cặn, vàng miếng, súng, đạn loại dùng đi săn hoặc thể thao và tiền kim khí; trừ bán",internet
316710077,CÔNG TY TNHH TƯ VẤN VÀ THƯƠNG MẠI GBLUESEA,CÔNG TY TNHH TƯ VẤN VÀ THƯƠNG ,Công ty trách nhiệm hữu hạn một thành viên,"160/159B Nguyễn Văn Quỳ, Phường Phú Thuận, Quận 7, Thành phố Hồ Chí Minh, Việt Nam",Quận 7,"1030: Chế biến và bảo quản rau quả-Chi tiết: Sơ chế và đóng gói rau củ quả;1079: Sản xuất thực phẩm khác chưa được phân vào đâu-Chi tiết: Sơ chế và đóng gói lương thực, thực phẩm (không giết mổ gia sú",internet
316712268,CÔNG TY TNHH BUY2VIET,CÔNG TY TNHH BUY2VIET,Công ty trách nhiệm hữu hạn một thành viên,"R4-86 Hưng Gia 1, Phú Mỹ Hưng, Phường Tân Phong, Quận 7, Thành phố Hồ Chí Minh, Việt Nam",Quận 7,"4649: Bán buôn đồ dùng khác cho gia đình-Chi tiết: Bán buôn vali, cặp, túi, ví, hàng da và giả da khác; Bán buôn nước hoa, hàng mỹ phẩm và chế phẩm vệ sinh; Bán buôn đồ dùng khác cho gia đình;4632: Bá",internet
316712349,CÔNG TY TNHH XINH NGAY,CÔNG TY TNHH XINH NGAY,Công ty trách nhiệm hữu hạn một thành viên,"Tầng 1, Số 20 Đường 01, Khu Đô Thị Mới Him Lam, Phường Tân Hưng, Quận 7, Thành phố Hồ Chí Minh, Việt Nam",Quận 7,"4791: Bán lẻ theo yêu cầu đặt hàng qua bưu điện hoặc internet-Chi tiết: Bán lẻ nước hoa, hàng mỹ phẩm và chế phẩm vệ sinh;  theo yêu cầu đặt hàng trên internet, trên website (trừ bán lẻ bình gas, súng",internet
316713247,CÔNG TY TNHH THƯƠNG MẠI NSHOP,CÔNG TY TNHH THƯƠNG MẠI NSHOP,Công ty trách nhiệm hữu hạn hai thành viên trở lên,"1.114 Khu Chung cư kết hợp thương mại, văn phòng Lô X (Sunrise City North), số 27 Nguyễn Hữu Thọ, Phường Tân Hưng, Quận 7, Thành phố Hồ Chí Minh, Việt Nam",Quận 7,"4789: Bán lẻ hàng hóa khác lưu động hoặc tại chợ-(trừ bán lẻ hóa chất, khí dầu mỏ hóa lỏng LPG, dầu nhớt cặn, vàng miếng, súng, đạn loại dùng đi săn hoặc thể thao và tiền kim khí; Thực hiện theo Quyết",internet
316714995,CÔNG TY TNHH RIN R&D VIỆT NAM,CÔNG TY TNHH RIN RD VIỆT NAM,Công ty trách nhiệm hữu hạn hai thành viên trở lên,"Phòng 10.19, Lầu 10, Tòa nhà Golden King, số 15 Nguyễn Lương Bằng, Phường Tân Phú, Quận 7, Thành phố Hồ Chí Minh, Việt Nam",Quận 7,"6820: Tư vấn, môi giới, đấu giá bất động sản, đấu giá quyền sử dụng đất-Chi tiết: tư vấn, môi giới bất động sản (trừ tư vấn mang tính pháp lý);7211: Nghiên cứu khoa học và phát triển công nghệ trong l",internet
316712451,CÔNG TY TNHH NAKUNE,CÔNG TY TNHH NAKUNE,Công ty trách nhiệm hữu hạn một thành viên,"Số 118 Hà Huy Tập, Phường Tân Phong, Quận 7, Thành phố Hồ Chí Minh, Việt Nam",Quận 7,"1071: Sản xuất các loại bánh từ bột-Chi tiết: Sản xuất bánh ngọt khô hoặc làm lạnh, bánh tươi, bánh nướng.; 1073: Sản xuất ca cao, sôcôla và bánh kẹo-;1079: Sản xuất thực phẩm khác chưa được phân vào ",internet
316716696,CÔNG TY CỔ PHẦN GOBOOYAA,CÔNG TY CỔ PHẦN GOBOOYAA,Công ty cổ phần,"Số 502/11/22, Đường Huỳnh Tấn Phát, Phường Bình Thuận, Quận 7, Thành phố Hồ Chí Minh, Việt Nam",Quận 7,"7010: Hoạt động của trụ sở văn phòng-;7020: Hoạt động tư vấn quản lý-(trừ tư vấn tài chính, kế toán, pháp luật);7310: Quảng cáo-;6399: Dịch vụ thông tin khác chưa được phân vào đâu-Chi tiết: Các dịch ",internet
316716897,CÔNG TY CỔ PHẦN MYG ENTERTAINMENT,CÔNG TY CỔ PHẦN MYG ENTERTAINM,Công ty cổ phần,"482 -484 Phạm Thái Bường, Phường Tân Phong, Quận 7, Thành phố Hồ Chí Minh, Việt Nam",Quận 7,"5912: Hoạt động hậu kỳ-Chi tiết: Hoạt động bổ trợ cho công nghiệp phim ảnh và video (trừ sản xuất phim và không thực hiện các hiệu ứng cháy, nổ; không sử dụng chất nổ, chất cháy, hóa chất làm đạo cụ, ",internet
316717844,CÔNG TY TNHH ROI VIỆT NAM,CÔNG TY TNHH ROI VIỆT NAM,Công ty trách nhiệm hữu hạn hai thành viên trở lên,"Số 28 Đường 18, KDC Ven Sông Tân Phong, Phường Tân Phong, Quận 7, Thành phố Hồ Chí Minh, Việt Nam",Quận 7,"4649: Bán buôn đồ dùng khác cho gia đình-;4669: Bán buôn chuyên doanh khác chưa được phân vào đâu-(trừ bán buôn hóa chất, khí dầu mỏ hóa lỏng LPG, dầu nhớt cặn, vàng miếng, súng, đạn loại dùng đi săn ",internet
316723319,CÔNG TY TNHH XD TM DV CT GROUP,CÔNG TY TNHH XD TM DV CT GROUP,Công ty trách nhiệm hữu hạn một thành viên,"3M Đường số 9M, Khu Cư Xá Ngân Hàng , Phường Tân Thuận Tây, Quận 7, Thành phố Hồ Chí Minh, Việt Nam",Quận 7,4722: Bán lẻ thực phẩm trong các cửa hàng chuyên doanh-(thực hiện theo Quyết định số 64/2009/QĐ-UBND ngày 31/07/2009 và Quyết định số 79/2009/QĐ-UBND ngày 17/10/2009 của Ủy Ban Nhân Dân TP. Hồ Chí Min,internet
316724859,CÔNG TY TRÁCH NHIỆM HỮU HẠN LIÊN DOANH THỰC PHẨM VÀ ĐỒ UỐNG VIBEV,CÔNG TY TRÁCH NHIỆM HỮU HẠN LI,Công ty trách nhiệm hữu hạn hai thành viên trở lên,"Số 10, Đường Tân Trào, Phường Tân Phú, Quận 7, Thành phố Hồ Chí Minh, Việt Nam",Quận 7,"1030: Chế biến và bảo quản rau quả-;1050: Chế biến sữa và các sản phẩm từ sữa-;1104: Sản xuất đồ uống không cồn, nước khoáng-;4632: Bán buôn thực phẩm-Chi tiết:
- Bán buôn các loại nước rau, quả ép.
-",internet
316725926,CÔNG TY TNHH CMG WORLD GAMING,CÔNG TY TNHH CMG WORLD GAMING,Công ty trách nhiệm hữu hạn một thành viên,"Số 04 Nguyễn Đức Cảnh, Phường Tân Phong, Quận 7, Thành phố Hồ Chí Minh, Việt Nam",Quận 7,"6190: Hoạt động viễn thông khác-chi tiết: Hoạt động của các điểm truy cập internet (trừ bán lại hạ tầng viễn thông, mạng cung cấp);8230: Tổ chức giới thiệu và xúc tiến thương mại-(không thực hiện các ",internet
316724496,CÔNG TY TNHH ÔNG ĐỊA GROUP,CÔNG TY TNHH ÔNG ĐỊA GROUP,Công ty trách nhiệm hữu hạn hai thành viên trở lên,"Số 184 Đường số 9, Phường Tân Phú, Quận 7, Thành phố Hồ Chí Minh, Việt Nam",Quận 7,"4632: Bán buôn thực phẩm-Chi tiết: Bán buôn cà phê (không hoạt động tại trụ sở);6820: Tư vấn, môi giới, đấu giá bất động sản, đấu giá quyền sử dụng đất-Chi tiết: Tư vấn, môi giới bất động sản (trừ tư ",internet
316725637,CÔNG TY TNHH QUẢNG CÁO TRUYỀN THÔNG TLK,CÔNG TY TNHH QUẢNG CÁO TRUYỀN ,Công ty trách nhiệm hữu hạn một thành viên,"Số 20 đường 54, Phường Tân Phong, Quận 7, Thành phố Hồ Chí Minh, Việt Nam",Quận 7,"4632: Bán buôn thực phẩm-(không hoạt động tại trụ sở);4633: Bán buôn đồ uống-;7490: Hoạt động chuyên môn, khoa học và công nghệ khác chưa được phân vào đâu-Chi tiết: Hoạt động phiên dịch; Dịch vụ chuy",internet
316727666,CÔNG TY TNHH  THƯƠNG MẠI DỊCH VỤ TƯ VẤN VNATA,CÔNG TY TNHH  THƯƠNG MẠI DỊCH ,Công ty trách nhiệm hữu hạn một thành viên,"60/44/4A Lâm Văn Bền, Phường Tân Kiểng, Quận 7, Thành phố Hồ Chí Minh, Việt Nam",Quận 7,8560: Dịch vụ hỗ trợ giáo dục-Chi tiết: Tư vấn giáo dục. Tổ chức các chương trình trao đổi sinh viên. Tư vấn du học.;8511: Giáo dục nhà trẻ-;8512: Giáo dục mẫu giáo-;8521: Giáo dục tiểu học-;8559: Giá,internet
316728701,CÔNG TY TNHH THƯƠNG MẠI TỔNG HỢP KHẢI MINH FOOD,CÔNG TY TNHH THƯƠNG MẠI TỔNG H,Công ty trách nhiệm hữu hạn hai thành viên trở lên,"51 Đường số 2, Khu dân cư Him Lam, Phường Tân Hưng, Quận 7, Thành phố Hồ Chí Minh, Việt Nam",Quận 7,"8299: Hoạt động dịch vụ hỗ trợ kinh doanh khác còn lại chưa được phân vào đâu-;1020: Chế biến, bảo quản thuỷ sản và các sản phẩm từ thuỷ sản-Chi tiết: Chế biến và bảo quản thủy sản đông lạnh. Chế biến",internet
316729663,CÔNG TY TNHH ĐẦU TƯ & PHÁT TRIỂN CÔNG NGHỆ WORLD CONNECT,CÔNG TY TNHH ĐẦU TƯ  PHÁT TRIỂ,Công ty trách nhiệm hữu hạn hai thành viên trở lên,"43 Đường Nội Khu Mỹ Phú 3A, Phường Tân Phú, Quận 7, Thành phố Hồ Chí Minh, Việt Nam",Quận 7,"7911: Đại lý du lịch-;7912: Điều hành tua du lịch-;7990: Dịch vụ đặt chỗ và các dịch vụ hỗ trợ liên quan đến quảng bá và tổ chức tua du lịch-;6810: Kinh doanh bất động sản, quyền sử dụng đất thuộc chủ",internet
316730316,CÔNG TY TNHH ĐƯỢC PHÁT ĐẠT,CÔNG TY TNHH ĐƯỢC PHÁT ĐẠT,Công ty trách nhiệm hữu hạn một thành viên,"160/143/8K Nguyễn Văn Quỳ, Phường Phú Thuận, Quận 7, Thành phố Hồ Chí Minh, Việt Nam",Quận 7,"4649: Bán buôn đồ dùng khác cho gia đình-Chi tiết: Bán buôn đồ điện gia dụng, đèn và bộ đèn điện. Bán buôn giường, tủ, bàn ghế và đồ dùng nội thất tương tự.;4652: Bán buôn thiết bị và linh kiện điện t",internet
316733003,CÔNG TY TNHH TOTALSOLUTION,CÔNG TY TNHH TOTALSOLUTION,Công ty trách nhiệm hữu hạn một thành viên,"52/9/1C Nguyễn Thị Thập, Phường Bình Thuận, Quận 7, Thành phố Hồ Chí Minh, Việt Nam",Quận 7,"4741: Bán lẻ máy vi tính, thiết bị ngoại vi, phần mềm và thiết bị viễn thông trong các cửa hàng chuyên doanh-;6201: Lập trình máy vi tính-;6202: Tư vấn máy vi tính và quản trị hệ thống máy vi tính-;62",internet
316735593,CÔNG TY CỔ PHẦN QUẢNG CÁO TRUYỀN THÔNG THE IMPACT,CÔNG TY CỔ PHẦN QUẢNG CÁO TRUY,Công ty cổ phần,"Số 20 đường 54, Phường Tân Phong, Quận 7, Thành phố Hồ Chí Minh, Việt Nam",Quận 7,"8230: Tổ chức giới thiệu và xúc tiến thương mại-(không thực hiện các hiệu ứng cháy, nổ; không sử dụng chất nổ, chất cháy, hóa chất làm đạo cụ, dụng cụ thực hiện các chương trình văn nghệ, sự kiện, phi",internet
316739132,CÔNG TY TNHH CHINO PET,CÔNG TY TNHH CHINO PET,Công ty trách nhiệm hữu hạn hai thành viên trở lên,"29 Trần Trọng Cung, Phường Tân Thuận Đông, Quận 7, Thành phố Hồ Chí Minh, Việt Nam",Quận 7,"5022: Vận tải hàng hóa đường thuỷ nội địa-(trừ hóa lỏng khí để vận chuyển);4932: Vận tải hành khách đường bộ khác-Chi tiết: Vận tải hành khách bằng xe khách nội tỉnh, liên tỉnh 
Vận tải hành khách đườ",internet
316739911,CÔNG TY TNHH VIVI KA,CÔNG TY TNHH VIVI KA,Công ty trách nhiệm hữu hạn hai thành viên trở lên,"102 Đường 77, Phường Tân Quy, Quận 7, Thành phố Hồ Chí Minh, Việt Nam",Quận 7,"1410: May trang phục (trừ trang phục từ da lông thú)-(trừ thuộc da, tẩy, nhuộm, hồ, in trên các sản phẩm vải sợi, dệt, may, đan và gia công hàng đã qua sử dụng tại trụ sở);7020: Hoạt động tư vấn quản ",internet
316739090,CÔNG TY TNHH SẢN XUẤT VÀ THƯƠNG MẠI PETIT BEBE,CÔNG TY TNHH SẢN XUẤT VÀ THƯƠN,Công ty trách nhiệm hữu hạn một thành viên,"Số 4 Đường Số 5, Khu Dân Cư Ven Sông, Phường Tân Phong, Quận 7, Thành phố Hồ Chí Minh, Việt Nam",Quận 7,"4719: Bán lẻ khác trong các cửa hàng kinh doanh tổng hợp-( trừ bán buôn bình gas, khí dầu mỏ hóa lỏng LPG, dầu nhớt cặn, vàng miếng, súng, đạn loại dùng đi săn hoặc thể thao và tiền kim khí; trừ bán b",internet
316740113,CÔNG TY TNHH THƯƠNG MẠI VÀ ĐẦU TƯ J & D,CÔNG TY TNHH THƯƠNG MẠI VÀ ĐẦU,Công ty trách nhiệm hữu hạn một thành viên,"793/26 Trần Xuân Soạn, Phường Tân Hưng, Quận 7, Thành phố Hồ Chí Minh, Việt Nam",Quận 7,"4799: Bán lẻ hình thức khác chưa được phân vào đâu-(trừ bán lẻ bình gas, khí dầu mỏ hóa lỏng LPG, dầu nhớt cặn, vàng miếng, súng, đạn loại dùng đi săn hoặc thể thao và tiền kim khí; trừ bán lẻ hóa chấ",internet
316740233,CÔNG TY TNHH CHITTA,CÔNG TY TNHH CHITTA,Công ty trách nhiệm hữu hạn một thành viên,"167/42 Phạm Hữu Lầu, Phường Phú Mỹ, Quận 7, Thành phố Hồ Chí Minh, Việt Nam",Quận 7,"7310: Quảng cáo-;6810: Kinh doanh bất động sản, quyền sử dụng đất thuộc chủ sở hữu, chủ sử dụng hoặc đi thuê-;6820: Tư vấn, môi giới, đấu giá bất động sản, đấu giá quyền sử dụng đất-(Trừ đấu giá tài s",internet
316740586,CÔNG TY CỔ PHẦN ĐẦU TƯ THƯƠNG MẠI DỊCH VỤ ĐĂNG KHOA,CÔNG TY CỔ PHẦN ĐẦU TƯ THƯƠNG ,Công ty cổ phần,"104/4K Huỳnh Tấn Phát, Phường Tân Thuận Tây, Quận 7, Thành phố Hồ Chí Minh, Việt Nam",Quận 7,"4321: Lắp đặt hệ thống điện-(Doanh nghiệp phải thực hiện đúng các quy định của pháp luật về đất đai, xây dựng, phòng cháy chữa cháy, bảo vệ môi trường, các quy định khác của pháp luật hiện hành và các",internet
316742431,CÔNG TY TNHH JMY INTERNATIONAL,CÔNG TY TNHH JMY INTERNATIONAL,Công ty trách nhiệm hữu hạn một thành viên,"Số 10, Đường 11, KDC Him Lam, Phường Tân Hưng, Quận 7, Thành phố Hồ Chí Minh, Việt Nam",Quận 7,"4632: Bán buôn thực phẩm-(Không hoạt động tại trụ sở);4631: Bán buôn gạo, lúa mỳ, hạt ngũ cốc khác, bột mỳ-(Không hoạt động tại trụ sở);4633: Bán buôn đồ uống-Chi tiết: Bán buôn đồ uống có cồn; Bán bu",internet
316745143,CÔNG TY TNHH THƯƠNG MẠI DỊCH VỤ SKINLAB,CÔNG TY TNHH THƯƠNG MẠI DỊCH V,Công ty trách nhiệm hữu hạn hai thành viên trở lên,"300/17A Nguyễn Văn Linh, Phường Bình Thuận, Quận 7, Thành phố Hồ Chí Minh, Việt Nam",Quận 7,"2023: Sản xuất mỹ phẩm, xà phòng, chất tẩy rửa, làm bóng và chế phẩm vệ sinh-(trừ hóa chất cơ bản);4772: Bán lẻ thuốc, dụng cụ y tế, mỹ phẩm và vật phẩm vệ sinh trong các cửa hàng chuyên doanh-;4789: ",internet
316746267,CÔNG TY TNHH XD TM DV CÔNG NGHỆ QUANG LÂM,CÔNG TY TNHH XD TM DV CÔNG NGH,Công ty trách nhiệm hữu hạn một thành viên,"60/78/8/2 Đường Lâm Văn Bền, Khu phố 4, Phường Tân Kiểng, Quận 7, Thành phố Hồ Chí Minh, Việt Nam",Quận 7,"9511: Sửa chữa máy vi tính và thiết bị ngoại vi-(trừ gia công cơ khí, tái chế phế thải, xi mạ điện tại trụ sở);9512: Sửa chữa thiết bị liên lạc-(trừ gia công cơ khí, tái chế phế thải, xi mạ điện tại t",internet
316749010,CÔNG TY CỔ PHẦN QUẢNG CÁO TRUYỀN THÔNG D2D,CÔNG TY CỔ PHẦN QUẢNG CÁO TRUY,Công ty cổ phần,"Số 20 đường 54, Phường Tân Phong, Quận 7, Thành phố Hồ Chí Minh, Việt Nam",Quận 7,"4632: Bán buôn thực phẩm-(không hoạt động tại trụ sở);4633: Bán buôn đồ uống-;7490: Hoạt động chuyên môn, khoa học và công nghệ khác chưa được phân vào đâu-Chi tiết: Hoạt động phiên dịch; Dịch vụ chuy",internet
316749532,CÔNG TY CỔ PHẦN BẤT ĐỘNG SẢN QTM,CÔNG TY CỔ PHẦN BẤT ĐỘNG SẢN Q,Công ty cổ phần,"B22.15, Sunrise City View, Số 33 Nguyễn Hữu Thọ, Phường Tân Hưng, Quận 7, Thành phố Hồ Chí Minh, Việt Nam",Quận 7,"4719: Bán lẻ khác trong các cửa hàng kinh doanh tổng hợp-(Trừ bán lẻ bình gas, khí dầu mỏ hóa lỏng LPG, dầu nhớt cặn, vàng miếng, súng, đạn loại dùng đi săn hoặc thể thao và tiền",internet
316751436,CÔNG TY TNHH NỘI THẤT XÂY DỰNG GỖ VIỆT,CÔNG TY TNHH NỘI THẤT XÂY DỰNG,Công ty trách nhiệm hữu hạn một thành viên,"31 Lý Phục Man, Phường Bình Thuận, Quận 7, Thành phố Hồ Chí Minh, Việt Nam",Quận 7,1811: In ấn-;1812: Dịch vụ liên quan đến in-;1820: Sao chép bản ghi các loại-;7310: Quảng cáo-;8299: Hoạt động dịch vụ hỗ trợ kinh doanh khác còn lại chưa được phân vào đâu-chi tiết: Hoạt động nhượng ,internet
316746122,"CÔNG TY CỔ PHẦN THƯƠNG MẠI, XÂY DỰNG VÀ ĐẦU TƯ HƯNG PHÁT",CÔNG TY CỔ PHẦN THƯƠNG MẠI XÂY,Công ty cổ phần,"5 Nguyễn Bính, Phường Tân Phong, Quận 7, Thành phố Hồ Chí Minh, Việt Nam",Quận 7,"4791: Bán lẻ theo yêu cầu đặt hàng qua bưu điện hoặc internet-(trừ bán lẻ bình gas, súng, đạn loại dùng đi săn hoặc thể thao, tiền kim khí và mua bán vàng miếng; thực hiện theo Quyết định 64/2009/QĐ-U",internet
316753257,CÔNG TY TNHH BẤT ĐỘNG SẢN BẢO BẢO LAND,CÔNG TY TNHH BẤT ĐỘNG SẢN BẢO ,Công ty trách nhiệm hữu hạn một thành viên,"90A Đường số 37, Phường Tân Quy, Quận 7, Thành phố Hồ Chí Minh, Việt Nam",Quận 7,"9631: Cắt tóc, làm đầu, gội đầu-Chi tiết: Cắt tóc, làm đầu, gội đầu. Cắt, tỉa và cạo râu (trừ các hoạt động gây chảy máu);9639: Hoạt động dịch vụ phục vụ cá nhân khác còn lại chưa được phân vào đâu-Ch",internet
316751330,CÔNG TY TNHH CÔNG NGHỆ 12BAY,CÔNG TY TNHH CÔNG NGHỆ 12BAY,Công ty trách nhiệm hữu hạn một thành viên,"Số 20 Đường số 1, Khu phố 2,, Phường Tân Phú, Quận 7, Thành phố Hồ Chí Minh, Việt Nam",Quận 7,6209: Hoạt động dịch vụ công nghệ thông tin và dịch vụ khác liên quan đến máy vi tính-Chi tiết: Khắc phục các sự cố máy tính và cài đặt phần mềm (trừ kinh doanh đại lý cung cấp dịch vụ truy cập intern,internet
316755374,CÔNG TY TNHH CÔNG NGHỆ DONALD DŨNG,CÔNG TY TNHH CÔNG NGHỆ DONALD ,Công ty trách nhiệm hữu hạn hai thành viên trở lên,"55 Đường 11, Phường Tân Kiểng, Quận 7, Thành phố Hồ Chí Minh, Việt Nam",Quận 7,"6201: Lập trình máy vi tính-Chi tiết: Sản xuất phần mềm;6209: Hoạt động dịch vụ công nghệ thông tin và dịch vụ khác liên quan đến máy vi tính-chi tiết: Thiết kế website. Dịch vụ đăng ký tên miền, Seo ",internet
316755543,CÔNG TY TNHH THƯƠNG MẠI ĐIỆN TỬ TN,CÔNG TY TNHH THƯƠNG MẠI ĐIỆN T,Công ty trách nhiệm hữu hạn một thành viên,"82 Đường số 47, Phường Bình Thuận, Quận 7, Thành phố Hồ Chí Minh, Việt Nam",Quận 7,"4652: Bán buôn thiết bị và linh kiện điện tử, viễn thông-;4651: Bán buôn máy vi tính, thiết bị ngoại vi và phần mềm-;4741: Bán lẻ máy vi tính, thiết bị ngoại vi, phần mềm và thiết bị viễn thông trong ",internet
316756265,CÔNG TY TRÁCH NHIỆM HỮU HẠN HOA MẬN VIỆT NAM,CÔNG TY TRÁCH NHIỆM HỮU HẠN HO,Công ty trách nhiệm hữu hạn một thành viên,"Số 8 đường số 1, khu dân cư CityLand, Phường Tân Phú, Quận 7, Thành phố Hồ Chí Minh, Việt Nam",Quận 7,"4791: Bán lẻ theo yêu cầu đặt hàng qua bưu điện hoặc internet-(Trừ bán lẻ khí dầu mỏ hoá lỏng LPG, bình gas, hoá chất, súng, đạn loại dùng đi săn hoặc thể thao và tiền kim khí và thực hiện Quyết định ",internet
316756152,CÔNG TY TNHH  TM DV GLORY,CÔNG TY TNHH  TM DV GLORY,Công ty trách nhiệm hữu hạn một thành viên,"Số 102 KDC Tân Quy Đông, Đường 32, Khu Phố 2, Phường Tân Phong, Quận 7, Thành phố Hồ Chí Minh, Việt Nam",Quận 7,"4690: Bán buôn tổng hợp-(trừ bán buôn bình gas, súng, đạn loại dùng đi săn hoặc thể thao, tiền kim khí và mua bán vàng miếng; thực hiện theo Quyết định 64/2009/QĐ-UBND ngày 31/7/2009 của Ủy ban nhân d",internet
316757357,CÔNG TY CỔ PHẦN CHUỖI LÀM ĐẸP VÀ PHÂN PHỐI MỸ PHẨM PHÚ THẮNG,CÔNG TY CỔ PHẦN CHUỖI LÀM ĐẸP ,Công ty cổ phần,"Số 55 Đường số 6, KDC Him Lam, Phường Tân Hưng, Quận 7, Thành phố Hồ Chí Minh, Việt Nam",Quận 7,"2023: Sản xuất mỹ phẩm, xà phòng, chất tẩy rửa, làm bóng và chế phẩm vệ sinh-Chi tiết: Sản xuất mỹ phẩm (Nước hoa và nước vệ sinh, chất mỹ phẩm và hoá trang, Chất chống nắng và chống rám nắng, Thuốc c",internet
316757847,CÔNG TY CỔ PHẦN CÔNG NGHỆ SAHA,CÔNG TY CỔ PHẦN CÔNG NGHỆ SAHA,Công ty cổ phần,"67/39 Vườn Điều, Phường Tân Quy, Quận 7, Thành phố Hồ Chí Minh, Việt Nam",Quận 7,"2620: Sản xuất máy vi tính và thiết bị ngoại vi của máy vi tính-;4610: Đại lý, môi giới, đấu giá hàng hóa-Chi tiết: Đại lý bán hàng hóa, Môi giới mua bán hàng hóa (trừ đấu giá hàng hóa, trừ môi giới b",internet
316758329,CÔNG TY TNHH THỰC PHẨM VÀ DỊCH VỤ LƯU TRÚ ÁNH DƯƠNG,CÔNG TY TNHH THỰC PHẨM VÀ D,Công ty trách nhiệm hữu hạn một thành viên,"49 Lô D Gò Ô Môi, Khu Phố 2, Phường Phú Thuận, Quận 7, Thành phố Hồ Chí Minh, Việt Nam",Quận 7,"5510: Dịch vụ lưu trú ngắn ngày-Chi tiết: khách sạn, biệt thự du lịch, căn hộ du lịch, nhà nghỉ du lịch, nhà ở có phòng cho khách du lịch thuê;5621: Cung cấp dịch vụ ăn uống theo hợp đồng không thường",internet
316757484,CÔNG TY CỔ PHẦN SẢN XUẤT MỸ PHẨM PHÚ TÀI - PHÚ THẮNG,CÔNG TY CỔ PHẦN SẢN XUẤT MỸ PH,Công ty cổ phần,"Số 55 Đường số 6, KDC Him Lam, Phường Tân Hưng, Quận 7, Thành phố Hồ Chí Minh, Việt Nam",Quận 7,"2023: Sản xuất mỹ phẩm, xà phòng, chất tẩy rửa, làm bóng và chế phẩm vệ sinh-Chi tiết: Sản xuất mỹ phẩm (Nước hoa và nước vệ sinh, chất mỹ phẩm và hoá trang, Chất chống nắng và chống rám nắng, Thuốc c",internet
316761970,CÔNG TY TNHH GLOW EVENT,CÔNG TY TNHH GLOW EVENT,Công ty trách nhiệm hữu hạn một thành viên,"40 Đường số 65, KDC Tân Quy Đông, Phường Tân Phong, Quận 7, Thành phố Hồ Chí Minh, Việt Nam",Quận 7,"4933: Vận tải hàng hóa bằng đường bộ-(trừ hóa lỏng khí để vận chuyển);7410: Hoạt động thiết kế chuyên dụng-(Trừ thiết kế xây dựng);7721: Cho thuê thiết bị thể thao, vui chơi giải trí-;7729: Cho thuê đ",internet
316764594,CÔNG TY CỔ PHẦN CHĂM SÓC TẠI NHÀ CARING LIFE,CÔNG TY CỔ PHẦN CHĂM SÓC TẠI N,Công ty cổ phần,"793/62/16 Trần Xuân Soạn , Phường Tân Hưng, Quận 7, Thành phố Hồ Chí Minh, Việt Nam",Quận 7,"4632: Bán buôn thực phẩm-Chi tiết: Bán buôn thực phẩm chức năng, thực phẩm dinh dưỡng; Bán buôn đường, sữa và các sản phẩm sữa, bánh kẹo và các sản phẩm chế biến từ ngũ cốc, bột, tinh bột. (Không hoạt",internet
316764107,CÔNG TY TNHH GIÁO DỤC SEA PHOENIX,CÔNG TY TNHH GIÁO DỤC SEA PHOE,Công ty trách nhiệm hữu hạn một thành viên,"Số 33 đường D6, Khu phố 1, Phường Bình Thuận, Quận 7, Thành phố Hồ Chí Minh, Việt Nam",Quận 7,6209: Hoạt động dịch vụ công nghệ thông tin và dịch vụ khác liên quan đến máy vi tính-;6619: Hoạt động hỗ trợ dịch vụ tài chính chưa được phân vào đâu-Chi tiết: Hoạt động tư vấn đầu tư (trừ tư vấn tài,internet
316769190,CÔNG TY TNHH SẢN XUẤT THƯƠNG MẠI CHÀO BUỔI SÁNG,CÔNG TY TNHH SẢN XUẤT THƯƠNG M,Công ty trách nhiệm hữu hạn hai thành viên trở lên,"1.060, Khu Thương mại dịch vụ - Officetel, Tầng 1, Tòa nhà Sunrise City - North, Số 27 Đường Nguyễn Hữu Thọ, Phường Tân Hưng, Quận 7, Thành phố Hồ Chí Minh, Việt Nam",Quận 7,"1010: Chế biến, bảo quản thịt và các sản phẩm từ thịt-Chi tiết: Sơ chế và đóng gói thịt và các sản phẩm từ thịt (không giết mổ gia súc, gia cầm tại trụ sở);1020: Chế biến, bảo quản thuỷ sản và các sản",internet
316775518,CÔNG TY TNHH ANH DUNG SERVICES,CÔNG TY TNHH ANH DUNG SERVICES,Công ty trách nhiệm hữu hạn một thành viên,"Số 5, Đường 67, Khu dân cư Tân Quy Đông, Phường Tân Phong, Quận 7, Thành phố Hồ Chí Minh, Việt Nam",Quận 7,"4772: Bán lẻ thuốc, dụng cụ y tế, mỹ phẩm và vật phẩm vệ sinh trong các cửa hàng chuyên doanh-chi tiết: Bán lẻ nước hoa, mỹ phẩm và vật phẩm vệ sinh trong các cửa hàng chuyên doanh;4773: Bán lẻ hàng h",internet
316773905,CÔNG TY CỔ PHẦN HỆ THỐNG PHỤ KIỆN,CÔNG TY CỔ PHẦN HỆ THỐNG PHỤ K,Công ty cổ phần,"144 Bùi Văn Ba, Phường Tân Thuận Đông, Quận 7, Thành phố Hồ Chí Minh, Việt Nam",Quận 7,"4651: Bán buôn máy vi tính, thiết bị ngoại vi và phần mềm-;4652: Bán buôn thiết bị và linh kiện điện tử, viễn thông-;4791: Bán lẻ theo yêu cầu đặt hàng qua bưu điện hoặc internet-(trừ bán lẻ bình gas,",internet
316775846,CÔNG TY TNHH Q7 CPA,CÔNG TY TNHH Q7 CPA,Công ty trách nhiệm hữu hạn hai thành viên trở lên,"21 đường N4, Khu phức hợp thương mại dịch vụ và nhà ở tại số 16/9 đường Bùi Văn Ba, Phường Tân Thuận Đông, Quận 7, Thành phố Hồ Chí Minh, Việt Nam",Quận 7,"6920: Hoạt động liên quan đến kế toán, kiểm toán và tư vấn về thuế-Chi tiết: 
- Kinh doanh dịch vụ làm thủ tục về thuế (Điều 101 Luật Quản lý thuế 2019)
(trừ hoạt động liên quan đến kiểm toán);7020: H",internet
316778043,CÔNG TY TNHH THƯƠNG MẠI VẬN TẢI VIỄN THÔNG LÝ NGUYỄN,CÔNG TY TNHH THƯƠNG MẠI VẬN TẢ,Công ty trách nhiệm hữu hạn một thành viên,"549 Huỳnh Tấn Phát, Phường Tân Thuận Đông, Quận 7, Thành phố Hồ Chí Minh, Việt Nam",Quận 7,"8230: Tổ chức giới thiệu và xúc tiến thương mại-Chi tiết: Tổ chức xúc tiến và quản lý các sự kiện (Không thực hiện các hiệu ứng cháy, nổ: không sử dụng chất nổ, chất cháy, hóa chất làm đạo cụ, dụng cụ",internet
316778798,CÔNG TY TNHH COGACE,CÔNG TY TNHH COGACE,Công ty trách nhiệm hữu hạn một thành viên,"Số 15G1 Đường 63, Phường Tân Phong, Quận 7, Thành phố Hồ Chí Minh, Việt Nam",Quận 7,"7310: Quảng cáo-;1811: In ấn-;1812: Dịch vụ liên quan đến in-;4610: Đại lý, môi giới, đấu giá hàng hóa-(trừ đấu giá tài sản); 4633: Bán buôn đồ uống-;4641: Bán buôn vải, hàng may mặc, giày dép-;4649: ",internet
316781007,CÔNG TY CỔ PHẦN TATINTA,CÔNG TY CỔ PHẦN TATINTA,Công ty cổ phần,"Số 03 Mỹ Phú 1A, Phường Tân Phú, Quận 7, Thành phố Hồ Chí Minh, Việt Nam",Quận 7,"1811: In ấn-(trừ in trên các sản phẩm vải sợi, dệt, may, đan và in tráng bao bì kim loại tại trụ sở);3290: Sản xuất khác chưa được phân vào đâu-Chi tiết: Sản xuất bảng hiệu, hộp đèn, panô, áp phích qu",internet
316782748,CÔNG TY CỔ PHẦN THIẾT BỊ VÀ CÔNG NGHỆ TECHMAC,CÔNG TY CỔ PHẦN THIẾT BỊ VÀ CÔ,Công ty cổ phần,"54/8 Võ Thị Nhờ, Phường Tân Thuận Đông, Quận 7, Thành phố Hồ Chí Minh, Việt Nam",Quận 7,"4659: Bán buôn máy móc, thiết bị và phụ tùng máy khác-Chi tiết: bán buôn máy móc, thiết bị và phụ tùng máy ngành may; bán buôn máy móc, thiết bị và phụ tùng máy ngành in; xuất nhập khẩu máy móc, thiết",internet
316782240,CÔNG TY TNHH ĐẦU TƯ THƯƠNG MẠI VÀ DỊCH VỤ ALO NGAY,CÔNG TY TNHH ĐẦU TƯ THƯƠNG MẠI,Công ty trách nhiệm hữu hạn một thành viên,"350/24 Huỳnh Tấn Phát, Phường Bình Thuận, Quận 7, Thành phố Hồ Chí Minh, Việt Nam",Quận 7,"9511: Sửa chữa máy vi tính và thiết bị ngoại vi-(trừ gia công cơ khí, tái chế phế thải, xi mạ điện tại trụ sở);9512: Sửa chữa thiết bị liên lạc-(trừ gia công cơ khí, tái chế phế thải, xi mạ điện tại t",internet
316785097,CÔNG TY TNHH AONE TECHNOLOGY VINA,CÔNG TY TNHH AONE TECHNOLOGY V,Công ty trách nhiệm hữu hạn một thành viên,"Tầng 5, Số 56 (R4-38) Đường số 6, Khu phố Hưng Phước 3, Phường Tân Phong, Quận 7, Thành phố Hồ Chí Minh, Việt Nam",Quận 7,"4653: Bán buôn máy móc, thiết bị và phụ tùng máy nông nghiệp-;4659: Bán buôn máy móc, thiết bị và phụ tùng máy khác-Chi tiết: Xuất nhập khẩu, bán buôn các loại máy móc, thiết bị tự động; máy móc đã qu",technology
316785379,CÔNG TY CỔ PHẦN ĐẦU TƯ DAYSHINE,CÔNG TY CỔ PHẦN ĐẦU TƯ DAYSHIN,Công ty cổ phần,"Số 7 Đường Số 5 Khu Dân cư Him Lam, Phường Tân Hưng, Quận 7, Thành phố Hồ Chí Minh, Việt Nam",Quận 7,"4772: Bán lẻ thuốc, dụng cụ y tế, mỹ phẩm và vật phẩm vệ sinh trong các cửa hàng chuyên doanh-Chi tiết: Bán lẻ dược phẩm và dụng cụ y tế; Bán lẻ nước hoa, hàng mỹ phẩm và chế phẩm vệ sinh;4649: Bán bu",internet
316786196,CÔNG TY TRÁCH NHIỆM HỮU HẠN LUẬT DTA,CÔNG TY TRÁCH NHIỆM HỮU HẠN LU,Công ty trách nhiệm hữu hạn một thành viên,"502/128 Huỳnh Tấn Phát, Phường Bình Thuận, Quận 7, Thành phố Hồ Chí Minh, Việt Nam",Quận 7,"4649: Bán buôn đồ dùng khác cho gia đình-Chi tiết: Bán buôn hàng gốm, sứ, thủy tinh; bán buôn đồ điện gia dụng, đèn và bộ đèn điện;4652: Bán buôn thiết bị và linh kiện điện tử, viễn thông-;4659: Bán b",internet
316786862,CÔNG TY TNHH THƯƠNG MẠI DỊCH VỤ XÂY DỰNG VÀ LẮP ĐẶT PHÚ GIA,CÔNG TY TNHH THƯƠNG MẠI DỊCH V,Công ty trách nhiệm hữu hạn một thành viên,"279/11/5 Lâm Văn Bền, Phường Bình Thuận, Quận 7, Thành phố Hồ Chí Minh, Việt Nam",Quận 7,"2592: Gia công cơ khí; xử lý và tráng phủ kim loại-Chi tiết: Gia công cơ khí (trừ xi mạ, phun phủ đánh bóng kim loại) (không gia công tại trụ sở, chỉ hoạt động khi cơ quan có thẩm quyền chấp thuận về ",internet
316790643,CÔNG TY CỔ PHẦN GIẢI PHÁP CÔNG NGHỆ VST,CÔNG TY CỔ PHẦN GIẢI PHÁP CÔNG,Công ty cổ phần,"62/29/22 Lâm Văn Bền, Phường Tân Kiểng, Quận 7, Thành phố Hồ Chí Minh, Việt Nam",Quận 7,"6201: Lập trình máy vi tính-Chi tiết: Sản xuất phần mềm;4651: Bán buôn máy vi tính, thiết bị ngoại vi và phần mềm-Chi tiết: Bán buôn phần mềm máy tính;4652: Bán buôn thiết bị và linh kiện điện tử, viễ",internet
316791975,CÔNG TY TNHH THƯƠNG MẠI DỊCH VỤ GIA HÙNG ANH,CÔNG TY TNHH THƯƠNG MẠI DỊCH V,Công ty trách nhiệm hữu hạn một thành viên,"118 Đường 39, Phường Tân Quy, Quận 7, Thành phố Hồ Chí Minh, Việt Nam",Quận 7,"4649: Bán buôn đồ dùng khác cho gia đình-;4652: Bán buôn thiết bị và linh kiện điện tử, viễn thông-;4641: Bán buôn vải, hàng may mặc, giày dép-;4663: Bán buôn vật liệu, thiết bị lắp đặt khác trong xây",internet
316796772,CÔNG TY TNHH TM DV NĂNG LƯỢNG VẠN LỘC,CÔNG TY TNHH TM DV NĂNG LƯỢNG ,Công ty trách nhiệm hữu hạn một thành viên,"Số 39 Đường số 9, Phường Tân Kiểng, Quận 7, Thành phố Hồ Chí Minh, Việt Nam",Quận 7,"4651: Bán buôn máy vi tính, thiết bị ngoại vi và phần mềm-;4652: Bán buôn thiết bị và linh kiện điện tử, viễn thông-;4653: Bán buôn máy móc, thiết bị và phụ tùng máy nông nghiệp-;4659: Bán buôn máy mó",internet
316798794,CÔNG TY TNHH PHÁT TRIỂN THƯƠNG MẠI XUẤT NHẬP KHẨU CASA,CÔNG TY TNHH PHÁT TRIỂN THƯƠNG,Công ty trách nhiệm hữu hạn một thành viên,"55 Hưng Thái 1, Phường Tân Phong, Quận 7, Thành phố Hồ Chí Minh, Việt Nam",Quận 7,"1079: Sản xuất thực phẩm khác chưa được phân vào đâu-(không hoạt động tại trụ sở);2023: Sản xuất mỹ phẩm, xà phòng, chất tẩy rửa, làm bóng và chế phẩm vệ sinh-(không hoạt động tại trụ sở);4620: Bán bu",internet
316795810,CÔNG TY TNHH GIẢI PHÁP TMC,CÔNG TY TNHH GIẢI PHÁP TMC,Công ty trách nhiệm hữu hạn một thành viên,"Số 197, đường Huỳnh Tấn Phát, Phường Tân Thuận Đông, Quận 7, Thành phố Hồ Chí Minh, Việt Nam",Quận 7,"4690: Bán buôn tổng hợp-(trừ bán buôn bình gas, khí dầu mỏ hóa lỏng LPG, dầu nhớt cặn, vàng miếng, súng, đạn loại dùng đi săn hoặc thể thao và tiền kim khí; không tồn trữ hóa chất; Thực hiện theo Quyế",internet
316797688,CÔNG TY CỔ PHẦN VIKIONE INC,CÔNG TY CỔ PHẦN VIKIONE INC,Công ty cổ phần,"Số 20 Đường G, Khu Biệt Thự Mỹ Phú 2, Phường Tân Phú, Quận 7, Thành phố Hồ Chí Minh, Việt Nam",Quận 7,"7490: Hoạt động chuyên môn, khoa học và công nghệ khác chưa được phân vào đâu-Chi tiết: Tư vấn về công nghệ (trừ Hoạt động của những nhà báo độc lập; Hoạt động đánh giá trừ bất động sản và bảo hiểm (c",internet
316800891,CÔNG TY TNHH NUÔI VÀ KINH DOANH YẾN SÀO MINH QUÂN,CÔNG TY TNHH NUÔI VÀ KINH DOAN,Công ty trách nhiệm hữu hạn một thành viên,"160/57/36/1H Nguyễn Văn Quỳ , Phường Phú Thuận, Quận 7, Thành phố Hồ Chí Minh, Việt Nam",Quận 7,"4620: Bán buôn nông, lâm sản nguyên liệu (trừ gỗ, tre, nứa) và động vật sống-(Không hoạt động tại trụ sở).;0146: Chăn nuôi gia cầm-Chi tiết: Nuôi chim yến (Không hoạt động tại trụ sở).;4633: Bán buôn ",internet
316806565,CÔNG TY TNHH CÀ PHÊ MINH AN,CÔNG TY TNHH CÀ PHÊ MINH AN,Công ty trách nhiệm hữu hạn một thành viên,"34 Đường số 6, Khu dân cư Him Lam, Phường Tân Hưng, Quận 7, Thành phố Hồ Chí Minh, Việt Nam",Quận 7,"1061: Xay xát và sản xuất bột thô-Chi tiết: Rang xay cà phê, chế biến cà phê hạt và cà phê bột (Không hoạt động tại trụ sở);1076: Sản xuất chè-Chi tiết: Trộn chè và chất phụ gia; Sản xuất chiết xuất v",internet
316812209,CÔNG TY TNHH ANALOGOUS,CÔNG TY TNHH ANALOGOUS,Công ty trách nhiệm hữu hạn hai thành viên trở lên,"14 đường 27, Phường Tân Phong, Quận 7, Thành phố Hồ Chí Minh, Việt Nam",Quận 7,0131: Nhân và chăm sóc cây giống hàng năm-(không hoạt động tại trụ sở);0132: Nhân và chăm sóc cây giống lâu năm-(không hoạt động tại trụ sở);0111: Trồng lúa-(không hoạt động tại trụ sở);0112: Trồng ng,internet
316815954,CÔNG TY TNHH DỊCH VỤ GIAO HÀNG TỐT NHẤT,CÔNG TY TNHH DỊCH VỤ GIAO HÀNG,Công ty trách nhiệm hữu hạn hai thành viên trở lên,"860/49 Huỳnh Tấn Phát, Khu phố 3, Phường Tân Phú, Quận 7, Thành phố Hồ Chí Minh, Việt Nam",Quận 7,"5310: Bưu chính-Chi tiết: Bưu chính trong phạm vi nội tỉnh, liên tỉnh;7912: Điều hành tua du lịch-Chi tiết: Kinh doanh dịch vụ lữ hành nội địa;7990: Dịch vụ đặt chỗ và các dịch vụ hỗ trợ liên quan đến",internet
316817824,CÔNG TY CỔ PHẦN GIẢI PHÁP CÔNG NGHỆ UNIBANK,CÔNG TY CỔ PHẦN GIẢI PHÁP CÔNG,Công ty cổ phần,"90 Hoàng Quốc Việt, Phường Phú Mỹ, Quận 7, Thành phố Hồ Chí Minh, Việt Nam",Quận 7,"6399: Dịch vụ thông tin khác chưa được phân vào đâu-Chi tiết: Dịch vụ cung cấp thông tin, nền tảng số;7310: Quảng cáo-;2610: Sản xuất linh kiện điện tử-;2620: Sản xuất máy vi tính và thiết bị ngoại vi",vi tinh
316819067,CÔNG TY TNHH XNK XD TÍN NGHĨA,CÔNG TY TNHH XNK XD TÍN NGHĨA,Công ty trách nhiệm hữu hạn một thành viên,"B2, KDC Kim Sơn, Đường Nguyễn Hữu Thọ, Phường Tân Phong, Quận 7, Thành phố Hồ Chí Minh, Việt Nam",Quận 7,"4741: Bán lẻ máy vi tính, thiết bị ngoại vi, phần mềm và thiết bị viễn thông trong các cửa hàng chuyên doanh-;4742: Bán lẻ thiết bị nghe nhìn trong các cửa hàng chuyên doanh-;4931: Vận tải hành khách ",internet
316825198,CÔNG TY TNHH PHÚC Ý MINH,CÔNG TY TNHH PHÚC Ý MINH,Công ty trách nhiệm hữu hạn một thành viên,"176/13A đường Nguyễn Thị Thập, Phường Bình Thuận, Quận 7, Thành phố Hồ Chí Minh, Việt Nam",Quận 7,"6492: Hoạt động cấp tín dụng khác-Chi tiết: Dịch vụ cầm đồ;4620: Bán buôn nông, lâm sản nguyên liệu (trừ gỗ, tre, nứa) và động vật sống-(không hoạt động tại trụ sở).; 4631: Bán buôn gạo, lúa mỳ, hạt n",internet
316825367,CÔNG TY TNHH DỊCH VỤ - XUẤT NHẬP KHẨU AN NHIÊN,CÔNG TY TNHH DỊCH VỤ  XUẤT NHẬ,Công ty trách nhiệm hữu hạn hai thành viên trở lên,"60/44/18A Lâm Văn Bền, Phường Tân Kiểng, Quận 7, Thành phố Hồ Chí Minh, Việt Nam",Quận 7,4933: Vận tải hàng hóa bằng đường bộ-(trừ hóa lỏng khí để vận chuyển);5210: Kho bãi và lưu giữ hàng hóa-(trừ kinh doanh kho bãi);5221: Hoạt động dịch vụ hỗ trợ trực tiếp cho vận tải đường sắt-(trừ kin,internet
316822817,CÔNG TY CỔ PHẦN ĐẦU TƯ VÀ XÂY DỰNG BUILD PLUS,CÔNG TY CỔ PHẦN ĐẦU TƯ VÀ XÂY ,Công ty cổ phần,"861/15/26a Trần Xuân Soạn, Phường Tân Hưng, Quận 7, Thành phố Hồ Chí Minh, Việt Nam",Quận 7,"4730: Bán lẻ nhiên liệu động cơ trong các cửa hàng chuyên doanh-Chi tiết: Bán lẻ xăng dầu và các sản phẩm liên quan (trừ kinh doanh khí dầu mỏ hóa lỏng LPG và dầu nhớt cặn); 4752: Bán lẻ đồ ngũ kim, s",internet
316829805,CÔNG TY CỔ PHẦN GIẢI PHÁP CÔNG NGHỆ ESOL,CÔNG TY CỔ PHẦN GIẢI PHÁP CÔNG,Công ty cổ phần,"90 Hoàng Quốc Việt, Phường Phú Mỹ, Quận 7, Thành phố Hồ Chí Minh, Việt Nam",Quận 7,"8299: Hoạt động dịch vụ hỗ trợ kinh doanh khác còn lại chưa được phân vào đâu-Chi tiết: Dịch vụ thương mại điện tử;7730: Cho thuê máy móc, thiết bị và đồ dùng hữu hình khác không kèm người điều khiển-",vi tinh
316837154,CÔNG TY TNHH TM DV ĐÔNG PHƯƠNG SG,CÔNG TY TNHH TM DV ĐÔNG PHƯƠNG,Công ty trách nhiệm hữu hạn một thành viên,"Tầng 2, Tòa nhà Golden King, số 15 Nguyễn Lương Bằng, Phường Tân Phú, Quận 7, Thành phố Hồ Chí Minh, Việt Nam",Quận 7,"4719: Bán lẻ khác trong các cửa hàng kinh doanh tổng hợp-Chi tiết: Bán lẻ trong siêu thị, trung tâm thương mại. Bán lẻ trong cửa hàng tiện lợi (trừ bán buôn bình gas, khí dầu mỏ hóa lỏng LPG, dầu nhớt",internet
316838976,CÔNG TY TNHH PORÊVES,CÔNG TY TNHH PORÊVES,Công ty trách nhiệm hữu hạn một thành viên,"Phòng 4.57, Tầng 4, Khu Officetel Tòa Nhà Sunrise City North, Số 27 Nguyễn Hữu Thọ, Phường Tân Hưng, Quận 7, Thành phố Hồ Chí Minh, Việt Nam",Quận 7,"4649: Bán buôn đồ dùng khác cho gia đình-;4719: Bán lẻ khác trong các cửa hàng kinh doanh tổng hợp-(trừ bán lẻ hóa chất, khí dầu mỏ hóa lỏng LPG, dầu nhớt cặn, vàng miếng, súng, đạn loại dùng đi săn h",internet
316839881,CÔNG TY TNHH HIGH TECH AGRICULTURAL PHÚC HẢI,CÔNG TY TNHH HIGH TECH AGRICUL,Công ty trách nhiệm hữu hạn hai thành viên trở lên,"Số 422 đường Nguyễn Thị Thập, Phường Tân Quy, Quận 7, Thành phố Hồ Chí Minh, Việt Nam",Quận 7,4791: Bán lẻ theo yêu cầu đặt hàng qua bưu điện hoặc internet-Chi tiết: Thực hiện quyền phân phối bán lẻ các hàng hóa theo quy định của pháp luật Việt Nam và các điều ước quốc tế mà Việt Nam là thành ,internet
316841785,CÔNG TY TNHH DỊCH VỤ MARKETING BẤT ĐỘNG SẢN READS,CÔNG TY TNHH DỊCH VỤ MARKETING,Công ty trách nhiệm hữu hạn hai thành viên trở lên,"132/20B Đường Tân Mỹ, Phường Tân Thuận Tây, Quận 7, Thành phố Hồ Chí Minh, Việt Nam",Quận 7,"6311: Xử lý dữ liệu, cho thuê và các hoạt động liên quan-Chi tiết: cho thuê tên miền internet, cho thuê trang web;6312: Cổng thông tin-Chi tiết: Thiết lập trang thông tin điện tử tổng hợp;6820: Tư vấn",internet
316843623,CÔNG TY TNHH LOCUS VISION,CÔNG TY TNHH LOCUS VISION,Công ty trách nhiệm hữu hạn một thành viên,"BS8 Trệt + Lửng (Số nhà 37 Tầng 1+2), Block B, Chung cư Florita, Số 83, Đường D1, Phường Tân Hưng, Quận 7, Thành phố Hồ Chí Minh, Việt Nam",Quận 7,"4690: Bán buôn tổng hợp-Chi tiết: Thực hiện quyền xuất khẩu, quyền nhập khẩu, quyền phân phối bán buôn các hàng hóa theo quy định của pháp luật Việt Nam và các điều ước quốc tế mà Việt Nam là thành vi",internet
316843817,CÔNG TY CỔ PHẦN THẾ GIỚI XANH 4M,CÔNG TY CỔ PHẦN THẾ GIỚI XANH ,Công ty cổ phần,"Phòng 702, Toà nhà M-Building, Số 09 Đường 08, Khu A, Đô Thị Mới Nam Thành Phố, Phường Tân Phú, Quận 7, Thành phố Hồ Chí Minh, Việt Nam",Quận 7,"4791: Bán lẻ theo yêu cầu đặt hàng qua bưu điện hoặc internet-(trừ bán lẻ bình gas, khí dầu mỏ hóa lỏng LPG, dầu nhớt cặn, vàng miếng, súng, đạn loại dùng đi săn hoặc thể thao và tiền kim khí và thực ",internet
316844017,CÔNG TY TNHH CÔNG NGHỆ SỐ HOÀNG QUÂN,CÔNG TY TNHH CÔNG NGHỆ SỐ HOÀN,Công ty trách nhiệm hữu hạn hai thành viên trở lên,"L36 Đường D7, khu TĐC Phạm Hữu Lầu, Phường Phú Mỹ, Quận 7, Thành phố Hồ Chí Minh, Việt Nam",Quận 7,"8230: Tổ chức giới thiệu và xúc tiến thương mại-(không thực hiện các hiệu ứng cháy, nổ; không sử dụng chất nổ, chất cháy, hóa chất làm đạo cụ, dụng cụ thực hiện các chương trình văn nghệ, sự kiện, phi",internet
316847868,CÔNG TY TNHH THƯƠNG MẠI & LOGISTICS HẢI MINH,CÔNG TY TNHH THƯƠNG MẠI  LOGIS,Công ty trách nhiệm hữu hạn một thành viên,"Số 32 Đường 15, Phường Tân Kiểng, Quận 7, Thành phố Hồ Chí Minh, Việt Nam",Quận 7,"1621: Sản xuất gỗ dán, gỗ lạng, ván ép và ván mỏng khác-;1629: Sản xuất sản phẩm khác từ gỗ; sản xuất sản phẩm từ tre, nứa, rơm, rạ và vật liệu tết bện-Chi tiết : Sản xuất viên nén gỗ;3312: Sửa chữa m",internet
316852120,CÔNG TY CỔ PHẦN CÔNG NGHỆ LOCA,CÔNG TY CỔ PHẦN CÔNG NGHỆ LOCA,Công ty cổ phần,"15 Nguyễn Lương Bằng, Phường Tân Phú, Quận 7, Thành phố Hồ Chí Minh, Việt Nam",Quận 7,6021: Hoạt động truyền hình-Chi tiết: Cung cấp dịch vụ giá trị gia tăng của dịch vụ truyền hình; Cung cấp dịch vụ truyền hình qua Internet; Cung cấp dịch vụ truyền hình trả tiền (chỉ thực hiện khi đượ,internet
316855241,CÔNG TY TNHH WS INTERACTIVE,CÔNG TY TNHH WS INTERACTIVE,Công ty trách nhiệm hữu hạn một thành viên,"Lầu 4-5, Tòa nhà Regus M, Số 9 Đường Số 8, Phường Tân Phú, Quận 7, Thành phố Hồ Chí Minh, Việt Nam",Quận 7,4791: Bán lẻ theo yêu cầu đặt hàng qua bưu điện hoặc internet-Chi tiết: Thực hiện quyền phân phối bán lẻ các hàng hóa theo quy định của pháp luật Việt Nam hoặc và các điều ước quốc tế mà Việt Nam là t,internet
316852459,CÔNG TY TNHH THỰC PHẨM FOHLA,CÔNG TY TNHH THỰC PHẨM FOHLA,Công ty trách nhiệm hữu hạn hai thành viên trở lên,"A97 Phú Thuận, Phường Phú Thuận, Quận 7, Thành phố Hồ Chí Minh, Việt Nam",Quận 7,4722: Bán lẻ thực phẩm trong các cửa hàng chuyên doanh-(Thực hiện theo quyết định 64/2009/QĐ-UBND ngày 31/7/2009 và quyết định 79/2009/QĐ-UBND ngày 17/10/2009 của Ủy Ban nhân dân TP. Hồ Chí Minh về ph,internet
316856076,CÔNG TY TNHH THƯƠNG MẠI TRƯƠNG GIA FOODS,CÔNG TY TNHH THƯƠNG MẠI TRƯƠNG,Công ty trách nhiệm hữu hạn một thành viên,"51/6 Nguyễn Thị Xiếu, Phường Tân Thuận Tây, Quận 7, Thành phố Hồ Chí Minh, Việt Nam",Quận 7,"4711: Bán lẻ lương thực, thực phẩm, đồ uống, thuốc lá, thuốc lào chiếm tỷ trọng lớn trong các cửa hàng kinh doanh tổng hợp-(thực hiện theo Quyết định 64/2009/QÐ-UBND ngày 31/7/2009 của ủy ban nhân dân",internet
316861372,CÔNG TY TNHH FLOWER FORCE,CÔNG TY TNHH FLOWER FORCE,Công ty trách nhiệm hữu hạn một thành viên,"34 đường P, Khu Phố Panorama, Phường Tân Phong, Quận 7, Thành phố Hồ Chí Minh, Việt Nam",Quận 7,"4791: Bán lẻ theo yêu cầu đặt hàng qua bưu điện hoặc internet-Chi tiết: Bán lẻ các sản phẩm chủ yếu là hoa, gấu bông, rượu, giỏ quà tặng theo yêu cầu của khách hàng(thực hiện theo quyết định 64/2009/Q",internet
316866162,CÔNG TY TNHH JASME VIỆT NAM,CÔNG TY TNHH JASME VIỆT NAM,Công ty trách nhiệm hữu hạn hai thành viên trở lên,"Số 81 đường C, Phường Tân Phú, Quận 7, Thành phố Hồ Chí Minh, Việt Nam",Quận 7,"4632: Bán buôn thực phẩm-Chi tiết: Bán buôn thực phẩm chức năng;4633: Bán buôn đồ uống-;4791: Bán lẻ theo yêu cầu đặt hàng qua bưu điện hoặc internet-(trừ tồn trữ hóa chất tại trụ sở, bán lẻ bình gas,",internet
316867310,CÔNG TY TNHH F123,CÔNG TY TNHH F123,Công ty trách nhiệm hữu hạn một thành viên,"116/93 Huỳnh Tấn Phát, Phường Tân Thuận Tây, Quận 7, Thành phố Hồ Chí Minh, Việt Nam",Quận 7,"6492: Hoạt động cấp tín dụng khác-chi tiết: dịch vụ cầm đồ; 6619: Hoạt động hỗ trợ dịch vụ tài chính chưa được phân vào đâu-Chi tiết: - Tư vấn đầu tư (trừ tư vấn tài chính, kế toán, pháp lý);8299: Hoạ",internet
316868258,CÔNG TY TNHH QT TECH,CÔNG TY TNHH QT TECH,Công ty trách nhiệm hữu hạn hai thành viên trở lên,"11/22 Đường số 10, Phường Bình Thuận, Quận 7, Thành phố Hồ Chí Minh, Việt Nam",Quận 7,"4741: Bán lẻ máy vi tính, thiết bị ngoại vi, phần mềm và thiết bị viễn thông trong các cửa hàng chuyên doanh-;6201: Lập trình máy vi tính-;6209: Hoạt động dịch vụ công nghệ thông tin và dịch vụ khác l",internet
316864408,CÔNG TY TNHH SẮT THÉP VẠN LỢI,CÔNG TY TNHH SẮT THÉP VẠN LỢI,Công ty trách nhiệm hữu hạn một thành viên,"Số 99 Đường 39, Phường Tân Quy, Quận 7, Thành phố Hồ Chí Minh, Việt Nam",Quận 7,"4789: Bán lẻ hàng hóa khác lưu động hoặc tại chợ-Chi tiết: Bán lẻ thiết bị, đồ dùng gia đình, hàng điện tử tiêu dùng (trừ bán lẻ bình gas, súng, đạn loại dùng đi săn hoặc thể thao và tiền kim khí; Thự",internet
316868402,CÔNG TY TNHH THƯƠNG MẠI DỊCH VỤ PHÚC NGUYÊN ANH,CÔNG TY TNHH THƯƠNG MẠI DỊCH V,Công ty trách nhiệm hữu hạn một thành viên,"645/51E Trần Xuân Soạn, Phường Tân Hưng, Quận 7, Thành phố Hồ Chí Minh, Việt Nam",Quận 7,"4652: Bán buôn thiết bị và linh kiện điện tử, viễn thông-;4659: Bán buôn máy móc, thiết bị và phụ tùng máy khác-;4649: Bán buôn đồ dùng khác cho gia đình-Chi tiết: Bán buôn máy ảnh; camera; máy nghe n",internet
316869928,CÔNG TY TNHH TOHOGENKAI VIỆT NAM,CÔNG TY TNHH TOHOGENKAI VIỆT N,Công ty trách nhiệm hữu hạn hai thành viên trở lên,"778/10/6G Huỳnh Tấn Phát, Phường Tân Phú, Quận 7, Thành phố Hồ Chí Minh, Việt Nam",Quận 7,"1062: Sản xuất tinh bột và các sản phẩm từ tinh bột-(Không hoạt động tại trụ sở);1071: Sản xuất các loại bánh từ bột-(Không hoạt động tại trụ sở);1073: Sản xuất ca cao, sôcôla và bánh kẹo-(Không hoạt ",internet
316875463,CÔNG TY TNHH THƯƠNG MẠI & DỊCH VỤ MINH LE BEU,CÔNG TY TNHH THƯƠNG MẠI  DỊCH ,Công ty trách nhiệm hữu hạn hai thành viên trở lên,"70 Trần Trọng Cung, Phường Tân Thuận Đông, Quận 7, Thành phố Hồ Chí Minh, Việt Nam",Quận 7,"7710: Cho thuê xe có động cơ-Chi tiết: Cho thuê mô tô, xe ô tô, xe máy;4649: Bán buôn đồ dùng khác cho gia đình-Chi tiết: Bán buôn va li, túi, cặp, túi, ví, thắt lưng, hàng du lịch... bằng da, giả da ",internet
316872864,CÔNG TY TNHH ĐẦU TƯ SẢN XUẤT THƯƠNG MẠI KIM SAN,CÔNG TY TNHH ĐẦU TƯ SẢN XUẤT T,Công ty trách nhiệm hữu hạn một thành viên,"197 Huỳnh Tấn Phát, Phường Tân Thuận Đông, Quận 7, Thành phố Hồ Chí Minh, Việt Nam",Quận 7,"4690: Bán buôn tổng hợp-(không tồn trữ hóa chất; trừ bán buôn phế liệu, phế thải kim loại, phi kim loại, khí dầu mỏ hóa lỏng LPG và thực hiện theo Quyết định 64/2009/QĐ-UBND ngày 31/7/2009 của Ủy ban ",internet
316877291,CÔNG TY TNHH ĐẦU TƯ HẢI SƠN MINH,CÔNG TY TNHH ĐẦU TƯ HẢI SƠN MI,Công ty trách nhiệm hữu hạn một thành viên,"Số 144 Đường 53, Phường Tân Quy, Quận 7, Thành phố Hồ Chí Minh, Việt Nam",Quận 7,"4789: Bán lẻ hàng hóa khác lưu động hoặc tại chợ-Chi tiết: Bán lẻ thiết bị, đồ dùng gia đình, hàng điện tử tiêu dùng (trừ bán lẻ bình gas, súng, đạn loại dùng đi săn hoặc thể thao và tiền kim khí; Thự",internet
316878087,CÔNG TY TNHH VẬN TẢI DUY SANG,CÔNG TY TNHH VẬN TẢI DUY SANG,Công ty trách nhiệm hữu hạn một thành viên,"A43 Khu Dân Cư Kim Sơn, Đường Nguyễn Hữu Thọ, Phường Tân Phong, Quận 7, Thành phố Hồ Chí Minh, Việt Nam",Quận 7,"2592: Gia công cơ khí; xử lý và tráng phủ kim loại--(không hoạt động tại trụ sở);3011: Đóng tàu và cấu kiện nổi--(không hoạt động tại trụ sở);3100: Sản xuất giường, tủ, bàn, ghế-;3315: Sửa chữa và bảo",internet
316881971,CÔNG TY TNHH THƯƠNG MẠI DỊCH VỤ RIVER,CÔNG TY TNHH THƯƠNG MẠI DỊCH V,Công ty trách nhiệm hữu hạn một thành viên,"502/51A Huỳnh Tấn Phát, Phường Bình Thuận, Quận 7, Thành phố Hồ Chí Minh, Việt Nam",Quận 7,3290: Sản xuất khác chưa được phân vào đâu-Chi tiết: Sản xuất nhang;4329: Lắp đặt hệ thống xây dựng khác-;4330: Hoàn thiện công trình xây dựng-;4669: Bán buôn chuyên doanh khác chưa được phân vào đâu-,internet
316878922,CÔNG TY TNHH ASIA COMMUNICATIONS,CÔNG TY TNHH ASIA COMMUNICATIO,Công ty trách nhiệm hữu hạn một thành viên,"Số 2 Nguyễn Văn Tưởng, Phường Tân Phú, Quận 7, Thành phố Hồ Chí Minh, Việt Nam",Quận 7,"7310: Quảng cáo-;4659: Bán buôn máy móc, thiết bị và phụ tùng máy khác-Chi tiết: Bán buôn máy móc, thiết bị văn phòng;4652: Bán buôn thiết bị và linh kiện điện tử, viễn thông-Chi tiết: Bán buôn điện t",internet
316885091,CÔNG TY TNHH JIAN SM,CÔNG TY TNHH JIAN SM,Công ty trách nhiệm hữu hạn một thành viên,"Số 5 Đường số 7, KDC Him Lam, Phường Tân Hưng, Quận 7, Thành phố Hồ Chí Minh, Việt Nam",Quận 7,"4773: Bán lẻ hàng hóa khác mới trong các cửa hàng chuyên doanh-(trừ bán lẻ bình gas, súng, đạn loại dùng đi săn hoặc thể thao và tiền kim khí, hóa chất và thực hiện theo Quyết định 64/2009/QĐ-UBND ngà",internet
316886320,CÔNG TY TNHH ECO PLUS,CÔNG TY TNHH ECO PLUS,Công ty trách nhiệm hữu hạn một thành viên,"A17 Đường D4, Phường Tân Hưng, Quận 7, Thành phố Hồ Chí Minh, Việt Nam",Quận 7,"4791: Bán lẻ theo yêu cầu đặt hàng qua bưu điện hoặc internet-(trừ bán lẻ khí dầu mỏ hóa lỏng LPG, bình gas, hóa chất, súng, đạn loại dùng đi săn hoặc thể thao và tiền kim kh",internet
316890366,CÔNG TY TNHH THƯƠNG MẠI DỊCH VỤ ECOMKING,CÔNG TY TNHH THƯƠNG MẠI DỊCH V,Công ty trách nhiệm hữu hạn một thành viên,"31 Lý Phục Man, Phường Bình Thuận, Quận 7, Thành phố Hồ Chí Minh, Việt Nam",Quận 7,"6209: Hoạt động dịch vụ công nghệ thông tin và dịch vụ khác liên quan đến máy vi tính-;4741: Bán lẻ máy vi tính, thiết bị ngoại vi, phần mềm và thiết bị viễn thông trong các cửa hàng chuyên doanh-;620",internet
316893198,CÔNG TY TNHH TRADE WIND,CÔNG TY TNHH TRADE WIND,Công ty trách nhiệm hữu hạn một thành viên,"Số 10, Đường Số 3, Khu Phố 2, Phường Phú Mỹ, Quận 7, Thành phố Hồ Chí Minh, Việt Nam",Quận 7,"4649: Bán buôn đồ dùng khác cho gia đình-(trừ dược phẩm);4659: Bán buôn máy móc, thiết bị và phụ tùng máy khác-;4651: Bán buôn máy vi tính, thiết bị ngoại vi và phần mềm-;4652: Bán buôn thiết bị và li",internet
316896022,CÔNG TY TNHH KỸ THUẬT ATG VIỆT NAM,CÔNG TY TNHH KỸ THUẬT ATG VIỆT,Công ty trách nhiệm hữu hạn hai thành viên trở lên,"53, Đường số 85, Khu Phố 1, Phường Tân Quy, Quận 7, Thành phố Hồ Chí Minh, Việt Nam",Quận 7,"4322: Lắp đặt hệ thống cấp, thoát nước, hệ thống sưởi và điều hoà không khí-(Trừ lắp đặt các thiết bị lạnh (thiết bị cấp đông, kho lạnh, máy đá, điều hòa không khí, làm lạnh nước) sử dụng ga lạnh R22 ",internet
316900744,CÔNG TY TNHH SẢN XUẤT THƯƠNG MẠI DỊCH VỤ THANH TÚ,CÔNG TY TNHH SẢN XUẤT THƯƠNG M,Công ty trách nhiệm hữu hạn một thành viên,"439 Lê Văn Lương, Phường Tân Phong, Quận 7, Thành phố Hồ Chí Minh, Việt Nam",Quận 7,"0810: Khai thác đá, cát, sỏi, đất sét--(không hoạt động tại trụ sở và Thành phố Hồ Chí Minh).;1040: Sản xuất dầu, mỡ động, thực vật-Chi tiết: Sản xuất và đóng hộp dầu, mỡ động, thực vật (không hoạt độ",internet
316900688,CÔNG TY TNHH 4P STORE,CÔNG TY TNHH 4P STORE,Công ty trách nhiệm hữu hạn hai thành viên trở lên,"Số 179/9 Đường Tân Mỹ, Phường Tân Thuận Tây, Quận 7, Thành phố Hồ Chí Minh, Việt Nam",Quận 7,"1811: In ấn-;1812: Dịch vụ liên quan đến in-;7410: Hoạt động thiết kế chuyên dụng-Chi tiết: - Thiết kế tạo mẫu - Thiết kế website;7310: Quảng cáo-;4610: Đại lý, môi giới, đấu giá hàng hóa-Chi tiết: Đạ",internet
316900952,CÔNG TY TNHH SẢN XUẤT THƯƠNG MẠI ORGANIC TRÀ,CÔNG TY TNHH SẢN XUẤT THƯƠNG,Công ty trách nhiệm hữu hạn một thành viên,"Số 38A, đường Mai Văn Vĩnh, Phường Tân Quy, Quận 7, Thành phố Hồ Chí Minh, Việt Nam",Quận 7,"4632: Bán buôn thực phẩm-Chi tiết:
Bán buôn rau, quả; Bán buôn thực phẩm khác
(Không hoạt động tại trụ sở); 0161: Hoạt động dịch vụ trồng trọt-; 0163: Hoạt động dịch vụ sau thu hoạch-; 1030: Chế",internet
316898037,CÔNG TY CỔ PHẦN TỔ HỢP TẬP ĐOÀN NÔNG NGHIỆP AN PHÁT,CÔNG TY CỔ PHẦN TỔ HỢP TẬP ĐOÀ,Công ty cổ phần,"Số 20 Đường số 47, Phường Tân Phong, Quận 7, Thành phố Hồ Chí Minh, Việt Nam",Quận 7,0131: Nhân và chăm sóc cây giống hàng năm-;0132: Nhân và chăm sóc cây giống lâu năm-;0164: Xử lý hạt giống để nhân giống-;0891: Khai thác khoáng hoá chất và khoáng phân bón-;2012: Sản xuất phân bón và,internet
316899947,CÔNG TY TNHH THƯƠNG MẠI - DỊCH VỤ THÀNH PHỐ MỚI,CÔNG TY TNHH THƯƠNG MẠI  DỊCH ,Công ty trách nhiệm hữu hạn hai thành viên trở lên,"15 Nguyễn Lương Bằng, Phường Tân Phú, Quận 7, Thành phố Hồ Chí Minh, Việt Nam",Quận 7,"0710: Khai thác quặng sắt-Chi tiết: Khai thác quặng kim loại; mua bán kim loại, quặng kim loại, sắt thép phế liệu;0810: Khai thác đá, cát, sỏi, đất sét-Chi tiết: Khai thác đá xây dựng, cột đá (không h",internet
316904234,CÔNG TY TNHH THƯƠNG MẠI THỜI TRANG KIHU GROUP,CÔNG TY TNHH THƯƠNG MẠI THỜI T,Công ty trách nhiệm hữu hạn hai thành viên trở lên,"D44 Đường Số 1 - Khu Phú Mỹ Chợ Lớn , Phường Phú Mỹ, Quận 7, Thành phố Hồ Chí Minh, Việt Nam",Quận 7,"4773: Bán lẻ hàng hóa khác mới trong các cửa hàng chuyên doanh-Chi tiết: Bán lẻ đồng hồ, kính mắt trong cửa hàng chuyên doanh. Bán lẻ hàng hóa khác mới trong các cửa hàng chuyên doanh (trừ bán lẻ bình",internet
316903960,CÔNG TY TNHH DAKOBI,CÔNG TY TNHH DAKOBI,Công ty trách nhiệm hữu hạn hai thành viên trở lên,"C1.01 Khu phố Thung lũng cảnh quan - Scenic Valley 2, Lô MD4-4, thuộc khu nhà chung cư, khu đô thị Phú Mỹ Hưng, đường Nguyễn Văn Linh, Phường Tân Phú, Quận 7, Thành phố Hồ Chí Minh, Việt Nam",Quận 7,5610: Nhà hàng và các dịch vụ ăn uống phục vụ lưu động-Chi tiết: Nhà hàng (CPC 643-642); 5621: Cung cấp dịch vụ ăn uống theo hợp đồng không thường xuyên với khách hàng-(CPC 643-642); 5629: Dịch vụ ăn ,internet
316907443,CÔNG TY TNHH SEJIN PARK,CÔNG TY TNHH SEJIN PARK,Công ty trách nhiệm hữu hạn hai thành viên trở lên,"59 Cao Triều Phát, Phường Tân Phong, Quận 7, Thành phố Hồ Chí Minh, Việt Nam",Quận 7,"4649: Bán buôn đồ dùng khác cho gia đình-Chi tiết: Bán buôn, xuất nhập khẩu nước hoa, mỹ phẩm (CPC 622); 4669: Bán buôn chuyên doanh khác chưa được phân vào đâu-Chi tiết: Bán buôn, xuất nhập khẩu nguy",internet
316907323,CÔNG TY TNHH I TREE COMPANY,CÔNG TY TNHH I TREE COMPANY,Công ty trách nhiệm hữu hạn hai thành viên trở lên,"Số R4-59 Đường Nội Khu phố Hưng Phước 1, Phú Mỹ Hưng, Phường Tân Phong, Quận 7, Thành phố Hồ Chí Minh, Việt Nam",Quận 7,"4641: Bán buôn vải, hàng may mặc, giày dép-(CPC 622); 4649: Bán buôn đồ dùng khác cho gia đình-(trừ kinh doanh dược phẩm). (CPC 622); 4669: Bán buôn chuyên doanh khác chưa được phân vào đâu-(trừ bán b",internet
316907316,CÔNG TY TNHH ARTS COMPANY,CÔNG TY TNHH ARTS COMPANY,Công ty trách nhiệm hữu hạn hai thành viên trở lên,"Số R4-59 Đường Nội Khu phố Hưng Phước 1, Phú Mỹ Hưng, Phường Tân Phong, Quận 7, Thành phố Hồ Chí Minh, Việt Nam",Quận 7,"4641: Bán buôn vải, hàng may mặc, giày dép-(CPC 622); 4649: Bán buôn đồ dùng khác cho gia đình-(CPC 622); 4669: Bán buôn chuyên doanh khác chưa được phân vào đâu-(trừ bán buôn hóa chất, khí dầu mỏ hóa",internet
316909190,CÔNG TY TNHH JW INTERNATIONAL,CÔNG TY TNHH JW INTERNATIONAL,Công ty trách nhiệm hữu hạn hai thành viên trở lên,"48 Hưng Gia 4, Phường Tân Phong, Quận 7, Thành phố Hồ Chí Minh, Việt Nam",Quận 7,"4723: Bán lẻ đồ uống trong các cửa hàng chuyên doanh-(CPC 631); 4759: Bán lẻ đồ điện gia dụng, giường, tủ, bàn, ghế và đồ nội thất tương tự, đèn và bộ đèn điện, đồ dùng gia đình khác chưa được phân và",internet
316907475,CÔNG TY TNHH GOLDEN BRIDGE KOREA,CÔNG TY TNHH GOLDEN BRIDGE KOR,Công ty trách nhiệm hữu hạn hai thành viên trở lên,"48 Hưng Gia 4, Phường Tân Phong, Quận 7, Thành phố Hồ Chí Minh, Việt Nam",Quận 7,"4723: Bán lẻ đồ uống trong các cửa hàng chuyên doanh-(CPC 631); 4759: Bán lẻ đồ điện gia dụng, giường, tủ, bàn, ghế và đồ nội thất tương tự, đèn và bộ đèn điện, đồ dùng gia đình khác chưa được phân và",internet
316909909,CÔNG TY TNHH MANOS,CÔNG TY TNHH MANOS,Công ty trách nhiệm hữu hạn hai thành viên trở lên,"48 Hưng Gia 4, Phường Tân Phong, Quận 7, Thành phố Hồ Chí Minh, Việt Nam",Quận 7,"4763: Bán lẻ thiết bị, dụng cụ thể dục, thể thao trong các cửa hàng chuyên doanh-(CPC 632); 4771: Bán lẻ hàng may mặc, giày dép, hàng da và giả da trong các cửa hàng chuyên doanh-(CPC 632); 4791: Bán ",internet
316909440,CÔNG TY TNHH HƯƠNG VIỆT 1936,CÔNG TY TNHH HƯƠNG VIỆT 1936,Công ty trách nhiệm hữu hạn một thành viên,"30K Hoàng Quốc Việt, Phường Phú Mỹ, Quận 7, Thành phố Hồ Chí Minh, Việt Nam",Quận 7,"1010: Chế biến, bảo quản thịt và các sản phẩm từ thịt-(không giết mổ gia súc, gia cầm tại trụ sở);1020: Chế biến, bảo quản thuỷ sản và các sản phẩm từ thuỷ sản-;1030: Chế biến và bảo quản rau quả-;107",internet
316911457,CÔNG TY TNHH IBK VINA,CÔNG TY TNHH IBK VINA,Công ty trách nhiệm hữu hạn hai thành viên trở lên,"48 Đường Nội Khu Hưng Gia 4, Phường Tân Phong, Quận 7, Thành phố Hồ Chí Minh, Việt Nam",Quận 7,"4723: Bán lẻ đồ uống trong các cửa hàng chuyên doanh-(CPC 631); 4759: Bán lẻ đồ điện gia dụng, giường, tủ, bàn, ghế và đồ nội thất tương tự, đèn và bộ đèn điện, đồ dùng gia đình khác chưa được phân và",internet
316911513,CÔNG TY TNHH WWITH,CÔNG TY TNHH WWITH,Công ty trách nhiệm hữu hạn hai thành viên trở lên,"Số 41, Đường Số 14 , Phường Tân Phong, Quận 7, Thành phố Hồ Chí Minh, Việt Nam",Quận 7,4723: Bán lẻ đồ uống trong các cửa hàng chuyên doanh-(CPC 631); 6201: Lập trình máy vi tính-Chi tiết: Sản xuất phần mềm (CPC 842); 6209: Hoạt động dịch vụ công nghệ thông tin và dịch vụ khác liên quan,internet
316912757,CÔNG TY TNHH PNK GOLFSTUDIO VIỆT NAM,CÔNG TY TNHH PNK GOLFSTUDIO VI,Công ty trách nhiệm hữu hạn một thành viên,"Phòng 501, Lầu 05, Tòa nhà Saigon Paragon, số 03 Nguyễn Lương Bằng, Phường Tân Phú, Quận 7, Thành phố Hồ Chí Minh, Việt Nam",Quận 7,"0231: Khai thác lâm sản khác trừ gỗ-;9319: Hoạt động thể thao khác-Chi tiết: Hoạt động của các nhà đạo diễn hoặc các nhà tổ chức sự kiện thể thao, có hoặc không có cơ sở; Hoạt động liên quan đến thúc ",internet
316912517,CÔNG TY TNHH ĐẦU TƯ 219,CÔNG TY TNHH ĐẦU TƯ 219,Công ty trách nhiệm hữu hạn một thành viên,"219 Nguyễn Thị Thập, Phường Tân Phú, Quận 7, Thành phố Hồ Chí Minh, Việt Nam",Quận 7,"1512: Sản xuất vali, túi xách và các loại tương tự, sản xuất yên đệm-;1811: In ấn-(trừ in, tráng bao bì kim loại, in trên sản phẩm vải, sợi, dệt, may đan tại trụ sở).;1812: Dịch vụ liên quan đến in-;2",internet
316914190,CÔNG TY TNHH HI PHONE,CÔNG TY TNHH HI PHONE,Công ty trách nhiệm hữu hạn một thành viên,"Tầng 2, Tòa nhà số 793/49/1 Trần Xuân Soạn, Phường Tân Hưng, Quận 7, Thành phố Hồ Chí Minh, Việt Nam",Quận 7,4633: Bán buôn đồ uống-;4723: Bán lẻ đồ uống trong các cửa hàng chuyên doanh-;4742: Bán lẻ thiết bị nghe nhìn trong các cửa hàng chuyên doanh-;4791: Bán lẻ theo yêu cầu đặt hàng qua bưu điện hoặc inte,internet
316914916,CÔNG TY TNHH JAYDEN & CO.,CÔNG TY TNHH JAYDEN  CO,Công ty trách nhiệm hữu hạn một thành viên,"Số 3 đường N, Phường Tân Phong, Quận 7, Thành phố Hồ Chí Minh, Việt Nam",Quận 7,"7020: Hoạt động tư vấn quản lý-Chi tiết: Tư vấn hỗ trợ phát triển doanh nghiệp, Tư vấn thiết lập văn phòng ( trừ tài chính và pháp lý);7320: Nghiên cứu thị trường và thăm dò dư luận-(không bao gồm các",internet
316914472,CÔNG TY TNHH SIÊU THỊ MINI 7 CHÚ LÙN STORE,CÔNG TY TNHH SIÊU THỊ MINI 7 C,Công ty trách nhiệm hữu hạn một thành viên,"441/4 Lê Văn Lương, Phường Tân Phong, Quận 7, Thành phố Hồ Chí Minh, Việt Nam",Quận 7,"4632: Bán buôn thực phẩm-(không hoạt động tại trụ sở);5629: Dịch vụ ăn uống khác-;4782: Bán lẻ hàng dệt, may sẵn, giày dép lưu động hoặc tại chợ-Chi tiết: - Bán lẻ hàng dệt lưu động hoặc tại chợ; - Bá",internet
316916286,CÔNG TY TNHH STUDIO JEMI,CÔNG TY TNHH STUDIO JEMI,Công ty trách nhiệm hữu hạn một thành viên,"Số 49 Đường 14, KDC Him Lam, Phường Tân Hưng, Quận 7, Thành phố Hồ Chí Minh, Việt Nam",Quận 7,"8219: Photo, chuẩn bị tài liệu và các hoạt động hỗ trợ văn phòng đặc biệt khác-- Chi tiết: photo, chuẩn bị tài liệu;8230: Tổ chức giới thiệu và xúc tiến thương mại-- Chi tiết: Tổ chức hội nghị, hội th",internet
316916342,CÔNG TY TNHH XUẤT NHẬP KHẨU CS,CÔNG TY TNHH XUẤT NHẬP KHẨU CS,Công ty trách nhiệm hữu hạn một thành viên,"Tầng 2, Số 15 Đường Nguyễn Lương Bằng, Phường Tân Phú, Quận 7, Thành phố Hồ Chí Minh, Việt Nam",Quận 7,"7490: Hoạt động chuyên môn, khoa học và công nghệ khác chưa được phân vào đâu-(trừ thanh toán hối phiếu, thông tin tỷ lệ lượng và tư vấn chứng khoán);3290: Sản xuất khác chưa được phân vào đâu-(trừ Sả",internet
316917730,CÔNG TY TNHH ĐẦU TƯ PHÁT TRIỂN T. HOA ĐÀO,CÔNG TY TNHH ĐẦU TƯ PHÁT TRIỂN,Công ty trách nhiệm hữu hạn một thành viên,"300/34/44 C Nguyễn Văn Linh, Khu Phố 4, Phường Bình Thuận, Quận 7, Thành phố Hồ Chí Minh, Việt Nam",Quận 7,"0150: Trồng trọt, chăn nuôi hỗn hợp-;0118: Trồng rau, đậu các loại và trồng hoa-;4102: Xây dựng nhà không để ở-;4101: Xây dựng nhà để ở-;4311: Phá dỡ-;4312: Chuẩn bị mặt bằng-;4330: Hoàn thiện công tr",internet
316918519,CÔNG TY TNHH MINH HẠNH PHÁT.,CÔNG TY TNHH MINH HẠNH PHÁT,Công ty trách nhiệm hữu hạn hai thành viên trở lên,"89A đường 15, KP2, Phường Tân Kiểng, Quận 7, Thành phố Hồ Chí Minh, Việt Nam",Quận 7,"4632: Bán buôn thực phẩm-Chi tiết: Bán buôn các sản phẩm sữa, bánh, kẹo , cacao, socola và các sản phẩm chế biến từ ngũ cốc, bột, tinh bột...; Bán buôn thịt và các sản phẩm từ thịt, thủy sản, rau quả,",internet
316920067,CÔNG TY TNHH EN INTERNATIONAL,CÔNG TY TNHH EN INTERNATIONAL,Công ty trách nhiệm hữu hạn hai thành viên trở lên,"Trệt B12, Tòa nhà Phú Mã Dương, số 79/5 đường Hoàng Văn Thái, Khu TTTM Tài chính quốc tế Phú Mỹ Hưng, Phường Tân Phú, Quận 7, Thành phố Hồ Chí Minh, Việt Nam",Quận 7,"4610: Đại lý, môi giới, đấu giá hàng hóa-Chi tiết: Dịch vụ đại lý hoa hồng
(CPC 621); 5229: Hoạt động dịch vụ hỗ trợ khác liên quan đến vận tải-Chi tiết: Dịch vụ đại lý vận tải hàng hóa; Dịch vụ giao ",internet
316921504,CÔNG TY TNHH COPDEAL,CÔNG TY TNHH COPDEAL,Công ty trách nhiệm hữu hạn hai thành viên trở lên,"Số 19 Lô B đường D4, Khu phố 2, Phường Phú Mỹ, Quận 7, Thành phố Hồ Chí Minh, Việt Nam",Quận 7,"4791: Bán lẻ theo yêu cầu đặt hàng qua bưu điện hoặc internet-(trừ bán lẻ hóa chất, khí dầu mỏ hóa lỏng LPG, dầu nhớt cặn, vàng miếng, súng, đạn loại dùng đi săn hoặc thể thao và tiền kim khí; Thực hi",internet
316920973,CÔNG TY CP B52 - QT,CÔNG TY CP B52  QT,Công ty cổ phần,"95/58 Lê Văn Lương , Phường Tân Kiểng, Quận 7, Thành phố Hồ Chí Minh, Việt Nam",Quận 7,4791: Bán lẻ theo yêu cầu đặt hàng qua bưu điện hoặc internet-;5630: Dịch vụ phục vụ đồ uống-;4723: Bán lẻ đồ uống trong các cửa hàng chuyên doanh-;,internet
316920719,CÔNG TY TNHH KAS GLOBAL,CÔNG TY TNHH KAS GLOBAL,Công ty trách nhiệm hữu hạn hai thành viên trở lên,"Số R4-59 Đường Nội Khu phố Hưng Phước 1, Phú Mỹ Hưng, Phường Tân Phong, Quận 7, Thành phố Hồ Chí Minh, Việt Nam",Quận 7,"4641: Bán buôn vải, hàng may mặc, giày dép-(CPC 622); 4649: Bán buôn đồ dùng khác cho gia đình-(trừ dược phẩm) (CPC 622); 4772: Bán lẻ thuốc, dụng cụ y tế, mỹ phẩm và vật phẩm vệ sinh trong các cửa hà",internet
316923156,CÔNG TY CỔ PHẦN PHÁT TRIỂN PHÚ GIA HƯNG,CÔNG TY CỔ PHẦN PHÁT TRIỂN PHÚ,Công ty cổ phần,"số 10 đường số 7, Phường Bình Thuận, Quận 7, Thành phố Hồ Chí Minh, Việt Nam",Quận 7,"6810: Kinh doanh bất động sản, quyền sử dụng đất thuộc chủ sở hữu, chủ sử dụng hoặc đi thuê-;6820: Tư vấn, môi giới, đấu giá bất động sản, đấu giá quyền sử dụng đất-Chi tiết: Tư vấn, môi giới bất động",internet
316922184,CÔNG TY TNHH CABIN,CÔNG TY TNHH CABIN,Công ty trách nhiệm hữu hạn một thành viên,"307 Huỳnh Tấn Phát, Phường Tân Thuận Đông, Quận 7, Thành phố Hồ Chí Minh, Việt Nam",Quận 7,"4632: Bán buôn thực phẩm-(Không hoạt động tại trụ sở);4610: Đại lý, môi giới, đấu giá hàng hóa-Chi tiết: Đại lý bán hàng hóa;7310: Quảng cáo-;8230: Tổ chức giới thiệu và xúc tiến thương mại-(không thự",internet
316923036,CÔNG TY TNHH ĐẦU TƯ THƯƠNG MẠI XUẤT NHẬP KHẨU NHẬT MỸ,CÔNG TY TNHH ĐẦU TƯ THƯƠNG MẠI,Công ty trách nhiệm hữu hạn hai thành viên trở lên,"Số 11, Đường số 8, KP3, Phường Bình Thuận, Quận 7, Thành phố Hồ Chí Minh, Việt Nam",Quận 7,"4620: Bán buôn nông, lâm sản nguyên liệu (trừ gỗ, tre, nứa) và động vật sống-Chi tiết: Bán buôn thóc, ngô và các loại hạt ngũ cốc khác (trừ buôn bán các loại đậu); Bán buôn hoa (không hoạt động tại tr",internet
316924216,CÔNG TY TNHH CHAMSARI,CÔNG TY TNHH CHAMSARI,Công ty trách nhiệm hữu hạn một thành viên,"110, Phạm Hữu Lầu, Phường Phú Mỹ, Quận 7, Thành phố Hồ Chí Minh, Việt Nam",Quận 7,"4620: Bán buôn nông, lâm sản nguyên liệu (trừ gỗ, tre, nứa) và động vật sống-Chi tiết: Bán buôn nông, lâm sản nguyên liệu (trừ gỗ, tre, nứa) và động vật sống ( không hoạt động tại trụ sở); xuất nhập k",internet
316927136,CÔNG TY TNHH KỸ THUẬT AN TOÀN PHÒNG CHÁY CHỮA CHÁY SAFICO,CÔNG TY TNHH KỸ THUẬT AN TOÀN ,Công ty trách nhiệm hữu hạn hai thành viên trở lên,"440 Đường Tân Phú,khu Nam Thông 3-S14,khu phố 6, Phường Tân Phú, Quận 7, Thành phố Hồ Chí Minh, Việt Nam",Quận 7,"4321: Lắp đặt hệ thống điện-chi tiết: thi công lắp đặt hệ thống chống sét, chống trộm, hệ thống phòng cháy chữa cháy; lắp đặt hệ thống camera quan sát, báo động điện tử; lắp đặt dây điện và thiết bị đ",internet
316927030,CÔNG TY TNHH SR SOLUTION,CÔNG TY TNHH SR SOLUTION,Công ty trách nhiệm hữu hạn một thành viên,"Số 78 Cao Triều Phát, Phường Tân Phong, Quận 7, Thành phố Hồ Chí Minh, Việt Nam",Quận 7,"4772: Bán lẻ thuốc, dụng cụ y tế, mỹ phẩm và vật phẩm vệ sinh trong các cửa hàng chuyên doanh-Chi tiết: Bán lẻ dụng cụ y tế, mỹ phẩm và vật phẩm vệ sinh trong các cửa hàng chuyên doanh
(thực hiện theo",internet
316928034,CÔNG TY TNHH XE ĐẠP TỐT SÀI GÒN,CÔNG TY TNHH XE ĐẠP TỐT SÀI GÒ,Công ty trách nhiệm hữu hạn một thành viên,"1160 Huỳnh Tấn Phát, Phường Tân Phú, Quận 7, Thành phố Hồ Chí Minh, Việt Nam",Quận 7,"4610: Đại lý, môi giới, đấu giá hàng hóa-Chi tiết: Đại lý bán hàng hóa (trừ đấu giá hàng hóa, trừ môi giới bất động sản);4649: Bán buôn đồ dùng khác cho gia đình-Chi tiết: Bán buôn xe đạp và phụ tùng ",internet
316932841,CÔNG TY TNHH VNTYPHOON,CÔNG TY TNHH VNTYPHOON,Công ty trách nhiệm hữu hạn một thành viên,"B18.04 Sunrise City View 33 Nguyễn Hữu Thọ, Phường Tân Hưng, Quận 7, Thành phố Hồ Chí Minh, Việt Nam",Quận 7,"7710: Cho thuê xe có động cơ-;4520: Bảo dưỡng, sửa chữa ô tô và xe có động cơ khác-;5229: Hoạt động dịch vụ hỗ trợ khác liên quan đến vận tải-(trừ hóa lỏng khí để vận chuyển và hoạt động liên quan đến",internet
316931051,CÔNG TY TNHH TRUYỀN THÔNG VÀ QUẢNG CÁO SBSALLIANCE,CÔNG TY TNHH TRUYỀN THÔNG VÀ Q,Công ty trách nhiệm hữu hạn một thành viên,"C16 Cao Thị Chính, Phường Phú Thuận, Quận 7, Thành phố Hồ Chí Minh, Việt Nam",Quận 7,"4520: Bảo dưỡng, sửa chữa ô tô và xe có động cơ khác-;4530: Bán phụ tùng và các bộ phận phụ trợ của ô tô và xe có động cơ khác-;4541: Bán mô tô, xe máy-;4542: Bảo dưỡng và sửa chữa mô tô, xe máy-;4543",internet
316933820,CÔNG TY TNHH CLEAN LIFE CORPORATION,CÔNG TY TNHH CLEAN LIFE CORPOR,Công ty trách nhiệm hữu hạn hai thành viên trở lên,"Số 13 Đường 1B, Khu phố 2, Phường Phú Mỹ, Quận 7, Thành phố Hồ Chí Minh, Việt Nam",Quận 7,"4719: Bán lẻ khác trong các cửa hàng kinh doanh tổng hợp-(Trừ bán lẻ hóa chất, khí dầu mỏ hóa lỏng LPG, dầu nhớt cặn, vàng miếng, súng, đạn loại dùng đi săn hoặc thể thao và tiền kim khí; Thực hiện th",internet
316935641,CÔNG TY CỔ PHẦN FDV SYSTEM 4.0,CÔNG TY CỔ PHẦN FDV SYSTEM 40,Công ty cổ phần,"21 Đường Số 15, Phường Tân Kiểng, Quận 7, Thành phố Hồ Chí Minh, Việt Nam",Quận 7,"4610: Đại lý, môi giới, đấu giá hàng hóa-Chi tiết: Đại lý, môi giới;4631: Bán buôn gạo, lúa mỳ, hạt ngũ cốc khác, bột mỳ-(Không hoạt động tại trụ sở).;4632: Bán buôn thực phẩm-(Không hoạt động tại trụ",internet
316938522,CÔNG TY TNHH MI GUNG 365 VINA,CÔNG TY TNHH MI GUNG 365 VINA,Công ty trách nhiệm hữu hạn một thành viên,"Số 42, Đường Số 4, Phường Phú Mỹ, Quận 7, Thành phố Hồ Chí Minh, Việt Nam",Quận 7,4723: Bán lẻ đồ uống trong các cửa hàng chuyên doanh-(CPC 631); 4722: Bán lẻ thực phẩm trong các cửa hàng chuyên doanh-(Thực hiện theo quyết định số 64/2009/QĐ-UBND ngày 31/7/2009 và quyết định số 79/,internet
316943755,CÔNG TY TNHH JOO'S COMPANY,CÔNG TY TNHH JOOS COMPANY,Công ty trách nhiệm hữu hạn hai thành viên trở lên,"48 Đường Nội Khu Hưng Gia 4, Phường Tân Phong, Quận 7, Thành phố Hồ Chí Minh, Việt Nam",Quận 7,"4719: Bán lẻ khác trong các cửa hàng kinh doanh tổng hợp-(trừ đấu giá, bán lẻ bình gas, súng, đạn loại dùng đi săn hoặc thể thao, tiền kim khí và mua bán vàng miếng; thực hiện theo Quyết định 64/2009/",internet
316944075,CÔNG TY TNHH KTH DUKE 8283,CÔNG TY TNHH KTH DUKE 8283,Công ty trách nhiệm hữu hạn một thành viên,"Số 78 Cao Triều Phát, Phường Tân Phong, Quận 7, Thành phố Hồ Chí Minh, Việt Nam",Quận 7,5229: Hoạt động dịch vụ hỗ trợ khác liên quan đến vận tải-(trừ hóa lỏng khí để vận chuyển và hoạt động liên quan đến vận tải đường hàng không).;5310: Bưu chính-Chi tiết: Dịch vụ bưu chính trong phạm v,internet
316945167,CÔNG TY TNHH SẢN XUẤT & THƯƠNG MẠI KỸ THUẬT ANH ĐẠI PHÁT,CÔNG TY TNHH SẢN XUẤT  THƯƠNG ,Công ty trách nhiệm hữu hạn hai thành viên trở lên,"1225/30A Huỳnh Tấn Phát, KP4, Phường Phú Thuận, Quận 7, Thành phố Hồ Chí Minh, Việt Nam",Quận 7,"4669: Bán buôn chuyên doanh khác chưa được phân vào đâu-Chi tiết: Bán buôn bao bì tráng nhựa, bao bì giấy, giấy tấm, giấy sóng, thùng carton, nguyên liệu giấy; Bán buôn vật tư ngành in ấn; Bán buôn má",internet
316947823,CÔNG TY TNHH WOON YONG,CÔNG TY TNHH WOON YONG,Công ty trách nhiệm hữu hạn một thành viên,"48 Hưng Gia 4, Phường Tân Phong, Quận 7, Thành phố Hồ Chí Minh, Việt Nam",Quận 7,"4723: Bán lẻ đồ uống trong các cửa hàng chuyên doanh-(CPC 631);4759: Bán lẻ đồ điện gia dụng, giường, tủ, bàn, ghế và đồ nội thất tương tự, đèn và bộ đèn điện, đồ dùng gia đình khác chưa được phân vào",internet
316951019,CÔNG TY TNHH THƯƠNG MẠI DỊCH VỤ THIẾT BỊ Y TẾ Á CHÂU,CÔNG TY TNHH THƯƠNG MẠI DỊCH,Công ty trách nhiệm hữu hạn một thành viên,"38/13D Đường Tân Thuận Tây, Tổ 6, Khu Phố 1, Phường Tân Thuận Tây, Quận 7, Thành phố Hồ Chí Minh, Việt Nam",Quận 7,"4669: Bán buôn chuyên doanh khác chưa được phân vào đâu-(trừ bán buôn bình gas, khí dầu mỏ hóa lỏng LPG, dầu nhớt cặn, vàng miếng, súng, đạn loại dùng đi săn hoặc thể thao và tiền kim khí, trừ bán buô",internet
316951530,CÔNG TY CỔ PHẦN CÔNG NGHỆ ADM,CÔNG TY CỔ PHẦN CÔNG NGHỆ ADM,Công ty cổ phần,"Tòa nhà Golden King, số 15 đường Nguyễn Lương Bằng, Phường Tân Phú, Quận 7, Thành phố Hồ Chí Minh, Việt Nam",Quận 7,"5229: Hoạt động dịch vụ hỗ trợ khác liên quan đến vận tải-Chi tiết: Đại lý bán vé máy bay;2790: Sản xuất thiết bị điện khác-Chi tiết: Sản xuất, chế tạo, lắp ráp tủ bảng điện;;4511: Bán buôn ô tô và xe",internet
316953390,CÔNG TY CỔ PHẦN INVESTMENT IMPERORS HOLDINGS,CÔNG TY CỔ PHẦN INVESTMENT IMP,Công ty cổ phần,"Số 08, Đường số 11, Phường Phú Mỹ, Quận 7, Thành phố Hồ Chí Minh, Việt Nam",Quận 7,"6810: Kinh doanh bất động sản, quyền sử dụng đất thuộc chủ sở hữu, chủ sử dụng hoặc đi thuê-Chi tiết: Mua, bán nhà ở và quyền sử dụng đất ở; Mua, bán nhà và quyền sử dụng đất không để ở; Cho thuê, điề",internet
316954725,CÔNG TY TNHH BUYING VIỆT NAM,CÔNG TY TNHH BUYING VIỆT NAM,Công ty trách nhiệm hữu hạn hai thành viên trở lên,"36 đường 2A, Phường Phú Mỹ, Quận 7, Thành phố Hồ Chí Minh, Việt Nam",Quận 7,"6202: Tư vấn máy vi tính và quản trị hệ thống máy vi tính-;9101: Hoạt động thư viện và lưu trữ-Chi tiết: Xây dựng cơ cở dữ liệu, lưu trữ dữ liệu (trừ dữ liệu Nhà nước cấm);7310: Quảng cáo-;5911: Hoạt ",internet
316955292,CÔNG TY TNHH BETTER FOOD CHAIN,CÔNG TY TNHH BETTER FOOD CHAIN,Công ty trách nhiệm hữu hạn hai thành viên trở lên,"Tầng 2, Tòa nhà TTC, Số 1, ĐườngTân Thuận, Khu chế xuất Tân Thuận, Phường Tân Thuận Đông, Quận 7, Thành phố Hồ Chí Minh, Việt Nam",Quận 7,"0149: Chăn nuôi khác-(không hoạt động tại trụ sở);0321: Nuôi trồng thuỷ sản biển-Chi tiết: Nuôi cá, Nuôi tôm, Nuôi thủy sản khác (không hoạt động tại trụ sở);0322: Nuôi trồng thuỷ sản nội địa-Chi tiết",internet
316956024,CÔNG TY TNHH CUNG ỨNG NHÂN LỰC ĐẠI DƯƠNG XANH,CÔNG TY TNHH CUNG ỨNG NHÂN LỰC,Công ty trách nhiệm hữu hạn một thành viên,"Phòng 101, Tầng 1 Toà nhà Win Home, 197 Huỳnh Tấn Phát, Phường Tân Thuận Đông, Quận 7, Thành phố Hồ Chí Minh, Việt Nam",Quận 7,"3100: Sản xuất giường, tủ, bàn, ghế-chi tiết: Sản xuất giường, tủ, bàn, ghế bằng gỗ (trừ chế biến gỗ). Sản xuất giường, tủ, bàn, ghế bằng mọi chất liệu (trừ gỗ, đá, bê tông, gốm và trừ gia công cơ khí",internet
316956867,CÔNG TY TNHH THƯƠNG MẠI TƯ VẤN VÀ ĐẦU TƯ PHỤ NỮ VIỆT 4.0,CÔNG TY TNHH THƯƠNG MẠI TƯ VẤN,Công ty trách nhiệm hữu hạn một thành viên,"142/40B Nguyễn Thị Thập, Phường Bình Thuận, Quận 7, Thành phố Hồ Chí Minh, Việt Nam",Quận 7,"1811: In ấn-(trừ in, tráng bao bì kim loại và in trên các sản phẩm vải, sợi, dệt, may, đan tại trụ sở);1812: Dịch vụ liên quan đến in-;1820: Sao chép bản ghi các loại-;4610: Đại lý, môi giới, đấu giá ",internet
316958039,CÔNG TY TNHH MTV CHỢ QUÊ TIỀN GIANG,CÔNG TY TNHH MTV CHỢ QUÊ TIỀN ,Công ty trách nhiệm hữu hạn một thành viên,"003 An Hòa 5, KDC Nam Long, Phường Tân Thuận Đông, Quận 7, Thành phố Hồ Chí Minh, Việt Nam",Quận 7,"4610: Đại lý, môi giới, đấu giá hàng hóa-Chi tiết: Đại lý bán hàng hóa;4631: Bán buôn gạo, lúa mỳ, hạt ngũ cốc khác, bột mỳ-(không hoạt động tại trụ sở);4632: Bán buôn thực phẩm-(không hoạt động tại t",internet
316959201,CÔNG TY CỔ PHẦN SM LIFESTYLE,CÔNG TY CỔ PHẦN SM LIFESTYLE,Công ty cổ phần,"Gian hàng 4F-41, tầng 4, TTTM Crescent Mall, số 101, đường Tôn Dật Tiên, Phường Tân Phú, Quận 7, Thành phố Hồ Chí Minh, Việt Nam",Quận 7,"4690: Bán buôn tổng hợp-Chi tiết: Thực hiện quyền xuất khẩu, quyền nhập khẩu và quyền phân phối bán buôn các hàng hóa không thuộc danh mục hàng hóa cấm xuất khẩu, cấm nhập khẩu và danh mục hàng hóa kh",internet
316959473,CÔNG TY TNHH IFC GLOBAL,CÔNG TY TNHH IFC GLOBAL,Công ty trách nhiệm hữu hạn một thành viên,"Số 5 Đường số 2, KDC Him Lam, Phường Tân Hưng, Quận 7, Thành phố Hồ Chí Minh, Việt Nam",Quận 7,"7320: Nghiên cứu thị trường và thăm dò dư luận-;8230: Tổ chức giới thiệu và xúc tiến thương mại-Chi tiết: Tổ chức hội nghị, hội thảo, lễ hội (không thực hiện các hiệu ứng cháy, nổ; không sử dụng chất ",internet
316960535,CÔNG TY CỔ PHẦN XUẤT NHẬP KHẨU NK VIỆT NAM,CÔNG TY CỔ PHẦN XUẤT NHẬP KHẨU,Công ty cổ phần,"Số 10, Đường số 7 , Phường Bình Thuận, Quận 7, Thành phố Hồ Chí Minh, Việt Nam",Quận 7,"2394: Sản xuất xi măng, vôi và thạch cao-Chi tiết: Sản xuất vôi công nghiệp và dân dụng
(không hoạt động tại trụ sở);2395: Sản xuất bê tông và các sản phẩm từ bê tông, xi măng và thạch cao-(không hoạt",internet
316960630,CÔNG TY TNHH THƯƠNG MẠI DỊCH VỤ NNK,CÔNG TY TNHH THƯƠNG MẠI DỊCH V,Công ty trách nhiệm hữu hạn hai thành viên trở lên,"Số 19 Đường NB2, KDC phường Phú Thuận (La Casa), Phường Phú Thuận, Quận 7, Thành phố Hồ Chí Minh, Việt Nam",Quận 7,4722: Bán lẻ thực phẩm trong các cửa hàng chuyên doanh-(thực hiện theo Quyết định 64/2009/QĐ-UBND ngày 31/07/2009 và Quyết định 79/2009/QĐ-UBND ngày 17/10/2009 của Ủy ban nhân dân Thành phố Hồ Chí Min,internet
316960398,CÔNG TY TNHH TM DV XNK HẢI SẢN NHƯ Ý,CÔNG TY TNHH TM DV XNK HẢI SẢN,Công ty trách nhiệm hữu hạn một thành viên,"83 Đường Số 17, Phường Tân Quy, Quận 7, Thành phố Hồ Chí Minh, Việt Nam",Quận 7,"4620: Bán buôn nông, lâm sản nguyên liệu (trừ gỗ, tre, nứa) và động vật sống-(không hoạt động tại trụ sở).;4632: Bán buôn thực phẩm-Chi tiết: Xuất nhập khẩu Bán buôn thủy hải sản (không hoạt động tại ",internet
316961190,CÔNG TY TNHH SẢN XUẤT THƯƠNG MẠI KHỞI VINH,CÔNG TY TNHH SẢN XUẤT THƯƠNG M,Công ty trách nhiệm hữu hạn một thành viên,"13 Đường số 75, khu dân cư Tân Quy Đông, Phường Tân Phong, Quận 7, Thành phố Hồ Chí Minh, Việt Nam",Quận 7,"3290: Sản xuất khác chưa được phân vào đâu-chi tiết: sản xuất hàng lưu niệm, hàng thủ công mỹ nghệ;4610: Đại lý, môi giới, đấu giá hàng hóa-Chi tiết : Đại lý , môi giớihàng hóa;4649: Bán buôn đồ dùng ",internet
316962966,CÔNG TY TNHH XUẤT KHẨU VÀ NHẬP KHẨU AAL,CÔNG TY TNHH XUẤT KHẨU VÀ NHẬP,Công ty trách nhiệm hữu hạn một thành viên,"Số 56 Mai Văn Vĩnh, Phường Tân Quy, Quận 7, Thành phố Hồ Chí Minh, Việt Nam",Quận 7,"4610: Đại lý, môi giới, đấu giá hàng hóa--	Trừ hoạt động đấu giá;4669: Bán buôn chuyên doanh khác chưa được phân vào đâu--	trừ bán buôn bình gas, khí dầu mỏ hóa lỏng LPG, dầu nhớt cặn, vàng miếng, sún",internet
316965043,CÔNG TY TNHH YEONU,CÔNG TY TNHH YEONU,Công ty trách nhiệm hữu hạn một thành viên,"Số R4-59 Đường Nội Khu Hưng Phước 1, Phú Mỹ Hưng, Phường Tân Phong, Quận 7, Thành phố Hồ Chí Minh, Việt Nam",Quận 7,"4641: Bán buôn vải, hàng may mặc, giày dép-;4649: Bán buôn đồ dùng khác cho gia đình-;4771: Bán lẻ hàng may mặc, giày dép, hàng da và giả da trong các cửa hàng chuyên doanh-;4772: Bán lẻ thuốc, dụng c",internet
316968848,CÔNG TY CỔ PHẦN THƯƠNG MẠI DỊCH VỤ HÒ DÔ TA,CÔNG TY CỔ PHẦN THƯƠNG MẠI DỊC,Công ty cổ phần,"809 Trần Xuân Soạn, Phường Tân Hưng, Quận 7, Thành phố Hồ Chí Minh, Việt Nam",Quận 7,"0111: Trồng lúa-;0112: Trồng ngô và cây lương thực có hạt khác-;0113: Trồng cây lấy củ có chất bột-;0114: Trồng cây mía-;0115: Trồng cây thuốc lá, thuốc lào-;0116: Trồng cây lấy sợi-;0117: Trồng cây c",internet
316969915,CÔNG TY TNHH TƯ VẤN GIÁO DỤC VÀ ĐÀO TẠO KHÁNH NAM,CÔNG TY TNHH TƯ VẤN GIÁO DỤC V,Công ty trách nhiệm hữu hạn một thành viên,"11A Đường Số 4, Phường Tân Kiểng, Quận 7, Thành phố Hồ Chí Minh, Việt Nam",Quận 7,6209: Hoạt động dịch vụ công nghệ thông tin và dịch vụ khác liên quan đến máy vi tính-(trừ kinh doanh đại lý cung cấp dịch vụ truy cập internet tại trụ sở);4931: Vận tải hành khách đường bộ trong nội ,internet
316972241,CÔNG TY TNHH SẢN XUẤT VÀ THƯƠNG MẠI SÁNG TẠO VIỆT NAM,CÔNG TY TNHH SẢN XUẤT VÀ THƯƠN,Công ty trách nhiệm hữu hạn một thành viên,"21 Nguyễn Văn Linh, Khu phố 4, Phường Tân Phong, Quận 7, Thành phố Hồ Chí Minh, Việt Nam",Quận 7,"4791: Bán lẻ theo yêu cầu đặt hàng qua bưu điện hoặc internet-(trừ bán lẻ hóa chất, khí dầu mỏ hóa lỏng LPG, dầu nhớt cặn, vàng miếng, súng, đạn loại dùng đi săn hoặc thể thao và tiền kim khí; Thực hi",internet
316971600,CÔNG TY TNHH THƯƠNG MẠI VÀ DỊCH VỤ TOÀN CẦU TD,CÔNG TY TNHH THƯƠNG MẠI VÀ DỊC,Công ty trách nhiệm hữu hạn một thành viên,"Số 30, đường số 6, Phường Tân Phong, Quận 7, Thành phố Hồ Chí Minh, Việt Nam",Quận 7,"7810: Hoạt động của các trung tâm, đại lý tư vấn, giới thiệu và môi giới lao động, việc làm-(Chi tiết: Hoạt động của các đại lý tư vấn, giới thiệu và môi giới lao động, việc làm);8292: Dịch vụ đóng gó",internet
316971706,CÔNG TY TNHH BISSELL HOMECARE VIỆT NAM,CÔNG TY TNHH BISSELL HOMECARE ,Công ty trách nhiệm hữu hạn hai thành viên trở lên,"3.29, Tầng 3, Khu Officetel, Khu Chung Cư Kết Hợp Thương Mại, Văn Phòng Lô X (Sunrise City - North), Số 27 Nguyễn Hữu Thọ, Phường Tân Hưng, Quận 7, Thành phố Hồ Chí Minh, Việt Nam",Quận 7,"4229: Xây dựng công trình công ích khác-;4299: Xây dựng công trình kỹ thuật dân dụng khác-;4311: Phá dỡ-;4312: Chuẩn bị mặt bằng-;4321: Lắp đặt hệ thống điện-;4322: Lắp đặt hệ thống cấp, thoát nước, h",internet
316970357,CÔNG TY TNHH MỘT THÀNH VIÊN NGÃ TƯ ĐA KHOA,CÔNG TY TNHH MỘT THÀNH VIÊN NG,Công ty trách nhiệm hữu hạn một thành viên,"Số 4, Đường Nguyễn Thị Thập, Khu phố 3A, Phường Bình Thuận, Quận 7, Thành phố Hồ Chí Minh, Việt Nam",Quận 7,"4652: Bán buôn thiết bị và linh kiện điện tử, viễn thông-;4653: Bán buôn máy móc, thiết bị và phụ tùng máy nông nghiệp-;4659: Bán buôn máy móc, thiết bị và phụ tùng máy khác-;4690: Bán buôn tổng hợp-(",internet
316971632,CÔNG TY TNHH OLMO TECHNOLOGY VIỆT NAM,CÔNG TY TNHH OLMO TECHNOLOGY V,Công ty trách nhiệm hữu hạn hai thành viên trở lên,"27 Hoàng Trọng Mậu, Phường Tân Hưng, Quận 7, Thành phố Hồ Chí Minh, Việt Nam",Quận 7,"8230: Tổ chức giới thiệu và xúc tiến thương mại-(không thực hiện các hiệu ứng cháy, nổ; không sử dụng chất nổ, chất cháy, hóa chất làm đạo cụ, dụng cụ thực hiện các chương trình văn nghệ, sự kiện, phi",internet
316973414,CÔNG TY TNHH GIẢI PHÁP CÔNG NGHỆ UPTECH,CÔNG TY TNHH GIẢI PHÁP CÔNG NG,Công ty trách nhiệm hữu hạn một thành viên,"B2 Khu dân cư Kim Sơn, đường Nguyễn Hữu Thọ, Phường Tân Phong, Quận 7, Thành phố Hồ Chí Minh, Việt Nam",Quận 7,6201: Lập trình máy vi tính-Chi tiết: Sản xuất phần mềm.;6209: Hoạt động dịch vụ công nghệ thông tin và dịch vụ khác liên quan đến máy vi tính-Chi tiết: Khắc phục các sự cố máy vi tính và cài đặt phần,internet
316972516,CÔNG TY TNHH BẤT ĐỘNG SẢN VINCASA,CÔNG TY TNHH BẤT ĐỘNG SẢN VINC,Công ty trách nhiệm hữu hạn một thành viên,"Tầng 9, Unit I2-09, Tòa nhà Golden King, Số 15 Nguyễn Lương Bằng, Phường Tân Phú, Quận 7, Thành phố Hồ Chí Minh, Việt Nam",Quận 7,"3320: Lắp đặt máy móc và thiết bị công nghiệp--(trừ gia công cơ khí, tái chế phế thải, xi mạ điện tại trụ sở);4620: Bán buôn nông, lâm sản nguyên liệu (trừ gỗ, tre, nứa) và động vật sống--Chi tiết: Bá",internet
316974961,CÔNG TY TNHH LEONIX VIETNAM,CÔNG TY TNHH LEONIX VIETNAM,Công ty trách nhiệm hữu hạn một thành viên,"60 đường số 5, Khu dân cư Him Lam, Phường Tân Hưng, Quận 7, Thành phố Hồ Chí Minh, Việt Nam",Quận 7,6202: Tư vấn máy vi tính và quản trị hệ thống máy vi tính-;6209: Hoạt động dịch vụ công nghệ thông tin và dịch vụ khác liên quan đến máy vi tính-(trừ kinh doanh đại lý cung cấp dịch vụ truy cập intern,internet
316977105,CÔNG TY TNHH TRUYỀN THÔNG DOSON,CÔNG TY TNHH TRUYỀN THÔNG DOSO,Công ty trách nhiệm hữu hạn một thành viên,"Số 20 đường số 20 Khu dân cư Him Lam, Phường Tân Hưng, Quận 7, Thành phố Hồ Chí Minh, Việt Nam",Quận 7,"7490: Hoạt động chuyên môn, khoa học và công nghệ khác chưa được phân vào đâu-;6201: Lập trình máy vi tính-Chi tiết: Sản xuất phần mềm;6202: Tư vấn máy vi tính và quản trị hệ thống máy vi tính-;6209: ",internet
316979374,CÔNG TY TNHH THƯƠNG MẠI DỊCH VỤ TƯ VẤN THÀNH PHÚ,CÔNG TY TNHH THƯƠNG MẠI DỊCH V,Công ty trách nhiệm hữu hạn một thành viên,"118 Phạm Hữu Lầu, Phường Phú Mỹ, Quận 7, Thành phố Hồ Chí Minh, Việt Nam",Quận 7,"4711: Bán lẻ lương thực, thực phẩm, đồ uống, thuốc lá, thuốc lào chiếm tỷ trọng lớn trong các cửa hàng kinh doanh tổng hợp-(Thực hiện theo quyết định 64/2009/QĐ-UBND ngày 31/7/2009 và quyết định 79/20",internet
316979776,CÔNG TY TNHH SẢN XUẤT THƯƠNG MẠI DỊCH VỤ CẦU ĐẤT,CÔNG TY TNHH SẢN XUẤT THƯƠNG M,Công ty trách nhiệm hữu hạn một thành viên,"118 Phạm Hữu Lầu, Phường Phú Mỹ, Quận 7, Thành phố Hồ Chí Minh, Việt Nam",Quận 7,"4741: Bán lẻ máy vi tính, thiết bị ngoại vi, phần mềm và thiết bị viễn thông trong các cửa hàng chuyên doanh-;4742: Bán lẻ thiết bị nghe nhìn trong các cửa hàng chuyên doanh-;4773: Bán lẻ hàng hóa khá",internet
316987343,CÔNG TY TNHH THƯƠNG MẠI VÀ DỊCH VỤ SATRAP,CÔNG TY TNHH THƯƠNG MẠI VÀ DỊC,Công ty trách nhiệm hữu hạn một thành viên,"438-440 đường Tân Phú, Phường Phú Mỹ, Quận 7, Thành phố Hồ Chí Minh, Việt Nam",Quận 7,7912: Điều hành tua du lịch-Chi tiết: Kinh doanh lữ hành nội địa và quốc tế;7990: Dịch vụ đặt chỗ và các dịch vụ hỗ trợ liên quan đến quảng bá và tổ chức tua du lịch-Chi tiết: Dịch vụ đặt phòng khách ,internet
316987174,CÔNG TY TNHH ĐẦU TƯ AN KHANG VINH,CÔNG TY TNHH ĐẦU TƯ AN KHANG V,Công ty trách nhiệm hữu hạn một thành viên,"52/17/7 Nguyễn Thị Thập Khu Phô 3A, Phường Bình Thuận, Quận 7, Thành phố Hồ Chí Minh, Việt Nam",Quận 7,5229: Hoạt động dịch vụ hỗ trợ khác liên quan đến vận tải-Chi tiết: Hoạt động giao nhận hàng hóa; Dịch vụ đại lý tàu biển; Dịch vụ đại lý làm thủ tục hải quan; Hoạt động của các đại lý bán vé máy bay.,internet
316990265,CÔNG TY TNHH THƯƠNG MẠI DỊCH VỤ XUẤT NHẬP KHẨU GỖ ĐẠI PHÁT,CÔNG TY TNHH THƯƠNG MẠI DỊCH V,Công ty trách nhiệm hữu hạn một thành viên,"09 Đường Nguyễn Văn Quỳ, Phường Phú Thuận, Quận 7, Thành phố Hồ Chí Minh, Việt Nam",Quận 7,"4711: Bán lẻ lương thực, thực phẩm, đồ uống, thuốc lá, thuốc lào chiếm tỷ trọng lớn trong các cửa hàng kinh doanh tổng hợp-(thực hiện theo quyết định 64/2009/QDD-UBND ngày 31/07/2009 và quyết định số ",internet
316990995,CÔNG TY TNHH CÔNG NGHỆ PETPOP,CÔNG TY TNHH CÔNG NGHỆ PETPOP,Công ty trách nhiệm hữu hạn một thành viên,"11B Lâm Văn Bền, Phường Tân Thuận Tây, Quận 7, Thành phố Hồ Chí Minh, Việt Nam",Quận 7,"0162: Hoạt động dịch vụ chăn nuôi-(Không hoạt động tại trụ sở)
Chi tiết: Hoạt động để thúc đẩy việc nhân giống; Tăng trưởng và sản xuất sản phẩm động vật; Kiểm tra vật nuôi, chăn dắt cho ăn, thiến hoạ",internet
316991808,CÔNG TY TNHH 3S PARTNERS,CÔNG TY TNHH 3S PARTNERS,Công ty trách nhiệm hữu hạn một thành viên,"Tầng 7, Tòa nhà  Green Country, Số 01 Đường 81, Phường Tân Quy, Quận 7, Thành phố Hồ Chí Minh, Việt Nam",Quận 7,"1020: Chế biến, bảo quản thuỷ sản và các sản phẩm từ thuỷ sản-(không hoạt động tại trụ sở);1610: Cưa, xẻ, bào gỗ và bảo quản gỗ-(không hoạt động tại trụ sở);1621: Sản xuất gỗ dán, gỗ lạng, ván ép và v",internet
316992801,CÔNG TY TNHH BẢO MẬT VNETKIWON,CÔNG TY TNHH BẢO MẬT VNETKIWON,Công ty trách nhiệm hữu hạn một thành viên,"Tầng 23, tòa nhà UOA Tower, số 06 Tân Trào, Phường Tân Phú, Quận 7, Thành phố Hồ Chí Minh, Việt Nam",Quận 7,"9511: Sửa chữa máy vi tính và thiết bị ngoại vi-Bảo trì thiếị bị tin học - mạng tin học;7410: Hoạt động thiết kế chuyên dụng-Hoạt động thiết kế hệ thống máy tính; hoạt động thiết kế website, đồ họa; h",internet
316993058,CÔNG TY TNHH THƯƠNG MẠI DỊCH VỤ TỔNG HỢP AN AN,CÔNG TY TNHH THƯƠNG MẠI DỊCH V,Công ty trách nhiệm hữu hạn hai thành viên trở lên,"99/20/6 Nguyễn Văn Linh, Phường Tân Thuận Tây, Quận 7, Thành phố Hồ Chí Minh, Việt Nam",Quận 7,5229: Hoạt động dịch vụ hỗ trợ khác liên quan đến vận tải-chi tiết: hoạt động của đại lý làm thủ tục hải quan (Trừ hóa lỏng khí để vận chuyển và hoạt động liên quan đến vận tải hàng không);4520: Bảo d,internet
316996644,CÔNG TY TNHH NAM CHON,CÔNG TY TNHH NAM CHON,Công ty trách nhiệm hữu hạn một thành viên,"R4-66 Đường Hưng Phước 3, Phường Tân Phong, Quận 7, Thành phố Hồ Chí Minh, Việt Nam",Quận 7,4721: Bán lẻ lương thực trong các cửa hàng chuyên doanh-(thực hiện theo quyết định 64/2009/QĐ-UBND ngày 31/07/2009 và quyết định số 79/2009/QĐ-UBND ngày 17/10/2009 của Ủy ban nhân dân TP. Hồ Chí Minh ,internet
317003948,CÔNG TY TNHH MẸ VÀ BÉ L&T,CÔNG TY TNHH MẸ VÀ BÉ LT,Công ty trách nhiệm hữu hạn một thành viên,"A2-09 Nam Viên, Phú Mỹ Hưng, Phường Tân Phú, Quận 7, Thành phố Hồ Chí Minh, Việt Nam",Quận 7,"7490: Hoạt động chuyên môn, khoa học và công nghệ khác chưa được phân vào đâu-Chi tiết: Môi giới thương mại;4610: Đại lý, môi giới, đấu giá hàng hóa-Chi tiết: Đại lý, môi giới hàng hóa;4641: Bán buôn ",internet
