tax_code,name,name_slug,company_type,address,district,industry_raw,keyword
313828169,CÔNG TY TNHH THƯƠNG MẠI DỊCH VỤ XÂY DỰNG CHÍNH NAM,CÔNG TY TNHH THƯƠNG MẠI DỊCH V,Công ty trách nhiệm hữu hạn hai thành viên trở lên,"410/36 Lê Văn Quới, Phường Bình Hưng Hòa A, Quận Bình Tân, Thành phố Hồ Chí Minh, Việt Nam",Quận Bình Tân,"4311: Phá dỡ-;4312: Chuẩn bị mặt bằng-;4321: Lắp đặt hệ thống điện-Chi tiết:Dây dẫn và thiết bị điện; Đường dây thông tin liên lạc; Mạng máy tính và dây cáp truyền hình, bao gồm cả cáp quang học;Đĩa v",internet
313619197,CÔNG TY TNHH THƯƠNG MẠI DỊCH VỤ GIẢI TRÍ SAO BIỂN,CÔNG TY TNHH THƯƠNG MẠI DỊCH V,Công ty trách nhiệm hữu hạn một thành viên,"78 Hồ Văn Long, Phường Bình Hưng Hòa B, Quận Bình Tân, Thành phố Hồ Chí Minh, Việt Nam",Quận Bình Tân,"5610: Nhà hàng và các dịch vụ ăn uống phục vụ lưu động-Chi tiết:  Quán ăn, hàng ăn uống.;5630: Dịch vụ phục vụ đồ uống-Chi tiết:  Quán cà phê, nước hoa quả, giải khát (trừ hoạt động quán bar và quán g",internet
314287339,CÔNG TY TNHH DCV ASIA,CÔNG TY TNHH DCV ASIA,Công ty trách nhiệm hữu hạn hai thành viên trở lên,"115 Đường 24, Phường Bình Hưng Hòa A, Quận Bình Tân, Thành phố Hồ Chí Minh, Việt Nam",Quận Bình Tân,4669: Bán buôn chuyên doanh khác chưa được phân vào đâu-Chi tiết: Bán buôn phụ liệu may mặc và giày dép; bán buôn mắt kính; Bán buôn phân bón.;5229: Hoạt động dịch vụ hỗ trợ khác liên quan đến vận tải,internet
313933082,CÔNG TY CỔ PHẦN THƯƠNG MẠI ĐIỆN TỬ ULIVIN,CÔNG TY CỔ PHẦN THƯƠNG MẠI ĐIỆ,Công ty cổ phần,"Số 17, Đường 19A, Phường Bình Trị Đông B, Quận Bình Tân, Thành phố Hồ Chí Minh, Việt Nam",Quận Bình Tân,"4633: Bán buôn đồ uống-Chi tiết: Thực hiện quyền xuất khẩu, quyền nhập khẩu, quyền phân phối bán buôn các hàng hóa không thuộc diện cấm xuất khẩu, nhập khẩu, phân phối, theo quy định của pháp luật Việ",internet
313625440,CÔNG TY TNHH MỘT THÀNH VIÊN THƯƠNG MẠI SẢN XUẤT VÀ DỊCH VỤ NGD,CÔNG TY TNHH MỘT THÀNH VIÊN TH,Công ty trách nhiệm hữu hạn một thành viên,"1 Đường số 5, Khu dân cư Nam Long, Phường An Lạc, Quận Bình Tân, Thành phố Hồ Chí Minh, Việt Nam",Quận Bình Tân,"1322: Sản xuất hàng may sẵn (trừ trang phục)-(không tẩy, nhuộm, hồ, in và không gia công hàng đã qua sử dụng tại trụ sở).;1701: Sản xuất bột giấy, giấy và bìa-;5022: Vận tải hàng hóa đường thuỷ nội đị",internet
313626074,DOANH NGHIỆP TƯ NHÂN GIẢI TRÍ NÀNG TIÊN CÁNH,DOANH NGHIỆP TƯ NHÂN GIẢI TRÍ ,Doanh nghiệp tư nhân,"38 Nguyễn Triệu Luật, Khu phố 3, Phường Tân Tạo, Quận Bình Tân, Thành phố Hồ Chí Minh, Việt Nam",Quận Bình Tân,"4723: Bán lẻ đồ uống trong các cửa hàng chuyên doanh-;3320: Lắp đặt máy móc và thiết bị công nghiệp-Chi tiết: Lắp đặt các loại thùng trò chơi điện tử như: thú nhún, đua ngựa, đua heo, đua chó, máy bắn",lap top
313631740,CÔNG TY TNHH KAINO,CÔNG TY TNHH KAINO,Công ty trách nhiệm hữu hạn một thành viên,"61 Miếu Bình Đông, Tổ 336, Khu phố 16, Phường Bình Hưng Hòa A, Quận Bình Tân, Thành phố Hồ Chí Minh, Việt Nam",Quận Bình Tân,"2592: Gia công cơ khí; xử lý và tráng phủ kim loại-(không hoạt động tại trụ sở);4669: Bán buôn chuyên doanh khác chưa được phân vào đâu-Chi tiết: Bán buôn, xuất nhập khẩu các sản phẩm từ nhựa; Bán buô",internet
313629124,CÔNG TY TNHH MINH TÂM VÕ,CÔNG TY TNHH MINH TÂM VÕ,Công ty trách nhiệm hữu hạn một thành viên,"296 Tên Lửa, Phường Bình Trị Đông B, Quận Bình Tân, Thành phố Hồ Chí Minh, Việt Nam",Quận Bình Tân,"4632: Bán buôn thực phẩm-Chi tiết: Bán buôn sữa, bánh kẹo và các sản phẩm sữa, bánh kẹo và các sản phẩm chế biến từ ngũ cốc, bột, tinh bột; Bán buôn thực phẩm chức năng;4649: Bán buôn đồ dùng khác cho",internet
313635336,CÔNG TY TNHH HỢP ĐỨC TRÍ,CÔNG TY TNHH HỢP ĐỨC TRÍ,Công ty trách nhiệm hữu hạn hai thành viên trở lên,"418/12E Lê Văn Quới, Phường Bình Hưng Hòa A, Quận Bình Tân, Thành phố Hồ Chí Minh, Việt Nam",Quận Bình Tân,"2710: Sản xuất mô tơ, máy phát, biến thế điện, thiết bị phân phối và điều khiển điện-(không hoạt động tại trụ sở).;2511: Sản xuất các cấu kiện kim loại-(không hoạt động tại trụ sở).;4663: Bán buôn vật",internet
313638094,CÔNG TY TNHH ĐẦU TƯ SẢN XUẤT THƯƠNG MẠI DỊCH VỤ ĐÔNG LÂM,CÔNG TY TNHH ĐẦU TƯ SẢN XUẤT T,Công ty trách nhiệm hữu hạn hai thành viên trở lên,"10/3A Chiến Lược, Phường Bình Trị Đông, Quận Bình Tân, Thành phố Hồ Chí Minh, Việt Nam",Quận Bình Tân,"1392: Sản xuất hàng dệt sẵn (trừ trang phục)-Chi tiết: Gia công hàng may mặc; gia công cắt vải, viền, dập, nén (Trừ thuộc da, luyện cán cao su, tái chế phế thải; trừ tẩy, nhuộm, hồ, in trên các sản ph",internet
313640953,CÔNG TY TNHH HAI SHENG,CÔNG TY TNHH HAI SHENG,Công ty trách nhiệm hữu hạn hai thành viên trở lên,"193 đường số 7, Phường Bình Trị Đông B, Quận Bình Tân, Thành phố Hồ Chí Minh, Việt Nam",Quận Bình Tân,"4741: Bán lẻ máy vi tính, thiết bị ngoại vi, phần mềm và thiết bị viễn thông trong các cửa hàng chuyên doanh-;4742: Bán lẻ thiết bị nghe nhìn trong các cửa hàng chuyên doanh-;4751: Bán lẻ vải, len, sợ",internet
313644147,DOANH NGHIỆP TƯ NHÂN PHẠM NGỌC NAM,DOANH NGHIỆP TƯ NHÂN PHẠM NGỌC,Doanh nghiệp tư nhân,"38 Nguyễn Triệu Luật, Khu phố 3, Phường Tân Tạo, Quận Bình Tân, Thành phố Hồ Chí Minh, Việt Nam",Quận Bình Tân,"4723: Bán lẻ đồ uống trong các cửa hàng chuyên doanh-;3320: Lắp đặt máy móc và thiết bị công nghiệp-Chi tiết: Lắp đặt các loại thùng trò chơi điện tử như: thú nhún, đua ngựa, đua heo, đua chó, máy bắn",lap top
313650856,CÔNG TY TNHH ĐẦU TƯ PHÁT TRIỂN LỘC THIÊN,CÔNG TY TNHH ĐẦU TƯ PHÁT TRIỂN,Công ty trách nhiệm hữu hạn một thành viên,"452/6B Tỉnh Lộ 10, Phường Bình Trị Đông, Quận Bình Tân, Thành phố Hồ Chí Minh, Việt Nam",Quận Bình Tân,"4649: Bán buôn đồ dùng khác cho gia đình-Chi tiết: Bán buôn dụng cụ y tế; Bán buôn nước hoa, hàng mỹ phẩm và chế phẩm vệ sinh (trừ kinh doanh dược phẩm); Bán buôn hàng gốm sứ, thủy tinh; Bán buôn giườ",internet
313647130,CÔNG TY TNHH THƯƠNG MẠI SƠN NHÀ XINH,CÔNG TY TNHH THƯƠNG MẠI SƠN NH,Công ty trách nhiệm hữu hạn một thành viên,"30 Nguyễn Triệu Luật, Khu phố 3, Phường Tân Tạo, Quận Bình Tân, Thành phố Hồ Chí Minh, Việt Nam",Quận Bình Tân,"4651: Bán buôn máy vi tính, thiết bị ngoại vi và phần mềm-; 4652: Bán buôn thiết bị và linh kiện điện tử, viễn thông-; 4752: Bán lẻ đồ ngũ kim, sơn, kính và thiết bị lắp đặt khác trong xây dựng trong ",internet
313654000,CÔNG TY TNHH SẢN XUẤT THƯƠNG MẠI XUẤT NHẬP KHẨU CÔNG NGHỆ CAO HOÀNG GIA,CÔNG TY TNHH SẢN XUẤT THƯƠNG M,Công ty trách nhiệm hữu hạn một thành viên,"15-17 đường 57A, Khu phố 9, Phường Tân Tạo, Quận Bình Tân, Thành phố Hồ Chí Minh, Việt Nam",Quận Bình Tân,"4649: Bán buôn đồ dùng khác cho gia đình-Chi tiết: Bán buôn đồ điện gia dụng, đèn và bộ đèn điện.;4652: Bán buôn thiết bị và linh kiện điện tử, viễn thông-;4659: Bán buôn máy móc, thiết bị và phụ tùng",internet
313662259,CÔNG TY TNHH TƯ VẤN THƯƠNG MẠI QUANG THỊNH,CÔNG TY TNHH TƯ VẤN THƯƠNG MẠI,Công ty trách nhiệm hữu hạn một thành viên,"Số 11 đường Liên Khu 8-9, khu phố 9, Phường Bình Hưng Hòa A, Quận Bình Tân, Thành phố Hồ Chí Minh, Việt Nam",Quận Bình Tân,1811: In ấn-(không hoạt động tại trụ sở);1812: Dịch vụ liên quan đến in-;5210: Kho bãi và lưu giữ hàng hóa-chi tiết: Lưu giữ hàng hóa (trừ kinh doanh kho bãi).;5229: Hoạt động dịch vụ hỗ trợ khác liên,internet
313668243,CÔNG TY TNHH TRIỆU HOÀNG PHÁT,CÔNG TY TNHH TRIỆU HOÀNG PHÁT,Công ty trách nhiệm hữu hạn một thành viên,"88 Đường số 12, Phường Bình Hưng Hòa, Quận Bình Tân, Thành phố Hồ Chí Minh, Việt Nam",Quận Bình Tân,"2640: Sản xuất sản phẩm điện tử dân dụng-(chỉ hoạt động khi có đủ điều kiện theo quy định của  pháp luật);2710: Sản xuất mô tơ, máy phát, biến thế điện, thiết bị phân phối và điều khiển điện-(chỉ hoạt",internet
316647724,CÔNG TY TNHH ĐẦU TƯ THƯƠNG MẠI DỊCH VỤ TỔNG HỢP HỒNG PHÁT,CÔNG TY TNHH ĐẦU TƯ THƯƠNG MẠI,Công ty trách nhiệm hữu hạn một thành viên,"900 Hương Lộ 2, Phường Bình Trị Đông A, Quận Bình Tân, Thành phố Hồ Chí Minh, Việt Nam",Quận Bình Tân,"4631: Bán buôn gạo, lúa mỳ, hạt ngũ cốc khác, bột mỳ-(không hoạt động tại trụ sở).;4632: Bán buôn thực phẩm-Chi tiết: Bán buôn thịt và các sản phẩm từ thịt (không hoạt động tại trụ sở); Bán buôn thủy ",internet
313682583,CÔNG TY TNHH MỘT THÀNH VIÊN GAME GIẢI TRÍ BIỂN ĐÔNG,CÔNG TY TNHH MỘT THÀNH VIÊN GA,Công ty trách nhiệm hữu hạn một thành viên,"Số 1669 Tỉnh Lộ 10, Khu phố 5, Phường Tân Tạo A, Quận Bình Tân, Thành phố Hồ Chí Minh, Việt Nam",Quận Bình Tân,"6190: Hoạt động viễn thông khác-Chi tiết: Hoạt động của các điểm truy cập internet.;3312: Sửa chữa máy móc, thiết bị-(trừ gia công cơ khí, tái chế phế thải, xi mạ điện tại trụ sở);4511: Bán buôn ô tô ",internet
316761427,CÔNG TY TNHH THƯƠNG MẠI DỊCH VỤ GAS QUANG MINH,CÔNG TY TNHH THƯƠNG MẠI DỊCH V,Công ty trách nhiệm hữu hạn một thành viên,"6/6/6 Đường số 19A, Khu phố 4, Phường Bình Hưng Hòa A, Quận Bình Tân, Thành phố Hồ Chí Minh, Việt Nam",Quận Bình Tân,"4661: Bán buôn nhiên liệu rắn, lỏng, khí và các sản phẩm liên quan-Chi tiết: Kinh doanh khí dầu mỏ hóa lỏng LPG (doanh nghiệp chỉ được kinh doanh kể từ khi có đủ điều kiện theo quy định của",internet
313688881,CÔNG TY TNHH THIẾT KẾ NỘI THẤT HDECOR,CÔNG TY TNHH THIẾT KẾ NỘI THẤT,Công ty trách nhiệm hữu hạn một thành viên,"6/53 Đường số 19A, Phường Bình Hưng Hòa A, Quận Bình Tân, Thành phố Hồ Chí Minh, Việt Nam",Quận Bình Tân,"1621: Sản xuất gỗ dán, gỗ lạng, ván ép và ván mỏng khác-(Không hoạt động tại trụ sở).;1622: Sản xuất đồ gỗ xây dựng-(Không hoạt động tại trụ sở).;1623: Sản xuất bao bì bằng gỗ-(Không hoạt động tại trụ",internet
316999148,CÔNG TY TNHH VÉ SỐ ĐẠI PHÁT,CÔNG TY TNHH VÉ SỐ ĐẠI PHÁT,Công ty trách nhiệm hữu hạn một thành viên,"179 đường số 7, Phường Bình Trị Đông B, Quận Bình Tân, Thành phố Hồ Chí Minh, Việt Nam",Quận Bình Tân,"4799: Bán lẻ hình thức khác chưa được phân vào đâu-(trừ bán lẻ bình gas, khí dầu mỏ hóa lỏng LPG, dầu nhớt cặn, vàng miếng, súng, đạn loại dùng đi săn hoặc thể thao và tiền kim khí; trừ bán lẻ hóa chấ",internet
313677449,CÔNG TY TNHH CHÚ NGỰA GỖ,CÔNG TY TNHH CHÚ NGỰA GỖ,Công ty trách nhiệm hữu hạn hai thành viên trở lên,"688/15 Tân Kỳ Tân Quý, Khu phố 6, Phường Bình Hưng Hòa, Quận Bình Tân, Thành phố Hồ Chí Minh, Việt Nam",Quận Bình Tân,"4772: Bán lẻ thuốc, dụng cụ y tế, mỹ phẩm và vật phẩm vệ sinh trong các cửa hàng chuyên doanh-Chi tiết: Bán lẻ nước hoa, mỹ phẩm và vật phẩm vệ sinh trong các cửa hàng chuyên doanh;5629: Dịch vụ ăn uố",internet
313671486,CÔNG TY CỔ PHẦN PHÁT TRIỂN PHẦN MỀM THÔNG MINH ISD,CÔNG TY CỔ PHẦN PHÁT TRIỂN PHẦ,Công ty cổ phần,"102 Đường số 13, Phường Bình Trị Đông B, Quận Bình Tân, Thành phố Hồ Chí Minh, Việt Nam",Quận Bình Tân,"6202: Tư vấn máy vi tính và quản trị hệ thống máy vi tính-;6209: Hoạt động dịch vụ công nghệ thông tin và dịch vụ khác liên quan đến máy vi tính-;6311: Xử lý dữ liệu, cho thuê và các hoạt động liên qu",internet
313691203,CÔNG TY TNHH KINH DOANH VÀ GIẢI TRÍ LIÊN MINH,CÔNG TY TNHH KINH DOANH VÀ GIẢ,Công ty trách nhiệm hữu hạn một thành viên,"118/90/1A Liên Khu 5-6, Khu phố 8, Phường Bình Hưng Hòa B, Quận Bình Tân, Thành phố Hồ Chí Minh, Việt Nam",Quận Bình Tân,2012: Sản xuất phân bón và hợp chất ni tơ-(không hoạt động tại trụ sở);2393: Sản xuất sản phẩm gốm sứ khác-(không hoạt động tại trụ sở);0161: Hoạt động dịch vụ trồng trọt-Chi tiết: Nuôi trồng nông lâm,internet
313687750,CÔNG TY TNHH HARDWARE  MIỀN NAM,CÔNG TY TNHH HARDWARE  MIỀN NA,Công ty trách nhiệm hữu hạn một thành viên,"205/1/163 Đương Liên Khu 4-5, Phường Bình Hưng Hòa B, Quận Bình Tân, Thành phố Hồ Chí Minh, Việt Nam",Quận Bình Tân,"2599: Sản xuất sản phẩm khác bằng kim loại chưa được phân vào đâu-Chi tiết: Sản xuất cơ khí, trang trí nội thất ( Không hoạt động tại trụ sở);2013: Sản xuất plastic và cao su tổng hợp dạng nguyên sinh",hardware
313742063,CÔNG TY TNHH THƯƠNG MẠI DỊCH VỤ XUẤT NHẬP KHẨU HIỆP TUẤN PHÁT,CÔNG TY TNHH THƯƠNG MẠI DỊCH V,Công ty trách nhiệm hữu hạn hai thành viên trở lên,"14 Đường Liên Khu 4-5, Khu phố 5, Phường Bình Hưng Hòa B, Quận Bình Tân, Thành phố Hồ Chí Minh, Việt Nam",Quận Bình Tân,"2710: Sản xuất mô tơ, máy phát, biến thế điện, thiết bị phân phối và điều khiển điện-(không hoạt động tại trụ sở);2023: Sản xuất mỹ phẩm, xà phòng, chất tẩy rửa, làm bóng và chế phẩm vệ sinh-(không ho",internet
313736278,CÔNG TY TNHH MỘT THÀNH VIÊN TRÁC LỆ,CÔNG TY TNHH MỘT THÀNH VIÊN TR,Công ty trách nhiệm hữu hạn một thành viên,"173/24 Đường Gò Xoài, Khu phố 2, Phường Bình Hưng Hòa A, Quận Bình Tân, Thành phố Hồ Chí Minh, Việt Nam",Quận Bình Tân,"7730: Cho thuê máy móc, thiết bị và đồ dùng hữu hình khác-Chi tiết: Cho thuê máy móc thiết bị điện-điện tử, tin học viễn thông (trừ đại lý cung cấp dịch vụ truy nhập Internet).;3312: Sửa chữa máy móc,",internet
313739670,CÔNG TY TNHH MỘT THÀNH VIÊN GAME HUY HOÀNG,CÔNG TY TNHH MỘT THÀNH VIÊN GA,Công ty trách nhiệm hữu hạn một thành viên,"991 đường Tân Kỳ Tân Quý, Phường Bình Hưng Hòa A, Quận Bình Tân, Thành phố Hồ Chí Minh, Việt Nam",Quận Bình Tân,"6190: Hoạt động viễn thông khác-Chi tiết: hoạt động của các điểm truy cập internet;9329: Hoạt động vui chơi giải trí khác chưa được phân vào đâu-Chi tiết: kinh doanh trò chơi điện tử
( trừ hoạt động k",internet
313760175,CÔNG TY TNHH MAYINQUANGCAO.COM,CÔNG TY TNHH MAYINQUANGCAOCOM,Công ty trách nhiệm hữu hạn hai thành viên trở lên,"Số 6 Đường 34A, Phường Bình Trị Đông B, Quận Bình Tân, Thành phố Hồ Chí Minh, Việt Nam",Quận Bình Tân,"4659: Bán buôn máy móc, thiết bị và phụ tùng máy khác-Chi tiết: Bán buôn các loại máy công cụ; Bán buôn máy móc, thiết bị ngành in; Bán buôn phụ tùng, phụ liệu ngành in, xuất nhập khẩu máy móc, thiết ",may in
313762006,CÔNG TY TNHH MỘT THÀNH VIÊN MẠI VÔ VIỆT NAM,CÔNG TY TNHH MỘT THÀNH VIÊN MẠ,Công ty trách nhiệm hữu hạn một thành viên,"31 Đường 50C, Khu Phố 9, Phường Tân Tạo, Quận Bình Tân, Thành phố Hồ Chí Minh, Việt Nam",Quận Bình Tân,1811: In ấn-(không hoạt động tại trụ sở);1812: Dịch vụ liên quan đến in-;5022: Vận tải hàng hóa đường thuỷ nội địa-(trừ hóa lỏng khí để vận chuyển);5224: Bốc xếp hàng hóa-(trừ bốc xếp hàng hóa cảng hà,internet
313778447,CÔNG TY TNHH MOLIHA,CÔNG TY TNHH MOLIHA,Công ty trách nhiệm hữu hạn một thành viên,"413/7/1D đường Lê Văn Quới, khu phố 5, Phường Bình Trị Đông A, Quận Bình Tân, Thành phố Hồ Chí Minh, Việt Nam",Quận Bình Tân,"2750: Sản xuất đồ điện dân dụng-;2790: Sản xuất thiết bị điện khác-;4759: Bán lẻ đồ điện gia dụng, giường, tủ, bàn, ghế và đồ nội thất tương tự, đèn và bộ đèn điện, đồ dùng gia đình khác chưa được phâ",internet
313766434,CÔNG TY TNHH THƯƠNG MẠI SẢN XUẤT IN ẤN LÊ TRANG,CÔNG TY TNHH THƯƠNG MẠI SẢN XU,Công ty trách nhiệm hữu hạn một thành viên,"53/24 Đường Số 8B, Khu Phố 25   , Phường Bình Hưng Hòa A, Quận Bình Tân, Thành phố Hồ Chí Minh, Việt Nam",Quận Bình Tân,"7410: Hoạt động thiết kế chuyên dụng-chi tiết: thiết kế thời trang liên quan đến dệt, giầy, đồ trang sức, đồ đạc và trang trí nội thất khác, hàng hóa thời trang khác cũng như đồ dùng cá nhân và gia đì",internet
313802604,CÔNG TY TNHH SẢN XUẤT THƯƠNG MẠI DỊCH VỤ CHẾ TẠO MÁY TRƯỜNG THÀNH,CÔNG TY TNHH SẢN XUẤT THƯƠNG M,Công ty trách nhiệm hữu hạn một thành viên,"103C Đường số 6, Khu phố 7, Phường Bình Hưng Hòa B, Quận Bình Tân, Thành phố Hồ Chí Minh, Việt Nam",Quận Bình Tân,"4653: Bán buôn máy móc, thiết bị và phụ tùng máy nông nghiệp-;1610: Cưa, xẻ, bào gỗ và bảo quản gỗ-(không hoạt động tại trụ sở);4632: Bán buôn thực phẩm-(không hoạt động tại trụ sở);4722: Bán lẻ thực ",internet
313784673,CÔNG TY TNHH THƯƠNG MẠI DỊCH VỤ NHƠN HÀ,CÔNG TY TNHH THƯƠNG MẠI DỊCH V,Công ty trách nhiệm hữu hạn một thành viên,"52 Đường số 6, Khu phố 10 , Phường Bình Trị Đông B, Quận Bình Tân, Thành phố Hồ Chí Minh, Việt Nam",Quận Bình Tân,"1062: Sản xuất tinh bột và các sản phẩm từ tinh bột-;4663: Bán buôn vật liệu, thiết bị lắp đặt khác trong xây dựng-chi tiết: Bán buôn gỗ cây, tre, nứa; 
- Bán buôn sản phẩm gỗ sơ chế; 
- Bán buôn sơn ",internet
313787307,CÔNG TY TNHH NGUYÊN HIẾU NGHĨA,CÔNG TY TNHH NGUYÊN HIẾU NGHĨA,Công ty trách nhiệm hữu hạn hai thành viên trở lên,"151 Tên Lửa, Phường Bình Trị Đông B, Quận Bình Tân, Thành phố Hồ Chí Minh, Việt Nam",Quận Bình Tân,"2511: Sản xuất các cấu kiện kim loại-Chi tiết: Sản xuất cửa nhôm, cửa cuốn, cửa kéo, cửa nhựa, lõi thép, khung nhôm kính;4663: Bán buôn vật liệu, thiết bị lắp đặt khác trong xây dựng-Chi tiết: Bán buô",internet
313778158,CÔNG TY TNHH THƯƠNG MẠI DỊCH VỤ CANAAN,CÔNG TY TNHH THƯƠNG MẠI DỊCH V,Công ty trách nhiệm hữu hạn hai thành viên trở lên,"901 Tỉnh lộ 10, Phường Bình Trị Đông B, Quận Bình Tân, Thành phố Hồ Chí Minh, Việt Nam",Quận Bình Tân,"1020: Chế biến, bảo quản thuỷ sản và các sản phẩm từ thuỷ sản-Chi tiết: Chế biến và bảo quản thủy sản đông lạnh; Chế biến và bảo quản thủy sản khô (không hoạt động tại trụ sở);1030: Chế biến và bảo qu",internet
313796929,CÔNG TY CỔ PHẦN ĐẦU TƯ VÀ PHÁT TRIỂN NĂNG LƯỢNG BÁCH KHOA SÀI GÒN,CÔNG TY CỔ PHẦN ĐẦU TƯ VÀ PHÁT,Công ty cổ phần,"732 Lê Trọng Tấn , Phường Bình Hưng Hòa, Quận Bình Tân, Thành phố Hồ Chí Minh, Việt Nam",Quận Bình Tân,"1010: Chế biến, bảo quản thịt và các sản phẩm từ thịt-(không hoạt động tại trụ sở).;1020: Chế biến, bảo quản thuỷ sản và các sản phẩm từ thuỷ sản-(không hoạt động tại trụ sở).;1030: Chế biến và bảo qu",internet
313808765,CÔNG TY CỔ PHẦN FUNBOX MEDIA,CÔNG TY CỔ PHẦN FUNBOX MEDIA,Công ty cổ phần,"162 Đường số 30, Phường Bình Trị Đông B, Quận Bình Tân, Thành phố Hồ Chí Minh, Việt Nam",Quận Bình Tân,"4312: Chuẩn bị mặt bằng-;4321: Lắp đặt hệ thống điện-Chi tiết: Lắp đặt trang thiết bị âm thanh, ánh sáng cho sân khấu, phòng (trừ gia công cơ khí, tái chế phế thải, xi mạ điện tại trụ sở);4329: Lắp đặ",internet
313802636,CÔNG TY TNHH ĐẦU TƯ VIỆT GREEN,CÔNG TY TNHH ĐẦU TƯ VIỆT GREEN,Công ty trách nhiệm hữu hạn hai thành viên trở lên,"368/3 Kinh Dương Vương, Khu Phố 2, Phường An Lạc A, Quận Bình Tân, Thành phố Hồ Chí Minh, Việt Nam",Quận Bình Tân,"7410: Hoạt động thiết kế chuyên dụng-Chi tiết: Hoạt động trang trí nội thất;6619: Hoạt động hỗ trợ dịch vụ tài chính chưa được phân vào đâu-Chi tiết: tư vấn đầu tư (trừ tư vấn tài chính, kế toán, pháp",internet
313825344,CÔNG TY TNHH GIẢI PHÁP KỸ THUẬT SỐ CHÌA KHÓA XANH,CÔNG TY TNHH GIẢI PHÁP KỸ THUẬ,Công ty trách nhiệm hữu hạn một thành viên,"số A6-1.18, Block A6, chung cư EHome 3 Tây Sài Gòn, đường số 1, Phường An Lạc, Quận Bình Tân, Thành phố Hồ Chí Minh, Việt Nam",Quận Bình Tân,"1811: In ấn-(trừ in tráng bao bì kim loại, in trên sản phẩm vải, sợi, dệt, may đan tại trụ sở).;1812: Dịch vụ liên quan đến in-;5229: Hoạt động dịch vụ hỗ trợ khác liên quan đến vận tải-chi tiết: gửi ",internet
313800808,CÔNG TY TNHH SẢN XUẤT GIA CÔNG THƯƠNG MẠI BẢO NGỌC,CÔNG TY TNHH SẢN XUẤT GIA CÔNG,Công ty trách nhiệm hữu hạn một thành viên,"65/3B đường Lê Tấn Bê, khu phố 2, Phường An Lạc, Quận Bình Tân, Thành phố Hồ Chí Minh, Việt Nam",Quận Bình Tân,"8220: Hoạt động dịch vụ liên quan đến các cuộc gọi-;9511: Sửa chữa máy vi tính và thiết bị ngoại vi-;1410: May trang phục (trừ trang phục từ da lông thú)-chi tiết: may sẵn và gia công quần áo, các phụ",internet
313796943,CÔNG TY TNHH SẢN XUẤT THƯƠNG MẠI VÀ DỊCH VỤ CƠ ĐIỆN LẠNH TRỌNG TÍN,CÔNG TY TNHH SẢN XUẤT THƯƠNG M,Công ty trách nhiệm hữu hạn một thành viên,"246/21 Đường liên khu 4-5, Phường Bình Hưng Hòa B, Quận Bình Tân, Thành phố Hồ Chí Minh, Việt Nam",Quận Bình Tân,"4791: Bán lẻ theo yêu cầu đặt hàng qua bưu điện hoặc internet-(trừ bán lẻ bình gas, khí dầu mỏ hóa lỏng LPG, dầu nhớt cặn, vàng miếng, súng, đạn loại dùng đi săn hoặc thể thao và tiền kim khí và thực ",internet
313840871,CÔNG TY TNHH PIENS,CÔNG TY TNHH PIENS,Công ty trách nhiệm hữu hạn hai thành viên trở lên,"144/36/14 Đường số 6, Khu phố 6, Phường Bình Hưng Hòa B, Quận Bình Tân, Thành phố Hồ Chí Minh, Việt Nam",Quận Bình Tân,"2592: Gia công cơ khí; xử lý và tráng phủ kim loại-(trừ gia công cơ khí, tái chế phế thải, xi mạ điện tại trụ sở);1621: Sản xuất gỗ dán, gỗ lạng, ván ép và ván mỏng khác-(không hoạt động tại trụ sở);1",internet
313693923,CÔNG TY TNHH THƯƠNG MẠI QUỐC TẾ MINH HOÀNG,CÔNG TY TNHH THƯƠNG MẠI QUỐC T,Công ty trách nhiệm hữu hạn một thành viên,"1120/2B Tỉnh Lộ 10, khu phố 6, Phường Tân Tạo, Quận Bình Tân, Thành phố Hồ Chí Minh, Việt Nam",Quận Bình Tân,"0118: Trồng rau, đậu các loại và trồng hoa, cây cảnh-(Không hoạt động tại trụ sở).;0119: Trồng cây hàng năm khác-Chi tiết: trồng cây nông nghiệp hàng năm (Không hoạt động tại trụ sở).;0321: Nuôi trồng",internet
313710216,CÔNG TY TNHH MỘT THÀNH VIÊN THƯƠNG MẠI DỊCH VỤ SẢN XUẤT MINH PHÁT,CÔNG TY TNHH MỘT THÀNH VIÊN TH,Công ty trách nhiệm hữu hạn một thành viên,"366/27A Lê Văn Quới , Phường Bình Hưng Hòa A, Quận Bình Tân, Thành phố Hồ Chí Minh, Việt Nam",Quận Bình Tân,"1709: Sản xuất các sản phẩm khác từ giấy và bìa chưa được phân vào đâu-chi tiết: sản xuất đồ lót bằng giấy (không hoạt động tại trụ sở);1410: May trang phục (trừ trang phục từ da lông thú)-(trừ tẩy,  ",internet
313748227,CÔNG TY TNHH KIM PHƯỞNG,CÔNG TY TNHH KIM PHƯỞNG,Công ty trách nhiệm hữu hạn một thành viên,"số 169/34 đường số 11, khu phố 12, Phường Bình Hưng Hòa, Quận Bình Tân, Thành phố Hồ Chí Minh, Việt Nam",Quận Bình Tân,"4669: Bán buôn chuyên doanh khác chưa được phân vào đâu-Chi tiết: Bán buôn thẻ game, thẻ internet, thẻ cào các loại;4723: Bán lẻ đồ uống trong các cửa hàng chuyên doanh-Chi tiết: Bán lẻ nước giải khát",internet
313895422,CÔNG TY CỔ PHẦN THƯƠNG MẠI DỊCH VỤ SẢN XUẤT KEM TRÀNG TIỀN ICOOL,CÔNG TY CỔ PHẦN THƯƠNG MẠI DỊC,Công ty cổ phần,"350/50B Lê Văn Quới, Phường Bình Hưng Hòa A, Quận Bình Tân, Thành phố Hồ Chí Minh, Việt Nam",Quận Bình Tân,"1062: Sản xuất tinh bột và các sản phẩm từ tinh bột-chi tiết: sản xuất tinh bột và các sản phẩm từ tinh bột;1030: Chế biến và bảo quản rau quả-;1040: Sản xuất dầu, mỡ động, thực vật-;1050: Chế biến sữ",internet
313884050,CÔNG TY TNHH  ĐẦU TƯ PHÁT TRIỂN XÂY DỰNG HOÀNG MINH LONG,CÔNG TY TNHH  ĐẦU TƯ PHÁT TRIỂ,Công ty trách nhiệm hữu hạn hai thành viên trở lên,"449/47/5 Hương Lộ 2, Khu phố 4, Phường Bình Trị Đông, Quận Bình Tân, Thành phố Hồ Chí Minh, Việt Nam",Quận Bình Tân,"4663: Bán buôn vật liệu, thiết bị lắp đặt khác trong xây dựng-;4711: Bán lẻ lương thực, thực phẩm, đồ uống, thuốc lá, thuốc lào chiếm tỷ trọng lớn trong các cửa hàng kinh doanh tổng hợp-(trừ bán lẻ bì",internet
313873080,CÔNG TY TNHH DỊCH VỤ VIỄN THÔNG QUỐC VIỆT,CÔNG TY TNHH DỊCH VỤ VIỄN THÔN,Công ty trách nhiệm hữu hạn một thành viên,"433 Mã Lò, Phường Bình Hưng Hòa A, Quận Bình Tân, Thành phố Hồ Chí Minh, Việt Nam",Quận Bình Tân,"6190: Hoạt động viễn thông khác-chi tiết: Đại lý dịch vụ bưu chính - viễn thông;4652: Bán buôn thiết bị và linh kiện điện tử, viễn thông-chi tiết: bán buôn sim, card điện thoại, thẻ sim;4741: Bán lẻ m",internet
313907798,CÔNG TY TNHH XI NHAN,CÔNG TY TNHH XI NHAN,Công ty trách nhiệm hữu hạn hai thành viên trở lên,"1686/9/2 Tỉnh lộ 10, Khu phố 1, Phường Tân Tạo, Quận Bình Tân, Thành phố Hồ Chí Minh, Việt Nam",Quận Bình Tân,"6201: Lập trình máy vi tính-;6312: Cổng thông tin-chi tiết: Thiết lập trang thông tin điện tử tổng hợp.;4791: Bán lẻ theo yêu cầu đặt hàng qua bưu điện hoặc internet-(trừ bán lẻ bình ga, súng,đạn loại",internet
313913495,CÔNG TY TNHH TRADEHA,CÔNG TY TNHH TRADEHA,Công ty trách nhiệm hữu hạn một thành viên,"22/17/18A, Đường số 9A, Khu phố 5, Phường Bình Hưng Hòa A, Quận Bình Tân, Thành phố Hồ Chí Minh, Việt Nam",Quận Bình Tân,"4663: Bán buôn vật liệu, thiết bị lắp đặt khác trong xây dựng-;4669: Bán buôn chuyên doanh khác chưa được phân vào đâu-(trừ bán buôn bình gas, khí dầu mỏ hóa lỏng LPG, dầu nhớt cặn, vàng miếng, súng, ",internet
315472711,CÔNG TY TNHH DOANH NGHIỆP XÃ HỘI NHÀ MAY MẮN,CÔNG TY TNHH DOANH NGHIỆP XÃ H,Công ty trách nhiệm hữu hạn hai thành viên trở lên,"38D Đường số 18B, khu phố 22, Phường Bình Hưng Hòa A, Quận Bình Tân, Thành phố Hồ Chí Minh, Việt Nam",Quận Bình Tân,"0150: Trồng trọt, chăn nuôi hỗn hợp-;0322: Nuôi trồng thuỷ sản nội địa-Chi tiết: Nuôi cá, nuôi thủy sản khác;1030: Chế biến và bảo quản rau quả-;1071: Sản xuất các loại bánh từ bột-;1104: Sản xuất đồ ",internet
314001438,CÔNG TY CỔ PHẦN THƯƠNG MẠI LUEN THAI,CÔNG TY CỔ PHẦN THƯƠNG MẠI LUE,Công ty cổ phần,"Số 381/22 Đường Lê Văn Quới, khu phố 5, Phường Bình Trị Đông A, Quận Bình Tân, Thành phố Hồ Chí Minh, Việt Nam",Quận Bình Tân,4649: Bán buôn đồ dùng khác cho gia đình-(trừ kinh doanh dược phẩm);4511: Bán buôn ô tô và xe có động cơ khác-; 4669: Bán buôn chuyên doanh khác chưa được phân vào đâu-(trừ bán buôn thuốc trừ sâu và h,internet
314775174,CÔNG TY TNHH DƯỢC - MỸ PHẨM SARAH,CÔNG TY TNHH DƯỢC  MỸ PHẨM SAR,Công ty trách nhiệm hữu hạn một thành viên,"78/20 Đường số 7, Phường Bình Hưng Hòa, Quận Bình Tân, Thành phố Hồ Chí Minh, Việt Nam",Quận Bình Tân,"1104: Sản xuất đồ uống không cồn, nước khoáng-Chi tiết: Sản xuất các đồ uống không cồn làm từ rau, củ, quả; 2592: Gia công cơ khí; xử lý và tráng phủ kim loại-(không hoạt động tại trụ sở); 3290: Sản x",internet
313925211,CÔNG TY TNHH QUẢNG CÁO & THIẾT KẾ CON KIẾN VÀNG,CÔNG TY TNHH QUẢNG CÁO  THIẾT ,Công ty trách nhiệm hữu hạn hai thành viên trở lên,"8/14 Lê Văn Quới, Phường Bình Hưng Hòa A, Quận Bình Tân, Thành phố Hồ Chí Minh, Việt Nam",Quận Bình Tân,"7310: Quảng cáo-Chi tiết: 
- Cung cấp tất cả các lĩnh vực của dịch vụ quảng cáo (thông qua năng lực của tổ chức hoặc hợp đồng phụ), bao gồm tư vấn, dịch vụ sáng tạo, sản xuất các nguyên liệu cho quảng",internet
313911233,CÔNG TY TNHH TRÒ CHƠI ĐIỆN TỬ NGUYỄN THỊ HỒNG HẠNH,CÔNG TY TNHH TRÒ CHƠI ĐIỆN TỬ ,Công ty trách nhiệm hữu hạn một thành viên,"32 Đường 3A, Khu phố 3, Phường Tân Tạo A, Quận Bình Tân, Thành phố Hồ Chí Minh, Việt Nam",Quận Bình Tân,"3320: Lắp đặt máy móc và thiết bị công nghiệp-chi tiết: lắp đặt các loại thùng trò chơi điện tử như sau: đua ngựa, đua heo, đua chó, máy bắn cá, bắn bi, bắn trái cây , các loại tivi;4652: Bán buôn thi",lap top
313929329,CÔNG TY TNHH MỘT THÀNH VIÊN UNIKREATIV,CÔNG TY TNHH MỘT THÀNH VIÊN UN,Công ty trách nhiệm hữu hạn một thành viên,"164 Đường số 28, Phường Bình Trị Đông B, Quận Bình Tân, Thành phố Hồ Chí Minh, Việt Nam",Quận Bình Tân,"7410: Hoạt động thiết kế chuyên dụng-Chi tiết: thiết kế website, thiết kế đồ họa, tờ rơi, tờ gấp, bao thư.;4741: Bán lẻ máy vi tính, thiết bị ngoại vi, phần mềm và thiết bị viễn thông trong các cửa hà",internet
313942961,CÔNG TY TNHH CÔNG NGHỆ PHƯỚC THỊNH,CÔNG TY TNHH CÔNG NGHỆ PHƯỚC T,Công ty trách nhiệm hữu hạn hai thành viên trở lên,"66/11 đường 26/3, Phường Bình Hưng Hòa, Quận Bình Tân, Thành phố Hồ Chí Minh, Việt Nam",Quận Bình Tân,"4663: Bán buôn vật liệu, thiết bị lắp đặt khác trong xây dựng-;4741: Bán lẻ máy vi tính, thiết bị ngoại vi, phần mềm và thiết bị viễn thông trong các cửa hàng chuyên doanh-;6202: Tư vấn máy vi tính và",internet
313823805,CÔNG TY TNHH PHÁT TRIỂN CÔNG NGHỆ SUN FRESH,CÔNG TY TNHH PHÁT TRIỂN CÔNG N,Công ty trách nhiệm hữu hạn hai thành viên trở lên,"109/14/30 Trương Phước Phan, Khu phố 8, Phường Bình Trị Đông, Quận Bình Tân, Thành phố Hồ Chí Minh, Việt Nam",Quận Bình Tân,6201: Lập trình máy vi tính-;6202: Tư vấn máy vi tính và quản trị hệ thống máy vi tính-;6209: Hoạt động dịch vụ công nghệ thông tin và dịch vụ khác liên quan đến máy vi tính-Chi tiết:  Hoạt động dịch ,internet
313951596,CÔNG TY TNHH THƯƠNG MẠI XUẤT NHẬP KHẨU VH,CÔNG TY TNHH THƯƠNG MẠI XUẤT N,Công ty trách nhiệm hữu hạn một thành viên,"Số 193/18/13 Đường số 6, Khu phố 8 , Phường Bình Hưng Hòa B, Quận Bình Tân, Thành phố Hồ Chí Minh, Việt Nam",Quận Bình Tân,"4620: Bán buôn nông, lâm sản nguyên liệu (trừ gỗ, tre, nứa) và động vật sống-Chi tiết: Bán buôn xuất nhập khẩu các loại nông sản
(không hoạt động tại trụ sở);4541: Bán mô tô, xe máy-Chi tiết :
Bán buô",internet
313960350,CÔNG TY TNHH ĐẦU TƯ PHÁT TRIỂN TÂM AN KHANG,CÔNG TY TNHH ĐẦU TƯ PHÁT TRIỂN,Công ty trách nhiệm hữu hạn một thành viên,"118/7/13 đường Liên Khu 5-6, Phường Bình Hưng Hòa B, Quận Bình Tân, Thành phố Hồ Chí Minh, Việt Nam",Quận Bình Tân,"5510: Dịch vụ lưu trú ngắn ngày-Chi tiết: Kinh doanh khách sạn (đạt tiêu chuẩn sao và không hoạt động tại trụ sở);4662: Bán buôn kim loại và quặng kim loại-Chi tiết: Bán buôn sắt, thép, nhôm, kẽm, ino",internet
313971137,DOANH NGHIỆP TƯ NHÂN GIẢI TRÍ THANH HÙNG,DOANH NGHIỆP TƯ NHÂN GIẢI TRÍ ,Doanh nghiệp tư nhân,"38 Nguyễn Triệu Luật, khu phố 3, Phường Tân Tạo, Quận Bình Tân, Thành phố Hồ Chí Minh, Việt Nam",Quận Bình Tân,"4723: Bán lẻ đồ uống trong các cửa hàng chuyên doanh-;3320: Lắp đặt máy móc và thiết bị công nghiệp-chi tiết: Lắp đặt các loại thùng trò chơi điện tử như: thú nhún, đua ngựa, đua heo, đua chó, máy bắn",lap top
313935876,CÔNG TY TNHH MỸ PHẨM HOA MAI VÀNG,CÔNG TY TNHH MỸ PHẨM HOA MAI V,Công ty trách nhiệm hữu hạn một thành viên,"60/41/31 Nguyễn Văn Cự, Khu phố 5, Phường Tân Tạo A, Quận Bình Tân, Thành phố Hồ Chí Minh, Việt Nam",Quận Bình Tân,4933: Vận tải hàng hóa bằng đường bộ-Chi tiết: Vận tải hàng hóa bằng đường bộ (trừ hóa lỏng khí để vận chuyển).;7320: Nghiên cứu thị trường và thăm dò dư luận-(trừ dịch vụ điều tra và các loại thông t,internet
313956675,CÔNG TY TNHH SẢN XUẤT THƯƠNG MẠI XUẤT NHẬP KHẨU HILARY,CÔNG TY TNHH SẢN XUẤT THƯƠNG M,Công ty trách nhiệm hữu hạn một thành viên,"Số 33/4 Đường Số 5, Phường Bình Hưng Hòa, Quận Bình Tân, Thành phố Hồ Chí Minh, Việt Nam",Quận Bình Tân,"1313: Hoàn thiện sản phẩm dệt-Chi tiết: thêu vi tính (trừ tẩy, nhuộm, hồ, in trên các sản phẩm vải, sợi, dệt, may đan và không gia công hàng qua sử dụng tại trụ sở);1323: Sản xuất thảm, chăn đệm-;1329",internet
313961682,CÔNG TY TNHH THƯƠNG MẠI DỊCH VỤ VÀ XÂY DỰNG QUANG HẢI,CÔNG TY TNHH THƯƠNG MẠI DỊCH V,Công ty trách nhiệm hữu hạn hai thành viên trở lên,"340/4 Lê Văn Quới, Phường Bình Hưng Hòa A, Quận Bình Tân, Thành phố Hồ Chí Minh, Việt Nam",Quận Bình Tân,"4791: Bán lẻ theo yêu cầu đặt hàng qua bưu điện hoặc internet-(trừ bán lẻ bình gas, khí dầu mỏ hóa lỏng LPG, dầu nhớt cặn, vàng miếng, súng, đạn loại dùng đi săn hoặc thể thao và tiền kim khí; trừ bán",internet
313942538,CÔNG TY TNHH TRÀO LƯU MỚI,CÔNG TY TNHH TRÀO LƯU MỚI,Công ty trách nhiệm hữu hạn hai thành viên trở lên,"Số 163 - 165 Đường số 24, Phường Bình Trị Đông B, Quận Bình Tân, Thành phố Hồ Chí Minh, Việt Nam",Quận Bình Tân,2610: Sản xuất linh kiện điện tử-(không hoạt động tại trụ sở).;2620: Sản xuất máy vi tính và thiết bị ngoại vi của máy vi tính-(không hoạt động tại trụ sở).;2630: Sản xuất thiết bị truyền thông-(không,internet
313966320,CÔNG TY TNHH DU MIÊN,CÔNG TY TNHH DU MIÊN,Công ty trách nhiệm hữu hạn hai thành viên trở lên,"A4-706 chung cư Ehome 3, đường Hồ Học Lãm, Phường An Lạc, Quận Bình Tân, Thành phố Hồ Chí Minh, Việt Nam",Quận Bình Tân,"1629: Sản xuất sản phẩm khác từ gỗ; sản xuất sản phẩm từ tre, nứa, rơm, rạ và vật liệu tết bện-; 4610: Đại lý, môi giới, đấu giá hàng hóa-Chi tiết: Đại lý, môi giới (trừ đấu giá tài sản); 4632: Bán bu",internet
313962848,CÔNG TY TNHH THƯƠNG MẠI XUẤT NHẬP KHẨU JD VIỆT NAM,CÔNG TY TNHH THƯƠNG MẠI XUẤT N,Công ty trách nhiệm hữu hạn hai thành viên trở lên,"Số 1031 Tỉnh Lộ 10, Phường Tân Tạo, Quận Bình Tân, Thành phố Hồ Chí Minh, Việt Nam",Quận Bình Tân,"4632: Bán buôn thực phẩm-Chi tiết: Bán buôn thịt và các sản phẩm từ thịt, thủy sản, rau, quả, cà phê, đường, sữa và các sản phẩm sữa, bánh kẹo và các sản phẩm chế biến từ ngũ cốc, bột, tinh bột, thực ",internet
313983929,CÔNG TY TNHH THƯƠNG MẠI DỊCH VỤ INOX GIA BẢO,CÔNG TY TNHH THƯƠNG MẠI DỊCH V,Công ty trách nhiệm hữu hạn một thành viên,"34/11 Đường Liên Khu 4 -5, Phường Bình Hưng Hòa B, Quận Bình Tân, Thành phố Hồ Chí Minh, Việt Nam",Quận Bình Tân,"2592: Gia công cơ khí; xử lý và tráng phủ kim loại-(không hoạt động tại trụ sở).;2511: Sản xuất các cấu kiện kim loại-;4759: Bán lẻ đồ điện gia dụng, giường, tủ, bàn, ghế và đồ nội thất tương tự, đèn ",internet
313967331,CÔNG TY TNHH 3T VN,CÔNG TY TNHH 3T VN,Công ty trách nhiệm hữu hạn một thành viên,"Số 9 Đường 46, khu phố 8, Phường Tân Tạo, Quận Bình Tân, Thành phố Hồ Chí Minh, Việt Nam",Quận Bình Tân,"2610: Sản xuất linh kiện điện tử-(không hoạt động tại trụ sở);2710: Sản xuất mô tơ, máy phát, biến thế điện, thiết bị phân phối và điều khiển điện-(không hoạt động tại trụ sở);2816: Sản xuất các thiết",internet
313968423,DOANH NGHIỆP TƯ NHÂN NET MINH NGỌC,DOANH NGHIỆP TƯ NHÂN NET MINH ,Doanh nghiệp tư nhân,"316 đường số 5, Phường Bình Hưng Hòa, Quận Bình Tân, Thành phố Hồ Chí Minh, Việt Nam",Quận Bình Tân,4722: Bán lẻ thực phẩm trong các cửa hàng chuyên doanh-(thực hiện theo quyết định số 64/2009/QĐ-UBND ngày 31/07/2009 và quyết định số 79/2009/QĐ- UBND ngày 17/10/2009 của Ủy Ban Nhân Dân Tp. Hồ Chí Mi,internet
313971112,CÔNG TY TNHH THƯƠNG MẠI DỊCH VỤ PHÁT TRIỂN ĐẦU TƯ TÂM PHÚC,CÔNG TY TNHH THƯƠNG MẠI DỊCH V,Công ty trách nhiệm hữu hạn một thành viên,"410/11K Lê Văn Quới, Phường Bình Hưng Hòa A, Quận Bình Tân, Thành phố Hồ Chí Minh, Việt Nam",Quận Bình Tân,"4722: Bán lẻ thực phẩm trong các cửa hàng chuyên doanh-Chi tiết: Bán lẻ thực phẩm chức năng; 4659: Bán buôn máy móc, thiết bị và phụ tùng máy khác-Chi tiết: Bán buôn máy móc trang thiết bị ngành thẩm ",internet
314000522,CÔNG TY TNHH YẾN SÀO HÒN NƯA,CÔNG TY TNHH YẾN SÀO HÒN NƯA,Công ty trách nhiệm hữu hạn hai thành viên trở lên,"153/78 Bình Thành, Phường Bình Hưng Hòa B, Quận Bình Tân, Thành phố Hồ Chí Minh, Việt Nam",Quận Bình Tân,"0149: Chăn nuôi khác-Chi tiết: Nuôi và khai thác tổ chim yến (không hoạt động tại trụ sở);1079: Sản xuất thực phẩm khác chưa được phân vào đâu-Chi tiết: Sản xuất, chế biến thực phẩm từ yến sào (trừ ch",internet
314035596,CÔNG TY TNHH MỘT THÀNH VIÊN CẦM ĐỒ NGUYỄN THANH LÂM,CÔNG TY TNHH MỘT THÀNH VIÊN CẦ,Công ty trách nhiệm hữu hạn một thành viên,"25C1 Đỗ Năng Tế, Khu phố 2, Phường An Lạc A, Quận Bình Tân, Thành phố Hồ Chí Minh, Việt Nam",Quận Bình Tân,"4662: Bán buôn kim loại và quặng kim loại-chi tiết: Bán buôn sắt, thép, tôn, kẻm, đồng, nhôm, chì, inox;4663: Bán buôn vật liệu, thiết bị lắp đặt khác trong xây dựng-chi tiết: Bán buôn gỗ cây và gỗ ch",internet
314030686,CÔNG TY TNHH AN LẠC PHÚ,CÔNG TY TNHH AN LẠC PHÚ,Công ty trách nhiệm hữu hạn một thành viên,"161/20 Lê Tấn Bê, Phường An Lạc, Quận Bình Tân, Thành phố Hồ Chí Minh, Việt Nam",Quận Bình Tân,7911: Đại lý du lịch-;7912: Điều hành tua du lịch-;8121: Vệ sinh chung nhà cửa-(trừ dịch vụ xông hơi khử trùng);8130: Dịch vụ chăm sóc và duy trì cảnh quan-;4101: Xây dựng nhà để ở-; 8211: Dịch vụ hàn,internet
314039914,CÔNG TY TNHH GAME GIẢI TRÍ PHAN LIÊN,CÔNG TY TNHH GAME GIẢI TRÍ PHA,Công ty trách nhiệm hữu hạn một thành viên,"32 Đường 3A, Khu Phố 3, Phường Tân Tạo A, Quận Bình Tân, Thành phố Hồ Chí Minh, Việt Nam",Quận Bình Tân,"4711: Bán lẻ lương thực, thực phẩm, đồ uống, thuốc lá, thuốc lào chiếm tỷ trọng lớn trong các cửa hàng kinh doanh tổng hợp-(Thực hiện theo Quyết định số 64/2009/QĐ-UBND ngày 31/07/2009 và Quyết định s",internet
313853510,CÔNG TY CỔ PHẦN BOSS WINDOW,CÔNG TY CỔ PHẦN BOSS WINDOW,Công ty cổ phần,"65/22/25 Đường số 5, Phường Bình Hưng Hòa, Quận Bình Tân, Thành phố Hồ Chí Minh, Việt Nam",Quận Bình Tân,"2220: Sản xuất sản phẩm từ plastic-(trừ sản xuất xốp cách nhiệt sử dụng ga R141b và không luyện cán cao su, tái chế phế thải tại trụ sở);2511: Sản xuất các cấu kiện kim loại-;4321: Lắp đặt hệ thống đi",internet
313984344,CÔNG TY TNHH THƯƠNG MẠI DỊCH VỤ JATAVI,CÔNG TY TNHH THƯƠNG MẠI DỊCH V,Công ty trách nhiệm hữu hạn hai thành viên trở lên,"32D Lâm Hoành, Khu Phố 5, Phường An Lạc, Quận Bình Tân, Thành phố Hồ Chí Minh, Việt Nam",Quận Bình Tân,"4632: Bán buôn thực phẩm-chi tiết: Bán buôn thịt (không hoạt động tại trụ sở) và các sản phẩm từ thịt, thuỷ sản, rau quả, cà phê, chè, đường (không hoạt động tại trụ sở), sữa và các sản phẩm sữa, bánh",internet
314054327,CÔNG TY TNHH THIẾT BỊ VĂN PHÒNG PHẨM ANH QUỐC,CÔNG TY TNHH THIẾT BỊ VĂN PHÒN,Công ty trách nhiệm hữu hạn một thành viên,"27 Đường Số 10 - KDC Hương Lộ 5, Khu Phố 2, Phường An Lạc, Quận Bình Tân, Thành phố Hồ Chí Minh, Việt Nam",Quận Bình Tân,"9512: Sửa chữa thiết bị liên lạc-;7310: Quảng cáo-;8219: Photo, chuẩn bị tài liệu và các hoạt động hỗ trợ văn phòng đặc biệt khác-Chi tiết: Dịch vụ đánh máy vi tính. Photocopy; chuẩn bị tài liệu;6202:",internet
314060144,CÔNG TY TNHH THƯƠNG MẠI THIẾT BỊ LÊ DƯƠNG,CÔNG TY TNHH THƯƠNG MẠI THIẾT ,Công ty trách nhiệm hữu hạn hai thành viên trở lên,"38 đường 26, Phường Bình Trị Đông B, Quận Bình Tân, Thành phố Hồ Chí Minh, Việt Nam",Quận Bình Tân,2610: Sản xuất linh kiện điện tử-;2620: Sản xuất máy vi tính và thiết bị ngoại vi của máy vi tính-;2630: Sản xuất thiết bị truyền thông-;2640: Sản xuất sản phẩm điện tử dân dụng-;1322: Sản xuất hàng m,internet
313999580,CÔNG TY TNHH DỊCH VỤ TRUYỀN THÔNG KHẢI HOÀN,CÔNG TY TNHH DỊCH VỤ TRUYỀN TH,Công ty trách nhiệm hữu hạn một thành viên,"29 Đường số 1, Khu dân cư Hai Thành, Phường Tân Tạo A, Quận Bình Tân, Thành phố Hồ Chí Minh, Việt Nam",Quận Bình Tân,"7320: Nghiên cứu thị trường và thăm dò dư luận-;6190: Hoạt động viễn thông khác-Chi tiết: Hoạt động của các điểm truy cập internet;6311: Xử lý dữ liệu, cho thuê và các hoạt động liên quan-;6312: Cổng ",internet
314033084,CÔNG TY TNHH SẢN XUẤT THƯƠNG MẠI ĐẦU TƯ PHÁT TRIỂN DỊCH VỤ ANPHA,CÔNG TY TNHH SẢN XUẤT THƯƠNG M,Công ty trách nhiệm hữu hạn một thành viên,"1015 Quốc lộ 1A, Phường Bình Trị Đông A, Quận Bình Tân, Thành phố Hồ Chí Minh, Việt Nam",Quận Bình Tân,"4659: Bán buôn máy móc, thiết bị và phụ tùng máy khác-chi tiết: Bán buôn các loại máy móc, thiết bị văn phòng, máy fax, máy in, máy photocopy, hàng cơ điện lạnh, điện tử, công nghiệp; Bán buôn các loạ",internet
314029105,CÔNG TY TNHH GLOBAL READY,CÔNG TY TNHH GLOBAL READY,Công ty trách nhiệm hữu hạn một thành viên,"9/14 Nguyễn Quý Yêm, Phường An Lạc, Quận Bình Tân, Thành phố Hồ Chí Minh, Việt Nam",Quận Bình Tân,5820: Xuất bản phần mềm-chi tiết: Sản xuất phần mềm. dịch vụ tư vấn phần mềm và tư vấn hệ thống;6201: Lập trình máy vi tính-chi tiết: dịch vụ lập trình;6202: Tư vấn máy vi tính và quản trị hệ thống má,internet
314030809,CÔNG TY TNHH ĐẦU TƯ THƯƠNG MẠI XUẤT NHẬP KHẨU DUYANH PRO+,CÔNG TY TNHH ĐẦU TƯ THƯƠNG MẠI,Công ty trách nhiệm hữu hạn một thành viên,"196 Đường 7A, Phường Bình Trị Đông B, Quận Bình Tân, Thành phố Hồ Chí Minh, Việt Nam",Quận Bình Tân,"5224: Bốc xếp hàng hóa-chi tiết: bốc xếp hàng hoá đường bộ (Trừ bốc xếp hàng hóa cảng hàng không);5229: Hoạt động dịch vụ hỗ trợ khác liên quan đến vận tải-chi tiết: giao nhận hàng hoá 
(Trừ hóa lỏng ",internet
314126483,CÔNG TY TNHH THƯƠNG MẠI TOÀN CẦU ICARE,CÔNG TY TNHH THƯƠNG MẠI TOÀN C,Công ty trách nhiệm hữu hạn một thành viên,"111 Đường Số 21 , Phường Bình Trị Đông B, Quận Bình Tân, Thành phố Hồ Chí Minh, Việt Nam",Quận Bình Tân,"4773: Bán lẻ hàng hóa khác mới trong các cửa hàng chuyên doanh-(trừ bán lẻ bình ga, súng đạn dùng đi săn hoặc thể thao, tiền kim khí và thực hiện theo Quyết định 64/2009/QĐ-UBND ngày 31/07/2009 và Quy",internet
314137767,CÔNG TY TNHH MỘT THÀNH VIÊN NOAH VIỆT NAM,CÔNG TY TNHH MỘT THÀNH VIÊN NO,Công ty trách nhiệm hữu hạn một thành viên,"Số 26 Đường Số 57A , Phường Tân Tạo, Quận Bình Tân, Thành phố Hồ Chí Minh, Việt Nam",Quận Bình Tân,"4651: Bán buôn máy vi tính, thiết bị ngoại vi và phần mềm-;4652: Bán buôn thiết bị và linh kiện điện tử, viễn thông-;4659: Bán buôn máy móc, thiết bị và phụ tùng máy khác-Chi tiết: Bán buôn máy móc, t",internet
314099938,CÔNG TY TNHH STARTER,CÔNG TY TNHH STARTER,Công ty trách nhiệm hữu hạn một thành viên,"6 Đường số 13 ,Tiểu khu 1, Phường Bình Trị Đông B, Quận Bình Tân, Thành phố Hồ Chí Minh, Việt Nam",Quận Bình Tân,"2599: Sản xuất sản phẩm khác bằng kim loại chưa được phân vào đâu-Chi tiết: Sản xuất đồ dùng bằng kim loại cho nhà bếp, nhà vệ sinh và nhà ăn;2610: Sản xuất linh kiện điện tử-;2640: Sản xuất sản phẩm ",internet
314072950,CÔNG TY TNHH HƯNG PHÁT MEDIA,CÔNG TY TNHH HƯNG PHÁT MEDIA,Công ty trách nhiệm hữu hạn một thành viên,"325/4C Lê Văn Quới, Khu phố 1, Phường Bình Trị Đông, Quận Bình Tân, Thành phố Hồ Chí Minh, Việt Nam",Quận Bình Tân,"8230: Tổ chức giới thiệu và xúc tiến thương mại-(không thực hiện các hiệu ứng cháy, nổ; không sử dụng chất nổ, chất cháy, hóa chất làm đạo cụ, dụng cụ thực hiện các chương trình văn nghệ, sự kiện, phi",internet
314157724,CÔNG TY TNHH THƯƠNG MẠI DỊCH VỤ TRÒ CHƠI ĐIỆN TỬ BÌNH CHÂU,CÔNG TY TNHH THƯƠNG MẠI DỊCH V,Công ty trách nhiệm hữu hạn một thành viên,"11 Đường Đỗ Năng Tuế, Khu phố 1, Phường An Lạc, Quận Bình Tân, Thành phố Hồ Chí Minh, Việt Nam",Quận Bình Tân,6190: Hoạt động viễn thông khác-Chi tiết: Hoạt động của các điểm truy cập Internet;9329: Hoạt động vui chơi giải trí khác chưa được phân vào đâu-Chi tiết: Kinh doanh trò chơi điện tử (trừ kinh doanh t,internet
314152476,CÔNG TY TNHH GIÁO DỤC PHÚC KHANG,CÔNG TY TNHH GIÁO DỤC PHÚC KHA,Công ty trách nhiệm hữu hạn một thành viên,"Số 75 Đường số 6, Khu phố 4, Phường Tân Tạo A, Quận Bình Tân, Thành phố Hồ Chí Minh, Việt Nam",Quận Bình Tân,"1811: In ấn-(trừ in, tráng bao bì kim loại; in trên các sản phẩm vải sợi, dệt, may, đan tại trụ sở);1812: Dịch vụ liên quan đến in-;4669: Bán buôn chuyên doanh khác chưa được phân vào đâu-Chi tiết: Bá",internet
314119782,CÔNG TY CỔ PHẦN DO PHAN,CÔNG TY CỔ PHẦN DO PHAN,Công ty cổ phần,"271 Quốc Lộ 1A, khu phố 5, Phường Bình Hưng Hòa, Quận Bình Tân, Thành phố Hồ Chí Minh, Việt Nam",Quận Bình Tân,"4390: Hoạt động xây dựng chuyên dụng khác-;4652: Bán buôn thiết bị và linh kiện điện tử, viễn thông-;4659: Bán buôn máy móc, thiết bị và phụ tùng máy khác-;4649: Bán buôn đồ dùng khác cho gia đình-(tr",internet
314156745,CÔNG TY TNHH CÔNG NGHỆ PURE WORLD,CÔNG TY TNHH CÔNG NGHỆ PURE WO,Công ty trách nhiệm hữu hạn hai thành viên trở lên,"110 Đường Số 19E, Phường Bình Trị Đông B, Quận Bình Tân, Thành phố Hồ Chí Minh, Việt Nam",Quận Bình Tân,"2710: Sản xuất mô tơ, máy phát, biến thế điện, thiết bị phân phối và điều khiển điện-; 1104: Sản xuất đồ uống không cồn, nước khoáng-chi tiết: sản xuất nước khoáng, nước tinh khiết đóng chai;4741: Bán",internet
313922281,CÔNG TY TNHH THƯƠNG MẠI QUỐC TẾ TRƯỜNG VÂN,CÔNG TY TNHH THƯƠNG MẠI QUỐC T,Công ty trách nhiệm hữu hạn một thành viên,"36 Đường Số 21B , Phường Bình Trị Đông B, Quận Bình Tân, Thành phố Hồ Chí Minh, Việt Nam",Quận Bình Tân,"4711: Bán lẻ lương thực, thực phẩm, đồ uống, thuốc lá, thuốc lào chiếm tỷ trọng lớn trong các cửa hàng kinh doanh tổng hợp-(thực hiện theo Quyết định 64/2009/QÐ-UBND ngày 31/7/2009 của ủy ban nhân dân",internet
314175240,CÔNG TY TNHH MỘT THÀNH VIÊN NATUCO SÀI GÒN,CÔNG TY TNHH MỘT THÀNH VIÊN NA,Công ty trách nhiệm hữu hạn một thành viên,"Số 130/21 đường số 12, khu phố 18, Phường Bình Hưng Hòa, Quận Bình Tân, Thành phố Hồ Chí Minh, Việt Nam",Quận Bình Tân,"2592: Gia công cơ khí; xử lý và tráng phủ kim loại-(không hoạt động tại trụ sở).;1322: Sản xuất hàng may sẵn (trừ trang phục)-(trừ tẩy, nhuộm, hồ, in và không gia công hàng đã qua sử dụng, thuộc da, l",internet
314177223,CÔNG TY TNHH THƯƠNG MẠI DỊCH VỤ DƯƠNG VY,CÔNG TY TNHH THƯƠNG MẠI DỊCH V,Công ty trách nhiệm hữu hạn hai thành viên trở lên,"131/19/39 Đường Số 7, Khu Phố 3, Phường Bình Hưng Hòa, Quận Bình Tân, Thành phố Hồ Chí Minh, Việt Nam",Quận Bình Tân,"4690: Bán buôn tổng hợp-Chi tiết: bán buôn, xuất nhập khẩu vải vóc, hàng thủ công mỹ nghệ, hàng lưu niệm;4719: Bán lẻ khác trong các cửa hàng kinh doanh tổng hợp-(trừ bán lẻ bình gas, súng, đạn loại d",internet
107580314,CÔNG TY TNHH ASIA GO,CÔNG TY TNHH ASIA GO,Công ty trách nhiệm hữu hạn hai thành viên trở lên,"Số 2A Quốc lộ 1A, Phường Bình Hưng Hòa B, Quận Bình Tân, Thành phố Hồ Chí Minh, Việt Nam",Quận Bình Tân,5229: Hoạt động dịch vụ hỗ trợ khác liên quan đến vận tải-(trừ hóa lỏng khí để vận chuyển và hoạt động liên quan đến vận tải đường hàng không).;4933: Vận tải hàng hóa bằng đường bộ-(trừ hóa lỏng khí đ,internet
314146786,CÔNG TY TNHH MTV THERMOPLASTIC PLUS VIỆT NAM,CÔNG TY TNHH MTV THERMOPLASTIC,Công ty trách nhiệm hữu hạn một thành viên,"35/1/4 Đường Kinh C, Khu phố 5, Phường Tân Tạo A, Quận Bình Tân, Thành phố Hồ Chí Minh, Việt Nam",Quận Bình Tân,"4669: Bán buôn chuyên doanh khác chưa được phân vào đâu-Chi tiết: Bán buôn chất dẻo dạng nguyên sinh, hạt nhựa các loại, hóa chất công nghiệp như: anilin, mực in, tinh dầu, khí công nghiệp, keo hóa họ",internet
314602453,CÔNG TY TNHH DỊCH VỤ VIỄN THÔNG MAI LIỄU,CÔNG TY TNHH DỊCH VỤ VIỄN THÔN,Công ty trách nhiệm hữu hạn một thành viên,"216 Đường 26/3, Phường Bình Hưng Hòa, Quận Bình Tân, Thành phố Hồ Chí Minh, Việt Nam",Quận Bình Tân,"3312: Sửa chữa máy móc, thiết bị-(trừ gia công cơ khí, tái chế phế thải, xi mạ điện tại trụ sở);3314: Sửa chữa thiết bị điện-(trừ gia công cơ khí, tái chế phế thải, xi mạ điện tại trụ sở);4633: Bán bu",internet
314007366,CÔNG TY TNHH GIÁO DỤC MINH HƯƠNG,CÔNG TY TNHH GIÁO DỤC MINH HƯƠ,Công ty trách nhiệm hữu hạn một thành viên,"48 Đường số 3, Cư xá Phú Lâm C mở rộng, Phường An Lạc A, Quận Bình Tân, Thành phố Hồ Chí Minh, Việt Nam",Quận Bình Tân,"6190: Hoạt động viễn thông khác-chi tiết: hoạt động của các điểm truy cập internet (trừ bán lại hạ tầng viễn thông, mạng cung cấp);4633: Bán buôn đồ uống-;4649: Bán buôn đồ dùng khác cho gia đình-chi ",internet
314018720,CÔNG TY TNHH VIỄN THÔNG-TIN HỌC GREENTEL,CÔNG TY TNHH VIỄN THÔNGTIN HỌC,Công ty trách nhiệm hữu hạn một thành viên,"507/38B, Hương Lộ 3, Phường Bình Hưng Hòa, Quận Bình Tân, Thành phố Hồ Chí Minh, Việt Nam",Quận Bình Tân,"4669: Bán buôn chuyên doanh khác chưa được phân vào đâu-Chi tiết: bán buôn máy móc thiết bị camera quan sát;4741: Bán lẻ máy vi tính, thiết bị ngoại vi, phần mềm và thiết bị viễn thông trong các cửa h",internet
314595460,CÔNG TY TNHH MTV THƯƠNG MẠI HOA MỘC LÂM,CÔNG TY TNHH MTV THƯƠNG MẠI HO,Công ty trách nhiệm hữu hạn một thành viên,"67 Đường Số 4, Phường Bình Trị Đông B, Quận Bình Tân, Thành phố Hồ Chí Minh, Việt Nam",Quận Bình Tân,"4772: Bán lẻ thuốc, dụng cụ y tế, mỹ phẩm và vật phẩm vệ sinh trong các cửa hàng chuyên doanh-Chi tiết: bán lẻ mỹ phẩm, dược phẩm;4791: Bán lẻ theo yêu cầu đặt hàng qua bưu điện hoặc internet-Chi tiết",internet
314030012,CÔNG TY TNHH ĐẦU TƯ - THƯƠNG MẠI - DỊCH VỤ - ĐA SẮC MÀU,CÔNG TY TNHH ĐẦU TƯ  THƯƠNG MẠ,Công ty trách nhiệm hữu hạn một thành viên,"158 Đường Bình Thành, Khu phố 4, Phường Bình Hưng Hòa B, Quận Bình Tân, Thành phố Hồ Chí Minh, Việt Nam",Quận Bình Tân,"7110: Hoạt động kiến trúc và tư vấn kỹ thuật có liên quan-Chi tiết: Tư vấn xây dựng; Thiết kế nội ngoại thất công trình xây dựng dân dụng và công nghiệp.; 4641: Bán buôn vải, hàng may mặc, giày dép-; ",internet
314064484,CÔNG TY CỔ PHẦN H-CONSULTING,CÔNG TY CỔ PHẦN HCONSULTING,Công ty cổ phần,"791 Hương Lộ 2, Phường Bình Trị Đông A, Quận Bình Tân, Thành phố Hồ Chí Minh, Việt Nam",Quận Bình Tân,5610: Nhà hàng và các dịch vụ ăn uống phục vụ lưu động-; 5629: Dịch vụ ăn uống khác-; 5630: Dịch vụ phục vụ đồ uống-; 4101: Xây dựng nhà để ở-; 4102: Xây dựng nhà không để ở-; 8560: Dịch vụ hỗ trợ giá,internet
315733836,CÔNG TY TNHH XÂY DỰNG SẢN XUẤT THƯƠNG MẠI DỊCH VỤ GIẢI PHÁP NĂNG LƯỢNG VÀ VIỄN THÔNG DŨNG TIÊN PHÁT,CÔNG TY TNHH XÂY DỰNG SẢN XUẤT,Công ty trách nhiệm hữu hạn một thành viên,"221/251/37/1 Đường Bình Thành, Phường Bình Hưng Hòa B, Quận Bình Tân, Thành phố Hồ Chí Minh, Việt Nam",Quận Bình Tân,6201: Lập trình máy vi tính-;6202: Tư vấn máy vi tính và quản trị hệ thống máy vi tính-;6209: Hoạt động dịch vụ công nghệ thông tin và dịch vụ khác liên quan đến máy vi tính-Chi tiết: Hoạt động dịch v,internet
314160036,CÔNG TY TNHH MỘT THÀNH VIÊN DỊCH VỤ TRÒ CHƠI ĐIỆN TỬ TRƯƠNG TRỌNG,CÔNG TY TNHH MỘT THÀNH VIÊN DỊ,Công ty trách nhiệm hữu hạn một thành viên,"Số 95/44 Hồ Học Lãm, Khu phố 2, Phường An Lạc, Quận Bình Tân, Thành phố Hồ Chí Minh, Việt Nam",Quận Bình Tân,6190: Hoạt động viễn thông khác-chi tiết: hoạt động của các điểm truy cập internet;9329: Hoạt động vui chơi giải trí khác chưa được phân vào đâu-chi tiết: Kinh doanh trò chơi điện tử ( trừ hoạt động k,internet
313635713,CÔNG TY TNHH PTECHNOLOGY,CÔNG TY TNHH PTECHNOLOGY,Công ty trách nhiệm hữu hạn hai thành viên trở lên,"198 Đường 1A, Khu Dân Cư Vĩnh Lộc, Phường Bình Hưng Hòa B, Quận Bình Tân, Thành phố Hồ Chí Minh, Việt Nam",Quận Bình Tân,"0322: Nuôi trồng thuỷ sản nội địa-(không hoạt động tại trụ sở);1080: Sản xuất thức ăn gia súc, gia cầm và thuỷ sản-(không hoạt động tại trụ sở);4669: Bán buôn chuyên doanh khác chưa được phân vào đâu-",technology
314148455,CÔNG TY TNHH TƯ VẤN VÀ DỊCH VỤ MINH KHOA,CÔNG TY TNHH TƯ VẤN VÀ DỊCH VỤ,Công ty trách nhiệm hữu hạn một thành viên,"188/13/22 Lê Đình Cẩn, Khu Phố 10, Phường Tân Tạo, Quận Bình Tân, Thành phố Hồ Chí Minh, Việt Nam",Quận Bình Tân,"2750: Sản xuất đồ điện dân dụng-(Không hoạt động tại trụ sở).;1811: In ấn-;1812: Dịch vụ liên quan đến in-;4663: Bán buôn vật liệu, thiết bị lắp đặt khác trong xây dựng-;4669: Bán buôn chuyên doanh kh",internet
314176364,CÔNG TY TNHH QUANG HAI LONG,CÔNG TY TNHH QUANG HAI LONG,Công ty trách nhiệm hữu hạn một thành viên,"93/18 Đường Liên khu 5-6, Phường Bình Hưng Hòa B, Quận Bình Tân, Thành phố Hồ Chí Minh, Việt Nam",Quận Bình Tân,"4632: Bán buôn thực phẩm-Chi tiết: Bán buôn các mặt hàng thực phẩm sản xuất trong nước và nhập khẩu tại trụ sở chính và tại các địa điểm kinh doanh như: cà phê, chè (cà phê, chè không bán buôn tại trụ",internet
313650655,CÔNG TY TNHH TM DV IN ẤN CHÂU PHÚ,CÔNG TY TNHH TM DV IN ẤN CHÂU ,Công ty trách nhiệm hữu hạn một thành viên,"840/143/2 Hương Lộ 2,Khu Phố 10, Phường Bình Trị Đông A, Quận Bình Tân, Thành phố Hồ Chí Minh, Việt Nam",Quận Bình Tân,"7729: Cho thuê đồ dùng cá nhân và gia đình khác-Chi tiết: Cho thuê tất cả các loại đồ dùng (cá nhân và gia đình), cho hộ gia đình sử dụng hoặc kinh doanh (trừ thiết bị thể thao và giải trí): - Đồ dệt,",internet
313685834,CÔNG TY TNHH ĐẦU TƯ XÂY DỰNG XUẤT NHẬP KHẨU ĐỨC TÍN,CÔNG TY TNHH ĐẦU TƯ XÂY DỰNG X,Công ty trách nhiệm hữu hạn hai thành viên trở lên,"1015 Quốc lộ 1A, Khu phố 10, Phường Bình Trị Đông A, Quận Bình Tân, Thành phố Hồ Chí Minh, Việt Nam",Quận Bình Tân,"5224: Bốc xếp hàng hóa-(trừ bốc xếp hàng hóa cảng hàng không);4610: Đại lý, môi giới, đấu giá hàng hóa-Chi tiết: Đại lý bán hàng hóa, môi giới mua bán hàng hóa;5229: Hoạt động dịch vụ hỗ trợ khác liên",internet
313770649,CÔNG TY CỔ PHẦN THƯƠNG MẠI DỊCH VỤ ĐẦU TƯ XUẤT NHẬP KHẨU ÂU LẠC,CÔNG TY CỔ PHẦN THƯƠNG MẠI DỊC,Công ty cổ phần,"161/32/2 Trương Phước Phan, KP 8, Phường Bình Trị Đông, Quận Bình Tân, Thành phố Hồ Chí Minh, Việt Nam",Quận Bình Tân,2610: Sản xuất linh kiện điện tử-;2620: Sản xuất máy vi tính và thiết bị ngoại vi của máy vi tính-;2630: Sản xuất thiết bị truyền thông-;2640: Sản xuất sản phẩm điện tử dân dụng-;2652: Sản xuất đồng h,internet
313804866,CÔNG TY TNHH THƯƠNG MẠI DỊCH VỤ HUỲNH VY,CÔNG TY TNHH THƯƠNG MẠI DỊCH V,Công ty trách nhiệm hữu hạn một thành viên,"Số 39, Đường số 20, Khu phố 8, Phường Bình Hưng Hòa A, Quận Bình Tân, Thành phố Hồ Chí Minh, Việt Nam",Quận Bình Tân,"4512: Bán lẻ ô tô con (loại 9 chỗ ngồi trở xuống)-;4631: Bán buôn gạo, lúa mỳ, hạt ngũ cốc khác, bột mỳ-Chi tiết: xuất nhập khẩu và bán buôn lương thực (không hoạt động tại trụ sở);4610: Đại lý, môi g",internet
313902630,CÔNG TY TNHH THƯƠNG MẠI DỊCH VỤ TÂN HÙNG CƠ,CÔNG TY TNHH THƯƠNG MẠI DỊCH V,Công ty trách nhiệm hữu hạn hai thành viên trở lên,"46A Lê Tấn Bê, Khu Phố 2, Phường An Lạc, Quận Bình Tân, Thành phố Hồ Chí Minh, Việt Nam",Quận Bình Tân,"4651: Bán buôn máy vi tính, thiết bị ngoại vi và phần mềm-;4649: Bán buôn đồ dùng khác cho gia đình-Chi tiết: Bán buôn đồ điện gia dụng, đèn và bộ đèn điện;4659: Bán buôn máy móc, thiết bị và phụ tùng",internet
313903810,CÔNG TY CỔ PHẦN GÀ TA SƠN CA,CÔNG TY CỔ PHẦN GÀ TA SƠN CA,Công ty cổ phần,"33 Nguyễn Thị Tú, Phường Bình Hưng Hòa B, Quận Bình Tân, Thành phố Hồ Chí Minh, Việt Nam",Quận Bình Tân,"0141: Chăn nuôi trâu, bò-(không hoạt động tại trụ sở);0144: Chăn nuôi dê, cừu-(không hoạt động tại trụ sở);0145: Chăn nuôi lợn-(không hoạt động tại trụ sở);0146: Chăn nuôi gia cầm-(không hoạt động tại",internet
313967652,CÔNG TY TNHH CYBER TEEN,CÔNG TY TNHH CYBER TEEN,Công ty trách nhiệm hữu hạn một thành viên,"59 Ấp Chiến Lược, Khu Phố 4, Phường Bình Hưng Hòa A, Quận Bình Tân, Thành phố Hồ Chí Minh, Việt Nam",Quận Bình Tân,"6201: Lập trình máy vi tính-;6209: Hoạt động dịch vụ công nghệ thông tin và dịch vụ khác liên quan đến máy vi tính-;4651: Bán buôn máy vi tính, thiết bị ngoại vi và phần mềm-;4652: Bán buôn thiết bị v",internet
314015198,CÔNG TY TNHH GIÁO DỤC WISDOM,CÔNG TY TNHH GIÁO DỤC WISDOM,Công ty trách nhiệm hữu hạn một thành viên,"49A/26 Đường số 3, Phường Bình Hưng Hòa A, Quận Bình Tân, Thành phố Hồ Chí Minh, Việt Nam",Quận Bình Tân,"4723: Bán lẻ đồ uống trong các cửa hàng chuyên doanh-;4772: Bán lẻ thuốc, dụng cụ y tế, mỹ phẩm và vật phẩm vệ sinh trong các cửa hàng chuyên doanh-;5610: Nhà hàng và các dịch vụ ăn uống phục vụ lưu đ",internet
314060803,CÔNG TY TNHH THƯƠNG MẠI THIẾT BỊ VẬT LIỆU QUẢNG CÁO ALIBABA,CÔNG TY TNHH THƯƠNG MẠI THIẾT ,Công ty trách nhiệm hữu hạn một thành viên,"482 Hương lộ 2, Phường Bình Trị Đông, Quận Bình Tân, Thành phố Hồ Chí Minh, Việt Nam",Quận Bình Tân,"4659: Bán buôn máy móc, thiết bị và phụ tùng máy khác-Chi tiết: Bán buôn máy móc, thiết bị và phụ tùng máy ngành in, ngành quảng cáo. Bán buôn máy móc. thiết bị và phụ tùng máy khai khoáng, xây dựng. ",vi tinh
314114230,CÔNG TY TNHH NÔNG SINH HỌC THÔNG MINH,CÔNG TY TNHH NÔNG SINH HỌC THÔ,Công ty trách nhiệm hữu hạn hai thành viên trở lên,"Số 20, Đường Số 7 Nối Dài, Phường Tân Tạo A, Quận Bình Tân, Thành phố Hồ Chí Minh, Việt Nam",Quận Bình Tân,"4759: Bán lẻ đồ điện gia dụng, giường, tủ, bàn, ghế và đồ nội thất tương tự, đèn và bộ đèn điện, đồ dùng gia đình khác chưa được phân vào đâu  trong các cửa hàng chuyên doanh-; 4771: Bán lẻ hàng may m",internet
314131677,CÔNG TY TNHH THƯƠNG MẠI DỊCH VỤ GIẢI PHÁP CÔNG NGHỆ HOÀNG HÀ,CÔNG TY TNHH THƯƠNG MẠI DỊCH V,Công ty trách nhiệm hữu hạn hai thành viên trở lên,"259/13 Bình Thành, Phường Bình Hưng Hòa B, Quận Bình Tân, Thành phố Hồ Chí Minh, Việt Nam",Quận Bình Tân,"4651: Bán buôn máy vi tính, thiết bị ngoại vi và phần mềm-;4652: Bán buôn thiết bị và linh kiện điện tử, viễn thông-;4659: Bán buôn máy móc, thiết bị và phụ tùng máy khác-;4741: Bán lẻ máy vi tính, th",internet
314142407,CÔNG TY TNHH HỮU TIẾN THỊNH,CÔNG TY TNHH HỮU TIẾN THỊNH,Công ty trách nhiệm hữu hạn một thành viên,"118/18/45 Liên khu 5-6, Phường Bình Hưng Hòa B, Quận Bình Tân, Thành phố Hồ Chí Minh, Việt Nam",Quận Bình Tân,4933: Vận tải hàng hóa bằng đường bộ-(trừ hóa lỏng khí để vận chuyển);4390: Hoạt động xây dựng chuyên dụng khác-; 5210: Kho bãi và lưu giữ hàng hóa-Chi tiết: Lưu giữ hàng hóa (trừ kinh doanh kho bãi);,internet
314150630,CÔNG TY TNHH GIÁO DỤC KHOA HỌC IQ,CÔNG TY TNHH GIÁO DỤC KHOA HỌC,Công ty trách nhiệm hữu hạn một thành viên,"117/15 Hồ Văn Long , Phường Tân Tạo, Quận Bình Tân, Thành phố Hồ Chí Minh, Việt Nam",Quận Bình Tân,"8559: Giáo dục khác chưa được phân vào đâu-Chi tiết: Giáo dục không xác định được cấp độ tại các trung tâm đào tạo bồi dưỡng; các dịch vụ dạy kèm ( gia sư), các trung tâm dạy học có các khóa học cho h",internet
314163252,CÔNG TY TRÁCH NHIỆM HỮU HẠN CƠ KHÍ MÁY MÓC THIẾT BỊ PHỤ TÙNG HUYNH ĐẠI,CÔNG TY TRÁCH NHIỆM HỮU HẠN CƠ,Công ty trách nhiệm hữu hạn hai thành viên trở lên,"25 Lê Cơ, Phường An Lạc, Quận Bình Tân, Thành phố Hồ Chí Minh, Việt Nam",Quận Bình Tân,2733: Sản xuất thiết bị dây dẫn điện các loại-Chi  tiết: Sản xuất cột chống sét (không hoạt động tại trụ sở);2012: Sản xuất phân bón và hợp chất ni tơ-Chi tiết : Sản xuất phân bón (không hoạt động tại,internet
314169913,CÔNG TY TNHH CÔNG NGHỆ NAM PHÚ HƯNG,CÔNG TY TNHH CÔNG NGHỆ NAM PHÚ,Công ty trách nhiệm hữu hạn hai thành viên trở lên,"366 Đường số 7, Khu phố 8, Phường Tân Tạo, Quận Bình Tân, Thành phố Hồ Chí Minh, Việt Nam",Quận Bình Tân,"2640: Sản xuất sản phẩm điện tử dân dụng-;1701: Sản xuất bột giấy, giấy và bìa-(không hoạt động tại trụ sở);1702: Sản xuất giấy nhăn, bìa nhăn, bao bì từ giấy và bìa-;1709: Sản xuất các sản phẩm khác ",internet
314177858,CÔNG TY TNHH THỦ CÔNG THIÊN LAM,CÔNG TY TNHH THỦ CÔNG THIÊN LA,Công ty trách nhiệm hữu hạn một thành viên,"17/19 Liên Khu 2-10, khu phố 10, Phường Bình Hưng Hòa A, Quận Bình Tân, Thành phố Hồ Chí Minh, Việt Nam",Quận Bình Tân,"1322: Sản xuất hàng may sẵn (trừ trang phục)-;1323: Sản xuất thảm, chăn đệm-;1410: May trang phục (trừ trang phục từ da lông thú)-;1430: Sản xuất trang phục dệt kim, đan móc-;4669: Bán buôn chuyên doa",internet
314185256,CÔNG TY TNHH CƠ ĐIỆN PHỤNG HOÀNG,CÔNG TY TNHH CƠ ĐIỆN PHỤNG HOÀ,Công ty trách nhiệm hữu hạn hai thành viên trở lên,"88 Đường Số 12, Phường Bình Hưng Hòa, Quận Bình Tân, Thành phố Hồ Chí Minh, Việt Nam",Quận Bình Tân,"4659: Bán buôn máy móc, thiết bị và phụ tùng máy khác-;4662: Bán buôn kim loại và quặng kim loại-(trừ mua bán vàng miếng).;4663: Bán buôn vật liệu, thiết bị lắp đặt khác trong xây dựng-;4752: Bán lẻ đ",internet
314199883,CÔNG TY CỔ PHẦN THỰC PHẨM QUỐC TẾ TORKI,CÔNG TY CỔ PHẦN THỰC PHẨM QUỐC,Công ty cổ phần,"120/7 Lê Văn Quới, Phường Bình Hưng Hòa A, Quận Bình Tân, Thành phố Hồ Chí Minh, Việt Nam",Quận Bình Tân,2610: Sản xuất linh kiện điện tử-;2620: Sản xuất máy vi tính và thiết bị ngoại vi của máy vi tính-;2630: Sản xuất thiết bị truyền thông-;2640: Sản xuất sản phẩm điện tử dân dụng-;2651: Sản xuất thiết ,internet
314205262,CÔNG TY TNHH QUẢNG CÁO THIÊN ÂN DECOR,CÔNG TY TNHH QUẢNG CÁO THIÊN Â,Công ty trách nhiệm hữu hạn một thành viên,"695 Tân Kỳ Tân Quý, Phường Bình Hưng Hòa A, Quận Bình Tân, Thành phố Hồ Chí Minh, Việt Nam",Quận Bình Tân,"7310: Quảng cáo-;2022: Sản xuất sơn, véc ni và các chất sơn, quét tương tự; sản xuất mực in và ma tít-(không hoạt động tại trụ sở);2592: Gia công cơ khí; xử lý và tráng phủ kim loại-(không hoạt động t",internet
314213489,CÔNG TY TNHH  THỜI TRANG SƠN LÂM,CÔNG TY TNHH  THỜI TRANG SƠN L,Công ty trách nhiệm hữu hạn hai thành viên trở lên,"50/71 Nguyễn Quý Yêm, Khu Phố 4, Phường An Lạc, Quận Bình Tân, Thành phố Hồ Chí Minh, Việt Nam",Quận Bình Tân,"1410: May trang phục (trừ trang phục từ da lông thú)-Chi tiết : Gia công, sản xuất hàng may mặc;4669: Bán buôn chuyên doanh khác chưa được phân vào đâu-chi tiết: Bán buôn nguyên phụ liệu ngành may. Bá",internet
314221049,CÔNG TY TNHH THỰC PHẨM VÀ DU LỊCH ĐẠI VIỆT,CÔNG TY TNHH THỰC PHẨM VÀ DU L,Công ty trách nhiệm hữu hạn một thành viên,"73, đường số 10, khu phố 2, Phường An Lạc, Quận Bình Tân, Thành phố Hồ Chí Minh, Việt Nam",Quận Bình Tân,"4620: Bán buôn nông, lâm sản nguyên liệu (trừ gỗ, tre, nứa) và động vật sống-Bán buôn nông (không hoạt động tại trụ sở), lâm sản nguyên liệu (trừ gỗ, tre, nứa) và động vật sống;4662: Bán buôn kim loại",internet
314223367,CÔNG TY TNHH ĐẦU TƯ THƯƠNG MẠI DỊCH VỤ PHÚC KHANG,CÔNG TY TNHH ĐẦU TƯ THƯƠNG MẠI,Công ty trách nhiệm hữu hạn hai thành viên trở lên,"215 Mã Lò, khu phố 6, Phường Bình Trị Đông A, Quận Bình Tân, Thành phố Hồ Chí Minh, Việt Nam",Quận Bình Tân,"6810: Kinh doanh bất động sản, quyền sử dụng đất thuộc chủ sở hữu, chủ sử dụng hoặc đi thuê-;6820: Tư vấn, môi giới, đấu giá bất động sản, đấu giá quyền sử dụng đất-chi tiết: Tư vấn, môi giới bất động",internet
314227072,CÔNG TY TNHH ĐIỆN TỬ HÀ MY,CÔNG TY TNHH ĐIỆN TỬ HÀ MY,Công ty trách nhiệm hữu hạn một thành viên,"183/24A Lê Đình Cẩn, Khu phố 6, Phường Tân Tạo, Quận Bình Tân, Thành phố Hồ Chí Minh, Việt Nam",Quận Bình Tân,"2022: Sản xuất sơn, véc ni và các chất sơn, quét tương tự; sản xuất mực in và ma tít-( không hoạt động tại trụ sở);2592: Gia công cơ khí; xử lý và tráng phủ kim loại-( không hoạt động tại trụ sở);1410",internet
314230124,CÔNG TY TNHH THƯƠNG MẠI XUẤT NHẬP KHẨU AN VIÊN,CÔNG TY TNHH THƯƠNG MẠI XUẤT N,Công ty trách nhiệm hữu hạn hai thành viên trở lên,"704/54/9 Hương Lộ 2, Khu phố 4, Phường Bình Trị Đông A, Quận Bình Tân, Thành phố Hồ Chí Minh, Việt Nam",Quận Bình Tân,"6311: Xử lý dữ liệu, cho thuê và các hoạt động liên quan-Chi tiết: Cho thuê hosting, domain; 4321: Lắp đặt hệ thống điện-Chi tiết: Lắp đặt hệ thống điện, hệ thống định vị, hệ thống mạng (trừ gia công ",internet
314228855,CÔNG TY TNHH RM HEALTHCARE,CÔNG TY TNHH RM HEALTHCARE,Công ty trách nhiệm hữu hạn hai thành viên trở lên,"Số 13/15 Đường số 1, Khu phố 4, Phường An Lạc A, Quận Bình Tân, Thành phố Hồ Chí Minh, Việt Nam",Quận Bình Tân,"4791: Bán lẻ theo yêu cầu đặt hàng qua bưu điện hoặc internet-(trừ bán lẻ bình gas, hóa chất, súng, đạn loại dùng đi săn hoặc thể thao và tiền kim khí và thực hiện theo Quyết định 64/2009/QĐ-UBND ngày",internet
314225357,CÔNG TY TNHH THƯƠNG MẠI DỊCH VỤ SẢN XUẤT KIM AN,CÔNG TY TNHH THƯƠNG MẠI DỊCH V,Công ty trách nhiệm hữu hạn hai thành viên trở lên,"76/2/34 Phùng Tá Chu, Phường An Lạc A, Quận Bình Tân, Thành phố Hồ Chí Minh, Việt Nam",Quận Bình Tân,"2610: Sản xuất linh kiện điện tử-;2750: Sản xuất đồ điện dân dụng-;2790: Sản xuất thiết bị điện khác-;2815: Sản xuất lò nướng, lò luyện và lò nung-;2391: Sản xuất sản phẩm chịu lửa-;2420: Sản xuất kim",internet
314226978,CÔNG TY TNHH MỘT THÀNH VIÊN DỊCH VỤ TRÒ CHƠI ĐIỆN TỬ BIỂN ĐÔNG,CÔNG TY TNHH MỘT THÀNH VIÊN DỊ,Công ty trách nhiệm hữu hạn một thành viên,"số 21/38/15 đường Ấp Chiến Lược, khu phố 15, Phường Bình Trị Đông, Quận Bình Tân, Thành phố Hồ Chí Minh, Việt Nam",Quận Bình Tân,6190: Hoạt động viễn thông khác-chi tiết: hoạt động của các điểm truy cập internet;9329: Hoạt động vui chơi giải trí khác chưa được phân vào đâu-Chi tiết: Kinh doanh trò chơi điện tử (trừ kinh doanh t,internet
314227548,CÔNG TY TNHH THIẾT KẾ XÂY DỰNG ĐO ĐẠC MINH THÁI,CÔNG TY TNHH THIẾT KẾ XÂY DỰNG,Công ty trách nhiệm hữu hạn một thành viên,"37 Đường số 3, Phường Tân Tạo A, Quận Bình Tân, Thành phố Hồ Chí Minh, Việt Nam",Quận Bình Tân,"4641: Bán buôn vải, hàng may mặc, giày dép-; 4782: Bán lẻ hàng dệt, may sẵn, giày dép lưu động hoặc tại chợ-; 4741: Bán lẻ máy vi tính, thiết bị ngoại vi, phần mềm và thiết bị viễn thông trong các cửa",internet
314253643,CÔNG TY TNHH TIẾP THỊ VÀ THƯƠNG MẠI MONITA,CÔNG TY TNHH TIẾP THỊ VÀ THƯƠN,Công ty trách nhiệm hữu hạn một thành viên,"16/12A Đường số 16, Phường Bình Hưng Hòa, Quận Bình Tân, Thành phố Hồ Chí Minh, Việt Nam",Quận Bình Tân,"6209: Hoạt động dịch vụ công nghệ thông tin và dịch vụ khác liên quan đến máy vi tính-;6311: Xử lý dữ liệu, cho thuê và các hoạt động liên quan-Chi tiết: Xử lý dữ liệu;6312: Cổng thông tin-Chi tiết: T",internet
314266868,CÔNG TY TNHH THƯƠNG MẠI DỊCH VỤ TA VÀ SÀI GÒN,CÔNG TY TNHH THƯƠNG MẠI DỊCH V,Công ty trách nhiệm hữu hạn một thành viên,"97/1 Đường Bình Trị Đông, Phường Bình Trị Đông A, Quận Bình Tân, Thành phố Hồ Chí Minh, Việt Nam",Quận Bình Tân,"4651: Bán buôn máy vi tính, thiết bị ngoại vi và phần mềm-;4652: Bán buôn thiết bị và linh kiện điện tử, viễn thông-Chi tiết: Bán buôn thẻ nhựa, thẻ điện tử, thẻ mã vạch, máy quét chấm công, máy móc, ",internet
314241479,CÔNG TY TNHH ĐẠI AN VINH,CÔNG TY TNHH ĐẠI AN VINH,Công ty trách nhiệm hữu hạn một thành viên,"225/27/31 Đường Lê Văn Quới, Khu phố 2, Phường Bình Trị Đông, Quận Bình Tân, Thành phố Hồ Chí Minh, Việt Nam",Quận Bình Tân,"4632: Bán buôn thực phẩm-không hoạt động tại trụ sở;1313: Hoàn thiện sản phẩm dệt-;4649: Bán buôn đồ dùng khác cho gia đình-;4771: Bán lẻ hàng may mặc, giày dép, hàng da và giả da trong các cửa hàng c",internet
314258585,CÔNG TY TNHH IN ẤN THIẾT KẾ NAM HÙNG,CÔNG TY TNHH IN ẤN THIẾT KẾ NA,Công ty trách nhiệm hữu hạn hai thành viên trở lên,"39 Lâm Hoành, Phường An Lạc, Quận Bình Tân, Thành phố Hồ Chí Minh, Việt Nam",Quận Bình Tân,"1811: In ấn-Chi tiết: In op set, in nổi, in áp phích, mục lục quảng cáo, tờ quảng cáo. In bằng máy vi tính. In chạm nổi. In bản kẽm.;1812: Dịch vụ liên quan đến in-Chi tiết: Đóng sách thành quyển, cat",internet
314254816,DOANH NGHIỆP TƯ NHÂN ĐẠI LÝ INTERNET NHẬT ANH,DOANH NGHIỆP TƯ NHÂN ĐẠI LÝ IN,Doanh nghiệp tư nhân,"143/84/32A Liên khu 5-6, Phường Bình Hưng Hòa B, Quận Bình Tân, Thành phố Hồ Chí Minh, Việt Nam",Quận Bình Tân,4722: Bán lẻ thực phẩm trong các cửa hàng chuyên doanh-(thực hiện theo quyết định 64/2009/QĐ-UBND ngày 31/07/2009 và quyết định  số 79/2009/QĐ-UBND ngày 17/10/2009 của Ủy ban nhân dân TP. Hồ Chí Minh ,internet
314291920,CÔNG TY TNHH PHI HỎA VẬN,CÔNG TY TNHH PHI HỎA VẬN,Công ty trách nhiệm hữu hạn một thành viên,"63/4/7 An Dương Vương, Phường An Lạc, Quận Bình Tân, Thành phố Hồ Chí Minh, Việt Nam",Quận Bình Tân,"2640: Sản xuất sản phẩm điện tử dân dụng-Chi tiết: Lắp ráp camera, thiết bị điện tử (trừ gia công cơ khí, tái chế phế thải, xi mạ điện);1010: Chế biến, bảo quản thịt và các sản phẩm từ thịt-( không ho",internet
314291783,CÔNG TY TNHH TECHNOLOGY WORLD,CÔNG TY TNHH TECHNOLOGY WORLD,Công ty trách nhiệm hữu hạn một thành viên,"Số 8/4A Đường số 2, Khu phố 22, Phường Bình Hưng Hòa A, Quận Bình Tân, Thành phố Hồ Chí Minh, Việt Nam",Quận Bình Tân,"4669: Bán buôn chuyên doanh khác chưa được phân vào đâu-chi tiết: bán buôn hàng trang trí nội, ngoại thất;4759: Bán lẻ đồ điện gia dụng, giường, tủ, bàn, ghế và đồ nội thất tương tự, đèn và bộ đèn điệ",technology
314284666,CÔNG TY TNHH GIẢI TRÍ 667,CÔNG TY TNHH GIẢI TRÍ 667,Công ty trách nhiệm hữu hạn một thành viên,"667 Hương Lộ 3, Phường Bình Hưng Hòa, Quận Bình Tân, Thành phố Hồ Chí Minh, Việt Nam",Quận Bình Tân,"4669: Bán buôn chuyên doanh khác chưa được phân vào đâu-Chi tiết: Bán buôn phế liệu, phế thải kim loại, phi kim loại (không hoạt động tại trụ sở).;6190: Hoạt động viễn thông khác-Chi tiết: Hoạt động c",internet
314291529,CÔNG TY TNHH LP TOP,CÔNG TY TNHH LP TOP,Công ty trách nhiệm hữu hạn một thành viên,"1117/2, Tỉnh Lộ 10, khu phố 9, Phường Tân Tạo, Quận Bình Tân, Thành phố Hồ Chí Minh, Việt Nam",Quận Bình Tân,"4669: Bán buôn chuyên doanh khác chưa được phân vào đâu-(trừ dược phẩm, bán buôn thuốc trừ sâu, hóa chất có tính độc hại mạnh, hóa chất sử dụng trong nông nghiệp và không bán buôn phế liệu, phế thải k",internet
314329204,CÔNG TY TNHH THƯƠNG MẠI QUỐC TẾ AN KIM PHÁT,CÔNG TY TNHH THƯƠNG MẠI QUỐC T,Công ty trách nhiệm hữu hạn hai thành viên trở lên,"84/7 Đường Liên Khu 1-6, Khu phố 1, Phường Bình Trị Đông, Quận Bình Tân, Thành phố Hồ Chí Minh, Việt Nam",Quận Bình Tân,"4932: Vận tải hành khách đường bộ khác-;4931: Vận tải hành khách đường bộ trong nội thành, ngoại thành (trừ vận tải bằng xe buýt)-;4933: Vận tải hàng hóa bằng đường bộ-;7911: Đại lý du lịch-;7912: Điề",internet
316280385,CÔNG TY TNHH THƯƠNG MẠI VÀ XUẤT NHẬP KHẨU KIM LÝ,CÔNG TY TNHH THƯƠNG MẠI VÀ XUẤ,Công ty trách nhiệm hữu hạn một thành viên,"Số 5 Phùng Tá Chu, Phường An Lạc A, Quận Bình Tân, Thành phố Hồ Chí Minh, Việt Nam",Quận Bình Tân,"1812: Dịch vụ liên quan đến in-;1820: Sao chép bản ghi các loại-;3290: Sản xuất khác chưa được phân vào đâu-(trừ Sản Xuất xốp cách nhiệt sử dụng ga R141b, sử dụng polyol trộn sẵn HCFC-141b);4620: Bán ",internet
314313966,CÔNG TY TNHH THƯƠNG MẠI DỊCH VỤ PHÁT TRIỂN PAC,CÔNG TY TNHH THƯƠNG MẠI DỊCH V,Công ty trách nhiệm hữu hạn hai thành viên trở lên,"985/71/9/28 Hương lộ 2, Khu phố 8,, Phường Bình Trị Đông A, Quận Bình Tân, Thành phố Hồ Chí Minh, Việt Nam",Quận Bình Tân,"4610: Đại lý, môi giới, đấu giá-Chi tiết: - Đại lý thiết bị bảo hộ lao động;4649: Bán buôn đồ dùng khác cho gia đình-Chi tiết: Bán buôn dụng cụ thể dục, thể thao,Bán buôn sách, báo, tạp chí, văn phòng",internet
314336586,CÔNG TY TNHH NEW ACTION MEDIA,CÔNG TY TNHH NEW ACTION MEDIA,Công ty trách nhiệm hữu hạn một thành viên,"384 Đường 7A, Khu Phố 3, Phường Bình Trị Đông B, Quận Bình Tân, Thành phố Hồ Chí Minh, Việt Nam",Quận Bình Tân,"7420: Hoạt động nhiếp ảnh-(trừ sản xuất phim);5510: Dịch vụ lưu trú ngắn ngày-chi tiết: Khách sạn, biệt thự du lịch, căn hộ du lịch, nhà nghỉ du lịch, nhà ở có phòng cho khách du lịch thuê  (không hoạ",internet
314315995,CÔNG TY TNHH AVC HEMERA,CÔNG TY TNHH AVC HEMERA,Công ty trách nhiệm hữu hạn hai thành viên trở lên,"113/5 Ao Đôi, Khu phố 10, Phường Bình Trị Đông A, Quận Bình Tân, Thành phố Hồ Chí Minh, Việt Nam",Quận Bình Tân,"4620: Bán buôn nông, lâm sản nguyên liệu (trừ gỗ, tre, nứa) và động vật sống-Chi tiết: Bán buôn các mặt hàng nông, lâm sản; Bán buôn tiêu, điều (Không hoạt động tại trụ sở);4669: Bán buôn chuyên doanh",internet
314349465,CÔNG TY TNHH HỒ MẠO,CÔNG TY TNHH HỒ MẠO,Công ty trách nhiệm hữu hạn một thành viên,"130/18 Lê Đình Cẩn, Khu phố 10, Phường Tân Tạo, Quận Bình Tân, Thành phố Hồ Chí Minh, Việt Nam",Quận Bình Tân,"4722: Bán lẻ thực phẩm trong các cửa hàng chuyên doanh-Chi tiết: Bán lẻ đường, sữa và các sản phẩm sữa, bánh kẹo và các sản phẩm chế biến từ ngũ cốc, bột và tinh bột; Bán lẻ trái cây (thực hiện theo q",internet
314331965,CÔNG TY TNHH  THƯƠNG MẠI VÀ DỊCH VỤ CÔNG NGHIỆP NHẬT NAM,CÔNG TY TNHH  THƯƠNG MẠI VÀ DỊ,Công ty trách nhiệm hữu hạn một thành viên,"10 Đường 3C, Phường Bình Hưng Hòa B, Quận Bình Tân, Thành phố Hồ Chí Minh, Việt Nam",Quận Bình Tân,"4659: Bán buôn máy móc, thiết bị và phụ tùng máy khác-Chi tiết: bán buôn máy móc thiết bị điện, vật liệu điện (máy phát điện, động cơ điện, day điện và thiết bị khác dùng trong mạch điện ).Bán buôn má",vi tinh
314324100,CÔNG TY TNHH DỊCH VỤ-THƯƠNG MẠI-XUẤT NHẬP KHẨU VN CAR ZONE,CÔNG TY TNHH DỊCH VỤTHƯƠNG MẠI,Công ty trách nhiệm hữu hạn hai thành viên trở lên,"346/13/9 Mã Lò, Khu Phố 6, Phường Bình Trị Đông A, Quận Bình Tân, Thành phố Hồ Chí Minh, Việt Nam",Quận Bình Tân,7310: Quảng cáo-;7320: Nghiên cứu thị trường và thăm dò dư luận-Chi tiết: Dịch vụ tiếp thị.;7410: Hoạt động thiết kế chuyên dụng-Chi tiết: Thiết kế web; hoạt động trang trí nội thất.;7721: Cho thuê th,internet
314337815,CÔNG TY TNHH THƯƠNG MẠI DỊCH VỤ VẠN NGUYỄN,CÔNG TY TNHH THƯƠNG MẠI DỊCH V,Công ty trách nhiệm hữu hạn hai thành viên trở lên,"178 Đường Số 1A, Phường Bình Trị Đông B, Quận Bình Tân, Thành phố Hồ Chí Minh, Việt Nam",Quận Bình Tân,"4669: Bán buôn chuyên doanh khác chưa được phân vào đâu-Chi tiết: Bán buôn giấy in, mực in, các nguyên vật liệu, vật tư, máy móc, thiết bị ngành in;4741: Bán lẻ máy vi tính, thiết bị ngoại vi, phần mề",internet
314326644,CÔNG TY CỔ PHẦN BANCAS,CÔNG TY CỔ PHẦN BANCAS,Công ty cổ phần,"137/18 Đường số 11, Phường Bình Hưng Hòa, Quận Bình Tân, Thành phố Hồ Chí Minh, Việt Nam",Quận Bình Tân,4722: Bán lẻ thực phẩm trong các cửa hàng chuyên doanh-(thực hiện theo quyết định số 64/2009/QĐ-UBND ngày 31/07/2009 và quyết định số 79/2009/QĐ- UBND ngày 17/10/2009 của Ủy Ban Nhân Dân Tp. Hồ Chí Mi,internet
314337808,CÔNG TY TNHH XUẤT NHẬP KHẨU THƯƠNG MẠI GUI KUN VIỆT NAM,CÔNG TY TNHH XUẤT NHẬP KHẨU TH,Công ty trách nhiệm hữu hạn một thành viên,"124 Khiếu Năng Tĩnh, Khu Phố 8, Phường An Lạc A, Quận Bình Tân, Thành phố Hồ Chí Minh, Việt Nam",Quận Bình Tân,"2640: Sản xuất sản phẩm điện tử dân dụng-Chi tiết: Lắp ráp camera, thiết bị điện tử (trừ gia công cơ khí, tái chế phế thải, xi mạ điện);1010: Chế biến, bảo quản thịt và các sản phẩm từ thịt-( không ho",internet
314349056,CÔNG TY TNHH THƯƠNG MẠI ĐIỆN TỬ TƯ VẤN KỸ THUẬT LONG THỊNH,CÔNG TY TNHH THƯƠNG MẠI ĐIỆN T,Công ty trách nhiệm hữu hạn hai thành viên trở lên,"33 Đường 36, Phường Bình Trị Đông B, Quận Bình Tân, Thành phố Hồ Chí Minh, Việt Nam",Quận Bình Tân,"6312: Cổng thông tin-chi tiết: thiết lập trang thông tin điện tử tổng hợp;7020: Hoạt động tư vấn quản lý-(trừ tư vấn tài chính, kế toán, pháp luật);7310: Quảng cáo-;7320: Nghiên cứu thị trường và thăm",internet
314350340,CÔNG TY TNHH INTERNET 34,CÔNG TY TNHH INTERNET 34,Công ty trách nhiệm hữu hạn một thành viên,"34 Đường số 5, Phường Bình Hưng Hòa A, Quận Bình Tân, Thành phố Hồ Chí Minh, Việt Nam",Quận Bình Tân,"5911: Hoạt động sản xuất phim điện ảnh, phim video và chương trình truyền hình-Chi tiết: Hoạt động sản xuất chương trình truyền hình (trừ sản xuất phim, phát sóng và không thực hiện các hiệu ứng cháy,",internet
314355028,CÔNG TY TNHH AN TOÀN BẢO HỘ LAO ĐỘNG TIẾN PHÁT,CÔNG TY TNHH AN TOÀN BẢO HỘ LA,Công ty trách nhiệm hữu hạn hai thành viên trở lên,"Phòng số 1, số 46/38 đường số 18, khu phố 1, Phường Bình Hưng Hòa, Quận Bình Tân, Thành phố Hồ Chí Minh, Việt Nam",Quận Bình Tân,"4641: Bán buôn vải, hàng may sẵn, giày dép-chi tiết: bán buôn găng tay, khẩu trang, quần áo bảo hộ lao động; hàng may mặc;2819: Sản xuất máy thông dụng khác-chi tiết: sản xuất tủ phòng cháy chữa cháy,",internet
314365724,CÔNG TY TNHH THƯƠNG MẠI DỊCH VỤ XÂY DỰNG AN LỘC THỊNH,CÔNG TY TNHH THƯƠNG MẠI DỊCH V,Công ty trách nhiệm hữu hạn một thành viên,"100A Đường Tập đoàn 6B, Khu phố 1, Phường Tân Tạo A, Quận Bình Tân, Thành phố Hồ Chí Minh, Việt Nam",Quận Bình Tân,"2220: Sản xuất sản phẩm từ plastic-Chi tiết: Sản xuất, gia công các loại cửa đi, cửa sổ, khung cửa, vách ngăn phòng bằng nhựa (trừ tái chế phế thải nhựa);2511: Sản xuất các cấu kiện kim loại-Chi tiết:",internet
314346376,CÔNG TY TNHH THƯƠNG MẠI DỊCH VỤ LA ANH SƠN,CÔNG TY TNHH THƯƠNG MẠI DỊCH V,Công ty trách nhiệm hữu hạn hai thành viên trở lên,"5B Đường 12, Khu Phố 2, Phường An Lạc A, Quận Bình Tân, Thành phố Hồ Chí Minh, Việt Nam",Quận Bình Tân,"4741: Bán lẻ máy vi tính, thiết bị ngoại vi, phần mềm và thiết bị viễn thông trong các cửa hàng chuyên doanh-;4761: Bán lẻ sách, báo, tạp chí văn phòng phẩm trong các cửa hàng chuyên doanh-;6201: Lập ",internet
314370869,CÔNG TY TRÁCH NHIỆM HỮU HẠN CÔNG NGHỆ VIỄN THÔNG VINA,CÔNG TY TRÁCH NHIỆM HỮU HẠN CÔ,Công ty trách nhiệm hữu hạn một thành viên,"87/51 Đường Số 3, Phường Bình Hưng Hòa, Quận Bình Tân, Thành phố Hồ Chí Minh, Việt Nam",Quận Bình Tân,"4652: Bán buôn thiết bị và linh kiện điện tử, viễn thông-chi tiết: Bán buôn thiết bị và linh kiện camera quan sát;2790: Sản xuất thiết bị điện khác-(không hoạt động tại trụ sở);3312: Sửa chữa máy móc,",internet
314402239,CÔNG TY TNHH CÔNG NGHỆ THÔNG TIN VNFINE,CÔNG TY TNHH CÔNG NGHỆ THÔNG T,Công ty trách nhiệm hữu hạn hai thành viên trở lên,"Số 135 Đường Số 7, Phường Bình Trị Đông B, Quận Bình Tân, Thành phố Hồ Chí Minh, Việt Nam",Quận Bình Tân,6202: Tư vấn máy vi tính và quản trị hệ thống máy vi tính-;6209: Hoạt động dịch vụ công nghệ thông tin và dịch vụ khác liên quan đến máy vi tính-;7310: Quảng cáo-;6201: Lập trình máy vi tính-;4761: Bá,internet
314398462,CÔNG TY TNHH CÔNG NGHỆ PHOENIX,CÔNG TY TNHH CÔNG NGHỆ PHOENIX,Công ty trách nhiệm hữu hạn một thành viên,"327 Đường Ấp Chiến Lược, Phường Bình Hưng Hòa A, Quận Bình Tân, Thành phố Hồ Chí Minh, Việt Nam",Quận Bình Tân,"2610: Sản xuất linh kiện điện tử-;2620: Sản xuất máy vi tính và thiết bị ngoại vi của máy vi tính-;2630: Sản xuất thiết bị truyền thông-;2640: Sản xuất sản phẩm điện tử dân dụng-;2710: Sản xuất mô tơ,",internet
314373725,CÔNG TY TNHH TRÒ CHƠI ĐIỆN TỬ LÊ VĂN TÝ,CÔNG TY TNHH TRÒ CHƠI ĐIỆN TỬ ,Công ty trách nhiệm hữu hạn một thành viên,"436 Đường Trần Văn Giàu, khu phố 8, Phường Tân Tạo, Quận Bình Tân, Thành phố Hồ Chí Minh, Việt Nam",Quận Bình Tân,"3320: Lắp đặt máy móc và thiết bị công nghiệp-Chi tiết: Lắp đặt các loại thùng trò chơi điện tử các loại tivi (trừ gia công cơ khí, tái chế phế thải, xi mạ điện tại trụ sở);4652: Bán buôn thiết bị và ",lap top
314406850,CÔNG TY TNHH THƯƠNG MẠI DỊCH VỤ PHỤ KIỆN HUY HUYỀN,CÔNG TY TNHH THƯƠNG MẠI DỊCH V,Công ty trách nhiệm hữu hạn một thành viên,"26 đường số 5, khu phố 3 , Phường Tân Tạo A, Quận Bình Tân, Thành phố Hồ Chí Minh, Việt Nam",Quận Bình Tân,"4669: Bán buôn chuyên doanh khác chưa được phân vào đâu-chi tiết: bán buôn phụ kiện điện thoại;4741: Bán lẻ máy vi tính, thiết bị ngoại vi, phần mềm và thiết bị viễn thông trong các cửa hàng chuyên do",internet
314395077,CÔNG TY TNHH CÔNG NGHỆ HIGH VISION VIỆT NAM,CÔNG TY TNHH CÔNG NGHỆ HIGH VI,Công ty trách nhiệm hữu hạn hai thành viên trở lên,"16-18-20 Đường Số 3 Khu Dân Cư Lý Chiêu Hoàng Củ, Phường An Lạc, Quận Bình Tân, Thành phố Hồ Chí Minh, Việt Nam",Quận Bình Tân,"4652: Bán buôn thiết bị và linh kiện điện tử, viễn thông-;4659: Bán buôn máy móc, thiết bị và phụ tùng máy khác-;4649: Bán buôn đồ dùng khác cho gia đình-(trừ kinh doanh dược phẩm).;4741: Bán lẻ máy v",internet
314401531,CÔNG TY TNHH TRUYỀN THÔNG CÔNG NGHỆ VIN-CA,CÔNG TY TNHH TRUYỀN THÔNG CÔNG,Công ty trách nhiệm hữu hạn một thành viên,"28 đường 5B, khu phố 6, Phường Bình Hưng Hòa A, Quận Bình Tân, Thành phố Hồ Chí Minh, Việt Nam",Quận Bình Tân,"4759: Bán lẻ đồ điện gia dụng, giường, tủ, bàn, ghế và đồ nội thất tương tự, đèn và bộ đèn điện, đồ dùng gia đình khác chưa được phân vào đâu trong các cửa hàng chuyên doanh-;4789: Bán lẻ hàng hóa khá",internet
314398617,DOANH NGHIỆP TƯ NHÂN GAME CENTER NGUYỄN KHA,DOANH NGHIỆP TƯ NHÂN GAME CENT,Doanh nghiệp tư nhân,"7/134/82 Liên khu 56, Phường Bình Hưng Hòa B, Quận Bình Tân, Thành phố Hồ Chí Minh, Việt Nam",Quận Bình Tân,"6190: Hoạt động viễn thông khác-Chi tiết: Hoạt động của các điểm truy cập internet (trừ bán lại hạ tầng viễn thông, mạng cung cấp);4633: Bán buôn đồ uống-;9329: Hoạt động vui chơi giải trí khác chưa đ",internet
314453628,CÔNG TY TNHH THƯƠNG MẠI ĐIỆN TỬ ĐKH,CÔNG TY TNHH THƯƠNG MẠI ĐIỆN T,Công ty trách nhiệm hữu hạn một thành viên,"1870/5 đường Bờ Bắc Sông Chùa, Phường Tân Tạo, Quận Bình Tân, Thành phố Hồ Chí Minh, Việt Nam",Quận Bình Tân,"4632: Bán buôn thực phẩm-Chi tiết: Bán buôn thực phẩm, thực phẩm đã qua chế biến, gia vị (không hoạt động tại trụ sở);4722: Bán lẻ thực phẩm trong các cửa hàng chuyên doanh-Chi tiết: Bán lẻ thực phẩm,",internet
314420735,CÔNG TY TNHH MỘT THÀNH VIÊN GIẢI TRÍ NGUYỄN LÊ,CÔNG TY TNHH MỘT THÀNH VIÊN GI,Công ty trách nhiệm hữu hạn một thành viên,"991 Tỉnh Lộ 10, Khu phố 8, Phường Tân Tạo, Quận Bình Tân, Thành phố Hồ Chí Minh, Việt Nam",Quận Bình Tân,"4669: Bán buôn chuyên doanh khác chưa được phân vào đâu-Chi tiết: Bán buôn thẻ game, thẻ internet, thẻ cào các loại;4723: Bán lẻ đồ uống trong các cửa hàng chuyên doanh-Chi tiết: Bán lẻ nước giải khát",internet
314438926,CÔNG TY TNHH THƯƠNG MẠI DỊCH VỤ TỔNG HỢP MINH THÀNH,CÔNG TY TNHH THƯƠNG MẠI DỊCH V,Công ty trách nhiệm hữu hạn một thành viên,"18 Lê Đình Dương, Khu phố 1 , Phường An Lạc, Quận Bình Tân, Thành phố Hồ Chí Minh, Việt Nam",Quận Bình Tân,"4633: Bán buôn đồ uống-Chi tiết: Bán buôn rượu, bia, nước ngọt, nước uống tinh khiết, nước khoáng đóng chai.;4634: Bán buôn sản phẩm thuốc lá, thuốc lào-(không hoạt động tại trụ sở);4641: Bán buôn vải",internet
314439486,CÔNG TY TNHH CÔNG NGHỆ ĐẠI KIM SƠN,CÔNG TY TNHH CÔNG NGHỆ ĐẠI KIM,Công ty trách nhiệm hữu hạn một thành viên,"410/1K Đường Lê Văn Quới, Phường Bình Hưng Hòa A, Quận Bình Tân, Thành phố Hồ Chí Minh, Việt Nam",Quận Bình Tân,"6820: Tư vấn, môi giới, đấu giá bất động sản, đấu giá quyền sử dụng đất-(trừ tư vấn pháp lý);6920: Hoạt động liên quan đến kế toán, kiểm toán và tư vấn về thuế-Chi tiết: Hoạt động liên quan đến kế toá",internet
314454540,CÔNG TY TNHH GAME GIẢI TRÍ DUY KHANH,CÔNG TY TNHH GAME GIẢI TRÍ D,Công ty trách nhiệm hữu hạn một thành viên,"945 Quốc lộ 1A, Phường An Lạc, Quận Bình Tân, Thành phố Hồ Chí Minh, Việt Nam",Quận Bình Tân,4723: Bán lẻ đồ uống trong các cửa hàng chuyên doanh-;6190: Hoạt động viễn thông khác-Chi tiết: Hoạt động của các điểm truy cập internet. Cung cấp dịch vụ trò chơi điện tử công cộng (trừ,internet
314458545,CÔNG TY TNHH THƯƠNG MẠI DỊCH VỤ PHẠM LÊ PHÚC,CÔNG TY TNHH THƯƠNG MẠI DỊCH,Công ty trách nhiệm hữu hạn hai thành viên trở lên,"Số 504/56/10 đường Kinh Dương Vương, Phường An Lạc A, Quận Bình Tân, Thành phố Hồ Chí Minh, Việt Nam",Quận Bình Tân,"8211: Dịch vụ hành chính văn phòng tổng hợp-(trừ tư vấn tài chính, kế toán, pháp luật);1410: May trang phục (trừ trang phục từ da lông thú)-;4649: Bán buôn đồ dùng khác cho gia đình-(trừ kinh doanh dư",internet
314472525,CÔNG TY TNHH CÔNG NGHỆ VÀ THƯƠNG MẠI HONGXINGDA VIỆT NAM,CÔNG TY TNHH CÔNG NGHỆ VÀ THƯƠ,Công ty trách nhiệm hữu hạn một thành viên,"16-18-20 Đường số 3 Khu dân cư Lý Chiêu Hoàng Cũ, Phường An Lạc, Quận Bình Tân, Thành phố Hồ Chí Minh, Việt Nam",Quận Bình Tân,4722: Bán lẻ thực phẩm trong các cửa hàng chuyên doanh-(thực hiện theo quyết định 64/2009/QĐ-UBND ngày 31/07/2009 và quyết định  số 79/2009/QĐ-UBND ngày 17/10/2009 của Ủy ban nhân dân TP. Hồ Chí Minh ,internet
314465711,CÔNG TY TNHH NGỌC UYÊN VY,CÔNG TY TNHH NGỌC UYÊN VY,Công ty trách nhiệm hữu hạn một thành viên,"10A Đường số 18, Khu phố 24, Phường Bình Hưng Hòa A, Quận Bình Tân, Thành phố Hồ Chí Minh, Việt Nam",Quận Bình Tân,"4632: Bán buôn thực phẩm-(không hoạt động tại trụ sở);4931: Vận tải hành khách đường bộ trong nội thành, ngoại thành (trừ vận tải bằng xe buýt)-Chi tiết: Vận tải hành khách bằng xe khách nội tỉnh, liê",internet
314487070,CÔNG TY TNHH SẢN XUẤT THƯƠNG MẠI DỊCH VỤ TRÍ HÀO,CÔNG TY TNHH SẢN XUẤT THƯƠNG M,Công ty trách nhiệm hữu hạn một thành viên,"548/12 Tân Kỳ Tân Quý, Phường Bình Hưng Hòa, Quận Bình Tân, Thành phố Hồ Chí Minh, Việt Nam",Quận Bình Tân,4669: Bán buôn chuyên doanh khác chưa được phân vào đâu-Chi tiết: Bán buôn hóa chất (trừ loại sử dụng trong nông nghiệp và hoá chất có tính độc hại mạnh); Bán buôn hóa chất xử lý nước; Bán buôn mật rỉ,internet
314538247,CÔNG TY TNHH KINH DOANH MINH PHƯƠNG,CÔNG TY TNHH KINH DOANH MINH P,Công ty trách nhiệm hữu hạn một thành viên,"101 Liên Khu 5-6, Phường Bình Hưng Hòa B, Quận Bình Tân, Thành phố Hồ Chí Minh, Việt Nam",Quận Bình Tân,4722: Bán lẻ thực phẩm trong các cửa hàng chuyên doanh-Chi tiết: Bán lẻ giò chả các loại (thực hiện theo quyết định 64/2009/QĐ-UBND ngày 31/07/2009 và quyết định  số 79/2009/QĐ-UBND ngày 17/10/2009 củ,internet
314542973,CÔNG TY TNHH DỊCH VỤ VIỄN THÔNG N.SIM,CÔNG TY TNHH DỊCH VỤ VIỄN THÔN,Công ty trách nhiệm hữu hạn một thành viên,"143 Trương Phước Phan, khu phố 8, Phường Bình Trị Đông, Quận Bình Tân, Thành phố Hồ Chí Minh, Việt Nam",Quận Bình Tân,"4651: Bán buôn máy vi tính, thiết bị ngoại vi và phần mềm-;4652: Bán buôn thiết bị và linh kiện điện tử, viễn thông-;4741: Bán lẻ máy vi tính, thiết bị ngoại vi, phần mềm và thiết bị viễn thông trong ",internet
314504199,CÔNG TY TNHH SWISS ADVANCED TECHNOLOGY INDUSTRIES,CÔNG TY TNHH SWISS ADVANCED TE,Công ty trách nhiệm hữu hạn hai thành viên trở lên,"Số 9, Đường 19B, Phường Bình Trị Đông B, Quận Bình Tân, Thành phố Hồ Chí Minh, Việt Nam",Quận Bình Tân,"2592: Gia công cơ khí; xử lý và tráng phủ kim loại-(không hoạt động tại trụ sở);4659: Bán buôn máy móc, thiết bị và phụ tùng máy khác-Chi tiết: 
- Thực hiện quyền xuất khẩu, nhập khẩu, phân phối bán b",technology
314511774,CÔNG TY TNHH TS MOBILE,CÔNG TY TNHH TS MOBILE,Công ty trách nhiệm hữu hạn một thành viên,"127 Gò Xoài, Phường Bình Hưng Hòa A, Quận Bình Tân, Thành phố Hồ Chí Minh, Việt Nam",Quận Bình Tân,"4652: Bán buôn thiết bị và linh kiện điện tử, viễn thông-Chi tiết: Bán buôn điện thoại, di động, laptop, máy tính bảng;4659: Bán buôn máy móc, thiết bị và phụ tùng máy khác-Chi tiết: Bán buôn thiết bị",lap top
314514599,CÔNG TY TNHH WI LAN,CÔNG TY TNHH WI LAN,Công ty trách nhiệm hữu hạn hai thành viên trở lên,"Số 8M, Đường 17B, Khu phố 3, Phường Bình Trị Đông B, Quận Bình Tân, Thành phố Hồ Chí Minh, Việt Nam",Quận Bình Tân,"4669: Bán buôn chuyên doanh khác chưa được phân vào đâu-Chi tiết: Bán buôn, xuất nhập khẩu máy khắc laser; máy in công nghiệp (CPC 622); 3290: Sản xuất khác chưa được phân vào đâu-Chi tiết: In và khắc",lap top
314397846,DOANH NGHIỆP TƯ NHÂN GAME CENTER VĂN HẢI,DOANH NGHIỆP TƯ NHÂN GAME CENT,Doanh nghiệp tư nhân,"7/134/82 Liên Khu 56, Phường Bình Hưng Hòa B, Quận Bình Tân, Thành phố Hồ Chí Minh, Việt Nam",Quận Bình Tân,4633: Bán buôn đồ uống-;9329: Hoạt động vui chơi giải trí khác chưa được phân vào đâu-Chi tiết: Kinh doanh trò chơi điện tử (trừ kinh doanh trò chơi có thưởng dành cho người nước ngoài và kinh doanh t,internet
314396031,DOANH NGHIỆP TƯ NHÂN PHÚ GIA HUỲNH,DOANH NGHIỆP TƯ NHÂN PHÚ GIA ,Doanh nghiệp tư nhân,"638/9 Đường Lê Trọng Tấn , Phường Bình Hưng Hòa, Quận Bình Tân, Thành phố Hồ Chí Minh, Việt Nam",Quận Bình Tân,"5630: Dịch vụ phục vụ đồ uống-Chi tiết: Hoạt động của các quán chế biến và phục vụ khách hàng tại chỗ các loại đồ uống như: cà phê, nước sinh tố,trà sửa nước ép hoa quả(trừ quán bar,quán giải kh",internet
314527654,CÔNG TY TNHH KỸ THUẬT CÔNG NGHỆ GIA HUY PHÁT,CÔNG TY TNHH KỸ THUẬT CÔNG NGH,Công ty trách nhiệm hữu hạn một thành viên,"37/48 Đường Hồ Văn Long, Phường Bình Hưng Hòa B, Quận Bình Tân, Thành phố Hồ Chí Minh, Việt Nam",Quận Bình Tân,"4662: Bán buôn kim loại và quặng kim loại-chi tiết: bán buôn sắt, thép, quặng kim loại, inox, tôn các loại (trừ kinh doanh vàng miếng);4663: Bán buôn vật liệu, thiết bị lắp đặt khác trong xây dựng-;46",internet
314574693,CÔNG TY TNHH DỊCH VỤ VIỄN THÔNG MINH HÙNG,CÔNG TY TNHH DỊCH VỤ VIỄN THÔN,Công ty trách nhiệm hữu hạn một thành viên,"Số 97 Đường Bùi Dương Lịch, Phường Bình Hưng Hòa B, Quận Bình Tân, Thành phố Hồ Chí Minh, Việt Nam",Quận Bình Tân,5229: Hoạt động dịch vụ hỗ trợ khác liên quan đến vận tải-Chi tiết: Đại lý bán vé máy bay (trừ hóa lỏng khí để vận chuyển và hoạt động liên quan đến vận tải hàng không).;4669: Bán buôn chuyên doanh kh,internet
314540912,CÔNG TY CỔ PHẦN PHÁT TRIỂN CÔNG NGHỆ APEC,CÔNG TY CỔ PHẦN PHÁT TRIỂN CÔN,Công ty cổ phần,"40 Đường số 50A, Khu phố 9, Phường Tân Tạo, Quận Bình Tân, Thành phố Hồ Chí Minh, Việt Nam",Quận Bình Tân,"0119: Trồng cây hàng năm khác-(không hoạt động tại trụ sở);0130: Nhân và chăm sóc cây giống nông nghiệp-(không hoạt động tại trụ sở);4663: Bán buôn vật liệu, thiết bị lắp đặt khác trong xây dựng-;4711",internet
314525618,CÔNG TY TNHH THƯƠNG MẠI DỊCH VỤ MOMO,CÔNG TY TNHH THƯƠNG MẠI DỊCH V,Công ty trách nhiệm hữu hạn một thành viên,"121 Đường 7A, Khu Phố 7, Phường Bình Trị Đông B, Quận Bình Tân, Thành phố Hồ Chí Minh, Việt Nam",Quận Bình Tân,6202: Tư vấn máy vi tính và quản trị hệ thống máy vi tính-;6209: Hoạt động dịch vụ công nghệ thông tin và dịch vụ khác liên quan đến máy vi tính-;7310: Quảng cáo-;7410: Hoạt động thiết kế chuyên dụng-,internet
314531202,CÔNG TY TNHH DỊCH VỤ VIỄN THÔNG PHÚ QUÝ,CÔNG TY TNHH DỊCH VỤ VIỄN THÔN,Công ty trách nhiệm hữu hạn một thành viên,"564 Đường Hồ Học Lãm, Phường Bình Trị Đông B, Quận Bình Tân, Thành phố Hồ Chí Minh, Việt Nam",Quận Bình Tân,"2029: Sản xuất sản phẩm hoá chất khác chưa được phân vào đâu-chi tiết: sản xuất hóa chất công nghiệp (không hoạt động tại trụ sở);4649: Bán buôn đồ dùng khác cho gia đình-Chi tiết: Bán buôn nước hoa, ",internet
314549802,CÔNG TY TNHH VIỄN THÔNG QUỐC BẢO,CÔNG TY TNHH VIỄN THÔNG QUỐC B,Công ty trách nhiệm hữu hạn một thành viên,"100 Đường Chiến Lược, Phường Bình Trị Đông, Quận Bình Tân, Thành phố Hồ Chí Minh, Việt Nam",Quận Bình Tân,"2023: Sản xuất mỹ phẩm, xà phòng, chất tẩy rửa, làm bóng và chế phẩm vệ sinh-( không hoạt động tại trụ sở);2029: Sản xuất sản phẩm hoá chất khác chưa được phân vào đâu-Chi tiết: Sản xuất hóa chất công",internet
314547770,CÔNG TY TNHH CÁNH CỔNG VÀNG,CÔNG TY TNHH CÁNH CỔNG VÀNG,Công ty trách nhiệm hữu hạn một thành viên,"39 Đường Số 1, Khu Phố 4, Phường An Lạc, Quận Bình Tân, Thành phố Hồ Chí Minh, Việt Nam",Quận Bình Tân,8292: Dịch vụ đóng gói-(trừ đóng gói thuốc bảo vệ thực vật).;8299: Hoạt động dịch vụ hỗ trợ kinh doanh khác còn lại chưa được phân vào đâu-Chi tiết: Dịch vụ tiếp thị;8559: Giáo dục khác chưa được phân,internet
314547354,CÔNG TY TNHH TỐNG ANH,CÔNG TY TNHH TỐNG ANH,Công ty trách nhiệm hữu hạn một thành viên,"704/10/11 Hương Lộ 2, Khu Phố 4, Phường Bình Trị Đông A, Quận Bình Tân, Thành phố Hồ Chí Minh, Việt Nam",Quận Bình Tân,"1410: May trang phục (trừ trang phục từ da lông thú)-Chi tiết: sản xuất trang phục nam nữ, trẻ em;1512: Sản xuất vali, túi xách và các loại tương tự, sản xuất yên đệm-Chi tiết: Sản xuất va li, túi xác",internet
314541955,DOANH NGHIỆP TƯ NHÂN GAME GIẢI TRÍ KA KA 7,DOANH NGHIỆP TƯ NHÂN GAME GIẢI,Doanh nghiệp tư nhân,"168 Trần Đại Nghĩa, Khu phố 4, Phường Tân Tạo A, Quận Bình Tân, Thành phố Hồ Chí Minh, Việt Nam",Quận Bình Tân,6190: Hoạt động viễn thông khác-Chi tiết: Hoạt động của các điểm truy cập internet;4633: Bán buôn đồ uống-;9329: Hoạt động vui chơi giải trí khác chưa được phân vào đâu-Chi tiết: Kinh doanh trò chơi đ,internet
314552763,CÔNG TY TNHH SẢN XUẤT THƯƠNG MẠI DỊCH VỤ XUẤT NHẬP KHẨU DIỆP THIÊN ÂN,CÔNG TY TNHH SẢN XUẤT THƯƠNG M,Công ty trách nhiệm hữu hạn hai thành viên trở lên,"135/53 Lê Văn Quới, Phường Bình Trị Đông, Quận Bình Tân, Thành phố Hồ Chí Minh, Việt Nam",Quận Bình Tân,"8292: Dịch vụ đóng gói-; 4513: Đại lý ô tô và xe có động cơ khác-;4520: Bảo dưỡng, sửa chữa ô tô và xe có động cơ khác-;4530: Bán phụ tùng và các bộ phận phụ trợ của ô tô và xe có động cơ khác-;4541: ",internet
314554697,CÔNG TY TNHH MỘT THÀNH VIÊN CARCARE Ô TÔ NAM AN LẠC,CÔNG TY TNHH MỘT THÀNH VIÊN CA,Công ty trách nhiệm hữu hạn một thành viên,"11 Đường Số 2 KDC Hương Lộ 5 , Phường An Lạc, Quận Bình Tân, Thành phố Hồ Chí Minh, Việt Nam",Quận Bình Tân,4511: Bán buôn ô tô và xe có động cơ khác-Chi tiết: Bán buôn ô tô và xe có động cơ khác loại mới và loại đã qua sử dụng. - Bán buôn ô tô con (loại 12 chỗ ngồi trở xuống) loại mới và loại đã qua sử dụn,internet
316680432,CÔNG TY TNHH OSAKA THIÊN PHÚ,CÔNG TY TNHH OSAKA THIÊN PHÚ,Công ty trách nhiệm hữu hạn hai thành viên trở lên,"252/9 Hương Lộ 80, Phường Bình Hưng Hòa B, Quận Bình Tân, Thành phố Hồ Chí Minh, Việt Nam",Quận Bình Tân,7310: Quảng cáo-Chi tiết: Kinh doanh dịch vụ quảng cáo (Trừ quảng cáo thuốc lá);4530: Bán phụ tùng và các bộ phận phụ trợ của ô tô và xe có động cơ khác-;4543: Bán phụ tùng và các bộ phận phụ trợ của ,internet
314561020,CÔNG TY CỔ PHẦN GIẢI PHÁP CÔNG NGHỆ YTEK,CÔNG TY CỔ PHẦN GIẢI PHÁP CÔNG,Công ty cổ phần,"131/19/31B Đường số 7, Phường Bình Hưng Hòa, Quận Bình Tân, Thành phố Hồ Chí Minh, Việt Nam",Quận Bình Tân,5820: Xuất bản phần mềm-Chi tiết: Sản xuất phần mềm;6201: Lập trình máy vi tính-;6202: Tư vấn máy vi tính và quản trị hệ thống máy vi tính-;6209: Hoạt động dịch vụ công nghệ thông tin và dịch vụ khác ,internet
314564504,CÔNG TY TNHH KẾT NỐI THANH LONG,CÔNG TY TNHH KẾT NỐI THANH LON,Công ty trách nhiệm hữu hạn một thành viên,"130/14 đường Tên Lửa, Phường Bình Trị Đông B, Quận Bình Tân, Thành phố Hồ Chí Minh, Việt Nam",Quận Bình Tân,"0118: Trồng rau, đậu các loại và trồng hoa, cây cảnh-;4669: Bán buôn chuyên doanh khác chưa được phân vào đâu-Chi tiết: Bán buôn giống hoa các loại;4711: Bán lẻ lương thực, thực phẩm, đồ uống, thuốc l",internet
314558878,CÔNG TY TNHH NEWFOOD-ASIA VIỆT NAM,CÔNG TY TNHH NEWFOODASIA VIỆT ,Công ty trách nhiệm hữu hạn hai thành viên trở lên,"243/36/17 KP6 Mã Lò, Phường Bình Trị Đông A, Quận Bình Tân, Thành phố Hồ Chí Minh, Việt Nam",Quận Bình Tân,"1010: Chế biến, bảo quản thịt và các sản phẩm từ thịt-Chi tiết: Chế biến và đóng hộp thịt; Chế biến và bảo quản thịt và các sản phẩm từ thịt (không giết mổ gia súc, gia cầm);1020: Chế biến, bảo quản t",internet
314609498,CÔNG TY TNHH INTERNET NET QUEEN,CÔNG TY TNHH INTERNET NET QUEE,Công ty trách nhiệm hữu hạn một thành viên,"855 Đường Tân Kỳ Tân Quý,, Phường Bình Hưng Hòa A, Quận Bình Tân, Thành phố Hồ Chí Minh, Việt Nam",Quận Bình Tân,"5629: Dịch vụ ăn uống khác-(trừ kinh doanh quán bar, quán giải khát có khiêu vũ);6110: Hoạt động viễn thông có dây-;6312: Cổng thông tin-;Doanh nghiệp phải thực hiện đúng các quy định của pháp luật về",internet
314575520,CÔNG TY TNHH E.S.C SÀI GÒN,CÔNG TY TNHH ESC SÀI GÒN,Công ty trách nhiệm hữu hạn một thành viên,"67 đường số 55A, khu dân cư Tân Tạo, Phường Tân Tạo, Quận Bình Tân, Thành phố Hồ Chí Minh, Việt Nam",Quận Bình Tân,"4322: Lắp đặt hệ thống cấp, thoát nước, lò sưởi và điều hoà không khí-(trừ lắp đặt các thiết bị lạnh (thiết bị cấp đông, kho lạnh, máy đá, điều hòa không khí, làm lạnh nước) sử dụng ga lạnh R22 trong ",internet
314580249,CÔNG TY TNHH DỊCH VỤ VIỄN THÔNG CHIẾN THẮNG,CÔNG TY TNHH DỊCH VỤ VIỄN THÔN,Công ty trách nhiệm hữu hạn một thành viên,"Số 428 Tỉnh Lộ 10 , Phường Bình Trị Đông, Quận Bình Tân, Thành phố Hồ Chí Minh, Việt Nam",Quận Bình Tân,"5229: Hoạt động dịch vụ hỗ trợ khác liên quan đến vận tải-Chi tiết: Đại lý bán vé máy bay (trừ kinh doanh bến bãi ô tô, hóa lỏng khí để vận chuyển và hoạt động liên quan đến vận tải đường hàng không);",internet
314588174,CÔNG TY TNHH ĐẦU TƯ THƯƠNG MẠI VÀ DỊCH VỤ SAGOS,CÔNG TY TNHH ĐẦU TƯ THƯƠNG MẠI,Công ty trách nhiệm hữu hạn hai thành viên trở lên,"40 Lâm Hoành, Phường An Lạc, Quận Bình Tân, Thành phố Hồ Chí Minh, Việt Nam",Quận Bình Tân,"4649: Bán buôn đồ dùng khác cho gia đình-Chi tiết: Bán buôn vali, cặp, túi, ví, hàng da và giả da khác. Bán buôn dụng cụ y tế. Bán buôn nước hoa, hàng mỹ phẩm và chế phẩm vệ sinh. Bán buôn hàng gốm, s",internet
314591071,CÔNG TY TNHH SẢN XUẤT THƯƠNG MẠI DỊCH VỤ GIGI,CÔNG TY TNHH SẢN XUẤT THƯƠNG M,Công ty trách nhiệm hữu hạn một thành viên,"292 Đường số 8, Phường Bình Hưng Hòa, Quận Bình Tân, Thành phố Hồ Chí Minh, Việt Nam",Quận Bình Tân,5920: Hoạt động ghi âm và xuất bản âm nhạc-Chi tiết: Hoạt động ghi âm; 7420: Hoạt động nhiếp ảnh-; 7820: Cung ứng lao động tạm thời-; 7830: Cung ứng và quản lý nguồn lao động-(Trừ cho thuê lại lao độn,internet
314577528,CÔNG TY TNHH YANNY,CÔNG TY TNHH YANNY,Công ty trách nhiệm hữu hạn một thành viên,"688/2/26A Hương Lộ 2, Phường Bình Trị Đông A, Quận Bình Tân, Thành phố Hồ Chí Minh, Việt Nam",Quận Bình Tân,"4652: Bán buôn thiết bị và linh kiện điện tử, viễn thông-;4651: Bán buôn máy vi tính, thiết bị ngoại vi và phần mềm-;4669: Bán buôn chuyên doanh khác chưa được phân vào đâu-(trừ bán buôn bình gas, khí",internet
314593985,CÔNG TY TNHH TOPTOTOE,CÔNG TY TNHH TOPTOTOE,Công ty trách nhiệm hữu hạn hai thành viên trở lên,"Số 753/39 Đường Tỉnh Lộ 10, Khu phố 2, Phường Bình Trị Đông B, Quận Bình Tân, Thành phố Hồ Chí Minh, Việt Nam",Quận Bình Tân,"5229: Hoạt động dịch vụ hỗ trợ khác liên quan đến vận tải-Chi tiết: Gửi hàng, giao nhận hàng hóa, hoạt động của đại lý làm thủ tục hải quan, hoạt động của đại lý vận tải hàng hóa đường biển, hoạt động",internet
314606994,CÔNG TY TNHH DỊCH VỤ VIỄN THÔNG QUỲNH NHƯ,CÔNG TY TNHH DỊCH VỤ VIỄN THÔN,Công ty trách nhiệm hữu hạn một thành viên,"740 Tỉnh Lộ 10, Phường Bình Trị Đông, Quận Bình Tân, Thành phố Hồ Chí Minh, Việt Nam",Quận Bình Tân,"5229: Hoạt động dịch vụ hỗ trợ khác liên quan đến vận tải-chi tiết: Đại lý bán vé máy bay;4669: Bán buôn chuyên doanh khác chưa được phân vào đâu-chi tiết: Bán buôn sim, card, thẻ internet;4741: Bán l",internet
314609931,CÔNG TY TNHH  DỊCH VỤ VIỄN THÔNG NGỌC DŨNG,CÔNG TY TNHH  DỊCH VỤ VIỄN THÔ,Công ty trách nhiệm hữu hạn một thành viên,"708B Tên Lửa, Phường Bình Trị Đông B, Quận Bình Tân, Thành phố Hồ Chí Minh, Việt Nam",Quận Bình Tân,5229: Hoạt động dịch vụ hỗ trợ khác liên quan đến vận tải-Chi tiết: Hoạt động của các đại lý bán vé máy bay (trừ hóa lỏng khí để vận chuyển và hoạt động liên quan đến vận tải hàng không).;4669: Bán bu,internet
314628684,CÔNG TY CỔ PHẦN ĐẦU TƯ TC XÂY DỰNG GP LAND,CÔNG TY CỔ PHẦN ĐẦU TƯ TC XÂY ,Công ty cổ phần,"480 Đường số 7, Khu Phố 8, Phường Tân Tạo, Quận Bình Tân, Thành phố Hồ Chí Minh, Việt Nam",Quận Bình Tân,"2511: Sản xuất các cấu kiện kim loại-Chi tiết: Sản xuất cửa kim loại, cửa sổ và khung của chúng, cửa chớp, cổng, vách ngăn phòng bằng kim loại ( không hoạt động tại trụ sở).;2592: Gia công cơ khí; xử ",internet
314628638,CÔNG TY TNHH NHỰA TRÍ DOANH,CÔNG TY TNHH NHỰA TRÍ DOANH,Công ty trách nhiệm hữu hạn một thành viên,"173/63 An Dương Vương, Phường An Lạc, Quận Bình Tân, Thành phố Hồ Chí Minh, Việt Nam",Quận Bình Tân,2599: Sản xuất sản phẩm khác bằng kim loại chưa được phân vào đâu-(không hoạt động tại trụ sở);2013: Sản xuất plastic và cao su tổng hợp dạng nguyên sinh-(không hoạt động tại trụ sở);2220: Sản xuất sả,internet
314611994,CÔNG TY CỔ PHẦN LAM SÀI GÒN,CÔNG TY CỔ PHẦN LAM SÀI GÒN,Công ty cổ phần,"50 Dương Bá Cung, Phường An Lạc A, Quận Bình Tân, Thành phố Hồ Chí Minh, Việt Nam",Quận Bình Tân,"4610: Đại lý, môi giới, đấu giá hàng hóa-Chi tiết: đại lý hàng hóa, môi giới hàng hóa (trừ môi giới bất động sản);5621: Cung cấp dịch vụ ăn uống theo hợp đồng không thường xuyên với khách hàng-;4641: ",internet
314613127,CÔNG TY TNHH SẢN XUẤT THƯƠNG MẠI DỊCH VỤ KIỀU TIẾN DŨNG,CÔNG TY TNHH SẢN XUẤT THƯƠNG M,Công ty trách nhiệm hữu hạn một thành viên,"207 Hồ Văn Long, Khu Phố 1, Phường Bình Hưng Hòa B, Quận Bình Tân, Thành phố Hồ Chí Minh, Việt Nam",Quận Bình Tân,"1311: Sản xuất sợi-;1312: Sản xuất vải dệt thoi-;1313: Hoàn thiện sản phẩm dệt-;1321: Sản xuất vải dệt kim, vải đan móc và vải không dệt khác-;1322: Sản xuất hàng may sẵn (trừ trang phục)-Chi tiết: Sả",internet
314615572,CÔNG TY TNHH SẢN XUẤT THƯƠNG MẠI DỊCH VỤ GIÀY DÉP VIỆT,CÔNG TY TNHH SẢN XUẤT THƯƠNG M,Công ty trách nhiệm hữu hạn hai thành viên trở lên,"38/4 Đường 18B, Khu phố 10, Phường Bình Hưng Hòa A, Quận Bình Tân, Thành phố Hồ Chí Minh, Việt Nam",Quận Bình Tân,"1520: Sản xuất giày dép-;1811: In ấn-;6190: Hoạt động viễn thông khác-Chi tiết: Hoạt động của các điểm truy cập internet;4100: Xây dựng nhà các loại-;4610: Đại lý, môi giới, đấu giá-Chi tiết: Đại lý, ",internet
314655783,CÔNG TY TNHH KINH DOANH THƯƠNG MẠI NHẬT PHÁT,CÔNG TY TNHH KINH DOANH THƯƠNG,Công ty trách nhiệm hữu hạn một thành viên,"28 đường 5B, khu phố 6, Phường Bình Hưng Hòa A, Quận Bình Tân, Thành phố Hồ Chí Minh, Việt Nam",Quận Bình Tân,4722: Bán lẻ thực phẩm trong các cửa hàng chuyên doanh-(Thực hiện theo Quyết định 64/2009/QĐ-UBND ngày 31/07/2009 và Quyết định 79/2009/QĐ-UBND ngày 17/10/2009 của Ủy ban nhân dân Thành phố Hồ Chí Min,internet
314626535,CÔNG TY TNHH THƯƠNG MẠI PHÚC THIÊN ÂN,CÔNG TY TNHH THƯƠNG MẠI PHÚC T,Công ty trách nhiệm hữu hạn hai thành viên trở lên,"Số 381/3/8 Lê Văn Qưới - Khu phố 5, Phường Bình Trị Đông A, Quận Bình Tân, Thành phố Hồ Chí Minh, Việt Nam",Quận Bình Tân,"4719: Bán lẻ khác trong các cửa hàng kinh doanh tổng hợp-(trừ bán lẻ hóa chất, khí dầu mỏ hóa lỏng LPG, dầu nhớt cặn, vàng miếng, súng, đạn loại dùng đi săn hoặc thể thao và tiền kim khí; Thực hiện th",internet
314661314,DOANH NGHIỆP TƯ NHÂN ĐẠI VIỆT STORE,DOANH NGHIỆP TƯ NHÂN ĐẠI VIỆT ,Doanh nghiệp tư nhân,"27/36/75/12/4/1C Bùi Tư Toàn, Phường An Lạc, Quận Bình Tân, Thành phố Hồ Chí Minh, Việt Nam",Quận Bình Tân,"4799: Bán lẻ hình thức khác chưa được phân vào đâu-(trừ bán lẻ bình gas, hóa chất, khí dầu mỏ hóa lỏng LPG, dầu nhớt cặn, vàng miếng, súng, đạn loại dùng đi săn hoặc thể thao và tiền kim khí; Thực hiệ",internet
314634864,CÔNG TY TNHH N&C GROUP,CÔNG TY TNHH NC GROUP,Công ty trách nhiệm hữu hạn một thành viên,"25 Đường số 21B, Phường Bình Trị Đông B, Quận Bình Tân, Thành phố Hồ Chí Minh, Việt Nam",Quận Bình Tân,"3320: Lắp đặt máy móc và thiết bị công nghiệp-(không gia công cơ khí, tái chế phế thải, xi mạ điện tại trụ sở);4311: Phá dỡ-;4312: Chuẩn bị mặt bằng-;4321: Lắp đặt hệ thống điện-(không gia công cơ khí",internet
314201363,DOANH NGHIỆP TƯ NHÂN ĐẠI LÝ INTERNET X-GAME PRO,DOANH NGHIỆP TƯ NHÂN ĐẠI LÝ IN,Doanh nghiệp tư nhân,"Số 20 Đường số 49, khu phố 8, Phường Tân Tạo, Quận Bình Tân, Thành phố Hồ Chí Minh, Việt Nam",Quận Bình Tân,4722: Bán lẻ thực phẩm trong các cửa hàng chuyên doanh-(Thực hiện theo Quyết định số 64/2009/QĐ-UBND ngày 31/07/2009 của Ủy ban nhân dân Thành phố Hồ Chí Minh và Quyết định 79/2009/QĐ-UBND ngày 17/10/,internet
314667066,CÔNG TY TNHH BIỂN XANH BLUESEA,CÔNG TY TNHH BIỂN XANH BLUESEA,Công ty trách nhiệm hữu hạn hai thành viên trở lên,"349/5 An Dương Vương , Phường An Lạc, Quận Bình Tân, Thành phố Hồ Chí Minh, Việt Nam",Quận Bình Tân,"8292: Dịch vụ đóng gói-(trừ đóng gói thuốc bảo vệ thực vật).;3312: Sửa chữa máy móc, thiết bị-;3314: Sửa chữa thiết bị điện-;4649: Bán buôn đồ dùng khác cho gia đình-(trừ dược phẩm);4659: Bán buôn máy",internet
314635787,CÔNG TY TNHH DỊCH VỤ GIẢI TRÍ MGM,CÔNG TY TNHH DỊCH VỤ GIẢI TRÍ ,Công ty trách nhiệm hữu hạn một thành viên,"1271 Tỉnh Lộ 10, khu phố 9, Phường Tân Tạo, Quận Bình Tân, Thành phố Hồ Chí Minh, Việt Nam",Quận Bình Tân,"5510: Dịch vụ lưu trú ngắn ngày-chi tiết: khách sạn, biệt thự du lịch, căn hộ du lịch, nhà nghỉ du lịch, nhà ở có phòng cho khách du lịch thuê (không hoạt động tại trụ sở);4723: Bán lẻ đồ uống trong c",internet
314691118,CÔNG TY TNHH ANT BẢO PHÚ,CÔNG TY TNHH ANT BẢO PHÚ,Công ty trách nhiệm hữu hạn một thành viên,"60/3/57 Đường Số 5, Phường Bình Hưng Hòa, Quận Bình Tân, Thành phố Hồ Chí Minh, Việt Nam",Quận Bình Tân,"7310: Quảng cáo-;7410: Hoạt động thiết kế chuyên dụng-Chi tiết: Thiết kế mẫu in ấn,thiết kế banner, bandroll, thiết kế logo, thiết kế website;1811: In ấn-(Không hoạt động tại trụ sở);1812: Dịch vụ liê",internet
314684262,CÔNG TY TNHH LEADMENS,CÔNG TY TNHH LEADMENS,Công ty trách nhiệm hữu hạn một thành viên,"Số 6 Đường Số 13, Phường Bình Trị Đông B, Quận Bình Tân, Thành phố Hồ Chí Minh, Việt Nam",Quận Bình Tân,"4781: Bán lẻ lương thực, thực phẩm, đồ uống, thuốc lá, thuốc lào lưu động hoặc tại chợ-(Thực hiện theo Quyết định 64/2009/QĐ-UBND ngày 31/07/2009 và Quyết định 79/2009/QĐ-UBND ngày 17/10/2009 của Ủy b",internet
314670196,CÔNG TY TNHH THƯƠNG MẠI SẢN XUẤT QUẢNG CÁO MV,CÔNG TY TNHH THƯƠNG MẠI SẢN XU,Công ty trách nhiệm hữu hạn hai thành viên trở lên,"77 Lê Công Phép, Phường An Lạc, Quận Bình Tân, Thành phố Hồ Chí Minh, Việt Nam",Quận Bình Tân,"1812: Dịch vụ liên quan đến in-;4741: Bán lẻ máy vi tính, thiết bị ngoại vi, phần mềm và thiết bị viễn thông trong các cửa hàng chuyên doanh-;4610: Đại lý, môi giới, đấu giá-Chi tiết: Đại lý, môi giới",internet
314669909,CÔNG TY TNHH SẢN XUẤT THƯƠNG MẠI DỊCH VỤ THIÊN LONG TÚ,CÔNG TY TNHH SẢN XUẤT THƯƠNG M,Công ty trách nhiệm hữu hạn hai thành viên trở lên,"64/10 Trương Phước Phan, Phường Bình Trị Đông, Quận Bình Tân, Thành phố Hồ Chí Minh, Việt Nam",Quận Bình Tân,"4649: Bán buôn đồ dùng khác cho gia đình-Chi tiết: Bán buôn va li, túi, cặp, túi, ví, thắt lưng, hàng du lịch bằng da, giả da và bằng các chất liệu khác. - Bán buôn đồ dùng nội thất tương tự như: giá ",internet
314711205,CÔNG TY CỔ PHẦN ĐẦU TƯ ĐỊA ỐC GOODLAND,CÔNG TY CỔ PHẦN ĐẦU TƯ ĐỊA ỐC ,Công ty cổ phần,"Số 5 Đường B12, Khu phố 3, Phường Bình Hưng Hòa B, Quận Bình Tân, Thành phố Hồ Chí Minh, Việt Nam",Quận Bình Tân,2610: Sản xuất linh kiện điện tử-(không hoạt động tại trụ sở);2620: Sản xuất máy vi tính và thiết bị ngoại vi của máy vi tính-(không hoạt động tại trụ sở);2630: Sản xuất thiết bị truyền thông-(không h,internet
314698145,CÔNG TY TNHH THƯƠNG MẠI SẢN XUẤT XUẤT NHẬP KHẨU ĐẠI BÁT,CÔNG TY TNHH THƯƠNG MẠI SẢN XU,Công ty trách nhiệm hữu hạn một thành viên,"595A Tỉnh Lộ 10, Phường Bình Trị Đông B, Quận Bình Tân, Thành phố Hồ Chí Minh, Việt Nam",Quận Bình Tân,"2591: Rèn, dập, ép và cán kim loại; luyện bột kim loại-(không hoạt động tại trụ sở);2592: Gia công cơ khí; xử lý và tráng phủ kim loại-(không hoạt động tại trụ sở);5012: Vận tải hàng hóa ven biển và v",internet
314734636,CÔNG TY TNHH THƯƠNG MẠI DỊCH VỤ VIỄN THÔNG VINA,CÔNG TY TNHH THƯƠNG MẠI DỊCH V,Công ty trách nhiệm hữu hạn một thành viên,"73/4 Kênh Nước Đen, Phường Bình Hưng Hòa A, Quận Bình Tân, Thành phố Hồ Chí Minh, Việt Nam",Quận Bình Tân,"4652: Bán buôn thiết bị và linh kiện điện tử, viễn thông-chi tiết: Bán buôn thiết bị và linh kiện camera quan sát;4669: Bán buôn chuyên doanh khác chưa được phân vào đâu-chi tiết: Bán buôn thiết bị ch",internet
314750959,CÔNG TY TRÁCH NHIỆM HỮU HẠN  SẢN XUẤT THƯƠNG MẠI DỊCH VỤ VIỆT SINH,CÔNG TY TRÁCH NHIỆM HỮU HẠN  S,Công ty trách nhiệm hữu hạn một thành viên,"688/30/27, đường Tân Kỳ Tân Quý, Phường Bình Hưng Hòa, Quận Bình Tân, Thành phố Hồ Chí Minh, Việt Nam",Quận Bình Tân,"7320: Nghiên cứu thị trường và thăm dò dư luận-;1079: Sản xuất thực phẩm khác chưa được phân vào đâu-;1104: Sản xuất đồ uống không cồn, nước khoáng-;1410: May trang phục (trừ trang phục từ da lông thú",internet
314718465,CÔNG TY TNHH VITAS COOP,CÔNG TY TNHH VITAS COOP,Công ty trách nhiệm hữu hạn hai thành viên trở lên,"83A Lê Đình Cẩn, Khu Phố 7, Phường Tân Tạo, Quận Bình Tân, Thành phố Hồ Chí Minh, Việt Nam",Quận Bình Tân,"8110: Dịch vụ hỗ trợ tổng hợp-;8560: Dịch vụ hỗ trợ giáo dục-;1073: Sản xuất ca cao, sôcôla và mứt kẹo-;2592: Gia công cơ khí; xử lý và tráng phủ kim loại-;4511: Bán buôn ô tô và xe có động cơ khác-;4",internet
314750500,CÔNG TY TNHH SẢN XUẤT THƯƠNG MẠI DỊCH VỤ GIẢI TRÍ SONG NGUYỄN,CÔNG TY TNHH SẢN XUẤT THƯƠNG M,Công ty trách nhiệm hữu hạn một thành viên,"991 Đường Tỉnh Lộ 10, Khu Phố 8, Phường Tân Tạo, Quận Bình Tân, Thành phố Hồ Chí Minh, Việt Nam",Quận Bình Tân,"2610: Sản xuất linh kiện điện tử-(không hoạt động tại trụ sở);2640: Sản xuất sản phẩm điện tử dân dụng-Chi tiết: Lắp ráp trò chơi điện tử (không gia công cơ khí, tái chế phế thải, xi mạ điện tại trụ s",internet
314768498,CÔNG TY TNHH PHẦN MỀM KỲ LÂN,CÔNG TY TNHH PHẦN MỀM KỲ LÂN,Công ty trách nhiệm hữu hạn một thành viên,"107 Đường số 5, Phường Bình Trị Đông B, Quận Bình Tân, Thành phố Hồ Chí Minh, Việt Nam",Quận Bình Tân,"4741: Bán lẻ máy vi tính, thiết bị ngoại vi, phần mềm và thiết bị viễn thông trong các cửa hàng chuyên doanh-;5820: Xuất bản phần mềm-Chi tiết: Sản xuất phần mềm.;6190: Hoạt động viễn thông khác-Chi t",internet
314734925,CÔNG TY TNHH THƯƠNG MẠI DỊCH VỤ LAM GIA,CÔNG TY TNHH THƯƠNG MẠI DỊCH V,Công ty trách nhiệm hữu hạn một thành viên,"477/24 Kinh Dương Vương, Phường An Lạc, Quận Bình Tân, Thành phố Hồ Chí Minh, Việt Nam",Quận Bình Tân,"4610: Đại lý, môi giới, đấu giá hàng hóa-Chi tiết: Đại lý mua, đại lý bán, ký gửi hàng hóa (trừ đấu giá hàng hóa); 4759: Bán lẻ đồ điện gia dụng, giường, tủ, bàn, ghế và đồ nội thất tương tự, đèn và b",internet
314741055,CÔNG TY TNHH THƯƠNG MẠI PHẦN MỀM LỘC PHÁT,CÔNG TY TNHH THƯƠNG MẠI PHẦN M,Công ty trách nhiệm hữu hạn hai thành viên trở lên,"67/38 Đường Số 10, Phường Bình Hưng Hòa B, Quận Bình Tân, Thành phố Hồ Chí Minh, Việt Nam",Quận Bình Tân,"4651: Bán buôn máy vi tính, thiết bị ngoại vi và phần mềm-;4741: Bán lẻ máy vi tính, thiết bị ngoại vi, phần mềm và thiết bị viễn thông trong các cửa hàng chuyên doanh-;4652: Bán buôn thiết bị và linh",internet
314779316,CÔNG TY TNHH MỘT THÀNH VIÊN THIẾT KẾ VĨNH THẮNG,CÔNG TY TNHH MỘT THÀNH VIÊN TH,Công ty trách nhiệm hữu hạn một thành viên,"49/2 đường liên khu 1.6 , Phường Bình Trị Đông, Quận Bình Tân, Thành phố Hồ Chí Minh, Việt Nam",Quận Bình Tân,"4100: Xây dựng nhà các loại-;4290: Xây dựng công trình kỹ thuật dân dụng khác-;4311: Phá dỡ-;4312: Chuẩn bị mặt bằng-;4321: Lắp đặt hệ thống điện-;4322: Lắp đặt hệ thống cấp, thoát nước, lò sưởi và đi",internet
314782206,CÔNG TY CP DỊCH VỤ BẢO VỆ VỆ SĨ TRƯỜNG THÀNH,CÔNG TY CP DỊCH VỤ BẢO VỆ VỆ S,Công ty cổ phần,"130 Đường 47, Khu Phố 8, Phường Tân Tạo, Quận Bình Tân, Thành phố Hồ Chí Minh, Việt Nam",Quận Bình Tân,"4669: Bán buôn chuyên doanh khác chưa được phân vào đâu-Chi tiết: Bán buôn phế liệu, phế thải kim loại, phi kim loại.Bán buôn hoá chất công nghiệp (không hoạt động tại trụ sở); Bán buôn phân bón (khôn",internet
314755160,CÔNG TY TNHH SÀI GÒN ORCHIDS,CÔNG TY TNHH SÀI GÒN ORCHIDS,Công ty trách nhiệm hữu hạn một thành viên,"55 Đường số 14, Phường Bình Hưng Hòa A, Quận Bình Tân, Thành phố Hồ Chí Minh, Việt Nam",Quận Bình Tân,"5210: Kho bãi và lưu giữ hàng hóa-chi tiết: lưu giữ hàng hóa (trừ kinh doanh kho bãi);4661: Bán buôn nhiên liệu rắn, lỏng, khí và các sản phẩm liên quan-(trừ khí dầu mỏ hóa lỏng LPG);4711: Bán lẻ lươn",internet
314761414,CÔNG TY TNHH CÔNG NGHỆ CAO BẢO NGUYÊN,CÔNG TY TNHH CÔNG NGHỆ CAO BẢO,Công ty trách nhiệm hữu hạn hai thành viên trở lên,"30 Đường số 5A, Phường Bình Trị Đông B, Quận Bình Tân, Thành phố Hồ Chí Minh, Việt Nam",Quận Bình Tân,"9522: Sửa chữa thiết bị, đồ dùng gia đình-Chi tiết: Dịch vụ sửa chữa, bảo trì điều hòa nhiệt độ (trừ gia công cơ khí, tái chế phế thải, xi mạ điện tại trụ sở);3290: Sản xuất khác chưa được phân vào đâ",internet
314786803,CÔNG TY TNHH ĐẦU TƯ AN ANH,CÔNG TY TNHH ĐẦU TƯ AN ANH,Công ty trách nhiệm hữu hạn một thành viên,"Số 51, Đường số 3D, Phường Bình Hưng Hòa B, Quận Bình Tân, Thành phố Hồ Chí Minh, Việt Nam",Quận Bình Tân,"5510: Dịch vụ lưu trú ngắn ngày-Chi tiết: Khách sạn du lịch, biệt thự du lịch, căn hộ du lịch, nhà nghỉ du lịch, nhà ở có phòng cho khách du lịch thuê (không hoạt động tại trụ sở);4663: Bán buôn vật l",internet
314786698,CÔNG TY TNHH METRO MART,CÔNG TY TNHH METRO MART,Công ty trách nhiệm hữu hạn hai thành viên trở lên,"27A Đường Liên khu 4-5, Khu phố 5, Phường Bình Hưng Hòa B, Quận Bình Tân, Thành phố Hồ Chí Minh, Việt Nam",Quận Bình Tân,4721: Bán lẻ lương thực trong các cửa hàng chuyên doanh-(Thực hiện theo Quyết định 64/2009/QĐ-UBND ngày 31/07/2009 và Quyết định 79/2009/QĐ-UBND ngày 17/10/2009 của Ủy ban nhân dân Thành phố Hồ Chí Mi,internet
315491520,CÔNG TY TNHH THỦY CANH FARMHOUSE VIỆT,CÔNG TY TNHH THỦY CANH FARMHOU,Công ty trách nhiệm hữu hạn một thành viên,"2/5/11 Đường 2D Nối Dài, Khu Phố 4, Phường An Lạc, Quận Bình Tân, Thành phố Hồ Chí Minh, Việt Nam",Quận Bình Tân,"4791: Bán lẻ theo yêu cầu đặt hàng qua bưu điện hoặc internet-(trừ bán lẻ bình gas, hóa chất, súng, đạn loại dùng đi săn hoặc thể thao và tiền kim khí và thực hiện theo Quyết định 64/2009/QĐ-UBND ngày",internet
314766324,CÔNG TY TNHH THẾ GIỚI DỤNG CỤ,CÔNG TY TNHH THẾ GIỚI DỤNG CỤ,Công ty trách nhiệm hữu hạn một thành viên,"302/10E Lê Đình Cẩn, Khu phố 7, Phường Tân Tạo, Quận Bình Tân, Thành phố Hồ Chí Minh, Việt Nam",Quận Bình Tân,"2591: Rèn, dập, ép và cán kim loại; luyện bột kim loại-;2592: Gia công cơ khí; xử lý và tráng phủ kim loại-;4662: Bán buôn kim loại và quặng kim loại-(trừ mua bán vàng miếng);4663: Bán buôn vật liệu, ",internet
316812590,CÔNG TY TNHH MINH THÀNH HOUSE,CÔNG TY TNHH MINH THÀNH HOUSE,Công ty trách nhiệm hữu hạn một thành viên,"151/67/73 liên khu 4-5, Phường Bình Hưng Hòa B, Quận Bình Tân, Thành phố Hồ Chí Minh, Việt Nam",Quận Bình Tân,"4649: Bán buôn đồ dùng khác cho gia đình-Chi tiết: Bán buôn đồ điện gia dụng, đèn và bộ đèn điện; Bán buôn giường, tủ, bàn ghế và đồ dùng nội thất tương tự);4931: Vận tải hành khách đường bộ trong nội",internet
201802490,CÔNG TY TNHH ĐẦU TƯ THƯƠNG MẠI & DỊCH VỤ VIỆT STAR QUỐC TẾ,CÔNG TY TNHH ĐẦU TƯ THƯƠNG MẠI,Công ty trách nhiệm hữu hạn một thành viên,"Số 374A Lê Văn Quới, Khu Phố 11, Phường Bình Hưng Hòa A, Quận Bình Tân, Thành phố Hồ Chí Minh, Việt Nam",Quận Bình Tân,"8299: Hoạt động dịch vụ hỗ trợ kinh doanh khác còn lại chưa được phân vào đâu-chi tiết: thực hiện quyền xuất khẩu, quyền nhập khẩu các hàng hóa theo các quy định của pháp luật. (CPC 622);4799: Bán lẻ ",internet
314208224,CÔNG TY CỔ PHẦN THƯƠNG MẠI XUẤT NHẬP KHẨU TẤN PHONG,CÔNG TY CỔ PHẦN THƯƠNG MẠI XUẤ,Công ty cổ phần,"8 Đường số 19, Phường Bình Hưng Hòa A, Quận Bình Tân, Thành phố Hồ Chí Minh, Việt Nam",Quận Bình Tân,"4722: Bán lẻ thực phẩm trong các cửa hàng chuyên doanh-chi tiết: Bán lẻ thực phẩm chức năng  ; Bán lẻ thủy sản; Bán lẻ đường, sữa và các sản phẩm sữa, bánh kẹo và các sản phẩm chế biến từ ngũ cốc, bột",internet
314586385,CÔNG TY CỔ PHẦN PETRO TUẤN TÀI,CÔNG TY CỔ PHẦN PETRO TUẤN TÀI,Công ty cổ phần,"37 Đường Khiếu Năng Tĩnh, Phường An Lạc A, Quận Bình Tân, Thành phố Hồ Chí Minh, Việt Nam",Quận Bình Tân,5210: Kho bãi và lưu giữ hàng hóa-Chi tiết: Lưu giữ hàng hóa (trừ kinh doanh kho bãi);5229: Hoạt động dịch vụ hỗ trợ khác liên quan đến vận tải-Chi tiết: - Dịch vụ đại lý tàu biển. - Giao nhận hàng hó,internet
314224258,CÔNG TY TNHH ARO TIẾN PHÁT,CÔNG TY TNHH ARO TIẾN PHÁT,Công ty trách nhiệm hữu hạn một thành viên,"50 đường số 28, Phường Bình Trị Đông B, Quận Bình Tân, Thành phố Hồ Chí Minh, Việt Nam",Quận Bình Tân,"4742: Bán lẻ thiết bị nghe nhìn trong các cửa hàng chuyên doanh-;4651: Bán buôn máy vi tính, thiết bị ngoại vi và phần mềm-;4652: Bán buôn thiết bị và linh kiện điện tử, viễn thông-;3320: Lắp đặt máy ",internet
314593424,CÔNG TY TNHH MTV GIẢI PHÁP CÔNG NGHỆ TECHNOLOGY SOLUTION,CÔNG TY TNHH MTV GIẢI PHÁP CÔN,Công ty trách nhiệm hữu hạn một thành viên,"Số 2B Đường 18E, Phường Bình Hưng Hòa A, Quận Bình Tân, Thành phố Hồ Chí Minh, Việt Nam",Quận Bình Tân,"4659: Bán buôn máy móc, thiết bị và phụ tùng máy khác-Chi tiết: Bán buôn thiết bị báo động báo cháy, chống trộm, thiết bị an ninh;4651: Bán buôn máy vi tính, thiết bị ngoại vi và phần mềm-;4652: Bán b",internet
314599987,DOANH NGHIỆP TƯ NHÂN ĐẠI LÝ INTERNET QH,DOANH NGHIỆP TƯ NHÂN ĐẠI LÝ IN,Doanh nghiệp tư nhân,"Số 16 Đường Số 34, Phường Bình Trị Đông B, Quận Bình Tân, Thành phố Hồ Chí Minh, Việt Nam",Quận Bình Tân,4722: Bán lẻ thực phẩm trong các cửa hàng chuyên doanh-(thực hiện theo Quyết định 64/2009/QĐ-UBND ngày 31/7/2009 của Ủy ban nhân dân Thành phố Hồ Chí Minh và Quyết định 79/2009/QĐ-UBND ngày 17/10/2009,internet
314609346,CÔNG TY TRÁCH NHIỆM HỮU HẠN LUCKY FOOD,CÔNG TY TRÁCH NHIỆM HỮU HẠN LU,Công ty trách nhiệm hữu hạn một thành viên,"104/93 Đường số 18, Phường Bình Hưng Hòa, Quận Bình Tân, Thành phố Hồ Chí Minh, Việt Nam",Quận Bình Tân,"4651: Bán buôn máy vi tính, thiết bị ngoại vi và phần mềm-;4652: Bán buôn thiết bị và linh kiện điện tử, viễn thông-;4653: Bán buôn máy móc, thiết bị và phụ tùng máy nông nghiệp-;4659: Bán buôn máy mó",internet
314612010,CÔNG TY TNHH THƯƠNG MẠI DỊCH VỤ ĐẦU TƯ 9 CỬU,CÔNG TY TNHH THƯƠNG MẠI DỊCH V,Công ty trách nhiệm hữu hạn một thành viên,"38A Đường số 5, Phường Bình Hưng Hòa, Quận Bình Tân, Thành phố Hồ Chí Minh, Việt Nam",Quận Bình Tân,"4663: Bán buôn vật liệu, thiết bị lắp đặt khác trong xây dựng-;4752: Bán lẻ đồ ngũ kim, sơn, kính và thiết bị lắp đặt khác trong xây dựng trong các cửa hàng chuyên doanh-;4759: Bán lẻ đồ điện gia dụng",internet
314297048,CÔNG TY TNHH MỘT THÀNH VIÊN LẬP HÙNG,CÔNG TY TNHH MỘT THÀNH VIÊN LẬ,Công ty trách nhiệm hữu hạn một thành viên,"B. 102 Tầng 2 Chung Cư Hoàng Kim Thế Gia, Số 31 Trương Phước Phan, Phường Bình Trị Đông, Quận Bình Tân, Thành phố Hồ Chí Minh, Việt Nam",Quận Bình Tân,"4663: Bán buôn vật liệu, thiết bị lắp đặt khác trong xây dựng-Chi tiết: Bán buôn đồ ngũ kim: khóa cửa, chốt cài, tay nắm cửa sổ và cửa ra vào; - Bán buôn dụng cụ cầm tay: búa, cưa, tua vít, dụng cụ cầ",internet
314303252,CÔNG TY TNHH TRÒ CHƠI ĐIỆN TỬ DƯƠNG TÙNG,CÔNG TY TNHH TRÒ CHƠI ĐIỆN TỬ ,Công ty trách nhiệm hữu hạn một thành viên,"1175 Tỉnh lộ 10, Khu phố 9, Phường Tân Tạo, Quận Bình Tân, Thành phố Hồ Chí Minh, Việt Nam",Quận Bình Tân,"3320: Lắp đặt máy móc và thiết bị công nghiệp-Chi tiết: Lắp đặt các loại thùng trò chơi điện tử các loại tivi (trừ gia công cơ khí, tái chế phế thải, xi mạ điện tại trụ sở);4652: Bán buôn thiết bị và ",lap top
314318347,CÔNG TY TNHH CÔNG NGHỆ KỸ THUẬT EFACTORY,CÔNG TY TNHH CÔNG NGHỆ KỸ THUẬ,Công ty trách nhiệm hữu hạn một thành viên,"1158 Tỉnh lộ 10, khu phố 6, Phường Tân Tạo, Quận Bình Tân, Thành phố Hồ Chí Minh, Việt Nam",Quận Bình Tân,"4663: Bán buôn vật liệu, thiết bị lắp đặt khác trong xây dựng-chi tiết: bán buôn đồ ngũ kim;4669: Bán buôn chuyên doanh khác chưa được phân vào đâu-chi tiết: Bán buôn hóa chất công nghiệp (không hoạt ",internet
314350622,CÔNG TY TNHH MỘT THÀNH VIÊN THƯƠNG MẠI SẢN XUẤT TENCEL VINA,CÔNG TY TNHH MỘT THÀNH VIÊN TH,Công ty trách nhiệm hữu hạn một thành viên,"102 Đường số 12, Phường Bình Hưng Hòa, Quận Bình Tân, Thành phố Hồ Chí Minh, Việt Nam",Quận Bình Tân,"1322: Sản xuất hàng may sẵn (trừ trang phục)-Chi tiết: Áo quần, chăn, túi ngủ, màn, rèm, ga trải giường, gối (không hoạt động tại trụ sở);1323: Sản xuất thảm, chăn đệm-Chi tiết: Thảm tấm, chăn đệm;466",internet
314395006,CÔNG TY TNHH THẮNG MINH PHÁT,CÔNG TY TNHH THẮNG MINH PHÁT,Công ty trách nhiệm hữu hạn một thành viên,"26 Đường Số 4, Phường An Lạc A, Quận Bình Tân, Thành phố Hồ Chí Minh, Việt Nam",Quận Bình Tân,"4659: Bán buôn máy móc, thiết bị và phụ tùng máy khác-Chi tiết: Bán buôn máy móc, thiết bị điện, vật liệu điện (máy phát điện, động cơ điện dây điện và thiết bị khác dùng trong mạch điện); bán buôn má",internet
314679167,CÔNG TY TNHH MỘT THÀNH VIÊN ĐẦU TƯ SẢN XUẤT NHẬP KHẨU VÀ THƯƠNG MẠI HOÀNG KHANG,CÔNG TY TNHH MỘT THÀNH VIÊN ĐẦ,Công ty trách nhiệm hữu hạn một thành viên,"68 Đường 5D, Phường Bình Hưng Hòa A, Quận Bình Tân, Thành phố Hồ Chí Minh, Việt Nam",Quận Bình Tân,9329: Hoạt động vui chơi giải trí khác chưa được phân vào đâu-Chi tiết: Kinh doanh trò chơi điện tử (trừ hoạt động của các sàn nhảy; trừ kinh doanh trò chơi điện tử có thưởng dành cho người nước ngoài,internet
314401570,CÔNG TY TNHH SX TM DV ĐẠI PHÁT,CÔNG TY TNHH SX TM DV ĐẠI PHÁT,Công ty trách nhiệm hữu hạn một thành viên,"38/4 Đường số 1, Khu phố 14, Phường Bình Hưng Hòa A, Quận Bình Tân, Thành phố Hồ Chí Minh, Việt Nam",Quận Bình Tân,"4741: Bán lẻ máy vi tính, thiết bị ngoại vi, phần mềm và thiết bị viễn thông trong các cửa hàng chuyên doanh-;5630: Dịch vụ phục vụ đồ uống-Chi tiết: Quán cà phê, giải khát (trừ hoạt động quán bar và ",internet
314707872,CÔNG TY TNHH AN KIM HƯNG,CÔNG TY TNHH AN KIM HƯNG,Công ty trách nhiệm hữu hạn một thành viên,"118/90/3D Đường Liên Khu 5-6, Khu Phố 8, Phường Bình Hưng Hòa B, Quận Bình Tân, Thành phố Hồ Chí Minh, Việt Nam",Quận Bình Tân,"1811: In ấn-;1812: Dịch vụ liên quan đến in-;1820: Sao chép bản ghi các loại-;2220: Sản xuất sản phẩm từ plastic-(không hoạt động tại trụ sở);4610: Đại lý, môi giới, đấu giá-Chi tiết: Đại lý. Môi giới",internet
314511439,CÔNG TY CỔ PHẦN PHƯƠNG NGỌC HPT,CÔNG TY CỔ PHẦN PHƯƠNG NGỌC HP,Công ty cổ phần,"Số 46/4 Đường số 2, Phường Bình Hưng Hòa B, Quận Bình Tân, Thành phố Hồ Chí Minh, Việt Nam",Quận Bình Tân,"1811: In ấn-(trừ in, tráng bao bì kim loại; in trên các sản phẩm vải sợi, dệt, may, đan tại trụ sở);5820: Xuất bản phần mềm-Chi tiết: Sản xuất phần mềm;6201: Lập trình máy vi tính-;6202: Tư vấn máy vi",internet
314580305,CÔNG TY TNHH TIN HỌC - MÔI TRƯỜNG HOÀNG MINH,CÔNG TY TNHH TIN HỌC  MÔI TRƯỜ,Công ty trách nhiệm hữu hạn hai thành viên trở lên,"130/10/16 đường Tên Lửa, Phường Bình Trị Đông B, Quận Bình Tân, Thành phố Hồ Chí Minh, Việt Nam",Quận Bình Tân,"4669: Bán buôn chuyên doanh khác chưa được phân vào đâu-Chi tiết: Bán buôn phân bón, thuốc trừ sâu, hóa chất trong lĩnh vực nông nghiệp (không tồn trữ hóa chất tại trụ sở);4741: Bán lẻ máy vi tính, th",internet
314634487,CÔNG TY TNHH VỢ CHỒNG TÔI,CÔNG TY TNHH VỢ CHỒNG TÔI,Công ty trách nhiệm hữu hạn một thành viên,"67/4/27/36 Nguyễn Quý Yêm, Phường An Lạc, Quận Bình Tân, Thành phố Hồ Chí Minh, Việt Nam",Quận Bình Tân,"4781: Bán lẻ lương thực, thực phẩm, đồ uống, thuốc lá, thuốc lào lưu động hoặc tại chợ-Chi tiết :
-	Bán lẻ lương thực lưu động hoặc tại chợ
-	Bán lẻ thực phẩm lưu động hoặc tại chợ
-	Bán lẻ đồ uống lư",internet
314654109,CÔNG TY TNHH MỘT THÀNH VIÊN HỮU THIÊN ĐỊNH,CÔNG TY TNHH MỘT THÀNH VIÊN HỮ,Công ty trách nhiệm hữu hạn một thành viên,"14/1A Lê Tấn Bê, Khu Phố 2, Phường An Lạc, Quận Bình Tân, Thành phố Hồ Chí Minh, Việt Nam",Quận Bình Tân,"4690: Bán buôn tổng hợp-Chi tiết : Bán buôn văn phòng phẩm,công cụ thiết bị văn phòng,đồ dùng gia đình,sách báo tạp chí,đồ lưu niệm.;4761: Bán lẻ sách, báo, tạp chí văn phòng phẩm trong các cửa hàng c",internet
314692898,CÔNG TY TNHH THƯƠNG MẠI DỊCH VỤ TỔNG HỢP NAM THƯ,CÔNG TY TNHH THƯƠNG MẠI DỊCH V,Công ty trách nhiệm hữu hạn hai thành viên trở lên,"57/25 Đường số 3, Phường Bình Hưng Hòa A, Quận Bình Tân, Thành phố Hồ Chí Minh, Việt Nam",Quận Bình Tân,"4690: Bán buôn tổng hợp-Chi tiết: Bán buôn đồ lưu niệm, vật phẩm vệ sinh;4772: Bán lẻ thuốc, dụng cụ y tế, mỹ phẩm và vật phẩm vệ sinh trong các cửa hàng chuyên doanh-Chi tiết: Bán lẻ nước hoa, mỹ phẩ",internet
314811760,CÔNG TY TNHH TRÒ CHƠI ĐIỆN TỬ HAPPY GAME 64,CÔNG TY TNHH TRÒ CHƠI ĐIỆN TỬ ,Công ty trách nhiệm hữu hạn một thành viên,"Số 986/11, Khu phố 10, Đường Hương Lộ 2, Phường Bình Trị Đông A, Quận Bình Tân, Thành phố Hồ Chí Minh, Việt Nam",Quận Bình Tân,"6492: Hoạt động cấp tín dụng khác-Chi tiết: Dịch vụ cầm đồ;7710: Cho thuê xe có động cơ-Chi tiết: Cho thuê xe du lịch;7721: Cho thuê thiết bị thể thao, vui chơi giải trí-Chi tiết: Cho thuê máy trò chơ",lap top
314813817,CÔNG TY TNHH NGUYỄN TRÀ CORP,CÔNG TY TNHH NGUYỄN TRÀ CORP,Công ty trách nhiệm hữu hạn một thành viên,"Số 205/21 Liên Khu 4-5, Phường Bình Hưng Hòa B, Quận Bình Tân, Thành phố Hồ Chí Minh, Việt Nam",Quận Bình Tân,"1811: In ấn-(trừ in tráng bao bì kim loại, in trên sản phẩm vải, sợi, dệt, may đan tại trụ sở).;1812: Dịch vụ liên quan đến in-;5012: Vận tải hàng hóa ven biển và viễn dương-;5022: Vận tải hàng hóa đư",internet
314821575,CÔNG TY TNHH SẢN XUẤT THƯƠNG MẠI DỊCH VỤ CÔNG NGHIỆP NHẤT TÍN,CÔNG TY TNHH SẢN XUẤT THƯƠNG M,Công ty trách nhiệm hữu hạn hai thành viên trở lên,"122 Khiếu Năng Tĩnh, Khu phố 8 , Phường An Lạc A, Quận Bình Tân, Thành phố Hồ Chí Minh, Việt Nam",Quận Bình Tân,"5229: Hoạt động dịch vụ hỗ trợ khác liên quan đến vận tải-Chi tiết: Hoạt động của các đại lý bán vé máy bay, vé tàu, vé xe; 4791: Bán lẻ theo yêu cầu đặt hàng qua bưu điện hoặc internet-(trừ bán lẻ hó",internet
314829616,CÔNG TY TNHH SẢN XUẤT THƯƠNG MẠI DỊCH VỤ XE NÂNG THÁI BÌNH,CÔNG TY TNHH SẢN XUẤT THƯƠNG M,Công ty trách nhiệm hữu hạn một thành viên,"360 Quốc Lộ 1A, Khu phố 3, Phường Bình Hưng Hòa B, Quận Bình Tân, Thành phố Hồ Chí Minh, Việt Nam",Quận Bình Tân,"4659: Bán buôn máy móc, thiết bị và phụ tùng máy khác-;4774: Bán lẻ hàng hóa đã qua sử dụng trong các cửa hàng chuyên doanh-(trừ bán lẻ bình gas, khí dầu mỏ hóa lỏng LPG, dầu nhớt cặn, vàng miếng, sún",internet
314839653,CÔNG TY TNHH THƯƠNG MẠI DỊCH VỤ HIỆP CHẤN PHONG,CÔNG TY TNHH THƯƠNG MẠI DỊCH V,Công ty trách nhiệm hữu hạn một thành viên,"190/5 Đường Nguyễn Thị Tú, Phường Bình Hưng Hòa B, Quận Bình Tân, Thành phố Hồ Chí Minh, Việt Nam",Quận Bình Tân,"1010: Chế biến, bảo quản thịt và các sản phẩm từ thịt-(không hoạt động tại trụ sở) (trừ hoạt động giết mổ gia súc, gia cầm);1410: May trang phục (trừ trang phục từ da lông thú)-(Trừ thuộc da, tẩy, nhu",internet
314844653,CÔNG TY TNHH CƠ ĐIỆN LẠNH BÌNH TÂN,CÔNG TY TNHH CƠ ĐIỆN LẠNH BÌNH,Công ty trách nhiệm hữu hạn một thành viên,"38 Đường số 10A, Khu dân cư Vĩnh Lộc, Phường Bình Hưng Hòa B, Quận Bình Tân, Thành phố Hồ Chí Minh, Việt Nam",Quận Bình Tân,"4649: Bán buôn đồ dùng khác cho gia đình-Chi tiết: Bán buôn đèn và bộ đèn điện;Bán buôn dây điện. Bán buôn thiết bị, dụng cụ, vật tư điện dân dụng và công nghiệp;4659: Bán buôn máy móc, thiết bị và ph",internet
314855101,CÔNG TY TNHH DỊCH VỤ CÔNG NGHỆ VIỄN THÔNG ĐẶNG ANH,CÔNG TY TNHH DỊCH VỤ CÔNG NGHỆ,Công ty trách nhiệm hữu hạn một thành viên,"119 Nguyễn Thị Tú, Phường Bình Hưng Hòa B, Quận Bình Tân, Thành phố Hồ Chí Minh, Việt Nam",Quận Bình Tân,5022: Vận tải hàng hóa đường thuỷ nội địa-(trừ hóa lỏng khí để vận chuyển);5610: Nhà hàng và các dịch vụ ăn uống phục vụ lưu động-;6110: Hoạt động viễn thông có dây-;6120: Hoạt động viễn thông không d,internet
314858857,CÔNG TY TNHH XÂY DỰNG KỸ THUẬT HUỲNH GIA PHÁT,CÔNG TY TNHH XÂY DỰNG KỸ THUẬT,Công ty trách nhiệm hữu hạn hai thành viên trở lên,"385/15 Đường Chiến Lược,Khu Phố 1, Phường Bình Trị Đông A, Quận Bình Tân, Thành phố Hồ Chí Minh, Việt Nam",Quận Bình Tân,"6190: Hoạt động viễn thông khác-Chi tiết: Cung cấp truy cập Internet thông qua các mạng kết nối giữa khách hàng và ISP nhưng không do ISP sở hữu và vận hành, như truy cập Internet quay số( dial-up); C",internet
314856627,CÔNG TY TNHH SX TM DV IN ẤN TÂM LỘC PHƯỚC,CÔNG TY TNHH SX TM DV IN ẤN TÂ,Công ty trách nhiệm hữu hạn một thành viên,"88 Liên khu 10-11,KP 10, Phường Bình Trị Đông, Quận Bình Tân, Thành phố Hồ Chí Minh, Việt Nam",Quận Bình Tân,"4791: Bán lẻ theo yêu cầu đặt hàng qua bưu điện hoặc internet-(trừ bán lẻ khí dầu mỏ hóa lỏng LPG, bình gas, hóa chất, súng, đạn loại dùng đi săn hoặc thể thao và tiền kim khí và thực hiện theo Quyết ",internet
314860542,CÔNG TY TNHH SẢN XUẤT THƯƠNG MẠI ANDECCO,CÔNG TY TNHH SẢN XUẤT THƯƠNG M,Công ty trách nhiệm hữu hạn một thành viên,"384 Mã Lò, Phường Bình Hưng Hòa A, Quận Bình Tân, Thành phố Hồ Chí Minh, Việt Nam",Quận Bình Tân,"5630: Dịch vụ phục vụ đồ uống-(trừ hoạt động quán rượu bia, quầy bar và quán giải khát có khiêu vũ).;7920: Dịch vụ hỗ trợ liên quan đến quảng bá và tổ chức tua du lịch-;2740: Sản xuất thiết bị điện ch",internet
314864025,CÔNG TY TNHH NƯỚC I-ON KIỀM,CÔNG TY TNHH NƯỚC ION KIỀM,Công ty trách nhiệm hữu hạn hai thành viên trở lên,"111 Đường Bình Thành , Phường Bình Hưng Hòa B, Quận Bình Tân, Thành phố Hồ Chí Minh, Việt Nam",Quận Bình Tân,"1104: Sản xuất đồ uống không cồn, nước khoáng-;5229: Hoạt động dịch vụ hỗ trợ khác liên quan đến vận tải-(trừ hóa lỏng khí để vận chuyển và hoạt động liên quan đến vận tải hàng không);4711: Bán lẻ lươ",internet
314869947,CÔNG TY TNHH THƯƠNG MẠI DỊCH VỤ NHẤT GIA KHANG,CÔNG TY TNHH THƯƠNG MẠI DỊCH V,Công ty trách nhiệm hữu hạn một thành viên,"34/15/41 Đường Liên Khu 2-5, Phường Bình Trị Đông, Quận Bình Tân, Thành phố Hồ Chí Minh, Việt Nam",Quận Bình Tân,4933: Vận tải hàng hóa bằng đường bộ-(trừ hóa lỏng khí để vận chuyển);7110: Hoạt động kiến trúc và tư vấn kỹ thuật có liên quan-;4932: Vận tải hành khách đường bộ khác-Chi tiết: Vận tải hành khách bằn,internet
314869873,CÔNG TY TNHH THƯƠNG MẠI DỊCH VỤ SÁNG Ý,CÔNG TY TNHH THƯƠNG MẠI DỊCH V,Công ty trách nhiệm hữu hạn một thành viên,"137/30/14 Phan Anh, Khu Phố 12, Phường Bình Trị Đông, Quận Bình Tân, Thành phố Hồ Chí Minh, Việt Nam",Quận Bình Tân,"4651: Bán buôn máy vi tính, thiết bị ngoại vi và phần mềm-Chi tiết: Bán buôn máy vi tính; Bán buôn thiết bị linh kiện máy tính; Bán buôn máy chấm công điện tử; Bán buôn camera giám sát;4741: Bán lẻ má",internet
314863007,CÔNG TY TNHH TM DV GIANG SƠN,CÔNG TY TNHH TM DV GIANG SƠN,Công ty trách nhiệm hữu hạn một thành viên,"26A Đường Số 9, Phường Bình Hưng Hòa, Quận Bình Tân, Thành phố Hồ Chí Minh, Việt Nam",Quận Bình Tân,"3100: Sản xuất giường, tủ, bàn, ghế-;2930: Sản xuất phụ tùng và bộ phận phụ trợ cho xe có động cơ và động cơ xe-;4753: Bán lẻ thảm, đệm, chăn, màn, rèm, vật liệu phủ tường và sàn trong các cửa hàng ch",internet
314869489,CÔNG TY CỔ PHẦN THƯƠNG MẠI DỊCH VỤ DU LỊCH VÀ SỰ KIỆN SÀI GÒN,CÔNG TY CỔ PHẦN THƯƠNG MẠI DỊC,Công ty cổ phần,"K09 Đường 7B, Phường An Lạc A, Quận Bình Tân, Thành phố Hồ Chí Minh, Việt Nam",Quận Bình Tân,5221: Hoạt động dịch vụ hỗ trợ trực tiếp cho vận tải đường sắt và đường bộ-;5229: Hoạt động dịch vụ hỗ trợ khác liên quan đến vận tải-(trừ hóa lỏng khí để vận chuyển và hoạt động liên quan đến vận tải,internet
314876912,CÔNG TY TNHH THƯƠNG MẠI DỊCH VỤ NHN THẢO,CÔNG TY TNHH THƯƠNG MẠI DỊCH V,Công ty trách nhiệm hữu hạn một thành viên,"Số 4, Ấp Chiến Lược, Phường Bình Hưng Hòa A, Quận Bình Tân, Thành phố Hồ Chí Minh, Việt Nam",Quận Bình Tân,"3311: Sửa chữa các sản phẩm kim loại đúc sẵn-(không gia công cơ khí, tái chế phế thải, xi, mạ điện tại trụ sở);0321: Nuôi trồng thuỷ sản biển-(không hoạt động tại trụ sở);0620: Khai thác khí đốt tự nh",internet
314869217,CÔNG TY TNHH THƯƠNG MẠI DỊCH VỤ CẦM ĐỒ QUỐC VIỆT,CÔNG TY TNHH THƯƠNG MẠI DỊCH V,Công ty trách nhiệm hữu hạn một thành viên,"64 Phạm Đăng Giản , Phường Bình Hưng Hòa, Quận Bình Tân, Thành phố Hồ Chí Minh, Việt Nam",Quận Bình Tân,"4651: Bán buôn máy vi tính, thiết bị ngoại vi và phần mềm-Chi tiết: bán buôn máy vi tính, laptop các loại;7710: Cho thuê xe có động cơ-Chi tiết: Cho thuê xe ô tô;7730: Cho thuê máy móc, thiết bị và đồ",lap top
314869129,CÔNG TY TNHH MTV TƯ VẤN LUẬT M & T,CÔNG TY TNHH MTV TƯ VẤN LUẬT M,Công ty trách nhiệm hữu hạn một thành viên,"96 Đường số 4, Phường Bình Hưng Hòa, Quận Bình Tân, Thành phố Hồ Chí Minh, Việt Nam",Quận Bình Tân,"5229: Hoạt động dịch vụ hỗ trợ khác liên quan đến vận tải-Chi tiết: Hoạt động của các đại lý bán vé máy bay, tàu, xe;6110: Hoạt động viễn thông có dây-(trừ cung cấp dịch vụ truy cập, truy nhập interne",internet
314872428,CÔNG TY TNHH MỘT THÀNH VIÊN INOX VIVA,CÔNG TY TNHH MỘT THÀNH VIÊN IN,Công ty trách nhiệm hữu hạn một thành viên,"891/11 đường Hương lộ 2, khu phố 8, Phường Bình Trị Đông A, Quận Bình Tân, Thành phố Hồ Chí Minh, Việt Nam",Quận Bình Tân,"2593: Sản xuất dao kéo, dụng cụ cầm tay và đồ kim loại thông dụng-;2599: Sản xuất sản phẩm khác bằng kim loại chưa được phân vào đâu-sản xuất phễu thu sàn nước và các thiết bị phòng tắm, nhà bếp, y tế",internet
314881172,CÔNG TY TNHH IN ẤN ĐẠT PHÁT,CÔNG TY TNHH IN ẤN ĐẠT PHÁT,Công ty trách nhiệm hữu hạn một thành viên,"276/12A Mã Lò, Khu phố 6, Phường Bình Trị Đông A, Quận Bình Tân, Thành phố Hồ Chí Minh, Việt Nam",Quận Bình Tân,"1811: In ấn-(trừ in tráng bao bì kim loại, in trên sản phẩm vải, sợi, dệt, may đan tại trụ sở);7410: Hoạt động thiết kế chuyên dụng-Chi tiết: Thiết kế chuyên dụng, thiết kế quảng cáo; Thiết kế đồ họa;",internet
316511628,CÔNG TY TNHH THƯƠNG MẠI VÀ DỊCH VỤ TIN HỌC ITSO,CÔNG TY TNHH THƯƠNG MẠI VÀ DỊC,Công ty trách nhiệm hữu hạn một thành viên,"106/1/12/23 Đình Nghi Xuân, Phường Bình Trị Đông, Quận Bình Tân, Thành phố Hồ Chí Minh, Việt Nam",Quận Bình Tân,"4791: Bán lẻ theo yêu cầu đặt hàng qua bưu điện hoặc internet-(trừ bán lẻ bình gas, khí dầu mỏ hóa lỏng LPG, dầu nhớt cặn, vàng miếng, súng, đạn loại dùng đi săn hoặc thể thao và tiền kim khí; trừ bán",internet
314897126,CÔNG TY TNHH THƯƠNG MẠI XUẤT NHẬP KHẨU DREAMIC,CÔNG TY TNHH THƯƠNG MẠI XUẤT,Công ty trách nhiệm hữu hạn một thành viên,"79/2B Đường Liên Khu 8-9, Phường Bình Hưng Hòa A, Quận Bình Tân, Thành phố Hồ Chí Minh, Việt Nam",Quận Bình Tân,5022: Vận tải hàng hóa đường thuỷ nội địa-;5012: Vận tải hàng hóa ven biển và viễn dương-;5021: Vận tải hành khách đường thuỷ nội địa-;4229: Xây dựng công trình công ích khác-;4299: Xây dựng công trìn,internet
314878677,CÔNG TY CỔ PHẦN DỊCH VỤ BẢO AN DƯƠNG ĐÔNG,CÔNG TY CỔ PHẦN DỊCH VỤ BẢO AN,Công ty cổ phần,"111/41 Đình Nghi Xuân, Khu phố 10, Phường Bình Trị Đông, Quận Bình Tân, Thành phố Hồ Chí Minh, Việt Nam",Quận Bình Tân,"2023: Sản xuất mỹ phẩm, xà phòng, chất tẩy rửa, làm bóng và chế phẩm vệ sinh-Chi tiết: Sản xuất mỹ phẩm (không sản xuất tại trụ sở).;1313: Hoàn thiện sản phẩm dệt-(không hoạt động tại trụ sở).; 1321: ",internet
314894005,CÔNG TY TNHH DỊCH VỤ QUẢNG CÁO TUỔI TRẺ,CÔNG TY TNHH DỊCH VỤ QUẢNG CÁO,Công ty trách nhiệm hữu hạn một thành viên,"Số 72 Đường Số 6, Khu Phố 17, Phường Bình Hưng Hòa A, Quận Bình Tân, Thành phố Hồ Chí Minh, Việt Nam",Quận Bình Tân,"7310: Quảng cáo-Chi tiết: đăng tin quảng cáo bán nhà đất, các lĩnh vực khác trên mạng internet, tờ rơi;1811: In ấn-(trừ in tráng bao bì kim loại, in trên sản phẩm vải, sợi, dệt, may đan tại trụ sở);18",internet
314899155,CÔNG TY TNHH THƯƠNG MẠI DỊCH VỤ MICO,CÔNG TY TNHH THƯƠNG MẠI DỊCH V,Công ty trách nhiệm hữu hạn một thành viên,"611/12/12 Quốc lộ 1A, Phường Bình Hưng Hòa, Quận Bình Tân, Thành phố Hồ Chí Minh, Việt Nam",Quận Bình Tân,"4719: Bán lẻ khác trong các cửa hàng kinh doanh tổng hợp-(trừ bán lẻ hóa chất, khí dầu mỏ hóa lỏng LPG, dầu nhớt cặn, vàng miếng, súng, đạn loại dùng đi săn hoặc thể thao và tiền kim khí; Thực hiện th",internet
314909974,CÔNG TY TNHH BAO BÌ KHANG ANH,CÔNG TY TNHH BAO BÌ KHANG ANH,Công ty trách nhiệm hữu hạn hai thành viên trở lên,"224/39/23 Đường Số 8, Phường Bình Hưng Hòa, Quận Bình Tân, Thành phố Hồ Chí Minh, Việt Nam",Quận Bình Tân,"2220: Sản xuất sản phẩm từ plastic-(trừ sản xuất xốp cách nhiệt sử dụng ga R141b, sử dụng polyol trộn sẵn HCFC-141b);1071: Sản xuất các loại bánh từ bột-;1079: Sản xuất thực phẩm khác chưa được phân v",internet
314914734,CÔNG TY TNHH ĐẦU TƯ PHÁT TRIỂN THƯƠNG MẠI DỊCH VỤ ONG & ONG,CÔNG TY TNHH ĐẦU TƯ PHÁT TRIỂN,Công ty trách nhiệm hữu hạn hai thành viên trở lên,"Số 19/39  Đường số 4, khu phố 8, Phường Bình Hưng Hòa A, Quận Bình Tân, Thành phố Hồ Chí Minh, Việt Nam",Quận Bình Tân,7912: Điều hành tua du lịch-Chi tiết: Kinh doanh lữ hành nội địa; Kinh doanh lữ hành quốc tế;7920: Dịch vụ hỗ trợ liên quan đến quảng bá và tổ chức tua du lịch-;8299: Hoạt động dịch vụ hỗ trợ kinh doa,internet
314922245,CÔNG TY TNHH ANBISOL,CÔNG TY TNHH ANBISOL,Công ty trách nhiệm hữu hạn hai thành viên trở lên,"Số 25/1 đường số 21, Phường Bình Hưng Hòa A, Quận Bình Tân, Thành phố Hồ Chí Minh, Việt Nam",Quận Bình Tân,"4321: Lắp đặt hệ thống điện-;4659: Bán buôn máy móc, thiết bị và phụ tùng máy khác-;3311: Sửa chữa các sản phẩm kim loại đúc sẵn-;4649: Bán buôn đồ dùng khác cho gia đình-;3312: Sửa chữa máy móc, thiế",internet
314905514,CÔNG TY TNHH ĐẦU TƯ THIẾT KẾ VÀ XÂY DỰNG KIẾN GIA VIỆT,CÔNG TY TNHH ĐẦU TƯ THIẾT KẾ V,Công ty trách nhiệm hữu hạn hai thành viên trở lên,"241 Liên Khu 4-5, Phường Bình Hưng Hòa B, Quận Bình Tân, Thành phố Hồ Chí Minh, Việt Nam",Quận Bình Tân,4100: Xây dựng nhà các loại-;4220: Xây dựng công trình công ích-;4290: Xây dựng công trình kỹ thuật dân dụng khác-;4311: Phá dỡ-;4210: Xây dựng công trình đường sắt và đường bộ-;4312: Chuẩn bị mặt bằn,internet
314914822,CÔNG TY TNHH TIẾP VẬN VÀ ĐÓNG GÓI TƯ MÃ ĐỒN,CÔNG TY TNHH TIẾP VẬN VÀ ĐÓNG ,Công ty trách nhiệm hữu hạn hai thành viên trở lên,"1768/14/1A Tỉnh Lộ 10, Khu Phố 1, Phường Tân Tạo, Quận Bình Tân, Thành phố Hồ Chí Minh, Việt Nam",Quận Bình Tân,4721: Bán lẻ lương thực trong các cửa hàng chuyên doanh-(thực hiện theo quyết định 64/2009/QĐ-UBND ngày 31/07/2009 và quyết định  số 79/2009/QĐ-UBND ngày 17/10/2009 của Ủy ban nhân dân TP. Hồ Chí Minh,internet
314926754,CÔNG TY TNHH DỊCH VỤ QUẢNG CÁO NỘI THẤT XÂY DỰNG 3A,CÔNG TY TNHH DỊCH VỤ QUẢNG CÁO,Công ty trách nhiệm hữu hạn một thành viên,"47 Đường số 8, Khu Dân cư Vĩnh Lộc, Phường Bình Hưng Hòa B, Quận Bình Tân, Thành phố Hồ Chí Minh, Việt Nam",Quận Bình Tân,"4322: Lắp đặt hệ thống cấp, thoát nước, lò sưởi và điều hoà không khí-(trừ lắp đặt các thiết bị điện lạnh (thiết bị cấp đông, kho lạnh, máy đá, điều hòa không khí, làm lạnh nước) sử dụng ga lạnh R22 t",internet
314930831,CÔNG TY TNHH THƯƠNG MẠI DỊCH VỤ CÔNG NGHỆ TIN HỌC VY KHANG,CÔNG TY TNHH THƯƠNG MẠI DỊCH V,Công ty trách nhiệm hữu hạn một thành viên,"18 Hồ Văn Long, Phường Bình Hưng Hòa B, Quận Bình Tân, Thành phố Hồ Chí Minh, Việt Nam",Quận Bình Tân,"4741: Bán lẻ máy vi tính, thiết bị ngoại vi, phần mềm và thiết bị viễn thông trong các cửa hàng chuyên doanh-;4742: Bán lẻ thiết bị nghe nhìn trong các cửa hàng chuyên doanh-;6110: Hoạt động viễn thôn",internet
314937065,CÔNG TY TNHH  ĐẦU TƯ THƯƠNG MẠI DỊCH VỤ LÊ VÂN,CÔNG TY TNHH  ĐẦU TƯ THƯƠNG MẠ,Công ty trách nhiệm hữu hạn hai thành viên trở lên,"số 638/26/20 đường Lê Trọng Tấn , Phường Bình Hưng Hòa, Quận Bình Tân, Thành phố Hồ Chí Minh, Việt Nam",Quận Bình Tân,"4789: Bán lẻ hàng hóa khác lưu động hoặc tại chợ-Chi tiết: Bán lẻ mỹ phẩm và vật phẩm vệ sinh lưu động hoặc tại chợ . Bán lẻ hàng gốm sứ, thủy tinh lưu động hoặc tại chợ. Bán lẻ hoa tươi, cây cảnh lưu",internet
314948490,CÔNG TY TNHH THƯƠNG MẠI DỊCH VỤ CƠ KHÍ XÂY DỰNG VÀ THIẾT BỊ ĐIỆN ĐIỆN TỬ BÌNH AN,CÔNG TY TNHH THƯƠNG MẠI DỊCH V,Công ty trách nhiệm hữu hạn một thành viên,"1181/4 Đường Tỉnh Lộ 10, Khu Phố 9, Phường Tân Tạo, Quận Bình Tân, Thành phố Hồ Chí Minh, Việt Nam",Quận Bình Tân,"4799: Bán lẻ hình thức khác chưa được phân vào đâu-(trừ bán lẻ bình gas, hóa chất, súng, đạn loại dùng đi săn hoặc thể thao và tiền kim khí và thực hiện theo Quyết định 64/2009/QĐ-UBND ngày 31/7/2009 ",internet
314944721,CÔNG TY TNHH NPNTT,CÔNG TY TNHH NPNTT,Công ty trách nhiệm hữu hạn một thành viên,"Số 64 Đường Lê Văn Quới, Phường Bình Hưng Hòa A, Quận Bình Tân, Thành phố Hồ Chí Minh, Việt Nam",Quận Bình Tân,9329: Hoạt động vui chơi giải trí khác chưa được phân vào đâu-Chi tiết: Kinh doanh trò chơi điện tử(trừ hoạt động kinh doanh trò chơi điện tử có thưởng dành cho người nước ngoài và kinh doanh trò chơi,internet
314948613,CÔNG TY TNHH GAME KHÁNH VĂN,CÔNG TY TNHH GAME KHÁNH VĂN,Công ty trách nhiệm hữu hạn một thành viên,"52 Đường số 3, Khu phố 6, Phường Bình Hưng Hòa A, Quận Bình Tân, Thành phố Hồ Chí Minh, Việt Nam",Quận Bình Tân,9329: Hoạt động vui chơi giải trí khác chưa được phân vào đâu-Chi tiết: Kinh doanh trò chơi điện tử (trừ hoạt động kinh doanh trò chơi điện tử có thưởng dành cho người nước ngoài và kinh doanh trò chơ,internet
314955667,CÔNG TY TNHH STREETS OF LONDON,CÔNG TY TNHH STREETS OF LONDON,Công ty trách nhiệm hữu hạn hai thành viên trở lên,"Số 70/11 Đình Nghi Xuân, Phường Bình Trị Đông, Quận Bình Tân, Thành phố Hồ Chí Minh, Việt Nam",Quận Bình Tân,"4633: Bán buôn đồ uống-Chi tiết: Bán buôn nước giải khát. Bán buôn rượu, bia (trừ hoạt động quán bar và quán giải khát có khiêu vũ) (không hoạt động tại trụ sở);5621: Cung cấp dịch vụ ăn uống theo hợp",internet
314948388,CÔNG TY TNHH TL TELECOM,CÔNG TY TNHH TL TELECOM,Công ty trách nhiệm hữu hạn một thành viên,"Số 34 Đường 21, Khu phố 1, Phường Bình Hưng Hòa A, Quận Bình Tân, Thành phố Hồ Chí Minh, Việt Nam",Quận Bình Tân,"6120: Hoạt động viễn thông không dây-(trừ cung cấp dịch vụ truy cập, truy nhập internet tại trụ sở).;4652: Bán buôn thiết bị và linh kiện điện tử, viễn thông-Chi tiết: Bán buôn sim, card điện thoại, đ",internet
314962135,CÔNG TY TNHH THƯƠNG MẠI ĐIỆN TỬ LINH CHI,CÔNG TY TNHH THƯƠNG MẠI ĐIỆN T,Công ty trách nhiệm hữu hạn một thành viên,"379 Hương Lộ 3, Phường Bình Hưng Hòa, Quận Bình Tân, Thành phố Hồ Chí Minh, Việt Nam",Quận Bình Tân,"3319: Sửa chữa thiết bị khác-Chi tiết: Sửa chữa thiết bị điện lạnh (trừ gia công cơ khí, tái chế phế thải, xi mạ điện tại trụ sở).; 4641: Bán buôn vải, hàng may mặc, giày dép-; 4651: Bán buôn máy vi t",internet
314963160,CÔNG TY TNHH DỊCH VỤ TRÒ CHƠI GIẢI TRÍ TẤN LỘC,CÔNG TY TNHH DỊCH VỤ TRÒ CHƠI ,Công ty trách nhiệm hữu hạn một thành viên,"Số 12, Đường số 8, Phường Bình Hưng Hòa A, Quận Bình Tân, Thành phố Hồ Chí Minh, Việt Nam",Quận Bình Tân,"5630: Dịch vụ phục vụ đồ uống-Chi tiết: Quán cà phê, giải khát (trừ hoạt động quán bar và quán giải khát có khiêu vũ).;4652: Bán buôn thiết bị và linh kiện điện tử, viễn thông-;6190: Hoạt động viễn th",internet
314960427,CÔNG TY TNHH TẬP ĐOÀN ALISIA,CÔNG TY TNHH TẬP ĐOÀN ALISIA,Công ty trách nhiệm hữu hạn một thành viên,"35 Đường 48, khu phố 8, Phường Tân Tạo, Quận Bình Tân, Thành phố Hồ Chí Minh, Việt Nam",Quận Bình Tân,"4390: Hoạt động xây dựng chuyên dụng khác-;4799: Bán lẻ hình thức khác chưa được phân vào đâu-(trừ bán lẻ hóa chất, khí dầu mỏ hóa lỏng LPG, dầu nhớt cặn, vàng miếng, súng, đạn loại dùng đi săn hoặc t",internet
314960385,CÔNG TY TNHH THƯƠNG MẠI DỊCH VỤ CÔNG NGHỆ VIỆT TRẦN,CÔNG TY TNHH THƯƠNG MẠI DỊCH V,Công ty trách nhiệm hữu hạn hai thành viên trở lên,"480/13/3B Mã Lò, Phường Bình Hưng Hòa A, Quận Bình Tân, Thành phố Hồ Chí Minh, Việt Nam",Quận Bình Tân,"4311: Phá dỡ-;4312: Chuẩn bị mặt bằng-;4321: Lắp đặt hệ thống điện-(không gia công cơ khí, tái chế phế thải, xi mạ điện tại trụ sở);4329: Lắp đặt hệ thống xây dựng khác-(không gia công cơ khí, tái chế",internet
314986369,CÔNG TY TNHH THƯƠNG MẠI DỊCH VỤ QUẢNG CÁO QUANG THUYÊN,CÔNG TY TNHH THƯƠNG MẠI DỊCH V,Công ty trách nhiệm hữu hạn một thành viên,"144/17 Đường số 6, Phường Bình Hưng Hòa B, Quận Bình Tân, Thành phố Hồ Chí Minh, Việt Nam",Quận Bình Tân,"9511: Sửa chữa máy vi tính và thiết bị ngoại vi-;3314: Sửa chữa thiết bị điện-;3312: Sửa chữa máy móc, thiết bị-;3319: Sửa chữa thiết bị khác-;4610: Đại lý, môi giới, đấu giá-Chi tiết: Đại lý, môi giớ",internet
314965697,CÔNG TY TNHH SẢN XUẤT PHÁT TRIỂN DỊCH VỤ THỊNH PHÁT,CÔNG TY TNHH SẢN XUẤT PHÁT TRI,Công ty trách nhiệm hữu hạn một thành viên,"117/8 Hồ Văn Long, khu phố 2, Phường Tân Tạo, Quận Bình Tân, Thành phố Hồ Chí Minh, Việt Nam",Quận Bình Tân,"1322: Sản xuất hàng may sẵn (trừ trang phục)-(không hoạt động tại trụ sở);1410: May trang phục (trừ trang phục từ da lông thú)-(không hoạt động tại trụ sở);1512: Sản xuất vali, túi xách và các loại tư",internet
314972119,CÔNG TY TNHH XUẤT NHẬP KHẨU TRẦN ĐĂNG KHOA,CÔNG TY TNHH XUẤT NHẬP KHẨU TR,Công ty trách nhiệm hữu hạn một thành viên,"27/14 Bình Trị Đông, Khu phố 1, Phường Bình Trị Đông A, Quận Bình Tân, Thành phố Hồ Chí Minh, Việt Nam",Quận Bình Tân,"2592: Gia công cơ khí; xử lý và tráng phủ kim loại-Chi tiết: Kéo kẽm,đan lưới kẽm, kéo dây sắt;4791: Bán lẻ theo yêu cầu đặt hàng qua bưu điện hoặc internet-(trừ bán lẻ bình gas, khí dầu mỏ hóa lỏng L",internet
314977639,CÔNG TY TNHH YONYOU VIETNAM,CÔNG TY TNHH YONYOU VIETNAM,Công ty trách nhiệm hữu hạn một thành viên,"63/4/7 Đường An Dương Vương, Phường An Lạc, Quận Bình Tân, Thành phố Hồ Chí Minh, Việt Nam",Quận Bình Tân,"2620: Sản xuất máy vi tính và thiết bị ngoại vi của máy vi tính-;4651: Bán buôn máy vi tính, thiết bị ngoại vi và phần mềm-;4741: Bán lẻ máy vi tính, thiết bị ngoại vi, phần mềm và thiết bị viễn thông",internet
314989384,CÔNG TY CỔ PHẦN ORGANIX VIỆT NAM,CÔNG TY CỔ PHẦN ORGANIX VIỆT N,Công ty cổ phần,"59/22 Đường Số 8, Phường Bình Hưng Hòa A, Quận Bình Tân, Thành phố Hồ Chí Minh, Việt Nam",Quận Bình Tân,"4752: Bán lẻ đồ ngũ kim, sơn, kính và thiết bị lắp đặt khác trong xây dựng trong các cửa hàng chuyên doanh-;1030: Chế biến và bảo quản rau quả-;0162: Hoạt động dịch vụ chăn nuôi-;4933: Vận tải hàng hó",internet
314996487,CÔNG TY TNHH TƯ VẤN ĐẦU TƯ THƯƠNG MẠI DỊCH VỤ TRƯỜNG THỊNH,CÔNG TY TNHH TƯ VẤN ĐẦU TƯ THƯ,Công ty trách nhiệm hữu hạn một thành viên,"145/42/37 Lê Văn Quới, Phường Bình Trị Đông, Quận Bình Tân, Thành phố Hồ Chí Minh, Việt Nam",Quận Bình Tân,"4220: Xây dựng công trình công ích-;4290: Xây dựng công trình kỹ thuật dân dụng khác-Chi tiết: xây dựng công trình dân dụng, công nghiệp;4311: Phá dỡ-;4312: Chuẩn bị mặt bằng-;4641: Bán buôn vải, hàng",internet
315000596,CÔNG TY TNHH THẾ GIỚI TIÊU DÙNG VIỆT,CÔNG TY TNHH THẾ GIỚI TIÊU DÙN,Công ty trách nhiệm hữu hạn hai thành viên trở lên,"184/2E/ 24 đường Lê Đình Cẩn, Khu phố 10, Phường Tân Tạo, Quận Bình Tân, Thành phố Hồ Chí Minh, Việt Nam",Quận Bình Tân,"4791: Bán lẻ theo yêu cầu đặt hàng qua bưu điện hoặc internet-Chi tiết: Bán lẻ các loại hàng hóa qua internet (trừ bán lẻ bình gas, khí dầu mỏ hóa lỏng LPG, dầu nhớt cặn, vàng miếng, súng, đạn loại dù",internet
315012601,CÔNG TY CỔ PHẦN TẬP ĐOÀN AGU,CÔNG TY CỔ PHẦN TẬP ĐOÀN AGU,Công ty cổ phần,"44/8 Đường số 2, Khu phố 17, Phường Bình Hưng Hòa A, Quận Bình Tân, Thành phố Hồ Chí Minh, Việt Nam",Quận Bình Tân,"4212: Xây dựng công trình đường bộ-;4229: Xây dựng công trình công ích khác-;4299: Xây dựng công trình kỹ thuật dân dụng khác-;4651: Bán buôn máy vi tính, thiết bị ngoại vi và phần mềm-;4610: Đại lý, ",internet
315003124,CÔNG TY TNHH NHÀ HÀNG VINH NGUYỄN,CÔNG TY TNHH NHÀ HÀNG VINH NGU,Công ty trách nhiệm hữu hạn một thành viên,"Số 30 Đường 17A, Phường Bình Trị Đông B, Quận Bình Tân, Thành phố Hồ Chí Minh, Việt Nam",Quận Bình Tân,"4641: Bán buôn vải, hàng may sẵn, giày dép-Chi tiết: Bán buôn vải; Bán buôn thảm, đệm, chăn, màn, rèm, ga trải giường, gối và hàng dệt khác; Bán buôn hàng may mặc; Bán buôn giày dép;4649: Bán buôn đồ ",internet
315015345,CÔNG TY TNHH THƯƠNG MẠI XUẤT NHẬP KHẨU LUÂN PHƯƠNG,CÔNG TY TNHH THƯƠNG MẠI XUẤT N,Công ty trách nhiệm hữu hạn một thành viên,"42/9/16 Đường số 9, Khu phố 13, Phường Bình Hưng Hòa, Quận Bình Tân, Thành phố Hồ Chí Minh, Việt Nam",Quận Bình Tân,"0162: Hoạt động dịch vụ chăn nuôi-(không hoạt động tại trụ sở);4669: Bán buôn chuyên doanh khác chưa được phân vào đâu-;4653: Bán buôn máy móc, thiết bị và phụ tùng máy nông nghiệp-;4663: Bán buô",internet
315024702,CÔNG TY TNHH ĐẦU TƯ VÀ PHÁT TRIỂN THỜI CƠ TỚI,CÔNG TY TNHH ĐẦU TƯ VÀ PHÁT TR,Công ty trách nhiệm hữu hạn một thành viên,"46/10 Đường số 2, Phường Bình Hưng Hòa B, Quận Bình Tân, Thành phố Hồ Chí Minh, Việt Nam",Quận Bình Tân,"4652: Bán buôn thiết bị và linh kiện điện tử, viễn thông-;4633: Bán buôn đồ uống-;4669: Bán buôn chuyên doanh khác chưa được phân vào đâu-Chi tiết: Bán buôn phân bón; Bán buôn hóa chất khác(trừ loại s",internet
315019614,CÔNG TY TNHH THIẾT BỊ PHỤ TÙNG VIỆT THÁI,CÔNG TY TNHH THIẾT BỊ PHỤ TÙNG,Công ty trách nhiệm hữu hạn một thành viên,"151/67/52/10 Liên Khu 4-5, Phường Bình Hưng Hòa B, Quận Bình Tân, Thành phố Hồ Chí Minh, Việt Nam",Quận Bình Tân,"4653: Bán buôn máy móc, thiết bị và phụ tùng máy nông nghiệp-;4511: Bán buôn ô tô và xe có động cơ khác-;3312: Sửa chữa máy móc, thiết bị-Chi tiết: Sửa chữa và bảo dưỡng, bảo hành máy móc, thiết bị;46",internet
315024389,CÔNG TY TNHH THƯƠNG MẠI VÀ IN ẤN HƯNG THỊNH,CÔNG TY TNHH THƯƠNG MẠI VÀ IN ,Công ty trách nhiệm hữu hạn một thành viên,"151/67/6/2A Đường Liên Khu 4-5 , Phường Bình Hưng Hòa B, Quận Bình Tân, Thành phố Hồ Chí Minh, Việt Nam",Quận Bình Tân,"1812: Dịch vụ liên quan đến in-;4641: Bán buôn vải, hàng may sẵn, giày dép-;4649: Bán buôn đồ dùng khác cho gia đình-Chi tiết: Bán buôn sách, báo, tạp chí (có nội dung được phép lưu hành), v",internet
315029080,CÔNG TY CỔ PHẦN DỊCH VỤ HÀNH TRÌNH DU LỊCH TOÀN CẦU,CÔNG TY CỔ PHẦN DỊCH VỤ HÀNH T,Công ty cổ phần,"16/116A Đường Số 18, khu phố 1, Phường Bình Hưng Hòa, Quận Bình Tân, Thành phố Hồ Chí Minh, Việt Nam",Quận Bình Tân,"5510: Dịch vụ lưu trú ngắn ngày-Chi tiết: Khách sạn, biệt thự du lịch, căn hộ du lịch, nhà nghỉ du lịch, nhà ở có phòng cho khách du lịch thuê (không hoạt động tại trụ sở);6311: Xử lý dữ liệu, cho thu",internet
315084405,CÔNG TY TNHH THƯƠNG MẠI - DỊCH VỤ PHÚC LÂM AN,CÔNG TY TNHH THƯƠNG MẠI  DỊCH ,Công ty trách nhiệm hữu hạn một thành viên,"5A Đường số 8, Phường Bình Hưng Hòa B, Quận Bình Tân, Thành phố Hồ Chí Minh, Việt Nam",Quận Bình Tân,"4791: Bán lẻ theo yêu cầu đặt hàng qua bưu điện hoặc internet-(trừ bán lẻ bình ga,súng,đạn loại dùng đi săn hoạc thể thao và tiền kim khí và thực hiện theo  quyết định 64/2009/QĐ-UBND ngày 31/7/2009 c",internet
315048485,CÔNG TY TNHH MTV SẢN XUẤT THỰC PHẨM KAKAS,CÔNG TY TNHH MTV SẢN XUẤT THỰC,Công ty trách nhiệm hữu hạn một thành viên,"25 Đường 1A, Phường An Lạc, Quận Bình Tân, Thành phố Hồ Chí Minh, Việt Nam",Quận Bình Tân,"1030: Chế biến và bảo quản rau quả-(không hoạt động tại trụ sở);1071: Sản xuất các loại bánh từ bột-(không hoạt động tại trụ sở);1072: Sản xuất đường-(không hoạt động tại trụ sở);1010: Chế biến, bảo q",internet
315051431,CÔNG TY TNHH HỆ THỐNG GIÁO DỤC ENGLISH BOOSTER VIETNAM,CÔNG TY TNHH HỆ THỐNG GIÁO DỤC,Công ty trách nhiệm hữu hạn một thành viên,"458 - 460 Tên Lửa, Phường Bình Trị Đông B, Quận Bình Tân, Thành phố Hồ Chí Minh, Việt Nam",Quận Bình Tân,"8560: Dịch vụ hỗ trợ giáo dục-Chi tiết: - Tư vấn du học
- Tư vấn định hướng phát triển nghề nghiệp
- Tư vấn giáo dục
- Dịch vụ đưa ra ý kiến hướng dẫn về giáo dục
- Dịch vụ đánh giá việc kiểm tra giáo",internet
315058500,CÔNG TY TNHH MỘT THÀNH VIÊN TRẦN MINH TRÍ,CÔNG TY TNHH MỘT THÀNH VIÊN TR,Công ty trách nhiệm hữu hạn một thành viên,"706E Tên Lửa , Phường Bình Trị Đông B, Quận Bình Tân, Thành phố Hồ Chí Minh, Việt Nam",Quận Bình Tân,"1430: Sản xuất trang phục dệt kim, đan móc-(trừ thuộc da, luyện cán cao su, tái chế phế thải, tẩy, nhuộm hồ in và không gia công hàng đã qua sử dụng tại trụ sở);4649: Bán buôn đồ dùng khác cho gia đìn",internet
315067417,DOANH NGHIỆP TƯ NHÂN DỊCH VỤ TRÒ CHƠI ĐIỆN TỬ THỊNH PHÁT,DOANH NGHIỆP TƯ NHÂN DỊCH VỤ,Doanh nghiệp tư nhân,"828-830 Tân Kỳ Tân Quý, Khu phố 14, Phường Bình Hưng Hòa, Quận Bình Tân, Thành phố Hồ Chí Minh, Việt Nam",Quận Bình Tân,"5630: Dịch vụ phục vụ đồ uống-Chi tiết: Quán cà phê, giải khát (trừ hoạt động quán bar và quán giải khát có khiêu vũ).;6190: Hoạt động viễn thông khác-Chi tiết: Hoạt động của các đ",internet
315074975,CÔNG TY TNHH CÔNG NGHỆ PHẦN MỀM HOÀNG PHÁT,CÔNG TY TNHH CÔNG NGHỆ PHẦN MỀ,Công ty trách nhiệm hữu hạn một thành viên,"146/4 Chiến Lược, Khu phố 9, Phường Bình Trị Đông, Quận Bình Tân, Thành phố Hồ Chí Minh, Việt Nam",Quận Bình Tân,"4652: Bán buôn thiết bị và linh kiện điện tử, viễn thông-;6202: Tư vấn máy vi tính và quản trị hệ thống máy vi tính-Chi tiết: Tư vấn về phần cứng. Tư vấn phần mềm.;7310: Quảng cáo-Chi tiết: Dịch vụ ti",internet
315341684,CÔNG TY TNHH CÔNG NGHỆ UTC,CÔNG TY TNHH CÔNG NGHỆ UTC,Công ty trách nhiệm hữu hạn một thành viên,"26/10 Đường Số 2, Khu Phố 22, Phường Bình Hưng Hòa A, Quận Bình Tân, Thành phố Hồ Chí Minh, Việt Nam",Quận Bình Tân,"4659: Bán buôn máy móc, thiết bị và phụ tùng máy khác-Chi tiết: Buôn bán các sản phẩm nội, ngoại thất; Bán buôn máy móc, thiết bị và phụ tùng máy khai khoáng, xây dựng; Bán buôn máy móc, thiết bị điện",internet
315120540,CÔNG TY TNHH SẢN XUẤT - THƯƠNG MẠI TRANG THIẾT BỊ Y TẾ MINH PHÚC,CÔNG TY TNHH SẢN XUẤT  THƯƠNG ,Công ty trách nhiệm hữu hạn hai thành viên trở lên,"85/75 Đường số 9, Phường Bình Hưng Hòa, Quận Bình Tân, Thành phố Hồ Chí Minh, Việt Nam",Quận Bình Tân,"1080: Sản xuất thức ăn gia súc, gia cầm và thuỷ sản-;4669: Bán buôn chuyên doanh khác chưa được phân vào đâu-Chi tiết: 
- Bán buôn chế phẩm sinh học, vi sinh vật, hóa chất, chất xử lý, cải tạo môi trư",internet
316554861,CÔNG TY TNHH KỸ THUẬT ĐIỆN KHÔI NGUYÊN,CÔNG TY TNHH KỸ THUẬT ĐIỆN KHÔ,Công ty trách nhiệm hữu hạn một thành viên,"150/26/18 Đường 26/3, Phường Bình Hưng Hòa, Quận Bình Tân, Thành phố Hồ Chí Minh, Việt Nam",Quận Bình Tân,"6110: Hoạt động viễn thông có dây-(trừ cung cấp dịch vụ truy cập, truy nhập internet tại trụ sở);6120: Hoạt động viễn thông không dây-(trừ cung cấp dịch vụ truy cập, truy nhập internet tại trụ sở);619",internet
315112363,CÔNG TY TNHH QUỐC TẾ TÂN KIM PHÁT,CÔNG TY TNHH QUỐC TẾ TÂN KIM P,Công ty trách nhiệm hữu hạn một thành viên,"840/135/13 Hương Lộ 2, Phường Bình Trị Đông A, Quận Bình Tân, Thành phố Hồ Chí Minh, Việt Nam",Quận Bình Tân,"2011: Sản xuất hoá chất cơ bản-(không hoạt động tại trụ sở);2023: Sản xuất mỹ phẩm, xà phòng, chất tẩy rửa, làm bóng và chế phẩm vệ sinh-(không sản xuất hóa chất tại trụ sở);2029: Sản xuất sản phẩm ho",internet
315127289,CÔNG TY TNHH THƯƠNG MẠI DỊCH VỤ HUỲNH THƯ,CÔNG TY TNHH THƯƠNG MẠI DỊCH V,Công ty trách nhiệm hữu hạn một thành viên,"64 Nguyễn Thức Tự, Phường An Lạc A, Quận Bình Tân, Thành phố Hồ Chí Minh, Việt Nam",Quận Bình Tân,"4632: Bán buôn thực phẩm-(không hoạt động tại trụ sở).;4633: Bán buôn đồ uống-;4741: Bán lẻ máy vi tính, thiết bị ngoại vi, phần mềm và thiết bị viễn thông trong các cửa hàng chuyên doanh-;4791: Bán l",internet
315130073,CÔNG TY CỔ PHẦN THƯƠNG MẠI XMIU,CÔNG TY CỔ PHẦN THƯƠNG MẠI XMI,Công ty cổ phần,"354/16 Khu phố 3, Quốc lộ 1 A, Phường Bình Hưng Hòa B, Quận Bình Tân, Thành phố Hồ Chí Minh, Việt Nam",Quận Bình Tân,"4610: Đại lý, môi giới, đấu giá-chi tiết: Đại lý mua, bán và ký gửi hàng hóa;4620: Bán buôn nông, lâm sản nguyên liệu (trừ gỗ, tre, nứa) và động vật sống-(không hoạt động tại trụ sở);4632: Bán buôn th",internet
315153200,CÔNG TY CP THƯƠNG MẠI ĐIỆN TỬ VIPPOWER,CÔNG TY CP THƯƠNG MẠI ĐIỆN TỬ ,Công ty cổ phần,"Số 93/27/5 Nguyễn Thị Tú, Phường Bình Hưng Hòa B, Quận Bình Tân, Thành phố Hồ Chí Minh, Việt Nam",Quận Bình Tân,"6201: Lập trình máy vi tính-;6202: Tư vấn máy vi tính và quản trị hệ thống máy vi tính-;3312: Sửa chữa máy móc, thiết bị-Chi tiết: 
Sửa chữa thiết bị sử dụng năng lượng mặt trời, máy bơm và thiết bị c",internet
315139710,CÔNG TY TNHH THIẾT KẾ XÂY DỰNG ROMA,CÔNG TY TNHH THIẾT KẾ XÂY DỰNG,Công ty trách nhiệm hữu hạn một thành viên,"39 Đường số 3, Khu phố 7, Phường Tân Tạo A, Quận Bình Tân, Thành phố Hồ Chí Minh, Việt Nam",Quận Bình Tân,"6190: Hoạt động viễn thông khác-Chi tiết: Hoạt động của các điểm truy cập internet (trừ kinh doanh trò chơi điện tử có thưởng); 4620: Bán buôn nông, lâm sản nguyên liệu (trừ gỗ, tre, nứa) và động vật ",internet
315173020,CÔNG TY TNHH THIẾT KẾ THỜI TRANG MINH THƯ,CÔNG TY TNHH THIẾT KẾ THỜI TRA,Công ty trách nhiệm hữu hạn một thành viên,"101/1 Đường Số 8, Phường Bình Hưng Hòa, Quận Bình Tân, Thành phố Hồ Chí Minh, Việt Nam",Quận Bình Tân,"4669: Bán buôn chuyên doanh khác chưa được phân vào đâu-chi tiết: bán buôn tơ, xơ, sợi dệt; bán buôn phụ liệu may mặc và giày dép;4649: Bán buôn đồ dùng khác cho gia đình-chi tiết: bán buôn vali, cặp,",internet
315174899,CÔNG TY TNHH DỊCH VỤ AN TOÀN & MÔI TRƯỜNG MIỀN NAM,CÔNG TY TNHH DỊCH VỤ AN TOÀN  ,Công ty trách nhiệm hữu hạn một thành viên,"21/44/4 Chiến Lược, Phường Bình Trị Đông, Quận Bình Tân, Thành phố Hồ Chí Minh, Việt Nam",Quận Bình Tân,"1410: May trang phục (trừ trang phục từ da lông thú)-Chi tiết: May quần áo các loại (trừ tẩy nhuộm, hồ, in trên các sản phẩm dệt, may, đan tại trụ sở);1811: In ấn-;1812: Dịch vụ liên quan đến in-;3312",internet
315153585,CÔNG TY TNHH SẢN XUẤT VÀ THƯƠNG MẠI WEN SAM,CÔNG TY TNHH SẢN XUẤT VÀ THƯƠN,Công ty trách nhiệm hữu hạn một thành viên,"325/27/13 Lê Văn Quới, khu phố 1, Tổ 3, Phường Bình Trị Đông, Quận Bình Tân, Thành phố Hồ Chí Minh, Việt Nam",Quận Bình Tân,"4773: Bán lẻ hàng hóa khác mới trong các cửa hàng chuyên doanh-(trừ bán lẻ bình gas, súng, đạn loại dùng đi săn hoặc thể thao, tiền kim khí và mua bán vàng miếng; thực hiện theo Quyết định 64/2009/QĐ-",internet
315155790,CÔNG TY TNHH PANDORA 365,CÔNG TY TNHH PANDORA 365,Công ty trách nhiệm hữu hạn một thành viên,"Số 80 Đường số 3A, Phường Bình Trị Đông B, Quận Bình Tân, Thành phố Hồ Chí Minh, Việt Nam",Quận Bình Tân,"4669: Bán buôn chuyên doanh khác chưa được phân vào đâu-Chi tiết: Bán buôn phụ liệu may mặc và giày dép. Bán buôn các mặt hàng bảo hộ lao động: bít tất găng tay, dây an toàn, nút chống ồn, khẩu trang,",internet
315147729,CÔNG TY TNHH HIỂN PHÁT VN,CÔNG TY TNHH HIỂN PHÁT VN,Công ty trách nhiệm hữu hạn một thành viên,"220 Lê Đình Cẩn, Phường Tân Tạo, Quận Bình Tân, Thành phố Hồ Chí Minh, Việt Nam",Quận Bình Tân,"4321: Lắp đặt hệ thống điện-(không gia công cơ khí, tái chế phế thải, xi mạ điện tại trụ sở);4322: Lắp đặt hệ thống cấp, thoát nước, lò sưởi và điều hoà không khí-(trừ lắp đặt các thiết bị điện lạnh (",internet
315196370,CÔNG TY TNHH KONSHNE VIỆT NAM,CÔNG TY TNHH KONSHNE VIỆT NAM,Công ty trách nhiệm hữu hạn một thành viên,"193/4 Lê Văn Quới, Phường Bình Trị Đông, Quận Bình Tân, Thành phố Hồ Chí Minh, Việt Nam",Quận Bình Tân,"3320: Lắp đặt máy móc và thiết bị công nghiệp-(trừ gia công cơ khí, tái chế phế thải, xi mạ điện tại trụ sở). (CPC 884); 4662: Bán buôn kim loại và quặng kim loại-(trừ mua bán vàng miếng) (CPC 622); 4",internet
315159851,CÔNG TY TRÁCH NHIỆM HỮU HẠN TT XANH,CÔNG TY TRÁCH NHIỆM HỮU HẠN TT,Công ty trách nhiệm hữu hạn hai thành viên trở lên,"16/51 Đường số 18, KP 1, Phường Bình Hưng Hòa, Quận Bình Tân, Thành phố Hồ Chí Minh, Việt Nam",Quận Bình Tân,"4659: Bán buôn máy móc, thiết bị và phụ tùng máy khác-Chi tiết: Bán buôn máy móc, thiết bị và phụ tùng máy văn phòng (trừ máy vi tính, thiết bị ngoại vi). Bán buôn máy móc, thiết bị điện, vật liệu điệ",internet
315166464,CÔNG TY TNHH  PHÂN BÓN CỬU LONG SG,CÔNG TY TNHH  PHÂN BÓN CỬU LON,Công ty trách nhiệm hữu hạn hai thành viên trở lên,"18/2/24 Trương Phước Phan, Khu Phố 1, Phường Bình Trị Đông, Quận Bình Tân, Thành phố Hồ Chí Minh, Việt Nam",Quận Bình Tân,"4741: Bán lẻ máy vi tính, thiết bị ngoại vi, phần mềm và thiết bị viễn thông trong các cửa hàng chuyên doanh-Chi tiết: bán lẻ điện thoại cố định, điện thoại di động, phụ kiện điện thoại, thiết bị tin ",internet
315211389,CÔNG TY TNHH THƯƠNG MẠI DỊCH VỤ GSC,CÔNG TY TNHH THƯƠNG MẠI DỊCH V,Công ty trách nhiệm hữu hạn hai thành viên trở lên,"Số 3 Đường 23, Phường Bình Trị Đông B, Quận Bình Tân, Thành phố Hồ Chí Minh, Việt Nam",Quận Bình Tân,0121: Trồng cây ăn quả-Chi tiết: Trồng cây ăn trái và cây lâu năm;0122: Trồng cây lấy quả chứa dầu-;0123: Trồng cây điều-;0124: Trồng cây hồ tiêu-;0125: Trồng cây cao su-;0126: Trồng cây cà phê-;0127:,internet
315057994,CÔNG TY TNHH TƯ VẤN THƯƠNG MẠI BLUE ROCK,CÔNG TY TNHH TƯ VẤN THƯƠNG MẠI,Công ty trách nhiệm hữu hạn một thành viên,"Số 10/15 Đường số 10, Khu phố 15, Phường Bình Hưng Hòa A, Quận Bình Tân, Thành phố Hồ Chí Minh, Việt Nam",Quận Bình Tân,"4772: Bán lẻ thuốc, dụng cụ y tế, mỹ phẩm và vật phẩm vệ sinh trong các cửa hàng chuyên doanh-Chi tiết: Bán lẻ nước hoa, mỹ phẩm và vật phẩm vệ sinh, bao gồm: bán lẻ nước hoa, nước thơm, son, phấn, ke",internet
315217729,CÔNG TY TNHH THƯƠNG MẠI DỊCH VỤ A KATA,CÔNG TY TNHH THƯƠNG MẠI DỊCH V,Công ty trách nhiệm hữu hạn hai thành viên trở lên,"145 Đường Số 24, Phường Bình Hưng Hòa A, Quận Bình Tân, Thành phố Hồ Chí Minh, Việt Nam",Quận Bình Tân,"4649: Bán buôn đồ dùng khác cho gia đình-Chi tiết: bán buôn hàng gia dụng, điện máy, điện lạnh;4651: Bán buôn máy vi tính, thiết bị ngoại vi và phần mềm-;4652: Bán buôn thiết bị và linh kiện điện tử, ",internet
315177755,CÔNG TY TNHH MỘT THÀNH VIÊN CỬU GIA TRƯỜNG PHÁT,CÔNG TY TNHH MỘT THÀNH VIÊN CỬ,Công ty trách nhiệm hữu hạn một thành viên,"340/4 Lê Văn Quới, Phường Bình Hưng Hòa A, Quận Bình Tân, Thành phố Hồ Chí Minh, Việt Nam",Quận Bình Tân,4722: Bán lẻ thực phẩm trong các cửa hàng chuyên doanh-(thực hiện theo quyết định 64/2009/QĐ-UBND ngày 31/07/2009 và quyết định  số 79/2009/QĐ-UBND ngày 17/10/2009 của Ủy ban nhân dân TP. Hồ Chí Minh ,internet
315189197,CÔNG TY TNHH THƯƠNG MẠI DỊCH VỤ TRÂN NGHI,CÔNG TY TNHH THƯƠNG MẠI DỊCH V,Công ty trách nhiệm hữu hạn hai thành viên trở lên,"639/35 Đường Hương Lộ 2, Khu phố 7, Phường Bình Trị Đông, Quận Bình Tân, Thành phố Hồ Chí Minh, Việt Nam",Quận Bình Tân,6120: Hoạt động viễn thông không dây-Chi tiết: Dịch vụ cung cấp thông tin lên mạng internet; Cung cấp dịch vụ giá trị gia tăng trên mạng internet và mạng viễn thông;7830: Cung ứng và quản lý nguồn lao,internet
315177794,CÔNG TY CỔ PHẦN KINH DOANH VẬN TẢI H & T,CÔNG TY CỔ PHẦN KINH DOANH VẬN,Công ty cổ phần,"385 Hương Lộ 3, Phường Bình Hưng Hòa, Quận Bình Tân, Thành phố Hồ Chí Minh, Việt Nam",Quận Bình Tân,"5229: Hoạt động dịch vụ hỗ trợ khác liên quan đến vận tải-Chi tiết: Giao nhận hàng hóa; Hoạt động dịch vụ hỗ trợ khác liên quan đến vận tải  
 (trừ kinh doanh hoạt động liên quan đến vận tải đường hàn",internet
315187591,CÔNG TY CỔ PHẦN DỊCH VỤ FB CHÂU Á,CÔNG TY CỔ PHẦN DỊCH VỤ FB CHÂ,Công ty cổ phần,"37 Đường số 24A, Phường Bình Trị Đông B, Quận Bình Tân, Thành phố Hồ Chí Minh, Việt Nam",Quận Bình Tân,7310: Quảng cáo-Chi tiết: Dịch vụ quảng cáo thương mại;5224: Bốc xếp hàng hóa-(trừ bốc xếp hàng hóa cảng hàng không);5229: Hoạt động dịch vụ hỗ trợ khác liên quan đến vận tải-chi tiết: giao nhận hàng ,internet
315204705,CÔNG TY TNHH THƯƠNG MẠI DỊCH VỤ HOÀNG LÊ NAM,CÔNG TY TNHH THƯƠNG MẠI DỊCH V,Công ty trách nhiệm hữu hạn hai thành viên trở lên,"118/13 Đường Số 12, Phường Bình Hưng Hòa, Quận Bình Tân, Thành phố Hồ Chí Minh, Việt Nam",Quận Bình Tân,"7710: Cho thuê xe có động cơ-;1020: Chế biến, bảo quản thuỷ sản và các sản phẩm từ thuỷ sản-;1811: In ấn-;1812: Dịch vụ liên quan đến in-;4100: Xây dựng nhà các loại-;4210: Xây dựng công trình đường s",internet
315192859,CÔNG TY CỔ PHẦN IFACTORY,CÔNG TY CỔ PHẦN IFACTORY,Công ty cổ phần,"81 Đường 32A, Phường Bình Trị Đông B, Quận Bình Tân, Thành phố Hồ Chí Minh, Việt Nam",Quận Bình Tân,5820: Xuất bản phần mềm-Chi tiết: Sản xuất phần mềm.;6201: Lập trình máy vi tính-;2610: Sản xuất linh kiện điện tử-;2790: Sản xuất thiết bị điện khác-;4321: Lắp đặt hệ thống điện-;3320: Lắp đặt máy mó,internet
315091498,CÔNG TY TNHH CAMERA HNCT,CÔNG TY TNHH CAMERA HNCT,Công ty trách nhiệm hữu hạn hai thành viên trở lên,"29/6C, Đường Lô Tư  , Phường Bình Hưng Hòa A, Quận Bình Tân, Thành phố Hồ Chí Minh, Việt Nam",Quận Bình Tân,"4322: Lắp đặt hệ thống cấp, thoát nước, lò sưởi và điều hoà không khí-(trừ lắp đặt các thiết bị điện lạnh (thiết bị cấp đông, kho lạnh, máy đá, điều hòa không khí, làm lạnh nước) sử dụng ga lạnh R22 t",internet
315217976,CÔNG TY TNHH TMDV NGUYỄN PHẠM,CÔNG TY TNHH TMDV NGUYỄN PHẠM,Công ty trách nhiệm hữu hạn một thành viên,"38 Đường số 12, Phường Bình Hưng Hòa, Quận Bình Tân, Thành phố Hồ Chí Minh, Việt Nam",Quận Bình Tân,"4649: Bán buôn đồ dùng khác cho gia đình-(trừ dược phẩm).;4659: Bán buôn máy móc, thiết bị và phụ tùng máy khác-;4663: Bán buôn vật liệu, thiết bị lắp đặt khác trong xây dựng-;4662: Bán buôn kim loại ",internet
315205755,CÔNG TY TNHH LINHDO CCW,CÔNG TY TNHH LINHDO CCW,Công ty trách nhiệm hữu hạn một thành viên,"46 Đường 5A, Phường Bình Trị Đông B, Quận Bình Tân, Thành phố Hồ Chí Minh, Việt Nam",Quận Bình Tân,"8121: Vệ sinh chung nhà cửa-;8130: Dịch vụ chăm sóc và duy trì cảnh quan-;8110: Dịch vụ hỗ trợ tổng hợp-Chi tiết: Dịch vụ tổng hợp theo yêu cầu của khách hàng: làm sạch thông thường bên trong, bảo dưỡ",internet
315222937,CÔNG TY TNHH TƯ VẤN VÀ ĐÀO TẠO TÂN TRÍ,CÔNG TY TNHH TƯ VẤN VÀ ĐÀO TẠO,Công ty trách nhiệm hữu hạn một thành viên,"47 Đường 7A, Phường Bình Trị Đông B, Quận Bình Tân, Thành phố Hồ Chí Minh, Việt Nam",Quận Bình Tân,"8559: Giáo dục khác chưa được phân vào đâu-Chi tiết: Giáo dục không xác định theo cấp độ tại các trung tâm đào tạo bồi dưỡng
Các dịch vụ dạy kèm (gia sư) 
Giáo dục dự bị
Các trung tâm dạy học có các k",internet
315104556,CÔNG TY TNHH IM PROFESSION BIOTECHNOLOGY,CÔNG TY TNHH IM PROFESSION BIO,Công ty trách nhiệm hữu hạn một thành viên,"Số 44D Đường Số 14, Khu phố 2, Phường An Lạc A, Quận Bình Tân, Thành phố Hồ Chí Minh, Việt Nam",Quận Bình Tân,4390: Hoạt động xây dựng chuyên dụng khác-Chi tiết: Dịch vụ định hình và giải phóng mặt bằng. Chống thấm bảo vệ kết cấu các công trình xây dựng ( CPC 515;5113); 4649: Bán buôn đồ dùng khác cho gia đìn,technology
315221323,CÔNG TY TNHH TM-DV-DL-ĂN UỐNG CƯƠNG BẢO LONG,CÔNG TY TNHH TMDVDLĂN UỐNG CƯ,Công ty trách nhiệm hữu hạn hai thành viên trở lên,"840/35A Hương lộ 2, Khu phố 10, Phường Bình Trị Đông A, Quận Bình Tân, Thành phố Hồ Chí Minh, Việt Nam",Quận Bình Tân,"1010: Chế biến, bảo quản thịt và các sản phẩm từ thịt-(trừ hoạt động giết mổ gia súc, gia cầm);1030: Chế biến và bảo quản rau quả-;1075: Sản xuất món ăn, thức ăn chế biến sẵn-;1410: May trang phục (tr",internet
315223521,CÔNG TY TNHH LÊ NGUYỄN MEDIA,CÔNG TY TNHH LÊ NGUYỄN MEDIA,Công ty trách nhiệm hữu hạn hai thành viên trở lên,"123/26 Đường số 8, Phường Bình Hưng Hòa A, Quận Bình Tân, Thành phố Hồ Chí Minh, Việt Nam",Quận Bình Tân,"4741: Bán lẻ máy vi tính, thiết bị ngoại vi, phần mềm và thiết bị viễn thông trong các cửa hàng chuyên doanh-;6209: Hoạt động dịch vụ công nghệ thông tin và dịch vụ khác liên quan đến máy vi tính-(trừ",internet
315258394,CÔNG TY TNHH THƯƠNG MẠI HIỂN TRÍ,CÔNG TY TNHH THƯƠNG MẠI HIỂN T,Công ty trách nhiệm hữu hạn một thành viên,"276/29/63 Đường Mã Lò, Phường Bình Trị Đông A, Quận Bình Tân, Thành phố Hồ Chí Minh, Việt Nam",Quận Bình Tân,"4541: Bán mô tô, xe máy-Chi tiết: Xuất nhập khẩu bán buôn mô tô, xe máy;4543: Bán phụ tùng và các bộ phận phụ trợ của mô tô, xe máy-Chi tiết: Xuất nhập khẩu bán buôn phụ tùng và các bộ phận phụ trợ củ",internet
315225631,CÔNG TY TNHH QUỐC TẾ GIA THẮNG,CÔNG TY TNHH QUỐC TẾ GIA THẮNG,Công ty trách nhiệm hữu hạn hai thành viên trở lên,"Số  276/31B Tân Hòa Đông, Phường Bình Trị Đông, Quận Bình Tân, Thành phố Hồ Chí Minh, Việt Nam",Quận Bình Tân,"4773: Bán lẻ hàng hóa khác mới trong các cửa hàng chuyên doanh-Chi tiết: Bán lẻ hoa, cây cảnh, cá cảnh, chim cảnh, vật nuôi cảnh trong các cửa hàng chuyên doanh (Thực hiện theo quyết định 64/2009/QĐ-U",internet
315232188,CÔNG TY CỔ PHẦN BEST OIL,CÔNG TY CỔ PHẦN BEST OIL,Công ty cổ phần,"397 Đường Số 1, Phường Bình Trị Đông B, Quận Bình Tân, Thành phố Hồ Chí Minh, Việt Nam",Quận Bình Tân,2011: Sản xuất hoá chất cơ bản-chi tiết: sản xuất hóa chất và dung môi (không hoạt động tại trụ sở);2013: Sản xuất plastic và cao su tổng hợp dạng nguyên sinh-chi tiết: sản xuất nhựa sinh học (không h,internet
315240982,CÔNG TY TNHH KHÁNH CHÂU DIGITAL,CÔNG TY TNHH KHÁNH CHÂU DIGITA,Công ty trách nhiệm hữu hạn một thành viên,"192-194 Tân Hòa Đông, Phường Bình Trị Đông, Quận Bình Tân, Thành phố Hồ Chí Minh, Việt Nam",Quận Bình Tân,"9511: Sửa chữa máy vi tính và thiết bị ngoại vi-(không gia công cơ khí, tái chế phế thải, xi mạ điện tại trụ sở);9512: Sửa chữa thiết bị liên lạc-;9521: Sửa chữa thiết bị nghe nhìn điện tử gia dụng-(k",lap top
315226057,CÔNG TY TNHH XUẤT NHẬP KHẨU TRUST SOLUTIONS,CÔNG TY TNHH XUẤT NHẬP KHẨU TR,Công ty trách nhiệm hữu hạn một thành viên,"28 đường 5B, khu phố 6, Phường Bình Hưng Hòa A, Quận Bình Tân, Thành phố Hồ Chí Minh, Việt Nam",Quận Bình Tân,"0221: Khai thác gỗ-(không hoạt động tại trụ sở);0222: Khai thác lâm sản khác trừ gỗ-(không hoạt động tại trụ sở);0240: Hoạt động dịch vụ lâm nghiệp-(không hoạt động tại trụ sở);1610: Cưa, xẻ, bào gỗ v",internet
315244440,CÔNG TY TNHH THUẬN THẾ ĐẠT,CÔNG TY TNHH THUẬN THẾ ĐẠT,Công ty trách nhiệm hữu hạn một thành viên,"117/4E Hồ Văn Long, Phường Tân Tạo, Quận Bình Tân, Thành phố Hồ Chí Minh, Việt Nam",Quận Bình Tân,8299: Hoạt động dịch vụ hỗ trợ kinh doanh khác còn lại chưa được phân vào đâu-Chi tiết: Dịch vụ thương mại điện tử.;6201: Lập trình máy vi tính-;6202: Tư vấn máy vi tính và quản trị hệ thống máy vi tí,internet
315144446,CÔNG TY TNHH THƯƠNG MẠI DỊCH VỤ CÔNG NGHỆ GIA HÂN,CÔNG TY TNHH THƯƠNG MẠI DỊCH V,Công ty trách nhiệm hữu hạn một thành viên,"687/45 Kinh Dương Vương, Phường An Lạc, Quận Bình Tân, Thành phố Hồ Chí Minh, Việt Nam",Quận Bình Tân,"4659: Bán buôn máy móc, thiết bị và phụ tùng máy khác-Chi tiết: Bán buôn máy móc, thiết bị điện, vật liệu điện (máy phát điện, động cơ điện, dây điện và thiết bị khác dùng trong mạch điện); 4663: Bán ",internet
315249470,CÔNG TY TNHH XUẤT NHẬP KHẨU KAB,CÔNG TY TNHH XUẤT NHẬP KHẨU KA,Công ty trách nhiệm hữu hạn một thành viên,"182/8/26 Đường 26 Tháng 3, Khu Phố 10, Phường Bình Hưng Hòa, Quận Bình Tân, Thành phố Hồ Chí Minh, Việt Nam",Quận Bình Tân,8292: Dịch vụ đóng gói-(Trừ đóng gói thuốc bảo vệ thực vật);8299: Hoạt động dịch vụ hỗ trợ kinh doanh khác còn lại chưa được phân vào đâu-Chi tiết: Xuất nhập khẩu các mặt hàng nông sản.;9311: Hoạt độn,internet
315250356,CÔNG TY TNHH LMD LAST MILE DELIVERY & LOGISTICS,CÔNG TY TNHH LMD LAST MILE DEL,Công ty trách nhiệm hữu hạn một thành viên,"38/19 Nguyễn Hới, Phường An Lạc, Quận Bình Tân, Thành phố Hồ Chí Minh, Việt Nam",Quận Bình Tân,5229: Hoạt động dịch vụ hỗ trợ khác liên quan đến vận tải-(trừ hóa lỏng khí để vận chuyển và hoạt động liên quan đến vận tải đường hàng không).;5225: Hoạt động dịch vụ hỗ trợ trực tiếp cho vận tải đườ,internet
315233086,CÔNG TY TNHH THƯƠNG MẠI PHÁT TRIỂN KỸ THUẬT HOÀNG GIA,CÔNG TY TNHH THƯƠNG MẠI PHÁT T,Công ty trách nhiệm hữu hạn hai thành viên trở lên,"567/10/3 Tỉnh lộ 10 , Phường Bình Trị Đông B, Quận Bình Tân, Thành phố Hồ Chí Minh, Việt Nam",Quận Bình Tân,"6619: Hoạt động hỗ trợ dịch vụ tài chính chưa được phân vào đâu-Chi tiết: Hoạt động tư vấn đầu tư (trừ tư vấn tài chính, kế toán, luật).;4759: Bán lẻ đồ điện gia dụng, giường, tủ, bàn, ghế và đồ nội t",internet
315272409,CÔNG TY TNHH SẢN XUẤT - THƯƠNG MẠI - XUẤT NHẬP KHẨU ĐÔNG SÀI GÒN,CÔNG TY TNHH SẢN XUẤT  THƯƠNG ,Công ty trách nhiệm hữu hạn hai thành viên trở lên,"1 Đường số 4, Phường Bình Trị Đông B, Quận Bình Tân, Thành phố Hồ Chí Minh, Việt Nam",Quận Bình Tân,"2220: Sản xuất sản phẩm từ plastic-Chi tiết: - Xay nhựa, xay túi ni lông PP, PE; - Tạo hạt nhựa, tạo màu hạt nhựa PP, PE (trừ sản xuất xốp cách nhiệt sử dụng ga R141b, sử dụng plyol trộn sẵn HCFC - 14",internet
315250109,CÔNG TY TNHH THƯƠNG MẠI DỊCH VỤ NỤ CƯỜI SIDO,CÔNG TY TNHH THƯƠNG MẠI DỊCH V,Công ty trách nhiệm hữu hạn một thành viên,"26/46/7 Đường Số 5, Phường Bình Hưng Hòa A, Quận Bình Tân, Thành phố Hồ Chí Minh, Việt Nam",Quận Bình Tân,"9000: Hoạt động sáng tác, nghệ thuật và giải trí-(trừ kinh doanh vũ trường, phòng trà ca nhạc và không thực hiện các hiệu ứng cháy, nổ; không sử dụng chất nổ, chất cháy, hóa chất làm đạo cụ, dụng cụ t",internet
315276202,CÔNG TY TNHH PHƯƠNG MINH NANO,CÔNG TY TNHH PHƯƠNG MINH NANO,Công ty trách nhiệm hữu hạn hai thành viên trở lên,"272 Liên khu 4-5, Phường Bình Hưng Hòa B, Quận Bình Tân, Thành phố Hồ Chí Minh, Việt Nam",Quận Bình Tân,6202: Tư vấn máy vi tính và quản trị hệ thống máy vi tính-Chi tiết: Dịch vụ tư vấn về phần mềm và hệ thống;6209: Hoạt động dịch vụ công nghệ thông tin và dịch vụ khác liên quan đến máy vi tính-Chi tiế,internet
315251222,CÔNG TY TNHH XÂY DỰNG DỊCH VỤ THƯƠNG MẠI HÙNG CƯỜNG TELECOM,CÔNG TY TNHH XÂY DỰNG DỊCH VỤ ,Công ty trách nhiệm hữu hạn một thành viên,"63 Đường số 2A, Phường Bình Hưng Hòa B, Quận Bình Tân, Thành phố Hồ Chí Minh, Việt Nam",Quận Bình Tân,"4101: Xây dựng nhà để ở-;4221: Xây dựng công trình điện-Chi tiết: Thi công hệ thống điện công nghiệp và dân dụng;4223: Xây dựng công trình viễn thông, thông tin liên lạc-Chi tiết: Thi công hệ thống mạ",telecom
315253734,CÔNG TY TNHH CHOOSE,CÔNG TY TNHH CHOOSE,Công ty trách nhiệm hữu hạn một thành viên,"15A  Nguyễn Văn Cự, Phường Tân Tạo A, Quận Bình Tân, Thành phố Hồ Chí Minh, Việt Nam",Quận Bình Tân,"4719: Bán lẻ khác trong các cửa hàng kinh doanh tổng hợp-Chi tiết: Bán lẻ nhiều loại hàng hóa trong các siêu thị, minimart, trung tâm thương mại, bán nhiều loại hàng hóa: quần áo, giày dép, đồ dùng, h",internet
315286842,CÔNG TY TNHH ASIA TURBO,CÔNG TY TNHH ASIA TURBO,Công ty trách nhiệm hữu hạn hai thành viên trở lên,"18, Đường Số 17B, Phường Bình Trị Đông B, Quận Bình Tân, Thành phố Hồ Chí Minh, Việt Nam",Quận Bình Tân,"4791: Bán lẻ theo yêu cầu đặt hàng qua bưu điện hoặc internet-Chi tiết: Bán lẻ thực phẩm, mỹ phẩm, đồ dùng gia đình (Thực hiện theo Quyết định 64/2009/QĐ-UBND ngày 31/7/2009 và quyết định 79/2009/QĐ-U",internet
315288286,CÔNG TY TNHH CD - CARE,CÔNG TY TNHH CD  CARE,Công ty trách nhiệm hữu hạn một thành viên,"255/10 Đường số 11, Khu phố 4, Phường Bình Hưng Hòa, Quận Bình Tân, Thành phố Hồ Chí Minh, Việt Nam",Quận Bình Tân,"8219: Photo, chuẩn bị tài liệu và các hoạt động hỗ trợ văn phòng đặc biệt khác-;4721: Bán lẻ lương thực trong các cửa hàng chuyên doanh-Chi tiết: Bán lẻ rau, quả trong các cửa hàng chuyên doanh (thực ",internet
315288688,CÔNG TY TNHH HT TECHNOLOGY,CÔNG TY TNHH HT TECHNOLOGY,Công ty trách nhiệm hữu hạn hai thành viên trở lên,"345/39/11 Đường Bình Thành, Khu Phố 2, Phường Bình Hưng Hòa B, Quận Bình Tân, Thành phố Hồ Chí Minh, Việt Nam",Quận Bình Tân,"4690: Bán buôn tổng hợp-Chi tiết: Bán buôn hạt hút ẩm. Bán buôn trang thiết bị, dụng cụ bảo hộ lao động. Bán buôn trang thiết bị, dụng cụ cơ khí cầm tay. Bán buôn phụ tùng thiết bị máy gia công chính ",technology
315261206,CÔNG TY TNHH THIẾT KẾ - XÂY DỰNG - NỘI THẤT MỘC TRÀ,CÔNG TY TNHH THIẾT KẾ  XÂY DỰN,Công ty trách nhiệm hữu hạn một thành viên,"Số 762/40/59 Quốc Lộ 1A, Khu phố 11, Phường Bình Hưng Hòa B, Quận Bình Tân, Thành phố Hồ Chí Minh, Việt Nam",Quận Bình Tân,"7410: Hoạt động thiết kế chuyên dụng-Chi tiết: Hoạt động thiết kế, trang trí nội thất, ngoại thất;3100: Sản xuất giường, tủ, bàn, ghế-(không hoạt động tại trụ sở);4101: Xây dựng nhà để ở-;4102: Xây dự",internet
315263436,CÔNG TY TNHH CÔNG NGHỆ THÔNG TIN NGUYỄN PHAN,CÔNG TY TNHH CÔNG NGHỆ THÔNG T,Công ty trách nhiệm hữu hạn hai thành viên trở lên,"161/27 Lê Tấn Bê, Phường An Lạc, Quận Bình Tân, Thành phố Hồ Chí Minh, Việt Nam",Quận Bình Tân,"8559: Giáo dục khác chưa được phân vào đâu-Chi tiết: Đào tạo nghề, đào tạo tin học ngoại ngữ;9511: Sửa chữa máy vi tính và thiết bị ngoại vi-(Trừ gia công cơ khí, tái chế phế thải, xi mạ điện tại trụ ",internet
315278344,CÔNG TY TNHH THƯƠNG MẠI QUỐC TẾ HOA ĐÔNG,CÔNG TY TNHH THƯƠNG MẠI QUỐC T,Công ty trách nhiệm hữu hạn một thành viên,"63/4/7 An Dương Vương, Phường An Lạc, Quận Bình Tân, Thành phố Hồ Chí Minh, Việt Nam",Quận Bình Tân,"4774: Bán lẻ hàng hóa đã qua sử dụng trong các cửa hàng chuyên doanh-(trừ bán lẻ bình gas, khí dầu mỏ hóa lỏng LPG, dầu nhớt cặn, vàng miếng, súng, đạn loại dùng đi săn hoặc thể thao và tiền kim khí; ",internet
315284041,CÔNG TY TNHH QUỐC TẾ KIDMART,CÔNG TY TNHH QUỐC TẾ KIDMART,Công ty trách nhiệm hữu hạn một thành viên,"Số 286/11/16A Chiến Lược, Phường Bình Trị Đông A, Quận Bình Tân, Thành phố Hồ Chí Minh, Việt Nam",Quận Bình Tân,"8230: Tổ chức giới thiệu và xúc tiến thương mại-(không thực hiện các hiệu ứng cháy, nổ; không sử dụng chất nổ, chất cháy, hóa chất làm đạo cụ, dụng cụ thực hiện các chương trình văn nghệ, sự kiện, phi",internet
315186686,CÔNG TY TNHH ALOHA PHARMA,CÔNG TY TNHH ALOHA PHARMA,Công ty trách nhiệm hữu hạn hai thành viên trở lên,"69 Đường số 4, Khu phố 9, Phường Bình Hưng Hòa A, Quận Bình Tân, Thành phố Hồ Chí Minh, Việt Nam",Quận Bình Tân,4719: Bán lẻ khác trong các cửa hàng kinh doanh tổng hợp-; 4721: Bán lẻ lương thực trong các cửa hàng chuyên doanh-; 5610: Nhà hàng và các dịch vụ ăn uống phục vụ lưu động-; 4722: Bán lẻ thực phẩm tro,internet
315279475,CÔNG TY TNHH ATOM GROUP,CÔNG TY TNHH ATOM GROUP,Công ty trách nhiệm hữu hạn một thành viên,"Số 129/55/13 Liên khu 5-6, Phường Bình Hưng Hòa B, Quận Bình Tân, Thành phố Hồ Chí Minh, Việt Nam",Quận Bình Tân,"6619: Hoạt động hỗ trợ dịch vụ tài chính chưa được phân vào đâu-Chi tiết: Hoạt động tư vấn đầu tư (trừ tư vấn tài chính, kế toán,pháp luật).;7020: Hoạt động tư vấn quản lý-(trừ tư vấn tài chính, kế to",internet
315323653,CÔNG TY TNHH TM DV HÀO HIỆP TIÊN,CÔNG TY TNHH TM DV HÀO HIỆP TI,Công ty trách nhiệm hữu hạn hai thành viên trở lên,"16/29/7 đường số 16, Phường Bình Hưng Hòa, Quận Bình Tân, Thành phố Hồ Chí Minh, Việt Nam",Quận Bình Tân,4799: Bán lẻ hình thức khác chưa được phân vào đâu-chi tiết: bán lẻ các loại hàng hóa bằng phương thức khác chưa kể ở trên như: bán trực tiếp hoặc chuyển phát theo địa chỉ; bán thông qua máy bán hàng ,internet
315279877,CÔNG TY TNHH ĐẦU TƯ THƯƠNG MẠI TRÍ AN,CÔNG TY TNHH ĐẦU TƯ THƯƠNG MẠI,Công ty trách nhiệm hữu hạn một thành viên,"Số 29 Đường 1B, Khu Dân Cư Lý Chiêu Hoàng, Phường An Lạc, Quận Bình Tân, Thành phố Hồ Chí Minh, Việt Nam",Quận Bình Tân,"4101: Xây dựng nhà để ở-;4102: Xây dựng nhà không để ở-;4211: Xây dựng công trình đường sắt-;4212: Xây dựng công trình đường bộ-;4221: Xây dựng công trình điện-;4222: Xây dựng công trình cấp, thoát nư",internet
315196500,CÔNG TY TNHH THƯƠNG MẠI DỊCH VỤ THANG MÁY VINLIFT,CÔNG TY TNHH THƯƠNG MẠI DỊCH V,Công ty trách nhiệm hữu hạn một thành viên,"354ADC Đất Mới, Phường Bình Trị Đông, Quận Bình Tân, Thành phố Hồ Chí Minh, Việt Nam",Quận Bình Tân,"4659: Bán buôn máy móc, thiết bị và phụ tùng máy khác-Chi tiết: Bán buôn thang máy. Bán buôn máy móc, thiết bị và phụ tùng máy công nghiệp. Bán buôn thiết bị y tế;4390: Hoạt động xây dựng chuyên dụng ",internet
315300367,CÔNG TY TNHH THƯƠNG MẠI XUẤT NHẬP KHẨU FU SHUN,CÔNG TY TNHH THƯƠNG MẠI XUẤT N,Công ty trách nhiệm hữu hạn một thành viên,"184H đường số 6, Phường Bình Hưng Hòa B, Quận Bình Tân, Thành phố Hồ Chí Minh, Việt Nam",Quận Bình Tân,"4719: Bán lẻ  khác trong các cửa hàng kinh doanh tổng hợp-Chi tiết: bán lẻ hóa chất, nguyên liệu hóa chất, nguyên vật liệu hóa chất công nghiệp (không hoạt động tại trụ sở).;4610: Đại lý, môi giới, đấ",internet
315760131,CÔNG TY TNHH THƯƠNG MẠI DỊCH VỤ VÀ TƯ VẤN KỸ THUẬT QUỐC TẾ ITSC,CÔNG TY TNHH THƯƠNG MẠI DỊCH V,Công ty trách nhiệm hữu hạn một thành viên,"101/40 Đường số 9, Phường Bình Hưng Hòa, Quận Bình Tân, Thành phố Hồ Chí Minh, Việt Nam",Quận Bình Tân,"4322: Lắp đặt hệ thống cấp, thoát nước, hệ thống sưởi và điều hoà không khí-(trừ lắp đặt các thiết bị lạnh (thiết bị cấp đông, kho lạnh, máy đá, điều hòa không khí, làm lạnh nước) sử dụng ga lạnh R22 ",internet
315312203,CÔNG TY TNHH TONBOO,CÔNG TY TNHH TONBOO,Công ty trách nhiệm hữu hạn một thành viên,"186 Tên Lửa, Phường Bình Trị Đông B, Quận Bình Tân, Thành phố Hồ Chí Minh, Việt Nam",Quận Bình Tân,"4651: Bán buôn máy vi tính, thiết bị ngoại vi và phần mềm-(CPC 622); 4652: Bán buôn thiết bị và linh kiện điện tử, viễn thông-(CPC 622); 4659: Bán buôn máy móc, thiết bị và phụ tùng máy khác-(CPC 622)",internet
315327633,CÔNG TY TNHH LANJIANG INNOVATION TECHNOLOGY,CÔNG TY TNHH LANJIANG INNOVATI,Công ty trách nhiệm hữu hạn một thành viên,"368/5-7 Kinh Dương Vương, Khu phố 2, Phường An Lạc A, Quận Bình Tân, Thành phố Hồ Chí Minh, Việt Nam",Quận Bình Tân,"6202: Tư vấn máy vi tính và quản trị hệ thống máy vi tính-CPC 841;6209: Hoạt động dịch vụ công nghệ thông tin và dịch vụ khác liên quan đến máy vi tính-CPC 849;6311: Xử lý dữ liệu, cho thuê và các hoạ",technology
315336067,CÔNG TY TNHH SẢN XUẤT THƯƠNG MẠI DỊCH VỤ TRẺ EM VIỆT,CÔNG TY TNHH SẢN XUẤT THƯƠNG M,Công ty trách nhiệm hữu hạn hai thành viên trở lên,"37/17 Đường Bến Lội,  Khu Phố 7, Phường Bình Trị Đông A, Quận Bình Tân, Thành phố Hồ Chí Minh, Việt Nam",Quận Bình Tân,"9329: Hoạt động vui chơi giải trí khác chưa được phân vào đâu-chi tiết: Kinh doanh trò chơi điện tử; Kinh doanh trò chơi nhà banh, nhà hơi, thú nhún, đu quay, xe lửa, xe điện đụng, nhà liên hoàn đa nă",internet
315337938,CÔNG TY TNHH MH MEDIA,CÔNG TY TNHH MH MEDIA,Công ty trách nhiệm hữu hạn hai thành viên trở lên,"17/16A Đường số 1, Khu phố 2 , Phường Bình Hưng Hòa, Quận Bình Tân, Thành phố Hồ Chí Minh, Việt Nam",Quận Bình Tân,"7310: Quảng cáo-;8230: Tổ chức giới thiệu và xúc tiến thương mại-(không thực hiện các hiệu ứng cháy, nổ; không sử dụng chất nổ, chất cháy, hóa chất làm đạo cụ, dụng cụ thực hiện các chương trình văn n",internet
315341211,CÔNG TY TNHH IN BAO BÌ KHÁNH YẾN,CÔNG TY TNHH IN BAO BÌ KHÁNH Y,Công ty trách nhiệm hữu hạn một thành viên,"73/40 Đường 10, Phường Bình Hưng Hòa B, Quận Bình Tân, Thành phố Hồ Chí Minh, Việt Nam",Quận Bình Tân,"4659: Bán buôn máy móc, thiết bị và phụ tùng máy khác-Chi tiết: Bán buôn máy móc, thiết bị ngành in.;4669: Bán buôn chuyên doanh khác chưa được phân vào đâu-Chi tiết: Bán buôn bao bì giấy, bao bì nhựa",internet
315390586,CÔNG TY TNHH 3D TECHNOLOGY VĨNH THỊNH PHÁT,CÔNG TY TNHH 3D TECHNOLOGY VĨN,Công ty trách nhiệm hữu hạn một thành viên,"8/17 Đường số 2, Phường Bình Hưng Hòa A, Quận Bình Tân, Thành phố Hồ Chí Minh, Việt Nam",Quận Bình Tân,"2819: Sản xuất máy thông dụng khác-Chi tiết: Sản xuất máy móc, thiết bị ngành cơ khí; Sản xuất máy móc, thiết bị công nghiệp (không hoạt động tại trụ sở);3320: Lắp đặt máy móc và thiết bị công nghiệp-",technology
315388668,CÔNG TY TNHH QUÀ TẶNG KIẾN TƯỜNG,CÔNG TY TNHH QUÀ TẶNG KIẾN TƯỜ,Công ty trách nhiệm hữu hạn hai thành viên trở lên,"118 đường số 10, Khu Phố 7, Phường Bình Hưng Hòa B, Quận Bình Tân, Thành phố Hồ Chí Minh, Việt Nam",Quận Bình Tân,"4799: Bán lẻ hình thức khác chưa được phân vào đâu-(trừ bán lẻ bình gas, súng, đạn loại dùng đi săn hoặc thể thao, tiền kim khí và mua bán vàng miếng; thực hiện theo Quyết định 64/2009/QĐ-UBND ngày 31",internet
315388403,CÔNG TY TNHH THƯƠNG MẠI DỊCH VỤ VIỄN THÔNG THUẬN PHÚC ĐẠT,CÔNG TY TNHH THƯƠNG MẠI DỊCH V,Công ty trách nhiệm hữu hạn một thành viên,"31 Đường Số 4, Khu Phố 4, Phường Tân Tạo A, Quận Bình Tân, Thành phố Hồ Chí Minh, Việt Nam",Quận Bình Tân,"4649: Bán buôn đồ dùng khác cho gia đình-Chi tiết: Bán buôn hàng gốm, sứ, thủy tinh. Bán buôn dây đeo thẻ, hộp đựng danh thiếp, lịch bàn, sổ tay, chặn giấy bằng pha lê, thủy tinh, bút . Bán buôn quà l",internet
315393756,CÔNG TY CỔ PHẦN TECMART,CÔNG TY CỔ PHẦN TECMART,Công ty cổ phần,"Tầng trệt, Lốc D-E, Chung cư Tecco Town, Số 4449 Nguyễn Cửu Phú, Phường Tân Tạo A, Quận Bình Tân, Thành phố Hồ Chí Minh, Việt Nam",Quận Bình Tân,"4711: Bán lẻ lương thực, thực phẩm, đồ uống, thuốc lá, thuốc lào chiếm tỷ trọng lớn trong các cửa hàng kinh doanh tổng hợp-Chi tiết: Bán lẻ lương thực, thực phẩm, đồ uống, thuốc lá nội, thuốc lào chiế",internet
315362839,CÔNG TY TNHH THƯƠNG MẠI DỊCH VỤ DU LỊCH LIÊN HIỆP,CÔNG TY TNHH THƯƠNG MẠI DỊCH V,Công ty trách nhiệm hữu hạn một thành viên,"Số 277/1 Tân Hòa Đông, Phường Bình Trị Đông, Quận Bình Tân, Thành phố Hồ Chí Minh, Việt Nam",Quận Bình Tân,8560: Dịch vụ hỗ trợ giáo dục-Chi tiết: Tư vấn du học;6622: Hoạt động của đại lý và môi giới bảo hiểm-Chi tiết: Hoạt động của các đại lý bảo hiểm;7710: Cho thuê xe có động cơ-;4723: Bán lẻ đồ uống tro,internet
315373164,CÔNG TY TNHH STARBERRY,CÔNG TY TNHH STARBERRY,Công ty trách nhiệm hữu hạn một thành viên,"128A Đường Số 29, Phường Bình Trị Đông B, Quận Bình Tân, Thành phố Hồ Chí Minh, Việt Nam",Quận Bình Tân,6399: Dịch vụ thông tin khác chưa được phân vào đâu-Chi tiết: Các dịch vụ thông tin qua điện thoại; Các dịch vụ tìm kiếm thông tin thông qua hợp đồng hay trên cơ sở phí. Cung cấp dịch vụ gia tăng trên,internet
315374721,CÔNG TY TNHH VIỄN THÔNG ĐẶNG NGUYỄN,CÔNG TY TNHH VIỄN THÔNG ĐẶNG N,Công ty trách nhiệm hữu hạn một thành viên,"137/8 Phan Anh, khu phố 11, Phường Bình Trị Đông, Quận Bình Tân, Thành phố Hồ Chí Minh, Việt Nam",Quận Bình Tân,"4652: Bán buôn thiết bị và linh kiện điện tử, viễn thông-Chi tiết: Bán buôn camera quan sát, thiết bị báo động - báo cháy, bán buôn thiết bị và linh kiện điện tử, viễn thông;6209: Hoạt động dịch vụ cô",internet
315377786,CÔNG TY TNHH XCOM,CÔNG TY TNHH XCOM,Công ty trách nhiệm hữu hạn hai thành viên trở lên,"29B, Nguyễn Đình Kiên, Khu Phố 5, Phường Tân Tạo A, Quận Bình Tân, Thành phố Hồ Chí Minh, Việt Nam",Quận Bình Tân,"4649: Bán buôn đồ dùng khác cho gia đình-;1393: Sản xuất thảm, chăn, đệm-;1621: Sản xuất gỗ dán, gỗ lạng, ván ép và ván mỏng khác-;1622: Sản xuất đồ gỗ xây dựng-;1629: Sản xuất sản phẩm khác từ gỗ; sả",internet
315429586,CÔNG TY TNHH THƯƠNG MẠI XUẤT NHẬP KHẨU THÀNH DŨNG,CÔNG TY TNHH THƯƠNG MẠI XUẤT N,Công ty trách nhiệm hữu hạn một thành viên,"539/18/3 Hương lộ 3, Phường Bình Hưng Hòa, Quận Bình Tân, Thành phố Hồ Chí Minh, Việt Nam",Quận Bình Tân,"4620: Bán buôn nông, lâm sản nguyên liệu (trừ gỗ, tre, nứa) và động vật sống-(không hoạt động tại trụ sở);4722: Bán lẻ thực phẩm trong các cửa hàng chuyên doanh-(thực hiện theo quyết định 64/2009/QĐ-U",internet
315435526,CÔNG TY TNHH GIẢI PHÁP VINASOFT,CÔNG TY TNHH GIẢI PHÁP VINASOF,Công ty trách nhiệm hữu hạn một thành viên,"59 Nguyễn Quý Yêm, Phường An Lạc, Quận Bình Tân, Thành phố Hồ Chí Minh, Việt Nam",Quận Bình Tân,"6201: Lập trình máy vi tính-Chi tiết: Lập trình máy vi tính;4321: Lắp đặt hệ thống điện-(trừ gia công cơ khí, tái chế phế thải, xi mạ điện tại trụ sở).;4610: Đại lý, môi giới, đấu giá hàng hóa-Chi tiế",internet
315390635,DOANH NGHIỆP TƯ NHÂN TRÒ CHƠI ĐIỆN TỬ TÂN BIỂN XANH,DOANH NGHIỆP TƯ NHÂN TRÒ CHƠI ,Doanh nghiệp tư nhân,"457C Hồ Ngọc Lãm, Phường An Lạc, Quận Bình Tân, Thành phố Hồ Chí Minh, Việt Nam",Quận Bình Tân,"4651: Bán buôn máy vi tính, thiết bị ngoại vi và phần mềm-;4652: Bán buôn thiết bị và linh kiện điện tử, viễn thông-;4741: Bán lẻ máy vi tính, thiết bị ngoại vi, phần mềm và thiết bị viễn thông trong ",internet
315388805,CÔNG TY TNHH NISHITANI VIỆT NAM,CÔNG TY TNHH NISHITANI VIỆT NA,Công ty trách nhiệm hữu hạn một thành viên,"325 Đường Số 1, Khu Phố 3, Phường Bình Trị Đông B, Quận Bình Tân, Thành phố Hồ Chí Minh, Việt Nam",Quận Bình Tân,"4721: Bán lẻ lương thực trong các cửa hàng chuyên doanh-Chi tiết: Bán lẻ lương thực, trừ gạo, đường mía và đường củ cải (Thực hiện theo quyết định 64/2009/QĐ-UBND ngày 31/7/2009 và quyết định 79/2009/",internet
315414879,CÔNG TY TNHH PHƯƠNG ÂU,CÔNG TY TNHH PHƯƠNG ÂU,Công ty trách nhiệm hữu hạn một thành viên,"56 Đường số 11, Phường Bình Hưng Hòa, Quận Bình Tân, Thành phố Hồ Chí Minh, Việt Nam",Quận Bình Tân,7410: Hoạt động thiết kế chuyên dụng-(trừ thiết kế công trình xây dựng).;7310: Quảng cáo-;7320: Nghiên cứu thị trường và thăm dò dư luận-(trừ các loại thông tin Nhà Nước cấm và dịch vụ điều tra);7110:,internet
315421139,CÔNG TY TNHH MỘT THÀNH VIÊN GAME NAM HẢI,CÔNG TY TNHH MỘT THÀNH VIÊN GA,Công ty trách nhiệm hữu hạn một thành viên,"Số 991 đường Tân Kỳ Tân Quý, Phường Bình Hưng Hòa A, Quận Bình Tân, Thành phố Hồ Chí Minh, Việt Nam",Quận Bình Tân,9329: Hoạt động vui chơi giải trí khác chưa được phân vào đâu-Chi tiết: kinh doanh trò chơi điện tử (trừ hoạt động kinh doanh trò chơi điện tử có thưởng dành cho người nước ngoài và kinh doanh trò chơ,internet
315403595,CÔNG TY TNHH GPA VN,CÔNG TY TNHH GPA VN,Công ty trách nhiệm hữu hạn một thành viên,"135 đường số 7, Phường Bình Trị Đông B, Quận Bình Tân, Thành phố Hồ Chí Minh, Việt Nam",Quận Bình Tân,"4669: Bán buôn chuyên doanh khác chưa được phân vào đâu-Chi tiết: Bán buôn xuất nhập khẩu bao bì sản phẩm; phụ kiện kèm bao bì sản phẩm.; 4652: Bán buôn thiết bị và linh kiện điện tử, viễn thông-; 461",internet
315422710,CÔNG TY CỔ PHẦN ĐẦU TƯ PHÁT TRIỂN CÔNG NGHỆ A.T.S,CÔNG TY CỔ PHẦN ĐẦU TƯ PHÁT TR,Công ty cổ phần,"Căn Thương Mại Dịch Vụ Số 0.02 Lô B, Chung Cư Tân Tạo, Đường Lộ Tẻ, Phường Tân Tạo A, Quận Bình Tân, Thành phố Hồ Chí Minh, Việt Nam",Quận Bình Tân,"4652: Bán buôn thiết bị và linh kiện điện tử, viễn thông-;4663: Bán buôn vật liệu, thiết bị lắp đặt khác trong xây dựng-;6201: Lập trình máy vi tính-;6202: Tư vấn máy vi tính và quản trị hệ thống máy ",internet
315425687,CÔNG TY CỔ PHẦN CWM,CÔNG TY CỔ PHẦN CWM,Công ty cổ phần,"418/7E Lê Văn Quới, khu phố 11, Phường Bình Hưng Hòa A, Quận Bình Tân, Thành phố Hồ Chí Minh, Việt Nam",Quận Bình Tân,"4321: Lắp đặt hệ thống điện-(trừ gia công cơ khí, tái chế phế thải, xi mạ điện tại trụ sở).;4322: Lắp đặt hệ thống cấp, thoát nước, hệ thống sưởi và điều hoà không khí-(trừ lắp đặt các thiết bị điện l",internet
315400379,CÔNG TY TNHH KEEN-TECHNOLOGY,CÔNG TY TNHH KEENTECHNOLOGY,Công ty trách nhiệm hữu hạn một thành viên,"216/107 Đường số 5, Phường Bình Hưng Hòa, Quận Bình Tân, Thành phố Hồ Chí Minh, Việt Nam",Quận Bình Tân,"7310: Quảng cáo-;7730: Cho thuê máy móc, thiết bị và đồ dùng hữu hình khác không kèm người điều khiển-Chi tiết: Cho thuê máy móc, thiết bị văn phòng (kể cả máy vi tính); Cho thuê máy móc, thiết bị âm ",technology
315441600,CÔNG TY TNHH DỊCH VỤ KANTHAKA,CÔNG TY TNHH DỊCH VỤ KANTHAKA,Công ty trách nhiệm hữu hạn một thành viên,"Số 5 Đường 28, Phường Bình Trị Đông B, Quận Bình Tân, Thành phố Hồ Chí Minh, Việt Nam",Quận Bình Tân,"4789: Bán  lẻ hàng hóa khác lưu động hoặc tại chợ-(trừ bán lẻ khí dầu mỏ hóa lỏng LPG, bình gas, hóa chất, súng, đạn loại dùng đi săn hoặc thể thao và tiền kim khí và thực hiện theo Quyết định 64/2009",internet
315445718,CÔNG TY TNHH ĐẦU TƯ XÂY DỰNG THƯƠNG MẠI DỊCH VỤ PHÁT TIẾN,CÔNG TY TNHH ĐẦU TƯ XÂY DỰNG T,Công ty trách nhiệm hữu hạn hai thành viên trở lên,"143/84/14 Liên Khu 5/6, Phường Bình Hưng Hòa B, Quận Bình Tân, Thành phố Hồ Chí Minh, Việt Nam",Quận Bình Tân,"4330: Hoàn thiện công trình xây dựng-;4229: Xây dựng công trình công ích khác-;4312: Chuẩn bị mặt bằng-;7730: Cho thuê máy móc, thiết bị và đồ dùng hữu hình khác không kèm người điều khiển-(trừ kinh d",internet
315428511,CÔNG TY TNHH SẢN XUẤT THƯƠNG MẠI ANH MINH GROUP,CÔNG TY TNHH SẢN XUẤT THƯƠNG M,Công ty trách nhiệm hữu hạn một thành viên,"193/2/12 Đường số 6, khu phố 8, Phường Bình Hưng Hòa B, Quận Bình Tân, Thành phố Hồ Chí Minh, Việt Nam",Quận Bình Tân,"1520: Sản xuất giày, dép-(trừ tẩy, nhuộm, hồ, in trên các sản phẩm vải sợi, dệt, may đan và không gia công hàng đã qua sử dụng, thuộc da, luyện cán cao su tại trụ sở);2023: Sản xuất mỹ phẩm, xà phòng,",internet
315450362,CÔNG TY TNHH SX-TM-DV NHƯ Ý,CÔNG TY TNHH SXTMDV NHƯ Ý,Công ty trách nhiệm hữu hạn một thành viên,"7/5 Đường Số 18b, Khu Phố 22, Phường Bình Hưng Hòa A, Quận Bình Tân, Thành phố Hồ Chí Minh, Việt Nam",Quận Bình Tân,"4759: Bán lẻ đồ điện gia dụng, giường, tủ, bàn, ghế và đồ nội thất tương tự, đèn và bộ đèn điện, đồ dùng gia đình khác chưa được phân vào đâu  trong các cửa hàng chuyên doanh-Chi tiết: 
- Bán lẻ các s",internet
315434868,CÔNG TY CỔ PHẦN NII GROUP,CÔNG TY CỔ PHẦN NII GROUP,Công ty cổ phần,"44/8 Đường Số 2, Phường Bình Hưng Hòa A, Quận Bình Tân, Thành phố Hồ Chí Minh, Việt Nam",Quận Bình Tân,"1061: Xay xát và sản xuất bột thô-;4610: Đại lý, môi giới, đấu giá hàng hóa--Chi tiết: Đại lý, môi giới;1062: Sản xuất tinh bột và các sản phẩm từ tinh bột-;4711: Bán lẻ lương thực, thực phẩm, đồ uống",internet
315349796,CÔNG TY TNHH THƯƠNG MẠI SẢN XUẤT VÀ QUẢNG CÁO TRIỆU LAI,CÔNG TY TNHH THƯƠNG MẠI SẢN XU,Công ty trách nhiệm hữu hạn hai thành viên trở lên,"145/12 Phan Anh, Phường Bình Trị Đông, Quận Bình Tân, Thành phố Hồ Chí Minh, Việt Nam",Quận Bình Tân,"4661: Bán buôn nhiên liệu rắn, lỏng, khí và các sản phẩm liên quan-chi tiết: Bán buôn nhiên liệu, dầu mỡ nhờn, dầu bôi trơn (Trừ kinh doanh khí dầu mỏ hóa lỏng LPG và dầu nhớt cặn);5820: Xuất bản phần",internet
314840680,CÔNG TY TRÁCH NHIỆM HỮU HẠN ĐẠT KHOA PHÁT,CÔNG TY TRÁCH NHIỆM HỮU HẠN ĐẠ,Công ty trách nhiệm hữu hạn một thành viên,"704/39/6 Đường Hương Lộ 2, Khu phố 4 , Phường Bình Trị Đông A, Quận Bình Tân, Thành phố Hồ Chí Minh, Việt Nam",Quận Bình Tân,"7020: Hoạt động tư vấn quản lý-Chi tiết: Việc cung cấp tư vấn, hướng dẫn và trợ giúp điều hành đối với nhà kinh doanh và các tổ chức khác trong vấn đề quản lý, như lập chiến lược và kế hoạch hoạt động",internet
314846925,CÔNG TY TNHH THƯƠNG MẠI HUANXING,CÔNG TY TNHH THƯƠNG MẠI HUANXI,Công ty trách nhiệm hữu hạn một thành viên,"Số 46, Đường số 1, Khu dân cư Hai Thành , Phường Bình Trị Đông B, Quận Bình Tân, Thành phố Hồ Chí Minh, Việt Nam",Quận Bình Tân,"4641: Bán buôn vải, hàng may sẵn, giày dép-;4669: Bán buôn chuyên doanh khác chưa được phân vào đâu-Chi tiết: Bán buôn tơ, xơ, sợi dệt; Bán buôn plastic; Bán buôn phụ liệu may mặc và giày dép; Bán buô",internet
315362613,CÔNG TY TNHH MTV GIA KHANG,CÔNG TY TNHH MTV GIA KHANG,Công ty trách nhiệm hữu hạn một thành viên,"12 Đường số 3, Phường Bình Hưng Hòa A, Quận Bình Tân, Thành phố Hồ Chí Minh, Việt Nam",Quận Bình Tân,"4799: Bán lẻ hình thức khác chưa được phân vào đâu-(trừ bán lẻ bình gas, khí dầu mỏ hóa lỏng LPG, dầu nhớt cặn, vàng miếng, súng, đạn loại dùng đi săn hoặc thể thao và tiền kim khí; trừ bán lẻ hóa chấ",internet
314914364,CÔNG TY TNHH TM DV CÔNG NGHỆ VÀ GIẢI PHÁP HUY GIA,CÔNG TY TNHH TM DV CÔNG NGHỆ V,Công ty trách nhiệm hữu hạn một thành viên,"50/41/5 Nguyễn Quý Yêm, Phường An Lạc, Quận Bình Tân, Thành phố Hồ Chí Minh, Việt Nam",Quận Bình Tân,"4651: Bán buôn máy vi tính, thiết bị ngoại vi và phần mềm-;4652: Bán buôn thiết bị và linh kiện điện tử, viễn thông-;4659: Bán buôn máy móc, thiết bị và phụ tùng máy khác-;4742: Bán lẻ thiết bị nghe n",internet
314958153,CÔNG TY CỔ PHẦN TRƯỜNG AN STRUCTURE,CÔNG TY CỔ PHẦN TRƯỜNG AN STRU,Công ty cổ phần,"44/4A Đường Số 4, Khu Phố 3, Phường Bình Hưng Hòa A, Quận Bình Tân, Thành phố Hồ Chí Minh, Việt Nam",Quận Bình Tân,"4330: Hoàn thiện công trình xây dựng-;4390: Hoạt động xây dựng chuyên dụng khác-;4620: Bán buôn nông, lâm sản nguyên liệu (trừ gỗ, tre, nứa) và động vật sống-(không hoạt động tại trụ sở).;4632: Bán bu",internet
314990037,CÔNG TY TNHH VIỄN THÔNG HUỲNH CẦM LA,CÔNG TY TNHH VIỄN THÔNG HUỲNH ,Công ty trách nhiệm hữu hạn một thành viên,"64 Đường Số 5, Khu Phố 3, Phường Tân Tạo A, Quận Bình Tân, Thành phố Hồ Chí Minh, Việt Nam",Quận Bình Tân,"5911: Hoạt động sản xuất phim điện ảnh, phim video và chương trình truyền hình-Chi tiết: Sản xuất chương trình truyền hình (trừ sản xuất phim, phát sóng và không thực hiện các hiệu ứng cháy, nổ; không",internet
315409156,CÔNG TY TNHH HUMI BEAUTY,CÔNG TY TNHH HUMI BEAUTY,Công ty trách nhiệm hữu hạn hai thành viên trở lên,"Số 1036 Quốc Lộ 1A, Phường Tân Tạo A, Quận Bình Tân, Thành phố Hồ Chí Minh, Việt Nam",Quận Bình Tân,4662: Bán buôn kim loại và quặng kim loại-(trừ kinh doanh vàng miếng);8531: Đào tạo sơ cấp-; 8532: Đào tạo trung cấp-(không hoạt động tại trụ sở); 8699: Hoạt động y tế khác chưa được phân vào đâu-Chi ,internet
315413875,CÔNG TY TNHH SEO4PASSION,CÔNG TY TNHH SEO4PASSION,Công ty trách nhiệm hữu hạn một thành viên,"55 Đường Số 13, Phường Bình Trị Đông B, Quận Bình Tân, Thành phố Hồ Chí Minh, Việt Nam",Quận Bình Tân,"7410: Hoạt động thiết kế chuyên dụng-Chi tiết: Thiết kế website, thiết kế đồ họa, thiết kế logo thương hiệu; 6619: Hoạt động hỗ trợ dịch vụ tài chính chưa được phân vào đâu-Chi tiết: Hoạt động tư vấn ",internet
315087149,CÔNG TY TNHH THIÊN SINH NGA,CÔNG TY TNHH THIÊN SINH NGA,Công ty trách nhiệm hữu hạn hai thành viên trở lên,"34/8 Liên Khu 2-5, Phường Bình Trị Đông, Quận Bình Tân, Thành phố Hồ Chí Minh, Việt Nam",Quận Bình Tân,"4719: Bán lẻ khác trong các cửa hàng kinh doanh tổng hợp-(trừ kinh doanh khí dầu mỏ hóa lỏng LPG ,dược phẩm, hóa chất dùng trong nông nghiệp , vàng miếng, súng, đạn, loại dùng đi săn hoặc thể thao và ",internet
315441343,CÔNG TY TNHH THƯƠNG MẠI PENG TAI,CÔNG TY TNHH THƯƠNG MẠI PENG T,Công ty trách nhiệm hữu hạn một thành viên,"92 Đường Số 30, Phường Bình Trị Đông B, Quận Bình Tân, Thành phố Hồ Chí Minh, Việt Nam",Quận Bình Tân,"4663: Bán buôn vật liệu, thiết bị lắp đặt khác trong xây dựng-Chi tiết: Bán buôn đồ ngũ kim;4773: Bán lẻ hàng hóa khác mới trong các cửa hàng chuyên doanh-Chi tiết: Bán lẻ hàng lưu niệm, hàng đan lát,",internet
315181938,CÔNG TY TNHH SẢN XUẤT THƯƠNG MẠI LU SHENG FA,CÔNG TY TNHH SẢN XUẤT THƯƠNG M,Công ty trách nhiệm hữu hạn một thành viên,"14/29 Đường Trương Phước Phan, Phường Bình Trị Đông, Quận Bình Tân, Thành phố Hồ Chí Minh, Việt Nam",Quận Bình Tân,"5610: Nhà hàng và các dịch vụ ăn uống phục vụ lưu động-;4541: Bán mô tô, xe máy-Chi tiết
-	Bán buôn mô tô, xe máy điện loại mới và loại đã qua sử dụng
-	Bán lẻ buôn mô tô, xe máy điện loại mới và loại",internet
315191090,CÔNG TY TNHH TMDV VLXD NGỌC THẢO,CÔNG TY TNHH TMDV VLXD NGỌC TH,Công ty trách nhiệm hữu hạn một thành viên,"91 Mã Lò, Phường Bình Trị Đông A, Quận Bình Tân, Thành phố Hồ Chí Minh, Việt Nam",Quận Bình Tân,"4662: Bán buôn kim loại và quặng kim loại-Chi tiết: Bán buôn bán thành phẩm bằng sắt thép và kim loại màu, Bán buôn sắt thép dạng nguyên sinh và bán thành phẩm: phôi thép, thỏi, thanh, tấm, lá, dải, s",internet
315227212,CÔNG TY TNHH SX TM THIẾT BỊ THÀNH CÔNG,CÔNG TY TNHH SX TM THIẾT BỊ TH,Công ty trách nhiệm hữu hạn một thành viên,"144/36/53 Đường số 6, Phường Bình Hưng Hòa B, Quận Bình Tân, Thành phố Hồ Chí Minh, Việt Nam",Quận Bình Tân,"1622: Sản xuất đồ gỗ xây dựng-(không hoạt động tại trụ sở);1629: Sản xuất sản phẩm khác từ gỗ; sản xuất sản phẩm từ tre, nứa, rơm, rạ và vật liệu tết bện-(không hoạt động tại trụ sở);1811: In ấn-(trừ ",internet
315237676,CÔNG TY CỔ PHẦN ĐT XD SX TM BẮC NAM TRUNG,CÔNG TY CỔ PHẦN ĐT XD SX TM BẮ,Công ty cổ phần,"110 Đường Bình Thành, Phường Bình Hưng Hòa B, Quận Bình Tân, Thành phố Hồ Chí Minh, Việt Nam",Quận Bình Tân,"6619: Hoạt động hỗ trợ dịch vụ tài chính chưa được phân vào đâu-Chi tiết: Hoạt động tư vấn đầu tư (trừ tư vấn tài chính, kế toán, pháp luật);7020: Hoạt động tư vấn quản lý-(trừ tư vấn tài chính, kế to",internet
315259260,CÔNG TY TNHH HO SHENG MACHINERY TECHNOLOGY,CÔNG TY TNHH HO SHENG MACHINER,Công ty trách nhiệm hữu hạn một thành viên,"270/27 Lê Đình Cẩn, Phường Tân Tạo, Quận Bình Tân, Thành phố Hồ Chí Minh, Việt Nam",Quận Bình Tân,"3312: Sửa chữa máy móc, thiết bị-(không hoạt động tại trụ sở). (không bao gồm sửa chữa, bảo dưỡng tàu biển, máy bay, hoặc các phương tiện và thiết bị vận tải khác) (CPC 633);3320: Lắp đặt máy móc và t",technology
315344734,CÔNG TY TNHH SEN TÂY PHƯƠNG,CÔNG TY TNHH SEN TÂY PHƯƠNG,Công ty trách nhiệm hữu hạn một thành viên,"Số 193/26/4 Đường số 6, Khu phố 8, Phường Bình Hưng Hòa B, Quận Bình Tân, Thành phố Hồ Chí Minh, Việt Nam",Quận Bình Tân,"7020: Hoạt động tư vấn quản lý-(trừ tư vấn tài chính, kế toán, pháp luật);6619: Hoạt động hỗ trợ dịch vụ tài chính chưa được phân vào đâu-chi tiết:  Hoạt động tư vấn đầu tư (trừ tư vấn tài chính, kế t",internet
315357483,CÔNG TY TNHH DỊCH VỤ TIN HỌC TÂM ĐỨC COMPUTER,CÔNG TY TNHH DỊCH VỤ TIN HỌC T,Công ty trách nhiệm hữu hạn một thành viên,"123 Liên khu 4-5, Phường Bình Hưng Hòa B, Quận Bình Tân, Thành phố Hồ Chí Minh, Việt Nam",Quận Bình Tân,"4321: Lắp đặt hệ thống điện-Chi tiết: Lắp đặt hệ thống điện, hệ thống camera quan sát (trừ gia công cơ khí, tái chế phế thải, xi mạ điện tại tụi sở);5820: Xuất bản phần mềm-Chi tiết: Sản xuất phần mềm",computer
315425126,CÔNG TY TNHH TMDV LỢI ANH,CÔNG TY TNHH TMDV LỢI ANH,Công ty trách nhiệm hữu hạn một thành viên,"310/10/7/1 Mã Lò, Phường Bình Trị Đông A, Quận Bình Tân, Thành phố Hồ Chí Minh, Việt Nam",Quận Bình Tân,"7710: Cho thuê xe có động cơ-;7911: Đại lý du lịch-;7912: Điều hành tua du lịch-;7990: Dịch vụ đặt chỗ và các dịch vụ hỗ trợ liên quan đến quảng bá và tổ chức tua du lịch-;4610: Đại lý, môi giới, đấu ",internet
315427324,CÔNG TY TNHH THƯƠNG MẠI DỊCH VỤ KỸ THUẬT ĐIỆN - ĐIỆN NHẸ THẮNG LỢI,CÔNG TY TNHH THƯƠNG MẠI DỊCH V,Công ty trách nhiệm hữu hạn một thành viên,"50/30/1 Đường Nguyễn Quý Yêm, Phường An Lạc, Quận Bình Tân, Thành phố Hồ Chí Minh, Việt Nam",Quận Bình Tân,2640: Sản xuất sản phẩm điện tử dân dụng-;2740: Sản xuất thiết bị điện chiếu sáng-;2790: Sản xuất thiết bị điện khác-;2750: Sản xuất đồ điện dân dụng-;9521: Sửa chữa thiết bị nghe nhìn điện tử gia dụn,internet
315442379,CÔNG TY CỔ PHẦN GỌI BÁC SĨ 24H,CÔNG TY CỔ PHẦN GỌI BÁC SĨ 24H,Công ty cổ phần,"366/4 Lê Văn Quới, Phường Bình Hưng Hòa A, Quận Bình Tân, Thành phố Hồ Chí Minh, Việt Nam",Quận Bình Tân,6209: Hoạt động dịch vụ công nghệ thông tin và dịch vụ khác liên quan đến máy vi tính-Chi tiết: Khắc phục sự cố máy vi tính và cài đặt phần mềm.;6312: Cổng thông tin-chi tiết: Thiết lập trang thông ti,internet
315457294,CÔNG TY TNHH TM JOCELYNTEX,CÔNG TY TNHH TM JOCELYNTEX,Công ty trách nhiệm hữu hạn một thành viên,"Số 44D Đường Số 14, Khu phố 2, Phường An Lạc A, Quận Bình Tân, Thành phố Hồ Chí Minh, Việt Nam",Quận Bình Tân,"4610: Đại lý, môi giới, đấu giá hàng hóa-Chi tiết: Dịch vụ đại lý hoa hồng (CPC 621); 4649: Bán buôn đồ dùng khác cho gia đình-Chi tiết: Bán buôn vali, cặp, túi, hàng da và giả da khác.Bán buôn nước h",internet
315460233,CÔNG TY TNHH ĐẦU TƯ PHÁT TRIỂN THƯƠNG MẠI KIM AN,CÔNG TY TNHH ĐẦU TƯ PHÁT TRIỂN,Công ty trách nhiệm hữu hạn một thành viên,"25 Đường 21A, Phường Bình Trị Đông B, Quận Bình Tân, Thành phố Hồ Chí Minh, Việt Nam",Quận Bình Tân,"4321: Lắp đặt hệ thống điện-;4322: Lắp đặt hệ thống cấp, thoát nước, hệ thống sưởi và điều hoà không khí-(trừ lắp đặt các thiết bị lạnh (thiết bị cấp đông, kho lạnh, máy đá, điều hòa không khí, làm lạ",internet
315471732,CÔNG TY TNHH THƯƠNG MẠI VÀ DỊCH VỤ LĐ SOLUSION,CÔNG TY TNHH THƯƠNG MẠI VÀ DỊC,Công ty trách nhiệm hữu hạn hai thành viên trở lên,"173/44/15/48 An Dương Vương, Phường An Lạc, Quận Bình Tân, Thành phố Hồ Chí Minh, Việt Nam",Quận Bình Tân,"6209: Hoạt động dịch vụ công nghệ thông tin và dịch vụ khác liên quan đến máy vi tính-;6311: Xử lý dữ liệu, cho thuê và các hoạt động liên quan-;6312: Cổng thông tin-;4773: Bán lẻ hàng hóa khác mới tr",internet
315471186,CÔNG TY TNHH THÍ NGHIỆM KỸ THUẬT ĐIỆN NAM VIỆT,CÔNG TY TNHH THÍ NGHIỆM KỸ THU,Công ty trách nhiệm hữu hạn hai thành viên trở lên,"72/5/14 Đường Số 16, Phường Bình Hưng Hòa, Quận Bình Tân, Thành phố Hồ Chí Minh, Việt Nam",Quận Bình Tân,7740: Cho thuê tài sản vô hình phi tài chính-;6312: Cổng thông tin-chi tiết: Thiết lập trang thông tin điện tử tổng hợp.;6399: Dịch vụ thông tin khác chưa được phân vào đâu-;4322: Lắp đặt hệ thống cấp,internet
315468017,CÔNG TY TNHH THƯƠNG MẠI DỊCH VỤ PHÁT TRIỂN GIẢI PHÁP ONE STAR,CÔNG TY TNHH THƯƠNG MẠI DỊCH V,Công ty trách nhiệm hữu hạn một thành viên,"69/23/16 Đường Số 3, Phường Bình Hưng Hòa, Quận Bình Tân, Thành phố Hồ Chí Minh, Việt Nam",Quận Bình Tân,"5820: Xuất bản phần mềm-chi tiết: Sản xuất phần mềm;6190: Hoạt động viễn thông khác-Chi tiết: 
- Cung cấp truy cập Internet thông qua các mạng kết nối giữa khách hàng và 
ISP nhưng không do ISP sở hữu",internet
315494232,CÔNG TY TNHH CÔNG NGHỆ CAO NANO DHH,CÔNG TY TNHH CÔNG NGHỆ CAO NAN,Công ty trách nhiệm hữu hạn hai thành viên trở lên,"310/58 Chiến Lược, Khu Phố 3, Phường Bình Trị Đông A, Quận Bình Tân, Thành phố Hồ Chí Minh, Việt Nam",Quận Bình Tân,"4632: Bán buôn thực phẩm-Chi tiết: (không hoạt động tại trụ sở) Bán buôn thực phẩm chức năng; Bán buôn đường, sữa và các sản phẩm sữa, bánh kẹo và các sản phẩm chế biến từ ngũ cốc, bột, tinh bột; Bán ",internet
315498036,CÔNG TY TNHH THƯƠNG MẠI DỊCH VỤ KỸ NGHỆ TIARI,CÔNG TY TNHH THƯƠNG MẠI DỊCH V,Công ty trách nhiệm hữu hạn một thành viên,"82 Đường số 9, Phường Bình Hưng Hòa, Quận Bình Tân, Thành phố Hồ Chí Minh, Việt Nam",Quận Bình Tân,"6209: Hoạt động dịch vụ công nghệ thông tin và dịch vụ khác liên quan đến máy vi tính-Chi tiết: Dịch vụ phân tích hệ thống và bảo dưỡng hệ thống.;6311: Xử lý dữ liệu, cho thuê và các hoạt động liên qu",internet
315486390,CÔNG TY TNHH VIETNAM FUTUNE INTELLIGENCE TECHNOLOGY,CÔNG TY TNHH VIETNAM FUTUNE IN,Công ty trách nhiệm hữu hạn một thành viên,"184/1E Đường Lê Đình Cẩn, Phường Tân Tạo, Quận Bình Tân, Thành phố Hồ Chí Minh, Việt Nam",Quận Bình Tân,"7310: Quảng cáo-;4651: Bán buôn máy vi tính, thiết bị ngoại vi và phần mềm-;4652: Bán buôn thiết bị và linh kiện điện tử, viễn thông-;4659: Bán buôn máy móc, thiết bị và phụ tùng máy khác-Chi tiết: Bá",technology
315494659,CÔNG TY TNHH THƯƠNG MẠI DỊCH VỤ CÔNG NGHỆ NGUYỄN HÙNG,CÔNG TY TNHH THƯƠNG MẠI DỊCH V,Công ty trách nhiệm hữu hạn một thành viên,"159/10B Gò Xoài, Phường Bình Hưng Hòa A, Quận Bình Tân, Thành phố Hồ Chí Minh, Việt Nam",Quận Bình Tân,"4791: Bán lẻ theo yêu cầu đặt hàng qua bưu điện hoặc internet-(trừ bán lẻ hóa chất, khí dầu mỏ hóa lỏng LPG, dầu nhớt cặn, vàng miếng, súng, đạn loại dùng đi săn hoặc thể thao và tiền kim khí; Thực hi",internet
315510244,CÔNG TY TNHH SKV IMPORT & EXPORT,CÔNG TY TNHH SKV IMPORT  EXPOR,Công ty trách nhiệm hữu hạn một thành viên,"25/20/19A Phạm Đăng Giảng, Phường Bình Hưng Hòa, Quận Bình Tân, Thành phố Hồ Chí Minh, Việt Nam",Quận Bình Tân,"4632: Bán buôn thực phẩm-Chi tiết: Bán buôn thực phẩm, rau, củ, quả, các sản phẩm từ thịt (không hoạt động tại trụ sở).; Bán buôn sữa và các sản phẩm sữa, bánh kẹo và các sản phẩm chế biến từ ngũ cốc,",internet
315508284,CÔNG TY CỔ PHẦN THƯƠNG MẠI DỊCH VỤ GOLDEN HEALTH (SỨC KHỎE VÀNG),CÔNG TY CỔ PHẦN THƯƠNG MẠI DỊC,Công ty cổ phần,"193/2/31 Đường Số 6, Phường Bình Hưng Hòa B, Quận Bình Tân, Thành phố Hồ Chí Minh, Việt Nam",Quận Bình Tân,"4669: Bán buôn chuyên doanh khác chưa được phân vào đâu-(trừ bán buôn bình gas, khí dầu mỏ hóa lỏng LPG, dầu nhớt cặn, vàng miếng, súng, đạn loại dùng đi săn hoặc thể thao và tiền kim khí; trừ bán buô",internet
315508848,CÔNG TY TNHH  SẢN XUẤT NHỰA VÀ IN ẤN TRUNG ĐÔNG,CÔNG TY TNHH  SẢN XUẤT NHỰA VÀ,Công ty trách nhiệm hữu hạn hai thành viên trở lên,"4331/3 Đường Nguyễn Cửu Phú, Khu Phố 4, Phường Tân Tạo A, Quận Bình Tân, Thành phố Hồ Chí Minh, Việt Nam",Quận Bình Tân,"2220: Sản xuất sản phẩm từ plastic-chi tiết: ép vỏ chai nhựa (trừ Sản Xuất xốp cách nhiệt sử dụng ga R141b, sử dụng polyol trộn sẵn HCFC-141b);4669: Bán buôn chuyên doanh khác chưa được phân vào đâu-C",internet
315517313,CÔNG TY TNHH LEMATIE,CÔNG TY TNHH LEMATIE,Công ty trách nhiệm hữu hạn một thành viên,"172 Đường Miếu Bình Đông, Phường Bình Hưng Hòa A, Quận Bình Tân, Thành phố Hồ Chí Minh, Việt Nam",Quận Bình Tân,"4722: Bán lẻ thực phẩm trong các cửa hàng chuyên doanh-Chi tiết: Bán lẻ các loại thực phẩm, thực phẩm chức năng, bột trà xanh và các loại bột khác, đồ uống có cồn và không có cồn (thực hiện theo quyết",internet
315512805,CÔNG TY TNHH CÔNG NGHỆ TIN HỌC TRẦN LÊ,CÔNG TY TNHH CÔNG NGHỆ TIN HỌC,Công ty trách nhiệm hữu hạn một thành viên,"111 Tên Lửa, Phường Bình Trị Đông B, Quận Bình Tân, Thành phố Hồ Chí Minh, Việt Nam",Quận Bình Tân,"9000: Hoạt động sáng tác, nghệ thuật và giải trí-Chi tiết: Tổ chức biểu diễn nghệ thuật chuyên nghiệp (không thực hiện các hiệu ứng cháy, nổ; không sử dụng chất nổ, chất cháy, hóa chất làm đạo cụ, dụn",internet
315517803,CÔNG TY TNHH XÂY DỰNG THƯƠNG MẠI NHÀ TRẮNG,CÔNG TY TNHH XÂY DỰNG THƯƠNG M,Công ty trách nhiệm hữu hạn một thành viên,"423/6 Nguyễn Thị Tú, Khu phố 2, Phường Bình Hưng Hòa B, Quận Bình Tân, Thành phố Hồ Chí Minh, Việt Nam",Quận Bình Tân,"1512: Sản xuất vali, túi xách và các loại tương tự, sản xuất yên đệm-(trừ tẩy, nhuộm, hồ, in trên các sản phẩm vải sợi, dệt, may đan và gia công hàng đã qua sử dụng tại trụ sở);4329: Lắp đặt hệ thống ",internet
315523356,CÔNG TY TNHH YOLA,CÔNG TY TNHH YOLA,Công ty trách nhiệm hữu hạn hai thành viên trở lên,"Số 83 đường số 2, Phường Bình Hưng Hòa, Quận Bình Tân, Thành phố Hồ Chí Minh, Việt Nam",Quận Bình Tân,4632: Bán buôn thực phẩm-(không hoạt động tại trụ sở);4722: Bán lẻ thực phẩm trong các cửa hàng chuyên doanh-(Thực hiện theo Quyết định số 64/2009/QĐ-UBND ngày 31/07/2009 và Quyết định số 79/2009/QĐ-U,internet
315539243,CÔNG TY TNHH THƯƠNG MẠI VÀ DỊCH VỤ THIẾT BỊ ĐIỆN CAO THẮNG,CÔNG TY TNHH THƯƠNG MẠI VÀ DỊC,Công ty trách nhiệm hữu hạn hai thành viên trở lên,"Số 1 Đường 2C Nối Dài, Phường An Lạc, Quận Bình Tân, Thành phố Hồ Chí Minh, Việt Nam",Quận Bình Tân,"4649: Bán buôn đồ dùng khác cho gia đình-Chi tiết: Bán buôn đồ điện gia dụng, đèn và bộ đèn điện; Bán buôn dụng cụ thể dục, thể thao (trừ súng thể thao).;4659: Bán buôn máy móc, thiết bị và phụ tùng m",internet
315546554,CÔNG TY TNHH PHỤ LIỆU THỜI TRANG TÂN PHÁT,CÔNG TY TNHH PHỤ LIỆU THỜI TRA,Công ty trách nhiệm hữu hạn hai thành viên trở lên,"Số 44D Đường Số 14, Khu phố 2, Phường An Lạc A, Quận Bình Tân, Thành phố Hồ Chí Minh, Việt Nam",Quận Bình Tân,"1410: May trang phục (trừ trang phục từ da lông thú)-;3290: Sản xuất khác chưa được phân vào đâu-chi tiết: Sản xuất phụ liệu ngành may (không hoạt động tại trụ sở).;4610: Đại lý, môi giới, đấu giá hàn",internet
315546025,CÔNG TY TNHH THƯƠNG MẠI NY NGUYỄN,CÔNG TY TNHH THƯƠNG MẠI NY NGU,Công ty trách nhiệm hữu hạn một thành viên,"840/11A Hương lộ 2, Phường Bình Trị Đông A, Quận Bình Tân, Thành phố Hồ Chí Minh, Việt Nam",Quận Bình Tân,"4649: Bán buôn đồ dùng khác cho gia đình-Chi tiết: Bán buôn các loại nước hoa và mỹ phẩm. Bán buôn vali, cặp, túi, ví, hàng da và giả da khác; Bán buôn hàng du lịch bằng da, giả da và bằng các chất li",internet
315496487,CÔNG TY CỔ PHẦN ĐẦU TƯ TPT,CÔNG TY CỔ PHẦN ĐẦU TƯ TPT,Công ty cổ phần,"Số 02 đường 57A, Phường Tân Tạo, Quận Bình Tân, Thành phố Hồ Chí Minh, Việt Nam",Quận Bình Tân,"4659: Bán buôn máy móc, thiết bị và phụ tùng máy khác-Chi tiết: Bán buôn máy móc, thiết bị y tế.;4649: Bán buôn đồ dùng khác cho gia đình-Chi tiết: Bán buôn dược phẩm và dụng cụ y tế; Bán buôn nước ho",internet
315534742,CÔNG TY CỔ PHẦN XUẤT NHẬP KHẨU NATICO SÀI GÒN,CÔNG TY CỔ PHẦN XUẤT NHẬP KHẨU,Công ty cổ phần,"Số 16A Hoàng Văn Hợp, Phường An Lạc A, Quận Bình Tân, Thành phố Hồ Chí Minh, Việt Nam",Quận Bình Tân,"4752: Bán lẻ đồ ngũ kim, sơn, kính và thiết bị lắp đặt khác trong xây dựng trong các cửa hàng chuyên doanh-(không hoạt động tại trụ sở).;4759: Bán lẻ đồ điện gia dụng, giường, tủ, bàn, ghế và đồ nội t",internet
315535707,CÔNG TY CỔ PHẦN THƯƠNG MẠI DỊCH VỤ VÀ PHÁT TRIỂN VIỆT HẢI,CÔNG TY CỔ PHẦN THƯƠNG MẠI DỊC,Công ty cổ phần,"808 Quốc Lộ 1A, Khu Phố 6, Phường Bình Hưng Hòa B, Quận Bình Tân, Thành phố Hồ Chí Minh, Việt Nam",Quận Bình Tân,"4661: Bán buôn nhiên liệu rắn, lỏng, khí và các sản phẩm liên quan-Chi tiết: Bán buôn xăng, dầu nhớt, than đá, than củi và nhiên liệu rắn khác (trừ kinh doanh khí dầu mỏ hóa lỏng LPG và dầu nhớt cặn);",internet
315549587,CÔNG TY CỔ PHẦN CÔNG NGHỆ SOLABIT,CÔNG TY CỔ PHẦN CÔNG NGHỆ SOLA,Công ty cổ phần,"34 Đường số 12, Khu Phố 2 , Phường An Lạc A, Quận Bình Tân, Thành phố Hồ Chí Minh, Việt Nam",Quận Bình Tân,"1701: Sản xuất bột giấy, giấy và bìa-Chi tiết: Sản xuất sản phẩm từ giấy;2610: Sản xuất linh kiện điện tử-;2620: Sản xuất máy vi tính và thiết bị ngoại vi của máy vi tính-;2630: Sản xuất thiết bị truy",internet
315558567,CÔNG TY TNHH TƯ VẤN DỊCH VỤ THƯƠNG MẠI S.E,CÔNG TY TNHH TƯ VẤN DỊCH VỤ TH,Công ty trách nhiệm hữu hạn hai thành viên trở lên,"931/14/10 Hương Lộ 2, Phường Bình Trị Đông A, Quận Bình Tân, Thành phố Hồ Chí Minh, Việt Nam",Quận Bình Tân,"6399: Dịch vụ thông tin khác chưa được phân vào đâu-(trừ các dịch vụ cắt xén thông tin, báo chí);6619: Hoạt động hỗ trợ dịch vụ tài chính chưa được phân vào đâu-chi tiết: tư vấn đầu tư (trừ tư vấn tài",internet
315547766,CÔNG TY TNHH SẢN XUẤT - THƯƠNG MẠI - XUẤT NHẬP KHẨU NGHĨA PHÁT,CÔNG TY TNHH SẢN XUẤT  THƯƠNG ,Công ty trách nhiệm hữu hạn hai thành viên trở lên,"413/41/3/14A Lê Văn Quới, khu phố 5, Phường Bình Trị Đông A, Quận Bình Tân, Thành phố Hồ Chí Minh, Việt Nam",Quận Bình Tân,"4649: Bán buôn đồ dùng khác cho gia đình-chi tiết: Bán buôn nước hoa, hàng mỹ phẩm và chế phẩm vệ sinh; Bán buôn đồ điện gia dụng, đèn và bộ đèn điện; Bán buôn giường, tủ, bàn ghế và đồ dùng nội thất ",internet
315565074,CÔNG TY TNHH DỊCH VỤ TIẾP THỊ TÀI CHÍNH VIỆT,CÔNG TY TNHH DỊCH VỤ TIẾP THỊ ,Công ty trách nhiệm hữu hạn một thành viên,"214 Đường 1A, Phường Bình Hưng Hòa B, Quận Bình Tân, Thành phố Hồ Chí Minh, Việt Nam",Quận Bình Tân,"7490: Hoạt động chuyên môn, khoa học và công nghệ khác chưa được phân vào đâu-Chi tiết: Tư vấn sử dụng và tư vấn lắp đặt máy móc thiết bị điện tử, viễn thông;6209: Hoạt động dịch vụ công nghệ thông ti",internet
315511488,CÔNG TY TNHH THƯƠNG MẠI AN VIỆT THÁI,CÔNG TY TNHH THƯƠNG MẠI AN VIỆ,Công ty trách nhiệm hữu hạn một thành viên,"57/48 Đường Số 3, Phường Bình Hưng Hòa A, Quận Bình Tân, Thành phố Hồ Chí Minh, Việt Nam",Quận Bình Tân,"4659: Bán buôn máy móc, thiết bị và phụ tùng máy khác-Chi tiết: Bán buôn máy móc, thiết bị và phụ tùng trong ngành mỹ phẩm làm đẹp;4652: Bán buôn thiết bị và linh kiện điện tử, viễn thông-Chi tiết: Bá",lap top
315546226,CÔNG TY TNHH PHÁT TRIỂN CÔNG NGHỆ TRANG ANH,CÔNG TY TNHH PHÁT TRIỂN CÔNG N,Công ty trách nhiệm hữu hạn một thành viên,"Số 22 Hồ Văn Long, Phường Bình Hưng Hòa B, Quận Bình Tân, Thành phố Hồ Chí Minh, Việt Nam",Quận Bình Tân,"4659: Bán buôn máy móc, thiết bị và phụ tùng máy khác-Chi tiết: 
Bán buôn máy móc, thiết bị điện, vật liệu điện (máy phát điện, động cơ điện, dây điện và thiết bị khác dùng trong mạch điện). Bán buôn ",internet
315571575,CÔNG TY CỔ PHẦN CÔNG NGHỆ SÀI GÒN NEW,CÔNG TY CỔ PHẦN CÔNG NGHỆ SÀI ,Công ty cổ phần,"533 Lê Văn Quới, Phường Bình Trị Đông A, Quận Bình Tân, Thành phố Hồ Chí Minh, Việt Nam",Quận Bình Tân,5229: Hoạt động dịch vụ hỗ trợ khác liên quan đến vận tải-Chi tiết: hoạt động của đại lý làm thủ tục hải quan; giao nhận hàng hóa;4669: Bán buôn chuyên doanh khác chưa được phân vào đâu-chi tiết: Bán ,internet
315561496,CÔNG TY TNHH MỘT THÀNH VIÊN XUẤT NHẬP KHẨU SẮT THÉP ĐÔNG DƯƠNG,CÔNG TY TNHH MỘT THÀNH VIÊN XU,Công ty trách nhiệm hữu hạn một thành viên,"334/11 Liên Khu 4-5, Phường Bình Hưng Hòa B, Quận Bình Tân, Thành phố Hồ Chí Minh, Việt Nam",Quận Bình Tân,"4662: Bán buôn kim loại và quặng kim loại-(trừ mua bán vàng miếng).;4663: Bán buôn vật liệu, thiết bị lắp đặt khác trong xây dựng-;4669: Bán buôn chuyên doanh khác chưa được phân vào đâu-(trừ bán buôn",internet
315566046,CÔNG TY TNHH THIẾT KẾ VÀ CÔNG NGHỆ MINH ANH,CÔNG TY TNHH THIẾT KẾ VÀ CÔNG ,Công ty trách nhiệm hữu hạn một thành viên,"Số 76 Đường Số 2, Khu Dân Cư Vĩnh Lộc, Phường Bình Hưng Hòa B, Quận Bình Tân, Thành phố Hồ Chí Minh, Việt Nam",Quận Bình Tân,3290: Sản xuất khác chưa được phân vào đâu-Chi tiết: Sản xuất thiết bị máy tính hỗ trợ phần mềm;4321: Lắp đặt hệ thống điện-Chi tiết: Lắp đặt hệ thống điện ở tất cả các công trình nhà ở và dân dụng gồ,internet
315580280,CÔNG TY TNHH QUẢNG CÁO TRUYỀN THÔNG SAO KIM,CÔNG TY TNHH QUẢNG CÁO TRUYỀN ,Công ty trách nhiệm hữu hạn hai thành viên trở lên,"5/15/2 Đường Hồ Văn Long, Khu phố 1, Phường Bình Hưng Hòa B, Quận Bình Tân, Thành phố Hồ Chí Minh, Việt Nam",Quận Bình Tân,"7310: Quảng cáo-chi tiết: Sáng tạo và thực hiện các chiến dịch quảng cáo:Sáng tạo và đặt quảng cáo trong báo, tạp chí, đài phát thanh, truyền hình, internet và các phương tiện truyền thông khác; đặt q",internet
315567025,CÔNG TY TNHH THƯƠNG MẠI DỊCH VỤ VÀ XUẤT NHẬP KHẨU PHÚ THÁI,CÔNG TY TNHH THƯƠNG MẠI DỊCH V,Công ty trách nhiệm hữu hạn hai thành viên trở lên,"Số 32 Đường số 4, Phường An Lạc A, Quận Bình Tân, Thành phố Hồ Chí Minh, Việt Nam",Quận Bình Tân,"2592: Gia công cơ khí; xử lý và tráng phủ kim loại-;3319: Sửa chữa thiết bị khác-(không gia công cơ khí, tái chế phế thải, xi mạ điện tại trụ sở).;3320: Lắp đặt máy móc và thiết bị công nghiệp-(trừ lắ",internet
315527777,CÔNG TY TNHH DỊCH VỤ THƯƠNG MẠI PHÁT TRIỂN KIM NGÂN,CÔNG TY TNHH DỊCH VỤ THƯƠNG MẠ,Công ty trách nhiệm hữu hạn một thành viên,"14 Võ Trần Chí , Khu Phố 3, Phường Tân Tạo, Quận Bình Tân, Thành phố Hồ Chí Minh, Việt Nam",Quận Bình Tân,"4933: Vận tải hàng hóa bằng đường bộ-Chi tiết: vận tải hàng hóa bằng ô tô loại khác (trừ ô tô chuyên dụng);4669: Bán buôn chuyên doanh khác chưa được phân vào đâu-Chi tiết: Bán buôn phế liệu, phế thải",internet
315588177,CÔNG TY TNHH VIỆT SKY SOLAR,CÔNG TY TNHH VIỆT SKY SOLAR,Công ty trách nhiệm hữu hạn hai thành viên trở lên,"Số 73, Đường số 57, Phường Tân Tạo, Quận Bình Tân, Thành phố Hồ Chí Minh, Việt Nam",Quận Bình Tân,"4799: Bán lẻ hình thức khác chưa được phân vào đâu-Chi tiết: Bán lẻ pin, tấm pin năng lượng mặt trời (trừ bán lẻ bình gas, khí dầu mỏ hóa lỏng LPG, dầu nhớt cặn, vàng miếng, súng, đạn loại dùng đi săn",internet
315595230,CÔNG TY TNHH THƯƠNG MẠI DỊCH VỤ ĐIỆN TỬ 421,CÔNG TY TNHH THƯƠNG MẠI DỊCH V,Công ty trách nhiệm hữu hạn một thành viên,"421 - 423 Vành Đai Trong, Khu phố 6, Phường Bình Trị Đông B, Quận Bình Tân, Thành phố Hồ Chí Minh, Việt Nam",Quận Bình Tân,9329: Hoạt động vui chơi giải trí khác chưa được phân vào đâu-Chi tiết: Kinh doanh trò chơi điện tử (trừ hoạt động kinh doanh trò chơi điện tử có thưởng dành cho người nước ngoài và kinh doanh trò chơ,internet
315578877,CÔNG TY TNHH THƯƠNG MẠI DỊCH VỤ TRUYỀN THÔNG ĐÔNG Á,CÔNG TY TNHH THƯƠNG MẠI DỊCH V,Công ty trách nhiệm hữu hạn một thành viên,"150/37/04 Đường 26 Tháng 03, Phường Bình Hưng Hòa, Quận Bình Tân, Thành phố Hồ Chí Minh, Việt Nam",Quận Bình Tân,"7020: Hoạt động tư vấn quản lý-(trừ tư vấn tài chính, kế toán, pháp luật).;4752: Bán lẻ đồ ngũ kim, sơn, kính và thiết bị lắp đặt khác trong xây dựng trong các cửa hàng chuyên doanh-;8230: Tổ chức giớ",internet
315588360,CÔNG TY TNHH DỊCH VỤ GIẢI TRÍ GAME KIM YẾN,CÔNG TY TNHH DỊCH VỤ GIẢI TRÍ ,Công ty trách nhiệm hữu hạn một thành viên,"26/41/2B Võ Văn Vân, Khu Phố 1, Phường Tân Tạo, Quận Bình Tân, Thành phố Hồ Chí Minh, Việt Nam",Quận Bình Tân,6190: Hoạt động viễn thông khác-Chi tiết: Hoạt động của các điểm truy cập internet;9329: Hoạt động vui chơi giải trí khác chưa được phân vào đâu-Chi tiết: Kinh doanh trò chơi điện tử (trừ kinh doanh t,internet
315594068,CÔNG TY TNHH THƯƠNG MẠI CCMT,CÔNG TY TNHH THƯƠNG MẠI CCMT,Công ty trách nhiệm hữu hạn một thành viên,"14 Đường số 4, Phường An Lạc, Quận Bình Tân, Thành phố Hồ Chí Minh, Việt Nam",Quận Bình Tân,"4781: Bán lẻ lương thực, thực phẩm, đồ uống, thuốc lá, thuốc lào lưu động hoặc tại chợ-(thực hiện theo Quyết định số 64/2009/QĐ-UBND ngày 31/07/2009 và Quyết định số 79/2009/QĐ-UBND ngày 17/10/2009 củ",internet
315602167,CÔNG TY CỔ PHẦN SẢN XUẤT THƯƠNG MẠI DỊCH VỤ XÂY DỰNG PHÚC AN,CÔNG TY CỔ PHẦN SẢN XUẤT THƯƠN,Công ty cổ phần,"51D Nguyễn Trọng Trí, Phường An Lạc A, Quận Bình Tân, Thành phố Hồ Chí Minh, Việt Nam",Quận Bình Tân,"4299: Xây dựng công trình kỹ thuật dân dụng khác-;4321: Lắp đặt hệ thống điện-;4322: Lắp đặt hệ thống cấp, thoát nước, hệ thống sưởi và điều hoà không khí-(trừ gia công cơ khí, tái chế phế thải, xi mạ",internet
315597830,CÔNG TY TNHH BẤT ĐỘNG SẢN VẠN PHƯỚC LAND,CÔNG TY TNHH BẤT ĐỘNG SẢN VẠN ,Công ty trách nhiệm hữu hạn một thành viên,"70 Trương Phước Phan, Khu phố 6, Phường Bình Trị Đông, Quận Bình Tân, Thành phố Hồ Chí Minh, Việt Nam",Quận Bình Tân,"4322: Lắp đặt hệ thống cấp, thoát nước, hệ thống sưởi và điều hoà không khí-(trừ lắp đặt các thiết bị điện lạnh (thiết bị cấp đông, kho lạnh, máy đá, điều hòa không khí, làm lạnh nước) sử dụng ga lạnh",internet
315602618,CÔNG TY CỔ PHẦN TƯ VẤN CCIC,CÔNG TY CỔ PHẦN TƯ VẤN CCIC,Công ty cổ phần,"Số 5 Đường số 2, Phường Bình Trị Đông B, Quận Bình Tân, Thành phố Hồ Chí Minh, Việt Nam",Quận Bình Tân,"4321: Lắp đặt hệ thống điện-chi tiết: Lắp đặt hệ thống âm thanh, điện lạnh, viễn thông, mạng máy vi tính văn phòng (trừ gia công cơ khí, tái chế phế thải, xi mạ điện tại trụ sở);4329: Lắp đặt hệ thống",internet
315601678,CÔNG TY TNHH SẢN XUẤT THƯƠNG MẠI DỊCH VỤ KĨ THUẬT GLOBAL WIND,CÔNG TY TNHH SẢN XUẤT THƯƠNG M,Công ty trách nhiệm hữu hạn một thành viên,"4/5A Liên Khu 5-6, khu phố 7, Phường Bình Hưng Hòa B, Quận Bình Tân, Thành phố Hồ Chí Minh, Việt Nam",Quận Bình Tân,"4330: Hoàn thiện công trình xây dựng-;4610: Đại lý, môi giới, đấu giá hàng hóa-Chi tiết: Đại lý, môi giới (trừ môi giới bất động sản);4651: Bán buôn máy vi tính, thiết bị ngoại vi và phần mềm-;4652: B",internet
315575788,CÔNG TY TNHH  TIN HỌC QUANG PHÁT,CÔNG TY TNHH  TIN HỌC QUANG PH,Công ty trách nhiệm hữu hạn hai thành viên trở lên,"129/25/5 Liên Khu 5-6, Khu Phố 10, Phường Bình Hưng Hòa B, Quận Bình Tân, Thành phố Hồ Chí Minh, Việt Nam",Quận Bình Tân,"4669: Bán buôn chuyên doanh khác chưa được phân vào đâu-Chi tiết: Bán buôn mực in; Bán buôn hóa chất khác sử dụng trong công nghiệp, phụ gia thực phẩm (không tồn trữ hóa chất) (Doanh nghiệp chỉ được k",internet
315616339,CÔNG TY TNHH THƯƠNG MẠI MẬU DỊCH CHÍNH HOÀNG,CÔNG TY TNHH THƯƠNG MẠI MẬU DỊ,Công ty trách nhiệm hữu hạn một thành viên,"40-42 Đường Số 47, Khu Phố 8, Phường Tân Tạo, Quận Bình Tân, Thành phố Hồ Chí Minh, Việt Nam",Quận Bình Tân,"3320: Lắp đặt máy móc và thiết bị công nghiệp-Chi tiết: Lắp đặt máy móc, thiết bị ngành giày dép (trừ gia công cơ khí, tái chế phế thải, xi mạ điện tại trụ sở). (CPC 885-884); 3312: Sửa chữa máy móc, ",internet
315631351,CÔNG TY CỔ PHẦN CÔNG NGHỆ EPSWIFI,CÔNG TY CỔ PHẦN CÔNG NGHỆ EPSW,Công ty cổ phần,"69A, Đường số 19, Khu phố 4, Phường Bình Hưng Hòa A, Quận Bình Tân, Thành phố Hồ Chí Minh, Việt Nam",Quận Bình Tân,"4321: Lắp đặt hệ thống điện-Chi tiết: Dây dẫn và thiết bị điện; Đường dây thông tin liên lạc; Mạng máy tính và dây cáp truyền hình, bao gồm cả cáp quang học;7310: Quảng cáo-;8299: Hoạt động dịch vụ hỗ",internet
315640701,CÔNG TY TNHH THƯƠNG MẠI VÀ DỊCH VỤ PHARMA TECH,CÔNG TY TNHH THƯƠNG MẠI VÀ DỊC,Công ty trách nhiệm hữu hạn một thành viên,"230/1 Mã Lò, Phường Bình Trị Đông A, Quận Bình Tân, Thành phố Hồ Chí Minh, Việt Nam",Quận Bình Tân,"4649: Bán buôn đồ dùng khác cho gia đình-chi tiết: bán buôn thuốc thú y.; 4772: Bán lẻ thuốc, dụng cụ y tế, mỹ phẩm và vật phẩm vệ sinh trong các cửa hàng chuyên doanh-Chi tiết: - Bán lẻ thuốc thú y, ",internet
315632813,CÔNG TY TNHH ĐẦU TƯ PHÁT TRIỂN KIM YẾN,CÔNG TY TNHH ĐẦU TƯ PHÁT TRIỂN,Công ty trách nhiệm hữu hạn một thành viên,"193/40 đường số 6, Phường Bình Hưng Hòa B, Quận Bình Tân, Thành phố Hồ Chí Minh, Việt Nam",Quận Bình Tân,"4101: Xây dựng nhà để ở-;4102: Xây dựng nhà không để ở-;4610: Đại lý, môi giới, đấu giá hàng hóa-Chi tiết: Đại lý, môi giới;4641: Bán buôn vải, hàng may mặc, giày dép-;4649: Bán buôn đồ dùng khác cho ",internet
315627299,CÔNG TY TNHH TRÒ CHƠI ĐIỆN TỬ PHƯƠNG VY,CÔNG TY TNHH TRÒ CHƠI ĐIỆN TỬ ,Công ty trách nhiệm hữu hạn một thành viên,"Số 106A Đường Số 14, Khu Phố 7, Phường Bình Hưng Hòa A, Quận Bình Tân, Thành phố Hồ Chí Minh, Việt Nam",Quận Bình Tân,9329: Hoạt động vui chơi giải trí khác chưa được phân vào đâu-Chi tiết: Kinh doanh trò chơi điện tử (trừ hoạt động kinh doanh trò chơi điện tử có thưởng dành cho người nước ngoài và kinh doanh trò chơ,internet
315586229,CÔNG TY TNHH DỊCH VỤ KỸ THUẬT DIY,CÔNG TY TNHH DỊCH VỤ KỸ THUẬT ,Công ty trách nhiệm hữu hạn hai thành viên trở lên,"3A Đường số 4, Phường Bình Hưng Hòa A, Quận Bình Tân, Thành phố Hồ Chí Minh, Việt Nam",Quận Bình Tân,"6209: Hoạt động dịch vụ công nghệ thông tin và dịch vụ khác liên quan đến máy vi tính-;6311: Xử lý dữ liệu, cho thuê và các hoạt động liên quan-(trừ kinh doanh đại lý cung cấp dịch vụ truy cập interne",internet
315589413,CÔNG TY TNHH THƯƠNG MẠI VÀ DỊCH VỤ BÌNH MINH GLASS,CÔNG TY TNHH THƯƠNG MẠI VÀ DỊC,Công ty trách nhiệm hữu hạn hai thành viên trở lên,"78 Đường Số 24A, Phường Bình Trị Đông B, Quận Bình Tân, Thành phố Hồ Chí Minh, Việt Nam",Quận Bình Tân,"4649: Bán buôn đồ dùng khác cho gia đình-Chi tiết: Bán buôn các sản phẩm từ thủy tinh; Bán buôn đồ dùng khác cho gia đình bằng gốm, sứ, thủy tinh (trừ kinh doanh dược phẩm);4669: Bán buôn chuyên doanh",internet
315643131,CÔNG TY CỔ PHẦN TƯ VẤN ANB,CÔNG TY CỔ PHẦN TƯ VẤN ANB,Công ty cổ phần,"137/34 Bình Long , Phường Bình Hưng Hòa A, Quận Bình Tân, Thành phố Hồ Chí Minh, Việt Nam",Quận Bình Tân,"4610: Đại lý, môi giới, đấu giá hàng hóa--Chi tiết: Đại lý, môi giới;4773: Bán lẻ hàng hóa khác mới trong các cửa hàng chuyên doanh--(trừ bán lẻ bình gas, khí dầu mỏ hóa lỏng LPG, súng, đạn loại dùng ",internet
315610898,CÔNG TY TNHH THƯƠNG MẠI DỊCH VỤ TOÀN MỸ,CÔNG TY TNHH THƯƠNG MẠI DỊCH V,Công ty trách nhiệm hữu hạn hai thành viên trở lên,"Số 22 Đường số 6, Phường Bình Trị Đông B, Quận Bình Tân, Thành phố Hồ Chí Minh, Việt Nam",Quận Bình Tân,"6190: Hoạt động viễn thông khác-Chi tiết: Hoạt động của các điểm truy cập internet, điểm cung cấp dịch vụ trò chơi điện tử công cộng (trừ kinh doanh trò chơi điện tử có thưởng cho người nước ngoài và ",internet
315655779,CÔNG TY TNHH LIEN AND ALLIANCE,CÔNG TY TNHH LIEN AND ALLIANCE,Công ty trách nhiệm hữu hạn một thành viên,"Số 859 Hương Lộ 2, Phường Bình Trị Đông A, Quận Bình Tân, Thành phố Hồ Chí Minh, Việt Nam",Quận Bình Tân,"4722: Bán lẻ thực phẩm trong các cửa hàng chuyên doanh-Chi tiết: Bán lẻ rau quả, trái cây tươi và nông sản trong các cửa hàng chuyên doanh. (thực hiện theo Quyết định số 64/2009/QĐ-UBND ngày 31/07/200",internet
315656476,CÔNG TY TNHH NGŨ SẮC VIỆT,CÔNG TY TNHH NGŨ SẮC VIỆT,Công ty trách nhiệm hữu hạn hai thành viên trở lên,"1648/8A Tỉnh Lộ 10, Phường Tân Tạo, Quận Bình Tân, Thành phố Hồ Chí Minh, Việt Nam",Quận Bình Tân,"4791: Bán lẻ theo yêu cầu đặt hàng qua bưu điện hoặc internet-(trừ đấu giá, bán lẻ bình gas, súng, đạn loại dùng đi săn hoặc thể thao, tiền kim khí và mua bán vàng miếng; thực hiện theo Quyết định 64/",internet
315684177,CÔNG TY TNHH THƯƠNG MẠI DỊCH VỤ KỸ THUẬT HỒNG QUANG MINH,CÔNG TY TNHH THƯƠNG MẠI DỊCH V,Công ty trách nhiệm hữu hạn một thành viên,"40/19/18 Đường Số 8, Khu Phố 16, Phường Bình Hưng Hòa A, Quận Bình Tân, Thành phố Hồ Chí Minh, Việt Nam",Quận Bình Tân,"4652: Bán buôn thiết bị và linh kiện điện tử, viễn thông-;4321: Lắp đặt hệ thống điện-;4773: Bán lẻ hàng hóa khác mới trong các cửa hàng chuyên doanh-Chi tiết: Bán lẻ đồng hồ, kính mắt. Bán lẻ máy ảnh",internet
315632531,CÔNG TY TNHH MTV TM DV GIA TRANG,CÔNG TY TNHH MTV TM DV GIA TRA,Công ty trách nhiệm hữu hạn một thành viên,"Số 38/36 Khiếu Năng Tĩnh, Phường An Lạc A, Quận Bình Tân, Thành phố Hồ Chí Minh, Việt Nam",Quận Bình Tân,"4711: Bán lẻ lương thực, thực phẩm, đồ uống, thuốc lá, thuốc lào chiếm tỷ trọng lớn trong các cửa hàng kinh doanh tổng hợp-(Thực hiện theo quyết định 64/2009/QĐ-UBND ngày 31/7/2009 và quyết định 79/20",internet
315682973,CÔNG TY TNHH THƯƠNG MẠI DỊCH VỤ W&W,CÔNG TY TNHH THƯƠNG MẠI DỊCH V,Công ty trách nhiệm hữu hạn hai thành viên trở lên,"147/15 Đường số 15, Phường Bình Hưng Hòa, Quận Bình Tân, Thành phố Hồ Chí Minh, Việt Nam",Quận Bình Tân,1812: Dịch vụ liên quan đến in-;2592: Gia công cơ khí; xử lý và tráng phủ kim loại-Chi tiết: Gia công các vật phẩm quảng cáo;3290: Sản xuất khác chưa được phân vào đâu-Chi tiết: Sản xuất các,internet
315673866,CÔNG TY CỔ PHẦN CÔNG NGHỆ QUỐC TẾ THIÊN NGỌC,CÔNG TY CỔ PHẦN CÔNG NGHỆ QUỐC,Công ty cổ phần,"243/16 Mã Lò, Phường Bình Trị Đông A, Quận Bình Tân, Thành phố Hồ Chí Minh, Việt Nam",Quận Bình Tân,"5510: Dịch vụ lưu trú ngắn ngày-Chi tiết: Khách sạn; Biệt thự hoặc căn hộ kinh doanh dịch vụ lưu trú ngắn ngày; Nhà khách, nhà nghỉ kinh doanh dịch vụ lưu trú ngắn ngày; Nhà trọ, phòng trọ và các cơ s",internet
315697680,CÔNG TY TNHH VIỆT MỸ CERAMIC,CÔNG TY TNHH VIỆT MỸ CERAMIC,Công ty trách nhiệm hữu hạn hai thành viên trở lên,"618 Trần Đại Nghĩa, Phường Tân Tạo A, Quận Bình Tân, Thành phố Hồ Chí Minh, Việt Nam",Quận Bình Tân,"4649: Bán buôn đồ dùng khác cho gia đình-Chi tiết: Bán buôn nước hoa, hàng mỹ phẩm và chế phẩm vệ sinh; Bán buôn hàng gốm, sứ, thủy tinh; Bán buôn đồ điện gia dụng, đèn và bộ đèn điện; Bán buôn giường",internet
315677099,CÔNG TY TNHH DỊCH VỤ TRUNG PHÁT BẠCH,CÔNG TY TNHH DỊCH VỤ TRUNG PHÁ,Công ty trách nhiệm hữu hạn một thành viên,"Số 219 Đường số 7, Phường Bình Trị Đông B, Quận Bình Tân, Thành phố Hồ Chí Minh, Việt Nam",Quận Bình Tân,"4329: Lắp đặt hệ thống xây dựng khác-Chi tiết: Lắp đặt hệ thống mạng máy tính (trừ gia công cơ khí, tái chế phế thải, xi mạ điện tại trụ sở).;7310: Quảng cáo-;5610: Nhà hàng và các dịch vụ ăn uống phụ",internet
315687668,CÔNG TY TNHH MOSAIC HOUSE,CÔNG TY TNHH MOSAIC HOUSE,Công ty trách nhiệm hữu hạn hai thành viên trở lên,"38  Đường Số 53A, Phường Tân Tạo, Quận Bình Tân, Thành phố Hồ Chí Minh, Việt Nam",Quận Bình Tân,"4610: Đại lý, môi giới, đấu giá hàng hóa-Chi tiết: Dịch vụ đại lý hoa hồng;4791: Bán lẻ theo yêu cầu đặt hàng qua bưu điện hoặc internet-(trừ bán lẻ bình gas, khí dầu mỏ hóa lỏng LPG, dầu nhớt cặn, và",internet
315671989,CÔNG TY TNHH GREEN GLORY,CÔNG TY TNHH GREEN GLORY,Công ty trách nhiệm hữu hạn một thành viên,"356/10/26 Tỉnh lộ 10, Khu phố 14, Phường Bình Trị Đông, Quận Bình Tân, Thành phố Hồ Chí Minh, Việt Nam",Quận Bình Tân,"4663: Bán buôn vật liệu, thiết bị lắp đặt khác trong xây dựng-Chi tiết: Bán buôn tre, nứa, gỗ cây và gỗ chế biến;3240: Sản xuất đồ chơi, trò chơi-(không hoạt động tại trụ sở);3100: Sản xuất giường, tủ",internet
315676842,CÔNG TY TNHH ĐẦU TƯ TÀI CHÍNH BTC,CÔNG TY TNHH ĐẦU TƯ TÀI CHÍNH ,Công ty trách nhiệm hữu hạn một thành viên,"Số 354/47/2 Đường Quốc Lộ 1, Khu Phố 3, Phường Bình Hưng Hòa B, Quận Bình Tân, Thành phố Hồ Chí Minh, Việt Nam",Quận Bình Tân,"7020: Hoạt động tư vấn quản lý-(trừ tư vấn tài chính, kế toán);1010: Chế biến, bảo quản thịt và các sản phẩm từ thịt-Chi tiết: Chế biến và đóng hộp thịt (không hoạt động tại trụ sở); Chế biến và bảo q",internet
315694908,CÔNG TY TNHH OASISPARK (VIETNAM) CHILDREN PRODUCTS,CÔNG TY TNHH OASISPARK VIETNAM,Công ty trách nhiệm hữu hạn một thành viên,"194 Tên Lửa, Phường Bình Trị Đông B, Quận Bình Tân, Thành phố Hồ Chí Minh, Việt Nam",Quận Bình Tân,"4759: Bán lẻ đồ điện gia dụng, giường, tủ, bàn, ghế và đồ nội thất tương tự, đèn và bộ đèn điện, đồ dùng gia đình khác chưa được phân vào đâu  trong các cửa hàng chuyên doanh-(CPC: 632);4782: Bán lẻ h",internet
315691826,CÔNG TY TNHH THƯƠNG MẠI DỊCH VỤ GIRONA,CÔNG TY TNHH THƯƠNG MẠI DỊCH,Công ty trách nhiệm hữu hạn hai thành viên trở lên,"39 Đường G9, Khu Đô Thị Mới Vĩnh Lộc, Phường Bình Hưng Hòa B, Quận Bình Tân, Thành phố Hồ Chí Minh, Việt Nam",Quận Bình Tân,"4783: Bán lẻ thiết bị công nghệ thông tin liên lạc lưu động hoặc tại chợ-;4791: Bán lẻ theo yêu cầu đặt hàng qua bưu điện hoặc internet-(trừ bán lẻ bình gas, súng, đạn loại dùng đi săn hoặc thể thao, ",internet
315686590,CÔNG TY CỔ PHẦN EC FOODS,CÔNG TY CỔ PHẦN EC FOODS,Công ty cổ phần,"151/67/59/10 Liên Khu 4-5, Phường Bình Hưng Hòa B, Quận Bình Tân, Thành phố Hồ Chí Minh, Việt Nam",Quận Bình Tân,"1075: Sản xuất món ăn, thức ăn chế biến sẵn-(không hoạt động tại trụ sở).;1079: Sản xuất thực phẩm khác chưa được phân vào đâu-(không hoạt động tại trụ sở).;1101: Chưng, tinh cất và pha chế các loại r",internet
315686865,CÔNG TY TNHH THƯƠNG MẠI VÀ DỊCH VỤ TƯ VẤN NGỌC HẢI,CÔNG TY TNHH THƯƠNG MẠI VÀ DỊC,Công ty trách nhiệm hữu hạn một thành viên,"96 đường số 32, Phường Bình Trị Đông B, Quận Bình Tân, Thành phố Hồ Chí Minh, Việt Nam",Quận Bình Tân,"6209: Hoạt động dịch vụ công nghệ thông tin và dịch vụ khác liên quan đến máy vi tính-;6311: Xử lý dữ liệu, cho thuê và các hoạt động liên quan-;6312: Cổng thông tin-;6399: Dịch vụ thông tin khác chưa",internet
315651823,CÔNG TY TNHH THƯƠNG MẠI DỊCH VỤ KỸ THUẬT HBN,CÔNG TY TNHH THƯƠNG MẠI DỊCH V,Công ty trách nhiệm hữu hạn một thành viên,"489/7/4A Mã Lò, Phường Bình Hưng Hòa A, Quận Bình Tân, Thành phố Hồ Chí Minh, Việt Nam",Quận Bình Tân,2630: Sản xuất thiết bị truyền thông-(Không hoạt động tại trụ sở);2640: Sản xuất sản phẩm điện tử dân dụng-(Không hoạt động tại trụ sở);2670: Sản xuất thiết bị và dụng cụ quang học-(Không hoạt động tạ,internet
315708540,CÔNG TY TNHH KỸ THUẬT VÀ THƯƠNG MẠI TAKA,CÔNG TY TNHH KỸ THUẬT VÀ THƯƠN,Công ty trách nhiệm hữu hạn một thành viên,"Số 3, Đường số 4, Khu Dân Cư Vĩnh Lộc, Phường Bình Hưng Hòa B, Quận Bình Tân, Thành phố Hồ Chí Minh, Việt Nam",Quận Bình Tân,"2610: Sản xuất linh kiện điện tử-Chi tiết: Sản xuất thiết bị linh kiện, thiết bị điện tử và mạng lưới thiết bị kết nối internet;3312: Sửa chữa máy móc, thiết bị-;3313: Sửa chữa thiết bị điện tử và qua",internet
315707554,CÔNG TY TNHH THIẾT BỊ SALA,CÔNG TY TNHH THIẾT BỊ SALA,Công ty trách nhiệm hữu hạn một thành viên,"12, đường 12, KDC Hương Lộ 5, Phường An Lạc, Quận Bình Tân, Thành phố Hồ Chí Minh, Việt Nam",Quận Bình Tân,"4101: Xây dựng nhà để ở-;4102: Xây dựng nhà không để ở-;4211: Xây dựng công trình đường sắt-;4212: Xây dựng công trình đường bộ-;4221: Xây dựng công trình điện-;4222: Xây dựng công trình cấp, thoát nư",internet
315715682,CÔNG TY TNHH THƯƠNG MẠI & PHÁT TRIỂN MINH KHÁNH,CÔNG TY TNHH THƯƠNG MẠI  PHÁT ,Công ty trách nhiệm hữu hạn một thành viên,"102/15 Liên Khu 4-5, Phường Bình Hưng Hòa B, Quận Bình Tân, Thành phố Hồ Chí Minh, Việt Nam",Quận Bình Tân,"4649: Bán buôn đồ dùng khác cho gia đình-Chi tiết: Bán buôn vali, cặp, túi, ví, hàng da và giả da khác. Bán buôn nước hoa, hàng mỹ phẩm và chế phẩm vệ sinh, dụng cụ y tế. Bán buôn hàng gốm, sứ, thủy t",internet
315707667,CÔNG TY TNHH THƯƠNG MẠI LIÊN THỊNH,CÔNG TY TNHH THƯƠNG MẠI LIÊN T,Công ty trách nhiệm hữu hạn một thành viên,"730/1/2/54 Hương Lộ 2, Phường Bình Trị Đông A, Quận Bình Tân, Thành phố Hồ Chí Minh, Việt Nam",Quận Bình Tân,5022: Vận tải hàng hóa đường thuỷ nội địa-;5229: Hoạt động dịch vụ hỗ trợ khác liên quan đến vận tải-(trừ hóa lỏng khí để vận chuyển và hoạt động liên quan đến vận tải đường hàng không);5224: Bốc xếp ,internet
315715467,CÔNG TY TNHH THƯƠNG MẠI DỊCH VỤ HIGH QUALITY,CÔNG TY TNHH THƯƠNG MẠI DỊCH V,Công ty trách nhiệm hữu hạn một thành viên,"78/13 ĐÌNH NGHI XUÂN , KHU PHỐ 3, Phường Bình Trị Đông, Quận Bình Tân, Thành phố Hồ Chí Minh, Việt Nam",Quận Bình Tân,"4530: Bán phụ tùng và các bộ phận phụ trợ của ô tô và xe có động cơ khác-Chi tiết : bán buôn xăm lốp, phụ tùng và các bộ phận phụ trợ của các loại xe có động cơ;4610: Đại lý, môi giới, đấu giá hàng hó",internet
315698758,CÔNG TY TNHH THƯƠNG MẠI SẢN XUẤT DỊCH VỤ XUẤT NHẬP KHẨU STORE DETAILING,CÔNG TY TNHH THƯƠNG MẠI SẢN XU,Công ty trách nhiệm hữu hạn một thành viên,"439 - 441 Đường số 1 , Phường Bình Trị Đông B, Quận Bình Tân, Thành phố Hồ Chí Minh, Việt Nam",Quận Bình Tân,"1811: In ấn--(trừ in tráng bao bì kim loại, in trên các sản phẩm vải sợi, dệt, may, đan tại trụ sở);1812: Dịch vụ liên quan đến in-;2011: Sản xuất hoá chất cơ bản--(không hoạt động tại trụ sở).;2023: ",internet
315695411,CÔNG TY TNHH MTV TM & DV LÂM HÀ TELECOM,CÔNG TY TNHH MTV TM  DV LÂM HÀ,Công ty trách nhiệm hữu hạn một thành viên,"27/36/39/3 Bùi Tư Toàn, Phường An Lạc, Quận Bình Tân, Thành phố Hồ Chí Minh, Việt Nam",Quận Bình Tân,"4651: Bán buôn máy vi tính, thiết bị ngoại vi và phần mềm-;4652: Bán buôn thiết bị và linh kiện điện tử, viễn thông-;4741: Bán lẻ máy vi tính, thiết bị ngoại vi, phần mềm và thiết bị viễn thông trong ",internet
315709054,CÔNG TY TNHH THƯƠNG MẠI KỸ THUẬT HIỆP HƯNG LONG,CÔNG TY TNHH THƯƠNG MẠI KỸ THU,Công ty trách nhiệm hữu hạn một thành viên,"9/5 Đường Số 1, Khu Phố 9, Phường Bình Hưng Hòa A, Quận Bình Tân, Thành phố Hồ Chí Minh, Việt Nam",Quận Bình Tân,8299: Hoạt động dịch vụ hỗ trợ kinh doanh khác còn lại chưa được phân vào đâu-chi tiết: Xuất nhập khẩu các mặt hàng công ty kinh doanh.;5229: Hoạt động dịch vụ hỗ trợ khác liên quan đến vận tải-Chi ti,internet
315730666,CÔNG TY TNHH THỰC PHẨM QUỐC TẾ SAO MỘC (VIETNAM),CÔNG TY TNHH THỰC PHẨM QUỐC TẾ,Công ty trách nhiệm hữu hạn một thành viên,"754/8 Tân Kỳ Tân Quý, Phường Bình Hưng Hòa, Quận Bình Tân, Thành phố Hồ Chí Minh, Việt Nam",Quận Bình Tân,"4610: Đại lý, môi giới, đấu giá hàng hóa-Chi tiết: Dịch vụ đại lý hoa hồng (CPC 621);4620: Bán buôn nông, lâm sản nguyên liệu (trừ gỗ, tre, nứa) và động vật sống-Chi tiết: Bán buôn, xuất nhập khẩu nôn",internet
315723411,CÔNG TY TNHH BẢO DỰ,CÔNG TY TNHH BẢO DỰ,Công ty trách nhiệm hữu hạn một thành viên,"5/20 Phùng Tá Chu, Khu phố 7, Phường An Lạc A, Quận Bình Tân, Thành phố Hồ Chí Minh, Việt Nam",Quận Bình Tân,"4659: Bán buôn máy móc, thiết bị và phụ tùng máy khác-Chi tiết: bán buôn xuất nhập khẩu máy móc ngành nhựa, Bán buôn xuất nhập khẩu máy móc công nghiệp;4669: Bán buôn chuyên doanh khác chưa được phân ",internet
315709047,CÔNG TY TNHH THƯƠNG MẠI ĐẦU TƯ UBN,CÔNG TY TNHH THƯƠNG MẠI ĐẦU TƯ,Công ty trách nhiệm hữu hạn một thành viên,"39 Đường 25A, Phường Bình Trị Đông B, Quận Bình Tân, Thành phố Hồ Chí Minh, Việt Nam",Quận Bình Tân,"1010: Chế biến, bảo quản thịt và các sản phẩm từ thịt-(không giết mổ gia cầm,gia súc tại trụ sở);1030: Chế biến và bảo quản rau quả-;1050: Chế biến sữa và các sản phẩm từ sữa-;1062: Sản xuất tinh bột ",internet
315728000,CÔNG TY TNHH THƯƠNG MẠI DỊCH VỤ BÌNH ỔN PHÚC KHANG,CÔNG TY TNHH THƯƠNG MẠI DỊCH V,Công ty trách nhiệm hữu hạn một thành viên,"Số 171 Đường Bình Thành, Khu Phố 4, Phường Bình Hưng Hòa B, Quận Bình Tân, Thành phố Hồ Chí Minh, Việt Nam",Quận Bình Tân,"4661: Bán buôn nhiên liệu rắn, lỏng, khí và các sản phẩm liên quan-Chi tiết : Bán buôn xăng dầu và các sản phẩm liên quan . Bán buôn dầu nhờn, dầu nhớt, mỡ nhờn  (trừ kinh doanh khí dầu mỏ hóa lỏng LP",internet
315740777,CÔNG TY TNHH THƯƠNG MẠI DỊCH VỤ LỰC PHẠM,CÔNG TY TNHH THƯƠNG MẠI DỊCH V,Công ty trách nhiệm hữu hạn một thành viên,"70 Đường số 5, khu phố 3, Phường Tân Tạo A, Quận Bình Tân, Thành phố Hồ Chí Minh, Việt Nam",Quận Bình Tân,4632: Bán buôn thực phẩm-(không hoạt động tại trụ sở);4633: Bán buôn đồ uống-;4649: Bán buôn đồ dùng khác cho gia đình-;4722: Bán lẻ thực phẩm trong các cửa hàng chuyên doanh-(thực hiện theo Quyết địn,internet
315707829,CÔNG TY TNHH GAME CENTER 52,CÔNG TY TNHH GAME CENTER 52,Công ty trách nhiệm hữu hạn một thành viên,"52 Nguyễn Thị Tú, Phường Bình Hưng Hòa B, Quận Bình Tân, Thành phố Hồ Chí Minh, Việt Nam",Quận Bình Tân,6190: Hoạt động viễn thông khác-Chi tiết: Hoạt động của các điểm truy cập internet;9329: Hoạt động vui chơi giải trí khác chưa được phân vào đâu-Chi tiết: Kinh doanh trò chơi điện tử (trừ kinh doanh t,internet
315771655,CÔNG TY TNHH SGCAM,CÔNG TY TNHH SGCAM,Công ty trách nhiệm hữu hạn một thành viên,"67/89 Nguyễn Thị Tú, Phường Bình Hưng Hòa B, Quận Bình Tân, Thành phố Hồ Chí Minh, Việt Nam",Quận Bình Tân,"3312: Sửa chữa máy móc, thiết bị-;3313: Sửa chữa thiết bị điện tử và quang học-;3314: Sửa chữa thiết bị điện-;4101: Xây dựng nhà để ở-;4102: Xây dựng nhà không để ở-;4299: Xây dựng công trình kỹ thuật",internet
315745736,CÔNG TY TNHH THƯƠNG MẠI MẬU DỊCH FUTENG,CÔNG TY TNHH THƯƠNG MẠI MẬU DỊ,Công ty trách nhiệm hữu hạn hai thành viên trở lên,"69 Đường Số 28, Phường Bình Trị Đông B, Quận Bình Tân, Thành phố Hồ Chí Minh, Việt Nam",Quận Bình Tân,"4690: Bán buôn tổng hợp-Chi  tiết:Thực hiện  quyền  xuất  khẩu,  quyền  nhập khẩu, quyền phân phối bán buôn các loại hàng hóa không thuộc danh mục hàng  hóa  cấm  xuất  khẩu,  cấm  nhập khẩu,  và  dan",internet
315776290,CÔNG TY TNHH THƯƠNG MẠI TRƯỜNG PHÚ VNJ,CÔNG TY TNHH THƯƠNG MẠI TRƯỜNG,Công ty trách nhiệm hữu hạn một thành viên,"Số 9 Bình Long, Phường Bình Hưng Hòa A, Quận Bình Tân, Thành phố Hồ Chí Minh, Việt Nam",Quận Bình Tân,"2395: Sản xuất bê tông và các sản phẩm từ bê tông, xi măng và thạch cao-( không hoạt động tại trụ sở); 9620: Giặt là, làm sạch các sản phẩm dệt và lông thú-Giặt là, làm sạch các sản phẩm dệt và lông t",internet
315746867,CÔNG TY TNHH NGUYÊN ELEC,CÔNG TY TNHH NGUYÊN ELEC,Công ty trách nhiệm hữu hạn hai thành viên trở lên,"57/5 đường số 18, Phường Bình Hưng Hòa, Quận Bình Tân, Thành phố Hồ Chí Minh, Việt Nam",Quận Bình Tân,"4759: Bán lẻ đồ điện gia dụng, giường, tủ, bàn, ghế và đồ nội thất tương tự, đèn và bộ đèn điện, đồ dùng gia đình khác chưa được phân vào đâu  trong các cửa hàng chuyên doanh-Chi tiết: Bán lẻ đồ điện ",internet
315794250,CÔNG TY TNHH THƯƠNG MẠI DỊCH VỤ XUẤT NHẬP KHẨU HẢI HẢI NAM,CÔNG TY TNHH THƯƠNG MẠI DỊCH V,Công ty trách nhiệm hữu hạn một thành viên,"82/8 Đường 26/3, Phường Bình Hưng Hòa, Quận Bình Tân, Thành phố Hồ Chí Minh, Việt Nam",Quận Bình Tân,4722: Bán lẻ thực phẩm trong các cửa hàng chuyên doanh-(Thực hiện theo Quyết định 64/2009/QĐ-UBND ngày 31/07/2009 và Quyết Định 79/2009/QĐ-UBND ngày 17/10/2009 của Ủy Ban Nhân Dân thành phố Hồ Chí Min,internet
315791210,CÔNG TY TNHH THƯƠNG MẠI DỊCH VỤ XUẤT NHẬP KHẨU PHI ÁNH,CÔNG TY TNHH THƯƠNG MẠI DỊCH V,Công ty trách nhiệm hữu hạn một thành viên,"82/8 Đường 26/3, Phường Bình Hưng Hòa, Quận Bình Tân, Thành phố Hồ Chí Minh, Việt Nam",Quận Bình Tân,7830: Cung ứng và quản lý nguồn lao động-Chi tiết: Cung ứng và quản lý nguồn lao động trong nước (trừ cho lại thuê lao động);4101: Xây dựng nhà để ở-;4102: Xây dựng nhà không để ở-;4311: Phá dỡ-;4312:,internet
315785538,CÔNG TY TNHH AEVN,CÔNG TY TNHH AEVN,Công ty trách nhiệm hữu hạn hai thành viên trở lên,"473/82 Đường Tân Hòa Đông, Phường Bình Trị Đông, Quận Bình Tân, Thành phố Hồ Chí Minh, Việt Nam",Quận Bình Tân,"4752: Bán lẻ đồ ngũ kim, sơn, kính và thiết bị lắp đặt khác trong xây dựng trong các cửa hàng chuyên doanh-Chi tiết: Bán lẻ đồ ngũ kim: khóa cửa, chốt cài; Bán lẻ dụng cụ cầm tay: búa, cưa, tua vít, d",internet
315790400,CÔNG TY TNHH THƯƠNG MẠI TRUYỀN THÔNG VERNUS,CÔNG TY TNHH THƯƠNG MẠI TRUYỀN,Công ty trách nhiệm hữu hạn một thành viên,"610/7/5B Tân Kỳ Tân Quý, Phường Bình Hưng Hòa A, Quận Bình Tân, Thành phố Hồ Chí Minh, Việt Nam",Quận Bình Tân,"1811: In ấn-(trừ in tráng bao bì kim loại và in trên các sản phẩm vải sợi, dệt, may, đan tại trụ sở);1812: Dịch vụ liên quan đến in-;4101: Xây dựng nhà để ở-;4311: Phá dỡ-;4312: Chuẩn bị mặt bằng-;432",internet
315794807,CÔNG TY TNHH TƯ VẤN TÀI CHÍNH ĐẠI PHÁT,CÔNG TY TNHH TƯ VẤN TÀI CHÍNH ,Công ty trách nhiệm hữu hạn một thành viên,"25 Đường số 22, Phường Bình Trị Đông B, Quận Bình Tân, Thành phố Hồ Chí Minh, Việt Nam",Quận Bình Tân,"4610: Đại lý, môi giới, đấu giá hàng hóa-Chi tiết: Đại lý, môi giới hàng hóa;4649: Bán buôn đồ dùng khác cho gia đình-Chi tiết: Bán buôn vali, cặp, túi, ví, hàng da và giả da khác; Bán buôn nước hoa, ",internet
315783675,CÔNG TY CỔ PHẦN TẬP ĐOÀN THÀNH TỰU MỚI,CÔNG TY CỔ PHẦN TẬP ĐOÀN THÀNH,Công ty cổ phần,"Số 6, đường 33B, Phường Bình Trị Đông B, Quận Bình Tân, Thành phố Hồ Chí Minh, Việt Nam",Quận Bình Tân,"4659: Bán buôn máy móc, thiết bị và phụ tùng máy khác-Chi tiết: Bán buôn máy móc, thiết bị phục vụ khảo sát, thiết kế,thi công công trình xây dựng. Bán buôn máy móc, thiết bị điện, vật liệu điện (máy ",internet
315796201,CÔNG TY TNHH THƯƠNG MẠI DỊCH VỤ XUẤT NHẬP KHẨU QUỐC CÔNG,CÔNG TY TNHH THƯƠNG MẠI DỊCH V,Công ty trách nhiệm hữu hạn một thành viên,"82/8 Đường 26/3, Phường Bình Hưng Hòa, Quận Bình Tân, Thành phố Hồ Chí Minh, Việt Nam",Quận Bình Tân,"4610: Đại lý, môi giới, đấu giá hàng hóa-Chi tiết: Đại lý, môi giới;4912: Vận tải hàng hóa đường sắt-(trừ hóa lỏng khí để vận chuyển);4933: Vận tải hàng hóa bằng đường bộ-(trừ hóa lỏng khí để vận chuy",internet
315775515,CÔNG TY TNHH QUỐC TẾ SAKURA JAPAN,CÔNG TY TNHH QUỐC TẾ SAKURA JA,Công ty trách nhiệm hữu hạn một thành viên,"295 Đường 29, Phường Bình Trị Đông B, Quận Bình Tân, Thành phố Hồ Chí Minh, Việt Nam",Quận Bình Tân,"4711: Bán lẻ lương thực, thực phẩm, đồ uống, thuốc lá, thuốc lào chiếm tỷ trọng lớn trong các cửa hàng kinh doanh tổng hợp-(Thực hiện theo Quyết định số 64/2009/QÐ-UBND ngày 31/07/2009 và Quyết định s",internet
315786806,CÔNG TY TNHH DỊCH VỤ NHẬT MINH LOGISTICS,CÔNG TY TNHH DỊCH VỤ NHẬT MINH,Công ty trách nhiệm hữu hạn một thành viên,"34 Đường số 1 lô V, Phường An Lạc A, Quận Bình Tân, Thành phố Hồ Chí Minh, Việt Nam",Quận Bình Tân,"4511: Bán buôn ô tô và xe có động cơ khác-Chi tiết: Bán buôn, xuất nhập khẩu ô tô và xe có động cơ khác;4512: Bán lẻ ô tô con (loại 9 chỗ ngồi trở xuống)-;4530: Bán phụ tùng và các bộ phận phụ trợ của",internet
315787327,CÔNG TY TNHH SẢN XUẤT VÀ THƯƠNG MẠI WOO GROUP,CÔNG TY TNHH SẢN XUẤT VÀ THƯƠN,Công ty trách nhiệm hữu hạn hai thành viên trở lên,"410/28 Lê Văn Quới, Phường Bình Hưng Hòa A, Quận Bình Tân, Thành phố Hồ Chí Minh, Việt Nam",Quận Bình Tân,"1811: In ấn-(không hoạt động tại trụ sở);4610: Đại lý, môi giới, đấu giá hàng hóa-Chi tiết: Đại lý phát hành sách báo;4649: Bán buôn đồ dùng khác cho gia đình-(trừ dược phẩm)
Chi tiết: Bán buôn văn ph",internet
315749603,CÔNG TY TRÁCH NHIỆM HỮU HẠN THƯƠNG MẠI XUẤT NHẬP KHẨU NHẤT HÀO,CÔNG TY TRÁCH NHIỆM HỮU HẠN TH,Công ty trách nhiệm hữu hạn một thành viên,"Số 38 đường số 46, khu phố 8, Phường Tân Tạo, Quận Bình Tân, Thành phố Hồ Chí Minh, Việt Nam",Quận Bình Tân,"4649: Bán buôn đồ dùng khác cho gia đình-Chi tiết: Bán buôn đồng hồ và đồ trang sức. Bán buôn thiết bị, đồ dùng nhà bếp. Bán buôn hàng trang trí nội, ngoại thất; phụ kiện trang trí nội, ngoại thất. Bá",internet
315780579,CÔNG TY TNHH THỰC PHẨM KIM MINH PHÁT,CÔNG TY TNHH THỰC PHẨM KIM MIN,Công ty trách nhiệm hữu hạn một thành viên,"27B Đường 2A, Khu Phố 9, Phường Bình Hưng Hòa A, Quận Bình Tân, Thành phố Hồ Chí Minh, Việt Nam",Quận Bình Tân,"4651: Bán buôn máy vi tính, thiết bị ngoại vi và phần mềm-;4652: Bán buôn thiết bị và linh kiện điện tử, viễn thông-;4659: Bán buôn máy móc, thiết bị và phụ tùng máy khác-Chi tiết: Bán buôn máy móc, t",internet
315794035,CÔNG TY TNHH SẢN XUẤT THƯƠNG MẠI HAKA VIỆT NAM,CÔNG TY TNHH SẢN XUẤT THƯƠNG M,Công ty trách nhiệm hữu hạn một thành viên,"31/21/39/3 Đường số 1, Khu Phố 5, Phường Tân Tạo A, Quận Bình Tân, Thành phố Hồ Chí Minh, Việt Nam",Quận Bình Tân,"4632: Bán buôn thực phẩm-(không hoạt động tại trụ sở);4711: Bán lẻ lương thực, thực phẩm, đồ uống, thuốc lá, thuốc lào chiếm tỷ trọng lớn trong các cửa hàng kinh doanh tổng hợp-(Doanh nghiệp phải thực",internet
315800049,CÔNG TY CỔ PHẦN THƯƠNG MẠI DMP,CÔNG TY CỔ PHẦN THƯƠNG MẠI DMP,Công ty cổ phần,"346/18/10 Mã Lò, Phường Bình Trị Đông A, Quận Bình Tân, Thành phố Hồ Chí Minh, Việt Nam",Quận Bình Tân,"4652: Bán buôn thiết bị và linh kiện điện tử, viễn thông-;4659: Bán buôn máy móc, thiết bị và phụ tùng máy khác-;4651: Bán buôn máy vi tính, thiết bị ngoại vi và phần mềm-;4663: Bán buôn vật liệu, thi",internet
315794814,CÔNG TY TNHH KHẢ DƯƠNG,CÔNG TY TNHH KHẢ DƯƠNG,Công ty trách nhiệm hữu hạn một thành viên,"Số 5, Đường 39, Phường Bình Trị Đông B, Quận Bình Tân, Thành phố Hồ Chí Minh, Việt Nam",Quận Bình Tân,"8299: Hoạt động dịch vụ hỗ trợ kinh doanh khác còn lại chưa được phân vào đâu-Chi tiết: Dịch vụ thương mại điện tử.;4791: Bán lẻ theo yêu cầu đặt hàng qua bưu điện hoặc internet-(trừ bán lẻ bình gas, ",internet
315798199,CÔNG TY TNHH MTV CÔNG NGHỆ THIÊN PHÚC,CÔNG TY TNHH MTV CÔNG NGHỆ THI,Công ty trách nhiệm hữu hạn một thành viên,"302/3/4/3 Lê Đình Cẩn, Phường Tân Tạo, Quận Bình Tân, Thành phố Hồ Chí Minh, Việt Nam",Quận Bình Tân,"4649: Bán buôn đồ dùng khác cho gia đình-Chi tiết: Bán buôn máy ảnh; camera; máy nghe nhạc; máy xem phim kỹ thuật số;4651: Bán buôn máy vi tính, thiết bị ngoại vi và phần mềm-Chi tiết: Bán buôn thiết ",internet
315762379,CÔNG TY TNHH HAI THÀNH VIÊN HÀ MY,CÔNG TY TNHH HAI THÀNH VIÊN HÀ,Công ty trách nhiệm hữu hạn hai thành viên trở lên,"683 Lê Trọng Tấn, Phường Bình Hưng Hòa, Quận Bình Tân, Thành phố Hồ Chí Minh, Việt Nam",Quận Bình Tân,"1410: May trang phục (trừ trang phục từ da lông thú)-;1420: Sản xuất sản phẩm từ da lông thú-;1430: Sản xuất trang phục dệt kim, đan móc-;4641: Bán buôn vải, hàng may mặc, giày dép-;4773: Bán lẻ hàng ",internet
315767088,CÔNG TY TNHH TMDV VENUS,CÔNG TY TNHH TMDV VENUS,Công ty trách nhiệm hữu hạn hai thành viên trở lên,"153 Đường 24, Phường Bình Hưng Hòa A, Quận Bình Tân, Thành phố Hồ Chí Minh, Việt Nam",Quận Bình Tân,"4723: Bán lẻ đồ uống trong các cửa hàng chuyên doanh-;4741: Bán lẻ máy vi tính, thiết bị ngoại vi, phần mềm và thiết bị viễn thông trong các cửa hàng chuyên doanh-;4742: Bán lẻ thiết bị nghe nhìn tron",internet
315766013,CÔNG TY TNHH ĐẦU TƯ PHÁT TRIỂN TIÊU DÙNG VIỆT NAM,CÔNG TY TNHH ĐẦU TƯ PHÁT TRIỂN,Công ty trách nhiệm hữu hạn một thành viên,"số 19 đường số 2, khu dân cư Tân Tạo, Phường Tân Tạo A, Quận Bình Tân, Thành phố Hồ Chí Minh, Việt Nam",Quận Bình Tân,4722: Bán lẻ thực phẩm trong các cửa hàng chuyên doanh-(Thực hiện theo Quyết định 64/2009/QĐ-UBND ngày 31/07/2009 và Quyết định 79/2009/QĐ-UBND ngày 17/10/2009 của Ủy ban nhân dân Thành phố Hồ Chí Min,internet
315832636,CÔNG TY TNHH HẢI TRUNG KIM VIỆT NAM,CÔNG TY TNHH HẢI TRUNG KIM VIỆ,Công ty trách nhiệm hữu hạn một thành viên,"36/27/66/11 Bùi Tư Toàn KP4, Phường An Lạc, Quận Bình Tân, Thành phố Hồ Chí Minh, Việt Nam",Quận Bình Tân,"0162: Hoạt động dịch vụ chăn nuôi-;1010: Chế biến, bảo quản thịt và các sản phẩm từ thịt-;1020: Chế biến, bảo quản thuỷ sản và các sản phẩm từ thuỷ sản-;1030: Chế biến và bảo quản rau quả-;1061: Xay x",internet
316763664,CÔNG TY TNHH NHÔM KÍNH DUYÊN PHÚ,CÔNG TY TNHH NHÔM KÍNH DUYÊN P,Công ty trách nhiệm hữu hạn một thành viên,"341/2 Đường Chiến Lược, Phường Bình Trị Đông A, Quận Bình Tân, Thành phố Hồ Chí Minh, Việt Nam",Quận Bình Tân,"1610: Cưa, xẻ, bào gỗ và bảo quản gỗ-;4752: Bán lẻ đồ ngũ kim, sơn, kính và thiết bị lắp đặt khác trong xây dựng trong các cửa hàng chuyên doanh-Chi tiết: Bán lẻ xi măng, gạch xây, ngói, đá, cát sỏi,",internet
315827611,CÔNG TY TNHH THƯƠNG MẠI QUẢNG CÁO MAI ANH THẢO,CÔNG TY TNHH THƯƠNG MẠI QUẢNG ,Công ty trách nhiệm hữu hạn một thành viên,"158F Lê Tấn Bê  , Phường An Lạc, Quận Bình Tân, Thành phố Hồ Chí Minh, Việt Nam",Quận Bình Tân,"7310: Quảng cáo-Chi tiết: Thiết kế và đặt quảng cáo trong báo, tạp chí, đài phát thanh, truyền hình, internet và các phương tiện truyền thông khác; đặt quảng cáo ngoài trời như: bảng lớn, panô, bảng t",internet
315777022,CÔNG TY TNHH MTV TM DV SIM SỐ NAM NGUYỄN,CÔNG TY TNHH MTV TM DV SIM SỐ ,Công ty trách nhiệm hữu hạn một thành viên,"36 Đường số 17A, Phường Bình Hưng Hòa A, Quận Bình Tân, Thành phố Hồ Chí Minh, Việt Nam",Quận Bình Tân,"6120: Hoạt động viễn thông không dây-Chi tiết :(trừ cung cấp dịch vụ truy cập, truy nhập internet tại trụ sở);4632: Bán buôn thực phẩm-Chi tiết: Bán buôn các loại rau, củ, tươi, đông lạnh và Bán buônq",internet
315843148,DOANH NGHIỆP TƯ NHÂN GAME CENTER MINH HOÀNG,DOANH NGHIỆP TƯ NHÂN GAME CENT,Doanh nghiệp tư nhân,"168-188 đường M1, Phường Bình Hưng Hòa, Quận Bình Tân, Thành phố Hồ Chí Minh, Việt Nam",Quận Bình Tân,6190: Hoạt động viễn thông khác-Chi tiết : Hoạt động của các điểm truy cập internet;4633: Bán buôn đồ uống-;9329: Hoạt động vui chơi giải trí khác chưa được phân vào đâu-Chi tiết : Kinh doanh trò chơi,internet
315795007,CÔNG TY TNHH THƯƠNG MẠI DỊCH VỤ XUẤT NHẬP KHẨU MINH TRANG,CÔNG TY TNHH THƯƠNG MẠI DỊCH V,Công ty trách nhiệm hữu hạn một thành viên,"82/8 Đường 26/3, Phường Bình Hưng Hòa, Quận Bình Tân, Thành phố Hồ Chí Minh, Việt Nam",Quận Bình Tân,4722: Bán lẻ thực phẩm trong các cửa hàng chuyên doanh-(Thực hiện theo Quyết định 64/2009/QĐ-UBND ngày 31/07/2009 và Quyết Định 79/2009/QĐ-UBND ngày 17/10/2009 của Ủy Ban Nhân Dân thành phố Hồ Chí Min,internet
315829626,CÔNG TY TNHH TRANG TRÍ NỘI THẤT ABC,CÔNG TY TNHH TRANG TRÍ NỘI THẤ,Công ty trách nhiệm hữu hạn một thành viên,"Số 121 Đường số 24, Phường Bình Trị Đông B, Quận Bình Tân, Thành phố Hồ Chí Minh, Việt Nam",Quận Bình Tân,"3100: Sản xuất giường, tủ, bàn, ghế-Chi tiết: Sản xuất, gia công bàn, ghế, tủ, kệ từ gỗ, đồ trang trí nội thất, đồ dùng văn phòng - trường học (không tái chế phế thải, chế biến gỗ tại trụ sở);1629: Sả",internet
315846389,CÔNG TY CỔ PHẦN CÔNG NGHỆ & TRUYỀN THÔNG TILASO,CÔNG TY CỔ PHẦN CÔNG NGHỆ  TRU,Công ty cổ phần,"38-40 Đường số 1B, Phường Bình Trị Đông B, Quận Bình Tân, Thành phố Hồ Chí Minh, Việt Nam",Quận Bình Tân,"8230: Tổ chức giới thiệu và xúc tiến thương mại-chi tiết: Dịch vụ tổ chức hội chợ, hội thảo, triển lãm, hội nghị, lễ hội (không thực hiện các hiệu ứng cháy, nổ; không sử dụng chất nổ, chất cháy, hóa c",internet
315848146,CÔNG TY TNHH SPACE S,CÔNG TY TNHH SPACE S,Công ty trách nhiệm hữu hạn hai thành viên trở lên,"143/22 Liên Khu 4-5, Khu Phố 5, Phường Bình Hưng Hòa B, Quận Bình Tân, Thành phố Hồ Chí Minh, Việt Nam",Quận Bình Tân,"4631: Bán buôn gạo, lúa mỳ, hạt ngũ cốc khác, bột mỳ-(không hoạt động tại trụ sở) 
(CPC 622); 4632: Bán buôn thực phẩm-(không hoạt động tại trụ sở) 
(CPC 622); 4661: Bán buôn nhiên liệu rắn, lỏng, khí",internet
315832989,CÔNG TY TNHH SẢN XUẤT PHÁT TRIỂN THƯƠNG MẠI HỒNG PHÁT,CÔNG TY TNHH SẢN XUẤT PHÁT TRI,Công ty trách nhiệm hữu hạn một thành viên,"Số 353/5D, Đường Chiến Lược, Phường Bình Trị Đông A, Quận Bình Tân, Thành phố Hồ Chí Minh, Việt Nam",Quận Bình Tân,"5229: Hoạt động dịch vụ hỗ trợ khác liên quan đến vận tải-Chi tiết: Đại lý bán vé máy bay, tàu hỏa, xe khách; Hoạt động của các đại lý làm thủ tục hải quan; Dịch vụ đại lý tàu biển; Dịch vụ đại lý vận",internet
315854830,CÔNG TY TNHH ĐẦU TƯ VÀ DỊCH VỤ BẤT ĐỘNG SẢN SÀI GÒN CITY LAND,CÔNG TY TNHH ĐẦU TƯ VÀ DỊCH VỤ,Công ty trách nhiệm hữu hạn một thành viên,"449 Tân Hòa Đông, Phường Bình Trị Đông, Quận Bình Tân, Thành phố Hồ Chí Minh, Việt Nam",Quận Bình Tân,"6820: Tư vấn, môi giới, đấu giá bất động sản, đấu giá quyền sử dụng đất-(trừ đấu giá tài sản);7911: Đại lý du lịch-; 7912: Điều hành tua du lịch-; 7990: Dịch vụ đặt chỗ và các dịch vụ hỗ trợ liên quan",internet
315856838,CÔNG TY TNHH PHẦN MỀM DX,CÔNG TY TNHH PHẦN MỀM DX,Công ty trách nhiệm hữu hạn hai thành viên trở lên,"Số 35 Đường Số 13A, Khu Phố 7, Phường Bình Hưng Hòa A, Quận Bình Tân, Thành phố Hồ Chí Minh, Việt Nam",Quận Bình Tân,"6201: Lập trình máy vi tính-;6202: Tư vấn máy vi tính và quản trị hệ thống máy vi tính-Chi tiết: Hoạt động lập và thiết kế các hệ thống máy tính tích hợp các phần cứng, phần mềm máy tính và công nghệ ",internet
315823060,CÔNG TY TNHH NÉT GAME THÀNH CÔNG,CÔNG TY TNHH NÉT GAME THÀNH CÔ,Công ty trách nhiệm hữu hạn một thành viên,"183 Đường số 8, Phường Bình Hưng Hòa, Quận Bình Tân, Thành phố Hồ Chí Minh, Việt Nam",Quận Bình Tân,9329: Hoạt động vui chơi giải trí khác chưa được phân vào đâu-Chi tiết: Kinh doanh trò chơi điện tử (trừ kinh doanh trò chơi điện tử có thưởng dành cho người nước ngoài và kinh doanh trò chơi điện tử ,internet
315877605,CÔNG TY TNHH  UPDATA,CÔNG TY TNHH  UPDATA,Công ty trách nhiệm hữu hạn một thành viên,"730/29/110 Hương Lộ 2, Phường Bình Trị Đông A, Quận Bình Tân, Thành phố Hồ Chí Minh, Việt Nam",Quận Bình Tân,"4719: Bán lẻ  khác trong các cửa hàng kinh doanh tổng hợp-(trừ bán lẻ bình gas, khí dầu mỏ hóa lỏng LPG, dầu nhớt cặn, vàng miếng, súng, đạn loại dùng đi săn hoặc thể thao và tiền kim khí; trừ bán lẻ ",internet
315863095,CÔNG TY CỔ PHẦN MAMA BABY,CÔNG TY CỔ PHẦN MAMA BABY,Công ty cổ phần,"221A Đường số 5, Phường Bình Hưng Hòa, Quận Bình Tân, Thành phố Hồ Chí Minh, Việt Nam",Quận Bình Tân,"4649: Bán buôn đồ dùng khác cho gia đình-(trừ súng đạn thể thao, vũ khí thô sơ, dược phẩm);1520: Sản xuất giày, dép-(không hoạt động tại trụ sở);1410: May trang phục (trừ trang phục từ da lông thú)-;1",internet
315865977,CÔNG TY TNHH MỸ GIA PHÁT,CÔNG TY TNHH MỸ GIA PHÁT,Công ty trách nhiệm hữu hạn hai thành viên trở lên,"50/29 Trương Phước Phan, Khu phố 1, Phường Bình Trị Đông, Quận Bình Tân, Thành phố Hồ Chí Minh, Việt Nam",Quận Bình Tân,"7310: Quảng cáo-;1812: Dịch vụ liên quan đến in-;1811: In ấn-(trừ in, tráng bao bì kim loại và in trên các sản phẩm vải, sợi, dệt, may, đan tại trụ sở);7410: Hoạt động thiết kế chuyên dụng-Chi tiết: T",internet
315882531,CÔNG TY TNHH PHÁT TRIỂN DỊCH VỤ XUẤT NHẬP KHẨU NAM DƯƠNG,CÔNG TY TNHH PHÁT TRIỂN DỊCH V,Công ty trách nhiệm hữu hạn một thành viên,"9A Đường Số 13 , Phường Bình Hưng Hòa, Quận Bình Tân, Thành phố Hồ Chí Minh, Việt Nam",Quận Bình Tân,4721: Bán lẻ lương thực trong các cửa hàng chuyên doanh-(Thực hiện theo Quyết định 64/2009/QĐ-UBND ngày 31/07/2009 và Quyết Định 79/2009/QĐ-UBND ngày 17/10/2009 của Ủy Ban Nhân Dân thành phố Hồ Chí Mi,internet
315885451,CÔNG TY TNHH XNK HUỲNH YÊN,CÔNG TY TNHH XNK HUỲNH YÊN,Công ty trách nhiệm hữu hạn một thành viên,"Số 21-23, đường số 5, Phường An Lạc A, Quận Bình Tân, Thành phố Hồ Chí Minh, Việt Nam",Quận Bình Tân,"4774: Bán lẻ hàng hóa đã qua sử dụng trong các cửa hàng chuyên doanh-(trừ bán lẻ bình gas, khí dầu mỏ hóa lỏng LPG, dầu nhớt cặn, vàng miếng, súng, đạn loại dùng đi săn hoặc thể thao và tiền kim khí; ",internet
315880573,CÔNG TY TNHH DASAVI,CÔNG TY TNHH DASAVI,Công ty trách nhiệm hữu hạn một thành viên,"số 123/45 Đường số 3, Phường Bình Hưng Hòa, Quận Bình Tân, Thành phố Hồ Chí Minh, Việt Nam",Quận Bình Tân,"0112: Trồng ngô và cây lương thực có hạt khác-;0113: Trồng cây lấy củ có chất bột-;0118: Trồng rau, đậu các loại và trồng hoa-Chi tiết : Trồng rau các loại. Trồng đậu các loại;0119: Trồng cây hàng năm",internet
315879842,CÔNG TY TNHH THƯƠNG MẠI DỊCH VỤ VÀ XUẤT NHẬP KHẨU N.A.U,CÔNG TY TNHH THƯƠNG MẠI DỊCH V,Công ty trách nhiệm hữu hạn hai thành viên trở lên,"103 Hồ Học Lãm , Phường An Lạc, Quận Bình Tân, Thành phố Hồ Chí Minh, Việt Nam",Quận Bình Tân,"4781: Bán lẻ lương thực, thực phẩm, đồ uống, thuốc lá, thuốc lào lưu động hoặc tại chợ-chi tiết:Bán lẻ lương thực lưu động hoặc tại chợ; Bán lẻ thực phẩm khô, thực phẩm công nghiệp, đường sữa bánh kẹo",internet
315905796,CÔNG TY TRÁCH NHIỆM HỮU HẠN MỘT THÀNH VIÊN DỊCH VỤ TIN HỌC HƯNG THÀNH ĐẠT,CÔNG TY TRÁCH NHIỆM HỮU HẠN MỘ,Công ty trách nhiệm hữu hạn một thành viên,"số 4, đường 2A, Phường An Lạc A, Quận Bình Tân, Thành phố Hồ Chí Minh, Việt Nam",Quận Bình Tân,"9511: Sửa chữa máy vi tính và thiết bị ngoại vi-Chi tiết: Dịch vụ sửa chữa thiết bị điện tử như: Máy vi tính để bàn, máy vi tính xách tay; ổ đĩa quang; Máy in; Bộ vi xử lý; Bàn phím; Chuột máy tính, c",vi tinh
315910436,CÔNG TY TNHH TM DV HỒNG KHANG,CÔNG TY TNHH TM DV HỒNG KHANG,Công ty trách nhiệm hữu hạn hai thành viên trở lên,"Số 11 đường 50, Phường Tân Tạo, Quận Bình Tân, Thành phố Hồ Chí Minh, Việt Nam",Quận Bình Tân,"4719: Bán lẻ  khác trong các cửa hàng kinh doanh tổng hợp-(trừ bán lẻ bình gas, khí dầu mỏ hóa lỏng LPG, dầu nhớt cặn, vàng miếng, súng, đạn loại dùng đi săn hoặc thể thao và tiền kim khí; trừ bán lẻ ",internet
315930129,CÔNG TY TNHH KAFE HOUSE,CÔNG TY TNHH KAFE HOUSE,Công ty trách nhiệm hữu hạn một thành viên,"Tầng trệt Khu thương mại Khu dân cư Tầm Nhìn, Số 96 đường Trần Đại Nghĩa, Phường Tân Tạo A, Quận Bình Tân, Thành phố Hồ Chí Minh, Việt Nam",Quận Bình Tân,"1071: Sản xuất các loại bánh từ bột-(Không hoạt động tại trụ sở);4641: Bán buôn vải, hàng may mặc, giày dép-;4633: Bán buôn đồ uống-;4632: Bán buôn thực phẩm-(không hoạt động tại trụ sở);4723: Bán lẻ ",internet
315918890,CÔNG TY TNHH TƯ VẤN AN TOÀN THỰC PHẨM AZF,CÔNG TY TNHH TƯ VẤN AN TOÀN TH,Công ty trách nhiệm hữu hạn một thành viên,"17/18/15/22/30/14 Đường Liên Khu 5-6, Phường Bình Hưng Hòa B, Quận Bình Tân, Thành phố Hồ Chí Minh, Việt Nam",Quận Bình Tân,4722: Bán lẻ thực phẩm trong các cửa hàng chuyên doanh-(thực hiện theo quyết định 64/2009/QĐ-UBND ngày 31/7/2009 và quyết định 79/2009/QĐ-UBND ngày 17/10/2009 của UBND TPHCM về phê duyệt kinh doanh nô,internet
315911831,CÔNG TY TNHH THƯƠNG MẠI DỊCH VỤ WIKI VIỆT NAM,CÔNG TY TNHH THƯƠNG MẠI DỊCH,Công ty trách nhiệm hữu hạn một thành viên,"467 Hồ Học Lãm, Phường An Lạc, Quận Bình Tân, Thành phố Hồ Chí Minh, Việt Nam",Quận Bình Tân,"4329: Lắp đặt hệ thống xây dựng khác-;4651: Bán buôn máy vi tính, thiết bị ngoại vi và phần mềm-;4652: Bán buôn thiết bị và linh kiện điện tử, viễn thông-;4659: Bán buôn máy móc, thiết bị và phụ tùng ",internet
315923058,CÔNG TY TNHH MỘT THÀNH VIÊN PHAN VĨ,CÔNG TY TNHH MỘT THÀNH VIÊN PH,Công ty trách nhiệm hữu hạn một thành viên,"48C Nguyễn Triệu Luật, Phường Tân Tạo, Quận Bình Tân, Thành phố Hồ Chí Minh, Việt Nam",Quận Bình Tân,"3250: Sản xuất thiết bị, dụng cụ y tế, nha khoa, chỉnh hình và phục hồi chức năng-Chi tiết: - Sản xuất trang thiết bị, dụng cụ y tế (Không hoạt động tại trụ sở);4759: Bán lẻ đồ điện gia dụng, giường, ",internet
315923629,CÔNG TY TNHH NỘI THẤT BALI,CÔNG TY TNHH NỘI THẤT BALI,Công ty trách nhiệm hữu hạn một thành viên,"Số 06, Đường 4A, Khu Phố 4, Khu Dân Cư Vĩnh Lộc, Phường Bình Hưng Hòa B, Quận Bình Tân, Thành phố Hồ Chí Minh, Việt Nam",Quận Bình Tân,"4799: Bán lẻ hình thức khác chưa được phân vào đâu-(trừ bán lẻ hóa chất, khí dầu mỏ hóa lỏng LPG, dầu nhớt cặn, vàng miếng, súng, đạn loại dùng đi săn hoặc thể thao và tiền kim khí; Thực hiện theo Quy",internet
315928401,CÔNG TY TNHH MYSKIN,CÔNG TY TNHH MYSKIN,Công ty trách nhiệm hữu hạn một thành viên,"754/13/29 Tân Kỳ Tân Quý, Phường Bình Hưng Hòa, Quận Bình Tân, Thành phố Hồ Chí Minh, Việt Nam",Quận Bình Tân,"9631: Cắt tóc, làm đầu, gội đầu-Chi tiết: Cắt tóc, gội đầu, uốn, sấy, nhuộm tóc, duỗi thẳng, ép tóc và các dịch vụ làm tóc khác phục vụ cả nam và nữ; Cắt, tỉa và cạo râu; Massage mặt, làm móng chân, m",internet
315933063,CÔNG TY TNHH THƯƠNG MẠI DỊCH VỤ GIA CÔNG BAO BÌ THUẬN THÀNH,CÔNG TY TNHH THƯƠNG MẠI DỊCH V,Công ty trách nhiệm hữu hạn một thành viên,"668/26/7 Tân Kỳ Tân Quí , Phường Bình Hưng Hòa, Quận Bình Tân, Thành phố Hồ Chí Minh, Việt Nam",Quận Bình Tân,"1079: Sản xuất thực phẩm khác chưa được phân vào đâu-Chi tiết: Sản xuất món ăn, thức ăn chế biến sẵn;1104: Sản xuất đồ uống không cồn, nước khoáng-;1811: In ấn-;4799: Bán lẻ hình thức khác chưa được p",internet
315928722,CÔNG TY TNHH THƯƠNG MẠI XUẤT NHẬP KHẨU QIANG HUA XIN,CÔNG TY TNHH THƯƠNG MẠI XUẤT N,Công ty trách nhiệm hữu hạn một thành viên,"18 Đường số 17A, Phường Bình Trị Đông B, Quận Bình Tân, Thành phố Hồ Chí Minh, Việt Nam",Quận Bình Tân,"1410: May trang phục (trừ trang phục từ da lông thú)-;1629: Sản xuất sản phẩm khác từ gỗ; sản xuất sản phẩm từ tre, nứa, rơm, rạ và vật liệu tết bện-(không hoạt động tại trụ sở);3313: Sửa chữa thiết b",internet
315930457,CÔNG TY TNHH TMDV TIẾN THỊNH,CÔNG TY TNHH TMDV TIẾN THỊNH,Công ty trách nhiệm hữu hạn một thành viên,"Số 439/59/19 Hồ Học Lãm, Khu phố 2, Phường An Lạc, Quận Bình Tân, Thành phố Hồ Chí Minh, Việt Nam",Quận Bình Tân,"3312: Sửa chữa máy móc, thiết bị-Chi tiết: sửa chữa máy thiết bị văn phòng; máy chiếu, máy vi tính laptop, máy in... (trừ gia công cơ khí, tái chế phế thải, xi mạ điện tại trụ sở);4321: Lắp đặt hệ thố",lap top
315956744,CÔNG TY TNHH THƯƠNG MẠI AN GIA THỊNH,CÔNG TY TNHH THƯƠNG MẠI AN GIA,Công ty trách nhiệm hữu hạn hai thành viên trở lên,"257/16/1/2 Phạm Đăng Giảng, Phường Bình Hưng Hòa, Quận Bình Tân, Thành phố Hồ Chí Minh, Việt Nam",Quận Bình Tân,"7310: Quảng cáo-;4632: Bán buôn thực phẩm-(không hoạt động tại trụ sở);4633: Bán buôn đồ uống-(không hoạt động tại trụ sở);4649: Bán buôn đồ dùng khác cho gia đình-Chi tiết: Bán buôn giường, tủ, b",internet
315907514,CÔNG TY TNHH TRAN LONG HOLDING,CÔNG TY TNHH TRAN LONG HOLDING,Công ty trách nhiệm hữu hạn hai thành viên trở lên,"số 2.38 Lầu 2, Cao ốc An Lạc Đường số 7, Phường An Lạc A, Quận Bình Tân, Thành phố Hồ Chí Minh, Việt Nam",Quận Bình Tân,"3220: Sản xuất nhạc cụ-;3230: Sản xuất dụng cụ thể dục, thể thao-;3240: Sản xuất đồ chơi, trò chơi-;3250: Sản xuất thiết bị, dụng cụ y tế, nha khoa, chỉnh hình và phục hồi chức năng-Chi tiết: 
Sản xuấ",internet
315964689,CÔNG TY CỔ PHẦN UNIVISION VIỆT NAM,CÔNG TY CỔ PHẦN UNIVISION VIỆT,Công ty cổ phần,"533 Lê Văn Quới, Phường Bình Trị Đông A, Quận Bình Tân, Thành phố Hồ Chí Minh, Việt Nam",Quận Bình Tân,"4329: Lắp đặt hệ thống xây dựng khác-Chi tiết: Lắp đặt hệ thống tổng đài điện thoại; Lắp đặt hệ thống mạng máy tính; Lắp đặt máy vi tính, máy in, máy fax, máy photocopy, máy scan, điện thoại, máy chiế",internet
315913839,CÔNG TY TNHH KỸ THUẬT CƠ ĐIỆN LẠNH TÂN THÁI DƯƠNG,CÔNG TY TNHH KỸ THUẬT CƠ ĐIỆN ,Công ty trách nhiệm hữu hạn hai thành viên trở lên,"17/2/13C Đường Liên khu 5-6, Khu phố 9, Phường Bình Hưng Hòa B, Quận Bình Tân, Thành phố Hồ Chí Minh, Việt Nam",Quận Bình Tân,5229: Hoạt động dịch vụ hỗ trợ khác liên quan đến vận tải-Chi tiết: Gửi hàng; Giao nhận hàng hóa (trừ hóa lỏng khí để vận chuyển và hoạt động liên quan đến vận tải hàng không).;9511: Sửa,internet
315914783,CÔNG TY TNHH MIN SHANG,CÔNG TY TNHH MIN SHANG,Công ty trách nhiệm hữu hạn một thành viên,"478 Trần Văn Giàu , Phường Tân Tạo, Quận Bình Tân, Thành phố Hồ Chí Minh, Việt Nam",Quận Bình Tân,"4659: Bán buôn máy móc, thiết bị và phụ tùng máy khác-Chi tiết: Bán buôn máy móc, thiết bị và phụ tùng máy dệt, may, da giày. Bán buôn các loại máy công cụ; máy móc ngành gỗ. Bán buôn máy móc, thiết b",internet
315968041,CÔNG TY TNHH TYLB INVEST SAIGON,CÔNG TY TNHH TYLB INVEST SAIGO,Công ty trách nhiệm hữu hạn một thành viên,"170 Tên Lửa, Phường Bình Trị Đông B, Quận Bình Tân, Thành phố Hồ Chí Minh, Việt Nam",Quận Bình Tân,"4610: Đại lý, môi giới, đấu giá hàng hóa-Chi tiết: Đại lý, môi giới hàng hóa;4620: Bán buôn nông, lâm sản nguyên liệu (trừ gỗ, tre, nứa) và động vật sống--(không hoạt động tại trụ sở);4669: Bán buôn c",internet
315956920,CÔNG TY TNHH CÔNG NGHỆ MẠNG HUA YUE,CÔNG TY TNHH CÔNG NGHỆ MẠNG HU,Công ty trách nhiệm hữu hạn một thành viên,"230/6/1/4 Mã Lò, Khu Phố 6, Phường Bình Trị Đông A, Quận Bình Tân, Thành phố Hồ Chí Minh, Việt Nam",Quận Bình Tân,"4651: Bán buôn máy vi tính, thiết bị ngoại vi và phần mềm-;4652: Bán buôn thiết bị và linh kiện điện tử, viễn thông-;5820: Xuất bản phần mềm-Chi tiết: sản xuất phần mềm.;6201: Lập trình máy vi tính-;6",internet
315959047,CÔNG TY TNHH HẢI SẢN PHÚ SANG,CÔNG TY TNHH HẢI SẢN PHÚ SANG,Công ty trách nhiệm hữu hạn một thành viên,"1768/4B Tỉnh Lộ 10, Phường Tân Tạo, Quận Bình Tân, Thành phố Hồ Chí Minh, Việt Nam",Quận Bình Tân,"4659: Bán buôn máy móc, thiết bị và phụ tùng máy khác-Chi tiết: Bán buôn máy móc, thiết bị điện, vật liệu điện (máy phát điện, động cơ điện, dây điện và thiết bị khác dùng trong mạch điện);
Bán buôn m",internet
315979558,CÔNG TY TNHH AB BEAUTY WORLD,CÔNG TY TNHH AB BEAUTY WORLD,Công ty trách nhiệm hữu hạn hai thành viên trở lên,"198A Đường Mã Lò, Khu Phố 6, Phường Bình Trị Đông A, Quận Bình Tân, Thành phố Hồ Chí Minh, Việt Nam",Quận Bình Tân,"4610: Đại lý, môi giới, đấu giá hàng hóa-Chi tiết: Đại lý bán hàng hóa, môi giới mua bán hàng hóa (trừ môi giới bất động sản);3312: Sửa chữa máy móc, thiết bị-(trừ gia công cơ khí, tái chế phế thải, x",internet
315933962,CÔNG TY TNHH ĐẦU TƯ - THƯƠNG MẠI A&M VIỆT NAM,CÔNG TY TNHH ĐẦU TƯ  THƯƠNG MẠ,Công ty trách nhiệm hữu hạn một thành viên,"495 Mã Lò, Phường Bình Hưng Hòa A, Quận Bình Tân, Thành phố Hồ Chí Minh, Việt Nam",Quận Bình Tân,"2023: Sản xuất mỹ phẩm, xà phòng, chất tẩy rửa, làm bóng và chế phẩm vệ sinh-(không hoạt động tại trụ sở);4649: Bán buôn đồ dùng khác cho gia đình-;4772: Bán lẻ thuốc, dụng cụ y tế, mỹ phẩm và vật phẩ",internet
315986499,CÔNG TY TNHH XÔNG HƠI XOA BÓP MASSAGE THÚY KIỀU,CÔNG TY TNHH XÔNG HƠI XOA BÓP ,Công ty trách nhiệm hữu hạn một thành viên,"89 Đường Số 1 Khu Dân Cư Vĩnh Lộc, Phường Bình Hưng Hòa B, Quận Bình Tân, Thành phố Hồ Chí Minh, Việt Nam",Quận Bình Tân,"9610: Dịch vụ tắm hơi, massage và các dịch vụ tăng cường sức khoẻ tương tự (trừ hoạt động thể thao)-Chi tiết: Dịch vụ tắm hơi, dịch vụ massage (doanh nghiệp chỉ được kinh doanh kể từ khi có đủ điều ki",internet
315990738,CÔNG TY TNHH PHÁT TRIỂN CÔNG NGHỆ A&T,CÔNG TY TNHH PHÁT TRIỂN CÔNG N,Công ty trách nhiệm hữu hạn một thành viên,"73/6/1 Lê Đình Cẩn, Phường Tân Tạo, Quận Bình Tân, Thành phố Hồ Chí Minh, Việt Nam",Quận Bình Tân,"8110: Dịch vụ hỗ trợ tổng hợp-;8121: Vệ sinh chung nhà cửa-(trừ dịch vụ xông hơi, khử trùng);8129: Vệ sinh công nghiệp và các công trình chuyên biệt-(trừ dịch vụ xông hơi, khử trùng);8130: Dịch vụ chă",internet
316004963,CÔNG TY TNHH THƯƠNG MẠI DỊCH VỤ HÙNG THIÊN LONG,CÔNG TY TNHH THƯƠNG MẠI DỊCH V,Công ty trách nhiệm hữu hạn một thành viên,"211/8 Gò Xoài, Phường Bình Hưng Hòa A, Quận Bình Tân, Thành phố Hồ Chí Minh, Việt Nam",Quận Bình Tân,"6820: Tư vấn, môi giới, đấu giá bất động sản, đấu giá quyền sử dụng đất-Chi tiết: Tư vấn, môi giới bất động sản (trừ tư vấn tài chính, kế toán, pháp luật);7110: Hoạt động kiến trúc và tư vấn kỹ thuật ",internet
315992220,CÔNG TY TNHH LOGISTICS GRAND SEA INTERNATIONAL (VIỆT NAM),CÔNG TY TNHH LOGISTICS GRAND S,Công ty trách nhiệm hữu hạn hai thành viên trở lên,"479/56C Tân Hòa Đông, Phường Bình Trị Đông, Quận Bình Tân, Thành phố Hồ Chí Minh, Việt Nam",Quận Bình Tân,"5229: Hoạt động dịch vụ hỗ trợ khác liên quan đến vận tải-Chi tiết: Gửi hàng, giao nhận hàng hóa; dịch vụ vận tải đa phương thức (Trừ đường hàng không); dịch vụ Logistics (Trừ đường hàng không); Đại l",internet
316008453,CÔNG TY TNHH THƯƠNG MẠI QUỐC TẾ CẨM CHÂU,CÔNG TY TNHH THƯƠNG MẠI QUỐC T,Công ty trách nhiệm hữu hạn một thành viên,"730/1/4/2C Hương Lộ 2, Phường Bình Trị Đông A, Quận Bình Tân, Thành phố Hồ Chí Minh, Việt Nam",Quận Bình Tân,"4690: Bán buôn tổng hợp-(trừ bán buôn hóa chất, khí dầu mỏ hóa lỏng LPG, dầu nhớt cặn, vàng miếng, súng, đạn loại dùng đi săn hoặc thể thao và tiền kim khí; Thực hiện theo Quyết định 64/2009/QĐ-UBND n",internet
315955388,CÔNG TY TNHH XUẤT NHẬP KHẨU BJ,CÔNG TY TNHH XUẤT NHẬP KHẨU BJ,Công ty trách nhiệm hữu hạn một thành viên,"59/51 Mã Lò, Phường Bình Trị Đông A, Quận Bình Tân, Thành phố Hồ Chí Minh, Việt Nam",Quận Bình Tân,"4711: Bán lẻ lương thực, thực phẩm, đồ uống, thuốc lá, thuốc lào chiếm tỷ trọng lớn trong các cửa hàng kinh doanh tổng hợp-(Thực hiện theo Quyết định số 64/2009/QÐ-UBND ngày 31/07/2009 và Quyết định s",internet
315989154,CÔNG TY TNHH XÂY DỰNG VÀ NỘI THẤT AN MẠNH,CÔNG TY TNHH XÂY DỰNG VÀ NỘI T,Công ty trách nhiệm hữu hạn hai thành viên trở lên,"119 Mã Lò, Phường Bình Trị Đông, Quận Bình Tân, Thành phố Hồ Chí Minh, Việt Nam",Quận Bình Tân,"7110: Hoạt động kiến trúc và tư vấn kỹ thuật có liên quan-Chi tiết: Hoạt động kiến trúc;7410: Hoạt động thiết kế chuyên dụng-Chi tiết: hoạt động trang trí nội thất, dịch vụ thiết kế và trang trí nội t",internet
108846616,CÔNG TY TNHH XUẤT NHẬP KHẨU THƯƠNG MẠI ANH SƠN,CÔNG TY TNHH XUẤT NHẬP KHẨU TH,Công ty trách nhiệm hữu hạn một thành viên,"Số 43 Liên khu 8-9, Phường Bình Hưng Hòa A, Quận Bình Tân, Thành phố Hồ Chí Minh, Việt Nam",Quận Bình Tân,"1104: Sản xuất đồ uống không cồn, nước khoáng-;3230: Sản xuất dụng cụ thể dục, thể thao-;3240: Sản xuất đồ chơi, trò chơi-Chi tiết: 
-Sản xuất bóng bay cao su , bóng bay tráng nhôm;4632: Bán buôn thực",internet
315989789,CÔNG TY TNHH  THƯƠNG MẠI DỊCH VỤ SẢN XUẤT QTS,CÔNG TY TNHH  THƯƠNG MẠI DỊCH ,Công ty trách nhiệm hữu hạn hai thành viên trở lên,"548/77 Tân Kỳ Tân Quý, Phường Bình Hưng Hòa, Quận Bình Tân, Thành phố Hồ Chí Minh, Việt Nam",Quận Bình Tân,2220: Sản xuất sản phẩm từ plastic-(không hoạt động tại trụ sở);1811: In ấn-(không hoạt động tại trụ sở);4211: Xây dựng công trình đường sắt-;4212: Xây dựng công trình đường bộ-;4291: Xây dựng công tr,internet
316002324,CÔNG TY TNHH GIẢI TRÍ ĐẠI LỢI,CÔNG TY TNHH GIẢI TRÍ ĐẠI LỢI,Công ty trách nhiệm hữu hạn một thành viên,"501 Hương Lộ 3, Khu phố 9, Phường Bình Hưng Hòa, Quận Bình Tân, Thành phố Hồ Chí Minh, Việt Nam",Quận Bình Tân,9329: Hoạt động vui chơi giải trí khác chưa được phân vào đâu-Chi tiết: Kinh doanh khu vui chơi giải trí. Kinh doanh trò chơi điện tử (trừ kinh doanh trò chơi có thưởng dành cho người nước ngoài và ki,internet
315979519,CÔNG TY TNHH LÊ THÀNH MỸ THUẬN,CÔNG TY TNHH LÊ THÀNH MỸ THUẬN,Công ty trách nhiệm hữu hạn hai thành viên trở lên,"198A Đường Mã Lò, Khu Phố 6, Phường Bình Trị Đông A, Quận Bình Tân, Thành phố Hồ Chí Minh, Việt Nam",Quận Bình Tân,"4610: Đại lý, môi giới, đấu giá hàng hóa-Chi tiết: Đại lý bán hàng hóa, môi giới mua bán hàng hóa
(trừ môi giới bất động sản);3312: Sửa chữa máy móc, thiết bị-(trừ gia công cơ khí, tái chế phế thải, x",internet
316020732,CÔNG TY TNHH THƯƠNG MẠI TƯ VẤN VÀ ĐẦU TƯ VOI VUA,CÔNG TY TNHH THƯƠNG MẠI TƯ VẤN,Công ty trách nhiệm hữu hạn hai thành viên trở lên,"153/83 Bình Thành, khu phố 4, Phường Bình Hưng Hòa B, Quận Bình Tân, Thành phố Hồ Chí Minh, Việt Nam",Quận Bình Tân,"6619: Hoạt động hỗ trợ dịch vụ tài chính chưa được phân vào đâu-Chi tiết: Hoạt động tư vấn đầu tư (trừ tư vấn tài chính, kế toán, pháp luật);7020: Hoạt động tư vấn quản lý-(trừ tư vấn tài chính, kế to",internet
316010935,CÔNG TY TNHH PHÚ GIAI HOÀNG,CÔNG TY TNHH PHÚ GIAI HOÀNG,Công ty trách nhiệm hữu hạn hai thành viên trở lên,"Số 40  Đường Số 47, Khu Phố 8, Phường Tân Tạo, Quận Bình Tân, Thành phố Hồ Chí Minh, Việt Nam",Quận Bình Tân,"4752: Bán lẻ đồ ngũ kim, sơn, kính và thiết bị lắp đặt khác trong xây dựng trong các cửa hàng chuyên doanh-( CPC 632); 4659: Bán buôn máy móc, thiết bị và phụ tùng máy khác-Chi tiết : Bán buôn xuất nh",internet
316040249,CÔNG TY TNHH KINH DOANH VÀ DỊCH VỤ THIỆN ĐỨC,CÔNG TY TNHH KINH DOANH VÀ DỊC,Công ty trách nhiệm hữu hạn một thành viên,"157 Đường số 16, Khu phố 2, Phường Bình Trị Đông B, Quận Bình Tân, Thành phố Hồ Chí Minh, Việt Nam",Quận Bình Tân,"4632: Bán buôn thực phẩm-chi tiết: Bán buôn thịt và các sản phẩm từ thịt, thủy sản, rau, quả, chè, đường (không hoạt động tại trụ sở); sữa và các sản phẩm sữa, bánh kẹo và các sản phẩm chế biến từ ngũ",internet
316023726,CÔNG TY TNHH THƯƠNG MẠI TRUYỀN THÔNG KHANG THỊNH,CÔNG TY TNHH THƯƠNG MẠI TRUYỀN,Công ty trách nhiệm hữu hạn một thành viên,"Tầng 6, Số 28 Tòa Nhà Hai Thành Đường 17A , Phường Bình Trị Đông B, Quận Bình Tân, Thành phố Hồ Chí Minh, Việt Nam",Quận Bình Tân,1820: Sao chép bản ghi các loại-;9321: Hoạt động của các công viên vui chơi và công viên theo chủ đề-(trừ kinh doanh trò chơi điện tử có thưởng dành cho người nước ngoài và kinh doanh trò chơi điện tử,internet
316011248,CÔNG TY TNHH GREEN HAPPY LIFE,CÔNG TY TNHH GREEN HAPPY LIFE,Công ty trách nhiệm hữu hạn hai thành viên trở lên,"51/1/2A Chiến Lược, Phường Bình Trị Đông, Quận Bình Tân, Thành phố Hồ Chí Minh, Việt Nam",Quận Bình Tân,"4321: Lắp đặt hệ thống điện-(không gia công cơ khí, tái chế phế thải, xi mạ điện tại trụ sở);4329: Lắp đặt hệ thống xây dựng khác-(không gia công cơ khí, tái chế phế thải, xi mạ điện tại trụ sở);4330:",internet
316009256,CÔNG TY TNHH PHONG TRƯỜNG PHÁT,CÔNG TY TNHH PHONG TRƯỜNG PHÁT,Công ty trách nhiệm hữu hạn một thành viên,"24 Đường Số 18D, Phường Bình Hưng Hòa A, Quận Bình Tân, Thành phố Hồ Chí Minh, Việt Nam",Quận Bình Tân,6492: Hoạt động cấp tín dụng khác-Chi tiết: Dịch vụ cầm đồ.;4511: Bán buôn ô tô và xe có động cơ khác-;4512: Bán lẻ ô tô con (loại 9 chỗ ngồi trở xuống)-;4530: Bán phụ tùng và các bộ phận phụ trợ của ,internet
316026854,CÔNG TY TNHH SẢN XUẤT THƯƠNG MẠI DỊCH VỤ THIÊN PHÚ LONG,CÔNG TY TNHH SẢN XUẤT THƯƠNG M,Công ty trách nhiệm hữu hạn một thành viên,"919/27 Hương Lộ 2, Khu phố 8 , Phường Bình Trị Đông A, Quận Bình Tân, Thành phố Hồ Chí Minh, Việt Nam",Quận Bình Tân,"4659: Bán buôn máy móc, thiết bị và phụ tùng máy khác-Chi tiết: Bán buôn máy móc, trang thiết bị vật tư phục vụ hoạt động quảng cáo, truyền hình;4669: Bán buôn chuyên doanh khác chưa được phân vào đâu",internet
316056545,CÔNG TY TNHH LÊ THÀNH MŨI NÉ,CÔNG TY TNHH LÊ THÀNH MŨI NÉ,Công ty trách nhiệm hữu hạn hai thành viên trở lên,"198A Đường Mã Lò, Khu Phố 6, Phường Bình Trị Đông A, Quận Bình Tân, Thành phố Hồ Chí Minh, Việt Nam",Quận Bình Tân,"4711: Bán lẻ lương thực, thực phẩm, đồ uống, thuốc lá, thuốc lào chiếm tỷ trọng lớn trong các cửa hàng kinh doanh tổng hợp-(trừ bán lẻ bình gas, hóa chất, súng, đạn loại dùng đi săn hoặc thể thao, tiề",internet
316018652,CÔNG TY TNHH THƯƠNG MẠI VÀ DỊCH VỤ PHÁP ĐĂNG,CÔNG TY TNHH THƯƠNG MẠI VÀ DỊC,Công ty trách nhiệm hữu hạn hai thành viên trở lên,"161/23 Bùi Tư Toàn, Phường An Lạc, Quận Bình Tân, Thành phố Hồ Chí Minh, Việt Nam",Quận Bình Tân,"4649: Bán buôn đồ dùng khác cho gia đình-Chi tiết: Bán buôn hàng gốm, sứ, thủy tinh. Bán buôn đèn và bộ đèn điện. Bán buôn giường, tủ, bàn ghế và đồ dùng nội thất tương tự; Bán buôn văn phòng phẩm; Bá",internet
316044927,CÔNG TY TNHH THƯƠNG MẠI DỊCH VỤ TM REDLINE,CÔNG TY TNHH THƯƠNG MẠI DỊCH V,Công ty trách nhiệm hữu hạn một thành viên,"Số 8 đường số 13, Khu Tên Lửa , Phường Bình Trị Đông B, Quận Bình Tân, Thành phố Hồ Chí Minh, Việt Nam",Quận Bình Tân,"1811: In ấn-;3290: Sản xuất khác chưa được phân vào đâu-Chi tiết: Sản xuất, gia công màng seal, màng nhôm các loại (Trừ gia công cơ khí, tái chế phế thải, luyện cán cao su tại trụ sở và trừ sản xuất x",internet
316079221,CÔNG TY TNHH GIAO NHẬN THƯƠNG MẠI TOÀN MỸ,CÔNG TY TNHH GIAO NHẬN THƯƠNG ,Công ty trách nhiệm hữu hạn một thành viên,"445/29/12 Tân Hòa Đông, Phường Bình Trị Đông, Quận Bình Tân, Thành phố Hồ Chí Minh, Việt Nam",Quận Bình Tân,"5022: Vận tải hàng hóa đường thuỷ nội địa-(trừ hóa lỏng khí để vận chuyển);1511: Thuộc, sơ chế da; sơ chế và nhuộm da lông thú-Chi tiết: Dịch vụ nhuộm các loại ( không hoạt động tại trụ sở);1512: Sản ",internet
316044885,CÔNG TY TNHH GIẢI TRÍ VÀ SỰ KIỆN ĐẠI LÂM MỘC,CÔNG TY TNHH GIẢI TRÍ VÀ SỰ KI,Công ty trách nhiệm hữu hạn một thành viên,"Số 5 Đường 2A , Phường Bình Hưng Hòa A, Quận Bình Tân, Thành phố Hồ Chí Minh, Việt Nam",Quận Bình Tân,"3320: Lắp đặt máy móc và thiết bị công nghiệp-;4321: Lắp đặt hệ thống điện-;4329: Lắp đặt hệ thống xây dựng khác-Chi tiết: lắp đặt hệ thống thiết bị âm thanh, ánh sáng, dàn dựng sân khấu và lắp đặt hệ",internet
316045254,CÔNG TY TNHH CHANDIF,CÔNG TY TNHH CHANDIF,Công ty trách nhiệm hữu hạn một thành viên,"109 đường Số 21B, Phường Bình Trị Đông B, Quận Bình Tân, Thành phố Hồ Chí Minh, Việt Nam",Quận Bình Tân,"1079: Sản xuất thực phẩm khác chưa được phân vào đâu-Chi tiết: Sản xuất thực phẩm chức năng; sản xuất trái cây đóng hộp; sản xuất sản phẩm từ nông nghiệp.
- Sản xuất thực phẩm đóng gói, thực phẩm chế ",internet
316023557,CÔNG TY TNHH SẢN XUẤT THƯƠNG MẠI PHÚ LÝ BẢO,CÔNG TY TNHH SẢN XUẤT THƯƠNG M,Công ty trách nhiệm hữu hạn một thành viên,"71-73 Đường Số 1B , Phường Bình Trị Đông B, Quận Bình Tân, Thành phố Hồ Chí Minh, Việt Nam",Quận Bình Tân,"3290: Sản xuất khác chưa được phân vào đâu-Chi tiết: Sản xuất phụ liệu, nguyên liệu giày dép, giày dép, hàng may mặc, quần áo. Sản xuất đồ dùng, vật dụng, hàng trang trí lễ tết, lễ hội, và hàng trang ",internet
316074424,CÔNG TY TNHH CÔNG NGHỆ KHẢI VY,CÔNG TY TNHH CÔNG NGHỆ KHẢI VY,Công ty trách nhiệm hữu hạn một thành viên,"7 Dương Bá Cung, Phường An Lạc A, Quận Bình Tân, Thành phố Hồ Chí Minh, Việt Nam",Quận Bình Tân,"4773: Bán lẻ hàng hóa khác mới trong các cửa hàng chuyên doanh-(trừ bán lẻ bình gas, khí dầu mỏ hóa lỏng LPG và dầu nhớt cặn, dược phẩm, vàng miếng, súng, đạn loại dùng đi săn hoặc thể thao và tiền ki",internet
316026614,CÔNG TY TNHH THƯƠNG MẠI DỊCH VỤ THIÊN THANH TÂM,CÔNG TY TNHH THƯƠNG MẠI DỊCH V,Công ty trách nhiệm hữu hạn một thành viên,"Số 45 Đường số 28 , Phường Bình Trị Đông B, Quận Bình Tân, Thành phố Hồ Chí Minh, Việt Nam",Quận Bình Tân,"4669: Bán buôn chuyên doanh khác chưa được phân vào đâu-(trừ bán buôn bình gas, khí dầu mỏ hóa lỏng LPG, dầu nhớt cặn, vàng miếng, súng, đạn loại dùng đi săn hoặc thể thao và tiền kim khí; trừ bán buô",internet
316028724,CÔNG TY TNHH THƯƠNG MẠI CAO HUY TECHNOLOGY,CÔNG TY TNHH THƯƠNG MẠI CAO HU,Công ty trách nhiệm hữu hạn hai thành viên trở lên,"933/4/7 Tỉnh lộ 10, Phường Tân Tạo, Quận Bình Tân, Thành phố Hồ Chí Minh, Việt Nam",Quận Bình Tân,"4649: Bán buôn đồ dùng khác cho gia đình-(Trừ kinh doanh dược phẩm);4652: Bán buôn thiết bị và linh kiện điện tử, viễn thông-;4741: Bán lẻ máy vi tính, thiết bị ngoại vi, phần mềm và thiết bị viễn thô",technology
108747693,CÔNG TY TNHH XUẤT NHẬP KHẨU JNCA,CÔNG TY TNHH XUẤT NHẬP KHẨU JN,Công ty trách nhiệm hữu hạn một thành viên,"Số 298/2/68 Hồ Ngọc Lãm, Phường An Lạc, Quận Bình Tân, Thành phố Hồ Chí Minh, Việt Nam",Quận Bình Tân,"4659: Bán buôn máy móc, thiết bị và phụ tùng máy khác-Chi tiết: 
- Bán buôn máy móc, thiết bị và phụ tùng máy khai khoáng, xây dựng
- Bán buôn máy móc, thiết bị điện, vật liệu điện (máy phát điện, độn",internet
316078700,CÔNG TY TNHH ĐẦU TƯ SẢN XUẤT THƯƠNG MẠI PHÚ LONG,CÔNG TY TNHH ĐẦU TƯ SẢN XUẤT T,Công ty trách nhiệm hữu hạn hai thành viên trở lên,"230/28/4 Mã Lò, Khu phố 6, Phường Bình Trị Đông A, Quận Bình Tân, Thành phố Hồ Chí Minh, Việt Nam",Quận Bình Tân,"4690: Bán buôn tổng hợp-(trừ bán buôn thuốc trừ sâu và hóa chất sử dụng trong nông nghiệp và không bán buôn phế liệu, phế thải kim loại, phi kim loại tại trụ sở) (không tồn trữ hoá chất tại trụ sở) (t",internet
315472214,CÔNG TY TNHH SẢN XUẤT NỘI THẤT INOX SƠN HÀ,CÔNG TY TNHH SẢN XUẤT NỘI THẤT,Công ty trách nhiệm hữu hạn một thành viên,"59/8/22A Hồ Văn Long, Khu phố 1, Phường Bình Hưng Hòa B, Quận Bình Tân, Thành phố Hồ Chí Minh, Việt Nam",Quận Bình Tân,9329: Hoạt động vui chơi giải trí khác chưa được phân vào đâu-Chi tiết: Kinh doanh trò chơi điện tử (thực hiện theo quy định của thông tư số 08/2000/TT-BVHTT ngày 28 tháng 04 năm 2000 hướng dẫn quản l,internet
315495765,CÔNG TY TNHH THƯƠNG MẠI CÔNG NGHỆ VINTECH PRO,CÔNG TY TNHH THƯƠNG MẠI CÔNG N,Công ty trách nhiệm hữu hạn một thành viên,"111/31 Tây Lân, Phường Bình Trị Đông A, Quận Bình Tân, Thành phố Hồ Chí Minh, Việt Nam",Quận Bình Tân,"4651: Bán buôn máy vi tính, thiết bị ngoại vi và phần mềm-;4652: Bán buôn thiết bị và linh kiện điện tử, viễn thông-;4659: Bán buôn máy móc, thiết bị và phụ tùng máy khác-;6202: Tư vấn máy vi tính và ",internet
315563542,CÔNG TY TNHH THƯƠNG MẠI VÀ VIỄN THÔNG KBS TECHNOLOGY VIỆT NAM,CÔNG TY TNHH THƯƠNG MẠI VÀ VIỄ,Công ty trách nhiệm hữu hạn một thành viên,"107/44 Đường số 14, Phường Bình Hưng Hòa A, Quận Bình Tân, Thành phố Hồ Chí Minh, Việt Nam",Quận Bình Tân,"4329: Lắp đặt hệ thống xây dựng khác-Chi tiết: thi công foam cách nhiệt, cách âm thanh; lắp đặt các công trình trang trí nội, ngoại thất; hệ thống xây dựng khác (trừ gia công cơ khí, tái chế phế thải,",technology
315623512,CÔNG TY TNHH SẢN XUẤT VÀ IN ẤN BAO BÌ HƯNG PHÚ,CÔNG TY TNHH SẢN XUẤT VÀ IN ẤN,Công ty trách nhiệm hữu hạn một thành viên,"48/11C Đường số 10, Phường Bình Hưng Hòa B, Quận Bình Tân, Thành phố Hồ Chí Minh, Việt Nam",Quận Bình Tân,"4799: Bán lẻ hình thức khác chưa được phân vào đâu-(trừ bán lẻ bình gas, khí dầu mỏ hóa lỏng LPG, dầu nhớt cặn, vàng miếng, súng, đạn loại dùng đi săn hoặc thể thao và tiền kim khí; trừ bán lẻ hóa chấ",internet
315629521,CÔNG TY TNHH THƯƠNG MẠI DỊCH VỤ ĐIỆN MÁY PHƯỚC TIẾN,CÔNG TY TNHH THƯƠNG MẠI DỊCH V,Công ty trách nhiệm hữu hạn hai thành viên trở lên,"243/33/27B, Mã Lò, Phường Bình Trị Đông A, Quận Bình Tân, Thành phố Hồ Chí Minh, Việt Nam",Quận Bình Tân,"4649: Bán buôn đồ dùng khác cho gia đình-Chi tiết: Bán buôn thiết bị điện máy, điện lạnh, đồ điện gia dụng, thiết bị nhà bếp và linh kiện;4651: Bán buôn máy vi tính, thiết bị ngoại vi và phần mềm-;465",internet
315640469,CÔNG TY CỔ PHẦN SUNRISE PLUS VIỆT NAM,CÔNG TY CỔ PHẦN SUNRISE PLUS V,Công ty cổ phần,"Tầng 1, 147/34 Đường số 15, Phường Bình Hưng Hòa, Quận Bình Tân, Thành phố Hồ Chí Minh, Việt Nam",Quận Bình Tân,"4772: Bán lẻ thuốc, dụng cụ y tế, mỹ phẩm và vật phẩm vệ sinh trong các cửa hàng chuyên doanh-(Thực hiện theo quyết định 64/2009/QĐ-UBND ngày 31/7/2009 và quyết định 79/2009/QĐ-UBND ngày 17/10/2009 củ",internet
315661268,CÔNG TY TNHH KỸ NGHỆ SÀI THÀNH,CÔNG TY TNHH KỸ NGHỆ SÀI THÀNH,Công ty trách nhiệm hữu hạn một thành viên,"Số 106/1/2/41, đường Đình Nghi Xuân, khu phố 3, Phường Bình Trị Đông, Quận Bình Tân, Thành phố Hồ Chí Minh, Việt Nam",Quận Bình Tân,"3250: Sản xuất thiết bị, dụng cụ y tế, nha khoa, chỉnh hình và phục hồi chức năng-;2640: Sản xuất sản phẩm điện tử dân dụng-;2740: Sản xuất thiết bị điện chiếu sáng-;2750: Sản xuất đồ điện dân dụng-;2",internet
315661275,CÔNG TY TNHH SẢN XUẤT DỊCH VỤ THƯƠNG MẠI GIÀU THỌ,CÔNG TY TNHH SẢN XUẤT DỊCH VỤ ,Công ty trách nhiệm hữu hạn một thành viên,"173A Phan Anh, Phường Bình Trị Đông, Quận Bình Tân, Thành phố Hồ Chí Minh, Việt Nam",Quận Bình Tân,"2013: Sản xuất plastic và cao su tổng hợp dạng nguyên sinh-Chi tiết: Sản xuất màng nhựa, bao bì (trừ tái chế phế thải, luyện cán cao su, trừ sản xuất xốp cách nhiệt sử dụng ga R141b);4669: Bán buôn ch",internet
315675398,CÔNG TY TNHH DỊCH VỤ GIẢI TRÍ GAME DIỄM MY,CÔNG TY TNHH DỊCH VỤ GIẢI TRÍ ,Công ty trách nhiệm hữu hạn một thành viên,"Số 64 Đường Lê Văn Quới, Phường Bình Hưng Hòa A, Quận Bình Tân, Thành phố Hồ Chí Minh, Việt Nam",Quận Bình Tân,9329: Hoạt động vui chơi giải trí khác chưa được phân vào đâu-Chi tiết: Kinh doanh trò chơi điện tử ( trừ hoạt động kinh doanh trò chơi điện tử có thưởng dành cho người nước ngoài và kinh doanh trò ch,internet
315696278,DOANH NGHIỆP TƯ NHÂN TRÒ CHƠI ĐIỆN TỬ 979,DOANH NGHIỆP TƯ NHÂN TRÒ CHƠI ,Doanh nghiệp tư nhân,"79 An Dương Vương, Khu phố 4, Phường An Lạc, Quận Bình Tân, Thành phố Hồ Chí Minh, Việt Nam",Quận Bình Tân,9329: Hoạt động vui chơi giải trí khác chưa được phân vào đâu-Chi tiết: Hoạt động kinh doanh trò chơi điện tử (trừ kinh doanh trò chơi điện tử có thưởng dành cho người nước ngoài và kinh doanh trò chơ,internet
315728804,CÔNG TY TNHH THƯƠNG MẠI SẢN XUẤT BAO BÌ MINH TRANG,CÔNG TY TNHH THƯƠNG MẠI SẢN XU,Công ty trách nhiệm hữu hạn hai thành viên trở lên,"154/6B Gò Xoài, Phường Bình Hưng Hòa A, Quận Bình Tân, Thành phố Hồ Chí Minh, Việt Nam",Quận Bình Tân,"1811: In ấn-Chi tiết: In trên bao bì giấy và decal các loại (trừ in, tráng bao bì kim loại; in trên các sản phẩm vải sợi, dệt, may, đan tại trụ sở);1812: Dịch vụ liên quan đến in-Chi tiết: Dịch vụ liê",internet
315759922,CÔNG TY CỔ PHẦN DỊCH VỤ VỆ SINH CÔNG NGHIỆP HOÀN MỸ SÀI GÒN,CÔNG TY CỔ PHẦN DỊCH VỤ VỆ SIN,Công ty cổ phần,"130 Đường 47, Khu phố 8, Phường Tân Tạo, Quận Bình Tân, Thành phố Hồ Chí Minh, Việt Nam",Quận Bình Tân,"4322: Lắp đặt hệ thống cấp, thoát nước, hệ thống sưởi và điều hoà không khí-(trừ lắp đặt các thiết bị lạnh (thiết bị cấp đông, kho lạnh, máy đá, điều hòa không khí, làm lạnh nước) sử dụng ga lạnh R22 ",internet
315825290,CÔNG TY TNHH CÔNG NGHỆ VIET NAM SAN YUAN MOTOLED,CÔNG TY TNHH CÔNG NGHỆ VIET NA,Công ty trách nhiệm hữu hạn một thành viên,"157 Đường 26, Phường Bình Trị Đông B, Quận Bình Tân, Thành phố Hồ Chí Minh, Việt Nam",Quận Bình Tân,"4511: Bán buôn ô tô và xe có động cơ khác-Chi tiết: Thực hiện quyền phân phối bán buôn ô tô và xe có động cơ khác
(CPC 622); 4512: Bán lẻ ô tô con (loại 9 chỗ ngồi trở xuống)-(CPC 61112); 4513: Đại lý",internet
315849485,CÔNG TY TNHH VNYM NETWORK TECHNOLOGY,CÔNG TY TNHH VNYM NETWORK TECH,Công ty trách nhiệm hữu hạn một thành viên,"107 Đường 28, Phường Bình Trị Đông B, Quận Bình Tân, Thành phố Hồ Chí Minh, Việt Nam",Quận Bình Tân,"4651: Bán buôn máy vi tính, thiết bị ngoại vi và phần mềm-;7310: Quảng cáo-;4652: Bán buôn thiết bị và linh kiện điện tử, viễn thông-;6619: Hoạt động hỗ trợ dịch vụ tài chính chưa được phân vào đâu-Ch",technology
315908980,CÔNG TY TNHH THIẾT KẾ VÀ THƯƠNG MẠI DỊCH VỤ TIẾN THỊNH,CÔNG TY TNHH THIẾT KẾ VÀ THƯƠN,Công ty trách nhiệm hữu hạn hai thành viên trở lên,"100/5/19A Miếu Gò Xoài, Phường Bình Hưng Hòa A, Quận Bình Tân, Thành phố Hồ Chí Minh, Việt Nam",Quận Bình Tân,"4222: Xây dựng công trình cấp, thoát nước-; 4223: Xây dựng công trình viễn thông, thông tin liên lạc-; 4229: Xây dựng công trình công ích khác-; 4330: Hoàn thiện công trình xây dựng-; 4390: Hoạt động ",internet
315913148,CÔNG TY TNHH THƯƠNG MẠI VÀ DỊCH VỤ CÔNG NGHỆ THÔNG TIN MINH ĐĂNG,CÔNG TY TNHH THƯƠNG MẠI VÀ DỊC,Công ty trách nhiệm hữu hạn một thành viên,"Số 80/91/20/9 Đường số 12, Phường Bình Hưng Hòa, Quận Bình Tân, Thành phố Hồ Chí Minh, Việt Nam",Quận Bình Tân,"4321: Lắp đặt hệ thống điện-Chi tiết: Lắp đặt thiết bị bưu chính, viễn thông, truyền hình và hệ thống mạng điện thoại (Trừ gia công cơ khí, tái chế phế thải, xi mạ điện tại trụ sở);4322: Lắp đặt hệ th",internet
315924485,CÔNG TY TNHH CUNG ỨNG VÀ GIẢI PHÁP DỊCH VỤ SS-TEL GROUP,CÔNG TY TNHH CUNG ỨNG VÀ GIẢI ,Công ty trách nhiệm hữu hạn hai thành viên trở lên,"22/1 Đường số 8, Phường Bình Hưng Hòa, Quận Bình Tân, Thành phố Hồ Chí Minh, Việt Nam",Quận Bình Tân,"8220: Hoạt động dịch vụ liên quan đến các cuộc gọi-;7020: Hoạt động tư vấn quản lý-(trừ tư vấn tài chính, kế toán, pháp luật);7830: Cung ứng và quản lý nguồn lao động-Chi tiết: Cung ứng và quản lý ngu",internet
315959840,CÔNG TY TNHH HƯNG LONG THỊNH VƯỢNG,CÔNG TY TNHH HƯNG LONG THỊNH V,Công ty trách nhiệm hữu hạn một thành viên,"13 Đường số 12, Phường An Lạc, Quận Bình Tân, Thành phố Hồ Chí Minh, Việt Nam",Quận Bình Tân,"4652: Bán buôn thiết bị và linh kiện điện tử, viễn thông-;4653: Bán buôn máy móc, thiết bị và phụ tùng máy nông nghiệp-;4659: Bán buôn máy móc, thiết bị và phụ tùng máy khác-;4741: Bán lẻ máy vi tính,",internet
316039148,CÔNG TY TNHH MT HƯNG THỊNH,CÔNG TY TNHH MT HƯNG THỊNH,Công ty trách nhiệm hữu hạn hai thành viên trở lên,"TM30, Tầng 1 Cao Ốc An Lạc, Số 40 Đường Số 7 , Phường An Lạc A, Quận Bình Tân, Thành phố Hồ Chí Minh, Việt Nam",Quận Bình Tân,"4299: Xây dựng công trình kỹ thuật dân dụng khác-;4311: Phá dỡ-;4312: Chuẩn bị mặt bằng-;4321: Lắp đặt hệ thống điện-;4322: Lắp đặt hệ thống cấp, thoát nước, hệ thống sưởi và điều hoà không khí-(trừ l",internet
316086204,CÔNG TY TNHH TẬP ĐOÀN PHÁT KIẾN CƯỜNG,CÔNG TY TNHH TẬP ĐOÀN PHÁT KIẾ,Công ty trách nhiệm hữu hạn một thành viên,"Số 104 Đường số 6, Phường Bình Hưng Hòa A, Quận Bình Tân, Thành phố Hồ Chí Minh, Việt Nam",Quận Bình Tân,"4669: Bán buôn chuyên doanh khác chưa được phân vào đâu-(trừ bán buôn bình gas, khí dầu mỏ hóa lỏng LPG, dầu nhớt cặn, vàng miếng, súng, đạn loại dùng đi săn hoặc thể thao và tiền kim khí; trừ bán buô",internet
316086589,CÔNG TY TNHH 101-NET,CÔNG TY TNHH 101NET,Công ty trách nhiệm hữu hạn một thành viên,"179 Mã Lò, Khu phố 10, Phường Bình Trị Đông A, Quận Bình Tân, Thành phố Hồ Chí Minh, Việt Nam",Quận Bình Tân,5630: Dịch vụ phục vụ đồ uống-(trừ hoạt động quán bar và quán giải khát có khiêu vũ);6120: Hoạt động viễn thông không dây-;6190: Hoạt động viễn thông khác-chi tiết: Hoạt động của các điểm truy cập int,internet
316090698,CÔNG TY TNHH THƯƠNG MẠI ĐỨC VĨNH TÍN,CÔNG TY TNHH THƯƠNG MẠI ĐỨC VĨ,Công ty trách nhiệm hữu hạn hai thành viên trở lên,"Số 7, Đường số 50, Khu phố 9, Phường Tân Tạo, Quận Bình Tân, Thành phố Hồ Chí Minh, Việt Nam",Quận Bình Tân,"4641: Bán buôn vải, hàng may mặc, giày dép-Chi tiết: Bán buôn xuất nhập khẩu vải, hàng dệt, hàng thêu, hàng đan, quần áo và hàng may mặc, giày dép ( CPC 622); 4649: Bán buôn đồ dùng khác cho gia đình-",internet
316094879,CÔNG TY TNHH LOGISTICS TUẤN HÀ,CÔNG TY TNHH LOGISTICS TUẤN HÀ,Công ty trách nhiệm hữu hạn một thành viên,"73/17c Đường số 14  , Phường Bình Hưng Hòa A, Quận Bình Tân, Thành phố Hồ Chí Minh, Việt Nam",Quận Bình Tân,"4649: Bán buôn đồ dùng khác cho gia đình-Chi tiết: - Bán buôn nước hoa, nước thơm, dầu thơm; Bán buôn hàng mỹ phẩm: son, phấn, kem dưỡng da và trang điểm, mỹ phẩm dùng cho mắt; Bán buôn chế phẩm vệ si",internet
316094075,CÔNG TY TNHH THƯƠNG MẠI DỊCH VỤ TRÀ KHÚC,CÔNG TY TNHH THƯƠNG MẠI DỊCH V,Công ty trách nhiệm hữu hạn hai thành viên trở lên,"651 Trần Văn Giàu, Phường Tân Tạo A, Quận Bình Tân, Thành phố Hồ Chí Minh, Việt Nam",Quận Bình Tân,"4659: Bán buôn máy móc, thiết bị và phụ tùng máy khác-;4610: Đại lý, môi giới, đấu giá hàng hóa-(trừ đấu giá tài sản);4669: Bán buôn chuyên doanh khác chưa được phân vào đâu-(trừ bán buôn bình gas, kh",internet
316096756,CÔNG TY TNHH IN ẤN VÀ SỰ KIỆN NGÔ GIA,CÔNG TY TNHH IN ẤN VÀ SỰ KIỆN ,Công ty trách nhiệm hữu hạn hai thành viên trở lên,"410/62 Lê Văn Quới, Phường Bình Hưng Hòa A, Quận Bình Tân, Thành phố Hồ Chí Minh, Việt Nam",Quận Bình Tân,"8230: Tổ chức giới thiệu và xúc tiến thương mại-Chi tiết : Tổ chức giới thiệu và xúa tiến thương mại ( không thực hiện các hiệu ứng cháy , nổ ; không sử dụng chất nổ, chất cháy, hóa chất làm đạo cụ, ,",internet
316093723,CÔNG TY TNHH TƯ VẤN CÔNG NGHỆ THÔNG MINH,CÔNG TY TNHH TƯ VẤN CÔNG NGHỆ ,Công ty trách nhiệm hữu hạn một thành viên,"43 Đường số 6, Khu phố 17, Phường Bình Hưng Hòa A, Quận Bình Tân, Thành phố Hồ Chí Minh, Việt Nam",Quận Bình Tân,"8699: Hoạt động y tế khác chưa được phân vào đâu-Chi tiết: Dịch vụ xăm, phun, thêu trên da (không sử dụng thuốc gây tê dạng tiêm);4772: Bán lẻ thuốc, dụng cụ y tế, mỹ phẩm và vật phẩm vệ sinh trong cá",internet
316097213,CÔNG TY TNHH SẢN XUẤT THƯƠNG MẠI DỊCH VỤ ABU TECH,CÔNG TY TNHH SẢN XUẤT THƯƠNG M,Công ty trách nhiệm hữu hạn một thành viên,"66/2B Miếu Gò Xoài, Phường Bình Hưng Hòa A, Quận Bình Tân, Thành phố Hồ Chí Minh, Việt Nam",Quận Bình Tân,"1392: Sản xuất hàng dệt sẵn (trừ trang phục)-;1399: Sản xuất các loại hàng dệt khác chưa được phân vào đâu-;1410: May trang phục (trừ trang phục từ da lông thú)-;1430: Sản xuất trang phục dệt kim, đan",internet
316107253,CÔNG TY TNHH TM DV TV HOÀNG PHÁT,CÔNG TY TNHH TM DV TV HOÀNG PH,Công ty trách nhiệm hữu hạn hai thành viên trở lên,"65 (KDC Lê Thành), Đường số 4 nối dài, Khu phố 3, Phường An Lạc, Quận Bình Tân, Thành phố Hồ Chí Minh, Việt Nam",Quận Bình Tân,"4633: Bán buôn đồ uống-;4649: Bán buôn đồ dùng khác cho gia đình-;4690: Bán buôn tổng hợp-(trừ bán buôn bình gas, khí dầu mỏ hóa lỏng LPG, dầu nhớt cặn, vàng miếng, súng, đạn loại dùng đi săn hoặc thể",internet
316104809,CÔNG TY TNHH SẢN XUẤT THƯƠNG MẠI TỔNG HỢP VIỆT NAM,CÔNG TY TNHH SẢN XUẤT THƯƠNG M,Công ty trách nhiệm hữu hạn một thành viên,"86/7 Đường số 16, khu phố 2, Phường Bình Hưng Hòa A, Quận Bình Tân, Thành phố Hồ Chí Minh, Việt Nam",Quận Bình Tân,"4799: Bán lẻ hình thức khác chưa được phân vào đâu-(trừ bán lẻ bình gas, hóa chất, súng, đạn loại dùng đi săn hoặc thể thao, tiền kim khí và mua bán vàng miếng; thực hiện theo Quyết định 64/2009/QĐ-UB",internet
316112990,DOANH NGHIỆP TƯ NHÂN NHỰA QUỐC THẮNG,DOANH NGHIỆP TƯ NHÂN NHỰA QUỐC,Doanh nghiệp tư nhân,"Số 340 Liên Khu 4-5, Phường Bình Hưng Hòa B, Quận Bình Tân, Thành phố Hồ Chí Minh, Việt Nam",Quận Bình Tân,"4719: Bán lẻ  khác trong các cửa hàng kinh doanh tổng hợp-(trừ bán lẻ hóa chất, khí dầu mỏ hóa lỏng LPG, dầu nhớt cặn, vàng miếng, súng, đạn loại dùng đi săn hoặc thể thao và tiền kim khí; Thực hiện t",internet
316113472,CÔNG TY TNHH THƯƠNG MẠI K-PATH,CÔNG TY TNHH THƯƠNG MẠI KPATH,Công ty trách nhiệm hữu hạn một thành viên,"39/37 Lô Tư, Phường Bình Hưng Hòa A, Quận Bình Tân, Thành phố Hồ Chí Minh, Việt Nam",Quận Bình Tân,"4632: Bán buôn thực phẩm-Chi tiết: Bán buôn đường, sữa và các sản phẩm sữa, bánh
kẹo và các sản phẩm chế biến từ ngũ cốc, bột, tinh bột; Bán buôn thực phẩm khác.
(không hoạt động tại trụ sở);4633: Bán",internet
316123061,CÔNG TY TNHH LT CLOUD TECHNOLOGY,CÔNG TY TNHH LT CLOUD TECHNOLO,Công ty trách nhiệm hữu hạn một thành viên,"18 Đường số 42, Phường Tân Tạo, Quận Bình Tân, Thành phố Hồ Chí Minh, Việt Nam",Quận Bình Tân,"4649: Bán buôn đồ dùng khác cho gia đình-;4669: Bán buôn chuyên doanh khác chưa được phân vào đâu-(trừ bán buôn hóa chất, khí dầu mỏ hóa lỏng LPG, dầu nhớt cặn, vàng miếng, súng, đạn loại dùng đi săn ",internet
316124153,CÔNG TY TNHH THƯƠNG MẠI DỊCH VỤ TƯ VẤN TÂN TIẾN,CÔNG TY TNHH THƯƠNG MẠI DỊCH V,Công ty trách nhiệm hữu hạn hai thành viên trở lên,"1145 Đường Tỉnh Lộ 10, Khu Phố 9, Phường Tân Tạo, Quận Bình Tân, Thành phố Hồ Chí Minh, Việt Nam",Quận Bình Tân,"4293: Xây dựng công trình chế biến, chế tạo-;4299: Xây dựng công trình kỹ thuật dân dụng khác-;0118: Trồng rau, đậu các loại và trồng hoa-;4633: Bán buôn đồ uống-;4663: Bán buôn vật liệu, thiết bị lắp",internet
316123738,CÔNG TY TNHH MTV SX TM THANH TUYỀN,CÔNG TY TNHH MTV SX TM THANH T,Công ty trách nhiệm hữu hạn một thành viên,"163 Cầu Kinh, Phường Tân Tạo A, Quận Bình Tân, Thành phố Hồ Chí Minh, Việt Nam",Quận Bình Tân,"1010: Chế biến, bảo quản thịt và các sản phẩm từ thịt-(trừ hoạt động giết mổ gia súc, gia cầm);1030: Chế biến và bảo quản rau quả-;1040: Sản xuất dầu, mỡ động, thực vật-;1079: Sản xuất thực phẩm khác ",internet
316132972,CÔNG TY CỔ PHẦN CÔNG NGHỆ ANTCATECH,CÔNG TY CỔ PHẦN CÔNG NGHỆ ANTC,Công ty cổ phần,"Số 21B,Đường số 18, KP23, Phường Bình Hưng Hòa A, Quận Bình Tân, Thành phố Hồ Chí Minh, Việt Nam",Quận Bình Tân,2640: Sản xuất sản phẩm điện tử dân dụng-;5820: Xuất bản phần mềm-Chi tiết: Sản xuất phần mềm;6201: Lập trình máy vi tính-;6202: Tư vấn máy vi tính và quản trị hệ thống máy vi tính-;6209: Hoạt động dị,internet
316135719,CÔNG TY TNHH OVEN,CÔNG TY TNHH OVEN,Công ty trách nhiệm hữu hạn một thành viên,"546 Tân Kỳ Tân Quý, Phường Bình Hưng Hòa, Quận Bình Tân, Thành phố Hồ Chí Minh, Việt Nam",Quận Bình Tân,"4649: Bán buôn đồ dùng khác cho gia đình-Chi tiết: Bán buôn vali, cặp, túi, ví, hàng da và giả da khác; Buôn bán nước hoa, hàng mỹ phẩm; Bán buôn hàng gốm, sứ, thủy tinh; Bán buôn đồ điện gia dung, đè",internet
316131707,CÔNG TY TNHH TMDV GIA GIA,CÔNG TY TNHH TMDV GIA GIA,Công ty trách nhiệm hữu hạn hai thành viên trở lên,"97 Trần Đại Nghĩa, Phường Tân Tạo A, Quận Bình Tân, Thành phố Hồ Chí Minh, Việt Nam",Quận Bình Tân,"4610: Đại lý, môi giới, đấu giá hàng hóa-Chi tiết: Đại lý. môi giới (trừ môi giới chứng khoán, môi giới bảo hiểm);4620: Bán buôn nông, lâm sản nguyên liệu (trừ gỗ, tre, nứa) và động vật sống-(Trừ loại",internet
316141247,CÔNG TY TNHH THIẾT KẾ IN ẤN MAY MẶC NGỌC TÙNG,CÔNG TY TNHH THIẾT KẾ IN ẤN MA,Công ty trách nhiệm hữu hạn một thành viên,"557/60/15 Hương lộ 3, Khu phố 9, Phường Bình Hưng Hòa, Quận Bình Tân, Thành phố Hồ Chí Minh, Việt Nam",Quận Bình Tân,"1311: Sản xuất sợi-(không hoạt động tại trụ sở);1312: Sản xuất vải dệt thoi-(không hoạt động tại trụ sở);1313: Hoàn thiện sản phẩm dệt-;1391: Sản xuất vải dệt kim, vải đan móc và vải không dệt khác-(k",internet
316140927,CÔNG TY TNHH CÔNG NGHỆ COTAVI,CÔNG TY TNHH CÔNG NGHỆ COTAVI,Công ty trách nhiệm hữu hạn một thành viên,"39 Tên Lửa, Phường Bình Trị Đông B, Quận Bình Tân, Thành phố Hồ Chí Minh, Việt Nam",Quận Bình Tân,6201: Lập trình máy vi tính-;6202: Tư vấn máy vi tính và quản trị hệ thống máy vi tính-;6209: Hoạt động dịch vụ công nghệ thông tin và dịch vụ khác liên quan đến máy vi tính-;3320: Lắp đặt máy móc và ,internet
316141007,CÔNG TY TNHH ASHIP,CÔNG TY TNHH ASHIP,Công ty trách nhiệm hữu hạn một thành viên,"4H Đường số 5, Phường Bình Hưng Hòa, Quận Bình Tân, Thành phố Hồ Chí Minh, Việt Nam",Quận Bình Tân,"4631: Bán buôn gạo, lúa mỳ, hạt ngũ cốc khác, bột mỳ-(không hoạt động tại trụ sở);4632: Bán buôn thực phẩm-(không hoạt động tại trụ sở);4633: Bán buôn đồ uống-;4641: Bán buôn vải, hàng may mặc, giày d",internet
316144336,CÔNG TY TNHH THƯƠNG MẠI ĐẦU TƯ TRUNG NAM LỘC,CÔNG TY TNHH THƯƠNG MẠI ĐẦU TƯ,Công ty trách nhiệm hữu hạn một thành viên,"225/46 Lê Văn Qưới, Phường Bình Trị Đông, Quận Bình Tân, Thành phố Hồ Chí Minh, Việt Nam",Quận Bình Tân,4669: Bán buôn chuyên doanh khác chưa được phân vào đâu-Chi tiết: Bán buôn phế liệu (không hoạt động tại trụ sở). Bán buôn hóa chất khác (trừ loại sử dụng trong nông nghiệp) (không tồn trữ hóa chất) (,internet
316144872,CÔNG TY TNHH CÔNG NGHỆ HUY BÌNH,CÔNG TY TNHH CÔNG NGHỆ HUY BÌN,Công ty trách nhiệm hữu hạn một thành viên,"78/25B Đường 18B, Phường Bình Hưng Hòa A, Quận Bình Tân, Thành phố Hồ Chí Minh, Việt Nam",Quận Bình Tân,"6110: Hoạt động viễn thông có dây-(trừ cung cấp dịch vụ truy cập, truy nhập internet tại trụ sở);6120: Hoạt động viễn thông không dây-(trừ cung cấp dịch vụ truy cập, truy nhập internet tại trụ sở);619",internet
316162134,CÔNG TY TNHH THIẾT BỊ ĐƯỜNG MINH,CÔNG TY TNHH THIẾT BỊ ĐƯỜNG MI,Công ty trách nhiệm hữu hạn một thành viên,"342 Bình Trị Đông, Phường Bình Trị Đông, Quận Bình Tân, Thành phố Hồ Chí Minh, Việt Nam",Quận Bình Tân,"4759: Bán lẻ đồ điện gia dụng, giường, tủ, bàn, ghế và đồ nội thất tương tự, đèn và bộ đèn điện, đồ dùng gia đình khác chưa được phân vào đâu  trong các cửa hàng chuyên doanh-Chi tiết: Bán lẻ giường, ",internet
316146132,CÔNG TY TNHH THƯƠNG MẠI DỊCH VỤ DU LỊCH TM SMILE,CÔNG TY TNHH THƯƠNG MẠI DỊCH V,Công ty trách nhiệm hữu hạn một thành viên,"5T Vương Văn Huống, Phường An Lạc A, Quận Bình Tân, Thành phố Hồ Chí Minh, Việt Nam",Quận Bình Tân,"7911: Đại lý du lịch-;7912: Điều hành tua du lịch-;7990: Dịch vụ đặt chỗ và các dịch vụ hỗ trợ liên quan đến quảng bá và tổ chức tua du lịch-;7721: Cho thuê thiết bị thể thao, vui chơi giải trí-;8230:",internet
316152295,CÔNG TY TNHH QUỐC TẾ MSP,CÔNG TY TNHH QUỐC TẾ MSP,Công ty trách nhiệm hữu hạn hai thành viên trở lên,"Số 12, Đường số  7, Phường Bình Hưng Hòa A, Quận Bình Tân, Thành phố Hồ Chí Minh, Việt Nam",Quận Bình Tân,"6311: Xử lý dữ liệu, cho thuê và các hoạt động liên quan-Chi tiết: Dịch vụ xử lý dữ liệu ( Không kinh doanh đại lý cung cấp dịch vụ truy cập Internet);7310: Quảng cáo-;8230: Tổ chức giới thiệu và xúc ",internet
316179924,CÔNG TY TNHH THƯƠNG MẠI DỊCH VỤ THẢO SƠN PHÁT,CÔNG TY TNHH THƯƠNG MẠI DỊCH V,Công ty trách nhiệm hữu hạn một thành viên,"741/1/48 Hương Lộ 2, Phường Bình Trị Đông A, Quận Bình Tân, Thành phố Hồ Chí Minh, Việt Nam",Quận Bình Tân,"4662: Bán buôn kim loại và quặng kim loại-(trừ kinh doanh vàng miếng);4663: Bán buôn vật liệu, thiết bị lắp đặt khác trong xây dựng-;4690: Bán buôn tổng hợp-(trừ bán buôn bình gas, súng, đạn loại dùng",internet
316160377,CÔNG TY CỔ PHẦN THƯƠNG MẠI DỊCH VỤ XÂY DỰNG XUẤT NHẬP KHẨU XUYÊN Á,CÔNG TY CỔ PHẦN THƯƠNG MẠI DỊC,Công ty cổ phần,"160/29/100 Đường số 11, Khu phố 12, Phường Bình Hưng Hòa, Quận Bình Tân, Thành phố Hồ Chí Minh, Việt Nam",Quận Bình Tân,"4764: Bán lẻ trò chơi, đồ chơi trong các cửa hàng chuyên doanh-(trừ đồ chơi có hại cho giáo dục nhân cách, sức khoẻ của trẻ em hoặc ảnh hưởng đến an ninh trật tự, an toàn xã hội);4771: Bán lẻ hàng may",internet
316168721,CÔNG TY TNHH SẢN XUẤT THƯƠNG MẠI BTB THÀNH CÔNG,CÔNG TY TNHH SẢN XUẤT THƯƠNG M,Công ty trách nhiệm hữu hạn một thành viên,"57/15 Đường số 16, Khu phố 11, Phường Bình Hưng Hòa A, Quận Bình Tân, Thành phố Hồ Chí Minh, Việt Nam",Quận Bình Tân,"1073: Sản xuất ca cao, sôcôla và bánh kẹo-(không hoạt động tại trụ sở);1079: Sản xuất thực phẩm khác chưa được phân vào đâu-Chi tiết: Sản xuất trà các loại, sản xuất cà phê, sản xuất thực phẩm bổ sung",internet
316165897,CÔNG TY TNHH YEHI,CÔNG TY TNHH YEHI,Công ty trách nhiệm hữu hạn hai thành viên trở lên,"118 Đường số 1A, Phường Bình Trị Đông B, Quận Bình Tân, Thành phố Hồ Chí Minh, Việt Nam",Quận Bình Tân,"4322: Lắp đặt hệ thống cấp, thoát nước, hệ thống sưởi và điều hoà không khí-(trừ lắp đặt các thiết bị lạnh (thiết bị cấp đông, kho lạnh, máy đá, điều hòa không khí, làm lạnh nước) sử dụng ga lạnh R22 ",internet
316181063,CÔNG TY TNHH THƯƠNG MẠI VINROSE,CÔNG TY TNHH THƯƠNG MẠI VINROS,Công ty trách nhiệm hữu hạn hai thành viên trở lên,"Số 42 Đường số 1, Phường An Lạc A, Quận Bình Tân, Thành phố Hồ Chí Minh, Việt Nam",Quận Bình Tân,"4632: Bán buôn thực phẩm-Chi tiết: Bán buôn thực phẩm, thực phẩm chức năng
(không hoạt động tại trụ sở);4633: Bán buôn đồ uống-;4649: Bán buôn đồ dùng khác cho gia đình-Chi tiết: Bán buôn nước hoa, hà",internet
316185822,CÔNG TY TNHH THƯƠNG MẠI VÀ GIẢI TRÍ VIỆT ÚC,CÔNG TY TNHH THƯƠNG MẠI VÀ GIẢ,Công ty trách nhiệm hữu hạn hai thành viên trở lên,"507/18 Hương Lộ 3, Phường Bình Hưng Hòa, Quận Bình Tân, Thành phố Hồ Chí Minh, Việt Nam",Quận Bình Tân,"8230: Tổ chức giới thiệu và xúc tiến thương mại--Chi tiết: Tổ chức sự kiện, hội nghị, hội thảo, hội chợ thương mại (không thực hiện các hiệu ứng cháy, nổ; không sử dụng chất nổ, chất cháy, hóa chất là",internet
316174725,CÔNG TY TNHH AN TUỆ LÂM,CÔNG TY TNHH AN TUỆ LÂM,Công ty trách nhiệm hữu hạn một thành viên,"730/1/39/19B Đường Hương Lộ 2, Phường Bình Trị Đông A, Quận Bình Tân, Thành phố Hồ Chí Minh, Việt Nam",Quận Bình Tân,"8020: Dịch vụ hệ thống bảo đảm an toàn-;1410: May trang phục (trừ trang phục từ da lông thú)-;3312: Sửa chữa máy móc, thiết bị-;3320: Lắp đặt máy móc và thiết bị công nghiệp-;4321: Lắp đặt hệ thống đi",internet
316181602,CÔNG TY TNHH TƯ VẤN ĐỊNH GIÁ ĐẤT VÀ TÀI NGUYÊN MÔI TRƯỜNG PHÍA NAM,CÔNG TY TNHH TƯ VẤN ĐỊNH GIÁ Đ,Công ty trách nhiệm hữu hạn một thành viên,"Số 132 đường số 8B, Phường Bình Hưng Hòa A, Quận Bình Tân, Thành phố Hồ Chí Minh, Việt Nam",Quận Bình Tân,"4774: Bán lẻ hàng hóa đã qua sử dụng trong các cửa hàng chuyên doanh-(trừ bán lẻ hóa chất, đồ cổ, khí dầu mỏ hóa lỏng LPG, dầu nhớt cặn, vàng miếng, súng, đạn loại dùng đi săn hoặc thể thao và tiền ki",internet
316183261,CÔNG TY TNHH TÔN PHÚC NHIÊN,CÔNG TY TNHH TÔN PHÚC NHIÊN,Công ty trách nhiệm hữu hạn hai thành viên trở lên,"Lô số 16, đường số 1, khu công nghiệp Tân Tạo, Phường Tân Tạo A, Quận Bình Tân, Thành phố Hồ Chí Minh, Việt Nam",Quận Bình Tân,4791: Bán lẻ theo yêu cầu đặt hàng qua bưu điện hoặc internet-(không hoạt động tại trụ sở); 4799: Bán lẻ hình thức khác chưa được phân vào đâu-(không hoạt động tại trụ sở); 4933: Vận tải hàng hóa bằng,internet
316178511,CÔNG TY TNHH TMDV & SX DUY HƯNG,CÔNG TY TNHH TMDV  SX DUY HƯNG,Công ty trách nhiệm hữu hạn một thành viên,"147/20 Đường Số 8, Phường Bình Hưng Hòa, Quận Bình Tân, Thành phố Hồ Chí Minh, Việt Nam",Quận Bình Tân,"4752: Bán lẻ đồ ngũ kim, sơn, kính và thiết bị lắp đặt khác trong xây dựng trong các cửa hàng chuyên doanh-Chi tiết: Bán lẻ đồ ngũ kim: khóa cửa, chốt cài, tay nắm cửa sổ và cửa ra vào... Bán lẻ kính ",internet
316214311,CÔNG TY TNHH MTV GIẢI PHÁP THÔNG MINH PA,CÔNG TY TNHH MTV GIẢI PHÁP THÔ,Công ty trách nhiệm hữu hạn một thành viên,"65/18/12 Đường Số 5, Phường Bình Hưng Hòa, Quận Bình Tân, Thành phố Hồ Chí Minh, Việt Nam",Quận Bình Tân,"6201: Lập trình máy vi tính-Chi tiết: Hoạt động viết, sửa, thử nghiệm và trợ giúp các phần mềm theo yêu cầu sử dụng riêng biệt của từng khách hàng, lập trình các phần mềm nhúng;6312: Cổng thông tin-Ch",internet
316213646,CÔNG TY TNHH THIẾT BỊ CÔNG NGHIỆP VÀ DỊCH VỤ KỸ THUẬT MINH TUẤN,CÔNG TY TNHH THIẾT BỊ CÔNG NGH,Công ty trách nhiệm hữu hạn một thành viên,"Số 77/25/9 Đường Phạm Đăng Giảng, Khu Phố 1, Phường Bình Hưng Hòa, Quận Bình Tân, Thành phố Hồ Chí Minh, Việt Nam",Quận Bình Tân,"4690: Bán buôn tổng hợp-(trừ bán buôn bình gas, hóa chất, súng, đạn loại dùng đi săn hoặc thể thao và tiền kim khí và thực hiện theo Quyết định 64/2009/QĐ-UBND ngày 31/7/2009 của Ủy ban nhân dân Thành",internet
316186512,CÔNG TY TNHH PHÁT TRIỂN THƯƠNG MẠI XUẤT NHẬP KHẨU ANH TG,CÔNG TY TNHH PHÁT TRIỂN THƯƠNG,Công ty trách nhiệm hữu hạn một thành viên,"81 Đường 49, Khu phố 8, Phường Tân Tạo, Quận Bình Tân, Thành phố Hồ Chí Minh, Việt Nam",Quận Bình Tân,"8299: Hoạt động dịch vụ hỗ trợ kinh doanh khác còn lại chưa được phân vào đâu-Chi tiết: Xuất nhập khẩu các mặt hàng công ty kinh doanh;4322: Lắp đặt hệ thống cấp, thoát nước, hệ thống sưởi và điều hoà",internet
316188485,CÔNG TY TNHH THƯƠNG MẠI DỊCH VỤ SỰ KIỆN & TRUYỀN THÔNG LỬA VIỆT,CÔNG TY TNHH THƯƠNG MẠI DỊCH V,Công ty trách nhiệm hữu hạn hai thành viên trở lên,"439/59/6 Hồ Học Lãm, Phường An Lạc, Quận Bình Tân, Thành phố Hồ Chí Minh, Việt Nam",Quận Bình Tân,"8230: Tổ chức giới thiệu và xúc tiến thương mại-Chi tiết: Tổ chức sự kiện (không thực hiện các hiệu ứng cháy, nổ; không sử dụng chất nổ, chất cháy, hóa chất làm đạo cụ, dụng cụ thực hiện các chương tr",internet
316195926,DOANH NGHIỆP TƯ NHÂN THƯƠNG MẠI DTK,DOANH NGHIỆP TƯ NHÂN THƯƠNG MẠ,Doanh nghiệp tư nhân,"338/51/27, đường Chiến Lược, Phường Bình Trị Đông A, Quận Bình Tân, Thành phố Hồ Chí Minh, Việt Nam",Quận Bình Tân,"5510: Dịch vụ lưu trú ngắn ngày-Chi tiết: Khách sạn, biệt thự du lịch, căn hộ du lịch, nhà nghỉ du lịch, nhà ở có phòng cho khách du lịch thuê.;5590: Cơ sở lưu trú khác-(Không hoạt động tại cơ sở lưu ",internet
316182797,CÔNG TY TNHH TM DV QUẢNG CÁO BƯỚC TIẾN MỚI,CÔNG TY TNHH TM DV QUẢNG CÁO B,Công ty trách nhiệm hữu hạn hai thành viên trở lên,"44 Đường số 5A, Phường Bình Hưng Hòa A, Quận Bình Tân, Thành phố Hồ Chí Minh, Việt Nam",Quận Bình Tân,"1629: Sản xuất sản phẩm khác từ gỗ; sản xuất sản phẩm từ tre, nứa, rơm, rạ và vật liệu tết bện-(không hoạt động tại trụ sở);1811: In ấn-;1812: Dịch vụ liên quan đến in-;1820: Sao chép bản ghi các loại",internet
316199744,CÔNG TY TNHH MAY LINK,CÔNG TY TNHH MAY LINK,Công ty trách nhiệm hữu hạn một thành viên,"Số 20 Đường số 33, Phường Bình Trị Đông B, Quận Bình Tân, Thành phố Hồ Chí Minh, Việt Nam",Quận Bình Tân,"4773: Bán lẻ hàng hóa khác mới trong các cửa hàng chuyên doanh-(trừ bán lẻ bình gas, khí dầu mỏ hóa lỏng LPG, dầu nhớt cặn, vàng miếng, súng, đạn loại dùng đi săn hoặc thể thao và tiền kim khí; trừ bá",internet
316197391,CÔNG TY TNHH DỊCH VỤ TOÀN CẦU XANH,CÔNG TY TNHH DỊCH VỤ TOÀN CẦU ,Công ty trách nhiệm hữu hạn hai thành viên trở lên,"Số 2B Đường Liên Khu 2-5, Phường Bình Trị Đông, Quận Bình Tân, Thành phố Hồ Chí Minh, Việt Nam",Quận Bình Tân,5229: Hoạt động dịch vụ hỗ trợ khác liên quan đến vận tải-(trừ hóa lỏng khí để vận chuyển và hoạt động liên quan đến vận tải đường hàng không);5610: Nhà hàng và các dịch vụ ăn uống phục vụ lưu động-;5,internet
316200661,CÔNG TY TNHH GIẢI TRÍ THƯƠNG MẠI DIỆU HY,CÔNG TY TNHH GIẢI TRÍ THƯƠNG M,Công ty trách nhiệm hữu hạn một thành viên,"28 Chiến Lược, Khu phố 13, Phường Bình Trị Đông, Quận Bình Tân, Thành phố Hồ Chí Minh, Việt Nam",Quận Bình Tân,"4723: Bán lẻ đồ uống trong các cửa hàng chuyên doanh-Chi tiết : Bán lẻ bia, nước ngọt, nước giải khát, nước khoáng thiên nhiên, nước tinh khiết đóng chai;4724: Bán lẻ sản phẩm thuốc lá, thuốc lào tron",internet
316222150,CÔNG TY TNHH TM KHẢI MINH,CÔNG TY TNHH TM KHẢI MINH,Công ty trách nhiệm hữu hạn một thành viên,"14 Đường số 18, Phường Bình Trị Đông B, Quận Bình Tân, Thành phố Hồ Chí Minh, Việt Nam",Quận Bình Tân,"3313: Sửa chữa thiết bị điện tử và quang học-(trừ gia công cơ khí, tái chế phế thải, xi, mạ điện tại trụ sở);3314: Sửa chữa thiết bị điện-;4322: Lắp đặt hệ thống cấp, thoát nước, hệ thống sưởi và điều",internet
316195605,CÔNG TY TNHH THƯƠNG MẠI DỊCH VỤ TƯ VẤN HỖ TRỢ DOANH NGHIỆP AN PHÚ,CÔNG TY TNHH THƯƠNG MẠI DỊCH V,Công ty trách nhiệm hữu hạn hai thành viên trở lên,"Số 29, Đường số 5E, Khu phố 21, Phường Bình Hưng Hòa A, Quận Bình Tân, Thành phố Hồ Chí Minh, Việt Nam",Quận Bình Tân,"7020: Hoạt động tư vấn quản lý-(trừ tư vấn tài chính, kế toán, pháp luật);8299: Hoạt động dịch vụ hỗ trợ kinh doanh khác còn lại chưa được phân vào đâu-Chi tiết: - Trung gian cung cấp dịch vụ giải phá",internet
316229808,CÔNG TY TNHH XÂY DỰNG-THƯƠNG MẠI-KỸ THUẬT AN PHÚ SƠN,CÔNG TY TNHH XÂY DỰNGTHƯƠNG MẠ,Công ty trách nhiệm hữu hạn một thành viên,"157/44 An Dương Vương, Khu Phố 4, Phường An Lạc, Quận Bình Tân, Thành phố Hồ Chí Minh, Việt Nam",Quận Bình Tân,"3290: Sản xuất khác chưa được phân vào đâu-(không hoạt động tại trụ sở).;2395: Sản xuất bê tông và các sản phẩm từ bê tông, xi măng và thạch cao-(không hoạt động tại trụ sở).;2394: Sản xuất xi măng, v",internet
316204803,CÔNG TY TNHH BẠCH SEN,CÔNG TY TNHH BẠCH SEN,Công ty trách nhiệm hữu hạn một thành viên,"257/12/42 Phạm Đăng Giảng, Phường Bình Hưng Hòa, Quận Bình Tân, Thành phố Hồ Chí Minh, Việt Nam",Quận Bình Tân,"8559: Giáo dục khác chưa được phân vào đâu-chi tiết:
- Giáo dục không xác định theo cấp độ tại các trung tâm đào tạo bồi dưỡng;
- Các dịch vụ dạy kèm (gia sư);
- Giáo dục dự bị;
- Các trung tâm dạy họ",internet
316207603,CÔNG TY TRÁCH NHIỆM HỮU HẠN MIXCORE,CÔNG TY TRÁCH NHIỆM HỮU HẠN MI,Công ty trách nhiệm hữu hạn một thành viên,"251/26 An Dương Vương, Khu phố 4, Phường An Lạc, Quận Bình Tân, Thành phố Hồ Chí Minh, Việt Nam",Quận Bình Tân,"1811: In ấn-;1812: Dịch vụ liên quan đến in-;4610: Đại lý, môi giới, đấu giá hàng hóa-(trừ đấu giá tài sản);4651: Bán buôn máy vi tính, thiết bị ngoại vi và phần mềm-;4652: Bán buôn thiết bị và l",internet
316191128,CÔNG TY TNHH THƯƠNG MẠI DỊCH VỤ T-8000,CÔNG TY TNHH THƯƠNG MẠI DỊCH V,Công ty trách nhiệm hữu hạn một thành viên,"638/42/25 Lê Trọng Tấn, Phường Bình Hưng Hòa, Quận Bình Tân, Thành phố Hồ Chí Minh, Việt Nam",Quận Bình Tân,4329: Lắp đặt hệ thống xây dựng khác-;4330: Hoàn thiện công trình xây dựng-;4390: Hoạt động xây dựng chuyên dụng khác-;4511: Bán buôn ô tô và xe có động cơ khác-;4101: Xây dựng nhà để ở-;7410: Hoạt độ,internet
316230828,CÔNG TY TNHH NƯỚC XANH Y TẾ,CÔNG TY TNHH NƯỚC XANH Y TẾ,Công ty trách nhiệm hữu hạn một thành viên,"02/5/21 Đường 2D KDC Nam Hùng Vương, Phường An Lạc, Quận Bình Tân, Thành phố Hồ Chí Minh, Việt Nam",Quận Bình Tân,"0129: Trồng cây lâu năm  khác-;0131: Nhân và chăm sóc cây giống hàng năm-;0132: Nhân và chăm sóc cây giống lâu năm-;0210: Trồng rừng, chăm sóc rừng và ươm giống cây lâm nghiệp-;0220: Khai thác gỗ-;024",internet
316212272,CÔNG TY TNHH THANG MÁY HOA SEN,CÔNG TY TNHH THANG MÁY HOA SEN,Công ty trách nhiệm hữu hạn một thành viên,"Số 10 đường 30 , Phường Bình Trị Đông B, Quận Bình Tân, Thành phố Hồ Chí Minh, Việt Nam",Quận Bình Tân,"2592: Gia công cơ khí; xử lý và tráng phủ kim loại-Chi tiết: Lắp đặt thang máy, thang cuốn, thiết bị nâng hạ, băng tải và thiết bị, vật tư, phụ tùng các loại phục vụ sản xuất kinh doanh của công ty,th",internet
316210814,CÔNG TY TNHH KỸ THUẬT AC,CÔNG TY TNHH KỸ THUẬT AC,Công ty trách nhiệm hữu hạn một thành viên,"1219 Quốc lộ 1A, Khu phố 14, Phường Bình Trị Đông B, Quận Bình Tân, Thành phố Hồ Chí Minh, Việt Nam",Quận Bình Tân,"4101: Xây dựng nhà để ở-;4102: Xây dựng nhà không để ở-;4211: Xây dựng công trình đường sắt-;4212: Xây dựng công trình đường bộ-;4221: Xây dựng công trình điện-;4222: Xây dựng công trình cấp, thoát nư",internet
316243792,CÔNG TY TNHH VIỆT KHÍ,CÔNG TY TNHH VIỆT KHÍ,Công ty trách nhiệm hữu hạn một thành viên,"115 đường số 1, kp 10, Phường Bình Trị Đông B, Quận Bình Tân, Thành phố Hồ Chí Minh, Việt Nam",Quận Bình Tân,"1030: Chế biến và bảo quản rau quả-(không hoạt động tại trụ sở);2023: Sản xuất mỹ phẩm, xà phòng, chất tẩy rửa, làm bóng và chế phẩm vệ sinh-(không hoạt động tại trụ sở);4610: Đại lý, môi giới, đấu gi",internet
316227504,CÔNG TY CỔ PHẦN MAY MẶC HẠNH NGUYÊN,CÔNG TY CỔ PHẦN MAY MẶC HẠNH N,Công ty cổ phần,"60 Đường 57A, Phường Tân Tạo, Quận Bình Tân, Thành phố Hồ Chí Minh, Việt Nam",Quận Bình Tân,"1392: Sản xuất hàng dệt sẵn (trừ trang phục)-(không hoạt động tại trụ sở);1393: Sản xuất thảm, chăn, đệm-(không hoạt động tại trụ sở);1399: Sản xuất các loại hàng dệt khác chưa được phân vào đâu-(khôn",internet
316238111,CÔNG TY CỔ PHẦN NGỌC HỒNG SƠN,CÔNG TY CỔ PHẦN NGỌC HỒNG SƠN,Công ty cổ phần,"443 Đường Lê Văn Quới , Phường Bình Trị Đông A, Quận Bình Tân, Thành phố Hồ Chí Minh, Việt Nam",Quận Bình Tân,"4633: Bán buôn đồ uống-chi tiết: Bán buôn đồ uống có cồn. Bán buôn đồ uống không có cồn.;4653: Bán buôn máy móc, thiết bị và phụ tùng máy nông nghiệp-;4651: Bán buôn máy vi tính, thiết bị ngoại vi và ",internet
316239764,CÔNG TY CỔ PHẦN THIẾT BỊ VÀ XÂY DỰNG AN PHÚ,CÔNG TY CỔ PHẦN THIẾT BỊ VÀ XÂ,Công ty cổ phần,"24 - 26 - 28 Đường Số 2, KDC Lý Chiêu Hoàng, Phường An Lạc, Quận Bình Tân, Thành phố Hồ Chí Minh, Việt Nam",Quận Bình Tân,4390: Hoạt động xây dựng chuyên dụng khác-Chi tiết: - Hoạt động xây dựng chuyên biệt sử dụng trong tất cả các kết cấu công trình nhưng yêu cầu phải có kỹ năng riêng chuyên sâu hoặc phải có thiết bị ch,internet
316235470,CÔNG TY TNHH HEXIN TECHNOLOGY,CÔNG TY TNHH HEXIN TECHNOLOGY,Công ty trách nhiệm hữu hạn một thành viên,"Số 132/14 Mã Lò, Phường Bình Trị Đông A, Quận Bình Tân, Thành phố Hồ Chí Minh, Việt Nam",Quận Bình Tân,"4610: Đại lý, môi giới, đấu giá hàng hóa-(trừ đấu giá tài sản);4651: Bán buôn máy vi tính, thiết bị ngoại vi và phần mềm-;4652: Bán buôn thiết bị và linh kiện điện tử, viễn thông-;4741: Bán lẻ máy vi ",internet
316232166,CÔNG TY TNHH CÔNG NGHỆ THÔNG TIN SHARE WALLET VIỆT NAM,CÔNG TY TNHH CÔNG NGHỆ THÔNG T,Công ty trách nhiệm hữu hạn một thành viên,"Số 9-11-13, Đường số 32, Phường Bình Trị Đông B, Quận Bình Tân, Thành phố Hồ Chí Minh, Việt Nam",Quận Bình Tân,"6311: Xử lý dữ liệu, cho thuê và các hoạt động liên quan-;6312: Cổng thông tin-(Loại trừ hoạt động báo chí);4791: Bán lẻ theo yêu cầu đặt hàng qua bưu điện hoặc internet-Chi tiết:
- Bán lẻ các loại hà",internet
316228579,CÔNG TY TNHH THƯƠNG MẠI DỊCH VỤ VÀ SẢN XUẤT NTP,CÔNG TY TNHH THƯƠNG MẠI DỊCH V,Công ty trách nhiệm hữu hạn một thành viên,"118/6 Đường số 3, Phường Bình Hưng Hòa A, Quận Bình Tân, Thành phố Hồ Chí Minh, Việt Nam",Quận Bình Tân,"4649: Bán buôn đồ dùng khác cho gia đình-Chi tiết: Bán buôn quà tặng lưu niệm; Bán buôn hàng mỹ phẩm.;4641: Bán buôn vải, hàng may mặc, giày dép-;4690: Bán buôn tổng hợp-(trừ bán buôn bình gas, khí dầ",internet
316242799,CÔNG TY TNHH TAKYO VIỆT NAM,CÔNG TY TNHH TAKYO VIỆT NAM,Công ty trách nhiệm hữu hạn hai thành viên trở lên,"96 Đường 5A, Phường Bình Hưng Hòa A, Quận Bình Tân, Thành phố Hồ Chí Minh, Việt Nam",Quận Bình Tân,"4659: Bán buôn máy móc, thiết bị và phụ tùng máy khác-Chi tiết: Bán buôn thiết bị điện; bán buôn máy móc, thiết bị ngành công nghiệp; Bán buôn máy móc, thiết bị chạy bằng năng lượng pin; Bán buôn máy ",internet
316239531,CÔNG TY CP NÔNG DƯỢC THÀNH NAM,CÔNG TY CP NÔNG DƯỢC THÀNH NAM,Công ty cổ phần,"Số nhà 28, Đường 47, Khu phố 8, Phường Tân Tạo, Quận Bình Tân, Thành phố Hồ Chí Minh, Việt Nam",Quận Bình Tân,2021: Sản xuất thuốc trừ sâu và sản phẩm hoá chất khác dùng trong nông nghiệp-(trừ loại nhà nước cấm) (không hoạt động tại trụ sở);4669: Bán buôn chuyên doanh khác chưa được phân vào đâu-Chi tiết: Bán,internet
316251810,CÔNG TY TNHH SẢN XUẤT THIẾT BỊ - KHẨU TRANG Y TẾ,CÔNG TY TNHH SẢN XUẤT THIẾT BỊ,Công ty trách nhiệm hữu hạn hai thành viên trở lên,"14 Dương Bá cung, Phường An Lạc A, Quận Bình Tân, Thành phố Hồ Chí Minh, Việt Nam",Quận Bình Tân,"3290: Sản xuất khác chưa được phân vào đâu-Chi tiết: Sản xuất khăn ướt, khăn giấy, sản xuất gia công các loại cồn,sản xuất, gia công thực phẩm chức năng; gia công mỹ phẩm . Sản xuất băng gạc y tế, băn",internet
316235752,CÔNG TY TNHH XÂY DỰNG ĐẦU TƯ HẠ TẦNG MINH NGHĨA,CÔNG TY TNHH XÂY DỰNG ĐẦU TƯ H,Công ty trách nhiệm hữu hạn hai thành viên trở lên,"143/25 Liên Khu 4-5, Phường Bình Hưng Hòa B, Quận Bình Tân, Thành phố Hồ Chí Minh, Việt Nam",Quận Bình Tân,"4791: Bán lẻ theo yêu cầu đặt hàng qua bưu điện hoặc internet--(trừ bán lẻ hóa chất, khí dầu mỏ hóa lỏng LPG, dầu nhớt cặn, vàng miếng, súng, đạn loại dùng đi săn hoặc thể thao và tiền kim khí; Thực h",internet
316237904,CÔNG TY TNHH  THƯƠNG MẠI TƯ VẤN DỊCH VỤ LEADMENS,CÔNG TY TNHH  THƯƠNG MẠI TƯ VẤ,Công ty trách nhiệm hữu hạn hai thành viên trở lên,"89/28 PHAN ANH, Phường Bình Trị Đông, Quận Bình Tân, Thành phố Hồ Chí Minh, Việt Nam",Quận Bình Tân,"4719: Bán lẻ khác trong các cửa hàng kinh doanh tổng hợp-(trừ bán lẻ bình gas, khí dầu mỏ hóa lỏng LPG, dầu nhớt cặn, vàng miếng, súng, đạn loại dùng đi săn hoặc thể thao và tiền kim khí; trừ bán lẻ h",internet
316242975,CÔNG TY TNHH XÂY DỰNG VÀ PHÁT TRIỂN THƯƠNG MẠI XNK BẢO KHANH,CÔNG TY TNHH XÂY DỰNG VÀ PHÁT ,Công ty trách nhiệm hữu hạn một thành viên,"55/13/15 Đường 18B, Phường Bình Hưng Hòa A, Quận Bình Tân, Thành phố Hồ Chí Minh, Việt Nam",Quận Bình Tân,"1020: Chế biến, bảo quản thuỷ sản và các sản phẩm từ thuỷ sản-Chi tiết: Chế biến, bảo quản thủy sản và các sản phẩm từ thủy sản (Không hoạt động tại trụ sở);1030: Chế biến và bảo quản rau quả-(Không h",internet
316247324,CÔNG TY TNHH CƠ KHÍ THIỆN PHÁT,CÔNG TY TNHH CƠ KHÍ THIỆN PHÁT,Công ty trách nhiệm hữu hạn một thành viên,"Số 255/18 Liên Khu 4-5, Phường Bình Hưng Hòa B, Quận Bình Tân, Thành phố Hồ Chí Minh, Việt Nam",Quận Bình Tân,"4530: Bán phụ tùng và các bộ phận phụ trợ của ô tô và xe có động cơ khác-Chi tiết: Bán buôn, bán lẻ và đại lý phụ tùng, các bộ phận phụ trợ của ô tô và xe có động cơ;4542: Bảo dưỡng và sửa chữa mô tô,",internet
316247733,CÔNG TY TNHH THƯƠNG MẠI DỊCH VỤ SẢN XUẤT XUẤT NHẬP KHẨU DƯỢC PHẨM QUỐC TẾ ĐOÀN THỊ,CÔNG TY TNHH THƯƠNG MẠI DỊCH V,Công ty trách nhiệm hữu hạn hai thành viên trở lên,"60/41/25 Nguyễn Văn Cự, Phường Tân Tạo A, Quận Bình Tân, Thành phố Hồ Chí Minh, Việt Nam",Quận Bình Tân,"6619: Hoạt động hỗ trợ dịch vụ tài chính chưa được phân vào đâu-Chi tiết: Hoạt động tư vấn đầu tư (trừ tư vấn tài chính, kế toán, pháp luật).;7020: Hoạt động tư vấn quản lý-(trừ tư vấn tài chính, kế t",internet
316242580,CÔNG TY TNHH MTV HÀO PHONG VIỆT,CÔNG TY TNHH MTV HÀO PHONG VIỆ,Công ty trách nhiệm hữu hạn một thành viên,"26/41/59 Võ Văn Vân, Khu phố 1, Phường Tân Tạo, Quận Bình Tân, Thành phố Hồ Chí Minh, Việt Nam",Quận Bình Tân,"4791: Bán lẻ theo yêu cầu đặt hàng qua bưu điện hoặc internet-(trừ bán lẻ bình gas, hóa chất, súng, đạn loại dung đi săn hoặc thể thao, tiền kim khí và mua bán vàng miếng; thực hiện theo Quyết định 64",internet
316229029,CÔNG TY TNHH MTV SẢN XUẤT THƯƠNG MẠI NHÂN HUỲNH,CÔNG TY TNHH MTV SẢN XUẤT THƯƠ,Công ty trách nhiệm hữu hạn một thành viên,"25/54B/23 Hồ Văn Long, Phường Tân Tạo, Quận Bình Tân, Thành phố Hồ Chí Minh, Việt Nam",Quận Bình Tân,"1077: Sản xuất cà phê-(Không hoạt động tại trụ sở);4631: Bán buôn gạo, lúa mỳ, hạt ngũ cốc khác, bột mỳ-(Không hoạt động tại trụ sở);4632: Bán buôn thực phẩm-(Không hoạt động tại trụ sở);4633: Bán buô",internet
316248991,CÔNG TY TNHH MTV THƯƠNG MẠI DỊCH VỤ XÂY DỰNG NGUYỄN ĐẶNG,CÔNG TY TNHH MTV THƯƠNG MẠI DỊ,Công ty trách nhiệm hữu hạn một thành viên,"A6/7Q Quốc Lộ 1A, Phường Tân Tạo A, Quận Bình Tân, Thành phố Hồ Chí Minh, Việt Nam",Quận Bình Tân,"4322: Lắp đặt hệ thống cấp, thoát nước, hệ thống sưởi và điều hoà không khí-(trừ lắp đặt các thiết bị điện lạnh (thiết bị cấp đông, kho lạnh, máy đá, điều hòa không khí, làm lạnh nước) sử dụng ga lạnh",internet
316258252,CÔNG TY TNHH SẢN XUẤT CHẾ BIẾN THỰC PHẨM THIÊN PHÚ,CÔNG TY TNHH SẢN XUẤT CHẾ BIẾN,Công ty trách nhiệm hữu hạn hai thành viên trở lên,"62/22 Đường số 19, Phường Bình Hưng Hòa A, Quận Bình Tân, Thành phố Hồ Chí Minh, Việt Nam",Quận Bình Tân,"1010: Chế biến, bảo quản thịt và các sản phẩm từ thịt-( không khinh doanh giết mổ gia súc, gia cầm);1020: Chế biến, bảo quản thuỷ sản và các sản phẩm từ thuỷ sản-;1030: Chế biến và bảo quản rau quả-;1",internet
316429839,CÔNG TY TNHH TIẾP VẬN LOGISTICS SERVICE PHÚ QUÝ 168,CÔNG TY TNHH TIẾP VẬN LOGISTIC,Công ty trách nhiệm hữu hạn một thành viên,"83 Đường 1B, Phường Bình Hưng Hòa B, Quận Bình Tân, Thành phố Hồ Chí Minh, Việt Nam",Quận Bình Tân,4512: Bán lẻ ô tô con (loại 9 chỗ ngồi trở xuống)-(loại 9 chỗ ngồi trở xuống);4513: Đại lý ô tô và xe có động cơ khác-;4530: Bán phụ tùng và các bộ phận phụ trợ của ô tô và xe có động cơ khác-;4541: B,internet
316263728,CÔNG TY TRÁCH NHIỆM HỮU HẠN VẠN LỢI CAR SERVICE,CÔNG TY TRÁCH NHIỆM HỮU HẠN VẠ,Công ty trách nhiệm hữu hạn hai thành viên trở lên,"341-343 Đường Vành Đai Trong, Phường Bình Trị Đông B, Quận Bình Tân, Thành phố Hồ Chí Minh, Việt Nam",Quận Bình Tân,"4530: Bán phụ tùng và các bộ phận phụ trợ của ô tô và xe có động cơ khác-Chi tiết: 
- Bán lẻ phụ tùng và các bộ phận phụ trợ của ô tô con (loại 12 chỗ ngồi trở xuống)
- Đại lý phụ tùng và các bộ phận ",internet
316463886,CÔNG TY TNHH THƯƠNG MẠI & DỊCH VỤ GIA CÁT LỢI,CÔNG TY TNHH THƯƠNG MẠI  DỊCH ,Công ty trách nhiệm hữu hạn hai thành viên trở lên,"666/11/25 Lê Trọng Tấn, Phường Bình Hưng Hòa, Quận Bình Tân, Thành phố Hồ Chí Minh, Việt Nam",Quận Bình Tân,"4651: Bán buôn máy vi tính, thiết bị ngoại vi và phần mềm-Chi tiết: Bán buôn máy vi tính;4652: Bán buôn thiết bị và linh kiện điện tử, viễn thông-;4632: Bán buôn thực phẩm-(Không hoạt động tại trụ sở)",internet
316898710,CÔNG TY TNHH THƯƠNG MẠI SẢN XUẤT XUẤT NHẬP KHẨU TOP ONE,CÔNG TY TNHH THƯƠNG MẠI SẢN X,Công ty trách nhiệm hữu hạn hai thành viên trở lên,"449/33/14 Hương Lộ 2, Phường Bình Trị Đông, Quận Bình Tân, Thành phố Hồ Chí Minh, Việt Nam",Quận Bình Tân,"4711: Bán lẻ lương thực, thực phẩm, đồ uống, thuốc lá, thuốc lào chiếm tỷ trọng lớn trong các cửa hàng kinh doanh tổng hợp-Chi tiết :  Bán lẻ trong siêu thị (Supermarket) . Bán lẻ trong cửa hàng tiện ",internet
316287711,CÔNG TY CỔ PHẦN THE B,CÔNG TY CỔ PHẦN THE B,Công ty cổ phần,"284A Mã Lò, Phường Bình Trị Đông A, Quận Bình Tân, Thành phố Hồ Chí Minh, Việt Nam",Quận Bình Tân,"4610: Đại lý, môi giới, đấu giá hàng hóa-Chi tiết: Đại lý bán hàng hoá.;4651: Bán buôn máy vi tính, thiết bị ngoại vi và phần mềm-;4659: Bán buôn máy móc, thiết bị và phụ tùng máy khác-;4669: Bán buôn",internet
316287327,CÔNG TY TNHH ĐẦU TƯ XÂY DỰNG TOÀN THÀNH PHÁT,CÔNG TY TNHH ĐẦU TƯ XÂY DỰNG T,Công ty trách nhiệm hữu hạn một thành viên,"45A đường liên khu 2/10, Phường Bình Hưng Hòa, Quận Bình Tân, Thành phố Hồ Chí Minh, Việt Nam",Quận Bình Tân,"4663: Bán buôn vật liệu, thiết bị lắp đặt khác trong xây dựng-;4322: Lắp đặt hệ thống cấp, thoát nước, hệ thống sưởi và điều hoà không khí-( trừ lắp đặt các thiết bị lạnh (thiết bị cấp đông, kho lạnh,",internet
316265468,CÔNG TY TNHH KHOA THIÊN PHÚC,CÔNG TY TNHH KHOA THIÊN PHÚC,Công ty trách nhiệm hữu hạn hai thành viên trở lên,"Số 4/18 Đường số 5, Phường Bình Hưng Hòa, Quận Bình Tân, Thành phố Hồ Chí Minh, Việt Nam",Quận Bình Tân,"4101: Xây dựng nhà để ở-;4102: Xây dựng nhà không để ở-;4211: Xây dựng công trình đường sắt-;4212: Xây dựng công trình đường bộ-;6820: Tư vấn, môi giới, đấu giá bất động sản, đấu giá quyền sử dụng đất",internet
316268934,CÔNG TY CỔ PHẦN ĐẦU TƯ TÂM ĐỨC PHÁT,CÔNG TY CỔ PHẦN ĐẦU TƯ TÂM ĐỨC,Công ty cổ phần,"42 Đường 1B, Phường Bình Trị Đông B, Quận Bình Tân, Thành phố Hồ Chí Minh, Việt Nam",Quận Bình Tân,"4390: Hoạt động xây dựng chuyên dụng khác-;4610: Đại lý, môi giới, đấu giá hàng hóa-Chi tiết: Đại lý, môi giới.;4620: Bán buôn nông, lâm sản nguyên liệu (trừ gỗ, tre, nứa) và động vật sống-(không bán ",internet
316266542,CÔNG TY TNHH TRUYỀN THÔNG SIÊU SAO,CÔNG TY TNHH TRUYỀN THÔNG SIÊU,Công ty trách nhiệm hữu hạn hai thành viên trở lên,"77/28/30 Đường Chiến Lược, Phường Bình Trị Đông, Quận Bình Tân, Thành phố Hồ Chí Minh, Việt Nam",Quận Bình Tân,"9631: Cắt tóc, làm đầu, gội đầu-Chi tiết: Cắt tóc, gọi đầu, uốn, sấy, nhuộm tóc, duỗi thẳng, ép tóc và dịch vụ làm tóc khác phục vụ cả nam và nữ; Cắt, tỉa và cạo râu; Massage mặt, làm móng chân, móng ",internet
316265210,CÔNG TY TNHH XUẤT NHẬP KHẨU VÀ THƯƠNG MẠI ĐIỆN TỬ TÍN PHÁT,CÔNG TY TNHH XUẤT NHẬP KHẨU VÀ,Công ty trách nhiệm hữu hạn hai thành viên trở lên,"88/67 Đường Số 18, Phường Bình Hưng Hòa, Quận Bình Tân, Thành phố Hồ Chí Minh, Việt Nam",Quận Bình Tân,"4659: Bán buôn máy móc, thiết bị và phụ tùng máy khác-Chi tiết: 
- Bán buôn máy móc, thiết bị y tế; 
- Bán buôn máy móc, thiết bị và phụ tùng máy văn phòng (trừ máy vi tính và thiết bị ngoại vi) 
- Bá",internet
316280096,CÔNG TY TNHH SUPERSHIP KHU VỰC BÌNH TÂN,CÔNG TY TNHH SUPERSHIP KHU VỰC,Công ty trách nhiệm hữu hạn hai thành viên trở lên,"Số 427/50 Lê Văn Quới, Phường Bình Trị Đông A, Quận Bình Tân, Thành phố Hồ Chí Minh, Việt Nam",Quận Bình Tân,"5229: Hoạt động dịch vụ hỗ trợ khác liên quan đến vận tải-(trừ kinh doanh bến bãi ô tô, hóa lỏng khí để vận chuyển)
Chi tiết: Dịch vụ giao nhận hàng hóa; Dịch vụ trung chuyển cảng; Dịch vụ lai dắt tàu",internet
316277209,CÔNG TY TNHH TM XNK NGUYÊN LAM,CÔNG TY TNHH TM XNK NGUYÊN LAM,Công ty trách nhiệm hữu hạn một thành viên,"276/29/63 Mã Lò, Phường Bình Trị Đông A, Quận Bình Tân, Thành phố Hồ Chí Minh, Việt Nam",Quận Bình Tân,"4649: Bán buôn đồ dùng khác cho gia đình-;4652: Bán buôn thiết bị và linh kiện điện tử, viễn thông-;4659: Bán buôn máy móc, thiết bị và phụ tùng máy khác-;4661: Bán buôn nhiên liệu rắn, lỏng, khí và c",internet
316296628,CÔNG TY TNHH FINATTEK,CÔNG TY TNHH FINATTEK,Công ty trách nhiệm hữu hạn một thành viên,"170D Trần Thanh Mại, Phường Tân Tạo A, Quận Bình Tân, Thành phố Hồ Chí Minh, Việt Nam",Quận Bình Tân,"4641: Bán buôn vải, hàng may mặc, giày dép-;4771: Bán lẻ hàng may mặc, giày dép, hàng da và giả da trong các cửa hàng chuyên doanh-;4782: Bán lẻ hàng dệt, may sẵn, giày dép lưu động hoặc tại chợ-;4791",internet
316300384,CÔNG TY TNHH DỊCH VỤ CHĂM SÓC SAU SINH MẸ VÀ BÉ HOME CARE SÀI GÒN,CÔNG TY TNHH DỊCH VỤ CHĂM SÓC ,Công ty trách nhiệm hữu hạn một thành viên,"82 Đường số 34, Phường Bình Trị Đông B, Quận Bình Tân, Thành phố Hồ Chí Minh, Việt Nam",Quận Bình Tân,"1104: Sản xuất đồ uống không cồn, nước khoáng-Chi tiết: Sản xuất đồ uống không cồn;1392: Sản xuất hàng dệt sẵn (trừ trang phục)-;1410: May trang phục (trừ trang phục từ da lông thú)-;1430: Sản xuất tr",internet
316297678,CÔNG TY TNHH TM DV XNK ĐỨC HUY,CÔNG TY TNHH TM DV XNK ĐỨC HUY,Công ty trách nhiệm hữu hạn một thành viên,"215c Lê Đình Cẩn, Khu Phố 5, Phường Tân Tạo, Quận Bình Tân, Thành phố Hồ Chí Minh, Việt Nam",Quận Bình Tân,"4632: Bán buôn thực phẩm-Chi tiết: Bán buôn mật ong, mật ong nghệ, mật ong lên men và các loại thực phẩm khác.
(Không hoạt động tại trụ sở);4722: Bán lẻ thực phẩm trong các cửa hàng chuyên doanh-Chi t",internet
316312894,CÔNG TY CP THỰC PHẨM ĐẠI TÂN PHƯỚC,CÔNG TY CP THỰC PHẨM ĐẠI TÂN P,Công ty cổ phần,"589 Kinh Dương Vương, Phường An Lạc, Quận Bình Tân, Thành phố Hồ Chí Minh, Việt Nam",Quận Bình Tân,"4633: Bán buôn đồ uống-;4641: Bán buôn vải, hàng may mặc, giày dép-;4632: Bán buôn thực phẩm-(không hoạt động tại trụ sở);4721: Bán lẻ lương thực trong các cửa hàng chuyên doanh-(thực hiện theo Quyết ",internet
316294028,CÔNG TY TNHH TECHNOLOGY,CÔNG TY TNHH TECHNOLOGY,Công ty trách nhiệm hữu hạn hai thành viên trở lên,"Số 59/24 Liên Khu 10-11, Khu phố 11, Phường Bình Trị Đông, Quận Bình Tân, Thành phố Hồ Chí Minh, Việt Nam",Quận Bình Tân,"2599: Sản xuất sản phẩm khác bằng kim loại chưa được phân vào đâu-(không hoạt động tại trụ sở).;2710: Sản xuất mô tơ, máy phát, biến thế điện, thiết bị phân phối và điều khiển điện-(không hoạt động tạ",technology
316329714,CÔNG TY TNHH XNK 9G,CÔNG TY TNHH XNK 9G,Công ty trách nhiệm hữu hạn hai thành viên trở lên,"Số 85/19 Đường số 10, Phường Bình Hưng Hòa, Quận Bình Tân, Thành phố Hồ Chí Minh, Việt Nam",Quận Bình Tân,0321: Nuôi trồng thuỷ sản biển-Chi tiết: Sản xuất giống thủy sản biển (không hoạt động tại trụ sở);0322: Nuôi trồng thuỷ sản nội địa-Chi tiết: Sản xuất giống thủy sản nội địa (không hoạt động tại trụ ,internet
316344208,CÔNG TY TNHH TÂN ĐẠI THÀNH SEAFOODS,CÔNG TY TNHH TÂN ĐẠI THÀNH SEA,Công ty trách nhiệm hữu hạn hai thành viên trở lên,"129/74/28 Liên Khu 5-6, Phường Bình Hưng Hòa B, Quận Bình Tân, Thành phố Hồ Chí Minh, Việt Nam",Quận Bình Tân,"4719: Bán lẻ  khác trong các cửa hàng kinh doanh tổng hợp-Chi tiết: Bán lẻ khác trong siêu thị, trung tâm thương mại. (trừ bán lẻ hóa chất, khí dầu mỏ hóa lỏng LPG, dầu nhớt cặn, vàng miếng, súng, đạn",internet
316348001,CÔNG TY TNHH MAY MẶC NGUYỆT VÕ,CÔNG TY TNHH MAY MẶC NGUYỆT VÕ,Công ty trách nhiệm hữu hạn một thành viên,"22/15 Đường số 6, Phường Bình Hưng Hòa B, Quận Bình Tân, Thành phố Hồ Chí Minh, Việt Nam",Quận Bình Tân,"1420: Sản xuất sản phẩm từ da lông thú-;1430: Sản xuất trang phục dệt kim, đan móc-;1410: May trang phục (trừ trang phục từ da lông thú)-Chi tiết: Sản xuất, gia công hàng may mặc (trừ thuộc da, tẩy nh",internet
316352953,CÔNG TY TNHH TƯ VẤN THIẾT KẾ XÂY DỰNG K'HOUSE,CÔNG TY TNHH TƯ VẤN THIẾT KẾ X,Công ty trách nhiệm hữu hạn hai thành viên trở lên,"Số 10, Đường Phạm Đăng Giảng, Phường Bình Hưng Hòa, Quận Bình Tân, Thành phố Hồ Chí Minh, Việt Nam",Quận Bình Tân,"4311: Phá dỡ-;4312: Chuẩn bị mặt bằng-;4321: Lắp đặt hệ thống điện-Chi tiết: Lắp đặt hệ thống điện dân dụng và công nghiệp; Lắp đặt dây dẫn và thiết bị điện, hệ thống chiếu sáng, hệ thống phòng cháy c",internet
316341366,CÔNG TY TNHH TM DV VẬN TẢI AN PHÚ THUẬN,CÔNG TY TNHH TM DV VẬN TẢI AN ,Công ty trách nhiệm hữu hạn một thành viên,"281 Đường số 29, Phường Bình Trị Đông B, Quận Bình Tân, Thành phố Hồ Chí Minh, Việt Nam",Quận Bình Tân,"4933: Vận tải hàng hóa bằng đường bộ-(trừ hóa lỏng khí để vận chuyển);5229: Hoạt động dịch vụ hỗ trợ khác liên quan đến vận tải-Chi tiết: Dịch vụ đại lý, giao nhận vận chuyển, Logistics (trừ kinh doan",internet
316357849,CÔNG TY TNHH DỊCH VỤ BẤT ĐỘNG SẢN TOÀN THẮNG,CÔNG TY TNHH DỊCH VỤ BẤT ĐỘNG ,Công ty trách nhiệm hữu hạn một thành viên,"Số 931C Hương Lộ 2, Khu phố 6, Phường Bình Trị Đông A, Quận Bình Tân, Thành phố Hồ Chí Minh, Việt Nam",Quận Bình Tân,"6820: Tư vấn, môi giới, đấu giá bất động sản, đấu giá quyền sử dụng đất-Chi tiết: 
- Môi giới bất động sản
- Dịch vụ bất động sản.
- Tư vấn quản lý bất động sản.
- Dịch vụ định giá bất động sản.
- Sàn",internet
316344222,CÔNG TY CỔ PHẦN SẢN XUẤT THƯƠNG MẠI ỐNG HÚT CỎ BÀNG,CÔNG TY CỔ PHẦN SẢN XUẤT THƯƠN,Công ty cổ phần,"844/27 Tân Kỳ Tân Quý, Phường Bình Hưng Hòa, Quận Bình Tân, Thành phố Hồ Chí Minh, Việt Nam",Quận Bình Tân,"4610: Đại lý, môi giới, đấu giá hàng hóa-Chi tiết: Đại lý, môi giới hàng hóa.;4641: Bán buôn vải, hàng may mặc, giày dép-;4649: Bán buôn đồ dùng khác cho gia đình-Chi tiết: Bán buôn sản phẩm hàng thủ ",internet
316345473,CÔNG TY TNHH IN VẢI THỜI TRANG TRẦN HẠO NHÂN,CÔNG TY TNHH IN VẢI THỜI TRANG,Công ty trách nhiệm hữu hạn một thành viên,"Số 25, Hẻm 100, Đường số 18B, Phường Bình Hưng Hòa A, Quận Bình Tân, Thành phố Hồ Chí Minh, Việt Nam",Quận Bình Tân,"4669: Bán buôn chuyên doanh khác chưa được phân vào đâu-Chi tiết: Bán buôn nguyên liệu ngành in. Bán buôn giấy in, giấy nhám, giấy trang trí, giấy làm bao bì, giấy vụn. Bán buôn khăn ăn, cỏ, bông gòn.",internet
316343194,CÔNG TY TNHH TM DV PHÁT TRIỂN CÔNG NGHỆ HOÀNG PHÁT,CÔNG TY TNHH TM DV PHÁT TRIỂN ,Công ty trách nhiệm hữu hạn một thành viên,"64 Đường số 1A, Khu dân cư Lý Chiêu Hoàng, Phường An Lạc, Quận Bình Tân, Thành phố Hồ Chí Minh, Việt Nam",Quận Bình Tân,"9511: Sửa chữa máy vi tính và thiết bị ngoại vi-(trừ gia công cơ khí, tái chế phế thải, xi mạ điện);1811: In ấn-;1812: Dịch vụ liên quan đến in-Chi tiết: Thiết kế quảng cáo;4321: Lắp đặt hệ thống điện",internet
316336454,CÔNG TY TNHH XÂY DỰNG KIẾN TRÚC VIỆT TRUNG,CÔNG TY TNHH XÂY DỰNG KIẾN TRÚ,Công ty trách nhiệm hữu hạn hai thành viên trở lên,"551/18 Hương Lộ 2, Phường Bình Trị Đông, Quận Bình Tân, Thành phố Hồ Chí Minh, Việt Nam",Quận Bình Tân,4101: Xây dựng nhà để ở-;4102: Xây dựng nhà không để ở-;4212: Xây dựng công trình đường bộ-;4299: Xây dựng công trình kỹ thuật dân dụng khác-;4311: Phá dỡ-;4312: Chuẩn bị mặt bằng-;4321: Lắp đặt hệ th,internet
316362278,CÔNG TY TNHH MTV THIẾT BỊ HÀN CẮT SONG THỊNH,CÔNG TY TNHH MTV THIẾT BỊ HÀN ,Công ty trách nhiệm hữu hạn một thành viên,"770/4 Quốc lộ 1A, Phường Bình Hưng Hòa B, Quận Bình Tân, Thành phố Hồ Chí Minh, Việt Nam",Quận Bình Tân,"4653: Bán buôn máy móc, thiết bị và phụ tùng máy nông nghiệp-Chi tiết: Buôn bán thiết bị máy hàn, máy cắt và phụ kiện kèm theo;4659: Bán buôn máy móc, thiết bị và phụ tùng máy khác-Chi tiết: Buôn bán ",internet
316342024,CÔNG TY TNHH THƯƠNG MẠI DỊCH VỤ NGUYỄN THÀNH ĐẠT,CÔNG TY TNHH THƯƠNG MẠI DỊCH V,Công ty trách nhiệm hữu hạn một thành viên,"276/9/5 Mã Lò, Khu phố 6, Phường Bình Trị Đông A, Quận Bình Tân, Thành phố Hồ Chí Minh, Việt Nam",Quận Bình Tân,"4764: Bán lẻ trò chơi, đồ chơi trong các cửa hàng chuyên doanh-(trừ đồ chơi có hại cho giáo dục nhân cách, sức khỏe trẻ em hoặc ảnh hưởng đến an ninh, trật tự an toàn xã hội);6190: Hoạt động viễn thôn",internet
316374040,CÔNG TY TNHH DỊCH VỤ KỸ THUẬT NGÔ GIA PHÁT,CÔNG TY TNHH DỊCH VỤ KỸ THUẬT ,Công ty trách nhiệm hữu hạn một thành viên,"428/39 Chiến Lược , Phường Bình Trị Đông A, Quận Bình Tân, Thành phố Hồ Chí Minh, Việt Nam",Quận Bình Tân,7410: Hoạt động thiết kế chuyên dụng-Chi tiết: thiết kế website;6201: Lập trình máy vi tính-Chi tiết: sản xuất phần mềm máy tính;9511: Sửa chữa máy vi tính và thiết bị ngoại vi-Chi tiết: sửa chữa máy ,internet
316346029,CÔNG TY TNHH MỘT THÀNH VIÊN THƯƠNG MẠI XUẤT NHẬP KHẨU VÀ ĐẦU TƯ RK,CÔNG TY TNHH MỘT THÀNH VIÊN TH,Công ty trách nhiệm hữu hạn một thành viên,"150/49/48 Đường 26 Tháng 03, Phường Bình Hưng Hòa, Quận Bình Tân, Thành phố Hồ Chí Minh, Việt Nam",Quận Bình Tân,1030: Chế biến và bảo quản rau quả-;4101: Xây dựng nhà để ở-;4102: Xây dựng nhà không để ở-;4212: Xây dựng công trình đường bộ-;4299: Xây dựng công trình kỹ thuật dân dụng khác-;4311: Phá dỡ-;4312: Ch,internet
316371674,CÔNG TY TNHH AN XUYÊN XANH,CÔNG TY TNHH AN XUYÊN XANH,Công ty trách nhiệm hữu hạn một thành viên,"47 Đường số 7A, Phường Bình Trị Đông B, Quận Bình Tân, Thành phố Hồ Chí Minh, Việt Nam",Quận Bình Tân,"0121: Trồng cây ăn quả-;0322: Nuôi trồng thuỷ sản nội địa-;1010: Chế biến, bảo quản thịt và các sản phẩm từ thịt-(trừ giết mổ gia súc, gia cầm);1020: Chế biến, bảo quản thuỷ sản và các sản phẩm từ thu",internet
316385821,CÔNG TY TNHH TM DV QUANG NGUYÊN,CÔNG TY TNHH TM DV QUANG NGUYÊ,Công ty trách nhiệm hữu hạn hai thành viên trở lên,"80/2, Tập Đoàn 6B, Phường Tân Tạo A, Quận Bình Tân, Thành phố Hồ Chí Minh, Việt Nam",Quận Bình Tân,4662: Bán buôn kim loại và quặng kim loại-(trừ mua bán vàng miếng);4669: Bán buôn chuyên doanh khác chưa được phân vào đâu-chi tiết: bán buôn đồ Bảo hộ lao động;4690: Bán buôn tổng hợp-Chi tiết: (trừ ,internet
316359268,CÔNG TY TNHH VIỄN THÔNG KHÔI VIỆT,CÔNG TY TNHH VIỄN THÔNG KHÔI V,Công ty trách nhiệm hữu hạn một thành viên,"4 Đường số 1D, Phường An Lạc A, Quận Bình Tân, Thành phố Hồ Chí Minh, Việt Nam",Quận Bình Tân,"3290: Sản xuất khác chưa được phân vào đâu-(trừ sản xuất xốp cách nhiệt sử dụng ga R141b, sử dụng polyol trộn sẵn HCFC-141b);3313: Sửa chữa thiết bị điện tử và quang học-;3314: Sửa chữa thiết bị điện-",internet
316360746,CÔNG TY TNHH THƯƠNG MẠI XUẤT NHẬP KHẨU VẠN ĐỈNH,CÔNG TY TNHH THƯƠNG MẠI XUẤT N,Công ty trách nhiệm hữu hạn một thành viên,"Số 8 Đường Số 38, Phường Tân Tạo, Quận Bình Tân, Thành phố Hồ Chí Minh, Việt Nam",Quận Bình Tân,"3319: Sửa chữa thiết bị khác-;2821: Sản xuất máy nông nghiệp và lâm nghiệp-;4663: Bán buôn vật liệu, thiết bị lắp đặt khác trong xây dựng-;4652: Bán buôn thiết bị và linh kiện điện tử, viễn thông-chi ",internet
316390959,CÔNG TY TNHH TƯ VẤN QUẢN LÝ ĐÀO TẠO NHÂN LỰC THIÊN HẢI,CÔNG TY TNHH TƯ VẤN QUẢN LÝ,Công ty trách nhiệm hữu hạn một thành viên,"Số 482/25/10 đường Tỉnh lộ 10, Phường Bình Trị Đông, Quận Bình Tân, Thành phố Hồ Chí Minh, Việt Nam",Quận Bình Tân,"4649: Bán buôn đồ dùng khác cho gia đình-;4659: Bán buôn máy móc, thiết bị và phụ tùng máy khác-;4669: Bán buôn chuyên doanh khác chưa được phân vào đâu-(trừ bán buôn hóa chất, khí dầu mỏ hóa lỏng LPG",internet
316354277,CÔNG TY TNHH KINH DOANH VÀ DỊCH VỤ THIÊN PHÁT,CÔNG TY TNHH KINH DOANH VÀ DỊC,Công ty trách nhiệm hữu hạn một thành viên,"157 Đường Số 16, Khu Phố 2, Phường Bình Trị Đông B, Quận Bình Tân, Thành phố Hồ Chí Minh, Việt Nam",Quận Bình Tân,"4632: Bán buôn thực phẩm-chi tiết: Bán buôn thịt và các sản phẩm từ thịt, thủy sản, rau, quả, chè, đường (không hoạt động tại trụ sở); sữa và các sản phẩm sữa, bánh kẹo và các sản phẩm chế biến từ ngũ",internet
316399510,CÔNG TY TNHH THƯƠNG MẠI DỊCH VỤ KHẢI QUỲNH,CÔNG TY TNHH THƯƠNG MẠI DỊCH V,Công ty trách nhiệm hữu hạn hai thành viên trở lên,"Số 91 Đường 55, Phường Tân Tạo, Quận Bình Tân, Thành phố Hồ Chí Minh, Việt Nam",Quận Bình Tân,"1077: Sản xuất cà phê-;4620: Bán buôn nông, lâm sản nguyên liệu (trừ gỗ, tre, nứa) và động vật sống-Chi tiết: bán buôn trà, ca cao, nông sản các loại (không hoạt động tại trụ sở);4632: Bán buôn thực p",internet
109109686,CÔNG TY CỔ PHẦN DINH DƯỠNG DƯỢC FIDIMILK,CÔNG TY CỔ PHẦN DINH DƯỠNG DƯỢ,Công ty cổ phần,"số 61/7C Đường số 8, Phường Bình Hưng Hòa B, Quận Bình Tân, Thành phố Hồ Chí Minh, Việt Nam",Quận Bình Tân,"0141: Chăn nuôi trâu, bò và sản xuất giống trâu, bò-Chi tiết: - Sản xuất sữa nguyên chất từ bò và trâu sữa;;0149: Chăn nuôi khác-;1010: Chế biến, bảo quản thịt và các sản phẩm từ thịt-(trừ chế biến th",internet
316373128,CÔNG TY TNHH CÔNG NGHỆ FFC,CÔNG TY TNHH CÔNG NGHỆ FFC,Công ty trách nhiệm hữu hạn hai thành viên trở lên,"137/104/10 Phan Anh, Phường Bình Trị Đông, Quận Bình Tân, Thành phố Hồ Chí Minh, Việt Nam",Quận Bình Tân,"0111: Trồng lúa-;0112: Trồng ngô và cây lương thực có hạt khác-;0118: Trồng rau, đậu các loại và trồng hoa-Chi tiết: Trồng các loại nấm, rau, cây cảnh (không hoạt động tại trụ sở);0119: Trồng cây hàng",internet
316363867,CÔNG TY TNHH EMBEBO,CÔNG TY TNHH EMBEBO,Công ty trách nhiệm hữu hạn một thành viên,"109/14/4 Trương Phước Phan, Phường Bình Trị Đông, Quận Bình Tân, Thành phố Hồ Chí Minh, Việt Nam",Quận Bình Tân,"4641: Bán buôn vải, hàng may mặc, giày dép-;4649: Bán buôn đồ dùng khác cho gia đình-;4771: Bán lẻ hàng may mặc, giày dép, hàng da và giả da trong các cửa hàng chuyên doanh-;4764: Bán lẻ trò chơi, đồ ",internet
316389495,CÔNG TY TNHH THƯƠNG MẠI - DỊCH VỤ TANAVIE,CÔNG TY TNHH THƯƠNG MẠI  DỊCH ,Công ty trách nhiệm hữu hạn hai thành viên trở lên,"743/19 Tỉnh lộ 10, Phường Bình Trị Đông B, Quận Bình Tân, Thành phố Hồ Chí Minh, Việt Nam",Quận Bình Tân,"8230: Tổ chức giới thiệu và xúc tiến thương mại-(trừ các hoạt động trong lĩnh vực có sử dụng chất nổ, chất cháy, hóa chất, làm đạo cụ, dụng cụ thực hiện các chương trình văn hóa, nghệ thuật, phim ảnh)",internet
316386857,CÔNG TY TNHH HIKA DECOR & EVENT,CÔNG TY TNHH HIKA DECOR  EVENT,Công ty trách nhiệm hữu hạn hai thành viên trở lên,"Số 99/29a  Đường Số 14, Phường Bình Hưng Hòa A, Quận Bình Tân, Thành phố Hồ Chí Minh, Việt Nam",Quận Bình Tân,"8230: Tổ chức giới thiệu và xúc tiến thương mại-(Doanh nghiệp cam kết không thực hiện các hiệu ứng cháy, nổ; không sử dụng chất nổ, chất cháy, hóa chất làm đạo cụ, dụng cụ thực hiện các chương trình v",internet
316381993,CÔNG TY TNHH XUẤT NHẬP KHẨU THƯƠNG MẠI SẢN XUẤT MAY MẶC HOÀNG PHÁT,CÔNG TY TNHH XUẤT NHẬP KHẨU TH,Công ty trách nhiệm hữu hạn một thành viên,"240/13 Gò Xoài, Phường Bình Hưng Hòa A, Quận Bình Tân, Thành phố Hồ Chí Minh, Việt Nam",Quận Bình Tân,"1312: Sản xuất vải dệt thoi-Chi tiết: Dệt, may công nghiệp (trừ tẩy, nhuộm, hồ, in, gia công hàng đã qua sử dụng).;1313: Hoàn thiện sản phẩm dệt-;1392: Sản xuất hàng dệt sẵn (trừ trang phục)-;1410: Ma",internet
316397961,CÔNG TY TNHH THƯƠNG MẠI SẢN XUẤT - XUẤT NHẬP KHẨU HEROMA,CÔNG TY TNHH THƯƠNG MẠI SẢN XU,Công ty trách nhiệm hữu hạn một thành viên,"114 Đường 17A, Phường Bình Trị Đông B, Quận Bình Tân, Thành phố Hồ Chí Minh, Việt Nam",Quận Bình Tân,"4649: Bán buôn đồ dùng khác cho gia đình-Chi tiết: Bán buôn mỹ phẩm, nước hoa, túi sách, phụ kiện các loại; Bán buôn đồ dùng khác cho gia đình.;4632: Bán buôn thực phẩm-Chi tiết: Bán buôn thực phẩm (k",internet
316393163,CÔNG TY TNHH THƯƠNG MẠI XUẤT NHẬP KHẨU GLOBAL NETWORK,CÔNG TY TNHH THƯƠNG MẠI XUẤT N,Công ty trách nhiệm hữu hạn hai thành viên trở lên,"241/8 Lê Đình Cẩn, Khu Phố 5, Phường Tân Tạo, Quận Bình Tân, Thành phố Hồ Chí Minh, Việt Nam",Quận Bình Tân,"4641: Bán buôn vải, hàng may mặc, giày dép-Chi tiết: Bán buôn vải, Bán buôn thảm, đệm, chăn, màn, rèm, ga trải giường, gối và hàng dệt khác hàng may mặc, giày dép;4649: Bán buôn đồ dùng khác cho gia đ",network
316392522,CÔNG TY TNHH MTV THƯƠNG MẠI DỊCH VỤ PHÚC KHÁNH GIA,CÔNG TY TNHH MTV THƯƠNG MẠI DỊ,Công ty trách nhiệm hữu hạn một thành viên,"Số 272/9C Đường Lê Văn Quới, Phường Bình Hưng Hòa A, Quận Bình Tân, Thành phố Hồ Chí Minh, Việt Nam",Quận Bình Tân,"4649: Bán buôn đồ dùng khác cho gia đình-(trừ dược phẩm);4653: Bán buôn máy móc, thiết bị và phụ tùng máy nông nghiệp-;4663: Bán buôn vật liệu, thiết bị lắp đặt khác trong xây dựng-;4659: Bán buôn máy",internet
316406380,CÔNG TY TNHH DỊCH VỤ - XÂY DỰNG THẢO NGUYÊN XANH,CÔNG TY TNHH DỊCH VỤ  XÂY DỰNG,Công ty trách nhiệm hữu hạn một thành viên,"41/61 Đường số 2, Tổ 178, Khu phố 9, Phường Bình Hưng Hòa A, Quận Bình Tân, Thành phố Hồ Chí Minh, Việt Nam",Quận Bình Tân,"7410: Hoạt động thiết kế chuyên dụng-Chi tiết: Dịch vụ cắm hoa; Hoạt động trang trí nội, ngoại thất, phong cảnh  (trừ thiết kế công trình xây dựng).;7730: Cho thuê máy móc, thiết bị và đồ dùng hữu hìn",internet
316398891,CÔNG TY TNHH ELLEN,CÔNG TY TNHH ELLEN,Công ty trách nhiệm hữu hạn một thành viên,"688/24C Tân Kỳ Tân Quý, Phường Bình Hưng Hòa, Quận Bình Tân, Thành phố Hồ Chí Minh, Việt Nam",Quận Bình Tân,"4641: Bán buôn vải, hàng may mặc, giày dép-;4632: Bán buôn thực phẩm-(Không hoạt động tại trụ sở);1410: May trang phục (trừ trang phục từ da lông thú)-;1512: Sản xuất vali, túi xách và các loại tương ",internet
316393780,CÔNG TY TNHH THƯƠNG MẠI DỊCH VỤ PHƯƠNG DUY AN,CÔNG TY TNHH THƯƠNG MẠI DỊCH V,Công ty trách nhiệm hữu hạn một thành viên,"28 Phạm Đăng Giảng , Phường Bình Hưng Hòa, Quận Bình Tân, Thành phố Hồ Chí Minh, Việt Nam",Quận Bình Tân,"4641: Bán buôn vải, hàng may mặc, giày dép-Chi tiết: - Bán buôn vải; - Bán buôn hàng may mặc: quần áo;; - Bán buôn giày dép;4773: Bán lẻ hàng hóa khác mới trong các cửa hàng chuyên doanh-(trừ bán lẻ b",internet
316398884,CÔNG TY TNHH THƯƠNG MẠI PHÚC KHANG PHARMA,CÔNG TY TNHH THƯƠNG MẠI PHÚC K,Công ty trách nhiệm hữu hạn một thành viên,"62D Đường Số 1, Khu Phố 22, Phường Bình Hưng Hòa A, Quận Bình Tân, Thành phố Hồ Chí Minh, Việt Nam",Quận Bình Tân,"4632: Bán buôn thực phẩm-Chi tiết: -Bán buốn thực phẩm chứa năng, thực phẩm dinh dưỡng, thực phẩm bổ sung. 
- Bán buôn đường sữa và các sản phẩm sữa, bánh kẹo và các sản phẩm chế biến từ ngũ cốc, bột,",internet
316407352,CÔNG TY CỔ PHẦN THIẾT KẾ PHƯƠNG NGỌC,CÔNG TY CỔ PHẦN THIẾT KẾ PHƯƠN,Công ty cổ phần,"46/4 Đường Số 2, Phường Bình Hưng Hòa B, Quận Bình Tân, Thành phố Hồ Chí Minh, Việt Nam",Quận Bình Tân,"1811: In ấn-(trừ in, tráng bao bì kim loại; in trên các sản phẩm vải sợi, dệt, may, đan tại trụ sở);4651: Bán buôn máy vi tính, thiết bị ngoại vi và phần mềm-;4652: Bán buôn thiết bị và linh kiện điện",internet
316439989,CÔNG TY TNHH THƯƠNG MẠI DỊCH VỤ COOL BLUE,CÔNG TY TNHH THƯƠNG MẠI DỊCH V,Công ty trách nhiệm hữu hạn hai thành viên trở lên,"15 Đường 2C, Phường An Lạc A, Quận Bình Tân, Thành phố Hồ Chí Minh, Việt Nam",Quận Bình Tân,"4719: Bán lẻ khác trong các cửa hàng kinh doanh tổng hợp-(trừ bán lẻ hóa chất, khí dầu mỏ hóa lỏng LPG, dầu nhớt cặn, vàng miếng, súng, đạn loại dùng đi săn hoặc thể thao và tiền kim khí; Thực hiện th",internet
316410309,CÔNG TY TNHH THỰC PHẨM A SHU SHI,CÔNG TY TNHH THỰC PHẨM A SHU S,Công ty trách nhiệm hữu hạn một thành viên,"Số 54 - 56 Đường số 1, Khu phố 3, Phường An Lạc, Quận Bình Tân, Thành phố Hồ Chí Minh, Việt Nam",Quận Bình Tân,"4663: Bán buôn vật liệu, thiết bị lắp đặt khác trong xây dựng-Chi tiết: Bán buôn đồ uống không có cồn; Bán buôn nước ngọt;4632: Bán buôn thực phẩm-Chi tiết: Bán buôn thịt và các sản phẩm từ thịt, thịt",internet
316417142,CÔNG TY TNHH MỘT THÀNH VIÊN SẢN XUẤT GIA CÔNG THƯƠNG MẠI PHẠM THẾ HIỂN,CÔNG TY TNHH MỘT THÀNH VIÊN SẢ,Công ty trách nhiệm hữu hạn một thành viên,"482 Mã Lò, Phường Bình Hưng Hòa A, Quận Bình Tân, Thành phố Hồ Chí Minh, Việt Nam",Quận Bình Tân,"4669: Bán buôn chuyên doanh khác chưa được phân vào đâu-Chi tiết: Bán buôn hạt nhựa nguyên sinh và tái sinh: HDPE, LLD, PE, LDPE, PP; Bán buôn chậu nhựa PP, HDPE; Bán buôn bao bì - băng keo - màng PE,",internet
316410605,CÔNG TY CỔ PHẦN SẢN XUẤT THƯƠNG MẠI VÀ XUẤT NHẬP KHẨU SHARK HOUSE,CÔNG TY CỔ PHẦN SẢN XUẤT THƯƠN,Công ty cổ phần,"21/38/20 Đường Chiến Lược, Phường Bình Trị Đông, Quận Bình Tân, Thành phố Hồ Chí Minh, Việt Nam",Quận Bình Tân,"4669: Bán buôn chuyên doanh khác chưa được phân vào đâu-(Trừ bán buôn bình gas,hóa chất, khí dầu mỏ hóa lỏng LPG, dầu nhớt cặn, vàng miếng, súng, đạn loại dùng đi săn hoặc thể thao và tiền kim khí; Tr",internet
316412602,CÔNG TY TNHH THIẾT KẾ SẢN XUẤT BAO BÌ PHÚ HƯNG,CÔNG TY TNHH THIẾT KẾ SẢN XUẤT,Công ty trách nhiệm hữu hạn một thành viên,"77/13/20 Phạm Đăng Giảng, Phường Bình Hưng Hòa, Quận Bình Tân, Thành phố Hồ Chí Minh, Việt Nam",Quận Bình Tân,"6201: Lập trình máy vi tính-;6312: Cổng thông tin-;6202: Tư vấn máy vi tính và quản trị hệ thống máy vi tính-;6399: Dịch vụ thông tin khác chưa được phân vào đâu-(trừ dịch vụ cắt xén thông tin, báo ch",internet
316420191,CÔNG TY CỔ PHẦN DP HỒNG PHÁT PHARMA,CÔNG TY CỔ PHẦN DP HỒNG PHÁT P,Công ty cổ phần,"1074/28/15 Tỉnh Lộ 10, Phường Tân Tạo, Quận Bình Tân, Thành phố Hồ Chí Minh, Việt Nam",Quận Bình Tân,"4632: Bán buôn thực phẩm-Chi tiết: Bán buôn, xuất nhập khẩu thực phẩm chức năng, thực phẩm bổ sung vi chất dinh dưỡng.; 4722: Bán lẻ thực phẩm trong các cửa hàng chuyên doanh-Chi tiết: Bán lẻ thực phẩ",internet
316431443,CÔNG TY CỔ PHẦN ĐẦU TƯ VÀ PHÁT TRIỂN AZONE,CÔNG TY CỔ PHẦN ĐẦU TƯ VÀ PH,Công ty cổ phần,"147/147 Nguyễn Thị Tú, Phường Bình Hưng Hòa B, Quận Bình Tân, Thành phố Hồ Chí Minh, Việt Nam",Quận Bình Tân,"3100: Sản xuất giường, tủ, bàn, ghế-Chi tiết: Sản xuất giường, tủ, bàn, ghế bằng gỗ. Sản xuất giường, tủ, bàn, ghế bằng vật liệu khác. ( không hoạt động tại trụ sở );4229: Xây dựng công trình công ích",internet
316434606,CÔNG TY CỔ PHẦN XUẤT NHẬP KHẨU SONG KHOA,CÔNG TY CỔ PHẦN XUẤT NHẬP KHẨU,Công ty cổ phần,"Số 55/10/11/2 Nguyễn Qúy Yêm, Phường An Lạc, Quận Bình Tân, Thành phố Hồ Chí Minh, Việt Nam",Quận Bình Tân,4511: Bán buôn ô tô và xe có động cơ khác-- Chi tiết: Bán buôn ô tô cứu thương.;4719: Bán lẻ  khác trong các cửa hàng kinh doanh tổng hợp-Chi tiết: - Bán lẻ trong siêu thị (Supermarket) - Bán lẻ trong,internet
316436674,CÔNG TY TNHH QB TÂN ĐẠI PHÁT,CÔNG TY TNHH QB TÂN ĐẠI PHÁT,Công ty trách nhiệm hữu hạn một thành viên,"156B Lê Tấn Bê , Phường An Lạc, Quận Bình Tân, Thành phố Hồ Chí Minh, Việt Nam",Quận Bình Tân,"4719: Bán lẻ  khác trong các cửa hàng kinh doanh tổng hợp-(trừ bán lẻ hóa chất, khí dầu mỏ hóa lỏng LPG, dầu nhớt cặn, vàng miếng, súng, đạn loại dùng đi săn hoặc thể thao và tiền kim khí; Thực hiện t",internet
316427006,CÔNG TY CỔ PHẦN GẠCH ẤN ĐỘ,CÔNG TY CỔ PHẦN GẠCH ẤN ĐỘ,Công ty cổ phần,"354/43 Quốc Lộ 1A, Phường Bình Hưng Hòa B, Quận Bình Tân, Thành phố Hồ Chí Minh, Việt Nam",Quận Bình Tân,"4752: Bán lẻ đồ ngũ kim, sơn, kính và thiết bị lắp đặt khác trong xây dựng trong các cửa hàng chuyên doanh-Chi tiết: Bán lẻ đồ ngũ kim, sơn, kính và thiết bị lắp đặt khác trong xây dựng trong các cửa ",internet
316419936,CÔNG TY CỔ PHẦN THƯƠNG MẠI DỊCH VỤ ROYAL PHARMA,CÔNG TY CỔ PHẦN THƯƠNG MẠI DỊC,Công ty cổ phần,"34 Đường số 4, Khu dân cư Lê Thành, Phường An Lạc, Quận Bình Tân, Thành phố Hồ Chí Minh, Việt Nam",Quận Bình Tân,"4632: Bán buôn thực phẩm-Chi tiết: Bán buôn thực phẩm chức năng, thực phẩm bổ sung vi chất dinh dưỡng.;4722: Bán lẻ thực phẩm trong các cửa hàng chuyên doanh-Chi tiết: Bán lẻ thực phẩm chức năng, thực",internet
316436346,CÔNG TY TNHH SẢN XUẤT - THƯƠNG MẠI CHỈ THUỘC DA,CÔNG TY TNHH SẢN XUẤT  THƯƠNG ,Công ty trách nhiệm hữu hạn một thành viên,"Số 28 Đường 19A, Phường Bình Hưng Hòa A, Quận Bình Tân, Thành phố Hồ Chí Minh, Việt Nam",Quận Bình Tân,"1410: May trang phục (trừ trang phục từ da lông thú)-(Trừ tẩy nhuộm hồ in và không gia công hàng đã qua sử dụng);4649: Bán buôn đồ dùng khác cho gia đình-Chi tiết: Bán buôn ba lô, túi xách, vali, cặp,",internet
316431411,CÔNG TY TNHH THƯƠNG MẠI DỊCH VỤ NHÔM KÍNH TÂN TIẾN,CÔNG TY TNHH THƯƠNG MẠI DỊCH V,Công ty trách nhiệm hữu hạn một thành viên,"Nhà số 2A, Đường số 1, Phường Bình Hưng Hòa A, Quận Bình Tân, Thành phố Hồ Chí Minh, Việt Nam",Quận Bình Tân,"2310: Sản xuất thuỷ tinh và sản phẩm từ thuỷ tinh-Chi tiết: Gia công, cắt- mài cạnh kính;2511: Sản xuất các cấu kiện kim loại-;2592: Gia công cơ khí; xử lý và tráng phủ kim loại-Chi tiết: tiện, phay, ",internet
316486435,CÔNG TY TNHH TDEZIN,CÔNG TY TNHH TDEZIN,Công ty trách nhiệm hữu hạn một thành viên,"638/50/21 Lê Trọng Tấn, Phường Bình Hưng Hòa, Quận Bình Tân, Thành phố Hồ Chí Minh, Việt Nam",Quận Bình Tân,"7410: Hoạt động thiết kế chuyên dụng-Chi tiết: Thiết kế thương hiệu Logo, thiết kế Website, thiết kế đồ họa (Trừ thiết kế công trình xây dựng);6201: Lập trình máy vi tính-Chi tiết: Lập trình Website.;",internet
316443495,CÔNG TY TNHH SẢN XUẤT THƯƠNG MẠI DỊCH VỤ HEALTHY BEAUTY,CÔNG TY TNHH SẢN XUẤT THƯƠNG M,Công ty trách nhiệm hữu hạn hai thành viên trở lên,"640 Quốc lộ 1A, Phường Bình Hưng Hòa B, Quận Bình Tân, Thành phố Hồ Chí Minh, Việt Nam",Quận Bình Tân,"2023: Sản xuất mỹ phẩm, xà phòng, chất tẩy rửa, làm bóng và chế phẩm vệ sinh-Chi tiết: Sản xuất gel rửa tay, nước rửa tay kháng khuẩn các loại. (không hoạt động tại trụ sở);3250: Sản xuất thiết bị, dụ",internet
316449962,CÔNG TY TNHH HCM505,CÔNG TY TNHH HCM505,Công ty trách nhiệm hữu hạn một thành viên,"700/2C Tỉnh Lộ 10, Khu Phố 18, Phường Bình Trị Đông, Quận Bình Tân, Thành phố Hồ Chí Minh, Việt Nam",Quận Bình Tân,"4669: Bán buôn chuyên doanh khác chưa được phân vào đâu-Chi tiết: Bán buôn, xuất nhập khẩu giường, tủ, bàn ghế và đồ dùng trang trí nội thất tương tự. Bán buôn, xuất nhập khẩu hàng gốm, sứ, thủy tinh.",internet
316495415,CÔNG TY TNHH THƯƠNG MẠI DỊCH VỤ WEME,CÔNG TY TNHH THƯƠNG MẠI DỊCH V,Công ty trách nhiệm hữu hạn một thành viên,"119 Đường số 16, Phường Bình Trị Đông B, Quận Bình Tân, Thành phố Hồ Chí Minh, Việt Nam",Quận Bình Tân,"4789: Bán lẻ hàng hóa khác lưu động hoặc tại chợ-Chi tiết: Bán lẻ mỹ phẩm và vật phẩm vệ sinh lưu động hoặc tại chợ; Bán lẻ các sản phẩm nhựa; bao bì các loại (trừ bán lẻ hóa chất, khí dầu mỏ hóa lỏng",internet
316505705,CÔNG TY TNHH SẢN XUẤT THƯƠNG MẠI DỊCH VỤ XUẤT NHẬP KHẨU HIKAKA,CÔNG TY TNHH SẢN XUẤT THƯƠNG M,Công ty trách nhiệm hữu hạn một thành viên,"Số 57/2 đường Lô Tư, Phường Bình Hưng Hòa A, Quận Bình Tân, Thành phố Hồ Chí Minh, Việt Nam",Quận Bình Tân,"4791: Bán lẻ theo yêu cầu đặt hàng qua bưu điện hoặc internet-Chi tiết: Dịch vụ sàn giao dịch thương mại điện tử
(trừ bán lẻ hóa chất, khí dầu mỏ hóa lỏng LPG, dầu nhớt cặn, vàng miếng, súng, đạn loại",internet
316460677,CÔNG TY TNHH THƯƠNG MẠI VÀ DỊCH VỤ TECHNOLOGY KEY,CÔNG TY TNHH THƯƠNG MẠI VÀ DỊC,Công ty trách nhiệm hữu hạn một thành viên,"600/12/25 Kinh Dương Vương, Phường An Lạc, Quận Bình Tân, Thành phố Hồ Chí Minh, Việt Nam",Quận Bình Tân,"1010: Chế biến, bảo quản thịt và các sản phẩm từ thịt-(trừ giết mổ gia súc, gia cầm);1020: Chế biến, bảo quản thuỷ sản và các sản phẩm từ thuỷ sản-;1030: Chế biến và bảo quản rau quả-;1410: May trang ",internet
316455469,CÔNG TY TNHH THƯƠNG MẠI AN PHÁT TIẾN,CÔNG TY TNHH THƯƠNG MẠI AN PHÁ,Công ty trách nhiệm hữu hạn một thành viên,"Số 164 Lộ Tẻ, Phường Tân Tạo A, Quận Bình Tân, Thành phố Hồ Chí Minh, Việt Nam",Quận Bình Tân,"1075: Sản xuất món ăn, thức ăn chế biến sẵn-;1074: Sản xuất mì ống, mỳ sợi và sản phẩm tương tự-;1079: Sản xuất thực phẩm khác chưa được phân vào đâu-(Trừ hoạt động giết mổ gia xúc, gia cầm);1391: Sản",internet
316479558,CÔNG TY TNHH THƯƠNG MẠI DỊCH VỤ FD MART,CÔNG TY TNHH THƯƠNG MẠI DỊCH V,Công ty trách nhiệm hữu hạn hai thành viên trở lên,"Số 0,05-0,06 Đường số 3, Khu dân cư Đô Thị Vĩnh Lộc, Phường Bình Hưng Hòa B, Quận Bình Tân, Thành phố Hồ Chí Minh, Việt Nam",Quận Bình Tân,"1010: Chế biến, bảo quản thịt và các sản phẩm từ thịt-Chi tiết: Chế biến, bảo quản thịt và các sản phẩm từ thịt (không giết mổ gia súc, gia cầm tại trụ sở);1020: Chế biến, bảo quản thuỷ sản và các sản",internet
316469630,CÔNG TY CỔ PHẦN FBBC,CÔNG TY CỔ PHẦN FBBC,Công ty cổ phần,"147/149 Nguyễn Thị Tú, Phường Bình Hưng Hòa B, Quận Bình Tân, Thành phố Hồ Chí Minh, Việt Nam",Quận Bình Tân,"4390: Hoạt động xây dựng chuyên dụng khác-;4649: Bán buôn đồ dùng khác cho gia đình-(trừ dược phẩm);4651: Bán buôn máy vi tính, thiết bị ngoại vi và phần mềm-;4663: Bán buôn vật liệu, thiết bị lắp đặt",internet
316480384,CÔNG TY TNHH SẢN XUẤT THƯƠNG MẠI DỊCH VỤ PHƯỚC NGUYÊN PRO,CÔNG TY TNHH SẢN XUẤT THƯƠNG M,Công ty trách nhiệm hữu hạn hai thành viên trở lên,"30 Liên khu 2-5, Phường Bình Trị Đông, Quận Bình Tân, Thành phố Hồ Chí Minh, Việt Nam",Quận Bình Tân,"1312: Sản xuất vải dệt thoi-(không hoạt động tại trụ sở);1313: Hoàn thiện sản phẩm dệt-;1391: Sản xuất vải dệt kim, vải đan móc và vải không dệt khác-(không hoạt động tại trụ sở);1410: May trang phục ",internet
316465499,CÔNG TY TNHH ĐẦU TƯ DỊCH VỤ BẤT ĐỘNG SẢN VINNLANDS,CÔNG TY TNHH ĐẦU TƯ DỊCH VỤ BẤ,Công ty trách nhiệm hữu hạn một thành viên,"108/22 Chiến Lược, Phường Bình Trị Đông, Quận Bình Tân, Thành phố Hồ Chí Minh, Việt Nam",Quận Bình Tân,"4791: Bán lẻ theo yêu cầu đặt hàng qua bưu điện hoặc internet-(trừ bán lẻ hóa chất, khí dầu mỏ hóa lỏng LPG, dầu nhớt cặn, vàng miếng, súng, đạn loại dùng đi săn hoặc thể thao và tiền kim khí; Thực hi",internet
316478307,CÔNG TY TNHH THƯƠNG MẠI DỊCH VỤ BẢO KHIẾT AN,CÔNG TY TNHH THƯƠNG MẠI DỊCH V,Công ty trách nhiệm hữu hạn hai thành viên trở lên,"19/2 Đường 8B, Phường Bình Hưng Hòa A, Quận Bình Tân, Thành phố Hồ Chí Minh, Việt Nam",Quận Bình Tân,6190: Hoạt động viễn thông khác-Chi tiết : Đại lý dịch vụ bưu chính viễn thông;8292: Dịch vụ đóng gói-(trừ đóng gói thuốc bảo vệ thực vật).;5229: Hoạt động dịch vụ hỗ trợ khác liên quan đến vận tải-Ch,internet
316530155,CÔNG TY CỔ PHẦN AN TOÀN AB,CÔNG TY CỔ PHẦN AN TOÀN AB,Công ty cổ phần,"68 Đường Số 1, Khu Phố 9, Phường Bình Hưng Hòa A, Quận Bình Tân, Thành phố Hồ Chí Minh, Việt Nam",Quận Bình Tân,"4322: Lắp đặt hệ thống cấp, thoát nước, hệ thống sưởi và điều hoà không khí-(trừ lắp đặt các thiết bị lạnh (thiết bị cấp đông, kho lạnh, máy đá, điều hòa không khí,  làm lạnh nước) sử dụng ga lạnh R22",internet
316533854,CÔNG TY TNHH FULL HOUSE CAT,CÔNG TY TNHH FULL HOUSE CAT,Công ty trách nhiệm hữu hạn một thành viên,"Số 17 Đường số 2, KDC Hương lộ 5, Phường An Lạc, Quận Bình Tân, Thành phố Hồ Chí Minh, Việt Nam",Quận Bình Tân,"4321: Lắp đặt hệ thống điện-;4322: Lắp đặt hệ thống cấp, thoát nước, hệ thống sưởi và điều hoà không khí-(trừ lắp đặt các thiết bị lạnh (thiết bị cấp đông, kho lạnh, máy đá, điều hòa không khí, làm lạ",internet
316473845,CÔNG TY TNHH INTERESTRUST CA,CÔNG TY TNHH INTERESTRUST CA,Công ty trách nhiệm hữu hạn hai thành viên trở lên,"65/3A đường Lê Tấn Bê, Khu phố 2, Phường An Lạc, Quận Bình Tân, Thành phố Hồ Chí Minh, Việt Nam",Quận Bình Tân,"4772: Bán lẻ thuốc, dụng cụ y tế, mỹ phẩm và vật phẩm vệ sinh trong các cửa hàng chuyên doanh-Chi tiết: Bán lẻ dụng cụ y tế trong các cửa hàng chuyên doanh; Bán lẻ nước hoa, mỹ phẩm và vật phẩm vệ sin",internet
316482222,CÔNG TY TNHH SẢN XUẤT THƯƠNG MẠI DỊCH VỤ GIÁO DỤC THANH VIỆT CORPORATION,CÔNG TY TNHH SẢN XUẤT THƯƠNG M,Công ty trách nhiệm hữu hạn hai thành viên trở lên,"156/13/2/2 Lê Đình Cẩn, Khu phố 10, Phường Tân Tạo, Quận Bình Tân, Thành phố Hồ Chí Minh, Việt Nam",Quận Bình Tân,"4610: Đại lý, môi giới, đấu giá hàng hóa-Chi tiết: Đại lý, môi giới hàng hóa.;4620: Bán buôn nông, lâm sản nguyên liệu (trừ gỗ, tre, nứa) và động vật sống-(không hoạt động tại trụ sở); 4631: Bán buôn ",internet
316505046,CÔNG TY TNHH XD THANH NGA,CÔNG TY TNHH XD THANH NGA,Công ty trách nhiệm hữu hạn một thành viên,"238 Lê Văn Quới, Phường Bình Hưng Hòa A, Quận Bình Tân, Thành phố Hồ Chí Minh, Việt Nam",Quận Bình Tân,"6619: Hoạt động hỗ trợ dịch vụ tài chính chưa được phân vào đâu-Chi tiết: tư vấn đầu tư (trừ tư vấn tài chính, kế toán, pháp luật);7020: Hoạt động tư vấn quản lý-(trừ tư vấn tài chính, kế",internet
316502976,CÔNG TY TNHH THƯƠNG MẠI DƯỢC VÀ MỸ PHẨM MAI WHITE,CÔNG TY TNHH THƯƠNG MẠI DƯỢC V,Công ty trách nhiệm hữu hạn một thành viên,"532/1/92 đường Khu Y Tế Kỹ Thuật Cao, Phường Bình Trị Đông B, Quận Bình Tân, Thành phố Hồ Chí Minh, Việt Nam",Quận Bình Tân,4101: Xây dựng nhà để ở-;4102: Xây dựng nhà không để ở-;4299: Xây dựng công trình kỹ thuật dân dụng khác-;4311: Phá dỡ-;4312: Chuẩn bị mặt bằng-;4632: Bán buôn thực phẩm-(không hoạt động tại trụ sở);4,internet
316486717,CÔNG TY TNHH Y DƯỢC PHÚC TÂM AN,CÔNG TY TNHH Y DƯỢC PHÚC TÂM A,Công ty trách nhiệm hữu hạn hai thành viên trở lên,"Số 35-37 Lê Văn Quới, Phường Bình Trị Đông, Quận Bình Tân, Thành phố Hồ Chí Minh, Việt Nam",Quận Bình Tân,"8620: Hoạt động của các phòng khám đa khoa, chuyên khoa và nha khoa-Chi tiết: Hoạt động của các phòng khám đa khoa, chuyên khoa (trừ lưu trú bệnh nhân).;4659: Bán buôn máy móc, thiết bị và phụ tùng má",internet
316509428,CÔNG TY TNHH ĐẦU TƯ XÂY DỰNG VẬN TẢI VÀ XUẤT KHẨU THỦY SẢN THÀNH VƯỢNG PHÁT,CÔNG TY TNHH ĐẦU TƯ XÂY DỰNG V,Công ty trách nhiệm hữu hạn hai thành viên trở lên,"18 Đường 2B, Phường An Lạc A, Quận Bình Tân, Thành phố Hồ Chí Minh, Việt Nam",Quận Bình Tân,4330: Hoàn thiện công trình xây dựng-Chi tiết: Xây dựng công trình giao thông;4211: Xây dựng công trình đường sắt-;4212: Xây dựng công trình đường bộ-;4312: Chuẩn bị mặt bằng-;4511: Bán buôn ô tô và x,internet
316503835,CÔNG TY TNHH XD NGỌC CHÂU MINH,CÔNG TY TNHH XD NGỌC CHÂU MINH,Công ty trách nhiệm hữu hạn một thành viên,"244 Kinh Dương Vương, Phường An Lạc A, Quận Bình Tân, Thành phố Hồ Chí Minh, Việt Nam",Quận Bình Tân,"6619: Hoạt động hỗ trợ dịch vụ tài chính chưa được phân vào đâu-Chi tiết: tư vấn đầu tư (trừ tư vấn tài chính, kế toán, pháp luật);7020: Hoạt động tư vấn quản lý-(trừ tư vấn tài chính, kế",internet
316507597,CÔNG TY TNHH THƯƠNG MẠI - DỊCH VỤ - SẢN XUẤT - VĂN PHÒNG PHẨM ĐẠI TÍN PHÁT,CÔNG TY TNHH THƯƠNG MẠI  DỊCH ,Công ty trách nhiệm hữu hạn một thành viên,"267/11/5/6 Lê Đình Cẩn, Khu Phố 5, Phường Tân Tạo, Quận Bình Tân, Thành phố Hồ Chí Minh, Việt Nam",Quận Bình Tân,"1629: Sản xuất sản phẩm khác từ gỗ; sản xuất sản phẩm từ tre, nứa, rơm, rạ và vật liệu tết bện-;1709: Sản xuất các sản phẩm khác từ giấy và bìa chưa được phân vào đâu-;2013: Sản xuất plastic và cao su",internet
316507540,CÔNG TY TNHH SẢN XUẤT THƯƠNG MẠI DỊCH VỤ XUẤT NHẬP KHẨU GIA THỊNH PHÁT,CÔNG TY TNHH SẢN XUẤT THƯƠNG M,Công ty trách nhiệm hữu hạn hai thành viên trở lên,"754/13/34 Tân Kỳ Tân Quý, Phường Bình Hưng Hòa, Quận Bình Tân, Thành phố Hồ Chí Minh, Việt Nam",Quận Bình Tân,"4632: Bán buôn thực phẩm-Chi tiết: Bán buôn yến sào, tổ yến, thực phẩm làm từ tổ yến; Bán buôn các loại trà, nhân sâm, đông trùng hạ thảo, nhụy hoa; Bán buôn thực phẩm chức năng;4649: Bán buôn đồ dùng",internet
316516739,CÔNG TY TNHH TƯ VẤN VÀ CÔNG NGHỆ DTAA,CÔNG TY TNHH TƯ VẤN VÀ CÔNG NG,Công ty trách nhiệm hữu hạn một thành viên,"361 Trần Văn Giàu, Phường Bình Trị Đông B, Quận Bình Tân, Thành phố Hồ Chí Minh, Việt Nam",Quận Bình Tân,"4652: Bán buôn thiết bị và linh kiện điện tử, viễn thông-Chi tiết: Bán buôn thiết bị điện tử nhà thông minh;6201: Lập trình máy vi tính-chi tiết: Sản xuất phần mềm.;6209: Hoạt động dịch vụ công nghệ t",internet
316558249,CÔNG TY TNHH THƯƠNG MẠI DỊCH VỤ VÀ TƯ VẤN VIỆT NEW,CÔNG TY TNHH THƯƠNG MẠI DỊCH V,Công ty trách nhiệm hữu hạn một thành viên,"133 Đường Số 32, Khu Phố 3, Phường Bình Trị Đông B, Quận Bình Tân, Thành phố Hồ Chí Minh, Việt Nam",Quận Bình Tân,"6619: Hoạt động hỗ trợ dịch vụ tài chính chưa được phân vào đâu-Chi tiết: tư vấn đầu tư (trừ tư vấn tài chính, kế toán, pháp luật);4610: Đại lý, môi giới, đấu giá hàng hóa-Chi tiết: Đại lý, môi giới.;",internet
316498279,CÔNG TY TNHH TRUYỀN THÔNG VÀ GIẢI TRÍ WATERBEAR,CÔNG TY TNHH TRUYỀN THÔNG VÀ G,Công ty trách nhiệm hữu hạn một thành viên,"Nhà số 216 Đường số 5, Phường Bình Hưng Hòa, Quận Bình Tân, Thành phố Hồ Chí Minh, Việt Nam",Quận Bình Tân,"9329: Hoạt động vui chơi giải trí khác chưa được phân vào đâu-Chi tiết:
 - Cung cấp dịch vụ trò chơi điện tử trên mạng
- Kinh doanh dịch vụ Karaoke (Doanh nghiệp chỉ được kinh doanh kể từ khi có đủ đi",internet
316562728,CÔNG TY TNHH CẦM ĐỒ FAMILY,CÔNG TY TNHH CẦM ĐỒ FAMILY,Công ty trách nhiệm hữu hạn một thành viên,"Số 13 Đường số 4, Phường Bình Hưng Hòa, Quận Bình Tân, Thành phố Hồ Chí Minh, Việt Nam",Quận Bình Tân,"4610: Đại lý, môi giới, đấu giá hàng hóa-Chi tiết: Đại lý, môi giới;7020: Hoạt động tư vấn quản lý-(trừ tư vấn tài chính, kế toán và pháp luật);8230: Tổ chức giới thiệu và xúc tiến thương mại-(không t",internet
316568021,CÔNG TY TNHH THƯƠNG MẠI QUỐC TẾ MỸ DUYÊN,CÔNG TY TNHH THƯƠNG MẠI QUỐC T,Công ty trách nhiệm hữu hạn một thành viên,"354/16/6/16 Quốc lộ 1A , Phường Bình Hưng Hòa B, Quận Bình Tân, Thành phố Hồ Chí Minh, Việt Nam",Quận Bình Tân,"4610: Đại lý, môi giới, đấu giá hàng hóa-Chi tiết: đại lý, môi giới (trừ môi giới bất động sản);4620: Bán buôn nông, lâm sản nguyên liệu (trừ gỗ, tre, nứa) và động vật sống-(không hoạt động tại trụ sở",internet
316525564,CÔNG TY TNHH SẢN XUẤT THƯƠNG MẠI VÀ XÂY DỰNG DHCC,CÔNG TY TNHH SẢN XUẤT THƯƠNG M,Công ty trách nhiệm hữu hạn một thành viên,"14/5 Đường số 4, Khu phố 22, Phường Bình Hưng Hòa A, Quận Bình Tân, Thành phố Hồ Chí Minh, Việt Nam",Quận Bình Tân,"1410: May trang phục (trừ trang phục từ da lông thú)-(trừ tẩy nhuộm, hồ, in trên các sản phẩm vải sợi, dệt may, thêu, đan tại trụ sở);1512: Sản xuất vali, túi xách và các loại tương tự, sản xuất yên đ",internet
316521023,CÔNG TY TNHH THƯƠNG MẠI DỊCH VỤ TIN HỌC HỒ GIA,CÔNG TY TNHH THƯƠNG MẠI DỊCH V,Công ty trách nhiệm hữu hạn một thành viên,"1658/5/10 Tỉnh Lộ 10, Kp 1, Phường Tân Tạo, Quận Bình Tân, Thành phố Hồ Chí Minh, Việt Nam",Quận Bình Tân,"4649: Bán buôn đồ dùng khác cho gia đình-Chi tiết: Bán buôn dược phẩm và dụng cụ y tế; Bán buôn nước hoa, hàng mỹ phẩm. Bán buôn hóa mỹ phẩm (không tồn trữ hóa chất); Bán buôn văn phòng phẩm; Bán buôn",internet
316502542,CÔNG TY TNHH TM XĂNG DẦU NGỌC LONG,CÔNG TY TNHH TM XĂNG DẦU NGỌC ,Công ty trách nhiệm hữu hạn một thành viên,"900 Tỉnh Lộ 10, Khu phố 9, Phường Bình Trị Đông A, Quận Bình Tân, Thành phố Hồ Chí Minh, Việt Nam",Quận Bình Tân,"6619: Hoạt động hỗ trợ dịch vụ tài chính chưa được phân vào đâu-Chi tiết: tư vấn đầu tư (trừ tư vấn tài chính, kế toán, pháp luật);7020: Hoạt động tư vấn quản lý-(trừ tư vấn tài chính, kế",internet
316536076,CÔNG TY TNHH KINH DOANH DỊCH VỤ TỔNG HỢP PHÁT HUY,CÔNG TY TNHH KINH DOANH DỊCH V,Công ty trách nhiệm hữu hạn một thành viên,"49 Đường Ấp Chiến Lược, Khu phố 4, Phường Bình Hưng Hòa A, Quận Bình Tân, Thành phố Hồ Chí Minh, Việt Nam",Quận Bình Tân,"9632: Hoạt động dịch vụ phục vụ tang lễ-;8299: Hoạt động dịch vụ hỗ trợ kinh doanh khác còn lại chưa được phân vào đâu-Chi tiết: Dịch vụ bốc mộ, cải táng, sang quan;6190: Hoạt động viễn thông khác-Chi",internet
316578566,CÔNG TY TNHH TM DV CỬU THÀNH,CÔNG TY TNHH TM DV CỬU THÀNH,Công ty trách nhiệm hữu hạn một thành viên,"344 Nguyễn Thị Tú, khu phố 2, Phường Bình Hưng Hòa B, Quận Bình Tân, Thành phố Hồ Chí Minh, Việt Nam",Quận Bình Tân,6190: Hoạt động viễn thông khác-Chi tiết: Cung cấp dịch vụ ứng dụng Internet (OSP); Cung cấp dịch vụ Internet (ISP) (không kinh doanh đại lý cung cấp dịch vụ truy cập Internet) (trừ bán lại hạ tầng vi,internet
316512540,CÔNG TY TRÁCH NHIỆM HỮU HẠN  LYSUN,CÔNG TY TRÁCH NHIỆM HỮU HẠN  L,Công ty trách nhiệm hữu hạn hai thành viên trở lên,"Số nhà 52, Đường 5B, Khu Phố 6, Phường Bình Hưng Hòa A, Quận Bình Tân, Thành phố Hồ Chí Minh, Việt Nam",Quận Bình Tân,"1709: Sản xuất các sản phẩm khác từ giấy và bìa chưa được phân vào đâu-Chi tiết: in ấn và các dịch vụ liên quan đến in;4641: Bán buôn vải, hàng may mặc, giày dép-;4649: Bán buôn đồ dùng khác cho gia đ",internet
316535851,CÔNG TY CỔ PHẦN XÂY DỰNG THƯƠNG MẠI ĐẦU TƯ THÀNH XUYÊN,CÔNG TY CỔ PHẦN XÂY DỰNG THƯƠN,Công ty cổ phần,"32/47 Đường số 5, Khu Phố 8, Phường Bình Hưng Hòa, Quận Bình Tân, Thành phố Hồ Chí Minh, Việt Nam",Quận Bình Tân,"4663: Bán buôn vật liệu, thiết bị lắp đặt khác trong xây dựng-Chi tiết: Bán buôn vật liệu, thiết bị lắp đặt khác trong xây dựng. Bán buôn tre, nứa, gỗ cây và gỗ chế biến. Bán buôn xi măng. Bán buôn gạ",internet
316526014,CÔNG TY TNHH THIẾT BỊ ĐIỆN - ĐIỆN LẠNH PHÚC NAM,CÔNG TY TNHH THIẾT BỊ ĐIỆN  ĐI,Công ty trách nhiệm hữu hạn một thành viên,"31/71/41 Đường số 3, Phường Bình Hưng Hòa A, Quận Bình Tân, Thành phố Hồ Chí Minh, Việt Nam",Quận Bình Tân,"4321: Lắp đặt hệ thống điện-Chi tiết: Lắp đặt máy móc, thiết bị ngành điện, điện lạnh, đông lạnh (trừ lắp đặt các thiết bị điện lạnh (thiết bị cấp đông, kho lạnh, máy đá, điều hòa không khí, làm lạnh ",internet
316526529,CÔNG TY CỔ PHẦN SẢN XUẤT THƯƠNG MẠI ĐÔNG HƯNG THỊNH,CÔNG TY CỔ PHẦN SẢN XUẤT THƯƠN,Công ty cổ phần,"549-551 Lê Văn Quới, Phường Bình Trị Đông A, Quận Bình Tân, Thành phố Hồ Chí Minh, Việt Nam",Quận Bình Tân,"4719: Bán lẻ  khác trong các cửa hàng kinh doanh tổng hợp-(trừ bán lẻ hóa chất, khí dầu mỏ hóa lỏng LPG, dầu nhớt cặn, vàng miếng, súng, đạn loại dùng đi săn hoặc thể thao và tiền kim khí; Thực hiện t",internet
316545634,CÔNG TY TNHH HÀNG KHÔNG 247,CÔNG TY TNHH HÀNG KHÔNG 247,Công ty trách nhiệm hữu hạn một thành viên,"447/7 Đất Mới, Khu Phố 5, Phường Bình Trị Đông, Quận Bình Tân, Thành phố Hồ Chí Minh, Việt Nam",Quận Bình Tân,"5229: Hoạt động dịch vụ hỗ trợ khác liên quan đến vận tải-Chi tiết: Dịch vụ đại lý bán vé máy bay, vé tàu, vé xe;7912: Điều hành tua du lịch-;9639: Hoạt động dịch vụ phục vụ cá nhân khác còn lại chưa ",internet
316589159,CÔNG TY TNHH DỊCH VỤ XUẤT NHẬP KHẨU K&C,CÔNG TY TNHH DỊCH VỤ XUẤT NHẬP,Công ty trách nhiệm hữu hạn hai thành viên trở lên,"1028/27 Đường Tân Kỳ Tân Quý, Phường Bình Hưng Hòa, Quận Bình Tân, Thành phố Hồ Chí Minh, Việt Nam",Quận Bình Tân,"4781: Bán lẻ lương thực, thực phẩm, đồ uống, thuốc lá, thuốc lào lưu động hoặc tại chợ-Chi tiết: Bán lẻ thực phẩm lưu động hoặc tại chợ, Bán lẻ đồ uống lưu động hoặc tại chợ (thực hiện theo Quyết định",internet
316557277,CÔNG TY TNHH THIẾT BỊ ĐIỆN CÔNG NGHIỆP NX,CÔNG TY TNHH THIẾT BỊ ĐIỆN CÔN,Công ty trách nhiệm hữu hạn hai thành viên trở lên,"Số 23 Đường 17A, Phường Bình Trị Đông B, Quận Bình Tân, Thành phố Hồ Chí Minh, Việt Nam",Quận Bình Tân,"1010: Chế biến, bảo quản thịt và các sản phẩm từ thịt-(Không kinh doanh giết mổ gia súc, gia cầm tại trụ sở);1020: Chế biến, bảo quản thuỷ sản và các sản phẩm từ thuỷ sản-;1030: Chế biến và bảo quản r",internet
316536164,"CÔNG TY TNHH DỊCH VỤ, THƯƠNG MẠI & KỸ THUẬT QUANG PHÁT",CÔNG TY TNHH DỊCH VỤ THƯƠNG MẠ,Công ty trách nhiệm hữu hạn hai thành viên trở lên,"Số nhà 08, Đường số 4, Phường Bình Trị Đông B, Quận Bình Tân, Thành phố Hồ Chí Minh, Việt Nam",Quận Bình Tân,"4659: Bán buôn máy móc, thiết bị và phụ tùng máy khác-(trừ máy vi tính và thiết bị ngoại vi);4651: Bán buôn máy vi tính, thiết bị ngoại vi và phần mềm-;4652: Bán buôn thiết bị và linh kiện điện tử, vi",internet
316550930,CÔNG TY TNHH QUẢNG CÁO VÀ TRUYỀN THÔNG ĐỨC HẠNH,CÔNG TY TNHH QUẢNG CÁO VÀ TRUY,Công ty trách nhiệm hữu hạn một thành viên,"144/3 Đường Lê Tấn Bê, Phường An Lạc, Quận Bình Tân, Thành phố Hồ Chí Minh, Việt Nam",Quận Bình Tân,"4651: Bán buôn máy vi tính, thiết bị ngoại vi và phần mềm-;4652: Bán buôn thiết bị và linh kiện điện tử, viễn thông-;4690: Bán buôn tổng hợp-(trừ bán buôn thuốc trừ sâu và hóa chất sử dụng trong nông ",internet
316597304,CÔNG TY TNHH BLINKS VIỆT NAM,CÔNG TY TNHH BLINKS VIỆT NAM,Công ty trách nhiệm hữu hạn một thành viên,"427/23 Lê Văn Quới, Phường Bình Trị Đông A, Quận Bình Tân, Thành phố Hồ Chí Minh, Việt Nam",Quận Bình Tân,"7810: Hoạt động của các trung tâm, đại lý tư vấn, giới thiệu và môi giới lao động, việc làm-Chi tiết: Hoạt động của các đại lý tư vấn, giới thiệu và môi giới lao động, việc làm.;8230: Tổ chức giới thi",internet
316558224,CÔNG TY TNHH MINH TUỆ SOLAR VIỆT NAM,CÔNG TY TNHH MINH TUỆ SOLAR VI,Công ty trách nhiệm hữu hạn một thành viên,"Số 12, Đường số 2-KP.2, Phường An Lạc, Quận Bình Tân, Thành phố Hồ Chí Minh, Việt Nam",Quận Bình Tân,"4933: Vận tải hàng hóa bằng đường bộ-(trừ hóa lỏng khí để vận chuyển);4690: Bán buôn tổng hợp-(trừ bán buôn bình gas, khí dầu mỏ hóa lỏng LPG, dầu nhớt cặn, vàng miếng, súng, đạn loại dùng đi săn hoặc",internet
316559323,CÔNG TY TNHH  SẢN XUẤT THƯƠNG MẠI DỊCH VỤ PHƯỚC CHÂU,CÔNG TY TNHH  SẢN XUẤT THƯƠNG ,Công ty trách nhiệm hữu hạn hai thành viên trở lên,"28/11 Đường số 15, Khu phố 9, Phường Bình Hưng Hòa, Quận Bình Tân, Thành phố Hồ Chí Minh, Việt Nam",Quận Bình Tân,8292: Dịch vụ đóng gói-;8560: Dịch vụ hỗ trợ giáo dục-Chi tiết: Tư vấn giáo dục;2592: Gia công cơ khí; xử lý và tráng phủ kim loại-(không hoạt động tại trụ sở);8559: Giáo dục khác chưa được phân vào đ,internet
316578781,CÔNG TY TNHH MTV TM DV XUẤT NHẬP KHẨU NTT,CÔNG TY TNHH MTV TM DV XUẤT NH,Công ty trách nhiệm hữu hạn một thành viên,"33 Liên khu 8-9, Phường Bình Hưng Hòa A, Quận Bình Tân, Thành phố Hồ Chí Minh, Việt Nam",Quận Bình Tân,"4669: Bán buôn chuyên doanh khác chưa được phân vào đâu-( trừ khí dầu mỏ hóa lỏng LPG, dược phẩm, hóa chất dùng trong nông nghiệp, vàng miếng, súng đạn , vũ khí thô sơ, Thực hiện theo Quyết định số 64",internet
316556185,CÔNG TY TNHH KỸ THUẬT CÔNG NGHỆ BẢO ĐỨC,CÔNG TY TNHH KỸ THUẬT CÔNG NGH,Công ty trách nhiệm hữu hạn một thành viên,"905/10 Tân Kỳ Tân Quý, Phường Bình Hưng Hòa A, Quận Bình Tân, Thành phố Hồ Chí Minh, Việt Nam",Quận Bình Tân,"1610: Cưa, xẻ, bào gỗ và bảo quản gỗ-;1621: Sản xuất gỗ dán, gỗ lạng, ván ép và ván mỏng khác-Chi tiết: Sản xuất gỗ lạng, ván mỏng và các loại ván, tấm mỏng bằng gỗ tương tự; Sản xuất gỗ mảnh hoặc gỗ ",internet
316584954,CÔNG TY TNHH NA AN THÀNH PHÁT,CÔNG TY TNHH NA AN THÀNH PHÁT,Công ty trách nhiệm hữu hạn một thành viên,"18/14 Đường số 1, Khu phố 7, Phường Tân Tạo A, Quận Bình Tân, Thành phố Hồ Chí Minh, Việt Nam",Quận Bình Tân,"4791: Bán lẻ theo yêu cầu đặt hàng qua bưu điện hoặc internet-(trừ bán lẻ hóa chất, khí dầu mỏ hóa lỏng LPG, dầu nhớt cặn, vàng miếng, súng, đạn loại dùng đi săn hoặc thể thao và tiền kim khí; Thực hi",internet
316579048,CÔNG TY TNHH THƯƠNG MẠI DỊCH VỤ SUNNY NGUYÊN,CÔNG TY TNHH THƯƠNG MẠI DỊCH V,Công ty trách nhiệm hữu hạn một thành viên,"120/5/7A Lê Văn Quới, Phường Bình Hưng Hòa A, Quận Bình Tân, Thành phố Hồ Chí Minh, Việt Nam",Quận Bình Tân,"4741: Bán lẻ máy vi tính, thiết bị ngoại vi, phần mềm và thiết bị viễn thông trong các cửa hàng chuyên doanh-;4649: Bán buôn đồ dùng khác cho gia đình-(trừ dược phẩm và dụng cụ y tế - không tồn trữ hó",internet
316618071,CÔNG TY TNHH TM & DV NGỌC THỦY PHÁT,CÔNG TY TNHH TM  DV NGỌC THỦY ,Công ty trách nhiệm hữu hạn hai thành viên trở lên,"110/12 Đường số 4, Phường Bình Hưng Hòa A, Quận Bình Tân, Thành phố Hồ Chí Minh, Việt Nam",Quận Bình Tân,"1104: Sản xuất đồ uống không cồn, nước khoáng-Chi tiết: Sản xuất nước khoáng, nước tinh khiết đóng chai, nước giải khát (không hoạt động tại trụ sở).;4631: Bán buôn gạo, lúa mỳ, hạt ngũ cốc khác, bột ",internet
316611291,CÔNG TY TNHH XÂY DỰNG ÂN ĐÔNG,CÔNG TY TNHH XÂY DỰNG ÂN ĐÔNG,Công ty trách nhiệm hữu hạn hai thành viên trở lên,"193/17/14 Đường Số 6, Phường Bình Hưng Hòa B, Quận Bình Tân, Thành phố Hồ Chí Minh, Việt Nam",Quận Bình Tân,1622: Sản xuất đồ gỗ xây dựng-;2592: Gia công cơ khí; xử lý và tráng phủ kim loại-;4101: Xây dựng nhà để ở-;4102: Xây dựng nhà không để ở-;4211: Xây dựng công trình đường sắt-;4212: Xây dựng công trìn,internet
316569917,CÔNG TY TNHH TRIPLE SEC,CÔNG TY TNHH TRIPLE SEC,Công ty trách nhiệm hữu hạn hai thành viên trở lên,"176 Trần Thanh Mại, Phường Tân Tạo A, Quận Bình Tân, Thành phố Hồ Chí Minh, Việt Nam",Quận Bình Tân,"5912: Hoạt động hậu kỳ-Chi tiết: Hoạt động như biên tập, truyền phim /băng, đầu đề, phụ đề, giới thiệu phim (giới thiệu danh sách các diễn viên, đạo diễn, người quay phim), thuyết minh, đồ họa máy tín",internet
316593395,CÔNG TY TNHH TM DV SX ANH KHOA MÓN NGON BA MIỀN FOOD,CÔNG TY TNHH TM DV SX ANH KHOA,Công ty trách nhiệm hữu hạn một thành viên,"276/35/40/4A Bình Thành , Phường Bình Hưng Hòa B, Quận Bình Tân, Thành phố Hồ Chí Minh, Việt Nam",Quận Bình Tân,4721: Bán lẻ lương thực trong các cửa hàng chuyên doanh-(thực hiện theo quyết định 64/2009/QĐ-UBND ngày 31/07/2009 và quyết định  số 79/2009/QĐ-UBND ngày 17/10/2009 của Ủy ban nhân dân TP. Hồ Chí Minh,internet
316629281,CÔNG TY TNHH SẢN XUẤT THƯƠNG MẠI XUẤT NHẬP KHẨU DƯỢC LIỆU SẠCH THATICO,CÔNG TY TNHH SẢN XUẤT THƯƠNG M,Công ty trách nhiệm hữu hạn hai thành viên trở lên,"299/ 74 đường Bình Thành, Phường Bình Hưng Hòa B, Quận Bình Tân, Thành phố Hồ Chí Minh, Việt Nam",Quận Bình Tân,0111: Trồng lúa-(không hoạt động tại trụ sở);0112: Trồng ngô và cây lương thực có hạt khác-(không hoạt động tại trụ sở);0113: Trồng cây lấy củ có chất bột-(không hoạt động tại trụ sở);0114: Trồng cây ,internet
316579513,CÔNG TY TNHH THƯƠNG MẠI TDT TECHNOLOGY,CÔNG TY TNHH THƯƠNG MẠI TDT TE,Công ty trách nhiệm hữu hạn một thành viên,"50A Tây Lân, Phường Bình Trị Đông A, Quận Bình Tân, Thành phố Hồ Chí Minh, Việt Nam",Quận Bình Tân,"3290: Sản xuất khác chưa được phân vào đâu-(trừ sản xuất xốp cách nhiệt sử dụng ga R141b) (không sản xuất và tồn trữ hóa chất tại trụ sở) (trừ sản xuất vàng miếng).;3312: Sửa chữa máy móc, thiết bị-Ch",technology
316589208,CÔNG TY TNHH DỊCH VỤ THƯƠNG MẠI HOÀNG PHÚC KHANG,CÔNG TY TNHH DỊCH VỤ THƯƠNG MẠ,Công ty trách nhiệm hữu hạn hai thành viên trở lên,"977 Hương Lộ 2, Phường Bình Trị Đông A, Quận Bình Tân, Thành phố Hồ Chí Minh, Việt Nam",Quận Bình Tân,"4773: Bán lẻ hàng hóa khác mới trong các cửa hàng chuyên doanh-Chi tiết: Bán lẻ hàng lưu niệm, hàng đan lát, hàng thủ công nghệ, đồng hồ và đồ trang sức, hoa tươi (thực hiện theo Quyết định 64/2009/QĐ",internet
316588853,CÔNG TY TNHH MTV TÂM ĐẠI NHẪN,CÔNG TY TNHH MTV TÂM ĐẠI NHẪN,Công ty trách nhiệm hữu hạn một thành viên,"145/42/6/5 Lê Văn Quới, Khu phố 2, Phường Bình Trị Đông, Quận Bình Tân, Thành phố Hồ Chí Minh, Việt Nam",Quận Bình Tân,"8299: Hoạt động dịch vụ hỗ trợ kinh doanh khác còn lại chưa được phân vào đâu-Chi tiết: xuất nhập khẩu tất cả các mặt hàng công ty kinh doanh;4764: Bán lẻ trò chơi, đồ chơi trong các cửa hàng chuyên d",internet
316593980,CÔNG TY TNHH THƯƠNG MẠI TRUYỀN THÔNG BRIGHT,CÔNG TY TNHH THƯƠNG MẠI TRUYỀN,Công ty trách nhiệm hữu hạn hai thành viên trở lên,"27 Đường số 1, Phường Tân Tạo A, Quận Bình Tân, Thành phố Hồ Chí Minh, Việt Nam",Quận Bình Tân,"4610: Đại lý, môi giới, đấu giá hàng hóa-Chi tiết: Đại lý bán hàng hóa. Môi giới mua bán hàng hóa.;4641: Bán buôn vải, hàng may mặc, giày dép-Chi tiết: Bán buôn hàng may mặc.;4771: Bán lẻ hàng may mặc",internet
316611534,CÔNG TY TNHH THỰC PHẨM VẠN HÂN,CÔNG TY TNHH THỰC PHẨM VẠN HÂN,Công ty trách nhiệm hữu hạn một thành viên,"188 Tên Lửa, Phường Bình Trị Đông B, Quận Bình Tân, Thành phố Hồ Chí Minh, Việt Nam",Quận Bình Tân,"1074: Sản xuất mì ống, mỳ sợi và sản phẩm tương tự-;1075: Sản xuất món ăn, thức ăn chế biến sẵn-;4711: Bán lẻ lương thực, thực phẩm, đồ uống, thuốc lá, thuốc lào chiếm tỷ trọng lớn trong các cửa hàng ",internet
316580597,CÔNG TY CỔ PHẦN ĐẦU TƯ XÂY DỰNG NX SÀI GÒN,CÔNG TY CỔ PHẦN ĐẦU TƯ XÂY DỰN,Công ty cổ phần,"Số 23 Đường 17A, Phường Bình Trị Đông B, Quận Bình Tân, Thành phố Hồ Chí Minh, Việt Nam",Quận Bình Tân,"4321: Lắp đặt hệ thống điện-Chi tiết: Lắp đặt điện mặt trời.
(trừ gia công cơ khí, tái chế phế thải, xi mạ điện tại trụ sở).;4322: Lắp đặt hệ thống cấp, thoát nước, hệ thống sưởi và điều hoà không khí",internet
316611608,CÔNG TY TNHH THƯƠNG MẠI BI STORE,CÔNG TY TNHH THƯƠNG MẠI BI STO,Công ty trách nhiệm hữu hạn một thành viên,"17/54 Liên Khu 5-6, Phường Bình Hưng Hòa B, Quận Bình Tân, Thành phố Hồ Chí Minh, Việt Nam",Quận Bình Tân,"6311: Xử lý dữ liệu, cho thuê và các hoạt động liên quan-;6312: Cổng thông tin-Chi tiết: Thiết lập trang thông tin điện tử tổng hợp;8299: Hoạt động dịch vụ hỗ trợ kinh doanh khác còn lại chưa được phâ",internet
316622649,CÔNG TY TNHH LLYQ,CÔNG TY TNHH LLYQ,Công ty trách nhiệm hữu hạn một thành viên,"8 Đường Số 3B, Phường An Lạc, Quận Bình Tân, Thành phố Hồ Chí Minh, Việt Nam",Quận Bình Tân,"4771: Bán lẻ hàng may mặc, giày dép, hàng da và giả da trong các cửa hàng chuyên doanh-Chi tiết: Bán lẻ hàng may mặc trong các cửa hàng chuyên doanh; Bán lẻ giày dép trong các cửa hàng chuyên doanh; B",internet
316661253,CÔNG TY CỔ PHẦN ĐẦU TƯ CÔNG NGHỆ PTECH,CÔNG TY CỔ PHẦN ĐẦU TƯ CÔNG NG,Công ty cổ phần,"390/43A Quốc Lộ 1A, Phường Bình Hưng Hòa B, Quận Bình Tân, Thành phố Hồ Chí Minh, Việt Nam",Quận Bình Tân,4933: Vận tải hàng hóa bằng đường bộ-(trừ hóa lỏng khí để vận chuyển);5210: Kho bãi và lưu giữ hàng hóa-(trừ kinh doanh kho bãi);7110: Hoạt động kiến trúc và tư vấn kỹ thuật có liên quan-Chi tiết: Tư,internet
316595018,CÔNG TY TNHH SẢN XUẤT THƯƠNG MẠI DỊCH VỤ ĐẦU TƯ PHONG PHÚ,CÔNG TY TNHH SẢN XUẤT THƯƠNG M,Công ty trách nhiệm hữu hạn một thành viên,"262/11 Đường Liên Khu 4-5, Phường Bình Hưng Hòa B, Quận Bình Tân, Thành phố Hồ Chí Minh, Việt Nam",Quận Bình Tân,"4659: Bán buôn máy móc, thiết bị và phụ tùng máy khác-Chi tiết: Bán buôn máy móc, thiết bị, phụ tùng và linh kiện ngành dệt, may, da giày. Bán buôn máy móc, thiết bị và phụ tùng máy khai khoáng, xây d",internet
316619318,CÔNG TY TNHH XUẤT NHẬP KHẨU THƯƠNG MẠI NHẬT QUÂN,CÔNG TY TNHH XUẤT NHẬP KHẨU TH,Công ty trách nhiệm hữu hạn một thành viên,"Số 66 Đường 26 tháng 03, Phường Bình Hưng Hòa, Quận Bình Tân, Thành phố Hồ Chí Minh, Việt Nam",Quận Bình Tân,"4631: Bán buôn gạo, lúa mỳ, hạt ngũ cốc khác, bột mỳ-(Không hoạt động tại trụ sở);4632: Bán buôn thực phẩm-(Không hoạt động tại trụ sở);4633: Bán buôn đồ uống-Chi tiết: 
- Bán buôn đồ uống có cồn;
- B",internet
316646093,CÔNG TY TNHH SẢN XUẤT THƯƠNG MẠI MISA MART,CÔNG TY TNHH SẢN XUẤT THƯƠNG M,Công ty trách nhiệm hữu hạn một thành viên,"457/41 Đường Bình Thành, Khu phố 2, Phường Bình Hưng Hòa B, Quận Bình Tân, Thành phố Hồ Chí Minh, Việt Nam",Quận Bình Tân,"6419: Hoạt động trung gian tiền tệ khác-Chi tiết: Đại lý cung ứng dịch vụ nhận và chi trả ngoại tệ.;1811: In ấn-(trừ in tráng bao bì kim loại, in trên các sản phẩm vải sợi, dệt, may đan).;1812: Dịch v",internet
316629820,CÔNG TY TNHH KIM PHÁT PHARMA,CÔNG TY TNHH KIM PHÁT PHARMA,Công ty trách nhiệm hữu hạn một thành viên,"210 Đường Số 26/3, Phường Bình Hưng Hòa, Quận Bình Tân, Thành phố Hồ Chí Minh, Việt Nam",Quận Bình Tân,"1079: Sản xuất thực phẩm khác chưa được phân vào đâu-chi tiết: sản xuất thực phẩm chức năng (trừ sản xuất, chế biến thực phẩm tươi sống tại trụ sở);4791: Bán lẻ theo yêu cầu đặt hàng qua bưu điện hoặc",internet
316615465,CÔNG TY TNHH ẨM THỰC LỘC VỪNG,CÔNG TY TNHH ẨM THỰC LỘC VỪNG,Công ty trách nhiệm hữu hạn một thành viên,"703/7/21 Đường Tỉnh Lộ 10, Khu phố 4, Phường Bình Trị Đông B, Quận Bình Tân, Thành phố Hồ Chí Minh, Việt Nam",Quận Bình Tân,"4663: Bán buôn vật liệu, thiết bị lắp đặt khác trong xây dựng-Chi tiết: Bán buôn đồ uống có cồn và không có cồn;5610: Nhà hàng và các dịch vụ ăn uống phục vụ lưu động-;1075: Sản xuất món ăn, thức ăn c",internet
316614207,CÔNG TY TNHH  THƯƠNG MẠI DỊCH VỤ TÂN TIẾN DŨNG,CÔNG TY TNHH  THƯƠNG MẠI DỊCH ,Công ty trách nhiệm hữu hạn một thành viên,"37/20 Hồ Văn Long, Phường Bình Hưng Hòa B, Quận Bình Tân, Thành phố Hồ Chí Minh, Việt Nam",Quận Bình Tân,"4321: Lắp đặt hệ thống điện-Chi tiết: Lắp đặt hệ thống báo động, báo trộm, báo cháy, camera quan sát, hệ thống thông tin liên lạc, mạng máy tính và dây cáp truyền hình bao gồm cả cáp quang học, hệ thố",internet
316654591,CÔNG TY TNHH DỊCH VỤ VÀ THƯƠNG MẠI VIẾT TUẤN,CÔNG TY TNHH DỊCH VỤ VÀ THƯƠNG,Công ty trách nhiệm hữu hạn hai thành viên trở lên,"108/33 Chiến Lược , Phường Bình Trị Đông, Quận Bình Tân, Thành phố Hồ Chí Minh, Việt Nam",Quận Bình Tân,"4649: Bán buôn đồ dùng khác cho gia đình-(trừ kinh doanh dược phẩm);7721: Cho thuê thiết bị thể thao, vui chơi giải trí-;7729: Cho thuê đồ dùng cá nhân và gia đình khác-;7730: Cho thuê máy móc, thiết ",internet
316646752,CÔNG TY TNHH THƯƠNG MẠI KNLTEK,CÔNG TY TNHH THƯƠNG MẠI KNLTEK,Công ty trách nhiệm hữu hạn một thành viên,"3.01 Lầu 3 Block C,Chung Cư Cao Tầng Và Thương Mại Dịch Vụ-Văn Phòng tại 510 Kinh Dương Vương, Phường An Lạc A, Quận Bình Tân, Thành phố Hồ Chí Minh, Việt Nam",Quận Bình Tân,"1811: In ấn-;1812: Dịch vụ liên quan đến in-;2610: Sản xuất linh kiện điện tử-;2630: Sản xuất thiết bị truyền thông-;2731: Sản xuất dây cáp, sợi cáp quang học-;2732: Sản xuất dây, cáp điện và điện tử ",internet
316663282,CÔNG TY TNHH CƠ ĐIỆN IN ẤN TÂN TRƯỜNG SƠN,CÔNG TY TNHH CƠ ĐIỆN IN ẤN TÂN,Công ty trách nhiệm hữu hạn một thành viên,"87/4A Đường số 3, Phường Bình Hưng Hòa, Quận Bình Tân, Thành phố Hồ Chí Minh, Việt Nam",Quận Bình Tân,"3512: Truyền tải và phân phối điện-chi tiết: Bán điện cho người sử dụng (trừ truyền tải, điều độ hệ thống điện quốc gia và xây dựng, vận hành thủy điện đa mục tiêu, điện hạt nhân); Hoạt động của các t",internet
316632855,CÔNG TY TNHH ĐẦU TƯ THƯƠNG MẠI PHÚC ANH VINA,CÔNG TY TNHH ĐẦU TƯ THƯƠNG MẠI,Công ty trách nhiệm hữu hạn hai thành viên trở lên,"543 Hương Lộ 2, Phường Bình Trị Đông, Quận Bình Tân, Thành phố Hồ Chí Minh, Việt Nam",Quận Bình Tân,"4631: Bán buôn gạo, lúa mỳ, hạt ngũ cốc khác, bột mỳ-(không hoạt động tại trụ sở).;5310: Bưu chính-Chi tiết: Đại lý cung cấp dịch vụ bưu chính viễn thông; Cung ứng dịch vụ bưu chính trong phạm vi nội ",internet
316645237,CÔNG TY TNHH CÔNG NGHỆ MỚI DIGI,CÔNG TY TNHH CÔNG NGHỆ MỚI DIG,Công ty trách nhiệm hữu hạn một thành viên,"Số 37/47/2 đường Hồ Văn Long, Khu phố 1, Phường Bình Hưng Hòa B, Quận Bình Tân, Thành phố Hồ Chí Minh, Việt Nam",Quận Bình Tân,"7490: Hoạt động chuyên môn, khoa học và công nghệ khác chưa được phân vào đâu-Chi tiết : Đo lượng nước, độ ẩm, hoàn lưu bão; Tư vấn về môi trường; Tư vấn về công nghệ khác; Hoạt động tư vấn khác trừ t",internet
316656140,CÔNG TY TNHH TM - SX VT A NAM,CÔNG TY TNHH TM  SX VT A NAM,Công ty trách nhiệm hữu hạn một thành viên,"117/38 Hồ Văn Long, Khu phố 2, Phường Tân Tạo, Quận Bình Tân, Thành phố Hồ Chí Minh, Việt Nam",Quận Bình Tân,"4791: Bán lẻ theo yêu cầu đặt hàng qua bưu điện hoặc internet-(trừ bán lẻ bình gas, khí dầu mỏ hóa lỏng LPG, dầu nhớt cặn, vàng miếng, súng, đạn loại dùng đi săn hoặc thể thao và tiền kim khí; trừ bán",internet
316661334,CÔNG TY TNHH SẢN XUẤT THƯƠNG MẠI DỊCH VỤ LC,CÔNG TY TNHH SẢN XUẤT THƯƠNG M,Công ty trách nhiệm hữu hạn hai thành viên trở lên,"Số 42 Đường số 4, Khu phố 5, Phường Bình Hưng Hòa B, Quận Bình Tân, Thành phố Hồ Chí Minh, Việt Nam",Quận Bình Tân,"4649: Bán buôn đồ dùng khác cho gia đình-Chi tiết: Bán buôn vali, cặp, túi, ví, hàng da và giả da khác
Bán buôn đồ dùng khác cho gia đình chưa được phân vào đâu;4751: Bán lẻ vải, len, sợi, chỉ khâu và",internet
316658860,CÔNG TY TNHH TM DV CHIGAI,CÔNG TY TNHH TM DV CHIGAI,Công ty trách nhiệm hữu hạn một thành viên,"145 Trương Phước Phan, Phường Bình Trị Đông, Quận Bình Tân, Thành phố Hồ Chí Minh, Việt Nam",Quận Bình Tân,"4932: Vận tải hành khách đường bộ khác-;4933: Vận tải hàng hóa bằng đường bộ-;4322: Lắp đặt hệ thống cấp, thoát nước, hệ thống sưởi và điều hoà không khí-Trừ lắp đặt các thiết bị lạnh (thiết bị cấp đô",internet
316659920,CÔNG TY CỔ PHẦN SẢN XUẤT THƯƠNG MẠI VÀ DỊCH VỤ T.U,CÔNG TY CỔ PHẦN SẢN XUẤT THƯƠN,Công ty cổ phần,"31/5/9 Trương Phước Phan, Phường Bình Trị Đông, Quận Bình Tân, Thành phố Hồ Chí Minh, Việt Nam",Quận Bình Tân,"4649: Bán buôn đồ dùng khác cho gia đình-;4633: Bán buôn đồ uống-;4662: Bán buôn kim loại và quặng kim loại-(trừ mua bán vàng miếng);4659: Bán buôn máy móc, thiết bị và phụ tùng máy khác-;4653: Bán bu",internet
316087575,CÔNG TY TNHH MANGO MEDIA STUDIO,CÔNG TY TNHH MANGO MEDIA STUDI,Công ty trách nhiệm hữu hạn một thành viên,"257/16/1/1A Phạm Đăng Giảng, Phường Bình Hưng Hòa, Quận Bình Tân, Thành phố Hồ Chí Minh, Việt Nam",Quận Bình Tân,"4651: Bán buôn máy vi tính, thiết bị ngoại vi và phần mềm-;4652: Bán buôn thiết bị và linh kiện điện tử, viễn thông-;5911: Hoạt động sản xuất phim điện ảnh, phim video và chương trình truyền hình-(Trừ",internet
316087367,CÔNG TY TNHH MTV THÀNH HÀO,CÔNG TY TNHH MTV THÀNH HÀO,Công ty trách nhiệm hữu hạn một thành viên,"68/1 đường Tên Lửa, Phường An Lạc A, Quận Bình Tân, Thành phố Hồ Chí Minh, Việt Nam",Quận Bình Tân,"6209: Hoạt động dịch vụ công nghệ thông tin và dịch vụ khác liên quan đến máy vi tính-Chi tiết: Tư vấn, thi công lắp đặt phòng Internet;4651: Bán buôn máy vi tính, thiết bị ngoại vi và phần mềm-;9329:",internet
316093755,CÔNG TY TNHH HERA INTERNATIONAL (VN),CÔNG TY TNHH HERA INTERNATIONA,Công ty trách nhiệm hữu hạn một thành viên,"135 Đường số 7, Phường Bình Trị Đông B, Quận Bình Tân, Thành phố Hồ Chí Minh, Việt Nam",Quận Bình Tân,"4649: Bán buôn đồ dùng khác cho gia đình-Chi tiết: Bán buôn xuất nhập khẩu hàng gia dụng, vật dụng hàng ngày. Bán buôn xuất nhập khẩu văn phòng phẩm. Bán buôn xuất nhập khẩu thiết bị thông tin; thiết ",internet
316127845,CÔNG TY TNHH KINH DOANH SẢN XUẤT DỊCH VỤ XÂY DỰNG VICTORIA,CÔNG TY TNHH KINH DOANH SẢN X,Công ty trách nhiệm hữu hạn một thành viên,"257/2B Lê Đình Cẩn, Tổ 36, Khu Phố 5, Phường Tân Tạo, Quận Bình Tân, Thành phố Hồ Chí Minh, Việt Nam",Quận Bình Tân,"4799: Bán lẻ hình thức khác chưa được phân vào đâu-(trừ bán lẻ bình gas, súng, đạn loại dùng đi săn hoặc thể thao và tiền kim khí; Thực hiện theo Quyết định 64/2009/QĐ-UBND ngày 31/7/2009 của Ủy ban n",internet
316128013,CÔNG TY CỔ PHẦN THIẾT BỊ BAY AGRIDRONE VIỆT NAM,CÔNG TY CỔ PHẦN THIẾT BỊ BAY A,Công ty cổ phần,"Số 7, đường số 48, Khu phố 9, Phường Tân Tạo, Quận Bình Tân, Thành phố Hồ Chí Minh, Việt Nam",Quận Bình Tân,"4759: Bán lẻ đồ điện gia dụng, giường, tủ, bàn, ghế và đồ nội thất tương tự, đèn và bộ đèn điện, đồ dùng gia đình khác chưa được phân vào đâu  trong các cửa hàng chuyên doanh-Chi tiết: Bán lẻ đồ điện ",internet
316131087,CÔNG TY TNHH HUTA GROUP,CÔNG TY TNHH HUTA GROUP,Công ty trách nhiệm hữu hạn hai thành viên trở lên,"80/6A Đường số 8, Khu phố 7, Phường Bình Hưng Hòa B, Quận Bình Tân, Thành phố Hồ Chí Minh, Việt Nam",Quận Bình Tân,"4610: Đại lý, môi giới, đấu giá hàng hóa-Chi tiết: Đại lý, môi giới hàng hóa (trừ môi giới bất động sản);4632: Bán buôn thực phẩm-Chi tiết: Bán buôn thực phẩm; Bán buôn thực phẩm chức năng (không hoạt",internet
316162328,CÔNG TY TNHH NNC GLOBAL,CÔNG TY TNHH NNC GLOBAL,Công ty trách nhiệm hữu hạn một thành viên,"562/12 Quốc Lộ 1A, Phường Bình Hưng Hòa B, Quận Bình Tân, Thành phố Hồ Chí Minh, Việt Nam",Quận Bình Tân,"2220: Sản xuất sản phẩm từ plastic-Chi tiết: Sản xuất cửa nhựa (không hoạt động tại trụ sở).;1622: Sản xuất đồ gỗ xây dựng-Chi tiết: Sản xuất, gia công đồ gỗ, cửa gỗ  (không hoạt động tại trụ sở).;251",internet
316175461,CÔNG TY TNHH SẢN XUẤT THƯƠNG MẠI DỊCH VỤ NHẬT UY,CÔNG TY TNHH SẢN XUẤT THƯƠNG M,Công ty trách nhiệm hữu hạn một thành viên,"1473 Tỉnh Lộ 10, Phường Tân Tạo A, Quận Bình Tân, Thành phố Hồ Chí Minh, Việt Nam",Quận Bình Tân,"4651: Bán buôn máy vi tính, thiết bị ngoại vi và phần mềm-;4652: Bán buôn thiết bị và linh kiện điện tử, viễn thông-;4653: Bán buôn máy móc, thiết bị và phụ tùng máy nông nghiệp-;4659: Bán buôn máy mó",internet
316206261,CÔNG TY TNHH THƯƠNG MẠI DỊCH VỤ 3N PHARMA,CÔNG TY TNHH THƯƠNG MẠI DỊCH V,Công ty trách nhiệm hữu hạn một thành viên,"2, Đường số 2, Khu phố 3, Phường Tân Tạo A, Quận Bình Tân, Thành phố Hồ Chí Minh, Việt Nam",Quận Bình Tân,"4773: Bán lẻ hàng hóa khác mới trong các cửa hàng chuyên doanh-(trừ bán lẻ bình gas, khí dầu mỏ hóa lỏng LPG, dầu nhớt cặn, vàng miếng, súng, đạn loại dùng đi săn hoặc thể thao và tiền kim khí; trừ bá",internet
316216245,CÔNG TY TNHH TM DV SX HUỲNH LONG,CÔNG TY TNHH TM DV SX HUỲNH LO,Công ty trách nhiệm hữu hạn một thành viên,"118/50/9 Đường Liên Khu 5-6, Khu phố 8, Phường Bình Hưng Hòa B, Quận Bình Tân, Thành phố Hồ Chí Minh, Việt Nam",Quận Bình Tân,"3290: Sản xuất khác chưa được phân vào đâu-chi tiết: sản xuất, gia công bảng hiệu quảng cáo, hộp đèn, pa nô, áp phích (trừ gia công cơ khí, tái chế phế thải và xi mạ điện, chế biến gỗ, luyện cán cao s",internet
316238792,CÔNG TY TNHH TASYS TECHNOLOGY,CÔNG TY TNHH TASYS TECHNOLOGY,Công ty trách nhiệm hữu hạn hai thành viên trở lên,"127 Hoàng Văn Hợp, Phường An Lạc A, Quận Bình Tân, Thành phố Hồ Chí Minh, Việt Nam",Quận Bình Tân,"4651: Bán buôn máy vi tính, thiết bị ngoại vi và phần mềm-;4741: Bán lẻ máy vi tính, thiết bị ngoại vi, phần mềm và thiết bị viễn thông trong các cửa hàng chuyên doanh-;5820: Xuất bản phần mềm-chi tiế",technology
316265235,CÔNG TY TNHH XÂY DỰNG THƯƠNG MẠI ĐẦU TƯ THÁI LAI,CÔNG TY TNHH XÂY DỰNG THƯƠNG M,Công ty trách nhiệm hữu hạn một thành viên,"27/10 Bình Trị Đông, Khu Phố 1, Phường Bình Trị Đông, Quận Bình Tân, Thành phố Hồ Chí Minh, Việt Nam",Quận Bình Tân,"4659: Bán buôn máy móc, thiết bị và phụ tùng máy khác-Chi tiết: Bán buôn máy móc, thiết bị văn phòng, trừ máy vi tính và thiết bị ngoại vi  - Bán buôn dây điện, công tắc và thiết bị lắp đặt khác cho m",internet
316276318,CÔNG TY TNHH THƯƠNG MẠI VÀ DỊCH VỤ ĐAM MÊ XE,CÔNG TY TNHH THƯƠNG MẠI VÀ DỊC,Công ty trách nhiệm hữu hạn một thành viên,"77 Đường Số 7, Phường Bình Trị Đông B, Quận Bình Tân, Thành phố Hồ Chí Minh, Việt Nam",Quận Bình Tân,"4799: Bán lẻ hình thức khác chưa được phân vào đâu-(trừ bán lẻ bình gas, hóa chất, súng, đạn loại dùng đi săn hoặc thể thao, tiền kim khí và mua bán vàng miếng; thực hiện theo Quyết định 64/2009/QĐ-UB",internet
316275191,CÔNG TY TNHH THƯƠNG MẠI DỊCH VỤ CƠ ĐIỆN PHƯƠNG NAM,CÔNG TY TNHH THƯƠNG MẠI DỊCH V,Công ty trách nhiệm hữu hạn một thành viên,"225/29/6 Lê Văn Quới , Phường Bình Trị Đông, Quận Bình Tân, Thành phố Hồ Chí Minh, Việt Nam",Quận Bình Tân,2592: Gia công cơ khí; xử lý và tráng phủ kim loại-;2599: Sản xuất sản phẩm khác bằng kim loại chưa được phân vào đâu-Chi tiết: sản xuất sản phẩm khác còn lại chưa phân vào đâu; sản xuất sản phẩm điện,internet
316298590,CÔNG TY TNHH THƯƠNG MẠI DỊCH VỤ THỰC PHẨM THÀNH HƯNG,CÔNG TY TNHH THƯƠNG MẠI DỊCH V,Công ty trách nhiệm hữu hạn một thành viên,"822/89A Hương Lộ 2, Phường Bình Trị Đông A, Quận Bình Tân, Thành phố Hồ Chí Minh, Việt Nam",Quận Bình Tân,"4610: Đại lý, môi giới, đấu giá hàng hóa-Chi tiết: Đại lý. Môi giới.;4620: Bán buôn nông, lâm sản nguyên liệu (trừ gỗ, tre, nứa) và động vật sống-(không hoạt động tại trụ sở);4631: Bán buôn gạo, lúa m",internet
316307132,CÔNG TY TNHH LƯU CHỮ,CÔNG TY TNHH LƯU CHỮ,Công ty trách nhiệm hữu hạn một thành viên,"606/7/9/3 Hồ Học Lãm, Phường Bình Trị Đông B, Quận Bình Tân, Thành phố Hồ Chí Minh, Việt Nam",Quận Bình Tân,"4773: Bán lẻ hàng hóa khác mới trong các cửa hàng chuyên doanh-(Trừ bán lẻ bình gas, khí dầu mỏ hóa lỏng LPG, dầu nhớt cặn, vàng miếng, súng, đạn loại dùng đi săn hoặc thể thao và tiền kim khí; Trừ bá",internet
316332643,CÔNG TY TNHH THƯƠNG MẠI DỊCH VỤ KHỞI NGHIỆP VIỆT,CÔNG TY TNHH THƯƠNG MẠI DỊCH V,Công ty trách nhiệm hữu hạn một thành viên,"808 Tân Kỳ Tân Quý, Phường Bình Hưng Hòa, Quận Bình Tân, Thành phố Hồ Chí Minh, Việt Nam",Quận Bình Tân,"1622: Sản xuất đồ gỗ xây dựng-;1629: Sản xuất sản phẩm khác từ gỗ; sản xuất sản phẩm từ tre, nứa, rơm, rạ và vật liệu tết bện-Chi tiết: Sản xuất sản phẩm khác từ gỗ;3100: Sản xuất giường, tủ, bàn, ghế",internet
316394142,CÔNG TY TNHH THƯƠNG MẠI VÀ PHÁT TRIỂN DỊCH VỤ PHƯỚC HẢI,CÔNG TY TNHH THƯƠNG MẠI VÀ PHÁ,Công ty trách nhiệm hữu hạn một thành viên,"192 Đường số 6, Phường Bình Hưng Hòa B, Quận Bình Tân, Thành phố Hồ Chí Minh, Việt Nam",Quận Bình Tân,"4632: Bán buôn thực phẩm-(không hoạt động tại trụ sở);4633: Bán buôn đồ uống-;4649: Bán buôn đồ dùng khác cho gia đình-Chi tiết: Bán buôn giường, tủ, bàn ghế và đồ dùng nội thất tương tự. ",internet
316412296,CÔNG TY TNHH MOMY HOMES,CÔNG TY TNHH MOMY HOMES,Công ty trách nhiệm hữu hạn hai thành viên trở lên,"Số 158 Đường số 19 , Phường Bình Trị Đông B, Quận Bình Tân, Thành phố Hồ Chí Minh, Việt Nam",Quận Bình Tân,"4773: Bán lẻ hàng hóa khác mới trong các cửa hàng chuyên doanh-(trừ bán lẻ hóa chất, khí dầu mỏ hóa lỏng LPG, dầu nhớt cặn, vàng miếng, súng, đạn loại dùng đi săn hoặc thể thao và tiền kim khí; Thực h",internet
316441561,DOANH NGHIỆP TƯ NHÂN THƯƠNG MẠI HỒ TẤN KHOA,DOANH NGHIỆP TƯ NHÂN THƯƠNG MẠ,Doanh nghiệp tư nhân,"19 Mã Lò, Phường Bình Trị Đông A, Quận Bình Tân, Thành phố Hồ Chí Minh, Việt Nam",Quận Bình Tân,"4649: Bán buôn đồ dùng khác cho gia đình-Chi tiết: Bán buôn dụng cụ y tế,vật tư y tế, nước hoa, hàng mỹ phẩm, chế phẩm vệ sinh, hàng gốm sứ, thủy tinh, đồ điện gia dụng, đèn và bộ đèn điện, giường, tủ",internet
316465629,CÔNG TY TNHH MEDIPHAR GREEN,CÔNG TY TNHH MEDIPHAR GREEN,Công ty trách nhiệm hữu hạn một thành viên,"15 Đường số 8, Phường Bình Hưng Hòa B, Quận Bình Tân, Thành phố Hồ Chí Minh, Việt Nam",Quận Bình Tân,"1073: Sản xuất ca cao, sôcôla và bánh kẹo-;1077: Sản xuất cà phê-;1079: Sản xuất thực phẩm khác chưa được phân vào đâu-;2023: Sản xuất mỹ phẩm, xà phòng, chất tẩy rửa, làm bóng và chế phẩm vệ sinh-(kh",internet
316473683,CÔNG TY TNHH GAS & BẾP GAS TƯỜNG THÀNH,CÔNG TY TNHH GAS  BẾP GAS TƯỜN,Công ty trách nhiệm hữu hạn hai thành viên trở lên,"106/82 Đỗ Năng Tế, Phường An Lạc A, Quận Bình Tân, Thành phố Hồ Chí Minh, Việt Nam",Quận Bình Tân,"4773: Bán lẻ hàng hóa khác mới trong các cửa hàng chuyên doanh-Chi tiết: Bán lẻ hàng lưu niệm, hàng đan lát, hàng thủ công mỹ nghệ;4759: Bán lẻ đồ điện gia dụng, giường, tủ, bàn, ghế và đồ nội thất tư",internet
316502239,CÔNG TY TNHH THƯƠNG MẠI DỊCH VỤ XUẤT NHẬP KHẨU ĐẠI GIA PHÚC,CÔNG TY TNHH THƯƠNG MẠI DỊCH V,Công ty trách nhiệm hữu hạn một thành viên,"14A đường số 6, Phường An Lạc A, Quận Bình Tân, Thành phố Hồ Chí Minh, Việt Nam",Quận Bình Tân,"4774: Bán lẻ hàng hóa đã qua sử dụng trong các cửa hàng chuyên doanh-(trừ bán lẻ hóa chất, đồ cổ, khí dầu mỏ hóa lỏng LPG, dầu nhớt cặn, vàng miếng, súng, đạn loại dùng đi săn hoặc thể thao và tiền ki",internet
316505952,CÔNG TY TNHH DV TM XĂNG DẦU THANH BÌNH,CÔNG TY TNHH DV TM XĂNG DẦU TH,Công ty trách nhiệm hữu hạn một thành viên,"908 Tân Kỳ Tân Quý, Khu phố 5, Phường Bình Hưng Hòa, Quận Bình Tân, Thành phố Hồ Chí Minh, Việt Nam",Quận Bình Tân,"7020: Hoạt động tư vấn quản lý-(trừ tư vấn tài chính, kế toán, pháp luật);4663: Bán buôn vật liệu, thiết bị lắp đặt khác trong xây dựng-(không hoạt động tại trụ sở);4741: Bán lẻ máy vi tính, t",internet
316517186,CÔNG TY TNHH THƯƠNG MẠI DỊCH VỤ CƠ ĐIỆN LẠNH TÂN  VINH HUY,CÔNG TY TNHH THƯƠNG MẠI DỊCH V,Công ty trách nhiệm hữu hạn một thành viên,"143/7 Liên Khu 5-6, Khu phố 6, Phường Bình Hưng Hòa B, Quận Bình Tân, Thành phố Hồ Chí Minh, Việt Nam",Quận Bình Tân,"6820: Tư vấn, môi giới, đấu giá bất động sản, đấu giá quyền sử dụng đất-Chi tiết:Tư vấn, môi giới (trừ đấu giá tài sản);9522: Sửa chữa thiết bị, đồ dùng gia đình-;3312: Sửa chữa máy móc, thiết bị-Chi ",internet
316540812,CÔNG TY TNHH NỘI THẤT SORA,CÔNG TY TNHH NỘI THẤT SORA,Công ty trách nhiệm hữu hạn hai thành viên trở lên,"754/23/31 Tân Kỳ Tân Quý, Phường Bình Hưng Hòa, Quận Bình Tân, Thành phố Hồ Chí Minh, Việt Nam",Quận Bình Tân,"4791: Bán lẻ theo yêu cầu đặt hàng qua bưu điện hoặc internet-(trừ bán lẻ bình gas, khí dầu mỏ hóa lỏng LPG, dầu nhớt cặn, vàng miếng, súng, đạn loại dùng đi săn hoặc thể thao và tiền kim khí; trừ bán",internet
316555230,CÔNG TY TNHH NÔNG SẢN NX VIỆT NAM,CÔNG TY TNHH NÔNG SẢN NX VIỆT ,Công ty trách nhiệm hữu hạn hai thành viên trở lên,"Số 23 Đường 17A, Phường Bình Trị Đông B, Quận Bình Tân, Thành phố Hồ Chí Minh, Việt Nam",Quận Bình Tân,"1010: Chế biến, bảo quản thịt và các sản phẩm từ thịt-(Không kinh doanh giết mổ gia súc, gia cầm tại trụ sở);1020: Chế biến, bảo quản thuỷ sản và các sản phẩm từ thuỷ sản-;1030: Chế biến và bảo quản r",internet
316568504,CÔNG TY TNHH THƯƠNG MẠI QUỐC TẾ NGỌC PHÚ,CÔNG TY TNHH THƯƠNG MẠI QUỐC T,Công ty trách nhiệm hữu hạn một thành viên,"532/28/5/3 Kinh Dương Vương, Phường Bình Trị Đông B, Quận Bình Tân, Thành phố Hồ Chí Minh, Việt Nam",Quận Bình Tân,"9610: Dịch vụ tắm hơi, massage và các dịch vụ tăng cường sức khoẻ tương tự (trừ hoạt động thể thao)-(Doanh nghiệp chỉ được kinh doanh kể từ khi có đủ điều kiện theo quy định của pháp luật và phải bảo ",internet
316565302,CÔNG TY TNHH THƯƠNG MẠI DỊCH VỤ THẾ HUY,CÔNG TY TNHH THƯƠNG MẠI DỊCH V,Công ty trách nhiệm hữu hạn một thành viên,"38/61/1 đường số 2, khu phố 5, Phường Bình Hưng Hòa B, Quận Bình Tân, Thành phố Hồ Chí Minh, Việt Nam",Quận Bình Tân,"4663: Bán buôn vật liệu, thiết bị lắp đặt khác trong xây dựng-chi tiết: bán buôn gạch xây, ngói, đá, cát, sỏi; bán buôn gỗ cây, tre, nứa; bán buôn nước sơn (không hoạt động tại trụ sở);4669: Bán buôn ",internet
316575727,CÔNG TY TNHH TM XNK ÁNH SÁNG XANH,CÔNG TY TNHH TM XNK ÁNH SÁNG X,Công ty trách nhiệm hữu hạn một thành viên,"Số 2 Đường 16A, Phường Bình Hưng Hòa A, Quận Bình Tân, Thành phố Hồ Chí Minh, Việt Nam",Quận Bình Tân,"4763: Bán lẻ thiết bị, dụng cụ thể dục, thể thao trong các cửa hàng chuyên doanh-;4741: Bán lẻ máy vi tính, thiết bị ngoại vi, phần mềm và thiết bị viễn thông trong các cửa hàng chuyên doanh-;5229: Ho",internet
316614422,CÔNG TY TNHH ALL4RENT,CÔNG TY TNHH ALL4RENT,Công ty trách nhiệm hữu hạn một thành viên,"59/1/3 Đường Liên khu 10-11, Phường Bình Trị Đông, Quận Bình Tân, Thành phố Hồ Chí Minh, Việt Nam",Quận Bình Tân,"1811: In ấn-(trừ in tráng bao bì kim loại, in trên các sản phẩm vải sợi, dệt, may, đan tại trụ sở);4791: Bán lẻ theo yêu cầu đặt hàng qua bưu điện hoặc internet-(trừ bán lẻ hóa chất, khí dầu mỏ hóa lỏ",internet
316619741,CÔNG TY TNHH XÂY DỰNG TỔNG HỢP AN KINH,CÔNG TY TNHH XÂY DỰNG TỔNG HỢP,Công ty trách nhiệm hữu hạn một thành viên,"726/10/8 Đường Lê Trọng Tấn, Phường Bình Hưng Hòa, Quận Bình Tân, Thành phố Hồ Chí Minh, Việt Nam",Quận Bình Tân,4101: Xây dựng nhà để ở-;4102: Xây dựng nhà không để ở-;4212: Xây dựng công trình đường bộ-;4299: Xây dựng công trình kỹ thuật dân dụng khác-;4311: Phá dỡ-;4312: Chuẩn bị mặt bằng-Chi tiết: San lắp mặ,internet
316640609,CÔNG TY TNHH THƯƠNG MẠI DỊCH VỤ VÀ XUẤT NHẬP KHẨU FIVE SENSES,CÔNG TY TNHH THƯƠNG MẠI DỊCH V,Công ty trách nhiệm hữu hạn một thành viên,"214 Đường Số 11, Phường Bình Hưng Hòa, Quận Bình Tân, Thành phố Hồ Chí Minh, Việt Nam",Quận Bình Tân,"4690: Bán buôn tổng hợp-(trừ bán buôn bình gas, khí dầu mỏ hóa lỏng LPG, dầu nhớt cặn, vàng miếng, súng, đạn loại dùng đi săn hoặc thể thao và tiền kim khí; trừ bán buôn hóa c",internet
316865962,CÔNG TY TNHH NHÀ SHY - HOME DECOR,CÔNG TY TNHH NHÀ SHY  HOME DEC,Công ty trách nhiệm hữu hạn một thành viên,"8-10 Đường số 13, Phường Bình Hưng Hòa, Quận Bình Tân, Thành phố Hồ Chí Minh, Việt Nam",Quận Bình Tân,"4633: Bán buôn đồ uống-; 4690: Bán buôn tổng hợp-(trừ bán buôn hóa chất, khí dầu mỏ hóa lỏng LPG, dầu nhớt cặn, vàng miếng, súng, đạn loại dùng đi săn hoặc thể thao và tiền kim khí; Thực hiện theo Quy",internet
316664039,CÔNG TY TNHH MINH KHÁNH THE COFFEE HOUSE,CÔNG TY TNHH MINH KHÁNH THE CO,Công ty trách nhiệm hữu hạn một thành viên,"673/8E Tỉnh Lộ 10, Phường Bình Trị Đông B, Quận Bình Tân, Thành phố Hồ Chí Minh, Việt Nam",Quận Bình Tân,"5610: Nhà hàng và các dịch vụ ăn uống phục vụ lưu động-;1071: Sản xuất các loại bánh từ bột-;1079: Sản xuất thực phẩm khác chưa được phân vào đâu-;5630: Dịch vụ phục vụ đồ uống-Chi tiết: Quán cà phê, ",internet
316661479,CÔNG TY TNHH MÁY NÔNG NGHIỆP CAO ĐẠT,CÔNG TY TNHH MÁY NÔNG NGHIỆP C,Công ty trách nhiệm hữu hạn một thành viên,"1870/7a/38/1/2 đường tỉnh lộ 10, Phường Tân Tạo, Quận Bình Tân, Thành phố Hồ Chí Minh, Việt Nam",Quận Bình Tân,"4653: Bán buôn máy móc, thiết bị và phụ tùng máy nông nghiệp-Chi tiết: Bán buôn máy móc, thiết bị ngành nông nghiệp;4669: Bán buôn chuyên doanh khác chưa được phân vào đâu-Chi tiết: Bán buôn sản phẩm ",internet
316673315,CÔNG TY TNHH THƯƠNG MẠI ĐIỆN LẠNH NGUYỄN LÊ,CÔNG TY TNHH THƯƠNG MẠI ĐIỆN L,Công ty trách nhiệm hữu hạn một thành viên,"137/29 Đường số 11, Phường Bình Hưng Hòa, Quận Bình Tân, Thành phố Hồ Chí Minh, Việt Nam",Quận Bình Tân,"4649: Bán buôn đồ dùng khác cho gia đình-Chi tiết: Bán buôn hàng kim khí điện máy; Bán buôn máy lạnh, máy giặt, tủ lạnh; Bán buôn thiết bị điện, điện lạnh; Bán buôn đồ dùng khác cho gia đình (trừ kinh",internet
316673932,CÔNG TY TNHH SẢN XUẤT THƯƠNG MẠI DỊCH VỤ EXACT,CÔNG TY TNHH SẢN XUẤT THƯƠNG M,Công ty trách nhiệm hữu hạn hai thành viên trở lên,"145/42/6/5 Lê Văn Quới, Khu phố 2, Phường Bình Trị Đông, Quận Bình Tân, Thành phố Hồ Chí Minh, Việt Nam",Quận Bình Tân,"4620: Bán buôn nông, lâm sản nguyên liệu (trừ gỗ, tre, nứa) và động vật sống-(không hoạt động tại trụ sở).;8560: Dịch vụ hỗ trợ giáo dục-Chi tiết: Dịch vụ tư vấn du học;7911: Đại lý du lịch-;7912: Điề",internet
316660235,CÔNG TY TNHH ĐẦU TƯ PHÁT TRIỂN ICS,CÔNG TY TNHH ĐẦU TƯ PHÁT TRIỂN,Công ty trách nhiệm hữu hạn hai thành viên trở lên,"Số 56 Đường số 5, Phường Bình Trị Đông B, Quận Bình Tân, Thành phố Hồ Chí Minh, Việt Nam",Quận Bình Tân,"4722: Bán lẻ thực phẩm trong các cửa hàng chuyên doanh-(Doanh nghiệp phải thực hiện theo quyết định 64/2009/QĐ-UB ngày 31/07/2009, quyết định 79/2009/QĐ-UBND ngày 17/10/2009 của UBND Thành phố về phê ",internet
316678352,CÔNG TY TNHH XUẤT NHẬP KHẨU VÀ SẢN XUẤT TUẤN PHÁT,CÔNG TY TNHH XUẤT NHẬP KHẨU VÀ,Công ty trách nhiệm hữu hạn một thành viên,"Số 99/12A Đường Phan Anh, Khu phố 12, Phường Bình Trị Đông, Quận Bình Tân, Thành phố Hồ Chí Minh, Việt Nam",Quận Bình Tân,0311: Khai thác thuỷ sản biển-( không hoạt động tại trụ sở );0312: Khai thác thuỷ sản nội địa-( không hoạt động tại trụ sở );0321: Nuôi trồng thuỷ sản biển-( không hoạt động tại trụ sở );1020: Chế biế,internet
316674781,CÔNG TY TNHH MTV BETTER E-OIL VIỆT NAM,CÔNG TY TNHH MTV BETTER EOIL V,Công ty trách nhiệm hữu hạn một thành viên,"Số 16 Đường 3A, Khu dân cư Vĩnh Lộc, Phường Bình Hưng Hòa B, Quận Bình Tân, Thành phố Hồ Chí Minh, Việt Nam",Quận Bình Tân,2029: Sản xuất sản phẩm hoá chất khác chưa được phân vào đâu-Chi tiết: Sản xuất tinh dầu các loại; Sản xuất nước hương liệu; Sản xuất sản phẩm hỗn hợp có mùi thơm dùng cho sản xuất nước hoa (trừ sản x,internet
316682905,CÔNG TY TNHH B&T GLOBAL,CÔNG TY TNHH BT GLOBAL,Công ty trách nhiệm hữu hạn một thành viên,"Số 18, đường số 21, Phường Bình Trị Đông B, Quận Bình Tân, Thành phố Hồ Chí Minh, Việt Nam",Quận Bình Tân,"7020: Hoạt động tư vấn quản lý-(trừ tư vấn tài chính, kế toán, pháp luật);8219: Photo, chuẩn bị tài liệu và các hoạt động hỗ trợ văn phòng đặc biệt khác-;6209: Hoạt động dịch vụ công nghệ thông tin và",internet
316684469,CÔNG TY TNHH THƯƠNG MẠI DỊCH VỤ ĐẤT VIỆT 68,CÔNG TY TNHH THƯƠNG MẠI DỊCH V,Công ty trách nhiệm hữu hạn một thành viên,"100 Đường 19, Phường Bình Trị Đông B, Quận Bình Tân, Thành phố Hồ Chí Minh, Việt Nam",Quận Bình Tân,4101: Xây dựng nhà để ở-;4102: Xây dựng nhà không để ở-;4212: Xây dựng công trình đường bộ-;4299: Xây dựng công trình kỹ thuật dân dụng khác-;4311: Phá dỡ-;4312: Chuẩn bị mặt bằng-;4321: Lắp đặt hệ th,internet
316684652,CÔNG TY TNHH ĐẦU TƯ HUỲNH GIA GROUP,CÔNG TY TNHH ĐẦU TƯ HUỲNH GIA ,Công ty trách nhiệm hữu hạn hai thành viên trở lên,"Số 11 Đường số 4, Khu Dân Cư Lê Thành, Phường An Lạc, Quận Bình Tân, Thành phố Hồ Chí Minh, Việt Nam",Quận Bình Tân,"6810: Kinh doanh bất động sản, quyền sử dụng đất thuộc chủ sở hữu, chủ sử dụng hoặc đi thuê-;1391: Sản xuất vải dệt kim, vải đan móc và vải không dệt khác-(trừ tẩy nhuộm, hồ, in và gia công hàng đã qu",internet
316681997,CÔNG TY TNHH THƯƠNG MẠI DỊCH VỤ THÀNH NHỰT MINH,CÔNG TY TNHH THƯƠNG MẠI DỊCH V,Công ty trách nhiệm hữu hạn hai thành viên trở lên,"687/59/19 Kinh Dương Vương, Phường An Lạc, Quận Bình Tân, Thành phố Hồ Chí Minh, Việt Nam",Quận Bình Tân,"4649: Bán buôn đồ dùng khác cho gia đình-(trừ dược phẩm);4719: Bán lẻ khác trong các cửa hàng kinh doanh tổng hợp-(trừ bán lẻ hóa chất tại trụ sở, trừ bán lẻ bình gas, kinh doanh khí dầu mỏ hóa lỏng l",internet
316685688,CÔNG TY TNHH TM XD TÂN HIỆP,CÔNG TY TNHH TM XD TÂN HIỆP,Công ty trách nhiệm hữu hạn một thành viên,"580 Quốc lộ 1A, Khu phố 5, Phường Bình Hưng Hòa, Quận Bình Tân, Thành phố Hồ Chí Minh, Việt Nam",Quận Bình Tân,6190: Hoạt động viễn thông khác-chi tiết: Hoạt động của các điểm truy cập internet;5225: Hoạt động dịch vụ hỗ trợ trực tiếp cho vận tải đường bộ-(trừ hóa lỏng khí để vận chuyển và trừ kinh doanh kết c,internet
316689587,CÔNG TY TNHH GLOWING STUDIO,CÔNG TY TNHH GLOWING STUDIO,Công ty trách nhiệm hữu hạn hai thành viên trở lên,"131/123/16, Đường 26/3, Phường Bình Hưng Hòa, Quận Bình Tân, Thành phố Hồ Chí Minh, Việt Nam",Quận Bình Tân,"5912: Hoạt động hậu kỳ-Chi tiết: Hoạt động như biên tập, truyền phim /băng, đầu đề, phụ đề, giới thiệu phim (giới thiệu danh sách các diễn viên, đạo diễn, người quay phim...), thuyết minh, đồ họa máy ",internet
316688833,CÔNG TY TNHH XUẤT NHẬP KHẨU THÁI GIA LẠC,CÔNG TY TNHH XUẤT NHẬP KHẨU TH,Công ty trách nhiệm hữu hạn hai thành viên trở lên,"13/6 Đường Số 1, Phường An Lạc A, Quận Bình Tân, Thành phố Hồ Chí Minh, Việt Nam",Quận Bình Tân,"4719: Bán lẻ  khác trong các cửa hàng kinh doanh tổng hợp-(trừ bán lẻ hóa chất, khí dầu mỏ hóa lỏng LPG, dầu nhớt cặn, vàng miếng, súng, đạn loại dùng đi săn hoặc thể thao và tiền kim khí; Thực hiện t",internet
316688745,CÔNG TY TNHH ĐOÀN ĐOÀN CÔNG,CÔNG TY TNHH ĐOÀN ĐOÀN CÔNG,Công ty trách nhiệm hữu hạn một thành viên,"Số 686/2/9 quốc lộ 1A, Khu phố 9, Phường Bình Hưng Hòa B, Quận Bình Tân, Thành phố Hồ Chí Minh, Việt Nam",Quận Bình Tân,0124: Trồng cây hồ tiêu-(Không hoạt động tại trụ sở);0125: Trồng cây cao su-(Không hoạt động tại trụ sở);0126: Trồng cây cà phê-(Không hoạt động tại trụ sở);0127: Trồng cây chè-(Không hoạt động tại tr,internet
316690180,CÔNG TY TNHH SUN AGRO,CÔNG TY TNHH SUN AGRO,Công ty trách nhiệm hữu hạn hai thành viên trở lên,"147/31/3 An Dương Vương, Phường An Lạc, Quận Bình Tân, Thành phố Hồ Chí Minh, Việt Nam",Quận Bình Tân,"5229: Hoạt động dịch vụ hỗ trợ khác liên quan đến vận tải-(trừ kinh doanh bến bãi ô tô, hóa lỏng khí để vận chuyển và hoạt động liên quan đến vận tải hàng không);2420: Sản xuất kim loại quý và kim loạ",internet
316693664,CÔNG TY TNHH QUỐC MỘNG THƯƠNG GIA,CÔNG TY TNHH QUỐC MỘNG THƯƠNG ,Công ty trách nhiệm hữu hạn hai thành viên trở lên,"468 Trần Văn Giàu, Phường Tân Tạo, Quận Bình Tân, Thành phố Hồ Chí Minh, Việt Nam",Quận Bình Tân,"4211: Xây dựng công trình đường sắt-;4212: Xây dựng công trình đường bộ-;4101: Xây dựng nhà để ở-;4102: Xây dựng nhà không để ở-;4221: Xây dựng công trình điện-(doanh nghiệp không cung cấp hàng hóa, d",internet
316695044,CÔNG TY TNHH THƯƠNG MẠI KHẢI CÁCH,CÔNG TY TNHH THƯƠNG MẠI KHẢI C,Công ty trách nhiệm hữu hạn một thành viên,"Số 10 đường số 4, Phường An Lạc, Quận Bình Tân, Thành phố Hồ Chí Minh, Việt Nam",Quận Bình Tân,"4649: Bán buôn đồ dùng khác cho gia đình-Chi tiết: Bán buôn, xuất nhập khẩu đồ điện gia dụng, đèn và bộ đèn điện. Bán buôn hàng kim khí điện máy, điện tử - điện lạnh - điện gia dụng. Bán buôn đồ ngũ k",internet
316695069,CÔNG TY TNHH TM DV XNK LONG PHƯỢNG,CÔNG TY TNHH TM DV XNK LONG PH,Công ty trách nhiệm hữu hạn hai thành viên trở lên,"654 Hồ Học Lãm, Khu phố 14, Phường Bình Trị Đông B, Quận Bình Tân, Thành phố Hồ Chí Minh, Việt Nam",Quận Bình Tân,"4632: Bán buôn thực phẩm-(không hoạt động tại trụ sở);4649: Bán buôn đồ dùng khác cho gia đình-Chi tiết: - Bán buôn nước hoa, hàng mỹ phẩm và chế phẩm vệ sinh. - Bán buôn dược phẩm và dụng cụ y tế.;73",internet
316696601,CÔNG TY TNHH XUẤT NHẬP KHẨU ĐÀI TÂN,CÔNG TY TNHH XUẤT NHẬP KHẨU ĐÀ,Công ty trách nhiệm hữu hạn một thành viên,"100 đường số 32, Phường Bình Trị Đông B, Quận Bình Tân, Thành phố Hồ Chí Minh, Việt Nam",Quận Bình Tân,"4711: Bán lẻ lương thực, thực phẩm, đồ uống, thuốc lá, thuốc lào chiếm tỷ trọng lớn trong các cửa hàng kinh doanh tổng hợp-Chi tiết: Bán lẻ lương thực, thực phẩm, đồ uống chiếm tỷ trọng lớn trong các ",internet
316703009,CÔNG TY TNHH  THƯƠNG MẠI DỊCH VỤ MIKO,CÔNG TY TNHH  THƯƠNG MẠI DỊCH ,Công ty trách nhiệm hữu hạn một thành viên,"83 Đường Liên Khu 8-9, Phường Bình Hưng Hòa A, Quận Bình Tân, Thành phố Hồ Chí Minh, Việt Nam",Quận Bình Tân,"4101: Xây dựng nhà để ở-;4102: Xây dựng nhà không để ở-;4212: Xây dựng công trình đường bộ-;4222: Xây dựng công trình cấp, thoát nước-;4229: Xây dựng công trình công ích khác-;4299: Xây dựng công trìn",internet
316706666,CÔNG TY TNHH NANDO MART,CÔNG TY TNHH NANDO MART,Công ty trách nhiệm hữu hạn một thành viên,"687/18/4 Kinh Dương Vương, Phường An Lạc, Quận Bình Tân, Thành phố Hồ Chí Minh, Việt Nam",Quận Bình Tân,"4669: Bán buôn chuyên doanh khác chưa được phân vào đâu-- (trừ bán buôn bình gas, khí dầu mỏ hóa lỏng lpg, dầu nhớt cặn, vàng miếng, súng, đạn loại dùng đi săn hoặc thể thao và tiền kim khí; trừ bán b",internet
316705302,CÔNG TY TNHH LAPTOP LEAF,CÔNG TY TNHH LAPTOP LEAF,Công ty trách nhiệm hữu hạn một thành viên,"91 Hồ Văn Long, Phường Bình Hưng Hòa B, Quận Bình Tân, Thành phố Hồ Chí Minh, Việt Nam",Quận Bình Tân,"4651: Bán buôn máy vi tính, thiết bị ngoại vi và phần mềm-;4652: Bán buôn thiết bị và linh kiện điện tử, viễn thông-;4659: Bán buôn máy móc, thiết bị và phụ tùng máy khác-;4741: Bán lẻ máy vi tính, th",lap top
316712740,CÔNG TY TNHH THƯƠNG MẠI - DỊCH VỤ HK EXPRESS,CÔNG TY TNHH THƯƠNG MẠI  DỊCH ,Công ty trách nhiệm hữu hạn một thành viên,"476 Mã Lò, Phường Bình Hưng Hòa A, Quận Bình Tân, Thành phố Hồ Chí Minh, Việt Nam",Quận Bình Tân,"5229: Hoạt động dịch vụ hỗ trợ khác liên quan đến vận tải-Chi tiết:  Gửi hàng; Giao nhận hàng hóa ; Sắp xếp hoặc tổ chức các hoạt động vận tải đường sắt, đường bộ, đường biển ; Bao gói hàng hóa nhằm m",internet
316717033,CÔNG TY TNHH VH SMART,CÔNG TY TNHH VH SMART,Công ty trách nhiệm hữu hạn hai thành viên trở lên,"Số 10 Đường 8D, Khu phố 9, Phường Bình Trị Đông B, Quận Bình Tân, Thành phố Hồ Chí Minh, Việt Nam",Quận Bình Tân,"8219: Photo, chuẩn bị tài liệu và các hoạt động hỗ trợ văn phòng đặc biệt khác-;3100: Sản xuất giường, tủ, bàn, ghế-;3512: Truyền tải và phân phối điện-Chi tiết: Bán điện cho người sử dùng (trừ truyền",internet
316722379,CÔNG TY TNHH SX - TM - XNK ÂU VIỆT,CÔNG TY TNHH SX  TM  XNK ÂU VI,Công ty trách nhiệm hữu hạn một thành viên,"15 đường 5A, Phường Bình Hưng Hòa B, Quận Bình Tân, Thành phố Hồ Chí Minh, Việt Nam",Quận Bình Tân,"4322: Lắp đặt hệ thống cấp, thoát nước, hệ thống sưởi và điều hoà không khí-(trừ lắp đặt các thiết bị lạnh (thiết bị cấp đông, kho lạnh, máy đá, điều hòa không khí, làm lạnh nước) sử dụng ga lạnh R22 ",internet
316725108,CÔNG TY TNHH THƯƠNG MẠI DỊCH VỤ T&C HOUSE,CÔNG TY TNHH THƯƠNG MẠI DỊCH V,Công ty trách nhiệm hữu hạn một thành viên,"205/1/10 Đường Liên Khu 4-5, Phường Bình Hưng Hòa B, Quận Bình Tân, Thành phố Hồ Chí Minh, Việt Nam",Quận Bình Tân,4722: Bán lẻ thực phẩm trong các cửa hàng chuyên doanh-(thực hiện theo quyết định 64/2009/QĐ-UBND ngày 31/07/2009 và quyết định  số 79/2009/QĐ-UBND ngày 17/10/2009 của Ủy ban nhân dân TP. Hồ Chí Minh ,internet
316726912,CÔNG TY TNHH THƯƠNG MẠI DỊCH VỤ VẬN TẢI XÂY DỰNG ÂN NAM,CÔNG TY TNHH THƯƠNG MẠI DỊCH V,Công ty trách nhiệm hữu hạn một thành viên,"67/43/54 Nguyễn Thị Tú, Phường Bình Hưng Hòa B, Quận Bình Tân, Thành phố Hồ Chí Minh, Việt Nam",Quận Bình Tân,"4312: Chuẩn bị mặt bằng-;4311: Phá dỡ-;4663: Bán buôn vật liệu, thiết bị lắp đặt khác trong xây dựng-chi tiết: Bán buôn vật liệu xây dựng; hàng trang trí nội - ngoại thất, cọc bê tông cốt thép, ống cố",internet
316728814,CÔNG TY TNHH THƯƠNG MẠI DỊCH VỤ DOUBLE D,CÔNG TY TNHH THƯƠNG MẠI DỊCH V,Công ty trách nhiệm hữu hạn hai thành viên trở lên,"4/8 Đường Số 18, Phường Bình Hưng Hòa A, Quận Bình Tân, Thành phố Hồ Chí Minh, Việt Nam",Quận Bình Tân,"4752: Bán lẻ đồ ngũ kim, sơn, kính và thiết bị lắp đặt khác trong xây dựng trong các cửa hàng chuyên doanh-Chi tiết: Bán lẻ kính xây dựng trong các cửa hàng chuyên doanh; Bán lẻ xi măng, gạch xây, ngó",internet
316727923,CÔNG TY TNHH DỊCH VỤ CÔNG NGHỆ AN NINH TIÊN HOÀNG,CÔNG TY TNHH DỊCH VỤ CÔNG NGHỆ,Công ty trách nhiệm hữu hạn hai thành viên trở lên,"133/20 Lê Đình Cẩn, Phường Tân Tạo, Quận Bình Tân, Thành phố Hồ Chí Minh, Việt Nam",Quận Bình Tân,6209: Hoạt động dịch vụ công nghệ thông tin và dịch vụ khác liên quan đến máy vi tính-;6399: Dịch vụ thông tin khác chưa được phân vào đâu-Chi tiết: Dịch vụ cung cấp thông tin lên mạng Internet (không,internet
316735240,CÔNG TY TNHH TIỀN TRANG,CÔNG TY TNHH TIỀN TRANG,Công ty trách nhiệm hữu hạn hai thành viên trở lên,"468 Trần Văn Giàu, Phường Tân Tạo, Quận Bình Tân, Thành phố Hồ Chí Minh, Việt Nam",Quận Bình Tân,0510: Khai thác và thu gom than cứng-; 8299: Hoạt động dịch vụ hỗ trợ kinh doanh khác còn lại chưa được phân vào đâu-Chi tiết: Cung cấp dịch vụ xử lý báo cáo văn bản và sao chép tốc ký; Dịch vụ tiếp t,internet
316731768,CÔNG TY CỔ PHẦN  PHÁT TRIỂN ỨNG DỤNG VIỆT,CÔNG TY CỔ PHẦN  PHÁT TRIỂN ỨN,Công ty cổ phần,"1870/7/7 Đường Tỉnh Lộ 10, Phường Tân Tạo, Quận Bình Tân, Thành phố Hồ Chí Minh, Việt Nam",Quận Bình Tân,"4322: Lắp đặt hệ thống cấp, thoát nước, hệ thống sưởi và điều hoà không khí-(trừ lắp đặt các thiết bị lạnh (thiết bị cấp đông, kho lạnh, máy đá, điều hòa không khí, làm lạnh nước) sử dụng ga lạnh R22 ",internet
316736999,CÔNG TY TNHH TM DV THỊNH PHÁT MART GROUP,CÔNG TY TNHH TM DV THỊNH PHÁT ,Công ty trách nhiệm hữu hạn hai thành viên trở lên,"64 Trương Phước Phan, Phường Bình Trị Đông, Quận Bình Tân, Thành phố Hồ Chí Minh, Việt Nam",Quận Bình Tân,"1010: Chế biến, bảo quản thịt và các sản phẩm từ thịt-(không giết mổ gia súc, gia cầm tại trụ sở);1020: Chế biến, bảo quản thuỷ sản và các sản phẩm từ thuỷ sản-;1030: Chế biến và bảo quản rau quả-;104",internet
316736318,CÔNG TY TNHH THƯƠNG MẠI DỊCH VỤ Ô TÔ TÂN NAM PHÁT,CÔNG TY TNHH THƯƠNG MẠI DỊCH V,Công ty trách nhiệm hữu hạn một thành viên,"Số 11 Đường 55, Khu phố 8, Phường Tân Tạo, Quận Bình Tân, Thành phố Hồ Chí Minh, Việt Nam",Quận Bình Tân,"3312: Sửa chữa máy móc, thiết bị-;3320: Lắp đặt máy móc và thiết bị công nghiệp-;4322: Lắp đặt hệ thống cấp, thoát nước, hệ thống sưởi và điều hoà không khí-(trừ gia công cơ khí, tái chế phế thải, xi ",internet
316737872,CÔNG TY TNHH THƯƠNG MẠI DỊCH VỤ XÂY DỰNG SƠN TÂN KIM PHÁT,CÔNG TY TNHH THƯƠNG MẠI DỊCH V,Công ty trách nhiệm hữu hạn một thành viên,"117 Nguyễn Thị Tú, Phường Bình Hưng Hòa B, Quận Bình Tân, Thành phố Hồ Chí Minh, Việt Nam",Quận Bình Tân,"4659: Bán buôn máy móc, thiết bị và phụ tùng máy khác-Chi tiết: Bán buôn máy móc, thiết bị điện, dụng cụ hệ thống điện (máy biến thế, mô tơ điện, ốn áp, máy phát, dây điện, vật lưu dẫn, bóng đèn, bảng",internet
316738812,CÔNG TY CỔ PHẦN KED HUB,CÔNG TY CỔ PHẦN KED HUB,Công ty cổ phần,"58 Đường số 16A, Phường Bình Hưng Hòa A, Quận Bình Tân, Thành phố Hồ Chí Minh, Việt Nam",Quận Bình Tân,"8230: Tổ chức giới thiệu và xúc tiến thương mại-(Không thực hiện các hiệu ứng cháy, nổ, không sử dụng chất nổ, chất cháy, hoá chất làm đạo cục, dụng cụ, thực hiện các chương trình văn nghệ, sự kiện, p",internet
316740699,CÔNG TY TNHH THIẾT KẾ VÀ XÂY DỰNG GREEN HOME,CÔNG TY TNHH THIẾT KẾ VÀ XÂY D,Công ty trách nhiệm hữu hạn một thành viên,"634/42B Tỉnh Lộ 10, Phường Bình Trị Đông, Quận Bình Tân, Thành phố Hồ Chí Minh, Việt Nam",Quận Bình Tân,"4101: Xây dựng nhà để ở-;3100: Sản xuất giường, tủ, bàn, ghế-Chi tiết: Sản xuất giường, tủ, bàn, ghế bằng gỗ;3290: Sản xuất khác chưa được phân vào đâu-Chi tiết: Sản xuất hàng trang trí nội ngoại thất",internet
316740427,CÔNG TY CỔ PHẦN GRATEFUL,CÔNG TY CỔ PHẦN GRATEFUL,Công ty cổ phần,"Số nhà 74/14 đường Phùng Tá Chu, Phường An Lạc A, Quận Bình Tân, Thành phố Hồ Chí Minh, Việt Nam",Quận Bình Tân,"4669: Bán buôn chuyên doanh khác chưa được phân vào đâu-(trừ khí dầu mỏ hóa lỏng LPG, dầu nhớt cặn, vàng miếng, súng, đạn loại dùng đi săn hoặc thể thao và tiền kim khí; trừ bán buôn hóa chất tại trụ ",internet
316741290,CÔNG TY CỔ PHẦN LAMO COSMETICS,CÔNG TY CỔ PHẦN LAMO COSMETICS,Công ty cổ phần,"Số 304/30 Hương Lộ 80, Phường Bình Hưng Hòa B, Quận Bình Tân, Thành phố Hồ Chí Minh, Việt Nam",Quận Bình Tân,"4669: Bán buôn chuyên doanh khác chưa được phân vào đâu-chi tiết: Bán buôn mỹ phẩm, dược phẩm (không tồn trữ hóa chất tại trụ sở);4690: Bán buôn tổng hợp-(không tồn trữ hóa chất; trừ bán buôn phế liệu",internet
316743876,CÔNG TY TNHH VIỄN THÔNG CÔNG NGHỆ DIGITECH247,CÔNG TY TNHH VIỄN THÔNG CÔNG N,Công ty trách nhiệm hữu hạn một thành viên,"44/6 Đường số 4, Phường Bình Hưng Hòa A, Quận Bình Tân, Thành phố Hồ Chí Minh, Việt Nam",Quận Bình Tân,"3313: Sửa chữa thiết bị điện tử và quang học-(trừ gia công cơ khí, tái chế phế thải, xi mạ điện tại trụ sở);3314: Sửa chữa thiết bị điện-(trừ gia công cơ khí, tái chế phế thải, xi mạ điện tại trụ sở);",internet
316748627,CÔNG TY TNHH KỸ THUẬT CÔNG NGHIỆP DITAKO,CÔNG TY TNHH KỸ THUẬT CÔNG NGH,Công ty trách nhiệm hữu hạn hai thành viên trở lên,"334/8C Liên Khu 4-5, Phường Bình Hưng Hòa B, Quận Bình Tân, Thành phố Hồ Chí Minh, Việt Nam",Quận Bình Tân,"4791: Bán lẻ theo yêu cầu đặt hàng qua bưu điện hoặc internet-(trừ bán lẻ bình gas, hóa chất, súng, đạn loại dùng đi săn hoặc thể thao, tiền kim khí và mua bán vàng miếng; thực hiện theo Quyết định 64",internet
316752359,CÔNG TY TNHH NỘI THẤT THIÊN PHÚ PHÁT,CÔNG TY TNHH NỘI THẤT THIÊN PH,Công ty trách nhiệm hữu hạn hai thành viên trở lên,"54A Đường số 4ND , Phường An Lạc, Quận Bình Tân, Thành phố Hồ Chí Minh, Việt Nam",Quận Bình Tân,"4933: Vận tải hàng hóa bằng đường bộ-(trừ hóa lỏng khí để vận chuyển);4649: Bán buôn đồ dùng khác cho gia đình-Chi tiết: Bán buôn giường, tủ, bàn ghế và đồ dùng nội thất tương tự; Bán buôn đồ điện gia",internet
316753095,CÔNG TY TNHH DƯỢC PHẨM USA PHARMA,CÔNG TY TNHH DƯỢC PHẨM USA PHA,Công ty trách nhiệm hữu hạn một thành viên,"177/60 Liên khu 4-5, Phường Bình Hưng Hòa B, Quận Bình Tân, Thành phố Hồ Chí Minh, Việt Nam",Quận Bình Tân,"7410: Hoạt động thiết kế chuyên dụng-(trừ thiết kế công trình xây dựng).;7490: Hoạt động chuyên môn, khoa học và công nghệ khác chưa được phân vào đâu-(trừ thanh toán hối phiếu, thông tin tỷ lệ lượng ",internet
316756459,CÔNG TY TNHH CAO GIA BẢO,CÔNG TY TNHH CAO GIA BẢO,Công ty trách nhiệm hữu hạn một thành viên,"137/30/10 Đường Phan Anh, Phường Bình Trị Đông, Quận Bình Tân, Thành phố Hồ Chí Minh, Việt Nam",Quận Bình Tân,"4651: Bán buôn máy vi tính, thiết bị ngoại vi và phần mềm-;4652: Bán buôn thiết bị và linh kiện điện tử, viễn thông-;4741: Bán lẻ máy vi tính, thiết bị ngoại vi, phần mềm và thiết bị viễn thông trong ",internet
316757406,CÔNG TY TNHH THƯƠNG MẠI DỊCH VỤ SẢN XUẤT JIALU,CÔNG TY TNHH THƯƠNG MẠI DỊCH V,Công ty trách nhiệm hữu hạn một thành viên,"Số 41, đường số 33A, Phường Bình Trị Đông B, Quận Bình Tân, Thành phố Hồ Chí Minh, Việt Nam",Quận Bình Tân,"1410: May trang phục (trừ trang phục từ da lông thú)-Chi tiết: Sản xuất, gia công hàng may mặc (trừ thuộc da, tẩy nhuộm, hồ, in; không gia công hàng đã qua sử dụng, tái chế phế thải tại trụ sở);4641: ",internet
316764428,CÔNG TY TNHH THIẾT KẾ VÀ THI CÔNG NỘI THẤT T&C,CÔNG TY TNHH THIẾT KẾ VÀ THI C,Công ty trách nhiệm hữu hạn hai thành viên trở lên,"224/39/14 Đường số 8, Phường Bình Hưng Hòa, Quận Bình Tân, Thành phố Hồ Chí Minh, Việt Nam",Quận Bình Tân,"4321: Lắp đặt hệ thống điện-Chi tiết: Lắp đặt hệ thống điện, hệ thống phòng cháy chữa cháy, hệ thống chống trộm, hệ thống camera quan sát, hệ thống chống sét, hệ thống giám sát lối vào; Mạng máy tính,",internet
316762540,CÔNG TY TNHH THIẾT KẾ - XÂY DỰNG VÀ TRANG TRÍ NỘI THẤT NÉT MỘC VIỆT,CÔNG TY TNHH THIẾT KẾ  XÂY DỰN,Công ty trách nhiệm hữu hạn hai thành viên trở lên,"Số 209 Đường số 1, Khu Dân Cư Vĩnh Lộc, Phường Bình Hưng Hòa B, Quận Bình Tân, Thành phố Hồ Chí Minh, Việt Nam",Quận Bình Tân,"7410: Hoạt động thiết kế chuyên dụng-Chi tiết: Hoạt động trang trí nội thất, ngoại thất;7730: Cho thuê máy móc, thiết bị và đồ dùng hữu hình khác không kèm người điều khiển-Chi tiết: Cho thuê máy móc,",internet
316765291,CÔNG TY TNHH LIÊN HỢP VIỆT MỸ,CÔNG TY TNHH LIÊN HỢP VIỆT MỸ,Công ty trách nhiệm hữu hạn một thành viên,"238/42 Lê Văn Quới, Phường Bình Hưng Hòa A, Quận Bình Tân, Thành phố Hồ Chí Minh, Việt Nam",Quận Bình Tân,"4631: Bán buôn gạo, lúa mỳ, hạt ngũ cốc khác, bột mỳ-(không hoạt động tại trụ sở);4632: Bán buôn thực phẩm-(không hoạt động tại trụ sở);4633: Bán buôn đồ uống-;4641: Bán buôn vải, hàng may mặc, giày d",internet
316767588,CÔNG TY TNHH THE ATHENS PRINTING,CÔNG TY TNHH THE ATHENS PRINTI,Công ty trách nhiệm hữu hạn hai thành viên trở lên,"31M Hồ Học Lãm, Phường An Lạc, Quận Bình Tân, Thành phố Hồ Chí Minh, Việt Nam",Quận Bình Tân,"1811: In ấn-(trừ in, tráng bao bì kim loại; in trên các sản phẩm vải sợi, dệt, may, đan);1812: Dịch vụ liên quan đến in-;7410: Hoạt động thiết kế chuyên dụng-Chi tiết: Dàn dựng trang trí gian hàng, sơ",internet
316764883,CÔNG TY CỔ PHẦN XUẤT NHẬP KHẨU HOÀN CẦU ĐÔNG DƯƠNG,CÔNG TY CỔ PHẦN XUẤT NHẬP KHẨU,Công ty cổ phần,"Số 222 Trần Đại Nghĩa, Phường Tân Tạo A, Quận Bình Tân, Thành phố Hồ Chí Minh, Việt Nam",Quận Bình Tân,"4511: Bán buôn ô tô và xe có động cơ khác-;4512: Bán lẻ ô tô con (loại 9 chỗ ngồi trở xuống)-;4513: Đại lý ô tô và xe có động cơ khác-;4520: Bảo dưỡng, sửa chữa ô tô và xe có động cơ khác-;4530: Bán p",internet
316768359,CÔNG TY TNHH Y THẢO DƯỢC BÌNH DƯƠNG,CÔNG TY TNHH Y THẢO DƯỢC BÌNH ,Công ty trách nhiệm hữu hạn một thành viên,"413/41/3/9A Lê Văn Quới,  Khu Phố 5, Phường Bình Trị Đông A, Quận Bình Tân, Thành phố Hồ Chí Minh, Việt Nam",Quận Bình Tân,"1079: Sản xuất thực phẩm khác chưa được phân vào đâu-Chi tiết: 
- Sản xuất thực phẩm chức năng
- Sản xuất thực phẩm bổ sung vi chất dinh dưỡng
-Sơ chế, làm sạch, sấy khô tổ yến
- Sản xuất nước cô đặc ",internet
316777674,CÔNG TY TNHH THIẾT BỊ KHÁCH SẠN HOTEL MEGASTORE,CÔNG TY TNHH THIẾT BỊ KHÁCH SẠ,Công ty trách nhiệm hữu hạn hai thành viên trở lên,"Số 130 Đường số 32, Phường Bình Trị Đông B, Quận Bình Tân, Thành phố Hồ Chí Minh, Việt Nam",Quận Bình Tân,"4773: Bán lẻ hàng hóa khác mới trong các cửa hàng chuyên doanh-Chi tiết: Bán lẻ hàng lưu niệm, hàng đan lát, hàng thủ công mỹ nghệ. (trừ bán lẻ hóa chất, khí dầu mỏ hóa lỏng LPG, dầu nhớt cặn, vàng mi",internet
316781021,CÔNG TY TNHH THƯƠNG MẠI DỊCH VỤ BẢO MINH CHÂU,CÔNG TY TNHH THƯƠNG MẠI DỊCH V,Công ty trách nhiệm hữu hạn một thành viên,"262/8 Liên Khu 4-5, Phường Bình Hưng Hòa B, Quận Bình Tân, Thành phố Hồ Chí Minh, Việt Nam",Quận Bình Tân,"4791: Bán lẻ theo yêu cầu đặt hàng qua bưu điện hoặc internet-;4771: Bán lẻ hàng may mặc, giày dép, hàng da và giả da trong các cửa hàng chuyên doanh-;4782: Bán lẻ hàng dệt, may sẵn, giày dép lưu động",internet
316778692,CÔNG TY TNHH CHLOE GROUP,CÔNG TY TNHH CHLOE GROUP,Công ty trách nhiệm hữu hạn một thành viên,"117 Đường số 13, Phường Bình Trị Đông B, Quận Bình Tân, Thành phố Hồ Chí Minh, Việt Nam",Quận Bình Tân,9639: Hoạt động dịch vụ phục vụ cá nhân khác còn lại chưa được phân vào đâu-Chi tiết: Chăm sóc da (doanh nghiệp chỉ được kinh doanh kể từ khi có đủ điều kiện theo quy định của pháp luật và phải đảm bả,internet
316786326,CÔNG TY TNHH ĐẦU TƯ XÂY DỰNG TÀI CHÍNH THỊNH PHÁT,CÔNG TY TNHH ĐẦU TƯ XÂY DỰNG T,Công ty trách nhiệm hữu hạn một thành viên,"214/41 Đường số 8, Phường Bình Hưng Hòa, Quận Bình Tân, Thành phố Hồ Chí Minh, Việt Nam",Quận Bình Tân,4933: Vận tải hàng hóa bằng đường bộ-(trừ hóa lỏng khí để vận chuyển);5011: Vận tải hành khách ven biển và viễn dương-;5012: Vận tải hàng hóa ven biển và viễn dương-;5021: Vận tải hành khách đường thu,internet
316788154,CÔNG TY TNHH ELAJ VIỆT NAM,CÔNG TY TNHH ELAJ VIỆT NAM,Công ty trách nhiệm hữu hạn một thành viên,"Số 51-53 Đường số 33A, Phường Bình Trị Đông B, Quận Bình Tân, Thành phố Hồ Chí Minh, Việt Nam",Quận Bình Tân,"4791: Bán lẻ theo yêu cầu đặt hàng qua bưu điện hoặc internet-trừ bán lẻ bình gas, súng, đạn loại dùng đi săn hoặc thể thao và tiền kim khí và thực hiện theo Quyết định 64/2009/QĐ-UBND ngày 31/7/2009 ",internet
316787143,CÔNG TY TNHH MẶT TRỜI CỦA TÔI,CÔNG TY TNHH MẶT TRỜI CỦA TÔI,Công ty trách nhiệm hữu hạn một thành viên,"483/28 Lê Văn Quới, Phường Bình Trị Đông A, Quận Bình Tân, Thành phố Hồ Chí Minh, Việt Nam",Quận Bình Tân,"4610: Đại lý, môi giới, đấu giá hàng hóa-Chi tiết: Đại lý, môi giới;1313: Hoàn thiện sản phẩm dệt-Chi tiết: Hoàn thiện sản phẩm khẩu trang;1392: Sản xuất hàng dệt sẵn (trừ trang phục)-;1399: Sản xuất ",internet
316793796,CÔNG TY TNHH MTV VẬN TẢI HỢP NHẤT,CÔNG TY TNHH MTV VẬN TẢI HỢP N,Công ty trách nhiệm hữu hạn một thành viên,"13 đường số 2, KDC Hai Thành, Phường Bình Trị Đông B, Quận Bình Tân, Thành phố Hồ Chí Minh, Việt Nam",Quận Bình Tân,"4690: Bán buôn tổng hợp-(trừ bán buôn bình gas, khí dầu mỏ hóa lỏng LPG, dầu nhớt cặn, vàng miếng, súng, đạn loại dùng đi săn hoặc thể thao và tiền kim khí; trừ bán buôn hóa chất tại trụ sở; Thực hiện",internet
316791277,CÔNG TY TNHH THƯƠNG MẠI DỊCH VỤ XUẤT NHẬP KHẨU HOÀNG NHUNG,CÔNG TY TNHH THƯƠNG MẠI DỊCH V,Công ty trách nhiệm hữu hạn hai thành viên trở lên,"92/33 Đường số 12, khu Phố 18, Phường Bình Hưng Hòa, Quận Bình Tân, Thành phố Hồ Chí Minh, Việt Nam",Quận Bình Tân,"4632: Bán buôn thực phẩm-Chi tiết: Bán buôn thực phẩm chức năng; Bán buôn tổ yến (sơ chế, tinh chế);3290: Sản xuất khác chưa được phân vào đâu-Chi tiết: Sản xuất tinh dầu, hương liệu thiên nhiên ngành",internet
316791372,CÔNG TY CỔ PHẦN SOYCHI,CÔNG TY CỔ PHẦN SOYCHI,Công ty cổ phần,"91 Trương Phước Phan, Phường Bình Trị Đông, Quận Bình Tân, Thành phố Hồ Chí Minh, Việt Nam",Quận Bình Tân,"4632: Bán buôn thực phẩm-Chi tiết: Bán buôn, xuất nhập khẩu thực phẩm (không hoạt động tại trụ sở));4610: Đại lý, môi giới, đấu giá hàng hóa-(Trừ đấu giá tài sản);4620: Bán buôn nông, lâm sản nguyên l",internet
316790403,CÔNG TY TNHH ĐỨC THIỆN LIGHTING,CÔNG TY TNHH ĐỨC THIỆN LIGHTIN,Công ty trách nhiệm hữu hạn một thành viên,"74E đường số 14, Phường An Lạc A, Quận Bình Tân, Thành phố Hồ Chí Minh, Việt Nam",Quận Bình Tân,"4663: Bán buôn vật liệu, thiết bị lắp đặt khác trong xây dựng-;4669: Bán buôn chuyên doanh khác chưa được phân vào đâu-(trừ bán buôn bình gas, khí dầu mỏ hóa lỏng LPG, dầu nhớt cặn, vàng miếng, súng, ",internet
316796349,CÔNG TY TNHH SẢN XUẤT THƯƠNG MẠI DỊCH VỤ PHÁT THÀNH PHI,CÔNG TY TNHH SẢN XUẤT THƯƠNG M,Công ty trách nhiệm hữu hạn hai thành viên trở lên,"117/77/5 Đường Hồ Văn Long, Phường Tân Tạo, Quận Bình Tân, Thành phố Hồ Chí Minh, Việt Nam",Quận Bình Tân,"4773: Bán lẻ hàng hóa khác mới trong các cửa hàng chuyên doanh-(trừ bán lẻ hóa chất, khí dầu mỏ hóa lỏng LPG, dầu nhớt cặn, vàng miếng, súng, đạn loại dùng đi săn hoặc thể thao và tiền kim khí; Thực h",internet
316797543,CÔNG TY TNHH MẬU DỊCH DỆT VIỆT HOẰNG PHÁT,CÔNG TY TNHH MẬU DỊCH DỆT VIỆT,Công ty trách nhiệm hữu hạn một thành viên,"94 Đường Số 47, Phường Tân Tạo, Quận Bình Tân, Thành phố Hồ Chí Minh, Việt Nam",Quận Bình Tân,"4719: Bán lẻ khác trong các cửa hàng kinh doanh tổng hợp-Chi tiết: Bán lẻ nhiều loại hàng hóa trong các siêu thị, minimart, trung tâm thương mại. Bán lẻ nhiều loại hàng hóa trong các cửa hàng kinh doa",internet
316798459,CÔNG TY TNHH ALISAN COFFEE,CÔNG TY TNHH ALISAN COFFEE,Công ty trách nhiệm hữu hạn hai thành viên trở lên,"69-71 Đường Số 2, Khu Dân Cư Nam Hùng Vương , Phường An Lạc, Quận Bình Tân, Thành phố Hồ Chí Minh, Việt Nam",Quận Bình Tân,"1061: Xay xát và sản xuất bột thô-Chi tiết: Rang xay, chế biến, sản xuất cà phê;1077: Sản xuất cà phê-;4632: Bán buôn thực phẩm-Chi tiết: Bán buôn cà phê;4659: Bán buôn máy móc, thiết bị và phụ tùng m",internet
316800404,CÔNG TY TNHH LT TELECOM,CÔNG TY TNHH LT TELECOM,Công ty trách nhiệm hữu hạn một thành viên,"Số 21 đường Liên Khu 8-9, Khu Phố 19, Phường Bình Hưng Hòa A, Quận Bình Tân, Thành phố Hồ Chí Minh, Việt Nam",Quận Bình Tân,"6120: Hoạt động viễn thông không dây-(trừ cung cấp dịch vụ truy cập, truy nhập internet tại trụ sở).;4652: Bán buôn thiết bị và linh kiện điện tử, viễn thông-Chi tiết: Bán buôn sim, card điện thoại, đ",internet
316805466,CÔNG TY TNHH THIẾT KẾ WEBSITE THẾ ĐẠT,CÔNG TY TNHH THIẾT KẾ WEBSITE ,Công ty trách nhiệm hữu hạn một thành viên,"437/5 Kinh Dương Vương, Phường An Lạc, Quận Bình Tân, Thành phố Hồ Chí Minh, Việt Nam",Quận Bình Tân,"7020: Hoạt động tư vấn quản lý-(trừ tư vấn tài chính, kế toán);7310: Quảng cáo-;6209: Hoạt động dịch vụ công nghệ thông tin và dịch vụ khác liên quan đến máy vi tính-;6202: Tư vấn máy vi tính và quản ",internet
316806879,CÔNG TY TNHH ADUHAZ ASIA,CÔNG TY TNHH ADUHAZ ASIA,Công ty trách nhiệm hữu hạn một thành viên,"Số 66 Đường 32, Phường Bình Trị Đông B, Quận Bình Tân, Thành phố Hồ Chí Minh, Việt Nam",Quận Bình Tân,8299: Hoạt động dịch vụ hỗ trợ kinh doanh khác còn lại chưa được phân vào đâu-Chi tiết: Dịch vụ sàn giao dịch thương mại điện tử;6312: Cổng thông tin-Chi tiết: Thiết lập trang thông tin điện tử tổng h,internet
316809397,CÔNG TY TNHH ĐẦU TƯ THƯƠNG MẠI NGỌC MINH ĐAN,CÔNG TY TNHH ĐẦU TƯ THƯƠNG MẠI,Công ty trách nhiệm hữu hạn hai thành viên trở lên,"Số 01 Đường 01, Phường An Lạc A, Quận Bình Tân, Thành phố Hồ Chí Minh, Việt Nam",Quận Bình Tân,"2591: Rèn, dập, ép và cán kim loại; luyện bột kim loại-;2431: Đúc sắt, thép-;2511: Sản xuất các cấu kiện kim loại-;2599: Sản xuất sản phẩm khác bằng kim loại chưa được phân vào đâu-;3320: Lắp đặt máy ",internet
316812706,CÔNG TY TNHH KAIWO DIESEL,CÔNG TY TNHH KAIWO DIESEL,Công ty trách nhiệm hữu hạn một thành viên,"96 Đường 32, Tiểu Khu 1 , Phường Bình Trị Đông B, Quận Bình Tân, Thành phố Hồ Chí Minh, Việt Nam",Quận Bình Tân,"3312: Sửa chữa máy móc, thiết bị-(trừ gia công cơ khí, tái chế phế thải, xi mạ điện tại trụ sở).;3320: Lắp đặt máy móc và thiết bị công nghiệp-;4520: Bảo dưỡng, sửa chữa ô tô và xe có động cơ khác-(tr",internet
316808160,CÔNG TY TNHH THƯƠNG MẠI ĐỒ DÙNG KIM NGUYÊN PHÁT,CÔNG TY TNHH THƯƠNG MẠI ĐỒ DÙN,Công ty trách nhiệm hữu hạn một thành viên,"350/30 Lê Văn Quới, Khu phố 11, Phường Bình Hưng Hòa A, Quận Bình Tân, Thành phố Hồ Chí Minh, Việt Nam",Quận Bình Tân,"4649: Bán buôn đồ dùng khác cho gia đình-Chi tiết: 
- Bán buôn đồ điện gia dụng, đèn và bộ đèn điện. 
- Bán buôn thiết bị, dụng cụ điện dùng trong sinh hoạt gia đình như: quạt điện, nồi cơm điện, ấm đ",internet
316814559,CÔNG TY TRÁCH NHIỆM HỮU HẠN SẢN XUẤT - THƯƠNG MẠI MINIS,CÔNG TY TRÁCH NHIỆM HỮU HẠN SẢ,Công ty trách nhiệm hữu hạn một thành viên,"874/38/27 Tân Kỳ Tân Quý, Phường Bình Hưng Hòa, Quận Bình Tân, Thành phố Hồ Chí Minh, Việt Nam",Quận Bình Tân,"1313: Hoàn thiện sản phẩm dệt-;1621: Sản xuất gỗ dán, gỗ lạng, ván ép và ván mỏng khác-(không hoạt động tại trụ sở);1709: Sản xuất các sản phẩm khác từ giấy và bìa chưa được phân vào đâu-(không hoạt đ",internet
316817895,CÔNG TY TNHH DV-TM TỔNG HỢP SÀI GÒN SONG SINH,CÔNG TY TNHH DVTM TỔNG HỢP SÀI,Công ty trách nhiệm hữu hạn một thành viên,"41 Đường số 17, Phường Bình Trị Đông B, Quận Bình Tân, Thành phố Hồ Chí Minh, Việt Nam",Quận Bình Tân,"4791: Bán lẻ theo yêu cầu đặt hàng qua bưu điện hoặc internet-(trừ bán lẻ hóa chất, khí dầu mỏ hóa lỏng LPG, dầu nhớt cặn, vàng miếng, súng, đạn loại dùng đi săn hoặc thể thao và tiền kim khí; Thực hi",internet
316829523,CÔNG TY TNHH HOÀN MỸ GLOBAL,CÔNG TY TNHH HOÀN MỸ GLOBAL,Công ty trách nhiệm hữu hạn hai thành viên trở lên,"92/33 Đường số 12, Khu Phố 18, Phường Bình Hưng Hòa, Quận Bình Tân, Thành phố Hồ Chí Minh, Việt Nam",Quận Bình Tân,"4632: Bán buôn thực phẩm-Chi tiết: Bán buôn thực phẩm chức năng; Bán buôn tổ yến (sơ chế, tinh chế);3290: Sản xuất khác chưa được phân vào đâu-chi tiết: sản xuất tinh dầu, hương liệu thiên nhiên ngành",internet
316831709,CÔNG TY TNHH KHANG VŨ,CÔNG TY TNHH KHANG VŨ,Công ty trách nhiệm hữu hạn hai thành viên trở lên,"19/2 Đường Số 4, Khu Phố 6, Phường Bình Hưng Hòa, Quận Bình Tân, Thành phố Hồ Chí Minh, Việt Nam",Quận Bình Tân,"4799: Bán lẻ hình thức khác chưa được phân vào đâu-(trừ bán lẻ bình gas, hóa chất, súng, đạn loại dung đi săn hoặc thể thao, tiền kim khí và mua bán vàng miếng; thực hiện theo Quyết định 64/2009/QĐ-UB",internet
316836513,CÔNG TY TNHH THƯƠNG MẠI DỊCH VỤ CHEO EXPRESS,CÔNG TY TNHH THƯƠNG MẠI DỊCH V,Công ty trách nhiệm hữu hạn một thành viên,"190/2 Bùi Tư Toàn, Phường An Lạc, Quận Bình Tân, Thành phố Hồ Chí Minh, Việt Nam",Quận Bình Tân,5022: Vận tải hàng hóa đường thuỷ nội địa-;4933: Vận tải hàng hóa bằng đường bộ-(trừ hóa lỏng khí để vận chuyển);5221: Hoạt động dịch vụ hỗ trợ trực tiếp cho vận tải đường sắt-(trừ kinh doanh kết cấu ,internet
316838045,CÔNG TY TNHH MTV ĐẠI PHÚ LỢI,CÔNG TY TNHH MTV ĐẠI PHÚ LỢI,Công ty trách nhiệm hữu hạn một thành viên,"496/28 Tỉnh Lộ 10, Phường Bình Trị Đông, Quận Bình Tân, Thành phố Hồ Chí Minh, Việt Nam",Quận Bình Tân,4669: Bán buôn chuyên doanh khác chưa được phân vào đâu-(Doanh nghiệp chỉ được kinh doanh kể từ khi có đủ điều kiện theo quy định của pháp luật và phải bảo đảm đáp ứng các điều kiện đó trong suốt quá ,internet
316841778,CÔNG TY CỔ PHẦN ĐẦU TƯ THƯƠNG MẠI DỊCH VỤ Y TẾ DS,CÔNG TY CỔ PHẦN ĐẦU TƯ THƯƠNG ,Công ty cổ phần,"19/5 Đường số 4, Khu Phố 6, Phường Bình Hưng Hòa, Quận Bình Tân, Thành phố Hồ Chí Minh, Việt Nam",Quận Bình Tân,"4610: Đại lý, môi giới, đấu giá hàng hóa-(trừ đấu giá tài sản, hàng hóa);4632: Bán buôn thực phẩm-Chi tiết: Bán buôn thực phẩm chức năng;4649: Bán buôn đồ dùng khác cho gia đình-Chi tiết: Bán buôn hàn",internet
316842436,CÔNG TY TNHH TM DV XD TRƯỜNG SƠN,CÔNG TY TNHH TM DV XD TRƯỜNG S,Công ty trách nhiệm hữu hạn một thành viên,"Số 198A Mã Lò, Phường Bình Trị Đông, Quận Bình Tân, Thành phố Hồ Chí Minh, Việt Nam",Quận Bình Tân,"4101: Xây dựng nhà để ở-;4102: Xây dựng nhà không để ở-;4212: Xây dựng công trình đường bộ-;4229: Xây dựng công trình công ích khác-;4299: Xây dựng công trình kỹ thuật dân dụng khác-;4610: Đại lý, môi",internet
316844560,CÔNG TY TRÁCH NHIỆM HỮU HẠN THƯƠNG MẠI DỊCH VỤ XUẤT KHẨU NHẬT UYÊN VINH,CÔNG TY TRÁCH NHIỆM HỮU HẠN TH,Công ty trách nhiệm hữu hạn một thành viên,"102/36 Đường Số 16, Phường Bình Hưng Hòa, Quận Bình Tân, Thành phố Hồ Chí Minh, Việt Nam",Quận Bình Tân,"2220: Sản xuất sản phẩm từ plastic-(Không hoạt động tại trụ sở).;4669: Bán buôn chuyên doanh khác chưa được phân vào đâu-Chi tiết: Bán buôn sản phẩm nhựa dân dụng, nhựa trang trí nội thất; Bán buôn sả",internet
316845211,CÔNG TY TNHH SẢN XUẤT MAY MẶC PHƯƠNG ANH,CÔNG TY TNHH SẢN XUẤT MAY MẶC ,Công ty trách nhiệm hữu hạn một thành viên,"19/9C Đường số 20, Khu phố 1, Phường Bình Hưng Hòa A, Quận Bình Tân, Thành phố Hồ Chí Minh, Việt Nam",Quận Bình Tân,"1410: May trang phục (trừ trang phục từ da lông thú)-Chi tiết: sản xuất, gia công quần áo (trừ tẩy, nhuộm, hồ, in trên các sản phẩm vải sợi, dệt, may, đan và không gia công hàng đã qua sử dụng, thuộc ",internet
316847233,CÔNG TY CỔ PHẦN COOPLINK,CÔNG TY CỔ PHẦN COOPLINK,Công ty cổ phần,"1473 Tỉnh Lộ 10, Phường Tân Tạo A, Quận Bình Tân, Thành phố Hồ Chí Minh, Việt Nam",Quận Bình Tân,"1811: In ấn-;1812: Dịch vụ liên quan đến in-;4610: Đại lý, môi giới, đấu giá hàng hóa-;4620: Bán buôn nông, lâm sản nguyên liệu (trừ gỗ, tre, nứa) và động vật sống-(không hoạt động tại trụ sở);4631: B",internet
316853170,CÔNG TY TNHH CON LĂN BỤI TCT VIỆT NAM,CÔNG TY TNHH CON LĂN BỤI TCT V,Công ty trách nhiệm hữu hạn một thành viên,"55/7/26 Tây Lân, Phường Bình Trị Đông A, Quận Bình Tân, Thành phố Hồ Chí Minh, Việt Nam",Quận Bình Tân,2220: Sản xuất sản phẩm từ plastic-(không hoạt động tại trụ sở);2511: Sản xuất các cấu kiện kim loại-(không hoạt động tại trụ sở);1709: Sản xuất các sản phẩm khác từ giấy và bìa chưa được phân vào đâu,internet
316854350,CÔNG TY TNHH CƠ ĐIỆN LẠNH TÍN PHÁT PRO,CÔNG TY TNHH CƠ ĐIỆN LẠNH TÍN ,Công ty trách nhiệm hữu hạn hai thành viên trở lên,"560A Hương Lộ 2, Phường Bình Trị Đông, Quận Bình Tân, Thành phố Hồ Chí Minh, Việt Nam",Quận Bình Tân,"6120: Hoạt động viễn thông không dây-(trừ cung cấp dịch vụ truy cập, truy nhập internet tại trụ sở).;6202: Tư vấn máy vi tính và quản trị hệ thống máy vi tính-;4322: Lắp đặt hệ thống cấp, thoát nước, ",internet
316854738,CÔNG TY TRÁCH NHIỆM HỮU HẠN THƯƠNG MẠI & XÂY DỰNG ĐẶNG HOÀNG PHÁT,CÔNG TY TRÁCH NHIỆM HỮU HẠN TH,Công ty trách nhiệm hữu hạn hai thành viên trở lên,"131C Miếu Bình Đông, Phường Bình Hưng Hòa A, Quận Bình Tân, Thành phố Hồ Chí Minh, Việt Nam",Quận Bình Tân,"6810: Kinh doanh bất động sản, quyền sử dụng đất thuộc chủ sở hữu, chủ sử dụng hoặc đi thuê-Chi tiết : Kinh doanh bất động sản;6820: Tư vấn, môi giới, đấu giá bất động sản, đấu giá quyền sử dụng đất-C",internet
316859817,CÔNG TY TNHH CÔNG NGHỆ THÔNG TIN GEEYOO,CÔNG TY TNHH CÔNG NGHỆ THÔNG T,Công ty trách nhiệm hữu hạn một thành viên,"13 Đường số 4, Phường Bình Hưng Hòa, Quận Bình Tân, Thành phố Hồ Chí Minh, Việt Nam",Quận Bình Tân,"4651: Bán buôn máy vi tính, thiết bị ngoại vi và phần mềm-;4652: Bán buôn thiết bị và linh kiện điện tử, viễn thông-;4659: Bán buôn máy móc, thiết bị và phụ tùng máy khác-;4741: Bán lẻ máy vi tính, th",internet
316863267,CÔNG TY TNHH TOÀN CẦU LANAS,CÔNG TY TNHH TOÀN CẦU LANAS,Công ty trách nhiệm hữu hạn hai thành viên trở lên,"74/4 Mã Lò, Khu phố 1, Phường Bình Trị Đông A, Quận Bình Tân, Thành phố Hồ Chí Minh, Việt Nam",Quận Bình Tân,"4610: Đại lý, môi giới, đấu giá hàng hóa-Chi tiết: Đại lý. Môi giới;4620: Bán buôn nông, lâm sản nguyên liệu (trừ gỗ, tre, nứa) và động vật sống-(không hoạt động tại trụ sở);4631: Bán buôn gạo, lúa mỳ",internet
316859648,CÔNG TY TNHH DỊCH VỤ THƯƠNG MẠI TUỆ LÂM,CÔNG TY TNHH DỊCH VỤ THƯƠNG MẠ,Công ty trách nhiệm hữu hạn một thành viên,"119/4B Phùng Tá Chu, Phường An Lạc A, Quận Bình Tân, Thành phố Hồ Chí Minh, Việt Nam",Quận Bình Tân,"9329: Hoạt động vui chơi giải trí khác chưa được phân vào đâu-(trừ hoạt động của các sàn nhảy; trừ kinh doanh trò chơi có hại cho giáo dục nhân cách, sức khoẻ của trẻ em hoặc ảnh hưởng đến an ninh trậ",internet
316869974,CÔNG TY TNHH THƯƠNG MẠI DỊCH VỤ WENET VIETNAM,CÔNG TY TNHH THƯƠNG MẠI DỊCH V,Công ty trách nhiệm hữu hạn một thành viên,"182/10/15 Hồ Văn Long, Phường Bình Hưng Hòa B, Quận Bình Tân, Thành phố Hồ Chí Minh, Việt Nam",Quận Bình Tân,"4610: Đại lý, môi giới, đấu giá hàng hóa-Chi tiết: Đại lý bán hàng hóa, Môi giới mua bán hàng hóa (trừ đấu giá hàng hóa, trừ môi giới bất động sản);4632: Bán buôn thực phẩm-Chi tiết: Bán buôn chè  (kh",internet
316869614,CÔNG TY TNHH BAO BÌ THIÊN ẤN,CÔNG TY TNHH BAO BÌ THIÊN ẤN,Công ty trách nhiệm hữu hạn hai thành viên trở lên,"352/1B Lê Văn Quới, Phường Bình Hưng Hòa A, Quận Bình Tân, Thành phố Hồ Chí Minh, Việt Nam",Quận Bình Tân,"1701: Sản xuất bột giấy, giấy và bìa-;1702: Sản xuất giấy nhăn, bìa nhăn, bao bì từ giấy và bìa-;1709: Sản xuất các sản phẩm khác từ giấy và bìa chưa được phân vào đâu-;1811: In ấn-Chi tiết: In bao bì",internet
316872920,CÔNG TY TNHH MTV LDP,CÔNG TY TNHH MTV LDP,Công ty trách nhiệm hữu hạn một thành viên,"457/43 Đường Lê Văn Quới, Phường Bình Trị Đông A, Quận Bình Tân, Thành phố Hồ Chí Minh, Việt Nam",Quận Bình Tân,"4610: Đại lý, môi giới, đấu giá hàng hóa-Chi tiết: Đại lý, Môi giới;4631: Bán buôn gạo, lúa mỳ, hạt ngũ cốc khác, bột mỳ-(không hoạt động tại trụ sở);4632: Bán buôn thực phẩm-( không hoạt động tại trụ",internet
316874011,CÔNG TY TNHH THƯƠNG MẠI DỊCH VỤ YẾN NGỌC THIỆN,CÔNG TY TNHH THƯƠNG MẠI DỊCH,Công ty trách nhiệm hữu hạn một thành viên,"79/51/30/12 Đường số 4, Phường Bình Hưng Hòa, Quận Bình Tân, Thành phố Hồ Chí Minh, Việt Nam",Quận Bình Tân,"4723: Bán lẻ đồ uống trong các cửa hàng chuyên doanh-;4781: Bán lẻ lương thực, thực phẩm, đồ uống, thuốc lá, thuốc lào lưu động hoặc tại chợ-Chi tiết: Bán lẻ lương thực lưu động hoặc tại chợ; Bán lẻ t",internet
316880858,CÔNG TY TNHH KỸ THUẬT SỐ LPM,CÔNG TY TNHH KỸ THUẬT SỐ LPM,Công ty trách nhiệm hữu hạn hai thành viên trở lên,"Số 26 Đường 33B, Phường Bình Trị Đông B, Quận Bình Tân, Thành phố Hồ Chí Minh, Việt Nam",Quận Bình Tân,"8230: Tổ chức giới thiệu và xúc tiến thương mại-(không thực hiện các hiệu ứng cháy, nổ; không sử dụng chất nổ, chất cháy, hóa chất làm đạo cụ, dụng cụ thực hiện các chương trình văn nghệ, sự kiện, phi",internet
316887885,CÔNG TY TNHH TMDV CÔNG NGHỆ SỐ 247,CÔNG TY TNHH TMDV CÔNG NGHỆ SỐ,Công ty trách nhiệm hữu hạn hai thành viên trở lên,"178/15 Lê Văn Quới, Phường Bình Hưng Hòa A, Quận Bình Tân, Thành phố Hồ Chí Minh, Việt Nam",Quận Bình Tân,7410: Hoạt động thiết kế chuyên dụng-Chi tiết: thiết kế website;6201: Lập trình máy vi tính-;6202: Tư vấn máy vi tính và quản trị hệ thống máy vi tính-;6209: Hoạt động dịch vụ công nghệ thông tin và d,internet
316889057,CÔNG TY TNHH THE LUXBE,CÔNG TY TNHH THE LUXBE,Công ty trách nhiệm hữu hạn một thành viên,"Số 76, đường Liên khu 1-6, Phường Bình Trị Đông, Quận Bình Tân, Thành phố Hồ Chí Minh, Việt Nam",Quận Bình Tân,"4753: Bán lẻ thảm, đệm, chăn, màn, rèm, vật liệu phủ tường và sàn trong các cửa hàng chuyên doanh-;4620: Bán buôn nông, lâm sản nguyên liệu (trừ gỗ, tre, nứa) và động vật sống-(không bán buôn nông sản",internet
316888800,CÔNG TY TNHH THƯƠNG MẠI MATSUKO VIỆT NAM,CÔNG TY TNHH THƯƠNG MẠI MATSUK,Công ty trách nhiệm hữu hạn một thành viên,"26/9 Lâm Hoành, Phường An Lạc, Quận Bình Tân, Thành phố Hồ Chí Minh, Việt Nam",Quận Bình Tân,"3530: Sản xuất, phân phối hơi nước, nước nóng, điều hoà không khí và sản xuất nước đá-(trừ lắp đặt các thiết bị lạnh (thiết bị cấp đông, kho lạnh, máy đá, điều hòa không khí, làm lạnh nước) sử dụng ga",internet
316898774,CÔNG TY TNHH SẢN XUẤT THƯƠNG MẠI DỊCH VỤ LM WOOD,CÔNG TY TNHH SẢN XUẤT THƯƠNG M,Công ty trách nhiệm hữu hạn hai thành viên trở lên,"28/11 Đường Số 15, Khu Phố 9, Phường Bình Hưng Hòa, Quận Bình Tân, Thành phố Hồ Chí Minh, Việt Nam",Quận Bình Tân,"1312: Sản xuất vải dệt thoi-;1391: Sản xuất vải dệt kim, vải đan móc và vải không dệt khác-;1410: May trang phục (trừ trang phục từ da lông thú)-;1610: Cưa, xẻ, bào gỗ và bảo quản gỗ-;1621: Sản xuất g",internet
316899866,CÔNG TY TNHH HÃNG LUẬT VÀ DƯỢC PHẨM ICJ VIỆT NAM,CÔNG TY TNHH HÃNG LUẬT VÀ DƯỢC,Công ty trách nhiệm hữu hạn một thành viên,"Số 16/98A Đường số 18, Phường Bình Hưng Hòa, Quận Bình Tân, Thành phố Hồ Chí Minh, Việt Nam",Quận Bình Tân,"1079: Sản xuất thực phẩm khác chưa được phân vào đâu--(không hoạt động tại trụ sở);1811: In ấn--(không hoạt động tại trụ sở);1812: Dịch vụ liên quan đến in-;4610: Đại lý, môi giới, đấu giá hàng hóa-Ch",internet
316901681,CÔNG TY TNHH TM DV PHƯƠNG QUÂN,CÔNG TY TNHH TM DV PHƯƠNG QUÂN,Công ty trách nhiệm hữu hạn một thành viên,"479/29/28 Hương Lộ 2, Phường Bình Trị Đông, Quận Bình Tân, Thành phố Hồ Chí Minh, Việt Nam",Quận Bình Tân,"4741: Bán lẻ máy vi tính, thiết bị ngoại vi, phần mềm và thiết bị viễn thông trong các cửa hàng chuyên doanh-Chi tiết: Bán lẻ máy vi tính, thiết bị ngoại vi, phần mềm trong các cửa hàng chuyên doanh; ",internet
316900737,CÔNG TY TNHH  ĐẦU TƯ THƯƠNG MẠI HVC,CÔNG TY TNHH  ĐẦU TƯ THƯƠNG MẠ,Công ty trách nhiệm hữu hạn hai thành viên trở lên,"582/69/10 Đường số 8, Phường Bình Hưng Hòa B, Quận Bình Tân, Thành phố Hồ Chí Minh, Việt Nam",Quận Bình Tân,"6312: Cổng thông tin-Chi tiết: Thiết lập trang thông tin điện tử tổng hợp.;3290: Sản xuất khác chưa được phân vào đâu-chi tiết: sản xuất ô dù các loại (trừ tẩy, nhuộm, hồ, in; gia công hàng đã qua sử ",internet
316904749,CÔNG TY TNHH 3A TECHNOLOGY SOLUTION,CÔNG TY TNHH 3A TECHNOLOGY SOL,Công ty trách nhiệm hữu hạn một thành viên,"12/32C Đường Số 6, Phường Bình Hưng Hòa B, Quận Bình Tân, Thành phố Hồ Chí Minh, Việt Nam",Quận Bình Tân,"6201: Lập trình máy vi tính-Chi tiết: Sản xuất phần mềm, gia công phần mềm;6202: Tư vấn máy vi tính và quản trị hệ thống máy vi tính-;6209: Hoạt động dịch vụ công nghệ thông tin và dịch vụ khác liên q",technology
316903752,CÔNG TY TNHH ĐẦU TƯ TM THIÊN PHÚC,CÔNG TY TNHH ĐẦU TƯ TM THIÊN P,Công ty trách nhiệm hữu hạn một thành viên,"688/23/16 Hương lộ 2, Phường Bình Trị Đông A, Quận Bình Tân, Thành phố Hồ Chí Minh, Việt Nam",Quận Bình Tân,"3319: Sửa chữa thiết bị khác-(Không gia công cơ khí, tái chế phế thải, xi mạ điện tại trụ sở);3320: Lắp đặt máy móc và thiết bị công nghiệp-(Không gia công cơ khí, tái chế phế thải, xi mạ điện tại trụ",internet
316906030,CÔNG TY TNHH VINA IMPORT - EXPORT,CÔNG TY TNHH VINA IMPORT  EXPO,Công ty trách nhiệm hữu hạn hai thành viên trở lên,"Số 105/38 Đường Nguyễn Thị Tú, Phường Bình Hưng Hòa B, Quận Bình Tân, Thành phố Hồ Chí Minh, Việt Nam",Quận Bình Tân,"4669: Bán buôn chuyên doanh khác chưa được phân vào đâu-(trừ bán buôn bình gas, khí dầu mỏ hóa lỏng LPG, dầu nhớt cặn, vàng miếng, súng, đạn loại dùng đi săn hoặc thể thao và tiền kim khí; trừ bán buô",internet
316910661,CÔNG TY TNHH NEWWAY,CÔNG TY TNHH NEWWAY,Công ty trách nhiệm hữu hạn một thành viên,"330/8/13/17 đường Quốc lộ 1A, Phường Bình Hưng Hòa B, Quận Bình Tân, Thành phố Hồ Chí Minh, Việt Nam",Quận Bình Tân,"4610: Đại lý, môi giới, đấu giá hàng hóa-(trừ đấu giá hàng hóa);4649: Bán buôn đồ dùng khác cho gia đình-;4651: Bán buôn máy vi tính, thiết bị ngoại vi và phần mềm-;4652: Bán buôn thiết bị và linh kiệ",internet
316910693,CÔNG TY CỔ PHẦN DỊCH VỤ BẢO VỆ VỆ SĨ HOÀNG MINH SG,CÔNG TY CỔ PHẦN DỊCH VỤ BẢO VỆ,Công ty cổ phần,"130 Đường 47,Khu Phố 8, Phường Tân Tạo, Quận Bình Tân, Thành phố Hồ Chí Minh, Việt Nam",Quận Bình Tân,"8559: Giáo dục khác chưa được phân vào đâu-chi tiết: Đào tạo kỹ năng bán hàng hoá qua facebook,mạng xã hội; Đào tạo, bồi dưỡng kiến thức về môi giới bất động sản, định giá bất động sản, quản lý điều h",internet
316911792,CÔNG TY CỔ PHẦN THƯƠNG MẠI VÀ DỊCH VỤ VIỆT TRUNG SG,CÔNG TY CỔ PHẦN THƯƠNG MẠI VÀ ,Công ty cổ phần,"54 Đường 55,Khu Phố 9, Phường Tân Tạo, Quận Bình Tân, Thành phố Hồ Chí Minh, Việt Nam",Quận Bình Tân,"0510: Khai thác và thu gom than cứng-;0810: Khai thác đá, cát, sỏi, đất sét-(không hoạt động tại trụ sở);1010: Chế biến, bảo quản thịt và các sản phẩm từ thịt-(không giết mổ gia súc, gia cầm);1020: Ch",internet
316915010,CÔNG TY TNHH THƯƠNG MẠI DỊCH VỤ BRAND B,CÔNG TY TNHH THƯƠNG MẠI DỊCH V,Công ty trách nhiệm hữu hạn một thành viên,"Số 28 Đường 8B, Phường Bình Hưng Hòa A, Quận Bình Tân, Thành phố Hồ Chí Minh, Việt Nam",Quận Bình Tân,"4610: Đại lý, môi giới, đấu giá hàng hóa-Chi tiết: Đại lý. Môi giới hàng hóa;5913: Hoạt động phát hành phim điện ảnh, phim video và chương trình truyền hình-Chi tiết: Phát hành băng đĩa (trừ phát sóng",internet
316921617,CÔNG TY TNHH THƯƠNG MẠI - DỊCH VỤ HTPT BA MIỀN,CÔNG TY TNHH THƯƠNG MẠI  DỊCH ,Công ty trách nhiệm hữu hạn một thành viên,"449/38 Hương Lộ 2, Phường Bình Trị Đông, Quận Bình Tân, Thành phố Hồ Chí Minh, Việt Nam",Quận Bình Tân,"4711: Bán lẻ lương thực, thực phẩm, đồ uống, thuốc lá, thuốc lào chiếm tỷ trọng lớn trong các cửa hàng kinh doanh tổng hợp-(Thực hiện theo Quyết định 64/2009/QĐ-UBND ngày 31/07/2009 và Quyết Định 79/2",internet
316920035,CÔNG TY TNHH VINSTAR ENTERTAINMENT,CÔNG TY TNHH VINSTAR ENTERTAIN,Công ty trách nhiệm hữu hạn một thành viên,"23/37 Đình Nghi Xuân , Phường Bình Trị Đông, Quận Bình Tân, Thành phố Hồ Chí Minh, Việt Nam",Quận Bình Tân,"9000: Hoạt động sáng tác, nghệ thuật và giải trí-(Trừ hoạt động của các nhà báo độc lập);1820: Sao chép bản ghi các loại-;4651: Bán buôn máy vi tính, thiết bị ngoại vi và phần mềm-;4652: Bán buôn thiế",internet
316921141,CÔNG TY TNHH THƯƠNG MẠI DỊCH VỤ VÀ SẢN XUẤT NTP MAGIC,CÔNG TY TNHH THƯƠNG MẠI DỊCH V,Công ty trách nhiệm hữu hạn một thành viên,"118/6 Đường số 3, Phường Bình Hưng Hòa A, Quận Bình Tân, Thành phố Hồ Chí Minh, Việt Nam",Quận Bình Tân,"4649: Bán buôn đồ dùng khác cho gia đình-Chi tiết: Bán buôn quà tặng lưu niệm; Bán buôn hàng mỹ phẩm.;4641: Bán buôn vải, hàng may mặc, giày dép-;4690: Bán buôn tổng hợp-(trừ bán buôn bình gas, khí dầ",internet
316923283,CÔNG TY TNHH MỘT THÀNH VIÊN TTH TALENT AGENT,CÔNG TY TNHH MỘT THÀNH VIÊN TT,Công ty trách nhiệm hữu hạn một thành viên,"194/7 Chiến Lược, Phường Bình Trị Đông, Quận Bình Tân, Thành phố Hồ Chí Minh, Việt Nam",Quận Bình Tân,"5911: Hoạt động sản xuất phim điện ảnh, phim video và chương trình truyền hình-Chi tiết: Hoạt động sản xuất chương trình truyền hình (trừ sản xuất phim, phát sóng và không thực hiện các hiệu ứng cháy,",internet
316924600,CÔNG TY TNHH THƯƠNG MẠI DỊCH VỤ PHÁT TRIỂN ỨNG DỤNG CÔNG NGHỆ MỚI,CÔNG TY TNHH THƯƠNG MẠI DỊCH V,Công ty trách nhiệm hữu hạn hai thành viên trở lên,"101/9 Đường số 8, Phường Bình Hưng Hòa, Quận Bình Tân, Thành phố Hồ Chí Minh, Việt Nam",Quận Bình Tân,"4321: Lắp đặt hệ thống điện-chi tiết: Lắp đặt camera, hệ thống chống sét (không: gia công cơ khí, tái chế phế thải, xi mạ điện tại trụ sở);6190: Hoạt động viễn thông khác-Chi tiết: Hoạt động của các đ",internet
316926703,CÔNG TY CỔ PHẦN PHÁT TRIỂN ỨNG DỤNG VIỄN THÔNG GIÁ RẺ,CÔNG TY CỔ PHẦN PHÁT TRIỂN ỨNG,Công ty cổ phần,"101/9 Đường số 8, Phường Bình Hưng Hòa, Quận Bình Tân, Thành phố Hồ Chí Minh, Việt Nam",Quận Bình Tân,"4321: Lắp đặt hệ thống điện-chi tiết: Lắp đặt camera, hệ thống chống sét (không: gia công cơ khí, tái chế phế thải, xi mạ điện tại trụ sở);6190: Hoạt động viễn thông khác-Chi tiết: Hoạt động của các đ",internet
316927746,CÔNG TY TNHH MỘT THÀNH VIÊN INFINITELY WONDERFUL,CÔNG TY TNHH MỘT THÀNH VIÊN IN,Công ty trách nhiệm hữu hạn một thành viên,"962A Tỉnh Lộ 10, Khu phố 7 , Phường Tân Tạo, Quận Bình Tân, Thành phố Hồ Chí Minh, Việt Nam",Quận Bình Tân,"1410: May trang phục (trừ trang phục từ da lông thú)-;1430: Sản xuất trang phục dệt kim, đan móc-;3290: Sản xuất khác chưa được phân vào đâu-Chi tiết :Sản xuất cửa nhôm các loại và lưới chống muỗi;462",internet
316927175,CÔNG TY TNHH THIẾT BỊ VỆ SINH HỒNG PHÁT,CÔNG TY TNHH THIẾT BỊ VỆ SINH ,Công ty trách nhiệm hữu hạn một thành viên,"561 Kinh Dương Vương, Phường An Lạc, Quận Bình Tân, Thành phố Hồ Chí Minh, Việt Nam",Quận Bình Tân,"4719: Bán lẻ khác trong các cửa hàng kinh doanh tổng hợp-(trừ bán buôn bình gas, súng, đạn loại dùng đi săn hoặc thể thao, tiền kim khí và mua bán vàng miếng; thực hiện theo Quyết định 64/2009/QĐ-UBND",internet
316930530,CÔNG TY CỔ PHẦN PT SMARTECH,CÔNG TY CỔ PHẦN PT SMARTECH,Công ty cổ phần,"Số 5A Đường số 12, Phường Bình Hưng Hòa A, Quận Bình Tân, Thành phố Hồ Chí Minh, Việt Nam",Quận Bình Tân,6201: Lập trình máy vi tính-;7211: Nghiên cứu khoa học và phát triển công nghệ trong lĩnh vực khoa học tự nhiên-;7212: Nghiên cứu khoa học và phát triển công nghệ trong lĩnh vực khoa học kỹ thuật và c,internet
316935955,CÔNG TY TNHH THƯƠNG MẠI DỊCH VỤ MỸ PHẨM PHƯƠNG HUYỀN,CÔNG TY TNHH THƯƠNG MẠI DỊCH V,Công ty trách nhiệm hữu hạn một thành viên,"31G Bùi Hữu Diên, Khu phố 3, Phường An Lạc A, Quận Bình Tân, Thành phố Hồ Chí Minh, Việt Nam",Quận Bình Tân,"2023: Sản xuất mỹ phẩm, xà phòng, chất tẩy rửa, làm bóng và chế phẩm vệ sinh-(không hoạt động tại trụ sở);4610: Đại lý, môi giới, đấu giá hàng hóa-Chi tiết : Đại lý bán hàng hóa; Môi giới mua bán hàng",internet
316937399,CÔNG TY CỔ PHẦN D LIAN GROUP,CÔNG TY CỔ PHẦN D LIAN GROUP,Công ty cổ phần,"4 Đường 19, Phường Bình Hưng Hòa A, Quận Bình Tân, Thành phố Hồ Chí Minh, Việt Nam",Quận Bình Tân,"5911: Hoạt động sản xuất phim điện ảnh, phim video và chương trình truyền hình-(trừ phát sóng và không thực hiện các hiệu ứng cháy, nổ; không sử dụng chất nổ, chất cháy, hóa chất làm đạo cụ, dụng cụ t",internet
316936885,CÔNG TY TNHH ÁI NGUYỄN,CÔNG TY TNHH ÁI NGUYỄN,Công ty trách nhiệm hữu hạn một thành viên,"842/22 Đường Tỉnh Lộ 10, Khu phố 1, Phường Bình Trị Đông A, Quận Bình Tân, Thành phố Hồ Chí Minh, Việt Nam",Quận Bình Tân,"4610: Đại lý, môi giới, đấu giá hàng hóa-Chi tiết: Đại lý bán hàng hóa, ký gởi hàng hóa.;7310: Quảng cáo-Chi tiết: Dịch vụ quảng cáo;8292: Dịch vụ đóng gói-(trừ đóng gói thuốc bảo vệ thực vật);5224: B",internet
316939452,CÔNG TY TNHH EZ SOLUTIONS,CÔNG TY TNHH EZ SOLUTIONS,Công ty trách nhiệm hữu hạn một thành viên,"840/24/3A Hương Lộ 2, Phường Bình Trị Đông A, Quận Bình Tân, Thành phố Hồ Chí Minh, Việt Nam",Quận Bình Tân,"4652: Bán buôn thiết bị và linh kiện điện tử, viễn thông-;4791: Bán lẻ theo yêu cầu đặt hàng qua bưu điện hoặc internet-(trừ bán lẻ khí dầu mỏ hóa lỏng LPG, bình gas, hóa chất, súng, đạn loại dùng đi ",internet
316941613,CÔNG TY TNHH THƯƠNG MẠI VÀ DỊCH VỤ AN TRÀ,CÔNG TY TNHH THƯƠNG MẠI VÀ DỊC,Công ty trách nhiệm hữu hạn một thành viên,"130/25/33 Lê Đình Cẩn, Phường Tân Tạo, Quận Bình Tân, Thành phố Hồ Chí Minh, Việt Nam",Quận Bình Tân,"1076: Sản xuất chè-;0127: Trồng cây chè-;0161: Hoạt động dịch vụ trồng trọt-(Không hoạt động tại trụ sở);0163: Hoạt động dịch vụ sau thu hoạch-;4632: Bán buôn thực phẩm-Chi tiết: Bán buôn chè
(Không h",internet
316940747,CÔNG TY TNHH TRUYỀN THÔNG VÀ GIẢI TRÍ HOÀNG QUÂN,CÔNG TY TNHH TRUYỀN THÔNG VÀ G,Công ty trách nhiệm hữu hạn một thành viên,"23/37 Đình Nghi Xuân, Phường Bình Trị Đông, Quận Bình Tân, Thành phố Hồ Chí Minh, Việt Nam",Quận Bình Tân,"1820: Sao chép bản ghi các loại-;4651: Bán buôn máy vi tính, thiết bị ngoại vi và phần mềm-;4652: Bán buôn thiết bị và linh kiện điện tử, viễn thông-;4659: Bán buôn máy móc, thiết bị và phụ tùng máy k",internet
316941268,CÔNG TY TNHH XUẤT NHẬP KHẨU HINAKO,CÔNG TY TNHH XUẤT NHẬP KHẨU HI,Công ty trách nhiệm hữu hạn một thành viên,"Số 21/13 Đường số 10, Khu phố 11 mới, Phường Bình Hưng Hòa, Quận Bình Tân, Thành phố Hồ Chí Minh, Việt Nam",Quận Bình Tân,"4649: Bán buôn đồ dùng khác cho gia đình-Chi tiết: - Bán buôn, xuất nhập khẩu vali, cặp, túi, ví, hàng da và giả da khác
- Bán buôn, xuất nhập khẩu nước hoa, hàng mỹ phẩm và chế phẩm vệ sinh;
- Bán bu",internet
316944413,CÔNG TY TNHH IB-8S,CÔNG TY TNHH IB8S,Công ty trách nhiệm hữu hạn một thành viên,"2T/5 Đường 1A, Khu phố 26, Phường Bình Hưng Hòa A, Quận Bình Tân, Thành phố Hồ Chí Minh, Việt Nam",Quận Bình Tân,"1010: Chế biến, bảo quản thịt và các sản phẩm từ thịt-(không kinh doanh giết mổ gia xúc gia cầm);1020: Chế biến, bảo quản thuỷ sản và các sản phẩm từ thuỷ sản-;1030: Chế biến và bảo quản rau quả-;1075",internet
316944886,CÔNG TY TNHH AD ENTERTAINMENT,CÔNG TY TNHH AD ENTERTAINMENT,Công ty trách nhiệm hữu hạn hai thành viên trở lên,"112 đường số 32, Phường Bình Trị Đông B, Quận Bình Tân, Thành phố Hồ Chí Minh, Việt Nam",Quận Bình Tân,"4719: Bán lẻ khác trong các cửa hàng kinh doanh tổng hợp-(trừ bán lẻ hóa chất tại trụ sở, bán lẻ bình ga, súng đạn dùng đi săn hoặc thể thao, tiền kim khí và thực hiện theo Quyết định 64/2009/QĐ-UBND ",internet
316945287,CÔNG TY TNHH  SẢN XUẤT MINH CHIẾN,CÔNG TY TNHH  SẢN XUẤT MINH CH,Công ty trách nhiệm hữu hạn một thành viên,"489/7/15B Đường số 20, Phường Bình Hưng Hòa A, Quận Bình Tân, Thành phố Hồ Chí Minh, Việt Nam",Quận Bình Tân,4933: Vận tải hàng hóa bằng đường bộ-(trừ hóa lỏng khí để vận chuyển);5224: Bốc xếp hàng hóa-(trừ bốc xếp hàng hóa cảng hàng không);4649: Bán buôn đồ dùng khác cho gia đình-(trừ dược phẩm);4633: Bán b,internet
316947252,CÔNG TY TNHH PHÁT TRIỂN SPACE-S,CÔNG TY TNHH PHÁT TRIỂN SPACES,Công ty trách nhiệm hữu hạn một thành viên,"32 Đường số 10 KDC Vĩnh Lộc, Phường Bình Hưng Hòa B, Quận Bình Tân, Thành phố Hồ Chí Minh, Việt Nam",Quận Bình Tân,"0161: Hoạt động dịch vụ trồng trọt-;0162: Hoạt động dịch vụ chăn nuôi-;0163: Hoạt động dịch vụ sau thu hoạch-;0164: Xử lý hạt giống để nhân giống-;0210: Trồng rừng, chăm sóc rừng và ươm giống cây lâm ",internet
316952421,CÔNG TY TNHH THƯƠNG MẠI DỊCH VỤ TAPHARCO,CÔNG TY TNHH THƯƠNG MẠI DỊCH V,Công ty trách nhiệm hữu hạn hai thành viên trở lên,"354/47/12/48 Quốc lộ 1A, Phường Bình Hưng Hòa B, Quận Bình Tân, Thành phố Hồ Chí Minh, Việt Nam",Quận Bình Tân,"3312: Sửa chữa máy móc, thiết bị--(trừ gia công cơ khí, tái chế phế thải, xi mạ điện tại trụ sở);3320: Lắp đặt máy móc và thiết bị công nghiệp--(trừ gia công cơ khí, tái chế phế thải, xi mạ điện tại t",internet
316954700,CÔNG TY TNHH XUẤT NHẬP KHẨU THIÊN HOA VIỆT,CÔNG TY TNHH XUẤT NHẬP KHẨU TH,Công ty trách nhiệm hữu hạn một thành viên,"147/26 Đường số 8, Phường Bình Hưng Hòa, Quận Bình Tân, Thành phố Hồ Chí Minh, Việt Nam",Quận Bình Tân,0111: Trồng lúa-(Không hoạt động tại trụ sở);0112: Trồng ngô và cây lương thực có hạt khác-(Không hoạt động tại trụ sở);0113: Trồng cây lấy củ có chất bột-(Không hoạt động tại trụ sở);0114: Trồng cây ,internet
316958279,CÔNG TY TNHH THƯƠNG MẠI VÀ DỊCH VỤ BIOPLUS,CÔNG TY TNHH THƯƠNG MẠI VÀ DỊC,Công ty trách nhiệm hữu hạn một thành viên,"Số 27 đường số 6, Khu dân cư Vĩnh Lộc, Phường Bình Hưng Hòa B, Quận Bình Tân, Thành phố Hồ Chí Minh, Việt Nam",Quận Bình Tân,"4610: Đại lý, môi giới, đấu giá hàng hóa-Chi tiết: Đại lý bán hàng hóa, môi giới mua bán hàng hóa
(trừ đấu giá tài sản);4633: Bán buôn đồ uống-;4649: Bán buôn đồ dùng khác cho gia đình-;4651: Bán buôn",internet
316958663,CÔNG TY TNHH XUẤT NHẬP KHẨU MẸ ƠI,CÔNG TY TNHH XUẤT NHẬP KHẨU MẸ,Công ty trách nhiệm hữu hạn hai thành viên trở lên,"12/4/1 Đường 14, Phường Bình Hưng Hòa A, Quận Bình Tân, Thành phố Hồ Chí Minh, Việt Nam",Quận Bình Tân,"7110: Hoạt động kiến trúc và tư vấn kỹ thuật có liên quan-Chi tiết: Tư vấn xây dựng; Thiết kế kết cấu công trình dân dụng và công nghiệp; Thiết kế kiến trúc công trình;Thiết kế nội, ngoại thất công tr",internet
316960510,CÔNG TY TNHH ĐẦU TƯ THƯƠNG MẠI VÀ DỊCH VỤ BKS VIỆT NAM,CÔNG TY TNHH ĐẦU TƯ THƯƠNG MẠI,Công ty trách nhiệm hữu hạn một thành viên,"Số 352 đường Tên Lửa, Phường Bình Trị Đông B, Quận Bình Tân, Thành phố Hồ Chí Minh, Việt Nam",Quận Bình Tân,"2630: Sản xuất thiết bị truyền thông-;2640: Sản xuất sản phẩm điện tử dân dụng-;3312: Sửa chữa máy móc, thiết bị-;3313: Sửa chữa thiết bị điện tử và quang học-;4610: Đại lý, môi giới, đấu giá hàng hóa",internet
316959628,CÔNG TY TNHH IAI PARTNER,CÔNG TY TNHH IAI PARTNER,Công ty trách nhiệm hữu hạn một thành viên,"394/18 Chiến Lược , Phường Bình Trị Đông A, Quận Bình Tân, Thành phố Hồ Chí Minh, Việt Nam",Quận Bình Tân,4101: Xây dựng nhà để ở-;4102: Xây dựng nhà không để ở-;4299: Xây dựng công trình kỹ thuật dân dụng khác-;4311: Phá dỡ-;4312: Chuẩn bị mặt bằng-;4632: Bán buôn thực phẩm-(không hoạt động tại trụ sở);4,internet
316961793,CÔNG TY TNHH SẢN XUẤT THƯƠNG MẠI XUẤT NHẬP KHẨU DỊCH VỤ QUẢNG CÁO HIỀN HOÀNG,CÔNG TY TNHH SẢN XUẤT THƯƠNG M,Công ty trách nhiệm hữu hạn hai thành viên trở lên,"100/18 Bùi Tư Toàn, Khu phố 4, Phường An Lạc, Quận Bình Tân, Thành phố Hồ Chí Minh, Việt Nam",Quận Bình Tân,"3290: Sản xuất khác chưa được phân vào đâu-Chi tiết: Sản xuất dù, bạt, võng xếp, pano, hộp đèn, bảng hiệu, mái hiên di động
(trừ sản xuất xốp cách nhiệt sử dụng ga R141b, sử dụng polyol trộn sẵn HCFC-",internet
316963649,CÔNG TY TNHH THƯƠNG MẠI HEALTHY LIFE VN,CÔNG TY TNHH THƯƠNG MẠI HEALTH,Công ty trách nhiệm hữu hạn một thành viên,"413/88 Lê Văn Quới, Phường Bình Trị Đông A, Quận Bình Tân, Thành phố Hồ Chí Minh, Việt Nam",Quận Bình Tân,"4610: Đại lý, môi giới, đấu giá hàng hóa-Chi tiết: Đại lý, môi giới hàng hóa (trừ môi giới bất động sản);4632: Bán buôn thực phẩm-Chi tiết: Bán buôn, xuất nhập khẩu thực phẩm chức năng, thực phẩm bổ s",internet
316964385,CÔNG TY CỔ PHẦN TTP FOODS,CÔNG TY CỔ PHẦN TTP FOODS,Công ty cổ phần,"Số 107/8 Đường Liên Khu 45, Phường Bình Hưng Hòa B, Quận Bình Tân, Thành phố Hồ Chí Minh, Việt Nam",Quận Bình Tân,"1010: Chế biến, bảo quản thịt và các sản phẩm từ thịt-Chi tiết: Sơ chế và đóng gói thịt và các sản phẩm từ thịt (không giết mổ gia súc, gia cầm tại trụ sở);1020: Chế biến, bảo quản thuỷ sản và các sản",internet
316964882,CÔNG TY TNHH SẢN XUẤT THƯƠNG MẠI DỊCH VỤ KHANG PHÁT THÀNH,CÔNG TY TNHH SẢN XUẤT THƯƠNG M,Công ty trách nhiệm hữu hạn một thành viên,"67/19 Đường Số 6, Khu Phố 8, Phường Bình Hưng Hòa, Quận Bình Tân, Thành phố Hồ Chí Minh, Việt Nam",Quận Bình Tân,"2219: Sản xuất sản phẩm khác từ cao su-(trừ sản xuất xốp cách nhiệt sử dụng ga R141b, sử dụng polyol trộn sẵn HCFC-141b);2013: Sản xuất plastic và cao su tổng hợp dạng nguyên sinh-(không hoạt động tại",internet
316965621,CÔNG TY CỔ PHẦN Ơ FOOD,CÔNG TY CỔ PHẦN Ơ FOOD,Công ty cổ phần,"182/13 Đường 26/3, Phường Bình Hưng Hòa, Quận Bình Tân, Thành phố Hồ Chí Minh, Việt Nam",Quận Bình Tân,"1030: Chế biến và bảo quản rau quả-;1071: Sản xuất các loại bánh từ bột-;1073: Sản xuất ca cao, sôcôla và bánh kẹo-;1074: Sản xuất mì ống, mỳ sợi và sản phẩm tương tự-;1075: Sản xuất món ăn, thức ăn c",internet
316967153,CÔNG TY TNHH THƯƠNG MẠI QUỐC TẾ KHẢI THỊNH,CÔNG TY TNHH THƯƠNG MẠI QUỐC T,Công ty trách nhiệm hữu hạn một thành viên,"4/9 Đường số 5, Phường Bình Hưng Hòa, Quận Bình Tân, Thành phố Hồ Chí Minh, Việt Nam",Quận Bình Tân,"1061: Xay xát và sản xuất bột thô-(không hoạt động tại trụ sở);1062: Sản xuất tinh bột và các sản phẩm từ tinh bột-(không hoạt động tại trụ sở);1391: Sản xuất vải dệt kim, vải đan móc và vải không dệt",internet
316969150,CÔNG TY TNHH GIẢI PHÁP TRUYỀN THÔNG SÁNG TẠO VIỆT NAM,CÔNG TY TNHH GIẢI PHÁP TRUYỀN ,Công ty trách nhiệm hữu hạn hai thành viên trở lên,"741/1/4 Hương Lộ 2, Phường Bình Trị Đông A, Quận Bình Tân, Thành phố Hồ Chí Minh, Việt Nam",Quận Bình Tân,"5913: Hoạt động phát hành phim điện ảnh, phim video và chương trình truyền hình-Chi tiết: Hoạt động phát hành phim điện ảnh, phim video (Trừ sản xuất phim, phát sóng và không thực hiện các hiệu ứng ch",internet
316967971,CÔNG TY TNHH THƯƠNG MẠI DANH LÂM,CÔNG TY TNHH THƯƠNG MẠI DANH L,Công ty trách nhiệm hữu hạn một thành viên,"28 đường 5B, khu phố 6, Phường Bình Hưng Hòa A, Quận Bình Tân, Thành phố Hồ Chí Minh, Việt Nam",Quận Bình Tân,"4649: Bán buôn đồ dùng khác cho gia đình-;4669: Bán buôn chuyên doanh khác chưa được phân vào đâu-(không tồn trữ hóa chất tại trụ sở) (trừ bán buôn bình gas, khí dầu mỏ hóa lỏng LPG, dầu nhớt cặn, vàn",internet
316969841,CÔNG TY TNHH PHÚC TƯỜNG VĂN,CÔNG TY TNHH PHÚC TƯỜNG VĂN,Công ty trách nhiệm hữu hạn một thành viên,"108/8 Chiến Lược, Phường Bình Trị Đông, Quận Bình Tân, Thành phố Hồ Chí Minh, Việt Nam",Quận Bình Tân,"4773: Bán lẻ hàng hóa khác mới trong các cửa hàng chuyên doanh-Chi tiết: Bán lẻ sim, thẻ cào điện thoại; Bán lẻ hàng hóa khác mới trong các cửa hàng chuyên doanh (Thực hiện theo Quyết định số 64/2009/",internet
316971872,CÔNG TY TNHH ĐIỆN MÁY NHẬT BẢN,CÔNG TY TNHH ĐIỆN MÁY NHẬT BẢN,Công ty trách nhiệm hữu hạn một thành viên,"Số 38/37/8, Đường số 2, Khu phố 5, Phường Bình Hưng Hòa B, Quận Bình Tân, Thành phố Hồ Chí Minh, Việt Nam",Quận Bình Tân,"4759: Bán lẻ đồ điện gia dụng, giường, tủ, bàn, ghế và đồ nội thất tương tự, đèn và bộ đèn điện, đồ dùng gia đình khác chưa được phân vào đâu  trong các cửa hàng chuyên doanh-;4610: Đại lý, môi giới, ",internet
316972770,CÔNG TY TNHH VĨNH AN KHANG VIỆT NAM,CÔNG TY TNHH VĨNH AN KHANG VI,Công ty trách nhiệm hữu hạn một thành viên,"37A Đường số 1B, Phường Bình Hưng Hòa A, Quận Bình Tân, Thành phố Hồ Chí Minh, Việt Nam",Quận Bình Tân,"4669: Bán buôn chuyên doanh khác chưa được phân vào đâu-(trừ bán buôn bình gas, khí dầu mỏ hóa lỏng LPG, dầu nhớt cặn, vàng miếng, súng, đạn loại dùng đi săn hoặc thể thao và tiền kim khí; trừ bán buô",internet
316979857,CÔNG TY TNHH QUÀ CAO CẤP,CÔNG TY TNHH QUÀ CAO CẤP,Công ty trách nhiệm hữu hạn một thành viên,"1A/16 Đường 18B, Phường Bình Hưng Hòa A, Quận Bình Tân, Thành phố Hồ Chí Minh, Việt Nam",Quận Bình Tân,"1811: In ấn-;1812: Dịch vụ liên quan đến in-;4610: Đại lý, môi giới, đấu giá hàng hóa-Chi tiết: Đại lý, môi giới hàng hóa;4620: Bán buôn nông, lâm sản nguyên liệu (trừ gỗ, tre, nứa) và động vật sống-(",internet
316980725,CÔNG TY TNHH SẢN XUẤT THƯƠNG MẠI DỊCH VỤ HƯNG THUẬN PHÁT,CÔNG TY TNHH SẢN XUẤT THƯƠNG M,Công ty trách nhiệm hữu hạn một thành viên,"673/2/1/1 Tỉnh Lộ 10 , Phường Bình Trị Đông B, Quận Bình Tân, Thành phố Hồ Chí Minh, Việt Nam",Quận Bình Tân,"1030: Chế biến và bảo quản rau quả-;1062: Sản xuất tinh bột và các sản phẩm từ tinh bột-;1079: Sản xuất thực phẩm khác chưa được phân vào đâu--Chi tiết: Sản xuất, gia công, chế biến các loại trà, cà p",internet
316980997,CÔNG TY TNHH TRANG THIẾT BỊ Y TẾ TP CARE THIÊN PHÁT,CÔNG TY TNHH TRANG THIẾT BỊ Y ,Công ty trách nhiệm hữu hạn hai thành viên trở lên,"4455 Nguyễn Cửu Phú , Phường Tân Tạo A, Quận Bình Tân, Thành phố Hồ Chí Minh, Việt Nam",Quận Bình Tân,"4781: Bán lẻ lương thực, thực phẩm, đồ uống, thuốc lá, thuốc lào lưu động hoặc tại chợ-(Thực hiện theo Quyết định số 64/2009/QĐ-UBND ngày 31/7/2009 và Quyết định số 79/2009/QĐ-UBND ngày 17/10/2009 của",internet
316980348,CÔNG TY TNHH UY CHUẨN,CÔNG TY TNHH UY CHUẨN,Công ty trách nhiệm hữu hạn một thành viên,"8/39 đường số 5, Phường Bình Hưng Hòa, Quận Bình Tân, Thành phố Hồ Chí Minh, Việt Nam",Quận Bình Tân,"3312: Sửa chữa máy móc, thiết bị-( Không gia công cơ khí, tái chế phế thải, xi mạ điện tại trụ sở);4659: Bán buôn máy móc, thiết bị và phụ tùng máy khác-Chi tiết: Bán buôn máy móc, thiết bị âm thanh, ",internet
316985755,CÔNG TY TNHH THƯƠNG MẠI DV MIECWORD VIỆT NAM,CÔNG TY TNHH THƯƠNG MẠI DV MIE,Công ty trách nhiệm hữu hạn một thành viên,"13 Đường 2d , Phường An Lạc, Quận Bình Tân, Thành phố Hồ Chí Minh, Việt Nam",Quận Bình Tân,"4759: Bán lẻ đồ điện gia dụng, giường, tủ, bàn, ghế và đồ nội thất tương tự, đèn và bộ đèn điện, đồ dùng gia đình khác chưa được phân vào đâu  trong các cửa hàng chuyên doanh-;4761: Bán lẻ sách, báo, ",internet
316985956,CÔNG TY CỔ PHẦN TẬP ĐOÀN VIBULA,CÔNG TY CỔ PHẦN TẬP ĐOÀN VIBUL,Công ty cổ phần,"27 đường số 1, Khu phố 3 , Phường Tân Tạo A, Quận Bình Tân, Thành phố Hồ Chí Minh, Việt Nam",Quận Bình Tân,"6201: Lập trình máy vi tính-Chi tiết: Lập trình máy vi tính. Sản xuất phần mềm;6312: Cổng thông tin-;6820: Tư vấn, môi giới, đấu giá bất động sản, đấu giá quyền sử dụng đất-Chi tiết: Tư vấn, môi giới ",internet
316986117,CÔNG TY TNHH THƯƠNG MẠI XUẤT NHẬP KHẨU LAN PHÚC,CÔNG TY TNHH THƯƠNG MẠI XUẤT N,Công ty trách nhiệm hữu hạn hai thành viên trở lên,"27 Đường số 34B, Phường Bình Trị Đông B, Quận Bình Tân, Thành phố Hồ Chí Minh, Việt Nam",Quận Bình Tân,"4632: Bán buôn thực phẩm-Chi tiết: Bán buôn thực phẩm, trái cây, chè, đường, thịt và các sản phẩm từ thịt, thủy sản ( không hoạt động tại trụ sở). Bán buôn thực phẩm công nghệ, cà phê chế biến, bột ng",internet
316985593,CÔNG TY TNHH XÂY DỰNG TƯ VẤN THIẾT KẾ KỸ THUẬT HOÀNG PHÚC,CÔNG TY TNHH XÂY DỰNG TƯ VẤN T,Công ty trách nhiệm hữu hạn một thành viên,"4305/1/55 Nguyễn Cửu Phú, Khu Phố 4, Phường Tân Tạo A, Quận Bình Tân, Thành phố Hồ Chí Minh, Việt Nam",Quận Bình Tân,"4791: Bán lẻ theo yêu cầu đặt hàng qua bưu điện hoặc internet-(trừ bán lẻ bình gas, khí dầu mỏ hóa lỏng LPG, dầu nhớt cặn, vàng miếng, súng, đạn loại dùng đi săn hoặc thể thao và tiền kim khí; trừ bán",internet
316987512,CÔNG TY TNHH THƯƠNG MẠI THỰC PHẨM THIÊN PHONG FOODS,CÔNG TY TNHH THƯƠNG MẠI THỰC P,Công ty trách nhiệm hữu hạn một thành viên,"19 Đường 16A, Khu phố 11, Phường Bình Hưng Hòa A, Quận Bình Tân, Thành phố Hồ Chí Minh, Việt Nam",Quận Bình Tân,4721: Bán lẻ lương thực trong các cửa hàng chuyên doanh-(Thực hiện theo Quyết định số 64/2009/QĐ-UBND ngày 31/07/2009 và Quyết định số 79/2009/QĐ-UBND ngày 17/10/2009 của Ủy Ban Nhân Dân TP. Hồ Chí Mi,internet
316988509,CÔNG TY TNHH MTV SỌC ADVENTURE,CÔNG TY TNHH MTV SỌC ADVENTURE,Công ty trách nhiệm hữu hạn một thành viên,"187 Lê Văn Quới, Phường Bình Trị Đông, Quận Bình Tân, Thành phố Hồ Chí Minh, Việt Nam",Quận Bình Tân,"4610: Đại lý, môi giới, đấu giá hàng hóa-Chi tiết: Đại lý;4711: Bán lẻ lương thực, thực phẩm, đồ uống, thuốc lá, thuốc lào chiếm tỷ trọng lớn trong các cửa hàng kinh doanh tổng hợp-(thực hiện theo Quy",internet
316985811,CÔNG TY TNHH YẾN VŨ GROUP,CÔNG TY TNHH YẾN VŨ GROUP,Công ty trách nhiệm hữu hạn một thành viên,"17/2/4 Đường số 3A, Phường Bình Hưng Hòa A, Quận Bình Tân, Thành phố Hồ Chí Minh, Việt Nam",Quận Bình Tân,"4649: Bán buôn đồ dùng khác cho gia đình-;4669: Bán buôn chuyên doanh khác chưa được phân vào đâu-(trừ bán buôn bình gas, hóa chất, súng, đạn loại dùng đi sǎn hoặc thể thao và tiền kim khí và thực hiệ",internet
316994710,CÔNG TY TNHH DƯỢC PHẨM MINH ĐĂNG,CÔNG TY TNHH DƯỢC PHẨM MINH ĐĂ,Công ty trách nhiệm hữu hạn một thành viên,"118/48/43/12 Liên Khu 5-6, Phường Bình Hưng Hòa B, Quận Bình Tân, Thành phố Hồ Chí Minh, Việt Nam",Quận Bình Tân,"4649: Bán buôn đồ dùng khác cho gia đình-;4772: Bán lẻ thuốc, dụng cụ y tế, mỹ phẩm và vật phẩm vệ sinh trong các cửa hàng chuyên doanh-;4633: Bán buôn đồ uống-;4632: Bán buôn thực phẩm-(không hoạt độ",internet
316995376,CÔNG TY TNHH QUẢNG CÁO THƯƠNG MẠI THIÊN NGỌC,CÔNG TY TNHH QUẢNG CÁO THƯƠNG ,Công ty trách nhiệm hữu hạn một thành viên,"49/48 Đường số 4, Phường Bình Hưng Hòa A, Quận Bình Tân, Thành phố Hồ Chí Minh, Việt Nam",Quận Bình Tân,"7310: Quảng cáo-;8230: Tổ chức giới thiệu và xúc tiến thương mại-Chi tiết: Tổ chức sự kiện (không thực hiện các hiệu ứng cháy, nổ, không sử dụng chất nổ, chất cháy, hóa chất làm đạo cụ, dụng cụ thực h",internet
316995577,CÔNG TY TNHH SẢN XUẤT VÀ THƯƠNG MẠI THE LIGHT,CÔNG TY TNHH SẢN XUẤT VÀ THƯƠN,Công ty trách nhiệm hữu hạn hai thành viên trở lên,"223 Mã Lò, Phường Bình Trị Đông A, Quận Bình Tân, Thành phố Hồ Chí Minh, Việt Nam",Quận Bình Tân,"1709: Sản xuất các sản phẩm khác từ giấy và bìa chưa được phân vào đâu-Chi tiêt: Sản xuất giấy và các sản phẩm từ giấy, sản xuất bao bì;1811: In ấn-In ấn - Cắt xén giấy, đóng vở học sinh;1812: Dịch vụ",internet
316999003,CÔNG TY TNHH TV CREATIVE MEDIA,CÔNG TY TNHH TV CREATIVE MEDIA,Công ty trách nhiệm hữu hạn một thành viên,"81/2/1 Đường Số 18D, Phường Bình Hưng Hòa A, Quận Bình Tân, Thành phố Hồ Chí Minh, Việt Nam",Quận Bình Tân,"7310: Quảng cáo-;8230: Tổ chức giới thiệu và xúc tiến thương mại-(trừ các hoạt động trong lĩnh vực có sử dụng chất nổ, chất cháy, hóa chất, làm đạo cụ, dụng cụ thực hiện các chương trình văn hóa, nghệ",internet
317003271,CÔNG TY CỔ PHẦN THƯƠNG MẠI DỊCH VỤ ƯƠM MẦM ĐẤT,CÔNG TY CỔ PHẦN THƯƠNG MẠI DỊC,Công ty cổ phần,"639/72, Đường Hương Lộ 2, Khu phố 7, Phường Bình Trị Đông, Quận Bình Tân, Thành phố Hồ Chí Minh, Việt Nam",Quận Bình Tân,"4723: Bán lẻ đồ uống trong các cửa hàng chuyên doanh-;4751: Bán lẻ vải, len, sợi, chỉ khâu và hàng dệt khác trong các cửa hàng chuyên doanh-;4759: Bán lẻ đồ điện gia dụng, giường, tủ, bàn, ghế và đồ n",internet
317004081,CÔNG TY TNHH THỜI TRANG COSDINO,CÔNG TY TNHH THỜI TRANG COSDIN,Công ty trách nhiệm hữu hạn một thành viên,"Số 67/39 Nguyễn Thị Tú, Phường Bình Hưng Hòa B, Quận Bình Tân, Thành phố Hồ Chí Minh, Việt Nam",Quận Bình Tân,"4641: Bán buôn vải, hàng may mặc, giày dép-Chi tiết: Bán buôn hàng may mặc;4771: Bán lẻ hàng may mặc, giày dép, hàng da và giả da trong các cửa hàng chuyên doanh-;4782: Bán lẻ hàng dệt, may sẵn, giày ",internet
