tax_code,name,name_slug,company_type,address,district,industry_raw,keyword
313815353,CÔNG TY TNHH DỊCH VỤ VÀ THƯƠNG MẠI GIAO HÀNG NHANH TÍC TẮC,CÔNG TY TNHH DỊCH VỤ VÀ THƯƠNG,Công ty trách nhiệm hữu hạn một thành viên,"20/11, đường 16, Phường Linh Đông, Quận Thủ Đức, Thành phố Hồ Chí Minh, Việt Nam",Quận Thủ Đức,"5229: Hoạt động dịch vụ hỗ trợ khác liên quan đến vận tải-chi tiết: dịch vụ giao nhận hàng hóa 
(Trừ hóa lỏng khí để vận chuyển và hoạt động liên quan đến vận tải hàng không );6312: Cổng thông tin-chi",internet
313604634,DOANH NGHIỆP TƯ NHÂN DỊCH VỤ INTERNET VÀ TRÒ CHƠI ĐIỆN TỬ CÔNG CỘNG 79 GAMING,DOANH NGHIỆP TƯ NHÂN DỊCH VỤ I,Doanh nghiệp tư nhân,"73 Đường B Trưng Trắc, Phường Hiệp Bình Chánh, Quận Thủ Đức, Thành phố Hồ Chí Minh, Việt Nam",Quận Thủ Đức,"4719: Bán lẻ khác trong các cửa hàng kinh doanh tổng hợp-Chi tiết: Bán lẻ thẻ sim, thẻ cào, thẻ điện thoại;4724: Bán lẻ sản phẩm thuốc lá, thuốc lào trong các cửa hàng chuyên doanh-Chi tiết: Bán lẻ sả",internet
313612956,CÔNG TY TNHH PHẦN MỀM 102,CÔNG TY TNHH PHẦN MỀM 102,Công ty trách nhiệm hữu hạn hai thành viên trở lên,"102 đường 16, Khu phố 5, Phường Linh Trung, Quận Thủ Đức, Thành phố Hồ Chí Minh, Việt Nam",Quận Thủ Đức,"4741: Bán lẻ máy vi tính, thiết bị ngoại vi, phần mềm và thiết bị viễn thông trong các cửa hàng chuyên doanh-;5820: Xuất bản phần mềm-Chi tiết: Sản xuất phần mềm; Sản xuất phần mềm ứng dụng trên thiết",internet
313638707,CÔNG TY TNHH TRANG TRÍ NỘI THẤT AN PHÁT CƯỜNG,CÔNG TY TNHH TRANG TRÍ NỘI THẤ,Công ty trách nhiệm hữu hạn hai thành viên trở lên,"31/7 đường số 5, khu phố 3, Phường Linh Tây, Quận Thủ Đức, Thành phố Hồ Chí Minh, Việt Nam",Quận Thủ Đức,"4649: Bán buôn đồ dùng khác cho gia đình-Chi tiết: Bán buôn hàng trang trí nội thất, hàng thủ công mỹ nghệ, hàng lưu niệm, hàng điện tử gia dụng, kim khí điện máy, điện lạnh.;4641: Bán buôn vải, hàng ",internet
313641770,CÔNG TY TNHH THƯƠNG MẠI VÀ DỊCH VỤ TÂN KỶ NGUYÊN SÀI GÒN,CÔNG TY TNHH THƯƠNG MẠI VÀ DỊC,Công ty trách nhiệm hữu hạn một thành viên,"Số 10, Quốc lộ 13, Phường Hiệp Bình Chánh, Quận Thủ Đức, Thành phố Hồ Chí Minh, Việt Nam",Quận Thủ Đức,"1811: In ấn-(chỉ hoạt động khi có đủ điều kiện theo quy định của Pháp luật).;4759: Bán lẻ đồ điện gia dụng, giường, tủ, bàn, ghế và đồ nội thất tương tự, đèn và bộ đèn điện, đồ dùng gia đình khác chưa",internet
316140613,CÔNG TY TNHH THƯƠNG MẠI TAKI,CÔNG TY TNHH THƯƠNG MẠI TAKI,Công ty trách nhiệm hữu hạn một thành viên,"Số 5, Đường số 10, Khu Phố 6, Phường Hiệp Bình Chánh, Quận Thủ Đức, Thành phố Hồ Chí Minh, Việt Nam",Quận Thủ Đức,"4741: Bán lẻ máy vi tính, thiết bị ngoại vi, phần mềm và thiết bị viễn thông trong các cửa hàng chuyên doanh-;4742: Bán lẻ thiết bị nghe nhìn trong các cửa hàng chuyên doanh-;4751: Bán lẻ vải, len, sợ",internet
313655205,DOANH NGHIỆP TƯ NHÂN INTERNET TẤN LỘC,DOANH NGHIỆP TƯ NHÂN INTERNET ,Doanh nghiệp tư nhân,"Số 55 đường 14, Khu Dân Cư Hồng Long, Phường Hiệp Bình Phước, Quận Thủ Đức, Thành phố Hồ Chí Minh, Việt Nam",Quận Thủ Đức,4722: Bán lẻ thực phẩm trong các cửa hàng chuyên doanh-(thực hiện theo quyết định 64/2009/QĐ-UBND ngày 31/7/2009 và quyết định 79/2009/QĐ-UBND ngày 17/10/2009 của UBND TPHCM về phê duyệt kinh doanh nô,internet
313677350,CÔNG TY TNHH MỘT THÀNH VIÊN DỊCH VỤ HÀNG KHÔNG SCQ,CÔNG TY TNHH MỘT THÀNH VIÊN DỊ,Công ty trách nhiệm hữu hạn một thành viên,"1047/20 Tỉnh lộ 43, Phường Bình Chiểu, Quận Thủ Đức, Thành phố Hồ Chí Minh, Việt Nam",Quận Thủ Đức,"5229: Hoạt động dịch vụ hỗ trợ khác liên quan đến vận tải-Chi tiết: 
- Đại lý vé máy bay;
- Đại lý vé tàu hỏa;
- Đại lý vận tải hàng hóa bằng đường hàng không, đường thủy, đường sắt;
- Hoạt động của đ",internet
313685538,CÔNG TY TNHH VIỆT NGÂN PHÁT,CÔNG TY TNHH VIỆT NGÂN PHÁT,Công ty trách nhiệm hữu hạn một thành viên,"44 Đường số 17, Khu phố 3, Phường Hiệp Bình Chánh, Quận Thủ Đức, Thành phố Hồ Chí Minh, Việt Nam",Quận Thủ Đức,"2396: Cắt tạo dáng và hoàn thiện đá-(không hoạt động tại trụ sở);0118: Trồng rau, đậu các loại và trồng hoa, cây cảnh-(không hoạt động tại trụ sở);0121: Trồng cây ăn quả-(không hoạt động tại trụ sở);0",internet
313669737,CÔNG TY TNHH THƯƠNG MẠI DỊCH VỤ LỮ HÀNH XE ĐẠP SÀI GÒN,CÔNG TY TNHH THƯƠNG MẠI DỊCH V,Công ty trách nhiệm hữu hạn một thành viên,"Số 4, Đường Linh Trung, Phường Linh Trung, Quận Thủ Đức, Thành phố Hồ Chí Minh, Việt Nam",Quận Thủ Đức,"4763: Bán lẻ thiết bị, dụng cụ thể dục, thể thao trong các cửa hàng chuyên doanh-Chi tiết: Bán lẻ chuyên doanh các mặt hàng: Bán lẻ thiết bị, đồ dùng, dụng cụ thể dục thể thao, đồ dùng cắm trại và xe ",internet
313675755,CÔNG TY TNHH THƯƠNG MẠI DỊCH VỤ TRƯƠNG BÌNH,CÔNG TY TNHH THƯƠNG MẠI DỊCH V,Công ty trách nhiệm hữu hạn hai thành viên trở lên,"31A Đường số 7, Khu phố 1, Phường Hiệp Bình Chánh, Quận Thủ Đức, Thành phố Hồ Chí Minh, Việt Nam",Quận Thủ Đức,"4649: Bán buôn đồ dùng khác cho gia đình-(trừ dược phẩm);4659: Bán buôn máy móc, thiết bị và phụ tùng máy khác-;4669: Bán buôn chuyên doanh khác chưa được phân vào đâu-(trừ bán buôn bình gas, khí dầu ",internet
313699763,CÔNG TY TNHH THƯƠNG MẠI DỊCH VỤ ĐẦU TƯ ANH QUỐC,CÔNG TY TNHH THƯƠNG MẠI DỊCH V,Công ty trách nhiệm hữu hạn một thành viên,"41/28 Đường số 9, Khu phố 2, Phường Linh Tây, Quận Thủ Đức, Thành phố Hồ Chí Minh, Việt Nam",Quận Thủ Đức,"4662: Bán buôn kim loại và quặng kim loại-(trừ mua bán vàng miếng);4663: Bán buôn vật liệu, thiết bị lắp đặt khác trong xây dựng-Chi tiết: Bán buôn vật liệu xây dựng (không chứa hàng tại trụ sở);6190:",internet
313673162,CÔNG TY TNHH THAVISOFT,CÔNG TY TNHH THAVISOFT,Công ty trách nhiệm hữu hạn hai thành viên trở lên,"2C/1/21 Đường 39, khu phố 6, Phường Linh Đông, Quận Thủ Đức, Thành phố Hồ Chí Minh, Việt Nam",Quận Thủ Đức,5011: Vận tải hành khách ven biển và viễn dương-;5012: Vận tải hàng hóa ven biển và viễn dương-;5021: Vận tải hành khách đường thuỷ nội địa-;5022: Vận tải hàng hóa đường thuỷ nội địa-;5229: Hoạt động ,internet
313727026,CÔNG TY TNHH THƯƠNG MẠI DỊCH VỤ LÊ THANH PHÚ,CÔNG TY TNHH THƯƠNG MẠI DỊCH V,Công ty trách nhiệm hữu hạn một thành viên,"42A đường số 5, Khu phố 1, Phường Hiệp Bình Chánh, Quận Thủ Đức, Thành phố Hồ Chí Minh, Việt Nam",Quận Thủ Đức,"6820: Tư vấn, môi giới, đấu giá bất động sản, đấu giá quyền sử dụng đất-Chi tiết: Môi giới bất động sản.;7020: Hoạt động tư vấn quản lý-Chi tiết: Tư vấn về quản lý doanh nghiệp (trừ tư vấn tài chính, ",internet
313726696,CÔNG TY TNHH GOLDEN LOTUS INVESTMENT CONSULTANT- ALAND FINLAND,CÔNG TY TNHH GOLDEN LOTUS INVE,Công ty trách nhiệm hữu hạn một thành viên,"99/12/10 Đường Số 10, Khu Phố 5, Phường Hiệp Bình Chánh, Quận Thủ Đức, Thành phố Hồ Chí Minh, Việt Nam",Quận Thủ Đức,"4632: Bán buôn thực phẩm-- Chi tiết: Bán buôn đường, sữa, bánh kẹo và các sản phẩm chế biến từ ngũ cốc, bột, tinh bột, bột, tinh bột (không bán buôn đường tại trụ sở);4641: Bán buôn vải, hàng may sẵn,",internet
313749735,CÔNG TY TNHH THIẾT BỊ THƯƠNG MẠI DỊCH VỤ TRẦN LÊ,CÔNG TY TNHH THIẾT BỊ THƯƠNG M,Công ty trách nhiệm hữu hạn một thành viên,"74/10/3 Đường 36, Khu phố 8, Phường Linh Đông, Quận Thủ Đức, Thành phố Hồ Chí Minh, Việt Nam",Quận Thủ Đức,"0118: Trồng rau, đậu các loại và trồng hoa, cây cảnh-(không hoạt động tại trụ sở);0130: Nhân và chăm sóc cây giống nông nghiệp-(không hoạt động tại trụ sở);0161: Hoạt động dịch vụ trồng trọt-trừ hoạt ",internet
313756443,CÔNG TY TNHH MỘT THÀNH VIÊN QUẢNG CÁO IN ẤN SẢN XUẤT THƯƠNG MẠI DỊCH VỤ TRANG PHẠM,CÔNG TY TNHH MỘT THÀNH VIÊN QU,Công ty trách nhiệm hữu hạn một thành viên,"73 Quốc lộ 13, Phường Hiệp Bình Chánh, Quận Thủ Đức, Thành phố Hồ Chí Minh, Việt Nam",Quận Thủ Đức,2740: Sản xuất thiết bị điện chiếu sáng-(không hoạt động tại trụ sở);2511: Sản xuất các cấu kiện kim loại-(không hoạt động tại trụ sở);2592: Gia công cơ khí; xử lý và tráng phủ kim loại-(không hoạt độ,internet
313786053,CÔNG TY TNHH THƯƠNG MẠI DỊCH VỤ MTP VIỆT NAM,CÔNG TY TNHH THƯƠNG MẠI DỊCH V,Công ty trách nhiệm hữu hạn hai thành viên trở lên,"14/20 Đường Số 4 , Khu Phố 2, Phường Hiệp Bình Chánh, Quận Thủ Đức, Thành phố Hồ Chí Minh, Việt Nam",Quận Thủ Đức,"4329: Lắp đặt hệ thống xây dựng khác-chi tiết: Lắp đặt hệ thống thiết bị khác không thuộc về điện, hệ thống ống tưới nước,hệ thống lò sưởi và điều hoà nhiệt độ hoặc máy móc công nghiệp trong ngành xây",internet
313767614,DOANH NGHIỆP TƯ NHÂN INTERNET I GAMING II,DOANH NGHIỆP TƯ NHÂN INTERNET ,Doanh nghiệp tư nhân,"TĐ Số 512, Đường số 49, Khu phố 6, Phường Hiệp Bình Chánh, Quận Thủ Đức, Thành phố Hồ Chí Minh, Việt Nam",Quận Thủ Đức,4722: Bán lẻ thực phẩm trong các cửa hàng chuyên doanh-(thực hiện theo Quyết định 64/2009/QĐ-UBND ngày 31/7/2009 của Ủy ban nhân dân Thành phố Hồ Chí Minh và Quyết định 79/2009/QĐ-UBND ngày 17/10/2009,internet
313815272,CÔNG TY CỔ PHẦN TƯ VẤN ĐẦU TƯ CÔNG NGHỆ ÁNH DƯƠNG,CÔNG TY CỔ PHẦN TƯ VẤN ĐẦU TƯ ,Công ty cổ phần,"2B/4 Tam Bình, Phường Hiệp Bình Chánh, Quận Thủ Đức, Thành phố Hồ Chí Minh, Việt Nam",Quận Thủ Đức,"4669: Bán buôn chuyên doanh khác chưa được phân vào đâu-Chi tiết: Bán buôn thiết bị phòng cháy chữa cháy, camera quan sát, thiết bị chống sét, chống trộm, thiết bị tự động thông minh;;4722: Bán lẻ thự",internet
313807401,CÔNG TY TNHH TƯ VẤN ĐẦU TƯ XÂY DỰNG SONG NGUYỄN,CÔNG TY TNHH TƯ VẤN ĐẦU TƯ XÂY,Công ty trách nhiệm hữu hạn một thành viên,"31 đường 18, khu phố 5, Phường Linh Tây, Quận Thủ Đức, Thành phố Hồ Chí Minh, Việt Nam",Quận Thủ Đức,"4663: Bán buôn vật liệu, thiết bị lắp đặt khác trong xây dựng-;5820: Xuất bản phần mềm-chi tiết: sản xuất phần mềm;6110: Hoạt động viễn thông có dây-;6120: Hoạt động viễn thông không dây-;6190: Hoạt đ",internet
313860571,CÔNG TY CỔ PHẦN TÂM GIANG A,CÔNG TY CỔ PHẦN TÂM GIANG A,Công ty cổ phần,"K34 Đường số 6 Chợ Đầu Mối Nông Sản Thực PhẩmThủ Đức, Phường Tam Bình, Quận Thủ Đức, Thành phố Hồ Chí Minh, Việt Nam",Quận Thủ Đức,"5221: Hoạt động dịch vụ hỗ trợ trực tiếp cho vận tải đường sắt và đường bộ-Chi tiết: Các hoạt động dịch vụ hỗ trợ trực tiếp cho vận tải hành khách, hàng hóa bằng đường bộ. Hoạt động của các bến, bãi ô",internet
313853165,CÔNG TY TNHH VIFRESH,CÔNG TY TNHH VIFRESH,Công ty trách nhiệm hữu hạn một thành viên,"Số 66/14/21 Đường Hiệp Bình, Phường Hiệp Bình Phước, Quận Thủ Đức, Thành phố Hồ Chí Minh, Việt Nam",Quận Thủ Đức,"2220: Sản xuất sản phẩm từ plastic-;1010: Chế biến, bảo quản thịt và các sản phẩm từ thịt-;1050: Chế biến sữa và các sản phẩm từ sữa-;1073: Sản xuất ca cao, sôcôla và mứt kẹo-;1075: Sản xuất món ăn, t",internet
313862882,CÔNG TY TNHH GIẢI PHÁP CÔNG NGHỆ NEO,CÔNG TY TNHH GIẢI PHÁP CÔNG NG,Công ty trách nhiệm hữu hạn một thành viên,"43 Đường số 6, Khu dân cư Hiệp Bình Chánh, Phường Hiệp Bình Chánh, Quận Thủ Đức, Thành phố Hồ Chí Minh, Việt Nam",Quận Thủ Đức,"2620: Sản xuất máy vi tính và thiết bị ngoại vi của máy vi tính-chi tiết: sản xuất thiết bị tin học. Sản xuất thiết bị văn phòng (trừ gia công cơ khí, tái chế phế thải, xi mạ điện tại trụ sở);2630: Sả",internet
313864336,CÔNG TY TRÁCH NHIỆM HỮU HẠN CHAPCA TA,CÔNG TY TRÁCH NHIỆM HỮU HẠN CH,Công ty trách nhiệm hữu hạn hai thành viên trở lên,"Số 693 đường Kha Vạn Cân, Phường Linh Tây, Quận Thủ Đức, Thành phố Hồ Chí Minh, Việt Nam",Quận Thủ Đức,"8219: Photo, chuẩn bị tài liệu và các hoạt động hỗ trợ văn phòng đặc biệt khác-Chi tiết: Photo tài liệu; Sửa tài liệu hoặc hiệu đính; Đánh máy, sửa từ hoặc kỹ thuật chế bản điện tử; Viết thư hoặc tóm ",internet
313846954,CÔNG TY TNHH AROTECH VIỆT NAM,CÔNG TY TNHH AROTECH VIỆT NAM,Công ty trách nhiệm hữu hạn hai thành viên trở lên,"Phòng 106, Nhà A, Khu Công Nghệ Phần Mềm, đường nội bộ Đại Học Quốc Gia Thành phố Hồ Chí Minh, Khu phố 6, Phường Linh Trung, Quận Thủ Đức, Thành phố Hồ Chí Minh, Việt Nam",Quận Thủ Đức,"4663: Bán buôn vật liệu, thiết bị lắp đặt khác trong xây dựng-;4741: Bán lẻ máy vi tính, thiết bị ngoại vi, phần mềm và thiết bị viễn thông trong các cửa hàng chuyên doanh-;4742: Bán lẻ thiết bị nghe ",internet
313871982,CÔNG TY TNHH ĐẦU TƯ VÀ PHÁT TRIỂN UYÊN MINH,CÔNG TY TNHH ĐẦU TƯ VÀ PHÁT TR,Công ty trách nhiệm hữu hạn hai thành viên trở lên,"12/5 Đường 16, Khu phố 5, Phường Linh Trung, Quận Thủ Đức, Thành phố Hồ Chí Minh, Việt Nam",Quận Thủ Đức,"2817: Sản xuất máy móc và thiết bị văn phòng (trừ máy vi tính và thiết bị ngoại vi của máy vi tính)-(không hoạt động tại trụ sở).;1811: In ấn-(Trừ in tráng bao bì kim loại và in trên các sản phẩm vải,",internet
313845693,CÔNG TY TNHH BAXU,CÔNG TY TNHH BAXU,Công ty trách nhiệm hữu hạn một thành viên,"2L Đường Linh Trung, Phường Linh Trung, Quận Thủ Đức, Thành phố Hồ Chí Minh, Việt Nam",Quận Thủ Đức,"1311: Sản xuất sợi-(không hoạt động tại trụ sở);1322: Sản xuất hàng may sẵn (trừ trang phục)-(trừ tẩy, nhuộm, hồ, in trên các sản phẩm vải sợi, dệt, may, đan tại trụ sở);1410: May trang phục (trừ tran",internet
313730660,CÔNG TY TNHH THƯƠNG MẠI DỊCH VỤ ĐẶNG QUÝ CƯỜNG,CÔNG TY TNHH THƯƠNG MẠI DỊCH V,Công ty trách nhiệm hữu hạn một thành viên,"Số 443 Đường 49 , Khu Phố 7, Phường Hiệp Bình Chánh, Quận Thủ Đức, Thành phố Hồ Chí Minh, Việt Nam",Quận Thủ Đức,"4659: Bán buôn máy móc, thiết bị và phụ tùng máy khác-Chi tiết: Bán buôn máy móc, thiết bị y tế; Bán buôn máy móc, thiết bị điện, vật liệu điện (máy phát điện, động cơ điện, dây điện và thiết bị khác ",internet
313863300,CÔNG TY TNHH THƯƠNG MẠI VÀ DỊCH VỤ LONG GAMMA,CÔNG TY TNHH THƯƠNG MẠI VÀ DỊC,Công ty trách nhiệm hữu hạn một thành viên,"249/3/2B Kha Vạn Cân, Khu Phố 6, Phường Hiệp Bình Chánh, Quận Thủ Đức, Thành phố Hồ Chí Minh, Việt Nam",Quận Thủ Đức,"4662: Bán buôn kim loại và quặng kim loại-(trừ kinh doanh vàng miếng);4663: Bán buôn vật liệu, thiết bị lắp đặt khác trong xây dựng-;4711: Bán lẻ lương thực, thực phẩm, đồ uống, thuốc lá, thuốc lào ch",internet
313883699,CÔNG TY TNHH MAY MẶC CD,CÔNG TY TNHH MAY MẶC CD,Công ty trách nhiệm hữu hạn hai thành viên trở lên,"36/8 đường 10, Khu phố 3, Phường Linh Xuân, Quận Thủ Đức, Thành phố Hồ Chí Minh, Việt Nam",Quận Thủ Đức,"1512: Sản xuất vali, túi xách và các loại tương tự, sản xuất yên đệm-(trừ thuộc da, luyện cán cao su, tái chế phế thải, tẩy nhuộm hồ in và không gia công hàng đã qua sử dụng tại trụ sở);4669: Bán buôn",internet
313875112,CÔNG TY TNHH TRÁP CA,CÔNG TY TNHH TRÁP CA,Công ty trách nhiệm hữu hạn một thành viên,"Số 47 Đường số 3, Khu phố 3, Phường Tam Phú, Quận Thủ Đức, Thành phố Hồ Chí Minh, Việt Nam",Quận Thủ Đức,"4632: Bán buôn thực phẩm-( không hoạt động tại trụ sở);4663: Bán buôn vật liệu, thiết bị lắp đặt khác trong xây dựng-chi tiết: Bán buôn xi măng, gạch xây, ngói, đá, cát , sỏi, gạch ốp lát, thiết bị vệ",internet
313749090,CÔNG TY TNHH TM DV VT MẠNH HƯNG,CÔNG TY TNHH TM DV VT MẠNH HƯN,Công ty trách nhiệm hữu hạn một thành viên,"58/7/12 Đường số 47, Khu phố 6, Phường Hiệp Bình Chánh, Quận Thủ Đức, Thành phố Hồ Chí Minh, Việt Nam",Quận Thủ Đức,"7721: Cho thuê thiết bị thể thao, vui chơi giải trí-(trừ dịch vụ xoa bóp, massage);7810: Hoạt động của các trung tâm, đại lý tư vấn, giới thiệu và môi giới lao động, việc làm-Chi tiết: Hoạt động của c",internet
313887710,CÔNG TY TNHH XÂY DỰNG VẬN TẢI LÊ DƯƠNG,CÔNG TY TNHH XÂY DỰNG VẬN TẢI ,Công ty trách nhiệm hữu hạn hai thành viên trở lên,"64/3A Đường số 2, Khu Phố 4, Phường Tam Bình, Quận Thủ Đức, Thành phố Hồ Chí Minh, Việt Nam",Quận Thủ Đức,7110: Hoạt động kiến trúc và tư vấn kỹ thuật có liên quan-Chi tiết: Lập dự án xây dựng công trình; Quản lý dự án đầu tư xây dựng công trình;7410: Hoạt động thiết kế chuyên dụng-(trừ thiết kế xây dựng ,internet
313864209,CÔNG TY TNHH HOÀNG NGÂN VN,CÔNG TY TNHH HOÀNG NGÂN VN,Công ty trách nhiệm hữu hạn một thành viên,"54G Đường 5; Khu phố 4, Phường Linh Xuân, Quận Thủ Đức, Thành phố Hồ Chí Minh, Việt Nam",Quận Thủ Đức,"2599: Sản xuất sản phẩm khác bằng kim loại chưa được phân vào đâu-(không hoạt động tại trụ sở);2591: Rèn, dập, ép và cán kim loại; luyện bột kim loại-(không hoạt động tại trụ sở);2592: Gia công cơ khí",internet
313763659,CÔNG TY TNHH THƯƠNG MẠI DỊCH VỤ MẪN THÔNG NÉT,CÔNG TY TNHH THƯƠNG MẠI DỊCH V,Công ty trách nhiệm hữu hạn hai thành viên trở lên,"12/7 Đường 12, Khu phố 4, Phường Tam Bình, Quận Thủ Đức, Thành phố Hồ Chí Minh, Việt Nam",Quận Thủ Đức,"5229: Hoạt động dịch vụ hỗ trợ khác liên quan đến vận tải-Chi tiết :Đại lý vé máy bay và tàu hỏa;4723: Bán lẻ đồ uống trong các cửa hàng chuyên doanh-;4761: Bán lẻ sách, báo, tạp chí văn phòng phẩm tr",internet
313874133,CÔNG TY TNHH SẢN XUẤT THƯƠNG MẠI DỊCH VỤ THÉP VINA,CÔNG TY TNHH SẢN XUẤT THƯƠNG M,Công ty trách nhiệm hữu hạn một thành viên,"1 Đường số 3, khu phố 1, Phường Tam Bình, Quận Thủ Đức, Thành phố Hồ Chí Minh, Việt Nam",Quận Thủ Đức,"4659: Bán buôn máy móc, thiết bị và phụ tùng máy khác-chi tiết: Bán buôn máy móc, thiết bị và phụ tùng máy công nghiệp;
- Bán buôn máy móc, thiết bị và phụ tùng máy phòng cháy chữa cháy;
- Bán buôn má",internet
313901605,CÔNG TY TNHH THƯƠNG MẠI DỊCH VỤ MƯNG NGUYỄN,CÔNG TY TNHH THƯƠNG MẠI DỊCH V,Công ty trách nhiệm hữu hạn một thành viên,"4/7 Đường Nguyễn Văn Lịch, Khu Phố 3, Phường Linh Tây, Quận Thủ Đức, Thành phố Hồ Chí Minh, Việt Nam",Quận Thủ Đức,"4669: Bán buôn chuyên doanh khác chưa được phân vào đâu-Chi tiết: Bán buôn hàng kim khí điện máy, sản phẩm cơ khí, ống dẫn hơi, hàng trang trí nội thất, sàn gỗ, giấy dán tường; Bán buôn thang máy, tha",internet
313905504,CÔNG TY TNHH WINPRO,CÔNG TY TNHH WINPRO,Công ty trách nhiệm hữu hạn một thành viên,"39/6A/11 Đường Bình Chiểu, Phường Bình Chiểu, Quận Thủ Đức, Thành phố Hồ Chí Minh, Việt Nam",Quận Thủ Đức,"2395: Sản xuất bê tông và các sản phẩm từ bê tông, xi măng và thạch cao-(không hoạt động tại trụ sở); 4610: Đại lý, môi giới, đấu giá hàng hóa-Chi tiết: Đại lý, môi giới hàng hóa; 4101: Xây",internet
313919433,CÔNG TY TNHH XNK - TM NGUYÊN PHÁT,CÔNG TY TNHH XNK  TM NGUYÊN PH,Công ty trách nhiệm hữu hạn một thành viên,"Số 137, đường 46, Khu phố 6, Phường Hiệp Bình Chánh, Quận Thủ Đức, Thành phố Hồ Chí Minh, Việt Nam",Quận Thủ Đức,"2819: Sản xuất máy thông dụng khác-Chi tiết: sản xuất các loại máy móc thiết bị xây dựng, thiết bị công nghiệp;2822: Sản xuất máy công cụ và máy tạo hình kim loại-;1622: Sản xuất đồ gỗ xây dựng-;1629:",internet
314113290,CÔNG TY TNHH DAVID,CÔNG TY TNHH DAVID,Công ty trách nhiệm hữu hạn hai thành viên trở lên,"51/17 Hiệp Bình, Khu phố 7, Phường Hiệp Bình Chánh, Quận Thủ Đức, Thành phố Hồ Chí Minh, Việt Nam",Quận Thủ Đức,"8211: Dịch vụ hành chính văn phòng tổng hợp-;8219: Photo, chuẩn bị tài liệu và các hoạt động hỗ trợ văn phòng đặc biệt khác-;8220: Hoạt động dịch vụ liên quan đến các cuộc gọi-;8230: Tổ chức giới thiệ",internet
313930927,CÔNG TY TNHH CƠ KHÍ VẬN TẢI TOÀN PHÁT,CÔNG TY TNHH CƠ KHÍ VẬN TẢI TO,Công ty trách nhiệm hữu hạn một thành viên,"31/2/1 Đường Số 3 Khu phố 1, Phường Tam Bình, Quận Thủ Đức, Thành phố Hồ Chí Minh, Việt Nam",Quận Thủ Đức,"1020: Chế biến, bảo quản thuỷ sản và các sản phẩm từ thuỷ sản-;1030: Chế biến và bảo quản rau quả-;1811: In ấn-;5210: Kho bãi và lưu giữ hàng hóa-Chi tiết: Lưu giữ hàng hóa;5510: Dịch vụ lưu trú ngắn ",internet
313940393,CÔNG TY TNHH VẬN TẢI TTCO,CÔNG TY TNHH VẬN TẢI TTCO,Công ty trách nhiệm hữu hạn một thành viên,"03 Đường Số 22, Phường Linh Đông, Quận Thủ Đức, Thành phố Hồ Chí Minh, Việt Nam",Quận Thủ Đức,"2022: Sản xuất sơn, véc ni và các chất sơn, quét tương tự; sản xuất mực in và ma tít-Chi tiết: Sản xuất mực in (không hoạt động tại trụ sở).;1709: Sản xuất các sản phẩm khác từ giấy và bìa chưa được p",internet
313955713,CÔNG TY TNHH JOAN,CÔNG TY TNHH JOAN,Công ty trách nhiệm hữu hạn hai thành viên trở lên,"474/6 khu phố 6, Quốc Lộ 13, Phường Hiệp Bình Phước, Quận Thủ Đức, Thành phố Hồ Chí Minh, Việt Nam",Quận Thủ Đức,"2813: Sản xuất máy bơm, máy nén, vòi và van khác-(không hoạt động tại trụ sở);2818: Sản xuất dụng cụ cầm tay chạy bằng mô tơ hoặc khí nén-(không hoạt động tại trụ sở);2819: Sản xuất máy thông dụng khá",internet
313833560,CÔNG TY TNHH GLOBAL ENTERPRISE,CÔNG TY TNHH GLOBAL ENTERPRISE,Công ty trách nhiệm hữu hạn một thành viên,"39/9 Đường 23, Phường Hiệp Bình Chánh, Quận Thủ Đức, Thành phố Hồ Chí Minh, Việt Nam",Quận Thủ Đức,"4669: Bán buôn chuyên doanh khác chưa được phân vào đâu-chi tiết: bán buôn các sản phẩm dây đai, dây sợi, các sản phẩm dây làm từ dệt.;4711: Bán lẻ lương thực, thực phẩm, đồ uống, thuốc lá, thuốc lào ",internet
313954149,CÔNG TY TNHH NET BIN,CÔNG TY TNHH NET BIN,Công ty trách nhiệm hữu hạn một thành viên,"127A Đường số 6, Khu phố 1, Phường Linh Xuân, Quận Thủ Đức, Thành phố Hồ Chí Minh, Việt Nam",Quận Thủ Đức,"4723: Bán lẻ đồ uống trong các cửa hàng chuyên doanh-;4724: Bán lẻ sản phẩm thuốc lá, thuốc lào trong các cửa hàng chuyên doanh-Chi tiết: Bán lẻ sản phẩm thuốc lá (thực hiện theo quyết định 64/2009/QĐ",internet
313959683,CÔNG TY TNHH CUNG CẤP CÔNG NGHỆ CAO,CÔNG TY TNHH CUNG CẤP CÔNG NGH,Công ty trách nhiệm hữu hạn một thành viên,"232/27 Đặng Văn Bi, Tổ 3, Khu Phố 1, Phường Bình Thọ, Quận Thủ Đức, Thành phố Hồ Chí Minh, Việt Nam",Quận Thủ Đức,"6312: Cổng thông tin-; 7310: Quảng cáo-; 9511: Sửa chữa máy vi tính và thiết bị ngoại vi-; 4651: Bán buôn máy vi tính, thiết bị ngoại vi và phần mềm-;4652: Bán buôn thiết bị và linh kiện điện tử, viễn",internet
313960664,CÔNG TY TNHH XÂY DỰNG TBCO,CÔNG TY TNHH XÂY DỰNG TBCO,Công ty trách nhiệm hữu hạn một thành viên,"92 Kha Vạn Cân, Phường Hiệp Bình Chánh, Quận Thủ Đức, Thành phố Hồ Chí Minh, Việt Nam",Quận Thủ Đức,"4662: Bán buôn kim loại và quặng kim loại-(trừ kinh doanh vàng miếng).;4530: Bán phụ tùng và các bộ phận phụ trợ của ô tô và xe có động cơ khác-;4541: Bán mô tô, xe máy-;4542: Bảo dưỡng và sửa chữa mô",internet
314002544,CÔNG TY TNHH  MÂY BAY,CÔNG TY TNHH  MÂY BAY,Công ty trách nhiệm hữu hạn hai thành viên trở lên,"472/24 Phạm Văn Đồng , Phường Hiệp Bình Chánh, Quận Thủ Đức, Thành phố Hồ Chí Minh, Việt Nam",Quận Thủ Đức,"2220: Sản xuất sản phẩm từ plastic-Chi tiết: Sản xuất sản phẩm từ plastic; Gia công sản phẩm mica, nhựa, gỗ; Gia công cắt khắc laser, cnc (trừ sản xuất xốp cách nhiệt sử dụng ga R141b và tái chế phế t",internet
314029779,CÔNG TY CỔ PHẦN XUẤT NHẬP KHẨU SÀI GÒN GROUP,CÔNG TY CỔ PHẦN XUẤT NHẬP KHẨU,Công ty cổ phần,"295 Quốc Lộ 1A, Khu phố 6, Phường Bình Chiểu, Quận Thủ Đức, Thành phố Hồ Chí Minh, Việt Nam",Quận Thủ Đức,"4633: Bán buôn đồ uống-Chi tiết: Bán buôn đồ uống không có cồn;4723: Bán lẻ đồ uống trong các cửa hàng chuyên doanh-;4781: Bán lẻ lương thực, thực phẩm, đồ uống, thuốc lá, thuốc lào lưu động hoặc tại ",internet
313985002,CÔNG TY TNHH THIẾT KẾ XÂY DỰNG LEAGOO MIỀN NAM,CÔNG TY TNHH THIẾT KẾ XÂY DỰNG,Công ty trách nhiệm hữu hạn hai thành viên trở lên,"Số 111/8/6 Đường số 16, khu phố 3, Phường Hiệp Bình Chánh, Quận Thủ Đức, Thành phố Hồ Chí Minh, Việt Nam",Quận Thủ Đức,"4663: Bán buôn vật liệu, thiết bị lắp đặt khác trong xây dựng-chi tiết: Bán buôn sơn, các chất sơn, véc ni; Bán buôn tre, nứa, gỗ cây và gỗ chế biến; Bán buôn xi măng; Bán buôn gạch xây, ngói, đá, cát",internet
314062705,CÔNG TY CỔ PHẦN SÀN GIAO DỊCH AN GIA,CÔNG TY CỔ PHẦN SÀN GIAO DỊCH ,Công ty cổ phần,"67 Đường số 11, Phường Trường Thọ, Quận Thủ Đức, Thành phố Hồ Chí Minh, Việt Nam",Quận Thủ Đức,"2022: Sản xuất sơn, véc ni và các chất sơn, quét tương tự; sản xuất mực in và ma tít-;4940: Vận tải đường ống-;5011: Vận tải hành khách ven biển và viễn dương-;5012: Vận tải hàng hóa ven biển và viễn ",internet
313997343,CÔNG TY TNHH MOPOHOME,CÔNG TY TNHH MOPOHOME,Công ty trách nhiệm hữu hạn một thành viên,"1218 Phạm Văn Đồng, Phường Linh Tây, Quận Thủ Đức, Thành phố Hồ Chí Minh, Việt Nam",Quận Thủ Đức,"5621: Cung cấp dịch vụ ăn uống theo hợp đồng không thường xuyên với khách hàng-Chi tiết: 
- Cung cấp dịch vụ ăn uống theo hợp đồng không thường xuyên với khách hàng (phục vụ tiệc, hội họp, đám cưới)
 ",internet
314069034,CÔNG TY CỔ PHẦN M.O.I,CÔNG TY CỔ PHẦN MOI,Công ty cổ phần,"23/17 Đường số 22, Phường Hiệp Bình Chánh, Quận Thủ Đức, Thành phố Hồ Chí Minh, Việt Nam",Quận Thủ Đức,"0112: Trồng ngô và cây lương thực có hạt khác-;0113: Trồng cây lấy củ có chất bột-;0118: Trồng rau, đậu các loại và trồng hoa, cây cảnh-;0119: Trồng cây hàng năm khác-;0121: Trồng cây ăn quả-;0128: Tr",internet
314081930,CÔNG TY TRÁCH NHIỆM HỮU HẠN THƯƠNG MẠI DỊCH VỤ VIỄN THÔNG ĐẠI TÍN PHÁT,CÔNG TY TRÁCH NHIỆM HỮU HẠN TH,Công ty trách nhiệm hữu hạn một thành viên,"186C Đường 8, Tổ 15, Khu phố 3, Phường Linh Xuân, Quận Thủ Đức, Thành phố Hồ Chí Minh, Việt Nam",Quận Thủ Đức,"5310: Bưu chính-chi tiết: Đại lý cung cấp dịch vụ bưu chính viễn thông;4741: Bán lẻ máy vi tính, thiết bị ngoại vi, phần mềm và thiết bị viễn thông trong các cửa hàng chuyên doanh-;6202: Tư vấn máy vi",internet
314090893,CÔNG TY TNHH SẢN XUẤT THƯƠNG MẠI DỊCH VỤ HOÀNG CƠ,CÔNG TY TNHH SẢN XUẤT THƯƠNG M,Công ty trách nhiệm hữu hạn một thành viên,"43 đường số 3, Khu phố 1, Phường Tam Bình, Quận Thủ Đức, Thành phố Hồ Chí Minh, Việt Nam",Quận Thủ Đức,"0810: Khai thác đá, cát, sỏi, đất sét-(không hoạt động tại trụ sở).;0891: Khai thác khoáng hoá chất và khoáng phân bón-(không hoạt động tại trụ sở).;1322: Sản xuất hàng may sẵn (trừ trang phục)-(không",internet
314083906,CÔNG TY TNHH THƯƠNG MẠI DỊCH VỤ QUẢNG CÁO ĐẶNG VŨ GIA,CÔNG TY TNHH THƯƠNG MẠI DỊCH V,Công ty trách nhiệm hữu hạn hai thành viên trở lên,"939/1C, Kha Vạn Cân, Phường Linh Tây, Quận Thủ Đức, Thành phố Hồ Chí Minh, Việt Nam",Quận Thủ Đức,"2023: Sản xuất mỹ phẩm, xà phòng, chất tẩy rửa, làm bóng và chế phẩm vệ sinh-;1811: In ấn-Chi tiết:  In ấn decal, màng pvc;1812: Dịch vụ liên quan đến in-;4649: Bán buôn đồ dùng khác cho gia đình-;479",internet
314057014,CÔNG TY TNHH THƯƠNG MẠI DỊCH VỤ XUẤT NHẬP KHẨU ĐỨC NAM,CÔNG TY TNHH THƯƠNG MẠI DỊCH V,Công ty trách nhiệm hữu hạn một thành viên,"Số 20 Trưng Trắc, Khu Phố 7, Phường Hiệp Bình Chánh, Quận Thủ Đức, Thành phố Hồ Chí Minh, Việt Nam",Quận Thủ Đức,"1410: May trang phục (trừ trang phục từ da lông thú)-(trừ tẩy nhuộm, hồ, in trên các sản phẩm vãi sợi, dệt, may, thêu, đan và gia công hàng đã qua sử dụng tại trụ sở);4662: Bán buôn kim loại và quặng ",internet
314108325,CÔNG TY TNHH THƯƠNG MẠI DỊCH VỤ TƯỜNG QUỐC,CÔNG TY TNHH THƯƠNG MẠI DỊCH V,Công ty trách nhiệm hữu hạn một thành viên,"Số 146/7 Phú Châu, Khu Phố 1, Phường Tam Bình, Quận Thủ Đức, Thành phố Hồ Chí Minh, Việt Nam",Quận Thủ Đức,"1709: Sản xuất các sản phẩm khác từ giấy và bìa chưa được phân vào đâu-(không hoạt động tại trụ sở);1811: In ấn-(trừ in tráng bao bì kim loại, in trên các sản phẩm vải sợi, dệt, may, đan tại trụ sở);5",internet
313951719,CÔNG TY TNHH TƯ VẤN TRUYỀN THÔNG HOÀNG KIM,CÔNG TY TNHH TƯ VẤN TRUYỀN THÔ,Công ty trách nhiệm hữu hạn một thành viên,"25/2 Đường Số 6, Khu phố 2, Phường Hiệp Bình Chánh, Quận Thủ Đức, Thành phố Hồ Chí Minh, Việt Nam",Quận Thủ Đức,"4772: Bán lẻ thuốc, dụng cụ y tế, mỹ phẩm và vật phẩm vệ sinh trong các cửa hàng chuyên doanh-chi tiết: Bán lẻ nước hoa, mỹ phẩm và vật phẩm vệ sinh trong các cửa hàng chuyên doanh;4649: Bán buôn đồ d",internet
314329003,CÔNG TY TNHH THIẾT KẾ - SẢN XUẤT NỘI THẤT AN HAUS,CÔNG TY TNHH THIẾT KẾ  SẢN XUẤ,Công ty trách nhiệm hữu hạn một thành viên,"5/18 Đường 30, Tổ 8, Khu phố 7, Phường Linh Đông, Quận Thủ Đức, Thành phố Hồ Chí Minh, Việt Nam",Quận Thủ Đức,"1812: Dịch vụ liên quan đến in-;1622: Sản xuất đồ gỗ xây dựng-;4663: Bán buôn vật liệu, thiết bị lắp đặt khác trong xây dựng-;4321: Lắp đặt hệ thống điện-( trừ gia công cơ khí, tái chế phế thải xi mạ ",internet
314079089,CÔNG TY TNHH DỊCH VỤ THƯƠNG MẠI VNWALLS,CÔNG TY TNHH DỊCH VỤ THƯƠNG MẠ,Công ty trách nhiệm hữu hạn hai thành viên trở lên,"Số 04 Đường số 5, Khu phố 4, Phường Hiệp Bình Chánh, Quận Thủ Đức, Thành phố Hồ Chí Minh, Việt Nam",Quận Thủ Đức,"2592: Gia công cơ khí; xử lý và tráng phủ kim loại-(không hoạt động tại trụ sở);2593: Sản xuất dao kéo, dụng cụ cầm tay và đồ kim loại thông dụng-;2599: Sản xuất sản phẩm khác bằng kim loại chưa được ",internet
314127790,CÔNG TY TNHH SEMO,CÔNG TY TNHH SEMO,Công ty trách nhiệm hữu hạn hai thành viên trở lên,"74/3 Đường 27 , Phường Hiệp Bình Chánh, Quận Thủ Đức, Thành phố Hồ Chí Minh, Việt Nam",Quận Thủ Đức,"1811: In ấn-(không in tráng bao bì kim loại, in trên các sản phẩm vải, sợi. dệt, may đan tại trụ sở);1812: Dịch vụ liên quan đến in-;5224: Bốc xếp hàng hóa-(trừ bốc xếp hàng hóa cảng hàng không);5229:",internet
314165193,CÔNG TY TNHH KIM KIM SƠN,CÔNG TY TNHH KIM KIM SƠN,Công ty trách nhiệm hữu hạn một thành viên,"145/17 Đường Lê Thị Hoa, Phường Bình Chiểu, Quận Thủ Đức, Thành phố Hồ Chí Minh, Việt Nam",Quận Thủ Đức,5221: Hoạt động dịch vụ hỗ trợ trực tiếp cho vận tải đường sắt và đường bộ-Chi tiết: Hoạt động dịch vụ hỗ trợ trực tiếp cho vận tải đường bộ; Dịch vụ trông giữ ô tô;5224: Bốc xếp hàng hóa-(trừ bốc xếp,internet
313650782,CÔNG TY TNHH THƯƠNG MẠI VÀ XÂY DỰNG LIÊN HƯNG,CÔNG TY TNHH THƯƠNG MẠI VÀ XÂY,Công ty trách nhiệm hữu hạn một thành viên,"số 61/1 đường số 2, khu phố 6, Phường Hiệp Bình Phước, Quận Thủ Đức, Thành phố Hồ Chí Minh, Việt Nam",Quận Thủ Đức,"0810: Khai thác đá, cát, sỏi, đất sét-(không hoạt động tại trụ sở).; 4661: Bán buôn nhiên liệu rắn, lỏng, khí và các sản phẩm liên quan-(trừ kinh doanh khí dầu mỏ hóa lỏng LPG và dầu nhớt cặn); 4662: ",internet
313688916,CÔNG TY TNHH ZANDA,CÔNG TY TNHH ZANDA,Công ty trách nhiệm hữu hạn một thành viên,"25 Đường Lô A, Khu phố 3, Phường Tam Bình, Quận Thủ Đức, Thành phố Hồ Chí Minh, Việt Nam",Quận Thủ Đức,"6619: Hoạt động hỗ trợ dịch vụ tài chính chưa được phân vào đâu-Chi tiết: Hoạt động tư vấn đầu tư (trừ tư vấn tài chính, kế toán, pháp luật).;4773: Bán lẻ hàng hóa khác mới trong các cửa hàng chuyên d",internet
313694758,CÔNG TY TNHH THƯƠNG MẠI DỊCH VỤ TẠO PHÁT,CÔNG TY TNHH THƯƠNG MẠI DỊCH V,Công ty trách nhiệm hữu hạn hai thành viên trở lên,"376 Quốc Lộ 1A, Phường Tam Bình, Quận Thủ Đức, Thành phố Hồ Chí Minh, Việt Nam",Quận Thủ Đức,"2592: Gia công cơ khí; xử lý và tráng phủ kim loại-(không hoạt động tại trụ sở);1322: Sản xuất hàng may sẵn (trừ trang phục)-Chi tiết: Sản xuất hàng may mặc, chăn, gối, ga trải giường (trừ trang phục ",internet
313712943,CÔNG TY TNHH KIM MINH KHẢI,CÔNG TY TNHH KIM MINH KHẢI,Công ty trách nhiệm hữu hạn một thành viên,"52/2 Đường số 12, Khu phố 4, Phường Tam Bình, Quận Thủ Đức, Thành phố Hồ Chí Minh, Việt Nam",Quận Thủ Đức,"4669: Bán buôn chuyên doanh khác chưa được phân vào đâu-Chi tiết: Bán buôn hạt nhựa. Bán buôn phế liệu, phế thải kim loại, phi kim loại (không hoạt động tại trụ sở). Bán buôn nhựa đường, đồ bảo hộ lao",internet
313881532,CÔNG TY CỔ PHẦN GIẢI PHÁP CÔNG NGHỆ TÍN THÀNH,CÔNG TY CỔ PHẦN GIẢI PHÁP CÔNG,Công ty cổ phần,"43/1/1 Đường 42 Khu phố 8, Phường Hiệp Bình Chánh, Quận Thủ Đức, Thành phố Hồ Chí Minh, Việt Nam",Quận Thủ Đức,"2620: Sản xuất máy vi tính và thiết bị ngoại vi của máy vi tính-chi tiết: sản xuất,lắp ráp các máy tính điện tử như màn hình, máy tính để bàn, máy chủ, máy xách tay; các thiết bị ngoại vi máy tính như",internet
313983453,CÔNG TY TNHH IT SERVICES,CÔNG TY TNHH IT SERVICES,Công ty trách nhiệm hữu hạn một thành viên,"5/1 Đường số 40, Phường Hiệp Bình Chánh, Quận Thủ Đức, Thành phố Hồ Chí Minh, Việt Nam",Quận Thủ Đức,"4741: Bán lẻ máy vi tính, thiết bị ngoại vi, phần mềm và thiết bị viễn thông trong các cửa hàng chuyên doanh-;6120: Hoạt động viễn thông không dây-;6190: Hoạt động viễn thông khác-chi tiết: Hoạt động ",it services
314037628,CÔNG TY TNHH WHITE LTD,CÔNG TY TNHH WHITE LTD,Công ty trách nhiệm hữu hạn một thành viên,"Số 90 Đường 12, Phường Hiệp Bình Chánh, Quận Thủ Đức, Thành phố Hồ Chí Minh, Việt Nam",Quận Thủ Đức,"4649: Bán buôn đồ dùng khác cho gia đình-Chi tiết: Bán buôn mỹ phẩm và chế phẩm vệ sinh (trừ dược phẩm); Bán buôn nước hoa; Bán buôn ví, túi xách, ba lô, phụ kiện thời trang; Bán buôn đồ dùng khác cho",internet
314153825,CÔNG TY TNHH VINFIND,CÔNG TY TNHH VINFIND,Công ty trách nhiệm hữu hạn hai thành viên trở lên,"160/64 Đường Tam Châu, Phường Tam Bình, Quận Thủ Đức, Thành phố Hồ Chí Minh, Việt Nam",Quận Thủ Đức,"4662: Bán buôn kim loại và quặng kim loại-(trừ mua bán vàng miếng).;4663: Bán buôn vật liệu, thiết bị lắp đặt khác trong xây dựng-;4669: Bán buôn chuyên doanh khác chưa được phân vào đâu-(trừ bán buôn",internet
314200602,CÔNG TY TNHH PHÁT TRIỂN PTM VIỆT NAM,CÔNG TY TNHH PHÁT TRIỂN PTM VI,Công ty trách nhiệm hữu hạn hai thành viên trở lên,"20/22/19 Đường Bình Chiểu, Phường Bình Chiểu, Quận Thủ Đức, Thành phố Hồ Chí Minh, Việt Nam",Quận Thủ Đức,"4661: Bán buôn nhiên liệu rắn, lỏng, khí và các sản phẩm liên quan-(trừ kinh doanh khí dầu mỏ hóa lỏng LPG và dầu nhớt cặn);4662: Bán buôn kim loại và quặng kim loại-(trừ vàng miếng);4663: Bán buôn vậ",internet
314201652,CÔNG TY CỔ PHẦN QUỐC TẾ CUỘC SỐNG VIỆT,CÔNG TY CỔ PHẦN QUỐC TẾ CUỘC S,Công ty cổ phần,"123 Linh Trung, Phường Linh Trung, Quận Thủ Đức, Thành phố Hồ Chí Minh, Việt Nam",Quận Thủ Đức,"2012: Sản xuất phân bón và hợp chất ni tơ-(không hoạt động tại trụ sở);2023: Sản xuất mỹ phẩm, xà phòng, chất tẩy rửa, làm bóng và chế phẩm vệ sinh-(không hoạt động tại trụ sở);2100: Sản xuất thuốc, h",internet
314226230,CÔNG TY TNHH KNH SOLUTIONS,CÔNG TY TNHH KNH SOLUTIONS,Công ty trách nhiệm hữu hạn một thành viên,"59 Đường số 5, khu phố 1, Phường Hiệp Bình Chánh, Quận Thủ Đức, Thành phố Hồ Chí Minh, Việt Nam",Quận Thủ Đức,"4651: Bán buôn máy vi tính, thiết bị ngoại vi và phần mềm-;4649: Bán buôn đồ dùng khác cho gia đình-chi tiết: Bán buôn hàng gốm, sứ, thủy tinh.
Bán buôn đồ điện gia dụng, đèn và bộ đèn điện.
(trừ kinh",internet
314235838,DOANH NGHIỆP TƯ NHÂN ĐẠI LÝ INTERNET MINH TÚ,DOANH NGHIỆP TƯ NHÂN ĐẠI LÝ IN,Doanh nghiệp tư nhân,"49 C2 Đường Bình Chiểu, Phường Bình Chiểu, Quận Thủ Đức, Thành phố Hồ Chí Minh, Việt Nam",Quận Thủ Đức,4722: Bán lẻ thực phẩm trong các cửa hàng chuyên doanh-(Thực hiện theo Quyết định 64/2009/QĐ-UBND ngày 31/07/2009 và Quyết định 79/2009/QĐ-UBND ngày 17/10/2009 của Ủy ban nhân dân Thành phố Hồ Chí Min,internet
314239511,CÔNG TY TNHH HOÀNG HOÀNG GIA,CÔNG TY TNHH HOÀNG HOÀNG GIA,Công ty trách nhiệm hữu hạn một thành viên,"97/6A đường 48, khu phố 6, Phường Hiệp Bình Chánh, Quận Thủ Đức, Thành phố Hồ Chí Minh, Việt Nam",Quận Thủ Đức,"4669: Bán buôn chuyên doanh khác chưa được phân vào đâu-chi tiết: bán buôn phụ liệu may mặc và giày dép;4741: Bán lẻ máy vi tính, thiết bị ngoại vi, phần mềm và thiết bị viễn thông trong các cửa hàng ",internet
314245018,CÔNG TY TNHH MTV XUẤT NHẬP KHẨU THƯƠNG MẠI DỊCH VỤ KỸ THUẬT KỲ BẢO SƠN,CÔNG TY TNHH MTV XUẤT NHẬP KHẨ,Công ty trách nhiệm hữu hạn một thành viên,"102/9 Đặng Văn Bi, Phường Bình Thọ, Quận Thủ Đức, Thành phố Hồ Chí Minh, Việt Nam",Quận Thủ Đức,"2599: Sản xuất sản phẩm khác bằng kim loại chưa được phân vào đâu-Chi tiết: Sản xuất hộp và can để đựng thức ăn, ống và hộp gập lại được; Sản xuất các chi tiết kim loại gia dụng như: Đồ dẹt: đĩa nông ",internet
314263095,CÔNG TY CỔ PHẦN XUẤT NHẬP KHẨU NÔNG SẢN THỰC PHẨM THÔNG HIỆP,CÔNG TY CỔ PHẦN XUẤT NHẬP KHẨU,Công ty cổ phần,"A76 KDC Areco, Đường Kha Vạn Cân, Phường Linh Tây, Quận Thủ Đức, Thành phố Hồ Chí Minh, Việt Nam",Quận Thủ Đức,0113: Trồng cây lấy củ có chất bột-;0119: Trồng cây hàng năm khác-;0130: Nhân và chăm sóc cây giống nông nghiệp-;0161: Hoạt động dịch vụ trồng trọt-;0163: Hoạt động dịch vụ sau thu hoạch-;0164: Xử lý ,internet
314288029,CÔNG TY TNHH PHẦN MỀM VBS,CÔNG TY TNHH PHẦN MỀM VBS,Công ty trách nhiệm hữu hạn hai thành viên trở lên,"Số 17/3K Ụ Ghe, Khu phố 2, Phường Tam Phú, Quận Thủ Đức, Thành phố Hồ Chí Minh, Việt Nam",Quận Thủ Đức,"4741: Bán lẻ máy vi tính, thiết bị ngoại vi, phần mềm và thiết bị viễn thông trong các cửa hàng chuyên doanh-;4742: Bán lẻ thiết bị nghe nhìn trong các cửa hàng chuyên doanh-;5820: Xuất bản phần mềm-c",internet
314275943,CÔNG TY TNHH CÔNG NGHỆ HOÀNG KHOA,CÔNG TY TNHH CÔNG NGHỆ HOÀNG K,Công ty trách nhiệm hữu hạn một thành viên,"231/14/7 Kha Vạn Cân, Khu phố 6, Phường Hiệp Bình Chánh, Quận Thủ Đức, Thành phố Hồ Chí Minh, Việt Nam",Quận Thủ Đức,"4741: Bán lẻ máy vi tính, thiết bị ngoại vi, phần mềm và thiết bị viễn thông trong các cửa hàng chuyên doanh-;4759: Bán lẻ đồ điện gia dụng, giường, tủ, bàn, ghế và đồ nội thất tương tự, đèn và bộ đèn",internet
314318509,CÔNG TY TNHH SẢN XUẤT THƯƠNG MẠI DỊCH VỤ TẤN NGHĨA,CÔNG TY TNHH SẢN XUẤT THƯƠNG M,Công ty trách nhiệm hữu hạn một thành viên,"23 Hiệp Bình, Khu phố 7, Phường Hiệp Bình Chánh, Quận Thủ Đức, Thành phố Hồ Chí Minh, Việt Nam",Quận Thủ Đức,"4312: Chuẩn bị mặt bằng-;4620: Bán buôn nông, lâm sản nguyên liệu (trừ gỗ, tre, nứa) và động vật sống-Chi tiết: Bán buôn nông, lâm sản nguyên liệu (trừ gỗ, tre, nứa) (không hoạt động tại trụ sở).;5229",internet
314297626,CÔNG TY TNHH ĐẦU TƯ & PHÁT TRIỂN XÂY DỰNG THƯƠNG MẠI TRƯƠNG TRẦN,CÔNG TY TNHH ĐẦU TƯ  PHÁT TRIỂ,Công ty trách nhiệm hữu hạn một thành viên,"63/58 đường Tam Bình, Phường Tam Phú, Quận Thủ Đức, Thành phố Hồ Chí Minh, Việt Nam",Quận Thủ Đức,"5229: Hoạt động dịch vụ hỗ trợ khác liên quan đến vận tải-Chi tiết: Đại lý bán vé máy bay, vé tàu lửa, xe khách, tàu thủy (trừ kinh doanh vận tải đường hàng không);4662: Bán buôn kim loại và quặng kim",internet
314606264,CÔNG TY TNHH ĐẦU TƯ THƯƠNG MẠI VÀ PHÁT TRIỂN VẠN BẢO,CÔNG TY TNHH ĐẦU TƯ THƯƠNG MẠI,Công ty trách nhiệm hữu hạn hai thành viên trở lên,"217/10 Đường 11, Phường Linh Xuân, Quận Thủ Đức, Thành phố Hồ Chí Minh, Việt Nam",Quận Thủ Đức,4721: Bán lẻ lương thực trong các cửa hàng chuyên doanh-(thực hiện theo Quyết định 64/2009/QĐ-UBND ngày 31/7/2009 của Ủy ban nhân dân Thành phố Hồ Chí Minh và Quyết định 79/2009/QĐ-UBND ngày 17/10/200,internet
314280164,DOANH NGHIỆP TƯ NHÂN DỊCH VỤ TRÒ CHƠI ĐIỆN TỬ CÔNG CỘNG INTERNET CYBER ALL LION GAMING,DOANH NGHIỆP TƯ NHÂN DỊCH VỤ T,Doanh nghiệp tư nhân,"73B Đường số 2, Tổ 1, Khu phố 8, Phường Trường Thọ, Quận Thủ Đức, Thành phố Hồ Chí Minh, Việt Nam",Quận Thủ Đức,"6190: Hoạt động viễn thông khác-Chi tiết: Hoạt động của các điểm truy cập internet (trừ bán lại hạ tầng viễn thông, mạng cung cấp). Điểm cung cấp dịch vụ trò chơi điện tử công cộng (trừ kinh doanh trò",internet
314282669,CÔNG TY TNHH ORGANIC GREEN FARM,CÔNG TY TNHH ORGANIC GREEN FAR,Công ty trách nhiệm hữu hạn hai thành viên trở lên,"28 đường 37, Khu phố 7, Phường Hiệp Bình Chánh, Quận Thủ Đức, Thành phố Hồ Chí Minh, Việt Nam",Quận Thủ Đức,"1010: Chế biến, bảo quản thịt và các sản phẩm từ thịt-;1020: Chế biến, bảo quản thuỷ sản và các sản phẩm từ thuỷ sản-;1030: Chế biến và bảo quản rau quả-;1040: Sản xuất dầu, mỡ động, thực vật-;1050: C",internet
314342050,CÔNG TY TNHH THƯƠNG MẠI DỊCH VỤ KỸ THUẬT MINH TÍN,CÔNG TY TNHH THƯƠNG MẠI DỊCH V,Công ty trách nhiệm hữu hạn một thành viên,"218/7A Tô Ngọc Vân, Phường Linh Đông, Quận Thủ Đức, Thành phố Hồ Chí Minh, Việt Nam",Quận Thủ Đức,4329: Lắp đặt hệ thống xây dựng khác-;4330: Hoàn thiện công trình xây dựng-;4390: Hoạt động xây dựng chuyên dụng khác-;4649: Bán buôn đồ dùng khác cho gia đình-(trừ kinh doanh dược phẩm).; 4659: Bán b,internet
314344065,CÔNG TY TNHH ATP SOFTWARE,CÔNG TY TNHH ATP SOFTWARE,Công ty trách nhiệm hữu hạn hai thành viên trở lên,"86/4B Đường Số 3, Khu Phố 8, Phường Trường Thọ, Quận Thủ Đức, Thành phố Hồ Chí Minh, Việt Nam",Quận Thủ Đức,"6209: Hoạt động dịch vụ công nghệ thông tin và dịch vụ khác liên quan đến máy vi tính-;6311: Xử lý dữ liệu, cho thuê và các hoạt động liên quan-;6312: Cổng thông tin-Chi tiết: Thiết lập trang thông ti",software
314383730,CÔNG TY TNHH SẢN XUẤT VÀ THƯƠNG MẠI NÔNG TRẠI HẠNH PHÚC,CÔNG TY TNHH SẢN XUẤT VÀ THƯƠN,Công ty trách nhiệm hữu hạn một thành viên,"31 Đường Số 5, Khu Phố 4, Phường Linh Chiểu, Quận Thủ Đức, Thành phố Hồ Chí Minh, Việt Nam",Quận Thủ Đức,"0111: Trồng lúa-;0112: Trồng ngô và cây lương thực có hạt khác-;0113: Trồng cây lấy củ có chất bột-;0114: Trồng cây mía-;0117: Trồng cây có hạt chứa dầu-;0118: Trồng rau, đậu các loại và trồng hoa, câ",internet
314359329,CÔNG TY TNHH LG VINA,CÔNG TY TNHH LG VINA,Công ty trách nhiệm hữu hạn hai thành viên trở lên,"Số 1 Đường Lê Thị Hoa, Phường Bình Chiểu, Quận Thủ Đức, Thành phố Hồ Chí Minh, Việt Nam",Quận Thủ Đức,"1313: Hoàn thiện sản phẩm dệt-(Không hoạt động tại trụ sở);1321: Sản xuất vải dệt kim, vải đan móc và vải không dệt khác-(không tẩy, nhuộm, hồ, in ;gia công hàng đã qua sử dụng, thuộc da, luyện cán ca",internet
314381388,CÔNG TY TRÁCH NHIỆM HỮU HẠN SẢN XUẤT - THƯƠNG MẠI - DỊCH VỤ EFFE VN,CÔNG TY TRÁCH NHIỆM HỮU HẠN SẢ,Công ty trách nhiệm hữu hạn một thành viên,"1/27 Quốc Lộ 13, Phường Hiệp Bình Phước, Quận Thủ Đức, Thành phố Hồ Chí Minh, Việt Nam",Quận Thủ Đức,2610: Sản xuất linh kiện điện tử-(không hoạt động tại trụ sở).;2620: Sản xuất máy vi tính và thiết bị ngoại vi của máy vi tính-(không hoạt động tại trụ sở).;2630: Sản xuất thiết bị truyền thông-(không,internet
314397282,CÔNG TY TNHH XUẤT NHẬP KHẨU HOÀNG SONG PHÁT,CÔNG TY TNHH XUẤT NHẬP KHẨU HO,Công ty trách nhiệm hữu hạn một thành viên,"39/2 đường 47, Khu phố 6, Phường Hiệp Bình Chánh, Quận Thủ Đức, Thành phố Hồ Chí Minh, Việt Nam",Quận Thủ Đức,"1102: Sản xuất rượu vang-(Không hoạt động tại trụ sở);1104: Sản xuất đồ uống không cồn, nước khoáng-(Không hoạt động tại trụ sở);1322: Sản xuất hàng may sẵn (trừ trang phục)-Chi tiết: sản xuất và gia ",internet
314390752,CÔNG TY TNHH EM INT,CÔNG TY TNHH EM INT,Công ty trách nhiệm hữu hạn một thành viên,"16 Đường số 15, Phường Linh Trung, Quận Thủ Đức, Thành phố Hồ Chí Minh, Việt Nam",Quận Thủ Đức,"1512: Sản xuất vali, túi xách và các loại tương tự, sản xuất yên đệm-; 4641: Bán buôn vải, hàng may sẵn, giày dép-Chi tiết: Bán buôn hàng may mặc; 4771: Bán lẻ hàng may mặc, giày dép, hàng da và giả d",internet
314398374,CÔNG TY TNHH THƯƠNG MẠI SẢN XUẤT DỊCH VỤ AM&N,CÔNG TY TNHH THƯƠNG MẠI SẢN XU,Công ty trách nhiệm hữu hạn một thành viên,"46/35 Đường 14 Khu Phố 2, Phường Linh Chiểu, Quận Thủ Đức, Thành phố Hồ Chí Minh, Việt Nam",Quận Thủ Đức,"2610: Sản xuất linh kiện điện tử-Chi tiết: Sản xuất máy móc, thiết bị máy văn phòng (trừ gia công cơ khí, tái chế phế thải, xi mạ điện tại trụ sở).;2620: Sản xuất máy vi tính và thiết bị ngoại vi của ",internet
314410938,CÔNG TY TNHH TÍCH HỢP VÀ PHÁT TRIỂN CÔNG NGHỆ TOMANTEC VIỆT NAM,CÔNG TY TNHH TÍCH HỢP VÀ PHÁT ,Công ty trách nhiệm hữu hạn một thành viên,"16/5/17 Đường 22, Khu phố 7, Phường Linh Đông, Quận Thủ Đức, Thành phố Hồ Chí Minh, Việt Nam",Quận Thủ Đức,"1075: Sản xuất món ăn, thức ăn chế biến sẵn-(trừ sản xuất, chế biến thực phẩm tươi sống, nước chấm các loại, muôi, dầu ăn tại trụ sở);1079: Sản xuất thực phẩm khác chưa được phân vào đâu-(trừ sản xuất",internet
314413826,CÔNG TY TNHH FISHY VIỆT NAM,CÔNG TY TNHH FISHY VIỆT NAM,Công ty trách nhiệm hữu hạn hai thành viên trở lên,"Số 18 Đường số 10, Phường Hiệp Bình Chánh, Quận Thủ Đức, Thành phố Hồ Chí Minh, Việt Nam",Quận Thủ Đức,"4719: Bán lẻ khác trong các cửa hàng kinh doanh tổng hợp-(trừ bán lẻ bình gas, khí dầu mỏ hóa lỏng LPG, dầu nhớt cặn, vàng miếng, súng, đạn loại dùng đi săn hoặc thể thao và tiền kim khí; trừ bán lẻ h",internet
314437249,CÔNG TY TNHH PHÁT TRIỂN HOÀNG PHONG,CÔNG TY TNHH PHÁT TRIỂN HOÀNG ,Công ty trách nhiệm hữu hạn một thành viên,"Số 58, Đường Số 10, Phường Linh Đông, Quận Thủ Đức, Thành phố Hồ Chí Minh, Việt Nam",Quận Thủ Đức,"4649: Bán buôn đồ dùng khác cho gia đình-Chi tiết: bán buôn thẻ điện thoại,thẻ game.; 4651: Bán buôn máy vi tính, thiết bị ngoại vi và phần mềm-;4652: Bán buôn thiết bị và linh kiện điện tử, viễn ",internet
314422348,CÔNG TY TNHH ỨNG DỤNG CÔNG NGHỆ GRIDY VIỆT NAM,CÔNG TY TNHH ỨNG DỤNG CÔNG NGH,Công ty trách nhiệm hữu hạn một thành viên,"53 Đường số 2, Khu phố 6, Phường Hiệp Bình Phước, Quận Thủ Đức, Thành phố Hồ Chí Minh, Việt Nam",Quận Thủ Đức,5229: Hoạt động dịch vụ hỗ trợ khác liên quan đến vận tải-(trừ hóa lỏng khí để vận chuyển và hoạt động vận tải liên quan đến đường hàng không);5820: Xuất bản phần mềm-Chi tiết: Sản xuất phần mềm;6201:,internet
314438348,CÔNG TY TNHH DỊCH VỤ THƯƠNG MẠI SẢN XUẤT AN KHÔI,CÔNG TY TNHH DỊCH VỤ THƯƠNG MẠ,Công ty trách nhiệm hữu hạn một thành viên,"Số 3 Đường 37, Khu phố 7, Phường Hiệp Bình Chánh, Quận Thủ Đức, Thành phố Hồ Chí Minh, Việt Nam",Quận Thủ Đức,"1811: In ấn-(trừ in trực tiếp lên vải dệt, nhựa, kim loại, gỗ và gốm);4663: Bán buôn vật liệu, thiết bị lắp đặt khác trong xây dựng-;4669: Bán buôn chuyên doanh khác chưa được phân vào đâu-Chi tiết: B",internet
314439849,CÔNG TY TNHH MỘT THÀNH VIÊN TRẦN ANH GIA LAI,CÔNG TY TNHH MỘT THÀNH VIÊN TR,Công ty trách nhiệm hữu hạn một thành viên,"68/6/6A Đường Số 9, Khu Phố 3, Phường Linh Trung, Quận Thủ Đức, Thành phố Hồ Chí Minh, Việt Nam",Quận Thủ Đức,2592: Gia công cơ khí; xử lý và tráng phủ kim loại-( không hoạt động tại trụ sở );0161: Hoạt động dịch vụ trồng trọt-( không hoạt động tại trụ sở );0162: Hoạt động dịch vụ chăn nuôi-( không hoạt động ,internet
314431261,CÔNG TY TNHH XÂY DỰNG VÀ THƯƠNG MẠI AC-TECHNOLOGY,CÔNG TY TNHH XÂY DỰNG VÀ THƯƠN,Công ty trách nhiệm hữu hạn hai thành viên trở lên,"46/39 Tam Bình, Khu phố 8, Phường Hiệp Bình Chánh, Quận Thủ Đức, Thành phố Hồ Chí Minh, Việt Nam",Quận Thủ Đức,"2022: Sản xuất sơn, véc ni và các chất sơn, quét tương tự; sản xuất mực in và ma tít-chi tiết: Sản xuất các loại sơn (không hoạt động tại trụ sở).;4663: Bán buôn vật liệu, thiết bị lắp đặt khác trong ",technology
314443690,CÔNG TY CỔ PHẦN M.O.I THỰC PHẨM,CÔNG TY CỔ PHẦN MOI THỰC PHẨM,Công ty cổ phần,"23/17 Đường số 22, Phường Hiệp Bình Chánh, Quận Thủ Đức, Thành phố Hồ Chí Minh, Việt Nam",Quận Thủ Đức,"4329: Lắp đặt hệ thống xây dựng khác-(trừ lắp đặt các thiết bị lạnh( thiết bị cấp đông, kho lạnh, máy đá, điều hòa không khí, làm lạnh nước) sử dụng ga R22 trong lĩnh vực chế biến thủy - hải sản);4330",internet
314499446,CÔNG TY TNHH ANH THƯ VINA,CÔNG TY TNHH ANH THƯ VINA,Công ty trách nhiệm hữu hạn hai thành viên trở lên,"1 Đường số 5, Khu Nhà ở Vạn Phúc 1, Phường Hiệp Bình Chánh, Quận Thủ Đức, Thành phố Hồ Chí Minh, Việt Nam",Quận Thủ Đức,"4741: Bán lẻ máy vi tính, thiết bị ngoại vi, phần mềm và thiết bị viễn thông trong các cửa hàng chuyên doanh-;4652: Bán buôn thiết bị và linh kiện điện tử, viễn thông-Chi tiết: Bán buôn sim card điện ",internet
314465334,CÔNG TY TNHH MTV TRÁI MẬN ĐỎ,CÔNG TY TNHH MTV TRÁI MẬN ĐỎ,Công ty trách nhiệm hữu hạn một thành viên,"23/17 Đường Số 22, Khu phố 4, Phường Hiệp Bình Chánh, Quận Thủ Đức, Thành phố Hồ Chí Minh, Việt Nam",Quận Thủ Đức,"0112: Trồng ngô và cây lương thực có hạt khác-;0113: Trồng cây lấy củ có chất bột-;0118: Trồng rau, đậu các loại và trồng hoa, cây cảnh-;0119: Trồng cây hàng năm khác-;0121: Trồng cây ăn quả-;0127: Tr",internet
314527534,CÔNG TY TNHH THƯƠNG MẠI DỊCH VỤ ĐÌNH HIỆP,CÔNG TY TNHH THƯƠNG MẠI DỊCH V,Công ty trách nhiệm hữu hạn một thành viên,"256 Lê Thị Hoa, Khu phố 5, Phường Bình Chiểu, Quận Thủ Đức, Thành phố Hồ Chí Minh, Việt Nam",Quận Thủ Đức,"5229: Hoạt động dịch vụ hỗ trợ khác liên quan đến vận tải-Chi tiết: Hoạt động của các đại lý bán vé máy bay, vé tàu hoả, vé ô tô, vé xe khách;5310: Bưu chính-Chi tiết: Đại lý cung cấp dịch vụ bưu chín",internet
314487560,CÔNG TY TNHH ĐẦU TƯ THƯƠNG MẠI DỊCH VỤ FULLIFE,CÔNG TY TNHH ĐẦU TƯ THƯƠNG MẠI,Công ty trách nhiệm hữu hạn hai thành viên trở lên,"22/18 Đường số 6, Phường Trường Thọ, Quận Thủ Đức, Thành phố Hồ Chí Minh, Việt Nam",Quận Thủ Đức,"4741: Bán lẻ máy vi tính, thiết bị ngoại vi, phần mềm và thiết bị viễn thông trong các cửa hàng chuyên doanh-;4772: Bán lẻ thuốc, dụng cụ y tế, mỹ phẩm và vật phẩm vệ sinh trong các cửa hàng chuyên do",internet
314489409,CÔNG TY TNHH SẢN XUẤT THƯƠNG MẠI XUẤT NHẬP KHẨU VŨ THUỲ LINH,CÔNG TY TNHH SẢN XUẤT THƯƠNG,Công ty trách nhiệm hữu hạn hai thành viên trở lên,"520/15 Quốc Lộ 13, Khu Phố 6, Phường Hiệp Bình Phước, Quận Thủ Đức, Thành phố Hồ Chí Minh, Việt Nam",Quận Thủ Đức,"0123: Trồng cây điều-;0124: Trồng cây hồ tiêu-;0125: Trồng cây cao su-;0126: Trồng cây cà phê-;0141: Chăn nuôi trâu, bò-;0145: Chăn nuôi lợn-;0146: Chăn nuôi gia cầm-;0221: Khai thác gỗ-;5229: Hoạt độ",internet
314489889,CÔNG TY TNHH MỘT THÀNH VIÊN DỊCH VỤ VIỄN THÔNG BẢO TOÀN,CÔNG TY TNHH MỘT THÀNH VIÊN DỊ,Công ty trách nhiệm hữu hạn một thành viên,"11 Lê Văn Chí, Khu phố 3, Phường Linh Trung, Quận Thủ Đức, Thành phố Hồ Chí Minh, Việt Nam",Quận Thủ Đức,"5310: Bưu chính-Chi tiết: Đại lý cung cấp dịch vụ bưu chính viễn thông;4741: Bán lẻ máy vi tính, thiết bị ngoại vi, phần mềm và thiết bị viễn thông trong các cửa hàng chuyên doanh-;6202: Tư vấn máy vi",internet
314483446,CÔNG TY TNHH 123 VIỆT NAM,CÔNG TY TNHH 123 VIỆT NAM,Công ty trách nhiệm hữu hạn một thành viên,"12/4/2 Đường số 8, Phường Hiệp Bình Phước, Quận Thủ Đức, Thành phố Hồ Chí Minh, Việt Nam",Quận Thủ Đức,8292: Dịch vụ đóng gói-Chi tiết: Dịch vụ đóng gói hàng hóa (trừ đóng gói thuốc bảo vệ thực vật);6201: Lập trình máy vi tính-;4933: Vận tải hàng hóa bằng đường bộ-(trừ hóa lỏng khí để vận chuyển);4649:,internet
314502120,CÔNG TY CỔ PHẦN ĐẦU TƯ NGÓI ĐỎ,CÔNG TY CỔ PHẦN ĐẦU TƯ NGÓI ĐỎ,Công ty cổ phần,"23/17 Đường số 22, Phường Hiệp Bình Chánh, Quận Thủ Đức, Thành phố Hồ Chí Minh, Việt Nam",Quận Thủ Đức,"4322: Lắp đặt hệ thống cấp, thoát nước, lò sưởi và điều hoà không khí-(trừ lắp đặt các thiết bị lạnh( thiết bị cấp đông, kho lạnh, máy đá, điều hòa không khí, làm lạnh nước) sử dụng ga R22 trong lĩnh ",internet
314524999,CÔNG TY TNHH THƯƠNG MẠI DỊCH VỤ VIỄN THÔNG HOÀI THƯƠNG,CÔNG TY TNHH THƯƠNG MẠI DỊCH V,Công ty trách nhiệm hữu hạn một thành viên,"98A Lê Thị Hoa, Khu phố 3, Phường Bình Chiểu, Quận Thủ Đức, Thành phố Hồ Chí Minh, Việt Nam",Quận Thủ Đức,"4652: Bán buôn thiết bị và linh kiện điện tử, viễn thông-Chi tiết: Bán buôn sim card điện thoại, thẻ internet, thẻ sim; Bán buôn thiết bị điện thoại và truyền thông. Bán buôn linh kiện điện tử; Bán bu",internet
314545318,CÔNG TY TNHH DỊCH VỤ VIỄN THÔNG ĐAN PHƯỢNG,CÔNG TY TNHH DỊCH VỤ VIỄN THÔN,Công ty trách nhiệm hữu hạn một thành viên,"455 Đường Song Hành Xa Lộ Hà Nội, Phường Trường Thọ, Quận Thủ Đức, Thành phố Hồ Chí Minh, Việt Nam",Quận Thủ Đức,"1811: In ấn-( không hoạt động tại trụ sở);1812: Dịch vụ liên quan đến in-Chi tiết: Dịch vụ in ấn (trừ in, tráng bao bì kim loại);5229: Hoạt động dịch vụ hỗ trợ khác liên quan đến vận tải-Chi tiết: Gia",internet
314588103,CÔNG TY TNHH THƯƠNG MẠI DỊCH VỤ SẢN XUẤT ANH MINH,CÔNG TY TNHH THƯƠNG MẠI DỊCH V,Công ty trách nhiệm hữu hạn một thành viên,"Số 4 Đường 6, Phường Linh Chiểu, Quận Thủ Đức, Thành phố Hồ Chí Minh, Việt Nam",Quận Thủ Đức,2599: Sản xuất sản phẩm khác bằng kim loại chưa được phân vào đâu-(không hoạt động tại trụ sở);4723: Bán lẻ đồ uống trong các cửa hàng chuyên doanh-;5610: Nhà hàng và các dịch vụ ăn uống phục vụ lưu đ,internet
314549947,CÔNG TY TNHH THƯƠNG MẠI DỊCH VỤ NGỌC ÁNH PHƯƠNG,CÔNG TY TNHH THƯƠNG MẠI DỊCH V,Công ty trách nhiệm hữu hạn một thành viên,"14/13 Đường 22, Khu Phố 4, Phường Linh Đông, Quận Thủ Đức, Thành phố Hồ Chí Minh, Việt Nam",Quận Thủ Đức,"4659: Bán buôn máy móc, thiết bị và phụ tùng máy khác-Chi tiết: Bán buôn thiết bị nén khí, máy cơ khí;5210: Kho bãi và lưu giữ hàng hóa-Chi tiết: Lưu giữ hàng hóa (trừ kinh doanh bất động sản)",internet
314554506,CÔNG TY TNHH DỊCH VỤ VUI CHƠI GIẢI TRÍ ĐẾ BẢO,CÔNG TY TNHH DỊCH VỤ VUI CHƠI ,Công ty trách nhiệm hữu hạn một thành viên,"1088 Kha Vạn Cân, khu phố 1, Phường Linh Chiểu, Quận Thủ Đức, Thành phố Hồ Chí Minh, Việt Nam",Quận Thủ Đức,"5510: Dịch vụ lưu trú ngắn ngày-Chi tiết: khách sạn, biệt thự du lịch, căn hộ du lịch, nhà nghỉ du lịch, nhà ở có phòng cho khách du lịch thuê ( không hoạt động tại trụ sở);4723: Bán lẻ đồ uống trong ",internet
314551135,CÔNG TY TNHH CUNG CẤP GIẢI PHÁP KIỂM ĐỊNH SÀI GÒN,CÔNG TY TNHH CUNG CẤP GIẢI PHÁ,Công ty trách nhiệm hữu hạn một thành viên,"182/3B Hiệp Bình, Phường Hiệp Bình Chánh, Quận Thủ Đức, Thành phố Hồ Chí Minh, Việt Nam",Quận Thủ Đức,"2592: Gia công cơ khí; xử lý và tráng phủ kim loại-(không hoạt động tại trụ sở).;4663: Bán buôn vật liệu, thiết bị lắp đặt khác trong xây dựng-;3312: Sửa chữa máy móc, thiết bị-(không gia công cơ khí,",internet
314566389,CÔNG TY TNHH THƯƠNG MẠI DỊCH VỤ VIỄN THÔNG HẰNG HẢI ĐĂNG,CÔNG TY TNHH THƯƠNG MẠI DỊCH V,Công ty trách nhiệm hữu hạn một thành viên,"1042/2A Tỉnh lộ 43, khu phố 1, Phường Bình Chiểu, Quận Thủ Đức, Thành phố Hồ Chí Minh, Việt Nam",Quận Thủ Đức,"5229: Hoạt động dịch vụ hỗ trợ khác liên quan đến vận tải-chi tiết: hoạt động của các đại lý bán vé máy bay, vé tàu hỏa, vé ô tô;5310: Bưu chính-chi tiết: đại lý cung cấp dịch vụ bưu chính viễn thông;",internet
314562987,CÔNG TY TNHH SẢN XUẤT THƯƠNG MẠI NỘI THẤT CƯỜNG THỊNH,CÔNG TY TNHH SẢN XUẤT THƯƠNG M,Công ty trách nhiệm hữu hạn một thành viên,"210 đường Linh Trung, Khu phố 3, Phường Linh Trung, Quận Thủ Đức, Thành phố Hồ Chí Minh, Việt Nam",Quận Thủ Đức,"1621: Sản xuất gỗ dán, gỗ lạng, ván ép và ván mỏng khác-( không hoạt động tại trụ sở);1622: Sản xuất đồ gỗ xây dựng-( không hoạt động tại trụ sở);1629: Sản xuất sản phẩm khác từ gỗ; sản xuất sản phẩm ",internet
314575915,CÔNG TY TNHH ĐẦU TƯ PHÁT TRIỂN NGHĨA PHÁT SÀI GÒN,CÔNG TY TNHH ĐẦU TƯ PHÁT TRIỂN,Công ty trách nhiệm hữu hạn một thành viên,"161A Quốc lộ 1A, Phường Bình Chiểu, Quận Thủ Đức, Thành phố Hồ Chí Minh, Việt Nam",Quận Thủ Đức,5229: Hoạt động dịch vụ hỗ trợ khác liên quan đến vận tải-Chi tiết: Hoạt động của đại lý làm thủ tục hải quan; Hoạt động của các đại lý vận tải hàng hóa đường biển; Giao nhận hàng hóa; Hoạt động của c,internet
314613977,CÔNG TY CỔ PHẦN CÔNG NGHỆ VÀ TRUYỀN THÔNG VI VI,CÔNG TY CỔ PHẦN CÔNG NGHỆ VÀ T,Công ty cổ phần,"34 Tô Vĩnh Diện, Phường Linh Chiểu, Quận Thủ Đức, Thành phố Hồ Chí Minh, Việt Nam",Quận Thủ Đức,"4661: Bán buôn nhiên liệu rắn, lỏng, khí và các sản phẩm liên quan-(Trừ kinh doanh khí dầu mỏ hóa lỏng LPG và dầu nhớt cặn).;4662: Bán buôn kim loại và quặng kim loại-(trừ mua bán vàng miếng).;4663: B",internet
314482925,CÔNG TY TNHH LUẬT HOÀNG PHƯƠNG,CÔNG TY TNHH LUẬT HOÀNG PHƯƠNG,Công ty trách nhiệm hữu hạn một thành viên,"5/10 Đường 40, Phường Hiệp Bình Chánh, Quận Thủ Đức, Thành phố Hồ Chí Minh, Việt Nam",Quận Thủ Đức,"4663: Bán buôn vật liệu, thiết bị lắp đặt khác trong xây dựng-;4711: Bán lẻ lương thực, thực phẩm, đồ uống, thuốc lá, thuốc lào chiếm tỷ trọng lớn trong các cửa hàng kinh doanh tổng hợp-(Thực hiện the",internet
314651789,CÔNG TY TNHH THƯƠNG MẠI DỊCH VỤ SOLOMON SOLUTION,CÔNG TY TNHH THƯƠNG MẠI DỊCH V,Công ty trách nhiệm hữu hạn một thành viên,"472/9/4 Kha Vạn Cân, Khu phố 9, Phường Hiệp Bình Chánh, Quận Thủ Đức, Thành phố Hồ Chí Minh, Việt Nam",Quận Thủ Đức,"4610: Đại lý, môi giới, đấu giá-Chi tiết: Đại lý, môi giới;4652: Bán buôn thiết bị và linh kiện điện tử, viễn thông-Chi tiết: Bán buôn hàng điện tử - điện lạnh; điện thoại cố định - di động và linh ki",internet
314523089,CÔNG TY TNHH LỮ HÀNH DIVA TRIP,CÔNG TY TNHH LỮ HÀNH DIVA TRIP,Công ty trách nhiệm hữu hạn hai thành viên trở lên,"37/7 đường 16, khu phố 1, Phường Linh Chiểu, Quận Thủ Đức, Thành phố Hồ Chí Minh, Việt Nam",Quận Thủ Đức,"2392: Sản xuất vật liệu xây dựng từ đất sét-( không hoạt động tại trụ sở);2394: Sản xuất xi măng, vôi và thạch cao-( không hoạt động tại trụ sở);2395: Sản xuất bê tông và các sản phẩm từ xi măng và th",internet
314637872,CÔNG TY TNHH GIÁO DỤC PHÁT TRIỂN NĂNG KHIẾU THỂ DỤC THỂ THAO HỌC ĐƯỜNG TP.HCM,CÔNG TY TNHH GIÁO DỤC PHÁT TRI,Công ty trách nhiệm hữu hạn hai thành viên trở lên,"91/5A Đường 48, Khu Phố 6, Phường Hiệp Bình Chánh, Quận Thủ Đức, Thành phố Hồ Chí Minh, Việt Nam",Quận Thủ Đức,"4791: Bán lẻ theo yêu cầu đặt hàng qua bưu điện hoặc internet-(trừ bán lẻ bình gas, khí dầu mỏ hóa lỏng LPG, dầu nhớt cặn, vàng miếng, súng, đạn loại dùng đi săn hoặc thể thao và tiền kim khí; trừ bán",internet
314641967,CÔNG TY TNHH DỊCH VỤ UY CHẤT,CÔNG TY TNHH DỊCH VỤ UY CHẤT,Công ty trách nhiệm hữu hạn một thành viên,"32 đường 9, Khu Phố 4, Phường Trường Thọ, Quận Thủ Đức, Thành phố Hồ Chí Minh, Việt Nam",Quận Thủ Đức,"5820: Xuất bản phần mềm-Chi tiết: Sản xuất phần mềm.;6120: Hoạt động viễn thông không dây-;6190: Hoạt động viễn thông khác-Chi tiết:
- Cung cấp truy cập Internet thông qua các mạng kết nối giữa khách ",internet
314698593,CÔNG TY TNHH TOÀN THÀNH NHÂN,CÔNG TY TNHH TOÀN THÀNH NHÂN,Công ty trách nhiệm hữu hạn một thành viên,"Số 20 Trưng Trắc, Khu Phố 7, Phường Hiệp Bình Chánh, Quận Thủ Đức, Thành phố Hồ Chí Minh, Việt Nam",Quận Thủ Đức,"1622: Sản xuất đồ gỗ xây dựng-(trừ chế biến gỗ, sản xuất bột giấy, tái chế phế thải và không hoạt động tại trụ sở);1623: Sản xuất bao bì bằng gỗ-(trừ chế biến gỗ, sản xuất bột giấy, tái chế phế thải v",internet
314684505,CÔNG TY TNHH CÔNG NGHỆ KIÊN GIA HƯNG,CÔNG TY TNHH CÔNG NGHỆ KIÊN GI,Công ty trách nhiệm hữu hạn một thành viên,"71/1/20 Đường 46, Tổ 38, Khu phố 6, Phường Hiệp Bình Chánh, Quận Thủ Đức, Thành phố Hồ Chí Minh, Việt Nam",Quận Thủ Đức,6202: Tư vấn máy vi tính và quản trị hệ thống máy vi tính-(trừ dịch vụ truy cập internet);6209: Hoạt động dịch vụ công nghệ thông tin và dịch vụ khác liên quan đến máy vi tính-Chi tiết: Khắc phục các ,internet
314681102,CÔNG TY TNHH MỘT THÀNH VIÊN THƯƠNG MẠI VÀ DỊCH VỤ ĐẠI AN NHẤT,CÔNG TY TNHH MỘT THÀNH VIÊN TH,Công ty trách nhiệm hữu hạn một thành viên,"17/58 Quốc Lộ 1A, Tổ 7, Khu phố 6, Phường Linh Trung, Quận Thủ Đức, Thành phố Hồ Chí Minh, Việt Nam",Quận Thủ Đức,"4661: Bán buôn nhiên liệu rắn, lỏng, khí và các sản phẩm liên quan-(trừ kinh doanh khí dầu mỏ hóa lỏng LPG và dầu nhớt cặn);4662: Bán buôn kim loại và quặng kim loại-(trừ mua bán vàng miếng).;4663: Bá",internet
314689937,CÔNG TY TNHH MTV DỊCH VỤ THIẾT KẾ VÀ IN ẤN NHẬT QUANG,CÔNG TY TNHH MTV DỊCH VỤ THIẾT,Công ty trách nhiệm hữu hạn một thành viên,"419/15/14/5 Kha Vạn Cân, Tổ 40, Khu phố 6, Phường Hiệp Bình Chánh, Quận Thủ Đức, Thành phố Hồ Chí Minh, Việt Nam",Quận Thủ Đức,7020: Hoạt động tư vấn quản lý-chi tiết: dịch vụ tư vấn quản lý (trừ tư vấn pháp lý);7320: Nghiên cứu thị trường và thăm dò dư luận-chi tiết: dịch vụ nghiên cứu thị trường (Trừ các loại thông tin Nhà ,internet
314693997,CÔNG TY TNHH TM - ĐT - DV B.I.V,CÔNG TY TNHH TM  ĐT  DV BIV,Công ty trách nhiệm hữu hạn một thành viên,"Số 10 Đường số 5, Khu phố 4, Phường Hiệp Bình Chánh, Quận Thủ Đức, Thành phố Hồ Chí Minh, Việt Nam",Quận Thủ Đức,"1811: In ấn-(trừ in tráng bao bì kim loại, in trên các sản phẩm vải sợi, dệt, may, đan tại trụ sở);1812: Dịch vụ liên quan đến in-;4741: Bán lẻ máy vi tính, thiết bị ngoại vi, phần mềm và thiết bị viễ",internet
314710970,CÔNG TY TNHH THƯƠNG MẠI TƯ VẤN EDUTECH,CÔNG TY TNHH THƯƠNG MẠI TƯ VẤN,Công ty trách nhiệm hữu hạn hai thành viên trở lên,"85 Đường 11, Khu phố 9, Phường Trường Thọ, Quận Thủ Đức, Thành phố Hồ Chí Minh, Việt Nam",Quận Thủ Đức,"6311: Xử lý dữ liệu, cho thuê và các hoạt động liên quan-;7420: Hoạt động nhiếp ảnh-(trừ sản xuất phim);7810: Hoạt động của các trung tâm, đại lý tư vấn, giới thiệu và môi giới lao động, việc làm-Chi ",internet
314725367,CÔNG TY TNHH CHÂU PHÁT ĐẠT,CÔNG TY TNHH CHÂU PHÁT ĐẠT,Công ty trách nhiệm hữu hạn một thành viên,"Số 453 Kha Vạn Cân, Khu phố 7, Phường Hiệp Bình Chánh, Quận Thủ Đức, Thành phố Hồ Chí Minh, Việt Nam",Quận Thủ Đức,"3100: Sản xuất giường, tủ, bàn, ghế-Chi tiết: Sản xuất đồ nội thất bằng gỗ; Sản xuất đồ đỡ đệm bằng gỗ (không hoạt động tại trụ sở);1623: Sản xuất bao bì bằng gỗ-(không hoạt động tại trụ sở);1622: Sản",internet
314721806,CÔNG TY TNHH TRUYỀN THÔNG QUỐC THỊNH,CÔNG TY TNHH TRUYỀN THÔNG QUỐC,Công ty trách nhiệm hữu hạn một thành viên,"Số 26 Đường 40, Khu phố 6, Phường Linh Đông, Quận Thủ Đức, Thành phố Hồ Chí Minh, Việt Nam",Quận Thủ Đức,"4761: Bán lẻ sách, báo, tạp chí văn phòng phẩm trong các cửa hàng chuyên doanh-Chi tiết: Bán lẻ báo, tạp chí, bưu thiếp, ấn phẩm khác; bán lẻ văn phòng phẩm; bút, mực, bút bi, bút chì, giấy, cặp hồ sơ",internet
314732131,CÔNG TY CP HỆ THỐNG THÔNG TIN HDC,CÔNG TY CP HỆ THỐNG THÔNG TIN ,Công ty cổ phần,"647/13A Quốc lộ 13 Khu phố 4, Phường Hiệp Bình Phước, Quận Thủ Đức, Thành phố Hồ Chí Minh, Việt Nam",Quận Thủ Đức,"1629: Sản xuất sản phẩm khác từ gỗ; sản xuất sản phẩm từ tre, nứa, rơm, rạ và vật liệu tết bện-;4741: Bán lẻ máy vi tính, thiết bị ngoại vi, phần mềm và thiết bị viễn thông trong các cửa hàng chuyên d",internet
314804114,CÔNG TY TNHH KAITEKI VIỆT NAM,CÔNG TY TNHH KAITEKI VIỆT NAM,Công ty trách nhiệm hữu hạn một thành viên,"40/19 Đường Số 4, Khu Phố 3, Phường Tam Phú, Quận Thủ Đức, Thành phố Hồ Chí Minh, Việt Nam",Quận Thủ Đức,"4669: Bán buôn chuyên doanh khác chưa được phân vào đâu-(không tồn trữ hóa chất tại trụ sở);4711: Bán lẻ lương thực, thực phẩm, đồ uống, thuốc lá, thuốc lào chiếm tỷ trọng lớn trong các cửa hàng kinh ",internet
314757256,CÔNG TY TNHH ĐẦU TƯ THƯƠNG MẠI NHẬT VY,CÔNG TY TNHH ĐẦU TƯ THƯƠNG MẠI,Công ty trách nhiệm hữu hạn một thành viên,"Số 856 Quốc Lộ 13, Khu phố 2, Phường Hiệp Bình Phước, Quận Thủ Đức, Thành phố Hồ Chí Minh, Việt Nam",Quận Thủ Đức,"4330: Hoàn thiện công trình xây dựng-;4659: Bán buôn máy móc, thiết bị và phụ tùng máy khác-Chi tiết: Bán buôn máy móc, thiết bị và phụ tùng máy khai khoáng, xây dựng. Bán buôn máy móc, thiết bị điện,",internet
3603479130,CÔNG TY TNHH SẢN XUẤT THƯƠNG MẠI DỊCH VỤ NÔNG NGHIỆP CÔNG NGHỆ CAO VĨNH CỬU,CÔNG TY TNHH SẢN XUẤT THƯƠNG M,Công ty trách nhiệm hữu hạn hai thành viên trở lên,"Số 6/11/2 Đường số 22, Khu phố 4, Phường Linh Đông, Quận Thủ Đức, Thành phố Hồ Chí Minh, Việt Nam",Quận Thủ Đức,"1079: Sản xuất thực phẩm khác chưa được phân vào đâu-Chi tiết: Sản xuất bún tươi từ bột gạo; Sản xuất tinh bột gạo từ khoai tây ngô; Sản xuất chế biến bột dinh dưỡng ngũ cốc, cháo gói, mì gói, mì ống;",internet
314774364,CÔNG TY TNHH ĐẦU TƯ PHÚ AN HƯNG,CÔNG TY TNHH ĐẦU TƯ PHÚ AN HƯN,Công ty trách nhiệm hữu hạn hai thành viên trở lên,"Số 1/41 Đường Số 49, Khu Phố 6 , Phường Hiệp Bình Chánh, Quận Thủ Đức, Thành phố Hồ Chí Minh, Việt Nam",Quận Thủ Đức,"2640: Sản xuất sản phẩm điện tử dân dụng-;3314: Sửa chữa thiết bị điện-(Trừ gia công cơ khí, tái chế phế thải, xi, mạ điện tại trụ sở);4321: Lắp đặt hệ thống điện-(Trừ gia công cơ khí, tái chế phế thả",internet
314775600,CÔNG TY TRÁCH NHIỆM HỮU HẠN MỘT THÀNH VIÊN MYCOBOX,CÔNG TY TRÁCH NHIỆM HỮU HẠN MỘ,Công ty trách nhiệm hữu hạn một thành viên,"4 Đường 1, Phường Linh Xuân, Quận Thủ Đức, Thành phố Hồ Chí Minh, Việt Nam",Quận Thủ Đức,"2023: Sản xuất mỹ phẩm, xà phòng, chất tẩy rửa, làm bóng và chế phẩm vệ sinh-(không hoạt động tại trụ sở).;0118: Trồng rau, đậu các loại và trồng hoa, cây cảnh-;0119: Trồng cây hàng năm khác-;0121: Tr",internet
314789064,CÔNG TY TNHH CƠ ĐIỆN LẠNH NHÀN LÂM,CÔNG TY TNHH CƠ ĐIỆN LẠNH NHÀN,Công ty trách nhiệm hữu hạn hai thành viên trở lên,"Số 9/39 Đặng Văn Bi, Phường Trường Thọ, Quận Thủ Đức, Thành phố Hồ Chí Minh, Việt Nam",Quận Thủ Đức,"3290: Sản xuất khác chưa được phân vào đâu-Chi tiết: Sản xuất hệ thống thông gió, ống gió, miệng gió trong điện lạnh; Sản xuất thang máy, máng cáp, tủ điện trong ngành điện, trang thiết bị phục vụ tro",internet
314790630,CÔNG TY TNHH PHÁT CHUYỂN NHANH VIỆT MỸ POST,CÔNG TY TNHH PHÁT CHUYỂN NHANH,Công ty trách nhiệm hữu hạn hai thành viên trở lên,"17/4 Đường 52, Phường Hiệp Bình Chánh, Quận Thủ Đức, Thành phố Hồ Chí Minh, Việt Nam",Quận Thủ Đức,"4632: Bán buôn thực phẩm-Chi tiết: Bán buôn thủy - hải sản (không hoạt động tại trụ sở);4633: Bán buôn đồ uống-Chi tiết: Bán buôn rượu, bia, nước tinh khiết (không kinh doanh dịch vụ ăn uống);4649: Bá",internet
314795131,CÔNG TY CỔ PHẦN THỰC PHẨM RẠNG ĐÔNG GLOBAL,CÔNG TY CỔ PHẦN THỰC PHẨM RẠNG,Công ty cổ phần,"63/3P Đường 36, Phường Linh Đông, Quận Thủ Đức, Thành phố Hồ Chí Minh, Việt Nam",Quận Thủ Đức,"4791: Bán lẻ theo yêu cầu đặt hàng qua bưu điện hoặc internet-(trừ bán lẻ bình gas, khí dầu mỏ hóa lỏng LPG, dầu nhớt cặn, vàng miếng, súng, đạn loại dùng đi săn hoặc thể thao và tiền kim khí; trừ bán",internet
314612966,CÔNG TY TNHH HORTENSIA,CÔNG TY TNHH HORTENSIA,Công ty trách nhiệm hữu hạn một thành viên,"144/11 Quốc Lộ 13, Phường Hiệp Bình Chánh, Quận Thủ Đức, Thành phố Hồ Chí Minh, Việt Nam",Quận Thủ Đức,0121: Trồng cây ăn quả-Chi tiết: Trồng cây ăn quả;1030: Chế biến và bảo quản rau quả-Chi tiết: Chế biến và bảo quản rau quả;4722: Bán lẻ thực phẩm trong các cửa hàng chuyên doanh-(thực hiện theo Quyết,internet
314307264,CÔNG TY CỔ PHẦN ĐẦU TƯ TRUYỀN THÔNG VÀ PHÁT TRIỂN TOÀN CẦU,CÔNG TY CỔ PHẦN ĐẦU TƯ TRUYỀN ,Công ty cổ phần,"Số 09, Đường số 6, Khu phố 4, Phường Hiệp Bình Chánh, Quận Thủ Đức, Thành phố Hồ Chí Minh, Việt Nam",Quận Thủ Đức,"1410: May trang phục (trừ trang phục từ da lông thú)-(trừ tẩy, nhuộm, hồ, in, gia công hàng đã qua sử dụng tại trụ sở).;1811: In ấn-;1812: Dịch vụ liên quan đến in-;5021: Vận tải hành khách đường thuỷ",internet
314349923,CÔNG TY TNHH MỘT THÀNH VIÊN QUỐC TẾ TÍN CƯỜNG PHÁT,CÔNG TY TNHH MỘT THÀNH VIÊN QU,Công ty trách nhiệm hữu hạn một thành viên,"Số nhà 36 Đường 14, Khu phố 5, Phường Hiệp Bình Chánh, Quận Thủ Đức, Thành phố Hồ Chí Minh, Việt Nam",Quận Thủ Đức,"1313: Hoàn thiện sản phẩm dệt-;1322: Sản xuất hàng may sẵn (trừ trang phục)-(Trừ thuộc da, luyện cán cao su, tái chế phế thải; trừ tẩy, nhuộm, hồ, in trên các sản phẩm vải, sợi, dệt, may đan và không ",internet
314370234,CÔNG TY TNHH NÔNG NGHIỆP CÔNG NGHỆ CAO NAMIX,CÔNG TY TNHH NÔNG NGHIỆP CÔNG ,Công ty trách nhiệm hữu hạn hai thành viên trở lên,"số 2A3, đường số 3, Phường Linh Trung, Quận Thủ Đức, Thành phố Hồ Chí Minh, Việt Nam",Quận Thủ Đức,0112: Trồng ngô và cây lương thực có hạt khác-(Không hoạt động tại trụ sở);0113: Trồng cây lấy củ có chất bột-(Không hoạt động tại trụ sở);0161: Hoạt động dịch vụ trồng trọt-(Không hoạt động tại trụ s,internet
314401267,CÔNG TY TNHH THIẾT KẾ XÂY DỰNG ĐẠI LONG PHÁT,CÔNG TY TNHH THIẾT KẾ XÂY DỰNG,Công ty trách nhiệm hữu hạn một thành viên,"176 Đường 11, Phường Linh Xuân, Quận Thủ Đức, Thành phố Hồ Chí Minh, Việt Nam",Quận Thủ Đức,"2815: Sản xuất lò nướng, lò luyện và lò nung-(không hoạt động tại trụ sở);2816: Sản xuất các thiết bị nâng, hạ và bốc xếp-(không hoạt động tại trụ sở);2818: Sản xuất dụng cụ cầm tay chạy bằng mô tơ ho",internet
314434752,CÔNG TY TNHH THƯƠNG MẠI DỊCH VỤ HEALTH CAN NAM,CÔNG TY TNHH THƯƠNG MẠI DỊCH V,Công ty trách nhiệm hữu hạn một thành viên,"Số 1 Đường số 5 Khu nhà ở Vạn Phúc 1, Phường Hiệp Bình Phước, Quận Thủ Đức, Thành phố Hồ Chí Minh, Việt Nam",Quận Thủ Đức,"4649: Bán buôn đồ dùng khác cho gia đình-(trừ dược phẩm).;4651: Bán buôn máy vi tính, thiết bị ngoại vi và phần mềm-;4652: Bán buôn thiết bị và linh kiện điện tử, viễn thông-;4669: Bán buôn chuyên doa",internet
314478735,CÔNG TY TNHH MỘT THÀNH VIÊN THƯƠNG MẠI DỊCH VỤ VẠN NHẬT MINH,CÔNG TY TNHH MỘT THÀNH VIÊN TH,Công ty trách nhiệm hữu hạn một thành viên,"56/12/27 Đường Linh Đông, Phường Linh Đông, Quận Thủ Đức, Thành phố Hồ Chí Minh, Việt Nam",Quận Thủ Đức,"5630: Dịch vụ phục vụ đồ uống-(trừ hoạt động quán bar và quán giải khát có khiêu vũ).;4633: Bán buôn đồ uống-;1811: In ấn-(Trừ in tráng bao bì kim loại, in trên các sản phẩm vải sợi, dệt, may, đan tại",internet
314739916,CÔNG TY TNHH THƯƠNG MẠI DỊCH VỤ CƯỜNG PHÁT ĐẠT,CÔNG TY TNHH THƯƠNG MẠI DỊCH V,Công ty trách nhiệm hữu hạn một thành viên,"17A Đường Số 9, Khu phố 2, Phường Linh Tây, Quận Thủ Đức, Thành phố Hồ Chí Minh, Việt Nam",Quận Thủ Đức,5221: Hoạt động dịch vụ hỗ trợ trực tiếp cho vận tải đường sắt và đường bộ-(trừ hóa lỏng khí để vận chuyển và trừ kinh doanh kết cấu hạ tầng đường sắt);5224: Bốc xếp hàng hóa-(trừ bốc xếp hàng hóa cản,lap top
314536017,CÔNG TY TNHH SẢN XUẤT THƯƠNG MẠI PHẠM HOÀNG,CÔNG TY TNHH SẢN XUẤT THƯƠNG M,Công ty trách nhiệm hữu hạn một thành viên,"51 Đường 37, Khu phố 8, Phường Linh Đông, Quận Thủ Đức, Thành phố Hồ Chí Minh, Việt Nam",Quận Thủ Đức,"2394: Sản xuất xi măng, vôi và thạch cao-Chi tiết: Sản xuất thạch cao (không hoạt động tại trụ sở);4663: Bán buôn vật liệu, thiết bị lắp đặt khác trong xây dựng-Chi tiết: Bán buôn sơn, vécni. Bán buôn",internet
314535359,CÔNG TY CỔ PHẦN  XÂY DỰNG CÔNG NGHỆ E COOL VIỆT NAM,CÔNG TY CỔ PHẦN  XÂY DỰNG CÔN,Công ty cổ phần,"22 Đường 16, Phường Linh Chiểu, Quận Thủ Đức, Thành phố Hồ Chí Minh, Việt Nam",Quận Thủ Đức,"2620: Sản xuất máy vi tính và thiết bị ngoại vi của máy vi tính-chi tiết: Sản xuất, lắp ráp thiết bị hệ thống tin học; lắp ráp phần cứng máy tính (không hoạt động tại trụ sở);2630: Sản xuất thiết bị t",internet
314782460,DOANH NGHIỆP TƯ NHÂN INTERNET HERO NÔNG LÂM,DOANH NGHIỆP TƯ NHÂN INTERNET ,Doanh nghiệp tư nhân,"228 Đường số 4, Khu Phố 6, Phường Linh Trung, Quận Thủ Đức, Thành phố Hồ Chí Minh, Việt Nam",Quận Thủ Đức,"6190: Hoạt động viễn thông khác-Chi tiết: Hoạt động của các điểm truy cập internet, điểm cung cấp dịch vụ trò chơi điện tử công cộng (trừ kinh doanh trò chơi điện tử có thưởng cho người nước ngoài và ",internet
314568072,CÔNG TY TNHH TIN HỌC VÀ HỆ THỐNG LONG THÀNH,CÔNG TY TNHH TIN HỌC VÀ HỆ THỐ,Công ty trách nhiệm hữu hạn một thành viên,"217/14/11 Đường 11, Khu Phố 4, Phường Linh Xuân, Quận Thủ Đức, Thành phố Hồ Chí Minh, Việt Nam",Quận Thủ Đức,"4321: Lắp đặt hệ thống điện-(trừ gia công cơ khí, tái chế phế thải, xi mạ điện tại trụ sở).;4329: Lắp đặt hệ thống xây dựng khác-(trừ gia công cơ khí, tái chế phế thải, xi mạ điện).;4330: Hoàn thiện c",internet
314623679,DOANH NGHIỆP TƯ NHÂN DỊCH VỤ TRÒ CHƠI ĐIỆN TỬ CÔNG CỘNG INTERNET HIỆP CHÍ,DOANH NGHIỆP TƯ NHÂN DỊCH VỤ T,Doanh nghiệp tư nhân,"55B10 Đường Cây Keo, Phường Tam Phú, Quận Thủ Đức, Thành phố Hồ Chí Minh, Việt Nam",Quận Thủ Đức,6190: Hoạt động viễn thông khác-Chi tiết: Hoạt động của các điểm truy cập internet. Điểm cung cấp dịch vụ trò chơi điện tử công cộng (trừ kinh doanh trò chơi điện tử có thưởng dành cho người nước ngoà,internet
314632881,CÔNG TY TNHH THƯƠNG MẠI DỊCH VỤ STARFOODY,CÔNG TY TNHH THƯƠNG MẠI DỊCH V,Công ty trách nhiệm hữu hạn một thành viên,"12/5/42 Đường Số 10, Khu Phố 2, Phường Hiệp Bình Chánh, Quận Thủ Đức, Thành phố Hồ Chí Minh, Việt Nam",Quận Thủ Đức,"4659: Bán buôn máy móc, thiết bị và phụ tùng máy khác-Chi tiết: Bán buôn máy móc, thiết bị và phụ tùng máy khai khoáng, xây dựng. Bán buôn máy móc, thiết bị điện, vật liệu điện; thiết bị và dụng cụ đo",internet
314774660,CÔNG TY TNHH QUẢNG CÁO TRUYỀN THÔNG KIỀU ANH,CÔNG TY TNHH QUẢNG CÁO TRUYỀN ,Công ty trách nhiệm hữu hạn một thành viên,"Số 1C Đường số 52, Khu phố 8, Phường Hiệp Bình Chánh, Quận Thủ Đức, Thành phố Hồ Chí Minh, Việt Nam",Quận Thủ Đức,"7310: Quảng cáo-;1811: In ấn-(trừ in tráng bao bì kim loại, in trên sản phẩm vải, sợi, dệt, may đan tại trụ sở).;1812: Dịch vụ liên quan đến in-;7410: Hoạt động thiết kế chuyên dụng-(trừ thiết kế công",internet
314823484,CÔNG TY TNHH ĐẦU TƯ ĐỨC TÍN PHÁT,CÔNG TY TNHH ĐẦU TƯ ĐỨC TÍN PH,Công ty trách nhiệm hữu hạn một thành viên,"77/9 Quốc Lộ 1K, Khu Phố 2, Phường Linh Xuân, Quận Thủ Đức, Thành phố Hồ Chí Minh, Việt Nam",Quận Thủ Đức,"4651: Bán buôn máy vi tính, thiết bị ngoại vi và phần mềm-Chi tiết: Bán buôn máy vi tính, laptop, máy tính bảng, thiết bị ngoại vi và phần mềm;4652: Bán buôn thiết bị và linh kiện điện tử, viễn thông-",lap top
314832778,CÔNG TY TNHH WE STAR,CÔNG TY TNHH WE STAR,Công ty trách nhiệm hữu hạn hai thành viên trở lên,"17/12 Đường Số 15, Phường Linh Chiểu, Quận Thủ Đức, Thành phố Hồ Chí Minh, Việt Nam",Quận Thủ Đức,"4100: Xây dựng nhà các loại-;4290: Xây dựng công trình kỹ thuật dân dụng khác-;4321: Lắp đặt hệ thống điện-(không gia công cơ khí, tái chế phế thải, xi mạ điện tại trụ sở).;4329: Lắp đặt hệ thống xây ",internet
314833637,CÔNG TY TNHH XIN CHÀO BÁC TÀI,CÔNG TY TNHH XIN CHÀO BÁC TÀI,Công ty trách nhiệm hữu hạn một thành viên,"Số 23 Đường số 2, Khu Phố 3, Phường Hiệp Bình Chánh, Quận Thủ Đức, Thành phố Hồ Chí Minh, Việt Nam",Quận Thủ Đức,"7810: Hoạt động của các trung tâm, đại lý tư vấn, giới thiệu và môi giới lao động, việc làm-Chi tiết: Hoạt động của các đại lý tư vấn, giới thiệu và môi giới lao động, việc làm;7830: Cung ứng và quản ",internet
314831615,CÔNG TY TNHH PHỤ KIỆN NGON,CÔNG TY TNHH PHỤ KIỆN NGON,Công ty trách nhiệm hữu hạn một thành viên,"80 Đường Gò Dưa, KP4, Phường Tam Bình, Quận Thủ Đức, Thành phố Hồ Chí Minh, Việt Nam",Quận Thủ Đức,"4791: Bán lẻ theo yêu cầu đặt hàng qua bưu điện hoặc internet-(trừ bán lẻ bình gas, súng, đạn loại dùng đi săn hoặc thể thao, tiền kim khí và mua bán vàng miếng; thực hiện theo Quyết định 64/2009/QĐ-U",internet
314838579,CÔNG TY CỔ PHẦN ĐỊA ỐC NETHOME,CÔNG TY CỔ PHẦN ĐỊA ỐC NETHOME,Công ty cổ phần,"số 21 đường 37, KNO Đông Nam, Khu phố 5, Phường Hiệp Bình Phước, Quận Thủ Đức, Thành phố Hồ Chí Minh, Việt Nam",Quận Thủ Đức,"1410: May trang phục (trừ trang phục từ da lông thú)-(không gia công hàng đã qua sử dụng; không tẩy nhuộm, hồ in, thuộc da tại trụ sở);1621: Sản xuất gỗ dán, gỗ lạng, ván ép và ván mỏng khác-(trừ tái ",internet
314843441,CÔNG TY TNHH SẢN XUẤT THƯƠNG MẠI DỊCH VỤ HOÀNG ANH TRÂM,CÔNG TY TNHH SẢN XUẤT THƯƠNG M,Công ty trách nhiệm hữu hạn một thành viên,"8/14 Đường 38, Khu phố 8, Phường Hiệp Bình Chánh, Quận Thủ Đức, Thành phố Hồ Chí Minh, Việt Nam",Quận Thủ Đức,"2651: Sản xuất thiết bị đo lường, kiểm tra, định hướng và điều khiển-Chi tiết: sản xuất thiết bị đo lường điện năng và dấu hiệu điện tử liên quan đến viễn thông;1622: Sản xuất đồ gỗ xây dựng-(không ho",internet
314838265,CÔNG TY TNHH HOÀNG VIÊN GROUP,CÔNG TY TNHH HOÀNG VIÊN GROUP,Công ty trách nhiệm hữu hạn hai thành viên trở lên,"78 Đặng Văn Bi, Phường Bình Thọ, Quận Thủ Đức, Thành phố Hồ Chí Minh, Việt Nam",Quận Thủ Đức,"1629: Sản xuất sản phẩm khác từ gỗ; sản xuất sản phẩm từ tre, nứa, rơm, rạ và vật liệu tết bện-(không hoạt động tại trụ sở).;4633: Bán buôn đồ uống-Chi tiết: Bán buôn nước giải khát;4641: Bán buôn vải",internet
314850840,CÔNG TY TNHH TRUYỀN THÔNG KẾT NỐI THIỆN DUYÊN,CÔNG TY TNHH TRUYỀN THÔNG KẾT ,Công ty trách nhiệm hữu hạn một thành viên,"75N/2 Đường Số 2, Phường Hiệp Bình Phước, Quận Thủ Đức, Thành phố Hồ Chí Minh, Việt Nam",Quận Thủ Đức,1811: In ấn-;1812: Dịch vụ liên quan đến in-;4669: Bán buôn chuyên doanh khác chưa được phân vào đâu-Chi tiết: Bán buôn đồ thờ cúng và hàng hóa phục vụ mục đích tín ngưỡng khác.;5820: Xuất bản phần mề,internet
314852862,CÔNG TY TNHH THƯƠNG MẠI DỊCH VỤ PHÚC HỒNG ÂN,CÔNG TY TNHH THƯƠNG MẠI DỊCH V,Công ty trách nhiệm hữu hạn một thành viên,"231 Gò Dưa, Khu Phố 2, Phường Tam Bình, Quận Thủ Đức, Thành phố Hồ Chí Minh, Việt Nam",Quận Thủ Đức,"1410: May trang phục (trừ trang phục từ da lông thú)-;4719: Bán lẻ khác trong các cửa hàng kinh doanh tổng hợp-(trừ bán lẻ hóa chất, khí dầu mỏ hóa lỏng LPG, dầu nhớt cặn, vàng miếng, súng, đạn loại d",internet
314851925,CÔNG TY TNHH CÔNG NGHỆ NAM TINH,CÔNG TY TNHH CÔNG NGHỆ NAM TIN,Công ty trách nhiệm hữu hạn một thành viên,"46/17/14A Đường 49, Khu phố 7, Phường Hiệp Bình Chánh, Quận Thủ Đức, Thành phố Hồ Chí Minh, Việt Nam",Quận Thủ Đức,"1811: In ấn-(trừ in tráng bao bì kim loại, in trên sản phẩm vải, sợi, dệt, may đan tại trụ sở);1812: Dịch vụ liên quan đến in-;4663: Bán buôn vật liệu, thiết bị lắp đặt khác trong xây dựng-;5820: Xuất",internet
314863494,CÔNG TY TNHH THƯƠNG MẠI DỊCH VỤ HOME DECOR,CÔNG TY TNHH THƯƠNG MẠI DỊCH V,Công ty trách nhiệm hữu hạn một thành viên,"182 Phạm Văn Đồng, Phường Hiệp Bình Chánh, Quận Thủ Đức, Thành phố Hồ Chí Minh, Việt Nam",Quận Thủ Đức,"4229: Xây dựng công trình công ích khác-; 4641: Bán buôn vải, hàng may mặc, giày dép-; 5621: Cung cấp dịch vụ ăn uống theo hợp đồng không thường xuyên với khách hàng-; 1079: Sản xuất thực phẩm khác ch",internet
314868622,CÔNG TY TNHH THƯƠNG MẠI VÀ DỊCH VỤ PHẠM BÌNH MINH,CÔNG TY TNHH THƯƠNG MẠI VÀ DỊC,Công ty trách nhiệm hữu hạn một thành viên,"84, Đường 10, KP5, Phường Hiệp Bình Chánh, Quận Thủ Đức, Thành phố Hồ Chí Minh, Việt Nam",Quận Thủ Đức,"5510: Dịch vụ lưu trú ngắn ngày-Chi tiết: Khách sạn, biệt thự du lịch, căn hộ du lịch, nhà nghỉ du lịch, nhà ở có phòng cho khách du lịch thuê;4722: Bán lẻ thực phẩm trong các cửa hàng chuyên doanh-Ch",internet
314909357,CÔNG TY TNHH TM & DV KHAI NGUYÊN,CÔNG TY TNHH TM  DV KHAI NGUYÊ,Công ty trách nhiệm hữu hạn một thành viên,"Số 7 Đường 23 - Kdc Bình Chiểu, Phường Bình Chiểu, Quận Thủ Đức, Thành phố Hồ Chí Minh, Việt Nam",Quận Thủ Đức,"4610: Đại lý, môi giới, đấu giá-chi tiết: Đại lý. Môi giới (trừ đấu giá tài sản);4620: Bán buôn nông, lâm sản nguyên liệu (trừ gỗ, tre, nứa) và động vật sống-(không hoạt động tại trụ sở);4641: Bán buô",internet
314905183,CÔNG TY TNHH TM DV MINH ĐẠI PHÁT,CÔNG TY TNHH TM DV MINH ĐẠI PH,Công ty trách nhiệm hữu hạn một thành viên,"187 Đường Tam Bình, Phường Tam Phú, Quận Thủ Đức, Thành phố Hồ Chí Minh, Việt Nam",Quận Thủ Đức,"4663: Bán buôn vật liệu, thiết bị lắp đặt khác trong xây dựng-;4330: Hoàn thiện công trình xây dựng-;7410: Hoạt động thiết kế chuyên dụng-(trừ thiết kế công trình xây dựng).;4791: Bán lẻ theo yêu cầu ",internet
314930172,CÔNG TY TNHH CÔNG NGHỆ BEE HIVE,CÔNG TY TNHH CÔNG NGHỆ BEE HIV,Công ty trách nhiệm hữu hạn một thành viên,"188/5/12A Tô Ngọc Vân, Phường Linh Đông, Quận Thủ Đức, Thành phố Hồ Chí Minh, Việt Nam",Quận Thủ Đức,"6202: Tư vấn máy vi tính và quản trị hệ thống máy vi tính-;6209: Hoạt động dịch vụ công nghệ thông tin và dịch vụ khác liên quan đến máy vi tính-;6311: Xử lý dữ liệu, cho thuê và các hoạt động liên qu",internet
314941093,CÔNG TY TNHH THƯƠNG MẠI TKS,CÔNG TY TNHH THƯƠNG MẠI TKS,Công ty trách nhiệm hữu hạn một thành viên,"12/20 đường số 49, khu phố 7, Phường Hiệp Bình Chánh, Quận Thủ Đức, Thành phố Hồ Chí Minh, Việt Nam",Quận Thủ Đức,"4761: Bán lẻ sách, báo, tạp chí văn phòng phẩm trong các cửa hàng chuyên doanh-Chi tiết:  - Bán lẻ sách, truyện các loại; - bán lẻ báo, tạp chí, bưu thiếp, thẻ quà tặng, ấn phẩm khác; bán lẻ văn phòng",internet
314963594,CÔNG TY TNHH SẢN XUẤT THƯƠNG MẠI DỊCH VỤ ĐTT,CÔNG TY TNHH SẢN XUẤT THƯƠNG M,Công ty trách nhiệm hữu hạn hai thành viên trở lên,"40/11 Ngô Chí Quốc, khu phố 2, Phường Bình Chiểu, Quận Thủ Đức, Thành phố Hồ Chí Minh, Việt Nam",Quận Thủ Đức,"1079: Sản xuất thực phẩm khác chưa được phân vào đâu-Chi tiết: Chế biến, gia công chế biến nông sản: hạt điều và các loại gia vị khác; Chế biến, gia công chế biến lương thực: đậu các loại, bánh tráng,",internet
314953268,CÔNG TY CỔ PHẦN XÂY DỰNG KỸ THUẬT LUSTER,CÔNG TY CỔ PHẦN XÂY DỰNG KỸ TH,Công ty cổ phần,"939/1C Kha Vạn Cân , Phường Linh Tây, Quận Thủ Đức, Thành phố Hồ Chí Minh, Việt Nam",Quận Thủ Đức,"4633: Bán buôn đồ uống-;4649: Bán buôn đồ dùng khác cho gia đình-Chi tiết: Bán buôn đèn và bộ đèn điện; Bán buôn dây điện; Bán buôn thiết bị, dụng cụ, vật tư điện dân dụng và công nghiệp; Bán buôn sản",internet
314974123,CÔNG TY TNHH SẢN XUẤT THƯƠNG MẠI PHÂN PHỐI THUẬN PHÁT,CÔNG TY TNHH SẢN XUẤT THƯƠNG M,Công ty trách nhiệm hữu hạn một thành viên,"34/21/2 Đường số 9 Quốc lộ 13, Khu phố 5, Phường Hiệp Bình Phước, Quận Thủ Đức, Thành phố Hồ Chí Minh, Việt Nam",Quận Thủ Đức,"4649: Bán buôn đồ dùng khác cho gia đình-Chi tiết: Bán buôn dụng cụ hỗ trợ y tế; Bán buôn nước hoa, bán buôn hàng mỹ phẩm, hóa mỹ phẩm và chế phẩm vệ sinh; Bán buôn đồ dùng khác cho gia đình chưa được",internet
314948331,CÔNG TY TNHH MỘT THÀNH VIÊN XÂY DỰNG ĐẦU TƯ THƯƠNG MẠI MINH NGHĨA,CÔNG TY TNHH MỘT THÀNH VIÊN XÂ,Công ty trách nhiệm hữu hạn một thành viên,"64/60 Đường Số 8, Khu Phố 1 , Phường Linh Đông, Quận Thủ Đức, Thành phố Hồ Chí Minh, Việt Nam",Quận Thủ Đức,"4329: Lắp đặt hệ thống xây dựng khác-Chi tiết: Lắp đặt hệ thống lạnh trung tâm, hệ thống điện trung tâm. Lắp đặt trạm biến thế và thi công đường dây điện công nghiệp đến 35KV. Lắp đặt hệ thống xử lý n",internet
314933173,CÔNG TY TNHH CÔNG NGHỆ TUUDI,CÔNG TY TNHH CÔNG NGHỆ TUUDI,Công ty trách nhiệm hữu hạn một thành viên,"16B/13 Đường số 32, Phường Linh Đông, Quận Thủ Đức, Thành phố Hồ Chí Minh, Việt Nam",Quận Thủ Đức,"4791: Bán lẻ theo yêu cầu đặt hàng qua bưu điện hoặc internet-Bán lẻ, xuất nhập khẩu sữa, sản phẩm từ sữa và trứng, bột ăn dặm, bột ngũ cốc, thực phẩm chức năng, vitamin tổng hợp(trừ dược phẩm); Các l",internet
314977893,CÔNG TY TNHH MỘT THÀNH VIÊN DSC THỦ ĐỨC,CÔNG TY TNHH MỘT THÀNH VIÊN DS,Công ty trách nhiệm hữu hạn một thành viên,"Số 168, đường Linh Đông, Phường Linh Đông, Quận Thủ Đức, Thành phố Hồ Chí Minh, Việt Nam",Quận Thủ Đức,8299: Hoạt động dịch vụ hỗ trợ kinh doanh khác còn lại chưa được phân vào đâu-Chi tiết: Dịch vụ thương mại điện tử. Xuất nhập khẩu các mặt hàng công ty kinh doanh.;8559: Giáo dục khác chưa được phân v,internet
315017536,CÔNG TY TNHH SẢN XUẤT TRẦN ĐOÀN,CÔNG TY TNHH SẢN XUẤT TRẦN ĐOÀ,Công ty trách nhiệm hữu hạn hai thành viên trở lên,"80/32 Đường 17, Phường Hiệp Bình Chánh, Quận Thủ Đức, Thành phố Hồ Chí Minh, Việt Nam",Quận Thủ Đức,"4791: Bán lẻ theo yêu cầu đặt hàng qua bưu điện hoặc internet-(trừ bán lẻ bình gas, khí dầu mỏ hóa lỏng LPG, dầu nhớt cặn, vàng miếng, súng, đạn loại dùng đi săn hoặc thể thao và tiền kim khí và thực ",internet
315057176,CÔNG TY TNHH PHÂN PHỐI CAMERA MIỀN NAM,CÔNG TY TNHH PHÂN PHỐI CAMERA ,Công ty trách nhiệm hữu hạn hai thành viên trở lên,"53 Đặng Văn Bi, Khu Phố 6, Phường Trường Thọ, Quận Thủ Đức, Thành phố Hồ Chí Minh, Việt Nam",Quận Thủ Đức,"2640: Sản xuất sản phẩm điện tử dân dụng-Chi tiết: Lắp ráp linh kiện điện tử, máy vi tính (không hoạt dộng tại trụ sở);4669: Bán buôn chuyên doanh khác chưa được phân vào đâu-Chi tiết: Bán buôn thiết ",internet
315019766,CÔNG TY TNHH TƯ VẤN XÂY DỰNG THƯƠNG MẠI DỊCH VỤ NHẬT NGUYÊN,CÔNG TY TNHH TƯ VẤN XÂY DỰNG T,Công ty trách nhiệm hữu hạn một thành viên,"Số 1028 Tỉnh Lộ 43, Phường Bình Chiểu, Quận Thủ Đức, Thành phố Hồ Chí Minh, Việt Nam",Quận Thủ Đức,4722: Bán lẻ thực phẩm trong các cửa hàng chuyên doanh-(thực hiện theo Quyết định số 64/2009/QĐ-UBND ngày 31/07/2009 và Quyết định số 79/2009/QĐ-UBND ngày 17/10/2009 của Ủy Ban Nhân Dân TP. Hồ Chí Min,internet
315027453,CÔNG TY CỔ PHẦN UME VIỆT NAM,CÔNG TY CỔ PHẦN UME VIỆT NAM,Công ty cổ phần,"49/10 Đường số 19, khu phố 4, Phường Hiệp Bình Chánh, Quận Thủ Đức, Thành phố Hồ Chí Minh, Việt Nam",Quận Thủ Đức,"4799: Bán lẻ hình thức khác chưa được phân vào đâu-(trừ bán lẻ hóa chất, khí dầu mỏ hóa lỏng LPG, dầu nhớt cặn, vàng miếng, súng, đạn loại dùng đi săn hoặc thể thao và tiền kim khí; Thực hiện theo Quy",internet
315069277,CÔNG TY TNHH THÀNH TÍN HIẾU,CÔNG TY TNHH THÀNH TÍN HIẾU,Công ty trách nhiệm hữu hạn một thành viên,"207/38 Đường số 47, Phường Hiệp Bình Chánh, Quận Thủ Đức, Thành phố Hồ Chí Minh, Việt Nam",Quận Thủ Đức,"4663: Bán buôn vật liệu, thiết bị lắp đặt khác trong xây dựng-;7730: Cho thuê máy móc, thiết bị và đồ dùng hữu hình khác-Chi tiết: Cho thuê máy móc, thiết bị xây dựng và văn phòng;4330: Hoàn thiện côn",internet
315043039,CÔNG TY TNHH GBG SÀI GÒN,CÔNG TY TNHH GBG SÀI GÒN,Công ty trách nhiệm hữu hạn một thành viên,"Số 11, đường số 2 Khu đô thị Vạn Phúc, Khu phố 5, Phường Hiệp Bình Phước, Quận Thủ Đức, Thành phố Hồ Chí Minh, Việt Nam",Quận Thủ Đức,"2022: Sản xuất sơn, véc ni và các chất sơn, quét tương tự; sản xuất mực in và ma tít-(không hoạt động tại trụ sở).;2592: Gia công cơ khí; xử lý và tráng phủ kim loại-(không hoạt động tại trụ sở).;2599",internet
315121752,CÔNG TY TNHH THƯƠNG MẠI VÀ DỊCH VỤ GIA KHANG OFFICE,CÔNG TY TNHH THƯƠNG MẠI VÀ DỊC,Công ty trách nhiệm hữu hạn một thành viên,"33 Đường Số 10, Khu phố 4, Phường Tam Bình, Quận Thủ Đức, Thành phố Hồ Chí Minh, Việt Nam",Quận Thủ Đức,1811: In ấn-;1812: Dịch vụ liên quan đến in-;4721: Bán lẻ lương thực trong các cửa hàng chuyên doanh-(thực hiện theo quyết định 64/2009/QĐ-UBND ngày 31/07/2009 và quyết định  số 79/2009/QĐ-UBND ngày 1,internet
315091579,CÔNG TY TNHH THƯƠNG MẠI DỊCH VỤ VẬN TẢI MÔI GIỚI BẤT ĐỘNG SẢN THIÊN THUẬN PHÁT,CÔNG TY TNHH THƯƠNG MẠI DỊCH V,Công ty trách nhiệm hữu hạn một thành viên,"Số 58 Đường Số 16, Khu Phố 3, Phường Hiệp Bình Chánh, Quận Thủ Đức, Thành phố Hồ Chí Minh, Việt Nam",Quận Thủ Đức,"7310: Quảng cáo-;4211: Xây dựng công trình đường sắt-;4212: Xây dựng công trình đường bộ-;4221: Xây dựng công trình điện-;4222: Xây dựng công trình cấp, thoát nước-;4223: Xây dựng công trình viễn thôn",internet
315094509,CÔNG TY TNHH TM&DV GIA ANH ĐL,CÔNG TY TNHH TMDV GIA ANH ĐL,Công ty trách nhiệm hữu hạn hai thành viên trở lên,"Số 51/8 Đường số 38, Phường Hiệp Bình Chánh, Quận Thủ Đức, Thành phố Hồ Chí Minh, Việt Nam",Quận Thủ Đức,"4649: Bán buôn đồ dùng khác cho gia đình-Chi tiết: Bán buôn hàng gốm, sứ, thủy tinh; Bán buôn đồ điện gia dụng, đèn và bộ đèn điện; Bán buôn giường, tủ, bàn ghế và đồ dùng nội thất tương tự (không hoạ",internet
315118397,CÔNG TY TNHH MTV HANA JAPAN,CÔNG TY TNHH MTV HANA JAPAN,Công ty trách nhiệm hữu hạn một thành viên,"63/12 Đường Số 8, Phường Linh Xuân, Quận Thủ Đức, Thành phố Hồ Chí Minh, Việt Nam",Quận Thủ Đức,"4772: Bán lẻ thuốc, dụng cụ y tế, mỹ phẩm và vật phẩm vệ sinh trong các cửa hàng chuyên doanh-;4774: Bán lẻ hàng hóa đã qua sử dụng trong các cửa hàng chuyên doanh-(trừ bán lẻ hóa chất, đồ cổ, khí dầu",internet
315152976,CÔNG TY TNHH LAVENDER,CÔNG TY TNHH LAVENDER,Công ty trách nhiệm hữu hạn một thành viên,"50 Đường 21, Phường Hiệp Bình Chánh, Quận Thủ Đức, Thành phố Hồ Chí Minh, Việt Nam",Quận Thủ Đức,"4773: Bán lẻ hàng hóa khác mới trong các cửa hàng chuyên doanh-Chi tiết: Bán lẻ hoa, cây cảnh trong các cửa hàng chuyên doanh; Bán lẻ hàng lưu niệm, hàng đan lát, hàng thủ công mỹ nghệ trong các cửa h",internet
315101837,CÔNG TY TNHH DỊCH VỤ DU LỊCH VÀ VẬN TẢI THỌ LÊ,CÔNG TY TNHH DỊCH VỤ DU LỊC,Công ty trách nhiệm hữu hạn một thành viên,"102 Lê Thị Hoa, Khu Phố 5 , Phường Bình Chiểu, Quận Thủ Đức, Thành phố Hồ Chí Minh, Việt Nam",Quận Thủ Đức,7710: Cho thuê xe có động cơ-;4511: Bán buôn ô tô và xe có động cơ khác-;4512: Bán lẻ ô tô con (loại 12 chỗ ngồi trở xuống)-;4530: Bán phụ tùng và các bộ phận phụ trợ của ô tô và xe có động cơ khác-;4,internet
315142047,CÔNG TY CỔ PHẦN MOREHOME SÀI GÒN,CÔNG TY CỔ PHẦN MOREHOME SÀI G,Công ty cổ phần,"234/3 Tô Ngọc Vân , Phường Linh Đông, Quận Thủ Đức, Thành phố Hồ Chí Minh, Việt Nam",Quận Thủ Đức,"4764: Bán lẻ trò chơi, đồ chơi trong các cửa hàng chuyên doanh-(Không kinh doanh đồ chơi có hại cho giáo dục nhân cách,sức khỏe của trẻ em,hoặc ảnh hưởng đến an ninh trật tự,an toàn xã hội);4773: Bán ",internet
315144453,CÔNG TY TNHH THƯƠNG MẠI XUẤT NHẬP KHẨU TRENDY NEEDS VN,CÔNG TY TNHH THƯƠNG MẠI XUẤT N,Công ty trách nhiệm hữu hạn một thành viên,"199/1/1 Khu phố 4, Đặng Văn Bi, Phường Trường Thọ, Quận Thủ Đức, Thành phố Hồ Chí Minh, Việt Nam",Quận Thủ Đức,"4771: Bán lẻ hàng may mặc, giày dép, hàng da và giả da trong các cửa hàng chuyên doanh-;4773: Bán lẻ hàng hóa khác mới trong các cửa hàng chuyên doanh-Chi tiết: Bán lẻ phụ kiện thời trang trong các cử",internet
315150714,CÔNG TY TNHH THƯƠNG MẠI DỊCH VỤ XUẤT NHẬP KHẨU CÔNG NGHỆ GIFTCHOICE,CÔNG TY TNHH THƯƠNG MẠI DỊCH V,Công ty trách nhiệm hữu hạn một thành viên,"6/11/4 Đường 22, Khu Phố 4, Phường Linh Đông, Quận Thủ Đức, Thành phố Hồ Chí Minh, Việt Nam",Quận Thủ Đức,"4799: Bán lẻ hình thức khác chưa được phân vào đâu-(trừ bán lẻ bình gas, khí dầu mỏ hóa lỏng LPG, dầu nhớt cặn, vàng miếng, súng, đạn loại dùng đi săn hoặc thể thao và tiền kim khí; trừ bán lẻ hóa chấ",internet
315159410,CÔNG TY TNHH TƯ VẤN THIẾT KẾ VÀ XÂY DỰNG HƯNG GIA,CÔNG TY TNHH TƯ VẤN THIẾT KẾ V,Công ty trách nhiệm hữu hạn một thành viên,"8/12 Đường số 50, Phường Hiệp Bình Chánh, Quận Thủ Đức, Thành phố Hồ Chí Minh, Việt Nam",Quận Thủ Đức,"4312: Chuẩn bị mặt bằng-;4321: Lắp đặt hệ thống điện-(trừ gia công cơ khí, tái chế phế thải, xi mạ điện tại trụ sở).;4322: Lắp đặt hệ thống cấp, thoát nước, hệ thống sưởi và điều hoà không khí-(trừ lắ",internet
315165044,CÔNG TY TNHH THƯƠNG MẠI DỊCH VỤ AIAI,CÔNG TY TNHH THƯƠNG MẠI DỊCH V,Công ty trách nhiệm hữu hạn một thành viên,"44/4 Hiệp Bình, Phường Hiệp Bình Chánh, Quận Thủ Đức, Thành phố Hồ Chí Minh, Việt Nam",Quận Thủ Đức,"4651: Bán buôn máy vi tính, thiết bị ngoại vi và phần mềm-;4741: Bán lẻ máy vi tính, thiết bị ngoại vi, phần mềm và thiết bị viễn thông trong các cửa hàng chuyên doanh-;4742: Bán lẻ thiết bị nghe nhìn",internet
315164160,DOANH NGHIỆP TƯ NHÂN DỊCH VỤ TRÒ CHƠI ĐIỆN TỬ CÔNG CỘNG CYBER ALL GAME X-GAME,DOANH NGHIỆP TƯ NHÂN DỊCH VỤ T,Doanh nghiệp tư nhân,"24 Đường Chương Dương, Phường Linh Chiểu, Quận Thủ Đức, Thành phố Hồ Chí Minh, Việt Nam",Quận Thủ Đức,"6190: Hoạt động viễn thông khác-Chi tiết: Đại lý cung cấp dịch vụ truy cập internet, cung cấp dịch vụ trò chơi điện tử công cộng (Trừ kinh doanh trò chơi điện tử có thưởng dành cho người nước ngoài và",internet
315052883,CÔNG TY CỔ PHẦN GIÁO DỤC VÀ ĐÀO TẠO QUỐC TẾ VALIANCI,CÔNG TY CỔ PHẦN GIÁO DỤC VÀ ĐÀ,Công ty cổ phần,"Số 29, Đường Nguyễn Thị Nhung, Phường Hiệp Bình Phước, Quận Thủ Đức, Thành phố Hồ Chí Minh, Việt Nam",Quận Thủ Đức,"1104: Sản xuất đồ uống không cồn, nước khoáng-(Không hoạt động tại trụ sở);1610: Cưa, xẻ, bào gỗ và bảo quản gỗ-(Không hoạt động tại trụ sở);1629: Sản xuất sản phẩm khác từ gỗ; sản xuất sản phẩm từ tr",internet
315170774,CÔNG TY TNHH VƯƠNG KHÁNH PHÁT,CÔNG TY TNHH VƯƠNG KHÁNH PHÁT,Công ty trách nhiệm hữu hạn một thành viên,"24/8 Đường số 23, khu phố 4, Phường Hiệp Bình Chánh, Quận Thủ Đức, Thành phố Hồ Chí Minh, Việt Nam",Quận Thủ Đức,"1811: In ấn-;4719: Bán lẻ khác trong các cửa hàng kinh doanh tổng hợp-(trừ bán lẻ hóa chất, khí dầu mỏ hóa lỏng LPG, dầu nhớt cặn, vàng miếng, súng, đạn loại dùng đi săn hoặc thể thao và tiền kim khí;",internet
315052467,CÔNG TY TNHH DỊCH VỤ VÀ KỸ THUẬT CÔNG NGHỆ NGUYỄN HOÀNG,CÔNG TY TNHH DỊCH VỤ VÀ KỸ THU,Công ty trách nhiệm hữu hạn một thành viên,"176/1A Võ Văn Ngân, Phường Bình Thọ, Quận Thủ Đức, Thành phố Hồ Chí Minh, Việt Nam",Quận Thủ Đức,"6820: Tư vấn, môi giới, đấu giá bất động sản, đấu giá quyền sử dụng đất-chi tiết: Tư vấn bất động sản (trừ tư vấn mang tính pháp lý); quản lý bất động sản, môi giới bất động sản, sàn giao dịch bất độn",lap top
315182402,CÔNG TY TNHH SẢN XUẤT THƯƠNG MẠI DỊCH VỤ HOÀNG BIÊN,CÔNG TY TNHH SẢN XUẤT THƯƠNG M,Công ty trách nhiệm hữu hạn một thành viên,"185/63/40 Ngô Chí Quốc, Phường Bình Chiểu, Quận Thủ Đức, Thành phố Hồ Chí Minh, Việt Nam",Quận Thủ Đức,"4741: Bán lẻ máy vi tính, thiết bị ngoại vi, phần mềm và thiết bị viễn thông trong các cửa hàng chuyên doanh-;3312: Sửa chữa máy móc, thiết bị-(trừ gia công cơ khí, tái chế phế thải, xi mạ điện tại tr",internet
315176712,CÔNG TY TNHH CÔNG NGHỆ FOSY,CÔNG TY TNHH CÔNG NGHỆ FOSY,Công ty trách nhiệm hữu hạn hai thành viên trở lên,"3/5 Nguyễn Văn Lịch, Phường Linh Tây, Quận Thủ Đức, Thành phố Hồ Chí Minh, Việt Nam",Quận Thủ Đức,"3312: Sửa chữa máy móc, thiết bị-(Không gia công cơ khí, tái chế phế thải, xi mạ điện tại trụ sở);6201: Lập trình máy vi tính-;3320: Lắp đặt máy móc và thiết bị công nghiệp-;4652: Bán buôn thiết bị và",internet
315231466,CÔNG TY TNHH SẢN XUẤT THƯƠNG MẠI DỊCH VỤ TIÊN THÔNG,CÔNG TY TNHH SẢN XUẤT THƯƠNG M,Công ty trách nhiệm hữu hạn một thành viên,"87/5 Đường 16, Khu phố 3, Phường Hiệp Bình Chánh, Quận Thủ Đức, Thành phố Hồ Chí Minh, Việt Nam",Quận Thủ Đức,"1512: Sản xuất vali, túi xách và các loại tương tự, sản xuất yên đệm-Chi tiết: Sản xuất, gia công bao điện thoại, bao da laptop (Trừ thuộc da, luyện cán cao su, tái chế phế thải, tẩy nhuộm hồ in và kh",lap top
315193612,CÔNG TY TNHH ANHFLY TRAVEL,CÔNG TY TNHH ANHFLY TRAVEL,Công ty trách nhiệm hữu hạn một thành viên,"81 Hiệp Bình, Phường Hiệp Bình Chánh, Quận Thủ Đức, Thành phố Hồ Chí Minh, Việt Nam",Quận Thủ Đức,"6419: Hoạt động trung gian tiền tệ khác-Chi tiết: Đại lý cung ứng dịch vụ nhận và chi trả ngoại tệ;9620: Giặt là, làm sạch các sản phẩm dệt và lông thú-;6619: Hoạt động hỗ trợ dịch vụ tài chính chưa đ",internet
315201133,CÔNG TY TNHH ERP SOLUTIONS VIETNAM,CÔNG TY TNHH ERP SOLUTIONS VIE,Công ty trách nhiệm hữu hạn một thành viên,"79A Hiệp Bình, Khu phố 7, Phường Hiệp Bình Chánh, Quận Thủ Đức, Thành phố Hồ Chí Minh, Việt Nam",Quận Thủ Đức,"4931: Vận tải hành khách đường bộ trong nội thành, ngoại thành (trừ vận tải bằng xe buýt)-chi tiết: Kinh doanh vận chuyển hành khách bằng ô tô theo tuyến cố định;5610: Nhà hàng và các dịch vụ ăn uống ",internet
315217655,CÔNG TY TNHH SWAN,CÔNG TY TNHH SWAN,Công ty trách nhiệm hữu hạn một thành viên,"Số 167/22 Đường số 8, Phường Linh Xuân, Quận Thủ Đức, Thành phố Hồ Chí Minh, Việt Nam",Quận Thủ Đức,"4761: Bán lẻ sách, báo, tạp chí văn phòng phẩm trong các cửa hàng chuyên doanh-(có nội dung được phép lưu hành);4772: Bán lẻ thuốc, dụng cụ y tế, mỹ phẩm và vật phẩm vệ sinh trong các cửa hàng chuyên ",internet
315251832,CÔNG TY TNHH JV STEEL SOLUTIONS,CÔNG TY TNHH JV STEEL SOLUTION,Công ty trách nhiệm hữu hạn hai thành viên trở lên,"Lầu 1, 1146 Phạm Văn Đồng, Phường Linh Đông, Quận Thủ Đức, Thành phố Hồ Chí Minh, Việt Nam",Quận Thủ Đức,6201: Lập trình máy vi tính-;6202: Tư vấn máy vi tính và quản trị hệ thống máy vi tính-(trừ dịch vụ truy cập internet);6209: Hoạt động dịch vụ công nghệ thông tin và dịch vụ khác liên quan đến máy vi ,internet
315227075,CÔNG TY TNHH THƯƠNG MẠI DỊCH VỤ SẢN XUẤT XÂY DỰNG TRẦN GIA,CÔNG TY TNHH THƯƠNG MẠI DỊCH V,Công ty trách nhiệm hữu hạn một thành viên,"Số 109/31 Đường Hiệp Bình, Khu Phố 6, Phường Hiệp Bình Phước, Quận Thủ Đức, Thành phố Hồ Chí Minh, Việt Nam",Quận Thủ Đức,"2599: Sản xuất sản phẩm khác bằng kim loại chưa được phân vào đâu-Chi tiết: Sản xuất đồ nội thất, gia công sản phẩm từ sắt;1622: Sản xuất đồ gỗ xây dựng-(không hoạt động tại trụ sở);1629: Sản xuất sản",internet
315265497,CÔNG TY TNHH NÔNG SẢN Á CHÂU SAMBO,CÔNG TY TNHH NÔNG SẢN Á CHÂU S,Công ty trách nhiệm hữu hạn một thành viên,"Số 7 đường số 23, Khu dân cư Bình Chiểu, Phường Bình Chiểu, Quận Thủ Đức, Thành phố Hồ Chí Minh, Việt Nam",Quận Thủ Đức,8292: Dịch vụ đóng gói-(trừ đóng gói thuốc bảo vệ thực vật).;8299: Hoạt động dịch vụ hỗ trợ kinh doanh khác còn lại chưa được phân vào đâu-Chi tiết: Xuất nhập khẩu mặt hàng Công ty kinh doanh;4322: Lắ,internet
315237732,CÔNG TY CỔ PHẦN SMATIC,CÔNG TY CỔ PHẦN SMATIC,Công ty cổ phần,"39/25A Đường Số 4, Tổ 29, Khu Phố 3 , Phường Linh Tây, Quận Thủ Đức, Thành phố Hồ Chí Minh, Việt Nam",Quận Thủ Đức,"9511: Sửa chữa máy vi tính và thiết bị ngoại vi-(không gia công cơ khí, tái chế phế thải, xi, mạ điện tại trụ sở);9512: Sửa chữa thiết bị liên lạc-(không gia công cơ khí, tái chế phế thải, xi, mạ điện",internet
315265585,CÔNG TY TNHH THƯƠNG MẠI XUẤT NHẬP KHẨU PHƯƠNG NHƯ PNC,CÔNG TY TNHH THƯƠNG MẠI XUẤT N,Công ty trách nhiệm hữu hạn hai thành viên trở lên,"15 Đường số 12, Khu phố 4, Phường Tam Bình, Quận Thủ Đức, Thành phố Hồ Chí Minh, Việt Nam",Quận Thủ Đức,"4751: Bán lẻ vải, len, sợi, chỉ khâu và hàng dệt khác trong các cửa hàng chuyên doanh-;4753: Bán lẻ thảm, đệm, chăn, màn, rèm, vật liệu phủ tường và sàn trong các cửa hàng chuyên doanh-;4771: Bán lẻ h",internet
315242330,CÔNG TY TNHH THƯƠNG MẠI BAO BÌ PHAN GIA,CÔNG TY TNHH THƯƠNG MẠI BAO BÌ,Công ty trách nhiệm hữu hạn một thành viên,"28/2/7/2 Đường 45, khu phố 2, Phường Hiệp Bình Chánh, Quận Thủ Đức, Thành phố Hồ Chí Minh, Việt Nam",Quận Thủ Đức,"8230: Tổ chức giới thiệu và xúc tiến thương mại-(không thực hiện các hiệu ứng cháy, nổ; không sử dụng chất nổ, chất cháy, hóa chất làm đạo cụ, dụng cụ thực hiện các chương trình văn nghệ, sự kiện, phi",internet
315249583,CÔNG TY TNHH THƯƠNG MẠI VÀ DỊCH VỤ KBD,CÔNG TY TNHH THƯƠNG MẠI VÀ DỊC,Công ty trách nhiệm hữu hạn một thành viên,"11 đường 52, khu phố 8, Phường Hiệp Bình Chánh, Quận Thủ Đức, Thành phố Hồ Chí Minh, Việt Nam",Quận Thủ Đức,"2640: Sản xuất sản phẩm điện tử dân dụng-(không hoạt động tại trụ sở).;3320: Lắp đặt máy móc và thiết bị công nghiệp-(không hoạt động tại trụ sở).;3312: Sửa chữa máy móc, thiết bị-(trừ gia công cơ khí",internet
315252226,CÔNG TY TNHH BẤT ĐỘNG SẢN HOÀNG LONG CITI HOME,CÔNG TY TNHH BẤT ĐỘNG SẢN HOÀN,Công ty trách nhiệm hữu hạn một thành viên,"1050 Kha Vạn Cân, Khu phố 1, Phường Linh Chiểu, Quận Thủ Đức, Thành phố Hồ Chí Minh, Việt Nam",Quận Thủ Đức,"8230: Tổ chức giới thiệu và xúc tiến thương mại-(không thực hiện các hiệu ứng cháy, nổ; không sử dụng chất nổ, chất cháy, hóa chất làm đạo cụ, dụng cụ thực hiện các chương trình văn nghệ, sự kiện, phi",internet
315249833,CÔNG TY TNHH GÓC XINH,CÔNG TY TNHH GÓC XINH,Công ty trách nhiệm hữu hạn hai thành viên trở lên,"J19 đường số 14, Khu Sông Đà, KP.6, Phường Hiệp Bình Chánh, Quận Thủ Đức, Thành phố Hồ Chí Minh, Việt Nam",Quận Thủ Đức,"7110: Hoạt động kiến trúc và tư vấn kỹ thuật có liên quan-;4620: Bán buôn nông, lâm sản nguyên liệu (trừ gỗ, tre, nứa) và động vật sống-Chi tiết: Bán buôn hoa (không hoạt động tại trụ sở) và cây;4649:",internet
315267938,CÔNG TY TNHH LATTICE ENERGY TECHNOLOGY,CÔNG TY TNHH LATTICE ENERGY TE,Công ty trách nhiệm hữu hạn hai thành viên trở lên,"37/29 Đường 36, Khu phố 8, Phường Hiệp Bình Chánh, Quận Thủ Đức, Thành phố Hồ Chí Minh, Việt Nam",Quận Thủ Đức,"4659: Bán buôn máy móc, thiết bị và phụ tùng máy khác-Chi tiết: 
- Bán buôn máy móc, thiết bị và phụ tùng máy in 3D;
- Bán buôn máy móc, thiết bị và phụ tùng máy cung cấp năng lượng mặt trời
(CPC 622)",technology
315272078,CÔNG TY TNHH MTV THƯƠNG MẠI DỊCH VỤ XUẤT NHẬP KHẨU HẠNH QUỐC,CÔNG TY TNHH MTV THƯƠNG MẠI DỊ,Công ty trách nhiệm hữu hạn một thành viên,"9/13 Đường số 11, Tổ 5, Khu phố 1, Phường Linh Tây, Quận Thủ Đức, Thành phố Hồ Chí Minh, Việt Nam",Quận Thủ Đức,9329: Hoạt động vui chơi giải trí khác chưa được phân vào đâu-(trừ hoạt động sàn nhảy; trừ kinh doanh trò chơi điện tử có thưởng dành cho người nước ngoài và kinh doanh trò chơi có thưởng trên mạng);6,internet
315288007,CÔNG TY TNHH THIẾT KẾ HƯNG ĐẮC,CÔNG TY TNHH THIẾT KẾ HƯNG ĐẮC,Công ty trách nhiệm hữu hạn một thành viên,"14/21 Đường 17, Phường Linh Chiểu, Quận Thủ Đức, Thành phố Hồ Chí Minh, Việt Nam",Quận Thủ Đức,"4791: Bán lẻ theo yêu cầu đặt hàng qua bưu điện hoặc internet-(trừ bán lẻ bình gas, súng, đạn loại dùng đi săn hoặc thể thao, tiền kim khí và mua bán vàng miếng; thực hiện theo Quyết định 64/2009/QĐ-U",internet
315297393,CÔNG TY TNHH DỊCH VỤ GIẢI PHÁP THỜI GIAN,CÔNG TY TNHH DỊCH VỤ GIẢI PHÁP,Công ty trách nhiệm hữu hạn hai thành viên trở lên,"Số 421/21 Đường 48, Phường Hiệp Bình Chánh, Quận Thủ Đức, Thành phố Hồ Chí Minh, Việt Nam",Quận Thủ Đức,"6209: Hoạt động dịch vụ công nghệ thông tin và dịch vụ khác liên quan đến máy vi tính-;6311: Xử lý dữ liệu, cho thuê và các hoạt động liên quan-;6312: Cổng thông tin-Chi tiết: Thiết lập trang điện tử ",internet
315289480,CÔNG TY TNHH FULLHOUSE,CÔNG TY TNHH FULLHOUSE,Công ty trách nhiệm hữu hạn hai thành viên trở lên,"45 Hàn Thuyên, Phường Bình Thọ, Quận Thủ Đức, Thành phố Hồ Chí Minh, Việt Nam",Quận Thủ Đức,"8230: Tổ chức giới thiệu và xúc tiến thương mại-Chi tiết: tổ chức sự kiện (không hoạt động tại Tp.HCM). Tổ chức hội nghị, hội thảo, hội chợ, triễn lãm, xúc tiến thương mại (không thực hiện các hiệu ứn",internet
315293303,CÔNG TY TNHH XÂY DỰNG THƯƠNG MẠI DỊCH VỤ BLUE PLUS,CÔNG TY TNHH XÂY DỰNG THƯƠNG M,Công ty trách nhiệm hữu hạn hai thành viên trở lên,"59D Kha Vạn Cân, Phường Hiệp Bình Chánh, Quận Thủ Đức, Thành phố Hồ Chí Minh, Việt Nam",Quận Thủ Đức,"8230: Tổ chức giới thiệu và xúc tiến thương mại-(không thực hiện các hiệu ứng cháy, nổ; không sử dụng chất nổ, chất cháy, hóa chất làm đạo cụ, dụng cụ thực hiện các chương trình văn nghệ, sự kiện, phi",internet
315307080,CÔNG TY TNHH MỘT THÀNH VIÊN KHA HẢI TRIỀU,CÔNG TY TNHH MỘT THÀNH VIÊN KH,Công ty trách nhiệm hữu hạn một thành viên,"67/50/22 Đường 38, Khu phố 8, Phường Hiệp Bình Chánh, Quận Thủ Đức, Thành phố Hồ Chí Minh, Việt Nam",Quận Thủ Đức,"4659: Bán buôn máy móc, thiết bị và phụ tùng máy khác-Chi tiết: Bán buôn máy móc, thiết bị điện, vật liệu điện (máy phát điện, động cơ điện, dây điện và thiết bị khác dùng trong mạch điện); Bán buôn m",internet
315278591,CÔNG TY CỔ PHẦN JRB,CÔNG TY CỔ PHẦN JRB,Công ty cổ phần,"5/27 Đường 45, Phường Hiệp Bình Chánh, Quận Thủ Đức, Thành phố Hồ Chí Minh, Việt Nam",Quận Thủ Đức,"4651: Bán buôn máy vi tính, thiết bị ngoại vi và phần mềm-;4741: Bán lẻ máy vi tính, thiết bị ngoại vi, phần mềm và thiết bị viễn thông trong các cửa hàng chuyên doanh-;4791: Bán lẻ theo yêu cầu đặt h",internet
315323438,CÔNG TY TNHH THƯƠNG MẠI DỊCH VỤ BẤT ĐỘNG SẢN DRACO,CÔNG TY TNHH THƯƠNG MẠI DỊCH V,Công ty trách nhiệm hữu hạn một thành viên,"25/51/15 Đường số 6, Phường Hiệp Bình Phước, Quận Thủ Đức, Thành phố Hồ Chí Minh, Việt Nam",Quận Thủ Đức,"8219: Photo, chuẩn bị tài liệu và các hoạt động hỗ trợ văn phòng đặc biệt khác-;8220: Hoạt động dịch vụ liên quan đến các cuộc gọi-;8230: Tổ chức giới thiệu và xúc tiến thương mại-(không thực hiện các",internet
315314673,CÔNG TY TNHH THƯƠNG MẠI VÀ DỊCH VỤ ZAHAMEN,CÔNG TY TNHH THƯƠNG MẠI VÀ DỊC,Công ty trách nhiệm hữu hạn một thành viên,"123/27 đường số 9, khu phố 5 , Phường Linh Tây, Quận Thủ Đức, Thành phố Hồ Chí Minh, Việt Nam",Quận Thủ Đức,8532: Đào tạo trung cấp--(không hoạt động tại trụ sở);8551: Giáo dục thể thao và giải trí--(trừ hoạt động của các sàn nhảy);8552: Giáo dục văn hoá nghệ thuật--(trừ hoạt động của các sàn nhảy);8559: Gi,internet
315323886,CÔNG TY CỔ PHẦN TẬP ĐOÀN MC,CÔNG TY CỔ PHẦN TẬP ĐOÀN MC,Công ty cổ phần,"236G/19 đường Tam Bình, Khu phố I, Phường Tam Phú, Quận Thủ Đức, Thành phố Hồ Chí Minh, Việt Nam",Quận Thủ Đức,"0118: Trồng rau, đậu các loại và trồng hoa-(không hoạt động tại trụ sở);0119: Trồng cây hàng năm khác-(không hoạt động tại trụ sở);0121: Trồng cây ăn quả-(không hoạt động tại trụ sở);0161: Hoạt động d",internet
315317508,CÔNG TY TNHH QUẢNG CÁO H&A,CÔNG TY TNHH QUẢNG CÁO HA,Công ty trách nhiệm hữu hạn một thành viên,"1089/19 Tỉnh Lộ 43, KP2, Phường Bình Chiểu, Quận Thủ Đức, Thành phố Hồ Chí Minh, Việt Nam",Quận Thủ Đức,"1702: Sản xuất giấy nhăn, bìa nhăn, bao bì từ giấy và bìa-;4649: Bán buôn đồ dùng khác cho gia đình-;2592: Gia công cơ khí; xử lý và tráng phủ kim loại-;3314: Sửa chữa thiết bị điện-;4659: Bán buôn má",internet
315347615,CÔNG TY TNHH BRAND PACE,CÔNG TY TNHH BRAND PACE,Công ty trách nhiệm hữu hạn hai thành viên trở lên,"437A Quốc Lộ 13, Phường Hiệp Bình Phước, Quận Thủ Đức, Thành phố Hồ Chí Minh, Việt Nam",Quận Thủ Đức,"8219: Photo, chuẩn bị tài liệu và các hoạt động hỗ trợ văn phòng đặc biệt khác--Chi tiết: Chuẩn bị tài liệu; sửa tài liệu hoặc hiệu đính; lên kế hoạch; dịch vụ hỗ trợ thư ký.;8230: Tổ chức giới thiệu ",internet
315328242,CÔNG TY TNHH TM DV QUẢNG CÁO & TRUYỀN THÔNG HẢI NAM,CÔNG TY TNHH TM DV QUẢNG CÁO  ,Công ty trách nhiệm hữu hạn một thành viên,"16/1/1 Đường 40, Khu Phố 8, Phường Hiệp Bình Chánh, Quận Thủ Đức, Thành phố Hồ Chí Minh, Việt Nam",Quận Thủ Đức,5022: Vận tải hàng hóa đường thuỷ nội địa-;5224: Bốc xếp hàng hóa-(Trừ bốc xếp hàng hóa cảng hàng không);5210: Kho bãi và lưu giữ hàng hóa-Chi tiết: Lưu giữ hàng hóa (trừ kinh doanh kho bãi);5229: Hoạ,internet
315346795,CÔNG TY TNHH MỸ PHẨM SPA ONE,CÔNG TY TNHH MỸ PHẨM SPA ONE,Công ty trách nhiệm hữu hạn một thành viên,"437A Quốc Lộ 13, Phường Hiệp Bình Phước, Quận Thủ Đức, Thành phố Hồ Chí Minh, Việt Nam",Quận Thủ Đức,"8219: Photo, chuẩn bị tài liệu và các hoạt động hỗ trợ văn phòng đặc biệt khác-Chi tiết: Chuẩn bị tài liệu; sửa tài liệu hoặc hiệu đính; lên kế hoạch; dịch vụ hỗ trợ thư ký.;8230: Tổ chức giới thiệu v",internet
315352238,CÔNG TY CỔ PHẦN SẢN XUẤT THƯƠNG MẠI DỊCH VỤ NGỌC CHÂU,CÔNG TY CỔ PHẦN SẢN XUẤT THƯƠN,Công ty cổ phần,"Số 89/14, Đường số 49, Khu Phố 6, Phường Hiệp Bình Chánh, Quận Thủ Đức, Thành phố Hồ Chí Minh, Việt Nam",Quận Thủ Đức,"4632: Bán buôn thực phẩm-( không hoạt động tại trụ sở);7020: Hoạt động tư vấn quản lý-(trừ tư vấn tài chính, kế toán, pháp lý);4722: Bán lẻ thực phẩm trong các cửa hàng chuyên doanh-Thực hiện theo Quy",internet
315359586,CÔNG TY TNHH MTV THƯƠNG MẠI DỊCH VỤ VƯỢNG CÁT,CÔNG TY TNHH MTV THƯƠNG MẠI DỊ,Công ty trách nhiệm hữu hạn một thành viên,"Số 4A, Đường số 30, Phường Linh Đông, Quận Thủ Đức, Thành phố Hồ Chí Minh, Việt Nam",Quận Thủ Đức,"6201: Lập trình máy vi tính-;6311: Xử lý dữ liệu, cho thuê và các hoạt động liên quan-;4719: Bán lẻ  khác trong các cửa hàng kinh doanh tổng hợp-(Trừ bán lẻ hoá chất,khí dầu mỏ hoá lỏng LPG, dầu nhớt ",internet
315363381,CÔNG TY TNHH THƯƠNG MẠI VÀ TRUYỀN THÔNG - NRV MEDIA,CÔNG TY TNHH THƯƠNG MẠI VÀ TRU,Công ty trách nhiệm hữu hạn một thành viên,"480 Tô Ngọc Vân, Phường Tam Phú, Quận Thủ Đức, Thành phố Hồ Chí Minh, Việt Nam",Quận Thủ Đức,"1811: In ấn-(trừ in tráng bao bì kim loại, in trên các sản phẩm vải sợi, dệt, may, đan);1820: Sao chép bản ghi các loại-(có nội dung được phép lưu hành);2680: Sản xuất băng, đĩa từ tính và quang học-c",internet
315374986,CÔNG TY TNHH ĐẦU TƯ - XÂY DỰNG - THƯƠNG MẠI - DỊCH VỤ KIẾN MINH,CÔNG TY TNHH ĐẦU TƯ  XÂY DỰNG ,Công ty trách nhiệm hữu hạn một thành viên,"57/33 Đường Số 12, Phường Linh Chiểu, Quận Thủ Đức, Thành phố Hồ Chí Minh, Việt Nam",Quận Thủ Đức,"4101: Xây dựng nhà để ở-;4102: Xây dựng nhà không để ở-;4330: Hoàn thiện công trình xây dựng-;4321: Lắp đặt hệ thống điện-chi tiết: lắp đặt hệ thống điện, hệ thống phòng cháy chữa cháy, hệ thống chống",internet
315388900,CÔNG TY CỔ PHẦN THỰC PHẨM RAU XANH,CÔNG TY CỔ PHẦN THỰC PHẨM RAU ,Công ty cổ phần,"82/36 Đường số 2, Khu phố 6, Phường Hiệp Bình Phước, Quận Thủ Đức, Thành phố Hồ Chí Minh, Việt Nam",Quận Thủ Đức,"1075: Sản xuất món ăn, thức ăn chế biến sẵn-;4620: Bán buôn nông, lâm sản nguyên liệu (trừ gỗ, tre, nứa) và động vật sống-(không hoạt động tại trụ sở);4631: Bán buôn gạo, lúa mỳ, hạt ngũ cốc khác, bột",internet
315423217,CÔNG TY TNHH THƯƠNG MẠI XUẤT NHẬP KHẨU QUỐC TẾ VICTORY,CÔNG TY TNHH THƯƠNG MẠI XUẤT N,Công ty trách nhiệm hữu hạn một thành viên,"Số 17 DS10, Khu nhà Hiệp Bình Phước, Khu phố 2, Đường số 12, Phường Hiệp Bình Phước, Quận Thủ Đức, Thành phố Hồ Chí Minh, Việt Nam",Quận Thủ Đức,"4641: Bán buôn vải, hàng may mặc, giày dép-;1410: May trang phục (trừ trang phục từ da lông thú)-;1313: Hoàn thiện sản phẩm dệt-;1392: Sản xuất hàng dệt sẵn (trừ trang phục)-;1393: Sản xuất thảm, chăn",internet
315390402,CÔNG TY TNHH TƯ VẤN ĐẦU TƯ VÀ ĐẠI LÝ THUẾ VINLAW,CÔNG TY TNHH TƯ VẤN ĐẦU TƯ VÀ ,Công ty trách nhiệm hữu hạn một thành viên,"30/2A Đường 11, Khu phố 5, Phường Linh Xuân, Quận Thủ Đức, Thành phố Hồ Chí Minh, Việt Nam",Quận Thủ Đức,"6920: Hoạt động liên quan đến kế toán, kiểm toán và tư vấn về thuế-Chi tiết: Hoạt động dịch vụ làm thủ tục thuế (chỉ hoạt động khi có đủ điều kiện theo quy định của pháp luật);7010: Hoạt động của trụ ",internet
315411765,CÔNG TY TNHH ĐẦU TƯ THƯƠNG MẠI DỊCH VỤ DUY HIỂN,CÔNG TY TNHH ĐẦU TƯ THƯƠNG MẠI,Công ty trách nhiệm hữu hạn một thành viên,"37 Lê Văn Ninh, Phường Linh Tây, Quận Thủ Đức, Thành phố Hồ Chí Minh, Việt Nam",Quận Thủ Đức,"4322: Lắp đặt hệ thống cấp, thoát nước, hệ thống sưởi và điều hoà không khí-(không gia công cơ khí, tái chế phế thải, xi mạ điện tại trụ sở và trừ lắp đặt các thiết bị lạnh (thiết bị cắp đông, kho lạn",internet
315398426,CÔNG TY TNHH TM-DV ĐẦU TƯ VẠN PHÁT,CÔNG TY TNHH TMDV ĐẦU TƯ VẠN P,Công ty trách nhiệm hữu hạn hai thành viên trở lên,"421/14/25 Đường Kha Vạn Cân, Phường Hiệp Bình Chánh, Quận Thủ Đức, Thành phố Hồ Chí Minh, Việt Nam",Quận Thủ Đức,"4719: Bán lẻ  khác trong các cửa hàng kinh doanh tổng hợp-(trừ bán lẻ khí dầu mỏ hóa lỏng LPG, bình gas, hóa chất, súng, đạn loại dùng đi săn hoặc thể thao và tiền kim khí và thực hiện theo Quyết định",internet
315396595,CÔNG TY TNHH VINROYAL,CÔNG TY TNHH VINROYAL,Công ty trách nhiệm hữu hạn một thành viên,"26 Kha Vạn Cân, Phường Hiệp Bình Chánh, Quận Thủ Đức, Thành phố Hồ Chí Minh, Việt Nam",Quận Thủ Đức,"4791: Bán lẻ theo yêu cầu đặt hàng qua bưu điện hoặc internet-(trừ bán lẻ bình gas, khí dầu mỏ hóa lỏng LPG, dầu nhớt cặn, vàng miếng, súng, đạn loại dùng đi săn hoặc thể thao và tiền kim khí và thực ",internet
315410024,CÔNG TY TNHH BEAUTY HUB,CÔNG TY TNHH BEAUTY HUB,Công ty trách nhiệm hữu hạn hai thành viên trở lên,"Số 11, Đường 10, Khu Phố 1, Phường Linh Tây, Quận Thủ Đức, Thành phố Hồ Chí Minh, Việt Nam",Quận Thủ Đức,"4649: Bán buôn đồ dùng khác cho gia đình-Chi tiết: Bán buôn, xuất khẩu, nhập khẩu nước hoa, mỹ phẩm;4651: Bán buôn máy vi tính, thiết bị ngoại vi và phần mềm-;4791: Bán lẻ theo yêu cầu đặt hàng qua bư",internet
315319907,CÔNG TY TNHH THÀNH ĐẠT VŨ,CÔNG TY TNHH THÀNH ĐẠT VŨ,Công ty trách nhiệm hữu hạn một thành viên,"131/11 Hiệp Bình, Khu phố 7, Phường Hiệp Bình Chánh, Quận Thủ Đức, Thành phố Hồ Chí Minh, Việt Nam",Quận Thủ Đức,"4789: Bán  lẻ hàng hóa khác lưu động hoặc tại chợ-(trừ bán lẻ bình gas, khí dầu mỏ hóa lỏng LPG, dầu nhớt cặn, vàng miếng, súng, đạn loại dùng đi săn hoặc thể thao và tiền kim khí và thực hiện theo Qu",internet
315438911,CÔNG TY TNHH THƯƠNG MẠI DỊCH VỤ GIAO THOA,CÔNG TY TNHH THƯƠNG MẠI DỊCH V,Công ty trách nhiệm hữu hạn một thành viên,"29/7 Đường số 15, Khu phố 3, Phường Hiệp Bình Phước, Quận Thủ Đức, Thành phố Hồ Chí Minh, Việt Nam",Quận Thủ Đức,"3312: Sửa chữa máy móc, thiết bị-;3313: Sửa chữa thiết bị điện tử và quang học-;3314: Sửa chữa thiết bị điện-;3319: Sửa chữa thiết bị khác-;4101: Xây dựng nhà để ở-;4102: Xây dựng nhà không để ở-;4299",internet
3702714811,CÔNG TY CỔ PHẦN CÔNG NGHỆ FAST ECOM,CÔNG TY CỔ PHẦN CÔNG NGHỆ FAST,Công ty cổ phần,"Phòng I.007, Nhà A, Khu Công Nghệ Phần Mềm, Đường Nội Bộ Đại Học Quốc Gia Thành Phố Hồ Chí Minh, Khu phố 6, Phường Linh Trung, Quận Thủ Đức, Thành phố Hồ Chí Minh, Việt Nam",Quận Thủ Đức,"4799: Bán lẻ hình thức khác chưa được phân vào đâu-(trừ bán lẻ bình gas, khí dầu mỏ hóa lỏng LPG, dầu nhớt cặn, vàng miếng, súng, đạn loại dùng đi săn hoặc thể thao và tiền kim khí; trừ bán lẻ hóa chấ",internet
315443301,CÔNG TY TNHH CHẾ BIẾN SẢN XUẤT THƯƠNG MẠI DỊCH VỤ BỬU THỊNH,CÔNG TY TNHH CHẾ BIẾN SẢN XUẤT,Công ty trách nhiệm hữu hạn hai thành viên trở lên,"108 Đường 2, Phường Hiệp Bình Phước, Quận Thủ Đức, Thành phố Hồ Chí Minh, Việt Nam",Quận Thủ Đức,"1622: Sản xuất đồ gỗ xây dựng-(không hoạt động tại trụ sở);4662: Bán buôn kim loại và quặng kim loại-Chi tiết: Bán buôn sắt, thép, nhôm, kẽm, đồng, chì; Bán buôn quặng sắt; Bán buôn quặng đồng, chì, n",internet
315361659,CÔNG TY TNHH UNITED RESOURCES AGENCY,CÔNG TY TNHH UNITED RESOURCES ,Công ty trách nhiệm hữu hạn hai thành viên trở lên,"309/93 Võ Văn Ngân, Phường Linh Chiểu, Quận Thủ Đức, Thành phố Hồ Chí Minh, Việt Nam",Quận Thủ Đức,"7310: Quảng cáo-Chi tiết: Quảng cáo trưng bày, giới thiệu hàng hóa. Quảng cáo qua bưu điện. Quảng cáo thương mại và phát triển thương hiệu;7320: Nghiên cứu thị trường và thăm dò dư luận-Chi tiết: Nghi",internet
314856063,CÔNG TY TNHH SẢN XUẤT - THƯƠNG MẠI - DỊCH VỤ - ALIBABA,CÔNG TY TNHH SẢN XUẤT  THƯƠNG ,Công ty trách nhiệm hữu hạn hai thành viên trở lên,"38 Đường Số 26, Khu phố 5, Phường Hiệp Bình Chánh, Quận Thủ Đức, Thành phố Hồ Chí Minh, Việt Nam",Quận Thủ Đức,"4663: Bán buôn vật liệu, thiết bị lắp đặt khác trong xây dựng-Chi tiết: Bán buôn vật liệu xây dựng như: thiết bị vệ sinh; gạch ốp lát; xi măng; gạch xây, ngói, đá, cát, sỏi; Bán buôn giấy dán tường và",internet
314858543,CÔNG TY TNHH ĐỨC ANH GH SÀI GÒN,CÔNG TY TNHH ĐỨC ANH GH SÀI GÒ,Công ty trách nhiệm hữu hạn hai thành viên trở lên,"2/55 Đường 14, Phường Linh Chiểu, Quận Thủ Đức, Thành phố Hồ Chí Minh, Việt Nam",Quận Thủ Đức,"2599: Sản xuất sản phẩm khác bằng kim loại chưa được phân vào đâu-Chi tiết: sản xuất, lắp ráp tủ bảng điện (không gia công cơ khí, tái chế phế thải, xi mạ điện tại trụ sở);2630: Sản xuất thiết bị truy",internet
314865050,CÔNG TY TNHH HOÀNG ÂN VIỆT NAM,CÔNG TY TNHH HOÀNG ÂN VIỆT NAM,Công ty trách nhiệm hữu hạn một thành viên,"40/14/3, Đường 42, Phường Hiệp Bình Chánh, Quận Thủ Đức, Thành phố Hồ Chí Minh, Việt Nam",Quận Thủ Đức,"4321: Lắp đặt hệ thống điện-;4390: Hoạt động xây dựng chuyên dụng khác-;7820: Cung ứng lao động tạm thời-(trừ cho thuê lại lao động).;4752: Bán lẻ đồ ngũ kim, sơn, kính và thiết bị lắp đặt khác trong ",internet
314937146,CÔNG TY TNHH MÃ HOÁ DỮ LIỆU KENNIEX,CÔNG TY TNHH MÃ HOÁ DỮ LIỆU KE,Công ty trách nhiệm hữu hạn một thành viên,"Số 9, Đường 2A, Khu Phố 5, Phường Hiệp Bình Chánh, Quận Thủ Đức, Thành phố Hồ Chí Minh, Việt Nam",Quận Thủ Đức,"6201: Lập trình máy vi tính-;6619: Hoạt động hỗ trợ dịch vụ tài chính chưa được phân vào đâu-Chi tiết: Hoạt động tư vấn đầu tư (trừ tư vấn tài chính, kế toán, pháp luật).;7490: Hoạt động chuyên môn, k",internet
314981635,CÔNG TY TNHH GIẢI PHÁP CÔNG NGHỆ WINWIN,CÔNG TY TNHH GIẢI PHÁP CÔNG NG,Công ty trách nhiệm hữu hạn một thành viên,"Số 569 Quốc Lộ 13, Phường Hiệp Bình Phước, Quận Thủ Đức, Thành phố Hồ Chí Minh, Việt Nam",Quận Thủ Đức,"4651: Bán buôn máy vi tính, thiết bị ngoại vi và phần mềm-;4741: Bán lẻ máy vi tính, thiết bị ngoại vi, phần mềm và thiết bị viễn thông trong các cửa hàng chuyên doanh-;5820: Xuất bản phần mềm-Chi tiế",internet
315060355,CÔNG TY TNHH THƯƠNG MẠI DỊCH VỤ KIM HỒNG PHÁT,CÔNG TY TNHH THƯƠNG MẠI DỊCH V,Công ty trách nhiệm hữu hạn một thành viên,"30/01 Đường 40, Phường Hiệp Bình Chánh, Quận Thủ Đức, Thành phố Hồ Chí Minh, Việt Nam",Quận Thủ Đức,4933: Vận tải hàng hóa bằng đường bộ-(trừ hóa lỏng khí để vận chuyển).;5229: Hoạt động dịch vụ hỗ trợ khác liên quan đến vận tải-chi tiết: dịch vụ ủy thác xuất nhập khẩu; dịch vụ đại lý tàu biển; hoạt,internet
315147895,CÔNG TY TNHH HƯNG VẠN XUÂN,CÔNG TY TNHH HƯNG VẠN XUÂN,Công ty trách nhiệm hữu hạn một thành viên,"Số 21 Đường số 7, Khu phố 2, Phường Linh Trung, Quận Thủ Đức, Thành phố Hồ Chí Minh, Việt Nam",Quận Thủ Đức,"4663: Bán buôn vật liệu, thiết bị lắp đặt khác trong xây dựng-Chi tiết: Bán buôn vật liệu xây dựng (xi măng, sắt, thép, gạch, ngói, cát, đá). Bán buôn đồ ngũ kim. Bán buôn thiết bị vệ sinh. Bán buôn t",internet
315217197,CÔNG TY TNHH HT CYBER KING GAMING,CÔNG TY TNHH HT CYBER KING GAM,Công ty trách nhiệm hữu hạn một thành viên,"Số 46/10 Đường 26, Khu Phố 5, Phường Hiệp Bình Chánh, Quận Thủ Đức, Thành phố Hồ Chí Minh, Việt Nam",Quận Thủ Đức,6202: Tư vấn máy vi tính và quản trị hệ thống máy vi tính-Chi tiết: Tư vấn hệ thống mạng máy tính;7410: Hoạt động thiết kế chuyên dụng-Chi tiết: Thiết kế hệ thống mạng máy tính;4651: Bán buôn máy vi t,internet
315233819,CÔNG TY CỔ PHẦN PHẦN MỀM BOM,CÔNG TY CỔ PHẦN PHẦN MỀM BOM,Công ty cổ phần,"Phòng 202, Tòa nhà A, Đường nội bộ Đại học Quốc Gia TPHCM, Khu phố 6, Phường Linh Trung, Quận Thủ Đức, Thành phố Hồ Chí Minh, Việt Nam",Quận Thủ Đức,5820: Xuất bản phần mềm-Chi tiết: Sản xuất phần mềm;6201: Lập trình máy vi tính-;6202: Tư vấn máy vi tính và quản trị hệ thống máy vi tính-;6209: Hoạt động dịch vụ công nghệ thông tin và dịch vụ khác ,internet
315283908,CÔNG TY TNHH ĐẦU TƯ VÀ PHÁT TRIỂN ALIBABA WARRIORS,CÔNG TY TNHH ĐẦU TƯ VÀ PHÁT TR,Công ty trách nhiệm hữu hạn một thành viên,"Số 110 Đường số 47, Phường Hiệp Bình Chánh, Quận Thủ Đức, Thành phố Hồ Chí Minh, Việt Nam",Quận Thủ Đức,"6810: Kinh doanh bất động sản, quyền sử dụng đất thuộc chủ sở hữu, chủ sử dụng hoặc đi thuê-; 6820: Tư vấn, môi giới, đấu giá bất động sản, đấu giá quyền sử dụng đất-(trừ đấu giá, tư vấn mang tính phá",internet
315287532,CÔNG TY TNHH THƯƠNG MẠI DỊCH VỤ TIN HỌC ICUUHO,CÔNG TY TNHH THƯƠNG MẠI DỊCH V,Công ty trách nhiệm hữu hạn một thành viên,"Số 38 Đường 26, Phường Hiệp Bình Chánh, Quận Thủ Đức, Thành phố Hồ Chí Minh, Việt Nam",Quận Thủ Đức,"9522: Sửa chữa thiết bị, đồ dùng gia đình-(trừ kinh doanh đại lý cung cấp dịch vụ truy cập, truy nhập internet tại trụ sở).;4659: Bán buôn máy móc, thiết bị và phụ tùng máy khác-Chi tiết: Bán buôn máy",internet
315286835,CÔNG TY TNHH TƯ VẤN XÂY DỰNG - THƯƠNG MẠI VÀ DỊCH VỤ THẾ VINH,CÔNG TY TNHH TƯ VẤN XÂY DỰNG  ,Công ty trách nhiệm hữu hạn một thành viên,"Số 22/3 Đường số 8, Khu phố 4, Phường Hiệp Bình Phước, Quận Thủ Đức, Thành phố Hồ Chí Minh, Việt Nam",Quận Thủ Đức,6209: Hoạt động dịch vụ công nghệ thông tin và dịch vụ khác liên quan đến máy vi tính-Chi tiết: Dịch vụ cung cấp thông tin lên mạng Internet; Dịch vụ giá trị gia tăng trên mạng Internet và viễn thông ,internet
315297636,CÔNG TY TNHH TMDV LETS SHINE,CÔNG TY TNHH TMDV LETS SHINE,Công ty trách nhiệm hữu hạn một thành viên,"25 Đường 2, Phường Bình Thọ, Quận Thủ Đức, Thành phố Hồ Chí Minh, Việt Nam",Quận Thủ Đức,"7310: Quảng cáo-chi tiết: 
- Sáng tạo và thực hiện các chiến dịch quảng cáo: Sáng tạo và đặt quảng cáo trong báo, tạp chí, đài phát thanh, truyền hình, internet và các phương tiện truyền thông khác; đ",internet
315347037,CÔNG TY TNHH HOÀNG LIÊN QUÂN,CÔNG TY TNHH HOÀNG LIÊN QUÂN,Công ty trách nhiệm hữu hạn một thành viên,"405 Đường số 2, Tổ 2, Khu phố 6, Phường Linh Trung, Quận Thủ Đức, Thành phố Hồ Chí Minh, Việt Nam",Quận Thủ Đức,"2220: Sản xuất sản phẩm từ plastic-(trừ sản xuất xốp cách nhiệt sử dụng ga R141b, trừ tái chế phế thải tại trụ sở);2592: Gia công cơ khí; xử lý và tráng phủ kim loại-(không hoạt động tại trụ sở);1020:",internet
315378740,CÔNG TY TNHH FLOWER AND DECORATION HOAMI,CÔNG TY TNHH FLOWER AND DECORA,Công ty trách nhiệm hữu hạn một thành viên,"Số 73 Đường số 4, Phường Bình Chiểu, Quận Thủ Đức, Thành phố Hồ Chí Minh, Việt Nam",Quận Thủ Đức,1313: Hoàn thiện sản phẩm dệt-Chi tiết: In trên lụa (bao gồm in nhiệt) - in lụa trang phục và sản phẩm dệt; sản xuất hoa lụa;1410: May trang phục (trừ trang phục từ da lông thú)-;1430: Sản xuất trang ,internet
315421555,CÔNG TY TNHH PHÁT TRIỂN PHẦN MỀM VIETNAM TECH LAB,CÔNG TY TNHH PHÁT TRIỂN PHẦN M,Công ty trách nhiệm hữu hạn một thành viên,"Phòng I.102B, Khu công nghệ phần mềm Đại học Quốc gia (ITP), Khu phố 6, Đường Tiêu Biểu 2, Phường Linh Trung, Quận Thủ Đức, Thành phố Hồ Chí Minh, Việt Nam",Quận Thủ Đức,"2620: Sản xuất máy vi tính và thiết bị ngoại vi của máy vi tính-(không hoạt động tại trụ sở);4651: Bán buôn máy vi tính, thiết bị ngoại vi và phần mềm-;4741: Bán lẻ máy vi tính, thiết bị ngoại vi, phầ",internet
315473592,CÔNG TY TNHH TREANT PROTECTOR VIỆT NAM,CÔNG TY TNHH TREANT PROTECTOR ,Công ty trách nhiệm hữu hạn hai thành viên trở lên,"Số 4 Đường số 5, Khu phố 4, Phường Hiệp Bình Chánh, Quận Thủ Đức, Thành phố Hồ Chí Minh, Việt Nam",Quận Thủ Đức,"0121: Trồng cây ăn quả-;0128: Trồng cây gia vị, cây dược liệu, cây hương liệu lâu năm-;0131: Nhân và chăm sóc cây giống hàng năm-;0132: Nhân và chăm sóc cây giống lâu năm-;0161: Hoạt động dịch vụ trồn",internet
315466041,CÔNG TY TNHH SÔNG NILE,CÔNG TY TNHH SÔNG NILE,Công ty trách nhiệm hữu hạn một thành viên,"39/17A/13 Đường số 22, Khu phố 7, Phường Linh Đông, Quận Thủ Đức, Thành phố Hồ Chí Minh, Việt Nam",Quận Thủ Đức,5229: Hoạt động dịch vụ hỗ trợ khác liên quan đến vận tải-Chi tiết: Hoạt động của các đại lý bán vé máy bay;8220: Hoạt động dịch vụ liên quan đến các cuộc gọi-;6619: Hoạt động hỗ trợ dịch vụ tài chính,internet
315459005,CÔNG TY TNHH THƯƠNG MẠI ECOLUTION VIỆT NAM,CÔNG TY TNHH THƯƠNG MẠI ECOLUT,Công ty trách nhiệm hữu hạn một thành viên,"Số 1 Đường 5, Khu nhà ở Vạn Phúc 1, Phường Hiệp Bình Phước, Quận Thủ Đức, Thành phố Hồ Chí Minh, Việt Nam",Quận Thủ Đức,"1629: Sản xuất sản phẩm khác từ gỗ; sản xuất sản phẩm từ tre, nứa, rơm, rạ và vật liệu tết bện-chi tiết: Sản xuất các sản phẩm từ sợi rơm lúa mạch, sợi tre và các nguyên vật liệu khác có khả năng phân",internet
315482396,CÔNG TY TNHH THƯƠNG MẠI THÁI PHƯƠNG LINH,CÔNG TY TNHH THƯƠNG MẠI THÁI P,Công ty trách nhiệm hữu hạn một thành viên,"479/41 Quốc Lộ 13, Phường Hiệp Bình Phước, Quận Thủ Đức, Thành phố Hồ Chí Minh, Việt Nam",Quận Thủ Đức,"4669: Bán buôn chuyên doanh khác chưa được phân vào đâu-Chi tiết: Bán buôn các mặt hàng điện tử, điện lạnh; Bán buôn tơ, xơ, sợi dệt; Bán buôn phụ liệu may mặc và giày dép; Kinh doanh thuốc bảo vệ thự",internet
315478431,CÔNG TY TNHH NHW THÔNG LÂM,CÔNG TY TNHH NHW THÔNG LÂM,Công ty trách nhiệm hữu hạn một thành viên,"13/22 Đường 12, khu phố 02, Phường Linh Chiểu, Quận Thủ Đức, Thành phố Hồ Chí Minh, Việt Nam",Quận Thủ Đức,"4781: Bán lẻ lương thực, thực phẩm, đồ uống, thuốc lá, thuốc lào lưu động hoặc tại chợ-(Thực hiện theo Quyết định số 64/2009/QĐ-UBND ngày 31/07/2009 của Ủy ban nhân dân Thành phố Hồ Chí Minh và Quyết ",internet
315483791,CÔNG TY TNHH TỔNG HỢP BÁCH KHOA,CÔNG TY TNHH TỔNG HỢP BÁCH KHO,Công ty trách nhiệm hữu hạn một thành viên,"207/32, Đường Kha Vạn Cân, Khu Phố 6, Phường Hiệp Bình Chánh, Quận Thủ Đức, Thành phố Hồ Chí Minh, Việt Nam",Quận Thủ Đức,"4299: Xây dựng công trình kỹ thuật dân dụng khác-;4311: Phá dỡ-;4312: Chuẩn bị mặt bằng-;4321: Lắp đặt hệ thống điện-;4322: Lắp đặt hệ thống cấp, thoát nước, hệ thống sưởi và điều hoà không khí-(trừ l",internet
315485982,CÔNG TY TNHH THƯƠNG MẠI CÔNG NGHỆ TTL,CÔNG TY TNHH THƯƠNG MẠI CÔNG N,Công ty trách nhiệm hữu hạn một thành viên,"647/24/43 Quốc lộ 13, Phường Hiệp Bình Phước, Quận Thủ Đức, Thành phố Hồ Chí Minh, Việt Nam",Quận Thủ Đức,4722: Bán lẻ thực phẩm trong các cửa hàng chuyên doanh-(thực hiện theo Quyết định số 64/2009/QĐ-UBND ngày 31/07/2009 và Quyết định số 79/2009/QĐ-UBND ngày 17/10/2009 của Ủy Ban Nhân Dân TP. Hồ Chí Min,internet
315506752,CÔNG TY TNHH GIẢI PHÁP D&V,CÔNG TY TNHH GIẢI PHÁP DV,Công ty trách nhiệm hữu hạn một thành viên,"23, Đường Số 5 Khu Nhà Ở Hiệp Bình, Phường Hiệp Bình Phước, Quận Thủ Đức, Thành phố Hồ Chí Minh, Việt Nam",Quận Thủ Đức,"5820: Xuất bản phần mềm-chi tiết: sản xuất phần mềm;6190: Hoạt động viễn thông khác-(trừ bán lại hạ tầng viễn thông, mạng cung cấp);6201: Lập trình máy vi tính-;6202: Tư vấn máy vi tính và quản trị hệ",internet
315511858,CÔNG TY TNHH THƯƠNG MẠI NGUỒN PHƯỚC,CÔNG TY TNHH THƯƠNG MẠI NGUỒN ,Công ty trách nhiệm hữu hạn một thành viên,"624/3B Kha Vạn Cân, Khu phố 8, Phường Linh Đông, Quận Thủ Đức, Thành phố Hồ Chí Minh, Việt Nam",Quận Thủ Đức,"4669: Bán buôn chuyên doanh khác chưa được phân vào đâu-Chi tiết: Bán buôn giấy dán màn hình điện thoại, máy tính latop. Bán buôn miếng dán Decal. Bán buôn linh kiện cho việc cắt giấy; Bán buôn nguyên",lap top
315544155,CÔNG TY TNHH THỰC PHẨM VĨNH TẤN,CÔNG TY TNHH THỰC PHẨM VĨNH TẤ,Công ty trách nhiệm hữu hạn hai thành viên trở lên,"68 Đường 16 , Phường Hiệp Bình Chánh, Quận Thủ Đức, Thành phố Hồ Chí Minh, Việt Nam",Quận Thủ Đức,"4719: Bán lẻ  khác trong các cửa hàng kinh doanh tổng hợp-(trừ bán lẻ bình gas, khí dầu mỏ hóa lỏng LPG, dầu nhớt cặn, vàng miếng, súng, đạn loại dùng đi săn hoặc thể thao và tiền kim khí; trừ bán lẻ ",internet
315565927,CÔNG TY TNHH CÔNG NGHỆ HDSMART,CÔNG TY TNHH CÔNG NGHỆ HDSMART,Công ty trách nhiệm hữu hạn một thành viên,"81/9 Đường Số 2, Khu Phố 8, Phường Trường Thọ, Quận Thủ Đức, Thành phố Hồ Chí Minh, Việt Nam",Quận Thủ Đức,"4659: Bán buôn máy móc, thiết bị và phụ tùng máy khác-Chi tiết: Bán buôn thiết bị thông minh; máy móc, thiết bị điện, vật liệu điện; máy phát điện, động cơ điện, dây điện và thiết bị khác dùng trong m",internet
315551297,CÔNG TY TNHH DỊCH VỤ GIẢI TRÍ VIETKIDS,CÔNG TY TNHH DỊCH VỤ GIẢI TRÍ ,Công ty trách nhiệm hữu hạn một thành viên,"29/1 Đường 15, khu phố 1, Phường Hiệp Bình Chánh, Quận Thủ Đức, Thành phố Hồ Chí Minh, Việt Nam",Quận Thủ Đức,"4610: Đại lý, môi giới, đấu giá hàng hóa-chi tiết: Đại lý hàng hóa, môi giới hàng hóa (trừ môi giới bất động sản);7310: Quảng cáo-;7410: Hoạt động thiết kế chuyên dụng-(trừ thiết kế công trình xây dựn",internet
315577697,CÔNG TY TNHH THƯƠNG MẠI VÀ DỊCH VỤ ĐẦU TƯ KIM MỸ DUNG,CÔNG TY TNHH THƯƠNG MẠI VÀ DỊC,Công ty trách nhiệm hữu hạn một thành viên,"Số 78/7, Đường Số 3, Phường Trường Thọ, Quận Thủ Đức, Thành phố Hồ Chí Minh, Việt Nam",Quận Thủ Đức,"4641: Bán buôn vải, hàng may mặc, giày dép-;4649: Bán buôn đồ dùng khác cho gia đình-(trừ kinh doanh dược phẩm).;4791: Bán lẻ theo yêu cầu đặt hàng qua bưu điện hoặc internet-(trừ bán lẻ bình gas, khí",internet
315529598,CÔNG TY TNHH DỊCH VỤ THƯƠNG MẠI VINDOOR,CÔNG TY TNHH DỊCH VỤ THƯƠNG MẠ,Công ty trách nhiệm hữu hạn một thành viên,"1334 Kha Vạn Cân, Phường Linh Trung, Quận Thủ Đức, Thành phố Hồ Chí Minh, Việt Nam",Quận Thủ Đức,"4321: Lắp đặt hệ thống điện-(không rèn, đúc, cán kéo kim loại, dập, gò, hàn sơn; xi mạ điện; tái chế phế thải tại trụ sở);4322: Lắp đặt hệ thống cấp, thoát nước, hệ thống sưởi và điều hoà không khí-(t",internet
315535390,CÔNG TY TNHH THƯƠNG MẠI DỊCH VỤ XUẤT NHẬP KHẨU KHANG THỊNH VƯỢNG,CÔNG TY TNHH THƯƠNG MẠI DỊCH V,Công ty trách nhiệm hữu hạn một thành viên,"76/4 Đường số 7, Phường Linh Trung, Quận Thủ Đức, Thành phố Hồ Chí Minh, Việt Nam",Quận Thủ Đức,"4101: Xây dựng nhà để ở-;4102: Xây dựng nhà không để ở-;4299: Xây dựng công trình kỹ thuật dân dụng khác-;4641: Bán buôn vải, hàng may mặc, giày dép-;4791: Bán lẻ theo yêu cầu đặt hàng qua bưu điện ho",internet
315577746,CÔNG TY TNHH THIẾT BỊ CÔNG NGHỆ MINH PHÁT,CÔNG TY TNHH THIẾT BỊ CÔNG NGH,Công ty trách nhiệm hữu hạn một thành viên,"30 Đường 26, Phường Hiệp Bình Chánh, Quận Thủ Đức, Thành phố Hồ Chí Minh, Việt Nam",Quận Thủ Đức,"4321: Lắp đặt hệ thống điện-(trừ gia công cơ khí, tái chế phế thải, xi mạ điện tại trụ sở).;6209: Hoạt động dịch vụ công nghệ thông tin và dịch vụ khác liên quan đến máy vi tính-Chi tiết: Khắc phục cá",internet
315597816,CÔNG TY TNHH THƯƠNG MẠI TIN HỌC THIÊN VƯƠNG,CÔNG TY TNHH THƯƠNG MẠI TIN HỌ,Công ty trách nhiệm hữu hạn một thành viên,"Số 03 Đường số 5, Khu đô thị Vạn Phúc, Phường Hiệp Bình Phước, Quận Thủ Đức, Thành phố Hồ Chí Minh, Việt Nam",Quận Thủ Đức,4102: Xây dựng nhà không để ở-;4211: Xây dựng công trình đường sắt-;4212: Xây dựng công trình đường bộ-;4229: Xây dựng công trình công ích khác-;4299: Xây dựng công trình kỹ thuật dân dụng khác-;4321:,internet
315566624,CÔNG TY TNHH THƯƠNG MẠI DỊCH VỤ SẢN XUẤT BẢO PHƯỚC,CÔNG TY TNHH THƯƠNG MẠI DỊCH V,Công ty trách nhiệm hữu hạn hai thành viên trở lên,"52 Đường 24, Phường Linh Đông, Quận Thủ Đức, Thành phố Hồ Chí Minh, Việt Nam",Quận Thủ Đức,"4752: Bán lẻ đồ ngũ kim, sơn, kính và thiết bị lắp đặt khác trong xây dựng trong các cửa hàng chuyên doanh-;4753: Bán lẻ thảm, đệm, chăn, màn, rèm, vật liệu phủ tường và sàn trong các cửa hàng chuyên ",internet
315566920,CÔNG TY TNHH THƯƠNG MẠI THỰC PHẨM SILVERA,CÔNG TY TNHH THƯƠNG MẠI THỰC P,Công ty trách nhiệm hữu hạn hai thành viên trở lên,"22 Đường số 18, Khu phố 5, Phường Hiệp Bình Chánh, Quận Thủ Đức, Thành phố Hồ Chí Minh, Việt Nam",Quận Thủ Đức,"4632: Bán buôn thực phẩm-Chi tiết: Bán buôn, xuất nhập khẩu hải sản (không hoạt động tại trụ sở).;4722: Bán lẻ thực phẩm trong các cửa hàng chuyên doanh-Chi tiết: Bán lẻ thủy hải sản trong các cửa hàn",internet
315613458,CÔNG TY TNHH RUBIK ADVERTISING,CÔNG TY TNHH RUBIK ADVERTISING,Công ty trách nhiệm hữu hạn hai thành viên trở lên,"39 Đường 27, Phường Hiệp Bình Chánh, Quận Thủ Đức, Thành phố Hồ Chí Minh, Việt Nam",Quận Thủ Đức,"8230: Tổ chức giới thiệu và xúc tiến thương mại-Chi tiết: Tổ chức sự kiện (không thực hiện các hiệu ứng cháy, nổ; không sử dụng chất nổ, chất cháy, hóa chất làm đạo cụ, dụng cụ thực hiện các chương tr",internet
315608401,CÔNG TY TNHH XD - TM - DV HOA THÁI BÌNH,CÔNG TY TNHH XD  TM  DV HOA TH,Công ty trách nhiệm hữu hạn một thành viên,"44/16/7 Đường Số 12, Khu Phố 9, Phường Trường Thọ, Quận Thủ Đức, Thành phố Hồ Chí Minh, Việt Nam",Quận Thủ Đức,"4659: Bán buôn máy móc, thiết bị và phụ tùng máy khác-Chi tiết: Bán buôn máy móc, thiết bị và phụ tùng máy văn phòng (trừ máy vi tính và thiết bị ngoại vi). Bán buôn thiết bị quan sát camera, thiết bị",internet
315596107,CÔNG TY TNHH  XÂY DỰNG THƯƠNG MẠI VÀ DỊCH VỤ NHƯ NGÂN,CÔNG TY TNHH  XÂY DỰNG THƯƠNG ,Công ty trách nhiệm hữu hạn một thành viên,"65/2/1/4a Đường Số 20, Khu Phố 4, Phường Hiệp Bình Chánh, Quận Thủ Đức, Thành phố Hồ Chí Minh, Việt Nam",Quận Thủ Đức,"4322: Lắp đặt hệ thống cấp, thoát nước, hệ thống sưởi và điều hoà không khí-Chi tiết: Lắp đặt, bảo dưỡng và sửa chữa hệ thống cấp thoát nước, hệ thống đường ống, lò sưởi và điều hoà không khí,trong nh",internet
315600120,CÔNG TY TNHH TOP POST,CÔNG TY TNHH TOP POST,Công ty trách nhiệm hữu hạn hai thành viên trở lên,"33 Đường 42, Khu Phố 8, Phường Hiệp Bình Chánh, Quận Thủ Đức, Thành phố Hồ Chí Minh, Việt Nam",Quận Thủ Đức,"5912: Hoạt động hậu kỳ-(không thực hiện các hiệu ứng cháy nổ và cam kết không sử dụng chất nổ, chất cháy, hóa chất làm đạo cụ, dụng cụ thực hiện các chương trình văn nghệ, sự kiện, phim ảnh tại trụ sở",internet
315665167,CÔNG TY TNHH SKYLEN,CÔNG TY TNHH SKYLEN,Công ty trách nhiệm hữu hạn một thành viên,"Số 7 đường 9, khu phố 1, Phường Hiệp Bình Chánh, Quận Thủ Đức, Thành phố Hồ Chí Minh, Việt Nam",Quận Thủ Đức,"4669: Bán buôn chuyên doanh khác chưa được phân vào đâu-Chi tiết: Bán buôn tinh dầu các loại;4649: Bán buôn đồ dùng khác cho gia đình-Chi tiết: Bán buôn nước hoa, hàng mỹ phẩm và chế phẩm vệ sinh;4610",internet
315616378,CÔNG TY TNHH SẢN XUẤT THƯƠNG MẠI DỊCH VỤ EARTH AROMA,CÔNG TY TNHH SẢN XUẤT THƯƠNG M,Công ty trách nhiệm hữu hạn hai thành viên trở lên,"Số 8, Đường số 8, Khu phố 2, Phường Hiệp Bình Chánh, Quận Thủ Đức, Thành phố Hồ Chí Minh, Việt Nam",Quận Thủ Đức,"4772: Bán lẻ thuốc, dụng cụ y tế, mỹ phẩm và vật phẩm vệ sinh trong các cửa hàng chuyên doanh-(thực hiện theo quyết định 64/2009/QĐ-UBND ngày 31/07/2009 và quyết định  số 79/2009/QĐ-UBND ngày 17/10/20",internet
315657529,CÔNG TY TNHH GIẢI PHÁP PHẦN MỀM THÔNG MINH 3S,CÔNG TY TNHH GIẢI PHÁP PHẦN MỀ,Công ty trách nhiệm hữu hạn một thành viên,"Số 1 Đường 5, Khu đô thị Vạn Phúc, Phường Hiệp Bình Phước, Quận Thủ Đức, Thành phố Hồ Chí Minh, Việt Nam",Quận Thủ Đức,"6202: Tư vấn máy vi tính và quản trị hệ thống máy vi tính-;6209: Hoạt động dịch vụ công nghệ thông tin và dịch vụ khác liên quan đến máy vi tính-;6311: Xử lý dữ liệu, cho thuê và các hoạt động liên qu",internet
315664357,CÔNG TY TNHH GIA SEN TÂY PHƯƠNG,CÔNG TY TNHH GIA SEN TÂY PHƯƠN,Công ty trách nhiệm hữu hạn một thành viên,"26/3 Đường Số 8, Phường Trường Thọ, Quận Thủ Đức, Thành phố Hồ Chí Minh, Việt Nam",Quận Thủ Đức,"1410: May trang phục (trừ trang phục từ da lông thú)-(trừ tẩy, nhuộm, hồ, in trên các sản phẩm vải sợi, dệt, may đan và không gia công hàng đã qua sử dụng, thuộc da, luyện cán cao su tại trụ sở);4641:",internet
315678751,CÔNG TY TNHH THƯƠNG MẠI DỊCH VỤ THIÊN HOÀNG KIM,CÔNG TY TNHH THƯƠNG MẠI DỊCH V,Công ty trách nhiệm hữu hạn một thành viên,"36/31A/4 Đường số 4, Khu phố 6, Phường Hiệp Bình Phước, Quận Thủ Đức, Thành phố Hồ Chí Minh, Việt Nam",Quận Thủ Đức,"4649: Bán buôn đồ dùng khác cho gia đình-Chi tiết: Bán buôn dụng cụ thể dục, thể thao; Bán buôn đồ điện gia dụng, đèn và bộ đèn điện; Bán buôn giường, tủ, bàn ghế và đồ dùng nội thất tương tự.;4329: L",internet
315721534,CÔNG TY TNHH KỸ THUẬT TIN HỌC THỊNH PHÁT ITC,CÔNG TY TNHH KỸ THUẬT TIN HỌC ,Công ty trách nhiệm hữu hạn một thành viên,"74 Đường Số 3    , Phường Trường Thọ, Quận Thủ Đức, Thành phố Hồ Chí Minh, Việt Nam",Quận Thủ Đức,"4759: Bán lẻ đồ điện gia dụng, giường, tủ, bàn, ghế và đồ nội thất tương tự, đèn và bộ đèn điện, đồ dùng gia đình khác chưa được phân vào đâu  trong các cửa hàng chuyên doanh-;7310: Quảng cáo-;7410: H",lap top
315719172,CÔNG TY TNHH JAVIE,CÔNG TY TNHH JAVIE,Công ty trách nhiệm hữu hạn hai thành viên trở lên,"Số 16, đường 10, khu nhà ỏ  Hiệp Bình, Phường Hiệp Bình Chánh, Quận Thủ Đức, Thành phố Hồ Chí Minh, Việt Nam",Quận Thủ Đức,"3312: Sửa chữa máy móc, thiết bị-;3320: Lắp đặt máy móc và thiết bị công nghiệp-;4321: Lắp đặt hệ thống điện-;4659: Bán buôn máy móc, thiết bị và phụ tùng máy khác-;4791: Bán lẻ theo yêu cầu đặt hàng ",internet
315746497,CÔNG TY CỔ PHẦN ĐẦU TƯ PHÁT TRIỂN EBAYLAND,CÔNG TY CỔ PHẦN ĐẦU TƯ PHÁT TR,Công ty cổ phần,"141 – 143 Nguyễn Thị Nhung, Phường Hiệp Bình Phước, Quận Thủ Đức, Thành phố Hồ Chí Minh, Việt Nam",Quận Thủ Đức,"4610: Đại lý, môi giới, đấu giá hàng hóa-Chi tiết: Đại lý, môi giới (trừ môi giới bất động sản);4791: Bán lẻ theo yêu cầu đặt hàng qua bưu điện hoặc internet-(trừ bán lẻ bình gas, hóa chất, súng, đạn ",internet
315726645,CÔNG TY TNHH ĐẦU TƯ THƯƠNG MẠI DỊCH VỤ SẢN XUẤT VALENTINE,CÔNG TY TNHH ĐẦU TƯ THƯƠNG MẠI,Công ty trách nhiệm hữu hạn một thành viên,"số 3A đường số 8, Phường Tam Phú, Quận Thủ Đức, Thành phố Hồ Chí Minh, Việt Nam",Quận Thủ Đức,7420: Hoạt động nhiếp ảnh-(trừ sản xuất phim);4101: Xây dựng nhà để ở-;4102: Xây dựng nhà không để ở-;4299: Xây dựng công trình kỹ thuật dân dụng khác-;7020: Hoạt động tư vấn quản lý-(trừ tư vấn tài c,internet
315727127,CÔNG TY TNHH TM&DV TRẦN GIA CT,CÔNG TY TNHH TMDV TRẦN GIA CT,Công ty trách nhiệm hữu hạn một thành viên,"44 đường số 10, Phường Tam Bình, Quận Thủ Đức, Thành phố Hồ Chí Minh, Việt Nam",Quận Thủ Đức,"1622: Sản xuất đồ gỗ xây dựng-;1629: Sản xuất sản phẩm khác từ gỗ; sản xuất sản phẩm từ tre, nứa, rơm, rạ và vật liệu tết bện-;4322: Lắp đặt hệ thống cấp, thoát nước, hệ thống sưởi và điều hoà không k",internet
315705268,CÔNG TY TNHH CẢNH QUAN OZONE,CÔNG TY TNHH CẢNH QUAN OZONE,Công ty trách nhiệm hữu hạn hai thành viên trở lên,"23 Đường số 2, Khu phố 1, Phường Tam Bình, Quận Thủ Đức, Thành phố Hồ Chí Minh, Việt Nam",Quận Thủ Đức,"4669: Bán buôn chuyên doanh khác chưa được phân vào đâu-Chi tiết: Bán buôn phân bón; Bán thuốc bảo vệ thực vật, vật tư nông nghiệp, giống cây trồng (Doanh nghiệp chỉ được kinh doanh kể từ khi có đủ đi",internet
315767391,CÔNG TY TNHH CÔNG NGHỆ MELINK,CÔNG TY TNHH CÔNG NGHỆ MELINK,Công ty trách nhiệm hữu hạn một thành viên,"188/5/12A Tô Ngọc Vân, Phường Linh Đông, Quận Thủ Đức, Thành phố Hồ Chí Minh, Việt Nam",Quận Thủ Đức,"7310: Quảng cáo-;2620: Sản xuất máy vi tính và thiết bị ngoại vi của máy vi tính-(không hoạt động tại trụ sở);4651: Bán buôn máy vi tính, thiết bị ngoại vi và phần mềm-;4741: Bán lẻ máy vi tính, thiết",internet
315760540,CÔNG TY TNHH CÔNG NGHỆ VIỄN THÔNG 4T,CÔNG TY TNHH CÔNG NGHỆ VIỄN TH,Công ty trách nhiệm hữu hạn một thành viên,"84/4/4c đường số 11, Khu phố 9, Phường Trường Thọ, Quận Thủ Đức, Thành phố Hồ Chí Minh, Việt Nam",Quận Thủ Đức,"4610: Đại lý, môi giới, đấu giá hàng hóa-Chi tiết: Đại lý, môi giới (trừ môi giới bất động sản);4651: Bán buôn máy vi tính, thiết bị ngoại vi và phần mềm-;4652: Bán buôn thiết bị và linh kiện điện tử,",internet
315790721,CÔNG TY TNHH THƯƠNG MẠI DỊCH VỤ VINSEN,CÔNG TY TNHH THƯƠNG MẠI DỊCH V,Công ty trách nhiệm hữu hạn một thành viên,"Số 22, đường số 2, Khu Đô Thị Vạn Phúc, Phường Hiệp Bình Phước, Quận Thủ Đức, Thành phố Hồ Chí Minh, Việt Nam",Quận Thủ Đức,"7020: Hoạt động tư vấn quản lý-(trừ tư vấn tài chính, kế toán, pháp luật);6820: Tư vấn, môi giới, đấu giá bất động sản, đấu giá quyền sử dụng đất-Chi tiết: Tư vấn bất động sản, quản lý bất động sản, m",internet
315767497,CÔNG TY TNHH THƯƠNG MẠI DỊCH VỤ HOÀNG TẤN TÀI,CÔNG TY TNHH THƯƠNG MẠI DỊCH V,Công ty trách nhiệm hữu hạn một thành viên,"Số 35 Đường B, Khu phố 7, Phường Hiệp Bình Chánh, Quận Thủ Đức, Thành phố Hồ Chí Minh, Việt Nam",Quận Thủ Đức,"7729: Cho thuê đồ dùng cá nhân và gia đình khác-Chi tiết : Cho thuê hoa và cây cảnh, Cho thuê thiết bị điện, thiết bị âm âm thanh, bàn ghế, phông bạt, quần áo (Không hoạt động tại trụ sở);3600: Khai t",internet
315776533,CÔNG TY TNHH THIẾT KẾ & XÂY DỰNG ĐỒNG VÀNG,CÔNG TY TNHH THIẾT KẾ  XÂY DỰN,Công ty trách nhiệm hữu hạn hai thành viên trở lên,"107/43 Đường số 38, Khu Phố 8, Phường Hiệp Bình Chánh, Quận Thủ Đức, Thành phố Hồ Chí Minh, Việt Nam",Quận Thủ Đức,"7110: Hoạt động kiến trúc và tư vấn kỹ thuật có liên quan-Chi tiết: Cung cấp các dịch vụ kiến trúc, dịch vụ kỹ thuật, dịch vụ phác thảo, dịch vụ kiểm đỉnh xây dựng như: - Dịch vụ tư vấn kiến trúc gồm:",internet
315779968,CÔNG TY TNHH PHƯỚC NHIÊN,CÔNG TY TNHH PHƯỚC NHIÊN,Công ty trách nhiệm hữu hạn một thành viên,"19/8/4 Đường Tam Bình, Phường Tam Phú, Quận Thủ Đức, Thành phố Hồ Chí Minh, Việt Nam",Quận Thủ Đức,"1311: Sản xuất sợi-(không hoạt động tại trụ sở);1312: Sản xuất vải dệt thoi-(không hoạt động tại trụ sở);1313: Hoàn thiện sản phẩm dệt-;1391: Sản xuất vải dệt kim, vải đan móc và vải không dệt khác-;1",internet
315820422,CÔNG TY TNHH OVOJE VINA,CÔNG TY TNHH OVOJE VINA,Công ty trách nhiệm hữu hạn một thành viên,"103 Thống Nhất, Phường Bình Thọ, Quận Thủ Đức, Thành phố Hồ Chí Minh, Việt Nam",Quận Thủ Đức,"4649: Bán buôn đồ dùng khác cho gia đình-Chi tiết:
- Bán buôn nước hoa, hàng mỹ phẩm và chế phẩm vệ sinh;
- Bán buôn đồ dùng khác cho gia đình chưa được phân vào đâu: đồ gia dụng bằng nhựa, gỗ, kim lo",internet
315818310,CÔNG TY CỔ PHẦN FIC TODAY,CÔNG TY CỔ PHẦN FIC TODAY,Công ty cổ phần,"Số 17 Đường số 8, Khu Phố 4, Phường Hiệp Bình Chánh, Quận Thủ Đức, Thành phố Hồ Chí Minh, Việt Nam",Quận Thủ Đức,"6312: Cổng thông tin-Chi tiết: Dịch vụ đăng ký tên miền. Dịch vụ giá trị gia tăng trên mạng internet và viễn thông: dịch vụ truy cập dữ liệu, dịch vụ xử lý số liệu và thông tin trên mạng, dịch vụ trao",internet
316387480,CÔNG TY TNHH HÓA CHẤT DƯỢC PHẨM AN PHÁT,CÔNG TY TNHH HÓA CHẤT DƯỢC PHẨ,Công ty trách nhiệm hữu hạn một thành viên,"606/14 Quốc Lộ 13, Phường Hiệp Bình Phước, Quận Thủ Đức, Thành phố Hồ Chí Minh, Việt Nam",Quận Thủ Đức,"8299: Hoạt động dịch vụ hỗ trợ kinh doanh khác còn lại chưa được phân vào đâu-Chi tiết: -Xuất nhập khẩu các mặt hàng công ty kinh doanh; -Ủy thác và nhận ủy thác xuất khẩu, nhập khẩu hàng hóa; 4799: B",internet
315815422,CÔNG TY TNHH MỘT THÀNH VIÊN KỸ THƯƠNG SÀI GÒN,CÔNG TY TNHH MỘT THÀNH VIÊN KỸ,Công ty trách nhiệm hữu hạn một thành viên,"82/27/10 Đường số 2, Tổ 11, Khu phố 6, Phường Hiệp Bình Phước, Quận Thủ Đức, Thành phố Hồ Chí Minh, Việt Nam",Quận Thủ Đức,"3312: Sửa chữa máy móc, thiết bị-(trừ xử lý, tráng phủ, xi mạ kim loại);3314: Sửa chữa thiết bị điện-(trừ xử lý, tráng phủ, xi mạ kim loại);3320: Lắp đặt máy móc và thiết bị công nghiệp-;4321: Lắp đặt",internet
315822726,CÔNG TY TNHH ADVANCING TEXTILES TECHNOLOGY VIỆT NAM,CÔNG TY TNHH ADVANCING TEXTILE,Công ty trách nhiệm hữu hạn hai thành viên trở lên,"127 Lê Văn Chí, Phường Linh Trung, Quận Thủ Đức, Thành phố Hồ Chí Minh, Việt Nam",Quận Thủ Đức,"1311: Sản xuất sợi-;1313: Hoàn thiện sản phẩm dệt-Chi tiết: Giặt, tẩy, dệt, nhuộm; các dịch vụ được trả phí hoặc thanh toán theo hợp đồng liên quan đến hoàn thành vải dệt (CPC 885, 884);1399: Sản xuất",technology
315836775,CÔNG TY TNHH ẨM THỰC GIA ĐÌNH ANH TRƯỜNG,CÔNG TY TNHH ẨM THỰC GIA ĐÌNH ,Công ty trách nhiệm hữu hạn hai thành viên trở lên,"1D Đường Cây Keo, Khu phố 1, Phường Tam Phú, Quận Thủ Đức, Thành phố Hồ Chí Minh, Việt Nam",Quận Thủ Đức,5629: Dịch vụ ăn uống khác-;5630: Dịch vụ phục vụ đồ uống-(trừ hoạt động quán bar và quán giải khát có khiêu vũ).;6190: Hoạt động viễn thông khác-Chi tiết: Hoạt động của các điểm truy cập Internet.;77,internet
315806280,CÔNG TY TNHH XUẤT NHẬP KHẨU THỰC PHẨM QUỐC TẾ MỘT THÀNH VIÊN TUẤN AN,CÔNG TY TNHH XUẤT NHẬP KHẨU TH,Công ty trách nhiệm hữu hạn một thành viên,"17 Đường Phượng Vỹ, Cư Xá Savimex, Khu Phố 3, Phường Bình Chiểu, Quận Thủ Đức, Thành phố Hồ Chí Minh, Việt Nam",Quận Thủ Đức,"4632: Bán buôn thực phẩm-(Không hoạt động tại trụ sở).;4633: Bán buôn đồ uống-;4634: Bán buôn sản phẩm thuốc lá, thuốc lào-;4641: Bán buôn vải, hàng may mặc, giày dép-;4649: Bán buôn đồ dùng khác cho ",internet
315878172,CÔNG TY TNHH LIÊN THÊM,CÔNG TY TNHH LIÊN THÊM,Công ty trách nhiệm hữu hạn một thành viên,"số 723 Tỉnh Lộ 43, Khu phố 4, Phường Tam Bình, Quận Thủ Đức, Thành phố Hồ Chí Minh, Việt Nam",Quận Thủ Đức,"7410: Hoạt động thiết kế chuyên dụng-;6201: Lập trình máy vi tính-;5820: Xuất bản phần mềm-Chi tiết: Sản xuất phần mềm.;6202: Tư vấn máy vi tính và quản trị hệ thống máy vi tính-;6311: Xử lý dữ liệu, ",internet
315849830,CÔNG TY CỔ PHẦN ĐẦU TƯ THƯƠNG MẠI VÀ DỊCH VỤ HAPPY HOUSE,CÔNG TY CỔ PHẦN ĐẦU TƯ THƯƠNG ,Công ty cổ phần,"57/1 Đường 24, Phường Linh Đông, Quận Thủ Đức, Thành phố Hồ Chí Minh, Việt Nam",Quận Thủ Đức,"6820: Tư vấn, môi giới, đấu giá bất động sản, đấu giá quyền sử dụng đất-( trừ đấu giá tài sản);7410: Hoạt động thiết kế chuyên dụng-Chi tiết: Hoạt động trang trí nội thất.;7710: Cho thuê xe có động cơ",internet
315823889,CÔNG TY TNHH THƯƠNG MẠI XUẤT NHẬP KHẨU AGRICONST VIỆT NAM,CÔNG TY TNHH THƯƠNG MẠI XUẤT N,Công ty trách nhiệm hữu hạn một thành viên,"50/18/3 đường 23, Phường Hiệp Bình Chánh, Quận Thủ Đức, Thành phố Hồ Chí Minh, Việt Nam",Quận Thủ Đức,"1030: Chế biến và bảo quản rau quả-(không hoạt động tại trụ sở);1061: Xay xát và sản xuất bột thô-(không hoạt động tại trụ sở);1073: Sản xuất ca cao, sôcôla và bánh kẹo-(không hoạt động tại trụ sở);10",internet
315869675,CÔNG TY CỔ PHẦN QUỐC TẾ PHƯƠNG THÀNH TIẾN,CÔNG TY CỔ PHẦN QUỐC TẾ PHƯƠNG,Công ty cổ phần,"13/38 Đường Số 14, Kp2, Phường Hiệp Bình Chánh, Quận Thủ Đức, Thành phố Hồ Chí Minh, Việt Nam",Quận Thủ Đức,"4659: Bán buôn máy móc, thiết bị và phụ tùng máy khác-Chi tiết: Bán buôn máy móc, thiết bị và phụ tùng máy khác
Chi tiết: Bán buôn máy móc, thiết bị điện, vật liệu điện (máy phát điện, động cơ điện, d",internet
315867149,CÔNG TY TNHH SONG HÀNH COMPANION HEALTHY BEAUTIFUL,CÔNG TY TNHH SONG HÀNH COMPANI,Công ty trách nhiệm hữu hạn hai thành viên trở lên,"Căn S1 Khối D1, 49 Đường Cây Keo, Phường Tam Phú, Quận Thủ Đức, Thành phố Hồ Chí Minh, Việt Nam",Quận Thủ Đức,"3311: Sửa chữa các sản phẩm kim loại đúc sẵn-;3312: Sửa chữa máy móc, thiết bị-;3313: Sửa chữa thiết bị điện tử và quang học-;3314: Sửa chữa thiết bị điện-;3320: Lắp đặt máy móc và thiết bị công nghiệ",internet
315895234,CÔNG TY TNHH ĐỔI MỚI CUỘC SỐNG,CÔNG TY TNHH ĐỔI MỚI CUỘC SỐNG,Công ty trách nhiệm hữu hạn một thành viên,"Số 1, Đường số 2, Phường Linh Chiểu, Quận Thủ Đức, Thành phố Hồ Chí Minh, Việt Nam",Quận Thủ Đức,"7410: Hoạt động thiết kế chuyên dụng-chi tiết: thiết kế website;6201: Lập trình máy vi tính-chi tiết: sản xuất phần mềm;6110: Hoạt động viễn thông có dây-(trừ cung cấp dịch vụ truy cập, truy nhập inte",internet
315877482,CÔNG TY TNHH SINH TPR,CÔNG TY TNHH SINH TPR,Công ty trách nhiệm hữu hạn một thành viên,"số 787 Tỉnh Lộ 43, Khu phố 5, Phường Tam Bình, Quận Thủ Đức, Thành phố Hồ Chí Minh, Việt Nam",Quận Thủ Đức,"7410: Hoạt động thiết kế chuyên dụng-;6201: Lập trình máy vi tính-;5820: Xuất bản phần mềm-Chi tiết: Sản xuất phần mềm.;6202: Tư vấn máy vi tính và quản trị hệ thống máy vi tính-;6311: Xử lý dữ liệu, ",internet
315876087,CÔNG TY TNHH PHÁT LONG IT,CÔNG TY TNHH PHÁT LONG IT,Công ty trách nhiệm hữu hạn một thành viên,"số 1050 Đường Phạm Văn Đồng, Khu phố 9, Phường Hiệp Bình Chánh, Quận Thủ Đức, Thành phố Hồ Chí Minh, Việt Nam",Quận Thủ Đức,"7410: Hoạt động thiết kế chuyên dụng-;6201: Lập trình máy vi tính-;5820: Xuất bản phần mềm-Chi tiết: Sản xuất phần mềm.;6202: Tư vấn máy vi tính và quản trị hệ thống máy vi tính-;6311: Xử lý dữ liệu, ",internet
315894174,CÔNG TY TNHH VV-ELECTRONICS,CÔNG TY TNHH VVELECTRONICS,Công ty trách nhiệm hữu hạn hai thành viên trở lên,"389/5D Quốc Lộ 13, Phường Hiệp Bình Phước, Quận Thủ Đức, Thành phố Hồ Chí Minh, Việt Nam",Quận Thủ Đức,"4742: Bán lẻ thiết bị nghe nhìn trong các cửa hàng chuyên doanh-Chi tiết: Bán lẻ thiết bị nghe nhìn;2710: Sản xuất mô tơ, máy phát, biến thế điện, thiết bị phân phối và điều khiển điện-(không hoạt độn",electronic
315888903,CÔNG TY TNHH THIẾT KẾ XÂY DỰNG CLACONS,CÔNG TY TNHH THIẾT KẾ XÂY DỰNG,Công ty trách nhiệm hữu hạn một thành viên,"125/2A Đường Ngô Chí Quốc, Khu Phố 2, Phường Bình Chiểu, Quận Thủ Đức, Thành phố Hồ Chí Minh, Việt Nam",Quận Thủ Đức,"4101: Xây dựng nhà để ở-;4102: Xây dựng nhà không để ở-;4322: Lắp đặt hệ thống cấp, thoát nước, hệ thống sưởi và điều hoà không khí-(trừ lắp đặt các thiết bị điện lạnh (thiết bị cấp đông, kho lạnh, má",internet
315901738,CÔNG TY TNHH MTV THƯƠNG MẠI DỊCH VỤ RED APPLE INTERNATIONAL PRESCH,CÔNG TY TNHH MTV THƯƠNG MẠI DỊ,Công ty trách nhiệm hữu hạn một thành viên,"111/2/3 Ngô Chí Quốc, Phường Bình Chiểu, Quận Thủ Đức, Thành phố Hồ Chí Minh, Việt Nam",Quận Thủ Đức,"4632: Bán buôn thực phẩm-(không hoạt động tại trụ sở);4631: Bán buôn gạo, lúa mỳ, hạt ngũ cốc khác, bột mỳ-(không hoạt động tại trụ sở);4633: Bán buôn đồ uống-;4620: Bán buôn nông, lâm sản nguyên liệu",internet
315883870,CÔNG TY TNHH BÌNH NHẤT THU PHƯỢNG,CÔNG TY TNHH BÌNH NHẤT THU PHƯ,Công ty trách nhiệm hữu hạn một thành viên,"số 210 Đường Gò Dưa, Khu phố 2, Phường Tam Bình, Quận Thủ Đức, Thành phố Hồ Chí Minh, Việt Nam",Quận Thủ Đức,"7410: Hoạt động thiết kế chuyên dụng-;6201: Lập trình máy vi tính-;5820: Xuất bản phần mềm-Chi tiết: Sản xuất phần mềm.;6202: Tư vấn máy vi tính và quản trị hệ thống máy vi tính-;6311: Xử lý dữ liệu, ",internet
315880206,CÔNG TY CỔ PHẦN  THƯƠNG MẠI VÀ DỊCH VỤ ALI MART,CÔNG TY CỔ PHẦN  THƯƠNG MẠI VÀ,Công ty cổ phần,"183 Đặng Văn Bi, Phường Trường Thọ, Quận Thủ Đức, Thành phố Hồ Chí Minh, Việt Nam",Quận Thủ Đức,"4773: Bán lẻ hàng hóa khác mới trong các cửa hàng chuyên doanh-(trừ bán lẻ bình gas, khí dầu mỏ hóa lỏng LPG, dầu nhớt cặn, vàng miếng, súng, đạn loại dùng đi săn hoặc thể thao và tiền kim khí; trừ bá",internet
315858497,CÔNG TY TNHH VERA VIỆT NAM,CÔNG TY TNHH VERA VIỆT NAM,Công ty trách nhiệm hữu hạn một thành viên,"48/13 Chương Dương ,Khu phố 1, Phường Linh Chiểu, Quận Thủ Đức, Thành phố Hồ Chí Minh, Việt Nam",Quận Thủ Đức,"6619: Hoạt động hỗ trợ dịch vụ tài chính chưa được phân vào đâu-Chi tiết: Hoạt động tư vấn đầu tư (trừ tư vấn tài chính, kế toán, pháp lý);7020: Hoạt động tư vấn quản lý-Chi tiết: Tư vấn sản phẩm giáo",internet
315931323,CÔNG TY TNHH VIỄN THÔNG NEWAGE,CÔNG TY TNHH VIỄN THÔNG NEWAGE,Công ty trách nhiệm hữu hạn một thành viên,"723 Tỉnh Lộ 43, Khu phố 4, Phường Tam Bình, Quận Thủ Đức, Thành phố Hồ Chí Minh, Việt Nam",Quận Thủ Đức,"4799: Bán lẻ hình thức khác chưa được phân vào đâu-(trừ bán lẻ bình gas, khí dầu mỏ hóa lỏng LPG, dầu nhớt cặn, vàng miếng, súng, đạn loại dùng đi săn hoặc thể thao và tiền kim khí; trừ bán lẻ hóa chấ",internet
315883662,CÔNG TY TNHH SẢN XUẤT NỘI THẤT NGUYÊN KHANG,CÔNG TY TNHH SẢN XUẤT NỘI THẤT,Công ty trách nhiệm hữu hạn một thành viên,"1056/4 Tỉnh lộ 43, Khu phố 1, Phường Bình Chiểu, Quận Thủ Đức, Thành phố Hồ Chí Minh, Việt Nam",Quận Thủ Đức,"4329: Lắp đặt hệ thống xây dựng khác-Chi tiết: Lắp đặt thác, nước, non bộ, cảnh quan sân vườn (trừ xi mạ, gia công cơ khí);4330: Hoàn thiện công trình xây dựng-;4321: Lắp đặt hệ thống điện-Chi tiết: L",internet
315932415,CÔNG TY TNHH VIỄN THÔNG VAHATEL,CÔNG TY TNHH VIỄN THÔNG VAHATE,Công ty trách nhiệm hữu hạn một thành viên,"1050 Phạm Văn Đồng, Khu phố 9, Phường Hiệp Bình Chánh, Quận Thủ Đức, Thành phố Hồ Chí Minh, Việt Nam",Quận Thủ Đức,"4652: Bán buôn thiết bị và linh kiện điện tử, viễn thông-;4659: Bán buôn máy móc, thiết bị và phụ tùng máy khác-Chi tiết: Bán buôn máy móc, thiết bị và phụ tùng máy văn phòng (trừ máy vi tính và thiết",internet
315958050,CÔNG TY TNHH TM-DV-ĐTTC GIA VŨ,CÔNG TY TNHH TMDVĐTTC GIA VŨ,Công ty trách nhiệm hữu hạn một thành viên,"6 Đường số 17, Khu Phố 1, Phường Linh Đông, Quận Thủ Đức, Thành phố Hồ Chí Minh, Việt Nam",Quận Thủ Đức,"4772: Bán lẻ thuốc, dụng cụ y tế, mỹ phẩm và vật phẩm vệ sinh trong các cửa hàng chuyên doanh-Chi tiết: Bán lẻ Mỹ phẩm;4791: Bán lẻ theo yêu cầu đặt hàng qua bưu điện hoặc internet-;4931: Vận tải hành",internet
315932447,CÔNG TY TNHH VIỄN THÔNG LUKITEL,CÔNG TY TNHH VIỄN THÔNG LUKITE,Công ty trách nhiệm hữu hạn một thành viên,"47/4/2B Đường 27, Khu phố 9, Phường Hiệp Bình Chánh, Quận Thủ Đức, Thành phố Hồ Chí Minh, Việt Nam",Quận Thủ Đức,"8211: Dịch vụ hành chính văn phòng tổng hợp-;8230: Tổ chức giới thiệu và xúc tiến thương mại-Chi tiết: Tổ chức sự kiện, xúc tiến thương mại (không thực hiện các hiệu ứng cháy, nổ; không sử dụng chất n",internet
315937163,CÔNG TY TNHH VIỄN THÔNG MITEL,CÔNG TY TNHH VIỄN THÔNG MITEL,Công ty trách nhiệm hữu hạn một thành viên,"210 Đường Gò Dưa, Khu phố 2, Phường Tam Bình, Quận Thủ Đức, Thành phố Hồ Chí Minh, Việt Nam",Quận Thủ Đức,"4651: Bán buôn máy vi tính, thiết bị ngoại vi và phần mềm-;4652: Bán buôn thiết bị và linh kiện điện tử, viễn thông-;4659: Bán buôn máy móc, thiết bị và phụ tùng máy khác-Chi tiết: Bán buôn máy móc, t",internet
315943738,CÔNG TY TNHH VIỄN THÔNG ERATEL,CÔNG TY TNHH VIỄN THÔNG ERATEL,Công ty trách nhiệm hữu hạn một thành viên,"449 Kha Vạn Cân, Khu phố 7, Phường Hiệp Bình Chánh, Quận Thủ Đức, Thành phố Hồ Chí Minh, Việt Nam",Quận Thủ Đức,"8230: Tổ chức giới thiệu và xúc tiến thương mại-Chi tiết: Tổ chức sự kiện, xúc tiến thương mại (không thực hiện các hiệu ứng cháy, nổ; không sử dụng chất nổ, chất cháy, hóa chất làm đạo cụ, dụng cụ th",internet
315942477,CÔNG TY TNHH PHÁT TRIỂN NGUỒN NHÂN LỰC VIỆT NAM NEW,CÔNG TY TNHH PHÁT TRIỂN NGUỒN ,Công ty trách nhiệm hữu hạn một thành viên,"274/4 Quốc Lộ 1K khu phố 1, Phường Linh Xuân, Quận Thủ Đức, Thành phố Hồ Chí Minh, Việt Nam",Quận Thủ Đức,"4741: Bán lẻ máy vi tính, thiết bị ngoại vi, phần mềm và thiết bị viễn thông trong các cửa hàng chuyên doanh-;4742: Bán lẻ thiết bị nghe nhìn trong các cửa hàng chuyên doanh-;4791: Bán lẻ theo yêu cầu",internet
315939410,CÔNG TY TNHH VIỄN THÔNG TELERA,CÔNG TY TNHH VIỄN THÔNG TELERA,Công ty trách nhiệm hữu hạn một thành viên,"787 Tỉnh Lộ 43, Khu phố 5, Phường Tam Bình, Quận Thủ Đức, Thành phố Hồ Chí Minh, Việt Nam",Quận Thủ Đức,"4651: Bán buôn máy vi tính, thiết bị ngoại vi và phần mềm-;4652: Bán buôn thiết bị và linh kiện điện tử, viễn thông-;4659: Bán buôn máy móc, thiết bị và phụ tùng máy khác-Chi tiết: Bán buôn máy móc, t",internet
315931637,CÔNG TY TNHH VIỄN THÔNG WINTEL,CÔNG TY TNHH VIỄN THÔNG WINTEL,Công ty trách nhiệm hữu hạn một thành viên,"1044 Phạm Văn Đồng, khu phố 9, Phường Hiệp Bình Chánh, Quận Thủ Đức, Thành phố Hồ Chí Minh, Việt Nam",Quận Thủ Đức,"4651: Bán buôn máy vi tính, thiết bị ngoại vi và phần mềm-;4652: Bán buôn thiết bị và linh kiện điện tử, viễn thông-;4659: Bán buôn máy móc, thiết bị và phụ tùng máy khác-Chi tiết: Bán buôn máy móc, t",internet
315980176,CÔNG TY CỔ PHẦN GIA CÔNG PHẦN MỀM CO.H,CÔNG TY CỔ PHẦN GIA CÔNG PHẦN ,Công ty cổ phần,"26 Đường 4, Phường Linh Chiểu, Quận Thủ Đức, Thành phố Hồ Chí Minh, Việt Nam",Quận Thủ Đức,"5820: Xuất bản phần mềm-Chi tiết: sản xuất phần mềm, gia công phần mềm;6190: Hoạt động viễn thông khác-Chi tiết:
- Cung cấp truy cập Internet thông qua các mạng kết nối giữa khách hàng và ISP nhưng kh",internet
315959505,CÔNG TY TNHH SẢN XUẤT THƯƠNG MẠI VÀ DỊCH VỤ QTN,CÔNG TY TNHH SẢN XUẤT THƯƠNG M,Công ty trách nhiệm hữu hạn hai thành viên trở lên,"14A Đường số 7, Khu phố 5, Phường Tam Phú, Quận Thủ Đức, Thành phố Hồ Chí Minh, Việt Nam",Quận Thủ Đức,"3312: Sửa chữa máy móc, thiết bị-;1410: May trang phục (trừ trang phục từ da lông thú)-;1430: Sản xuất trang phục dệt kim, đan móc-;4641: Bán buôn vải, hàng may mặc, giày dép-;4782: Bán lẻ hàng dệt, m",internet
315958974,CÔNG TY TNHH XUẤT NHẬP KHẨU REBORN,CÔNG TY TNHH XUẤT NHẬP KHẨU RE,Công ty trách nhiệm hữu hạn một thành viên,"111/4 Đường số 38, Khu phố 8 , Phường Hiệp Bình Chánh, Quận Thủ Đức, Thành phố Hồ Chí Minh, Việt Nam",Quận Thủ Đức,"4791: Bán lẻ theo yêu cầu đặt hàng qua bưu điện hoặc internet-(trừ bán lẻ hóa chất, khí dầu mỏ hóa lỏng LPG, dầu nhớt cặn, vàng miếng, súng, đạn loại dùng đi săn hoặc thể thao và tiền kim khí; Thực hi",internet
315938449,CÔNG TY TNHH BÁNH MỲ QUE ĐÀ NẴNG FOOD,CÔNG TY TNHH BÁNH MỲ QUE ĐÀ NẴ,Công ty trách nhiệm hữu hạn hai thành viên trở lên,"12/12/4 Đường số 8, Khu phố 4, Phường Hiệp Bình Phước, Quận Thủ Đức, Thành phố Hồ Chí Minh, Việt Nam",Quận Thủ Đức,"1071: Sản xuất các loại bánh từ bột-(không hoạt động tại trụ sở);1062: Sản xuất tinh bột và các sản phẩm từ tinh bột-(không hoạt động tại trụ sở);1075: Sản xuất món ăn, thức ăn chế biến sẵn-Chi tiết: ",internet
315989309,CÔNG TY TNHH HỖ TRỢ DỊCH VỤ THÀNH TÍN,CÔNG TY TNHH HỖ TRỢ DỊCH VỤ TH,Công ty trách nhiệm hữu hạn một thành viên,"313/8 Quốc lộ 13, Phường Hiệp Bình Phước, Quận Thủ Đức, Thành phố Hồ Chí Minh, Việt Nam",Quận Thủ Đức,"6190: Hoạt động viễn thông khác-Chi tiết: Cung cấp truy cập Internet thông qua các mạng kết nối giữa khách hàng và ISP nhưng không do ISP sở hữu và vận hành, như truy cập Internet quay số (dial-up); C",internet
316015436,CÔNG TY TNHH THIẾT BỊ Y TẾ THẠCH HANH,CÔNG TY TNHH THIẾT BỊ Y TẾ THẠ,Công ty trách nhiệm hữu hạn một thành viên,"46 Cây Keo, Phường Tam Phú, Quận Thủ Đức, Thành phố Hồ Chí Minh, Việt Nam",Quận Thủ Đức,"2660: Sản xuất thiết bị bức xạ, thiết bị điện tử trong y học, điện liệu pháp-(Không hoạt động tại trụ sở);2670: Sản xuất thiết bị và dụng cụ quang học-(Không hoạt động tại trụ sở);3250: Sản xuất thiết",internet
316015443,CÔNG TY TNHH THIẾT BỊ Y TẾ MỘNG TRINH,CÔNG TY TNHH THIẾT BỊ Y TẾ MỘN,Công ty trách nhiệm hữu hạn một thành viên,"309/93 Võ Văn Ngân, Phường Linh Chiểu, Quận Thủ Đức, Thành phố Hồ Chí Minh, Việt Nam",Quận Thủ Đức,"2670: Sản xuất thiết bị và dụng cụ quang học-(Không hoạt động tại trụ sở);3250: Sản xuất thiết bị, dụng cụ y tế, nha khoa, chỉnh hình và phục hồi chức năng-(Không hoạt động tại trụ sở);3313: Sửa chữa ",internet
316008326,DOANH NGHIỆP TƯ NHÂN DỊCH VỤ TRÒ CHƠI ĐIỆN TỬ CÔNG CỘNG CYBER ALL GAME H2S,DOANH NGHIỆP TƯ NHÂN DỊCH VỤ T,Doanh nghiệp tư nhân,"21/C2 Đường 11, Phường Linh Xuân, Quận Thủ Đức, Thành phố Hồ Chí Minh, Việt Nam",Quận Thủ Đức,"6190: Hoạt động viễn thông khác-Chi tiết: -Hoạt động của các điểm truy cập internet -  Điểm cung cấp dịch vụ trò chơi điện tử công cộng (không kinh doanh trò chơi có hại cho giáo dục nhân cách, sức kh",internet
316015115,CÔNG TY TNHH THIẾT BỊ Y TẾ LƯU MINH,CÔNG TY TNHH THIẾT BỊ Y TẾ LƯU,Công ty trách nhiệm hữu hạn một thành viên,"5 Thống Nhất, Phường Bình Thọ, Quận Thủ Đức, Thành phố Hồ Chí Minh, Việt Nam",Quận Thủ Đức,"2660: Sản xuất thiết bị bức xạ, thiết bị điện tử trong y học, điện liệu pháp-(Không hoạt động tại trụ sở);2670: Sản xuất thiết bị và dụng cụ quang học-(Không hoạt động tại trụ sở);3250: Sản xuất thiết",internet
316000969,CÔNG TY TNHH SELECCÍON GLOBAL,CÔNG TY TNHH SELECCÍON GLOBAL,Công ty trách nhiệm hữu hạn một thành viên,"07 Đường số 17, Phường Linh Chiểu, Quận Thủ Đức, Thành phố Hồ Chí Minh, Việt Nam",Quận Thủ Đức,"6820: Tư vấn, môi giới, đấu giá bất động sản, đấu giá quyền sử dụng đất-chi tiết: Thuê bất động sản để cho thuê lại;5224: Bốc xếp hàng hóa-(trừ bốc xếp hàng hóa cảng hàng không);5229: Hoạt động dịch v",internet
316008196,CÔNG TY TNHH THIẾT BỊ ĐIỆN LƯƠNG KIÊN,CÔNG TY TNHH THIẾT BỊ ĐIỆN LƯƠ,Công ty trách nhiệm hữu hạn một thành viên,"8/2 Phạm Văn Đồng, Phường Hiệp Bình Chánh, Quận Thủ Đức, Thành phố Hồ Chí Minh, Việt Nam",Quận Thủ Đức,2640: Sản xuất sản phẩm điện tử dân dụng-(Không hoạt động tại trụ sở);2750: Sản xuất đồ điện dân dụng-(Không hoạt động tại trụ sở);3314: Sửa chữa thiết bị điện-;4649: Bán buôn đồ dùng khác cho gia đìn,internet
316009506,CÔNG TY TNHH THIẾT BỊ Y TẾ THÙY DƯƠNG,CÔNG TY TNHH THIẾT BỊ Y TẾ THÙ,Công ty trách nhiệm hữu hạn một thành viên,"663 Tô Ngọc Vân, Phường Linh Đông, Quận Thủ Đức, Thành phố Hồ Chí Minh, Việt Nam",Quận Thủ Đức,"2660: Sản xuất thiết bị bức xạ, thiết bị điện tử trong y học, điện liệu pháp-(Không hoạt động tại trụ sở);2670: Sản xuất thiết bị và dụng cụ quang học-(Không hoạt động tại trụ sở);3250: Sản xuất thiết",internet
315961896,CÔNG TY TNHH VIVA GREEN,CÔNG TY TNHH VIVA GREEN,Công ty trách nhiệm hữu hạn hai thành viên trở lên,"606/46/13A Quốc lộ 13, KP4, Phường Hiệp Bình Phước, Quận Thủ Đức, Thành phố Hồ Chí Minh, Việt Nam",Quận Thủ Đức,"4620: Bán buôn nông, lâm sản nguyên liệu (trừ gỗ, tre, nứa) và động vật sống-(không hoạt động tại trụ sở);4631: Bán buôn gạo, lúa mỳ, hạt ngũ cốc khác, bột mỳ-(không hoạt động tại trụ sở);4632: Bán bu",internet
316009591,CÔNG TY TNHH THIẾT BỊ Y TẾ HUỲNH VĨ,CÔNG TY TNHH THIẾT BỊ Y TẾ HUỲ,Công ty trách nhiệm hữu hạn một thành viên,"8/2 Phạm Văn Đồng, Phường Hiệp Bình Chánh, Quận Thủ Đức, Thành phố Hồ Chí Minh, Việt Nam",Quận Thủ Đức,"2660: Sản xuất thiết bị bức xạ, thiết bị điện tử trong y học, điện liệu pháp-(Không hoạt động tại trụ sở);2670: Sản xuất thiết bị và dụng cụ quang học-(Không hoạt động tại trụ sở);3250: Sản xuất thiết",internet
316014295,CÔNG TY TNHH THIẾT BỊ Y TẾ NBV,CÔNG TY TNHH THIẾT BỊ Y TẾ NBV,Công ty trách nhiệm hữu hạn một thành viên,"53 Thống Nhất, Phường Bình Thọ, Quận Thủ Đức, Thành phố Hồ Chí Minh, Việt Nam",Quận Thủ Đức,"2660: Sản xuất thiết bị bức xạ, thiết bị điện tử trong y học, điện liệu pháp-(không hoạt động tại trụ sở).;2670: Sản xuất thiết bị và dụng cụ quang học-(không hoạt động tại trụ sở).;3250: Sản xuất thi",internet
316009577,CÔNG TY TNHH THIẾT BỊ Y TẾ KIM OANH,CÔNG TY TNHH THIẾT BỊ Y TẾ KIM,Công ty trách nhiệm hữu hạn một thành viên,"72 Hiệp Bình, Phường Hiệp Bình Phước, Quận Thủ Đức, Thành phố Hồ Chí Minh, Việt Nam",Quận Thủ Đức,"2670: Sản xuất thiết bị và dụng cụ quang học-(Không hoạt động tại trụ sở);3250: Sản xuất thiết bị, dụng cụ y tế, nha khoa, chỉnh hình và phục hồi chức năng-(Không hoạt động tại trụ sở);3313: Sửa chữa ",internet
316012001,CÔNG TY TNHH THIẾT BỊ Y TẾ KIM THOA,CÔNG TY TNHH THIẾT BỊ Y TẾ KIM,Công ty trách nhiệm hữu hạn một thành viên,"1248 Kha Vạn Cân, Phường Linh Trung, Quận Thủ Đức, Thành phố Hồ Chí Minh, Việt Nam",Quận Thủ Đức,"2660: Sản xuất thiết bị bức xạ, thiết bị điện tử trong y học, điện liệu pháp-(Không hoạt động tại trụ sở);2670: Sản xuất thiết bị và dụng cụ quang học-(Không hoạt động tại trụ sở);3313: Sửa chữa thiết",internet
316019092,CÔNG TY TNHH TM XNK ĐẠI PHÁT ĐẠT,CÔNG TY TNHH TM XNK ĐẠI PHÁT Đ,Công ty trách nhiệm hữu hạn một thành viên,"114/4 Ngô Chí Quốc, Khu phố 2, Phường Bình Chiểu, Quận Thủ Đức, Thành phố Hồ Chí Minh, Việt Nam",Quận Thủ Đức,"4101: Xây dựng nhà để ở-;4102: Xây dựng nhà không để ở-;4221: Xây dựng công trình điện-(Doanh nghiệp không cung cấp hàng hóa, dịch vụ thuộc độc quyền Nhà nước, không hoạt động thương mại theo NĐ 94/20",internet
315993111,CÔNG TY TNHH DV - TM - SX MỘC MV,CÔNG TY TNHH DV  TM  SX MỘC MV,Công ty trách nhiệm hữu hạn hai thành viên trở lên,"Số 387 Kha Vạn Cân, Phường Hiệp Bình Chánh, Quận Thủ Đức, Thành phố Hồ Chí Minh, Việt Nam",Quận Thủ Đức,"4669: Bán buôn chuyên doanh khác chưa được phân vào đâu-Chi tiết: Bán buôn quà lưu niệm, quà tặng bằng gỗ, hàng đan lát, hàng thủ công mỹ nghệ; Bán buôn đồng hồ đeo tay, đồng hồ treo tường và đồ trang",internet
316012555,CÔNG TY TNHH THIẾT BỊ ĐIỆN TRẦN CƯ,CÔNG TY TNHH THIẾT BỊ ĐIỆN TRẦ,Công ty trách nhiệm hữu hạn một thành viên,"5 Thống Nhất, Phường Bình Thọ, Quận Thủ Đức, Thành phố Hồ Chí Minh, Việt Nam",Quận Thủ Đức,"2640: Sản xuất sản phẩm điện tử dân dụng-(không hoạt động tại trụ sở).;2750: Sản xuất đồ điện dân dụng-(không hoạt động tại trụ sở).;4659: Bán buôn máy móc, thiết bị và phụ tùng máy khác-Chi tiết: Bán",internet
316016510,CÔNG TY TNHH THIẾT BỊ Y TẾ XUÂN QUÝ,CÔNG TY TNHH THIẾT BỊ Y TẾ XUÂ,Công ty trách nhiệm hữu hạn một thành viên,"252 Tô Ngọc Vân, Phường Linh Đông, Quận Thủ Đức, Thành phố Hồ Chí Minh, Việt Nam",Quận Thủ Đức,"2660: Sản xuất thiết bị bức xạ, thiết bị điện tử trong y học, điện liệu pháp-(không hoạt động tại trụ sở).;2670: Sản xuất thiết bị và dụng cụ quang học-(không hoạt động tại trụ sở).;3250: Sản xuất thi",internet
316023331,CÔNG TY TNHH I.P TECHNOLOGY VIỆT NAM,CÔNG TY TNHH IP TECHNOLOGY VIỆ,Công ty trách nhiệm hữu hạn hai thành viên trở lên,"190 Võ Văn Ngân, Phường Bình Thọ, Quận Thủ Đức, Thành phố Hồ Chí Minh, Việt Nam",Quận Thủ Đức,"4329: Lắp đặt hệ thống xây dựng khác-;4330: Hoàn thiện công trình xây dựng-;4390: Hoạt động xây dựng chuyên dụng khác-;4659: Bán buôn máy móc, thiết bị và phụ tùng máy khác-Chi tiết: Bán buôn máy móc,",technology
316069840,CÔNG TY TNHH ĐẦU TƯ VÀ XUẤT NHẬP KHẨU ĐẠI THÀNH,CÔNG TY TNHH ĐẦU TƯ VÀ XUẤT NH,Công ty trách nhiệm hữu hạn hai thành viên trở lên,"25/4 Đường số 8, Phường Linh Xuân, Quận Thủ Đức, Thành phố Hồ Chí Minh, Việt Nam",Quận Thủ Đức,"9512: Sửa chữa thiết bị liên lạc-(trừ gia công cơ khí, tái chế phế thải, xi mạ điện tại trụ sở);9521: Sửa chữa thiết bị nghe nhìn điện tử gia dụng-(trừ gia công cơ khí, tái chế phế thải, xi mạ điện tạ",internet
316051963,CÔNG TY TNHH MỘT THÀNH VIÊN VHS TECHNOLOGY,CÔNG TY TNHH MỘT THÀNH VIÊN VH,Công ty trách nhiệm hữu hạn một thành viên,"51/36/312B Đường số 2, Phường Trường Thọ, Quận Thủ Đức, Thành phố Hồ Chí Minh, Việt Nam",Quận Thủ Đức,"3320: Lắp đặt máy móc và thiết bị công nghiệp-(trừ gia công cơ khí, tái chế phế thải, xi mạ điện tại trụ sở);4321: Lắp đặt hệ thống điện-(trừ gia công cơ khí, tái chế phế thải, xi mạ điện tại trụ sở);",technology
6001670505,CÔNG TY TNHH THƯƠNG MẠI VÀ CÔNG NGHỆ TOMNYSON,CÔNG TY TNHH THƯƠNG MẠI VÀ CÔN,Công ty trách nhiệm hữu hạn một thành viên,"số 29/7 đường 42, khu phố 8, Phường Hiệp Bình Chánh, Quận Thủ Đức, Thành phố Hồ Chí Minh, Việt Nam",Quận Thủ Đức,"7722: Cho thuê băng, đĩa video-;7730: Cho thuê máy móc, thiết bị và đồ dùng hữu hình khác không kèm người điều khiển-( Loại trừ hoạt động nhà nước cấm.);8299: Hoạt động dịch vụ hỗ trợ kinh doanh khác ",internet
315475247,CÔNG TY TNHH LOTUS DORÉ,CÔNG TY TNHH LOTUS DORÉ,Công ty trách nhiệm hữu hạn một thành viên,"Số 3, Đường số 14, Khu phố 6, Phường Hiệp Bình Chánh, Quận Thủ Đức, Thành phố Hồ Chí Minh, Việt Nam",Quận Thủ Đức,4722: Bán lẻ thực phẩm trong các cửa hàng chuyên doanh-Chi tiết: Bán lẻ các loại hạt và trái cây khô (thực hiện theo quyết định 64/2009/QĐ-UBND ngày 31/07/2009 và quyết định  số 79/2009/QĐ-UBND ngày 1,internet
316073685,CÔNG TY TNHH THÀNH VŨ ART,CÔNG TY TNHH THÀNH VŨ ART,Công ty trách nhiệm hữu hạn một thành viên,"3/24 Đường 12, Phường Linh Chiểu, Quận Thủ Đức, Thành phố Hồ Chí Minh, Việt Nam",Quận Thủ Đức,"4610: Đại lý, môi giới, đấu giá hàng hóa-Chi tiết: Đại lý, môi giới mua bán hàng hóa.;8559: Giáo dục khác chưa được phân vào đâu-Chi tiết: Dạy nghề thủ công mỹ nghệ;7410: Hoạt động thiết kế chuyên dụn",internet
315489137,CÔNG TY TNHH THƯƠNG MẠI DỊCH VỤ THANH TÂM GROUP,CÔNG TY TNHH THƯƠNG MẠI DỊCH V,Công ty trách nhiệm hữu hạn một thành viên,"Số 17, Đường số 15, Khu phố 5, Phường Bình Chiểu, Quận Thủ Đức, Thành phố Hồ Chí Minh, Việt Nam",Quận Thủ Đức,"4649: Bán buôn đồ dùng khác cho gia đình-Chi tiết: Bán buôn vali, cặp, túi, hàng da và giả da khác. Bán buôn nước hoa, hàng mỹ phẩm và chế phẩm vệ sinh. Bán buôn đồ điện gia dụng, đèn và bộ đèn điện. ",internet
315581823,CÔNG TY TNHH DỊCH VỤ THƯƠNG MẠI THE VILLAGE COFFEE,CÔNG TY TNHH DỊCH VỤ THƯƠNG MẠ,Công ty trách nhiệm hữu hạn hai thành viên trở lên,"111/2/3 Ngô Chí Quốc, Phường Bình Chiểu, Quận Thủ Đức, Thành phố Hồ Chí Minh, Việt Nam",Quận Thủ Đức,4722: Bán lẻ thực phẩm trong các cửa hàng chuyên doanh-(thực hiện theo quyết định 64/2009/QĐ-UBND ngày 31/07/2009 và quyết định  số 79/2009/QĐ-UBND ngày 17/10/2009 của Ủy ban nhân dân TP. Hồ Chí Minh ,internet
315599203,CÔNG TY TNHH KỸ THUẬT ĐIỆN CƠ T&L,CÔNG TY TNHH KỸ THUẬT ĐIỆN CƠ ,Công ty trách nhiệm hữu hạn hai thành viên trở lên,"170/27A đường Tô Ngọc Vân, Khu phố 3, Phường Linh Đông, Quận Thủ Đức, Thành phố Hồ Chí Minh, Việt Nam",Quận Thủ Đức,"4321: Lắp đặt hệ thống điện-Chi tiết: Lắp đặt thiết bị điện công nghiệp và điện dân dụng, thiết bị đo lường, hệ thống giám sát, hệ thống điều khiển quá trình sản xuất.;4322: Lắp đặt hệ thống cấp, thoá",internet
315666795,CÔNG TY TNHH DỊCH VỤ SỬA CHỮA Ô TÔ HIẾU QUÝ,CÔNG TY TNHH DỊCH VỤ SỬA CHỮA ,Công ty trách nhiệm hữu hạn một thành viên,"58 Đường Cây Keo , Phường Tam Phú, Quận Thủ Đức, Thành phố Hồ Chí Minh, Việt Nam",Quận Thủ Đức,"3314: Sửa chữa thiết bị điện-(Trừ gia công cơ khí, tái chế phế thải, xi, mạ điện tại trụ sở);3320: Lắp đặt máy móc và thiết bị công nghiệp-(Trừ gia công cơ khí, tái chế phế thải, xi, mạ điện tại trụ s",internet
315691008,CÔNG TY CỔ PHẦN STAR NETWORK,CÔNG TY CỔ PHẦN STAR NETWORK,Công ty cổ phần,"Số 82, Đường số 3, Khu phố 9, Phường Trường Thọ, Quận Thủ Đức, Thành phố Hồ Chí Minh, Việt Nam",Quận Thủ Đức,"4649: Bán buôn đồ dùng khác cho gia đình-chi tiết: Bán buôn vali, cặp, túi, ví, hàng da và giả da khác. Bán buôn nước hoa, hàng mỹ phẩm và chế phẩm vệ sinh. Bán buôn băng vệ sinh phụ nữ. Bán buôn dụng",internet
315732769,CÔNG TY TNHH ĐỐI TÁC DOANH NGHIỆP VIỆT NAM,CÔNG TY TNHH ĐỐI TÁC DOANH NGH,Công ty trách nhiệm hữu hạn hai thành viên trở lên,"75N/5 đường 2, Phường Hiệp Bình Phước, Quận Thủ Đức, Thành phố Hồ Chí Minh, Việt Nam",Quận Thủ Đức,"7020: Hoạt động tư vấn quản lý-chi tiết: - Tư vấn tái cấu trúc, hệ thống thang bảng lương, pháp luật, quản lý doanh nghiệp; 
- Tư vấn tuyển dụng, đào tạo phát triển, chế độ chính sách, quan hệ lao độn",internet
315805738,CÔNG TY TNHH TRUYỀN THÔNG 2TZ MEDIA,CÔNG TY TNHH TRUYỀN THÔNG 2TZ ,Công ty trách nhiệm hữu hạn một thành viên,"Số O8, Đường Nguyễn Thị Nhung, Khu đô Thị Vạn Phúc, Phường Hiệp Bình Phước, Quận Thủ Đức, Thành phố Hồ Chí Minh, Việt Nam",Quận Thủ Đức,"8230: Tổ chức giới thiệu và xúc tiến thương mại-(không thực hiện các hiệu ứng cháy nổ, sử dụng chất nổ, chất cháy, hóa chất làm đạo cụ, dụng cụ thực hiện các chương trình văn nghệ, sự kiện phim ảnh);7",internet
315806227,CÔNG TY TNHH THƯƠNG MẠI DỊCH VỤ POSAVO,CÔNG TY TNHH THƯƠNG MẠI DỊCH V,Công ty trách nhiệm hữu hạn hai thành viên trở lên,"38/7 Đường 24, Phường Linh Đông, Quận Thủ Đức, Thành phố Hồ Chí Minh, Việt Nam",Quận Thủ Đức,"3091: Sản xuất mô tô, xe máy-;3315: Sửa chữa và bảo dưỡng phương tiện vận tải (trừ ô tô, mô tô, xe  máy và xe có động cơ khác)-;4511: Bán buôn ô tô và xe có động cơ khác-;4512: Bán lẻ ô tô con (loại 9",internet
315823543,CÔNG TY CỔ PHẦN HGN GROUP ASIA,CÔNG TY CỔ PHẦN HGN GROUP ASIA,Công ty cổ phần,"80/27 Đường số 9, Khu phố 5, Phường Hiệp Bình Phước, Quận Thủ Đức, Thành phố Hồ Chí Minh, Việt Nam",Quận Thủ Đức,"4620: Bán buôn nông, lâm sản nguyên liệu (trừ gỗ, tre, nứa) và động vật sống-Chi tiết: Bán buôn thóc, ngô và các loại hạt ngũ cốc khác (trừ buôn bán các loại đậu), Bán buôn hoa (không hoạt động tại tr",internet
315824882,CÔNG TY CỔ PHẦN  THƯƠNG MẠI VÀ DỊCH VỤ ĐỊA ỐC ALIBABA,CÔNG TY CỔ PHẦN  THƯƠNG MẠI VÀ,Công ty cổ phần,"35 Đường 27, Khu Phố 9, Phường Hiệp Bình Chánh, Quận Thủ Đức, Thành phố Hồ Chí Minh, Việt Nam",Quận Thủ Đức,"6820: Tư vấn, môi giới, đấu giá bất động sản, đấu giá quyền sử dụng đất-Chi tiết: Tư vấn, môi giới bất động sản, quyền sử dụng đất;6810: Kinh doanh bất động sản, quyền sử dụng đất thuộc chủ sở hữu, ch",internet
315841486,CÔNG TY TNHH MTV PHAN HUỲNH,CÔNG TY TNHH MTV PHAN HUỲNH,Công ty trách nhiệm hữu hạn một thành viên,"12/8/23 đường số 8, KP4, Phường Hiệp Bình Phước, Quận Thủ Đức, Thành phố Hồ Chí Minh, Việt Nam",Quận Thủ Đức,"1079: Sản xuất thực phẩm khác chưa được phân vào đâu-Chi tiết: Sản xuất nguyên liệu thực phẩm, phụ gia thực phẩm;2011: Sản xuất hoá chất cơ bản-(Không hoạt động tại trụ sở);4669: Bán buôn chuyên doanh",internet
315856323,CÔNG TY TNHH AVT TRADING,CÔNG TY TNHH AVT TRADING,Công ty trách nhiệm hữu hạn hai thành viên trở lên,"Số 19 Đường 18, Khu phố 4, Phường Hiệp Bình Chánh, Quận Thủ Đức, Thành phố Hồ Chí Minh, Việt Nam",Quận Thủ Đức,"4761: Bán lẻ sách, báo, tạp chí văn phòng phẩm trong các cửa hàng chuyên doanh-Chi tiết: Bán lẻ sách, báo, tạp chí (có nội dung được phép lưu hành), văn phòng phẩm;4764: Bán lẻ trò chơi, đồ chơi trong",internet
315912803,CÔNG TY TNHH ÂM NHẠC KHÁT VỌNG,CÔNG TY TNHH ÂM NHẠC KHÁT VỌNG,Công ty trách nhiệm hữu hạn một thành viên,"49 Đường số 20, Phường Hiệp Bình Chánh, Quận Thủ Đức, Thành phố Hồ Chí Minh, Việt Nam",Quận Thủ Đức,"4649: Bán buôn đồ dùng khác cho gia đình-Chi tiết: Bán buôn các loại nhạc cụ;4791: Bán lẻ theo yêu cầu đặt hàng qua bưu điện hoặc internet-(trừ bán lẻ bình gas, khí dầu mỏ hóa lỏng LPG, dầu nhớt cặn, ",internet
315929885,CÔNG TY TNHH THÔNG MATA,CÔNG TY TNHH THÔNG MATA,Công ty trách nhiệm hữu hạn một thành viên,"15 Đường số 7, Khu phố 3, Phường Tam Bình, Quận Thủ Đức, Thành phố Hồ Chí Minh, Việt Nam",Quận Thủ Đức,"4741: Bán lẻ máy vi tính, thiết bị ngoại vi, phần mềm và thiết bị viễn thông trong các cửa hàng chuyên doanh-;4742: Bán lẻ thiết bị nghe nhìn trong các cửa hàng chuyên doanh-;4791: Bán lẻ theo yêu cầu",internet
316059867,CÔNG TY TNHH THIÊN MINH PRO,CÔNG TY TNHH THIÊN MINH PRO,Công ty trách nhiệm hữu hạn hai thành viên trở lên,"600 Kha Vạn Cân , Phường Linh Đông, Quận Thủ Đức, Thành phố Hồ Chí Minh, Việt Nam",Quận Thủ Đức,"4762: Bán lẻ băng đĩa âm thanh, hình ảnh (kể cả băng, đĩa trắng) trong các cửa hàng chuyên doanh-;4772: Bán lẻ thuốc, dụng cụ y tế, mỹ phẩm và vật phẩm vệ sinh trong các cửa hàng chuyên doanh-Chi tiết",internet
316106901,CÔNG TY TNHH DUY ĐỨC MOC,CÔNG TY TNHH DUY ĐỨC MOC,Công ty trách nhiệm hữu hạn hai thành viên trở lên,"20/32A Bình Chiểu, Phường Bình Chiểu, Quận Thủ Đức, Thành phố Hồ Chí Minh, Việt Nam",Quận Thủ Đức,"4620: Bán buôn nông, lâm sản nguyên liệu (trừ gỗ, tre, nứa) và động vật sống--(không hoạt động tại trụ sở);4633: Bán buôn đồ uống-;4649: Bán buôn đồ dùng khác cho gia đình--(trừ kinh doanh dược phẩm);",internet
316109846,CÔNG TY TNHH ICYBER GIA LINH,CÔNG TY TNHH ICYBER GIA LINH,Công ty trách nhiệm hữu hạn một thành viên,"45 Hoàng Diệu 2, Phường Linh Trung, Quận Thủ Đức, Thành phố Hồ Chí Minh, Việt Nam",Quận Thủ Đức,"4649: Bán buôn đồ dùng khác cho gia đình-Chi tiết: Bán buôn sản phẩm đồ chơi điện tử, đồ gia dụng (trừ đồ chơi có hại cho giáo dục nhân cách, sức khoẻ của trẻ em hoặc ảnh hưởng đến an ninh trật tự, an",internet
316125774,CÔNG TY TNHH TM PHỤ KIỆN ĐẠI HÙNG PHÁT,CÔNG TY TNHH TM PHỤ KIỆN ĐẠI H,Công ty trách nhiệm hữu hạn hai thành viên trở lên,"14/32 Đường số 4, Khu phố 2, Phường Hiệp Bình Chánh, Quận Thủ Đức, Thành phố Hồ Chí Minh, Việt Nam",Quận Thủ Đức,"1080: Sản xuất thức ăn gia súc, gia cầm và thuỷ sản-;3312: Sửa chữa máy móc, thiết bị-;4610: Đại lý, môi giới, đấu giá hàng hóa-Chi tiết: Đại lý bán hàng hóa. Môi giới mua bán hàng hóa.;4620: Bán buôn",internet
316139777,CÔNG TY TNHH DỊCH VỤ THƯƠNG MẠI KIDKISS,CÔNG TY TNHH DỊCH VỤ THƯƠNG MẠ,Công ty trách nhiệm hữu hạn một thành viên,"Số 5, Đường Số 10, Khu Phố 6, Phường Hiệp Bình Chánh, Quận Thủ Đức, Thành phố Hồ Chí Minh, Việt Nam",Quận Thủ Đức,"4764: Bán lẻ trò chơi, đồ chơi trong các cửa hàng chuyên doanh-;4771: Bán lẻ hàng may mặc, giày dép, hàng da và giả da trong các cửa hàng chuyên doanh-;4772: Bán lẻ thuốc, dụng cụ y tế, mỹ phẩm và vật",internet
316138188,CÔNG TY TNHH THƯƠNG MẠI DỊCH VỤ CỎ SÁU LÁ,CÔNG TY TNHH THƯƠNG MẠI DỊCH V,Công ty trách nhiệm hữu hạn hai thành viên trở lên,"22 Lý Tế Xuyên, Phường Linh Đông, Quận Thủ Đức, Thành phố Hồ Chí Minh, Việt Nam",Quận Thủ Đức,4940: Vận tải đường ống-; 5011: Vận tải hành khách ven biển và viễn dương-; 5021: Vận tải hành khách đường thuỷ nội địa-; 5022: Vận tải hàng hóa đường thuỷ nội địa-; 5224: Bốc xếp hàng hóa-(trừ bốc xế,internet
316134105,CÔNG TY TNHH GIẢI PHÁP NĂNG LƯỢNG MẶT TRỜI PRIME,CÔNG TY TNHH GIẢI PHÁP NĂNG LƯ,Công ty trách nhiệm hữu hạn một thành viên,"Số 205 đường Linh Trung, Khu Phố 1, Phường Linh Trung, Quận Thủ Đức, Thành phố Hồ Chí Minh, Việt Nam",Quận Thủ Đức,"3511: Sản xuất điện-;4101: Xây dựng nhà để ở-;4102: Xây dựng nhà không để ở-;4212: Xây dựng công trình đường bộ-;4221: Xây dựng công trình điện-;4222: Xây dựng công trình cấp, thoát nước-;4223: Xây dự",internet
316142427,CÔNG TY TNHH ĐẦU TƯ POSEIDON,CÔNG TY TNHH ĐẦU TƯ POSEIDON,Công ty trách nhiệm hữu hạn một thành viên,"5/14 Hữu Nghị, Phường Bình Thọ, Quận Thủ Đức, Thành phố Hồ Chí Minh, Việt Nam",Quận Thủ Đức,"4741: Bán lẻ máy vi tính, thiết bị ngoại vi, phần mềm và thiết bị viễn thông trong các cửa hàng chuyên doanh-; 4742: Bán lẻ thiết bị nghe nhìn trong các cửa hàng chuyên doanh-; 4759: Bán lẻ đồ điện gi",internet
316148059,CÔNG TY TNHH TRUST ME SOLUTION,CÔNG TY TNHH TRUST ME SOLUTION,Công ty trách nhiệm hữu hạn một thành viên,"122/8a Đường Số 11, Phường Trường Thọ, Quận Thủ Đức, Thành phố Hồ Chí Minh, Việt Nam",Quận Thủ Đức,"7310: Quảng cáo-;8230: Tổ chức giới thiệu và xúc tiến thương mại-(trừ các hoạt động trong lĩnh vực có sử dụng chất nổ, chất cháy, hóa chất, làm đạo cụ, dụng cụ thực hiện các chương trình văn hóa, nghệ",internet
316164156,CÔNG TY TNHH CNTT HTC,CÔNG TY TNHH CNTT HTC,Công ty trách nhiệm hữu hạn một thành viên,"520/54/6 Quốc Lộ 13, Phường Hiệp Bình Phước, Quận Thủ Đức, Thành phố Hồ Chí Minh, Việt Nam",Quận Thủ Đức,7410: Hoạt động thiết kế chuyên dụng-Chi tiết: Thiết kế trang web. Hoạt động trang trí nội thất. Thiết kế đồ họa (trừ thiết kế công trình xây dựng);8211: Dịch vụ hành chính văn phòng tổng hợp-;9511: S,lap top
316153517,CÔNG TY TNHH DỊCH VỤ PHẦN MỀM PROACT,CÔNG TY TNHH DỊCH VỤ PHẦN MỀM ,Công ty trách nhiệm hữu hạn hai thành viên trở lên,"97/1 Đường 48, Khu phố 6, Phường Hiệp Bình Chánh, Quận Thủ Đức, Thành phố Hồ Chí Minh, Việt Nam",Quận Thủ Đức,5820: Xuất bản phần mềm-Chi tiết: Sản xuất phần mềm;6201: Lập trình máy vi tính-;6202: Tư vấn máy vi tính và quản trị hệ thống máy vi tính-;6209: Hoạt động dịch vụ công nghệ thông tin và dịch vụ khác ,internet
316164741,CÔNG TY TNHH ACC GLOBAL SMART SOLUTION,CÔNG TY TNHH ACC GLOBAL SMART ,Công ty trách nhiệm hữu hạn hai thành viên trở lên,"55/13/14A Đường Phú Châu, Phường Tam Bình, Quận Thủ Đức, Thành phố Hồ Chí Minh, Việt Nam",Quận Thủ Đức,"6312: Cổng thông tin-;6399: Dịch vụ thông tin khác chưa được phân vào đâu-(trừ dịch vụ cắt xén thông tin, báo chí);4933: Vận tải hàng hóa bằng đường bộ-(trừ hóa lỏng khí để vận chuyển);5210: Kho bãi v",internet
316162871,CÔNG TY TNHH ID SECURE ASIA,CÔNG TY TNHH ID SECURE ASIA,Công ty trách nhiệm hữu hạn một thành viên,"45A Đường số 8, Khu phố 5, Phường Tam Phú, Quận Thủ Đức, Thành phố Hồ Chí Minh, Việt Nam",Quận Thủ Đức,"7110: Hoạt động kiến trúc và tư vấn kỹ thuật có liên quan-chi tiết: Tư vấn xây dựng, Tư vấn lập dự án đầu tư xây dựng công trình - Tư vấn quản lý dự án đầu tư xây dựng công trình, lập kế hoạch phát tr",internet
316163434,CÔNG TY TNHH GEE INTERNATIONAL (PVT),CÔNG TY TNHH GEE INTERNATIONAL,Công ty trách nhiệm hữu hạn một thành viên,"1020 Quốc Lộ 1A , Phường Linh Trung, Quận Thủ Đức, Thành phố Hồ Chí Minh, Việt Nam",Quận Thủ Đức,"1311: Sản xuất sợi-;1312: Sản xuất vải dệt thoi-;1313: Hoàn thiện sản phẩm dệt-;1391: Sản xuất vải dệt kim, vải đan móc và vải không dệt khác-;1392: Sản xuất hàng dệt sẵn (trừ trang phục)-;1393: Sản x",internet
316172894,CÔNG TY TNHH CHEZ BONG,CÔNG TY TNHH CHEZ BONG,Công ty trách nhiệm hữu hạn một thành viên,"635/19 Quốc Lộ 13, Phường Hiệp Bình Phước, Quận Thủ Đức, Thành phố Hồ Chí Minh, Việt Nam",Quận Thủ Đức,"4321: Lắp đặt hệ thống điện-;4322: Lắp đặt hệ thống cấp, thoát nước, hệ thống sưởi và điều hoà không khí-(trừ lắp đặt các thiết bị lạnh (thiết bị cấp đông, kho lạnh, máy đá, điều hòa không khí, làm lạ",internet
316179882,CÔNG TY TNHH LÝ SƠN PHÁT,CÔNG TY TNHH LÝ SƠN PHÁT,Công ty trách nhiệm hữu hạn một thành viên,"177/25 Quốc lộ 1K, Khu phố 5, Phường Linh Xuân, Quận Thủ Đức, Thành phố Hồ Chí Minh, Việt Nam",Quận Thủ Đức,"8230: Tổ chức giới thiệu và xúc tiến thương mại-Chi tiết: Tổ chức hội nghị, hội thảo, hội chợ, triển lãm (không thực hiện các hiệu ứng cháy, nổ; không sử dụng chất nổ, chất cháy, hóa chất làm đạo cụ, ",internet
316206222,CÔNG TY TNHH SẢN XUẤT THƯƠNG MẠI VY THIỆN VŨ,CÔNG TY TNHH SẢN XUẤT THƯƠNG M,Công ty trách nhiệm hữu hạn một thành viên,"32 Đường 3, Khu Đô Thị Vạn Phúc, Phường Hiệp Bình Phước, Quận Thủ Đức, Thành phố Hồ Chí Minh, Việt Nam",Quận Thủ Đức,4719: Bán lẻ  khác trong các cửa hàng kinh doanh tổng hợp-Chi tiết : Bán lẻ trong siêu thị (Supermarket); Bán lẻ trong cửa hàng tiện lợi (Minimarket); Bán lẻ trong cửa hàng kinh doanh tổng hợp khác (t,internet
316190484,CÔNG TY TNHH THƯƠNG MẠI DỊCH VỤ ANALEE FRESH FOOD,CÔNG TY TNHH THƯƠNG MẠI DỊCH V,Công ty trách nhiệm hữu hạn một thành viên,"72 Nguyễn Thị Nhung, Phường Hiệp Bình Phước, Quận Thủ Đức, Thành phố Hồ Chí Minh, Việt Nam",Quận Thủ Đức,"4633: Bán buôn đồ uống-;4632: Bán buôn thực phẩm-(không hoạt động tại trụ sở);5229: Hoạt động dịch vụ hỗ trợ khác liên quan đến vận tải-Chi tiết: Dịch vụ đại lý tàu biển, giao nhận hàng hóa. Thu, phát",internet
316211310,CÔNG TY TNHH REAL LAND,CÔNG TY TNHH REAL LAND,Công ty trách nhiệm hữu hạn hai thành viên trở lên,"28/12 Đường 45, khu phố 2, Phường Hiệp Bình Chánh, Quận Thủ Đức, Thành phố Hồ Chí Minh, Việt Nam",Quận Thủ Đức,"4799: Bán lẻ hình thức khác chưa được phân vào đâu-(trừ bán lẻ khí dầu mỏ hóa lỏng LPG, bình gas, hóa chất, súng, đạn loại dùng đi săn hoặc thể thao và tiền kim khí và thực hiện theo Quyết định 64/200",internet
316212226,CÔNG TY TNHH ULTRA HOMES,CÔNG TY TNHH ULTRA HOMES,Công ty trách nhiệm hữu hạn một thành viên,"Số 43 Đường Số 2, KP6 , Phường Hiệp Bình Phước, Quận Thủ Đức, Thành phố Hồ Chí Minh, Việt Nam",Quận Thủ Đức,"1811: In ấn-;1812: Dịch vụ liên quan đến in-;3311: Sửa chữa các sản phẩm kim loại đúc sẵn-;3312: Sửa chữa máy móc, thiết bị-;3313: Sửa chữa thiết bị điện tử và quang học-;3320: Lắp đặt máy móc và thiế",internet
316213759,CÔNG TY TNHH ATP MEDIA,CÔNG TY TNHH ATP MEDIA,Công ty trách nhiệm hữu hạn hai thành viên trở lên,"7/4 Đường 37, Khu phố 7, Phường Hiệp Bình Chánh, Quận Thủ Đức, Thành phố Hồ Chí Minh, Việt Nam",Quận Thủ Đức,"4652: Bán buôn thiết bị và linh kiện điện tử, viễn thông-;5820: Xuất bản phần mềm-Chi tiết: Sản xuất phần mềm;6201: Lập trình máy vi tính-;6202: Tư vấn máy vi tính và quản trị hệ thống máy vi tính-;62",internet
316221213,CÔNG TY TNHH TANYO,CÔNG TY TNHH TANYO,Công ty trách nhiệm hữu hạn một thành viên,"23/31 Đường Số 27, Khu Phố 9, Phường Hiệp Bình Chánh, Quận Thủ Đức, Thành phố Hồ Chí Minh, Việt Nam",Quận Thủ Đức,"4789: Bán  lẻ hàng hóa khác lưu động hoặc tại chợ--(trừ bán lẻ bình gas, súng, đạn loại dùng đi săn hoặc thể thao và tiền kim khí và thực hiện theo Quyết định 64/2009/QĐ-UBND ngày 31/07/2009 và Quyết ",internet
316217672,CÔNG TY TNHH CNTT HƯNG PHÁT,CÔNG TY TNHH CNTT HƯNG PHÁT,Công ty trách nhiệm hữu hạn một thành viên,"12A Đường số 24, Khu Phố 7, Phường Linh Đông, Quận Thủ Đức, Thành phố Hồ Chí Minh, Việt Nam",Quận Thủ Đức,"4649: Bán buôn đồ dùng khác cho gia đình-Chi tiết: Bán buôn đồ điện gia dụng, đèn và bộ đèn điện; bán buôn sách, báo, tạp chí, văn phòng phẩm;8559: Giáo dục khác chưa được phân vào đâu-Chi tiết: Dạy m",cntt
316230377,CÔNG TY CỔ PHẦN THƯƠNG MẠI GỖ QUÝ NGÀN NĂM,CÔNG TY CỔ PHẦN THƯƠNG MẠI GỖ ,Công ty cổ phần,"9A Linh Đông, Phường Linh Đông, Quận Thủ Đức, Thành phố Hồ Chí Minh, Việt Nam",Quận Thủ Đức,"4649: Bán buôn đồ dùng khác cho gia đình-Chi tiết: Bán buôn đồ gỗ; hàng trang trí nội, ngoại thất. Bán buôn đồ dùng khác cho gia đình (trừ dược phẩm).;4663: Bán buôn vật liệu, thiết bị lắp đặt khác tr",internet
316225553,CÔNG TY CỔ PHẦN GLORIA RAINBOW MONTESSORI,CÔNG TY CỔ PHẦN GLORIA RAINBOW,Công ty cổ phần,"99/3B Đường Số 10, Khu phố 5, Phường Hiệp Bình Chánh, Quận Thủ Đức, Thành phố Hồ Chí Minh, Việt Nam",Quận Thủ Đức,"8560: Dịch vụ hỗ trợ giáo dục-Chi tiết : Tư vấn giáo dục; Tư vấn du học ( trừ tư vấn pháp luật).;4649: Bán buôn đồ dùng khác cho gia đình-Chi tiết: Bán buôn hàng trang trí nội, ngoại thất. Bán buôn đồ",internet
316243520,CÔNG TY TNHH ĐẦU TƯ GREENTECH VIỆT NAM,CÔNG TY TNHH ĐẦU TƯ GREENTECH ,Công ty trách nhiệm hữu hạn hai thành viên trở lên,"13 Hoàng Diệu 2, Phường Linh Trung, Quận Thủ Đức, Thành phố Hồ Chí Minh, Việt Nam",Quận Thủ Đức,"6209: Hoạt động dịch vụ công nghệ thông tin và dịch vụ khác liên quan đến máy vi tính-;6201: Lập trình máy vi tính-;6202: Tư vấn máy vi tính và quản trị hệ thống máy vi tính-;6311: Xử lý dữ liệu, cho ",internet
316254152,CÔNG TY CỔ PHẦN TÀI ĐỨC GROUP,CÔNG TY CỔ PHẦN TÀI ĐỨC GROUP,Công ty cổ phần,"288 Võ Văn Ngân, Khu Phố 3, Phường Bình Thọ, Quận Thủ Đức, Thành phố Hồ Chí Minh, Việt Nam",Quận Thủ Đức,"4641: Bán buôn vải, hàng may mặc, giày dép-Chi tiết: Bán buôn hàng may mặc, áo quần, túi xách, giày dép, mắt kính, đồng hồ, vải.;4649: Bán buôn đồ dùng khác cho gia đình-Chi tiết: Bán buôn đồ điện - n",internet
316250292,CÔNG TY TNHH VIEWSTAR VIETNAM,CÔNG TY TNHH VIEWSTAR VIETNAM,Công ty trách nhiệm hữu hạn một thành viên,"12/17 Đường Số 49, Khu Phố 07, Phường Hiệp Bình Chánh, Quận Thủ Đức, Thành phố Hồ Chí Minh, Việt Nam",Quận Thủ Đức,"5630: Dịch vụ phục vụ đồ uống-(trừ hoat động quán bar và quán giải khát có khiêu vũ);1079: Sản xuất thực phẩm khác chưa được phân vào đâu-Chi tiết: Sản xuất thực phẩm chức năng
(không hoạt động tại tr",internet
316240505,CÔNG TY CỔ PHẦN CÔNG NGHỆ GIÁO DỤC SHUB,CÔNG TY CỔ PHẦN CÔNG NGHỆ GIÁO,Công ty cổ phần,"Phòng I103, Nhà A, Khu công nghệ phần mềm, Đường nội bộ ĐHQG - HCM, Phường Linh Trung, Quận Thủ Đức, Thành phố Hồ Chí Minh, Việt Nam",Quận Thủ Đức,"4651: Bán buôn máy vi tính, thiết bị ngoại vi và phần mềm-;4669: Bán buôn chuyên doanh khác chưa được phân vào đâu-Chi tiết: bán buôn thiết bị giáo dục;4741: Bán lẻ máy vi tính, thiết bị ngoại vi, phầ",internet
316251056,CÔNG TY TNHH VIETAPPS,CÔNG TY TNHH VIETAPPS,Công ty trách nhiệm hữu hạn hai thành viên trở lên,"1/16 Tô Vĩnh Diện, Phường Linh Chiểu, Quận Thủ Đức, Thành phố Hồ Chí Minh, Việt Nam",Quận Thủ Đức,"6201: Lập trình máy vi tính-Chi tiết: Lập trình các phần mềm chạy trên máy tính, điện thoại di động và máy tính bảng theo yêu cầu của cơ quan và doanh nghiệp;6202: Tư vấn máy vi tính và quản trị hệ th",internet
316272553,CÔNG TY TNHH CƠ KHÍ THÁI BÌNH TECHNOLOGY,CÔNG TY TNHH CƠ KHÍ THÁI BÌNH ,Công ty trách nhiệm hữu hạn một thành viên,"Số 39, Tổ 2A, Đường 7, Khu Phố 4, Phường Bình Chiểu, Quận Thủ Đức, Thành phố Hồ Chí Minh, Việt Nam",Quận Thủ Đức,"4669: Bán buôn chuyên doanh khác chưa được phân vào đâu-Chi tiết: buôn bán vậy liệu, thiết bị lắp đặt khác 
(trừ buôn bán bình gas, hóa chất, khí dầu mỏ hóa lỏng LPG, dầu nhớt cặn, vàng miếng, súng, đ",technology
316255558,CÔNG TY CỔ PHẦN SẢN XUẤT THƯƠNG MẠI DỊCH VỤ YUMMI,CÔNG TY CỔ PHẦN SẢN XUẤT THƯƠN,Công ty cổ phần,"Số 7 Đường 43, Phường Hiệp Bình Chánh, Quận Thủ Đức, Thành phố Hồ Chí Minh, Việt Nam",Quận Thủ Đức,8559: Giáo dục khác chưa được phân vào đâu-Chi tiết: Giáo dục không xác định theo cấp độ tại các trung tâm đào tạo bồi dưỡng; Các dịch vụ dạy kèm (gia sư); Giáo dục dự bị; Các trung tâm dạy học có các,internet
316260269,CÔNG TY TNHH THƯƠNG MẠI DỊCH VỤ WOBE,CÔNG TY TNHH THƯƠNG MẠI DỊCH V,Công ty trách nhiệm hữu hạn một thành viên,"31/16 Đường số 17, Phường Hiệp Bình Chánh, Quận Thủ Đức, Thành phố Hồ Chí Minh, Việt Nam",Quận Thủ Đức,"4771: Bán lẻ hàng may mặc, giày dép, hàng da và giả da trong các cửa hàng chuyên doanh-doanh-Chi tiết: Bán lẻ hàng may mặc trong các cửa hàng chuyên doanh. Bán lẻ giày dép trong các cửa hàng chuyên do",internet
316265517,CÔNG TY TNHH PHÚC KHANG TRANG,CÔNG TY TNHH PHÚC KHANG TRANG,Công ty trách nhiệm hữu hạn một thành viên,"26 đường 27 khu phố 2, Phường Linh Đông, Quận Thủ Đức, Thành phố Hồ Chí Minh, Việt Nam",Quận Thủ Đức,4721: Bán lẻ lương thực trong các cửa hàng chuyên doanh-(Thực hiện theo Quyết định số 64/2009/QĐ-UBND ngày 31/7/2009 và Quyết định số 79/2009/QĐ-UBND ngày 17/10/2009 của UBND TP. HCM về phê duyệt quy ,internet
316263809,CÔNG TY TNHH SẢN XUẤT THƯƠNG MẠI VÀ DỊCH VỤ VADO,CÔNG TY TNHH SẢN XUẤT THƯƠNG M,Công ty trách nhiệm hữu hạn hai thành viên trở lên,"20/24 Bình Chiểu, Tổ 2, Khu phố 3, Phường Bình Chiểu, Quận Thủ Đức, Thành phố Hồ Chí Minh, Việt Nam",Quận Thủ Đức,"1313: Hoàn thiện sản phẩm dệt-;1391: Sản xuất vải dệt kim, vải đan móc và vải không dệt khác-;1392: Sản xuất hàng dệt sẵn (trừ trang phục)-;1393: Sản xuất thảm, chăn, đệm-;1394: Sản xuất các loại dây ",internet
316274215,CÔNG TY CỔ PHẦN AZSERVICES VIETNAM,CÔNG TY CỔ PHẦN AZSERVICES VIE,Công ty cổ phần,"Số 1 Đường 5 Khu nhà ở Vạn Phúc 1, Phường Hiệp Bình Phước, Quận Thủ Đức, Thành phố Hồ Chí Minh, Việt Nam",Quận Thủ Đức,"4610: Đại lý, môi giới, đấu giá hàng hóa-Chi tiết: Đại lý, môi giới hàng hóa;6619: Hoạt động hỗ trợ dịch vụ tài chính chưa được phân vào đâu-Chi tiết: tư vấn đầu tư
( trừ tư vấn pháp lý, kế toán );631",internet
316279291,CÔNG TY TNHH TMDV QUẢNG CÁO VÀ SỰ KIỆN ĐẤT VIỆT,CÔNG TY TNHH TMDV QUẢNG CÁO VÀ,Công ty trách nhiệm hữu hạn một thành viên,"21/9A Đường 35, Khu phố 7, Phường Hiệp Bình Chánh, Quận Thủ Đức, Thành phố Hồ Chí Minh, Việt Nam",Quận Thủ Đức,"4791: Bán lẻ theo yêu cầu đặt hàng qua bưu điện hoặc internet-(trừ bán lẻ hóa chất, khí dầu mỏ hóa lỏng LPG, dầu nhớt cặn, vàng miếng, súng, đạn loại dùng đi săn hoặc thể thao và tiền kim khí; Thực hi",internet
316304195,CÔNG TY CỔ PHẦN SẢN XUẤT NHỰA - NGŨ KIM TOÀN THẮNG,CÔNG TY CỔ PHẦN SẢN XUẤT NHỰA ,Công ty cổ phần,"6/10 Đường 20, Phường Linh Đông, Quận Thủ Đức, Thành phố Hồ Chí Minh, Việt Nam",Quận Thủ Đức,"4759: Bán lẻ đồ điện gia dụng, giường, tủ, bàn, ghế và đồ nội thất tương tự, đèn và bộ đèn điện, đồ dùng gia đình khác chưa được phân vào đâu  trong các cửa hàng chuyên doanh-;4789: Bán  lẻ hàng hóa k",internet
316303434,CÔNG TY TNHH THƯƠNG MẠI DỊCH VỤ SẢN XUẤT KHÔI ĐẠT,CÔNG TY TNHH THƯƠNG MẠI DỊCH V,Công ty trách nhiệm hữu hạn một thành viên,"1/7B/15 Linh Đông - Tổ 8 - KP7, Phường Linh Đông, Quận Thủ Đức, Thành phố Hồ Chí Minh, Việt Nam",Quận Thủ Đức,"2591: Rèn, dập, ép và cán kim loại; luyện bột kim loại-(không hoạt động tại trụ sở);2592: Gia công cơ khí; xử lý và tráng phủ kim loại-(không hoạt động tại trụ sở);2920: Sản xuất thân xe ô tô và xe có",internet
316328012,CÔNG TY TNHH GIN STAR,CÔNG TY TNHH GIN STAR,Công ty trách nhiệm hữu hạn một thành viên,"Số 128 đường số 6, Khu phố 4, Phường Tam Phú, Quận Thủ Đức, Thành phố Hồ Chí Minh, Việt Nam",Quận Thủ Đức,0161: Hoạt động dịch vụ trồng trọt-;0163: Hoạt động dịch vụ sau thu hoạch-;1030: Chế biến và bảo quản rau quả-;1061: Xay xát và sản xuất bột thô-;1062: Sản xuất tinh bột và các sản phẩm từ tinh bột-;1,internet
316320461,CÔNG TY TNHH VƯƠNG TÙNG LỘC,CÔNG TY TNHH VƯƠNG TÙNG LỘC,Công ty trách nhiệm hữu hạn một thành viên,"27/37A đường số 8, khu phố 2, Phường Hiệp Bình Chánh, Quận Thủ Đức, Thành phố Hồ Chí Minh, Việt Nam",Quận Thủ Đức,6202: Tư vấn máy vi tính và quản trị hệ thống máy vi tính-Chi tiết: Tư vấn về phần cứng; Tư vấn phần mềm;6209: Hoạt động dịch vụ công nghệ thông tin và dịch vụ khác liên quan đến máy vi tính-Chi tiết:,internet
316329880,CÔNG TY CỔ PHẦN ĐẦU TƯ SGN,CÔNG TY CỔ PHẦN ĐẦU TƯ SGN,Công ty cổ phần,"54D, Đường 26,, Phường Hiệp Bình Chánh, Quận Thủ Đức, Thành phố Hồ Chí Minh, Việt Nam",Quận Thủ Đức,1399: Sản xuất các loại hàng dệt khác chưa được phân vào đâu-;1709: Sản xuất các sản phẩm khác từ giấy và bìa chưa được phân vào đâu-;1811: In ấn-;1812: Dịch vụ liên quan đến in-;1820: Sao chép bản gh,internet
316377242,CÔNG TY CỔ PHẦN TƯ VẤN ĐẦU TƯ XÂY DỰNG THƯƠNG MẠI MINH TRUNG,CÔNG TY CỔ PHẦN TƯ VẤN ĐẦU TƯ ,Công ty cổ phần,"65/5/2 Tam Bình, Khu phố 7, Phường Hiệp Bình Chánh, Quận Thủ Đức, Thành phố Hồ Chí Minh, Việt Nam",Quận Thủ Đức,"7110: Hoạt động kiến trúc và tư vấn kỹ thuật có liên quan-Chi tiết: Thiết kế quy hoạch xây dựng; thiết kế kiến trúc công trình.Thiết kế xây dựng công trình dân dụng, công nghiệp; Thiết kế xây dựng côn",internet
316386085,CÔNG TY TNHH INTERNET 269 THỦ ĐỨC,CÔNG TY TNHH INTERNET 269 THỦ ,Công ty trách nhiệm hữu hạn một thành viên,"20 Hoàng Diệu 2, Phường Linh Chiểu, Quận Thủ Đức, Thành phố Hồ Chí Minh, Việt Nam",Quận Thủ Đức,6190: Hoạt động viễn thông khác-Chi tiết: Hoạt động các điểm truy cập internet. Cung cấp dịch vụ trò chơi điện tử trên mạng (trừ kinh doanh trò chơi có thưởng dành cho người nước ngoài và kinh doanh t,internet
316407472,CÔNG TY TNHH NHÀ ĐẤT PHỐ,CÔNG TY TNHH NHÀ ĐẤT PHỐ,Công ty trách nhiệm hữu hạn hai thành viên trở lên,"40/12 Đường 38, Phường Hiệp Bình Chánh, Quận Thủ Đức, Thành phố Hồ Chí Minh, Việt Nam",Quận Thủ Đức,"4311: Phá dỡ-;4312: Chuẩn bị mặt bằng-;4321: Lắp đặt hệ thống điện-;4322: Lắp đặt hệ thống cấp, thoát nước, hệ thống sưởi và điều hoà không khí-(trừ lắp đặt các thiết bị lạnh (thiết bị cấp đông, kho l",internet
316374442,CÔNG TY TNHH GOWO,CÔNG TY TNHH GOWO,Công ty trách nhiệm hữu hạn hai thành viên trở lên,"36/21/14 Đường số 4, Khu phố 6, Phường Hiệp Bình Phước, Quận Thủ Đức, Thành phố Hồ Chí Minh, Việt Nam",Quận Thủ Đức,"1610: Cưa, xẻ, bào gỗ và bảo quản gỗ-;1621: Sản xuất gỗ dán, gỗ lạng, ván ép và ván mỏng khác-;1622: Sản xuất đồ gỗ xây dựng-;1623: Sản xuất bao bì bằng gỗ-;1629: Sản xuất sản phẩm khác từ gỗ; sản xuấ",internet
316381104,CÔNG TY TNHH THIẾT KẾ DƯƠNG NGUYỄN DPH,CÔNG TY TNHH THIẾT KẾ DƯƠNG NG,Công ty trách nhiệm hữu hạn hai thành viên trở lên,"Số 45, Đường 49, Phường Hiệp Bình Chánh, Quận Thủ Đức, Thành phố Hồ Chí Minh, Việt Nam",Quận Thủ Đức,"4513: Đại lý ô tô và xe có động cơ khác-;4520: Bảo dưỡng, sửa chữa ô tô và xe có động cơ khác-Chi tiết: Bảo dưỡng, sửa chữa ô tô và xe có động cơ; Cải tạo, sửa chữa các loại phương tiện cơ giới đường ",internet
316394914,CÔNG TY CỔ PHẦN THƯƠNG MẠI DỊCH VỤ SILKWAY,CÔNG TY CỔ PHẦN THƯƠNG MẠI DỊC,Công ty cổ phần,"127 Lê Văn Chí, Phường Linh Trung, Quận Thủ Đức, Thành phố Hồ Chí Minh, Việt Nam",Quận Thủ Đức,"4311: Phá dỡ-;4312: Chuẩn bị mặt bằng-;4101: Xây dựng nhà để ở-;4102: Xây dựng nhà không để ở-;4212: Xây dựng công trình đường bộ-;4222: Xây dựng công trình cấp, thoát nước-;4299: Xây dựng công trình ",internet
316403478,CÔNG TY TNHH TƯ VẤN ĐẦU TƯ XÂY DỰNG H-T,CÔNG TY TNHH TƯ VẤN ĐẦU TƯ XÂY,Công ty trách nhiệm hữu hạn một thành viên,"13/38/9 Đường 10, Khu phố 2, Phường Hiệp Bình Phước, Quận Thủ Đức, Thành phố Hồ Chí Minh, Việt Nam",Quận Thủ Đức,7110: Hoạt động kiến trúc và tư vấn kỹ thuật có liên quan-Chi tiết: Thiết kế kiến trúc; Thiết kế và giám sát hệ thống điện; Thiết kế hệ thống công trình điện; Thiết kế cơ điện công trình dân dụng và c,internet
316402989,CÔNG TY TNHH GIẢI PHÁP DOANH NGHIỆP MAYA,CÔNG TY TNHH GIẢI PHÁP DOANH N,Công ty trách nhiệm hữu hạn một thành viên,"35/8 Hữu Nghị, Phường Bình Thọ, Quận Thủ Đức, Thành phố Hồ Chí Minh, Việt Nam",Quận Thủ Đức,"4690: Bán buôn tổng hợp-(trừ bán buôn hoá chất, khí dầu mỏ hoá lỏng LPG, dầu nhớt cặn, vàng miếng, súng, đạn loại dùng đi săn hoặc thể thao và tiền kim khí; Thực hiện theo Quyết định 64/2009/QĐ-UBND n",internet
316412779,CÔNG TY TNHH SẢN XUẤT THƯƠNG MẠI XUẤT NHẬP KHẨU THÙY LINH,CÔNG TY TNHH SẢN XUẤT THƯƠNG M,Công ty trách nhiệm hữu hạn hai thành viên trở lên,"520/15 Quốc Lộ 13, Khu Phố 6, Phường Hiệp Bình Phước, Quận Thủ Đức, Thành phố Hồ Chí Minh, Việt Nam",Quận Thủ Đức,6190: Hoạt động viễn thông khác-Chi tiết: Đại lý cung cấp dịch vụ truy cập internet; Điểm cung cấp dịch vụ trò chơi điện tử công cộng;6492: Hoạt động cấp tín dụng khác-Chi tiết: Dịch V,internet
316431002,CÔNG TY TNHH THƯƠNG MẠI BH MILK,CÔNG TY TNHH THƯƠNG MẠI BH MIL,Công ty trách nhiệm hữu hạn hai thành viên trở lên,"159/21 đường số 11, Phường Trường Thọ, Quận Thủ Đức, Thành phố Hồ Chí Minh, Việt Nam",Quận Thủ Đức,"8230: Tổ chức giới thiệu và xúc tiến thương mại-(không thực hiện các hiệu ứng cháy, nổ; không sử dụng chất nổ, chất cháy, hóa chất làm đạo cụ, dụng cụ thực hiện các chương trình văn nghệ, sự kiện, phi",internet
316412112,CÔNG TY TNHH THƯƠNG MẠI & DỊCH VỤ TẤN HỒNG PHÁT,CÔNG TY TNHH THƯƠNG MẠI  DỊCH ,Công ty trách nhiệm hữu hạn một thành viên,"144/11 Quốc lộ 13, Phường Hiệp Bình Chánh, Quận Thủ Đức, Thành phố Hồ Chí Minh, Việt Nam",Quận Thủ Đức,"4669: Bán buôn chuyên doanh khác chưa được phân vào đâu-(trừ bán buôn bình gas, khí dầu mỏ hóa lỏng LPG, dầu nhớt cặn, vàng miếng, súng, đạn loại dùng đi săn hoặc thể thao và tiền kim khí; trừ bán buô",internet
316481902,CÔNG TY TNHH PHÁT TRIỂN THƯƠNG MẠI TƯ VẤN DỊCH VỤ TÂY NAM,CÔNG TY TNHH PHÁT TRIỂN THƯƠNG,Công ty trách nhiệm hữu hạn một thành viên,"50/9 Dân Chủ, Phường Bình Thọ, Quận Thủ Đức, Thành phố Hồ Chí Minh, Việt Nam",Quận Thủ Đức,"1610: Cưa, xẻ, bào gỗ và bảo quản gỗ-;1621: Sản xuất gỗ dán, gỗ lạng, ván ép và ván mỏng khác-Chi tiết: Sản xuất gỗ lạng, ván mỏng và các loại ván, tấm mỏng bằng gỗ tương tự; Sản xuất gỗ mảnh hoặc gỗ ",internet
316436709,CÔNG TY TNHH FRESHCORP,CÔNG TY TNHH FRESHCORP,Công ty trách nhiệm hữu hạn một thành viên,"Số 0.11, Tầng 1, Khu thương mại dịch vụ, Chung cư lô I, Khu nhà ở Bình Chiểu, đường số 6, Phường Bình Chiểu, Quận Thủ Đức, Thành phố Hồ Chí Minh, Việt Nam",Quận Thủ Đức,"4791: Bán lẻ theo yêu cầu đặt hàng qua bưu điện hoặc internet-(trừ bán lẻ bình gas, khí dầu mỏ hóa lỏng LPG, dầu nhớt cặn, vàng miếng, súng, đạn loại dùng đi săn hoặc thể thao và tiền kim khí; trừ bán",internet
316442396,CÔNG TY TRÁCH NHIỆM HỮU HẠN MỘT THÀNH VIÊN CÔNG NGHỆ ZTRUST,CÔNG TY TRÁCH NHIỆM HỮU HẠN MỘ,Công ty trách nhiệm hữu hạn một thành viên,"103 đường B Trưng Trắc, Phường Hiệp Bình Chánh, Quận Thủ Đức, Thành phố Hồ Chí Minh, Việt Nam",Quận Thủ Đức,"6201: Lập trình máy vi tính-Chi tiết: Sản xuất phần mềm;6202: Tư vấn máy vi tính và quản trị hệ thống máy vi tính-Chi tiết:- Hoạt động lập và thiết kế các hệ thống máy tính tích hợp các phần cứng, phầ",internet
316445615,CÔNG TY CỔ PHẦN  IMW PHARM,CÔNG TY CỔ PHẦN  IMW PHARM,Công ty cổ phần,"Số 520/64, Quốc lộ 13, khu phố 6, Phường Hiệp Bình Phước, Quận Thủ Đức, Thành phố Hồ Chí Minh, Việt Nam",Quận Thủ Đức,"8230: Tổ chức giới thiệu và xúc tiến thương mại-(Trừ họp báo; và không thực hiện các hiệu ứng cháy, nổ, không sử dụng chất cháy nổ, chất cháy, hóa chất làm đạo cụ, dụng cụ thự hiện các chương trình vă",internet
316449994,CÔNG TY TNHH MINH THẮNG MEDIC,CÔNG TY TNHH MINH THẮNG MEDIC,Công ty trách nhiệm hữu hạn một thành viên,"Số 12 Đường số 2, Khu nhà ở Hiệp Bình, Khu phố 6, Phường Hiệp Bình Phước, Quận Thủ Đức, Thành phố Hồ Chí Minh, Việt Nam",Quận Thủ Đức,"4649: Bán buôn đồ dùng khác cho gia đình-Chi tiết: Bán buôn nước hoa, hàng mỹ phẩm và chế phẩm vệ sinh;4690: Bán buôn tổng hợp-(trừ khí dầu mỏ hóa lỏng LPG, dầu nhớt cặn, vàng miếng, súng, đạn loại dù",internet
316478868,CÔNG TY TNHH NÔNG TRẠI XANH VIỆT NAM,CÔNG TY TNHH NÔNG TRẠI XANH VI,Công ty trách nhiệm hữu hạn hai thành viên trở lên,"Số 16, đường 50, Khu phố 8 , Phường Hiệp Bình Chánh, Quận Thủ Đức, Thành phố Hồ Chí Minh, Việt Nam",Quận Thủ Đức,"7490: Hoạt động chuyên môn, khoa học và công nghệ khác chưa được phân vào đâu-(trừ thanh toán hối phiếu, thông tin tỉ lệ lượng và tư vấn chứng khoán);2012: Sản xuất phân bón và hợp chất ni tơ-(không h",internet
316442477,CÔNG TY TNHH MACRAME LÁ,CÔNG TY TNHH MACRAME LÁ,Công ty trách nhiệm hữu hạn hai thành viên trở lên,"54 đường 48 nhánh 3, Phường Hiệp Bình Chánh, Quận Thủ Đức, Thành phố Hồ Chí Minh, Việt Nam",Quận Thủ Đức,"4773: Bán lẻ hàng hóa khác mới trong các cửa hàng chuyên doanh-(trừ bán lẻ hóa chất, khí dầu mỏ hóa lỏng LPG, dầu nhớt cặn, vàng miếng, súng, đạn loại dùng đi săn hoặc thể thao và tiền kim khí; Thực h",internet
316447002,CÔNG TY TNHH ASIATEK,CÔNG TY TNHH ASIATEK,Công ty trách nhiệm hữu hạn hai thành viên trở lên,"42 Đường 14 Khu Đô Thị Vạn Phúc, Phường Hiệp Bình Phước, Quận Thủ Đức, Thành phố Hồ Chí Minh, Việt Nam",Quận Thủ Đức,"4661: Bán buôn nhiên liệu rắn, lỏng, khí và các sản phẩm liên quan-Chi tiết: Bán buôn xăng dầu, dầu nhớt dùng cho ngành công nghiệp và các sản phẩm liên quan (trừ kinh doanh khí dầu mỏ hóa lỏng LPG và",internet
316462378,CÔNG TY CỔ PHẦN GĂNG TAY SVN,CÔNG TY CỔ PHẦN GĂNG TAY SVN,Công ty cổ phần,"127 Lê Văn Chí, Phường Linh Trung, Quận Thủ Đức, Thành phố Hồ Chí Minh, Việt Nam",Quận Thủ Đức,"7110: Hoạt động kiến trúc và tư vấn kỹ thuật có liên quan-Chi tiết: Thiết kế kiến trúc; Thiết kế và giám sát hệ thống điện; Thiết kế hệ thống cấp, thoát nước; Giám sát công trình xây dựng, giám sát hệ",internet
316466291,CÔNG TY TNHH THƯƠNG MẠI DỊCH VỤ KỸ THUẬT VIEWTEK LAB,CÔNG TY TNHH THƯƠNG MẠI DỊCH V,Công ty trách nhiệm hữu hạn một thành viên,"53 Đường số 19, Phường Hiệp Bình Phước, Quận Thủ Đức, Thành phố Hồ Chí Minh, Việt Nam",Quận Thủ Đức,"2640: Sản xuất sản phẩm điện tử dân dụng-(Không hoạt động tại trụ sở);2651: Sản xuất thiết bị đo lường, kiểm tra, định hướng và điều khiển-(Không hoạt động tại trụ sở);2610: Sản xuất linh kiện điện tử",internet
316477688,CÔNG TY CỔ PHẦN TRÍ LONG VIỆT,CÔNG TY CỔ PHẦN TRÍ LONG VIỆT,Công ty cổ phần,"40/14/3 Đường 42, Phường Hiệp Bình Chánh, Quận Thủ Đức, Thành phố Hồ Chí Minh, Việt Nam",Quận Thủ Đức,"1062: Sản xuất tinh bột và các sản phẩm từ tinh bột-;1410: May trang phục (trừ trang phục từ da lông thú)-;1512: Sản xuất vali, túi xách và các loại tương tự, sản xuất yên đệm-;1520: Sản xuất giày, dé",internet
316488979,CÔNG TY TNHH ĐẦU TƯ HÀO THÀNH ĐẠT,CÔNG TY TNHH ĐẦU TƯ HÀO THÀNH ,Công ty trách nhiệm hữu hạn một thành viên,"Số 1 Đường 5, Khu nhà ở Vạn Phúc 1, Phường Hiệp Bình Phước, Quận Thủ Đức, Thành phố Hồ Chí Minh, Việt Nam",Quận Thủ Đức,"4649: Bán buôn đồ dùng khác cho gia đình-Chi tiết: Bán buôn đồ điện gia dụng, đèn và bộ đèn điện; Bán buôn sách, báo, tạp chí, văn phòng phẩm; Bán buôn đồ dùng khác cho gia đình chưa được phân vào đâu",internet
316477712,CÔNG TY TNHH DUY LÃM COMPUTER,CÔNG TY TNHH DUY LÃM COMPUTER,Công ty trách nhiệm hữu hạn một thành viên,"30 Đặng Văn Bi, Khu Phố 4, Phường Bình Thọ, Quận Thủ Đức, Thành phố Hồ Chí Minh, Việt Nam",Quận Thủ Đức,"4651: Bán buôn máy vi tính, thiết bị ngoại vi và phần mềm-;4652: Bán buôn thiết bị và linh kiện điện tử, viễn thông-;7730: Cho thuê máy móc, thiết bị và đồ dùng hữu hình khác không kèm người điều khiể",computer
316501274,CÔNG TY TNHH CÔNG NGHỆ SAM GREEN,CÔNG TY TNHH CÔNG NGHỆ SAM GRE,Công ty trách nhiệm hữu hạn hai thành viên trở lên,"Số 18 Đường Số 13 Khu Dân Cư Vạn Phúc 1 , Phường Hiệp Bình Phước, Quận Thủ Đức, Thành phố Hồ Chí Minh, Việt Nam",Quận Thủ Đức,"8559: Giáo dục khác chưa được phân vào đâu-Chi tiết: Dạy nghề sửa chữa ô tô, xe máy;9511: Sửa chữa máy vi tính và thiết bị ngoại vi-(không gia công cơ khí, tái chế phế thải, xi mạ điện tại trụ sở).;28",internet
316492894,CÔNG TY TNHH DỊCH VỤ COCO HOME,CÔNG TY TNHH DỊCH VỤ COCO HOME,Công ty trách nhiệm hữu hạn một thành viên,"Lô H9, Thủ Đức Garden Homes, 27 Đường Số 3, Phường Hiệp Bình Phước, Quận Thủ Đức, Thành phố Hồ Chí Minh, Việt Nam",Quận Thủ Đức,"6312: Cổng thông tin-;7410: Hoạt động thiết kế chuyên dụng-Chi tiết: Thiết kế website; Thiết kế đồ họa;6311: Xử lý dữ liệu, cho thuê và các hoạt động liên quan-Chi tiết: Xử lý dữ liệu hoàn chỉnh cho k",internet
316542136,CÔNG TY CỔ PHẦN CÔNG NGHỆ WIKI,CÔNG TY CỔ PHẦN CÔNG NGHỆ WIKI,Công ty cổ phần,"792/1 Kha Vạn Cân, Phường Linh Đông, Quận Thủ Đức, Thành phố Hồ Chí Minh, Việt Nam",Quận Thủ Đức,"4791: Bán lẻ theo yêu cầu đặt hàng qua bưu điện hoặc internet-Chi tiết: Bán lẻ sữa, sản phẩm từ sữa và trứng, bột ăn dặm, bột ngũ cốc, thực phẩm chức năng, vitamin tổng hợp (trừ dược phẩm); các loại đ",lap top
316507903,CÔNG TY TNHH DÂY ĐỒNG HỒ DA THẬT,CÔNG TY TNHH DÂY ĐỒNG HỒ DA TH,Công ty trách nhiệm hữu hạn một thành viên,"2/6A Đường 23, Phường Hiệp Bình Chánh, Quận Thủ Đức, Thành phố Hồ Chí Minh, Việt Nam",Quận Thủ Đức,"4649: Bán buôn đồ dùng khác cho gia đình-Chi tiết: Bán buôn dây đồng hồ da thật, cặp da, ví da, túi xách, dây nịch;4771: Bán lẻ hàng may mặc, giày dép, hàng da và giả da trong các cửa hàng chuyên doan",internet
316559355,CÔNG TY TNHH JOLIE MAISON,CÔNG TY TNHH JOLIE MAISON,Công ty trách nhiệm hữu hạn hai thành viên trở lên,"231A Quốc lộ 13, Phường Hiệp Bình Phước, Quận Thủ Đức, Thành phố Hồ Chí Minh, Việt Nam",Quận Thủ Đức,"4329: Lắp đặt hệ thống xây dựng khác-Chi tiết:
+ Thang máy, thang cuốn
+ Cửa cuốn, cửa tự động
+ Dây dẫn chống sét
+ Hệ thống hút bụi
+ Hệ thống âm thanh
+ Hệ thống cách âm, cách nhiệt, chống rung;433",internet
316518398,CÔNG TY TNHH WIN-WIN-WIN TECHNOLOGY,CÔNG TY TNHH WINWINWIN TECHNOL,Công ty trách nhiệm hữu hạn hai thành viên trở lên,"Số12,Đường 18,KhuPhố 5, Phường Linh Trung, Quận Thủ Đức, Thành phố Hồ Chí Minh, Việt Nam",Quận Thủ Đức,"4690: Bán buôn tổng hợp-(trừ khí dầu mỏ hóa lỏng LPG, dầu nhớt cặn, vàng miếng, súng, đạn loại dùng đi săn hoặc thể thao và tiền kim khí; trừ bán buôn hóa chất tại trụ sở; Thực hiện theo Quyết định 64",technology
316577072,CÔNG TY TNHH VINALUG,CÔNG TY TNHH VINALUG,Công ty trách nhiệm hữu hạn một thành viên,"37A Đường 23, Phường Hiệp Bình Chánh, Quận Thủ Đức, Thành phố Hồ Chí Minh, Việt Nam",Quận Thủ Đức,"4799: Bán lẻ hình thức khác chưa được phân vào đâu-(trừ bán lẻ hóa chất, khí dầu mỏ hóa lỏng LPG, dầu nhớt cặn, vàng miếng, súng, đạn loại dùng đi săn hoặc thể thao và tiền kim khí; Thực hiện theo Quy",internet
316538531,CÔNG TY TNHH WUSANA VIỆT NAM,CÔNG TY TNHH WUSANA VIỆT NAM,Công ty trách nhiệm hữu hạn một thành viên,"Số 80, đường 07, Vạn Phúc City, Phường Hiệp Bình Phước, Quận Thủ Đức, Thành phố Hồ Chí Minh, Việt Nam",Quận Thủ Đức,"1811: In ấn-(Trừ in ấn trên bao bì, sợi vải, dệt may, đan)
(Không hoạt động tại trụ sở);1812: Dịch vụ liên quan đến in-(Không hoạt động tại trụ sở);6311: Xử lý dữ liệu, cho thuê và các hoạt động liên ",internet
316553378,CÔNG TY TNHH NOVIC VIETNAM,CÔNG TY TNHH NOVIC VIETNAM,Công ty trách nhiệm hữu hạn hai thành viên trở lên,"Số 177/20 Quốc lộ 1K, Khu phố 5, Phường Linh Xuân, Quận Thủ Đức, Thành phố Hồ Chí Minh, Việt Nam",Quận Thủ Đức,"1399: Sản xuất các loại hàng dệt khác chưa được phân vào đâu-(trừ tẩy, nhuộm, hồ, in trên các sản phẩm vải sợi, dệt , may, đan và gia công hàng đã qua sử dụng, thuộc da);4669: Bán buôn chuyên doanh kh",internet
316557372,CÔNG TY CỔ PHẦN ĐẦU TƯ VÀ PHÁT TRIỂN CDP,CÔNG TY CỔ PHẦN ĐẦU TƯ VÀ PHÁT,Công ty cổ phần,"19A Đường số 35, Phường Hiệp Bình Chánh, Quận Thủ Đức, Thành phố Hồ Chí Minh, Việt Nam",Quận Thủ Đức,7310: Quảng cáo-;7320: Nghiên cứu thị trường và thăm dò dư luận-;7410: Hoạt động thiết kế chuyên dụng-Chi tiết: Thiết kế website; Thiết kế hệ thống nhận diện thương hiệu; Thiết kế phần mềm;6201: Lập t,internet
316598097,DOANH NGHIỆP TƯ NHÂN DỊCH VỤ TRÒ CHƠI ĐIỆN TỬ CÔNG CỘNG INTERNET CYBER ALL GAME A TÔ,DOANH NGHIỆP TƯ NHÂN DỊCH VỤ T,Doanh nghiệp tư nhân,"163E Đường số 11, Khu phố 4, Phường Linh Xuân, Quận Thủ Đức, Thành phố Hồ Chí Minh, Việt Nam",Quận Thủ Đức,"6190: Hoạt động viễn thông khác-Chi tiết: -Hoạt động của các điểm truy cập internet -  Điểm cung cấp dịch vụ trò chơi điện tử công cộng (không kinh doanh trò chơi có hại cho giáo dục nhân cách, sức kh",internet
316551973,CÔNG TY TNHH KAME GROUP,CÔNG TY TNHH KAME GROUP,Công ty trách nhiệm hữu hạn một thành viên,"1/4A Đường 49, Kp 6, Phường Hiệp Bình Chánh, Quận Thủ Đức, Thành phố Hồ Chí Minh, Việt Nam",Quận Thủ Đức,"3240: Sản xuất đồ chơi, trò chơi-(trừ đồ chơi có hại cho giáo dục nhân cách, sức khoẻ của trẻ em hoặc ảnh hưởng đến an ninh trật tự, an toàn xã hội);4610: Đại lý, môi giới, đấu giá hàng hóa-(trừ môi g",internet
316599358,CÔNG TY TNHH HEXPAVO,CÔNG TY TNHH HEXPAVO,Công ty trách nhiệm hữu hạn một thành viên,"15/14 Đường số 19, Khu phố 3, Phường Linh Chiểu, Quận Thủ Đức, Thành phố Hồ Chí Minh, Việt Nam",Quận Thủ Đức,1811: In ấn-;1812: Dịch vụ liên quan đến in-;6201: Lập trình máy vi tính-;6202: Tư vấn máy vi tính và quản trị hệ thống máy vi tính-;6209: Hoạt động dịch vụ công nghệ thông tin và dịch vụ khác liên qu,internet
316563993,CÔNG TY TNHH THƯƠNG MẠI DỊCH VỤ XÂY DỰNG VÀ PHÁT TRIỂN VIỆT NHẬT,CÔNG TY TNHH THƯƠNG MẠI DỊCH V,Công ty trách nhiệm hữu hạn một thành viên,"55/20/1/2 Đường 48, Khu phố 6, Phường Hiệp Bình Chánh, Quận Thủ Đức, Thành phố Hồ Chí Minh, Việt Nam",Quận Thủ Đức,"4390: Hoạt động xây dựng chuyên dụng khác-Chi tiết: 
+ Xây dựng nền móng, bao gồm cả ép cọc; 
+ Các công việc về chống ẩm và chống thấm nước; 
+ Chống ẩm các toà nhà; 
+ Đào giếng (trong ngành khai th",internet
316560689,CÔNG TY TNHH ĐT TM XD NGỌC ANH,CÔNG TY TNHH ĐT TM XD NGỌC ANH,Công ty trách nhiệm hữu hạn một thành viên,"170 Quốc Lộ 1, Phường Linh Xuân, Quận Thủ Đức, Thành phố Hồ Chí Minh, Việt Nam",Quận Thủ Đức,"4649: Bán buôn đồ dùng khác cho gia đình-(trừ kinh doanh dược phẩm, súng đạn thể thao và vũ khí thô sơ);4652: Bán buôn thiết bị và linh kiện điện tử, viễn thông-;4663: Bán buôn vật liệu, thiết bị lắp ",internet
316575702,CÔNG TY TNHH TƯ VẤN HUẤN LUYỆN KIỂM ĐỊNH VÀ MÔI TRƯỜNG AN TOÀN KHU VỰC 2,CÔNG TY TNHH TƯ VẤN HUẤN LUYỆN,Công ty trách nhiệm hữu hạn một thành viên,"45/7 Đường Bình Chiểu, Phường Bình Chiểu, Quận Thủ Đức, Thành phố Hồ Chí Minh, Việt Nam",Quận Thủ Đức,"8559: Giáo dục khác chưa được phân vào đâu-Chi tiết: Giáo dục không xác định theo cấp độ tại các trung tâm đào tạo bồi dưỡng; Đào tạo, huấn luyện an toàn lao động, vệ sinh lao động.;4659: Bán buôn máy",internet
316567758,CÔNG TY TNHH THƯƠNG MẠI DỊCH VỤ SUN VÕ,CÔNG TY TNHH THƯƠNG MẠI DỊCH V,Công ty trách nhiệm hữu hạn một thành viên,"189/3 Đường số 8, Phường Linh Xuân, Quận Thủ Đức, Thành phố Hồ Chí Minh, Việt Nam",Quận Thủ Đức,"8299: Hoạt động dịch vụ hỗ trợ kinh doanh khác còn lại chưa được phân vào đâu-Chi tiết: Xuất khẩu, Nhập khẩu hàng hoá;0119: Trồng cây hàng năm khác-Chi tiết: Trồng cây dược liệu, hương liệu hàng năm;0",internet
316594060,CÔNG TY TNHH HY VỌNG TOÀN CẦU,CÔNG TY TNHH HY VỌNG TOÀN CẦU,Công ty trách nhiệm hữu hạn một thành viên,"Số 20 đường số 1, Khu phố 5, Phường Hiệp Bình Chánh, Quận Thủ Đức, Thành phố Hồ Chí Minh, Việt Nam",Quận Thủ Đức,"4791: Bán lẻ theo yêu cầu đặt hàng qua bưu điện hoặc internet-(trừ bán lẻ bình gas, khí dầu mỏ hóa lỏng LPG, dầu nhớt cặn, vàng miếng, súng, đạn loại dùng đi săn hoặc thể thao và ",internet
316637638,CÔNG TY TNHH KIẾN AN VIỆT NAM,CÔNG TY TNHH KIẾN AN VIỆT NAM,Công ty trách nhiệm hữu hạn một thành viên,"122/16 Đường số 2, Phường Trường Thọ, Quận Thủ Đức, Thành phố Hồ Chí Minh, Việt Nam",Quận Thủ Đức,"9610: Dịch vụ tắm hơi, massage và các dịch vụ tăng cường sức khoẻ tương tự (trừ hoạt động thể thao)-(trừ các hoạt động gây chảy máu);9631: Cắt tóc, làm đầu, gội đầu-(trừ các hoạt động gây chảy máu);73",internet
316580188,CÔNG TY TNHH THƯƠNG MẠI DỊCH VỤ HÀNG PHÁP,CÔNG TY TNHH THƯƠNG MẠI DỊCH V,Công ty trách nhiệm hữu hạn một thành viên,"19 Đường số 13, Khu dân cư Vạn Phúc, Phường Hiệp Bình Phước, Quận Thủ Đức, Thành phố Hồ Chí Minh, Việt Nam",Quận Thủ Đức,"4649: Bán buôn đồ dùng khác cho gia đình-(trừ dược phẩm);4651: Bán buôn máy vi tính, thiết bị ngoại vi và phần mềm-;4652: Bán buôn thiết bị và linh kiện điện tử, viễn thông-;4653: Bán buôn máy móc, th",internet
316618586,CÔNG TY TNHH TRUYỀN THÔNG MND,CÔNG TY TNHH TRUYỀN THÔNG MND,Công ty trách nhiệm hữu hạn một thành viên,"Số 52/48 Đường số 4, Khu phố 6, Phường Hiệp Bình Phước, Quận Thủ Đức, Thành phố Hồ Chí Minh, Việt Nam",Quận Thủ Đức,"5911: Hoạt động sản xuất phim điện ảnh, phim video và chương trình truyền hình-Chi tiết: Sản xuất chương trình truyền hình (Trừ sản xuất phim, phát sóng và không thực hiện các hiệu ứng cháy, nổ; không",internet
316619685,CÔNG TY TNHH ĐẦU TƯ THIẾT BỊ CÔNG NGHỆ XANH 4.0,CÔNG TY TNHH ĐẦU TƯ THIẾT BỊ C,Công ty trách nhiệm hữu hạn một thành viên,"71 Quốc lộ 13, Phường Hiệp Bình Chánh, Quận Thủ Đức, Thành phố Hồ Chí Minh, Việt Nam",Quận Thủ Đức,"4659: Bán buôn máy móc, thiết bị và phụ tùng máy khác-Chi tiết: Bán buôn máy móc, thiết bị y tế: Bộ khung lưng, bộ khung cổ, trợ lực khớp gối, ...;4649: Bán buôn đồ dùng khác cho gia đình-Chi tiết: Bá",internet
316665709,CÔNG TY TNHH HAPPY TAMMY,CÔNG TY TNHH HAPPY TAMMY,Công ty trách nhiệm hữu hạn hai thành viên trở lên,"415/19+21 Đường Song Hành Hà Nội, Khu Phố 6, Phường Trường Thọ, Quận Thủ Đức, Thành phố Hồ Chí Minh, Việt Nam",Quận Thủ Đức,"1420: Sản xuất sản phẩm từ da lông thú-;1430: Sản xuất trang phục dệt kim, đan móc-;4641: Bán buôn vải, hàng may mặc, giày dép-;4649: Bán buôn đồ dùng khác cho gia đình-;4719: Bán lẻ  khác trong các c",internet
316622617,CÔNG TY TNHH ĐOÀN HÀO ĐỨC,CÔNG TY TNHH ĐOÀN HÀO ĐỨC,Công ty trách nhiệm hữu hạn một thành viên,"56 Dân Chủ, Phường Bình Thọ, Quận Thủ Đức, Thành phố Hồ Chí Minh, Việt Nam",Quận Thủ Đức,"9312: Hoạt động của các câu lạc bộ thể thao-Chi tiết: Hoạt động của các câu lạc bộ bi da (trừ hoạt động của các sàn nhảy);5630: Dịch vụ phục vụ đồ uống-Chi tiết: Quán cà phê, giải khát (tr",internet
316622423,CÔNG TY TNHH ĐẦU TƯ TỔNG HỢP DM,CÔNG TY TNHH ĐẦU TƯ TỔNG HỢP D,Công ty trách nhiệm hữu hạn một thành viên,"Số 03, Đường 16, KDC Sông Đà, Phường Hiệp Bình Chánh, Quận Thủ Đức, Thành phố Hồ Chí Minh, Việt Nam",Quận Thủ Đức,"4633: Bán buôn đồ uống-Chi tiết: Bán buôn các loại rượu, bia và nước giải khát;4659: Bán buôn máy móc, thiết bị và phụ tùng máy khác-Chi tiết: Bán buôn máy móc, thiết bị điện, dụng cụ hệ thống điện (m",internet
316657585,CÔNG TY TNHH ĐL DIGITAL,CÔNG TY TNHH ĐL DIGITAL,Công ty trách nhiệm hữu hạn một thành viên,"22/3/18/2 Đường Bình Chiểu, Khu phố 3, Phường Bình Chiểu, Quận Thủ Đức, Thành phố Hồ Chí Minh, Việt Nam",Quận Thủ Đức,"4791: Bán lẻ theo yêu cầu đặt hàng qua bưu điện hoặc internet-(trừ đấu giá bán lẻ qua internet) (trừ bán lẻ bình gas, khí dầu mỏ hóa lỏng LPG, dầu nhớt cặn, vàng miếng, súng, đạn loại dùng đi săn hoặc",internet
316603653,CÔNG TY TNHH HÚT ẨM CHÍNH HÃNG NU DRY,CÔNG TY TNHH HÚT ẨM CHÍNH HÃNG,Công ty trách nhiệm hữu hạn một thành viên,"16 Đường số 2, Khu Phố 4, Phường Hiệp Bình Chánh, Quận Thủ Đức, Thành phố Hồ Chí Minh, Việt Nam",Quận Thủ Đức,"4669: Bán buôn chuyên doanh khác chưa được phân vào đâu-Chi tiết: Bán buôn hạt chống ẩm, hóa chất (trừ hóa chất độc hại mạnh), phụ gia ngành xây dựng, sản phẩm nhựa, mê ca, giấy, gỗ (không tồn trữ hóa",internet
316649383,CÔNG TY TNHH ALODA,CÔNG TY TNHH ALODA,Công ty trách nhiệm hữu hạn một thành viên,"Số 1, Đường 5, Khu đô thị Vạn Phúc 1, Phường Hiệp Bình Phước, Quận Thủ Đức, Thành phố Hồ Chí Minh, Việt Nam",Quận Thủ Đức,"4791: Bán lẻ theo yêu cầu đặt hàng qua bưu điện hoặc internet-(trừ bán lẻ hóa chất, khí dầu mỏ hóa lỏng LPG, dầu nhớt cặn, vàng miếng, súng, đạn loại dùng đi săn hoặc thể thao và tiền kim khí; Thực hi",internet
316656341,CÔNG TY TNHH SẢN XUẤT THƯƠNG MẠI XUẤT NHẬP KHẨU VŨ KHANH,CÔNG TY TNHH SẢN XUẤT THƯƠNG M,Công ty trách nhiệm hữu hạn một thành viên,"226/3 Đường số 8, Khu phố 3, Phường Linh Xuân, Quận Thủ Đức, Thành phố Hồ Chí Minh, Việt Nam",Quận Thủ Đức,"4312: Chuẩn bị mặt bằng-;4321: Lắp đặt hệ thống điện-(trừ gia công cơ khí, tái chế phế thải, xi mạ điện tại trụ sở);4322: Lắp đặt hệ thống cấp, thoát nước, hệ thống sưởi và điều hoà không khí-(trừ gia",internet
316623184,CÔNG TY TNHH CÔNG NGHỆ VŨ BẢO,CÔNG TY TNHH CÔNG NGHỆ VŨ BẢO,Công ty trách nhiệm hữu hạn một thành viên,"97/15/2 Quốc lộ 1A, Khu phố 2, Phường Hiệp Bình Phước, Quận Thủ Đức, Thành phố Hồ Chí Minh, Việt Nam",Quận Thủ Đức,"4610: Đại lý, môi giới, đấu giá hàng hóa-(trừ đấu giá tài sản);4321: Lắp đặt hệ thống điện-;4659: Bán buôn máy móc, thiết bị và phụ tùng máy khác-;4690: Bán buôn tổng hợp-(trừ bán buôn thuốc trừ sâu v",internet
316153404,CÔNG TY CỔ PHẦN TẬP ĐOÀN HAI TẤN,CÔNG TY CỔ PHẦN TẬP ĐOÀN HAI T,Công ty cổ phần,"Số 18/10C, Đường Ngô Chí Quốc, Khu phố 2, Phường Bình Chiểu, Quận Thủ Đức, Thành phố Hồ Chí Minh, Việt Nam",Quận Thủ Đức,"2710: Sản xuất mô tơ, máy phát, biến thế điện, thiết bị phân phối và điều khiển điện-;2720: Sản xuất pin và ắc quy-(trừ sản xuất, tồn trữ hóa chất);2731: Sản xuất dây cáp, sợi cáp quang học-;1076: Sản",internet
316169203,CÔNG TY TNHH SILVER STONE,CÔNG TY TNHH SILVER STONE,Công ty trách nhiệm hữu hạn hai thành viên trở lên,"1B Đường 30, Khu Phố 7, Phường Linh Đông, Quận Thủ Đức, Thành phố Hồ Chí Minh, Việt Nam",Quận Thủ Đức,"8230: Tổ chức giới thiệu và xúc tiến thương mại-(không thực hiện các hiệu ứng cháy, nổ; không sử dụng chất nổ, chất cháy, hóa chất làm đạo cụ, dụng cụ thực hiện các chương trình văn nghệ, sự kiện, phi",internet
316193580,CÔNG TY TNHH ULTI GAMING,CÔNG TY TNHH ULTI GAMING,Công ty trách nhiệm hữu hạn một thành viên,"Số 83A, Đường Hiệp Bình, Phường Hiệp Bình Chánh, Quận Thủ Đức, Thành phố Hồ Chí Minh, Việt Nam",Quận Thủ Đức,"6190: Hoạt động viễn thông khác-Chi tiết: Hoạt động của các điểm truy cập internet;4659: Bán buôn máy móc, thiết bị và phụ tùng máy khác-;4652: Bán buôn thiết bị và linh kiện điện tử, viễn thông-;4649",internet
316186907,CÔNG TY TNHH SẢN XUẤT VÀ THƯƠNG MẠI DATINO,CÔNG TY TNHH SẢN XUẤT VÀ THƯƠN,Công ty trách nhiệm hữu hạn hai thành viên trở lên,"Sô 9/2 đường số 5, Phường Linh Trung, Quận Thủ Đức, Thành phố Hồ Chí Minh, Việt Nam",Quận Thủ Đức,"4641: Bán buôn vải, hàng may mặc, giày dép-;4751: Bán lẻ vải, len, sợi, chỉ khâu và hàng dệt khác trong các cửa hàng chuyên doanh-;4782: Bán lẻ hàng dệt, may sẵn, giày dép lưu động hoặc tại chợ-;1520:",internet
316253751,CÔNG TY TNHH THƯƠNG MẠI ĐIỆN TỬ BẢO MINH ÂN,CÔNG TY TNHH THƯƠNG MẠI ĐIỆN T,Công ty trách nhiệm hữu hạn hai thành viên trở lên,"144/1/1 Quốc lộ 13, Khu phố 2, Phường Hiệp Bình Chánh, Quận Thủ Đức, Thành phố Hồ Chí Minh, Việt Nam",Quận Thủ Đức,"8230: Tổ chức giới thiệu và xúc tiến thương mại-(không thực hiện các hiệu ứng cháy, nổ; không sử dụng chất nổ, chất cháy, hóa chất làm đạo cụ, dụng cụ thực hiện các chương trình văn nghệ, sự kiện, phi",internet
316260540,CÔNG TY TNHH TM - SX TAM BẢO 24H,CÔNG TY TNHH TM  SX TAM BẢO 24,Công ty trách nhiệm hữu hạn hai thành viên trở lên,"102/15 Đường Số 9, Phường Linh Tây, Quận Thủ Đức, Thành phố Hồ Chí Minh, Việt Nam",Quận Thủ Đức,"1811: In ấn--(không hoạt động tại trụ sở);4651: Bán buôn máy vi tính, thiết bị ngoại vi và phần mềm-;4669: Bán buôn chuyên doanh khác chưa được phân vào đâu--Chi tiết: Bán buôn giấy; Bán buôn hóa chất",internet
316302952,CÔNG TY TNHH SẢN XUẤT THƯƠNG MẠI DỊCH VỤ VẬN TẢI TUẤN ANH,CÔNG TY TNHH SẢN XUẤT THƯƠNG M,Công ty trách nhiệm hữu hạn một thành viên,"55/11/22 Phú Châu, KP1, Phường Tam Bình, Quận Thủ Đức, Thành phố Hồ Chí Minh, Việt Nam",Quận Thủ Đức,"5630: Dịch vụ phục vụ đồ uống-(trừ hoạt động quán bar và quán giải khát có khiêu vũ);6820: Tư vấn, môi giới, đấu giá bất động sản, đấu giá quyền sử dụng đất-Chi tiết: Tư vấn, môi giới, quản lý bất độn",internet
316419485,CÔNG TY TNHH THƯƠNG MẠI & DỊCH VỤ FOR LIFE VIỆT NAM,CÔNG TY TNHH THƯƠNG MẠI  DỊCH ,Công ty trách nhiệm hữu hạn một thành viên,"27/2 Đường 36, Khu phố 8, Phường Linh Đông, Quận Thủ Đức, Thành phố Hồ Chí Minh, Việt Nam",Quận Thủ Đức,"4511: Bán buôn ô tô và xe có động cơ khác-;4541: Bán mô tô, xe máy-;4530: Bán phụ tùng và các bộ phận phụ trợ của ô tô và xe có động cơ khác-;4543: Bán phụ tùng và các bộ phận phụ trợ của mô tô, xe má",internet
316438061,CÔNG TY TNHH VINTECCON,CÔNG TY TNHH VINTECCON,Công ty trách nhiệm hữu hạn một thành viên,"51/10 Đường 24, Khu phố 7, Phường Linh Đông, Quận Thủ Đức, Thành phố Hồ Chí Minh, Việt Nam",Quận Thủ Đức,7410: Hoạt động thiết kế chuyên dụng-Chi tiết: Hoạt động trang trí nội thất; Thiết kế website; Thiết kế đồ họa; Thiết kế in ấn; Thiết kế thương hiệu; Thiết kế ấn phẩm quảng cáo truyền thông;Thiết kế t,internet
316453380,DOANH NGHIỆP TƯ NHÂN VÀNG HOÀNG KIM PHÁT,DOANH NGHIỆP TƯ NHÂN VÀNG HOÀN,Doanh nghiệp tư nhân,"188B đường số 11, Khu Phố 5, Phường Linh Xuân, Quận Thủ Đức, Thành phố Hồ Chí Minh, Việt Nam",Quận Thủ Đức,"4662: Bán buôn kim loại và quặng kim loại-Chi tiết: Mua, bán vàng trang sức, mỹ nghệ (trừ vàng miếng);4669: Bán buôn chuyên doanh khác chưa được phân vào đâu-Chi tiết: Bán buôn đá quý;4649: Bán buôn đ",internet
316479004,CÔNG TY TNHH NỘI THẤT MINH KHA,CÔNG TY TNHH NỘI THẤT MINH KHA,Công ty trách nhiệm hữu hạn một thành viên,"58/12 Đường số 5, Khu phố 1, Phường Hiệp Bình Chánh, Quận Thủ Đức, Thành phố Hồ Chí Minh, Việt Nam",Quận Thủ Đức,7410: Hoạt động thiết kế chuyên dụng-Chi tiết: Hoạt động trang trí nội ngoại thất; Thiết kế đồ họa; thiết kế tranh tượng mỹ thuật;7110: Hoạt động kiến trúc và tư vấn kỹ thuật có liên quan-Chi tiết: Tư,internet
316474285,CÔNG TY TNHH DỊCH VỤ KẾ TOÁN VÀ THUẾ OPTIMUS,CÔNG TY TNHH DỊCH VỤ KẾ TOÁN V,Công ty trách nhiệm hữu hạn hai thành viên trở lên,"17 đường 1, Phường Linh Tây, Quận Thủ Đức, Thành phố Hồ Chí Minh, Việt Nam",Quận Thủ Đức,"6920: Hoạt động liên quan đến kế toán, kiểm toán và tư vấn về thuế-Chi tiết: Dịch vụ kế toán. Dịch vụ làm thủ tục về thuế;7020: Hoạt động tư vấn quản lý-(trừ tư vấn tài chính, pháp lý);4791: Bán lẻ th",internet
316513167,CÔNG TY TNHH CÔNG NGHỆ KỸ THUẬT 2K,CÔNG TY TNHH CÔNG NGHỆ KỸ THUẬ,Công ty trách nhiệm hữu hạn hai thành viên trở lên,"31/16 A Đường số 17, Khu phố 3, Phường Hiệp Bình Chánh, Quận Thủ Đức, Thành phố Hồ Chí Minh, Việt Nam",Quận Thủ Đức,"4759: Bán lẻ đồ điện gia dụng, giường, tủ, bàn, ghế và đồ nội thất tương tự, đèn và bộ đèn điện, đồ dùng gia đình khác chưa được phân vào đâu  trong các cửa hàng chuyên doanh-;4791: Bán lẻ theo yêu cầ",internet
316525067,CÔNG TY TNHH HONA,CÔNG TY TNHH HONA,Công ty trách nhiệm hữu hạn một thành viên,"49/5 Đường 35, Khu Phố 7, Phường Hiệp Bình Chánh, Quận Thủ Đức, Thành phố Hồ Chí Minh, Việt Nam",Quận Thủ Đức,"4610: Đại lý, môi giới, đấu giá hàng hóa-Chi tiết: Đại lý, môi giới;1313: Hoàn thiện sản phẩm dệt-Chi tiết: Hoàn thiện sản phẩm khẩu trang;1392: Sản xuất hàng dệt sẵn (trừ trang phục)-;1399: Sản xuất ",internet
316529174,CÔNG TY TNHH VIVUDECOR,CÔNG TY TNHH VIVUDECOR,Công ty trách nhiệm hữu hạn hai thành viên trở lên,"Số 6 Đường số 2, KDC Thành Ủy, Phường Hiệp Bình Chánh, Quận Thủ Đức, Thành phố Hồ Chí Minh, Việt Nam",Quận Thủ Đức,"4649: Bán buôn đồ dùng khác cho gia đình-Chi tiết: Bán buôn giường, tủ, bàn, ghế và đồ dùng nội thất tương tự;4759: Bán lẻ đồ điện gia dụng, giường, tủ, bàn, ghế và đồ nội thất tương tự, đèn và bộ đèn",internet
316619928,CÔNG TY TNHH VINASHARP,CÔNG TY TNHH VINASHARP,Công ty trách nhiệm hữu hạn một thành viên,"401 Quốc Lộ 1A, Khu phố 5, Phường Linh Trung, Quận Thủ Đức, Thành phố Hồ Chí Minh, Việt Nam",Quận Thủ Đức,"4669: Bán buôn chuyên doanh khác chưa được phân vào đâu-Chi tiết: Bán buôn thuốc thú y thủy sản, chế phẩm sinh học, hóa chất dùng trong thú y thủy sản; Bán buôn thuốc bảo vệ thực vật, hóa chất xử lý m",internet
316631467,CÔNG TY TNHH CÔNG NGHỆ DI ĐỘNG 365,CÔNG TY TNHH CÔNG NGHỆ DI ĐỘNG,Công ty trách nhiệm hữu hạn một thành viên,"17 Đường 8, Khu Phố 4, Phường Hiệp Bình Chánh, Quận Thủ Đức, Thành phố Hồ Chí Minh, Việt Nam",Quận Thủ Đức,"4669: Bán buôn chuyên doanh khác chưa được phân vào đâu-Chi tiết: Bán buôn điện thoại di động, thẻ sim, card điện thoại, camera, máy chiếu, thiết bị chống trộm, chuông báo cháy, thiết bị phòng cháy ch",internet
316654979,CÔNG TY TNHH TTL COPIER VIỆT NAM,CÔNG TY TNHH TTL COPIER VIỆT N,Công ty trách nhiệm hữu hạn một thành viên,"20/13A Đường số 27, KP5, Phường Hiệp Bình Chánh, Quận Thủ Đức, Thành phố Hồ Chí Minh, Việt Nam",Quận Thủ Đức,"1811: In ấn-;1812: Dịch vụ liên quan đến in-;1820: Sao chép bản ghi các loại-;3311: Sửa chữa các sản phẩm kim loại đúc sẵn-;3312: Sửa chữa máy móc, thiết bị-;3313: Sửa chữa thiết bị điện tử và quang h",internet
