tax_code,name,name_slug,company_type,address,district,industry_raw,keyword
313598395,CÔNG TY TNHH ĐIỆN TỬ HƯNG VIỆT,CÔNG TY TNHH ĐIỆN TỬ HƯNG VIỆT,Công ty trách nhiệm hữu hạn một thành viên,"165/18 Nguyễn Văn Luông, Phường 10, Quận 6, Thành phố Hồ Chí Minh, Việt Nam",Quận 6,"2610: Sản xuất linh kiện điện tử-Chi tiết: Lắp ráp đồ chơi, trò chơi điện tử, máy game (Không gia công cơ khí, tái chế phế thải, xi mạ điện tại trụ sở);4669: Bán buôn chuyên doanh khác chưa được phân ",internet
313623161,CÔNG TY TNHH THƯƠNG MẠI - DỊCH VỤ TỨ HẢI DU LONG,CÔNG TY TNHH THƯƠNG MẠI  DỊCH ,Công ty trách nhiệm hữu hạn một thành viên,"253 Tân Hòa Đông, Phường 14, Quận 6, Thành phố Hồ Chí Minh, Việt Nam",Quận 6,"4651: Bán buôn máy vi tính, thiết bị ngoại vi và phần mềm-;4652: Bán buôn thiết bị và linh kiện điện tử, viễn thông-;4663: Bán buôn vật liệu, thiết bị lắp đặt khác trong xây dựng-Chi tiết: Bán buôn đồ",internet
313643802,CÔNG TY TNHH SNO,CÔNG TY TNHH SNO,Công ty trách nhiệm hữu hạn hai thành viên trở lên,"Số 435 An Dương Vương, Phường 11, Quận 6, Thành phố Hồ Chí Minh, Việt Nam",Quận 6,"2620: Sản xuất máy vi tính và thiết bị ngoại vi của máy vi tính-Chi tiết: Lắp ráp máy vi tính (trừ gia công cơ khí, tái chế phế thải, xi mạ điện tại trụ sở);2750: Sản xuất đồ điện dân dụng-;2023: Sản ",internet
313658767,CÔNG TY CỔ PHẦN ỨNG DỤNG THÔNG MINH,CÔNG TY CỔ PHẦN ỨNG DỤNG THÔNG,Công ty cổ phần,"38 Phạm Đình Hổ, Phường 02, Quận 6, Thành phố Hồ Chí Minh, Việt Nam",Quận 6,5820: Xuất bản phần mềm-Chi tiết: Sản xuất phần mềm;6190: Hoạt động viễn thông khác-Chi tiết: Hoạt động của các điểm truy cập internet;6201: Lập trình máy vi tính-;6202: Tư vấn máy vi tính và quản trị,internet
316129835,CÔNG TY TNHH MỘT THÀNH VIÊN LẠC NHIÊN,CÔNG TY TNHH MỘT THÀNH VIÊN LẠ,Công ty trách nhiệm hữu hạn một thành viên,"689C Đường Hậu Giang, Phường 11, Quận 6, Thành phố Hồ Chí Minh, Việt Nam",Quận 6,"5510: Dịch vụ lưu trú ngắn ngày-Chi tiết: Khách sạn, biệt thự du lịch, căn hộ du lịch, nhà nghỉ du lịch, nhà ở có phòng cho khách du lịch thuê;5630: Dịch vụ phục vụ đồ uống-(trừ hoạ",internet
316131400,CÔNG TY TNHH THƯƠNG MẠI DỊCH VỤ DƯƠNG PHONG,CÔNG TY TNHH THƯƠNG MẠI DỊCH V,Công ty trách nhiệm hữu hạn một thành viên,"Số 579/50 Phạm Văn Chí, Phường 07, Quận 6, Thành phố Hồ Chí Minh, Việt Nam",Quận 6,"3312: Sửa chữa máy móc, thiết bị-(trừ gia công cơ khí, tái chế phế thải, xi mạ điện tại trụ sở);3313: Sửa chữa thiết bị điện tử và quang học-(trừ gia công cơ khí, tái chế phế thải, xi mạ điện tại trụ ",internet
313674085,CÔNG TY TNHH THƯƠNG MẠI DỊCH VỤ DU LỊCH SMART LINK,CÔNG TY TNHH THƯƠNG MẠI DỊCH V,Công ty trách nhiệm hữu hạn hai thành viên trở lên,"864 An Dương Vương, Phường 13, Quận 6, Thành phố Hồ Chí Minh, Việt Nam",Quận 6,"5229: Hoạt động dịch vụ hỗ trợ khác liên quan đến vận tải-Chi tiết: Hoạt động giao nhận hàng hóa. Hoạt động của đại lý làm thủ tục hải quan. Hoạt động của các đại lý bán vé máy bay, tàu hỏa, xe khách;",internet
313668028,CÔNG TY TNHH THIẾT BỊ DÂN DỤNG THUẬN PHONG,CÔNG TY TNHH THIẾT BỊ DÂN DỤNG,Công ty trách nhiệm hữu hạn một thành viên,"113 Kinh Dương Vương , Phường 12, Quận 6, Thành phố Hồ Chí Minh, Việt Nam",Quận 6,"4663: Bán buôn vật liệu, thiết bị lắp đặt khác trong xây dựng-;4752: Bán lẻ đồ ngũ kim, sơn, kính và thiết bị lắp đặt khác trong xây dựng trong các cửa hàng chuyên doanh-;4759: Bán lẻ đồ điện gia dụng",internet
316714089,CÔNG TY TNHH QUỐC TẾ VƯỢNG THĂNG,CÔNG TY TNHH QUỐC TẾ VƯỢNG THĂ,Công ty trách nhiệm hữu hạn hai thành viên trở lên,"514/24 Gia Phú, Phường 03, Quận 6, Thành phố Hồ Chí Minh, Việt Nam",Quận 6,"4649: Bán buôn đồ dùng khác cho gia đình-Chi tiết: Bán buôn vali, cặp, túi, ví, hàng da và giả da khác; Bán buôn nước hoa, hàng mỹ phẩm và chế phẩm vệ sinh; Bán buôn hàng gốm, sứ, thủy tinh; Bán buôn ",internet
313677819,CÔNG TY TNHH GIA ĐẠT TELECOM,CÔNG TY TNHH GIA ĐẠT TELECOM,Công ty trách nhiệm hữu hạn một thành viên,"710/30 Hậu Giang, Phường 12, Quận 6, Thành phố Hồ Chí Minh, Việt Nam",Quận 6,"1312: Sản xuất vải dệt thoi-Chi tiết: Sản xuất vải dệt kim, vải đan móc và vải không dệt khác; Sản xuất, gia công thuê vi tính các mặt hàng trên vải, thuê nhãn may lên trang phục( trừ tẩy, nhuộm, hồ, ",telecom
313688673,CÔNG TY TNHH THƯƠNG MẠI ĐẦU TƯ QUỐC CƯỜNG,CÔNG TY TNHH THƯƠNG MẠI ĐẦU TƯ,Công ty trách nhiệm hữu hạn một thành viên,"79 đường số 37, khu dân cư Bình Phú, Phường 10, Quận 6, Thành phố Hồ Chí Minh, Việt Nam",Quận 6,"4652: Bán buôn thiết bị và linh kiện điện tử, viễn thông-Chi tiết: Bán buôn sim card điện thoại, thẻ internet, thẻ cào;4632: Bán buôn thực phẩm-(không hoạt động tại trụ sở);4663: Bán buôn vật liệu, th",internet
313712365,CÔNG TY TNHH PHẦN MỀM KEN,CÔNG TY TNHH PHẦN MỀM KEN,Công ty trách nhiệm hữu hạn hai thành viên trở lên,"18 Đường số 55, Khu phố 5, Phường 10, Quận 6, Thành phố Hồ Chí Minh, Việt Nam",Quận 6,5820: Xuất bản phần mềm-Chi tiết: Sản xuất phần mềm;6312: Cổng thông tin-Chi tiết: Thiết lập trang thông tin điện tử tổng hợp; Thiết lập mạng xã hội; Dịch vụ thương mại điện tử; 4651: Bán buôn máy vi ,internet
313719850,CÔNG TY TNHH SWISS FASHION VIETNAM,CÔNG TY TNHH SWISS FASHION VIE,Công ty trách nhiệm hữu hạn một thành viên,"Số 24 Đường 49, Phường 10, Quận 6, Thành phố Hồ Chí Minh, Việt Nam",Quận 6,"2593: Sản xuất dao kéo, dụng cụ cầm tay và đồ kim loại thông dụng-(không hoạt động tại trụ sở);2599: Sản xuất sản phẩm khác bằng kim loại chưa được phân vào đâu-Chi tiết: sản xuất đồ dùng kim loại cho",internet
313733206,CÔNG TY TNHH ĐIỆN MÁY CƯỜNG PHÁT,CÔNG TY TNHH ĐIỆN MÁY CƯỜNG PH,Công ty trách nhiệm hữu hạn hai thành viên trở lên,"154 Lý Chiêu Hoàng, Phường 10, Quận 6, Thành phố Hồ Chí Minh, Việt Nam",Quận 6,"4781: Bán lẻ lương thực, thực phẩm, đồ uống, thuốc lá, thuốc lào lưu động hoặc tại chợ-(Thực hiện đúng theo Quyết định số 64/2009/QĐ-UBND ngày 31/07/2009 và Quyết định số 79/2009/QĐ-UBND ngày 17/10/20",internet
313770423,CÔNG TY TNHH THƯƠNG MẠI ĐIỆN TỬ THIÊN BẢO,CÔNG TY TNHH THƯƠNG MẠI ĐIỆN T,Công ty trách nhiệm hữu hạn một thành viên,"Lầu 1, Số 52 - 54 - 56 - 58 Đường 26, Phường 11, Quận 6, Thành phố Hồ Chí Minh, Việt Nam",Quận 6,6312: Cổng thông tin-Chi tiết: Thiết lập trang thông tin điện tử tổng hợp. Dịch vụ thương mại điện tử;7310: Quảng cáo-;7320: Nghiên cứu thị trường và thăm dò dư luận-;8230: Tổ chức giới thiệu và xúc t,internet
313813814,CÔNG TY TNHH TRÒ CHƠI ĐIỆN TỬ PHAN THỊ PHƯỢNG,CÔNG TY TNHH TRÒ CHƠI ĐIỆN TỬ ,Công ty trách nhiệm hữu hạn một thành viên,"Số 735 đường Phạm Văn Chí, khu phố 5, Phường 07, Quận 6, Thành phố Hồ Chí Minh, Việt Nam",Quận 6,6190: Hoạt động viễn thông khác-chi tiết: hoạt động của các điểm truy cập internet; Điểm cung cấp dịch vụ trò chơi điện tử công cộng ( trừ hoạt động kinh doanh trò chơi điện tử có thưởng dành cho ngườ,lap top
313928766,CÔNG TY TNHH VENTUREX,CÔNG TY TNHH VENTUREX,Công ty trách nhiệm hữu hạn một thành viên,"205/18C8/96 Tân Hòa Đông, Phường 14, Quận 6, Thành phố Hồ Chí Minh, Việt Nam",Quận 6,"4649: Bán buôn đồ dùng khác cho gia đình-chi tiết: Bán buôn sách, báo, tạp chí, văn phòng phẩm. Bán buôn đồ điện gia dụng, đèn và bộ đèn điện. Bán buôn giường, tủ, bàn ghế và đồ dùng nội thất tương tự",internet
313926430,CÔNG TY TNHH TRÒ CHƠI ĐIỆN TỬ THANH ĐIỀN,CÔNG TY TNHH TRÒ CHƠI ĐIỆN TỬ ,Công ty trách nhiệm hữu hạn một thành viên,"Số 9 Nguyễn Văn Luông, Phường 10, Quận 6, Thành phố Hồ Chí Minh, Việt Nam",Quận 6,5629: Dịch vụ ăn uống khác-;5630: Dịch vụ phục vụ đồ uống-(trừ hoạt động quán bar và quán giải khát có khiêu vũ).;6190: Hoạt động viễn thông khác-chi tiết: Hoạt động của các điểm truy cập internet; Đi,internet
313996565,CÔNG TY TNHH MỘT THÀNH VIÊN GAME GIẢI TRÍ THÁI BÌNH DƯƠNG,CÔNG TY TNHH MỘT THÀNH VIÊN GA,Công ty trách nhiệm hữu hạn một thành viên,"36 Phan Anh, Phường 14, Quận 6, Thành phố Hồ Chí Minh, Việt Nam",Quận 6,"6190: Hoạt động viễn thông khác-Chi tiết: Hoạt động của các điểm truy cập Internet;4530: Bán phụ tùng và các bộ phận phụ trợ của ô tô và xe có động cơ khác-Chi tiết: Bán buôn phụ tùng xe hơi, xe tải, ",internet
313963136,DOANH NGHIỆP TƯ NHÂN THƯƠNG MẠI DỊCH VỤ NET 885,DOANH NGHIỆP TƯ NHÂN THƯƠNG MẠ,Doanh nghiệp tư nhân,"885 Hồng Bàng, Phường 09, Quận 6, Thành phố Hồ Chí Minh, Việt Nam",Quận 6,4722: Bán lẻ thực phẩm trong các cửa hàng chuyên doanh-(thực hiện theo Quyết định 64/2009/QĐ-UBND ngày 31/7/2009 của Ủy ban nhân dân Thành phố Hồ Chí Minh và Quyết định 79/2009/QĐ-UBND ngày 17/10/2009,internet
313998121,CÔNG TY TNHH CACTUS SOFTWARE SOLUTIONS,CÔNG TY TNHH CACTUS SOFTWARE S,Công ty trách nhiệm hữu hạn hai thành viên trở lên,"51/16 Bãi Sậy, Phường 01, Quận 6, Thành phố Hồ Chí Minh, Việt Nam",Quận 6,5820: Xuất bản phần mềm-Chi tiết: Sản xuất phần mềm;6201: Lập trình máy vi tính-;6202: Tư vấn máy vi tính và quản trị hệ thống máy vi tính-;6209: Hoạt động dịch vụ công nghệ thông tin và dịch vụ khác ,software
313997311,CÔNG TY TNHH THƯƠNG MẠI THIẾT BỊ Y TẾ PHÁP VIỆT,CÔNG TY TNHH THƯƠNG MẠI THIẾT ,Công ty trách nhiệm hữu hạn hai thành viên trở lên,"339G Hậu Giang, Phường 05, Quận 6, Thành phố Hồ Chí Minh, Việt Nam",Quận 6,"4649: Bán buôn đồ dùng khác cho gia đình-Chi tiết: Bán buôn nước hoa, hàng mỹ phẩm và chế phẩm vệ sinh. Bán buôn dụng cụ y tế. Bán buôn thuốc;4659: Bán buôn máy móc, thiết bị và phụ tùng máy khác-Chi ",internet
314058628,CÔNG TY TNHH MỘT THÀNH VIÊN GAME GIẢI TRÍ HỒNG KÔNG,CÔNG TY TNHH MỘT THÀNH VIÊN GA,Công ty trách nhiệm hữu hạn một thành viên,"289 Bà Hom, Phường 13, Quận 6, Thành phố Hồ Chí Minh, Việt Nam",Quận 6,"7730: Cho thuê máy móc, thiết bị và đồ dùng hữu hình khác không kèm người điều khiển-Chi tiết: Cho thuê máy trò chơi (không kinh doanh đồ chơi có hại cho giáo dục nhân cách, sức khoẻ của trẻ em hoặc ả",internet
314077596,CÔNG TY TNHH AMORSO,CÔNG TY TNHH AMORSO,Công ty trách nhiệm hữu hạn một thành viên,"Lô 1.43 Viva Riverside, 1472 Võ Văn Kiệt, Phường 03, Quận 6, Thành phố Hồ Chí Minh, Việt Nam",Quận 6,"4663: Bán buôn vật liệu, thiết bị lắp đặt khác trong xây dựng-Thực hiện quyền xuất khẩu, quyền nhập khẩu, quyền phân phối bán buôn các hàng hóa không thuộc diện cấm xuất khẩu, nhập khẩu, phân phối, th",internet
314033895,CÔNG TY TNHH THƯƠNG MẠI RAF VIỆT NAM,CÔNG TY TNHH THƯƠNG MẠI RAF VI,Công ty trách nhiệm hữu hạn hai thành viên trở lên,"18 Trần Văn Kiểu, Phường 10, Quận 6, Thành phố Hồ Chí Minh, Việt Nam",Quận 6,"4661: Bán buôn nhiên liệu rắn, lỏng, khí và các sản phẩm liên quan-Chi tiết: Bán buôn dầu nhờn, mỡ nhờn (trừ kinh doanh khí dầu mỏ hóa lỏng LPG và dầu nhớt cặn);4663: Bán buôn vật liệu, thiết bị lắp đ",internet
314106550,CÔNG TY TNHH AIGO.VN,CÔNG TY TNHH AIGOVN,Công ty trách nhiệm hữu hạn hai thành viên trở lên,"44 đường số 5, KDC Bình Phú, Phường 11, Quận 6, Thành phố Hồ Chí Minh, Việt Nam",Quận 6,"6201: Lập trình máy vi tính-;6202: Tư vấn máy vi tính và quản trị hệ thống máy vi tính-;6209: Hoạt động dịch vụ công nghệ thông tin và dịch vụ khác liên quan đến máy vi tính-Chi tiết: Tổ chức, khai th",internet
314088333,CÔNG TY TNHH THƯƠNG MẠI DỊCH VỤ THẾ GIỚI THẨM MỸ,CÔNG TY TNHH THƯƠNG MẠI DỊCH V,Công ty trách nhiệm hữu hạn hai thành viên trở lên,"52 Lý Chiêu Hoàng, Phường 10, Quận 6, Thành phố Hồ Chí Minh, Việt Nam",Quận 6,"4791: Bán lẻ theo yêu cầu đặt hàng qua bưu điện hoặc internet-Chi tiết: Bán lẻ sách, báo, tạp chí văn phòng phẩm, băng đĩa âm thanh, hình ảnh (có nội dung được phép lưu hành), hàng may mặc, giày dép, ",internet
314128610,CÔNG TY TNHH ASIA LEADER INTERNATIONAL,CÔNG TY TNHH ASIA LEADER INTER,Công ty trách nhiệm hữu hạn hai thành viên trở lên,"1610 Võ Văn Kiệt, Phường 07, Quận 6, Thành phố Hồ Chí Minh, Việt Nam",Quận 6,"4659: Bán buôn máy móc, thiết bị và phụ tùng máy khác-Chi tiết: Bán buôn máy móc, thiết bị và phụ tùng máy văn phòng Thực hiện quyền xuất khẩu, quyền nhập khẩu, quyền phân phối bán buôn máy móc, thiết",internet
314155371,CÔNG TY TNHH THƯƠNG MẠI MY VÕ,CÔNG TY TNHH THƯƠNG MẠI MY VÕ,Công ty trách nhiệm hữu hạn một thành viên,"Số 18J, Đường 32C, Phường 10, Quận 6, Thành phố Hồ Chí Minh, Việt Nam",Quận 6,"4663: Bán buôn vật liệu, thiết bị lắp đặt khác trong xây dựng-Chi tiết: Bán buôn tre, nứa, gỗ cây và gỗ chế biến.;4669: Bán buôn chuyên doanh khác chưa được phân vào đâu-Chi tiết: Bán buôn phụ liệu ma",internet
313861543,CÔNG TY TNHH THƯƠNG MẠI QUỐC TẾ NGỌC LAN,CÔNG TY TNHH THƯƠNG MẠI QUỐC T,Công ty trách nhiệm hữu hạn hai thành viên trở lên,"91 Đường số 37, Khu dân cư Bình Phú, Phường 10, Quận 6, Thành phố Hồ Chí Minh, Việt Nam",Quận 6,"4223: Xây dựng công trình viễn thông, thông tin liên lạc-Chi tiết: Xây dựng các mạng lưới cáp viễn thông, thông tin liên lạc và các công trình, cấu trúc có liên quan; Xây dựng công trình đài, trạm thu",internet
313972412,CÔNG TY TNHH ASIA E-COMMERCE,CÔNG TY TNHH ASIA ECOMMERCE,Công ty trách nhiệm hữu hạn một thành viên,"123A Hậu Giang, Phường 05, Quận 6, Thành phố Hồ Chí Minh, Việt Nam",Quận 6,"6312: Cổng thông tin-Chi tiết: Dịch vụ thương mại điện tử (thực hiện thao khoản 2 Điều 24 Nghị định 52/2013/NĐ-CP);4649: Bán buôn đồ dùng khác cho gia đình-Chi tiết: Bán buôn hóa mỹ phẩm, gel và dung ",internet
314051005,CÔNG TY TNHH SẢN XUẤT THƯƠNG MẠI XUẤT NHẬP KHẨU PHẠM DƯƠNG,CÔNG TY TNHH SẢN XUẤT THƯƠNG M,Công ty trách nhiệm hữu hạn hai thành viên trở lên,"147 Phạm Phú Thứ , Phường 04, Quận 6, Thành phố Hồ Chí Minh, Việt Nam",Quận 6,"1410: May trang phục (trừ trang phục từ da lông thú)-(trừ tẩy, nhuộm, hồ, in trên các sản phẩm vải sợi, dệt, may, thêu, đan tại trụ sở);1811: In ấn-(không hoạt động tại trụ sở);1812: Dịch vụ liên quan",internet
314197565,CÔNG TY TNHH PLANET AZ,CÔNG TY TNHH PLANET AZ,Công ty trách nhiệm hữu hạn một thành viên,"31C Tân Hòa Đông, Phường 13, Quận 6, Thành phố Hồ Chí Minh, Việt Nam",Quận 6,"4329: Lắp đặt hệ thống xây dựng khác-(trừ gia công cơ khí, tái chế phế thải, xi mạ điện tại trụ sở);7410: Hoạt động thiết kế chuyên dụng-Chi tiết: Thiết kế trang website, thiết kế đồ họa, thiết kế ứng",internet
314187817,CÔNG TY CỔ PHẦN SẢN XUẤT THƯƠNG MẠI DỊCH VỤ BESTSALE VIỆT NAM,CÔNG TY CỔ PHẦN SẢN XUẤT THƯƠN,Công ty cổ phần,"756 An Dương Vương, Phường 13, Quận 6, Thành phố Hồ Chí Minh, Việt Nam",Quận 6,"2750: Sản xuất đồ điện dân dụng-(không hoạt động tại trụ sở);1621: Sản xuất gỗ dán, gỗ lạng, ván ép và ván mỏng khác-(Không hoạt động tại trụ sở );1622: Sản xuất đồ gỗ xây dựng-(Không hoạt động tại tr",internet
314215817,CÔNG TY TNHH MỘT THÀNH VIÊN  DỊCH VỤ VUI CHƠI GIẢI TRÍ BỒ KINH,CÔNG TY TNHH MỘT THÀNH VIÊN  D,Công ty trách nhiệm hữu hạn một thành viên,"46 Kinh Dương Vương, Phường 13, Quận 6, Thành phố Hồ Chí Minh, Việt Nam",Quận 6,"5510: Dịch vụ lưu trú ngắn ngày-chi tiết:  Khách sạn, biệt thự du lịch, căn hộ du lịch, nhà nghỉ du lịch, nhà ở có phòng cho khách du lịch thuê (không hoạt động tại trụ sở).;4723: Bán lẻ đồ uống trong",internet
314213143,CÔNG TY TNHH SẢN XUẤT THƯƠNG MẠI DỊCH VỤ XUẤT NHẬP KHẨU HƯỚNG DƯƠNG,CÔNG TY TNHH SẢN XUẤT THƯƠNG M,Công ty trách nhiệm hữu hạn hai thành viên trở lên,"551/9/5 Bến Phú Lâm, Phường 09, Quận 6, Thành phố Hồ Chí Minh, Việt Nam",Quận 6,"3290: Sản xuất khác chưa được phân vào đâu-chi tiết: sản xuất các mặt hàng văn phòng phẩm, dụng cụ học sinh;2220: Sản xuất sản phẩm từ plastic-(trừ sản xuất xốp cách nhiệt sử dụng ga R141b và không lu",lap top
314254083,CÔNG TY TNHH QUỐC TẾ WAVECAPE,CÔNG TY TNHH QUỐC TẾ WAVECAPE,Công ty trách nhiệm hữu hạn hai thành viên trở lên,"25C Lý Chiêu Hoàng, Phường 10, Quận 6, Thành phố Hồ Chí Minh, Việt Nam",Quận 6,"4661: Bán buôn nhiên liệu rắn, lỏng, khí và các sản phẩm liên quan-Chi tiết: Bán buôn dầu nhờn, dầu nhớt (không hoạt động tại trụ sở); 4662: Bán buôn kim loại và quặng kim loại-Chi tiết: Bán buôn quặn",internet
314281143,CÔNG TY TNHH DỊCH VỤ FATE,CÔNG TY TNHH DỊCH VỤ FATE,Công ty trách nhiệm hữu hạn hai thành viên trở lên,"1570/13a Võ Văn Kiệt, Phường 07, Quận 6, Thành phố Hồ Chí Minh, Việt Nam",Quận 6,5012: Vận tải hàng hóa ven biển và viễn dương-;5022: Vận tải hàng hóa đường thuỷ nội địa-;5210: Kho bãi và lưu giữ hàng hóa-Chi tiết: Lưu giữ hàng hóa (trừ kinh doanh kho bãi);5221: Hoạt động dịch vụ ,internet
315118936,CÔNG TY TNHH TRÒ CHƠI ĐIỆN TỬ HẢI VƯƠNG,CÔNG TY TNHH TRÒ CHƠI ĐIỆN TỬ ,Công ty trách nhiệm hữu hạn một thành viên,"154/4 Tân Hòa Đông, Phường 14, Quận 6, Thành phố Hồ Chí Minh, Việt Nam",Quận 6,"9511: Sửa chữa máy vi tính và thiết bị ngoại vi-(trừ gia công cơ khí, tái chế phế thải, xi mạ điện tại trụ sở);6190: Hoạt động viễn thông khác-Chi tiết: Hoạt động của các điểm truy cập internet;9329: ",internet
316199617,CÔNG TY TNHH LIGOCO VIỆT NAM,CÔNG TY TNHH LIGOCO VIỆT NAM,Công ty trách nhiệm hữu hạn một thành viên,"Số 34, Đường Số 5, Phường 11, Quận 6, Thành phố Hồ Chí Minh, Việt Nam",Quận 6,"4690: Bán buôn tổng hợp-Chi tiết: không tồn trữ hóa chất; trừ bán buôn phế liệu, phế thải kim loại, phi kim loại, khí dầu mỏ hóa lỏng LPG và thực hiện theo Quyết định 64/2009/QĐ-UBND ngày 31/7/2009 củ",internet
314362829,DOANH NGHIỆP TƯ NHÂN THIẾT KẾ PHẦN MỀM WEBSITE BẢO LAM,DOANH NGHIỆP TƯ NHÂN THIẾT KẾ ,Doanh nghiệp tư nhân,"216/23 Nguyễn Văn Luông, Phường 11, Quận 6, Thành phố Hồ Chí Minh, Việt Nam",Quận 6,"5820: Xuất bản phần mềm-Chi tiết: Sản xuất phần mềm;6201: Lập trình máy vi tính-;6202: Tư vấn máy vi tính và quản trị hệ thống máy vi tính-;6311: Xử lý dữ liệu, cho thuê và các hoạt động liên quan-;63",internet
314372707,CÔNG TY TNHH THƯƠNG MẠI VÀ QUẢNG CÁO ĐẠI MINH LONG,CÔNG TY TNHH THƯƠNG MẠI VÀ QUẢ,Công ty trách nhiệm hữu hạn hai thành viên trở lên,"455A/1 Hậu Giang, Phường 11, Quận 6, Thành phố Hồ Chí Minh, Việt Nam",Quận 6,"4649: Bán buôn đồ dùng khác cho gia đình-(trừ kinh doanh dược phẩm).;4651: Bán buôn máy vi tính, thiết bị ngoại vi và phần mềm-;4652: Bán buôn thiết bị và linh kiện điện tử, viễn thông-;4659: Bán buôn",internet
314406427,CÔNG TY TNHH KỸ THUẬT & CÔNG NGHỆ TECHONE,CÔNG TY TNHH KỸ THUẬT  CÔNG NG,Công ty trách nhiệm hữu hạn hai thành viên trở lên,"63B Lô T Cư xá Phú Lâm D, Phường 10, Quận 6, Thành phố Hồ Chí Minh, Việt Nam",Quận 6,4290: Xây dựng công trình kỹ thuật dân dụng khác-;4100: Xây dựng nhà các loại-;4210: Xây dựng công trình đường sắt và đường bộ-;4311: Phá dỡ-;4312: Chuẩn bị mặt bằng-;4321: Lắp đặt hệ thống điện-Chi t,internet
314401796,CÔNG TY TNHH THƯƠNG MẠI DỊCH VỤ PHƯỚC LẬP THÀNH,CÔNG TY TNHH THƯƠNG MẠI DỊCH V,Công ty trách nhiệm hữu hạn hai thành viên trở lên,"63 Đường 26 KDC Bình Phú, Phường 10, Quận 6, Thành phố Hồ Chí Minh, Việt Nam",Quận 6,"4799: Bán lẻ hình thức khác chưa được phân vào đâu-(trừ bán lẻ bình gas, khí dầu mỏ hóa lỏng LPG, dầu nhớt cặn, vàng miếng, súng, đạn loại dùng đi săn hoặc thể thao và tiền kim khí; trừ bán lẻ hóa chấ",internet
314417972,CÔNG TY CỔ PHẦN ĐẦU TƯ XÂY DỰNG BẤT ĐỘNG SẢN AG VIỆT NAM,CÔNG TY CỔ PHẦN ĐẦU TƯ XÂY DỰN,Công ty cổ phần,"101/17 Phạm Đình Hổ, Phường 06, Quận 6, Thành phố Hồ Chí Minh, Việt Nam",Quận 6,"6810: Kinh doanh bất động sản, quyền sử dụng đất thuộc chủ sở hữu, chủ sử dụng hoặc đi thuê-Chi tiết: Kinh doanh bất động sản;4663: Bán buôn vật liệu, thiết bị lắp đặt khác trong xây dựng-Chi tiết: Bá",internet
314442658,CÔNG TY TNHH THƯƠNG MẠI DỊCH VỤ OLIHER,CÔNG TY TNHH THƯƠNG MẠI DỊCH V,Công ty trách nhiệm hữu hạn hai thành viên trở lên,"154 Đường Hậu Giang, Phường 06, Quận 6, Thành phố Hồ Chí Minh, Việt Nam",Quận 6,"4669: Bán buôn chuyên doanh khác chưa được phân vào đâu-Chi tiết: Bán buôn ngũ kim, thiết bị nhà vệ sinh, nhà bếp, gốm sứ mỹ nghệ; hàng lưu niệm, xe đạp; bạc đạn
(CPC: 622); 4722: Bán lẻ thực phẩm tro",internet
314460939,CÔNG TY TNHH GIẢI TRÍ KIM LONG,CÔNG TY TNHH GIẢI TRÍ KIM LONG,Công ty trách nhiệm hữu hạn một thành viên,"256 Bình Tiên , Phường 04, Quận 6, Thành phố Hồ Chí Minh, Việt Nam",Quận 6,"5630: Dịch vụ phục vụ đồ uống-Chi tiết: Quán cà phê, giải khát (trừ hoạt động quán bar và quán giải khát có khiêu vũ).;4652: Bán buôn thiết bị và linh kiện điện tử, viễn thông-;9329: Hoạt động vui chơ",internet
314475149,CÔNG TY CỔ PHẦN VIETBOOK NETWORK,CÔNG TY CỔ PHẦN VIETBOOK NETWO,Công ty cổ phần,"số 85 Gia Phú, Phường 01, Quận 6, Thành phố Hồ Chí Minh, Việt Nam",Quận 6,5820: Xuất bản phần mềm-Chi tiết: Sản xuất phần mềm.;6110: Hoạt động viễn thông có dây-;6120: Hoạt động viễn thông không dây-;6190: Hoạt động viễn thông khác-Chi tiết: hoạt động cung cấp dịch vụ truy ,internet
314493476,CÔNG TY TNHH CÔNG NGHỆ VÀ DỊCH VỤ VPS,CÔNG TY TNHH CÔNG NGHỆ VÀ DỊCH,Công ty trách nhiệm hữu hạn một thành viên,"25/5 Nguyễn Văn Luông, Phường 10, Quận 6, Thành phố Hồ Chí Minh, Việt Nam",Quận 6,5229: Hoạt động dịch vụ hỗ trợ khác liên quan đến vận tải-Chi tiết: Hoạt động của các đại lý bán vé máy bay (trừ hóa lỏng khí để vận chuyển và hoạt động liên quan đến vận tải hàng không);4741: Bán lẻ ,internet
314388880,CÔNG TY TNHH BÁN LẺ THỰC PHẨM H.O.F,CÔNG TY TNHH BÁN LẺ THỰC PHẨM ,Công ty trách nhiệm hữu hạn một thành viên,"Số 19, đường 22, khu dân cư Bình Phú, Phường 11, Quận 6, Thành phố Hồ Chí Minh, Việt Nam",Quận 6,"1030: Chế biến và bảo quản rau quả-(không hoạt động tại trụ sở);1079: Sản xuất thực phẩm khác chưa được phân vào đâu-Chi tiết: Sản xuất thực phẩm chức năng, sản xuất thực phẩm bổ sung vi chất dinh dưỡ",internet
314524935,CÔNG TY TNHH TRÒ CHƠI HAPPY GAME 64,CÔNG TY TNHH TRÒ CHƠI HAPPY GA,Công ty trách nhiệm hữu hạn một thành viên,"64 Đường Phan Anh, Phường 14, Quận 6, Thành phố Hồ Chí Minh, Việt Nam",Quận 6,"6190: Hoạt động viễn thông khác-chi tiết: Hoạt động của các điểm truy cập internet.;4530: Bán phụ tùng và các bộ phận phụ trợ của ô tô và xe có động cơ khác-chi tiết: Bán buôn phụ tùng xe hơi, xe tải,",internet
314579042,CÔNG TY TNHH VẠN XUÂN FMCG INVESTMENT,CÔNG TY TNHH VẠN XUÂN FMCG INV,Công ty trách nhiệm hữu hạn một thành viên,"110-112 Đường Kinh Dương Vương, Phường 13, Quận 6, Thành phố Hồ Chí Minh, Việt Nam",Quận 6,"2023: Sản xuất mỹ phẩm, xà phòng, chất tẩy rửa, làm bóng và chế phẩm vệ sinh-Chi tiết: Sản xuất mỹ phẩm (không hoạt động tại trụ sở).;4719: Bán lẻ khác trong các cửa hàng kinh doanh tổng hợp-; 4759: B",internet
314529475,CÔNG TY TNHH GIẢI PHÁP ỨNG DỤNG NGỌC ANH,CÔNG TY TNHH GIẢI PHÁP ỨNG ,Công ty trách nhiệm hữu hạn một thành viên,"Lô shop thương mại L-01.09 tại số 50 Phan Văn Khỏe, Phường 02, Quận 6, Thành phố Hồ Chí Minh, Việt Nam",Quận 6,"1040: Sản xuất dầu, mỡ động, thực vật-Chi tiết: sản xuất dầu dừa;1410: May trang phục (trừ trang phục từ da lông thú)-;1512: Sản xuất vali, túi xách và các loại tương tự, sản xuất yên đệm-;1520: S",internet
314531971,"CÔNG TY CỔ PHẦN ĐẦU TƯ, DỊCH VỤ VÀ THƯƠNG MẠI HÒA ANH PHÁT",CÔNG TY CỔ PHẦN ĐẦU TƯ DỊCH VỤ,Công ty cổ phần,"Số 22 Đường Lý Chiêu Hoàng , Phường 10, Quận 6, Thành phố Hồ Chí Minh, Việt Nam",Quận 6,"7120: Kiểm tra và phân tích kỹ thuật-Chi tiết: thẩm tra thiết kế, giám định máy móc, thiết bị, giám sát lắp đặt và chứng kiến vận hành máy móc, thiết bị
- Cung cấp dịch vụ kiểm tra không phá hủy để ki",internet
316428899,CÔNG TY TNHH THƯƠNG MẠI SẢN XUẤT QUẢNG CÁO HƯNG PHÁT,CÔNG TY TNHH THƯƠNG MẠI SẢN XU,Công ty trách nhiệm hữu hạn một thành viên,"817 Hậu Giang, Phường 11, Quận 6, Thành phố Hồ Chí Minh, Việt Nam",Quận 6,"7310: Quảng cáo-;3290: Sản xuất khác chưa được phân vào đâu-Chi tiết : Sản xuất đồ quảng cáo : hộp đèn, quầy tủ, kệ, bạt treo dán, vỉ treo sản phẩm, áp phích, bảng hiệu quảng cáo, dù. Sản xuất các sản",internet
314577687,CÔNG TY TNHH DỊCH VỤ VIỄN THÔNG KIM THANH,CÔNG TY TNHH DỊCH VỤ VIỄN THÔN,Công ty trách nhiệm hữu hạn một thành viên,"952A Lò Gốm, Phường 08, Quận 6, Thành phố Hồ Chí Minh, Việt Nam",Quận 6,"5022: Vận tải hàng hóa đường thuỷ nội địa-(trừ hóa lỏng khí để vận chuyển);5229: Hoạt động dịch vụ hỗ trợ khác liên quan đến vận tải-Chi tiết: Đại lý bán vé máy bay, tàu hỏa, tàu thủy, ô tô;5610: Nhà ",internet
314596094,CÔNG TY TNHH THƯƠNG MẠI DỊCH VỤ THÁI BÌNH BC,CÔNG TY TNHH THƯƠNG MẠI DỊCH V,Công ty trách nhiệm hữu hạn hai thành viên trở lên,"103/28 D3 Văn Thân, Phường 08, Quận 6, Thành phố Hồ Chí Minh, Việt Nam",Quận 6,0161: Hoạt động dịch vụ trồng trọt-;0162: Hoạt động dịch vụ chăn nuôi-;0163: Hoạt động dịch vụ sau thu hoạch-;0164: Xử lý hạt giống để nhân giống-(không hoạt động tại trụ sở);5229: Hoạt động dịch vụ h,internet
314628042,CÔNG TY TNHH JIN SHEN CHANG,CÔNG TY TNHH JIN SHEN CHANG,Công ty trách nhiệm hữu hạn hai thành viên trở lên,"Số 129 đường số 23, Phường 11, Quận 6, Thành phố Hồ Chí Minh, Việt Nam",Quận 6,"4632: Bán buôn thực phẩm-Chi tiết: Bán buôn cà phê, chè (không hoạt động tại trụ sở), sữa, các sản phẩm sữa, bánh kẹo và các sản phẩm chế biến từ ngũ cốc, bột, tinh bột. (CPC 622);4633: Bán buôn đồ uố",internet
314524244,CÔNG TY TNHH MỘT THÀNH VIÊN 1F5,CÔNG TY TNHH MỘT THÀNH VIÊN 1F,Công ty trách nhiệm hữu hạn một thành viên,"Số Nhà 1F5, Đường Số 10, Cư Xá Phú Lâm B, Phường 13, Quận 6, Thành phố Hồ Chí Minh, Việt Nam",Quận 6,"1071: Sản xuất các loại bánh từ bột-Chi tiết: Sản xuất các loại bánh từ bột như: - Sản xuất bánh ngọt khô hoặc làm lạnh, bánh tơi; - Sản xuất bánh mỳ và bánh cuộn; - Sản xuất bánh nướng tươi, bánh ngọ",internet
314530022,CÔNG TY TRÁCH NHIỆM HỮU HẠN THƯƠNG MẠI USUPSO,CÔNG TY TRÁCH NHIỆM HỮU HẠN TH,Công ty trách nhiệm hữu hạn một thành viên,"183/23L Tân Hòa Đông, Phường 14, Quận 6, Thành phố Hồ Chí Minh, Việt Nam",Quận 6,"4781: Bán lẻ lương thực, thực phẩm, đồ uống, thuốc lá, thuốc lào lưu động hoặc tại chợ-(trừ bán lẻ bình gas, hóa chất, khí dầu mỏ hóa lỏng LPG, dầu nhớt cặn, vàng miếng, súng, đạn loại dùng đi săn hoặ",internet
314669049,CÔNG TY CỔ PHẦN CHUMATE VIỆT NAM,CÔNG TY CỔ PHẦN CHUMATE VIỆT N,Công ty cổ phần,"88A Tân Hòa Đông, Phường 14, Quận 6, Thành phố Hồ Chí Minh, Việt Nam",Quận 6,"2220: Sản xuất sản phẩm từ plastic-Chi tiết: Sản xuất sàn nhựa, sản xuất đồ trang trí nội ngoại thất bằng nhựa, sản xuất  sản phẩm từ plastic (trừ Sản Xuất xốp cách nhiệt sử dụng ga R141b, sử dụng pol",internet
314705201,CÔNG TY TNHH AN NHIÊN HẠNH PHÚC,CÔNG TY TNHH AN NHIÊN HẠNH PHÚ,Công ty trách nhiệm hữu hạn một thành viên,"1029-1030 đường Phan Văn Khỏe, Phường 02, Quận 6, Thành phố Hồ Chí Minh, Việt Nam",Quận 6,"4669: Bán buôn chuyên doanh khác chưa được phân vào đâu-(trừ bán buôn hóa chất, khí dầu mỏ hóa lỏng LPG, dầu nhớt cặn, vàng miếng, súng, đạn loại dùng đi săn hoặc thể thao và tiền kim khí; Thực hiện t",internet
314743648,CÔNG TY TNHH CẢNH ĐIỆN TỬ,CÔNG TY TNHH CẢNH ĐIỆN TỬ,Công ty trách nhiệm hữu hạn một thành viên,"107/28 Ngô Nhân Tịnh, Phường 02, Quận 6, Thành phố Hồ Chí Minh, Việt Nam",Quận 6,"5610: Nhà hàng và các dịch vụ ăn uống phục vụ lưu động-(không hoạt động tại trụ sở);5630: Dịch vụ phục vụ đồ uống-chi tiết: quán cà phê, nước hoa quả, giải khát ; Dịch vụ đồ uống khác như nước mía, nư",internet
314743623,CÔNG TY TNHH CÔNG NGHỆ VĨNH HY,CÔNG TY TNHH CÔNG NGHỆ VĨNH HY,Công ty trách nhiệm hữu hạn hai thành viên trở lên,"Số 82 đường 76, Phường 10, Quận 6, Thành phố Hồ Chí Minh, Việt Nam",Quận 6,"6201: Lập trình máy vi tính-;4651: Bán buôn máy vi tính, thiết bị ngoại vi và phần mềm-;6202: Tư vấn máy vi tính và quản trị hệ thống máy vi tính-(Trừ kinh doanh đại lý truy cập internet );6209: Hoạt ",internet
314767293,CÔNG TY TNHH THƯƠNG MẠI TIẾN THÀNH TÀI,CÔNG TY TNHH THƯƠNG MẠI TIẾN T,Công ty trách nhiệm hữu hạn một thành viên,"334/12 Gia Phú, Phường 03, Quận 6, Thành phố Hồ Chí Minh, Việt Nam",Quận 6,"4662: Bán buôn kim loại và quặng kim loại-(trừ mua bán vàng miếng);4663: Bán buôn vật liệu, thiết bị lắp đặt khác trong xây dựng-;4669: Bán buôn chuyên doanh khác chưa được phân vào đâu-(trừ bán buôn ",internet
314778009,CÔNG TY TNHH ĐẦU TƯ THƯƠNG MẠI GOLDEN LINK,CÔNG TY TNHH ĐẦU TƯ THƯƠNG MẠI,Công ty trách nhiệm hữu hạn hai thành viên trở lên,"17 Đường số 27, khu phố chợ An Dương Vương, Phường 11, Quận 6, Thành phố Hồ Chí Minh, Việt Nam",Quận 6,"2023: Sản xuất mỹ phẩm, xà phòng, chất tẩy rửa, làm bóng và chế phẩm vệ sinh-Chi tiết: Sản xuất mỹ phẩm, xà phòng, chất tẩy rửa, làm bóng và chế phẩm vệ sinh (không hoạt động tại trụ sở);1010: Chế biế",internet
314206322,CÔNG TY TNHH TRÒ CHƠI ĐIỆN TỬ NGUYỄN THỊ HỒNG GẤM,CÔNG TY TNHH TRÒ CHƠI ĐIỆN TỬ ,Công ty trách nhiệm hữu hạn một thành viên,"205 Tân Hòa Đông, Tổ 92, Khu phố 5, Phường 14, Quận 6, Thành phố Hồ Chí Minh, Việt Nam",Quận 6,"3320: Lắp đặt máy móc và thiết bị công nghiệp-Chi tiết: Lắp đặt các loại thùng trò chơi điện tử, các loại tivi (trừ gia công cơ khí, tái chế phế thải, xi mạ điện tại trụ sở);4652: Bán buôn thiết bị và",lap top
314251893,CÔNG TY TNHH PHÂN PHỐI THỰC PHẨM HƯNG VIỆT LONG,CÔNG TY TNHH PHÂN PHỐI THỰC PH,Công ty trách nhiệm hữu hạn một thành viên,"184/36/2 Đường Bãi Sậy, Phường 04, Quận 6, Thành phố Hồ Chí Minh, Việt Nam",Quận 6,"1010: Chế biến, bảo quản thịt và các sản phẩm từ thịt-Chi tiết: Cắt, đóng gói và bảo quản thịt: trâu, bò, lợn, cừu, dê, ngựa, thỏ, gia cầm, lạc đà; thịt tươi hoặc thịt đông lạnh dạng tấm- cắt nhỏ- từn",internet
314592861,CÔNG TY TNHH ĐẦU TƯ THƯƠNG MẠI DỊCH VỤ DU LỊCH TÂY BẮC,CÔNG TY TNHH ĐẦU TƯ THƯƠNG MẠI,Công ty trách nhiệm hữu hạn một thành viên,"68 Song Hành, Phường 10, Quận 6, Thành phố Hồ Chí Minh, Việt Nam",Quận 6,"5229: Hoạt động dịch vụ hỗ trợ khác liên quan đến vận tải-Chi tiết: Gửi hàng; Thu, phát các chứng từ vận tải và vận đơn; Hoạt động của đại lý làm thủ tục hải quan; Dịch vụ giao nhận hàng hóa xuất nhập",internet
314268738,CÔNG TY CỔ PHẦN CÔNG NGHỆ MÔI TRƯỜNG THẾ GIỚI MỚI,CÔNG TY CỔ PHẦN CÔNG NGHỆ MÔI ,Công ty cổ phần,"133/24 Đường Văn Thân, Phường 08, Quận 6, Thành phố Hồ Chí Minh, Việt Nam",Quận 6,0111: Trồng lúa-(không hoạt động tại trụ sở);0112: Trồng ngô và cây lương thực có hạt khác-(không hoạt động tại trụ sở);0113: Trồng cây lấy củ có chất bột-(không hoạt động tại trụ sở);0119: Trồng cây ,internet
314275319,CÔNG TY TNHH INTELIGENT MOBILE SOLUTION,CÔNG TY TNHH INTELIGENT MOBILE,Công ty trách nhiệm hữu hạn một thành viên,"91 Đường số 22, Phường 11, Quận 6, Thành phố Hồ Chí Minh, Việt Nam",Quận 6,5820: Xuất bản phần mềm-Chi tiết: Sản xuất phần mềm;6201: Lập trình máy vi tính-;6202: Tư vấn máy vi tính và quản trị hệ thống máy vi tính-;6209: Hoạt động dịch vụ công nghệ thông tin và dịch vụ khác ,internet
314640120,CÔNG TY TNHH THƯƠNG MẠI DỊCH VỤ NTTP,CÔNG TY TNHH THƯƠNG MẠI DỊCH V,Công ty trách nhiệm hữu hạn một thành viên,"19A Minh Phụng , Phường 05, Quận 6, Thành phố Hồ Chí Minh, Việt Nam",Quận 6,"4741: Bán lẻ máy vi tính, thiết bị ngoại vi, phần mềm và thiết bị viễn thông trong các cửa hàng chuyên doanh-;4651: Bán buôn máy vi tính, thiết bị ngoại vi và phần mềm-;4652: Bán buôn thiết bị và linh",internet
314343093,CÔNG TY TNHH THƯƠNG MẠI - DỊCH VỤ ANH DOANH,CÔNG TY TNHH THƯƠNG MẠI  DỊCH ,Công ty trách nhiệm hữu hạn một thành viên,"Số 10 Lô A, Đường số 8, Khu dân cư Bình Phú, Phường 11, Quận 6, Thành phố Hồ Chí Minh, Việt Nam",Quận 6,"4741: Bán lẻ máy vi tính, thiết bị ngoại vi, phần mềm và thiết bị viễn thông trong các cửa hàng chuyên doanh-;4742: Bán lẻ thiết bị nghe nhìn trong các cửa hàng chuyên doanh-;4759: Bán lẻ đồ điện gia ",internet
314755749,CÔNG TY CỔ PHẦN KHANG MINH VŨ,CÔNG TY CỔ PHẦN KHANG MINH VŨ,Công ty cổ phần,"151 Đường số 42, Phường 10, Quận 6, Thành phố Hồ Chí Minh, Việt Nam",Quận 6,"4772: Bán lẻ thuốc, dụng cụ y tế, mỹ phẩm và vật phẩm vệ sinh trong các cửa hàng chuyên doanh-Chi tiết:
- Bán lẻ dụng cụ y tế trong các cửa hàng chuyên doanh
- Bán lẻ nước hoa, mỹ phẩm và vật phẩm vệ ",internet
314631951,CÔNG TY TNHH MỘT THÀNH VIÊN THƯƠNG MẠI THẠCH ANH,CÔNG TY TNHH MỘT THÀNH VIÊN TH,Công ty trách nhiệm hữu hạn một thành viên,"27 đường 25, Phường 10, Quận 6, Thành phố Hồ Chí Minh, Việt Nam",Quận 6,"0121: Trồng cây ăn quả-;1030: Chế biến và bảo quản rau quả-;4719: Bán lẻ khác trong các cửa hàng kinh doanh tổng hợp-(trừ bán lẻ bình gas, súng, đạn loại dùng đi săn hoặc thể thao, tiền kim khí và mua",internet
314653803,CÔNG TY TNHH GAME GIẢI TRÍ ĐẠI HẢI,CÔNG TY TNHH GAME GIẢI TRÍ ĐẠI,Công ty trách nhiệm hữu hạn một thành viên,"36 Phan Anh, Phường 14, Quận 6, Thành phố Hồ Chí Minh, Việt Nam",Quận 6,"6492: Hoạt động cấp tín dụng khác-Chi tiết: Dịch vụ cầm đồ;7730: Cho thuê máy móc, thiết bị và đồ dùng hữu hình khác-Chi tiết: Cho thuê máy chơi trò chơi điện tử;9329: Hoạt động vui chơi giải trí khác",internet
314814296,CÔNG TY TNHH THƯƠNG MẠI DỊCH VỤ Y TẾ MINH ANH,CÔNG TY TNHH THƯƠNG MẠI DỊCH V,Công ty trách nhiệm hữu hạn hai thành viên trở lên,"Số 25 Đường 23, Phường 10, Quận 6, Thành phố Hồ Chí Minh, Việt Nam",Quận 6,"8692: Hoạt động của hệ thống cơ sở chỉnh hình, phục hồi chức năng-;8699: Hoạt động y tế khác chưa được phân vào đâu-Chi tiết: Hỗ trợ vận chuyển người bệnh;7020: Hoạt động tư vấn quản lý-(trừ tư vấn tà",internet
314824713,CÔNG TY TNHH CHILA,CÔNG TY TNHH CHILA,Công ty trách nhiệm hữu hạn hai thành viên trở lên,"683/14F/6 Hồng Bàng, Phường 06, Quận 6, Thành phố Hồ Chí Minh, Việt Nam",Quận 6,"2023: Sản xuất mỹ phẩm, xà phòng, chất tẩy rửa, làm bóng và chế phẩm vệ sinh-Chi tiết: Sản xuất mỹ phẩm (trừ sản xuất hoá chất tại trụ sở);2220: Sản xuất sản phẩm từ plastic-(trừ Sản Xuất xốp cách nhi",internet
314854997,CÔNG TY TNHH THƯƠNG MẠI DỊCH VỤ GOLDEN STONE,CÔNG TY TNHH THƯƠNG MẠI DỊCH V,Công ty trách nhiệm hữu hạn một thành viên,"174Bis đường Tân Hòa Đông, Phường 14, Quận 6, Thành phố Hồ Chí Minh, Việt Nam",Quận 6,"9631: Cắt tóc, làm đầu, gội đầu-(trừ hoạt động gây chảy máu);8560: Dịch vụ hỗ trợ giáo dục-;4530: Bán phụ tùng và các bộ phận phụ trợ của ô tô và xe có động cơ khác-;4652: Bán buôn thiết bị và linh ki",internet
314848489,CÔNG TY TNHH GAME THUẬN PHÁT,CÔNG TY TNHH GAME THUẬN PHÁT,Công ty trách nhiệm hữu hạn một thành viên,"963A1 Đường Lò Gốm, Phường 08, Quận 6, Thành phố Hồ Chí Minh, Việt Nam",Quận 6,"6190: Hoạt động viễn thông khác-Chi tiết: hoạt động của các điểm truy cập internet, điểm cung cấp dịch vụ trò chơi điện tử công cộng (trừ kinh doanh trò chơi có thưởng dành cho người nước ngoài và kin",internet
314882867,CÔNG TY TNHH DỊCH VỤ GIẢI TRÍ TRẦN ĐỨC,CÔNG TY TNHH DỊCH VỤ GIẢI TRÍ ,Công ty trách nhiệm hữu hạn một thành viên,"17 Chợ Lớn, Phường 11, Quận 6, Thành phố Hồ Chí Minh, Việt Nam",Quận 6,4633: Bán buôn đồ uống-;4723: Bán lẻ đồ uống trong các cửa hàng chuyên doanh-;5630: Dịch vụ phục vụ đồ uống-(trừ hoạt động quán bar và quán giải khát có khiêu vũ).;5629: Dịch vụ ăn uống khác-(trừ hoạt,internet
314892167,CÔNG TY TNHH THƯƠNG MẠI XUẤT NHẬP KHẨU ĐẠI HƯNG ĐAN,CÔNG TY TNHH THƯƠNG MẠI XUẤT N,Công ty trách nhiệm hữu hạn hai thành viên trở lên,"88 Lê Tuấn Mậu, Phường 13, Quận 6, Thành phố Hồ Chí Minh, Việt Nam",Quận 6,"1430: Sản xuất trang phục dệt kim, đan móc-(trừ thuộc da, tẩy, nhuộm, hồ, in trên các sản phẩm vải sợi, dệt, may, đan và gia công hàng đã qua sử dụng tại trụ sở);1520: Sản xuất giày dép-(trừ luyện cán",internet
314929201,CÔNG TY TNHH THƯƠNG MẠI DỊCH VỤ QUỐC TẾ NAM PHƯỚC,CÔNG TY TNHH THƯƠNG MẠI DỊCH V,Công ty trách nhiệm hữu hạn một thành viên,"Số 57/4 Đường Phạm Văn Chí, Phường 01, Quận 6, Thành phố Hồ Chí Minh, Việt Nam",Quận 6,"4620: Bán buôn nông, lâm sản nguyên liệu (trừ gỗ, tre, nứa) và động vật sống-Chi tiết: Bán buôn nông, lâm sản nguyên liệu (trừ gỗ, tre, nứa) và động vật sống ( Không hoạt động tại trụ sở);4631: Bán bu",internet
314909861,CÔNG TY TNHH Y TẾ THẨM MỸ BAM,CÔNG TY TNHH Y TẾ THẨM MỸ BAM,Công ty trách nhiệm hữu hạn hai thành viên trở lên,"Số 62 Lô C Đường số 55, Phường 10, Quận 6, Thành phố Hồ Chí Minh, Việt Nam",Quận 6,"4330: Hoàn thiện công trình xây dựng-chi tiết: Trát vữa bên trong và bên ngoài các công trình xây dựng dân dụng và các công trình khác, bao gồm các nguyên liệu đánh bóng, lắp đặt hệ thống cửa bao gồm ",internet
314932243,CÔNG TY TNHH TM DV NGỌC QUANG,CÔNG TY TNHH TM DV NGỌC QUANG,Công ty trách nhiệm hữu hạn một thành viên,"Số 2 Lô N đường Lý Chiêu Hoàng, Phường 10, Quận 6, Thành phố Hồ Chí Minh, Việt Nam",Quận 6,6209: Hoạt động dịch vụ công nghệ thông tin và dịch vụ khác liên quan đến máy vi tính-Chi tiết: Bảo trì hệ thống máy tính;6190: Hoạt động viễn thông khác-Chi tiết: Cung cấp dịch vụ ứng dụng internet (,internet
314957696,CÔNG TY TNHH THƯƠNG MẠI DỊCH VỤ MA TRẬN,CÔNG TY TNHH THƯƠNG MẠI DỊCH V,Công ty trách nhiệm hữu hạn một thành viên,"154 Vành Đai, Phường 10, Quận 6, Thành phố Hồ Chí Minh, Việt Nam",Quận 6,"7310: Quảng cáo-;7320: Nghiên cứu thị trường và thăm dò dư luận-;4651: Bán buôn máy vi tính, thiết bị ngoại vi và phần mềm-;6190: Hoạt động viễn thông khác-Chi tiết: Hoạt động của các điểm truy cập in",internet
314971242,CÔNG TY CỔ PHẦN SẢN XUẤT - THƯƠNG MẠI NCN,CÔNG TY CỔ PHẦN SẢN XUẤT  THƯƠ,Công ty cổ phần,"136 Lê Tuấn Mậu, Phường 13, Quận 6, Thành phố Hồ Chí Minh, Việt Nam",Quận 6,"4791: Bán lẻ theo yêu cầu đặt hàng qua bưu điện hoặc internet-(trừ bán lẻ bình ga, hoá chất, súng đạn dùng đi săn hoặc thể thao, tiền kim khí và thực hiện theo Quyết định số 64/2009/QÐ-UBND ngày 31/07",internet
314959823,CÔNG TY TNHH CUNG CẤP GIẢI PHÁP THỊ TRƯỜNG HÀNG ĐẦU VIỆT NAM,CÔNG TY TNHH CUNG CẤP GIẢI P,Công ty trách nhiệm hữu hạn hai thành viên trở lên,"Số 8 Đường 76, Phường 10, Quận 6, Thành phố Hồ Chí Minh, Việt Nam",Quận 6,8130: Dịch vụ chăm sóc và duy trì cảnh quan-; 8121: Vệ sinh chung nhà cửa-; 8129: Vệ sinh công nghiệp và các công trình chuyên biệt-; 8292: Dịch vụ đóng gói-(trừ đóng gói thuốc bảo vệ thực vật); 5911:,internet
314972510,CÔNG TY TNHH ĐẦU TƯ THƯƠNG MẠI VÀ DỊCH VỤ THỦY NHIÊN,CÔNG TY TNHH ĐẦU TƯ THƯƠNG MẠI,Công ty trách nhiệm hữu hạn một thành viên,"Số 7 Đường Lê Quang Sung, Phường 02, Quận 6, Thành phố Hồ Chí Minh, Việt Nam",Quận 6,"4651: Bán buôn máy vi tính, thiết bị ngoại vi và phần mềm-;4652: Bán buôn thiết bị và linh kiện điện tử, viễn thông-;4659: Bán buôn máy móc, thiết bị và phụ tùng máy khác-Chi tiết: Bán buôn máy móc, t",internet
314976353,CÔNG TY TNHH SẢN XUẤT THƯƠNG MẠI VÀ ĐẦU TƯ HAI ANH,CÔNG TY TNHH SẢN XUẤT THƯƠNG M,Công ty trách nhiệm hữu hạn một thành viên,"36 Đường số 7, Phường 11, Quận 6, Thành phố Hồ Chí Minh, Việt Nam",Quận 6,"4649: Bán buôn đồ dùng khác cho gia đình-Chi tiết: Bán buôn dược phẩm và dụng cụ y tế; Bán buôn đồ gỗ, hàng trang trí nội thất; Bán buôn nước hoa, hàng mỹ phẩm và chế phẩm; Bán buôn sách-báo-tạp chí, ",internet
314990799,"CÔNG TY TNHH MTV SẢN XUẤT, THƯƠNG MẠI VÀ DỊCH VỤ LING",CÔNG TY TNHH MTV SẢN XUẤT THƯƠ,Công ty trách nhiệm hữu hạn một thành viên,"35 Đường Số 20, Khu Dân Cư Bình Phú, Phường 11, Quận 6, Thành phố Hồ Chí Minh, Việt Nam",Quận 6,"5610: Nhà hàng và các dịch vụ ăn uống phục vụ lưu động-Chi tiết: Nhà hàng, quán ăn, hàng ăn uống (trừ cửa hàng ăn uống thuộc chuỗi cửa hàng ăn nhanh); 4771: Bán lẻ hàng may mặc, giày dép, hàng da và g",internet
315016934,CÔNG TY TNHH THIẾT BỊ VẬT TƯ XÂY DỰNG QUANG MINH,CÔNG TY TNHH THIẾT BỊ VẬT TƯ X,Công ty trách nhiệm hữu hạn một thành viên,"361 An Dương Vương, Phường 10, Quận 6, Thành phố Hồ Chí Minh, Việt Nam",Quận 6,"4511: Bán buôn ô tô và xe có động cơ khác-Chi tiết: -  Bán buôn ô tô con (loại 12 chỗ ngồi trở xuống)
- Bán buôn xe có động cơ khác.;4520: Bảo dưỡng, sửa chữa ô tô và xe có động cơ khác-(không tái chế",internet
315020345,CÔNG TY TNHH THƯƠNG MẠI DỊCH VỤ KIKIN,CÔNG TY TNHH THƯƠNG MẠI DỊCH V,Công ty trách nhiệm hữu hạn một thành viên,"52 Đường số 33, Phường 11, Quận 6, Thành phố Hồ Chí Minh, Việt Nam",Quận 6,"1079: Sản xuất thực phẩm khác chưa được phân vào đâu-Chi tiết: Sản xuất các sản phẩm cà phê như cà phê hoà tan, cà phê lọc, chiết xuất cà phê và cà phê cô đặc; Sản xuất gia vị nước chấm; Sản xuất phụ ",internet
315074446,CÔNG TY TNHH KID KING QUEEN,CÔNG TY TNHH KID KING QUEEN,Công ty trách nhiệm hữu hạn hai thành viên trở lên,"104 Chợ Lớn, Phường 11, Quận 6, Thành phố Hồ Chí Minh, Việt Nam",Quận 6,"4641: Bán buôn vải, hàng may sẵn, giày dép-;4649: Bán buôn đồ dùng khác cho gia đình-(trừ kinh doanh dược phẩm).;4652: Bán buôn thiết bị và linh kiện điện tử, viễn thông-;4719: Bán lẻ khác trong các c",internet
315121449,CÔNG TY TNHH REGANAN,CÔNG TY TNHH REGANAN,Công ty trách nhiệm hữu hạn một thành viên,"45/10/46 Phạm Phú Thứ, Phường 03, Quận 6, Thành phố Hồ Chí Minh, Việt Nam",Quận 6,"4641: Bán buôn vải, hàng may sẵn, giày dép-;4721: Bán lẻ lương thực trong các cửa hàng chuyên doanh-(trừ bán lẻ bình gas, khí dầu mỏ hóa lỏng LPG, dầu nhớt cặn, vàng miếng, súng, đạn loại dùng đi săn ",internet
315118421,CÔNG TY TNHH PHÂN PHỐI THƯƠNG MẠI DỊCH VỤ NAM AN,CÔNG TY TNHH PHÂN PHỐI THƯƠNG ,Công ty trách nhiệm hữu hạn hai thành viên trở lên,"242/33 Bà Hom, Phường 13, Quận 6, Thành phố Hồ Chí Minh, Việt Nam",Quận 6,"3312: Sửa chữa máy móc, thiết bị-(trừ gia công cơ khí, tái chế phế thải, xi mạ điện tại trụ sở).;3314: Sửa chữa thiết bị điện-(trừ gia công cơ khí, tái chế phế thải, xi mạ điện tại trụ sở).;3320: Lắp ",internet
315087519,CÔNG TY TNHH GIẢI PHÁP Y TẾ TÂM ĐỨC,CÔNG TY TNHH GIẢI PHÁP Y TẾ TÂ,Công ty trách nhiệm hữu hạn một thành viên,"422 Nguyễn Văn Luông, Phường 12, Quận 6, Thành phố Hồ Chí Minh, Việt Nam",Quận 6,"9512: Sửa chữa thiết bị liên lạc-(trừ gia công cơ khí, tái chế phế thải, xi mạ điện tại trụ sở).;9524: Sửa chữa giường, tủ, bàn, ghế và đồ nội thất tương tự-;1391: Sản xuất vải dệt kim, vải đan móc và",internet
315098380,CÔNG TY TNHH THƯƠNG MẠI DỊCH VỤ KIM THÀNH LỘC,CÔNG TY TNHH THƯƠNG MẠI DỊCH V,Công ty trách nhiệm hữu hạn một thành viên,"95A Lý Chiêu Hoàng, Phường 10, Quận 6, Thành phố Hồ Chí Minh, Việt Nam",Quận 6,"4669: Bán buôn chuyên doanh khác chưa được phân vào đâu-Chi tiết: Bán buôn cao su, chất dẻo dạng nguyên sinh;4641: Bán buôn vải, hàng may sẵn, giày dép-;4663: Bán buôn vật liệu, thiết bị lắp đặt khác ",internet
315114963,CÔNG TY TNHH VĂN THƯỞNG HOÀNG YẾN,CÔNG TY TNHH VĂN THƯỞNG HOÀNG ,Công ty trách nhiệm hữu hạn một thành viên,"69 đường số 5, Phường 11, Quận 6, Thành phố Hồ Chí Minh, Việt Nam",Quận 6,"4649: Bán buôn đồ dùng khác cho gia đình-Chi tiết: Bán buôn nước hoa, hàng mỹ phẩm và chế phẩm vệ sinh.;2023: Sản xuất mỹ phẩm, xà phòng, chất tẩy rửa, làm bóng và chế phẩm vệ sinh-chi tiết: Sản xuất ",internet
315140836,CÔNG TY TNHH THƯƠNG MẠI DỊCH VỤ VI TÍNH DNK,CÔNG TY TNHH THƯƠNG MẠI DỊCH V,Công ty trách nhiệm hữu hạn hai thành viên trở lên,"259/4 đặng nguyên cẩn, Phường 14, Quận 6, Thành phố Hồ Chí Minh, Việt Nam",Quận 6,4742: Bán lẻ thiết bị nghe nhìn trong các cửa hàng chuyên doanh-;4649: Bán buôn đồ dùng khác cho gia đình-(trừ kinh doanh dược phẩm).;6202: Tư vấn máy vi tính và quản trị hệ thống máy vi tính-;7490: H,internet
315150030,CÔNG TY TNHH THƯƠNG MẠI DỊCH VỤ HOÀN NGỌC PHÁT,CÔNG TY TNHH THƯƠNG MẠI DỊCH V,Công ty trách nhiệm hữu hạn một thành viên,"807 An Dương Vương, Phường 13, Quận 6, Thành phố Hồ Chí Minh, Việt Nam",Quận 6,4722: Bán lẻ thực phẩm trong các cửa hàng chuyên doanh-(Thực hiện theo Quyết định 64/2009/QĐ-UBND ngày 31/07/2009 và Quyết định 79/2009/QĐ-UBND ngày 17/10/2009 của Ủy ban nhân dân Thành phố Hồ Chí Min,internet
315160494,CÔNG TY TRÁCH NHIỆM HỮU HẠN THƯƠNG MẠI DỊCH VỤ N&C,CÔNG TY TRÁCH NHIỆM HỮU HẠN TH,Công ty trách nhiệm hữu hạn hai thành viên trở lên,"266 Trần Văn Kiểu, Phường 11, Quận 6, Thành phố Hồ Chí Minh, Việt Nam",Quận 6,"4722: Bán lẻ thực phẩm trong các cửa hàng chuyên doanh-chi tiết: Bán lẻ đường, sữa và các sản phẩm sữa , bánh, mứt , kẹo và chế biến từ ngũ cốc, bột, tinh bột (thực hiện theo quyết định 64/2009/QĐ-UBN",internet
315187016,CÔNG TY TNHH KINH DOANH THỰC PHẨM YẾN SÀO HOÀNG YẾN,CÔNG TY TNHH KINH DOANH THỰC P,Công ty trách nhiệm hữu hạn hai thành viên trở lên,"178/7U Hậu Giang, Phường 06, Quận 6, Thành phố Hồ Chí Minh, Việt Nam",Quận 6,"4722: Bán lẻ thực phẩm trong các cửa hàng chuyên doanh-Chi tiết: Bán lẻ yến sào;5630: Dịch vụ phục vụ đồ uống-Chi tiết: Quán trà sữa, cà phê, nước hoa quả, giải khát (trừ hoạt động quán bar và quán gi",internet
315197078,CÔNG TY TNHH GIẢI PHÁP SỨC KHỎE MCARE,CÔNG TY TNHH GIẢI PHÁP SỨC KHỎ,Công ty trách nhiệm hữu hạn một thành viên,"Số 159 Đường số 2, Cư xá Đài Ra Đa, Phường 13, Quận 6, Thành phố Hồ Chí Minh, Việt Nam",Quận 6,"2100: Sản xuất thuốc, hoá dược và dược liệu-(trừ sản xuất hóa chất);0128: Trồng cây gia vị, cây dược liệu, cây hương liệu lâu năm-;3240: Sản xuất đồ chơi, trò chơi-(trừ đồ chơi có hại cho giáo dục nhâ",internet
315218708,CÔNG TY TNHH GIẢI TRÍ TIÊN LONG,CÔNG TY TNHH GIẢI TRÍ TIÊN LON,Công ty trách nhiệm hữu hạn một thành viên,"155A Đường Tân Hòa Đông, Phường 14, Quận 6, Thành phố Hồ Chí Minh, Việt Nam",Quận 6,"6190: Hoạt động viễn thông khác-Chi tiết: Hoạt động  của các điểm truy cập internet, điểm cung cấp dịch vụ trò chơi điện tử công cộng (trừ hoạt động kinh doanh trò chơi điện tử có thưởng dành cho ngườ",internet
315093625,CÔNG TY TNHH THƯƠNG MẠI DỊCH VỤ HANA GROUP,CÔNG TY TNHH THƯƠNG MẠI DỊCH V,Công ty trách nhiệm hữu hạn hai thành viên trở lên,"56 Đường 44, Phường 10, Quận 6, Thành phố Hồ Chí Minh, Việt Nam",Quận 6,"2220: Sản xuất sản phẩm từ plastic-Chi tiết: Sản xuất các loại nhựa, bao bì nhựa, hạt nhựa, PP, PE, PS, PA, hạt nhựa nguyên sinh và các sản phẩm từ plastic (trừ luyện cán cao su, tái chế phế thải) (tr",internet
315142696,CÔNG TY TNHH DỊCH VỤ GIẢI TRÍ TRƯỜNG SANH,CÔNG TY TNHH DỊCH VỤ GIẢI TRÍ ,Công ty trách nhiệm hữu hạn một thành viên,"313 đường Đặng Nguyên Cẩn, Phường 13, Quận 6, Thành phố Hồ Chí Minh, Việt Nam",Quận 6,"6190: Hoạt động viễn thông khác-Chi tiết: hoạt động của các điểm truy cập Internet, điểm cung cấp dịch vụ trò chơi điện tử công cộng (trừ hoạt động kinh doanh trò chơi điện tử có thưởng dành cho người",internet
315248170,CÔNG TY CỔ PHẦN DỊCH VỤ GIAO NHẬN 24/7,CÔNG TY CỔ PHẦN DỊCH VỤ GIAO N,Công ty cổ phần,"614/25 Hậu Giang, Phường 12, Quận 6, Thành phố Hồ Chí Minh, Việt Nam",Quận 6,"8292: Dịch vụ đóng gói-(trừ đóng gói thuốc bảo vệ thực vật).;6201: Lập trình máy vi tính-;6311: Xử lý dữ liệu, cho thuê và các hoạt động liên quan-;6399: Dịch vụ thông tin khác chưa được phân vào đâu-",internet
315255650,CÔNG TY TNHH TRÒ CHƠI ĐIỆN TỬ GIẢI TRÍ PHÁT LỘC,CÔNG TY TNHH TRÒ CHƠI ĐIỆN TỬ ,Công ty trách nhiệm hữu hạn một thành viên,"1109 Lò Gốm, Phường 07, Quận 6, Thành phố Hồ Chí Minh, Việt Nam",Quận 6,9329: Hoạt động vui chơi giải trí khác chưa được phân vào đâu-Chi tiết: Kinh doanh trò chơi điện tử (trừ kinh doanh trò chơi điện tử có thưởng cho người nước ngoài và kinh doanh trò chơi điện tử có th,internet
315267751,CÔNG TY TNHH XUẤT NHẬP KHẨU THƯƠNG MẠI LONG DƯƠNG HÓA,CÔNG TY TNHH XUẤT NHẬP KHẨU TH,Công ty trách nhiệm hữu hạn một thành viên,"Số 5, Đường 28A, Phường 10, Quận 6, Thành phố Hồ Chí Minh, Việt Nam",Quận 6,"8299: Hoạt động dịch vụ hỗ trợ kinh doanh khác còn lại chưa được phân vào đâu-Chi tiết: rửa xe;9511: Sửa chữa máy vi tính và thiết bị ngoại vi-(trừ gia công cơ khí, tái chế phế thải, xi mạ điện tại tr",lap top
315311961,CÔNG TY TNHH QUỐC TẾ LI HUA,CÔNG TY TNHH QUỐC TẾ LI HUA,Công ty trách nhiệm hữu hạn một thành viên,"158 Phạm Văn Chí, Phường 04, Quận 6, Thành phố Hồ Chí Minh, Việt Nam",Quận 6,"4662: Bán buôn kim loại và quặng kim loại-(trừ mua bán vàng miếng); 4663: Bán buôn vật liệu, thiết bị lắp đặt khác trong xây dựng-; 4741: Bán lẻ máy vi tính, thiết bị ngoại vi, phần mềm và thiết bị vi",internet
315282012,CÔNG TY TNHH MT TELECOM,CÔNG TY TNHH MT TELECOM,Công ty trách nhiệm hữu hạn một thành viên,"104/D4 Đường Số 2, Phường 13, Quận 6, Thành phố Hồ Chí Minh, Việt Nam",Quận 6,"9511: Sửa chữa máy vi tính và thiết bị ngoại vi-;9521: Sửa chữa thiết bị nghe nhìn điện tử gia dụng-;7710: Cho thuê xe có động cơ-;3312: Sửa chữa máy móc, thiết bị-;3314: Sửa chữa thiết bị điện-;4101:",telecom
315259038,CÔNG TY TNHH SẢN XUẤT - THƯƠNG MẠI NHỰA AN TÍN,CÔNG TY TNHH SẢN XUẤT  THƯƠNG ,Công ty trách nhiệm hữu hạn hai thành viên trở lên,"247/16 Đường Bình Tiên, Phường 08, Quận 6, Thành phố Hồ Chí Minh, Việt Nam",Quận 6,"2013: Sản xuất plastic và cao su tổng hợp dạng nguyên sinh-Chi tiết: sản xuất plastic nguyên sinh để gia công, sản xuất, ép nhựa, thổi nhựa, hút nhựa các sản phẩm từ plastic (trừ Sản Xuất xốp cách nhi",internet
315413603,CÔNG TY TNHH THƯƠNG MẠI DỊCH VỤ ĐẦU TƯ & SẢN XUẤT HƯNG THỊNH,CÔNG TY TNHH THƯƠNG MẠI DỊCH V,Công ty trách nhiệm hữu hạn một thành viên,"10/4 Đường Số 14, Phường 11, Quận 6, Thành phố Hồ Chí Minh, Việt Nam",Quận 6,"4663: Bán buôn vật liệu, thiết bị lắp đặt khác trong xây dựng-Chi tiết: bán buôn gạch cát sỏi, xi măng, các loại ống nhựa dùng trong xây dựng.;4669: Bán buôn chuyên doanh khác chưa được phân vào đâu-(",internet
315420907,CÔNG TY TNHH KINH DOANH TRÒ CHƠI ĐIỆN TỬ PHÁT TÀI,CÔNG TY TNHH KINH DOANH TRÒ CH,Công ty trách nhiệm hữu hạn một thành viên,"44K Đường Cư Xá Phú Lâm D, Phường 10, Quận 6, Thành phố Hồ Chí Minh, Việt Nam",Quận 6,6190: Hoạt động viễn thông khác-Chi tiết: Hoạt động của các điểm truy cập internet;9329: Hoạt động vui chơi giải trí khác chưa được phân vào đâu-Chi tiết: Kinh doanh trò chơi điện tử (trừ kinh doanh t,internet
315434829,CÔNG TY TNHH DỊCH VỤ THƯƠNG MẠI KỸ THUẬT & CÔNG NGHỆ BÌNH TIÊN,CÔNG TY TNHH DỊCH VỤ THƯƠNG MẠ,Công ty trách nhiệm hữu hạn hai thành viên trở lên,"11 Đường 44 Khu Dân Cư Bình Phú, Phường 10, Quận 6, Thành phố Hồ Chí Minh, Việt Nam",Quận 6,"4292: Xây dựng công trình khai khoáng-;4293: Xây dựng công trình chế biến, chế tạo-;4659: Bán buôn máy móc, thiết bị và phụ tùng máy khác-chi tiết: Bán buôn thiết bị y tế;2023: Sản xuất mỹ phẩm, xà ph",internet
314840440,CÔNG TY TNHH FOUR30AM SOFTWARE,CÔNG TY TNHH FOUR30AM SOFTWARE,Công ty trách nhiệm hữu hạn một thành viên,"384 An Dương Vương, Phường 10, Quận 6, Thành phố Hồ Chí Minh, Việt Nam",Quận 6,"4652: Bán buôn thiết bị và linh kiện điện tử, viễn thông-Chi tiết: Bán buôn sim card điện thoại, thẻ internet, thẻ sim;4662: Bán buôn kim loại và quặng kim loại-chi tiết: Mua, bán vàng trang sức, mỹ n",software
315390000,CÔNG TY TNHH GIẢI TRÍ TSL,CÔNG TY TNHH GIẢI TRÍ TSL,Công ty trách nhiệm hữu hạn một thành viên,"25 Đường số 31 , Phường 10, Quận 6, Thành phố Hồ Chí Minh, Việt Nam",Quận 6,"4669: Bán buôn chuyên doanh khác chưa được phân vào đâu-Chi tiết: Bán buôn thiết bị âm thanh, ánh sáng, nhạc cụ. Bán buôn máy móc, thiết bị và dụng cụ phục vụ trường học;4761: Bán lẻ sách, báo, tạp ch",internet
314897990,CÔNG TY TNHH QUỐC TẾ AVALON,CÔNG TY TNHH QUỐC TẾ AVALON,Công ty trách nhiệm hữu hạn hai thành viên trở lên,"211/17 Minh Phụng, Phường 09, Quận 6, Thành phố Hồ Chí Minh, Việt Nam",Quận 6,4632: Bán buôn thực phẩm-Chi tiết: Bán buôn thực phẩm chức năng (thực hiện theo quyết định 64/2009/QĐ-UBND ngày 31/07/2009 và quyết định  số 79/2009/QĐ-UBND ngày 17/10/2009 của Ủy ban nhân dân TP. Hồ ,internet
314919355,CÔNG TY TNHH TALACA,CÔNG TY TNHH TALACA,Công ty trách nhiệm hữu hạn một thành viên,"92 Đường 26, Phường 11, Quận 6, Thành phố Hồ Chí Minh, Việt Nam",Quận 6,"4632: Bán buôn thực phẩm-(không hoạt động tại trụ sở).;4633: Bán buôn đồ uống-;4641: Bán buôn vải, hàng may sẵn, giày dép-;4649: Bán buôn đồ dùng khác cho gia đình-(trừ kinh doanh dược phẩm).;4690: Bá",internet
315090991,CÔNG TY TNHH DỊCH VỤ TƯ VẤN THƯƠNG MẠI FUCHEN,CÔNG TY TNHH DỊCH VỤ TƯ VẤN TH,Công ty trách nhiệm hữu hạn hai thành viên trở lên,"Số 129 đường số 23, Phường 11, Quận 6, Thành phố Hồ Chí Minh, Việt Nam",Quận 6,"4620: Bán buôn nông, lâm sản nguyên liệu (trừ gỗ, tre, nứa) và động vật sống-(không hoạt động tại trụ sở)(CPC 622); 4632: Bán buôn thực phẩm-(không hoạt động tại trụ sở) (CPC 622); 4722: Bán lẻ thực p",internet
315258524,CÔNG TY TNHH PHỤ TÙNG PSC,CÔNG TY TNHH PHỤ TÙNG PSC,Công ty trách nhiệm hữu hạn một thành viên,"71-73 Đường 44, Phường 10, Quận 6, Thành phố Hồ Chí Minh, Việt Nam",Quận 6,"8559: Giáo dục khác chưa được phân vào đâu-Chi tiết: Dạy nghề (Chỉ hoạt động sau khi được cơ quan nhà nước có thẩm quyền cho phép); Đào tạo nghề trong lĩnh vực sửa chữa máy móc, xe có động cơ (Chỉ hoạ",internet
315396965,CÔNG TY TNHH TNH SOLUTIONS,CÔNG TY TNHH TNH SOLUTIONS,Công ty trách nhiệm hữu hạn hai thành viên trở lên,"L36/16/31 Cư Xá Phú Lâm A, Đường Kinh Dương Vương, Phường 12, Quận 6, Thành phố Hồ Chí Minh, Việt Nam",Quận 6,"4651: Bán buôn máy vi tính, thiết bị ngoại vi và phần mềm-;4741: Bán lẻ máy vi tính, thiết bị ngoại vi, phần mềm và thiết bị viễn thông trong các cửa hàng chuyên doanh-;5820: Xuất bản phần mềm-chi tiế",internet
315454078,CÔNG TY TNHH THƯƠNG MẠI QUEEN BEAUTY,CÔNG TY TNHH THƯƠNG MẠI QUEEN ,Công ty trách nhiệm hữu hạn một thành viên,"Số 44 Cao Văn Lầu, Phường 01, Quận 6, Thành phố Hồ Chí Minh, Việt Nam",Quận 6,"2023: Sản xuất mỹ phẩm, xà phòng, chất tẩy rửa, làm bóng và chế phẩm vệ sinh-(không sản xuất hóa chất tại trụ sở);4649: Bán buôn đồ dùng khác cho gia đình-Chi tiết: Bán buôn nước hoa, hàng mỹ phẩm và ",internet
315455593,CÔNG TY TNHH XUẤT NHẬP KHẨU LỤC GIA,CÔNG TY TNHH XUẤT NHẬP KHẨU LỤ,Công ty trách nhiệm hữu hạn một thành viên,"Số 20 Cư Xá Phú Lâm D, Lý Chiêu Hoàng, Phường 10, Quận 6, Thành phố Hồ Chí Minh, Việt Nam",Quận 6,"4669: Bán buôn chuyên doanh khác chưa được phân vào đâu-(Trừ các mặt hàng pháp luật cấm) (trừ bán buôn bình gas, khí dầu mỏ hóa lỏng LPG, dầu nhớt cặn, vàng miếng, súng, đạn loại dùng đi săn hoặc thể ",internet
315477290,CÔNG TY TNHH THIẾT BỊ Y TẾ BẢO KHANG,CÔNG TY TNHH THIẾT BỊ Y TẾ BẢO,Công ty trách nhiệm hữu hạn hai thành viên trở lên,"743/32 Hồng Bàng, Phường 06, Quận 6, Thành phố Hồ Chí Minh, Việt Nam",Quận 6,"4761: Bán lẻ sách, báo, tạp chí văn phòng phẩm trong các cửa hàng chuyên doanh-;5221: Hoạt động dịch vụ hỗ trợ trực tiếp cho vận tải đường sắt-( trừ hóa lỏng khí để vận chuyển);4663: Bán buôn vật liệu",internet
315486351,CÔNG TY TNHH NHỰA ZHEN BANG,CÔNG TY TNHH NHỰA ZHEN BANG,Công ty trách nhiệm hữu hạn hai thành viên trở lên,"Số 129 Đường số 23, Phường 11, Quận 6, Thành phố Hồ Chí Minh, Việt Nam",Quận 6,"4659: Bán buôn máy móc, thiết bị và phụ tùng máy khác-Chi tiết: Bán buôn máy móc ngành nhựa; Bán buôn thiết bị; Bán buôn máy móc, thiết bị và phụ tùng máy khác ( CPC 622); 4669: Bán buôn chuyên doanh ",internet
315517578,CÔNG TY TNHH DỊCH VỤ BÃI ĐỖ XE LAN ANH,CÔNG TY TNHH DỊCH VỤ BÃI ĐỖ XE,Công ty trách nhiệm hữu hạn một thành viên,"72 Đường 32, Phường 10, Quận 6, Thành phố Hồ Chí Minh, Việt Nam",Quận 6,"5229: Hoạt động dịch vụ hỗ trợ khác liên quan đến vận tải-Chi tiết: Dịch vụ giữ xe;5510: Dịch vụ lưu trú ngắn ngày-Chi tiết: Khách sạn, biệt thự du lịch, căn hộ du lịch, nhà nghỉ du lịch, nhà ở có phò",internet
315518123,CÔNG TY TNHH MỘT THÀNH VIÊN THƯƠNG MẠI DỊCH VỤ DU LỊCH PHÚ ANH ĐĂNG,CÔNG TY TNHH MỘT THÀNH VIÊN TH,Công ty trách nhiệm hữu hạn một thành viên,"537B Hậu Giang, Phường 11, Quận 6, Thành phố Hồ Chí Minh, Việt Nam",Quận 6,7911: Đại lý du lịch-;7990: Dịch vụ đặt chỗ và các dịch vụ hỗ trợ liên quan đến quảng bá và tổ chức tua du lịch-;8560: Dịch vụ hỗ trợ giáo dục-;9700: Hoạt động làm thuê công việc gia đình trong các hộ,internet
315537990,CÔNG TY TNHH THƯƠNG MẠI DỊCH VỤ TRẦN DIỆM TÙNG,CÔNG TY TNHH THƯƠNG MẠI DỊCH V,Công ty trách nhiệm hữu hạn một thành viên,"184/5 Bãi Sậy, Phường 04, Quận 6, Thành phố Hồ Chí Minh, Việt Nam",Quận 6,"4799: Bán lẻ hình thức khác chưa được phân vào đâu-(trừ bán lẻ bình gas, súng, đạn loại dùng đi săn hoặc thể thao và tiền kim khí; Thực hiện theo Quyết định 64/2009/QĐ-UBND ngày 31/7/2009 của Ủy ban n",internet
315552131,DOANH NGHIỆP TƯ NHÂN TRÒ CHƠI ĐIỆN TỬ 546,DOANH NGHIỆP TƯ NHÂN TRÒ CHƠI ,Doanh nghiệp tư nhân,"546 An Dương Vương, Phường 10, Quận 6, Thành phố Hồ Chí Minh, Việt Nam",Quận 6,"6190: Hoạt động viễn thông khác-Chi tiết: Đại lý dịch vụ truy cập internet (trừ bán lại hạ tầng viễn thông, mạng cung cấp);9329: Hoạt động vui chơi giải trí khác chưa được phân vào đâu-Chi tiết: Hoạt ",internet
315566896,CÔNG TY TNHH 1987 BROTHERS,CÔNG TY TNHH 1987 BROTHERS,Công ty trách nhiệm hữu hạn hai thành viên trở lên,"Số 60, Đường 42, Phường 10, Quận 6, Thành phố Hồ Chí Minh, Việt Nam",Quận 6,"4791: Bán lẻ theo yêu cầu đặt hàng qua bưu điện hoặc internet-(trừ bán lẻ bình gas, khí dầu mỏ hóa lỏng LPG, dầu nhớt cặn, vàng miếng, súng, đạn loại dùng đi săn hoặc thể thao và tiền kim khí; trừ bán",internet
315573614,CÔNG TY TNHH CÔNG NGHỆ KIẾN HƯNG,CÔNG TY TNHH CÔNG NGHỆ KIẾN HƯ,Công ty trách nhiệm hữu hạn hai thành viên trở lên,"242/43/6 Bà Hom, Phường 13, Quận 6, Thành phố Hồ Chí Minh, Việt Nam",Quận 6,"4659: Bán buôn máy móc, thiết bị và phụ tùng máy khác-Chi tiết: Bán buôn thiết bị tin học, thiết bị văn phòng: máy photocopy, máy fax, máy in vi tính đơn sắc. Bán buôn máy móc, thiết bị điện, vật liệu",internet
315575146,CÔNG TY TNHH TRÒ CHƠI GIẢI TRÍ QUANG ĐỨC,CÔNG TY TNHH TRÒ CHƠI GIẢI TRÍ,Công ty trách nhiệm hữu hạn một thành viên,"132 đường Tân Hòa Đông, Phường 14, Quận 6, Thành phố Hồ Chí Minh, Việt Nam",Quận 6,"2829: Sản xuất máy chuyên dụng khác-Chi tiết: Sản xuất máy điện tử;4659: Bán buôn máy móc, thiết bị và phụ tùng máy khác-Chi tiết: Bán buôn máy móc, thiết bị trò chơi điện tử (trừ hoạt động kinh doanh",internet
315538169,CÔNG TY CỔ PHẦN GIAI ĐIỆU MẶT TRỜI,CÔNG TY CỔ PHẦN GIAI ĐIỆU MẶT ,Công ty cổ phần,"103 Đường Số 8, Phường 13, Quận 6, Thành phố Hồ Chí Minh, Việt Nam",Quận 6,"6312: Cổng thông tin-Chi tiết: Dịch vụ thương mại điện tử;4610: Đại lý, môi giới, đấu giá hàng hóa-Chi tiết: Đại lý hoa hồng;4791: Bán lẻ theo yêu cầu đặt hàng qua bưu điện hoặc internet-;5210: Kho bã",internet
315595657,CÔNG TY TNHH IFS INTERNATIONAL,CÔNG TY TNHH IFS INTERNATIONAL,Công ty trách nhiệm hữu hạn hai thành viên trở lên,"36/46/12 Kinh Dương Vương, Phường 13, Quận 6, Thành phố Hồ Chí Minh, Việt Nam",Quận 6,"9311: Hoạt động của các cơ sở thể thao-Chi tiết: Sân vận động bóng đá, sân bóng đá mini (trừ hoạt động của các sàn nhảy); 9312: Hoạt động của các câu lạc bộ thể thao-(trừ hoạt động của các sàn nhảy);9",internet
315619890,CÔNG TY TNHH AYA EDU,CÔNG TY TNHH AYA EDU,Công ty trách nhiệm hữu hạn một thành viên,"Số 205/8B1 Tân Hòa Đông, Phường 14, Quận 6, Thành phố Hồ Chí Minh, Việt Nam",Quận 6,"4663: Bán buôn vật liệu, thiết bị lắp đặt khác trong xây dựng-;4669: Bán buôn chuyên doanh khác chưa được phân vào đâu-(trừ bán buôn bình gas, khí dầu mỏ hóa lỏng LPG, dầu nhớt cặn, vàng miếng, súng, ",internet
315633743,DOANH NGHIỆP TƯ NHÂN TRÒ CHƠI ĐIỆN TỬ BÁCH ĐIỂU TRIỀU VƯƠNG,DOANH NGHIỆP TƯ NHÂN TRÒ CHƠI ,Doanh nghiệp tư nhân,"293B Đường Bến Bãi Sậy, Phường 04, Quận 6, Thành phố Hồ Chí Minh, Việt Nam",Quận 6,9329: Hoạt động vui chơi giải trí khác chưa được phân vào đâu-Chi tiết: Hoạt động kinh doanh trò chơi điện tử (trừ kinh doanh trò chơi điện tử có thưởng dành cho người nước ngoài và kinh doanh trò chơ,internet
315606771,CÔNG TY TNHH SẢN XUẤT THƯƠNG MẠI XUẤT NHẬP KHẨU GIMS,CÔNG TY TNHH SẢN XUẤT THƯƠNG M,Công ty trách nhiệm hữu hạn hai thành viên trở lên,"52 Đường Lê Quang Sung, Phường 06, Quận 6, Thành phố Hồ Chí Minh, Việt Nam",Quận 6,"1313: Hoàn thiện sản phẩm dệt-;1392: Sản xuất hàng dệt sẵn (trừ trang phục)-;1410: May trang phục (trừ trang phục từ da lông thú)-;1430: Sản xuất trang phục dệt kim, đan móc-;1512: Sản xuất vali, túi ",internet
315721527,CÔNG TY TNHH DỊCH VỤ - THƯƠNG MẠI LQV,CÔNG TY TNHH DỊCH VỤ  THƯƠNG M,Công ty trách nhiệm hữu hạn một thành viên,"628/111 Hậu Giang, Phường 12, Quận 6, Thành phố Hồ Chí Minh, Việt Nam",Quận 6,"4799: Bán lẻ hình thức khác chưa được phân vào đâu-(trừ bán buôn bình gas, khí dầu mỏ hóa lỏng LPG, dầu nhớt cặn, vàng miếng, súng, đạn loại dùng đi săn hoặc thể thao và tiền kim khí; trừ bán buôn hóa",internet
315672485,CÔNG TY TNHH THƯƠNG MẠI VÀ DỊCH VỤ DU LỊCH TIẾT KIỆM 365 NGÀY,CÔNG TY TNHH THƯƠNG MẠI VÀ DỊC,Công ty trách nhiệm hữu hạn hai thành viên trở lên,"127I Văn Thân, Phường 08, Quận 6, Thành phố Hồ Chí Minh, Việt Nam",Quận 6,"8230: Tổ chức giới thiệu và xúc tiến thương mại-Chi tiết: Tổ chức sự kiện, hội nghị, hội thảo, hội chợ, triển lãm (không thực hiện các hiệu ứng cháy, nổ, không sử dụng chất nổ, chất cháy, hóa chất làm",internet
315690692,CÔNG TY TNHH TƯ VẤN & GIẢI PHÁP THUẾ THUẬN THIÊN,CÔNG TY TNHH TƯ VẤN  GIẢI PHÁP,Công ty trách nhiệm hữu hạn hai thành viên trở lên,"10 Đường số 55, Phường 10, Quận 6, Thành phố Hồ Chí Minh, Việt Nam",Quận 6,"4610: Đại lý, môi giới, đấu giá hàng hóa-Chi tiết: Đại lý hàng hóa, môi giới hàng hóa (trừ môi giới bất động sản);1812: Dịch vụ liên quan đến in-;7810: Hoạt động của các trung tâm, đại lý tư vấn, giới",internet
315754931,CÔNG TY TNHH GIỚI THIỆU VIỆC LÀM - VIỆC NHANH 24H,CÔNG TY TNHH GIỚI THIỆU VIỆC L,Công ty trách nhiệm hữu hạn một thành viên,"275 Đặng Nguyên Cẩn, Phường 14, Quận 6, Thành phố Hồ Chí Minh, Việt Nam",Quận 6,6312: Cổng thông tin-Chi tiết: Thiết lập trang thông tin điện tử tổng hợp về lao động việc làm;6399: Dịch vụ thông tin khác chưa được phân vào đâu-Chi tiết: Dịch vụ cung cấp thông tin trên mạng (trừ c,internet
315715964,CÔNG TY TNHH ENJOY MEDIA VN,CÔNG TY TNHH ENJOY MEDIA VN,Công ty trách nhiệm hữu hạn hai thành viên trở lên,"127/44/12 Mai XuânThưởng, Phường 04, Quận 6, Thành phố Hồ Chí Minh, Việt Nam",Quận 6,"4651: Bán buôn máy vi tính, thiết bị ngoại vi và phần mềm-;4652: Bán buôn thiết bị và linh kiện điện tử, viễn thông-;4783: Bán lẻ thiết bị công nghệ thông tin liên lạc lưu động hoặc tại chợ-;4791: Bán",internet
315776188,CÔNG TY TNHH HẢI SẢN THỦY TRIỀU,CÔNG TY TNHH HẢI SẢN THỦY TRIỀ,Công ty trách nhiệm hữu hạn hai thành viên trở lên,"Số 18, Đường 52, Phường 10, Quận 6, Thành phố Hồ Chí Minh, Việt Nam",Quận 6,"4632: Bán buôn thực phẩm-Chi tiết:
-	Bán buôn cà phê, rau, quả; Bán buôn thịt và các sản phẩm từ thịt; Bán buôn nước mắm; Bán buôn thủy sản ( không hoạt động tại trụ sở );4722: Bán lẻ thực phẩm trong ",internet
315776237,CÔNG TY TNHH THƯƠNG MẠI ZUKUI,CÔNG TY TNHH THƯƠNG MẠI ZUKUI,Công ty trách nhiệm hữu hạn một thành viên,"Số 129 Đường Số 23, Phường 11, Quận 6, Thành phố Hồ Chí Minh, Việt Nam",Quận 6,"4610: Đại lý, môi giới, đấu giá hàng hóa-chi tiết: Dịch vụ đại lý hoa hồng ( CPC 621); 4799: Bán lẻ hình thức khác chưa được phân vào đâu-(trừ đấu giá, bán lẻ bình gas, súng, đạn loại dùng đi săn hoặc",internet
315784340,CÔNG TY TRÁCH NHIỆM HỮU HẠN MỘT THÀNH VIÊN KIM KIM DUNG,CÔNG TY TRÁCH NHIỆM HỮU HẠN MỘ,Công ty trách nhiệm hữu hạn một thành viên,"948/9A1 Đường Lò Gốm, Phường 08, Quận 6, Thành phố Hồ Chí Minh, Việt Nam",Quận 6,"4799: Bán lẻ hình thức khác chưa được phân vào đâu-Chi tiết: Bán lẻ bong bóng, bóng bay;4669: Bán buôn chuyên doanh khác chưa được phân vào đâu-Chi tiết: Bán buôn bong bóng, bóng bay;1811: In ấn-Chi t",internet
315824392,CÔNG TY TNHH MỘT THÀNH VIÊN BLANKNEGATIVES,CÔNG TY TNHH MỘT THÀNH VIÊN BL,Công ty trách nhiệm hữu hạn một thành viên,"296 – 298 Trần Văn Kiểu, Phường 11, Quận 6, Thành phố Hồ Chí Minh, Việt Nam",Quận 6,"5912: Hoạt động hậu kỳ-(không thực hiện các hiệu ứng cháy, nổ; không sử dụng chất nổ, chất cháy, hóa chất làm đạo cụ, dụng cụ thực hiện các chương trình văn nghệ, sự kiện, phim ảnh);5911: Hoạt động sả",internet
315820214,CÔNG TY TNHH THIẾT KẾ XÂY DỰNG THỊNH GIA,CÔNG TY TNHH THIẾT KẾ XÂY DỰNG,Công ty trách nhiệm hữu hạn một thành viên,"632 Hậu Giang, Phường 12, Quận 6, Thành phố Hồ Chí Minh, Việt Nam",Quận 6,"4101: Xây dựng nhà để ở-;4102: Xây dựng nhà không để ở-;4221: Xây dựng công trình điện-;4222: Xây dựng công trình cấp, thoát nước-;4223: Xây dựng công trình viễn thông, thông tin liên lạc-;4229: Xây d",internet
315866138,CÔNG TY TNHH THƯƠNG MẠI VÀ DỊCH VỤ LỮ HÀNH HỒNG PHÁT,CÔNG TY TNHH THƯƠNG MẠI VÀ DỊC,Công ty trách nhiệm hữu hạn một thành viên,"127/38 Mai Xuân Thưởng, Phường 04, Quận 6, Thành phố Hồ Chí Minh, Việt Nam",Quận 6,"4799: Bán lẻ hình thức khác chưa được phân vào đâu-Chi tiết: Bán lẻ các loại hàng hóa bằng phương thức khác chưa kể ở trên như:
 bán trực tiếp hoặc chuyển phát theo địa chỉ; bán thông qua máy bán hàng",internet
315833277,CÔNG TY TNHH QUỐC CƠ QUỐC NGHIỆP,CÔNG TY TNHH QUỐC CƠ QUỐC NG,Công ty trách nhiệm hữu hạn hai thành viên trở lên,"628/30 Đường Hậu Giang, Phường 12, Quận 6, Thành phố Hồ Chí Minh, Việt Nam",Quận 6,"4791: Bán lẻ theo yêu cầu đặt hàng qua bưu điện hoặc internet-(trừ bán lẻ bình gas, khí dầu mỏ hóa lỏng LPG, dầu nhớt cặn, vàng miếng, súng, đạn loại dùng đi săn hoặc thể thao và tiền kim khí và thực ",internet
315873720,CÔNG TY TNHH ĐIỆN LẠNH HOÀNG PHÁT BÌNH TÂN,CÔNG TY TNHH ĐIỆN LẠNH HOÀNG P,Công ty trách nhiệm hữu hạn một thành viên,"Số 83, Đường số 30, Phường 10, Quận 6, Thành phố Hồ Chí Minh, Việt Nam",Quận 6,"4610: Đại lý, môi giới, đấu giá hàng hóa-Chi tiết: Đại lý, môi giới hàng hóa (trừ môi giới bất động sản);7310: Quảng cáo-;7320: Nghiên cứu thị trường và thăm dò dư luận-;2610: Sản xuất linh kiện điện ",internet
315878599,CÔNG TY TNHH DỊCH VỤ VÀ THƯƠNG MẠI HOBBEE,CÔNG TY TNHH DỊCH VỤ VÀ THƯƠNG,Công ty trách nhiệm hữu hạn một thành viên,"71A Văn Thân, Phường 08, Quận 6, Thành phố Hồ Chí Minh, Việt Nam",Quận 6,"4633: Bán buôn đồ uống-;4641: Bán buôn vải, hàng may mặc, giày dép-;4649: Bán buôn đồ dùng khác cho gia đình-(trừ kinh doanh dược phẩm);4711: Bán lẻ lương thực, thực phẩm, đồ uống, thuốc lá, thuốc lào",internet
315861595,CÔNG TY TNHH THƯƠNG MẠI SLIKO,CÔNG TY TNHH THƯƠNG MẠI SLIKO,Công ty trách nhiệm hữu hạn hai thành viên trở lên,"226 Hậu Giang, Phường 09, Quận 6, Thành phố Hồ Chí Minh, Việt Nam",Quận 6,6201: Lập trình máy vi tính-;6202: Tư vấn máy vi tính và quản trị hệ thống máy vi tính-(trừ kinh doanh đại lý cung cấp dịch vụ truy cập internet tại trụ sở);6209: Hoạt động dịch vụ công nghệ thông tin,internet
315867445,CÔNG TY TNHH GAME GIẢI TRÍ TUẤN NGÂN,CÔNG TY TNHH GAME GIẢI TRÍ TUẤ,Công ty trách nhiệm hữu hạn một thành viên,"1091 Hậu Giang, Phường 11, Quận 6, Thành phố Hồ Chí Minh, Việt Nam",Quận 6,"6190: Hoạt động viễn thông khác-Chi tiết: Hoạt động của các điểm truy cập internet (trừ bán lại hạ tầng viễn thông, mạng cung cấp);9329: Hoạt động vui chơi giải trí khác chưa được phân vào đâu-Chi tiế",internet
315828446,CÔNG TY TNHH GAME ĐIỆN TỬ GIẢI TRÍ SEA 01,CÔNG TY TNHH GAME ĐIỆN TỬ GIẢI,Công ty trách nhiệm hữu hạn một thành viên,"72 Lê Tuấn Mậu, Phường 13, Quận 6, Thành phố Hồ Chí Minh, Việt Nam",Quận 6,9329: Hoạt động vui chơi giải trí khác chưa được phân vào đâu-Chi tiết: Kinh doanh trò chơi điện tử (trừ kinh doanh trò chơi điện tử có thưởng dành cho người nước ngoài và kinh doanh trò chơi điện tử ,internet
315906824,CÔNG TY TNHH GIẢI TRÍ TÔI VÀ BẠN,CÔNG TY TNHH GIẢI TRÍ TÔI VÀ B,Công ty trách nhiệm hữu hạn một thành viên,"858 An Dương Vương, Phường 13, Quận 6, Thành phố Hồ Chí Minh, Việt Nam",Quận 6,"7730: Cho thuê máy móc, thiết bị và đồ dùng hữu hình khác không kèm người điều khiển-Chi tiết: Cho thuê máy trò chơi điện tử (không kinh doanh đồ chơi có hại cho giáo dục nhân cách, sức khoẻ của trẻ e",internet
315907578,CÔNG TY TNHH TM DV S-ONE,CÔNG TY TNHH TM DV SONE,Công ty trách nhiệm hữu hạn một thành viên,"Số 129 Đường Số 23, Phường 11, Quận 6, Thành phố Hồ Chí Minh, Việt Nam",Quận 6,4669: Bán buôn chuyên doanh khác chưa được phân vào đâu-Chi tiết: Bán buôn xuất nhập khẩu bao bì sản phẩm; sản phẩm bao bì đóng gói; thùng carton;  hộp màu;  nhãn tag;  card màu;  EPE và màng sốp hơi ,internet
315928056,CÔNG TY TNHH STEMCARE BIOTECHNOLOGY,CÔNG TY TNHH STEMCARE BIOTECHN,Công ty trách nhiệm hữu hạn một thành viên,"34 Lô C đường Phạm Văn Chí , Phường 07, Quận 6, Thành phố Hồ Chí Minh, Việt Nam",Quận 6,1030: Chế biến và bảo quản rau quả-;1061: Xay xát và sản xuất bột thô-(Không hoạt động tại trụ sở);1062: Sản xuất tinh bột và các sản phẩm từ tinh bột-(Không hoạt động tại trụ sở);1071: Sản xuất các l,technology
315942893,CÔNG TY TNHH MỘT THÀNH VIÊN PHÁT TRIỂN PILOTAGE,CÔNG TY TNHH MỘT THÀNH VIÊN PH,Công ty trách nhiệm hữu hạn một thành viên,"53 Kinh Dương Vương, Phường 12, Quận 6, Thành phố Hồ Chí Minh, Việt Nam",Quận 6,5229: Hoạt động dịch vụ hỗ trợ khác liên quan đến vận tải-Chi tiết: Hoạt động dịch vụ giao nhận hàng hóa. Hoạt động đại lý làm thủ tục hải quan; Dịch vụ vận tải đa phương thức; Dịch vụ logistics (trừ ,internet
315949345,CÔNG TY TNHH XNK: VP WIN,CÔNG TY TNHH XNK VP WIN,Công ty trách nhiệm hữu hạn hai thành viên trở lên,"Số 10 Đường số 29, Phường 10, Quận 6, Thành phố Hồ Chí Minh, Việt Nam",Quận 6,"8299: Hoạt động dịch vụ hỗ trợ kinh doanh khác còn lại chưa được phân vào đâu-Chi tiết: Xuất nhập khẩu các mặt hàng công ty kinh doanh. Uỷ thác và nhận ủy thác xuất khẩu, nhập khẩu hàng hóa;4633: Bán ",internet
315942283,CÔNG TY TNHH SCENT,CÔNG TY TNHH SCENT,Công ty trách nhiệm hữu hạn hai thành viên trở lên,"I1 đường Cư xá Phú Lâm A, Phường 12, Quận 6, Thành phố Hồ Chí Minh, Việt Nam",Quận 6,"4669: Bán buôn chuyên doanh khác chưa được phân vào đâu-Chi tiết: Bán buôn, xuất nhập khẩu khẩu trang, nước rửa tay các loại. Bán buôn, xuất nhập khẩu đồ bảo hộ y tế, găng tay y tế. Bán buôn, xuất nhậ",internet
315921646,CÔNG TY TNHH  HALI CARE,CÔNG TY TNHH  HALI CARE,Công ty trách nhiệm hữu hạn hai thành viên trở lên,"446 Gia Phú , Phường 03, Quận 6, Thành phố Hồ Chí Minh, Việt Nam",Quận 6,"1079: Sản xuất thực phẩm khác chưa được phân vào đâu-;1080: Sản xuất thức ăn gia súc, gia cầm và thuỷ sản-;1623: Sản xuất bao bì bằng gỗ-;1629: Sản xuất sản phẩm khác từ gỗ; sản xuất sản phẩm từ tre, ",internet
315962635,CÔNG TY TNHH GOSHOP 247,CÔNG TY TNHH GOSHOP 247,Công ty trách nhiệm hữu hạn một thành viên,"54 Đường 23 KDC Bình Phú, Phường 10, Quận 6, Thành phố Hồ Chí Minh, Việt Nam",Quận 6,"4632: Bán buôn thực phẩm-Chi tiết: Bán buôn sữa và các sản phẩm sữa, bánh kẹo và các sản phẩm chế biến từ ngũ cốc, bột và tinh bột; Bán buôn các sản phẩm từ yến.;4633: Bán buôn đồ uống-Chi tiết: Bán b",internet
315973838,CÔNG TY TNHH CUNG ỨNG LAO ĐỘNG THÀNH LUÂN,CÔNG TY TNHH CUNG ỨNG LAO ĐỘNG,Công ty trách nhiệm hữu hạn một thành viên,"Số 2 Đường Số 11 Cư Xá Đài Ra Đa, Phường 13, Quận 6, Thành phố Hồ Chí Minh, Việt Nam",Quận 6,"4632: Bán buôn thực phẩm-Chi tiết: Bán buôn thủy sản, rau củ quả; Bán buôn nhân sâm, nấm linh chi (không hoạt động tại trụ sở); Bán buôn thực phẩm chức năng; 4530: Bán phụ tùng và các bộ phận phụ trợ ",internet
315983441,CÔNG TY TNHH TRÒ CHƠI ĐIỆN TỬ LỘC 8888,CÔNG TY TNHH TRÒ CHƠI ĐIỆN TỬ ,Công ty trách nhiệm hữu hạn một thành viên,"360 – 362 Nguyễn Văn Luông, Phường 12, Quận 6, Thành phố Hồ Chí Minh, Việt Nam",Quận 6,9329: Hoạt động vui chơi giải trí khác chưa được phân vào đâu-Chi tiết: Hoạt động kinh doanh trò chơi điện tử (trừ kinh doanh trò chơi điện tử có thưởng dành cho người nước ngoài và kinh doanh trò chơ,internet
315990921,CÔNG TY TNHH THƯƠNG MẠI DỊCH VỤ THIỆU THỊ,CÔNG TY TNHH THƯƠNG MẠI DỊCH V,Công ty trách nhiệm hữu hạn hai thành viên trở lên,"683/2 Phạm Văn Chí, Phường 07, Quận 6, Thành phố Hồ Chí Minh, Việt Nam",Quận 6,"4690: Bán buôn tổng hợp-(trừ bán buôn bình gas, khí dầu mỏ hóa lỏng LPG, dầu nhớt cặn, vàng miếng, súng, đạn loại dùng đi săn hoặc thể thao và tiền kim khí; trừ bán buôn hóa chất tại trụ sở; Thực hiện",internet
316057789,CÔNG TY TNHH DỊCH VỤ TM CƯỜNG TÀI DIỆU,CÔNG TY TNHH DỊCH VỤ TM CƯỜNG ,Công ty trách nhiệm hữu hạn hai thành viên trở lên,"127F Văn Thân, Phường 08, Quận 6, Thành phố Hồ Chí Minh, Việt Nam",Quận 6,"4649: Bán buôn đồ dùng khác cho gia đình-Chi tiết: Bán buôn vòi nước và Bán buôn đồ dùng khác cho gia đình.;4759: Bán lẻ đồ điện gia dụng, giường, tủ, bàn, ghế và đồ nội thất tương tự, đèn và bộ đèn đ",internet
316078482,CÔNG TY TNHH KEO TỐT,CÔNG TY TNHH KEO TỐT,Công ty trách nhiệm hữu hạn một thành viên,"Số 5-7 Đường 22A, Phường 10, Quận 6, Thành phố Hồ Chí Minh, Việt Nam",Quận 6,"4669: Bán buôn chuyên doanh khác chưa được phân vào đâu-(trừ bán buôn bình gas, khí dầu mỏ hóa lỏng LPG, dầu nhớt cặn, vàng miếng, súng, đạn loại dùng đi săn hoặc thể thao và tiền kim khí; trừ bán buô",internet
315469846,CÔNG TY TNHH THƯƠNG MẠI DOT,CÔNG TY TNHH THƯƠNG MẠI DOT,Công ty trách nhiệm hữu hạn một thành viên,"133/38E Văn Thân, Phường 08, Quận 6, Thành phố Hồ Chí Minh, Việt Nam",Quận 6,"4690: Bán buôn tổng hợp-chi tiết: Bán buôn mắt kính, Phụ kiện về mắt kính;4759: Bán lẻ đồ điện gia dụng, giường, tủ, bàn, ghế và đồ nội thất tương tự, đèn và bộ đèn điện, đồ dùng gia đình khác",internet
316071550,CÔNG TY TNHH KỸ THUẬT GIẢI TRÍ LỘC PHÁT,CÔNG TY TNHH KỸ THUẬT GIẢI TRÍ,Công ty trách nhiệm hữu hạn một thành viên,"Số 31 Đường Bình Phú, Khu phố 4, Phường 10, Quận 6, Thành phố Hồ Chí Minh, Việt Nam",Quận 6,6190: Hoạt động viễn thông khác-Chi tiết: Hoạt động của các điểm truy cập internet;9329: Hoạt động vui chơi giải trí khác chưa được phân vào đâu-Chi tiết: Kinh doanh trò chơi điện tử (trừ kinh doanh t,internet
315645160,CÔNG TY TRÁCH NHIỆM HỮU HẠN THƯƠNG MẠI DỊCH VỤ CVC,CÔNG TY TRÁCH NHIỆM HỮU HẠN TH,Công ty trách nhiệm hữu hạn hai thành viên trở lên,"88 Phạm Phú Thứ, Phường 03, Quận 6, Thành phố Hồ Chí Minh, Việt Nam",Quận 6,"4330: Hoàn thiện công trình xây dựng-;4221: Xây dựng công trình điện-;4321: Lắp đặt hệ thống điện-;4511: Bán buôn ô tô và xe có động cơ khác-;4541: Bán mô tô, xe máy-;4641: Bán buôn vải, hàng may mặc,",internet
315726331,CÔNG TY TNHH LUCKYSTAR TELECOMS,CÔNG TY TNHH LUCKYSTAR TELECOM,Công ty trách nhiệm hữu hạn hai thành viên trở lên,"549B/9 Hậu Giang, Phường 11, Quận 6, Thành phố Hồ Chí Minh, Việt Nam",Quận 6,"4321: Lắp đặt hệ thống điện-Chi tiết:  
+ Lắp đặt dây dẫn và thiết bị điện,
+ Lắp đặt đường dây thông tin liên lạc,
+ Lắp đặt mạng máy tính và dây cáp truyền hình, bao gồm cả cáp quang học,;4741: Bán ",telecom
315731980,CÔNG TY TNHH HYPERION ELECTRONIC TEK,CÔNG TY TNHH HYPERION ELECTRON,Công ty trách nhiệm hữu hạn một thành viên,"192/3 Phạm Văn Chí, Phường 04, Quận 6, Thành phố Hồ Chí Minh, Việt Nam",Quận 6,"4663: Bán buôn vật liệu, thiết bị lắp đặt khác trong xây dựng-Chi tiết: Bán buôn đồ ngũ kim; Bán buôn dụng cụ cầm tay: búa, cưa, tua vít, dụng cụ cầm tay khác. (CPC 622); 4669: Bán buôn chuyên doanh k",electronic
315742397,CÔNG TY TNHH IMPAQ VIET NAM TESTING TECHNOLOGY,CÔNG TY TNHH IMPAQ VIET NAM TE,Công ty trách nhiệm hữu hạn một thành viên,"16 Lê Tuấn Mậu, Phường 13, Quận 6, Thành phố Hồ Chí Minh, Việt Nam",Quận 6,"7120: Kiểm tra và phân tích kỹ thuật-;7490: Hoạt động chuyên môn, khoa học và công nghệ khác chưa được phân vào đâu-chi tiết: tư vấn chuyển giao công nghệ;4652: Bán buôn thiết bị và linh kiện điện tử,",technology
315805230,CÔNG TY TNHH SẢN XUẤT THƯƠNG MẠI DỊCH VỤ ĐẦU TƯ ĐẠI THÀNH,CÔNG TY TNHH SẢN XUẤT THƯƠNG M,Công ty trách nhiệm hữu hạn hai thành viên trở lên,"41 Văn Thân, Phường 08, Quận 6, Thành phố Hồ Chí Minh, Việt Nam",Quận 6,"4661: Bán buôn nhiên liệu rắn, lỏng, khí và các sản phẩm liên quan-(trừ kinh doanh khí dầu mỏ hóa lỏng LPG và dầu nhớt cặn);4662: Bán buôn kim loại và quặng kim loại-(trừ kinh doanh vàng miếng);4663: ",internet
315922671,CÔNG TY TNHH THƯƠNG MẠI THIÊN AN PHÁT,CÔNG TY TNHH THƯƠNG MẠI THIÊN ,Công ty trách nhiệm hữu hạn một thành viên,"18 Nguyễn Hữu Thận, Phường 02, Quận 6, Thành phố Hồ Chí Minh, Việt Nam",Quận 6,"4610: Đại lý, môi giới, đấu giá hàng hóa-(trừ đấu giá hàng hoá) (trừ đấu giá tài sản);4641: Bán buôn vải, hàng may mặc, giày dép-;4649: Bán buôn đồ dùng khác cho gia đình-;4719: Bán lẻ  khác trong các",internet
315994108,CÔNG TY TNHH THẨM MỸ HAVADA,CÔNG TY TNHH THẨM MỸ HAVADA,Công ty trách nhiệm hữu hạn hai thành viên trở lên,"52 Lý Chiêu Hoàng, Phường 10, Quận 6, Thành phố Hồ Chí Minh, Việt Nam",Quận 6,"4649: Bán buôn đồ dùng khác cho gia đình-Chi tiết: Bán buôn nước hoa, hàng mỹ phẩm và chế phẩm vệ sinh;4772: Bán lẻ thuốc, dụng cụ y tế, mỹ phẩm và vật phẩm vệ sinh trong các cửa hàng chuyên doanh-Chi",internet
316026928,CÔNG TY TNHH ĐẦU TƯ SẢN XUẤT VÀ PHÁT TRIỂN TRUNG KIÊN,CÔNG TY TNHH ĐẦU TƯ SẢN XUẤT V,Công ty trách nhiệm hữu hạn một thành viên,"1017/32 Hồng Bàng, Phường 12, Quận 6, Thành phố Hồ Chí Minh, Việt Nam",Quận 6,2013: Sản xuất plastic và cao su tổng hợp dạng nguyên sinh-Chi tiết: Sản xuất plastic nguyên sinh (không hoạt động tại trụ sở) - Sản xuất nhựa giả mây và các sản phẩm ngành nhựa (trừ sản xuất xốp cách,internet
108764353,CÔNG TY TNHH THIẾT BỊ ĐIỆN KHÍ BOERSHE,CÔNG TY TNHH THIẾT BỊ ĐIỆN KHÍ,Công ty trách nhiệm hữu hạn một thành viên,"Số 292 đường Trần Văn Kiểu, Phường 11, Quận 6, Thành phố Hồ Chí Minh, Việt Nam",Quận 6,"3311: Sửa chữa các sản phẩm kim loại đúc sẵn-;3312: Sửa chữa máy móc, thiết bị-;3313: Sửa chữa thiết bị điện tử và quang học-;3314: Sửa chữa thiết bị điện-;3319: Sửa chữa thiết bị khác-;3320: Lắp đặt ",internet
316085909,CÔNG TY TNHH FASTLINK SYSTEM,CÔNG TY TNHH FASTLINK SYSTEM,Công ty trách nhiệm hữu hạn hai thành viên trở lên,"Số 21 Kinh Dương Vương, Phường 12, Quận 6, Thành phố Hồ Chí Minh, Việt Nam",Quận 6,"6920: Hoạt động liên quan đến kế toán, kiểm toán và tư vấn về thuế-Chi tiết: Dịch vụ làm thủ tục về thuế.;6820: Tư vấn, môi giới, đấu giá bất động sản, đấu giá quyền sử dụng đất-Chi tiết: Tư vấn, môi ",internet
316115913,CÔNG TY TNHH MẬU DỊCH THIẾT BỊ VỆ SINH HỒNG PHÁT,CÔNG TY TNHH MẬU DỊCH THIẾT BỊ,Công ty trách nhiệm hữu hạn một thành viên,"75 Chợ Lớn, Phường 11, Quận 6, Thành phố Hồ Chí Minh, Việt Nam",Quận 6,"4652: Bán buôn thiết bị và linh kiện điện tử, viễn thông-;4649: Bán buôn đồ dùng khác cho gia đình-Chi tiết: Bán buôn đồ gia dụng, vòi nước, bồn cầu, thiết bị vệ sinh, gạch men, ốc vít;4610: Đại lý, m",internet
316118590,CÔNG TY TNHH THƯƠNG MẠI ĐẦU TƯ VÀ TỔ CHỨC SỰ KIỆN MIKI,CÔNG TY TNHH THƯƠNG MẠI ĐẦU TƯ,Công ty trách nhiệm hữu hạn một thành viên,"32 Đường 46	, Phường 10, Quận 6, Thành phố Hồ Chí Minh, Việt Nam",Quận 6,8299: Hoạt động dịch vụ hỗ trợ kinh doanh khác còn lại chưa được phân vào đâu-Chi tiết: Xuất nhập khẩu các mặt hàng công ty kinh doanh;4799: Bán lẻ hình thức khác chưa được phân vào đâu-(trừ bán lẻ bì,internet
316125407,CÔNG TY CỔ PHẦN CÔNG NGHỆ ĐỂ TÔI LÁI,CÔNG TY CỔ PHẦN CÔNG NGHỆ ĐỂ T,Công ty cổ phần,"Số 12 Đường 45, Phường 10, Quận 6, Thành phố Hồ Chí Minh, Việt Nam",Quận 6,"7912: Điều hành tua du lịch-Chi tiết: Kinh doanh lữ hành nội địa và quốc tế.; 4931: Vận tải hành khách đường bộ trong nội thành, ngoại thành (trừ vận tải bằng xe buýt)-; 5820: Xuất bản phần mềm-Chi ti",internet
316131591,CÔNG TY TNHH CHUYÊN SỈ TRẦN TRÚC,CÔNG TY TNHH CHUYÊN SỈ TRẦN TR,Công ty trách nhiệm hữu hạn một thành viên,"126 Đường Số 44, Phường 10, Quận 6, Thành phố Hồ Chí Minh, Việt Nam",Quận 6,5210: Kho bãi và lưu giữ hàng hóa-Chi tiết : Kho bãi và lưu giữ hàng hóa trong kho loại khác; 5229: Hoạt động dịch vụ hỗ trợ khác liên quan đến vận tải-Chi tiết : Dịch vụ hỗ trợ khác liên quan đến vận,internet
316149581,CÔNG TY TNHH  GIÁO DỤC VÀ HUẤN LUYỆN LIVING HAPPY GROUP,CÔNG TY TNHH  GIÁO DỤC VÀ HUẤN,Công ty trách nhiệm hữu hạn một thành viên,"Lô Thương Mại mã số 03.21 dự án Trung tâm dịch vụ và căn hộ tại số 1472 Võ Văn Kiệt  , Phường 03, Quận 6, Thành phố Hồ Chí Minh, Việt Nam",Quận 6,"7490: Hoạt động chuyên môn, khoa học và công nghệ khác chưa được phân vào đâu-Chi tiết: Nghiên cứu, ứng dụng và chuyển giao trong các lĩnh vực tâm lý và xã hội học;8230: Tổ chức giới thiệu và xúc tiến",internet
316149479,CÔNG TY TNHH DAC FURNITURE,CÔNG TY TNHH DAC FURNITURE,Công ty trách nhiệm hữu hạn hai thành viên trở lên,"R23/39/32 Cư Xá Phú Lâm A, Phường 12, Quận 6, Thành phố Hồ Chí Minh, Việt Nam",Quận 6,"3290: Sản xuất khác chưa được phân vào đâu-Chi tiết: sản xuất hàng trang trí nội thất, ngoại thất;5012: Vận tải hàng hóa ven biển và viễn dương-;5021: Vận tải hành khách đường thuỷ nội địa-;5022: Vận ",internet
316159903,CÔNG TY TNHH ĐIỆN TỬ VIỄN THÔNG VĨNH PHONG,CÔNG TY TNHH ĐIỆN TỬ VIỄN THÔN,Công ty trách nhiệm hữu hạn hai thành viên trở lên,"336/97 Nguyễn Văn Luông, Phường 12, Quận 6, Thành phố Hồ Chí Minh, Việt Nam",Quận 6,"4329: Lắp đặt hệ thống xây dựng khác-Chi tiết: Lắp đặt thang máy, cầu thang tự động, các loại cửa tự động, hệ thống hút bụi, hệ thống âm thanh; Lắp đặt hệ thống phòng cháy chữa cháy, hệ thống báo cháy",internet
316185692,CÔNG TY TNHH CUNG ỨNG VẠN KHANG,CÔNG TY TNHH CUNG ỨNG VẠN KHAN,Công ty trách nhiệm hữu hạn hai thành viên trở lên,"115/21 Phạm Đình Hổ, Phường 06, Quận 6, Thành phố Hồ Chí Minh, Việt Nam",Quận 6,"4791: Bán lẻ theo yêu cầu đặt hàng qua bưu điện hoặc internet-(trừ kinh doanh khí dầu mỏ hóa lỏng LPG, trừ mua bán vàng miếng, súng, đạn loại dùng đi săn hoặc thể thao và thực hiện theo Quyết định 64/",internet
316195725,CÔNG TY TNHH LACOMO,CÔNG TY TNHH LACOMO,Công ty trách nhiệm hữu hạn một thành viên,"97 Đường số 8, Phường 13, Quận 6, Thành phố Hồ Chí Minh, Việt Nam",Quận 6,"3312: Sửa chữa máy móc, thiết bị-(trừ gia công cơ khí, tái chế phế thải, xi mạ điện tại trụ sở);3313: Sửa chữa thiết bị điện tử và quang học-;3314: Sửa chữa thiết bị điện-Chi tiết: sửa chữa thiết bị đ",internet
316221051,CÔNG TY TNHH TIN HỌC QUANG TÂM,CÔNG TY TNHH TIN HỌC QUANG TÂM,Công ty trách nhiệm hữu hạn một thành viên,"947 Lò Gốm, Phường 08, Quận 6, Thành phố Hồ Chí Minh, Việt Nam",Quận 6,"3319: Sửa chữa thiết bị khác-Chi tiết: Dịch vụ bảo trì, sửa chữa các thiết bị văn phòng.Thi công, lắp đặt và bảo trì, sửa chữa hệ thống mạng LAN, WAN, thiết bị mạng;4329: Lắp đặt hệ thống xây dựng khá",lap top
316240939,CÔNG TY TNHH VANG VỌNG TRỐNG CHẦU,CÔNG TY TNHH VANG VỌNG TRỐNG C,Công ty trách nhiệm hữu hạn một thành viên,"131/9 Đường số 10, Phường 13, Quận 6, Thành phố Hồ Chí Minh, Việt Nam",Quận 6,"1811: In ấn-(trừ in tráng bao bì kim loại, in trên sản phẩm vải, sợi, dệt, may đan);1812: Dịch vụ liên quan đến in-;1820: Sao chép bản ghi các loại-(có nội dung được phép lưu hành);4329: Lắp đặt hệ th",internet
316216326,CÔNG TY TNHH YASS VIỆT NAM,CÔNG TY TNHH YASS VIỆT NAM,Công ty trách nhiệm hữu hạn hai thành viên trở lên,"28 Đường số 4, Phường 11, Quận 6, Thành phố Hồ Chí Minh, Việt Nam",Quận 6,"4690: Bán buôn tổng hợp-(không tồn trữ  hóa chất; trừ bán buôn phế liệu, phế thải kim loại, phi kim loại, khí dầu mỏ hóa lỏng LPG và thực hiện theo Quyết định 64/2009/QĐ-UBND ngày 21/7/2009 của Ủy ban",internet
316247998,CÔNG TY TNHH HOTAKI,CÔNG TY TNHH HOTAKI,Công ty trách nhiệm hữu hạn hai thành viên trở lên,"165/21A1 Văn Thân, Phường 08, Quận 6, Thành phố Hồ Chí Minh, Việt Nam",Quận 6,"8299: Hoạt động dịch vụ hỗ trợ kinh doanh khác còn lại chưa được phân vào đâu-Chi tiết: Xuất nhập khẩu các mặt hàng Công ty kinh doanh;4764: Bán lẻ trò chơi, đồ chơi trong các cửa hàng chuyên doanh-(k",internet
316271126,CÔNG TY TNHH THƯƠNG MẠI VÀ DỊCH VỤ AMANDACAT,CÔNG TY TNHH THƯƠNG MẠI VÀ DỊC,Công ty trách nhiệm hữu hạn một thành viên,"112 Phan Văn Khỏe, Phường 05, Quận 6, Thành phố Hồ Chí Minh, Việt Nam",Quận 6,"4789: Bán  lẻ hàng hóa khác lưu động hoặc tại chợ-(trừ bán lẻ bình gas, khí dầu mỏ hóa lỏng LPG, dầu nhớt cặn, vàng miếng, súng, đạn loại dùng đi săn hoặc thể thao và tiền kim khí; trừ bán lẻ hóa chất",internet
316299756,CÔNG TY TNHH ÁNH SÁNG VIỆT NHẬT,CÔNG TY TNHH ÁNH SÁNG VIỆT NHẬ,Công ty trách nhiệm hữu hạn một thành viên,"425/2 Bến Phú Lâm, Phường 09, Quận 6, Thành phố Hồ Chí Minh, Việt Nam",Quận 6,"4711: Bán lẻ lương thực, thực phẩm, đồ uống, thuốc lá, thuốc lào chiếm tỷ trọng lớn trong các cửa hàng kinh doanh tổng hợp--(Thực hiện theo Quyết định số 64/2009/QĐ-UBND ngày 31/7/2009 và Quyết định s",internet
316301388,CÔNG TY TNHH ĐẦU TƯ PHÁT TRIỂN DỊCH VỤ MINH THANH,CÔNG TY TNHH ĐẦU TƯ PHÁT TRIỂN,Công ty trách nhiệm hữu hạn một thành viên,"31 Đường số 53, Phường 10, Quận 6, Thành phố Hồ Chí Minh, Việt Nam",Quận 6,"4652: Bán buôn thiết bị và linh kiện điện tử, viễn thông-Chi tiết: Bán buôn điện thoại cố định di động, máy nhắn tin, máy bộ đàm, thiết bị điện tử viễn thông, thiết bị điện tử điề",internet
316307710,CÔNG TY TNHH  MỘT THÀNH VIÊN HIỆP UY THÀNH,CÔNG TY TNHH  MỘT THÀNH VIÊN H,Công ty trách nhiệm hữu hạn một thành viên,"49 Đường số 22, Phường 11, Quận 6, Thành phố Hồ Chí Minh, Việt Nam",Quận 6,"4649: Bán buôn đồ dùng khác cho gia đình-Chi tiết: - Bán buôn đồ điện gia dụng, đèn và bộ đèn điện;4652: Bán buôn thiết bị và linh kiện điện tử, viễn thông-;4659: Bán buôn máy móc, thiết bị và phụ tùn",internet
316310914,CÔNG TY CỔ PHẦN SACO INC,CÔNG TY CỔ PHẦN SACO INC,Công ty cổ phần,"210/16 Nguyễn Văn Luông, Phường 11, Quận 6, Thành phố Hồ Chí Minh, Việt Nam",Quận 6,"4651: Bán buôn máy vi tính, thiết bị ngoại vi và phần mềm-;4652: Bán buôn thiết bị và linh kiện điện tử, viễn thông-;4719: Bán lẻ  khác trong các cửa hàng kinh doanh tổng hợp-chi tiết: Bán lẻ quần áo,",internet
316355288,CÔNG TY TNHH BUSINESS SOFTWARE AND SOLUTION,CÔNG TY TNHH BUSINESS SOFTWARE,Công ty trách nhiệm hữu hạn hai thành viên trở lên,"53 Kinh Dương Vương, Phường 12, Quận 6, Thành phố Hồ Chí Minh, Việt Nam",Quận 6,"4651: Bán buôn máy vi tính, thiết bị ngoại vi và phần mềm-;4652: Bán buôn thiết bị và linh kiện điện tử, viễn thông-;6201: Lập trình máy vi tính-Chi tiết: Sản xuất phần mềm;6202: Tư vấn máy vi tính và",software
316354887,CÔNG TY TNHH TMDV THIÊN BẢO,CÔNG TY TNHH TMDV THIÊN BẢO,Công ty trách nhiệm hữu hạn một thành viên,"76/23 Bà Hom, Phường 13, Quận 6, Thành phố Hồ Chí Minh, Việt Nam",Quận 6,"4791: Bán lẻ theo yêu cầu đặt hàng qua bưu điện hoặc internet-Chi tiết: Bán lẻ các loại hàng hóa qua internet (trừ bán lẻ bình gas, khí dầu mỏ hóa lỏng LPG, dầu nhớt cặn, vàng miếng, súng, đạn loại dù",internet
316369347,CÔNG TY TNHH THƯƠNG MẠI DỊCH VỤ NGUYỄN GIA HERB,CÔNG TY TNHH THƯƠNG MẠI DỊCH V,Công ty trách nhiệm hữu hạn một thành viên,"21 Đường 36, Phường 10, Quận 6, Thành phố Hồ Chí Minh, Việt Nam",Quận 6,0111: Trồng lúa-(không hoạt động tại trụ sở);0112: Trồng ngô và cây lương thực có hạt khác-(không hoạt động tại trụ sở);0113: Trồng cây lấy củ có chất bột-(không hoạt động tại trụ sở);0114: Trồng cây ,internet
316387829,CÔNG TY TNHH SẢN XUẤT THƯƠNG MẠI ĐẦU TƯ HÀ NGUYÊN,CÔNG TY TNHH SẢN XUẤT THƯƠNG M,Công ty trách nhiệm hữu hạn một thành viên,"Số 242/14A Bà Hom, Phường 13, Quận 6, Thành phố Hồ Chí Minh, Việt Nam",Quận 6,"4610: Đại lý, môi giới, đấu giá hàng hóa-Chi tiết: Đại lý, môi giới hàng hóa;2219: Sản xuất sản phẩm khác từ cao su-(trừ luyện cán cao su, tái chế phế thải, thuộc da, sản xuất xốp cách nhiệt sử dụng g",internet
316395315,CÔNG TY TNHH SẢN XUẤT THƯƠNG MẠI TRS,CÔNG TY TNHH SẢN XUẤT THƯƠNG M,Công ty trách nhiệm hữu hạn hai thành viên trở lên,"365/26/5 Hậu Giang, Phường 11, Quận 6, Thành phố Hồ Chí Minh, Việt Nam",Quận 6,"1079: Sản xuất thực phẩm khác chưa được phân vào đâu-(trừ sản xuất, chế biến thực phẩm tươi sống, nước chấm các loại, muối, dầu ăn tại trụ sở);2750: Sản xuất đồ điện dân dụng-;2817: Sản xuất máy móc v",internet
316408250,CÔNG TY TNHH BÁCH HÓA NÔNG,CÔNG TY TNHH BÁCH HÓA NÔNG,Công ty trách nhiệm hữu hạn hai thành viên trở lên,"212 Chợ Lớn, Phường 11, Quận 6, Thành phố Hồ Chí Minh, Việt Nam",Quận 6,"4632: Bán buôn thực phẩm-Chi tiết: Bán buôn rau, quả, cà phê, chè, đường, sữa và các sản phẩm từ sữa, bánh kẹo và các sản phẩm chế biến từ bột ngũ cốc, bột, tinh bột, bán buôn buôn thực phẩm khác (khô",internet
316420018,CÔNG TY TNHH  SẢN XUẤT THƯƠNG MẠI XUẤT NHẬP KHẨU TRUNG KIÊN,CÔNG TY TNHH  SẢN XUẤT THƯƠNG ,Công ty trách nhiệm hữu hạn một thành viên,"Số 110/66 Bà Hom, Phường 13, Quận 6, Thành phố Hồ Chí Minh, Việt Nam",Quận 6,"1410: May trang phục (trừ trang phục từ da lông thú)-(không tẩy, nhuộm, hồ, in trên các sản phẩm vải sợi, dệt, may, đan và gia công hàng đã qua sử dụng tại trụ sở).;1313: Hoàn thiện sản phẩm dệt-Chi t",internet
316432077,CÔNG TY TNHH NÔNG SẢN THỰC PHẨM HUY NAM,CÔNG TY TNHH NÔNG SẢN THỰC PHẨ,Công ty trách nhiệm hữu hạn hai thành viên trở lên,"753/7A Lò Gốm, Phường 09, Quận 6, Thành phố Hồ Chí Minh, Việt Nam",Quận 6,"0810: Khai thác đá, cát, sỏi, đất sét-(không hoạt động tại trụ sở);4791: Bán lẻ theo yêu cầu đặt hàng qua bưu điện hoặc internet-(trừ bán lẻ hóa chất, khí dầu mỏ hóa lỏng LPG, dầu nhớt cặn, vàng miếng",internet
316453422,CÔNG TY TNHH THƯƠNG MẠI DỊCH VỤ ĐẠI KIẾN THỊNH,CÔNG TY TNHH THƯƠNG MẠI DỊCH V,Công ty trách nhiệm hữu hạn hai thành viên trở lên,"144 Đường Vành Đai, Phường 10, Quận 6, Thành phố Hồ Chí Minh, Việt Nam",Quận 6,"4663: Bán buôn vật liệu, thiết bị lắp đặt khác trong xây dựng-Chi tiết: Bán buôn nhôm, kính xây dựng. Bán buôn vật liệu xây dựng. Bán buôn các thiết bị sử dụng trong xây dựng. Bán buôn gỗ cây và gỗ ch",internet
316459304,CÔNG TY TNHH THƯƠNG MẠI DỊCH VỤ TRUYỀN THÔNG SCOOTER,CÔNG TY TNHH THƯƠNG MẠI DỊCH V,Công ty trách nhiệm hữu hạn một thành viên,"980/3A Lò Gốm, Phường 08, Quận 6, Thành phố Hồ Chí Minh, Việt Nam",Quận 6,7310: Quảng cáo-;7410: Hoạt động thiết kế chuyên dụng-(trừ thiết kế công trình xây dựng).;7420: Hoạt động nhiếp ảnh-(trừ sản xuất phim);1811: In ấn-;1812: Dịch vụ liên quan đến in-;5912: Hoạt động hậu,internet
316472464,CÔNG TY CỔ PHẦN ATTOMOTO TECHNOLOGY,CÔNG TY CỔ PHẦN ATTOMOTO TECHN,Công ty cổ phần,"733 Hồng Bàng, Phường 06, Quận 6, Thành phố Hồ Chí Minh, Việt Nam",Quận 6,"0119: Trồng cây hàng năm khác-;0129: Trồng cây lâu năm  khác-;0163: Hoạt động dịch vụ sau thu hoạch-;4610: Đại lý, môi giới, đấu giá hàng hóa-(trừ đấu giá tài sản);4620: Bán buôn nông, lâm sản nguyên ",technology
316448782,CÔNG TY TNHH EFFORTLESS INTERNATIONAL EXPORT IMPORT,CÔNG TY TNHH EFFORTLESS INTERN,Công ty trách nhiệm hữu hạn hai thành viên trở lên,"361 Lê Quang Sung, Phường 09, Quận 6, Thành phố Hồ Chí Minh, Việt Nam",Quận 6,"4610: Đại lý, môi giới, đấu giá hàng hóa-Chi tiết: Đại lý, môi giới hàng hóa;4632: Bán buôn thực phẩm-(không hoạt đọng tại trụ sở);4633: Bán buôn đồ uống-;4641: Bán buôn vải, hàng may mặc, giày dép-;4",internet
316475352,CÔNG TY TNHH TM - DV - VT KỸ THUẬT HOÀNG PHÚC,CÔNG TY TNHH TM  DV  VT KỸ THU,Công ty trách nhiệm hữu hạn một thành viên,"4C Đường Lý Chiêu Hoàng, Cư xá Phú Lâm D, Phường 10, Quận 6, Thành phố Hồ Chí Minh, Việt Nam",Quận 6,"2410: Sản xuất sắt, thép, gang-(không hoạt động tại trụ sở);2511: Sản xuất các cấu kiện kim loại-(không hoạt động tại trụ sở);2512: Sản xuất thùng, bể chứa và dụng cụ chứa đựng bằng kim loại-(không ho",internet
316466929,CÔNG TY CỔ PHẦN THE QUIN,CÔNG TY CỔ PHẦN THE QUIN,Công ty cổ phần,"483 Hậu Giang, Phường 11, Quận 6, Thành phố Hồ Chí Minh, Việt Nam",Quận 6,"1050: Chế biến sữa và các sản phẩm từ sữa-;1071: Sản xuất các loại bánh từ bột-;1073: Sản xuất ca cao, sôcôla và bánh kẹo-;1104: Sản xuất đồ uống không cồn, nước khoáng-;4632: Bán buôn thực phẩm-Chi t",internet
316499184,CÔNG TY TNHH SMARTKING,CÔNG TY TNHH SMARTKING,Công ty trách nhiệm hữu hạn một thành viên,"131/14/2 Kinh Dương Vương, Phường 12, Quận 6, Thành phố Hồ Chí Minh, Việt Nam",Quận 6,"4530: Bán phụ tùng và các bộ phận phụ trợ của ô tô và xe có động cơ khác-;4543: Bán phụ tùng và các bộ phận phụ trợ của mô tô, xe máy-;4641: Bán buôn vải, hàng may mặc, giày dép-;4649: Bán buôn đồ dùn",internet
316503747,CÔNG TY TNHH KING ATTORNEY TECHNOLOGY,CÔNG TY TNHH KING ATTORNEY TEC,Công ty trách nhiệm hữu hạn hai thành viên trở lên,"28D Lý Chiêu Hoàng, Phường 10, Quận 6, Thành phố Hồ Chí Minh, Việt Nam",Quận 6,"6201: Lập trình máy vi tính-Chi tiết: Lập trình phần mềm. Dịch vụ thiết kế website cá nhân, doanh nghiệp, trang tin điện tử;6202: Tư vấn máy vi tính và quản trị hệ thống máy vi tính-Chi tiết: Lập và t",technology
316561410,CÔNG TY TNHH LỰC TÍN,CÔNG TY TNHH LỰC TÍN,Công ty trách nhiệm hữu hạn hai thành viên trở lên,"255 Đường Phan Văn Khỏe, Phường 05, Quận 6, Thành phố Hồ Chí Minh, Việt Nam",Quận 6,"1811: In ấn-(trừ in tráng bao bì kim loại, in trên sản phẩm vải, sợi, dệt, may đan tại trụ sở);1812: Dịch vụ liên quan đến in-;1820: Sao chép bản ghi các loại-;2220: Sản xuất sản phẩm từ p",internet
316520647,CÔNG TY TNHH TÔN HÀNH GIẢ,CÔNG TY TNHH TÔN HÀNH GIẢ,Công ty trách nhiệm hữu hạn hai thành viên trở lên,"27/29 Kinh Dương Vương, Phường 12, Quận 6, Thành phố Hồ Chí Minh, Việt Nam",Quận 6,"5610: Nhà hàng và các dịch vụ ăn uống phục vụ lưu động-Chi tiết: Nhà hàng, quán ăn uống (trừ quán bar, quán giải khát có khiêu vũ);5621: Cung cấp dịch vụ ăn uống theo hợp đồng không thường xuyên với k",internet
316547293,CÔNG TY TNHH IKOTO,CÔNG TY TNHH IKOTO,Công ty trách nhiệm hữu hạn một thành viên,"27/27 Văn Thân, Phường 08, Quận 6, Thành phố Hồ Chí Minh, Việt Nam",Quận 6,"4649: Bán buôn đồ dùng khác cho gia đình-Chi tiết: Xuất khẩu, nhập khẩu, bán buôn vali, cặp, túi, ví, hàng da và giả da khác; đồ kim chỉ: kim, chỉ khâu, ô dù, dao, kéo;
Xuất khẩu, nhập khẩu, bán buôn ",internet
316540675,CÔNG TY TNHH THƯƠNG MẠI QUẢNG CÁO TRƯỜNG THỊNH,CÔNG TY TNHH THƯƠNG MẠI QUẢNG ,Công ty trách nhiệm hữu hạn một thành viên,"63/17/2 Lý Chiêu Hoàng, Phường 10, Quận 6, Thành phố Hồ Chí Minh, Việt Nam",Quận 6,"1811: In ấn-;1812: Dịch vụ liên quan đến in-;4641: Bán buôn vải, hàng may mặc, giày dép-;4649: Bán buôn đồ dùng khác cho gia đình-(trừ dược phẩm);4651: Bán buôn máy vi tính, thiết bị ngoại vi và phần ",internet
316552399,CÔNG TY TNHH KD TM DV MINH ANH,CÔNG TY TNHH KD TM DV MINH ANH,Công ty trách nhiệm hữu hạn một thành viên,"31 Kinh Dương Vương, Phường 12, Quận 6, Thành phố Hồ Chí Minh, Việt Nam",Quận 6,1062: Sản xuất tinh bột và các sản phẩm từ tinh bột-;4722: Bán lẻ thực phẩm trong các cửa hàng chuyên doanh-(thực hiện theo Quyết định số 64/2009/QĐ-UBND ngày 31/07/2009 và Quyết định số 79/2009/QĐ-UB,internet
316562911,CÔNG TY TNHH TRUYỀN THÔNG QUẢNG CÁO VÀ TỔ CHỨC SỰ KIỆN THẾ GIỚI MỚI,CÔNG TY TNHH TRUYỀN THÔNG QUẢN,Công ty trách nhiệm hữu hạn hai thành viên trở lên,"133/24 Văn Thân, Phường 08, Quận 6, Thành phố Hồ Chí Minh, Việt Nam",Quận 6,"9000: Hoạt động sáng tác, nghệ thuật và giải trí-(trừ kinh doanh vũ trường, phòng trà ca nhạc và không thực hiện các hiệu ứng cháy, nổ; không sử dụng chất nổ, chất cháy, hóa chất làm đạo cụ, dụng cụ t",internet
316571306,CÔNG TY TRÁCH NHIỆM HỮU HẠN CHIN CHINO,CÔNG TY TRÁCH NHIỆM HỮU HẠN CH,Công ty trách nhiệm hữu hạn một thành viên,"490/34 Phạm Văn Chí, Phường 08, Quận 6, Thành phố Hồ Chí Minh, Việt Nam",Quận 6,"4785: Bán lẻ hàng văn hóa, giải trí lưu động hoặc tại chợ-;4789: Bán  lẻ hàng hóa khác lưu động hoặc tại chợ-(trừ bán lẻ bình gas, khí dầu mỏ hóa lỏng LPG, dầu nhớt cặn, vàng miếng, súng, đạn loại dùn",internet
316750520,CÔNG TY TNHH Y TÂM ĐƯỜNG,CÔNG TY TNHH Y TÂM ĐƯỜNG,Công ty trách nhiệm hữu hạn một thành viên,"147/27 Nguyễn Văn Luông, Phường 10, Quận 6, Thành phố Hồ Chí Minh, Việt Nam",Quận 6,"7490: Hoạt động chuyên môn, khoa học và công nghệ khác chưa được phân vào đâu-(trừ hoạt động của các nhà báo độc lập, hoạt động đánh giá, thanh toán hối phiếu, thông tin tỉ lệ lượng và tư vấn chứng kh",internet
316582467,CÔNG TY TNHH XUẤT NHẬP KHẨU RIGT VIỆT NAM,CÔNG TY TNHH XUẤT NHẬP KHẨU RI,Công ty trách nhiệm hữu hạn hai thành viên trở lên,"Số 23, Đường Cao Văn Lầu, Phường 01, Quận 6, Thành phố Hồ Chí Minh, Việt Nam",Quận 6,"4633: Bán buôn đồ uống-;4641: Bán buôn vải, hàng may mặc, giày dép-;4649: Bán buôn đồ dùng khác cho gia đình-Chi tiết: 
- Bán buôn nước hoa, hàng mỹ phẩm và chế phẩm vệ sinh (trừ mỹ phẩm có hại cho sứ",internet
316572645,CÔNG TY TNHH GIẢI PHÁP PHẦN MỀM MASON AITECH,CÔNG TY TNHH GIẢI PHÁP PHẦN MỀ,Công ty trách nhiệm hữu hạn hai thành viên trở lên,"254/16B Nguyễn Văn Luông, Phường 11, Quận 6, Thành phố Hồ Chí Minh, Việt Nam",Quận 6,6312: Cổng thông tin-Chi tiết: Dịch vụ cơ sở dữ liệu; dịch vụ thương mại điện tử.;8299: Hoạt động dịch vụ hỗ trợ kinh doanh khác còn lại chưa được phân vào đâu-Chi tiết: xuất nhập khẩu các mặt hàng cô,internet
109192324,CÔNG TY TNHH K33,CÔNG TY TNHH K33,Công ty trách nhiệm hữu hạn một thành viên,"304 Phạm Văn Chí, Phường 04, Quận 6, Thành phố Hồ Chí Minh, Việt Nam",Quận 6,"6820: Tư vấn, môi giới, đấu giá bất động sản, đấu giá quyền sử dụng đất-Chi tiết:
- Dịch vụ môi giới bất động sản
- Dịch vụ tư vấn bất động sản
- Dịch vụ quản lý bất động sản;4651: Bán buôn máy vi tín",internet
316636497,CÔNG TY CỔ PHẦN CÔNG NGHỆ BEE,CÔNG TY CỔ PHẦN CÔNG NGHỆ BEE,Công ty cổ phần,"L64 Đường Cư xá Phú Lâm A, Phường 12, Quận 6, Thành phố Hồ Chí Minh, Việt Nam",Quận 6,"1410: May trang phục (trừ trang phục từ da lông thú)-(trừ tẩy, nhuộm, hồ, in trên các sản phẩm vải, sợi, may đan và không gia công hàng qua sử dụng tại trụ sở);1629: Sản xuất sản phẩm khác từ gỗ; sản ",internet
316630375,CÔNG TY TNHH TM DV DU LỊCH GOZON,CÔNG TY TNHH TM DV DU LỊCH GOZ,Công ty trách nhiệm hữu hạn một thành viên,"235E/53 Mai Xuân Thưởng, Phường 06, Quận 6, Thành phố Hồ Chí Minh, Việt Nam",Quận 6,"7912: Điều hành tua du lịch-;7990: Dịch vụ đặt chỗ và các dịch vụ hỗ trợ liên quan đến quảng bá và tổ chức tua du lịch-;4610: Đại lý, môi giới, đấu giá hàng hóa-Chi tiết: Đại lý, môi giới;4791: Bán lẻ",internet
316657722,CÔNG TY TNHH HAIR SALON CHÍ THIỆN,CÔNG TY TNHH HAIR SALON CHÍ TH,Công ty trách nhiệm hữu hạn hai thành viên trở lên,"453 Đường Phạm Văn Chí, Phường 07, Quận 6, Thành phố Hồ Chí Minh, Việt Nam",Quận 6,"4649: Bán buôn đồ dùng khác cho gia đình-Chi tiết: - Bán buôn dược phẩm và dụng cụ y tế; - Bán buôn nước hoa, hàng mỹ phẩm và chế phẩm vệ sinh;4772: Bán lẻ thuốc, dụng cụ y tế, mỹ phẩm và vật phẩm vệ ",internet
316104118,CÔNG TY TNHH MTV THƯƠNG MẠI BÁCH HÓA PHÚ THỊNH,CÔNG TY TNHH MTV THƯƠNG MẠI BÁ,Công ty trách nhiệm hữu hạn một thành viên,"424/9/12 Nguyễn Văn Luông, Phường 12, Quận 6, Thành phố Hồ Chí Minh, Việt Nam",Quận 6,4722: Bán lẻ thực phẩm trong các cửa hàng chuyên doanh-(thực hiện theo Quyết định số 64/2009/QĐ-UBND ngày 31/07/2009 và Quyết định số 79/2009/QĐ-UBND ngày 17/10/2009 của Ủy Ban Nhân Dân TP. Hồ Chí Min,internet
316304371,CÔNG TY TNHH TIẾP VẬN GREAT SEA,CÔNG TY TNHH TIẾP VẬN GREAT SE,Công ty trách nhiệm hữu hạn hai thành viên trở lên,"208/5/5 Bà Hom, Phường 13, Quận 6, Thành phố Hồ Chí Minh, Việt Nam",Quận 6,"5229: Hoạt động dịch vụ hỗ trợ khác liên quan đến vận tải-Chi tiết: - Gửi hàng; - Giao nhận hàng hóa; - Thu, phát các chứng từ vận tải và vận đơn; - Hoạt động của đại lý làm thủ tục hải quan; - Môi gi",internet
316458847,CÔNG TY TNHH DRAGON WORLD,CÔNG TY TNHH DRAGON WORLD,Công ty trách nhiệm hữu hạn hai thành viên trở lên,"165/18 Nguyễn Văn Luông, Phường 10, Quận 6, Thành phố Hồ Chí Minh, Việt Nam",Quận 6,"4610: Đại lý, môi giới, đấu giá hàng hóa-Chi tiết: Đại lý. Môi giới.;4620: Bán buôn nông, lâm sản nguyên liệu (trừ gỗ, tre, nứa) và động vật sống-(không hoạt động tại trụ sở);4632: Bán buôn thực phẩm-",internet
316552649,CÔNG TY TNHH THƯƠNG MẠI DỊCH VỤ NHÀ HÀNG ĂN UỐNG HƯƠNG VIỆT,CÔNG TY TNHH THƯƠNG MẠI DỊCH V,Công ty trách nhiệm hữu hạn một thành viên,"Số 39 Lô I1, Đường 32C, Phường 10, Quận 6, Thành phố Hồ Chí Minh, Việt Nam",Quận 6,"1075: Sản xuất món ăn, thức ăn chế biến sẵn-;4633: Bán buôn đồ uống-Chi tiết: Bán buôn rượu bia;4721: Bán lẻ lương thực trong các cửa hàng chuyên doanh-(thực hiện theo quyết định 64/2009/QĐ-UBND ngày ",internet
316572821,CÔNG TY TNHH THƯƠNG MẠI DỊCH VỤ XUẤT NHẬP KHẨU THÔNG ĐẠI LỢI,CÔNG TY TNHH THƯƠNG MẠI DỊCH V,Công ty trách nhiệm hữu hạn một thành viên,"890/6 An Dương Vương, Phường 13, Quận 6, Thành phố Hồ Chí Minh, Việt Nam",Quận 6,"4719: Bán lẻ  khác trong các cửa hàng kinh doanh tổng hợp-(trừ bán lẻ hóa chất, khí dầu mỏ hóa lỏng LPG, dầu nhớt cặn, vàng miếng, súng, đạn loại dùng đi săn hoặc thể thao và tiền kim khí; Thực hiện t",internet
316614006,CÔNG TY TNHH THIẾT KẾ WEBSITE TECH FASHION,CÔNG TY TNHH THIẾT KẾ WEBSITE ,Công ty trách nhiệm hữu hạn một thành viên,"233/51 Hậu Giang, Phường 05, Quận 6, Thành phố Hồ Chí Minh, Việt Nam",Quận 6,"6399: Dịch vụ thông tin khác chưa được phân vào đâu-Dịch vụ thông tin khác chưa được phân vào đâu
Chi tiết: Dịch vụ cung cấp thông tin lên mạng Internet (không kinh doanh đại lý cung cấp dịch vụ truy ",internet
316657088,CÔNG TY TNHH CONSULTING 2KZ,CÔNG TY TNHH CONSULTING 2KZ,Công ty trách nhiệm hữu hạn một thành viên,"551/34G/11 Phạm Văn Chí, Phường 07, Quận 6, Thành phố Hồ Chí Minh, Việt Nam",Quận 6,"7310: Quảng cáo-;8230: Tổ chức giới thiệu và xúc tiến thương mại-Chi tiết: Tiếp thị, truyền thông thương hiệu. (không thực hiện các hiệu ứng cháy, nổ, không sử dụng chất nổ, chất cháy, hóa chất làm đạ",internet
316681475,CÔNG TY TNHH NỘI THẤT KHÁNH THI,CÔNG TY TNHH NỘI THẤT KHÁNH TH,Công ty trách nhiệm hữu hạn một thành viên,"467 Hậu Giang, Phường 11, Quận 6, Thành phố Hồ Chí Minh, Việt Nam",Quận 6,"4641: Bán buôn vải, hàng may mặc, giày dép-Chi tiết : Bán buôn thảm, đệm, chăn, màn, rèm, ga trải giường, gối và hàng dệt khác;4649: Bán buôn đồ dùng khác cho gia đình-;4753: Bán lẻ thảm, đệm, chăn, m",internet
316678514,CÔNG TY TNHH SẢN XUẤT VÀ DỊCH VỤ THUẬN THÀNH,CÔNG TY TNHH SẢN XUẤT VÀ DỊCH ,Công ty trách nhiệm hữu hạn hai thành viên trở lên,"216/17B Nguyễn Văn Luông, Phường 11, Quận 6, Thành phố Hồ Chí Minh, Việt Nam",Quận 6,"4669: Bán buôn chuyên doanh khác chưa được phân vào đâu-(trừ bán buôn hóa chất, khí dầu mỏ hóa lỏng LPG, dầu nhớt cặn, vàng miếng, súng, đạn loại dùng đi săn hoặc thể thao và tiền kim khí; Thực hiện t",internet
316686191,CÔNG TY TNHH PHÁT TRIỂN THƯƠNG MẠI SÀI GÒN TECH,CÔNG TY TNHH PHÁT TRIỂN THƯƠNG,Công ty trách nhiệm hữu hạn một thành viên,"192/1 Nguyễn Văn Luông, Phường 11, Quận 6, Thành phố Hồ Chí Minh, Việt Nam",Quận 6,6399: Dịch vụ thông tin khác chưa được phân vào đâu-Chi tiết: Các dịch vụ thông tin qua điện thoại; Các dịch vụ tìm kiếm thông tin thông qua hợp đồng hay trên cơ sở phí; Cung cấp dịch vụ gia tăng trên,internet
316692445,CÔNG TY TNHH NANSTECH VIỆT NAM,CÔNG TY TNHH NANSTECH VIỆT NAM,Công ty trách nhiệm hữu hạn một thành viên,"1/10 đường Bà Lài, Phường 08, Quận 6, Thành phố Hồ Chí Minh, Việt Nam",Quận 6,"4759: Bán lẻ đồ điện gia dụng, giường, tủ, bàn, ghế và đồ nội thất tương tự, đèn và bộ đèn điện, đồ dùng gia đình khác chưa được phân vào đâu  trong các cửa hàng chuyên doanh-Bán lẻ đồ điện gia dụng, ",internet
316690046,CÔNG TY TNHH DỊCH VỤ THUẬN HẢI,CÔNG TY TNHH DỊCH VỤ THUẬN HẢI,Công ty trách nhiệm hữu hạn một thành viên,"974/11D Lò Gốm, Phường 08, Quận 6, Thành phố Hồ Chí Minh, Việt Nam",Quận 6,"6312: Cổng thông tin-Chi tiết: Thiết lập trang thông tin điện tử tổng hợp, mạng xã hội;7020: Hoạt động tư vấn quản lý-(trừ tư vấn tài chính, kế toán, pháp lý).;6311: Xử lý dữ liệu, cho thuê và các hoạ",internet
316700946,CÔNG TY TNHH SGA - TECHS SOLUTION,CÔNG TY TNHH SGA  TECHS SOLUTI,Công ty trách nhiệm hữu hạn hai thành viên trở lên,"162/13 Tân Hòa Đông, Phường 14, Quận 6, Thành phố Hồ Chí Minh, Việt Nam",Quận 6,"4791: Bán lẻ theo yêu cầu đặt hàng qua bưu điện hoặc internet-(trừ bán lẻ bình gas, súng, đạn loại dùng đi săn hoặc thể thao và tiền kim khí; Thực hiện theo Quyết định 64/2009/QDD-UBND ngày 31/7/2009 ",internet
316713261,CÔNG TY TNHH QUÁCH HƯƠNG,CÔNG TY TNHH QUÁCH HƯƠNG,Công ty trách nhiệm hữu hạn một thành viên,"Số 8 đường Số 2, Phường 11, Quận 6, Thành phố Hồ Chí Minh, Việt Nam",Quận 6,"4773: Bán lẻ hàng hóa khác mới trong các cửa hàng chuyên doanh-Chi tiết: Bán lẻ hàng may mặc, giày dép, hàng da và giả da; Bán lẻ, mỹ phẩm và vật phẩm vệ sinh; Bán lẻ hoa, cây cảnh; Bán lẻ đồng hồ, kí",internet
316715420,CÔNG TY TNHH DỊCH VỤ DUY TÂM,CÔNG TY TNHH DỊCH VỤ DUY TÂM,Công ty trách nhiệm hữu hạn một thành viên,"234 Lê Quang Sung, Phường 06, Quận 6, Thành phố Hồ Chí Minh, Việt Nam",Quận 6,"7020: Hoạt động tư vấn quản lý-(trừ tư vấn kế toán, pháp luật);4719: Bán lẻ khác trong các cửa hàng kinh doanh tổng hợp-(trừ bán lẻ bình gas, khí dầu mỏ hóa lỏng LPG, dầu nhớt cặn, vàng miếng, súng, đ",internet
316721745,CÔNG TY TNHH TMDV QUẢNG CÁO TRUYỀN THÔNG PHONG LAN,CÔNG TY TNHH TMDV QUẢNG CÁO TR,Công ty trách nhiệm hữu hạn một thành viên,"43 Đường số 40, Phường 10, Quận 6, Thành phố Hồ Chí Minh, Việt Nam",Quận 6,"4773: Bán lẻ hàng hóa khác mới trong các cửa hàng chuyên doanh-(trừ bán lẻ bình gas, khí dầu mỏ hóa lỏng LPG, dầu nhớt cặn, vàng miếng, hóa chất, súng, đạn loại dùng đi săn hoặc thể thao va",internet
316725556,CÔNG TY TNHH NHƯ Ý BÌNH AN,CÔNG TY TNHH NHƯ Ý BÌNH AN,Công ty trách nhiệm hữu hạn một thành viên,"78/1A Bà Hom, Phường 13, Quận 6, Thành phố Hồ Chí Minh, Việt Nam",Quận 6,"4789: Bán lẻ hàng hóa khác lưu động hoặc tại chợ-Chi tiết: Bán lẻ nước hoa, mỹ phẩm, vật phẩm vệ sinh; Bán lẻ hàng gốm sứ, thủy tinh lưu động hoặc tại chợ ; Bán lẻ thảm treo tường, thảm trải sàn, đệm,",internet
316730161,CÔNG TY TNHH DỊCH VỤ GIAO NHẬN VẬN TẢI QUỐC TẾ LAN ANH NHI,CÔNG TY TNHH DỊCH VỤ GIAO NHẬN,Công ty trách nhiệm hữu hạn một thành viên,"C18A Đường 9C, Cư xá Phú Lâm B, Phường 13, Quận 6, Thành phố Hồ Chí Minh, Việt Nam",Quận 6,6110: Hoạt động viễn thông có dây-(trừ kinh doanh dịch vụ truy cập internet);6120: Hoạt động viễn thông không dây-(trừ kinh doanh dịch vụ truy cập internet);4652: Bán buôn thiết bị và linh kiện điện t,internet
316730997,CÔNG TY TRÁCH NHIỆM HỮU HẠN MỘT THÀNH VIÊN THỂ THAO AMIGO,CÔNG TY TRÁCH NHIỆM HỮU HẠN MỘ,Công ty trách nhiệm hữu hạn một thành viên,"63 Đường số 74, Phường 10, Quận 6, Thành phố Hồ Chí Minh, Việt Nam",Quận 6,"1079: Sản xuất thực phẩm khác chưa được phân vào đâu-(Trừ hoạt động giết mổ gia súc, gia cầm);4632: Bán buôn thực phẩm-(Không hoạt động tại trụ sở).;4633: Bán buôn đồ uống-;4641: Bán buôn vải, hàng ma",internet
316736621,CÔNG TY TNHH ĐẦU TƯ PHÁT TRIỂN THƯƠNG MẠI DỊCH VỤ SUNNY,CÔNG TY TNHH ĐẦU TƯ PHÁT TRIỂN,Công ty trách nhiệm hữu hạn một thành viên,"129/12 Lý Chiêu Hoàng, Phường 10, Quận 6, Thành phố Hồ Chí Minh, Việt Nam",Quận 6,"4662: Bán buôn kim loại và quặng kim loại-Chi tiết: Bán buôn sắt, thép (inox, thép không gỉ, nhôm, đồng, kẽm, chì, đồ ngũ kim,..);4663: Bán buôn vật liệu, thiết bị lắp đặt khác trong xây dựng-Chi tiết",internet
316740755,CÔNG TY TNHH DỊCH VỤ XUẤT NHẬP KHẨU NÔNG LÂM SẢN ĐỒNG TIẾN VIỆT,CÔNG TY TNHH DỊCH VỤ XUẤT NHẬP,Công ty trách nhiệm hữu hạn hai thành viên trở lên,"43 Đường 11, Phường 13, Quận 6, Thành phố Hồ Chí Minh, Việt Nam",Quận 6,"4322: Lắp đặt hệ thống cấp, thoát nước, hệ thống sưởi và điều hoà không khí-(trừ lắp đặt các thiết bị lạnh (thiết bị cấp đông, kho lạnh, máy đá, điều hòa không khí, làm lạnh nước) sử dụng ga lạnh R22 ",internet
316751877,CÔNG TY TNHH EHUB365,CÔNG TY TNHH EHUB365,Công ty trách nhiệm hữu hạn một thành viên,"Số 209/1D Tân Hoà Đông, Phường 14, Quận 6, Thành phố Hồ Chí Minh, Việt Nam",Quận 6,4799: Bán lẻ hình thức khác chưa được phân vào đâu-Chi tiết: Bán lẻ các loại hàng hóa bằng phương thức khác chưa kể ở trên như: bán trực tiếp hoặc chuyển phát theo địa chỉ; bán thông qua máy bán hàng ,internet
316783029,CÔNG TY TNHH THƯƠNG MẠI DỊCH VỤ BAO BÌ PHƯƠNG ĐÔNG,CÔNG TY TNHH THƯƠNG MẠI DỊCH V,Công ty trách nhiệm hữu hạn hai thành viên trở lên,"187/11/12 Kinh Dương Vương, Phường 12, Quận 6, Thành phố Hồ Chí Minh, Việt Nam",Quận 6,"4659: Bán buôn máy móc, thiết bị và phụ tùng máy khác-;4649: Bán buôn đồ dùng khác cho gia đình-(trừ kinh doanh dược phẩm);2220: Sản xuất sản phẩm từ plastic-Chi tiết: Sản xuất bao bì từ plastic; Sản ",internet
316779618,CÔNG TY TNHH THƯƠNG MẠI SANGJIN VIỆT NAM,CÔNG TY TNHH THƯƠNG MẠI SANGJI,Công ty trách nhiệm hữu hạn một thành viên,"102 Văn Thân, Phường 08, Quận 6, Thành phố Hồ Chí Minh, Việt Nam",Quận 6,"4649: Bán buôn đồ dùng khác cho gia đình-;4659: Bán buôn máy móc, thiết bị và phụ tùng máy khác--Chi tiết: Bán buôn, xuất nhập khẩu, phân phối dây cáp điện;4669: Bán buôn chuyên doanh khác chưa được p",internet
316791012,CÔNG TY TNHH DỊCH VỤ ĐÀO TẠO NGHỀ BEAUTY NGỌC THUÝ ACADEMY,CÔNG TY TNHH DỊCH VỤ ĐÀO TẠO N,Công ty trách nhiệm hữu hạn hai thành viên trở lên,"336/73 Đường Nguyễn Văn Luông , Phường 12, Quận 6, Thành phố Hồ Chí Minh, Việt Nam",Quận 6,"8531: Đào tạo sơ cấp-Chi tiết: Đào tạo nghề;9633: Hoạt động dịch vụ phục vụ hôn lễ-(trừ môi giới kết hôn);7420: Hoạt động nhiếp ảnh-(trừ sản xuất phim).;4659: Bán buôn máy móc, thiết bị và phụ tùng má",internet
316800570,CÔNG TY TNHH TM HOẰNG PHÁT,CÔNG TY TNHH TM HOẰNG PHÁT,Công ty trách nhiệm hữu hạn một thành viên,"Số 40 Đường Số 17, Phường 10, Quận 6, Thành phố Hồ Chí Minh, Việt Nam",Quận 6,"4669: Bán buôn chuyên doanh khác chưa được phân vào đâu-Chi tiết: Bán buôn, xuất nhập khẩu văn hoá phẩm phật giáo, vật phẩm phong thuỷ, vật phẩm tôn giáo khác, đồ thờ cúng, hàng hóa phục vụ mục đích t",internet
316823779,CÔNG TY TNHH SẢN XUẤT THƯƠNG MẠI DỊCH VỤ TRANG THIẾT BỊ BẢO HỘ TRỊNH NGUYỄN,CÔNG TY TNHH SẢN XUẤT THƯƠNG M,Công ty trách nhiệm hữu hạn một thành viên,"59/45/22A Tân Hòa Đông, Phường 14, Quận 6, Thành phố Hồ Chí Minh, Việt Nam",Quận 6,"4669: Bán buôn chuyên doanh khác chưa được phân vào đâu-Chi tiết: Bán buôn tơ, xơ, sợi dệt; Bán buôn phụ liệu may mặc và giày dép; Bán buôn hóa chất ngành dệt (trừ hóa chất sử dụng trong nông nghiệp, ",internet
316824807,CÔNG TY CỔ PHẦN ĐẦU TƯ PHÁT TRIỂN BẤT ĐỘNG SẢN AN TÍN,CÔNG TY CỔ PHẦN ĐẦU TƯ PHÁT TR,Công ty cổ phần,"122 Đường số 32, Phường 10, Quận 6, Thành phố Hồ Chí Minh, Việt Nam",Quận 6,"4799: Bán lẻ hình thức khác chưa được phân vào đâu-(trừ bán lẻ hóa chất, khí dầu mỏ hóa lỏng LPG, dầu nhớt cặn, vàng miếng, súng, đạn loại dùng đi săn hoặc thể thao và tiền kim khí; Thực hiện theo Quy",internet
316847949,CÔNG TY TNHH THƯƠNG MẠI DỊCH VỤ FNB TROPICAL,CÔNG TY TNHH THƯƠNG MẠI DỊCH V,Công ty trách nhiệm hữu hạn hai thành viên trở lên,"330 Đường Chợ Lớn, Phường 11, Quận 6, Thành phố Hồ Chí Minh, Việt Nam",Quận 6,"8230: Tổ chức giới thiệu và xúc tiến thương mại-chi tiết: Tổ chức sự kiện (không thực hiện các hiệu ứng cháy, nổ; không sử dụng chất nổ, chất cháy, hóa chất làm đạo cụ, dụng cụ thực hiện các chương tr",internet
316857048,CÔNG TY TNHH THƯƠNG MẠI SẢN XUẤT BAO BÌ THIÊN YẾT NAM,CÔNG TY TNHH THƯƠNG MẠI SẢN XU,Công ty trách nhiệm hữu hạn một thành viên,"Số 103 Văn Thân, Phường 08, Quận 6, Thành phố Hồ Chí Minh, Việt Nam",Quận 6,"4773: Bán lẻ hàng hóa khác mới trong các cửa hàng chuyên doanh-Chi tiết: 
-	Bán lẻ hàng hóa khác mới chưa được phân vào đâu trong các cửa hàng chuyên doanh (trừ bán buôn vàng miếng, súng, đạn loại dùn",internet
316858877,CÔNG TY TNHH TƯỜNG AN VIỆT NAM,CÔNG TY TNHH TƯỜNG AN VIỆT N,Công ty trách nhiệm hữu hạn một thành viên,"870 Hậu Giang, Phường 12, Quận 6, Thành phố Hồ Chí Minh, Việt Nam",Quận 6,"4641: Bán buôn vải, hàng may mặc, giày dép-;4649: Bán buôn đồ dùng khác cho gia đình-;4663: Bán buôn vật liệu, thiết bị lắp đặt khác trong xây dựng-;4753: Bán lẻ thảm, đệm, chăn, màn, rèm, vật liệu ph",internet
316860192,CÔNG TY TNHH BÁN HÀNG TRỰC TUYẾN KEYWORDS,CÔNG TY TNHH BÁN HÀNG TRỰC TUY,Công ty trách nhiệm hữu hạn một thành viên,"514/28A Gia Phú, Phường 03, Quận 6, Thành phố Hồ Chí Minh, Việt Nam",Quận 6,"4651: Bán buôn máy vi tính, thiết bị ngoại vi và phần mềm-;4652: Bán buôn thiết bị và linh kiện điện tử, viễn thông-;4659: Bán buôn máy móc, thiết bị và phụ tùng máy khác-;4741: Bán lẻ máy vi tính, th",internet
316867399,CÔNG TY TNHH HESHI,CÔNG TY TNHH HESHI,Công ty trách nhiệm hữu hạn một thành viên,"110/62 Bà Hom, Phường 13, Quận 6, Thành phố Hồ Chí Minh, Việt Nam",Quận 6,"2599: Sản xuất sản phẩm khác bằng kim loại chưa được phân vào đâu-;2818: Sản xuất dụng cụ cầm tay chạy bằng mô tơ hoặc khí nén-;3312: Sửa chữa máy móc, thiết bị-;4659: Bán buôn máy móc, thiết bị và ph",internet
316864486,CÔNG TY TNHH VIỄN THÔNG ĐIỆN TỬ THÀNH LỢI,CÔNG TY TNHH VIỄN THÔNG ĐIỆN T,Công ty trách nhiệm hữu hạn một thành viên,"22/5 Đường Bà Hom, Phường 13, Quận 6, Thành phố Hồ Chí Minh, Việt Nam",Quận 6,2610: Sản xuất linh kiện điện tử-(không hoạt động tại trụ sở).;2620: Sản xuất máy vi tính và thiết bị ngoại vi của máy vi tính-(không hoạt động tại trụ sở).;2630: Sản xuất thiết bị truyền thông-(không,lap top
316869029,CÔNG TY TNHH DỊCH VỤ PHẦN MỀM HIGH TECH K,CÔNG TY TNHH DỊCH VỤ PHẦN MỀM ,Công ty trách nhiệm hữu hạn hai thành viên trở lên,"551/16 Phạm Văn Chí, Phường 07, Quận 6, Thành phố Hồ Chí Minh, Việt Nam",Quận 6,4669: Bán buôn chuyên doanh khác chưa được phân vào đâu-Chi tiết: Xuất nhập khẩu các mặt hàng công ty kinh doanh;1812: Dịch vụ liên quan đến in-;9512: Sửa chữa thiết bị liên lạc-;3314: Sửa chữa thiết ,internet
316870948,CÔNG TY TNHH ĐẦU TƯ THƯƠNG MẠI DỊCH VỤ TÙNG LÂM,CÔNG TY TNHH ĐẦU TƯ THƯƠNG MẠI,Công ty trách nhiệm hữu hạn một thành viên,"30 Lê Tuấn Mậu, Phường 13, Quận 6, Thành phố Hồ Chí Minh, Việt Nam",Quận 6,4791: Bán lẻ theo yêu cầu đặt hàng qua bưu điện hoặc internet-;4799: Bán lẻ hình thức khác chưa được phân vào đâu-;6619: Hoạt động hỗ trợ dịch vụ tài chính chưa được phân vào đâu-Chi tiết: Hoạt động t,internet
316874759,CÔNG TY TNHH PHỤ TÙNG SANIZ,CÔNG TY TNHH PHỤ TÙNG SANIZ,Công ty trách nhiệm hữu hạn hai thành viên trở lên,"71-73 Đường 44, Phường 10, Quận 6, Thành phố Hồ Chí Minh, Việt Nam",Quận 6,1811: In ấn-;1812: Dịch vụ liên quan đến in-Chi tiết: Các dịch vụ liên quan đến in và quảng cáo;5221: Hoạt động dịch vụ hỗ trợ trực tiếp cho vận tải đường sắt-(trừ hóa lỏng khí để vận chuyển và trừ ki,internet
316883640,CÔNG TY TNHH  QUỐC TẾ STEMCARE,CÔNG TY TNHH  QUỐC TẾ STEMCARE,Công ty trách nhiệm hữu hạn hai thành viên trở lên,"34 Lô C, Đường Phạm Văn Chí, Phường 07, Quận 6, Thành phố Hồ Chí Minh, Việt Nam",Quận 6,"6810: Kinh doanh bất động sản, quyền sử dụng đất thuộc chủ sở hữu, chủ sử dụng hoặc đi thuê-;6820: Tư vấn, môi giới, đấu giá bất động sản, đấu giá quyền sử dụng đất-Chi tiết: Tư vấn, môi giới bất động",internet
316887229,CÔNG TY TNHH PERFECT ARK,CÔNG TY TNHH PERFECT ARK,Công ty trách nhiệm hữu hạn một thành viên,"Lô 1.43 Viva Riverside, 1472 Võ Văn Kiệt, Phường 03, Quận 6, Thành phố Hồ Chí Minh, Việt Nam",Quận 6,4101: Xây dựng nhà để ở-;4102: Xây dựng nhà không để ở-;4211: Xây dựng công trình đường sắt-;4212: Xây dựng công trình đường bộ-;4299: Xây dựng công trình kỹ thuật dân dụng khác-;4311: Phá dỡ-;4312: C,internet
316896826,CÔNG TY TNHH DỊCH VỤ GIẢI TRÍ HƯƠNG QUÊ,CÔNG TY TNHH DỊCH VỤ GIẢI TRÍ ,Công ty trách nhiệm hữu hạn một thành viên,"Số 10-12, Đường số 24, Phường 11, Quận 6, Thành phố Hồ Chí Minh, Việt Nam",Quận 6,9329: Hoạt động vui chơi giải trí khác chưa được phân vào đâu-(trừ kinh doanh trò chơi điện tử có thưởng cho người nước ngoài và kinh doanh trò chơi điện tử có thưởng trên mạng);4669: Bán buôn chuyên ,internet
316897756,CÔNG TY TNHH LANTEC,CÔNG TY TNHH LANTEC,Công ty trách nhiệm hữu hạn một thành viên,"677-679 Hậu Giang, Phường 11, Quận 6, Thành phố Hồ Chí Minh, Việt Nam",Quận 6,"4741: Bán lẻ máy vi tính, thiết bị ngoại vi, phần mềm và thiết bị viễn thông trong các cửa hàng chuyên doanh-;7320: Nghiên cứu thị trường và thăm dò dư luận-(trừ các loại thông tin Nhà Nước cấm và dịc",internet
316913278,CÔNG TY TNHH THƯƠNG MẠI DIỆP KHOA,CÔNG TY TNHH THƯƠNG MẠI DIỆP K,Công ty trách nhiệm hữu hạn một thành viên,"95 Bãi Sậy, Phường 01, Quận 6, Thành phố Hồ Chí Minh, Việt Nam",Quận 6,"3530: Sản xuất, phân phối hơi nước, nước nóng, điều hoà không khí và sản xuất nước đá-(trừ sản xuất và lắp ráp điều hòa không khí gia dụng (điều hòa không khí có công suất từ 48.000 BT",internet
316917699,CÔNG TY CỔ PHẦN CABELON,CÔNG TY CỔ PHẦN CABELON,Công ty cổ phần,"53 Kinh Dương Vương, Phường 12, Quận 6, Thành phố Hồ Chí Minh, Việt Nam",Quận 6,"7020: Hoạt động tư vấn quản lý-(trừ tư vấn tài chính kế toán, luật);7490: Hoạt động chuyên môn, khoa học và công nghệ khác chưa được phân vào đâu-Chi tiết: tư vấn xây dựng và phát triển thương hiệu; H",internet
316920317,CÔNG TY TNHH JIA ZHUN,CÔNG TY TNHH JIA ZHUN,Công ty trách nhiệm hữu hạn một thành viên,"Lô 1.43 Viva Riverside, 1472 Võ Văn Kiệt, Phường 03, Quận 6, Thành phố Hồ Chí Minh, Việt Nam",Quận 6,"4663: Bán buôn vật liệu, thiết bị lắp đặt khác trong xây dựng-Chi tiết: Bán buôn tre, nứa, gỗ cây, gỗ chế biến và sản phẩm gỗ các loại (không hoạt động tại trụ sở); Bán buôn đồ ngũ kim; Bán buôn vật l",internet
316922025,CÔNG TY TNHH THƯƠNG MẠI XUẤT NHẬP KHẨU ƯU THƯỢNG PHẨM,CÔNG TY TNHH THƯƠNG MẠI XUẤT N,Công ty trách nhiệm hữu hạn một thành viên,"Số nhà 17 - 19 Đường số 15, Phường 11, Quận 6, Thành phố Hồ Chí Minh, Việt Nam",Quận 6,"1010: Chế biến, bảo quản thịt và các sản phẩm từ thịt-(trừ kinh doanh giết mổ gia súc, gia cầm);1020: Chế biến, bảo quản thuỷ sản và các sản phẩm từ thuỷ sản-;1030: Chế biến và bảo quản rau quả-;1075:",internet
316921085,CÔNG TY TNHH GODIFA,CÔNG TY TNHH GODIFA,Công ty trách nhiệm hữu hạn hai thành viên trở lên,"79/34B22 Tân Hòa Đông, Phường 14, Quận 6, Thành phố Hồ Chí Minh, Việt Nam",Quận 6,"4649: Bán buôn đồ dùng khác cho gia đình-Chi tiết: Bán buôn đồ điện gia dụng, đèn và bộ đèn điện; bán buôn giường, tủ, bàn ghế và đồ dùng nội thất tương tự;4659: Bán buôn máy móc, thiết bị và phụ tùng",internet
316921127,CÔNG TY TNHH ĐÔNG DƯỢC MINH KHANG,CÔNG TY TNHH ĐÔNG DƯỢC MINH KH,Công ty trách nhiệm hữu hạn một thành viên,"336/20B Đường Nguyễn Văn Luông, Phường 12, Quận 6, Thành phố Hồ Chí Minh, Việt Nam",Quận 6,"2023: Sản xuất mỹ phẩm, xà phòng, chất tẩy rửa, làm bóng và chế phẩm vệ sinh-(trừ sản xuất hóa chất) Chi tiết: Sản xuất mỹ phẩm, hóa mỹ phẩm (không sản xuất hoá chất tại trụ sở) (doanh nghiệp chỉ ",internet
316933877,CÔNG TY TNHH NEO LIFE SMART TECHNOLOGY,CÔNG TY TNHH NEO LIFE SMART TE,Công ty trách nhiệm hữu hạn một thành viên,"Lô 1.43 Viva Riverside, 1472 Võ Văn Kiệt, Phường 03, Quận 6, Thành phố Hồ Chí Minh, Việt Nam",Quận 6,"4299: Xây dựng công trình kỹ thuật dân dụng khác-;4321: Lắp đặt hệ thống điện-Chi tiết: Lắp đặt hệ thống điện, dây dẫn và thiết bị điện;4322: Lắp đặt hệ thống cấp, thoát nước, hệ thống sưởi và điều ho",internet
316934824,CÔNG TY TNHH FU-HUA,CÔNG TY TNHH FUHUA,Công ty trách nhiệm hữu hạn một thành viên,"Số 129 đường số 23, Phường 11, Quận 6, Thành phố Hồ Chí Minh, Việt Nam",Quận 6,"4659: Bán buôn máy móc, thiết bị và phụ tùng máy khác-Chi tiết : Bán buôn, xuất nhập khẩu máy móc, thiết bị và phụ tùng máy các loại : Máy phun sơn tĩnh điện;  máy sấy kho; máy khử khuẩn;  máy móc khá",internet
316937254,CÔNG TY TNHH THƯƠNG MẠI KIM NHÂN,CÔNG TY TNHH THƯƠNG MẠI KIM NH,Công ty trách nhiệm hữu hạn một thành viên,"Số 129 đường số 23, Phường 11, Quận 6, Thành phố Hồ Chí Minh, Việt Nam",Quận 6,"4651: Bán buôn máy vi tính, thiết bị ngoại vi và phần mềm-(CPC 622); 4649: Bán buôn đồ dùng khác cho gia đình-Chi tiết: Bán buôn vali, cặp, túi,ví, hàng da và giả da khác. Bán buôn  nước hoa, hàng mỹ ",internet
316939967,CÔNG TY TNHH HYPERCHIC,CÔNG TY TNHH HYPERCHIC,Công ty trách nhiệm hữu hạn một thành viên,"157/11 Mai Xuân Thưởng, Phường 04, Quận 6, Thành phố Hồ Chí Minh, Việt Nam",Quận 6,"4641: Bán buôn vải, hàng may mặc, giày dép-;4649: Bán buôn đồ dùng khác cho gia đình-;4652: Bán buôn thiết bị và linh kiện điện tử, viễn thông-;4659: Bán buôn máy móc, thiết bị và phụ tùng máy khác-;4",internet
316950047,CÔNG TY TNHH H2N LOGISTICS,CÔNG TY TNHH H2N LOGISTICS,Công ty trách nhiệm hữu hạn hai thành viên trở lên,"176/4 Tân Hòa Đông, Phường 14, Quận 6, Thành phố Hồ Chí Minh, Việt Nam",Quận 6,5229: Hoạt động dịch vụ hỗ trợ khác liên quan đến vận tải-Chi tiết: Dich vụ giao nhận hàng hóa và ủy thác xuất nhập khẩu; Dịch vụ đại lý tàu biển; Dịch vụ đại lý vận tải đường biển; Dịch vụ đại lý vận,internet
316961507,CÔNG TY TNHH THƯƠNG MẠI XUẤT NHẬP KHẨU PVN,CÔNG TY TNHH THƯƠNG MẠI XUẤT N,Công ty trách nhiệm hữu hạn một thành viên,"410B/30 Hậu Giang, Phường 12, Quận 6, Thành phố Hồ Chí Minh, Việt Nam",Quận 6,"4633: Bán buôn đồ uống-;4649: Bán buôn đồ dùng khác cho gia đình-(trừ dược phẩm);4711: Bán lẻ lương thực, thực phẩm, đồ uống, thuốc lá, thuốc lào chiếm tỷ trọng lớn trong các cửa hàng kinh doanh tổng ",internet
316964392,CÔNG TY TNHH SẢN XUẤT THƯƠNG MẠI THIẾT BỊ Y TẾ ĐẶNG GIA,CÔNG TY TNHH SẢN XUẤT THƯƠNG M,Công ty trách nhiệm hữu hạn một thành viên,"Số 05, Đường Số 34, Phường 10, Quận 6, Thành phố Hồ Chí Minh, Việt Nam",Quận 6,"3250: Sản xuất thiết bị, dụng cụ y tế, nha khoa, chỉnh hình và phục hồi chức năng-Chi tiết: Sản xuất thiết bị, dụng cụ y tế;4610: Đại lý, môi giới, đấu giá hàng hóa-(trừ đấu giá hàng hóa);4649: Bán bu",internet
316966512,CÔNG TY TNHH THƯƠNG MẠI DỊCH VỤ TÁM THU,CÔNG TY TNHH THƯƠNG MẠI DỊCH V,Công ty trách nhiệm hữu hạn một thành viên,"1A5, Phạm Đình Hổ, Phường 02, Quận 6, Thành phố Hồ Chí Minh, Việt Nam",Quận 6,"1030: Chế biến và bảo quản rau quả-;4620: Bán buôn nông, lâm sản nguyên liệu (trừ gỗ, tre, nứa) và động vật sống-(Không hoạt động tại trụ sở);4631: Bán buôn gạo, lúa mỳ, hạt ngũ cốc khác, bột mỳ-(Khôn",internet
316967280,CÔNG TY TNHH THƯƠNG MẠI CƯỜNG CÁ,CÔNG TY TNHH THƯƠNG MẠI CƯỜNG ,Công ty trách nhiệm hữu hạn một thành viên,"44 Trần Văn Kiểu, Phường 10, Quận 6, Thành phố Hồ Chí Minh, Việt Nam",Quận 6,"2023: Sản xuất mỹ phẩm, xà phòng, chất tẩy rửa, làm bóng và chế phẩm vệ sinh-( không hoạt động tại trụ sở).;4610: Đại lý, môi giới, đấu giá hàng hóa-Chi tiết: đại lý, môi giới (trừ môi giới bất động s",internet
316979286,CÔNG TY TNHH PHÂN PHỐI THỰC PHẨM CẬU ÚT,CÔNG TY TNHH PHÂN PHỐI THỰC PH,Công ty trách nhiệm hữu hạn hai thành viên trở lên,"Số 92 Đường số 8, Phường 11, Quận 6, Thành phố Hồ Chí Minh, Việt Nam",Quận 6,"1010: Chế biến, bảo quản thịt và các sản phẩm từ thịt-(trừ giết mổ gia súc, gia cầm tại trụ sở);1020: Chế biến, bảo quản thuỷ sản và các sản phẩm từ thuỷ sản-;1030: Chế biến và bảo quản rau quả-;1040:",internet
316981006,CÔNG TY TNHH MẬU DỊCH HCM101,CÔNG TY TNHH MẬU DỊCH HCM101,Công ty trách nhiệm hữu hạn một thành viên,"Số 129 đường số 23, Phường 11, Quận 6, Thành phố Hồ Chí Minh, Việt Nam",Quận 6,"4773: Bán lẻ hàng hóa khác mới trong các cửa hàng chuyên doanh-Chi tiết: Bán lẻ quần áo, trang sức, hàng lưu niệm,mỹ phẩm,  hàng đan lát, hàng thủ công mỹ nghệ; đồng hồ, máy ảnh, phim ảnh và vật liệu ",internet
316988756,CÔNG TY TNHH VIRTUAL WORLD VIỆT NAM,CÔNG TY TNHH VIRTUAL WORLD VIỆ,Công ty trách nhiệm hữu hạn một thành viên,"132 Hậu Giang, Phường 06, Quận 6, Thành phố Hồ Chí Minh, Việt Nam",Quận 6,"5911: Hoạt động sản xuất phim điện ảnh, phim video và chương trình truyền hình-Chi tiết: Hoạt động sản xuất chương trình truyền hình (trừ các hoạt động trong lĩnh vực có sử dụng chất nổ, chất cháy, hó",internet
316990716,CÔNG TY TNHH ME 24,CÔNG TY TNHH ME 24,Công ty trách nhiệm hữu hạn một thành viên,"23 Đường số 20, KDC Bình Phú, Phường 11, Quận 6, Thành phố Hồ Chí Minh, Việt Nam",Quận 6,8299: Hoạt động dịch vụ hỗ trợ kinh doanh khác còn lại chưa được phân vào đâu-Chi tiết: Dịch vụ thương mại điện tử;6201: Lập trình máy vi tính-;6202: Tư vấn máy vi tính và quản trị hệ thống máy vi tín,internet
316992907,CÔNG TY TNHH MEKONG RIVER,CÔNG TY TNHH MEKONG RIVER,Công ty trách nhiệm hữu hạn hai thành viên trở lên,"533/47 Phạm Văn Chí, Phường 07, Quận 6, Thành phố Hồ Chí Minh, Việt Nam",Quận 6,"6399: Dịch vụ thông tin khác chưa được phân vào đâu-Chi tiết: 
– Các dịch vụ thông tin qua điện thoại;
– Các dịch vụ tìm kiếm thông tin thông qua hợp đồng hay trên cơ sở phí;;6209: Hoạt động dịch vụ c",internet
316994213,CÔNG TY TNHH CHEER UP,CÔNG TY TNHH CHEER UP,Công ty trách nhiệm hữu hạn một thành viên,"456 Nguyễn Văn Luông, Phường 12, Quận 6, Thành phố Hồ Chí Minh, Việt Nam",Quận 6,"4632: Bán buôn thực phẩm-Chi tiết:  Bán buôn đường, sữa và các sản phẩm sữa, bánh kẹo và các sản phẩm chế biến từ ngũ cốc, bột, tinh bột; Bán buôn thực phẩm khác (không hoạt động tại trụ sở).;4633: Bá",internet
317002736,CÔNG TY TNHH MTV THƯƠNG MẠI DỊCH VỤ MOONLIGHT,CÔNG TY TNHH MTV THƯƠNG MẠI DỊ,Công ty trách nhiệm hữu hạn một thành viên,"L18 Đường Cư Xá Phú Lâm A, Phường 12, Quận 6, Thành phố Hồ Chí Minh, Việt Nam",Quận 6,"4610: Đại lý, môi giới, đấu giá hàng hóa-Chi tiết: Đại lý, môi giới hàng hóa;4620: Bán buôn nông, lâm sản nguyên liệu (trừ gỗ, tre, nứa) và động vật sống-(không hoạt động tại trụ sở).;4631: Bán buôn g",internet
