tax_code,name,name_slug,company_type,address,district,industry_raw,keyword
4201702366,CÔNG TY TNHH KINH DOANH THƯƠNG MẠI TRỊNH XUÂN,CÔNG TY TNHH KINH DOANH THƯƠNG,Công ty trách nhiệm hữu hạn hai thành viên trở lên,"Số 166 Đường Trần Não, Khu phố 2, Phường Bình An, Quận 2, Thành phố Hồ Chí Minh, Việt Nam",Quận 2,4311: Phá dỡ-;4312: Chuẩn bị mặt bằng-;4321: Lắp đặt hệ thống điện-;4329: Lắp đặt hệ thống xây dựng khác-;4330: Hoàn thiện công trình xây dựng-;4390: Hoạt động xây dựng chuyên dụng khác-;4752: Bán lẻ ,internet
314614057,CÔNG TY TNHH TÂY LÂM,CÔNG TY TNHH TÂY LÂM,Công ty trách nhiệm hữu hạn một thành viên,"7/6 Lê Định Quản, Phường Cát Lái, Quận 2, Thành phố Hồ Chí Minh, Việt Nam",Quận 2,7110: Hoạt động kiến trúc và tư vấn kỹ thuật có liên quan-Chi tiết: Hoạt động đo đạc bản đồ. - Lập dự toán và tổng dự toán công trình xây dựng. - Quản lý dự án đầu tư xây dựng công trình;7120: Kiểm tr,internet
313626405,CÔNG TY CỔ PHẦN SEN SANCTUARY,CÔNG TY CỔ PHẦN SEN SANCTUARY,Công ty cổ phần,"56 Đường 32, Khu Phố 1, Phường Thạnh Mỹ Lợi, Quận 2, Thành phố Hồ Chí Minh, Việt Nam",Quận 2,"1430: Sản xuất trang phục dệt kim, đan móc-(trừ tẩy nhuộm, hồ, in trên các sản phẩm dệt, may, đan, thuộc da, luyện cán cao su tại trụ sở) (Không hoạt động tại trụ sở); 1512: Sản xuất vali, túi xách và",internet
313642728,CÔNG TY TNHH GIẢI PHÁP SỐ PI,CÔNG TY TNHH GIẢI PHÁP SỐ PI,Công ty trách nhiệm hữu hạn một thành viên,"94 đường Xuân Thủy, Phường Thảo Điền, Quận 2, Thành phố Hồ Chí Minh, Việt Nam",Quận 2,"4741: Bán lẻ máy vi tính, thiết bị ngoại vi, phần mềm và thiết bị viễn thông trong các cửa hàng chuyên doanh-;4742: Bán lẻ thiết bị nghe nhìn trong các cửa hàng chuyên doanh-;5820: Xuất bản phần mềm-C",internet
316072949,CÔNG TY TNHH AN PLUS VIỆT NAM,CÔNG TY TNHH AN PLUS VIỆT NAM,Công ty trách nhiệm hữu hạn hai thành viên trở lên,"Số 12 Đường 12, Khu phố 3, Phường Bình An, Quận 2, Thành phố Hồ Chí Minh, Việt Nam",Quận 2,"4690: Bán buôn tổng hợp-Chi tiết: 
Thực hiện quyền xuất khẩu, quyền nhập khẩu, quyền phân phối bán buôn các hàng hóa không thuộc danh mục hàng hóa cấm xuất khẩu, cấm nhập khẩu và danh mục hàng hóa khô",internet
313669198,CÔNG TY CỔ PHẦN ĐẶC SẢN QUÊ HƯƠNG VIỆT NAM,CÔNG TY CỔ PHẦN ĐẶC SẢN QUÊ HƯ,Công ty cổ phần,"Số 10 Đường Giang Văn Minh, Phường An Phú, Quận 2, Thành phố Hồ Chí Minh, Việt Nam",Quận 2,0891: Khai thác khoáng hoá chất và khoáng phân bón-(không hoạt động tại trụ sở).;5210: Kho bãi và lưu giữ hàng hóa-Chi tiết: Lưu giữ hàng hóa (trừ kinh doanh kho bãi).;1623: Sản xuất bao bì bằng gỗ-;1,internet
313718092,CÔNG TY TNHH THƯƠNG MẠI DỊCH VỤ XUẤT NHẬP KHẨU AN LỘC PHÁT,CÔNG TY TNHH THƯƠNG MẠI DỊCH V,Công ty trách nhiệm hữu hạn hai thành viên trở lên,"281 Nguyễn Duy Trinh, Phường Bình Trưng Tây, Quận 2, Thành phố Hồ Chí Minh, Việt Nam",Quận 2,"5224: Bốc xếp hàng hóa-(trừ bốc xếp hàng hóa cảng hàng không);4669: Bán buôn chuyên doanh khác chưa được phân vào đâu-Chi tiết: Bán buôn tơ, xơ, sợi dệt. Bán buôn vải;3312: Sửa chữa máy móc, thiết bị-",lap top
313759772,CÔNG TY TNHH CÀ PHÊ BỜ SÔNG,CÔNG TY TNHH CÀ PHÊ BỜ SÔNG,Công ty trách nhiệm hữu hạn một thành viên,"39 Nguyễn Thị Định, khu phố 3, Phường An Phú, Quận 2, Thành phố Hồ Chí Minh, Việt Nam",Quận 2,"4711: Bán lẻ lương thực, thực phẩm, đồ uống, thuốc lá, thuốc lào chiếm tỷ trọng lớn trong các cửa hàng kinh doanh tổng hợp-thực hiện theo Quyết định 64/2009/QĐ-UBND ngày 31/7/2009 của ùy ban nhân dân ",internet
313757856,CÔNG TY TNHH CÔNG NGHỆ XÂY DỰNG CÁT AN,CÔNG TY TNHH CÔNG NGHỆ XÂY DỰN,Công ty trách nhiệm hữu hạn hai thành viên trở lên,"51 Đường số 44 Khu phố 5, Phường Thảo Điền, Quận 2, Thành phố Hồ Chí Minh, Việt Nam",Quận 2,2592: Gia công cơ khí; xử lý và tráng phủ kim loại-(không hoạt động tại trụ sở).;1030: Chế biến và bảo quản rau quả-(không hoạt động tại trụ sở).;1622: Sản xuất đồ gỗ xây dựng-(không hoạt động tại trụ,internet
313817142,CÔNG TY TNHH 5M VIỆT NAM,CÔNG TY TNHH 5M VIỆT NAM,Công ty trách nhiệm hữu hạn hai thành viên trở lên,"15/16B Đường số 6, Khu Phố 1, Phường Thạnh Mỹ Lợi, Quận 2, Thành phố Hồ Chí Minh, Việt Nam",Quận 2,"4653: Bán buôn máy móc, thiết bị và phụ tùng máy nông nghiệp-Chi tiết: Buôn bán máy móc, thiết bị và phụ tùng máy nông nghiệp như: Máy cày, bừa, máy rắc phân, máy gieo hạt, máy gặt lúa, máy đập lúa, m",internet
313831404,CÔNG TY TNHH XÂY DỰNG VÀ TRANG TRÍ NỘI THẤT THỦY MỘC,CÔNG TY TNHH XÂY DỰNG VÀ TRANG,Công ty trách nhiệm hữu hạn một thành viên,"Số 1411, Đường số 15, Phường An Phú, Quận 2, Thành phố Hồ Chí Minh, Việt Nam",Quận 2,4100: Xây dựng nhà các loại-;4210: Xây dựng công trình đường sắt và đường bộ-;4220: Xây dựng công trình công ích-;4290: Xây dựng công trình kỹ thuật dân dụng khác-;4311: Phá dỡ-;4312: Chuẩn bị mặt bằn,internet
313807271,CÔNG TY TNHH OKIELA VIỆT NAM,CÔNG TY TNHH OKIELA VIỆT NAM,Công ty trách nhiệm hữu hạn một thành viên,"Số 416 Đường Nguyễn Thị Định, Khu phố 1, Phường Thạnh Mỹ Lợi, Quận 2, Thành phố Hồ Chí Minh, Việt Nam",Quận 2,"4764: Bán lẻ trò chơi, đồ chơi trong các cửa hàng chuyên doanh-Chi tiết: Thực hiện quyền phân phối bán lẻ các hàng hóa không thuộc danh mục hàng hóa cấm xuất khẩu, cấm nhập khẩu và danh mục hàng hóa k",internet
313837727,CÔNG TY TNHH THƯƠNG MẠI NETWORK VINA,CÔNG TY TNHH THƯƠNG MẠI NETWOR,Công ty trách nhiệm hữu hạn hai thành viên trở lên,"Số 7 Đường 65, Phường Thảo Điền, Quận 2, Thành phố Hồ Chí Minh, Việt Nam",Quận 2,"4530: Bán phụ tùng và các bộ phận phụ trợ của ô tô và xe có động cơ khác-;4651: Bán buôn máy vi tính, thiết bị ngoại vi và phần mềm-;4652: Bán buôn thiết bị và linh kiện điện tử, viễn thông-;Doanh ngh",network
313836032,CÔNG TY TNHH KASCH VIỆT NAM,CÔNG TY TNHH KASCH VIỆT NAM,Công ty trách nhiệm hữu hạn hai thành viên trở lên,"Số 13 đường 20, Phường An Phú, Quận 2, Thành phố Hồ Chí Minh, Việt Nam",Quận 2,"9524: Sửa chữa giường, tủ, bàn, ghế và đồ nội thất tương tự-(trừ gia công cơ khí, tái chế phế thải, xi mạ điện tại trụ sở );9529: Sửa chữa đồ dùng cá nhân và gia đình khác-(trừ gia công cơ khí, tái ch",internet
313727643,CÔNG TY TNHH DPK TECHNOLOGY VIET NAM,CÔNG TY TNHH DPK TECHNOLOGY VI,Công ty trách nhiệm hữu hạn một thành viên,"116 Xuân Thủy, Khu phố 2, Phường Thảo Điền, Quận 2, Thành phố Hồ Chí Minh, Việt Nam",Quận 2,2592: Gia công cơ khí; xử lý và tráng phủ kim loại-(không hoạt động tại trụ sở);5012: Vận tải hàng hóa ven biển và viễn dương-;5022: Vận tải hàng hóa đường thuỷ nội địa-;4662: Bán buôn kim loại và quặ,technology
313861688,CÔNG TY TNHH THƯƠNG MẠI THIẾT KẾ XÂY DỰNG CÔNG TRÌNH PHƯƠNG NAM,CÔNG TY TNHH THƯƠNG MẠI THIẾT ,Công ty trách nhiệm hữu hạn hai thành viên trở lên,"103 đường N1, Phường Cát Lái, Quận 2, Thành phố Hồ Chí Minh, Việt Nam",Quận 2,"4773: Bán lẻ hàng hóa khác mới trong các cửa hàng chuyên doanh-Chi tiết: Bán lẻ hàng lưu niệm, hàng đan lát, hàng thủ công mỹ nghệ trong các cửa hàng chuyên doanh;4933: Vận tải hàng hóa bằng đường bộ-",internet
313736817,CÔNG TY CỔ PHẦN ĐẶT LỊCH KHÁM,CÔNG TY CỔ PHẦN ĐẶT LỊCH KHÁM,Công ty cổ phần,"Số 280B1 Khu nhà ở đường Lương Định Của, Phường An Phú, Quận 2, Thành phố Hồ Chí Minh, Việt Nam",Quận 2,"6120: Hoạt động viễn thông không dây-trừ cung cấp dịch vụ truy cập, truy nhập internet tại trụ sở;6202: Tư vấn máy vi tính và quản trị hệ thống máy vi tính-;6209: Hoạt động dịch vụ công nghệ thông tin",internet
313859819,CÔNG TY TNHH BLUE ROCK,CÔNG TY TNHH BLUE ROCK,Công ty trách nhiệm hữu hạn một thành viên,"58A đường 47, khu phố 6, Phường Thảo Điền, Quận 2, Thành phố Hồ Chí Minh, Việt Nam",Quận 2,4722: Bán lẻ thực phẩm trong các cửa hàng chuyên doanh-(thực hiện theo quyết định 64/2009/QĐ-UBND ngày 31/07/2009 và quyết định  số 79/2009/QĐ-UBND ngày 17/10/2009 của Ủy ban nhân dân TP. Hồ Chí Minh ,internet
313873348,CÔNG TY TNHH SẢN XUẤT THƯƠNG MẠI DỊCH VỤ KIM THANH,CÔNG TY TNHH SẢN XUẤT THƯƠNG M,Công ty trách nhiệm hữu hạn một thành viên,"13 đường số 3, khu phố 2, Phường Bình An, Quận 2, Thành phố Hồ Chí Minh, Việt Nam",Quận 2,"1322: Sản xuất hàng may sẵn (trừ trang phục)-(trừ tẩy, nhuộm, hồ, in trên các sản phẩm vải sợi, dệt, may, thêu, đan và gia công hàng đã qua sử dụng tại trụ sở);5229: Hoạt động dịch vụ hỗ trợ khác liên",internet
315527449,CÔNG TY TNHH ĐẦU TƯ DỊCH VỤ - THƯƠNG MẠI VÀ DU LỊCH VÂN ANH,CÔNG TY TNHH ĐẦU TƯ DỊCH VỤ  T,Công ty trách nhiệm hữu hạn một thành viên,"Số 11, Đường 39, Khu phố 2, Phường Bình An, Quận 2, Thành phố Hồ Chí Minh, Việt Nam",Quận 2,"4610: Đại lý, môi giới, đấu giá hàng hóa-chi tiết: Đại lý. Môi giới (trừ đấu giá tài sản);4632: Bán buôn thực phẩm-- Chi tiết: Bán buôn, xuất nhập khẩu thực phẩm (không hoạt động tại trụ sở) Bán buôn,",internet
316543394,CÔNG TY TNHH THƯƠNG MẠI DỊCH VỤ GOOLIFE,CÔNG TY TNHH THƯƠNG MẠI DỊCH,Công ty trách nhiệm hữu hạn một thành viên,"18 Đồng Văn Cống, Phường Bình Trưng Tây, Quận 2, Thành phố Hồ Chí Minh, Việt Nam",Quận 2,"4719: Bán lẻ  khác trong các cửa hàng kinh doanh tổng hợp-Chi tiết bán lẻ nhiều loại hàng hóa trong siêu thị , minimarket, cửa hàng tiện lợi, bán nhiều hàng hóa: quần áo, giày dép,",internet
313931783,CÔNG TY TNHH THƯƠNG MẠI DỊCH VỤ QUANG MINH ĐỨC,CÔNG TY TNHH THƯƠNG MẠI DỊCH V,Công ty trách nhiệm hữu hạn hai thành viên trở lên,"C01-05 Chung cư Hoàng Anh Gia Lai, 37 Nguyễn Văn Hưởng, Phường Thảo Điền, Quận 2, Thành phố Hồ Chí Minh, Việt Nam",Quận 2,"1322: Sản xuất hàng may sẵn (trừ trang phục)-(trừ tẩy, nhuộm, hồ, in và không gia công hàng qua sử dụng tại trụ sở);1410: May trang phục (trừ trang phục từ da lông thú)-(trừ tẩy, nhuộm, hồ, in và khôn",internet
314002953,CÔNG TY CỔ PHẦN SÁNG TẠO CÔNG NGHỆ XDA VIỆT NAM,CÔNG TY CỔ PHẦN SÁNG TẠO CÔNG ,Công ty cổ phần,"Số 2, Đường 41, Khu biệt thự Bình An, Khu phố 2, Phường Bình An, Quận 2, Thành phố Hồ Chí Minh, Việt Nam",Quận 2,"4741: Bán lẻ máy vi tính, thiết bị ngoại vi, phần mềm và thiết bị viễn thông trong các cửa hàng chuyên doanh-;4742: Bán lẻ thiết bị nghe nhìn trong các cửa hàng chuyên doanh-;5820: Xuất bản phần mềm-C",internet
314023826,CÔNG TY TNHH URCHITECT,CÔNG TY TNHH URCHITECT,Công ty trách nhiệm hữu hạn một thành viên,"63 Đường 51, Phường Bình Trưng Đông, Quận 2, Thành phố Hồ Chí Minh, Việt Nam",Quận 2,2393: Sản xuất sản phẩm gốm sứ khác-;2395: Sản xuất bê tông và các sản phẩm từ xi măng và thạch cao-(không hoạt động tại trụ sở);2396: Cắt tạo dáng và hoàn thiện đá-;2511: Sản xuất các cấu kiện kim lo,internet
314048718,CÔNG TY CỔ PHẦN TRUST ENERGY,CÔNG TY CỔ PHẦN TRUST ENERGY,Công ty cổ phần,"số 5A, đường Lê Thước, Phường Thảo Điền, Quận 2, Thành phố Hồ Chí Minh, Việt Nam",Quận 2,"3320: Lắp đặt máy móc và thiết bị công nghiệp-(trừ gia công cơ khí, tái chế phế thải, xi mạ điện tại trụ sở);3314: Sửa chữa thiết bị điện-;3319: Sửa chữa thiết bị khác-;3312: Sửa chữa máy móc, thiết b",internet
314043325,CÔNG TY TNHH VIỄN THÔNG SIM TỔNG ĐÀI,CÔNG TY TNHH VIỄN THÔNG SIM TỔ,Công ty trách nhiệm hữu hạn hai thành viên trở lên,"40 đường 9A, khu phố 5, Phường An Phú, Quận 2, Thành phố Hồ Chí Minh, Việt Nam",Quận 2,"1322: Sản xuất hàng may sẵn (trừ trang phục)-chi tiết: Sản xuất, gia công hàng may sẵn (trừ tẩy, nhuộm, hồ, in và không gia công hàng đã qua sử dụng, thuộc da, luyện cán cao su tại trụ sở);1410: May t",internet
314073721,CÔNG TY CỔ PHẦN COOP ONLINE,CÔNG TY CỔ PHẦN COOP ONLINE,Công ty cổ phần,"41 Làng Nghệ nhân Hàm Long, đường số 20, Phường Thạnh Mỹ Lợi, Quận 2, Thành phố Hồ Chí Minh, Việt Nam",Quận 2,"4764: Bán lẻ trò chơi, đồ chơi trong các cửa hàng chuyên doanh-(không kinh doanh đồ chơi có hại cho giáo dục nhân cách, sức khoẻ của trẻ em hoặc ảnh hưởng đến an ninh trật tự, an toàn xã hội);4771: Bá",internet
314053933,CÔNG TY TNHH GIẢI TRÍ KIM SƠN,CÔNG TY TNHH GIẢI TRÍ KIM SƠN,Công ty trách nhiệm hữu hạn một thành viên,"11/3 Lương Định Của, khu Phố 3, Phường Bình An, Quận 2, Thành phố Hồ Chí Minh, Việt Nam",Quận 2,"2790: Sản xuất thiết bị điện khác-Chi tiết: sản xuất, lắp ráp đồ chơi điện tử (không hoạt động tại trụ sở);4723: Bán lẻ đồ uống trong các cửa hàng chuyên doanh-;6190: Hoạt động viễn thông khác-Chi tiế",internet
314097296,CÔNG TY TNHH GIẤM VIỆT,CÔNG TY TNHH GIẤM VIỆT,Công ty trách nhiệm hữu hạn một thành viên,"Số 66 - đường 43, Phường Bình Trưng Đông, Quận 2, Thành phố Hồ Chí Minh, Việt Nam",Quận 2,"1079: Sản xuất thực phẩm khác chưa được phân vào đâu-Chi tiết: Sản xuất giấm;4711: Bán lẻ lương thực, thực phẩm, đồ uống, thuốc lá, thuốc lào chiếm tỷ trọng lớn trong các cửa hàng kinh doanh tổng hợp-",internet
314089104,CÔNG TY TNHH SẢN XUẤT KINH DOANH THỰC PHẨM THIỆN ĐỨC,CÔNG TY TNHH SẢN XUẤT KINH DOA,Công ty trách nhiệm hữu hạn hai thành viên trở lên,"46/9 đường Thạnh Mỹ Lợi, Phường Thạnh Mỹ Lợi, Quận 2, Thành phố Hồ Chí Minh, Việt Nam",Quận 2,"4321: Lắp đặt hệ thống điện-chi tiết: Lắp đặt hệ thống điện; hệ thống phòng cháy chữa cháy, hệ thống chống trộm, hệ thống camera quan sát, hệ thống chống sét, hệ thống giám sát lối vào. Mạng máy tính,",internet
314101344,CÔNG TY TNHH MUSCLE BOX,CÔNG TY TNHH MUSCLE BOX,Công ty trách nhiệm hữu hạn hai thành viên trở lên,"18 Nguyễn Trung Nguyệt, Phường Bình Trưng Đông, Quận 2, Thành phố Hồ Chí Minh, Việt Nam",Quận 2,5210: Kho bãi và lưu giữ hàng hóa-chi tiết: Lưu giữ hàng hóa (trừ kinh doanh kho bãi);4719: Bán lẻ khác trong các cửa hàng kinh doanh tổng hợp-(Thực hiện theo Quyết định số 64/2009/QĐ-UBND ngày 31/07/,internet
314137189,CÔNG TY TNHH BABA ORGANIC,CÔNG TY TNHH BABA ORGANIC,Công ty trách nhiệm hữu hạn một thành viên,"Số 13 đường số 3, Khu phố 2, Phường Bình An, Quận 2, Thành phố Hồ Chí Minh, Việt Nam",Quận 2,"9620: Giặt là, làm sạch các sản phẩm dệt và lông thú-(trừ thuộc da, tẩy, nhuộm, hồ, in trên các sản phẩm vải sợi, dệt, may, đan và gia công hàng đã qua sử dụng tại trụ sở);1010: Chế biến, bảo quản thị",internet
314129300,CÔNG TY TNHH NIAMIA,CÔNG TY TNHH NIAMIA,Công ty trách nhiệm hữu hạn hai thành viên trở lên,"190 Nguyễn Hoàng, Phường An Phú, Quận 2, Thành phố Hồ Chí Minh, Việt Nam",Quận 2,"4771: Bán lẻ hàng may mặc, giày dép, hàng da và giả da trong các cửa hàng chuyên doanh-chi tiết: Bán lẻ quần áo thời trang, phụ kiện thời trang; Bán lẻ giày dép;4772: Bán lẻ thuốc, dụng cụ y tế, mỹ ph",internet
314143312,CÔNG TY TNHH HOME TO HOME,CÔNG TY TNHH HOME TO HOME,Công ty trách nhiệm hữu hạn một thành viên,"SAV6 - 0010 The Sun AVENUE, Số 28 Mai Chí Thọ, Phường An Phú, Quận 2, Thành phố Hồ Chí Minh, Việt Nam",Quận 2,"4662: Bán buôn kim loại và quặng kim loại-Chi tiết: Mua bán vàng trang sức, mỹ nghệ (trừ kinh doanh vàng miếng) - CPC 622; 6820: Tư vấn, môi giới, đấu giá bất động sản, đấu giá quyền sử dụng đất-Chi t",internet
313929336,CÔNG TY TNHH XÂY DỰNG PHƯƠNG THẢO NGUYÊN,CÔNG TY TNHH XÂY DỰNG PHƯƠNG T,Công ty trách nhiệm hữu hạn hai thành viên trở lên,"40, đường 57, khu phố 3, khu dân cư Đông Thủ Thiêm, Phường Bình Trưng Đông, Quận 2, Thành phố Hồ Chí Minh, Việt Nam",Quận 2,"5229: Hoạt động dịch vụ hỗ trợ khác liên quan đến vận tải-(trừ kinh doanh bến bãi ô tô, hóa lỏng khí để vận chuyển và đường hàng không).;4663: Bán buôn vật liệu, thiết bị lắp đặt khác trong xây dựng-(",internet
314286173,CÔNG TY TNHH TRINITY INTERNATIONAL,CÔNG TY TNHH TRINITY INTERNATI,Công ty trách nhiệm hữu hạn một thành viên,"Số 2 Đường 31D, Khu phố 5, Phường An Phú, Quận 2, Thành phố Hồ Chí Minh, Việt Nam",Quận 2,"1079: Sản xuất thực phẩm khác chưa được phân vào đâu-Chi tiết: Chế biến các loại đậu, hạt, ngũ cốc (không hoạt động tại trụ sở).;1030: Chế biến và bảo quản rau quả-Chi tiết: Chế biến hàng nông sản (kh",internet
314022903,CÔNG TY TNHH THƯƠNG MẠI DỊCH VỤ ANH MINH LÂM,CÔNG TY TNHH THƯƠNG MẠI DỊCH V,Công ty trách nhiệm hữu hạn hai thành viên trở lên,"Số 256B Lương Định Của, Phường An Phú, Quận 2, Thành phố Hồ Chí Minh, Việt Nam",Quận 2,"4329: Lắp đặt hệ thống xây dựng khác-Chi tiết: Thi công và lắp đặt hệ thống phòng cháy chữa cháy, hệ thống cấp thoát nước, hệ thống xử lý nước thải, chống mối, camera, mạng internet, truyền hình, chốn",internet
314619489,CÔNG TY TNHH THƯƠNG MẠI DỊCH VỤ NGUYỄN HÒA VĂN,CÔNG TY TNHH THƯƠNG MẠI DỊCH V,Công ty trách nhiệm hữu hạn một thành viên,"48 Đường Đồng Văn Cống, Phường Thạnh Mỹ Lợi, Quận 2, Thành phố Hồ Chí Minh, Việt Nam",Quận 2,"5630: Dịch vụ phục vụ đồ uống-(trừ hoat động quán bar và quán giải khát có khiêu vũ);6110: Hoạt động viễn thông có dây-;3250: Sản xuất thiết bị, dụng cụ y tế, nha khoa, chỉnh hình và phục hồi chức năn",internet
314040204,CÔNG TY TNHH TƯ VẤN RELAY,CÔNG TY TNHH TƯ VẤN RELAY,Công ty trách nhiệm hữu hạn một thành viên,"216/26 Nguyễn Văn Hưởng, Phường Thảo Điền, Quận 2, Thành phố Hồ Chí Minh, Việt Nam",Quận 2,5210: Kho bãi và lưu giữ hàng hóa-Chi tiết: Lưu giữ hàng hóa (trừ kinh doanh kho bãi);5229: Hoạt động dịch vụ hỗ trợ khác liên quan đến vận tải-(trừ hóa lỏng khí để vận chuyển và hoạt động liên quan đ,internet
314043501,CÔNG TY TNHH ILIVING,CÔNG TY TNHH ILIVING,Công ty trách nhiệm hữu hạn hai thành viên trở lên,"Căn hộ C01-07 Tầng 01, Block C, Chung cư Hoàng Anh River View, 37 Nguyễn Văn Hưởng, Phường Thảo Điền, Quận 2, Thành phố Hồ Chí Minh, Việt Nam",Quận 2,"5610: Nhà hàng và các dịch vụ ăn uống phục vụ lưu động-(không bao gồm kinh doanh vũ trường, quán bar, phòng hát karaoke)
(Bảo đảm cách âm, tuân thủ yêu cầu về phòng, chống cháy nổ, có nơi thoát hiểm v",internet
315327859,CÔNG TY TNHH THƯƠNG MẠI DỊCH VỤ TỔNG HỢP HÀ MINH,CÔNG TY TNHH THƯƠNG MẠI DỊCH V,Công ty trách nhiệm hữu hạn hai thành viên trở lên,"Số 10 Đường Lương Định Của, Khu phố 3 , Phường Bình Khánh, Quận 2, Thành phố Hồ Chí Minh, Việt Nam",Quận 2,"3312: Sửa chữa máy móc, thiết bị-Chi tiết: Bảo trì, sửa chữa hệ thống phòng cháy, chửa cháy, báo trộm tự động, camera quan sát, thiết bị chống sét, hệ thống điện, điện lạnh, hệ thống cấp thoát nước, m",internet
315991918,CÔNG TY TNHH VDG GROUP,CÔNG TY TNHH VDG GROUP,Công ty trách nhiệm hữu hạn một thành viên,"Số nhà 11 đường số 1 Thảo Điền , Phường Thảo Điền, Quận 2, Thành phố Hồ Chí Minh, Việt Nam",Quận 2,"4741: Bán lẻ máy vi tính, thiết bị ngoại vi, phần mềm và thiết bị viễn thông trong các cửa hàng chuyên doanh-;2640: Sản xuất sản phẩm điện tử dân dụng-;2620: Sản xuất máy vi tính và thiết bị ngoại vi ",internet
313632310,CÔNG TY TNHH THƯƠNG MẠI DỊCH VỤ LÂM MINH PHÁT,CÔNG TY TNHH THƯƠNG MẠI DỊCH V,Công ty trách nhiệm hữu hạn hai thành viên trở lên,"60 Đường 14, Khu phố 3, Phường Bình An, Quận 2, Thành phố Hồ Chí Minh, Việt Nam",Quận 2,"2651: Sản xuất thiết bị đo lường, kiểm tra, định hướng và điều khiển-(không hoạt động tại trụ sở);1104: Sản xuất đồ uống không cồn, nước khoáng-Chi tiết: sản xuất nước tinh khiết;1322: Sản xuất hàng m",internet
314091960,CÔNG TY TNHH SẢN XUẤT THƯƠNG MẠI DỊCH VỤ XUẤT NHẬP KHẨU QUỲNH CHI,CÔNG TY TNHH SẢN XUẤT THƯƠNG M,Công ty trách nhiệm hữu hạn một thành viên,"Số 33 Đường 42, Phường Bình Trưng Tây, Quận 2, Thành phố Hồ Chí Minh, Việt Nam",Quận 2,"4610: Đại lý, môi giới, đấu giá-Chi tiết : Đại lý, môi giới (trừ môi giới bất động sản).;4632: Bán buôn thực phẩm-( không hoạt động tại trụ sở);4633: Bán buôn đồ uống-;4641: Bán buôn vải, hàng may sẵn",internet
314121196,CÔNG TY TNHH NÔNG NGHIỆP GAGACO,CÔNG TY TNHH NÔNG NGHIỆP GAGAC,Công ty trách nhiệm hữu hạn hai thành viên trở lên,"Số nhà 02, Đường số 53, Phường Bình Trưng Tây, Quận 2, Thành phố Hồ Chí Minh, Việt Nam",Quận 2,"4791: Bán lẻ theo yêu cầu đặt hàng qua bưu điện hoặc internet-(trừ bán lẻ bình gas, súng, đạn loại dùng đi săn hoặc thể thao, tiền kim khí và mua bán vàng miếng; thực hiện theo Quyết định 64/2009/QĐ-U",internet
314172112,CÔNG TY CỔ PHẦN THƯƠNG MẠI AMADA VIỆT NAM,CÔNG TY CỔ PHẦN THƯƠNG MẠI AMA,Công ty cổ phần,"A55 Đường Số 1, Khu Dân Cư Văn Minh, Phường An Phú, Quận 2, Thành phố Hồ Chí Minh, Việt Nam",Quận 2,"1811: In ấn-Chi tiết: n ấn báo chí, tạp chí và các ấn phẩm định kỳ khác, sách và sách quảng cáo, bản thảo âm nhạc, bản đồ, tập bản đồ, áp phích, mục lục quảng cáo, tờ quảng cáo và các ấn phẩm quảng cá",internet
313716592,CÔNG TY TNHH THƯƠNG MẠI ĐẦU TƯ DỊCH VỤ VẬN TẢI THÙY TRĂM,CÔNG TY TNHH THƯƠNG MẠI ĐẦU TƯ,Công ty trách nhiệm hữu hạn một thành viên,"8/3B3 Lương Định Của, Phường An Phú, Quận 2, Thành phố Hồ Chí Minh, Việt Nam",Quận 2,"2592: Gia công cơ khí; xử lý và tráng phủ kim loại-(không hoạt động tại trụ sở).;1621: Sản xuất gỗ dán, gỗ lạng, ván ép và ván mỏng khác-(không hoạt động tại trụ sở);1629: Sản xuất sản phẩm khác từ gỗ",internet
313841995,CÔNG TY TNHH  THƯƠNG MẠI DỊCH VỤ HUỲNH BẢO SƠN,CÔNG TY TNHH  THƯƠNG MẠI DỊCH ,Công ty trách nhiệm hữu hạn một thành viên,"Số 12, Đường An Phú, Khu Phố 4, Phường An Phú, Quận 2, Thành phố Hồ Chí Minh, Việt Nam",Quận 2,"4661: Bán buôn nhiên liệu rắn, lỏng, khí và các sản phẩm liên quan-Chi tiết: Bán buôn dầu nhờn, mỡ nhờn và các sản phẩm liên quan khác;4663: Bán buôn vật liệu, thiết bị lắp đặt khác trong xây dựng-;46",internet
313870467,CÔNG TY TNHH ĐẦU TƯ THƯƠNG MẠI DỊCH VỤ TIẾN TIẾN ĐẠT,CÔNG TY TNHH ĐẦU TƯ THƯƠNG MẠI,Công ty trách nhiệm hữu hạn một thành viên,"87 Lương Định Của, Khu phố 3, Phường Bình An, Quận 2, Thành phố Hồ Chí Minh, Việt Nam",Quận 2,"1322: Sản xuất hàng may sẵn (trừ trang phục)-(trừ tẩy, nhuộm, hồ, in trên các sản phẩm vải, sợi, dệt, may, thêu, đan tại trụ sở);1323: Sản xuất thảm, chăn đệm-(không hoạt động tại trụ sở);1410: May tr",internet
314026834,CÔNG TY TNHH MỘT THÀNH VIÊN SSANGYONG VIETNAM,CÔNG TY TNHH MỘT THÀNH VIÊN SS,Công ty trách nhiệm hữu hạn một thành viên,"121 Thân Văn Nhiếp, Phường An Phú, Quận 2, Thành phố Hồ Chí Minh, Việt Nam",Quận 2,"4933: Vận tải hàng hóa bằng đường bộ-(trừ hóa lỏng khí để vận chuyển);4530: Bán phụ tùng và các bộ phận phụ trợ của ô tô và xe có động cơ khác-;4659: Bán buôn máy móc, thiết bị và phụ tùng máy khác-ch",internet
107405880,CÔNG TY TNHH ĐẦU TƯ THƯƠNG MẠI NGS,CÔNG TY TNHH ĐẦU TƯ THƯƠNG MẠI,Công ty trách nhiệm hữu hạn hai thành viên trở lên,"Số 126 Trương Văn Bang, Phường Thạnh Mỹ Lợi, Quận 2, Thành phố Hồ Chí Minh, Việt Nam",Quận 2,"5229: Hoạt động dịch vụ hỗ trợ khác liên quan đến vận tải-Chi tiết: 
- Gửi hàng; 
- Sắp xếp hoặc tổ chức các hoạt động vận tải đường sắt, đường bộ
- Giao nhận hàng hóa; 
- Thu, phát các chứng từ vận t",internet
314197861,CÔNG TY TNHH PHÁT TRIỂN DỊCH VỤ VIỄN THÔNG HỒNG MINH,CÔNG TY TNHH PHÁT TRIỂN DỊCH V,Công ty trách nhiệm hữu hạn một thành viên,"Số 88/19B, đường số 11, khu phố 1, Phường Cát Lái, Quận 2, Thành phố Hồ Chí Minh, Việt Nam",Quận 2,"4741: Bán lẻ máy vi tính, thiết bị ngoại vi, phần mềm và thiết bị viễn thông trong các cửa hàng chuyên doanh-;4742: Bán lẻ thiết bị nghe nhìn trong các cửa hàng chuyên doanh-;6110: Hoạt động viễn thôn",internet
314207453,CÔNG TY CỔ PHẦN PHLEEK,CÔNG TY CỔ PHẦN PHLEEK,Công ty cổ phần,"Lầu 3, Số 8, đường số 66, Phường Thảo Điền, Quận 2, Thành phố Hồ Chí Minh, Việt Nam",Quận 2,"1313: Hoàn thiện sản phẩm dệt-(trừ tẩy, nhuộm, hồ, in trên các sản phẩm vải sợi, dệt, may, đan và không gia công hàng đã qua sử dụng tại trụ sở).;1322: Sản xuất hàng may sẵn (trừ trang phục)-(trừ tẩy,",internet
314208432,CÔNG TY TNHH THƯƠNG MẠI DỊCH VỤ ZIKA,CÔNG TY TNHH THƯƠNG MẠI DỊCH V,Công ty trách nhiệm hữu hạn hai thành viên trở lên,"Số 13, Đường 42, Phường Bình Trưng Đông, Quận 2, Thành phố Hồ Chí Minh, Việt Nam",Quận 2,"1410: May trang phục (trừ trang phục từ da lông thú)-( Trừ nhuộm, hồ, in và không gia công hàng đã qua sử dụng, thuộc da, luyện cán cao su, tái chế phế thải tại trụ sở);4641: Bán buôn vải, hàng may sẵ",internet
314225491,CÔNG TY CỔ PHẦN THIẾT BỊ CÔNG NGHIỆP LÊ MINH,CÔNG TY CỔ PHẦN THIẾT BỊ CÔNG ,Công ty cổ phần,"Số 95/6/27 đường Lương Định Của, Khu Phố 3, Phường Bình An, Quận 2, Thành phố Hồ Chí Minh, Việt Nam",Quận 2,"4659: Bán buôn máy móc, thiết bị và phụ tùng máy khác-;4791: Bán lẻ theo yêu cầu đặt hàng qua bưu điện hoặc internet-(trừ bán lẻ bình gas, súng, đạn loại dùng đi săn hoặc thể thao và tiền kim khí; Thự",internet
314265060,CÔNG TY CỔ PHẦN THƯƠNG MẠI DỊCH VỤ YOUME,CÔNG TY CỔ PHẦN THƯƠNG MẠI DỊC,Công ty cổ phần,"Số 18, Đường 100, Phường Thạnh Mỹ Lợi, Quận 2, Thành phố Hồ Chí Minh, Việt Nam",Quận 2,"2592: Gia công cơ khí; xử lý và tráng phủ kim loại-(Không hoạt động tại trụ sở).;1322: Sản xuất hàng may sẵn (trừ trang phục)-(không tẩy, nhuộm, hồ, in trên các sản phẩm vải , sợi, dệt, may đan tại tr",internet
314311479,CÔNG TY TNHH THƯƠNG MẠI VÀ CÔNG NGHỆ VẠN AN PHÁT,CÔNG TY TNHH THƯƠNG MẠI VÀ CÔN,Công ty trách nhiệm hữu hạn hai thành viên trở lên,"B3/11 Đường Số 5, Khu Phố 2, Phường Bình An, Quận 2, Thành phố Hồ Chí Minh, Việt Nam",Quận 2,"4663: Bán buôn vật liệu, thiết bị lắp đặt khác trong xây dựng-;4669: Bán buôn chuyên doanh khác chưa được phân vào đâu-(trừ bán buôn bình gas, khí dầu mỏ hóa lỏng LPG, dầu nhớt cặn, vàng miếng, súng, ",internet
314274770,CÔNG TY CỔ PHẦN CÔNG NGHỆ NDK GLOBAL,CÔNG TY CỔ PHẦN CÔNG NGHỆ NDK ,Công ty cổ phần,"311-F33 Đường Số 7, khu phố 1, Phường An Phú, Quận 2, Thành phố Hồ Chí Minh, Việt Nam",Quận 2,"4662: Bán buôn kim loại và quặng kim loại-Chi tiết: Mua bán vàng trang sức, mỹ nghệ; Bán buôn bạc và kim loại quý khác (trừ mua bán vàng miếng);4669: Bán buôn chuyên doanh khác chưa được phân vào đâu-",internet
314292603,CÔNG TY TNHH THƯƠNG MẠI DỊCH VỤ PHÚC GIA LINH,CÔNG TY TNHH THƯƠNG MẠI DỊCH V,Công ty trách nhiệm hữu hạn hai thành viên trở lên,"61 đường số 42, Phường Bình Trưng Đông, Quận 2, Thành phố Hồ Chí Minh, Việt Nam",Quận 2,"5229: Hoạt động dịch vụ hỗ trợ khác liên quan đến vận tải-Chi tiết: Đại lý của các đại lý bán vé máy bay, tàu hỏa. Đại lý tàu biển và môi giới hàng hải. Dịch vụ giao nhận hàng hóa xuất nhập khẩu. Đại ",internet
316466559,CÔNG TY TNHH THƯƠNG MẠI DỊCH VỤ KỸ THUẬT U&Q,CÔNG TY TNHH THƯƠNG MẠI DỊCH V,Công ty trách nhiệm hữu hạn một thành viên,"Số 57/1/12 Đường Số 16, Khu Phố 2, Phường Thạnh Mỹ Lợi, Quận 2, Thành phố Hồ Chí Minh, Việt Nam",Quận 2,"4101: Xây dựng nhà để ở-;4102: Xây dựng nhà không để ở-;4221: Xây dựng công trình điện-(Doanh nghiệp không cung cấp hàng hóa, dịch vụ thuộc độc quyền Nhà nước, không hoạt động thương mại theo NĐ 94/20",internet
314343216,CÔNG TY CỔ PHẦN SMILE HOME,CÔNG TY CỔ PHẦN SMILE HOME,Công ty cổ phần,"39 Xa Lộ Hà Nội, Phường Thảo Điền, Quận 2, Thành phố Hồ Chí Minh, Việt Nam",Quận 2,"0128: Trồng cây gia vị, cây dược liệu-chi tiết: trồng cây dược liệu ( không hoạt động tại trụ sở);0210: Trồng rừng và chăm sóc rừng-chi tiết: trồng rừng ( không hoạt động tại trụ sở);1101: Chưng, tinh",internet
314321413,CÔNG TY TNHH KINH DOANH VIỆT NAM,CÔNG TY TNHH KINH DOANH VIỆT N,Công ty trách nhiệm hữu hạn hai thành viên trở lên,"97 Tạ Hiện, Phường Thạnh Mỹ Lợi, Quận 2, Thành phố Hồ Chí Minh, Việt Nam",Quận 2,"4662: Bán buôn kim loại và quặng kim loại-Chi tiết: Bán buôn sắt, thép, tôn, kẽm, đồng, nhôm, chì, inox, gang;4663: Bán buôn vật liệu, thiết bị lắp đặt khác trong xây dựng-Chi tiết: Bán buôn xi măng, ",internet
314364826,CÔNG TY TNHH JOABOA TECHNOLOGY (S.E.A) ENGINEERING,CÔNG TY TNHH JOABOA TECHNOLOGY,Công ty trách nhiệm hữu hạn một thành viên,"4-6 Lương Định Của, Phường An Phú, Quận 2, Thành phố Hồ Chí Minh, Việt Nam",Quận 2,"3320: Lắp đặt máy móc và thiết bị công nghiệp-(trừ gia công cơ khí, tái chế phế thải, xi mạ điện tại trụ sở); 4659: Bán buôn máy móc, thiết bị và phụ tùng máy khác-Chi tiết: Xuất nhập khẩu, bán buôn m",technology
314384082,CÔNG TY TNHH THIẾT BỊ CÔNG NGHIỆP KSO,CÔNG TY TNHH THIẾT BỊ CÔNG NGH,Công ty trách nhiệm hữu hạn một thành viên,"62 Nguyễn Quý Đức, Phường An Phú, Quận 2, Thành phố Hồ Chí Minh, Việt Nam",Quận 2,"4659: Bán buôn máy móc, thiết bị và phụ tùng máy khác-Chi tiết: Bán buôn máy móc, thiết bị và phụ tùng máy khai khoáng, xây dựng. Bán buôn máy móc, thiết bị và phụ tùng máy dệt, may, da giày. (Không h",internet
314403867,CÔNG TY CỔ PHẦN VIỄN THÔNG AN BÌNH PHÁT,CÔNG TY CỔ PHẦN VIỄN THÔNG AN ,Công ty cổ phần,"Phòng 03.45, Tầng 3, Tháp E, Tòa nhà Lexington, 67 Mai Chí Thọ, Phường An Phú, Quận 2, Thành phố Hồ Chí Minh, Việt Nam",Quận 2,"6022: Chương trình cáp, vệ tinh và các chương trình thuê bao khác-Chi tiết: Kinh doanh dịch vụ truyền hình trả tiền;6110: Hoạt động viễn thông có dây-(Doanh nghiệp chỉ được hoạt động khi có đủ điều ki",internet
314428244,CÔNG TY TNHH BHLAND,CÔNG TY TNHH BHLAND,Công ty trách nhiệm hữu hạn một thành viên,"Số 20 Đường 43, Phường Thảo Điền, Quận 2, Thành phố Hồ Chí Minh, Việt Nam",Quận 2,"9329: Hoạt động vui chơi giải trí khác chưa được phân vào đâu-Chi tiết: - Hoạt động của các khu giải trí, bãi biển; - Hoạt động của cơ sở vận tải, đi du thuyền (không thực hiện các hiệ",internet
314475692,CÔNG TY CỔ PHẦN TRUYỀN THÔNG VÀ THƯƠNG MẠI NGÔI SAO VIỆT NAM,CÔNG TY CỔ PHẦN TRUYỀN THÔNG V,Công ty cổ phần,"Số 13 Đường 42, Phường Bình Trưng Đông, Quận 2, Thành phố Hồ Chí Minh, Việt Nam",Quận 2,"5911: Hoạt động sản xuất phim điện ảnh, phim video và chương trình truyền hình-Chi tiết: sản xuất các chương trình truyền hình (trừ sản xuất phim, phát sóng, không thực hiện các hiệu ứng cháy nổ, khôn",internet
314475886,CÔNG TY TNHH GIẢI TRÍ CELEB,CÔNG TY TNHH GIẢI TRÍ CELEB,Công ty trách nhiệm hữu hạn hai thành viên trở lên,"Số 01, Đường Số 34, Khu phố 2, Phường Bình An, Quận 2, Thành phố Hồ Chí Minh, Việt Nam",Quận 2,"5911: Hoạt động sản xuất phim điện ảnh, phim video và chương trình truyền hình-Chi tiết: Hoạt động sản xuất chương trình truyền hình (trừ sản xuất phim và không thực hiện các hiệu ứng cháy nổ; không s",internet
314475163,CÔNG TY TNHH TIN HỌC KỸ THUẬT HOÀNG TUẤN,CÔNG TY TNHH TIN HỌC KỸ THUẬT ,Công ty trách nhiệm hữu hạn hai thành viên trở lên,"50 Thạnh Mỹ Lợi , Phường Thạnh Mỹ Lợi, Quận 2, Thành phố Hồ Chí Minh, Việt Nam",Quận 2,"4741: Bán lẻ máy vi tính, thiết bị ngoại vi, phần mềm và thiết bị viễn thông trong các cửa hàng chuyên doanh-;1812: Dịch vụ liên quan đến in-;6201: Lập trình máy vi tính-;6202: Tư vấn máy vi tính và q",internet
314521035,CÔNG TY TNHH THƯƠNG MẠI TRUYỀN THÔNG VÀ XÂY DỰNG HOÀNG KIM,CÔNG TY TNHH THƯƠNG MẠI TRUYỀN,Công ty trách nhiệm hữu hạn hai thành viên trở lên,"401/9 Nguyễn Duy Trinh, Phường Bình Trưng Tây, Quận 2, Thành phố Hồ Chí Minh, Việt Nam",Quận 2,"2022: Sản xuất sơn, véc ni và các chất sơn, quét tương tự; sản xuất mực in và ma tít-Chi tiết: Sản xuất mực in ( không hoạt động tại trụ sở );1410: May trang phục (trừ trang phục từ da lông thú)-;1610",internet
314559832,CÔNG TY TNHH MAPLE STUDIO,CÔNG TY TNHH MAPLE STUDIO,Công ty trách nhiệm hữu hạn hai thành viên trở lên,"71 Bùi Tá Hán, Phường An Phú, Quận 2, Thành phố Hồ Chí Minh, Việt Nam",Quận 2,"7410: Hoạt động thiết kế chuyên dụng-chi tiết: thiết kế logo, thiết kế website, thiết kế thương hiệu, thiết kế đồ họa;4610: Đại lý, môi giới, đấu giá-(trừ môi giới bất động sản).;4651: Bán buôn máy vi",internet
314537130,CÔNG TY CỔ PHẦN THƯƠNG MẠI ĐẦU TƯ HÙNG THANH HOLDING,CÔNG TY CỔ PHẦN THƯƠNG MẠI ĐẦU,Công ty cổ phần,"01 Xa lộ Hà Nội, Khu phố 2, Phường Thảo Điền, Quận 2, Thành phố Hồ Chí Minh, Việt Nam",Quận 2,"4799: Bán lẻ hình thức khác chưa được phân vào đâu-(trừ bán lẻ bình gas, khí dầu mỏ hóa lỏng LPG, dầu nhớt cặn, vàng miếng, súng, đạn loại dùng đi săn hoặc thể thao và tiền kim khí; trừ bán lẻ hóa chấ",internet
314544089,CÔNG TY TNHH THƯƠNG MẠI ĐẦU TƯ XUẤT NHẬP KHẨU KHANG THỊNH,CÔNG TY TNHH THƯƠNG MẠI ĐẦU TƯ,Công ty trách nhiệm hữu hạn một thành viên,"Số 5 Đường số 19, Khu phố 2, Phường Bình An, Quận 2, Thành phố Hồ Chí Minh, Việt Nam",Quận 2,"4633: Bán buôn đồ uống-Chi tiết: Bán buôn rượu chai hàng nội-ngoại nhập; 8292: Dịch vụ đóng gói-(trừ đóng gói thuốc bảo vệ thực vật);4291: Xây dựng công trình thủy-; 8219: Photo, chuẩn bị tài liệu và ",internet
314589682,CÔNG TY TNHH DU THUYỀN SEAWIND,CÔNG TY TNHH DU THUYỀN SEAWIND,Công ty trách nhiệm hữu hạn một thành viên,"133 Lương Định Của, Khu Phố 3, Phường Bình An, Quận 2, Thành phố Hồ Chí Minh, Việt Nam",Quận 2,4669: Bán buôn chuyên doanh khác chưa được phân vào đâu-Chi tiết: Bán buôn phân bón. Bán buôn hóa chất sử dụng trong công nghiệp (không hoạt động tại trụ sở). Bán buôn chất dẻo dạng nguyên sinh. Bán b,internet
314556694,CÔNG TY CỔ PHẦN THƯƠNG MẠI – XUẤT NHẬP KHẨU DCA,CÔNG TY CỔ PHẦN THƯƠNG MẠI  XU,Công ty cổ phần,"Số 8 Đường 29, Khu phố 2, Phường Bình An, Quận 2, Thành phố Hồ Chí Minh, Việt Nam",Quận 2,"4719: Bán lẻ khác trong các cửa hàng kinh doanh tổng hợp-- Bán lẻ trong siêu thị, trung tâm thương mại
- Bán lẻ khác chưa được phân vào đâu trong các cửa hàng kinh doanh tổng hợp
(Thực hiện theo Quyết",internet
314579444,CÔNG TY TNHH THƯƠNG MẠI DỊCH VỤ VIỄN THÔNG NHƯ HIỀN,CÔNG TY TNHH THƯƠNG MẠI DỊCH V,Công ty trách nhiệm hữu hạn một thành viên,"501 Nguyễn Thị Định, Phường Cát Lái, Quận 2, Thành phố Hồ Chí Minh, Việt Nam",Quận 2,"4663: Bán buôn vật liệu, thiết bị lắp đặt khác trong xây dựng-;4741: Bán lẻ máy vi tính, thiết bị ngoại vi, phần mềm và thiết bị viễn thông trong các cửa hàng chuyên doanh-;4742: Bán lẻ thiết bị nghe ",internet
314570522,CÔNG TY TNHH THỰC PHẨM VÀ NƯỚC GIẢI KHÁT PRASINOS VIỆT NAM,CÔNG TY TNHH THỰC PHẨM VÀ NƯỚC,Công ty trách nhiệm hữu hạn hai thành viên trở lên,"Số 32A, đường 5, Phường Thảo Điền, Quận 2, Thành phố Hồ Chí Minh, Việt Nam",Quận 2,4721: Bán lẻ lương thực trong các cửa hàng chuyên doanh-(thực hiện theo quyết định 64/2009/QĐ-UBND ngày 31/07/2009 và quyết định số 79/2009/QĐ-UBND ngày 17/10/2009 của Ủy ban nhân dân TP. Hồ Chí Minh ,internet
314574069,CÔNG TY TNHH PHOTOCOPY TẤN PHÁT,CÔNG TY TNHH PHOTOCOPY TẤN PHÁ,Công ty trách nhiệm hữu hạn hai thành viên trở lên,"40 Vũ Tông Phan, khu phố 5, Phường An Phú, Quận 2, Thành phố Hồ Chí Minh, Việt Nam",Quận 2,"2220: Sản xuất sản phẩm từ plastic-(trừ tái chế phế thải, luyện cán cao su,trừ sản xuất xốp cách nhiệt sử dụng ga R141b và polyol trộn sẵn HCFC-141b);1629: Sản xuất sản phẩm khác từ gỗ; sản xuất sản p",internet
314592727,DOANH NGHIỆP TƯ NHÂN DỊCH VỤ TRÒ CHƠI ĐIỆN TỬ CÔNG CỘNG CYBER ALL GAME DARK ESPORT GAMING,DOANH NGHIỆP TƯ NHÂN DỊCH VỤ T,Doanh nghiệp tư nhân,"34 Nguyễn Hoàng, Phường An Phú, Quận 2, Thành phố Hồ Chí Minh, Việt Nam",Quận 2,6190: Hoạt động viễn thông khác-Chi tiết: Hoạt động của các điểm truy cập internet . Điểm cung cấp dịch vụ trò chơi điện tử công cộng (trừ kinh doanh trò chơi điện tử có thưởng cho người nước ngoài và,internet
314627754,CÔNG TY TNHH ĐẦU TƯ TIẾP THỊ QUẢNG CÁO Ý TƯỞNG MỚI,CÔNG TY TNHH ĐẦU TƯ TIẾP THỊ Q,Công ty trách nhiệm hữu hạn một thành viên,"160A Lương Định Của, Phường An Phú, Quận 2, Thành phố Hồ Chí Minh, Việt Nam",Quận 2,"1101: Chưng, tinh cất và pha chế các loại rượu mạnh-( không hoạt động tại trụ sở);1102: Sản xuất rượu vang-( không hoạt động tại trụ sở);1621: Sản xuất gỗ dán, gỗ lạng, ván ép và ván mỏng khác-( không",internet
314658992,CÔNG TY TNHH MONSPACE VIETNAM,CÔNG TY TNHH MONSPACE VIETNAM,Công ty trách nhiệm hữu hạn một thành viên,"Tầng 6, Tòa nhà Galleria Metro 6 Tower, số 59 Xa Lộ Hà Nội, Phường Thảo Điền, Quận 2, Thành phố Hồ Chí Minh, Việt Nam",Quận 2,"4632: Bán buôn thực phẩm-(không hoạt động tại trụ sở);4633: Bán buôn đồ uống-;4641: Bán buôn vải, hàng may sẵn, giày dép-;4649: Bán buôn đồ dùng khác cho gia đình-(trừ kinh doanh dược phẩm).;4651: Bán",internet
314683011,CÔNG TY TNHH MỘT THÀNH VIÊN THƯƠNG MẠI - DỊCH VỤ - ĐIỆN TỬ - CÔNG NGHỆ VIỄN THANH,CÔNG TY TNHH MỘT THÀNH VIÊN TH,Công ty trách nhiệm hữu hạn một thành viên,"Số 583 Đường Nguyễn Duy Trinh , Phường Bình Trưng Đông, Quận 2, Thành phố Hồ Chí Minh, Việt Nam",Quận 2,"4663: Bán buôn vật liệu, thiết bị lắp đặt khác trong xây dựng-chi tiết: bán buôn thiết bị an ninh, camera, chống trộm;4741: Bán lẻ máy vi tính, thiết bị ngoại vi, phần mềm và thiết bị viễn thông trong",lap top
314685749,CÔNG TY TNHH KOMBAT GROUP,CÔNG TY TNHH KOMBAT GROUP,Công ty trách nhiệm hữu hạn một thành viên,"14/11 Quốc Hương, Phường Thảo Điền, Quận 2, Thành phố Hồ Chí Minh, Việt Nam",Quận 2,"1410: May trang phục (trừ trang phục từ da lông thú)-(Không hoạt động tại trụ sở);1430: Sản xuất trang phục dệt kim, đan móc-(không hoạt động tại trụ sở);4669: Bán buôn chuyên doanh khác chưa được phâ",internet
314701574,CÔNG TY TNHH IMAGINE IT SOLUTIONS VN,CÔNG TY TNHH IMAGINE IT SOLUTI,Công ty trách nhiệm hữu hạn một thành viên,"Tầng 3, Tòa nhà The Vista, 628C Xa Lộ Hà Nội , Phường An Phú, Quận 2, Thành phố Hồ Chí Minh, Việt Nam",Quận 2,"6202: Tư vấn máy vi tính và quản trị hệ thống máy vi tính-Chi tiết: 
Dịch vụ tư vấn liên quan tới lắp đặt phần cứng máy tính. (CPC: 841)
Dịch vụ duy tu và bảo dưỡng máy móc và thiết bị văn phòng, bao ",it solution
314547851,CÔNG TY TNHH MTV THƯƠNG MẠI DỊCH VỤ GIẢI TRÍ HƯNG THỊNH PHÁT,CÔNG TY TNHH MTV THƯƠNG MẠI DỊ,Công ty trách nhiệm hữu hạn một thành viên,"Số 13A, Đường 12, khu phố 4, Phường Bình An, Quận 2, Thành phố Hồ Chí Minh, Việt Nam",Quận 2,4722: Bán lẻ thực phẩm trong các cửa hàng chuyên doanh-(Thực hiện theo Quyết định 64/2009/QĐ-UBND ngày 31/07/2009 và Quyết định 79/2009/QĐ-UBND ngày 17/10/2009 của Uỷ Ban Nhân Dân Thành phố Hồ Chí Min,internet
314740069,CÔNG TY TNHH THƯƠNG MẠI - DỊCH VỤ - QUẢNG CÁO BUMBEE,CÔNG TY TNHH THƯƠNG MẠI  DỊCH ,Công ty trách nhiệm hữu hạn hai thành viên trở lên,"Số 8, Đường 37, Phường Bình Trưng Tây, Quận 2, Thành phố Hồ Chí Minh, Việt Nam",Quận 2,"1811: In ấn-Chi tiết: In ấn áp phích, mục lục quảng cáo, tờ quảng cáo và các ấn phẩm quảng cáo khác.;1812: Dịch vụ liên quan đến in-;4663: Bán buôn vật liệu, thiết bị lắp đặt khác trong xây dựng-;4722",internet
314781026,CÔNG TY TNHH TRƯỜNG HƯNG PHÁT ĐẠT,CÔNG TY TNHH TRƯỜNG HƯNG PHÁT ,Công ty trách nhiệm hữu hạn một thành viên,"64 Cao Đức Lân, Phường An Phú, Quận 2, Thành phố Hồ Chí Minh, Việt Nam",Quận 2,"5630: Dịch vụ phục vụ đồ uống-Chi tiết: Quán cà phê, nước hoa quả, giải khát
-dịch vụ đồ uống khác: nước mía, nước sinh tố, quán chè, quán trà sữa (trừ hoạt động quán bar và quán giải khát có khiêu vũ",internet
314781403,CÔNG TY TNHH BLOCKCHAIN TECHNOLOGY SOLUTION,CÔNG TY TNHH BLOCKCHAIN TECHNO,Công ty trách nhiệm hữu hạn một thành viên,"19 Đường Số 11, Khu phố 4 , Phường Bình An, Quận 2, Thành phố Hồ Chí Minh, Việt Nam",Quận 2,"4741: Bán lẻ máy vi tính, thiết bị ngoại vi, phần mềm và thiết bị viễn thông trong các cửa hàng chuyên doanh-;5820: Xuất bản phần mềm-chi tiết : sản xuất phần mềm;6201: Lập trình máy vi tính-;6202: Tư",technology
314769540,CÔNG TY TNHH THƯƠNG MẠI DỊCH VỤ SẢN XUẤT CÁT LINH,CÔNG TY TNHH THƯƠNG MẠI DỊCH V,Công ty trách nhiệm hữu hạn một thành viên,"4/13A Đường số 6, Phường Thạnh Mỹ Lợi, Quận 2, Thành phố Hồ Chí Minh, Việt Nam",Quận 2,"8110: Dịch vụ hỗ trợ tổng hợp-(trừ kinh doanh dịch vụ bảo vệ);8121: Vệ sinh chung nhà cửa-(trừ dịch vụ xông hơi khử trùng);8129: Vệ sinh nhà cửa và các công trình khác-(trừ dịch vụ xông hơi, khử trùng",internet
314774011,DOANH NGHIỆP TƯ NHÂN COCA GAMING,DOANH NGHIỆP TƯ NHÂN COCA GAMI,Doanh nghiệp tư nhân,"142  Đường 42, Phường Bình Trưng Đông, Quận 2, Thành phố Hồ Chí Minh, Việt Nam",Quận 2,6190: Hoạt động viễn thông khác-Chi tiết: Đại lý cung cấp dịch vụ truy cập internet và cung cấp dịch vụ trò chơi điện tử công cộng (trừ kinh doanh trò chơi điện tử có thưởng dành cho người nước ngoài ,internet
314789635,CÔNG TY TNHH THƯƠNG MẠI DỊCH VỤ DUNG KHANG,CÔNG TY TNHH THƯƠNG MẠI DỊCH V,Công ty trách nhiệm hữu hạn một thành viên,"33 Trần Não, Khu Phố 4, Phường Bình An, Quận 2, Thành phố Hồ Chí Minh, Việt Nam",Quận 2,"4669: Bán buôn chuyên doanh khác chưa được phân vào đâu-(không tồn trữ hóa chất tại trụ sở, trừ bán thuốc trừ sâu, hóa chất thuộc bảng I theo công ước Quốc tế, bình gas, khí dầu mỏ hóa lỏng LPG, dầu n",internet
314854813,CÔNG TY TNHH SHT TOÀN CẦU,CÔNG TY TNHH SHT TOÀN CẦU,Công ty trách nhiệm hữu hạn hai thành viên trở lên,"Số 254, Đường Bùi Tá Hán, Khu phố 5, Phường An Phú, Quận 2, Thành phố Hồ Chí Minh, Việt Nam",Quận 2,"4789: Bán lẻ hàng hóa khác lưu động hoặc tại chợ-(trừ bán lẻ bình gas, khí dầu mỏ hóa lỏng LPG, dầu nhớt cặn, vàng miếng, súng, đạn loại dùng đi săn hoặc thể thao và tiền kim khí; trừ bán lẻ hóa chất ",internet
314224794,CÔNG TY TNHH MỸ THUẬT XÂY DỰNG QUANG HƯNG,CÔNG TY TNHH MỸ THUẬT XÂY DỰNG,Công ty trách nhiệm hữu hạn hai thành viên trở lên,"5 Cao Đức Lân, Phường An Phú, Quận 2, Thành phố Hồ Chí Minh, Việt Nam",Quận 2,"2310: Sản xuất thuỷ tinh và sản phẩm từ thuỷ tinh-(không hoạt động tại trụ sở);1623: Sản xuất bao bì bằng gỗ-(không hoạt động tại trụ sở);1629: Sản xuất sản phẩm khác từ gỗ; sản xuất sản phẩm từ tre, ",internet
314633130,CÔNG TY TNHH STREAMY,CÔNG TY TNHH STREAMY,Công ty trách nhiệm hữu hạn một thành viên,"Tầng 7, Tòa nhà The Galleria Metro 6 Office Building, 59 Xa Lộ Hà Nội, Phường Thảo Điền, Quận 2, Thành phố Hồ Chí Minh, Việt Nam",Quận 2,8299: Hoạt động dịch vụ hỗ trợ kinh doanh khác còn lại chưa được phân vào đâu-Chi tiết: Cung cấp dịch vụ thương mại điện tử (Tuân thủ các quy định của Luật Báo chí; Luật Công nghệ thông tin; Nghị định,internet
314667820,CÔNG TY TNHH ĐẦU TƯ THƯƠNG MẠI LẠC AN KHANG,CÔNG TY TNHH ĐẦU TƯ THƯƠNG MẠI,Công ty trách nhiệm hữu hạn một thành viên,"159 Xa Lộ Hà Nội, Phường Thảo Điền, Quận 2, Thành phố Hồ Chí Minh, Việt Nam",Quận 2,"4663: Bán buôn vật liệu, thiết bị lắp đặt khác trong xây dựng-(không hoạt động tại trụ sở) .;4719: Bán lẻ khác trong các cửa hàng kinh doanh tổng hợp-Chi tiết : Bán lẻ quần áo, giày dép, hàng ngũ kim,",internet
314715030,CÔNG TY TNHH VẬT LIỆU TRẢI SÀN VĨNH THUẬN,CÔNG TY TNHH VẬT LIỆU TRẢI SÀN,Công ty trách nhiệm hữu hạn một thành viên,"87 Nguyễn Trung Nguyệt, Khu Phố 5, Phường Bình Trưng Đông, Quận 2, Thành phố Hồ Chí Minh, Việt Nam",Quận 2,"4773: Bán lẻ hàng hóa khác mới trong các cửa hàng chuyên doanh-(trừ bán lẻ bình gas, khí dầu mỏ hóa lỏng LPG, dầu nhớt cặn, vàng miếng, súng, đạn loại dùng đi săn hoặc thể thao và tiền kim khí; trừ bá",internet
314736513,CÔNG TY TNHH EARTHSTREET,CÔNG TY TNHH EARTHSTREET,Công ty trách nhiệm hữu hạn hai thành viên trở lên,"Số 94 Đường Xuân Thủy, Phường Thảo Điền, Quận 2, Thành phố Hồ Chí Minh, Việt Nam",Quận 2,"7020: Hoạt động tư vấn quản lý-Chi tiết: 
Dịch vụ tư vấn quản lý chung; (CPC: 86501)
Dịch vụ tư vấn quản lý marketing; (CPC: 86503)
Dịch vụ tư vấn quản lý nguồn nhân lực. (CPC: 86504)
(Doanh nghiệp kh",internet
314478118,CÔNG TY TNHH THƯƠNG MẠI - DỊCH VỤ  MINH MY,CÔNG TY TNHH THƯƠNG MẠI  DỊCH ,Công ty trách nhiệm hữu hạn một thành viên,"30 Đường 11, Khu Phố 4 , Phường An Phú, Quận 2, Thành phố Hồ Chí Minh, Việt Nam",Quận 2,"5510: Dịch vụ lưu trú ngắn ngày-chi tiết: Khách sạn, biệt thự du lịch, căn hộ du lịch, nhà nghỉ du lịch, nhà ở có phòng cho khách du lịch thuê (không hoạt động tại trụ sở);4669: Bán buôn chuyên doanh ",internet
314632578,CÔNG TY CỔ PHẦN PROPTECHSOFT,CÔNG TY CỔ PHẦN PROPTECHSOFT,Công ty cổ phần,"Toong Coworking Space, Tầng 3, The Vista, 628C Xa Lộ Hà Nội, Phường An Phú, Quận 2, Thành phố Hồ Chí Minh, Việt Nam",Quận 2,"4741: Bán lẻ máy vi tính, thiết bị ngoại vi, phần mềm và thiết bị viễn thông trong các cửa hàng chuyên doanh-;4651: Bán buôn máy vi tính, thiết bị ngoại vi và phần mềm-;4742: Bán lẻ thiết bị nghe nhìn",internet
314676984,CÔNG TY TNHH ĐẦU TƯ PHÁT TRIỂN DUY PHƯƠNG,CÔNG TY TNHH ĐẦU TƯ PHÁT TRIỂN,Công ty trách nhiệm hữu hạn hai thành viên trở lên,"100 Xuân Thủy, Phường Thảo Điền, Quận 2, Thành phố Hồ Chí Minh, Việt Nam",Quận 2,"4322: Lắp đặt hệ thống cấp, thoát nước, lò sưởi và điều hoà không khí-(trừ lắp đặt các thiết bị điện lạnh (thiết bị cấp đông, kho lạnh, máy đá, điều hòa không khí, làm lạnh nước) sử dụng ga lạnh r22 t",internet
314682025,CÔNG TY TNHH NGUYÊN DUY HÀ,CÔNG TY TNHH NGUYÊN DUY HÀ,Công ty trách nhiệm hữu hạn hai thành viên trở lên,"Số 30 đường 62A, khu phố 1, Phường Thạnh Mỹ Lợi, Quận 2, Thành phố Hồ Chí Minh, Việt Nam",Quận 2,"6920: Hoạt động liên quan đến kế toán, kiểm toán và tư vấn về thuế-Chi tiết: Dịch vụ làm thủ tục về thuế;7020: Hoạt động tư vấn quản lý-(trừ tư vấn tài chính kế toán, pháp lý);7310: Quảng cáo-;7320: N",internet
314713996,CÔNG TY TNHH VÒNG TRÒN THƯƠNG MẠI,CÔNG TY TNHH VÒNG TRÒN THƯƠNG ,Công ty trách nhiệm hữu hạn hai thành viên trở lên,"Khu Thương mại Dịch vụ (Khối đế Tháp 1 và 2) - Tầng 3, Tòa nhà The Vista, 628C Xa Lộ Hà Nội, Phường An Phú, Quận 2, Thành phố Hồ Chí Minh, Việt Nam",Quận 2,"7020: Hoạt động tư vấn quản lý-(trừ tư vấn tài chính, kế toán, pháp luật).;7320: Nghiên cứu thị trường và thăm dò dư luận-;7310: Quảng cáo-Chi tiết: Dịch vụ quảng cáo, tiếp thị;7490: Hoạt động chuyên ",internet
314755731,CÔNG TY TNHH NS JEWELRY DESIGN,CÔNG TY TNHH NS JEWELRY DESIGN,Công ty trách nhiệm hữu hạn hai thành viên trở lên,"Số 43, Đường 42, Phường Bình Trưng Tây, Quận 2, Thành phố Hồ Chí Minh, Việt Nam",Quận 2,"4662: Bán buôn kim loại và quặng kim loại-Chi tiết: Mua bán vàng trang sức, mỹ nghệ;3211: Sản xuất đồ kim hoàn và chi tiết liên quan-Chi tiết: sản xuất, gia công vàng trang sức, mỹ nghệ.;3212: Sản xuấ",internet
314764334,CÔNG TY TNHH THƯƠNG MẠI DỊCH VỤ KỸ THUẬT L&T,CÔNG TY TNHH THƯƠNG MẠI DỊCH V,Công ty trách nhiệm hữu hạn hai thành viên trở lên,"Số 02 Đường 65, Phường Bình Trưng Đông, Quận 2, Thành phố Hồ Chí Minh, Việt Nam",Quận 2,4721: Bán lẻ lương thực trong các cửa hàng chuyên doanh-(thực hiện theo quyết định 64/2009/QĐ-UBND ngày 31/07/2009 và quyết định  số 79/2009/QĐ-UBND ngày 17/10/2009 của Ủy ban nhân dân TP. Hồ Chí Minh,internet
314825146,CÔNG TY TNHH DỊCH VỤ ĐIỆN THOẠI VIỄN THÔNG THÀNH NAM,CÔNG TY TNHH DỊCH VỤ ĐIỆN THOẠ,Công ty trách nhiệm hữu hạn một thành viên,"1016 Nguyễn Thị Định, Phường Thạnh Mỹ Lợi, Quận 2, Thành phố Hồ Chí Minh, Việt Nam",Quận 2,"6492: Hoạt động cấp tín dụng khác-Chi tiết: Dịch vụ cầm đồ;7310: Quảng cáo-;4321: Lắp đặt hệ thống điện-;4620: Bán buôn nông, lâm sản nguyên liệu (trừ gỗ, tre, nứa) và động vật sống-(Không hoạt động t",internet
314830121,CÔNG TY TNHH TƯ VẤN ĐẦU TƯ VÀ DỊCH VỤ BẢO MINH,CÔNG TY TNHH TƯ VẤN ĐẦU TƯ VÀ ,Công ty trách nhiệm hữu hạn một thành viên,"57 đường 60, Phường Thạnh Mỹ Lợi, Quận 2, Thành phố Hồ Chí Minh, Việt Nam",Quận 2,"4610: Đại lý, môi giới, đấu giá-Chi tiết: Đại lý ký gởi hàng hóa, môi giới;6190: Hoạt động viễn thông khác-Chi tiết: Đại lý dịch vụ internet. Đại lý kinh doanh các dịch vụ viễn thông khác;6312: Cổng t",internet
314843988,CÔNG TY TNHH INFINITE SOFTWARE,CÔNG TY TNHH INFINITE SOFTWARE,Công ty trách nhiệm hữu hạn một thành viên,"Tòa Nhà Hive Saigon, 94 Xuân Thủy, Phường Thảo Điền, Quận 2, Thành phố Hồ Chí Minh, Việt Nam",Quận 2,6201: Lập trình máy vi tính-(CPC 842);6209: Hoạt động dịch vụ công nghệ thông tin và dịch vụ khác liên quan đến máy vi tính-(CPC 849);Doanh nghiệp có vốn đầu tư nước ngoài có trách nhiệm thực hiện thủ,software
314847823,CÔNG TY TNHH ĐẦU TƯ ĐẠI THỊNH PHÁT,CÔNG TY TNHH ĐẦU TƯ ĐẠI THỊNH ,Công ty trách nhiệm hữu hạn hai thành viên trở lên,"11 Đường Số 28, Khu Phố 5, Phường An Phú, Quận 2, Thành phố Hồ Chí Minh, Việt Nam",Quận 2,4721: Bán lẻ lương thực trong các cửa hàng chuyên doanh-(thực hiện theo quyết định số 64/2009/QĐ-UBND ngày 31/07/2009 và quyết định số 79/2009/QĐ- UBND ngày 17/10/2009 của Ủy Ban Nhân Dân Tp. Hồ Chí M,internet
314864628,CÔNG TY CỔ PHẦN TƯƠNG TÁC CÔNG NGHỆ AST VIỆT NAM,CÔNG TY CỔ PHẦN TƯƠNG TÁC CÔNG,Công ty cổ phần,"1A30 Vũ Tông Phan, Phường An Phú, Quận 2, Thành phố Hồ Chí Minh, Việt Nam",Quận 2,6190: Hoạt động viễn thông khác-Chi tiết:  Hoạt động của điểm truy cập internet; Cung cấp dịch vụ trò chơi điện tử công cộng ( trừ kinh doanh trò chơi điện tử có thưởng dành cho người nước ngoài và ki,internet
314861673,CÔNG TY TNHH THƯƠNG MẠI DỊCH VỤ TÚI BA GANG,CÔNG TY TNHH THƯƠNG MẠI DỊCH V,Công ty trách nhiệm hữu hạn một thành viên,"251 Lương Định Của, Phường An Phú, Quận 2, Thành phố Hồ Chí Minh, Việt Nam",Quận 2,"4771: Bán lẻ hàng may mặc, giày dép, hàng da và giả da trong các cửa hàng chuyên doanh-;4620: Bán buôn nông, lâm sản nguyên liệu (trừ gỗ, tre, nứa) và động vật sống-(không hoạt động tại trụ sở);4632: ",internet
314877828,CÔNG TY TNHH DOAN FAM,CÔNG TY TNHH DOAN FAM,Công ty trách nhiệm hữu hạn hai thành viên trở lên,"Số 24 Đường Nguyễn Ư Dĩ, Phường Thảo Điền, Quận 2, Thành phố Hồ Chí Minh, Việt Nam",Quận 2,"4771: Bán lẻ hàng may mặc, giày dép, hàng da và giả da trong các cửa hàng chuyên doanh-;4791: Bán lẻ theo yêu cầu đặt hàng qua bưu điện hoặc internet-(trừ bán lẻ bình gas, hóa chất, súng, đạn loại dùn",internet
314891357,CÔNG TY CỔ PHẦN FUTSAL VIỆT NAM,CÔNG TY CỔ PHẦN FUTSAL VIỆT NA,Công ty cổ phần,"Lầu 10, Tòa nhà Phụ Nữ, Số 20 Nguyễn Đăng Giai , Phường Thảo Điền, Quận 2, Thành phố Hồ Chí Minh, Việt Nam",Quận 2,"7410: Hoạt động thiết kế chuyên dụng-Chi tiết: Thiết kế logo;4781: Bán lẻ lương thực, thực phẩm, đồ uống, thuốc lá, thuốc lào lưu động hoặc tại chợ-Chi tiết: Bán lẻ đồ uống có cồn (bia, rượu) và không",internet
315377793,CÔNG TY CỔ PHẦN ACZ HOMES,CÔNG TY CỔ PHẦN ACZ HOMES,Công ty cổ phần,"125 Đường 3, Phường Cát Lái, Quận 2, Thành phố Hồ Chí Minh, Việt Nam",Quận 2,"7120: Kiểm tra và phân tích kỹ thuật-;4291: Xây dựng công trình thủy-;4292: Xây dựng công trình khai khoáng-;4293: Xây dựng công trình chế biến, chế tạo-;4299: Xây dựng công trình kỹ thuật dân dụng kh",internet
314891477,CÔNG TY TNHH TRISPORT INTERNATIONAL,CÔNG TY TNHH TRISPORT INTERNAT,Công ty trách nhiệm hữu hạn hai thành viên trở lên,"B1-00.05 Khu Chung Cư Phức Hợp M2, Số 72 đường Nguyễn Cơ Thạch, Phường An Lợi Đông, Quận 2, Thành phố Hồ Chí Minh, Việt Nam",Quận 2,"4530: Bán phụ tùng và các bộ phận phụ trợ của ô tô và xe có động cơ khác-;4543: Bán phụ tùng và các bộ phận phụ trợ của mô tô, xe máy-;4632: Bán buôn thực phẩm-Chi tiết: Bán buôn cà phê (không hoạt độ",internet
314918400,CÔNG TY TNHH MONSPACE MALL VIỆT NAM,CÔNG TY TNHH MONSPACE MALL VIỆ,Công ty trách nhiệm hữu hạn một thành viên,"Tầng 6, Tòa nhà Galleria Metro 6 Tower, Số 59 Xa Lộ Hà Nội, Phường Thảo Điền, Quận 2, Thành phố Hồ Chí Minh, Việt Nam",Quận 2,4722: Bán lẻ thực phẩm trong các cửa hàng chuyên doanh-(thực hiện theo Quyết định số 64/2009/QĐ-UBND ngày 31/07/2009 và Quyết định số 79/2009/QĐ-UBND ngày 17/10/2009 của Ủy Ban Nhân Dân TP. Hồ Chí Min,internet
314967133,CÔNG TY TNHH VĨ PHÚ CÁT,CÔNG TY TNHH VĨ PHÚ CÁT,Công ty trách nhiệm hữu hạn hai thành viên trở lên,"39 Xuân Thủy, Phường Thảo Điền, Quận 2, Thành phố Hồ Chí Minh, Việt Nam",Quận 2,"4330: Hoàn thiện công trình xây dựng-;4649: Bán buôn đồ dùng khác cho gia đình-Chi tiết: Bán buôn đồ điện gia dụng, đèn và bộ đèn điện; Bán buôn giường, tủ, bàn ghế và đồ dùng nội thất tương tự; Bán b",internet
314949751,CÔNG TY TNHH DIỆP LỤC BẢO,CÔNG TY TNHH DIỆP LỤC BẢO,Công ty trách nhiệm hữu hạn hai thành viên trở lên,"Số 34 Trần Lựu, Khu phố 5, Phường An Phú, Quận 2, Thành phố Hồ Chí Minh, Việt Nam",Quận 2,"7020: Hoạt động tư vấn quản lý-(trừ tư vấn tài chính, kế toán, pháp luật);7010: Hoạt động của trụ sở văn phòng-;7490: Hoạt động chuyên môn, khoa học và công nghệ khác chưa được phân vào đâu-Chi tiết: ",internet
314952761,CÔNG TY TNHH ALAMOS VIỆT NAM,CÔNG TY TNHH ALAMOS VIỆT NAM,Công ty trách nhiệm hữu hạn một thành viên,"Số 18 Đường 8A KDC An Phú-An Khánh, Phường An Phú, Quận 2, Thành phố Hồ Chí Minh, Việt Nam",Quận 2,"4651: Bán buôn máy vi tính, thiết bị ngoại vi và phần mềm-;4652: Bán buôn thiết bị và linh kiện điện tử, viễn thông-;4321: Lắp đặt hệ thống điện-(trừ gia công cơ khí, tái chế phế thải, xi mạ điện tại ",internet
314968306,CÔNG TY CỔ PHẦN LỤC BẢO SÀI GÒN,CÔNG TY CỔ PHẦN LỤC BẢO SÀI GÒ,Công ty cổ phần,"Số 42 Đường 10A, Khu phố 4, Phường Bình An, Quận 2, Thành phố Hồ Chí Minh, Việt Nam",Quận 2,"1610: Cưa, xẻ, bào gỗ và bảo quản gỗ-(không hoạt động tại trụ sở);1622: Sản xuất đồ gỗ xây dựng-(không hoạt động tại trụ sở);4633: Bán buôn đồ uống-Chi tiết: Bán buôn đồ uống có cồn và đồ uống không c",internet
314976699,CÔNG TY TNHH D-KING,CÔNG TY TNHH DKING,Công ty trách nhiệm hữu hạn hai thành viên trở lên,"7 Nguyễn Văn Kỉnh, Phường Thạnh Mỹ Lợi, Quận 2, Thành phố Hồ Chí Minh, Việt Nam",Quận 2,"7410: Hoạt động thiết kế chuyên dụng-Chi tiết: Hoạt động trang trí nội thất, hoạt động thiết kế tạo mẫu;4662: Bán buôn kim loại và quặng kim loại-(trừ mua bán vàng miếng).;4220: Xây dựng công trình cô",internet
315013926,CÔNG TY TNHH HOTEL TECHNOLOGY SOLUTION VIETNAM,CÔNG TY TNHH HOTEL TECHNOLOGY ,Công ty trách nhiệm hữu hạn một thành viên,"D41 Đường số 19, Khu phố 2, Phường Bình An, Quận 2, Thành phố Hồ Chí Minh, Việt Nam",Quận 2,6312: Cổng thông tin-Chi tiết: Thiết lập trang thông tin điện tử tổng hợp; 9511: Sửa chữa máy vi tính và thiết bị ngoại vi-; 4649: Bán buôn đồ dùng khác cho gia đình-Chi tiết: - Bán buôn hàng trang tr,technology
314992274,CÔNG TY TNHH KIDS SPORTS NETWORK VIETNAM,CÔNG TY TNHH KIDS SPORTS NETWO,Công ty trách nhiệm hữu hạn hai thành viên trở lên,"LE-03.07 Lexington Residence, 67 Mai Chí Thọ, Phường An Phú, Quận 2, Thành phố Hồ Chí Minh, Việt Nam",Quận 2,"8551: Giáo dục thể thao và giải trí-Chi tiết: Dạy các môn thể dục, thể thao; Huấn luyện viên, giáo viên và các hướng dẫn viên thể thao chuyên nghiệp (trừ hoạt động của các sàn nhảy); Dạy bơi; Dạy võ t",internet
315038053,CÔNG TY TNHH GOOD WILL EDU VIỆT NAM,CÔNG TY TNHH GOOD WILL EDU VIỆ,Công ty trách nhiệm hữu hạn hai thành viên trở lên,"25 Nguyễn Đăng Giai, Phường Thảo Điền, Quận 2, Thành phố Hồ Chí Minh, Việt Nam",Quận 2,8560: Dịch vụ hỗ trợ giáo dục-Chi tiết: Dịch vụ tư vấn du học; Tư vấn giáo dục; Dịch vụ đưa ra ý kiến hướng dẫn về giáo dục; Dịch vụ đánh giá kiểm tra giáo dục; Tổ chức các chương trình trao đổi sinh ,internet
315045420,CÔNG TY CỔ PHẦN  PHLEEK VINA,CÔNG TY CỔ PHẦN  PHLEEK VINA,Công ty cổ phần,"Lầu 3, Số 8, Đường Số 66, Phường Thảo Điền, Quận 2, Thành phố Hồ Chí Minh, Việt Nam",Quận 2,"4641: Bán buôn vải, hàng may sẵn, giày dép-;1322: Sản xuất hàng may sẵn (trừ trang phục)-(trừ tẩy, nhuộm, hồ in trên các sản phẩm vải sợi, dệt, may, đan tại trụ sở và không gia công hàng đã qua sử dụn",internet
315051495,CÔNG TY TNHH  VIỆT NAM TIÊU ĐIỂM,CÔNG TY TNHH  VIỆT NAM TIÊU ĐI,Công ty trách nhiệm hữu hạn một thành viên,"180 Lê Văn Thịnh , Phường Cát Lái, Quận 2, Thành phố Hồ Chí Minh, Việt Nam",Quận 2,"9000: Hoạt động sáng tác, nghệ thuật và giải trí-(không thực hiện các hiệu ứng cháy, nổ; không sử dụng chất nổ, chất cháy, hóa chất làm đạo cụ, dụng cụ thực hiện các chương trình văn nghệ, sự kiện, ph",internet
315062810,CÔNG TY CỔ PHẦN PHÁT TRIỂN TPL,CÔNG TY CỔ PHẦN PHÁT TRIỂN TPL,Công ty cổ phần,"Số 65 Đường 18, Phường Thạnh Mỹ Lợi, Quận 2, Thành phố Hồ Chí Minh, Việt Nam",Quận 2,"4791: Bán lẻ theo yêu cầu đặt hàng qua bưu điện hoặc internet-(trừ bán lẻ bình gas, khí dầu mỏ hóa lỏng LPG, dầu nhớt cặn, vàng miếng, súng, đạn loại dùng đi săn hoặc thể thao và tiền kim khí; trừ bán",internet
315085631,CÔNG TY TNHH MY CITY,CÔNG TY TNHH MY CITY,Công ty trách nhiệm hữu hạn một thành viên,"Tầng 1, The Hive Saigon, 94 Xuân Thủy, Phường Thảo Điền, Quận 2, Thành phố Hồ Chí Minh, Việt Nam",Quận 2,"6820: Tư vấn, môi giới, đấu giá bất động sản, đấu giá quyền sử dụng đất-Chi tiết: Tư vấn, môi giới bất động sản (trừ tư vấn mang tính pháp lý);7320: Nghiên cứu thị trường và thăm dò dư luận-Chi tiết: ",internet
315121544,CÔNG TY TNHH KAFE PHÚC PHÚC AN,CÔNG TY TNHH KAFE PHÚC PHÚC AN,Công ty trách nhiệm hữu hạn hai thành viên trở lên,"13 Đường 104, Phường Thạnh Mỹ Lợi, Quận 2, Thành phố Hồ Chí Minh, Việt Nam",Quận 2,8559: Giáo dục khác chưa được phân vào đâu-Chi tiết: Giáo dục không xác định theo cấp độ tại các trung tâm đào tạo bồi dưỡng; Các dịch vụ dạy kèm (gia sư); Giáo dục dự bị; Các trung tâm dạy học có các,internet
315106641,CÔNG TY TNHH LAM MỘC,CÔNG TY TNHH LAM MỘC,Công ty trách nhiệm hữu hạn một thành viên,"Số 107 Nguyễn Cơ Thạch, Phường An Lợi Đông, Quận 2, Thành phố Hồ Chí Minh, Việt Nam",Quận 2,"4772: Bán lẻ thuốc, dụng cụ y tế, mỹ phẩm và vật phẩm vệ sinh trong các cửa hàng chuyên doanh-;4791: Bán lẻ theo yêu cầu đặt hàng qua bưu điện hoặc internet-(trừ bán lẻ bình gas, khí dầu mỏ hóa lỏng L",internet
315132659,CÔNG TY TNHH NATURALASIA VIỆT NAM,CÔNG TY TNHH NATURALASIA VIỆT ,Công ty trách nhiệm hữu hạn một thành viên,"Số 55 Nguyễn Đăng Giai, Phường Thảo Điền, Quận 2, Thành phố Hồ Chí Minh, Việt Nam",Quận 2,"4649: Bán buôn đồ dùng khác cho gia đình-Chi tiết: Bán buôn nước hoa, hàng mỹ phẩm và chế phẩm vệ sinh;4669: Bán buôn chuyên doanh khác chưa được phân vào đâu-Chi tiết: Bán buôn dầu thơm và hương liệu",internet
315148930,CÔNG TY TNHH CÔNG NGHỆ VGROUP,CÔNG TY TNHH CÔNG NGHỆ VGROUP,Công ty trách nhiệm hữu hạn hai thành viên trở lên,"4/6 Đường 12, Khu Phố 1, Phường Cát Lái, Quận 2, Thành phố Hồ Chí Minh, Việt Nam",Quận 2,6209: Hoạt động dịch vụ công nghệ thông tin và dịch vụ khác liên quan đến máy vi tính-Chi tiết: Khắc phục các sự cố máy vi tính và cài đặt phần mềm;6201: Lập trình máy vi tính-;6202: Tư vấn máy vi tín,internet
315077214,CÔNG TY TNHH THƯƠNG MẠI DỊCH VỤ NAM PHƯƠNG HOÀNG,CÔNG TY TNHH THƯƠNG MẠI DỊCH V,Công ty trách nhiệm hữu hạn một thành viên,"188/1 Nguyễn Văn Hưởng, Phường Thảo Điền, Quận 2, Thành phố Hồ Chí Minh, Việt Nam",Quận 2,"6820: Tư vấn, môi giới, đấu giá bất động sản, đấu giá quyền sử dụng đất-Chi tiết: Môi giới bất động sản (trừ tư vấn mang tính pháp lý);4321: Lắp đặt hệ thống điện-(không gia công cơ khí, tái chế phế t",internet
315199364,CÔNG TY TNHH THƯƠNG MẠI DỊCH VỤ T&Y VIỆT NAM,CÔNG TY TNHH THƯƠNG MẠI DỊCH V,Công ty trách nhiệm hữu hạn một thành viên,"129B Nguyễn Thị Định, Khu phố 3, Phường An Phú, Quận 2, Thành phố Hồ Chí Minh, Việt Nam",Quận 2,"4649: Bán buôn đồ dùng khác cho gia đình-Chi tiết:  Bán buôn vali, cặp, túi, ví, hàng da và giả da khác; bán buôn dược phẩm , dụng cụ  y tế; Bán buôn nước hoa, hàng  mỹ phẩm và chế  phẩm vệ sinh ; Bán",internet
314825749,CÔNG TY TNHH SẢN XUẤT THƯƠNG MẠI ĐẦU TƯ NỘI THẤT GIA PHÁT,CÔNG TY TNHH SẢN XUẤT THƯƠNG M,Công ty trách nhiệm hữu hạn một thành viên,"959/2C Nguyễn Duy Trinh, Phường Bình Trưng Đông, Quận 2, Thành phố Hồ Chí Minh, Việt Nam",Quận 2,"4511: Bán buôn ô tô và xe có động cơ khác-;4530: Bán phụ tùng và các bộ phận phụ trợ của ô tô và xe có động cơ khác-;4610: Đại lý, môi giới, đấu giá-. Chi tiết: Môi giới (trừ môi giới bất động sản).;4",internet
315212600,CÔNG TY TNHH AGRONAM VIETNAM,CÔNG TY TNHH AGRONAM VIETNAM,Công ty trách nhiệm hữu hạn hai thành viên trở lên,"202/30/5 Đường 40, Phường Bình Trưng Đông, Quận 2, Thành phố Hồ Chí Minh, Việt Nam",Quận 2,"4773: Bán lẻ hàng hóa khác mới trong các cửa hàng chuyên doanh-Chi tiết: Bán lẻ hàng máy lọc nước. Bán lẻ thiết bị xử lý ô nhiễm không khí. Bán lẻ đèn điện, đèn trang trí; Bán lẻ tranh, ảnh và các tác",internet
315202264,CÔNG TY TNHH TRÒ CHƠI ĐIỆN TỬ THANH BÌNH,CÔNG TY TNHH TRÒ CHƠI ĐIỆN TỬ ,Công ty trách nhiệm hữu hạn một thành viên,"Số 32 Đường 11, tổ 7, Khu phố 1, Phường Cát Lái, Quận 2, Thành phố Hồ Chí Minh, Việt Nam",Quận 2,9329: Hoạt động vui chơi giải trí khác chưa được phân vào đâu-Chi tiết: Kinh doanh trò chơi điện tử (trừ hoạt động kinh doanh trò chơi điện tử có thưởng dành cho người nước ngoài và kinh doanh trò chơ,internet
315221570,CÔNG TY TNHH ĐẦU TƯ THƯƠNG MẠI KIM KHANH,CÔNG TY TNHH ĐẦU TƯ THƯƠNG MẠI,Công ty trách nhiệm hữu hạn một thành viên,"Số 5, Đường số 7A, Phường An Phú, Quận 2, Thành phố Hồ Chí Minh, Việt Nam",Quận 2,2592: Gia công cơ khí; xử lý và tráng phủ kim loại-;4100: Xây dựng nhà các loại-;6190: Hoạt động viễn thông khác-Chi tiết: Hoạt động của các điểm truy cập Internet (chỉ hoạt động khi có đủ điều kiện k,internet
315228174,CÔNG TY TNHH PHÚC ĐẰNG,CÔNG TY TNHH PHÚC ĐẰNG,Công ty trách nhiệm hữu hạn một thành viên,"369C Nguyễn Thị Định, Phường Cát Lái, Quận 2, Thành phố Hồ Chí Minh, Việt Nam",Quận 2,"0128: Trồng cây gia vị, cây dược liệu-;4669: Bán buôn chuyên doanh khác chưa được phân vào đâu-Chi tiết: Bán buôn hàng thủ công mỹ nghệ; đồ sành sứ, mây tre, đá quý, sản phẩm trầm hương;4719: Bán lẻ k",internet
315296946,CÔNG TY TNHH TẬP ĐOÀN SAIMAN VIỆT NAM,CÔNG TY TNHH TẬP ĐOÀN SAIMAN V,Công ty trách nhiệm hữu hạn hai thành viên trở lên,"195 Nguyễn Thị Định, Phường Bình Trưng Tây, Quận 2, Thành phố Hồ Chí Minh, Việt Nam",Quận 2,"5510: Dịch vụ lưu trú ngắn ngày-(không hoạt động tại thành phố hồ chí minh).;4772: Bán lẻ thuốc, dụng cụ y tế, mỹ phẩm và vật phẩm vệ sinh trong các cửa hàng chuyên doanh-;5610: Nhà hàng và các dịch v",internet
315263700,CÔNG TY TNHH ICECREAM KOREA,CÔNG TY TNHH ICECREAM KOREA,Công ty trách nhiệm hữu hạn một thành viên,"32 Vũ Tông Phan, Phường An Phú, Quận 2, Thành phố Hồ Chí Minh, Việt Nam",Quận 2,"4690: Bán buôn tổng hợp-Chi tiết: Bán buôn kem (CPC 622); 4711: Bán lẻ lương thực, thực phẩm, đồ uống, thuốc lá, thuốc lào chiếm tỷ trọng lớn trong các cửa hàng kinh doanh tổng hợp-Chi tiết: Bán lẻ lư",internet
315299898,CÔNG TY TNHH THƯƠNG MẠI VÀ DỊCH VỤ SUKHA,CÔNG TY TNHH THƯƠNG MẠI VÀ DỊC,Công ty trách nhiệm hữu hạn hai thành viên trở lên,"Số 33 Đường số 4, Phường An Phú, Quận 2, Thành phố Hồ Chí Minh, Việt Nam",Quận 2,"4759: Bán lẻ đồ điện gia dụng, giường, tủ, bàn, ghế và đồ nội thất tương tự, đèn và bộ đèn điện, đồ dùng gia đình khác chưa được phân vào đâu  trong các cửa hàng chuyên doanh-Chi tiết: Bán lẻ đồ dùng ",internet
315308782,CÔNG TY TNHH TM DV QUẢNG CÁO VÀ IN ẤN HOÀNG GIA,CÔNG TY TNHH TM DV QUẢNG CÁO V,Công ty trách nhiệm hữu hạn một thành viên,"125 Mai Chí Thọ, Phường An Phú, Quận 2, Thành phố Hồ Chí Minh, Việt Nam",Quận 2,6190: Hoạt động viễn thông khác-Chi tiết: hoạt động của các điểm truy cập internet; cung cấp dịch vụ viễn thông qua các kết nối viễn thông hiện có như VOIP (điện thoại internet);7830: Cung ứng và quản,internet
315361698,CÔNG TY TNHH ĐẦU TƯ THƯƠNG MẠI DỊCH VỤ NAM TRUNG BẮC,CÔNG TY TNHH ĐẦU TƯ THƯƠNG MẠI,Công ty trách nhiệm hữu hạn một thành viên,"65C, đường Thạnh Mỹ Lợi, Khu Phố 2, Phường Thạnh Mỹ Lợi, Quận 2, Thành phố Hồ Chí Minh, Việt Nam",Quận 2,"4669: Bán buôn chuyên doanh khác chưa được phân vào đâu-Chi tiết: Bán buôn hệ thống báo trộm, camera quan sát và thiết bị quan sát; Bán buôn hệ thống phòng cháy chữa cháy; Bán buôn phụ liệu may mặc; B",internet
315326333,CÔNG TY TNHH THƯƠNG MẠI VẬN TẢI HOÀNG KIM LAN,CÔNG TY TNHH THƯƠNG MẠI VẬN TẢ,Công ty trách nhiệm hữu hạn một thành viên,"83 Nguyễn Khoa Đăng, Phường Thạnh Mỹ Lợi, Quận 2, Thành phố Hồ Chí Minh, Việt Nam",Quận 2,"7310: Quảng cáo-;7410: Hoạt động thiết kế chuyên dụng-chi tiết: hoạt động trang trí nội thất; thiết kế đồ họa (trừ thiết kế công trình xây dựng).;7420: Hoạt động nhiếp ảnh-Chi tiết: Dịch vụ quay phim,",internet
315332376,CÔNG TY TNHH EZO MEDIA,CÔNG TY TNHH EZO MEDIA,Công ty trách nhiệm hữu hạn một thành viên,"14/9A Đường số 11, khu phố 5, Phường Bình Trưng Tây, Quận 2, Thành phố Hồ Chí Minh, Việt Nam",Quận 2,"7310: Quảng cáo-;7410: Hoạt động thiết kế chuyên dụng-chi tiết: Thiết kế website, bộ nhận diện thương hiệu.Thiết kế tạo mẫu, thiết kế đồ họa;7320: Nghiên cứu thị trường và thăm dò dư luận-;1811: In ấn",internet
315353383,CÔNG TY TNHH PHÁT TRIỂN THƯƠNG MẠI DỊCH VỤ HUY MINH,CÔNG TY TNHH PHÁT TRIỂN THƯƠNG,Công ty trách nhiệm hữu hạn một thành viên,"299L3 Đường số 3, Phường An Phú, Quận 2, Thành phố Hồ Chí Minh, Việt Nam",Quận 2,"1392: Sản xuất hàng dệt sẵn (trừ trang phục)-(trừ tẩy, nhuộm, hồ, in trên các sản phẩm vải sợi, dệt, may, thêu, đan tại trụ sở);1410: May trang phục (trừ trang phục từ da lông thú)-;1512: Sản xuất val",internet
315338515,CÔNG TY CỔ PHẦN THƯƠNG MẠI DỊCH VỤ THE WIN,CÔNG TY CỔ PHẦN THƯƠNG MẠI DỊC,Công ty cổ phần,"24A Đường Số 12, Phường Cát Lái, Quận 2, Thành phố Hồ Chí Minh, Việt Nam",Quận 2,"4781: Bán lẻ lương thực, thực phẩm, đồ uống, thuốc lá, thuốc lào lưu động hoặc tại chợ-(thực hiện theo quyết định 64/2009/QĐ-UBND ngày 31/07/2009 và quyết định  số 79/2009/QDD-UBND ngày 17/10/2009 của",internet
315381937,CÔNG TY TNHH QUỐC TẾ NÔNG TRẠI XANH,CÔNG TY TNHH QUỐC TẾ NÔNG TRẠI,Công ty trách nhiệm hữu hạn hai thành viên trở lên,"141P Xa Lộ Hà Nội, Khu phố 3, Phường An Phú, Quận 2, Thành phố Hồ Chí Minh, Việt Nam",Quận 2,"6201: Lập trình máy vi tính-;6810: Kinh doanh bất động sản, quyền sử dụng đất thuộc chủ sở hữu, chủ sử dụng hoặc đi thuê-Chi tiết: kinh doanh bất động sản (Không hoạt động tại trụ sở).;4620: Bán buôn ",internet
315349108,CÔNG TY TNHH SUN KOREA,CÔNG TY TNHH SUN KOREA,Công ty trách nhiệm hữu hạn một thành viên,"Số 5, Đường 97, Khu Phố 2, Phường Thạnh Mỹ Lợi, Quận 2, Thành phố Hồ Chí Minh, Việt Nam",Quận 2,"4649: Bán buôn đồ dùng khác cho gia đình-Chi tiết: Bán buôn mỹ phẩm, nước hoa và chế phẩm vệ sinh; Bán buôn đồ dùng khác cho gia đình; 4659: Bán buôn máy móc, thiết bị và phụ tùng máy khác-Chi tiết: B",internet
315361112,CÔNG TY CỔ PHẦN THƯƠNG MẠI VÀ GIẢI PHÁP VIỄN THÔNG VIỆT NAM,CÔNG TY CỔ PHẦN THƯƠNG MẠI VÀ ,Công ty cổ phần,"182 Nguyễn Hoàng, Phường An Phú, Quận 2, Thành phố Hồ Chí Minh, Việt Nam",Quận 2,"4652: Bán buôn thiết bị và linh kiện điện tử, viễn thông-;4741: Bán lẻ máy vi tính, thiết bị ngoại vi, phần mềm và thiết bị viễn thông trong các cửa hàng chuyên doanh-;6190: Hoạt động viễn thông khác-",internet
315370445,CÔNG TY CỔ PHẦN  THƯƠNG MẠI THỦY SẢN LÝ SƠN,CÔNG TY CỔ PHẦN  THƯƠNG MẠI TH,Công ty cổ phần,"576 Đường số 21, Phường An Phú, Quận 2, Thành phố Hồ Chí Minh, Việt Nam",Quận 2,"4711: Bán lẻ lương thực, thực phẩm, đồ uống, thuốc lá, thuốc lào chiếm tỷ trọng lớn trong các cửa hàng kinh doanh tổng hợp-(thực hiện theo quyết định 64/2009/QĐ-UBND ngày 31/07/2009 và quyết định  số ",internet
315423457,DOANH NGHIỆP TƯ NHÂN HEALTHY LIFE ORGANIC,DOANH NGHIỆP TƯ NHÂN HEALTHY L,Doanh nghiệp tư nhân,"43 Đường 31D, Phường An Phú, Quận 2, Thành phố Hồ Chí Minh, Việt Nam",Quận 2,"4610: Đại lý, môi giới, đấu giá hàng hóa-Chi tiết: Đại lý, môi giới hàng hóa;4620: Bán buôn nông, lâm sản nguyên liệu (trừ gỗ, tre, nứa) và động vật sống-(không hoạt động tại trụ sở);4631: Bán buôn gạ",internet
315300134,CÔNG TY CỔ PHẦN TẬP ĐOÀN ACZ,CÔNG TY CỔ PHẦN TẬP ĐOÀN ACZ,Công ty cổ phần,"125 Đường 3, Phường Cát Lái, Quận 2, Thành phố Hồ Chí Minh, Việt Nam",Quận 2,"6209: Hoạt động dịch vụ công nghệ thông tin và dịch vụ khác liên quan đến máy vi tính-;4390: Hoạt động xây dựng chuyên dụng khác-;4659: Bán buôn máy móc, thiết bị và phụ tùng máy khác-;6619: Hoạt động",internet
315436350,CÔNG TY TNHH THE DRAMATIC FILMS,CÔNG TY TNHH THE DRAMATIC FILM,Công ty trách nhiệm hữu hạn một thành viên,"327C1.1 Lương Định Của, Phường An Phú, Quận 2, Thành phố Hồ Chí Minh, Việt Nam",Quận 2,"5911: Hoạt động sản xuất phim điện ảnh, phim video và chương trình truyền hình-Chi tiết: Hoạt động sản xuất chương trình truyền hình (trừ sản xuất phim, phát sóng và không thực hiện các hiệu ứng cháy,",internet
315390579,CÔNG TY CỔ PHẦN TA BAY ĐI VIỆT NAM,CÔNG TY CỔ PHẦN TA BAY ĐI VIỆT,Công ty cổ phần,"Tháp LE, Tầng 3, Căn 68, Tòa nhà Lexington Residence, Số 67 Mai Chí Thọ, Phường An Phú, Quận 2, Thành phố Hồ Chí Minh, Việt Nam",Quận 2,"6311: Xử lý dữ liệu, cho thuê và các hoạt động liên quan-;5229: Hoạt động dịch vụ hỗ trợ khác liên quan đến vận tải-Chi tiết: Hoạt động của các đại lý bán vé máy bay;4791: Bán lẻ theo yêu cầu đặt hàng",internet
315318283,CÔNG TY TNHH SẢN XUẤT THƯƠNG MẠI DỊCH VỤ BLISS VIỆT NAM,CÔNG TY TNHH SẢN XUẤT THƯƠNG M,Công ty trách nhiệm hữu hạn một thành viên,"275C Lương Đình Của, Phường An Phú, Quận 2, Thành phố Hồ Chí Minh, Việt Nam",Quận 2,"6820: Tư vấn, môi giới, đấu giá bất động sản, đấu giá quyền sử dụng đất-Chi tiết: Tư vấn, môi giới bất động sản(trừ tư vấn mang tính pháp lý, tư vấn bất động sản);7310: Quảng cáo-Chi tiết: Quảng cáo.;",internet
315410472,CÔNG TY TNHH ĐẦU TƯ DỊCH VỤ DU LỊCH VIỆT TÍN,CÔNG TY TNHH ĐẦU TƯ DỊCH VỤ DU,Công ty trách nhiệm hữu hạn một thành viên,"121 Đường Số 7 Khu An Phú, Phường An Phú, Quận 2, Thành phố Hồ Chí Minh, Việt Nam",Quận 2,7911: Đại lý du lịch-;7912: Điều hành tua du lịch-;7990: Dịch vụ đặt chỗ và các dịch vụ hỗ trợ liên quan đến quảng bá và tổ chức tua du lịch-;8230: Tổ chức giới thiệu và xúc tiến thương mại-(không thự,internet
315405786,CÔNG TY TNHH ALL EDU,CÔNG TY TNHH ALL EDU,Công ty trách nhiệm hữu hạn hai thành viên trở lên,"189C1/2 Nguyễn Văn Hưởng , Phường Thảo Điền, Quận 2, Thành phố Hồ Chí Minh, Việt Nam",Quận 2,"4669: Bán buôn chuyên doanh khác chưa được phân vào đâu---(trừ bán buôn bình gas, khí dầu mỏ hóa lỏng lpg, dầu nhớt cặn, vàng miếng, súng, đạn loại dùng đi săn hoặc thể thao và tiền kim khí; trừ bán b",internet
315317265,CÔNG TY TNHH SẢN XUẤT VÀ THƯƠNG MẠI KRS,CÔNG TY TNHH SẢN XUẤT VÀ THƯƠN,Công ty trách nhiệm hữu hạn hai thành viên trở lên,"Lầu 15, Cao ốc An Lộc 2, Số 02 Vũ Tông Phan, Phường An Phú, Quận 2, Thành phố Hồ Chí Minh, Việt Nam",Quận 2,"2512: Sản xuất thùng, bể chứa và dụng cụ chứa đựng bằng kim loại-;2599: Sản xuất sản phẩm khác bằng kim loại chưa được phân vào đâu-(không hoạt động tại trụ sở).;3312: Sửa chữa máy móc, thiết bị-;4322",internet
315395866,CÔNG TY TNHH SN COMMODITIES,CÔNG TY TNHH SN COMMODITIES,Công ty trách nhiệm hữu hạn hai thành viên trở lên,"Phòng 501, Lầu 5, số 13C đường 12, Khu phố 4, Phường Bình An, Quận 2, Thành phố Hồ Chí Minh, Việt Nam",Quận 2,"0121: Trồng cây ăn quả-;0131: Nhân và chăm sóc cây giống hàng năm-;0132: Nhân và chăm sóc cây giống lâu năm-;0210: Trồng rừng, chăm sóc rừng và ươm giống cây lâm nghiệp-;1030: Chế biến và bảo quản rau",internet
315338931,CÔNG TY TNHH ĐẦU TƯ THƯƠNG MẠI PHÁT TRIỂN MIDALA,CÔNG TY TNHH ĐẦU TƯ THƯƠNG MẠI,Công ty trách nhiệm hữu hạn một thành viên,"189A Đỗ Pháp Thuận, Phường An Phú, Quận 2, Thành phố Hồ Chí Minh, Việt Nam",Quận 2,"4663: Bán buôn vật liệu, thiết bị lắp đặt khác trong xây dựng-;4711: Bán lẻ lương thực, thực phẩm, đồ uống, thuốc lá, thuốc lào chiếm tỷ trọng lớn trong các cửa hàng kinh doanh tổng hợp-(thực hiện the",internet
315345618,CÔNG TY TNHH CÔNG NGHỆ SỐ 4.0 SSENERA,CÔNG TY TNHH CÔNG NGHỆ SỐ 40 S,Công ty trách nhiệm hữu hạn một thành viên,"150 Trần Não, Khu phố 2, Phường Bình An, Quận 2, Thành phố Hồ Chí Minh, Việt Nam",Quận 2,9511: Sửa chữa máy vi tính và thiết bị ngoại vi-;6201: Lập trình máy vi tính-;6202: Tư vấn máy vi tính và quản trị hệ thống máy vi tính-;6209: Hoạt động dịch vụ công nghệ thông tin và dịch vụ khác liê,internet
3702704651,CÔNG TY TNHH MTV XÂY DỰNG VÀ BẤT ĐỘNG SẢN TÂN HÒA AN,CÔNG TY TNHH MTV XÂY DỰNG VÀ B,Công ty trách nhiệm hữu hạn một thành viên,"09 Thích Mật Thể, Khu Phố 2, Phường Thạnh Mỹ Lợi, Quận 2, Thành phố Hồ Chí Minh, Việt Nam",Quận 2,7110: Hoạt động kiến trúc và tư vấn kỹ thuật có liên quan-Chi tiết: Thiết kế kết cấu công trình. Khảo sát địa hình công trình xây dựng. Giám sát công tác xây dựng và hoàn thiện công trình dân dụng và ,internet
2301024216,CÔNG TY CỔ PHẦN HỌC VIỆN QUỐC TẾ KCL,CÔNG TY CỔ PHẦN HỌC VIỆN QUỐC ,Công ty cổ phần,"Số 120 đường Bùi Tá Hán Khu Phố 5, Phường An Phú, Quận 2, Thành phố Hồ Chí Minh, Việt Nam",Quận 2,"7830: Cung ứng và quản lý nguồn lao động-Chi tiết:
- Cung ứng và tuyển lao động theo yêu cầu của người sử dụng lao động, bao gồm:
+  Cung ứng lao động theo yêu cầu của người sử dụng lao động;
+ Cung ứ",internet
315361433,CÔNG TY TNHH NĂNG KHIẾU GIÁO DỤC OPEN SESAME,CÔNG TY TNHH NĂNG KHIẾU GIÁO D,Công ty trách nhiệm hữu hạn một thành viên,"84 Lê Văn Thịnh, Phường Bình Trưng Tây, Quận 2, Thành phố Hồ Chí Minh, Việt Nam",Quận 2,"4773: Bán lẻ hàng hóa khác mới trong các cửa hàng chuyên doanh-(trừ bán lẻ bình gas, khí dầu mỏ hóa lỏng LPG, dầu nhớt cặn, vàng miếng, súng, đạn loại dùng đi săn hoặc thể thao và tiền kim khí; trừ bá",internet
314874626,CÔNG TY TNHH THƯƠNG MẠI THỰC PHẨM HACHI,CÔNG TY TNHH THƯƠNG MẠI THỰC P,Công ty trách nhiệm hữu hạn hai thành viên trở lên,"21 Đường số 7, Phường Thạnh Mỹ Lợi, Quận 2, Thành phố Hồ Chí Minh, Việt Nam",Quận 2,4722: Bán lẻ thực phẩm trong các cửa hàng chuyên doanh-(thực hiện theo quyết định 64/2009/QĐ-UB ngày 31/07/2009 và 79/2009/QĐ-UBND ngày 17/10/2009 của UBND Thành phố về phê duyệt quy hoạch kinh doanh ,internet
314917541,CÔNG TY TNHH MỘT THÀNH VIÊN ĐẦU TƯ VÀ CÔNG NGHỆ REX,CÔNG TY TNHH MỘT THÀNH VIÊN ĐẦ,Công ty trách nhiệm hữu hạn một thành viên,"34 Đường Số 18, Khu Đô Thị An Phú - An Khánh, Phường An Phú, Quận 2, Thành phố Hồ Chí Minh, Việt Nam",Quận 2,"6312: Cổng thông tin-;4610: Đại lý, môi giới, đấu giá-Chi tiết: Đại lý. Môi giới (trừ môi giới bất động sản).;4742: Bán lẻ thiết bị nghe nhìn trong các cửa hàng chuyên doanh-;4791: Bán lẻ theo yêu cầu",internet
315393474,CÔNG TY TNHH THƯƠNG MẠI SẢN XUẤT THIẾT BỊ ĐẠI MINH,CÔNG TY TNHH THƯƠNG MẠI SẢN XU,Công ty trách nhiệm hữu hạn một thành viên,"37 Giang Văn Minh, Phường An Phú, Quận 2, Thành phố Hồ Chí Minh, Việt Nam",Quận 2,"8299: Hoạt động dịch vụ hỗ trợ kinh doanh khác còn lại chưa được phân vào đâu-Chi tiết: Dịch vụ thương mại điện tử. Xuất nhập khẩu các mặt hàng Công ty kinh doanh;6810: Kinh doanh bất động sản, quyền ",internet
315126239,CÔNG TY TNHH THƯƠNG MẠI DỊCH VỤ LOTAS,CÔNG TY TNHH THƯƠNG MẠI DỊCH V,Công ty trách nhiệm hữu hạn một thành viên,"784 Nguyễn Duy Trinh, Phường Bình Trưng Đông, Quận 2, Thành phố Hồ Chí Minh, Việt Nam",Quận 2,"5224: Bốc xếp hàng hóa-(trừ bốc xếp hàng hóa cảng hàng không).;4669: Bán buôn chuyên doanh khác chưa được phân vào đâu-Chi tiết: Bán buôn hàng lưu niệm, hàng đan lát, hàng thủ công mỹ nghệ; Bán buôn m",internet
315146122,CÔNG TY TNHH COOGIN,CÔNG TY TNHH COOGIN,Công ty trách nhiệm hữu hạn một thành viên,"7 Xuân Thủy, Phường Thảo Điền, Quận 2, Thành phố Hồ Chí Minh, Việt Nam",Quận 2,4632: Bán buôn thực phẩm-(không hoạt động tại trụ sở);4633: Bán buôn đồ uống-;4662: Bán buôn kim loại và quặng kim loại-(trừ mua bán vàng miếng).;4669: Bán buôn chuyên doanh khác chưa được phân vào đâ,internet
315147567,CÔNG TY TNHH QUẢNG CÁO VÀ SỰ KIỆN TOÀN QUỐC MEDIA,CÔNG TY TNHH QUẢNG CÁO VÀ SỰ K,Công ty trách nhiệm hữu hạn một thành viên,"Số 68, Đường D, Khu Đô Thị LakeView City , Phường An Phú, Quận 2, Thành phố Hồ Chí Minh, Việt Nam",Quận 2,"7310: Quảng cáo-;7320: Nghiên cứu thị trường và thăm dò dư luận-;5911: Hoạt động sản xuất phim điện ảnh, phim video và chương trình truyền hình-Chi tiết: Sản xuất chương trình truyền hình (trừ sản xuấ",internet
315149451,CÔNG TY TNHH THƯƠNG MẠI VÀ ĐẦU TƯ CÔNG NGHỆ VẠN TAM THIÊN,CÔNG TY TNHH THƯƠNG MẠI VÀ ĐẦU,Công ty trách nhiệm hữu hạn một thành viên,"Số 140 đường Nguyễn Hoàng, Phường An Phú, Quận 2, Thành phố Hồ Chí Minh, Việt Nam",Quận 2,"4610: Đại lý, môi giới, đấu giá-Chi tiết: Đại lý. Môi giới (trừ môi giới bất động sản);4659: Bán buôn máy móc, thiết bị và phụ tùng máy khác-Chi tiết: Bán buôn thiết bị hỗ trợ bán hàng, thiết bị an ni",internet
315225215,CÔNG TY TNHH TRUYỀN THÔNG LEGION,CÔNG TY TNHH TRUYỀN THÔNG LEGI,Công ty trách nhiệm hữu hạn một thành viên,"9/12 Đường số 14, Phường Bình Trưng Tây, Quận 2, Thành phố Hồ Chí Minh, Việt Nam",Quận 2,"4741: Bán lẻ máy vi tính, thiết bị ngoại vi, phần mềm và thiết bị viễn thông trong các cửa hàng chuyên doanh-;4742: Bán lẻ thiết bị nghe nhìn trong các cửa hàng chuyên doanh-;5820: Xuất bản phần mềm-C",internet
315276594,CÔNG TY TNHH FOODY VN,CÔNG TY TNHH FOODY VN,Công ty trách nhiệm hữu hạn một thành viên,"Số 196 Nguyễn Văn Hưởng, Phường Thảo Điền, Quận 2, Thành phố Hồ Chí Minh, Việt Nam",Quận 2,"0118: Trồng rau, đậu các loại và trồng hoa-(không hoạt động tại trụ sở);7911: Đại lý du lịch-;7912: Điều hành tua du lịch-;7990: Dịch vụ đặt chỗ và các dịch vụ hỗ trợ liên quan đến quảng bá và tổ chức",internet
315293279,CÔNG TY CỔ PHẦN PHÁT TRIỂN BẤT ĐỘNG SẢN ALPHA PLUS,CÔNG TY CỔ PHẦN PHÁT TRIỂN BẤT,Công ty cổ phần,"30 Đường B4, Khu Đô Thị Sala, Phường An Lợi Đông, Quận 2, Thành phố Hồ Chí Minh, Việt Nam",Quận 2,"6810: Kinh doanh bất động sản, quyền sử dụng đất thuộc chủ sở hữu, chủ sử dụng hoặc đi thuê-;5510: Dịch vụ lưu trú ngắn ngày-Chi tiết: Khách sạn, biệt thự du lịch, căn hộ du lịch, nhà nghỉ du lịch, nh",internet
315294963,CÔNG TY TNHH MỘT THÀNH VIÊN THƯƠNG MẠI COROLA,CÔNG TY TNHH MỘT THÀNH VIÊN TH,Công ty trách nhiệm hữu hạn một thành viên,"25A Nguyễn Duy Hiệu, Phường Thảo Điền, Quận 2, Thành phố Hồ Chí Minh, Việt Nam",Quận 2,"4711: Bán lẻ lương thực, thực phẩm, đồ uống, thuốc lá, thuốc lào chiếm tỷ trọng lớn trong các cửa hàng kinh doanh tổng hợp-(thực hiện theo Quyết định số 64/2009/QĐ-UBND ngày 31/07/2009 và Quyết định s",internet
315351139,CÔNG TY CỔ PHẦN CÔNG NGHỆ IBEBIZ,CÔNG TY CỔ PHẦN CÔNG NGHỆ IBEB,Công ty cổ phần,"Số 32 Đường 34, Phường An Phú, Quận 2, Thành phố Hồ Chí Minh, Việt Nam",Quận 2,"5820: Xuất bản phần mềm-chi tiết: sản xuất phần mềm;6201: Lập trình máy vi tính-;6202: Tư vấn máy vi tính và quản trị hệ thống máy vi tính-;4652: Bán buôn thiết bị và linh kiện điện tử, viễn thông-;46",internet
315443710,CÔNG TY TNHH BST LAND,CÔNG TY TNHH BST LAND,Công ty trách nhiệm hữu hạn hai thành viên trở lên,"10 Đường 60, Khu phố 5, Phường Thảo Điền, Quận 2, Thành phố Hồ Chí Minh, Việt Nam",Quận 2,"4719: Bán lẻ  khác trong các cửa hàng kinh doanh tổng hợp-Chi tiết: Thực hiện quyền xuất khẩu, quyền nhập khẩu, quyền phân phối bán lẻ các hàng hóa không thuộc danh mục hàng hóa cấm xuất khẩu, cấm nhậ",internet
315469275,CÔNG TY TNHH THƯƠNG MẠI DỊCH VỤ MISCORP,CÔNG TY TNHH THƯƠNG MẠI DỊCH V,Công ty trách nhiệm hữu hạn một thành viên,"14D1 Thảo Điền, Phường Thảo Điền, Quận 2, Thành phố Hồ Chí Minh, Việt Nam",Quận 2,"0111: Trồng lúa-;0112: Trồng ngô và cây lương thực có hạt khác-;0113: Trồng cây lấy củ có chất bột-;0114: Trồng cây mía-;0117: Trồng cây có hạt chứa dầu-;0118: Trồng rau, đậu các loại và trồng hoa-;01",internet
315509626,CÔNG TY TNHH KỸ THUẬT CÔNG NGHỆ FLORIDA,CÔNG TY TNHH KỸ THUẬT CÔNG NGH,Công ty trách nhiệm hữu hạn hai thành viên trở lên,"24-26 Đường 28, Khu C Đô Thị Mới An Phú An Khánh, Phường An Phú, Quận 2, Thành phố Hồ Chí Minh, Việt Nam",Quận 2,"6202: Tư vấn máy vi tính và quản trị hệ thống máy vi tính-(trừ kinh doanh dịch vụ truy cập internet tại trụ sở);9511: Sửa chữa máy vi tính và thiết bị ngoại vi-(trừ gia công cơ khí, tái chế phế thải, ",internet
315484805,CÔNG TY TNHH MTV K - COMPANY,CÔNG TY TNHH MTV K  COMPANY,Công ty trách nhiệm hữu hạn một thành viên,"Số 04 Đường 60, Phường Thảo Điền, Quận 2, Thành phố Hồ Chí Minh, Việt Nam",Quận 2,"4659: Bán buôn máy móc, thiết bị và phụ tùng máy khác-Chi tiết: Bán buôn máy móc, thiết bị và phụ tùng máy làm bàn chải đánh răng (thực hiện theo quy định tại Nghị định số 09/2018/NĐ-CP ngày 15/01/201",internet
315529654,CÔNG TY TNHH THƯƠNG MẠI ĐẦU TƯ & DỊCH VỤ IHACO PHARMA,CÔNG TY TNHH THƯƠNG MẠI ĐẦU TƯ,Công ty trách nhiệm hữu hạn hai thành viên trở lên,"13B Đường Số 12, Khu Phố 4, Phường Bình An, Quận 2, Thành phố Hồ Chí Minh, Việt Nam",Quận 2,"4649: Bán buôn đồ dùng khác cho gia đình-Chi tiết: Bán buôn, xuất nhập khẩu vali, cặp, túi, ví, hàng da và giả da khác. Bán buôn, xuất nhập khẩu nước hoa, hàng mỹ phẩm và chế phẩm vệ sinh. Bán buôn, x",internet
315517232,CÔNG TY TNHH THIÊN HÀ WHIRLPOOL,CÔNG TY TNHH THIÊN HÀ WHIRLPOO,Công ty trách nhiệm hữu hạn một thành viên,"002A Đường Thái Thuận, Khu Đô Thị An Phú An Khánh, Phường An Phú, Quận 2, Thành phố Hồ Chí Minh, Việt Nam",Quận 2,"4764: Bán lẻ trò chơi, đồ chơi trong các cửa hàng chuyên doanh-(không kinh doanh đồ chơi có hại cho giáo dục nhân cách, sức khoẻ của trẻ em hoặc ảnh hưởng đến an ninh trật tự, an toàn xã hội);4771: Bá",internet
315535182,CÔNG TY TNHH CHEMENTORS SEA,CÔNG TY TNHH CHEMENTORS SEA,Công ty trách nhiệm hữu hạn hai thành viên trở lên,"Căn hộ số SAV8 20.11, căn hộ The Sun Avenue, số 28 Mai Chí Thọ, Phường An Phú, Quận 2, Thành phố Hồ Chí Minh, Việt Nam",Quận 2,"7020: Hoạt động tư vấn quản lý-Chi tiết:                        	
- Dịch vụ tư vấn quản lý chung;
- Dịch vụ tư vấn quản lý marketing; 
- Dịch vụ tư vấn quản lý nguồn nhân lực; 
- Dịch vụ tư vấn quản l",internet
315560164,CÔNG TY TNHH HEVA,CÔNG TY TNHH HEVA,Công ty trách nhiệm hữu hạn một thành viên,"784 Nguyễn Duy Trinh, Phường Bình Trưng Đông, Quận 2, Thành phố Hồ Chí Minh, Việt Nam",Quận 2,6201: Lập trình máy vi tính-;6202: Tư vấn máy vi tính và quản trị hệ thống máy vi tính-;6209: Hoạt động dịch vụ công nghệ thông tin và dịch vụ khác liên quan đến máy vi tính-;4651: Bán buôn máy vi tín,internet
315582721,CÔNG TY TNHH CLI2PER OCEAN,CÔNG TY TNHH CLI2PER OCEAN,Công ty trách nhiệm hữu hạn hai thành viên trở lên,"63 Xuân Thủy, Phường Thảo Điền, Quận 2, Thành phố Hồ Chí Minh, Việt Nam",Quận 2,"7310: Quảng cáo-Chi tiết: Dịch vụ quảng cáo;7020: Hoạt động tư vấn quản lý-Chi tiết: Tư vấn chiến lược kinh doanh (trừ tư vấn tài chính, kế toán, pháp luật);4649: Bán buôn đồ dùng khác cho gia đình-Ch",internet
315590867,CÔNG TY TNHH BELLA LIFESTYLE,CÔNG TY TNHH BELLA LIFESTYLE,Công ty trách nhiệm hữu hạn một thành viên,"204B/1 Nguyễn Văn Hưởng, Phường Thảo Điền, Quận 2, Thành phố Hồ Chí Minh, Việt Nam",Quận 2,"8230: Tổ chức giới thiệu và xúc tiến thương mại-(không thực hiện các hiệu ứng cháy, nổ; không sử dụng chất nổ, chất cháy, hóa chất làm đạo cụ, dụng cụ thực hiện các chương trình văn nghệ, sự kiện, phi",internet
315532590,CÔNG TY TNHH DHARMACAKRA,CÔNG TY TNHH DHARMACAKRA,Công ty trách nhiệm hữu hạn một thành viên,"Số 15/8 Đường 61, Phường Thảo Điền, Quận 2, Thành phố Hồ Chí Minh, Việt Nam",Quận 2,"1394: Sản xuất các loại dây bện và lưới-;1399: Sản xuất các loại hàng dệt khác chưa được phân vào đâu-;1629: Sản xuất sản phẩm khác từ gỗ; sản xuất sản phẩm từ tre, nứa, rơm, rạ và vật liệu tết bện-;1",internet
315582104,CÔNG TY TNHH XÂY DỰNG ICHIBAN,CÔNG TY TNHH XÂY DỰNG ICHIBAN,Công ty trách nhiệm hữu hạn một thành viên,"17A Đường Số 6, Phường Bình Trưng Tây, Quận 2, Thành phố Hồ Chí Minh, Việt Nam",Quận 2,"6820: Tư vấn, môi giới, đấu giá bất động sản, đấu giá quyền sử dụng đất-Chi tiết: Dịch vụ tư vấn, môi giới bất động sản (trừ tư vấn mang tính pháp lý).;4101: Xây dựng nhà để ở-;4102: Xây dựng nhà khôn",internet
315605986,CÔNG TY TNHH TDT INVESTMENT,CÔNG TY TNHH TDT INVESTMENT,Công ty trách nhiệm hữu hạn hai thành viên trở lên,"số 14 Đường 31c, Khu phố 5, Phường An Phú, Quận 2, Thành phố Hồ Chí Minh, Việt Nam",Quận 2,"4663: Bán buôn vật liệu, thiết bị lắp đặt khác trong xây dựng-;4730: Bán lẻ nhiên liệu động cơ trong các cửa hàng chuyên doanh-(trừ kinh doanh khí dầu mỏ hóa lỏng LPG và dầu nhớt cặn);4933: Vận tải hà",internet
315569495,CÔNG TY CỔ PHẦN CO.OP - KOREA VIỆT NAM,CÔNG TY CỔ PHẦN COOP  KOREA VI,Công ty cổ phần,"46 Trúc Đường, Phường Thảo Điền, Quận 2, Thành phố Hồ Chí Minh, Việt Nam",Quận 2,"4641: Bán buôn vải, hàng may mặc, giày dép-Chi tiết: Bán buôn vải, hàng may mặc, giày dép; Xuất nhập khẩu vải, hàng may mặc, giày dép;;4651: Bán buôn máy vi tính, thiết bị ngoại vi và phần mềm-Chi tiế",internet
315629747,CÔNG TY TNHH LAWJOY,CÔNG TY TNHH LAWJOY,Công ty trách nhiệm hữu hạn một thành viên,"số 60 đường 51, Phường Bình Trưng Đông, Quận 2, Thành phố Hồ Chí Minh, Việt Nam",Quận 2,"9329: Hoạt động vui chơi giải trí khác chưa được phân vào đâu-chi tiết: kinh doanh khu vui chơi dành cho trẻ em; cho thuê các phương tiện như nhà tắm, tủ có khóa, ghế tựa, dù che; cho thuê các thiết b",internet
315628951,CÔNG TY TNHH TAGLINE,CÔNG TY TNHH TAGLINE,Công ty trách nhiệm hữu hạn một thành viên,"số 10, đường 49B, khu phố 04, Phường Thảo Điền, Quận 2, Thành phố Hồ Chí Minh, Việt Nam",Quận 2,"5610: Nhà hàng và các dịch vụ ăn uống phục vụ lưu động-Chi tiết: Nhà hàng, quán ăn, hàng ăn uống;5630: Dịch vụ phục vụ đồ uống-(trừ quán bar, quán giải khát có khiêu vũ);9311: Hoạt động của các cơ sở ",internet
315657776,CÔNG TY TNHH XUẤT NHẬP KHẨU HUỲNH HOA VIỆT NAM,CÔNG TY TNHH XUẤT NHẬP KHẨU HU,Công ty trách nhiệm hữu hạn một thành viên,"Số 10 Lương Định Của, Khu Phố 3, Phường Bình Khánh, Quận 2, Thành phố Hồ Chí Minh, Việt Nam",Quận 2,"4711: Bán lẻ lương thực, thực phẩm, đồ uống, thuốc lá, thuốc lào chiếm tỷ trọng lớn trong các cửa hàng kinh doanh tổng hợp-(thực hiện theo quyết định 64/2009/QĐ-UBND ngày 31/07/2009 và quyết định số 7",internet
315650717,CÔNG TY TNHH QUỐC TẾ BẢO TÂM,CÔNG TY TNHH QUỐC TẾ BẢO TÂM,Công ty trách nhiệm hữu hạn hai thành viên trở lên,"69 Mai Chí Thọ, Phường An Phú, Quận 2, Thành phố Hồ Chí Minh, Việt Nam",Quận 2,"4690: Bán buôn tổng hợp-(trừ bán buôn hóa chất, khí dầu mỏ hóa lỏng LPG, dầu nhớt cặn, vàng miếng, súng, đạn loại dùng đi săn hoặc thể thao và tiền kim khí; Thực hiện theo Quyết định 64/2009/QĐ-UBND n",internet
315609500,CÔNG TY TNHH THỰC PHẨM GS,CÔNG TY TNHH THỰC PHẨM GS,Công ty trách nhiệm hữu hạn một thành viên,"95/6/43 Lương Định Của, khu phố 3, Phường Bình An, Quận 2, Thành phố Hồ Chí Minh, Việt Nam",Quận 2,"4791: Bán lẻ theo yêu cầu đặt hàng qua bưu điện hoặc internet-(trừ bán lẻ hóa chất, khí dầu mỏ hóa lỏng LPG, dầu nhớt cặn, vàng miếng, súng, đạn loại dùng đi săn hoặc thể thao và tiền kim khí; Thực hi",internet
315649711,CÔNG TY TNHH QUAFA,CÔNG TY TNHH QUAFA,Công ty trách nhiệm hữu hạn một thành viên,"Số 80 Đường 42, Phường Bình Trưng Đông, Quận 2, Thành phố Hồ Chí Minh, Việt Nam",Quận 2,"4781: Bán lẻ lương thực, thực phẩm, đồ uống, thuốc lá, thuốc lào lưu động hoặc tại chợ-(Thực hiện theo Quyết định số 64/2009/QĐ-UBND ngày 31/7/2009 và Quyết định số 79/2009/QĐ-UBND ngày 17/10/2009 của",internet
315656846,CÔNG TY TNHH SÀI GÒN NEXUS,CÔNG TY TNHH SÀI GÒN NEXUS,Công ty trách nhiệm hữu hạn một thành viên,"94 Xuân Thủy, Phường Thảo Điền, Quận 2, Thành phố Hồ Chí Minh, Việt Nam",Quận 2,"4649: Bán buôn đồ dùng khác cho gia đình-Chi tiết: Bán buôn nước hoa, hàng mỹ phẩm và chế phẩm vệ sinh;4772: Bán lẻ thuốc, dụng cụ y tế, mỹ phẩm và vật phẩm vệ sinh trong các cửa hàng chuyên doanh-Chi",internet
315639720,CÔNG TY TNHH ĐẦU TƯ JM VINA,CÔNG TY TNHH ĐẦU TƯ JM VINA,Công ty trách nhiệm hữu hạn hai thành viên trở lên,"Tầng 1, số 19 Trần Ngọc Diện, Phường Thảo Điền, Quận 2, Thành phố Hồ Chí Minh, Việt Nam",Quận 2,"4641: Bán buôn vải, hàng may mặc, giày dép-Chi tiết: Thực hiện quyền xuất khẩu, quyền nhập khẩu, quyền phân phối bán buôn các hàng hóa không thuộc danh mục hàng hóa cấm xuất khẩu, cấm nhập khẩu và dan",internet
315704560,CÔNG TY CỔ PHẦN VLINKGROUP ASIA,CÔNG TY CỔ PHẦN VLINKGROUP ASI,Công ty cổ phần,"SAV7-02.06 Căn Số 6, Tầng 2, Tháp 7, Số 28 Mai Chí Thọ, Phường An Phú, Quận 2, Thành phố Hồ Chí Minh, Việt Nam",Quận 2,"6311: Xử lý dữ liệu, cho thuê và các hoạt động liên quan-;6312: Cổng thông tin-Chi tiết: Thiết lập trang thông tin điện tử tổng hợp;6201: Lập trình máy vi tính-;6202: Tư vấn máy vi tính và quản trị hệ",internet
315708276,CÔNG TY TNHH ĐẦU TƯ THƯƠNG MẠI QUỐC TẾ PHÚC VƯƠNG,CÔNG TY TNHH ĐẦU TƯ THƯƠNG MẠI,Công ty trách nhiệm hữu hạn một thành viên,"06 Lô A Đường Lương Định Của, Phường An Phú, Quận 2, Thành phố Hồ Chí Minh, Việt Nam",Quận 2,"4719: Bán lẻ  khác trong các cửa hàng kinh doanh tổng hợp-Trừ bán lẻ bình gas, hóa chất, súng, đạn loại dùng đi săn hoặc thể thao và tiền kim khí và thực hiện theo Quyết định 64/2009/QĐ-UBND ngày 31/7",internet
315664156,CÔNG TY TNHH THƯƠNG MẠI HEALTH & BEAUTY CORPORATION,CÔNG TY TNHH THƯƠNG MẠI HEALTH,Công ty trách nhiệm hữu hạn một thành viên,"Căn hộ A-14-11, Tầng 14, Block A, Chung cư Centana Thủ Thiêm, số 36 Đường Mai Chí Thọ, Phường An Phú, Quận 2, Thành phố Hồ Chí Minh, Việt Nam",Quận 2,"1030: Chế biến và bảo quản rau quả-;4620: Bán buôn nông, lâm sản nguyên liệu (trừ gỗ, tre, nứa) và động vật sống-Chi tiết: Bán buôn hoa và cây (không hoạt động tại trụ sở). Bán buôn nông, lâm sản nguy",internet
315719849,CÔNG TY CỔ PHẦN TƯ VẤN XÂY DỰNG VÀ ĐẦU TƯ NÔNG NGHIỆP XANH,CÔNG TY CỔ PHẦN TƯ VẤN XÂY DỰN,Công ty cổ phần,"169/30 Khu phố 3, đường Lương Định Của , Phường Bình An, Quận 2, Thành phố Hồ Chí Minh, Việt Nam",Quận 2,"0112: Trồng ngô và cây lương thực có hạt khác-;0113: Trồng cây lấy củ có chất bột-;0114: Trồng cây mía-;0117: Trồng cây có hạt chứa dầu-;0118: Trồng rau, đậu các loại và trồng hoa-;0119: Trồng cây hàn",internet
315671604,CÔNG TY TNHH  DỊCH VỤ CÔNG NGHỆ LIS,CÔNG TY TNHH  DỊCH VỤ CÔNG NGH,Công ty trách nhiệm hữu hạn hai thành viên trở lên,"24B/10,Đường số 31, Khu phố 5, Phường Bình Trưng Tây, Quận 2, Thành phố Hồ Chí Minh, Việt Nam",Quận 2,"6201: Lập trình máy vi tính-Chi tiết: Hoạt động viết, sửa, thử nghiệm và trợ giúp các phần mềm theo yêu cầu sử dụng riêng biệt của từng khách hàng.
Lập trình các phần mềm nhúng;6202: Tư vấn máy vi tín",internet
315701418,CÔNG TY TNHH VIỆT PHƯƠNG BẢO,CÔNG TY TNHH VIỆT PHƯƠNG BẢO,Công ty trách nhiệm hữu hạn một thành viên,"SA V.3-00.08, Tầng 00, Tháp 03, 28 Đại lộ Mai Chí Thọ, Phường An Phú, Quận 2, Thành phố Hồ Chí Minh, Việt Nam",Quận 2,4719: Bán lẻ  khác trong các cửa hàng kinh doanh tổng hợp-Chi tiết: Bán lẻ trong siêu thị; Bán lẻ trong cửa hàng tiện lợi; Bán lẻ trong cửa hàng kinh doanh tổng hợp khác (thực hiện theo Quyết định số ,internet
315715724,CÔNG TY TNHH GIẢI TRÍ NAM LONG,CÔNG TY TNHH GIẢI TRÍ NAM LONG,Công ty trách nhiệm hữu hạn một thành viên,"48 Đường 34B, Khu phố 5, Phường An Phú, Quận 2, Thành phố Hồ Chí Minh, Việt Nam",Quận 2,7310: Quảng cáo-;7410: Hoạt động thiết kế chuyên dụng-;6312: Cổng thông tin-Chi tiết: thiết lập trang thông tin điện tử tổng hợp;7320: Nghiên cứu thị trường và thăm dò dư luận-;8230: Tổ chức giới thiệ,internet
315749000,CÔNG TY TNHH  INCRESOFT,CÔNG TY TNHH  INCRESOFT,Công ty trách nhiệm hữu hạn hai thành viên trở lên,"Tầng 3, Khu Thương Mại, The Vista, 628C Xa Lộ Hà Nội, Phường An Phú, Quận 2, Thành phố Hồ Chí Minh, Việt Nam",Quận 2,"6209: Hoạt động dịch vụ công nghệ thông tin và dịch vụ khác liên quan đến máy vi tính-Chi tiết: các dịch vụ công nghệ thông tin, viễn thông và internet; Khắc phục sự cố máy vi tính và cài đặt phần mềm",internet
315737950,CÔNG TY TNHH SPEEDY CASH TECHNOLOGY (VIỆT NAM),CÔNG TY TNHH SPEEDY CASH TECHN,Công ty trách nhiệm hữu hạn một thành viên,"83 Thân Văn Nhiếp, Phường An Phú, Quận 2, Thành phố Hồ Chí Minh, Việt Nam",Quận 2,6202: Tư vấn máy vi tính và quản trị hệ thống máy vi tính-Chi tiết: Dịch vụ tư vấn liên quan đến lắp đặt phần cứng máy tính (CPC 841);6201: Lập trình máy vi tính-Chi tiết: Dịch vụ thực hiện phần mềm (,technology
315715178,CÔNG TY TNHH PARADISE SERVICES,CÔNG TY TNHH PARADISE SERVICES,Công ty trách nhiệm hữu hạn hai thành viên trở lên,"Căn số SAV.3-03.18 Tòa nhà The Sun Avenue tầng 03, Tháp S3, Số 28 Mai Chí Thọ, Phường An Phú, Quận 2, Thành phố Hồ Chí Minh, Việt Nam",Quận 2,"4329: Lắp đặt hệ thống xây dựng khác-Chi tiết: Thi công lắp đặt sản phẩm nhôm, kính, sắt thép, Inox, thạch cao, gỗ, cửa nhựa, cửa thép chống cháy (không gia công có khí tái chế phế thải, xi mạ điện, s",internet
315747187,CÔNG TY TNHH KỸ THUẬT CÔNG NGHIỆP SAO PHƯƠNG NAM,CÔNG TY TNHH KỸ THUẬT CÔNG N,Công ty trách nhiệm hữu hạn hai thành viên trở lên,"39A Đường 66, Phường Thảo Điền, Quận 2, Thành phố Hồ Chí Minh, Việt Nam",Quận 2,"7810: Hoạt động của các trung tâm, đại lý tư vấn, giới thiệu và môi giới lao động, việc làm-Chi tiết: Hoạt động của các đại lý tư vấn, giới thiệu và môi giới lao động, việc làm;4791: Bán lẻ theo yêu c",internet
315748945,CÔNG TY CỔ PHẦN GIÁO DỤC TIẾNG ANH TOÀN CẦU,CÔNG TY CỔ PHẦN GIÁO DỤC TIẾNG,Công ty cổ phần,"Số 10 Đường T, Khu đô thị Lakeview City, 543 Nguyễn Duy Trinh, Phường Bình Trưng Đông, Quận 2, Thành phố Hồ Chí Minh, Việt Nam",Quận 2,"3312: Sửa chữa máy móc, thiết bị-Chi tiết: Sửa chữa máy vi tính, đồ dùng các nhân và gia đình; sửa chữa thiết bị liên lạc; sửa chữa thiết bị ngoại vi (trừ gia công cơ khí, tái chế phế thải, xi mạ điện",internet
315746218,CÔNG TY TNHH TM DV XERA,CÔNG TY TNHH TM DV XERA,Công ty trách nhiệm hữu hạn hai thành viên trở lên,"14D1 Thảo Điền, Phường Thảo Điền, Quận 2, Thành phố Hồ Chí Minh, Việt Nam",Quận 2,"4651: Bán buôn máy vi tính, thiết bị ngoại vi và phần mềm-Bán buôn máy vi tính , thiết bị ngoại vi và phần mềm;4652: Bán buôn thiết bị và linh kiện điện tử, viễn thông-;5820: Xuất bản phần mềm-Chi tiế",internet
315773959,CÔNG TY TNHH CHIẾN LƯỢC MARKETING SOUL VÀ CỘNG SỰ,CÔNG TY TNHH CHIẾN LƯỢC MARKET,Công ty trách nhiệm hữu hạn một thành viên,"CA-19, 01 Đảo Kim Cương, Phường Bình Trưng Tây, Quận 2, Thành phố Hồ Chí Minh, Việt Nam",Quận 2,"4791: Bán lẻ theo yêu cầu đặt hàng qua bưu điện hoặc internet-(trừ bán lẻ bình gas, không tồn trữ hóa chất; dầu nhớt cặn, vàng miếng, súng, đạn loại dùng đi săn hoặc thể thao và tiền kim khí, khí dầu ",internet
315777537,CÔNG TY TNHH TRUST CONSULTING,CÔNG TY TNHH TRUST CONSULTING,Công ty trách nhiệm hữu hạn một thành viên,"Số 37, đường S, Khu Đô thị Lake View City, 543 Nguyễn Duy Trinh, Phường Bình Trưng Đông, Quận 2, Thành phố Hồ Chí Minh, Việt Nam",Quận 2,"8560: Dịch vụ hỗ trợ giáo dục-;8559: Giáo dục khác chưa được phân vào đâu-Chi tiết: - đào tạo trực tuyến – dạy máy tính – giáo dục không xác định cấp độ, hoạt động theo qui định pháp luật cho phép;702",internet
315799481,CÔNG TY TNHH MTV HOA NẮNG,CÔNG TY TNHH MTV HOA NẮNG,Công ty trách nhiệm hữu hạn một thành viên,"29/7A đường 42, Phường Bình Trưng Tây, Quận 2, Thành phố Hồ Chí Minh, Việt Nam",Quận 2,"4791: Bán lẻ theo yêu cầu đặt hàng qua bưu điện hoặc internet-(trừ bán lẻ bình gas, súng, đạn loại dùng đi săn hoặc thể thao, tiền kim khí và mua bán vàng miếng; thực hiện theo Quyết định 64/2009/QĐ-U",internet
315789010,CÔNG TY TNHH NINAMART,CÔNG TY TNHH NINAMART,Công ty trách nhiệm hữu hạn hai thành viên trở lên,"55 Đường số 3, Phường Thạnh Mỹ Lợi, Quận 2, Thành phố Hồ Chí Minh, Việt Nam",Quận 2,4721: Bán lẻ lương thực trong các cửa hàng chuyên doanh-(Thực hiện theo Quyết định số 64/2009/QĐ-UBND ngày 31/7/2009 và Quyết định số 79/2009/QĐ-UBND ngày 17/10/2009 của UBND TP. HCM về phê duyệt quy ,internet
315792038,CÔNG TY TNHH THỰC PHẨM NAM PHÁT,CÔNG TY TNHH THỰC PHẨM NAM PHÁ,Công ty trách nhiệm hữu hạn hai thành viên trở lên,"158 Bùi Tá Hán, Phường An Phú, Quận 2, Thành phố Hồ Chí Minh, Việt Nam",Quận 2,"4620: Bán buôn nông, lâm sản nguyên liệu (trừ gỗ, tre, nứa) và động vật sống-(không hoạt động tại trụ sở);4791: Bán lẻ theo yêu cầu đặt hàng qua bưu điện hoặc internet-(trừ tồn trữ hóa chất tại trụ sở",internet
315753416,CÔNG TY TNHH CHO YANG MEDICAL INDUSTRY VINA,CÔNG TY TNHH CHO YANG MEDICAL ,Công ty trách nhiệm hữu hạn một thành viên,"274 Trương Văn Bang, Khu phố 2, Phường Thạnh Mỹ Lợi, Quận 2, Thành phố Hồ Chí Minh, Việt Nam",Quận 2,"3250: Sản xuất thiết bị, dụng cụ y tế, nha khoa, chỉnh hình và phục hồi chức năng-;3320: Lắp đặt máy móc và thiết bị công nghiệp-;4312: Chuẩn bị mặt bằng-Chi tiết: San lấp mặt bằng;4330: Hoàn thiện cô",internet
315827523,CÔNG TY TNHH GLOBAL TECHNOLOGY SOLUTION,CÔNG TY TNHH GLOBAL TECHNOLOGY,Công ty trách nhiệm hữu hạn một thành viên,"97 Đường số 7, Khu phố 5, Phường An Phú, Quận 2, Thành phố Hồ Chí Minh, Việt Nam",Quận 2,8559: Giáo dục khác chưa được phân vào đâu-Giáo dục không xác định theo cấp độ tại các trung tâm đào tạo bồi dưỡng; - Các dịch vụ dạy kèm( gia sư); - Giáo dục dự bị; - Các trung tâm dạy học có các kho,internet
315796642,"CÔNG TY CỔ PHẦN CÔNG NGHỆ, TRUYỀN THÔNG VÀ GIẢI TRÍ WOW",CÔNG TY CỔ PHẦN CÔNG NGHỆ TRUY,Công ty cổ phần,"Số nhà 28, đường Giang Văn Minh, Phường An Phú, Quận 2, Thành phố Hồ Chí Minh, Việt Nam",Quận 2,"9329: Hoạt động vui chơi giải trí khác chưa được phân vào đâu-(Trừ kinh doanh vũ trường, karaoke);9000: Hoạt động sáng tác, nghệ thuật và giải trí-(trừ kinh doanh vũ trường, phòng trà ca nhạc và không",internet
315838733,CÔNG TY TNHH DO IT RIGHT,CÔNG TY TNHH DO IT RIGHT,Công ty trách nhiệm hữu hạn một thành viên,"17 đường số 37 Trần Não, Khu phố 2, Phường Bình An, Quận 2, Thành phố Hồ Chí Minh, Việt Nam",Quận 2,"4652: Bán buôn thiết bị và linh kiện điện tử, viễn thông-;7740: Cho thuê tài sản vô hình phi tài chính-;6201: Lập trình máy vi tính-;6202: Tư vấn máy vi tính và quản trị hệ thống máy vi tính-;6209: Ho",internet
315804332,CÔNG TY TNHH MỘT THÀNH VIÊN SẢN XUẤT ĐÀU TƯ THƯƠNG MẠI DỊCH VỤ K TRẦN,CÔNG TY TNHH MỘT THÀNH VIÊN SẢ,Công ty trách nhiệm hữu hạn một thành viên,"24 Đường 08 Khu Biệt Thự Lakeview City, Phường An Phú, Quận 2, Thành phố Hồ Chí Minh, Việt Nam",Quận 2,"4791: Bán lẻ theo yêu cầu đặt hàng qua bưu điện hoặc internet-(trừ bán lẻ bình gas, hóa chất, súng, đạn loại dùng đi săn hoặc thể thao và tiền kim khí và thực hiện theo Quyết định 64/2009/QĐ-UBND ngày",internet
315806153,CÔNG TY TNHH BUNBEA,CÔNG TY TNHH BUNBEA,Công ty trách nhiệm hữu hạn một thành viên,"Số 6/43 Đường 35CL, Khu biệt thự Citi Bella, Phường Cát Lái, Quận 2, Thành phố Hồ Chí Minh, Việt Nam",Quận 2,"4610: Đại lý, môi giới, đấu giá hàng hóa-Chi tiết: Đại lý bán hàng hóa, môi giới mua bán hàng hóa;4649: Bán buôn đồ dùng khác cho gia đình-(trừ kinh doanh dược phẩm);4632: Bán buôn thực phẩm-Chi tiết:",internet
315819949,CÔNG TY TNHH TOTAL SPORTS AGENCY,CÔNG TY TNHH TOTAL SPORTS AGEN,Công ty trách nhiệm hữu hạn hai thành viên trở lên,"96A5 Palm Residence, Đường Song Hành, Phường An Phú, Quận 2, Thành phố Hồ Chí Minh, Việt Nam",Quận 2,"8230: Tổ chức giới thiệu và xúc tiến thương mại-Chi tiết: Tổ chức hội chợ, triển lãm, hội nghị hội thảo, tập huấn khách hàng và các sự kiện thương mại trong và ngoài nước, dàn dựng, trang trí gian hàn",internet
315833206,CÔNG TY CỔ PHẦN GIA LINH LAND,CÔNG TY CỔ PHẦN GIA LINH LAND,Công ty cổ phần,"55/24 Lê Hữu Kiều, Phường Bình Trưng Tây, Quận 2, Thành phố Hồ Chí Minh, Việt Nam",Quận 2,"6820: Tư vấn, môi giới, đấu giá bất động sản, đấu giá quyền sử dụng đất-Chi tiết: Tư vấn, quản lý, môi giới bất động sản( trừ tư vấn tài chính, kế toán, pháp luật);4659: Bán buôn máy móc, thiết bị và ",internet
315817194,CÔNG TY TNHH GIẢI PHÁP KẾT NỐI VIỆT,CÔNG TY TNHH GIẢI PHÁP KẾT NỐI,Công ty trách nhiệm hữu hạn hai thành viên trở lên,"547 Nguyễn Duy Trinh, Phường Bình Trưng Đông, Quận 2, Thành phố Hồ Chí Minh, Việt Nam",Quận 2,4633: Bán buôn đồ uống-;7990: Dịch vụ đặt chỗ và các dịch vụ hỗ trợ liên quan đến quảng bá và tổ chức tua du lịch-;2592: Gia công cơ khí; xử lý và tráng phủ kim loại-chi tiết: Gia công cơ khí (không h,internet
315791789,CÔNG TY TNHH MTV PHÁT TRIỂN FDV,CÔNG TY TNHH MTV PHÁT TRIỂN FD,Công ty trách nhiệm hữu hạn một thành viên,"212 Bùi Tá Hán, Phường An Phú, Quận 2, Thành phố Hồ Chí Minh, Việt Nam",Quận 2,"4799: Bán lẻ hình thức khác chưa được phân vào đâu-(trừ bán lẻ bình gas, khí dầu mỏ hóa lỏng LPG, dầu nhớt cặn, vàng miếng, súng, đạn loại dùng đi săn hoặc thể thao và tiền kim khí; trừ bán lẻ hóa chấ",internet
315825766,CÔNG TY TNHH GIẢI PHÁP CÔNG NGHỆ LOTODA,CÔNG TY TNHH GIẢI PHÁP CÔNG NG,Công ty trách nhiệm hữu hạn hai thành viên trở lên,"36 đường 8 , Phường Bình Trưng Đông, Quận 2, Thành phố Hồ Chí Minh, Việt Nam",Quận 2,"2591: Rèn, dập, ép và cán kim loại; luyện bột kim loại-(không hoạt động tại trụ sở);2592: Gia công cơ khí; xử lý và tráng phủ kim loại-(không hoạt động tại trụ sở);2610: Sản xuất linh kiện điện tử-(kh",internet
315827227,CÔNG TY TNHH NHÀ HÀNG ẨM THỰC LÀNG VŨ ĐẠI,CÔNG TY TNHH NHÀ HÀNG ẨM THỰC ,Công ty trách nhiệm hữu hạn một thành viên,"84 Đường Song Hành, Khu phố 5, Phường An Phú, Quận 2, Thành phố Hồ Chí Minh, Việt Nam",Quận 2,"5610: Nhà hàng và các dịch vụ ăn uống phục vụ lưu động-Chi tiết: Nhà hàng ăn uống;5510: Dịch vụ lưu trú ngắn ngày-Chi tiết: Khách sạn, biệt thự du lịch, căn hộ du lịch, nhà nghỉ du lịch, nhà ở có phòn",internet
315845314,CÔNG TY CỔ PHẦN PHÁT TRIỂN OTECH,CÔNG TY CỔ PHẦN PHÁT TRIỂN OTE,Công ty cổ phần,"2/26 Đường Võ Trường Toản, Phường An Phú, Quận 2, Thành phố Hồ Chí Minh, Việt Nam",Quận 2,8299: Hoạt động dịch vụ hỗ trợ kinh doanh khác còn lại chưa được phân vào đâu-Chi tiết: Xuất nhập khẩu các mặt hàng Công ty kinh doanh;4669: Bán buôn chuyên doanh khác chưa được phân vào đâu-Chi tiết:,internet
315868424,CÔNG TY TNHH MTV THƯƠNG MẠI DỊCH VỤ REDCHILLI,CÔNG TY TNHH MTV THƯƠNG MẠI DỊ,Công ty trách nhiệm hữu hạn một thành viên,"280A15 Lương Định Của, Khu phố 1, Phường An Phú, Quận 2, Thành phố Hồ Chí Minh, Việt Nam",Quận 2,"4511: Bán buôn ô tô và xe có động cơ khác-;4512: Bán lẻ ô tô con (loại 9 chỗ ngồi trở xuống)-;4513: Đại lý ô tô và xe có động cơ khác-;4520: Bảo dưỡng, sửa chữa ô tô và xe có động cơ khác-;4530: Bán p",internet
315842627,CÔNG TY TNHH DH HOMES,CÔNG TY TNHH DH HOMES,Công ty trách nhiệm hữu hạn hai thành viên trở lên,"A5, Đường số 30, Khu phố 2, Phường Bình An, Quận 2, Thành phố Hồ Chí Minh, Việt Nam",Quận 2,"5510: Dịch vụ lưu trú ngắn ngày-Chi tiết: Khách sạn, biệt thự du lịch, căn hộ du lịch, nhà nghỉ du lịch, nhà ở có phòng cho khách du lịch thuê (không hoạt động tại trụ sở).;6820: Tư vấn, môi giới, đấu",internet
315856563,CÔNG TY CỔ PHẦN THƯƠNG MẠI TINH TÚ CẦU,CÔNG TY CỔ PHẦN THƯƠNG MẠI TIN,Công ty cổ phần,"160 Nguyễn Hoàng, Phường An Phú, Quận 2, Thành phố Hồ Chí Minh, Việt Nam",Quận 2,"4632: Bán buôn thực phẩm-(không hoạt động tại trụ sở);4620: Bán buôn nông, lâm sản nguyên liệu (trừ gỗ, tre, nứa) và động vật sống-chi tiết: Bán buôn hoa và cây cảnh (không hoạt động tại trụ sở);4722:",internet
315856429,CÔNG TY CỔ PHẦN THƯƠNG MẠI ĐIỆN TỬ CĂN HỘ TRỰC TUYẾN,CÔNG TY CỔ PHẦN THƯƠNG MẠI ĐIỆ,Công ty cổ phần,"18 Đồng Văn Cống, Phường Bình Trưng Tây, Quận 2, Thành phố Hồ Chí Minh, Việt Nam",Quận 2,"4752: Bán lẻ đồ ngũ kim, sơn, kính và thiết bị lắp đặt khác trong xây dựng trong các cửa hàng chuyên doanh-Chi tiết: Bán lẻ đồ ngũ kim: khóa cửa, chốt cài; Bán lẻ dụng cụ cầm tay: búa, cưa, tua vít, d",internet
315852551,CÔNG TY TNHH YBK,CÔNG TY TNHH YBK,Công ty trách nhiệm hữu hạn hai thành viên trở lên,"SAV3-02-03 – The Sun Avenue, Số 28 Đường Mai Chí Thọ, Phường An Phú, Quận 2, Thành phố Hồ Chí Minh, Việt Nam",Quận 2,"6820: Tư vấn, môi giới, đấu giá bất động sản, đấu giá quyền sử dụng đất-Chi tiết: Dịch vụ tư vấn bất động sản; Dịch vụ quản lý bất động sản; Dịch vụ môi giới bất động sản (trừ tư vấn mang tính pháp lý",internet
315858641,CÔNG TY CỔ PHẦN FELIXBUY,CÔNG TY CỔ PHẦN FELIXBUY,Công ty cổ phần,"Số 9/12 Đường số 14, Phường Bình Trưng Tây, Quận 2, Thành phố Hồ Chí Minh, Việt Nam",Quận 2,"4723: Bán lẻ đồ uống trong các cửa hàng chuyên doanh-Chi tiết: Bán lẻ đồ uống, rượu, bia và đồ uống không chứa cồn.;4751: Bán lẻ vải, len, sợi, chỉ khâu và hàng dệt khác trong các cửa hàng chuyên doan",internet
315856644,CÔNG TY TNHH COMPAA,CÔNG TY TNHH COMPAA,Công ty trách nhiệm hữu hạn hai thành viên trở lên,"16/5 Đường 19, Phường Bình Trưng Tây, Quận 2, Thành phố Hồ Chí Minh, Việt Nam",Quận 2,"4791: Bán lẻ theo yêu cầu đặt hàng qua bưu điện hoặc internet-(trừ đấu giá, bán lẻ bình gas, súng, đạn loại dùng đi săn hoặc thể thao, tiền kim khí và mua bán vàng miếng; thực hiện theo Quyết định 64/",internet
315864645,CÔNG TY TNHH THE SPA BAR,CÔNG TY TNHH THE SPA BAR,Công ty trách nhiệm hữu hạn một thành viên,"Số 28 Thảo Điền, Phường Thảo Điền, Quận 2, Thành phố Hồ Chí Minh, Việt Nam",Quận 2,"9631: Cắt tóc, làm đầu, gội đầu-Chi tiết: Cắt tóc, làm đầu, gội đầu; Cắt, tỉa và cạo râu; massage mặt, làm móng chân, móng tay, trang điểm (trừ hoạt động gây chảy máu);4791: Bán lẻ theo yêu cầu đặt hà",internet
315883510,CÔNG TY TNHH INTERFACELAB,CÔNG TY TNHH INTERFACELAB,Công ty trách nhiệm hữu hạn hai thành viên trở lên,"Tầng 3, 252 Nguyễn Văn Hưởng, Phường Thảo Điền, Quận 2, Thành phố Hồ Chí Minh, Việt Nam",Quận 2,6201: Lập trình máy vi tính-;6202: Tư vấn máy vi tính và quản trị hệ thống máy vi tính-;6209: Hoạt động dịch vụ công nghệ thông tin và dịch vụ khác liên quan đến máy vi tính-;3290: Sản xuất khác chưa ,internet
315873600,CÔNG TY TNHH TẬP ĐOÀN TRUYỀN THÔNG VINAMON,CÔNG TY TNHH TẬP ĐOÀN TRUYỀN T,Công ty trách nhiệm hữu hạn hai thành viên trở lên,"453/2 Nguyễn Thị Định, Phường Cát Lái, Quận 2, Thành phố Hồ Chí Minh, Việt Nam",Quận 2,"7310: Quảng cáo-Chi tiết: Sáng tạo và thực hiện các chiến dịch quảng cáo: Sáng tạo và đặt quảng cáo trong báo, tạp chí, đài phát thanh, truyền hình, internet và các phương tiện truyền thông khác; đặt ",internet
315887459,CÔNG TY TNHH SO HIGH MARKETING,CÔNG TY TNHH SO HIGH MARKETING,Công ty trách nhiệm hữu hạn một thành viên,"140 Đường số 5, Khu Đô Thị Lake view city, Phường An Phú, Quận 2, Thành phố Hồ Chí Minh, Việt Nam",Quận 2,"4791: Bán lẻ theo yêu cầu đặt hàng qua bưu điện hoặc internet-(trừ bán lẻ bình gas, khí dầu mỏ hóa lỏng LPG, dầu nhớt cặn, vàng miếng, súng, đạn loại dùng đi săn hoặc thể thao và tiền kim khí và thực ",internet
315887360,CÔNG TY TNHH THƯƠNG MẠI DỊCH VỤ TQ PLUS,CÔNG TY TNHH THƯƠNG MẠI DỊCH V,Công ty trách nhiệm hữu hạn một thành viên,"A04, Khu phố 4, Đường số 3, Phường Bình An, Quận 2, Thành phố Hồ Chí Minh, Việt Nam",Quận 2,"3319: Sửa chữa thiết bị khác-;4651: Bán buôn máy vi tính, thiết bị ngoại vi và phần mềm-;4652: Bán buôn thiết bị và linh kiện điện tử, viễn thông-;4659: Bán buôn máy móc, thiết bị và phụ tùng máy khác",internet
315895594,CÔNG TY CỔ PHẦN ẨM THỰC NHẤT DÊ,CÔNG TY CỔ PHẦN ẨM THỰC NHẤT D,Công ty cổ phần,"Số 118 Đường 56, Phường Bình Trưng Đông, Quận 2, Thành phố Hồ Chí Minh, Việt Nam",Quận 2,5610: Nhà hàng và các dịch vụ ăn uống phục vụ lưu động-;5621: Cung cấp dịch vụ ăn uống theo hợp đồng không thường xuyên với khách hàng-;5629: Dịch vụ ăn uống khác-(trừ hoạt động quán bar và quán giải ,internet
315916413,DOANH NGHIỆP TƯ NHÂN GAMES 489,DOANH NGHIỆP TƯ NHÂN GAMES 489,Doanh nghiệp tư nhân,"489 Nguyễn Thị Định, Khu phố 1, Phường Cát Lái, Quận 2, Thành phố Hồ Chí Minh, Việt Nam",Quận 2,9329: Hoạt động vui chơi giải trí khác chưa được phân vào đâu-Chi tiết: Kinh doanh trò chơi điện tử (trừ kinh doanh trò chơi điện tử có thưởng dành cho người nước ngoài và trò chơi điện tử có thưởng q,internet
315889720,CÔNG TY TNHH THƯƠNG MẠI DỊCH VỤ VIỄN THÔNG NGUYỄN HIỀN,CÔNG TY TNHH THƯƠNG MẠI DỊCH V,Công ty trách nhiệm hữu hạn một thành viên,"14 Nguyễn Duy Trinh, Phường Bình Trưng Tây, Quận 2, Thành phố Hồ Chí Minh, Việt Nam",Quận 2,"4652: Bán buôn thiết bị và linh kiện điện tử, viễn thông-;6110: Hoạt động viễn thông có dây-;6120: Hoạt động viễn thông không dây-;6311: Xử lý dữ liệu, cho thuê và các hoạt động liên quan-Chi tiết: Dị",internet
315929388,CÔNG TY TNHH THƯƠNG MẠI ĐIỆN TỬ STARWIN,CÔNG TY TNHH THƯƠNG MẠI ĐIỆN T,Công ty trách nhiệm hữu hạn một thành viên,"95/35D1 Lương Định Của, Khu Phố 3, Phường Bình An, Quận 2, Thành phố Hồ Chí Minh, Việt Nam",Quận 2,"3313: Sửa chữa thiết bị điện tử và quang học-(trừ gia công cơ khí, tái chế phế thải, xi mạ điện tại trụ sở);3314: Sửa chữa thiết bị điện-(trừ gia công cơ khí, tái chế phế thải, xi mạ điện tại trụ sở);",internet
315905806,CÔNG TY TNHH HOÀNG GIA FRESH FOODS,CÔNG TY TNHH HOÀNG GIA FRESH F,Công ty trách nhiệm hữu hạn hai thành viên trở lên,"51/4 - Đường số 3 - Khu phố 4, Phường Bình An, Quận 2, Thành phố Hồ Chí Minh, Việt Nam",Quận 2,"4791: Bán lẻ theo yêu cầu đặt hàng qua bưu điện hoặc internet-(trừ bán lẻ bình gas, khí dầu mỏ hóa lỏng LPG, dầu nhớt cặn, vàng miếng, súng, đạn loại dùng đi săn hoặc thể thao và tiền kim khí; trừ bán",internet
315927768,CÔNG TY TNHH LANACO,CÔNG TY TNHH LANACO,Công ty trách nhiệm hữu hạn hai thành viên trở lên,"47 đường 24A, Phường An Phú, Quận 2, Thành phố Hồ Chí Minh, Việt Nam",Quận 2,"1622: Sản xuất đồ gỗ xây dựng-;2511: Sản xuất các cấu kiện kim loại-;2592: Gia công cơ khí; xử lý và tráng phủ kim loại-(không hoạt động tại trụ sở);0810: Khai thác đá, cát, sỏi, đất sét-(Không hoạt đ",internet
315952852,CÔNG TY TNHH HOA NẮNG SÀI GÒN,CÔNG TY TNHH HOA NẮNG SÀI GÒN,Công ty trách nhiệm hữu hạn một thành viên,"160 Cao Đức Lân, Phường An Phú, Quận 2, Thành phố Hồ Chí Minh, Việt Nam",Quận 2,"9620: Giặt là, làm sạch các sản phẩm dệt và lông thú-;4620: Bán buôn nông, lâm sản nguyên liệu (trừ gỗ, tre, nứa) và động vật sống-Chi tiết: Bán buôn hoa tươi (không hoạt động tại trụ sở);4773: Bán lẻ",internet
315969990,CÔNG TY CỔ PHẦN RUBIK GROUP,CÔNG TY CỔ PHẦN RUBIK GROUP,Công ty cổ phần,"Căn hộ A-11-2, tầng 11, block A, Centana Thủ Thiêm - số 36 đường Mai Chí Thọ, Phường An Phú, Quận 2, Thành phố Hồ Chí Minh, Việt Nam",Quận 2,"8230: Tổ chức giới thiệu và xúc tiến thương mại-(không thực hiện các hiệu ứng cháy, nổ; không sử dụng chất nổ, chất cháy, hóa chất làm đạo cụ, dụng cụ thực hiện các chương trình văn nghệ, sự kiện, phi",internet
315916477,DOANH NGHIỆP TƯ NHÂN DỊCH VỤ GIẢI TRÍ HOÀNG LINH,DOANH NGHIỆP TƯ NHÂN DỊCH VỤ G,Doanh nghiệp tư nhân,"Số 77 Đường 30, Khu phố 2, Phường Cát Lái, Quận 2, Thành phố Hồ Chí Minh, Việt Nam",Quận 2,9329: Hoạt động vui chơi giải trí khác chưa được phân vào đâu-Chi tiết: Kinh doanh trò chơi điện tử (trừ kinh doanh trò chơi điện tử có thưởng dành cho người nước ngoài và trò chơi điện tử có thưởng q,internet
315973891,CÔNG TY TNHH THƯƠNG MẠI DỊCH VỤ MỘC HỎA THỔ,CÔNG TY TNHH THƯƠNG MẠI DỊCH V,Công ty trách nhiệm hữu hạn hai thành viên trở lên,"63/4 Đường số 19, Khu phố 4, Phường Bình An, Quận 2, Thành phố Hồ Chí Minh, Việt Nam",Quận 2,"4101: Xây dựng nhà để ở-;4102: Xây dựng nhà không để ở-;4212: Xây dựng công trình đường bộ-;4222: Xây dựng công trình cấp, thoát nước-;4223: Xây dựng công trình viễn thông, thông tin liên lạc-;4229: X",internet
315958156,CÔNG TY TNHH DỊCH VỤ THƯƠNG MẠI GIẢI TRÍ LUCKY 9999,CÔNG TY TNHH DỊCH VỤ THƯƠNG MẠ,Công ty trách nhiệm hữu hạn một thành viên,"Số 782 Đường Nguyễn Duy Trinh, Phường Bình Trưng Đông, Quận 2, Thành phố Hồ Chí Minh, Việt Nam",Quận 2,6190: Hoạt động viễn thông khác-Chi tiết: Hoạt động của các điểm truy cập internet (chỉ hoạt động khi có đủ điều kiện Kinh doanh theo quy định của pháp luật);9329: Hoạt động vui chơi giải trí khác chư,internet
315971855,CÔNG TY TNHH THƯƠNG MẠI ANHOME,CÔNG TY TNHH THƯƠNG MẠI ANHOME,Công ty trách nhiệm hữu hạn hai thành viên trở lên,"49F Xa lộ Hà Nội, Khu phố 2, Phường Thảo Điền, Quận 2, Thành phố Hồ Chí Minh, Việt Nam",Quận 2,"4791: Bán lẻ theo yêu cầu đặt hàng qua bưu điện hoặc internet-(trừ bán lẻ hóa chất, khí dầu mỏ hóa lỏng LPG, dầu nhớt cặn, vàng miếng, súng, đạn loại dùng đi săn hoặc thể thao và tiền kim khí; Thực hi",internet
315969278,CÔNG TY TNHH THƯƠNG MẠI DỊCH VỤ ĐẦU TƯ TẤN CƯỜNG,CÔNG TY TNHH THƯƠNG MẠI DỊCH V,Công ty trách nhiệm hữu hạn một thành viên,"32 Đường 5, Khu Phố 2, Phường Bình Trưng Tây, Quận 2, Thành phố Hồ Chí Minh, Việt Nam",Quận 2,"1610: Cưa, xẻ, bào gỗ và bảo quản gỗ-(không hoạt động tại trụ sở).;1622: Sản xuất đồ gỗ xây dựng-(không hoạt động tại trụ sở).;1623: Sản xuất bao bì bằng gỗ-(không hoạt động tại trụ sở).;1811: In ấn-(",internet
315938939,CÔNG TY TNHH MERLION GROUP,CÔNG TY TNHH MERLION GROUP,Công ty trách nhiệm hữu hạn hai thành viên trở lên,"140 Đường số 5, Khu Đô Thị Lake view city, Phường An Phú, Quận 2, Thành phố Hồ Chí Minh, Việt Nam",Quận 2,"7310: Quảng cáo-(CPC 871); 4791: Bán lẻ theo yêu cầu đặt hàng qua bưu điện hoặc internet-(trừ bán lẻ bình gas, khí dầu mỏ hóa lỏng LPG, dầu nhớt cặn, vàng miếng, súng, đạn loại dùng đi săn hoặc thể th",internet
315941385,CÔNG TY TNHH CAFE GAME PHÚ HỮU,CÔNG TY TNHH CAFE GAME PHÚ HỮU,Công ty trách nhiệm hữu hạn một thành viên,"766 Nguyễn Duy Trinh, Phường Bình Trưng Đông, Quận 2, Thành phố Hồ Chí Minh, Việt Nam",Quận 2,"4633: Bán buôn đồ uống-;4649: Bán buôn đồ dùng khác cho gia đình-(trừ dược phẩm);4711: Bán lẻ lương thực, thực phẩm, đồ uống, thuốc lá, thuốc lào chiếm tỷ trọng lớn trong các cửa hàng kinh doanh tổng ",internet
315988577,CÔNG TY TNHH DIỆN CHẨN ONLINE,CÔNG TY TNHH DIỆN CHẨN ONLINE,Công ty trách nhiệm hữu hạn hai thành viên trở lên,"169/1/17 Đường D3, Khu Phố 3, Phường Bình An, Quận 2, Thành phố Hồ Chí Minh, Việt Nam",Quận 2,"8230: Tổ chức giới thiệu và xúc tiến thương mại-(không thực hiện các hiệu ứng cháy, nổ; không sử dụng chất nổ, chất cháy,hóa chất làm đạo cụ, dụng cụ thực hiện các chương trình văn nghệ, sự kiện, phim",internet
316024166,CÔNG TY TNHH THƯƠNG MẠI DỊCH VỤ CẦM ĐỒ TÍN PHÁT,CÔNG TY TNHH THƯƠNG MẠI DỊCH V,Công ty trách nhiệm hữu hạn một thành viên,"24 Phạm Công Trứ, khu phố 2, Phường Thạnh Mỹ Lợi, Quận 2, Thành phố Hồ Chí Minh, Việt Nam",Quận 2,"4511: Bán buôn ô tô và xe có động cơ khác-;4610: Đại lý, môi giới, đấu giá hàng hóa-Chi tiết: Đại lý, môi giới (trừ đấu giá tài sản);4651: Bán buôn máy vi tính, thiết bị ngoại vi và phần mềm-;4652: Bá",internet
316001874,CÔNG TY CỔ PHẦN ĐẦU TƯ PHÂN PHỐI THƯƠNG MẠI THIÊN PHÚC,CÔNG TY CỔ PHẦN ĐẦU TƯ PHÂN PH,Công ty cổ phần,"65 Đường 3, Phường Thạnh Mỹ Lợi, Quận 2, Thành phố Hồ Chí Minh, Việt Nam",Quận 2,"5012: Vận tải hàng hóa ven biển và viễn dương-chi tiết: Vận tải hàng hóa ven biển
Vận tải hàng hóa viễn dương;5022: Vận tải hàng hóa đường thuỷ nội địa-chi tiết: Vận tải hàng hóa đường thủy nội địa bằ",internet
315979276,CÔNG TY TNHH  ANOCA,CÔNG TY TNHH  ANOCA,Công ty trách nhiệm hữu hạn một thành viên,"38 Đường số 12, Khu phố 3  , Phường Bình An, Quận 2, Thành phố Hồ Chí Minh, Việt Nam",Quận 2,"7410: Hoạt động thiết kế chuyên dụng-Chi tiết: trang trí nội thất, hạt động thiết kế website (trừ thiết kế công trình xây dựng);7490: Hoạt động chuyên môn, khoa học và công nghệ khác chưa đư",internet
316015482,CÔNG TY TNHH GIA HƯNG MRO,CÔNG TY TNHH GIA HƯNG MRO,Công ty trách nhiệm hữu hạn một thành viên,"11/9 Đường  38, Phường Bình Trưng Đông, Quận 2, Thành phố Hồ Chí Minh, Việt Nam",Quận 2,"5210: Kho bãi và lưu giữ hàng hóa-Chi tiết: Lưu giữ hàng hóa (trừ kinh doanh kho bãi);7729: Cho thuê đồ dùng cá nhân và gia đình khác-;2220: Sản xuất sản phẩm từ plastic-(trừ tái chế phế thải, luyện c",internet
316023701,CÔNG TY CỔ PHẦN PHỤ TÙNG MÁY CÔNG TRÌNH BMC VIỆT NAM,CÔNG TY CỔ PHẦN PHỤ TÙNG MÁY C,Công ty cổ phần,"Số 163, đường 31, khu phố 5, Phường An Phú, Quận 2, Thành phố Hồ Chí Minh, Việt Nam",Quận 2,"4933: Vận tải hàng hóa bằng đường bộ-chi tiết: Vận tải hàng hóa bằng ô tô chuyên dụng; Vận tải hàng hóa bằng ô tô loại khác 
(trừ ô tô chuyên dụng);4931: Vận tải hành khách đường bộ trong nội thành, n",internet
316033474,CÔNG TY TNHH NEXT EDGE TECHNOLOGY VIỆT NAM,CÔNG TY TNHH NEXT EDGE TECHNOL,Công ty trách nhiệm hữu hạn một thành viên,"Lầu 2, Số 7, Đường số 1, Khu phố 3, Phường Bình Khánh, Quận 2, Thành phố Hồ Chí Minh, Việt Nam",Quận 2,"6201: Lập trình máy vi tính-Chi tiết: Thực hiện dịch vụ lập trình máy vi tính bao gồm: Hoạt động viết, sửa, thử nghiệp và trợ giúp các phần mềm theo yêu cầu sử dụng riêng biệt của từng khách hàng; lập",technology
316056471,CÔNG TY TNHH AETERNA,CÔNG TY TNHH AETERNA,Công ty trách nhiệm hữu hạn hai thành viên trở lên,"Phòng 25. 02 Tòa T3, Masteri Thảo Điền, 159 Xa Lộ Hà Nội, Phường Thảo Điền, Quận 2, Thành phố Hồ Chí Minh, Việt Nam",Quận 2,"4322: Lắp đặt hệ thống cấp, thoát nước, hệ thống sưởi và điều hoà không khí-(trừ gia công cơ khí, tái chế phế thải, xi mạ điện tại trụ sở và trừ lắp đặt các thiết bị lạnh (thiết bị cấp đông, kho lạnh,",internet
316064271,CÔNG TY TNHH GLOBAL ACCESS VIETNAM,CÔNG TY TNHH GLOBAL ACCESS VIE,Công ty trách nhiệm hữu hạn một thành viên,"Số 58 Đường 34, Phường An Phú, Quận 2, Thành phố Hồ Chí Minh, Việt Nam",Quận 2,"4690: Bán buôn tổng hợp-(trừ bán buôn bình gas, súng, đạn loại dùng đi săn hoặc thể thao và tiền kim khí và thực hiện theo Quyết định 64/2009/QĐ-UBND ngày 31/7/2009 của Ủy ban nhân dân Thành phố Hồ Ch",internet
315567307,CÔNG TY TNHH KỸ THUẬT ĐIỆN LẠNH T&T,CÔNG TY TNHH KỸ THUẬT ĐIỆN LẠN,Công ty trách nhiệm hữu hạn một thành viên,"517/2 Nguyễn Duy Trinh, Khu phố 4, Phường Bình Trưng Đông, Quận 2, Thành phố Hồ Chí Minh, Việt Nam",Quận 2,"4659: Bán buôn máy móc, thiết bị và phụ tùng máy khác-Chi tiết: Bán buôn thiết bị điện-điện lạnh-điện máy. Bán buôn máy móc, thiết bị ngành may mặc-dệt; thiết bị ngành nước;4741: Bán lẻ máy vi tính, t",internet
315605802,CÔNG TY TNHH CARTERX VIỆT NAM,CÔNG TY TNHH CARTERX VIỆT NAM,Công ty trách nhiệm hữu hạn hai thành viên trở lên,"159 Xa lộ Hà Nội, Phường Thảo Điền, Quận 2, Thành phố Hồ Chí Minh, Việt Nam",Quận 2,"4791: Bán lẻ theo yêu cầu đặt hàng qua bưu điện hoặc internet-(Trừ bán lẻ bình gas, súng, đạn loại dùng đi săn hoặc thể thao, tiền kim khí và mua bán vàng miếng; và trừ bán lẻ thuốc trừ sâu và hóa chấ",internet
315694746,CÔNG TY CỔ PHẦN THIẾT BỊ CÔNG NGHIỆP PTP,CÔNG TY CỔ PHẦN THIẾT BỊ CÔNG ,Công ty cổ phần,"51/18 Lê Văn Miến, Phường Thảo Điền, Quận 2, Thành phố Hồ Chí Minh, Việt Nam",Quận 2,"8121: Vệ sinh chung nhà cửa-(trừ dịch vụ xông hơi khử trùng);8129: Vệ sinh công nghiệp và các công trình chuyên biệt-(trừ dịch vụ xông hơi, khử trùng);4659: Bán buôn máy móc, thiết bị và phụ tùng máy ",internet
315709840,CÔNG TY CỔ PHẦN CÀ PHÊ SỐ 1 VIỆT NAM,CÔNG TY CỔ PHẦN CÀ PHÊ SỐ 1 VI,Công ty cổ phần,"42 Đỗ Quang, Phường Thảo Điền, Quận 2, Thành phố Hồ Chí Minh, Việt Nam",Quận 2,"6619: Hoạt động hỗ trợ dịch vụ tài chính chưa được phân vào đâu-Chi tiết: Hoạt động tư vấn đầu tư (trừ tư vấn tài chính, kế toán, pháp luật).;4610: Đại lý, môi giới, đấu giá hàng hóa-Chi tiết: Đại lý,",internet
315776702,CÔNG TY TNHH KING WATER,CÔNG TY TNHH KING WATER,Công ty trách nhiệm hữu hạn hai thành viên trở lên,"Số 2 Đường số 15, Khu phố 1, Phường Bình Trưng Tây, Quận 2, Thành phố Hồ Chí Minh, Việt Nam",Quận 2,8299: Hoạt động dịch vụ hỗ trợ kinh doanh khác còn lại chưa được phân vào đâu-Chi tiết: Xuất nhập khẩu các mặt hàng công ty kinh doanh. Dịch vụ thương mại điện tử;4652: Bán buôn thiết bị và linh kiện ,internet
315829464,CÔNG TY TNHH MR CẦU,CÔNG TY TNHH MR CẦU,Công ty trách nhiệm hữu hạn hai thành viên trở lên,"Số 75B Bình Trưng, Phường Bình Trưng Đông, Quận 2, Thành phố Hồ Chí Minh, Việt Nam",Quận 2,"4651: Bán buôn máy vi tính, thiết bị ngoại vi và phần mềm-;4652: Bán buôn thiết bị và linh kiện điện tử, viễn thông-;4659: Bán buôn máy móc, thiết bị và phụ tùng máy khác-Chi tiết: Bán buôn máy móc, t",internet
315881312,CÔNG TY TNHH TM DV PHI HÙNG RIT,CÔNG TY TNHH TM DV PHI HÙNG RI,Công ty trách nhiệm hữu hạn một thành viên,"số 22 Đường 12, khu phố 1, Phường Bình Trưng Đông, Quận 2, Thành phố Hồ Chí Minh, Việt Nam",Quận 2,"7410: Hoạt động thiết kế chuyên dụng-;6201: Lập trình máy vi tính-;5820: Xuất bản phần mềm-Chi tiết: Sản xuất phần mềm.;6202: Tư vấn máy vi tính và quản trị hệ thống máy vi tính-;6311: Xử lý dữ liệu, ",internet
315903936,CÔNG TY TNHH THƯƠNG MẠI XUẤT NHẬP KHẨU NGHỆ THUẬT VIỆT,CÔNG TY TNHH THƯƠNG MẠI XUẤT N,Công ty trách nhiệm hữu hạn một thành viên,"21/28 Đường 42, Phường Bình Trưng Đông, Quận 2, Thành phố Hồ Chí Minh, Việt Nam",Quận 2,"5629: Dịch vụ ăn uống khác-(trừ kinh doanh quán bar, quán giải khát có khiêu vũ);5630: Dịch vụ phục vụ đồ uống-Chi tiết: Dịch vụ đồ uống (trừ kinh doanh quán bar, giải khát có khiêu vũ);7310: Quảng cá",internet
315917706,CÔNG TY CỔ PHẦN SẢN XUẤT VÀ XÂY DỰNG DUY LỢI,CÔNG TY CỔ PHẦN SẢN XUẤT VÀ XÂ,Công ty cổ phần,"109 Nguyễn Cơ Thạch, Phường An Lợi Đông, Quận 2, Thành phố Hồ Chí Minh, Việt Nam",Quận 2,"3100: Sản xuất giường, tủ, bàn, ghế-Chi tiết: Sản xuất, gia công, lắp đặt giường, tủ, bàn, ghế, võng, giá phơi, ghế xếp và các đồ dùng khác trong gia đình;4649: Bán buôn đồ dùng khác cho gia đình-Chi ",internet
315929236,CÔNG TY TNHH TƯ VẤN DOANH NGHIỆP TÍN VIỆT,CÔNG TY TNHH TƯ VẤN DOANH NGHI,Công ty trách nhiệm hữu hạn một thành viên,"169 Lương Định Của, KP3, Phường Bình An, Quận 2, Thành phố Hồ Chí Minh, Việt Nam",Quận 2,"6619: Hoạt động hỗ trợ dịch vụ tài chính chưa được phân vào đâu-Chi tiết: Hoạt động tư vấn đầu tư (trừ tư vấn tài chính, kế toán);7020: Hoạt động tư vấn quản lý-(trừ tư vấn tài chính ,kế toán);6820: T",internet
315931210,CÔNG TY TNHH VIỄN THÔNG GOTEL,CÔNG TY TNHH VIỄN THÔNG GOTEL,Công ty trách nhiệm hữu hạn một thành viên,"5 Đường 12, khu phố 1, Phường Bình Trưng Đông, Quận 2, Thành phố Hồ Chí Minh, Việt Nam",Quận 2,"4651: Bán buôn máy vi tính, thiết bị ngoại vi và phần mềm-;4652: Bán buôn thiết bị và linh kiện điện tử, viễn thông-;4659: Bán buôn máy móc, thiết bị và phụ tùng máy khác-Chi tiết: Bán buôn máy móc, t",internet
315934652,CÔNG TY TNHH VIỄN THÔNG BATTE,CÔNG TY TNHH VIỄN THÔNG BATTE,Công ty trách nhiệm hữu hạn một thành viên,"69/1 Đường số 18, Khu phố 2, Phường Thạnh Mỹ Lợi, Quận 2, Thành phố Hồ Chí Minh, Việt Nam",Quận 2,"8230: Tổ chức giới thiệu và xúc tiến thương mại-Chi tiết: Tổ chức sự kiện, xúc tiến thương mại (không thực hiện các hiệu ứng cháy, nổ; không sử dụng chất nổ, chất cháy, hóa chất làm đạo cụ, dụng cụ th",internet
316001930,CÔNG TY TNHH PHÁT TRIỂN BẤT ĐỘNG SẢN MASTERISE HOMES,CÔNG TY TNHH PHÁT TRIỂN BẤT ĐỘ,Công ty trách nhiệm hữu hạn một thành viên,"TMDV số 19, Tòa nhà Masteri An Phú, 179 đường Xa lộ Hà Nội, Phường Thảo Điền, Quận 2, Thành phố Hồ Chí Minh, Việt Nam",Quận 2,"6810: Kinh doanh bất động sản, quyền sử dụng đất thuộc chủ sở hữu, chủ sử dụng hoặc đi thuê-Kinh doanh bất động sản;6820: Tư vấn, môi giới, đấu giá bất động sản, đấu giá quyền sử dụng đất-Chi tiết: Qu",internet
316017401,CÔNG TY TNHH  TƯ VẤN DOANH NGHIỆP VÀ ĐẦU TƯ PREMIUM REAL,CÔNG TY TNHH  TƯ VẤN DOANH NGH,Công ty trách nhiệm hữu hạn một thành viên,"A-11-2, Tầng 11, Block A, Centana Thủ Thiêm, 36 Mai Chí Thọ, Phường An Phú, Quận 2, Thành phố Hồ Chí Minh, Việt Nam",Quận 2,"6820: Tư vấn, môi giới, đấu giá bất động sản, đấu giá quyền sử dụng đất-(trừ đấu giá tài sản) (trừ tư vấn mang tính pháp lý);7010: Hoạt động của trụ sở văn phòng-;7020: Hoạt động tư vấn quản lý-Chi ti",internet
316090708,CÔNG TY TNHH THƯƠNG MẠI CHỢ TRỜI,CÔNG TY TNHH THƯƠNG MẠI CHỢ TR,Công ty trách nhiệm hữu hạn hai thành viên trở lên,"Căn hộ A-14-11, Tầng 14, Block A, Chung Cư Centana Thủ Thiêm, số 36 Đường Mai Chí Thọ, Phường An Phú, Quận 2, Thành phố Hồ Chí Minh, Việt Nam",Quận 2,"4791: Bán lẻ theo yêu cầu đặt hàng qua bưu điện hoặc internet-(trừ bán lẻ khí dầu mỏ hóa lỏng LPG, bình gas, hóa chất, súng, đạn loại dùng đi săn hoặc thể thao và tiền kim khí và thực hiện theo Quyết ",internet
316089558,CÔNG TY TNHH LA Z HOME,CÔNG TY TNHH LA Z HOME,Công ty trách nhiệm hữu hạn hai thành viên trở lên,"Số nhà 140 Đường số 5 Khu Đô thị Lakeview City, Phường An Phú, Quận 2, Thành phố Hồ Chí Minh, Việt Nam",Quận 2,"3312: Sửa chữa máy móc, thiết bị-;3313: Sửa chữa thiết bị điện tử và quang học-;3314: Sửa chữa thiết bị điện-;3320: Lắp đặt máy móc và thiết bị công nghiệp-;4321: Lắp đặt hệ thống điện--(trừ gia công ",internet
316210412,CÔNG TY TNHH LSP TECHNOLOGY,CÔNG TY TNHH LSP TECHNOLOGY,Công ty trách nhiệm hữu hạn một thành viên,"Số 42, 44, 46, 48, đường B2, Phường An Lợi Đông, Quận 2, Thành phố Hồ Chí Minh, Việt Nam",Quận 2,"6201: Lập trình máy vi tính-;6202: Tư vấn máy vi tính và quản trị hệ thống máy vi tính-;6209: Hoạt động dịch vụ công nghệ thông tin và dịch vụ khác liên quan đến máy vi tính-;6311: Xử lý dữ liệu, cho ",technology
316094861,CÔNG TY CỔ PHẦN RICH CAPITAL,CÔNG TY CỔ PHẦN RICH CAPITAL,Công ty cổ phần,"Căn Hộ A-11-2, Tầng 11, Block A, Centana Thủ Thiêm - Số 36 Đường Mai Chí Thọ, Phường An Phú, Quận 2, Thành phố Hồ Chí Minh, Việt Nam",Quận 2,"8230: Tổ chức giới thiệu và xúc tiến thương mại-Chi tiết: Tổ chức sự kiện, hội chợ, triển lãm, hội nghị, hội thảo, lễ hội, hoạt náo viên, dẫn chương trình (không thực hiện các hiệu ứng cháy, nổ; không",internet
316110256,CÔNG TY TNHH FEIZUODAO,CÔNG TY TNHH FEIZUODAO,Công ty trách nhiệm hữu hạn một thành viên,"Phòng 456 Tầng 4, Tháp E, 67 Mai Chí Thọ, Phường An Phú, Quận 2, Thành phố Hồ Chí Minh, Việt Nam",Quận 2,"4799: Bán lẻ hình thức khác chưa được phân vào đâu-(trừ bán lẻ bình gas, súng, đạn loại dùng đi săn hoặc thể thao, tiền kim khí và mua bán vàng miếng; thực hiện theo Quyết định 64/2009/QĐ-UBND ngày 31",internet
316109067,CÔNG TY TNHH ĐÀO TẠO VÀ TƯ VẤN HSS VIỆT NAM,CÔNG TY TNHH ĐÀO TẠO VÀ TƯ VẤN,Công ty trách nhiệm hữu hạn hai thành viên trở lên,"28 Nguyễn Quý Đức, Phường An Phú, Quận 2, Thành phố Hồ Chí Minh, Việt Nam",Quận 2,"4791: Bán lẻ theo yêu cầu đặt hàng qua bưu điện hoặc internet-(trừ bán lẻ bình gas, khí dầu mỏ hóa lỏng LPG, dầu nhớt cặn, vàng miếng, súng, đạn loại dùng đi săn hoặc thể thao và tiền kim khí; Thực hi",internet
316083002,CÔNG TY TNHH THƯƠNG MẠI DỊCH VỤ VÀ KỸ THUẬT KHẢI MINH,CÔNG TY TNHH THƯƠNG MẠI DỊCH V,Công ty trách nhiệm hữu hạn một thành viên,"52/7 Đường số 2, Phường Bình Trưng Đông, Quận 2, Thành phố Hồ Chí Minh, Việt Nam",Quận 2,"4101: Xây dựng nhà để ở-;4299: Xây dựng công trình kỹ thuật dân dụng khác-;4322: Lắp đặt hệ thống cấp, thoát nước, hệ thống sưởi và điều hoà không khí--(trừ lắp đặt các thiết bị lạnh (thiết bị cấp đôn",internet
316114518,CÔNG TY TNHH GOLD LEAF MARKETING AND MANAGEMENT VIET NAM,CÔNG TY TNHH GOLD LEAF MARKETI,Công ty trách nhiệm hữu hạn một thành viên,"SAV.3-02.28, Tầng 02, Tháp 03, The Sun Avenue, số 28 đường Mai Chí Thọ, Phường An Phú, Quận 2, Thành phố Hồ Chí Minh, Việt Nam",Quận 2,"5820: Xuất bản phần mềm-Chi tiết: Sản xuất phần mềm;6110: Hoạt động viễn thông có dây-(trừ cung cấp dịch vụ truy cập, truy nhập internet tại trụ sở).; 6190: Hoạt động viễn thông khác-(trừ bán lại hạ t",internet
316118022,CÔNG TY TNHH JIGU PARTNERS,CÔNG TY TNHH JIGU PARTNERS,Công ty trách nhiệm hữu hạn một thành viên,"1B đường số 30, khu phố 2, Phường Bình An, Quận 2, Thành phố Hồ Chí Minh, Việt Nam",Quận 2,"6820: Tư vấn, môi giới, đấu giá bất động sản, đấu giá quyền sử dụng đất-Chi tiết: Hoạt động tư vấn, môi giới bất động sản (trừ đấu giá bất động sản, đấu giá quyền sử dụng đất);4610: Đại lý, môi giới, ",internet
316125372,CÔNG TY CỔ PHẦN ÁNH MINH GROUP VN,CÔNG TY CỔ PHẦN ÁNH MINH GROUP,Công ty cổ phần,"216A Lê Văn Thịnh (Nối dài), Phường Cát Lái, Quận 2, Thành phố Hồ Chí Minh, Việt Nam",Quận 2,"1399: Sản xuất các loại hàng dệt khác chưa được phân vào đâu-Chi tiết: Sản xuất, gia công các loại hàng dệt (trừ tẩy, nhuộm tại trụ sở);1410: May trang phục (trừ trang phục từ da lông thú)-Chi tiết: S",internet
316133278,CÔNG TY TNHH GIẢI PHÁP PHẦN MỀM GIA PHƯỚC,CÔNG TY TNHH GIẢI PHÁP PHẦN MỀ,Công ty trách nhiệm hữu hạn hai thành viên trở lên,"46/10 đường Thạnh Mỹ Lợi, Phường Thạnh Mỹ Lợi, Quận 2, Thành phố Hồ Chí Minh, Việt Nam",Quận 2,"6201: Lập trình máy vi tính-;6311: Xử lý dữ liệu, cho thuê và các hoạt động liên quan-;5820: Xuất bản phần mềm-Chi tiết: Sản xuất phần mềm;6202: Tư vấn máy vi tính và quản trị hệ thống máy vi tính-;62",internet
316123576,CÔNG TY CỔ PHẦN ECO FRIENDLY VIỆT NAM,CÔNG TY CỔ PHẦN ECO FRIENDLY V,Công ty cổ phần,"63/8 Đường số 7, Phường Thạnh Mỹ Lợi, Quận 2, Thành phố Hồ Chí Minh, Việt Nam",Quận 2,"1030: Chế biến và bảo quản rau quả-;0119: Trồng cây hàng năm khác-Chi tiết: Trồng cỏ bàng.;1629: Sản xuất sản phẩm khác từ gỗ; sản xuất sản phẩm từ tre, nứa, rơm, rạ và vật liệu tết bện-Chi tiết: Sản ",internet
316131626,CÔNG TY CỔ PHẦN ĐẦU TƯ THƯƠNG MẠI GIẢI TRÍ VIE VIỆT NAM,CÔNG TY CỔ PHẦN ĐẦU TƯ THƯƠNG ,Công ty cổ phần,"39 Đường số 19, Khu phố 2, Phường Bình An, Quận 2, Thành phố Hồ Chí Minh, Việt Nam",Quận 2,"4511: Bán buôn ô tô và xe có động cơ khác-;4512: Bán lẻ ô tô con (loại 9 chỗ ngồi trở xuống)-;4530: Bán phụ tùng và các bộ phận phụ trợ của ô tô và xe có động cơ khác-;4541: Bán mô tô, xe máy-;4543: B",internet
316137995,CÔNG TY CỔ PHẦN MANAS,CÔNG TY CỔ PHẦN MANAS,Công ty cổ phần,"Số 18-20 Đường số 5, Phường An Lợi Đông, Quận 2, Thành phố Hồ Chí Minh, Việt Nam",Quận 2,"5911: Hoạt động sản xuất phim điện ảnh, phim video và chương trình truyền hình-Chi tiết: Hoạt động sản xuất chương trình truyền hình (không sản xuất phim, phát sóng và không thực hiện các hiệu ứng chá",internet
316142265,CÔNG TY TNHH VƯƠNG ĐIỀN 68,CÔNG TY TNHH VƯƠNG ĐIỀN 68,Công ty trách nhiệm hữu hạn hai thành viên trở lên,"SAV.8-26.06 Tầng 26, Tháp 8 Khu phức hợp Thương Mại - Dịch vụ , Văn Phòng và Căn hộ The Sun Avenue, 28 Mai Chí Thọ, Phường An Phú, Quận 2, Thành phố Hồ Chí Minh, Việt Nam",Quận 2,"8230: Tổ chức giới thiệu và xúc tiến thương mại-Chi tiết: Tổ chức hội nghị, hội thảo (không thực hiện các hiệu ứng cháy, nổ, không sử dụng chất nổ, chất cháy, hóa chất làm đạo cụ, dụng cụ thực hiện cá",internet
316145354,CÔNG TY TNHH TOSS,CÔNG TY TNHH TOSS,Công ty trách nhiệm hữu hạn hai thành viên trở lên,"24 Đường 23, Phường Bình Trưng Đông, Quận 2, Thành phố Hồ Chí Minh, Việt Nam",Quận 2,"9000: Hoạt động sáng tác, nghệ thuật và giải trí-(trừ kinh doanh vũ trường, phòng trà ca nhạc và không thực hiện các hiệu ứng cháy, nổ, không sử dụng chất nổ, chất cháy, hóa chất làm đạo cụ, dụng cụ t",internet
316172661,CÔNG TY TNHH KIẾN TRÚC XÂY DỰNG AK DECOR,CÔNG TY TNHH KIẾN TRÚC XÂY DỰN,Công ty trách nhiệm hữu hạn một thành viên,"380A Lương Định Của, Phường An Phú, Quận 2, Thành phố Hồ Chí Minh, Việt Nam",Quận 2,7110: Hoạt động kiến trúc và tư vấn kỹ thuật có liên quan-;7310: Quảng cáo-;7320: Nghiên cứu thị trường và thăm dò dư luận-;7410: Hoạt động thiết kế chuyên dụng-;6619: Hoạt động hỗ trợ dịch vụ tài chí,internet
316175101,CÔNG TY TNHH J&D BARREL,CÔNG TY TNHH JD BARREL,Công ty trách nhiệm hữu hạn một thành viên,"Số 42A, đường 44, Phường Thảo Điền, Quận 2, Thành phố Hồ Chí Minh, Việt Nam",Quận 2,"4633: Bán buôn đồ uống-;4632: Bán buôn thực phẩm-(không hoạt động tại trụ sở).;4641: Bán buôn vải, hàng may mặc, giày dép-;4649: Bán buôn đồ dùng khác cho gia đình-;4659: Bán buôn máy móc, thiết bị và",internet
316176948,CÔNG TY TNHH Q&CO LIVING MALL,CÔNG TY TNHH QCO LIVING MALL,Công ty trách nhiệm hữu hạn hai thành viên trở lên,"54 Nguyễn Văn Kỉnh, Phường Thạnh Mỹ Lợi, Quận 2, Thành phố Hồ Chí Minh, Việt Nam",Quận 2,"4791: Bán lẻ theo yêu cầu đặt hàng qua bưu điện hoặc internet-(trừ bán buôn bình gas, khí dầu mỏ hóa lỏng LPG, dầu nhớt cặn, vàng miếng, súng, đạn loại dùng đi săn hoặc thể thao và tiền kim khí; trừ b",internet
316193245,CÔNG TY TNHH ĐẦU TƯ XÂY DỰNG MINH HƯNG GROUP,CÔNG TY TNHH ĐẦU TƯ XÂY DỰNG M,Công ty trách nhiệm hữu hạn một thành viên,"39 Đường 13, Phường Bình Trưng Tây, Quận 2, Thành phố Hồ Chí Minh, Việt Nam",Quận 2,"4773: Bán lẻ hàng hóa khác mới trong các cửa hàng chuyên doanh-Chi tiết: Bán lẻ thiết bị, dụng cụ thể dục, thể thao; Bán lẻ vật tư phụ phục cho ngành công nghiệp (trừ bán lẻ bình gas, hóa chất, súng, ",internet
316184307,CÔNG TY TNHH TƯ VẤN ĐẦU TƯ TINA ÁNH,CÔNG TY TNHH TƯ VẤN ĐẦU TƯ TIN,Công ty trách nhiệm hữu hạn một thành viên,"4A Đường số 5, Khu phố 4, Phường An Phú, Quận 2, Thành phố Hồ Chí Minh, Việt Nam",Quận 2,"4632: Bán buôn thực phẩm-Chi tiết: Bán buôn thực phẩm chức năng;4633: Bán buôn đồ uống-;4641: Bán buôn vải, hàng may mặc, giày dép-;4651: Bán buôn máy vi tính, thiết bị ngoại vi và phần mềm-;4652: Bán",internet
316182532,CÔNG TY TNHH CÔNG NGHỆ ROLINDEX,CÔNG TY TNHH CÔNG NGHỆ ROLINDE,Công ty trách nhiệm hữu hạn hai thành viên trở lên,"2/20 đường số 54, Phường Bình Trưng Đông, Quận 2, Thành phố Hồ Chí Minh, Việt Nam",Quận 2,6201: Lập trình máy vi tính-;6202: Tư vấn máy vi tính và quản trị hệ thống máy vi tính-;6209: Hoạt động dịch vụ công nghệ thông tin và dịch vụ khác liên quan đến máy vi tính-;4651: Bán buôn máy vi tín,internet
316191657,CÔNG TY TNHH ÁNH SAO LẠ,CÔNG TY TNHH ÁNH SAO LẠ,Công ty trách nhiệm hữu hạn hai thành viên trở lên,"205 Lương Định Của, Khu phố 3, Phường Bình An, Quận 2, Thành phố Hồ Chí Minh, Việt Nam",Quận 2,"7911: Đại lý du lịch-;7912: Điều hành tua du lịch-;5510: Dịch vụ lưu trú ngắn ngày-Chi tiết: Khách sạn, biệt thự du lịch, căn hộ du lịch, nhà nghỉ du lịch, nhà ở có phòng cho khách du ",internet
316218997,CÔNG TY CỔ PHẦN THƯƠNG MẠI - DỊCH VỤ XÂY DỰNG - ĐẦU TƯ THUẬN PHÁT,CÔNG TY CỔ PHẦN THƯƠNG MẠI  DỊ,Công ty cổ phần,"Số 41 Đường số 22, Phường Bình Trưng Tây, Quận 2, Thành phố Hồ Chí Minh, Việt Nam",Quận 2,"4933: Vận tải hàng hóa bằng đường bộ-(trừ hoá lỏng khí để vận chuyển);5022: Vận tải hàng hóa đường thuỷ nội địa-;4511: Bán buôn ô tô và xe có động cơ khác-Chi tiết: Bán buôn container, bán buôn ô tô v",internet
316223066,CÔNG TY TNHH ĐẦU TƯ PHÁT TRIỂN KHANG VŨ,CÔNG TY TNHH ĐẦU TƯ PHÁT TRIỂN,Công ty trách nhiệm hữu hạn một thành viên,"Số 50, Đường 19, Khu phố 2, Phường Thạnh Mỹ Lợi, Quận 2, Thành phố Hồ Chí Minh, Việt Nam",Quận 2,"4763: Bán lẻ thiết bị, dụng cụ thể dục, thể thao trong các cửa hàng chuyên doanh-;4764: Bán lẻ trò chơi, đồ chơi trong các cửa hàng chuyên doanh-(không kinh doanh đồ chơi có hại cho giáo dục nhân cách",internet
316251419,CÔNG TY CỔ PHẦN XÂY DỰNG HOÀN THIỆN MC DECOR,CÔNG TY CỔ PHẦN XÂY DỰNG HOÀN ,Công ty cổ phần,"25C Nguyễn Duy Hiệu, Phường Thảo Điền, Quận 2, Thành phố Hồ Chí Minh, Việt Nam",Quận 2,"6312: Cổng thông tin-Chi tiết: Thiết lập trang thông tin điện tử tổng hợp;7410: Hoạt động thiết kế chuyên dụng-;7110: Hoạt động kiến trúc và tư vấn kỹ thuật có liên quan-;9524: Sửa chữa giường, tủ, bà",internet
316237929,CÔNG TY TNHH THƯƠNG MẠI DỊCH VỤ XUẤT NHẬP KHẨU TRANG MINH,CÔNG TY TNHH THƯƠNG MẠI DỊCH V,Công ty trách nhiệm hữu hạn một thành viên,"35/5 Đường 19, Khu phố 2, Phường Bình An, Quận 2, Thành phố Hồ Chí Minh, Việt Nam",Quận 2,4933: Vận tải hàng hóa bằng đường bộ-(trừ hóa lỏng khí để vận chuyển);5022: Vận tải hàng hóa đường thuỷ nội địa-(trừ hóa lỏng khí để vận chuyển);5221: Hoạt động dịch vụ hỗ trợ trực tiếp cho vận tải đư,internet
316242206,CÔNG TY CỔ PHẦN TƯ VẤN THIẾT KẾ & XÂY DỰNG TÂM TRÍ NGUYÊN,CÔNG TY CỔ PHẦN TƯ VẤN THIẾT K,Công ty cổ phần,"32/11 Đường số 8, Khu phố 4, Phường Bình An, Quận 2, Thành phố Hồ Chí Minh, Việt Nam",Quận 2,"1621: Sản xuất gỗ dán, gỗ lạng, ván ép và ván mỏng khác-(không hoạt động tại trụ sở);1622: Sản xuất đồ gỗ xây dựng-(không hoạt động tại trụ sở);1629: Sản xuất sản phẩm khác từ gỗ; sản xuất sản phẩm từ",internet
316257509,CÔNG TY TNHH CÔNG NGHỆ PHẦN MỀM CPA,CÔNG TY TNHH CÔNG NGHỆ PHẦN MỀ,Công ty trách nhiệm hữu hạn một thành viên,"95/35D1 Lương Định Của, Khu Phố 3, Phường Bình An, Quận 2, Thành phố Hồ Chí Minh, Việt Nam",Quận 2,"3312: Sửa chữa máy móc, thiết bị-(trừ gia công cơ khí, tái chế phế thải, xi mạ điện tại trụ sở);3313: Sửa chữa thiết bị điện tử và quang học-(trừ gia công cơ khí, tái chế phế thải, xi mạ điện tại trụ ",internet
316263911,CÔNG TY CỔ PHẦN TƯ VẤN ĐẦU TƯ BAYSIDE VIỆT NAM,CÔNG TY CỔ PHẦN TƯ VẤN ĐẦU TƯ ,Công ty cổ phần,"Số 30, Đường 28, Khu Phố 5, Phường An Phú, Quận 2, Thành phố Hồ Chí Minh, Việt Nam",Quận 2,"4511: Bán buôn ô tô và xe có động cơ khác-;4512: Bán lẻ ô tô con (loại 9 chỗ ngồi trở xuống)-;4513: Đại lý ô tô và xe có động cơ khác-;4520: Bảo dưỡng, sửa chữa ô tô và xe có động cơ khác-(trừ gia côn",internet
316265820,CÔNG TY TNHH ĐẦU TƯ DỊCH VỤ XUẤT NHẬP KHẨU AVI,CÔNG TY TNHH ĐẦU TƯ DỊCH VỤ XU,Công ty trách nhiệm hữu hạn một thành viên,"35/5 Đường 19, Khu phố 2, Phường Bình An, Quận 2, Thành phố Hồ Chí Minh, Việt Nam",Quận 2,7911: Đại lý du lịch-;7912: Điều hành tua du lịch-;7990: Dịch vụ đặt chỗ và các dịch vụ hỗ trợ liên quan đến quảng bá và tổ chức tua du lịch-;7710: Cho thuê xe có động cơ-;4791: Bán lẻ theo yêu cầu đặ,internet
316268596,CÔNG TY TNHH MTV TRUYỀN THÔNG TÂM AN,CÔNG TY TNHH MTV TRUYỀN THÔNG ,Công ty trách nhiệm hữu hạn một thành viên,"Số 3 Xuân Thuỷ, Phường Thảo Điền, Quận 2, Thành phố Hồ Chí Minh, Việt Nam",Quận 2,"7310: Quảng cáo-;7320: Nghiên cứu thị trường và thăm dò dư luận-;4764: Bán lẻ trò chơi, đồ chơi trong các cửa hàng chuyên doanh-(trừ đồ chơi có hại cho giáo dục nhân cách, sức khỏe của trẻ em hoặc ảnh",internet
316266454,CÔNG TY TNHH ĐẦU TƯ XNK THIÊN ÂN,CÔNG TY TNHH ĐẦU TƯ XNK THIÊN ,Công ty trách nhiệm hữu hạn một thành viên,"Số 47 đường 66, Phường Thảo Điền, Quận 2, Thành phố Hồ Chí Minh, Việt Nam",Quận 2,"4791: Bán lẻ theo yêu cầu đặt hàng qua bưu điện hoặc internet-(trừ bán lẻ hóa chất, khí dầu mỏ hóa lỏng LPG, dầu nhớt cặn, vàng miếng, súng, đạn loại dùng đi săn hoặc thể thao và tiền kim khí; Thực hi",internet
316338123,CÔNG TY TNHH KHOA HỌC CÔNG NGHỆ HƯƠNG VIỆT,CÔNG TY TNHH KHOA HỌC CÔNG NGH,Công ty trách nhiệm hữu hạn một thành viên,"14 Trần Não, Khu Phố 2, Phường Bình An, Quận 2, Thành phố Hồ Chí Minh, Việt Nam",Quận 2,"4759: Bán lẻ đồ điện gia dụng, giường, tủ, bàn, ghế và đồ nội thất tương tự, đèn và bộ đèn điện, đồ dùng gia đình khác chưa được phân vào đâu  trong các cửa hàng chuyên doanh-Chi tiết: Bán lẻ đồ điện ",internet
316304621,CÔNG TY CỔ PHẦN GOLFBER,CÔNG TY CỔ PHẦN GOLFBER,Công ty cổ phần,"02 Đường 53A, Khu phố 1, Phường Thạnh Mỹ Lợi, Quận 2, Thành phố Hồ Chí Minh, Việt Nam",Quận 2,"8230: Tổ chức giới thiệu và xúc tiến thương mại-Chi tiết: Tổ chức sự kiện, tổ chức hội nghị, hội thảo, hội chợ triển lãm (không thực hiện các hiệu ứng cháy, nổ; không sử dụng chất nổ, chất cháy, hóa c",internet
316312069,CÔNG TY TNHH THƯƠNG MẠI & ĐẦU TƯ DOFA,CÔNG TY TNHH THƯƠNG MẠI  ĐẦU T,Công ty trách nhiệm hữu hạn một thành viên,"176 Đường 51, Phường An Phú, Quận 2, Thành phố Hồ Chí Minh, Việt Nam",Quận 2,"4799: Bán lẻ hình thức khác chưa được phân vào đâu-(trừ bán lẻ bình gas, khí dầu mỏ hóa lỏng LPG, dầu nhớt cặn, vàng miếng, súng, đạn loại dùng đi săn hoặc thể thao và tiền kim khí; trừ bán lẻ hóa chấ",internet
316334390,CÔNG TY TNHH THƯƠNG MẠI DỊCH VỤ BẤT ĐỘNG SẢN TOÀN GIA PHÁT,CÔNG TY TNHH THƯƠNG MẠI DỊCH V,Công ty trách nhiệm hữu hạn hai thành viên trở lên,"13C Đường số 12, Khu phố 4, Phường Bình An, Quận 2, Thành phố Hồ Chí Minh, Việt Nam",Quận 2,"6810: Kinh doanh bất động sản, quyền sử dụng đất thuộc chủ sở hữu, chủ sử dụng hoặc đi thuê-Chi tiết: Kinh doanh bất động sản;6820: Tư vấn, môi giới, đấu giá bất động sản, đấu giá quyền sử dụng đất-Ch",internet
316346798,CÔNG TY TNHH THƯƠNG MẠI VÀ ĐẦU TƯ PHÁT TRIỂN HOA SEN,CÔNG TY TNHH THƯƠNG MẠI VÀ ĐẦU,Công ty trách nhiệm hữu hạn một thành viên,"Số 8 Đường M, Khu Đô Thị Lake View City, Phường An Phú, Quận 2, Thành phố Hồ Chí Minh, Việt Nam",Quận 2,"4292: Xây dựng công trình khai khoáng-;4293: Xây dựng công trình chế biến, chế tạo-;4299: Xây dựng công trình kỹ thuật dân dụng khác-Chi tiết:  Xây dựng các công trình dân dụng và công nghiệp; Xây dựn",internet
316360619,CÔNG TY CỔ PHẦN FINA SMARTHOMES,CÔNG TY CỔ PHẦN FINA SMARTHOME,Công ty cổ phần,"88 Đường số 52, Phường An Phú, Quận 2, Thành phố Hồ Chí Minh, Việt Nam",Quận 2,"6209: Hoạt động dịch vụ công nghệ thông tin và dịch vụ khác liên quan đến máy vi tính-Chi tiết: - Thiết kế, lưu trữ, duy trì trang thông tin điện tử; - Tư vấn, phân tích, lập kế hoạch, phân loại, thiế",internet
316342271,CÔNG TY TNHH TRIPLETREE VIỆT NAM,CÔNG TY TNHH TRIPLETREE VIỆT N,Công ty trách nhiệm hữu hạn một thành viên,"37/1B Đường 12, Khu Phố 4, Phường Bình An, Quận 2, Thành phố Hồ Chí Minh, Việt Nam",Quận 2,"4632: Bán buôn thực phẩm-(không hoạt động tại trụ sở);4633: Bán buôn đồ uống-;4649: Bán buôn đồ dùng khác cho gia đình-Chi tiết: Bán buôn nước hoa,quần áo thời trang, hàng mỹ phẩm và chế phẩm vệ sinh;",internet
316366547,CÔNG TY TRÁCH NHIỆM HỮU HẠN KINH DOANH THƯƠNG MẠI AN PHƯỚC,CÔNG TY TRÁCH NHIỆM HỮU HẠN KI,Công ty trách nhiệm hữu hạn hai thành viên trở lên,"95/7A1 đường Thảo Điền, Phường Thảo Điền, Quận 2, Thành phố Hồ Chí Minh, Việt Nam",Quận 2,"6810: Kinh doanh bất động sản, quyền sử dụng đất thuộc chủ sở hữu, chủ sử dụng hoặc đi thuê-Chi tiêt: Kinh doanh bất động sản; Cho thuê, điều hành, quản lý nhà và đất ở.;7710: Cho thuê xe có động cơ-C",internet
316379017,CÔNG TY TNHH THIẾT KẾ KIẾN TRÚC XÂY DỰNG ĐẠI THÀNH,CÔNG TY TNHH THIẾT KẾ KIẾN TRÚ,Công ty trách nhiệm hữu hạn hai thành viên trở lên,"3 Trần Não, Khu phố 2, Phường Bình An, Quận 2, Thành phố Hồ Chí Minh, Việt Nam",Quận 2,"7320: Nghiên cứu thị trường và thăm dò dư luận-;6311: Xử lý dữ liệu, cho thuê và các hoạt động liên quan-;7490: Hoạt động chuyên môn, khoa học và công nghệ khác chưa được phân vào đâu-Chi tiết: Hoạt đ",internet
316364187,CÔNG TY CỔ PHẦN DATAVIEW,CÔNG TY CỔ PHẦN DATAVIEW,Công ty cổ phần,"343 Lương Định Của, Khu phố 3, Phường An Phú, Quận 2, Thành phố Hồ Chí Minh, Việt Nam",Quận 2,"4659: Bán buôn máy móc, thiết bị và phụ tùng máy khác-Chi tiết: Bán buôn máy móc, thiết bị và phụ tùng máy khai khoáng, xây dựng. Bán buôn máy móc, thiết bị điện, vật liệu điện (máy phát điện, động cơ",internet
316358095,CÔNG TY TNHH NĂNG LƯỢNG VŨ MINH,CÔNG TY TNHH NĂNG LƯỢNG VŨ MIN,Công ty trách nhiệm hữu hạn một thành viên,"Số 10, Đường 19, Phường An Phú, Quận 2, Thành phố Hồ Chí Minh, Việt Nam",Quận 2,"4321: Lắp đặt hệ thống điện-Chi tiết: Thi công, lắp đặt hệ thống điện, điện năng lượng mặt trời;4610: Đại lý, môi giới, đấu giá hàng hóa-(Trừ môi giới bất động sản, môi giới bảo hiểm. Trừ đấu giá tài ",internet
316369139,CÔNG TY TNHH PHẦN MỀM TINYPOS,CÔNG TY TNHH PHẦN MỀM TINYPOS,Công ty trách nhiệm hữu hạn một thành viên,"Số 110A Quốc Hương, Tổ 48, Khu phố 6, Phường Thảo Điền, Quận 2, Thành phố Hồ Chí Minh, Việt Nam",Quận 2,"6190: Hoạt động viễn thông khác-Chi tiết:
-Hoạt động của các điểm truy cập internet;
-Cung cấp dịch vụ nội dung thông tin trên mạng viễn thông di động 
-Cung cấp dịch vụ trò chơi điện tử trên mạng;620",internet
316365695,CÔNG TY TNHH IZZIE,CÔNG TY TNHH IZZIE,Công ty trách nhiệm hữu hạn một thành viên,"Số 8, Đường Số 5, Phường Cát Lái, Quận 2, Thành phố Hồ Chí Minh, Việt Nam",Quận 2,"4620: Bán buôn nông, lâm sản nguyên liệu (trừ gỗ, tre, nứa) và động vật sống-(không hoạt động tại trụ sở);1010: Chế biến, bảo quản thịt và các sản phẩm từ thịt-(không giết mổ gia súc, gia cầm tại trụ ",internet
316373801,CÔNG TY TNHH JIZOMART,CÔNG TY TNHH JIZOMART,Công ty trách nhiệm hữu hạn hai thành viên trở lên,"J11 Nguyễn Khoa Đăng, Phường Thạnh Mỹ Lợi, Quận 2, Thành phố Hồ Chí Minh, Việt Nam",Quận 2,5629: Dịch vụ ăn uống khác-;5630: Dịch vụ phục vụ đồ uống-(trừ hoạt động quán bar và quán giải khát có khiêu vũ).;6190: Hoạt động viễn thông khác-;6201: Lập trình máy vi tính-;6202: Tư vấn máy vi tính,internet
316384024,CÔNG TY TNHH DỊCH VỤ HÀNG HẢI VN,CÔNG TY TNHH DỊCH VỤ HÀNG HẢI ,Công ty trách nhiệm hữu hạn một thành viên,"Nhà số 31, Đường 11, Trần Não, Khu phố 4, Phường Bình An, Quận 2, Thành phố Hồ Chí Minh, Việt Nam",Quận 2,4722: Bán lẻ thực phẩm trong các cửa hàng chuyên doanh-(Thực hiện theo quyết định 64/2009/QĐ-UBND ngày 31/7/2009 và quyết định 79/2009/QĐ-UBND ngày 17/10/2009 của UBND TP. HCM về phê duyệt quy hoạch k,internet
316389791,CÔNG TY CỔ PHẦN ST FURNITURE CORPORATION,CÔNG TY CỔ PHẦN ST FURNITURE C,Công ty cổ phần,"SAV.8-21.04 The Sun Avenue 28 Đại lộ Mai Chí Thọ, Phường An Phú, Quận 2, Thành phố Hồ Chí Minh, Việt Nam",Quận 2,"4649: Bán buôn đồ dùng khác cho gia đình-Chi tiết: Bán buôn giường, tủ, bàn, ghế và đồ dùng nội thất tương tự, bán buôn hàng thủ công mỹ nghệ,bán buôn đồ chơi trẻ em (trừ các sản phẩm cấm) (không kinh",internet
316379666,CÔNG TY TNHH DU LỊCH DREAMLAND,CÔNG TY TNHH DU LỊCH DREAMLAND,Công ty trách nhiệm hữu hạn hai thành viên trở lên,"88 Lương Định Của, Khu phố 3, Phường Bình Khánh, Quận 2, Thành phố Hồ Chí Minh, Việt Nam",Quận 2,"7740: Cho thuê tài sản vô hình phi tài chính-;1010: Chế biến, bảo quản thịt và các sản phẩm từ thịt-(trừ Giết mổ gia súc, gia cầm);1020: Chế biến, bảo quản thuỷ sản và các sản phẩm từ thuỷ sản-;1030: ",internet
316403816,CÔNG TY CỔ PHẦN TRINITY BROTHERS,CÔNG TY CỔ PHẦN TRINITY BROTHE,Công ty cổ phần,"Số 18 - 20 Đường Số 5, Phường An Lợi Đông, Quận 2, Thành phố Hồ Chí Minh, Việt Nam",Quận 2,"5510: Dịch vụ lưu trú ngắn ngày-Chi tiết: Khách sạn, biệt thự du lịch, căn hộ du lịch, nhà nghỉ du lịch, nhà ở có phòng cho khách du lịch thuê (không hoạt động tại trụ sở).; 5590: Cơ sở lưu trú khác-;",internet
316397168,CÔNG TY TNHH TUNG TĂNG,CÔNG TY TNHH TUNG TĂNG,Công ty trách nhiệm hữu hạn hai thành viên trở lên,"Số 57, Đường Số 19, Khu Phố 2, Phường Bình An, Quận 2, Thành phố Hồ Chí Minh, Việt Nam",Quận 2,"6820: Tư vấn, môi giới, đấu giá bất động sản, đấu giá quyền sử dụng đất-(trừ đấu giá tài sản);7020: Hoạt động tư vấn quản lý-(trừ tư vấn tài chính, kế toán, pháp luật).;7310: Quảng cáo-;8230: Tổ chức ",internet
316399341,CÔNG TY TNHH TSF GLOBAL TRADING,CÔNG TY TNHH TSF GLOBAL TRADIN,Công ty trách nhiệm hữu hạn hai thành viên trở lên,"OF65, Tầng 2, TTTM Faifo Lane, 02 Phan Văn Đáng, Phường Thạnh Mỹ Lợi, Quận 2, Thành phố Hồ Chí Minh, Việt Nam",Quận 2,"4781: Bán lẻ lương thực, thực phẩm, đồ uống, thuốc lá, thuốc lào lưu động hoặc tại chợ-(thực hiện theo quyết định 64/2009/QĐ_UBND ngày 31/07/2009 và quyết định số 79/2009/QĐ-UBND ngày 17/10/2009 của ủ",internet
316446030,CÔNG TY TNHH THƯƠNG MẠI ĐIỆN TỬ GALLOPING,CÔNG TY TNHH THƯƠNG MẠI ĐIỆN T,Công ty trách nhiệm hữu hạn một thành viên,"95/35D1 Lương Định Của, Khu phố 3, Phường Bình An, Quận 2, Thành phố Hồ Chí Minh, Việt Nam",Quận 2,"6201: Lập trình máy vi tính-Chi tiết: sản xuất phần mềm;3312: Sửa chữa máy móc, thiết bị-(trừ gia công cơ khí, tái chế phế thải, xi mạ điện tại trụ sở);3313: Sửa chữa thiết bị điện tử và quang học-(tr",internet
316404376,CÔNG TY TNHH ALL THE FOOD VIETNAM,CÔNG TY TNHH ALL THE FOOD VIET,Công ty trách nhiệm hữu hạn một thành viên,"Khu thương mại dịch vụ ( khối đế - tháp 1 và 2)-Tầng 3, Tòa nhà The Vista, 628C Xa lộ Hà Nội, Phường An Phú, Quận 2, Thành phố Hồ Chí Minh, Việt Nam",Quận 2,"0161: Hoạt động dịch vụ trồng trọt-;0162: Hoạt động dịch vụ chăn nuôi-;1010: Chế biến, bảo quản thịt và các sản phẩm từ thịt-- (trừ kinh doanh giết mổ gia súc, gia cầm tại trụ sở);1020: Chế biến, bảo ",internet
316424397,CÔNG TY TNHH PHÁT TRIỂN CÔNG NGHỆ VIETPOWER,CÔNG TY TNHH PHÁT TRIỂN CÔNG N,Công ty trách nhiệm hữu hạn hai thành viên trở lên,"28 Nguyễn Quý Đức, Phường An Phú, Quận 2, Thành phố Hồ Chí Minh, Việt Nam",Quận 2,5229: Hoạt động dịch vụ hỗ trợ khác liên quan đến vận tải-(trừ hóa lỏng khí để vận chuyển và hoạt động liên quan đến vận tải hàng không);5610: Nhà hàng và các dịch vụ ăn uống phục vụ lưu động-;6209: H,internet
316424936,CÔNG TY TNHH  THƯƠNG MẠI DỊCH VỤ NÓN LÁ HOUSING,CÔNG TY TNHH  THƯƠNG MẠI DỊCH ,Công ty trách nhiệm hữu hạn hai thành viên trở lên,"429 Nguyễn Thị Định, Phường Cát Lái, Quận 2, Thành phố Hồ Chí Minh, Việt Nam",Quận 2,"6820: Tư vấn, môi giới, đấu giá bất động sản, đấu giá quyền sử dụng đất-Chi tiết: Môi giới bất động sản;7020: Hoạt động tư vấn quản lý-(trừ tư vấn tài chính, kế toán, pháp luật);7310: Quảng cáo-;7320:",internet
316424220,CÔNG TY TNHH KL AUTO PARTS,CÔNG TY TNHH KL AUTO PARTS,Công ty trách nhiệm hữu hạn một thành viên,"24 Đường 61, Phường Thảo Điền, Quận 2, Thành phố Hồ Chí Minh, Việt Nam",Quận 2,"4311: Phá dỡ-;4312: Chuẩn bị mặt bằng-;4321: Lắp đặt hệ thống điện-Chi tiết: Lắp đặt hệ thống điện dân dụng và công nghiệp (trừ gia công cơ khí, tái chế phế thải, xi mạ điện tại trụ sở).;4322: Lắp đặt",internet
316424051,CÔNG TY TNHH DECO VUA,CÔNG TY TNHH DECO VUA,Công ty trách nhiệm hữu hạn hai thành viên trở lên,"Số 23 Nguyễn Cơ Thạch, Phường An Lợi Đông, Quận 2, Thành phố Hồ Chí Minh, Việt Nam",Quận 2,4742: Bán lẻ thiết bị nghe nhìn trong các cửa hàng chuyên doanh-Chi tiết: Thực hiện quyền phân phối bán lẻ các hàng hóa không thuộc danh mục hàng hóa không được phân phối theo quy định của pháp luật V,internet
316432856,CÔNG TY TNHH FNB OWNER,CÔNG TY TNHH FNB OWNER,Công ty trách nhiệm hữu hạn hai thành viên trở lên,"41- 43 Xuân Thủy, Phường Thảo Điền, Quận 2, Thành phố Hồ Chí Minh, Việt Nam",Quận 2,"7020: Hoạt động tư vấn quản lý-(trừ tư vấn tài chính, kế toán, pháp luật);4791: Bán lẻ theo yêu cầu đặt hàng qua bưu điện hoặc internet-(trừ bán lẻ bình gas, khí dầu mỏ hóa lỏng LPG, dầu nhớt cặn, vàn",internet
316419527,CÔNG TY TNHH EASY BUSY BOARDS,CÔNG TY TNHH EASY BUSY BOARDS,Công ty trách nhiệm hữu hạn một thành viên,"94 Xuân Thủy, Phường Thảo Điền, Quận 2, Thành phố Hồ Chí Minh, Việt Nam",Quận 2,"4649: Bán buôn đồ dùng khác cho gia đình-Chi tiết: Bán buôn sản phẩm đồ chơi gỗ (trừ đồ chơi có hại cho giáo dục nhân cách, sức khỏe trẻ em và ảnh hưởng đến an ninh trật tự xã hội) (CPC 622); 4764: Bá",internet
316421621,CÔNG TY TNHH OBJOFF,CÔNG TY TNHH OBJOFF,Công ty trách nhiệm hữu hạn hai thành viên trở lên,"73 Đường số 4, Phường Thảo Điền, Quận 2, Thành phố Hồ Chí Minh, Việt Nam",Quận 2,"4649: Bán buôn đồ dùng khác cho gia đình-Chi tiết: Bán buôn giường, tủ, bàn ghế và đồ dùng nội thất tương tự;3100: Sản xuất giường, tủ, bàn, ghế-Chi tiết: Sản xuất giường, tủ, bàn, ghế bằng gỗ (không ",internet
316449680,CÔNG TY TNHH SCL VINA,CÔNG TY TNHH SCL VINA,Công ty trách nhiệm hữu hạn một thành viên,"94 Xuân Thủy, Phường Thảo Điền, Quận 2, Thành phố Hồ Chí Minh, Việt Nam",Quận 2,"4649: Bán buôn đồ dùng khác cho gia đình-Chi tiết: Thực hiện quyền xuất khẩu, quyền nhập khẩu, quyền phân phối bán buôn các hàng hóa không thuộc danh mục hàng hóa cấm xuất khẩu, cấm nhập khẩu hoặc dan",internet
316498374,CÔNG TY TNHH THƯƠNG MẠI DỊCH VỤ XÂY DỰNG VẬN TẢI TRẦN THỊ THUÝ,CÔNG TY TNHH THƯƠNG MẠI DỊCH V,Công ty trách nhiệm hữu hạn một thành viên,"08 Đường 40, Khu phố 5, Phường An Phú, Quận 2, Thành phố Hồ Chí Minh, Việt Nam",Quận 2,"2592: Gia công cơ khí; xử lý và tráng phủ kim loại-(không hoạt động tại trụ sở);3311: Sửa chữa các sản phẩm kim loại đúc sẵn-(không hoạt động tại trụ sở);3312: Sửa chữa máy móc, thiết bị-;3313: Sửa ch",internet
316463653,CÔNG TY CỔ PHẦN BOUTIQUE ART,CÔNG TY CỔ PHẦN BOUTIQUE ART,Công ty cổ phần,"97A Đường Thảo Điền, Khu Phố 2, Phường Thảo Điền, Quận 2, Thành phố Hồ Chí Minh, Việt Nam",Quận 2,"4663: Bán buôn vật liệu, thiết bị lắp đặt khác trong xây dựng-(không hoạt động tại trụ sở);4513: Đại lý ô tô và xe có động cơ khác-Chi tiết: Đại lý ô tô con;4610: Đại lý, môi giới, đấu giá hàng hóa-Ch",internet
316450358,CÔNG TY TNHH THƯƠNG MẠI ĐIỆN TỬ GELI,CÔNG TY TNHH THƯƠNG MẠI ĐIỆN T,Công ty trách nhiệm hữu hạn một thành viên,"95/35D1 Lương Định Của, Khu phố 3, Phường Bình An, Quận 2, Thành phố Hồ Chí Minh, Việt Nam",Quận 2,"6201: Lập trình máy vi tính-Chi tiết: sản xuất phần mềm;3312: Sửa chữa máy móc, thiết bị-(trừ gia công cơ khí, tái chế phế thải, xi mạ điện tại trụ sở);3313: Sửa chữa thiết bị điện tử và quang học-(tr",internet
316462307,CÔNG TY TRÁCH NHIỆM HỮU HẠN EDUCOMMERCE,CÔNG TY TRÁCH NHIỆM HỮU HẠN ED,Công ty trách nhiệm hữu hạn một thành viên,"18 Đồng Văn Cống, Phường Bình Trưng Tây, Quận 2, Thành phố Hồ Chí Minh, Việt Nam",Quận 2,"7310: Quảng cáo-;7320: Nghiên cứu thị trường và thăm dò dư luận-;7410: Hoạt động thiết kế chuyên dụng-;8230: Tổ chức giới thiệu và xúc tiến thương mại-(không thực hiện các hiệu ứng cháy, nổ; không sử ",internet
316474630,CÔNG TY TNHH FOLKS GROUP,CÔNG TY TNHH FOLKS GROUP,Công ty trách nhiệm hữu hạn một thành viên,"24 Nguyễn Ư Dĩ, Phường Thảo Điền, Quận 2, Thành phố Hồ Chí Minh, Việt Nam",Quận 2,"9000: Hoạt động sáng tác, nghệ thuật và giải trí-(Trừ phòng trà ca nhạc, vũ trường và không thực hiện các hiệu ứng cháy, nổ; không sử dụng chất nổ, chất cháy, hóa chất làm đạo cụ, dụng cụ thực hiện cá",internet
316486509,CÔNG TY TNHH THƯƠNG MẠI DỊCH VỤ XÂY DỰNG NGUYỄN ĐẮC BẢY,CÔNG TY TNHH THƯƠNG MẠI DỊCH V,Công ty trách nhiệm hữu hạn một thành viên,"126 Lê Văn Thịnh, Khu phố 6, Phường Bình Trưng Tây, Quận 2, Thành phố Hồ Chí Minh, Việt Nam",Quận 2,"4659: Bán buôn máy móc, thiết bị và phụ tùng máy khác-Chi tiết: Bán buôn máy móc, thiết bị và phụ tùng máy khai khoáng, xây dựng; Bán buôn máy móc, thiết bị điện, vật liệu điện (máy phát điện, động cơ",internet
316503560,CÔNG TY TNHH THƯƠNG MẠI DỊCH VỤ HUDSON'S,CÔNG TY TNHH THƯƠNG MẠI DỊCH V,Công ty trách nhiệm hữu hạn một thành viên,"54/8 Đường 11, Phường Bình Trưng Tây, Quận 2, Thành phố Hồ Chí Minh, Việt Nam",Quận 2,"4791: Bán lẻ theo yêu cầu đặt hàng qua bưu điện hoặc internet-(trừ bán lẻ bình gas, khí dầu mỏ hóa lỏng LPG, dầu nhớt cặn, vàng miếng, súng, đạn loại dùng đi săn hoặc thể thao và tiền kim khí và thực ",internet
316504109,CÔNG TY TNHH VILLA BELLA,CÔNG TY TNHH VILLA BELLA,Công ty trách nhiệm hữu hạn hai thành viên trở lên,"280A8 Lương Định Của, Phường An Phú, Quận 2, Thành phố Hồ Chí Minh, Việt Nam",Quận 2,4721: Bán lẻ lương thực trong các cửa hàng chuyên doanh-(thực hiện theo Quyết định 64/2009/QĐ-UBND ngày 31/07/2009 và Quyết định 79/2009/QĐ-UBND ngày 17/10/2009 của Ủy ban nhân dân Thành phố Hồ Chí Mi,internet
316504155,CÔNG TY CỔ PHẦN HƯƠNG NÔNG PHỤC,CÔNG TY CỔ PHẦN HƯƠNG NÔNG PHỤ,Công ty cổ phần,"Khu Nhà Phố CITIBELLA số 18/4 Đường 35, Phường Cát Lái, Quận 2, Thành phố Hồ Chí Minh, Việt Nam",Quận 2,1030: Chế biến và bảo quản rau quả-;1061: Xay xát và sản xuất bột thô-;1062: Sản xuất tinh bột và các sản phẩm từ tinh bột-;1079: Sản xuất thực phẩm khác chưa được phân vào đâu-;2023: Sản xuất mỹ phẩm,internet
316515125,CÔNG TY TNHH MTV HABIBÀ,CÔNG TY TNHH MTV HABIBÀ,Công ty trách nhiệm hữu hạn một thành viên,"Số 38 Đường 19B, Khu phố 2, Phường Bình An, Quận 2, Thành phố Hồ Chí Minh, Việt Nam",Quận 2,"4632: Bán buôn thực phẩm-(không hoạt động tại trụ sở);4633: Bán buôn đồ uống-;4690: Bán buôn tổng hợp-(trừ bán buôn hóa chất, khí dầu mỏ hóa lỏng LPG, dầu nhớt cặn, vàng miếng, súng, đạn loại dùng đi ",internet
316518084,CÔNG TY CỔ PHẦN PHÁT TRIỂN VÀ PHÂN PHỐI HHTL,CÔNG TY CỔ PHẦN PHÁT TRIỂN VÀ ,Công ty cổ phần,"Số 13, Đường số 97, khu phố 2, Phường Thạnh Mỹ Lợi, Quận 2, Thành phố Hồ Chí Minh, Việt Nam",Quận 2,"4610: Đại lý, môi giới, đấu giá hàng hóa-Chi tiết: Đại lý, môi giới hàng hóa;4620: Bán buôn nông, lâm sản nguyên liệu (trừ gỗ, tre, nứa) và động vật sống-(không hoạt động tại trụ sở);4631: Bán buôn g",internet
316507565,CÔNG TY TRÁCH NHIỆM HỮU HẠN THƯƠNG MẠI DỊCH VỤ GIAO ĐIỂM,CÔNG TY TRÁCH NHIỆM HỮU HẠN TH,Công ty trách nhiệm hữu hạn hai thành viên trở lên,"02 đường 09, KP4, Phường An Phú, Quận 2, Thành phố Hồ Chí Minh, Việt Nam",Quận 2,7310: Quảng cáo-;7320: Nghiên cứu thị trường và thăm dò dư luận-;8299: Hoạt động dịch vụ hỗ trợ kinh doanh khác còn lại chưa được phân vào đâu-Chi tiết: Dịch vụ tư vấn thương hiệu;5610: Nhà hàng và cá,internet
316539856,CÔNG TY CỔ PHẦN ĐẦU TƯ ĐỊA ỐC ĐẠI AN GROUP,CÔNG TY CỔ PHẦN ĐẦU TƯ ĐỊA ỐC ,Công ty cổ phần,"Số 145 Đường 5, Khu đô thị LakeView City, Phường An Phú, Quận 2, Thành phố Hồ Chí Minh, Việt Nam",Quận 2,"6820: Tư vấn, môi giới, đấu giá bất động sản, đấu giá quyền sử dụng đất-Chi tiết: Tư vấn bất động sản, môi giới bất động sản (trừ tư vấn tài chính, kế toán, pháp luật).;4711: Bán lẻ lương thực, thực p",internet
316541735,CÔNG TY TNHH ĐẦU TƯ VÀ THƯƠNG MẠI VINA HOUSE,CÔNG TY TNHH ĐẦU TƯ VÀ THƯƠNG ,Công ty trách nhiệm hữu hạn hai thành viên trở lên,"554 Nguyễn Thị Định, Phường Thạnh Mỹ Lợi, Quận 2, Thành phố Hồ Chí Minh, Việt Nam",Quận 2,"4329: Lắp đặt hệ thống xây dựng khác-(Trừ gia công cơ khí, tái chế phế thải và xi mạ điện tại trụ sở);4330: Hoàn thiện công trình xây dựng-;4520: Bảo dưỡng, sửa chữa ô tô và xe có động cơ khác-(Không ",internet
316592095,CÔNG TY CỔ PHẦN ĐẦU TƯ HẠ TẦNG KỸ THUẬT THỦ ĐỨC,CÔNG TY CỔ PHẦN ĐẦU TƯ HẠ TẦNG,Công ty cổ phần,"Số 29/16 Đường 23, Phường Bình Trưng Đông, Quận 2, Thành phố Hồ Chí Minh, Việt Nam",Quận 2,"5224: Bốc xếp hàng hóa-(trừ bốc xếp hàng hóa cảng hàng không);4221: Xây dựng công trình điện-(doanh nghiệp không cung cấp hàng hóa, dịch vụ thuộc độc quyền nhà nước trong hoạt động thương mại theo Ngh",internet
316568776,CÔNG TY TNHH MUSOGI,CÔNG TY TNHH MUSOGI,Công ty trách nhiệm hữu hạn một thành viên,"12/16A Đường 31, Phường Bình Trưng Đông, Quận 2, Thành phố Hồ Chí Minh, Việt Nam",Quận 2,"4632: Bán buôn thực phẩm-Chi tiết: Bán buôn các loại nấm ăn, nấm dược liệu, mật ong và các loại sâm (Không hoạt động tại trụ sở).;4641: Bán buôn vải, hàng may mặc, giày dép-Chi tiết: Bán buôn quần áo ",internet
316547825,CÔNG TY TNHH ĐẦU TƯ THƯƠNG MẠI DỊCH VỤ BẤT ĐỘNG SẢN HOÀNG VŨ,CÔNG TY TNHH ĐẦU TƯ THƯƠNG MẠI,Công ty trách nhiệm hữu hạn một thành viên,"27 Đường Đồng Văn Cống, Phường Thạnh Mỹ Lợi, Quận 2, Thành phố Hồ Chí Minh, Việt Nam",Quận 2,"4329: Lắp đặt hệ thống xây dựng khác-Chi tiết: Thi công và lắp đặt hệ thống pin năng lượng mặt trời, máy phát điện năng lượng mặt trời, máy biến thế năng lượng mặt trời, thiết bị điện năng lượng mặt t",internet
316560833,CÔNG TY TNHH ĐẦU TƯ THƯƠNG MẠI DỊCH VỤ TÂM PHÁT,CÔNG TY TNHH ĐẦU TƯ THƯƠNG MẠI,Công ty trách nhiệm hữu hạn một thành viên,"Số 26 Đường 33, Phường An Phú, Quận 2, Thành phố Hồ Chí Minh, Việt Nam",Quận 2,4722: Bán lẻ thực phẩm trong các cửa hàng chuyên doanh-(thực hiện theo quyết định 64/2009/QĐ-UBND ngày 31/07/2009 và quyết định số 79/2009/QDD-UBND ngày 17/10/2009 của Ủy ban nhân dân TP. Hồ Chí Minh ,internet
316565694,CÔNG TY TNHH TM DV XD HUN VINA,CÔNG TY TNHH TM DV XD HUN VINA,Công ty trách nhiệm hữu hạn một thành viên,"201 Đường Số 5, Khu Dân Cư Lake View, Phường An Phú, Quận 2, Thành phố Hồ Chí Minh, Việt Nam",Quận 2,"4329: Lắp đặt hệ thống xây dựng khác-Chi tiết: Lắp đặt thiết bị nâng hạ (trừ gia công cơ khí, tái chế phế thải, xi mạ điện tại trụ sở).;4322: Lắp đặt hệ thống cấp, thoát nước, hệ thống sưởi và điều ho",internet
316582805,CÔNG TY TNHH QCER VIỆT NAM,CÔNG TY TNHH QCER VIỆT NAM,Công ty trách nhiệm hữu hạn một thành viên,"234/6 Lê Văn Thịnh, Khu phố 1, Phường Cát Lái, Quận 2, Thành phố Hồ Chí Minh, Việt Nam",Quận 2,"1030: Chế biến và bảo quản rau quả-;1020: Chế biến, bảo quản thuỷ sản và các sản phẩm từ thuỷ sản-;4663: Bán buôn vật liệu, thiết bị lắp đặt khác trong xây dựng-Chi tiết: Bán buôn giấy dán tường ",internet
316586045,CÔNG TY CỔ PHẦN TẬP ĐOÀN TÀI CHÍNH HCI HOLDING,CÔNG TY CỔ PHẦN TẬP ĐOÀN TÀI C,Công ty cổ phần,"110 Trương Văn Bang, Phường Thạnh Mỹ Lợi, Quận 2, Thành phố Hồ Chí Minh, Việt Nam",Quận 2,"8230: Tổ chức giới thiệu và xúc tiến thương mại-(không thực hiện các hiệu ứng cháy, nổ; không sử dụng chất nổ, chất cháy, hóa chất làm đạo cụ, dụng cụ thực hiện các chương trình văn nghệ, sự kiện, phi",internet
316597569,CÔNG TY TNHH THƯƠNG MẠI XUẤT NHẬP KHẨU AGADA,CÔNG TY TNHH THƯƠNG MẠI XUẤT N,Công ty trách nhiệm hữu hạn hai thành viên trở lên,"Số 1B đường 30, khu phố 2, Phường Bình An, Quận 2, Thành phố Hồ Chí Minh, Việt Nam",Quận 2,"8299: Hoạt động dịch vụ hỗ trợ kinh doanh khác còn lại chưa được phân vào đâu-Chi tiết: -Xuất khẩu, nhập khẩu các mặt hàng công ty kinh doanh (Không bao gồm hoạt động đấu giá);4610: Đại lý, môi giới, ",internet
316618603,CÔNG TY CỔ PHẦN ĐẦU TƯ TECHGEL,CÔNG TY CỔ PHẦN ĐẦU TƯ TECHGEL,Công ty cổ phần,"Tầng 1 Số 12 đường Quốc Hương, Phường Thảo Điền, Quận 2, Thành phố Hồ Chí Minh, Việt Nam",Quận 2,"3511: Sản xuất điện-Chi tiết: Sản xuất điện mặt trời, Thủy điện, Điện gió (trừ truyền tải, điều độ hệ thống điện quốc gia và quản lý lưới điện phân phối, thủy điện đa mục tiêu, điện hạt nhân);4659: Bá",internet
316597103,CÔNG TY TNHH FROM EAST TO WEST,CÔNG TY TNHH FROM EAST TO WEST,Công ty trách nhiệm hữu hạn hai thành viên trở lên,"19 Đường 46, Phường Thảo Điền, Quận 2, Thành phố Hồ Chí Minh, Việt Nam",Quận 2,6190: Hoạt động viễn thông khác-Chi tiết: Dịch vụ cung cấp thông tin lên mạng internet (không hoạt động dịch vụ truy cập internet tại trụ sở);6201: Lập trình máy vi tính-;6202: Tư vấn máy vi tính và q,internet
316591359,CÔNG TY TNHH SELLMY,CÔNG TY TNHH SELLMY,Công ty trách nhiệm hữu hạn một thành viên,"Số 1B, Đường số 30, Khu phố 2, Phường Bình An, Quận 2, Thành phố Hồ Chí Minh, Việt Nam",Quận 2,"6201: Lập trình máy vi tính-;6202: Tư vấn máy vi tính và quản trị hệ thống máy vi tính-;4791: Bán lẻ theo yêu cầu đặt hàng qua bưu điện hoặc internet-(trừ bán lẻ bình gas, khí dầu mỏ hóa lỏng LPG, dầu",internet
316595579,CÔNG TY TNHH SẢN XUẤT THIẾT BỊ Y TẾ VIỆT TIẾN,CÔNG TY TNHH SẢN XUẤT THIẾT BỊ,Công ty trách nhiệm hữu hạn hai thành viên trở lên,"45 Đường Số 2, Khu Phố 4, Phường An Phú, Quận 2, Thành phố Hồ Chí Minh, Việt Nam",Quận 2,"5629: Dịch vụ ăn uống khác-;4632: Bán buôn thực phẩm-Chi tiết: Bán buôn thực phẩm chức năng, thực phẩm bổ sung; 
Bán buôn thực phẩm (không hoạt động tại trụ sở);4649: Bán buôn đồ dùng khác cho gia đìn",internet
316608958,CÔNG TY TNHH ĐẦU TƯ TÀI CHÍNH VÀ CÔNG NGHỆ DELLA,CÔNG TY TNHH ĐẦU TƯ TÀI CHÍNH ,Công ty trách nhiệm hữu hạn hai thành viên trở lên,"189C2 Nguyễn Văn Hưởng, Phường Thảo Điền, Quận 2, Thành phố Hồ Chí Minh, Việt Nam",Quận 2,"7710: Cho thuê xe có động cơ-;7730: Cho thuê máy móc, thiết bị và đồ dùng hữu hình khác không kèm người điều khiển-;8230: Tổ chức giới thiệu và xúc tiến thương mại-(không thực hiện các hiệu ứng cháy,n",internet
316615176,CÔNG TY CỔ PHẦN FUNDOO VIỆT NAM,CÔNG TY CỔ PHẦN FUNDOO VIỆT NA,Công ty cổ phần,"121 Dương Văn An, Phường An Phú, Quận 2, Thành phố Hồ Chí Minh, Việt Nam",Quận 2,"4649: Bán buôn đồ dùng khác cho gia đình-;4651: Bán buôn máy vi tính, thiết bị ngoại vi và phần mềm-;4659: Bán buôn máy móc, thiết bị và phụ tùng máy khác-;4741: Bán lẻ máy vi tính, thiết bị ngoại vi,",internet
316618931,CÔNG TY TNHH INHAW,CÔNG TY TNHH INHAW,Công ty trách nhiệm hữu hạn một thành viên,"Tầng 4, 204C Nguyễn Văn Hưởng, Phường Thảo Điền, Quận 2, Thành phố Hồ Chí Minh, Việt Nam",Quận 2,"7020: Hoạt động tư vấn quản lý-Chi tiết: Dịch vụ tư vấn quản lý (Nhà đầu tư không được cung cấp dịch vụ trọng tài hòa giải đối với tranh chấp thương mại giữa các thương nhân, dịch vụ pháp lý, dịch vụ ",internet
316651079,CÔNG TY TNHH AGV,CÔNG TY TNHH AGV,Công ty trách nhiệm hữu hạn một thành viên,"771/25 Đường Số 5, Phường An Phú, Quận 2, Thành phố Hồ Chí Minh, Việt Nam",Quận 2,"4632: Bán buôn thực phẩm-Chi tiết:
-	Bán buôn và xuất nhập khẩu thuỷ hải sản.
-	Bán buôn thực phẩm khác.
(không hoạt động tại trụ sở);4722: Bán lẻ thực phẩm trong các cửa hàng chuyên doanh-Chi tiết: 
",internet
316616243,CÔNG TY TNHH B.O 19,CÔNG TY TNHH BO 19,Công ty trách nhiệm hữu hạn một thành viên,"211 Trần Não, Khu phố 2, Phường Bình An, Quận 2, Thành phố Hồ Chí Minh, Việt Nam",Quận 2,"1811: In ấn-;2816: Sản xuất các thiết bị nâng, hạ và bốc xếp-;4101: Xây dựng nhà để ở-;4102: Xây dựng nhà không để ở-;4211: Xây dựng công trình đường sắt-;4212: Xây dựng công trình đường bộ-;4311: Phá",internet
316643945,CÔNG TY TNHH ỨNG DỤNG & CÔNG NGHỆ NHA KHOA VIỆT NAM,CÔNG TY TNHH ỨNG DỤNG  CÔNG NG,Công ty trách nhiệm hữu hạn một thành viên,"91-93 Đường số 5, Khu phố 5, Phường An Phú, Quận 2, Thành phố Hồ Chí Minh, Việt Nam",Quận 2,"2023: Sản xuất mỹ phẩm, xà phòng, chất tẩy rửa, làm bóng và chế phẩm vệ sinh-(không hoạt động tại trụ sở);3250: Sản xuất thiết bị, dụng cụ y tế, nha khoa, chỉnh hình và phục hồi chức năng-(không hoạt ",internet
316645607,CÔNG TY TNHH ĐĂNG,CÔNG TY TNHH ĐĂNG,Công ty trách nhiệm hữu hạn một thành viên,"Số nhà 51, đường 34A, Phường An Phú, Quận 2, Thành phố Hồ Chí Minh, Việt Nam",Quận 2,"1820: Sao chép bản ghi các loại-;3240: Sản xuất đồ chơi, trò chơi-(không sản xuất đồ chơi có hại cho giáo dục nhân cách, sức khoẻ của trẻ em hoặc ảnh hưởng đến an ninh trật tự, an toàn xã hội);4610: Đ",internet
316639794,CÔNG TY TNHH VSMARTLOCK VIỆT NAM,CÔNG TY TNHH VSMARTLOCK VIỆT N,Công ty trách nhiệm hữu hạn một thành viên,"16 Đường 7C1, KP 5, Phường An Phú, Quận 2, Thành phố Hồ Chí Minh, Việt Nam",Quận 2,"3312: Sửa chữa máy móc, thiết bị-Chi tiết: Sửa chữa máy móc, thiết bị công nghiệp; máy móc, thiết bị văn phòng, máy in, phòng cháy chữa cháy, báo cháy, báo động, chống trộm, camera quan sát
(trừ gia c",internet
316088970,CÔNG TY TNHH DỊCH VỤ TRUYỀN THÔNG LIAM,CÔNG TY TNHH DỊCH VỤ TRUYỀN TH,Công ty trách nhiệm hữu hạn một thành viên,"27 Đường 19, Khu phố 2 , Phường Thạnh Mỹ Lợi, Quận 2, Thành phố Hồ Chí Minh, Việt Nam",Quận 2,"7410: Hoạt động thiết kế chuyên dụng-Chi tiết: Thiết kế trang website, Thiết kế đồ họa (trừ thiết kế công trình xây dựng).;6311: Xử lý dữ liệu, cho thuê và các hoạt động liên quan-;6312: Cổng thông ti",internet
316149609,CÔNG TY CỔ PHẦN ROGO SOLUTIONS,CÔNG TY CỔ PHẦN ROGO SOLUTIONS,Công ty cổ phần,"88 Đường Số 52, Phường An Phú, Quận 2, Thành phố Hồ Chí Minh, Việt Nam",Quận 2,6201: Lập trình máy vi tính-;6202: Tư vấn máy vi tính và quản trị hệ thống máy vi tính-;6209: Hoạt động dịch vụ công nghệ thông tin và dịch vụ khác liên quan đến máy vi tính-;8299: Hoạt động dịch vụ h,internet
316239595,CÔNG TY TNHH THƯƠNG MẠI ĐẦU TƯ XUẤT NHẬP KHẨU KHANG PHÚC,CÔNG TY TNHH THƯƠNG MẠI ĐẦU TƯ,Công ty trách nhiệm hữu hạn một thành viên,"24A Đường số 13, Phường Bình Trưng Tây, Quận 2, Thành phố Hồ Chí Minh, Việt Nam",Quận 2,"4511: Bán buôn ô tô và xe có động cơ khác-Chi tiết: Ô tô chở khách loại trên 12 chỗ ngồi; Ô tô vận tải, kể cả loại chuyên dụng như xe bồn, xe đông lạnh, rơ-moóc và bán rơ-moóc; Ô tô chuyên dụng; Xe vậ",internet
316230440,CÔNG TY TNHH DILI GROUP,CÔNG TY TNHH DILI GROUP,Công ty trách nhiệm hữu hạn một thành viên,"Nhà số 8, Đường 7A, Khu đô thị Lakeview City, Phường An Phú, Quận 2, Thành phố Hồ Chí Minh, Việt Nam",Quận 2,"1079: Sản xuất thực phẩm khác chưa được phân vào đâu-Chi tiết: Rang và lọc cà phê; Sản xuất các sản phẩm cà phê như: cà phê hoà tan, cà phê lọc, chiết xuất cà phê và cà phê cô đặc; sản xuất thực phẩm ",internet
316252370,CÔNG TY TNHH SẢN XUẤT THƯƠNG MẠI DỊCH VỤ SƠN CHÂU,CÔNG TY TNHH SẢN XUẤT THƯƠNG M,Công ty trách nhiệm hữu hạn một thành viên,"123 Đường Số 6, Phường Bình Trưng Tây, Quận 2, Thành phố Hồ Chí Minh, Việt Nam",Quận 2,"4101: Xây dựng nhà để ở-;4102: Xây dựng nhà không để ở-;4221: Xây dựng công trình điện-(Doanh nghiệp không cung cấp hàng hóa, dịch vụ thuộc độc quyền Nhà nước, không hoạt động thương mại theo NĐ 94/20",internet
316259217,CÔNG TY TNHH XUẤT NHẬP KHẨU THƯƠNG MẠI DỊCH VỤ QTT,CÔNG TY TNHH XUẤT NHẬP KHẨU TH,Công ty trách nhiệm hữu hạn một thành viên,"40 Thạnh Mỹ Lợi, Phường Thạnh Mỹ Lợi, Quận 2, Thành phố Hồ Chí Minh, Việt Nam",Quận 2,"4649: Bán buôn đồ dùng khác cho gia đình-Chi tiết: Bán buôn nước hoa, hàng mỹ phẩm và chế phẩm vệ sinh;4659: Bán buôn máy móc, thiết bị và phụ tùng máy khác-Chi tiết: Bán buôn máy móc, thiết bị y tế;4",internet
316293384,CÔNG TY TNHH THƯƠNG MẠI DỊCH VỤ XUẤT NHẬP KHẨU THE FRIDAYS,CÔNG TY TNHH THƯƠNG MẠI DỊCH V,Công ty trách nhiệm hữu hạn hai thành viên trở lên,"13/18 Đường số 2, Phường Thạnh Mỹ Lợi, Quận 2, Thành phố Hồ Chí Minh, Việt Nam",Quận 2,"4652: Bán buôn thiết bị và linh kiện điện tử, viễn thông-;4653: Bán buôn máy móc, thiết bị và phụ tùng máy nông nghiệp-;4659: Bán buôn máy móc, thiết bị và phụ tùng máy khác-;4722: Bán lẻ thực phẩm tr",internet
316406278,CÔNG TY TNHH THỜI TRANG CHITO,CÔNG TY TNHH THỜI TRANG CHITO,Công ty trách nhiệm hữu hạn hai thành viên trở lên,"Số 4A Đường số 10, Khu phố 1, Phường Cát Lái, Quận 2, Thành phố Hồ Chí Minh, Việt Nam",Quận 2,"1410: May trang phục (trừ trang phục từ da lông thú)-;1430: Sản xuất trang phục dệt kim, đan móc-;4641: Bán buôn vải, hàng may mặc, giày dép-;4649: Bán buôn đồ dùng khác cho gia đình-(trừ dược phẩm, s",internet
316437808,CÔNG TY TNHH XX THẾ KỶ,CÔNG TY TNHH XX THẾ KỶ,Công ty trách nhiệm hữu hạn hai thành viên trở lên,"47 Đường Số 7, Phường Thạnh Mỹ Lợi, Quận 2, Thành phố Hồ Chí Minh, Việt Nam",Quận 2,"4690: Bán buôn tổng hợp-Chi tiết: Bán buôn tổng hợp(trừ bán buôn bình gas, hóa chất, súng, đạn loại dùng đi săn hoặc thể thao và tiền kim khí và thực hiện theo Quyết định 64/2009/QĐ-UBND ngày 31/7/200",internet
316506441,CÔNG TY TNHH DỊCH VỤ XÚC TIẾN THƯƠNG MẠI BUSINESS CONNECTION ORGANIZATION VIỆT NAM,CÔNG TY TNHH DỊCH VỤ XÚC TIẾN ,Công ty trách nhiệm hữu hạn một thành viên,"644 Nguyễn Thị Định, Khu phố 2, Phường Thạnh Mỹ Lợi, Quận 2, Thành phố Hồ Chí Minh, Việt Nam",Quận 2,4101: Xây dựng nhà để ở-;4933: Vận tải hàng hóa bằng đường bộ-Chi tiết: Vận tải hàng hóa bằng ô tô.;7410: Hoạt động thiết kế chuyên dụng-Chi tiết: trang trí nội thất. ngoại thất;3320: Lắp đặt máy móc ,internet
316508738,CÔNG TY TNHH DỊCH VỤ ĐẦU TƯ TỔNG HỢP ĐỖ GIA,CÔNG TY TNHH DỊCH VỤ ĐẦU TƯ TỔ,Công ty trách nhiệm hữu hạn một thành viên,"Số 6 , đường số 25, Khu phố 2, Phường Bình An, Quận 2, Thành phố Hồ Chí Minh, Việt Nam",Quận 2,"4659: Bán buôn máy móc, thiết bị và phụ tùng máy khác-Chi tiết :Bán buôn máy móc dùng trong công nghiệp; Bán buôn  thiết bị điện, vật liệu điện , đèn led  và đèn trang trí đèn năng lượng mặt trời; Bán",internet
316514467,CÔNG TY CỔ PHẦN ĐẦU TƯ THƯƠNG MẠI SAKE,CÔNG TY CỔ PHẦN ĐẦU TƯ THƯƠNG ,Công ty cổ phần,"Số 09 Đường 60, Khu Dân Cư Văn Minh, Phường An Phú, Quận 2, Thành phố Hồ Chí Minh, Việt Nam",Quận 2,"4669: Bán buôn chuyên doanh khác chưa được phân vào đâu-(trừ bán buôn bình gas, khí dầu mỏ hóa lỏng LPG, dầu nhớt cặn, vàng miếng, súng, đạn loại dùng đi săn hoặc thể thao và tiền kim khí; trừ bán buô",internet
316593356,CÔNG TY TRÁCH NHIỆM HỮU HẠN LION GLOBAL VIỆT NAM,CÔNG TY TRÁCH NHIỆM HỮU HẠN LI,Công ty trách nhiệm hữu hạn một thành viên,"47 Đường số 10, Phường An Lợi Đông, Quận 2, Thành phố Hồ Chí Minh, Việt Nam",Quận 2,"7310: Quảng cáo-;8230: Tổ chức giới thiệu và xúc tiến thương mại-(không thực hiện các hiệu ứng cháy, nổ; không sử dụng chất nổ, chất cháy, hóa chất làm đạo cụ, dụng cụ thực hiện ",internet
316624773,CÔNG TY CỔ PHẦN NANO PHAM AVENGERS,CÔNG TY CỔ PHẦN NANO PHAM AVEN,Công ty cổ phần,"97 Đường số 7, Phường An Phú, Quận 2, Thành phố Hồ Chí Minh, Việt Nam",Quận 2,"4659: Bán buôn máy móc, thiết bị và phụ tùng máy khác-;4661: Bán buôn nhiên liệu rắn, lỏng, khí và các sản phẩm liên quan-(trừ kinh doanh khí dầu mỏ hóa lỏng LPG và dầu nhớt cặn); 4752: Bán lẻ đồ ngũ ",internet
316640937,CÔNG TY CỔ PHẦN ĐẦU TƯ VÀ PHÁT TRIỂN TẬP ĐOÀN HƯNG THỊNH,CÔNG TY CỔ PHẦN ĐẦU TƯ VÀ PHÁT,Công ty cổ phần,"Số 70 Nguyễn Quý Đức, Phường An Phú, Quận 2, Thành phố Hồ Chí Minh, Việt Nam",Quận 2,"4652: Bán buôn thiết bị và linh kiện điện tử, viễn thông-;4659: Bán buôn máy móc, thiết bị và phụ tùng máy khác-;4661: Bán buôn nhiên liệu rắn, lỏng, khí và các sản phẩm liên quan-Chi tiết: Bán buôn t",internet
316658395,CÔNG TY TNHH PHAN GIA LEGEND,CÔNG TY TNHH PHAN GIA LEGEND,Công ty trách nhiệm hữu hạn một thành viên,"Căn hộ số SAV.8-07.02, Tòa nhà The Sun Avenue, số 28 đường Mai Chí Thọ, Phường An Phú, Quận 2, Thành phố Hồ Chí Minh, Việt Nam",Quận 2,"1392: Sản xuất hàng dệt sẵn (trừ trang phục)-(trừ tẩy nhuộm, hồ, in trên các sản phẩm vải, sợi, dệt, may, thêu, đan tại trụ sở);7410: Hoạt động thiết kế chuyên dụng-Chi tiết: Thiết kế thời trang;8559:",internet
316649062,CÔNG TY TNHH STUDENTS FIRST,CÔNG TY TNHH STUDENTS FIRST,Công ty trách nhiệm hữu hạn một thành viên,"95/6/47 đường D4, Khu phố 3, Phường Bình An, Quận 2, Thành phố Hồ Chí Minh, Việt Nam",Quận 2,"4799: Bán lẻ hình thức khác chưa được phân vào đâu-(Trừ bán lẻ hóa chất, khí dầu mỏ hóa lỏng LPG, dầu nhớt cặn, vàng miếng, súng, đạn loại dùng đi săn hoặc thể thao và tiền kim khí; Thực hiện theo quy",internet
