tax_code,name,name_slug,company_type,address,district,industry_raw,keyword
313597313,CÔNG TY TNHH NGUYÊN PHÚC VINA,CÔNG TY TNHH NGUYÊN PHÚC VINA,Công ty trách nhiệm hữu hạn một thành viên,"Số 09 Phạm Văn Chiêu, Phường 14, Quận Gò Vấp, Thành phố Hồ Chí Minh, Việt Nam",Quận Gò Vấp,"3312: Sửa chữa máy móc, thiết bị-Chi tiết: Sửa chữa máy móc, thiết bị và phụ tùng máu văn phòng;9521: Sửa chữa thiết bị nghe nhìn điện tử gia dụng-;3314: Sửa chữa thiết bị điện-;4321: Lắp đặt hệ thống",internet
313599215,CÔNG TY TNHH THƯƠNG MẠI DỊCH VỤ XÂY DỰNG VÀ MÔI TRƯỜNG SẠCH,CÔNG TY TNHH THƯƠNG MẠI DỊCH V,Công ty trách nhiệm hữu hạn hai thành viên trở lên,"D2A Lê Đức Thọ, Phường 7, Quận Gò Vấp, Thành phố Hồ Chí Minh, Việt Nam",Quận Gò Vấp,2011: Sản xuất hoá chất cơ bản-Chi tiết: Sản xuất hoá chất trong lĩnh vực công nghiệp (không hoạt động tại trụ sở);2012: Sản xuất phân bón và hợp chất ni tơ-Chi tiết: Sản xuất đất sạch trồng cây (trừ ,internet
313602482,CÔNG TY TNHH ĐẦU TƯ XÂY DỰNG THỊNH NHÂN,CÔNG TY TNHH ĐẦU TƯ XÂY DỰNG T,Công ty trách nhiệm hữu hạn một thành viên,"102/45/17 Lê Văn Thọ, Phường 11, Quận Gò Vấp, Thành phố Hồ Chí Minh, Việt Nam",Quận Gò Vấp,7110: Hoạt động kiến trúc và tư vấn kỹ thuật có liên quan-Chi tiết: Kiểm định chất lượng công trình; Chứng nhận sự phù hợp chất lượng công trình; Quản lý dự án đầu tư xây dựng công trình; Lập dự án đầ,internet
313604105,DOANH NGHIỆP TƯ NHÂN NETTALK - WGESPORTS,DOANH NGHIỆP TƯ NHÂN NETTALK  ,Doanh nghiệp tư nhân,"1157 Phan Văn Trị, Phường 10, Quận Gò Vấp, Thành phố Hồ Chí Minh, Việt Nam",Quận Gò Vấp,4722: Bán lẻ thực phẩm trong các cửa hàng chuyên doanh-Chi tiết: Bán lẻ thức ăn nhanh (Thực hiện theo Quyết định 64/2009/QĐ-UBND ngày 31/7/2009 vá quyết định 79/2009/QĐ-UBND ngày 17/10/2009 của UBND T,internet
314103454,CÔNG TY TNHH GTECHSOLUTION,CÔNG TY TNHH GTECHSOLUTION,Công ty trách nhiệm hữu hạn một thành viên,"97 Lê Đức Thọ, Phường 7, Quận Gò Vấp, Thành phố Hồ Chí Minh, Việt Nam",Quận Gò Vấp,"4741: Bán lẻ máy vi tính, thiết bị ngoại vi, phần mềm và thiết bị viễn thông trong các cửa hàng chuyên doanh-;5820: Xuất bản phần mềm-chi tiết: Sản xuất , gia công phần mềm; Sản xuất phần mềm trò chơi",internet
313614914,CÔNG TY TNHH THƯƠNG MẠI CÔNG NGHỆ HOÀNG TIẾN,CÔNG TY TNHH THƯƠNG MẠI CÔNG N,Công ty trách nhiệm hữu hạn hai thành viên trở lên,"710/2/9 Phan Văn Trị, Phường 10, Quận Gò Vấp, Thành phố Hồ Chí Minh, Việt Nam",Quận Gò Vấp,"2610: Sản xuất linh kiện điện tử-(không hoạt động tại trụ sở);2620: Sản xuất máy vi tính và thiết bị ngoại vi của máy vi tính-(không hoạt động tại trụ sở);2651: Sản xuất thiết bị đo lường, kiểm tra, đ",internet
313632889,CÔNG TY TRÁCH NHIỆM HỮU HẠN COLORFUL,CÔNG TY TRÁCH NHIỆM HỮU HẠN CO,Công ty trách nhiệm hữu hạn một thành viên,"171/14/40 Nguyễn Tư Giản, Phường 12, Quận Gò Vấp, Thành phố Hồ Chí Minh, Việt Nam",Quận Gò Vấp,"1629: Sản xuất sản phẩm khác từ gỗ; sản xuất sản phẩm từ tre, nứa, rơm, rạ và vật liệu tết bện-(không hoạt động tại trụ sở);1811: In ấn-Chi tiết: In bao bì giấy và nilon (không in trên các sản phẩm vả",internet
313938612,CÔNG TY TNHH AZTECH,CÔNG TY TNHH AZTECH,Công ty trách nhiệm hữu hạn hai thành viên trở lên,"135 Đường số 12, KDC Cityland, Phường 10, Quận Gò Vấp, Thành phố Hồ Chí Minh, Việt Nam",Quận Gò Vấp,"4631: Bán buôn gạo, lúa mỳ, hạt ngũ cốc khác, bột mỳ-(Không hoạt động tại trụ sở); 4632: Bán buôn thực phẩm-Chi tiết: Bán buôn thịt và các sản phẩm từ thịt. Bán buôn thủy sản. Bán buôn rau, quả.",internet
315332908,CÔNG TY TNHH MTV PZL,CÔNG TY TNHH MTV PZL,Công ty trách nhiệm hữu hạn một thành viên,"17/66 Nguyễn Văn Lượng, Phường 17, Quận Gò Vấp, Thành phố Hồ Chí Minh, Việt Nam",Quận Gò Vấp,8299: Hoạt động dịch vụ hỗ trợ kinh doanh khác còn lại chưa được phân vào đâu-Chi tiết: Xuất nhập khẩu các mặt hàng Công ty kinh doanh;4633: Bán buôn đồ uống-;4723: Bán lẻ đồ uống trong các cửa hàng c,internet
315400516,CÔNG TY TNHH PHÁT TRIỂN GU CÀ PHÊ VIỆT,CÔNG TY TNHH PHÁT TRIỂN GU CÀ ,Công ty trách nhiệm hữu hạn một thành viên,"22/21/1 Đường số 21, Phường 8, Quận Gò Vấp, Thành phố Hồ Chí Minh, Việt Nam",Quận Gò Vấp,"4632: Bán buôn thực phẩm-chi tiết: Bán buôn thực phẩm, thực phẩm công nghệ, cà phê chế biến, bột ngũ cốc, trái cây; Bán buôn các loại chè (không hoạt động tại trụ sở); Bán buôn cà phê; Bán buôn đường ",internet
313645253,CÔNG TY TNHH THƯƠNG MẠI DỊCH VỤ XUẤT NHẬP KHẨU NGHĨA THỊNH,CÔNG TY TNHH THƯƠNG MẠI DỊCH V,Công ty trách nhiệm hữu hạn hai thành viên trở lên,"218/4 Phạm Văn Đồng, Phường 1, Quận Gò Vấp, Thành phố Hồ Chí Minh, Việt Nam",Quận Gò Vấp,"4652: Bán buôn thiết bị và linh kiện điện tử, viễn thông-;4651: Bán buôn máy vi tính, thiết bị ngoại vi và phần mềm-;6209: Hoạt động dịch vụ công nghệ thông tin và dịch vụ khác liên quan đến máy vi tí",internet
316675496,CÔNG TY TNHH MÔI TRƯỜNG GALILE VIỆT NAM,CÔNG TY TNHH MÔI TRƯỜNG GALILE,Công ty trách nhiệm hữu hạn hai thành viên trở lên,"49/69/14 Đường số 51, Phường 14, Quận Gò Vấp, Thành phố Hồ Chí Minh, Việt Nam",Quận Gò Vấp,"7810: Hoạt động của các trung tâm, đại lý tư vấn, giới thiệu và môi giới lao động, việc làm-Chi tiết: Hoạt động của các đại lý tư vấn, giới thiệu và môi giới lao động, việc làm;7830: Cung ứng và quản ",internet
316166918,CÔNG TY TNHH NHÂN LỰC QUỐC TẾ SÀI GÒN,CÔNG TY TNHH NHÂN LỰC QUỐC TẾ ,Công ty trách nhiệm hữu hạn một thành viên,"Số 41 An Nhơn , Phường 17, Quận Gò Vấp, Thành phố Hồ Chí Minh, Việt Nam",Quận Gò Vấp,"0163: Hoạt động dịch vụ sau thu hoạch--(Không hoạt động tại trụ sở);4632: Bán buôn thực phẩm-Chi tiết: Bán buôn cà phê hạt, đã hoặc chưa rang; cà phê bột;4663: Bán buôn vật liệu, thiết bị lắp đặt khác",internet
313664129,CÔNG TY TNHH THƯƠNG MẠI & DỊCH VỤ AN GIA FOOD,CÔNG TY TNHH THƯƠNG MẠI  DỊCH ,Công ty trách nhiệm hữu hạn hai thành viên trở lên,"439/42 Cây Trâm, Phường 8, Quận Gò Vấp, Thành phố Hồ Chí Minh, Việt Nam",Quận Gò Vấp,"1062: Sản xuất tinh bột và các sản phẩm từ tinh bột-;1071: Sản xuất các loại bánh từ bột-;1075: Sản xuất món ăn, thức ăn chế biến sẵn-;1410: May trang phục (trừ trang phục từ da lông thú)-;1520: Sản x",internet
313665796,CÔNG TY TNHH DỊCH VỤ CUNG CẤP THÔNG TIN KL,CÔNG TY TNHH DỊCH VỤ CUNG CẤP ,Công ty trách nhiệm hữu hạn một thành viên,"891/110 Nguyễn Kiệm, Phường 3, Quận Gò Vấp, Thành phố Hồ Chí Minh, Việt Nam",Quận Gò Vấp,"4669: Bán buôn chuyên doanh khác chưa được phân vào đâu-- Chi tiết: Bán buôn camera quan sát, thiết bị chống trộm, báo cháy, máy chấm công, khóa an toàn.;6329: Dịch vụ thông tin khác chưa được phân và",internet
313661819,CÔNG TY TNHH THIẾT BỊ TRUYỀN THÔNG CYPRESSCOM MIỀN NAM,CÔNG TY TNHH THIẾT BỊ TRUYỀN T,Công ty trách nhiệm hữu hạn hai thành viên trở lên,"338/11 Phạm Văn Chiêu, Phường 9, Quận Gò Vấp, Thành phố Hồ Chí Minh, Việt Nam",Quận Gò Vấp,2610: Sản xuất linh kiện điện tử-(doanh nghiệp chỉ hoạt động khi đủ điều kiện theo quy định của pháp luật);2620: Sản xuất máy vi tính và thiết bị ngoại vi của máy vi tính-(doanh nghiệp chỉ hoạt động k,internet
313672313,CÔNG TY CỔ PHẦN ĐẦU TƯ LƯƠNG ĐẠI LỢI,CÔNG TY CỔ PHẦN ĐẦU TƯ LƯƠNG Đ,Công ty cổ phần,"1122/17 Quang Trung, Phường 8, Quận Gò Vấp, Thành phố Hồ Chí Minh, Việt Nam",Quận Gò Vấp,"0810: Khai thác đá, cát, sỏi, đất sét-(không hoạt động tại trụ sở);2592: Gia công cơ khí; xử lý và tráng phủ kim loại-(không hoạt động tại trụ sở);1410: May trang phục (trừ trang phục từ da lông thú)-",internet
316763738,CÔNG TY CỔ PHẦN THIẾT BỊ CÔNG NGHIỆP PHÚ TÂN,CÔNG TY CỔ PHẦN THIẾT BỊ CÔNG ,Công ty cổ phần,"109/7 đường số 2, Phường 16, Quận Gò Vấp, Thành phố Hồ Chí Minh, Việt Nam",Quận Gò Vấp,"2211: Sản xuất săm, lốp cao su; đắp và tái chế lốp cao su-(không hoạt động tại trụ sở);2219: Sản xuất sản phẩm khác từ cao su-(không hoạt động tại trụ sở);2220: Sản xuất sản phẩm từ plastic-(không hoạ",internet
313679710,CÔNG TY TNHH THƯƠNG MẠI DỊCH VỤ KỸ THUẬT BAN MÊ,CÔNG TY TNHH THƯƠNG MẠI DỊCH V,Công ty trách nhiệm hữu hạn một thành viên,"331/28 Phan Huy Ích, Phường 14, Quận Gò Vấp, Thành phố Hồ Chí Minh, Việt Nam",Quận Gò Vấp,"4652: Bán buôn thiết bị và linh kiện điện tử, viễn thông-;4651: Bán buôn máy vi tính, thiết bị ngoại vi và phần mềm-;4659: Bán buôn máy móc, thiết bị và phụ tùng máy khác-Chi tiết: Bán buôn máy móc, t",internet
313692253,CÔNG TY CỔ PHẦN ĐẦU TƯ VÀ PHÁT TRIỂN KINH TẾ ĐẠI GIA TRẦN,CÔNG TY CỔ PHẦN ĐẦU TƯ VÀ PHÁT,Công ty cổ phần,"227/2 Đường số 8, Phường 11, Quận Gò Vấp, Thành phố Hồ Chí Minh, Việt Nam",Quận Gò Vấp,"0118: Trồng rau, đậu các loại và trồng hoa, cây cảnh-;0121: Trồng cây ăn quả-;0123: Trồng cây điều-;0124: Trồng cây hồ tiêu-;0125: Trồng cây cao su-;0126: Trồng cây cà phê-;0127: Trồng cây chè-;0161: ",internet
313705858,CÔNG TY TNHH KỸ THUẬT CÔNG NGHỆ VIỄN ĐÔNG,CÔNG TY TNHH KỸ THUẬT CÔNG NGH,Công ty trách nhiệm hữu hạn hai thành viên trở lên,"78/37/3 Đường số 11, khu phố 2, Phường 11, Quận Gò Vấp, Thành phố Hồ Chí Minh, Việt Nam",Quận Gò Vấp,2610: Sản xuất linh kiện điện tử-(không hoạt động tại trụ sở);2620: Sản xuất máy vi tính và thiết bị ngoại vi của máy vi tính-(không hoạt động tại trụ sở);4669: Bán buôn chuyên doanh khác chưa được ph,internet
313710255,CÔNG TY TNHH ĐẦU TƯ PHÁT TRIỂN CÔNG NGHỆ TÂM AN,CÔNG TY TNHH ĐẦU TƯ PHÁT TRIỂN,Công ty trách nhiệm hữu hạn hai thành viên trở lên,"141/58 Đường số 28, Phường 6, Quận Gò Vấp, Thành phố Hồ Chí Minh, Việt Nam",Quận Gò Vấp,"4322: Lắp đặt hệ thống cấp, thoát nước, hệ thống sưởi và điều hoà không khí-(trừ gia công cơ khí, tái chế phế thải, xi mạ điện tại trụ sở và trừ lắp đặt các thiết bị lạnh (thiết bị cấp đông, kho lạnh,",internet
313704854,CÔNG TY TNHH THƯƠNG MẠI DỊCH VỤ SÔNG PHƯƠNG,CÔNG TY TNHH THƯƠNG MẠI DỊCH V,Công ty trách nhiệm hữu hạn một thành viên,"694 Phạm Văn Chiêu, Phường 13, Quận Gò Vấp, Thành phố Hồ Chí Minh, Việt Nam",Quận Gò Vấp,"4764: Bán lẻ trò chơi, đồ chơi trong các cửa hàng chuyên doanh-(không kinh doanh đồ chơi có hại cho giáo dục nhân cách, sức khoẻ của trẻ em hoặc ảnh hưởng đến an ninh trật tự, an toàn xã hội);4771: Bá",internet
313721592,DOANH NGHIỆP TƯ NHÂN DỊCH VỤ INTERNET HUY HOÀNG,DOANH NGHIỆP TƯ NHÂN DỊCH VỤ I,Doanh nghiệp tư nhân,"22 Nguyễn Tư Giảng, Phường 12, Quận Gò Vấp, Thành phố Hồ Chí Minh, Việt Nam",Quận Gò Vấp,4722: Bán lẻ thực phẩm trong các cửa hàng chuyên doanh-(thực hiện theo Quyết định 64/2009/QĐ-UBND ngày 31/7/2009 của Ủy ban nhân dân Thành phố Hồ Chí Minh và Quyết định 79/2009/QĐ-UBND ngày 17/10/2009,internet
313701035,CÔNG TY CỔ PHẦN HAND MARK,CÔNG TY CỔ PHẦN HAND MARK,Công ty cổ phần,"413/7 Phan Huy Ích, Phường 14, Quận Gò Vấp, Thành phố Hồ Chí Minh, Việt Nam",Quận Gò Vấp,5820: Xuất bản phần mềm-Chi tiết: Sản xuất phần mềm;6201: Lập trình máy vi tính-;6202: Tư vấn máy vi tính và quản trị hệ thống máy vi tính-;6209: Hoạt động dịch vụ công nghệ thông tin và dịch vụ khác ,internet
313712012,CÔNG TY TNHH MARTSAIGON,CÔNG TY TNHH MARTSAIGON,Công ty trách nhiệm hữu hạn một thành viên,"440/109/07 Thống Nhất, Phường 16, Quận Gò Vấp, Thành phố Hồ Chí Minh, Việt Nam",Quận Gò Vấp,"4711: Bán lẻ lương thực, thực phẩm, đồ uống, thuốc lá, thuốc lào chiếm tỷ trọng lớn trong các cửa hàng kinh doanh tổng hợp-Chi tiết: Bán lẻ lương thực, thực phẩm, đồ uống, thuốc lá, thuốc lào chiếm tỷ",internet
313711996,CÔNG TY TNHH TƯ VẤN XÂY DỰNG MAY MẶC VIỆT HOUSE,CÔNG TY TNHH TƯ VẤN XÂY DỰNG M,Công ty trách nhiệm hữu hạn một thành viên,"150/5 Trần Bá Giao, Phường 5, Quận Gò Vấp, Thành phố Hồ Chí Minh, Việt Nam",Quận Gò Vấp,"7110: Hoạt động kiến trúc và tư vấn kỹ thuật có liên quan-Chi tiết: - Khảo sát địa hình công trình xây dựng; - Thiết kế kết cấu công trình cầu, đường bộ; - Giám sát công tác xây dựng và hoàn thiện côn",internet
313725188,CÔNG TY TNHH CÔNG NGHỆ KIẾN VƯƠNG,CÔNG TY TNHH CÔNG NGHỆ KIẾN VƯ,Công ty trách nhiệm hữu hạn một thành viên,"452/33 Nguyễn Văn Công, Phường 3, Quận Gò Vấp, Thành phố Hồ Chí Minh, Việt Nam",Quận Gò Vấp,"1811: In ấn-;1812: Dịch vụ liên quan đến in-;5229: Hoạt động dịch vụ hỗ trợ khác liên quan đến vận tải-Chi tiết: Hoạt động của các đại lý ván vé máy bay;4741: Bán lẻ máy vi tính, thiết bị ngoại vi, ph",internet
313714588,CÔNG TY CỔ PHẦN QUẢNG CÁO VÀ NGHIÊN CỨU THỊ TRƯỜNG VIVIFY,CÔNG TY CỔ PHẦN QUẢNG CÁO VÀ N,Công ty cổ phần,"549/44/8 Lê Văn Thọ, Phường 14, Quận Gò Vấp, Thành phố Hồ Chí Minh, Việt Nam",Quận Gò Vấp,"6190: Hoạt động viễn thông khác-Chi tiết: Dịch vụ cung cấp thông tin lên mạng internet (không hoạt động dịch vụ truy cập internet tại trụ sở);4610: Đại lý, môi giới, đấu giá-(trừ môi giới bất động sản",internet
313714676,CÔNG TY TNHH THƯƠNG MẠI DỊCH VỤ AN THIÊN,CÔNG TY TNHH THƯƠNG MẠI DỊCH V,Công ty trách nhiệm hữu hạn hai thành viên trở lên,"170 Đường Nguyễn Tư Giản, Phường 12, Quận Gò Vấp, Thành phố Hồ Chí Minh, Việt Nam",Quận Gò Vấp,"1322: Sản xuất hàng may sẵn (trừ trang phục)-(trừ tẩy, nhuộm, hồ, in trên các sản phẩm vải, sợi, dệt, may đan và gia công hàng đã qua sử dụng tại trụ sở);1410: May trang phục (trừ trang phục từ da lôn",internet
313719995,CÔNG TY TNHH MH MARKETING,CÔNG TY TNHH MH MARKETING,Công ty trách nhiệm hữu hạn một thành viên,"1358/26A Quang Trung, Phường 14, Quận Gò Vấp, Thành phố Hồ Chí Minh, Việt Nam",Quận Gò Vấp,"1811: In ấn-(trừ in, tráng bao bì kim loại; in trên các sản phẩm vải, sợi, dệt, may đan);1812: Dịch vụ liên quan đến in-;1820: Sao chép bản ghi các loại-;5510: Dịch vụ lưu trú ngắn ngày-Chi tiết: kinh",internet
313734496,CÔNG TY TNHH THƯƠNG MẠI DỊCH VỤ KỸ THUẬT EMTECH,CÔNG TY TNHH THƯƠNG MẠI DỊCH V,Công ty trách nhiệm hữu hạn một thành viên,"1146/39/16 Quang Trung, Phường 8, Quận Gò Vấp, Thành phố Hồ Chí Minh, Việt Nam",Quận Gò Vấp,"7830: Cung ứng và quản lý nguồn lao động-Chi tiết: Cung ứng và quản lý nguồn lao động trong nước (trừ cho thuê lại lao động);5610: Nhà hàng và các dịch vụ ăn uống phục vụ lưu động-chi tiết: Nhà hàng, ",internet
313752061,CÔNG TY TNHH THƯƠNG MẠI DỊCH VỤ 2 YOU,CÔNG TY TNHH THƯƠNG MẠI DỊCH V,Công ty trách nhiệm hữu hạn hai thành viên trở lên,"116/71 Dương Quảng Hàm, Phường 5, Quận Gò Vấp, Thành phố Hồ Chí Minh, Việt Nam",Quận Gò Vấp,"4669: Bán buôn chuyên doanh khác chưa được phân vào đâu-chi tiết: bán buôn đồ chơi, phụ kiện, sản phẩm dành cho gia súc, gia cầm và thuỷ sản;4772: Bán lẻ thuốc, dụng cụ y tế, mỹ phẩm và vật phẩm vệ si",internet
313747713,CÔNG TY TNHH VẬN TẢI QUẢNG CÁO THIÊN KHANG,CÔNG TY TNHH VẬN TẢI QUẢNG CÁO,Công ty trách nhiệm hữu hạn một thành viên,"549/71/18 Lê Văn Thọ, Phường 14, Quận Gò Vấp, Thành phố Hồ Chí Minh, Việt Nam",Quận Gò Vấp,"5320: Chuyển phát-Chi tiết: chuyển phát trong phạm vị ngoại tỉnh, liên tỉnh;4932: Vận tải hành khách đường bộ khác-;7420: Hoạt động nhiếp ảnh-(trừ sản xuất phim).;5911: Hoạt động sản xuất phim điện ản",internet
313749742,CÔNG TY TNHH GIẢI TRÍ VÀ TRUYỀN THÔNG ARIS,CÔNG TY TNHH GIẢI TRÍ VÀ TRUYỀ,Công ty trách nhiệm hữu hạn một thành viên,"142/3/4 Lê Lợi, Phường 4, Quận Gò Vấp, Thành phố Hồ Chí Minh, Việt Nam",Quận Gò Vấp,4721: Bán lẻ lương thực trong các cửa hàng chuyên doanh-(thực hiện theo Quyết định số 64/2009/QĐ-UBND ngày 31/07/2009 và Quyết định số 79/2009/QĐ-UBND ngày 17/10/2009 của Ủy Ban Nhân Dân TP. Hồ Chí Mi,internet
313737715,CÔNG TY TNHH TRUYỀN THÔNG SAPPHIRE,CÔNG TY TNHH TRUYỀN THÔNG SAPP,Công ty trách nhiệm hữu hạn một thành viên,"12/29 Nguyễn Tuân , Phường 3, Quận Gò Vấp, Thành phố Hồ Chí Minh, Việt Nam",Quận Gò Vấp,"1820: Sao chép bản ghi các loại-;5820: Xuất bản phần mềm-Chi tiết: Sản xuất phần mềm;5911: Hoạt động sản xuất phim điện ảnh, phim video và chương trình truyền hình-Chi tiết: Sản xuất chương trình truy",internet
313746029,CÔNG TY CỔ PHẦN ĐẦU TƯ SẢN XUẤT THƯƠNG MẠI H.B.T,CÔNG TY CỔ PHẦN ĐẦU TƯ SẢN XUẤ,Công ty cổ phần,"168 Đường số 1, Phường 16, Quận Gò Vấp, Thành phố Hồ Chí Minh, Việt Nam",Quận Gò Vấp,2610: Sản xuất linh kiện điện tử-Không hoạt động tại trụ sở;2620: Sản xuất máy vi tính và thiết bị ngoại vi của máy vi tính-Không hoạt động tại trụ sở;2630: Sản xuất thiết bị truyền thông-Không hoạt đ,internet
313749502,CÔNG TY TNHH ELEVEN,CÔNG TY TNHH ELEVEN,Công ty trách nhiệm hữu hạn hai thành viên trở lên,"135 Nguyễn Oanh, Phường 10, Quận Gò Vấp, Thành phố Hồ Chí Minh, Việt Nam",Quận Gò Vấp,8299: Hoạt động dịch vụ hỗ trợ kinh doanh khác còn lại chưa được phân vào đâu-Chi tiết: Dịch vụ thương mại điện tử;7020: Hoạt động tư vấn quản lý-Chi tiết: Tư vấn quản lý nhân sự doanh nghiệp (trừ tư ,internet
313778285,CÔNG TY TNHH ĐẦU TƯ THƯƠNG MẠI DỊCH VỤ VIÊN KHANG,CÔNG TY TNHH ĐẦU TƯ THƯƠNG MẠI,Công ty trách nhiệm hữu hạn một thành viên,"210 Nguyễn Văn Khối, Phường 9, Quận Gò Vấp, Thành phố Hồ Chí Minh, Việt Nam",Quận Gò Vấp,"4651: Bán buôn máy vi tính, thiết bị ngoại vi và phần mềm-;4652: Bán buôn thiết bị và linh kiện điện tử, viễn thông-Chi tiết: Bán buôn camera, hệ thống, thiết bị báo trộm, báo cháy; Bán buôn thiết bị ",internet
313761919,CÔNG TY TNHH QUẢN LÝ VÀ DỊCH VỤ SM PRO,CÔNG TY TNHH QUẢN LÝ VÀ DỊCH V,Công ty trách nhiệm hữu hạn một thành viên,"103 Lương Ngọc Quyến, Phường 5, Quận Gò Vấp, Thành phố Hồ Chí Minh, Việt Nam",Quận Gò Vấp,"9632: Hoạt động dịch vụ phục vụ tang lễ-;9633: Hoạt động dịch vụ phục vụ hôn lễ-(trừ môi giới kết hôn).;9639: Hoạt động dịch vụ phục vụ cá nhân khác còn lại chưa được phân vào đâu-Chi tiết:
- Dịch vụ ",internet
313784063,CÔNG TY TNHH DELATECH,CÔNG TY TNHH DELATECH,Công ty trách nhiệm hữu hạn một thành viên,"212 Lê Đức Thọ, Phường 6, Quận Gò Vấp, Thành phố Hồ Chí Minh, Việt Nam",Quận Gò Vấp,"8230: Tổ chức giới thiệu và xúc tiến thương mại-(Trừ sản xuất phim, phát sóng và không thực hiện các hiệu ứng cháy, nổ; không sử dụng chất nổ, chất cháy, hóa chất làm đạo cụ, dụng cụ thực hiện các chư",internet
313787120,CÔNG TY TNHH THIẾT KẾ NGỌC THỊNH,CÔNG TY TNHH THIẾT KẾ NGỌC THỊ,Công ty trách nhiệm hữu hạn hai thành viên trở lên,"220/20/2 Đường số 10, Phường 9, Quận Gò Vấp, Thành phố Hồ Chí Minh, Việt Nam",Quận Gò Vấp,"1410: May trang phục (trừ trang phục từ da lông thú)-;1811: In ấn-(trừ in, tráng bao bì kim loại và in trên các sản phẩm vải, sợi, dệt, may, đan);1812: Dịch vụ liên quan đến in-;5229: Hoạt động dịch v",internet
313771089,CÔNG TY TNHH NISSHIN APPLICATIONS TECHNOLOGY,CÔNG TY TNHH NISSHIN APPLICATI,Công ty trách nhiệm hữu hạn hai thành viên trở lên,"296/26/34 Nguyễn Văn Lượng, Phường 17, Quận Gò Vấp, Thành phố Hồ Chí Minh, Việt Nam",Quận Gò Vấp,5224: Bốc xếp hàng hóa-(trừ bốc xếp hàng hóa cảng hàng không).;5229: Hoạt động dịch vụ hỗ trợ khác liên quan đến vận tải-Chi tiết: Dịch vụ giao nhận hàng hóa; Hoạt động của đại lý làm thủ tục hải quan,technology
313775566,CÔNG TY TNHH THƯƠNG MẠI XUẤT NHẬP KHẨU SÔNG NGỌC,CÔNG TY TNHH THƯƠNG MẠI XUẤT N,Công ty trách nhiệm hữu hạn một thành viên,"145/51/38 Lê Đức Thọ, Phường 17, Quận Gò Vấp, Thành phố Hồ Chí Minh, Việt Nam",Quận Gò Vấp,"4669: Bán buôn chuyên doanh khác chưa được phân vào đâu-Chi tiết: Bán buôn vật tư, thiết bị ngành cơ điện lạnh;4711: Bán lẻ lương thực, thực phẩm, đồ uống, thuốc lá, thuốc lào chiếm tỷ trọng lớn trong",internet
313777588,CÔNG TY TNHH ĐẦU TƯ HOÀNG GIA BẢO LÂM,CÔNG TY TNHH ĐẦU TƯ HOÀNG GIA ,Công ty trách nhiệm hữu hạn một thành viên,"1146/39/16 Quang Trung, Phường 8, Quận Gò Vấp, Thành phố Hồ Chí Minh, Việt Nam",Quận Gò Vấp,"4390: Hoạt động xây dựng chuyên dụng khác-; 4321: Lắp đặt hệ thống điện-Chi tiết: Lắp đặt hệ thống điện, điện lạnh; Lắp đặt hệ thống phòng cháy, chữa cháy; Lắp đặt hệ thống âm thanh, ánh sáng; Lắp đặt",internet
313795474,CÔNG TY TNHH THƯƠNG MẠI VÀ DỊCH VỤ VIỄN THÔNG MINH PHÚ,CÔNG TY TNHH THƯƠNG MẠI VÀ DỊC,Công ty trách nhiệm hữu hạn hai thành viên trở lên,"1264/57/5 Lê Đức Thọ, Phường 13, Quận Gò Vấp, Thành phố Hồ Chí Minh, Việt Nam",Quận Gò Vấp,"4290: Xây dựng công trình kỹ thuật dân dụng khác-Chi tiết: Thi công xây dựng công trình điện và viễn thông;4652: Bán buôn thiết bị và linh kiện điện tử, viễn thông-;6110: Hoạt động viễn thông có dây-;",internet
313796485,CÔNG TY TNHH MUASI360,CÔNG TY TNHH MUASI360,Công ty trách nhiệm hữu hạn một thành viên,"20/18 Đường số 9, Phường 16, Quận Gò Vấp, Thành phố Hồ Chí Minh, Việt Nam",Quận Gò Vấp,"7310: Quảng cáo-Chi tiết: 
- Dịch vụ quảng cáo thương mại.
- Quảng cáo;7410: Hoạt động thiết kế chuyên dụng-Chi tiết: Thiết kế web, thiết kế đồ họa, thiết kế thời trang.;7420: Hoạt động nhiếp ảnh-Chi ",internet
313783278,CÔNG TY CỔ PHẦN TRUYỀN THÔNG B&N,CÔNG TY CỔ PHẦN TRUYỀN THÔNG B,Công ty cổ phần,"967/37 Nguyễn Kiệm, Phường 3, Quận Gò Vấp, Thành phố Hồ Chí Minh, Việt Nam",Quận Gò Vấp,"0118: Trồng rau, đậu các loại và trồng hoa, cây cảnh-;1811: In ấn-(trừ in, tráng bao bì kim loại và in trên các sản phẩm vải, sợi, dệt, may, đan tại trụ sở).;1812: Dịch vụ liên quan đến in-;5510: Dịch",internet
313779930,CÔNG TY TNHH THƯƠNG MẠI DỊCH VỤ & ĐẦU TƯ GIA PHÁT,CÔNG TY TNHH THƯƠNG MẠI DỊCH V,Công ty trách nhiệm hữu hạn hai thành viên trở lên,"967/12/8A, đường Nguyễn Kiệm, Phường 3, Quận Gò Vấp, Thành phố Hồ Chí Minh, Việt Nam",Quận Gò Vấp,"1811: In ấn-(trừ in, tráng bao bì kim loại và in trên các sản phẩm vải, sợi, dệt, may, đan tại trụ sở);1812: Dịch vụ liên quan đến in-;4662: Bán buôn kim loại và quặng kim loại-chi tiết: bán buôn sắt,",internet
313802668,CÔNG TY TNHH TELEMEDIA VIỆT NAM,CÔNG TY TNHH TELEMEDIA VIỆT NA,Công ty trách nhiệm hữu hạn một thành viên,"119 Bùi Quang Là, Phường 12, Quận Gò Vấp, Thành phố Hồ Chí Minh, Việt Nam",Quận Gò Vấp,8552: Giáo dục văn hoá nghệ thuật-(trừ kinh doanh vũ trường);1820: Sao chép bản ghi các loại-;8559: Giáo dục khác chưa được phân vào đâu-(trừ dạy về tôn giáo; các trường của các tổ chức Đảng - Đoàn th,internet
313779521,CÔNG TY TNHH THƯƠNG MẠI DỊCH VỤ ĐẦU TƯ XÂY DỰNG TOÀN TÍN,CÔNG TY TNHH THƯƠNG MẠI DỊCH V,Công ty trách nhiệm hữu hạn hai thành viên trở lên,"163/11 Đường Bùi Quang Là , Phường 12, Quận Gò Vấp, Thành phố Hồ Chí Minh, Việt Nam",Quận Gò Vấp,"9000: Hoạt động sáng tác, nghệ thuật và giải trí-chi tiết: Tổ chức biểu diễn nghệ thuật chuyên nghiệp (trừ kinh doanh vũ trường, phòng trà ca nhạc và không thực hiện các hiệu ứng cháy, nổ; không sử dụ",internet
313773336,CÔNG TY TNHH PHẦN MỀM GREELY,CÔNG TY TNHH PHẦN MỀM GREELY,Công ty trách nhiệm hữu hạn hai thành viên trở lên,"77/6 Đường số 3, Phường 11, Quận Gò Vấp, Thành phố Hồ Chí Minh, Việt Nam",Quận Gò Vấp,"4741: Bán lẻ máy vi tính, thiết bị ngoại vi, phần mềm và thiết bị viễn thông trong các cửa hàng chuyên doanh-;4742: Bán lẻ thiết bị nghe nhìn trong các cửa hàng chuyên doanh-;5820: Xuất bản phần mềm-c",internet
313799623,CÔNG TY TNHH THƯƠNG MẠI SẢN XUẤT VÀ XUẤT NHẬP KHẨU BAN MAI XANH,CÔNG TY TNHH THƯƠNG MẠI SẢN XU,Công ty trách nhiệm hữu hạn một thành viên,"146 Lê Đức Thọ, Phường 6, Quận Gò Vấp, Thành phố Hồ Chí Minh, Việt Nam",Quận Gò Vấp,7911: Đại lý du lịch-chi tiết: Kinh doanh lữ hành nội địa và quốc tế;4932: Vận tải hành khách đường bộ khác-chi tiết:  Kinh doanh vận tải hành khách  theo hợp đồng.;4931: Vận tải hành khách đường bộ t,internet
313824710,CÔNG TY TNHH MỘT THÀNH VIÊN THÀNH TẤN HƯNG,CÔNG TY TNHH MỘT THÀNH VIÊN TH,Công ty trách nhiệm hữu hạn một thành viên,"218/12 Đường số 6, Phường 7, Quận Gò Vấp, Thành phố Hồ Chí Minh, Việt Nam",Quận Gò Vấp,"4669: Bán buôn chuyên doanh khác chưa được phân vào đâu-(trừ dược phẩm, thuốc trừ sâu, hóa chất sử dụng trong nông nghiệp, hóa chất có tính độc hại mạnh và không bán buôn phế liệu, phế thải kim loại, ",internet
313827246,CÔNG TY CỔ PHẦN ĐẦU TƯ SẢN XUẤT THƯƠNG MẠI DỊCH VỤ HALOBIG,CÔNG TY CỔ PHẦN ĐẦU TƯ SẢN XUẤ,Công ty cổ phần,"Số 61, Đường số 9, Phường 9, Quận Gò Vấp, Thành phố Hồ Chí Minh, Việt Nam",Quận Gò Vấp,"0128: Trồng cây gia vị, cây dược liệu-;0141: Chăn nuôi trâu, bò-(Không hoạt động tại trụ sở);0145: Chăn nuôi lợn-(Không hoạt động tại trụ sở);0161: Hoạt động dịch vụ trồng trọt-;0162: Hoạt động dịch v",internet
313798644,CÔNG TY TNHH THƯƠNG MẠI DỊCH VỤ VIỄN THÔNG TRÂN THƯ,CÔNG TY TNHH THƯƠNG MẠI DỊCH V,Công ty trách nhiệm hữu hạn hai thành viên trở lên,"334/112 Dương Quảng Hàm, Phường 5, Quận Gò Vấp, Thành phố Hồ Chí Minh, Việt Nam",Quận Gò Vấp,"4101: Xây dựng nhà để ở-; 7730: Cho thuê máy móc, thiết bị và đồ dùng hữu hình khác không kèm người điều khiển-chi tiết: cho thuê hạ tầng viễn thông : Cột anten; Cho thuê thiết bị viễn thông; 4322: Lắ",internet
313818019,CÔNG TY TNHH THƯƠNG MẠI DỊCH VỤ KỸ THUẬT PHÁT TRIỂN TIẾN THỊNH,CÔNG TY TNHH THƯƠNG MẠI DỊCH V,Công ty trách nhiệm hữu hạn một thành viên,"535/56/9 Thống Nhất, Phường 16, Quận Gò Vấp, Thành phố Hồ Chí Minh, Việt Nam",Quận Gò Vấp,"1622: Sản xuất đồ gỗ xây dựng-Chi tiết: Sản xuất, gia công đồ gỗ xây dựng (Không hoạt động tại trụ sở);4741: Bán lẻ máy vi tính, thiết bị ngoại vi, phần mềm và thiết bị viễn thông trong các cửa hàng c",internet
313846337,CÔNG TY TNHH MỘT THÀNH VIÊN CÂY XANH HẠNH PHÚC,CÔNG TY TNHH MỘT THÀNH VIÊN CÂ,Công ty trách nhiệm hữu hạn một thành viên,"60 Đường Số 1, Phường 16, Quận Gò Vấp, Thành phố Hồ Chí Minh, Việt Nam",Quận Gò Vấp,"4620: Bán buôn nông, lâm sản nguyên liệu (trừ gỗ, tre, nứa) và động vật sống-Chi tiết: Bán buôn hoa, cây cảnh, cây xanh (không bán buôn hoa tại trụ sở);4649: Bán buôn đồ dùng khác cho gia đình-Chi tiế",internet
313808980,CÔNG TY TNHH THIẾT KẾ WEB ARYUP PARIS,CÔNG TY TNHH THIẾT KẾ WEB ARYU,Công ty trách nhiệm hữu hạn một thành viên,"79/83/2P Bùi Quang Là, Phường 12, Quận Gò Vấp, Thành phố Hồ Chí Minh, Việt Nam",Quận Gò Vấp,"4741: Bán lẻ máy vi tính, thiết bị ngoại vi, phần mềm và thiết bị viễn thông trong các cửa hàng chuyên doanh-;6201: Lập trình máy vi tính-Chi tiết: Thiết kế và lập trình website;6202: Tư vấn máy vi tí",internet
313830111,CÔNG TY TNHH KHÔI PHỤC DỮ LIỆU VÕ NGUYỄN,CÔNG TY TNHH KHÔI PHỤC DỮ LIỆU,Công ty trách nhiệm hữu hạn một thành viên,"11/38 Đường Nguyễn Văn Khối, Phường 11, Quận Gò Vấp, Thành phố Hồ Chí Minh, Việt Nam",Quận Gò Vấp,"4651: Bán buôn máy vi tính, thiết bị ngoại vi và phần mềm-;6312: Cổng thông tin-Chi tiết: Thiết lập trang thông tin điện tử tổng hợp;7410: Hoạt động thiết kế chuyên dụng-Chi tiết: Thiết kế trang web;6",internet
313811856,CÔNG TY CỔ PHẦN AST GROUP,CÔNG TY CỔ PHẦN AST GROUP,Công ty cổ phần,"1007 Phan Văn Trị , Phường 7, Quận Gò Vấp, Thành phố Hồ Chí Minh, Việt Nam",Quận Gò Vấp,"8129: Vệ sinh công nghiệp và các công trình chuyên biệt-; 8121: Vệ sinh chung nhà cửa-; 4632: Bán buôn thực phẩm-chi tiết: Bán buôn thịt và các sản phẩm từ thịt;Bán buôn thủy sản;Bán buôn rau, quả;Bán",internet
313700909,CÔNG TY CỔ PHẦN GIÁO DỤC AN KHÁNH,CÔNG TY CỔ PHẦN GIÁO DỤC AN KH,Công ty cổ phần,"535/28/19 Thống Nhất, Phường 16, Quận Gò Vấp, Thành phố Hồ Chí Minh, Việt Nam",Quận Gò Vấp,8532: Giáo dục nghề nghiệp-Chi tiết: Dạy nghề;8551: Giáo dục thể thao và giải trí-;8552: Giáo dục văn hoá nghệ thuật-(trừ kinh doanh vũ trường);8559: Giáo dục khác chưa được phân vào đâu-Chi tiết: Việ,internet
313853856,CÔNG TY TNHH XUẤT NHẬP KHẨU ISO VIỆT NAM,CÔNG TY TNHH XUẤT NHẬP KHẨU IS,Công ty trách nhiệm hữu hạn một thành viên,"975/3 Nguyễn Kiệm, Phường 3, Quận Gò Vấp, Thành phố Hồ Chí Minh, Việt Nam",Quận Gò Vấp,"2011: Sản xuất hoá chất cơ bản-Chi tiết: Sản xuất hóa chất trong lĩnh vực công nghiệp; Sản xuất hóa chất trong lĩnh vực phụ gia thực phẩm.;2022: Sản xuất sơn, véc ni và các chất sơn, quét tương tự; sả",internet
313842156,CÔNG TY TNHH DỊCH VỤ PHÚC MINH LONG,CÔNG TY TNHH DỊCH VỤ PHÚC MINH,Công ty trách nhiệm hữu hạn một thành viên,"94 Đường Số 1, Phường 4, Quận Gò Vấp, Thành phố Hồ Chí Minh, Việt Nam",Quận Gò Vấp,6190: Hoạt động viễn thông khác-Chi tiết: Hoạt động của các điểm truy cập internet; Hoạt động của đại lý dịch vụ viễn thông; Dịch vụ viễn thông giá trị gia tăng; 6201: Lập trình máy vi tính-;6202: Tư ,internet
313848013,CÔNG TY CỔ PHẦN  XUẤT NHẬP KHẨU ĐẦU TƯ THƯƠNG MẠI ĐỨC THÀNH,CÔNG TY CỔ PHẦN  XUẤT NHẬP KHẨ,Công ty cổ phần,"373/1/230 Thống Nhất , Phường 11, Quận Gò Vấp, Thành phố Hồ Chí Minh, Việt Nam",Quận Gò Vấp,"2599: Sản xuất sản phẩm khác bằng kim loại chưa được phân vào đâu-chi tiết: gia công bồi- bế- dán hộp, cán màng, cán UV (trừ tái chế phế thải);1701: Sản xuất bột giấy, giấy và bìa-(không hoạt động tại",internet
313715373,CÔNG TY TNHH  XÚC TIẾN VÀ PHÁT TRIỂN THƯƠNG MẠI ĐẠI THÀNH,CÔNG TY TNHH  XÚC TIẾN VÀ PHÁT,Công ty trách nhiệm hữu hạn một thành viên,"20B Trần Phú Cường, Phường 5, Quận Gò Vấp, Thành phố Hồ Chí Minh, Việt Nam",Quận Gò Vấp,5229: Hoạt động dịch vụ hỗ trợ khác liên quan đến vận tải-Chi tiết: Hoạt động của các đại lý bán vé máy bay; Hoạt động của các đại lý bán vé tàu hỏa;4632: Bán buôn thực phẩm-Chi tiết: Bán buôn thực ph,internet
313854899,CÔNG TY TNHH PHÁT TRIỂN XÂY DỰNG THƯƠNG MẠI T.A.T,CÔNG TY TNHH PHÁT TRIỂN XÂY DỰ,Công ty trách nhiệm hữu hạn một thành viên,"Số 12, Đường Lê Lai, Phường 4, Quận Gò Vấp, Thành phố Hồ Chí Minh, Việt Nam",Quận Gò Vấp,"1811: In ấn-(trừ in, tráng bao bì kim loại, in trên sản phẩm vải, sợi, dệt, may đan tại trụ sở).;1812: Dịch vụ liên quan đến in-;4662: Bán buôn kim loại và quặng kim loại-chi tiết: bán buôn sắt, thép ",internet
313724321,CÔNG TY TNHH NỘI THẤT GIÁ RẺ,CÔNG TY TNHH NỘI THẤT GIÁ RẺ,Công ty trách nhiệm hữu hạn một thành viên,"1358/26A Quang Trung, Phường 14, Quận Gò Vấp, Thành phố Hồ Chí Minh, Việt Nam",Quận Gò Vấp,"7830: Cung ứng và quản lý nguồn lao động-Chi tiết: Cung ứng và quản lý lao động trong nước (trừ kinh doanh dịch vụ cho thuê lại lao động);7810: Hoạt động của các trung tâm, đại lý tư vấn, giới thiệu v",internet
313837639,CÔNG TY TNHH PHÂN PHỐI T.H,CÔNG TY TNHH PHÂN PHỐI TH,Công ty trách nhiệm hữu hạn một thành viên,"Căn hộ D6-06 chung cư 8X Thái An đường Phan Huy Ích, Phường 14, Quận Gò Vấp, Thành phố Hồ Chí Minh, Việt Nam",Quận Gò Vấp,"4632: Bán buôn thực phẩm-Chi tiết: Bán buôn thịt và các sản phẩm từ thịt; Bán buôn thủy sản; Bán buôn rau, quả; Bán buôn chè; Bán buôn đường (không hoạt động tại trụ sở)
Bán buôn cà phê, Bán buôn sữa ",internet
313860525,CÔNG TY TNHH THƯƠNG MẠI CV&D,CÔNG TY TNHH THƯƠNG MẠI CVD,Công ty trách nhiệm hữu hạn hai thành viên trở lên,"280 Nguyễn Văn Lượng, Phường 17, Quận Gò Vấp, Thành phố Hồ Chí Minh, Việt Nam",Quận Gò Vấp,"6820: Tư vấn, môi giới, đấu giá bất động sản, đấu giá quyền sử dụng đất-Chi tiết: Môi giới bất động sản, dịch vụ tư vấn bất động sản (trừ tư vấn mang tính pháp lý);8292: Dịch vụ đóng gói-(trừ đóng gói",internet
313872873,CÔNG TY CỔ PHẦN GIẢI PHÁP CÔNG NGHỆ  LONG PHÚ,CÔNG TY CỔ PHẦN GIẢI PHÁP CÔNG,Công ty cổ phần,"872/83 Quang Trung, Phường 8, Quận Gò Vấp, Thành phố Hồ Chí Minh, Việt Nam",Quận Gò Vấp,2511: Sản xuất các cấu kiện kim loại-;2592: Gia công cơ khí; xử lý và tráng phủ kim loại-(không hoạt động tại trụ sở).;1322: Sản xuất hàng may sẵn (trừ trang phục)-;1410: May trang phục (trừ trang phụ,internet
313875507,CÔNG TY TNHH NETBOX,CÔNG TY TNHH NETBOX,Công ty trách nhiệm hữu hạn một thành viên,"192 Nguyễn Tư Giản, Phường 12, Quận Gò Vấp, Thành phố Hồ Chí Minh, Việt Nam",Quận Gò Vấp,"4741: Bán lẻ máy vi tính, thiết bị ngoại vi, phần mềm và thiết bị viễn thông trong các cửa hàng chuyên doanh-;5820: Xuất bản phần mềm-Chi tiết: Sản xuất phần mềm.;6201: Lập trình máy vi tính-;6209: Ho",internet
313877896,CÔNG TY TNHH ĐẦU TƯ THƯƠNG MẠI XUẤT NHẬP KHẨU SONG LONG MÃ,CÔNG TY TNHH ĐẦU TƯ THƯƠNG MẠI,Công ty trách nhiệm hữu hạn hai thành viên trở lên,"25/32 Lê Đức Thọ, Phường 16, Quận Gò Vấp, Thành phố Hồ Chí Minh, Việt Nam",Quận Gò Vấp,"7410: Hoạt động thiết kế chuyên dụng-chi tiết: thiết kế đồ họa, website, quảng cáo, in ấn; hoạt động trang trí nội ngoại thất;1811: In ấn-(không hoạt động tại trụ sở);1812: Dịch vụ liên quan đến in-;7",internet
313888714,CÔNG TY TNHH MỘT THÀNH VIÊN THIẾT BỊ ĐIỆN HOÀNG NHẬT MINH,CÔNG TY TNHH MỘT THÀNH VIÊN TH,Công ty trách nhiệm hữu hạn một thành viên,"175/12/4 Đường số 1, Phường 11, Quận Gò Vấp, Thành phố Hồ Chí Minh, Việt Nam",Quận Gò Vấp,"4741: Bán lẻ máy vi tính, thiết bị ngoại vi, phần mềm và thiết bị viễn thông trong các cửa hàng chuyên doanh-;4742: Bán lẻ thiết bị nghe nhìn trong các cửa hàng chuyên doanh-;6110: Hoạt động viễn thôn",internet
313896465,CÔNG TY TNHH WINS SOFT,CÔNG TY TNHH WINS SOFT,Công ty trách nhiệm hữu hạn hai thành viên trở lên,"497/83/4 Thống Nhất, Phường 16, Quận Gò Vấp, Thành phố Hồ Chí Minh, Việt Nam",Quận Gò Vấp,"0149: Chăn nuôi khác-Chi tiết: Nuôi và tạo giống các con vật nuôi trong nhà; các con vật nuôi khác kể cả các con vật cảnh (trừ cá cảnh); chó, mèo, thỏ, bò sát, côn trùng.;4741: Bán lẻ máy vi tính, thi",vi tinh
313900785,CÔNG TY TNHH SẢN XUẤT THƯƠNG MẠI DỊCH VỤ XUẤT NHẬP KHẨU ĐỨC TIẾN,CÔNG TY TNHH SẢN XUẤT THƯƠNG M,Công ty trách nhiệm hữu hạn hai thành viên trở lên,"134/4 Đường số 8, Phường 11, Quận Gò Vấp, Thành phố Hồ Chí Minh, Việt Nam",Quận Gò Vấp,"2816: Sản xuất các thiết bị nâng, hạ và bốc xếp-(không hoạt động tại trụ sở);2022: Sản xuất sơn, véc ni và các chất sơn, quét tương tự; sản xuất mực in và ma tít-(không hoạt động tại trụ sở);2023: Sản",internet
313916471,CÔNG TY TNHH IN ẤN TRUYỀN THÔNG QUẢNG CÁO VẠN PHÁT THỊNH,CÔNG TY TNHH IN ẤN TRUYỀN THÔN,Công ty trách nhiệm hữu hạn hai thành viên trở lên,"326/7 đường số 8, Phường 11, Quận Gò Vấp, Thành phố Hồ Chí Minh, Việt Nam",Quận Gò Vấp,"2220: Sản xuất sản phẩm từ plastic-(trừ tái chế phế thải nhựa)
chi tiết: sản xuất bao bì từ plastic, sản xuất sản phẩm khác từ plastic;1701: Sản xuất bột giấy, giấy và bìa-(không hoạt động tại trụ sở)",internet
313886643,CÔNG TY TNHH BCGROUP,CÔNG TY TNHH BCGROUP,Công ty trách nhiệm hữu hạn một thành viên,"Lầu 4, Số 21 Trần Thị Nghỉ, Phường 7, Quận Gò Vấp, Thành phố Hồ Chí Minh, Việt Nam",Quận Gò Vấp,"4791: Bán lẻ theo yêu cầu đặt hàng qua bưu điện hoặc internet-Chi tiết: Bán lẻ các loại hàng hoá bằng thư đặt hàng; Bán lẻ các loại hàng hoá qua internet (trừ bán lẻ bình gas, khí dầu mỏ hóa lỏng LPG,",internet
313888520,CÔNG TY TNHH TRUYỀN THÔNG THƯƠNG MẠI DỊCH VỤ HOMOCA,CÔNG TY TNHH TRUYỀN THÔNG THƯƠ,Công ty trách nhiệm hữu hạn hai thành viên trở lên,"144/7 Bùi Quang Là, Phường 12, Quận Gò Vấp, Thành phố Hồ Chí Minh, Việt Nam",Quận Gò Vấp,"6209: Hoạt động dịch vụ công nghệ thông tin và dịch vụ khác liên quan đến máy vi tính-chi tiết: dịch vụ về điện tử, tin học;4649: Bán buôn đồ dùng khác cho gia đình-(trừ kinh doanh dược phẩm).;8299: H",internet
313810242,DOANH NGHIỆP TƯ NHÂN KINH DOANH TRÒ CHƠI ĐIỆN TỬ KIM HỒNG,DOANH NGHIỆP TƯ NHÂN KINH DOAN,Doanh nghiệp tư nhân,"105/759 Nguyễn Văn Công, Phường 3, Quận Gò Vấp, Thành phố Hồ Chí Minh, Việt Nam",Quận Gò Vấp,6190: Hoạt động viễn thông khác-Chi tiết: Hoạt động của các điển truy cập internet;9329: Hoạt động vui chơi giải trí khác chưa được phân vào đâu-Chi tiết: Kinh doanh trò chơi điện tử (trừ kinh doanh t,internet
313894789,CÔNG TY TNHH ĐẦU TƯ XÂY DỰNG THƯƠNG MẠI DỊCH VỤ HOÀNG MỸ,CÔNG TY TNHH ĐẦU TƯ XÂY DỰNG T,Công ty trách nhiệm hữu hạn một thành viên,"14A Đường số 6, Phường 15, Quận Gò Vấp, Thành phố Hồ Chí Minh, Việt Nam",Quận Gò Vấp,"4663: Bán buôn vật liệu, thiết bị lắp đặt khác trong xây dựng-chi tiết: bán buôn vật liệu xây dựng;4290: Xây dựng công trình kỹ thuật dân dụng khác-chi tiết: xây dựng công trình kỹ thuật dân dụng và c",internet
313791536,CÔNG TY TNHH QUỐC TẾ MỘC PHÁT,CÔNG TY TNHH QUỐC TẾ MỘC PHÁT,Công ty trách nhiệm hữu hạn hai thành viên trở lên,"125 đường số 7, Phường 3, Quận Gò Vấp, Thành phố Hồ Chí Minh, Việt Nam",Quận Gò Vấp,2013: Sản xuất plastic và cao su tổng hợp dạng nguyên sinh-chi tiết: sản xuất sản phẩm từ plastic (trừ tái chế phế thải nhựa) (không hoạt động tại trụ sở);2592: Gia công cơ khí; xử lý và tráng phủ kim,internet
315321159,CÔNG TY CỔ PHẦN XĂNG DẦU BẮC VIỆT,CÔNG TY CỔ PHẦN XĂNG DẦU BẮC V,Công ty cổ phần,"568 Nguyễn Oanh, Phường 6, Quận Gò Vấp, Thành phố Hồ Chí Minh, Việt Nam",Quận Gò Vấp,"4610: Đại lý, môi giới, đấu giá hàng hóa-Chi tiết: Đại lý, môi giới hàng hóa (trừ môi giới bất động sản, môi giới bảo hiểm);4632: Bán buôn thực phẩm-(không hoạt động tại trụ sở)
Chi tiết: Bán buôn thự",internet
313796189,CÔNG TY TNHH CÔNG NGHỆ VÀ XÂY LẮP MIỀN NAM,CÔNG TY TNHH CÔNG NGHỆ VÀ XÂY ,Công ty trách nhiệm hữu hạn một thành viên,"214/11 Nguyễn Oanh, Phường 17, Quận Gò Vấp, Thành phố Hồ Chí Minh, Việt Nam",Quận Gò Vấp,"2610: Sản xuất linh kiện điện tử-(không hoạt động tại trụ sở);9512: Sửa chữa thiết bị liên lạc-( trừ gia công cơ khí, tái chế phế thải, xi mạ điện tại trụ sở);2732: Sản xuất dây, cáp điện và điện tử k",internet
313919031,CÔNG TY TNHH THƯƠNG MẠI DỊCH VỤ XÂY DỰNG ĐINH PHÚC,CÔNG TY TNHH THƯƠNG MẠI DỊCH V,Công ty trách nhiệm hữu hạn một thành viên,"537/22 Nguyễn Oanh, Phường 17, Quận Gò Vấp, Thành phố Hồ Chí Minh, Việt Nam",Quận Gò Vấp,"4663: Bán buôn vật liệu, thiết bị lắp đặt khác trong xây dựng-chi tiết: bán buôn vật liệu xây dựng, hàng trang trí nội thất, bán buôn sơn và véc ni. bán buôn gỗ cây và gỗ chế biến;2022: Sản xuất sơn, ",lap top
313944944,CÔNG TY TNHH MỘT THÀNH VIÊN SAO VÀNG MEDIA,CÔNG TY TNHH MỘT THÀNH VIÊN SA,Công ty trách nhiệm hữu hạn một thành viên,"468/1 Phan Văn Trị, Phường 7, Quận Gò Vấp, Thành phố Hồ Chí Minh, Việt Nam",Quận Gò Vấp,"4652: Bán buôn thiết bị và linh kiện điện tử, viễn thông-;4632: Bán buôn thực phẩm-Chi tiết: Bán buôn yến sào, sâm, đông trùng hạ thảo;1410: May trang phục (trừ trang phục từ da lông thú)-(trừ gia côn",internet
313953057,DOANH NGHIỆP TƯ NHÂN INTERNET PREMIUM,DOANH NGHIỆP TƯ NHÂN INTERNET ,Doanh nghiệp tư nhân,"351 Lê Văn Thọ, Phường 9, Quận Gò Vấp, Thành phố Hồ Chí Minh, Việt Nam",Quận Gò Vấp,"6190: Hoạt động viễn thông khác-(trừ bán lại hạ tầng viễn thông, mạng cung cấp);Doanh nghiệp phải thực hiện đúng các quy định của pháp luật về đất đai, xây dựng, phòng cháy chữa cháy, bảo vệ môi trườn",internet
313929738,CÔNG TY TNHH TELEX VIỆT NAM,CÔNG TY TNHH TELEX VIỆT NAM,Công ty trách nhiệm hữu hạn hai thành viên trở lên,"776/56 Phạm Văn Bạch, Phường 12, Quận Gò Vấp, Thành phố Hồ Chí Minh, Việt Nam",Quận Gò Vấp,"4632: Bán buôn thực phẩm-(không hoạt động tại trụ sở);4651: Bán buôn máy vi tính, thiết bị ngoại vi và phần mềm-;4649: Bán buôn đồ dùng khác cho gia đình-(trừ kinh doanh dược phẩm);4652: Bán buôn thiế",internet
313949371,CÔNG TY TNHH THIẾT KẾ MAY MẶC MINH QUANG,CÔNG TY TNHH THIẾT KẾ MAY MẶC ,Công ty trách nhiệm hữu hạn một thành viên,"163/17/32 Bùi Quang Là, Phường 12, Quận Gò Vấp, Thành phố Hồ Chí Minh, Việt Nam",Quận Gò Vấp,"1322: Sản xuất hàng may sẵn (trừ trang phục)-;1410: May trang phục (trừ trang phục từ da lông thú)-(trừ tẩy, nhuộm, hồ, in trên các sản phẩm vải sợi, dệt, may đan và không gia công hàng đã qua sử dụng",internet
313935805,CÔNG TY TNHH THƯƠNG MẠI DỊCH VỤ T&K SÀI GÒN,CÔNG TY TNHH THƯƠNG MẠI DỊCH V,Công ty trách nhiệm hữu hạn một thành viên,"61/70, đường số 59 , Phường 14, Quận Gò Vấp, Thành phố Hồ Chí Minh, Việt Nam",Quận Gò Vấp,"4632: Bán buôn thực phẩm-Chi tiết: Bán buôn đường (không hoạt động tại trụ sở); Bán buôn  sữa và các sản phẩm sữa, bánh kẹo và các sản phẩm chế biến từ ngũ cốc, bột và tinh bột;6311: Xử lý dữ liệu, ch",internet
313955216,DOANH NGHIỆP TƯ NHÂN TRÒ CHƠI ĐIỆN TỬ GIA BẢO,DOANH NGHIỆP TƯ NHÂN TRÒ CHƠI ,Doanh nghiệp tư nhân,"116 đường số 30, Phường 6, Quận Gò Vấp, Thành phố Hồ Chí Minh, Việt Nam",Quận Gò Vấp,4722: Bán lẻ thực phẩm trong các cửa hàng chuyên doanh-(thực hiện theo quyết định 64/2009/QĐ-UBNDngày 31/07/2009 và quyết định  số 79/2009/QĐ-UBND ngày 17/10/2009 của Ủy ban nhân dân TP. Hồ Chí Minh v,internet
313956932,CÔNG TY TNHH ERES,CÔNG TY TNHH ERES,Công ty trách nhiệm hữu hạn một thành viên,"176/22 Nguyễn Thái Sơn, Phường 4, Quận Gò Vấp, Thành phố Hồ Chí Minh, Việt Nam",Quận Gò Vấp,"0118: Trồng rau, đậu các loại và trồng hoa, cây cảnh-;4620: Bán buôn nông, lâm sản nguyên liệu (trừ gỗ, tre, nứa) và động vật sống-(Không hoạt động tại trụ sở);4773: Bán lẻ hàng hóa khác mới trong các",internet
313957823,CÔNG TY TNHH TƯ VẤN QUẢN LÝ VÀ CÔNG NGHỆ AN PHÁT,CÔNG TY TNHH TƯ VẤN QUẢN LÝ VÀ,Công ty trách nhiệm hữu hạn hai thành viên trở lên,"78/35 Đường Số 51, Phường 14, Quận Gò Vấp, Thành phố Hồ Chí Minh, Việt Nam",Quận Gò Vấp,"7020: Hoạt động tư vấn quản lý-(trừ tư vấn tài chính, kế toán).;7310: Quảng cáo-;7320: Nghiên cứu thị trường và thăm dò dư luận-;7410: Hoạt động thiết kế chuyên dụng-Chi tiết: Hoạt động trang trí nội ",internet
313933491,DOANH NGHIỆP TƯ NHÂN THƯƠNG MẠI DỊCH VỤ LẮP ĐẶT TRUNG ANH,DOANH NGHIỆP TƯ NHÂN THƯƠNG MẠ,Doanh nghiệp tư nhân,"150 Lý Thường Kiệt, Phường 7, Quận Gò Vấp, Thành phố Hồ Chí Minh, Việt Nam",Quận Gò Vấp,"6190: Hoạt động viễn thông khác-Chi tiết: Hoạt động của các điểm truy cập Internet, điểm cung cấp dịch vụ trò chơi điện tử công cộng (trừ kinh doanh trò chơi có thưởng dành cho người nước ngoài và kin",internet
313950384,CÔNG TY TNHH THƯƠNG MẠI DỊCH VỤ VIỄN THÔNG GIÁ RẺ,CÔNG TY TNHH THƯƠNG MẠI DỊCH V,Công ty trách nhiệm hữu hạn hai thành viên trở lên,"50/31/32 Đường số 59, Khu phố 2, Phường 14, Quận Gò Vấp, Thành phố Hồ Chí Minh, Việt Nam",Quận Gò Vấp,"4741: Bán lẻ máy vi tính, thiết bị ngoại vi, phần mềm và thiết bị viễn thông trong các cửa hàng chuyên doanh-;4742: Bán lẻ thiết bị nghe nhìn trong các cửa hàng chuyên doanh-;6190: Hoạt động viễn thôn",internet
313954759,CÔNG TY TNHH THƯƠNG MẠI DU LỊCH CHÂU TUẤN,CÔNG TY TNHH THƯƠNG MẠI DU LỊC,Công ty trách nhiệm hữu hạn một thành viên,"47/48/18 Nguyễn Tư Giản, Phường 12, Quận Gò Vấp, Thành phố Hồ Chí Minh, Việt Nam",Quận Gò Vấp,"5224: Bốc xếp hàng hóa-(trừ bốc xếp hàng hóa cảng hàng không);5229: Hoạt động dịch vụ hỗ trợ khác liên quan đến vận tải-Chi tiết: Đại lý bán vé máy bay, vé tàu, vé xe;6190: Hoạt động viễn thông khác-C",internet
313984591,CÔNG TY TNHH THƯƠNG MẠI LIFE SAFETY 168,CÔNG TY TNHH THƯƠNG MẠI LIFE S,Công ty trách nhiệm hữu hạn một thành viên,"562/15/1A Quang Trung, Phường 11, Quận Gò Vấp, Thành phố Hồ Chí Minh, Việt Nam",Quận Gò Vấp,"4321: Lắp đặt hệ thống điện-chi tiết: Lắp đặt hệ thống điện, điện lạnh, điện cơ công nghiệp và dân dụng; lắp đặt thang máy, cầu thang, băng truyền; lắp đặt mạng điện thoại; Lắp đặt hệ thống phòng cháy",internet
313988821,CÔNG TY TNHH THƯƠNG MẠI DỊCH VỤ CUNG CẤP THÔNG TIN TRẦN SĨ,CÔNG TY TNHH THƯƠNG MẠI DỊCH V,Công ty trách nhiệm hữu hạn một thành viên,"271/125/74 Quang Trung, Phường 10, Quận Gò Vấp, Thành phố Hồ Chí Minh, Việt Nam",Quận Gò Vấp,"4741: Bán lẻ máy vi tính, thiết bị ngoại vi, phần mềm và thiết bị viễn thông trong các cửa hàng chuyên doanh-;6120: Hoạt động viễn thông không dây-;6190: Hoạt động viễn thông khác-chi tiết: hoạt động ",internet
313993275,CÔNG TY CỔ PHẦN TẬP ĐOÀN 4H MUA SẮM THÔNG MINH - QUÀ TẶNG TRAO TAY APPLICATION HAPPY HEARTS,CÔNG TY CỔ PHẦN TẬP ĐOÀN 4H MU,Công ty cổ phần,"588 Lê Quang Định, Phường 1, Quận Gò Vấp, Thành phố Hồ Chí Minh, Việt Nam",Quận Gò Vấp,"6820: Tư vấn, môi giới, đấu giá bất động sản, đấu giá quyền sử dụng đất-Chi tiết:Tư vấn về bất động sản; Định giá bất động sản (trừ tư vấn mang tính pháp lý); Môi giới bất động sản; Sàn giao dịch bất ",internet
313964549,CÔNG TY TNHH THƯƠNG MẠI DỊCH VỤ VẬN TẢI VIÊN KHUÊ,CÔNG TY TNHH THƯƠNG MẠI DỊCH V,Công ty trách nhiệm hữu hạn một thành viên,"Số 549/28/27 Lê Văn Thọ, Phường 14, Quận Gò Vấp, Thành phố Hồ Chí Minh, Việt Nam",Quận Gò Vấp,"7490: Hoạt động chuyên môn, khoa học và công nghệ khác chưa được phân vào đâu-Chi tiết: Dịch thuật, môi giới thương mại (trừ thanh toán hối phiếu, thông tin tỉ lệ lượng và tư vấn chứng khoán);7710: Ch",internet
313994568,CÔNG TY TNHH THƯƠNG MẠI DỊCH VỤ XUẤT NHẬP KHẨU ĐẠI TOÀN PHÁT,CÔNG TY TNHH THƯƠNG MẠI DỊCH V,Công ty trách nhiệm hữu hạn một thành viên,"Số 495 Thống Nhất , Phường 16, Quận Gò Vấp, Thành phố Hồ Chí Minh, Việt Nam",Quận Gò Vấp,"1329: Sản xuất các loại hàng dệt khác chưa được phân vào đâu-chi tiết: sản xuất gia công: vải sợi, hàng may mặc (Trừ tẩy, nhuộm, hồ, in trên các sản phẩm vải sợi, dệt, may, đan và gia công hàng đã qua",lap top
314012849,CÔNG TY TNHH SỨC KHỎE TOÀN DIỆN VN,CÔNG TY TNHH SỨC KHỎE TOÀN DIỆ,Công ty trách nhiệm hữu hạn hai thành viên trở lên,"162/22 Nguyễn Thái Sơn, Phường 4, Quận Gò Vấp, Thành phố Hồ Chí Minh, Việt Nam",Quận Gò Vấp,"9521: Sửa chữa thiết bị nghe nhìn điện tử gia dụng-;9522: Sửa chữa thiết bị, đồ dùng gia đình-;6619: Hoạt động hỗ trợ dịch vụ tài chính chưa được phân vào đâu-Chi tiết: Tư vấn đầu tư (trừ tư vấn tài c",internet
314011210,CÔNG TY TNHH AZTAX,CÔNG TY TNHH AZTAX,Công ty trách nhiệm hữu hạn hai thành viên trở lên,"135 Đường số 12, KDC Cityland, Phường 10, Quận Gò Vấp, Thành phố Hồ Chí Minh, Việt Nam",Quận Gò Vấp,"7020: Hoạt động tư vấn quản lý-(trừ tư vấn tài chính, kế toán, pháp luật);8560: Dịch vụ hỗ trợ giáo dục-;1410: May trang phục (trừ trang phục từ da lông thú)-Chi tiết: Sản xuất, gia công khẩu trang y ",internet
314012278,CÔNG TY TNHH PHÁT TRIỂN TM DV ASP,CÔNG TY TNHH PHÁT TRIỂN TM DV ,Công ty trách nhiệm hữu hạn một thành viên,"145 Nguyễn Văn Công, Phường 3, Quận Gò Vấp, Thành phố Hồ Chí Minh, Việt Nam",Quận Gò Vấp,"6201: Lập trình máy vi tính-;6202: Tư vấn máy vi tính và quản trị hệ thống máy vi tính-;6209: Hoạt động dịch vụ công nghệ thông tin và dịch vụ khác liên quan đến máy vi tính-;6311: Xử lý dữ liệu, cho ",internet
314026464,CÔNG TY TNHH MỘT THÀNH VIÊN SẢN XUẤT THƯƠNG MẠI DỊCH VỤ INTERNET ĐÔNG HY,CÔNG TY TNHH MỘT THÀNH VIÊN SẢ,Công ty trách nhiệm hữu hạn một thành viên,"106 Huỳnh Khương An , Phường 5, Quận Gò Vấp, Thành phố Hồ Chí Minh, Việt Nam",Quận Gò Vấp,2599: Sản xuất sản phẩm khác bằng kim loại chưa được phân vào đâu-(không hoạt động tại trụ sở).;2592: Gia công cơ khí; xử lý và tráng phủ kim loại-(không hoạt động tại trụ sở).;5820: Xuất bản phần mềm,internet
314017413,CÔNG TY TNHH NỘI THẤT PHÚC MỘC,CÔNG TY TNHH NỘI THẤT PHÚC MỘC,Công ty trách nhiệm hữu hạn một thành viên,"62/1 Nguyễn Tư Giản, Phường 12, Quận Gò Vấp, Thành phố Hồ Chí Minh, Việt Nam",Quận Gò Vấp,"4329: Lắp đặt hệ thống xây dựng khác-Chi tiết: Lắp đặt thang máy, cầu thang gỗ, cầu thang tự động, các loại cửa tự động, hệ thống đèn chiếu sáng, hệ thống hút bụi, hệ thống âm thanh.;4641: Bán buôn vả",internet
314013507,CÔNG TY TNHH NGHIÊN CỨU VÀ PHÁT TRIỂN GIA ĐỊNH,CÔNG TY TNHH NGHIÊN CỨU VÀ PHÁ,Công ty trách nhiệm hữu hạn hai thành viên trở lên,"736/163/23 Lê Đức Thọ, Phường 15, Quận Gò Vấp, Thành phố Hồ Chí Minh, Việt Nam",Quận Gò Vấp,"2620: Sản xuất máy vi tính và thiết bị ngoại vi của máy vi tính-;2651: Sản xuất thiết bị đo lường, kiểm tra, định hướng và điều khiển-;1811: In ấn-;1812: Dịch vụ liên quan đến in-;4663: Bán buôn vật l",internet
314031961,CÔNG TY TNHH SẢN XUẤT THƯƠNG MẠI & XÂY LẮP TÂY NAM,CÔNG TY TNHH SẢN XUẤT THƯƠNG M,Công ty trách nhiệm hữu hạn hai thành viên trở lên,"616/11/6 Lê Đức Thọ , Phường 15, Quận Gò Vấp, Thành phố Hồ Chí Minh, Việt Nam",Quận Gò Vấp,2392: Sản xuất vật liệu xây dựng từ đất sét-(không hoạt động tại trụ sở);2395: Sản xuất bê tông và các sản phẩm từ xi măng và thạch cao-(không hoạt động tại trụ sở);2396: Cắt tạo dáng và hoàn thiện đá,internet
314037988,CÔNG TY TNHH TRUYỀN THÔNG ÁNH KIM,CÔNG TY TNHH TRUYỀN THÔNG ÁNH ,Công ty trách nhiệm hữu hạn hai thành viên trở lên,"5 Quang Trung, Phường 11, Quận Gò Vấp, Thành phố Hồ Chí Minh, Việt Nam",Quận Gò Vấp,"7310: Quảng cáo-;8230: Tổ chức giới thiệu và xúc tiến thương mại-(không thực hiện các hiệu ứng cháy, nổ; không sử dụng chất nổ, chất cháy, hóa chất làm đạo cụ, dụng cụ thực hiện các chương trình văn n",internet
314049493,CÔNG TY TNHH THIẾT KẾ LATO,CÔNG TY TNHH THIẾT KẾ LATO,Công ty trách nhiệm hữu hạn một thành viên,"17/46 Nguyễn Văn Lượng, Phường 17, Quận Gò Vấp, Thành phố Hồ Chí Minh, Việt Nam",Quận Gò Vấp,"4711: Bán lẻ lương thực, thực phẩm, đồ uống, thuốc lá, thuốc lào chiếm tỷ trọng lớn trong các cửa hàng kinh doanh tổng hợp-(thực hiện theo quyết định 64/2009/QĐ-UBND ngày 31/07/2009 và quyết định  số ",internet
314053901,CÔNG TY TNHH ANTHANHS,CÔNG TY TNHH ANTHANHS,Công ty trách nhiệm hữu hạn một thành viên,"855/9 Quang Trung, Phường 12, Quận Gò Vấp, Thành phố Hồ Chí Minh, Việt Nam",Quận Gò Vấp,5820: Xuất bản phần mềm-chi tiết: Sản xuất phần mềm.;6201: Lập trình máy vi tính-;6202: Tư vấn máy vi tính và quản trị hệ thống máy vi tính-;6209: Hoạt động dịch vụ công nghệ thông tin và dịch vụ khác,internet
314055592,CÔNG TY TNHH GIẢI TRÍ GAMES MỸ NHÂN NGƯ,CÔNG TY TNHH GIẢI TRÍ GAMES MỸ,Công ty trách nhiệm hữu hạn một thành viên,"1488 Lê Đức Thọ, Phường 13, Quận Gò Vấp, Thành phố Hồ Chí Minh, Việt Nam",Quận Gò Vấp,"4659: Bán buôn máy móc, thiết bị và phụ tùng máy khác-;6492: Hoạt động cấp tín dụng khác-Chi tiết: Dịch vụ cầm đồ;7710: Cho thuê xe có động cơ-;9329: Hoạt động vui chơi giải trí khác chưa được phân và",internet
314044583,CÔNG TY TNHH DỊCH VỤ THƯƠNG MẠI CÔNG NGHỆ THÔNG TIN HM,CÔNG TY TNHH DỊCH VỤ THƯƠNG MẠ,Công ty trách nhiệm hữu hạn hai thành viên trở lên,"15 Phan Văn Trị, Phường 7, Quận Gò Vấp, Thành phố Hồ Chí Minh, Việt Nam",Quận Gò Vấp,6209: Hoạt động dịch vụ công nghệ thông tin và dịch vụ khác liên quan đến máy vi tính-;6201: Lập trình máy vi tính-;6202: Tư vấn máy vi tính và quản trị hệ thống máy vi tính-;4651: Bán buôn máy vi tín,internet
314069813,CÔNG TY TNHH THÔNG TIN DOANH NGHIỆP VIỆT,CÔNG TY TNHH THÔNG TIN DOANH N,Công ty trách nhiệm hữu hạn một thành viên,"412 Nguyễn Văn Công, Phường 3, Quận Gò Vấp, Thành phố Hồ Chí Minh, Việt Nam",Quận Gò Vấp,"6209: Hoạt động dịch vụ công nghệ thông tin và dịch vụ khác liên quan đến máy vi tính-chi tiết: thiết kế website. dịch vụ đăng ký tên miền. cung cấp dịch vụ ứng dụng internet;6311: Xử lý dữ liệu, cho ",internet
314003629,CÔNG TY TNHH THƯƠNG MẠI DỊCH VỤ ỨNG DỤNG CÔNG NGHỆ MỚI VIỆT NAM,CÔNG TY TNHH THƯƠNG MẠI DỊCH V,Công ty trách nhiệm hữu hạn hai thành viên trở lên,"Số 147, Đường Nguyễn Oanh, Phường 10, Quận Gò Vấp, Thành phố Hồ Chí Minh, Việt Nam",Quận Gò Vấp,"2610: Sản xuất linh kiện điện tử-(không hoạt động tại trụ sở);2750: Sản xuất đồ điện dân dụng-Chi tiết: Lắp ráp đồ điện dân dụng (trừ gia công cơ khí, tái chế phế thải, xi mạ điện tại trụ sở);2790: Sả",internet
314063561,CÔNG TY TNHH TMK GROUP,CÔNG TY TNHH TMK GROUP,Công ty trách nhiệm hữu hạn một thành viên,"416/43/28 Dương Quảng Hàm , Phường 5, Quận Gò Vấp, Thành phố Hồ Chí Minh, Việt Nam",Quận Gò Vấp,"4791: Bán lẻ theo yêu cầu đặt hàng qua bưu điện hoặc internet-(trừ bán lẻ bình gas, súng, đạn loại dùng đi săn hoặc thể thao và tiền kim khí; Thực hiện theo Quyết định 64/2009/QĐ-UBND ngày 31/7/2009 c",internet
314080091,CÔNG TY TNHH THƯƠNG MẠI DỊCH VỤ VÀ VIỄN THÔNG KIẾN AN,CÔNG TY TNHH THƯƠNG MẠI DỊCH V,Công ty trách nhiệm hữu hạn một thành viên,"637/61/84 Quang Trung, Phường 11, Quận Gò Vấp, Thành phố Hồ Chí Minh, Việt Nam",Quận Gò Vấp,2610: Sản xuất linh kiện điện tử-(không hoạt động tại trụ sở);2620: Sản xuất máy vi tính và thiết bị ngoại vi của máy vi tính-(không hoạt động tại trụ sở);2630: Sản xuất thiết bị truyền thông-(không h,internet
314017572,CÔNG TY TNHH THƯƠNG MẠI DỊCH VỤ TAM HỘI LỘC,CÔNG TY TNHH THƯƠNG MẠI DỊCH V,Công ty trách nhiệm hữu hạn hai thành viên trở lên,"149 Đường số 17, Phường 11, Quận Gò Vấp, Thành phố Hồ Chí Minh, Việt Nam",Quận Gò Vấp,8299: Hoạt động dịch vụ hỗ trợ kinh doanh khác còn lại chưa được phân vào đâu-Chi tiết: Xuất nhập khẩu các mặt hàng Công ty kinh doanh;4933: Vận tải hàng hóa bằng đường bộ-(trừ hóa lỏng khí để vận chu,lap top
314082638,CÔNG TY TNHH MỘT THÀNH VIÊN DỊCH VỤ TRÒ CHƠI ĐIỆN TỬ 9 NÀNG TIÊN,CÔNG TY TNHH MỘT THÀNH VIÊN DỊ,Công ty trách nhiệm hữu hạn một thành viên,"Số 380 Dương Quảng Hàm , Phường 5, Quận Gò Vấp, Thành phố Hồ Chí Minh, Việt Nam",Quận Gò Vấp,6190: Hoạt động viễn thông khác-chi tiết: Hoạt động của các điểm truy cập internet.;9329: Hoạt động vui chơi giải trí khác chưa được phân vào đâu-chi tiết: Kinh doanh trò chơi điện tử (trừ kinh doanh ,internet
314082821,CÔNG TY TNHH ĐẠI LÝ THUẾ VACHI,CÔNG TY TNHH ĐẠI LÝ THUẾ VACHI,Công ty trách nhiệm hữu hạn một thành viên,"189/21 Đường số 20, Phường 5, Quận Gò Vấp, Thành phố Hồ Chí Minh, Việt Nam",Quận Gò Vấp,"4610: Đại lý, môi giới, đấu giá-(trừ môi giới bất động sản);6619: Hoạt động hỗ trợ dịch vụ tài chính chưa được phân vào đâu-Chi tiết: Hoạt động tư vấn đầu tư (trừ tư vấn tài chính, kế toán, pháp luật)",internet
314087749,CÔNG TY TNHH ĐẦU TƯ VIỄN THÔNG TRƯỜNG AN,CÔNG TY TNHH ĐẦU TƯ VIỄN THÔNG,Công ty trách nhiệm hữu hạn một thành viên,"174/19/34 Nguyễn Tư Giản, Phường 12, Quận Gò Vấp, Thành phố Hồ Chí Minh, Việt Nam",Quận Gò Vấp,"4651: Bán buôn máy vi tính, thiết bị ngoại vi và phần mềm-;4690: Bán buôn tổng hợp-chi tiết: Bán buôn điện thoại, máy bộ đàm và tổng đài, thiết bị giám sát, phụ kiện viễn thông, thiết bị văn phòng, li",internet
314087925,CÔNG TY TNHH THƯƠNG MẠI DỊCH VỤ XÂY DỰNG QUẢNG CÁO NGUYỄN HOÀNG,CÔNG TY TNHH THƯƠNG MẠI DỊCH V,Công ty trách nhiệm hữu hạn hai thành viên trở lên,"15/58 Đường số 8, Khu phố 10, Phường 11, Quận Gò Vấp, Thành phố Hồ Chí Minh, Việt Nam",Quận Gò Vấp,"4610: Đại lý, môi giới, đấu giá hàng hóa-chi tiết: Đại lý bán hàng hoá; môi giới mua bán hàng hóa;4641: Bán buôn vải, hàng may mặc, giày dép-;4649: Bán buôn đồ dùng khác cho gia đình-Chi tiết: Bán buô",internet
314092562,CÔNG TY TNHH ĐẦU TƯ THƯƠNG MẠI DỊCH VỤ TÙNG THIÊN ÂN,CÔNG TY TNHH ĐẦU TƯ THƯƠNG MẠI,Công ty trách nhiệm hữu hạn một thành viên,"965/36/6 Quang Trung, Phường 14, Quận Gò Vấp, Thành phố Hồ Chí Minh, Việt Nam",Quận Gò Vấp,"4663: Bán buôn vật liệu, thiết bị lắp đặt khác trong xây dựng-chi tiết: Bán buôn tre, nứa, gỗ cây và gỗ chế biến. Bán buôn xi măng. Bán buôn gạch xây, ngói, đá, cát, sỏi. Bán buôn kính xây dựng. Bán b",internet
314097271,CÔNG TY TNHH DỊCH VỤ QUẢNG CÁO KTV,CÔNG TY TNHH DỊCH VỤ QUẢNG CÁO,Công ty trách nhiệm hữu hạn hai thành viên trở lên,"682/51/32 Quang Trung, Phường 11, Quận Gò Vấp, Thành phố Hồ Chí Minh, Việt Nam",Quận Gò Vấp,"0161: Hoạt động dịch vụ trồng trọt-;1512: Sản xuất vali, túi xách và các loại tương tự, sản xuất yên đệm-;1629: Sản xuất sản phẩm khác từ gỗ; sản xuất sản phẩm từ tre, nứa, rơm, rạ và vật liệu tết bện",internet
314103687,CÔNG TY TNHH QUẢNG CÁO TRUYỀN THÔNG THIÊN PHÚC,CÔNG TY TNHH QUẢNG CÁO TRUYỀN ,Công ty trách nhiệm hữu hạn một thành viên,"49/60 Phạm Văn Chiêu, Phường 14, Quận Gò Vấp, Thành phố Hồ Chí Minh, Việt Nam",Quận Gò Vấp,"2220: Sản xuất sản phẩm từ plastic-Chi tiết: Sản xuất các sản phẩm nhựa (trừ sản xuất xốp cách nhiệt sử dụng ga R141b và tái chế phế thải, luyện cán cao su tại trụ sở);2392: Sản xuất vật liệu xây dựng",internet
314108124,CÔNG TY TNHH AKC VIỆT NAM,CÔNG TY TNHH AKC VIỆT NAM,Công ty trách nhiệm hữu hạn hai thành viên trở lên,"451/6 Phan Văn Trị, Phường 5, Quận Gò Vấp, Thành phố Hồ Chí Minh, Việt Nam",Quận Gò Vấp,"4662: Bán buôn kim loại và quặng kim loại-Chi tiết: Bán buôn sắt, thép;4663: Bán buôn vật liệu, thiết bị lắp đặt khác trong xây dựng-;4741: Bán lẻ máy vi tính, thiết bị ngoại vi, phần mềm và thiết bị ",internet
314097962,CÔNG TY TNHH DỊCH VỤ VÀ KỸ THUẬT BẢO CHÂU,CÔNG TY TNHH DỊCH VỤ VÀ KỸ THU,Công ty trách nhiệm hữu hạn hai thành viên trở lên,"85/15/18 Lê Lai, Phường 4, Quận Gò Vấp, Thành phố Hồ Chí Minh, Việt Nam",Quận Gò Vấp,"4723: Bán lẻ đồ uống trong các cửa hàng chuyên doanh-;4724: Bán lẻ sản phẩm thuốc lá, thuốc lào trong các cửa hàng chuyên doanh-(thực hiện theo quyết định 64/2009/QĐ-UBND ngày 31/07/2009 và quyết định",internet
314107988,CÔNG TY TNHH TM VÀ DV KỸ THUẬT HOÀNG KIM,CÔNG TY TNHH TM VÀ DV KỸ THUẬT,Công ty trách nhiệm hữu hạn hai thành viên trở lên,"223/2/21 Đường Số 8, Phường 17, Quận Gò Vấp, Thành phố Hồ Chí Minh, Việt Nam",Quận Gò Vấp,"1811: In ấn-(trừ in tráng bao bì kim loại, in trên các sản phẩm vải sợi, dệt, may, đan tại trụ sở);1812: Dịch vụ liên quan đến in-;2011: Sản xuất hoá chất cơ bản-Chi tiết: Sản xuất hóa chất trong lĩnh",internet
313872055,CÔNG TY TNHH ĐẦU TƯ PHÁT TRIỂN VẬT LIỆU XÂY DỰNG SÀI GÒN,CÔNG TY TNHH ĐẦU TƯ PHÁT TRIỂN,Công ty trách nhiệm hữu hạn một thành viên,"27/316 Thống Nhất , Phường 15, Quận Gò Vấp, Thành phố Hồ Chí Minh, Việt Nam",Quận Gò Vấp,"6190: Hoạt động viễn thông khác-Chi tiết: Điểm truy cập internet, điểm cung cấp dịch vụ trò chơi điện tử công cộng (trừ kinh doanh trò chơi điện tử có thưởng cho người nước ngoài và kinh doanh trò chơ",internet
314078832,CÔNG TY TNHH DỊCH VỤ KỸ THUẬT QUỐC HUY,CÔNG TY TNHH DỊCH VỤ KỸ THUẬT ,Công ty trách nhiệm hữu hạn một thành viên,"126 Nguyễn Tư Giản, Phường 12, Quận Gò Vấp, Thành phố Hồ Chí Minh, Việt Nam",Quận Gò Vấp,"4741: Bán lẻ máy vi tính, thiết bị ngoại vi, phần mềm và thiết bị viễn thông trong các cửa hàng chuyên doanh-;6110: Hoạt động viễn thông có dây-;6120: Hoạt động viễn thông không dây-;6190: Hoạt động v",internet
314123556,CÔNG TY CỔ PHẦN TOPCAREER VIỆT NAM,CÔNG TY CỔ PHẦN TOPCAREER VIỆT,Công ty cổ phần,"702/86 Lê Đức Thọ, Phường 15, Quận Gò Vấp, Thành phố Hồ Chí Minh, Việt Nam",Quận Gò Vấp,"4741: Bán lẻ máy vi tính, thiết bị ngoại vi, phần mềm và thiết bị viễn thông trong các cửa hàng chuyên doanh-;6190: Hoạt động viễn thông khác-Chi tiết: Hoạt động của các điểm truy cập Internet;6201: L",internet
314114047,CÔNG TY TNHH THƯƠNG MẠI DỊCH VỤ XÂY DỰNG 247,CÔNG TY TNHH THƯƠNG MẠI DỊCH V,Công ty trách nhiệm hữu hạn một thành viên,"58/46/19 Thống Nhất, Phường 10, Quận Gò Vấp, Thành phố Hồ Chí Minh, Việt Nam",Quận Gò Vấp,"4513: Đại lý ô tô và xe có động cơ khác-;4520: Bảo dưỡng, sửa chữa ô tô và xe có động cơ khác-;4530: Bán phụ tùng và các bộ phận phụ trợ của ô tô và xe có động cơ khác-;4541: Bán mô tô, xe máy-;4542: ",internet
314085653,CÔNG TY TNHH ĐẦU TƯ THƯƠNG MẠI DỊCH VỤ XUẤT NHẬP KHẨU C&N,CÔNG TY TNHH ĐẦU TƯ THƯƠNG MẠI,Công ty trách nhiệm hữu hạn hai thành viên trở lên,"165 Đường số 17 , Phường 11, Quận Gò Vấp, Thành phố Hồ Chí Minh, Việt Nam",Quận Gò Vấp,"2651: Sản xuất thiết bị đo lường, kiểm tra, định hướng và điều khiển-;5012: Vận tải hàng hóa ven biển và viễn dương-;5022: Vận tải hàng hóa đường thuỷ nội địa-;5221: Hoạt động dịch vụ hỗ trợ trực tiếp",internet
314130095,CÔNG TY TNHH SẢN XUẤT & THƯƠNG MẠI KYOWA VIỆT NAM,CÔNG TY TNHH SẢN XUẤT  THƯƠNG ,Công ty trách nhiệm hữu hạn hai thành viên trở lên,"628 Lê Quang Định, Phường 1, Quận Gò Vấp, Thành phố Hồ Chí Minh, Việt Nam",Quận Gò Vấp,"9521: Sửa chữa thiết bị nghe nhìn điện tử gia dụng-;2814: Sản xuất bi, bánh răng, hộp số, các bộ phận điều khiển và truyền chuyển động-;2815: Sản xuất lò nướng, lò luyện và lò nung-(không hoạt động tạ",lap top
314117344,CÔNG TY TNHH BẤT ĐỘNG SẢN LV,CÔNG TY TNHH BẤT ĐỘNG SẢN LV,Công ty trách nhiệm hữu hạn hai thành viên trở lên,"340/60 Quang Trung, Phường 10, Quận Gò Vấp, Thành phố Hồ Chí Minh, Việt Nam",Quận Gò Vấp,"6619: Hoạt động hỗ trợ dịch vụ tài chính chưa được phân vào đâu-Chi tiết: Hoạt động tư vấn đầu tư (trừ tư vấn tài chính, kế toán, pháp luật).;6820: Tư vấn, môi giới, đấu giá bất động sản, đấu giá quyề",internet
314135897,CÔNG TY TNHH THƯƠNG MẠI DỊCH VỤ GTV SEO,CÔNG TY TNHH THƯƠNG MẠI DỊCH V,Công ty trách nhiệm hữu hạn hai thành viên trở lên,"590/12 Phan Văn Trị, Phường 7, Quận Gò Vấp, Thành phố Hồ Chí Minh, Việt Nam",Quận Gò Vấp,"4610: Đại lý, môi giới, đấu giá-Chi tiết: Đại lý, môi giới;4651: Bán buôn máy vi tính, thiết bị ngoại vi và phần mềm-;4652: Bán buôn thiết bị và linh kiện điện tử, viễn thông-;4659: Bán buôn máy móc, ",internet
314146779,CÔNG TY TNHH MT WALK,CÔNG TY TNHH MT WALK,Công ty trách nhiệm hữu hạn một thành viên,"Tầng 1, Số 100 Đường số 10, CityLand Park Hills, Phường 10, Quận Gò Vấp, Thành phố Hồ Chí Minh, Việt Nam",Quận Gò Vấp,"4649: Bán buôn đồ dùng khác cho gia đình-chi tiết: Bán buôn mỹ phẩm; xuất nhập khẩu mỹ phẩm;Bán buôn; xuất khẩu các sản phẩm làm từ gỗ (chi tiết: Bàn ghế , so pha, nội thất); Bán buôn; xuất khẩu các t",internet
314152606,CÔNG TY CỔ PHẦN CÔNG NGHỆ NEWSUN,CÔNG TY CỔ PHẦN CÔNG NGHỆ NEWS,Công ty cổ phần,"54/93C Đường số 43, Phường 14, Quận Gò Vấp, Thành phố Hồ Chí Minh, Việt Nam",Quận Gò Vấp,6209: Hoạt động dịch vụ công nghệ thông tin và dịch vụ khác liên quan đến máy vi tính-;5820: Xuất bản phần mềm-Chi tiết: Sản xuất phần mềm.;5912: Hoạt động hậu kỳ-(trừ sản xuất phim và không thực hiện,internet
314167507,CÔNG TY CỔ PHẦN TÀI CHÍNH VNC,CÔNG TY CỔ PHẦN TÀI CHÍNH VNC,Công ty cổ phần,"72  Đường số  8 Khu Dân Cư Cityland Park Hills , Phường 10, Quận Gò Vấp, Thành phố Hồ Chí Minh, Việt Nam",Quận Gò Vấp,"2640: Sản xuất sản phẩm điện tử dân dụng-(không hoạt động tại trụ sở).;2710: Sản xuất mô tơ, máy phát, biến thế điện, thiết bị phân phối và điều khiển điện-(không hoạt động tại trụ sở).;6201: Lập trìn",internet
314146553,CÔNG TY TNHH VIỄN THÔNG ĐẶNG HOÀNG MINH,CÔNG TY TNHH VIỄN THÔNG ĐẶNG H,Công ty trách nhiệm hữu hạn một thành viên,"819/11/26 Quang Trung , Phường 12, Quận Gò Vấp, Thành phố Hồ Chí Minh, Việt Nam",Quận Gò Vấp,"4321: Lắp đặt hệ thống điện-(Không gia công cơ khí, tái chế phế thải, xi, mạ điện tại trụ sở);2610: Sản xuất linh kiện điện tử-(không hoạt động tại trụ sở);2620: Sản xuất máy vi tính và thiết bị ngoại",internet
314163598,CÔNG TY TNHH PHÁT TRIỂN HỒNG HÂN,CÔNG TY TNHH PHÁT TRIỂN HỒNG H,Công ty trách nhiệm hữu hạn hai thành viên trở lên,"74/1 Nguyễn Thái Sơn, Phường 3, Quận Gò Vấp, Thành phố Hồ Chí Minh, Việt Nam",Quận Gò Vấp,"7990: Dịch vụ đặt chỗ và các dịch vụ hỗ trợ liên quan đến quảng bá và tổ chức tua du lịch-; 4299: Xây dựng công trình kỹ thuật dân dụng khác-Chi tiết: xây dựng công trình dân dụng và công nghiệp, xây ",internet
314152701,CÔNG TY TNHH THƯƠNG MẠI DỊCH VỤ ĐẦU TƯ TOMATO,CÔNG TY TNHH THƯƠNG MẠI DỊCH V,Công ty trách nhiệm hữu hạn một thành viên,"141/63 Đường số 28, Phường 6, Quận Gò Vấp, Thành phố Hồ Chí Minh, Việt Nam",Quận Gò Vấp,2220: Sản xuất sản phẩm từ plastic-Chi tiết: Sản xuất bao bì từ plastic (không hoạt động tại trụ sở).;2592: Gia công cơ khí; xử lý và tráng phủ kim loại-(không hoạt động tại trụ sở);1702: Sản xuất giấ,internet
314152860,CÔNG TY TNHH SẢN XUẤT THƯƠNG MẠI CÁT TƯỜNG VY,CÔNG TY TNHH SẢN XUẤT THƯƠNG M,Công ty trách nhiệm hữu hạn một thành viên,"54/31 Bùi Quang Là, Phường 12, Quận Gò Vấp, Thành phố Hồ Chí Minh, Việt Nam",Quận Gò Vấp,"4742: Bán lẻ thiết bị nghe nhìn trong các cửa hàng chuyên doanh-;4751: Bán lẻ vải, len, sợi, chỉ khâu và hàng dệt khác trong các cửa hàng chuyên doanh-;4753: Bán lẻ thảm, đệm, chăn, màn, rèm, vật liệu",internet
313914770,CÔNG TY TNHH THƯƠNG MẠI XUẤT NHẬP KHẨU QUỐC TẾ VĨNH THỌ,CÔNG TY TNHH THƯƠNG MẠI XUẤT N,Công ty trách nhiệm hữu hạn một thành viên,"20/18 Đường số 9, Phường 9, Quận Gò Vấp, Thành phố Hồ Chí Minh, Việt Nam",Quận Gò Vấp,5011: Vận tải hành khách ven biển và viễn dương-;5021: Vận tải hành khách đường thuỷ nội địa-;5224: Bốc xếp hàng hóa-(trừ bốc xếp hàng hóa cảng hàng không;5229: Hoạt động dịch vụ hỗ trợ khác liên quan,internet
313928501,CÔNG TY TNHH THƯƠNG MẠI DỊCH VỤ STARLINK EXPRESS,CÔNG TY TNHH THƯƠNG MẠI DỊCH V,Công ty trách nhiệm hữu hạn một thành viên,"332/46 Dương Quảng Hàm, Phường 5, Quận Gò Vấp, Thành phố Hồ Chí Minh, Việt Nam",Quận Gò Vấp,5012: Vận tải hàng hóa ven biển và viễn dương-;5022: Vận tải hàng hóa đường thuỷ nội địa-;5229: Hoạt động dịch vụ hỗ trợ khác liên quan đến vận tải-Chi tiết: Dịch vụ giao nhận hàng hoá;5310: Bưu chính,internet
314142326,DOANH NGHIỆP TƯ NHÂN ĐẠI LÝ INTERNET LUXURY,DOANH NGHIỆP TƯ NHÂN ĐẠI LÝ IN,Doanh nghiệp tư nhân,"15 Nguyễn Tư Giản, Phường 12, Quận Gò Vấp, Thành phố Hồ Chí Minh, Việt Nam",Quận Gò Vấp,4722: Bán lẻ thực phẩm trong các cửa hàng chuyên doanh-(thực hiện theo quyết định 64/2009/QĐ-UBND ngày 31/07/2009 và quyết định  số 79/2009/QĐ-UBND ngày 17/10/2009 của Ủy ban nhân dân TP. Hồ Chí Minh ,internet
314173973,CÔNG TY TNHH GIẢI PHÁP CÔNG NGHỆ ITSS,CÔNG TY TNHH GIẢI PHÁP CÔNG NG,Công ty trách nhiệm hữu hạn một thành viên,"251/6 Lê Văn Thọ, Phường 9, Quận Gò Vấp, Thành phố Hồ Chí Minh, Việt Nam",Quận Gò Vấp,6209: Hoạt động dịch vụ công nghệ thông tin và dịch vụ khác liên quan đến máy vi tính-(trừ kinh doanh dịch vụ truy cập internet);5820: Xuất bản phần mềm-chi tiết: Sản xuất phần mềm.;6201: Lập trình má,internet
313970655,CÔNG TY CỔ PHẦN NGỌC HẢI AUTOMOBILE,CÔNG TY CỔ PHẦN NGỌC HẢI AUTOM,Công ty cổ phần,"786B, Nguyễn Kiệm, Phường 3, Quận Gò Vấp, Thành phố Hồ Chí Minh, Việt Nam",Quận Gò Vấp,"4511: Bán buôn ô tô và xe có động cơ khác-;4513: Đại lý ô tô và xe có động cơ khác-;4520: Bảo dưỡng, sửa chữa ô tô và xe có động cơ khác-;4933: Vận tải hàng hóa bằng đường bộ-(trừ hóa lỏng khí để vận ",internet
107607213,CÔNG TY CỔ PHẦN DU LỊCH ĐÔNG PHONG VIỆT NAM,CÔNG TY CỔ PHẦN DU LỊCH ĐÔNG P,Công ty cổ phần,"1143 Phan Văn Trị, Phường 10, Quận Gò Vấp, Thành phố Hồ Chí Minh, Việt Nam",Quận Gò Vấp,"7911: Đại lý du lịch-;7912: Điều hành tua du lịch-;8230: Tổ chức giới thiệu và xúc tiến thương mại-(không thực hiện các hiệu ứng cháy, nổ, không sử dụng chất nổ, chất cháy, hóa chất làm đạo cụ, dụng c",internet
313983816,CÔNG TY TNHH MỘT THÀNH VIÊN VẠN KỲ SƠN,CÔNG TY TNHH MỘT THÀNH VIÊN VẠ,Công ty trách nhiệm hữu hạn một thành viên,"238/31 Thống Nhất, Phường 10, Quận Gò Vấp, Thành phố Hồ Chí Minh, Việt Nam",Quận Gò Vấp,"2310: Sản xuất thuỷ tinh và sản phẩm từ thuỷ tinh-(Không hoạt động tại trụ sở).;2393: Sản xuất sản phẩm gốm sứ khác-(Không hoạt động tại trụ sở).;0150: Trồng trọt, chăn nuôi hỗn hợp-(Không hoạt động t",internet
313981537,CÔNG TY TNHH SAIGON SOFTWARE APPLICATION SSA,CÔNG TY TNHH SAIGON SOFTWARE A,Công ty trách nhiệm hữu hạn hai thành viên trở lên,"776/56 Phạm Văn Bạch, Phường 12, Quận Gò Vấp, Thành phố Hồ Chí Minh, Việt Nam",Quận Gò Vấp,"6311: Xử lý dữ liệu, cho thuê và các hoạt động liên quan-Chi tiết: Cung cấp hạ tầng thông tin cho thuê, dịch vụ xử lý dữ liệu và và các hoạt động có liên quan; tư vấn, cung cấp dịch vụ cho thuê trung ",software
314011757,CÔNG TY TNHH UTA,CÔNG TY TNHH UTA,Công ty trách nhiệm hữu hạn một thành viên,"537/29/2D Nguyễn Oanh, Phường 17, Quận Gò Vấp, Thành phố Hồ Chí Minh, Việt Nam",Quận Gò Vấp,"3100: Sản xuất giường, tủ, bàn, ghế-;7110: Hoạt động kiến trúc và tư vấn kỹ thuật có liên quan-Chi tiết: Thiết kế nội ngoại thất công trình.;1629: Sản xuất sản phẩm khác từ gỗ; sản xuất sản phẩm từ tr",internet
314022163,CÔNG TY TNHH THƯƠNG MẠI HOA NIÊN,CÔNG TY TNHH THƯƠNG MẠI HOA NI,Công ty trách nhiệm hữu hạn một thành viên,"128/29 Lê Đức Thọ, Phường 6, Quận Gò Vấp, Thành phố Hồ Chí Minh, Việt Nam",Quận Gò Vấp,"1811: In ấn-Chi tiết: In ấn báo chí, tạp chí và các ấn phẩm định kỳ khác, sách và sách quảng cáo, bản thảo âm nhạc, bản đồ, tập bản đồ, áp phích, mục lục quảng cáo, tờ quảng cáo và các ấn phẩm quảng c",internet
314914653,CÔNG TY TNHH DVTM QUỐC TRUNG,CÔNG TY TNHH DVTM QUỐC TRUNG,Công ty trách nhiệm hữu hạn một thành viên,"Số 4, Đường số 9, Cityland Park Hills, Phường 10, Quận Gò Vấp, Thành phố Hồ Chí Minh, Việt Nam",Quận Gò Vấp,"7110: Hoạt động kiến trúc và tư vấn kỹ thuật có liên quan-Chi tiết: Thiết kế kiến trúc công trình; Thiết kế nội, ngoại thất công trình; Thiết kế kết cấu công trình dân dụng;4311: Phá dỡ-;4312: Chuẩn b",internet
314066192,CÔNG TY TNHH SẢN XUẤT THƯƠNG MẠI VÀ DỊCH VỤ PUNAR,CÔNG TY TNHH SẢN XUẤT THƯƠNG M,Công ty trách nhiệm hữu hạn hai thành viên trở lên,"67/1/1 Thông Tây Hội, Phường 10, Quận Gò Vấp, Thành phố Hồ Chí Minh, Việt Nam",Quận Gò Vấp,"2023: Sản xuất mỹ phẩm, xà phòng, chất tẩy rửa, làm bóng và chế phẩm vệ sinh-Chi tiết:
-Sản xuất mỹ phẩm;
-Sản xuất xà phòng, chất tẩy rửa, làm bóng và chế phẩm vệ sinh.
(không hoạt động tại trụ sở).;",internet
314103905,CÔNG TY CỔ PHẦN VĂN PHÒNG PHẨM DỪA XANH,CÔNG TY CỔ PHẦN VĂN PHÒNG PHẨM,Công ty cổ phần,"41/40A Lê Lợi, Phường 4, Quận Gò Vấp, Thành phố Hồ Chí Minh, Việt Nam",Quận Gò Vấp,6190: Hoạt động viễn thông khác-chi tiết: Hoạt động của các điểm truy cập internet.;4290: Xây dựng công trình kỹ thuật dân dụng khác-chi tiết: Xây dựng các công trình thể thao ngoài trời.;4723: Bán lẻ,internet
314105571,CÔNG TY TNHH THƯƠNG MẠI VÀ DỊCH VỤ PHAN HƯNG PHÁT,CÔNG TY TNHH THƯƠNG MẠI VÀ DỊC,Công ty trách nhiệm hữu hạn một thành viên,"152/2/7 Đường số 10, Phường 9, Quận Gò Vấp, Thành phố Hồ Chí Minh, Việt Nam",Quận Gò Vấp,"4632: Bán buôn thực phẩm-chi tiết: bán buôn bánh mì tươi, bánh flan, rau câu, sữa chua, kem ăn, chè đóng hộp, các loại trà, sữa uống các loại; thực phẩm đóng gói, đóng hộp;1050: Chế biến sữa và các sả",internet
313622496,CÔNG TY CỔ PHẦN Y TẾ - GIÁO DỤC - THƯƠNG MẠI - DỊCH VỤ GIA ĐÌNH VIỆT,CÔNG TY CỔ PHẦN Y TẾ  GIÁO DỤC,Công ty cổ phần,"331/70/44T Phan Huy Ích, Phường 14, Quận Gò Vấp, Thành phố Hồ Chí Minh, Việt Nam",Quận Gò Vấp,"8230: Tổ chức giới thiệu và xúc tiến thương mại-(không thực hiện các hiệu ứng cháy nổ và không sử dụng chất nổ, chất cháy, hóa chất làm đạo cụ, dụng cụ thực hiện các chương trình văn nghệ, sự kiện, ph",internet
107367145,CÔNG TY TNHH ĐỒNG PHỤC AN THỊNH,CÔNG TY TNHH ĐỒNG PHỤC AN THỊN,Công ty trách nhiệm hữu hạn một thành viên,"295 Phạm Văn Chiêu, Phường 14, Quận Gò Vấp, Thành phố Hồ Chí Minh, Việt Nam",Quận Gò Vấp,"4759: Bán lẻ đồ điện gia dụng, giường, tủ, bàn, ghế và đồ nội thất tương tự, đèn và bộ đèn điện, đồ dùng gia đình khác chưa được phân vào đâu  trong các cửa hàng chuyên doanh-Chi tiết: Bán lẻ giường, ",internet
314094231,CÔNG TY TNHH ELECENTER,CÔNG TY TNHH ELECENTER,Công ty trách nhiệm hữu hạn hai thành viên trở lên,"472 Nguyễn Oanh, Phường 6, Quận Gò Vấp, Thành phố Hồ Chí Minh, Việt Nam",Quận Gò Vấp,"3314: Sửa chữa thiết bị điện-chi tiết: 
- Sửa chữa bảo dưỡng máy biến thế điện
- Sửa chữa bảo dưỡng motor điện, máy phát điện và bộ motor MPĐ
- Sửa chữa bảo dưỡng thiết bị tổng đài và thiết bị chuyển ",internet
314098324,CÔNG TY TNHH Ý - THIÊN PHÚ,CÔNG TY TNHH Ý  THIÊN PHÚ,Công ty trách nhiệm hữu hạn hai thành viên trở lên,"53/13 Đường Số 2, Phường 3, Quận Gò Vấp, Thành phố Hồ Chí Minh, Việt Nam",Quận Gò Vấp,"4610: Đại lý, môi giới, đấu giá hàng hóa-Chi tiết: Đại lý.; 4631: Bán buôn gạo, lúa mỳ, hạt ngũ cốc khác, bột mỳ-(không hoạt động tại trụ sở).; 4722: Bán lẻ thực phẩm trong các cửa hàng chuyên doanh-c",internet
314140488,CÔNG TY TNHH ĐẦU TƯ LAVIDA,CÔNG TY TNHH ĐẦU TƯ LAVIDA,Công ty trách nhiệm hữu hạn một thành viên,"45 Đường số 9, Phường 9, Quận Gò Vấp, Thành phố Hồ Chí Minh, Việt Nam",Quận Gò Vấp,"4659: Bán buôn máy móc, thiết bị và phụ tùng máy khác-;4661: Bán buôn nhiên liệu rắn, lỏng, khí và các sản phẩm liên quan-(trừ kinh doanh khí dầu mỏ hóa lỏng LPG và dầu nhớt cặn);4662: Bán buôn kim lo",internet
314142118,CÔNG TY TNHH THƯƠNG MẠI DỊCH VỤ TIN HỌC PHƯỚC THỊNH,CÔNG TY TNHH THƯƠNG MẠI DỊCH V,Công ty trách nhiệm hữu hạn một thành viên,"510 Thống Nhất, Phường 16, Quận Gò Vấp, Thành phố Hồ Chí Minh, Việt Nam",Quận Gò Vấp,6202: Tư vấn máy vi tính và quản trị hệ thống máy vi tính-;6209: Hoạt động dịch vụ công nghệ thông tin và dịch vụ khác liên quan đến máy vi tính-(trừ kinh doanh đại lý cung cấp dịch vụ truy cập intern,internet
313654138,CÔNG TY CỔ PHẦN THƯƠNG MẠI DỊCH VỤ AN MẠNH,CÔNG TY CỔ PHẦN THƯƠNG MẠI DỊC,Công ty cổ phần,"Số 45/6B Bùi Quang Là, Phường 12, Quận Gò Vấp, Thành phố Hồ Chí Minh, Việt Nam",Quận Gò Vấp,0210: Trồng rừng và chăm sóc rừng-(không hoạt động tại trụ sở).;0221: Khai thác gỗ-(không hoạt động tại trụ sở).;0222: Khai thác lâm sản khác trừ gỗ-(không hoạt động tại trụ sở).;0710: Khai thác quặng,internet
313666165,CÔNG TY TNHH SẢN XUẤT ĐẦU TƯ KIM VŨ,CÔNG TY TNHH SẢN XUẤT ĐẦU TƯ K,Công ty trách nhiệm hữu hạn một thành viên,"50 Huỳnh Khương An, Phường 5, Quận Gò Vấp, Thành phố Hồ Chí Minh, Việt Nam",Quận Gò Vấp,"2815: Sản xuất lò nướng, lò luyện và lò nung-Chi tiết: Sản xuất lò gia nhiệt dầu (không hoạt động tại trụ sở).;2819: Sản xuất máy thông dụng khác-Chi tiết: Sản xuất, chế tạo máy móc thiết bị cơ khí (k",internet
313707830,CÔNG TY TNHH THƯƠNG MẠI DỊCH VỤ GIẢI TRÍ NGUYÊN KHOA,CÔNG TY TNHH THƯƠNG MẠI DỊCH V,Công ty trách nhiệm hữu hạn hai thành viên trở lên,"29 Nguyễn Văn Nghi, Phường 4, Quận Gò Vấp, Thành phố Hồ Chí Minh, Việt Nam",Quận Gò Vấp,6190: Hoạt động viễn thông khác-Chi tiết: Hoạt động của các điểm truy cập internet ( trừ kinh doanh trò chơi điện tử có thưởng dành cho người nước ngoài và kinh doanh trò chơi điện tử có thưởng trên m,internet
313892206,CÔNG TY TNHH THƯƠNG MẠI PHẦN MỀM THÔNG MINH,CÔNG TY TNHH THƯƠNG MẠI PHẦN M,Công ty trách nhiệm hữu hạn hai thành viên trở lên,"175/12/3 Đường số 04, Phường 16, Quận Gò Vấp, Thành phố Hồ Chí Minh, Việt Nam",Quận Gò Vấp,5820: Xuất bản phần mềm-Chi tiết: Sản xuất phần mềm;6201: Lập trình máy vi tính-;6202: Tư vấn máy vi tính và quản trị hệ thống máy vi tính-;6209: Hoạt động dịch vụ công nghệ thông tin và dịch vụ khác ,internet
314019795,CÔNG TY TNHH MỘT THÀNH VIÊN DỊCH VỤ TRÒ CHƠI ĐIỆN TỬ ĐẠI LONG VƯƠNG,CÔNG TY TNHH MỘT THÀNH VIÊN DỊ,Công ty trách nhiệm hữu hạn một thành viên,"Số 1147 Phạm Văn Bạch, Phường 12, Quận Gò Vấp, Thành phố Hồ Chí Minh, Việt Nam",Quận Gò Vấp,6190: Hoạt động viễn thông khác-Chi tiết: Hoạt động của các điểm truy cập internet;9329: Hoạt động vui chơi giải trí khác chưa được phân vào đâu-Chi tiết: kinh doanh trò chơi điện tử (trừ kinh doanh t,internet
314022170,CÔNG TY TNHH GIẢI PHÁP THỊ TRƯỜNG VNI,CÔNG TY TNHH GIẢI PHÁP THỊ TRƯ,Công ty trách nhiệm hữu hạn hai thành viên trở lên,"530/2 Lê Đức Thọ, Phường 17, Quận Gò Vấp, Thành phố Hồ Chí Minh, Việt Nam",Quận Gò Vấp,"2022: Sản xuất sơn, véc ni và các chất sơn, quét tương tự; sản xuất mực in và ma tít-( không hoạt động tại trụ sở);2592: Gia công cơ khí; xử lý và tráng phủ kim loại-( không hoạt động tại trụ sở);1410",internet
314064283,CÔNG TY TNHH ĐẦU TƯ THƯƠNG MẠI DỊCH VỤ TIỆN ÍCH ONLINE,CÔNG TY TNHH ĐẦU TƯ THƯƠNG MẠI,Công ty trách nhiệm hữu hạn một thành viên,"B27, đường số 4, Khu biệt thự An lộc, Phường 15, Quận Gò Vấp, Thành phố Hồ Chí Minh, Việt Nam",Quận Gò Vấp,"4764: Bán lẻ trò chơi, đồ chơi trong các cửa hàng chuyên doanh-(không kinh doanh đồ chơi có hại cho giáo dục nhân cách, sức khoẻ của trẻ em hoặc ảnh hưởng đến an ninh trật tự, an toàn xã hội);4771: Bá",internet
314077243,CÔNG TY TNHH THƯƠNG MẠI DỊCH VỤ XUẤT NHẬP KHẨU HOÀNG MAI,CÔNG TY TNHH THƯƠNG MẠI DỊCH V,Công ty trách nhiệm hữu hạn hai thành viên trở lên,"78/34 Đường số 11, Phường 11, Quận Gò Vấp, Thành phố Hồ Chí Minh, Việt Nam",Quận Gò Vấp,"7912: Điều hành tua du lịch-;7911: Đại lý du lịch-;5229: Hoạt động dịch vụ hỗ trợ khác liên quan đến vận tải-Chi tiết: dịch vụ đại lý tàu biển, hoạt động của các đại lý làm thủ tục hải quan, dịch vụ c",internet
314114953,CÔNG TY TNHH LỰC LINH HƯƠNG,CÔNG TY TNHH LỰC LINH HƯƠNG,Công ty trách nhiệm hữu hạn một thành viên,"129 Bùi Quang Là, Phường 12, Quận Gò Vấp, Thành phố Hồ Chí Minh, Việt Nam",Quận Gò Vấp,4721: Bán lẻ lương thực trong các cửa hàng chuyên doanh-(thực hiện theo quyết định số 64/2009/QĐ-UBND ngày 31/07/2009 và quyết định số 79/2009/QĐ- UBND ngày 17/10/2009 của Ủy Ban Nhân Dân Tp. Hồ Chí M,internet
314121005,CÔNG TY TNHH DỊCH VỤ TƯ VẤN ĐẦU TƯ VIỆT PHÁT,CÔNG TY TNHH DỊCH VỤ TƯ VẤN ĐẦ,Công ty trách nhiệm hữu hạn một thành viên,"409 Thống Nhất, Phường 11, Quận Gò Vấp, Thành phố Hồ Chí Minh, Việt Nam",Quận Gò Vấp,"1811: In ấn-(không hoạt động tại trụ sở);1812: Dịch vụ liên quan đến in-(trừ in tráng bao bì kim loại, in trên sản phẩm vải, sợi, dệt, may);5012: Vận tải hàng hóa ven biển và viễn dương-;5022: Vận tải",internet
314170690,CÔNG TY TNHH THE NEO,CÔNG TY TNHH THE NEO,Công ty trách nhiệm hữu hạn một thành viên,"297/19 Lê Đức Thọ, Phường 17, Quận Gò Vấp, Thành phố Hồ Chí Minh, Việt Nam",Quận Gò Vấp,"4773: Bán lẻ hàng hóa khác mới trong các cửa hàng chuyên doanh-(trừ bán lẻ bình gas, khí dầu mỏ hóa lỏng LPG, dầu nhớt cặn, vàng miếng, súng, đạn loại dùng đi săn hoặc thể thao và tiền kim khí; trừ bá",internet
314179407,CÔNG TY TNHH ALPHA TALENTS,CÔNG TY TNHH ALPHA TALENTS,Công ty trách nhiệm hữu hạn một thành viên,"50/15/13 Đường Dương Quảng Hàm, Phường 5, Quận Gò Vấp, Thành phố Hồ Chí Minh, Việt Nam",Quận Gò Vấp,5820: Xuất bản phần mềm-Chi tiết: Sản xuất phần mềm;6201: Lập trình máy vi tính-;6202: Tư vấn máy vi tính và quản trị hệ thống máy vi tính-;6209: Hoạt động dịch vụ công nghệ thông tin và dịch vụ khác ,internet
314190471,CÔNG TY TNHH VIỄN THÔNG IVN,CÔNG TY TNHH VIỄN THÔNG IVN,Công ty trách nhiệm hữu hạn một thành viên,"94/1055C Nguyễn Văn Dung, Phường 6, Quận Gò Vấp, Thành phố Hồ Chí Minh, Việt Nam",Quận Gò Vấp,"4652: Bán buôn thiết bị và linh kiện điện tử, viễn thông-;4659: Bán buôn máy móc, thiết bị và phụ tùng máy khác-;4663: Bán buôn vật liệu, thiết bị lắp đặt khác trong xây dựng-;4669: Bán buôn chuyên do",internet
314207950,CÔNG TY TNHH XÂY DỰNG - THƯƠNG MẠI YUKI-HANA,CÔNG TY TNHH XÂY DỰNG  THƯƠNG ,Công ty trách nhiệm hữu hạn hai thành viên trở lên,"70 Đường số 11, KDC Cityland Park Hills, Phường 10, Quận Gò Vấp, Thành phố Hồ Chí Minh, Việt Nam",Quận Gò Vấp,"1410: May trang phục (trừ trang phục từ da lông thú)-Chi tiết: May quần áo các loại (trừ tẩy nhuộm hồ, in trên các sản phẩm vải sợi, dệt, may, đan tại trụ sở);3320: Lắp đặt máy móc và thiết bị công ng",internet
314203667,CÔNG TY TNHH ĐẦU TƯ THƯƠNG MẠI DỊCH VỤ TRUNG NGUYỄN,CÔNG TY TNHH ĐẦU TƯ THƯƠNG MẠI,Công ty trách nhiệm hữu hạn một thành viên,"80/42 đường số 3, Phường 9, Quận Gò Vấp, Thành phố Hồ Chí Minh, Việt Nam",Quận Gò Vấp,"1811: In ấn-(trừ in, tráng bao bì kim loại và in trên các sản phẩm vải, sợi, dệt, may, đan tại trụ sở).;5229: Hoạt động dịch vụ hỗ trợ khác liên quan đến vận tải-Chi tiết: Đại lý bán vé máy bay, vé tà",internet
314214309,CÔNG TY TNHH THƯƠNG MẠI DỊCH VỤ SẢN XUẤT ÁNH NGÂN,CÔNG TY TNHH THƯƠNG MẠI DỊCH V,Công ty trách nhiệm hữu hạn một thành viên,"313/8 Phan Huy Ích, Phường 14, Quận Gò Vấp, Thành phố Hồ Chí Minh, Việt Nam",Quận Gò Vấp,5210: Kho bãi và lưu giữ hàng hóa-Chi tiết: Lưu giữ hàng hóa;5229: Hoạt động dịch vụ hỗ trợ khác liên quan đến vận tải-(trừ hóa lỏng khí để vận chuyển và hoạt động liên quan đến vận tải đường hàng khô,internet
314207848,CÔNG TY TNHH THƯƠNG MẠI DỊCH VỤ CAMERA KIẾN HƯNG,CÔNG TY TNHH THƯƠNG MẠI DỊCH V,Công ty trách nhiệm hữu hạn một thành viên,"49/53 Đường Phạm Văn Chiêu, Phường 14, Quận Gò Vấp, Thành phố Hồ Chí Minh, Việt Nam",Quận Gò Vấp,"4659: Bán buôn máy móc, thiết bị và phụ tùng máy khác-chi tiết: Bán buôn máy móc, thiết bị camera; tổng đài điện thoại; phòng cháy, chữa cháy;4651: Bán buôn máy vi tính, thiết bị ngoại vi và phần mềm-",internet
314206604,CÔNG TY TNHH CÔNG NGHỆ VÀ THIẾT BỊ TIN HỌC GIA KHANG,CÔNG TY TNHH CÔNG NGHỆ VÀ THIẾ,Công ty trách nhiệm hữu hạn một thành viên,"54/15/11A Đường số 21, Phường 8, Quận Gò Vấp, Thành phố Hồ Chí Minh, Việt Nam",Quận Gò Vấp,"8230: Tổ chức giới thiệu và xúc tiến thương mại-(không thực hiện các hiệu ứng cháy, nổ; không sử dụng chất nổ, chất cháy, hóa chất làm đạo cụ, dụng cụ thực hiện các chương trình văn nghệ, sự kiện, phi",internet
314213552,CÔNG TY TNHH THIẾT BỊ KHOA HỌC KỸ THUẬT ANATECH,CÔNG TY TNHH THIẾT BỊ KHOA HỌC,Công ty trách nhiệm hữu hạn một thành viên,"688/37/3 Quang Trung, Phường 11, Quận Gò Vấp, Thành phố Hồ Chí Minh, Việt Nam",Quận Gò Vấp,"4669: Bán buôn chuyên doanh khác chưa được phân vào đâu-chi tiết: Bán buôn hóa chất công nghiệp ( không hoạt động tại trụ sở); Bán buôn vật tư, nguyên liệu phục vụ phòng thí nghiệm và ngành công nghiệ",internet
314214845,CÔNG TY CỔ PHẦN ĐẦU TƯ THƯƠNG MẠI DỊCH VỤ BEST,CÔNG TY CỔ PHẦN ĐẦU TƯ THƯƠNG ,Công ty cổ phần,"106/17 đường số 51, Phường 14, Quận Gò Vấp, Thành phố Hồ Chí Minh, Việt Nam",Quận Gò Vấp,"4100: Xây dựng nhà các loại-;4290: Xây dựng công trình kỹ thuật dân dụng khác-;4321: Lắp đặt hệ thống điện-(trừ gia công cơ khí, tái chế phế thải, xi mạ điện tại trụ sở);4329: Lắp đặt hệ thống xây dựn",internet
314227386,CÔNG TY TNHH CÔNG NGHỆ VIỄN THÔNG SONG NGUYỄN,CÔNG TY TNHH CÔNG NGHỆ VIỄN TH,Công ty trách nhiệm hữu hạn một thành viên,"77/9 đường số 3, Phường 9, Quận Gò Vấp, Thành phố Hồ Chí Minh, Việt Nam",Quận Gò Vấp,"4663: Bán buôn vật liệu, thiết bị lắp đặt khác trong xây dựng-;4741: Bán lẻ máy vi tính, thiết bị ngoại vi, phần mềm và thiết bị viễn thông trong các cửa hàng chuyên doanh-;4742: Bán lẻ thiết bị nghe ",internet
314229400,CÔNG TY TNHH BLUESKY TECHNOLOGY,CÔNG TY TNHH BLUESKY TECHNOLOG,Công ty trách nhiệm hữu hạn một thành viên,"51/18/124 Phạm Văn Chiêu, Phường 14, Quận Gò Vấp, Thành phố Hồ Chí Minh, Việt Nam",Quận Gò Vấp,"4741: Bán lẻ máy vi tính, thiết bị ngoại vi, phần mềm và thiết bị viễn thông trong các cửa hàng chuyên doanh-;5820: Xuất bản phần mềm-Chi tiết: Sản xuất phần mềm;6201: Lập trình máy vi tính-;6202: Tư ",technology
314232918,CÔNG TY TNHH SẢN XUẤT VÀ THƯƠNG MẠI BISWELL VIỆT NAM,CÔNG TY TNHH SẢN XUẤT VÀ THƯƠN,Công ty trách nhiệm hữu hạn một thành viên,"137/1/52 Đường 59, Tổ 14, Khu phố 2, Phường 14, Quận Gò Vấp, Thành phố Hồ Chí Minh, Việt Nam",Quận Gò Vấp,"4649: Bán buôn đồ dùng khác cho gia đình-Chi tiết: Bán buôn vali, cặp, túi, ví, nước hoa, hàng mỹ phẩm và chế phẩm vệ sinh; hàng gốm, sứ, thủy tinh; đồ điện gia dụng, đèn và bộ đèn điện; sách, báo, tạ",internet
314231939,CÔNG TY TNHH SẢN XUẤT – THƯƠNG MẠI ĐỒ GỖ THANH PHÁT,CÔNG TY TNHH SẢN XUẤT  THƯƠNG ,Công ty trách nhiệm hữu hạn hai thành viên trở lên,"332/99B, Đường Nguyễn Thái Sơn, Phường 5, Quận Gò Vấp, Thành phố Hồ Chí Minh, Việt Nam",Quận Gò Vấp,"3100: Sản xuất giường, tủ, bàn, ghế-(không hoạt động tại trụ sở);4610: Đại lý, môi giới, đấu giá-chi tiết: đại lý mua, đại lý bán, ký gởi hàng hóa;4620: Bán buôn nông, lâm sản nguyên liệu (trừ gỗ, tre",internet
314240404,CÔNG TY TNHH OOTABS,CÔNG TY TNHH OOTABS,Công ty trách nhiệm hữu hạn hai thành viên trở lên,"499/9 Lê Quang Định, Phường 1, Quận Gò Vấp, Thành phố Hồ Chí Minh, Việt Nam",Quận Gò Vấp,0123: Trồng cây điều-(không hoạt động tại trụ sở); 0124: Trồng cây hồ tiêu-(không hoạt động tại trụ sở); 0126: Trồng cây cà phê-(không hoạt động tại trụ sở); 0149: Chăn nuôi khác-Chi tiết: nuôi ong (k,internet
314222638,CÔNG TY TNHH THƯƠNG MẠI DỊCH VỤ MINH KHÔI GROUP,CÔNG TY TNHH THƯƠNG MẠI DỊCH V,Công ty trách nhiệm hữu hạn một thành viên,"200 Lê Văn Thọ, Phường 11, Quận Gò Vấp, Thành phố Hồ Chí Minh, Việt Nam",Quận Gò Vấp,"5912: Hoạt động hậu kỳ-(trừ sản xuất phim, phát sóng và không thực hiện các hiệu ứng cháy, nổ; không sử dụng chất nổ, chất cháy, hóa chất làm đạo cụ, dụng cụ thực hiện các chương trình văn nghệ, sự ki",internet
314223977,CÔNG TY TNHH QUỐC TẾ QUAN FU,CÔNG TY TNHH QUỐC TẾ QUAN FU,Công ty trách nhiệm hữu hạn một thành viên,"69/52 Nguyễn Tư Giản, Phường 12, Quận Gò Vấp, Thành phố Hồ Chí Minh, Việt Nam",Quận Gò Vấp,"6201: Lập trình máy vi tính-Chi tiết: Lập trình máy vi tinh, thiết kế mạng internet;4651: Bán buôn máy vi tính, thiết bị ngoại vi và phần mềm-Chi tiết: Bán buôn phần mềm, phần cứng thiết bị trò chơi đ",vi tinh
314248227,CÔNG TY TNHH THIẾT BỊ VÀ DỊCH VỤ NGUYÊN BẢO,CÔNG TY TNHH THIẾT BỊ VÀ DỊCH ,Công ty trách nhiệm hữu hạn hai thành viên trở lên,"Số 36 Đường số 13, Khu Dân Cư Hà Kiều, Phường 5, Quận Gò Vấp, Thành phố Hồ Chí Minh, Việt Nam",Quận Gò Vấp,"4659: Bán buôn máy móc, thiết bị và phụ tùng máy khác-;4669: Bán buôn chuyên doanh khác chưa được phân vào đâu-Chi tiết: bán buôn hóa chất công nghiệp (Không hoạt động tại trụ sở); Bán buôn bao bì, bă",internet
314246558,CÔNG TY TNHH THỰC PHẨM SẠCH PHƯỚC HẬU,CÔNG TY TNHH THỰC PHẨM SẠCH PH,Công ty trách nhiệm hữu hạn một thành viên,"160/24/11 Phan Huy Ích, Phường 12, Quận Gò Vấp, Thành phố Hồ Chí Minh, Việt Nam",Quận Gò Vấp,"0111: Trồng lúa-Chi tiết: Trồng rau các loại.
-Trồng đậu các loại.
-Trồng hoa, cây cảnh.;0117: Trồng cây có hạt chứa dầu-Chi tiết: Trồng nho.
-Trồng xoài, cây ăn quả vùng nhiệt đới và cận nhiệt. -Trồn",internet
314252230,CÔNG TY TNHH VT TRUST,CÔNG TY TNHH VT TRUST,Công ty trách nhiệm hữu hạn một thành viên,"616/61/27 Lê Đức Thọ, Phường 15, Quận Gò Vấp, Thành phố Hồ Chí Minh, Việt Nam",Quận Gò Vấp,"1410: May trang phục (trừ trang phục từ da lông thú)-Chi tiết: May quần áo các loại (trừ tẩy, nhuộm, hồ, in trên các sản phẩm vải sợi, dệt, may, đan  tại trụ sở).;4663: Bán buôn vật liệu, thiết bị lắp",internet
314256700,CÔNG TY TNHH KINH DOANH VINH ANH,CÔNG TY TNHH KINH DOANH VINH A,Công ty trách nhiệm hữu hạn một thành viên,"100/30 Đường số 3, Phường 9, Quận Gò Vấp, Thành phố Hồ Chí Minh, Việt Nam",Quận Gò Vấp,"4791: Bán lẻ theo yêu cầu đặt hàng qua bưu điện hoặc internet-(trừ bán lẻ bình gas, khí dầu mỏ hóa lỏng LPG, dầu nhớt cặn, vàng miếng, súng, đạn loại dùng đi săn hoặc thể thao và tiền kim khí; trừ bán",internet
314267565,CÔNG TY CỔ PHẦN ĐÀO TẠO DŨNG TRÍ,CÔNG TY CỔ PHẦN ĐÀO TẠO DŨNG T,Công ty cổ phần,"57/28 Lê Đức Thọ , Phường 7, Quận Gò Vấp, Thành phố Hồ Chí Minh, Việt Nam",Quận Gò Vấp,8560: Dịch vụ hỗ trợ giáo dục-chi tiết: Tư vấn du học;8230: Tổ chức giới thiệu và xúc tiến thương mại-(không hoạt động tại trụ sở);8559: Giáo dục khác chưa được phân vào đâu-(trừ dạy về tôn giáo; các ,internet
314273689,CÔNG TY TNHH TRUYỀN THÔNG BẤT ĐỘNG SẢN 360,CÔNG TY TNHH TRUYỀN THÔNG BẤT ,Công ty trách nhiệm hữu hạn hai thành viên trở lên,"24/8F Lê Lai, Phường 3, Quận Gò Vấp, Thành phố Hồ Chí Minh, Việt Nam",Quận Gò Vấp,"1811: In ấn-(trừ in, tráng bao bì kim loại và in trên các sản phẩm vải, sợi, dệt, may, đan tại trụ sở).;1812: Dịch vụ liên quan đến in-;5911: Hoạt động sản xuất phim điện ảnh, phim video và chương trì",internet
314265328,CÔNG TY TNHH PHÂN PHỐI M&P,CÔNG TY TNHH PHÂN PHỐI MP,Công ty trách nhiệm hữu hạn hai thành viên trở lên,"41/32 Nguyễn Oanh, Phường 10, Quận Gò Vấp, Thành phố Hồ Chí Minh, Việt Nam",Quận Gò Vấp,"4610: Đại lý, môi giới, đấu giá-Chi tiết: Đại lý (trừ đấu giá tài sản);4632: Bán buôn thực phẩm-Chi tiết: Bán buôn thực phẩm chức năng.
- Bán buôn thịt và các sản phẩm từ thịt, thủy sản, rau quả, chè,",internet
314257119,CÔNG TY TNHH ĐẠI VIỆT XANH,CÔNG TY TNHH ĐẠI VIỆT XANH,Công ty trách nhiệm hữu hạn một thành viên,"778/32/29E4 Đường Thống Nhất, Phường 15, Quận Gò Vấp, Thành phố Hồ Chí Minh, Việt Nam",Quận Gò Vấp,5225: Hoạt động dịch vụ hỗ trợ trực tiếp cho vận tải đường bộ-(trừ hóa lỏng khí để vận chuyển); 5610: Nhà hàng và các dịch vụ ăn uống phục vụ lưu động-;5621: Cung cấp dịch vụ ăn uống theo hợp đồng khô,internet
314277186,CÔNG TY TNHH THƯƠNG MẠI XÂY DỰNG MINH ANH VIỆT NAM,CÔNG TY TNHH THƯƠNG MẠI XÂY DỰ,Công ty trách nhiệm hữu hạn một thành viên,"20/6 Phạm Huy Thông, Phường 7, Quận Gò Vấp, Thành phố Hồ Chí Minh, Việt Nam",Quận Gò Vấp,"4662: Bán buôn kim loại và quặng kim loại-(trừ mua bán vàng miếng).;4649: Bán buôn đồ dùng khác cho gia đình-Chi tiết: Bán buôn vali, cặp, túi, hàng da và giả da. Bán buôn bao da điện thoại, bao da la",lap top
314260457,CÔNG TY TNHH ILOGIS,CÔNG TY TNHH ILOGIS,Công ty trách nhiệm hữu hạn hai thành viên trở lên,"457/43 Lê Văn Thọ, Phường 9, Quận Gò Vấp, Thành phố Hồ Chí Minh, Việt Nam",Quận Gò Vấp,"5229: Hoạt động dịch vụ hỗ trợ khác liên quan đến vận tải-Chi tiết: Giao nhận hàng hóa, thu phát các chứng từ vận tải, dịch vụ thu hộ, chi hộ tiền hàng;5820: Xuất bản phần mềm-Chi tiết: Sản xuất phần ",internet
314283969,CÔNG TY TNHH THƯƠNG MẠI DỊCH VỤ HƯNG PHÁT NGUYÊN,CÔNG TY TNHH THƯƠNG MẠI DỊCH V,Công ty trách nhiệm hữu hạn một thành viên,"965/128/14 Đường Quang Trung, Phường 14, Quận Gò Vấp, Thành phố Hồ Chí Minh, Việt Nam",Quận Gò Vấp,"8219: Photo, chuẩn bị tài liệu và các hoạt động hỗ trợ văn phòng đặc biệt khác-chi tiết: Photo, chuẩn bị tài liệu; Dịch vụ hành chính hỗ trợ văn phòng; 8292: Dịch vụ đóng gói-(trừ đóng gói thuốc bảo v",internet
314269033,CÔNG TY TNHH THƯƠNG MẠI DỊCH VỤ TỔNG HỢP NEW TECHNOLOGY,CÔNG TY TNHH THƯƠNG MẠI DỊCH V,Công ty trách nhiệm hữu hạn một thành viên,"499/6/54B Quang Trung, Phường 10, Quận Gò Vấp, Thành phố Hồ Chí Minh, Việt Nam",Quận Gò Vấp,"2670: Sản xuất thiết bị và dụng cụ quang học-(trừ gia công cơ khí, tái chế phế thải, xi mạ điện tại trụ sở);2733: Sản xuất thiết bị dây dẫn điện các loại-(trừ gia công cơ khí, tái chế phế thải, xi mạ ",technology
316500496,CÔNG TY TNHH THƯƠNG MẠI DỊCH VỤ ĐẦU TƯ NGUYÊN MINH,CÔNG TY TNHH THƯƠNG MẠI DỊCH V,Công ty trách nhiệm hữu hạn một thành viên,"Số 333 Nguyễn Văn Khối, Phường 8, Quận Gò Vấp, Thành phố Hồ Chí Minh, Việt Nam",Quận Gò Vấp,"4659: Bán buôn máy móc, thiết bị và phụ tùng máy khác-Chi tiết: Bán buôn máy móc, thiết bị điện, vật liệu điện (máy phát điện, động cơ điện, dây điện và thiết bị khác dùng trong mạch điện);4773: Bán l",internet
314292138,CÔNG TY TNHH LP & ASSOCIATES,CÔNG TY TNHH LP  ASSOCIATES,Công ty trách nhiệm hữu hạn một thành viên,"98 Đường số 8, Phường 5, Quận Gò Vấp, Thành phố Hồ Chí Minh, Việt Nam",Quận Gò Vấp,"7810: Hoạt động của các trung tâm, đại lý tư vấn, giới thiệu và môi giới lao động, việc làm-Chi tiết: Hoạt động của các đại lý tư vấn, giới thiệu và môi giới lao động, việc làm;7020: Hoạt động tư vấn ",internet
314299831,CÔNG TY TNHH SWEET HOME FURNITURE,CÔNG TY TNHH SWEET HOME FURNIT,Công ty trách nhiệm hữu hạn hai thành viên trở lên,"15/20 Lê Đức Thọ, Phường 13, Quận Gò Vấp, Thành phố Hồ Chí Minh, Việt Nam",Quận Gò Vấp,"2023: Sản xuất mỹ phẩm, xà phòng, chất tẩy rửa, làm bóng và chế phẩm vệ sinh-Chi tiết: Sản xuất mỹ phẩm; Sản xuất xà phòng, chất tẩy rửa, làm bóng và chế phẩm vệ sinh (không hoạt động tại trụ sở);4632",internet
314292145,CÔNG TY TNHH XÂY DỰNG KỸ THUẬT THƯƠNG MẠI CƯỜNG THỊNH,CÔNG TY TNHH XÂY DỰNG KỸ THUẬT,Công ty trách nhiệm hữu hạn một thành viên,"203/6/17 Huỳnh Văn Nghệ, Phường 12, Quận Gò Vấp, Thành phố Hồ Chí Minh, Việt Nam",Quận Gò Vấp,"4321: Lắp đặt hệ thống điện-chi tiết: lắp đặt hệ thống báo cháy- báo trộm tự động, hệ thống chống đột nhập, hệ thống camera quan sát, hệ thống chống sét trực tiếp, hệ thống chống sét lan truyền, hệ th",internet
314297249,CÔNG TY TNHH MỘT THÀNH VIÊN THỜI TRANG TAMOD,CÔNG TY TNHH MỘT THÀNH VIÊN TH,Công ty trách nhiệm hữu hạn một thành viên,"148/11/2F, Đường Số 59, Phường 14, Quận Gò Vấp, Thành phố Hồ Chí Minh, Việt Nam",Quận Gò Vấp,"1313: Hoàn thiện sản phẩm dệt-Chi tiết: In trên lụa (bao gồm in nhiệt) trên các trang phục, in dán decal lên vải;1410: May trang phục (trừ trang phục từ da lông thú)-;1709: Sản xuất các sản phẩm khác ",internet
314790567,CÔNG TY TNHH ĐẦU TƯ XÂY DỰNG NHẤT KHANG,CÔNG TY TNHH ĐẦU TƯ XÂY DỰNG N,Công ty trách nhiệm hữu hạn một thành viên,"Số 566/197/46 Nguyễn Thái Sơn , Phường 5, Quận Gò Vấp, Thành phố Hồ Chí Minh, Việt Nam",Quận Gò Vấp,"7911: Đại lý du lịch-;7912: Điều hành tua du lịch-;4511: Bán buôn ô tô và xe có động cơ khác-;4541: Bán mô tô, xe máy-;7320: Nghiên cứu thị trường và thăm dò dư luận-(trừ các loại thông tin Nhà Nước c",internet
314327983,CÔNG TY CỔ PHẦN MYHOLDINGS VIỆT NAM,CÔNG TY CỔ PHẦN MYHOLDINGS VIỆ,Công ty cổ phần,"227 Phạm Văn Đồng, Phường 1, Quận Gò Vấp, Thành phố Hồ Chí Minh, Việt Nam",Quận Gò Vấp,"7730: Cho thuê máy móc, thiết bị và đồ dùng hữu hình khác-;4774: Bán lẻ hàng hóa đã qua sử dụng trong các cửa hàng chuyên doanh-(trừ bán lẻ bình gas, khí dầu mỏ hóa lỏng LPG, dầu nhớt cặn, vàng miếng,",internet
314295322,CÔNG TY CỔ PHẦN CÔNG NGHỆ TVC,CÔNG TY CỔ PHẦN CÔNG NGHỆ TVC,Công ty cổ phần,"Số 12 đường số 17, Phường 11, Quận Gò Vấp, Thành phố Hồ Chí Minh, Việt Nam",Quận Gò Vấp,"4661: Bán buôn nhiên liệu rắn, lỏng, khí và các sản phẩm liên quan-Chi tiết: Bán buôn xăng dầu (trừ kinh doanh khí dầu mỏ hóa lỏng LPG và dầu nhớt cặn);4662: Bán buôn kim loại và quặng kim loại-Chi ti",internet
314310330,CÔNG TY TNHH KINH DOANH GIẢI TRÍ NÀNG TIÊN CÁ,CÔNG TY TNHH KINH DOANH GIẢI T,Công ty trách nhiệm hữu hạn một thành viên,"578 Nguyễn Oanh, Phường 6, Quận Gò Vấp, Thành phố Hồ Chí Minh, Việt Nam",Quận Gò Vấp,4721: Bán lẻ lương thực trong các cửa hàng chuyên doanh-(thực hiện theo Quyết định 64/2009/QĐ-UBND ngày 31/7/2009 của Ủy ban nhân dân Thành phố Hồ Chí Minh và Quyết định 79/2009/QĐ-UBND ngày 17/10/200,internet
314320434,CÔNG TY TNHH THƯƠNG MẠI DỊCH VỤ TRUYỀN THÔNG AK,CÔNG TY TNHH THƯƠNG MẠI DỊCH V,Công ty trách nhiệm hữu hạn một thành viên,"130/25 Đường Số 9, Phường 9, Quận Gò Vấp, Thành phố Hồ Chí Minh, Việt Nam",Quận Gò Vấp,"5911: Hoạt động sản xuất phim điện ảnh, phim video và chương trình truyền hình-chi tiết: hoạt động sản xuất chương trình truyền hình (trừ sản xuất phim và phát sóng và không thực hiện các hiệu ứng chá",internet
314313941,CÔNG TY TNHH MỘT THÀNH VIÊN TRÒ CHƠI ĐIỆN TỬ KIM PHÁT TÀI,CÔNG TY TNHH MỘT THÀNH VIÊN TR,Công ty trách nhiệm hữu hạn một thành viên,"212 Đường số 3, Phường 9, Quận Gò Vấp, Thành phố Hồ Chí Minh, Việt Nam",Quận Gò Vấp,6190: Hoạt động viễn thông khác-Chi tiết: Hoạt động của các điểm truy cập internet;9329: Hoạt động vui chơi giải trí khác chưa được phân vào đâu-Chi tiết: Kinh doanh trò chơi điện tử (trừ kinh doanh t,internet
314308363,CÔNG TY TNHH FLASH CT,CÔNG TY TNHH FLASH CT,Công ty trách nhiệm hữu hạn hai thành viên trở lên,"số nhà 702/63/6 đường Lê Đức Thọ, Phường 15, Quận Gò Vấp, Thành phố Hồ Chí Minh, Việt Nam",Quận Gò Vấp,"1030: Chế biến và bảo quản rau quả-Chi tiết: Chế biến, đóng hộp và bảo quản rau, củ, quả;1104: Sản xuất đồ uống không cồn, nước khoáng-Chi tiết: Sản xuất các đồ uống không cồn làm từ rau, củ, quả;4669",internet
314327599,CÔNG TY CỔ PHẦN ĐẦU TƯ PHÁT TRIỂN XUẤT NHẬP KHẨU PHÚC HẢI,CÔNG TY CỔ PHẦN ĐẦU TƯ PHÁT TR,Công ty cổ phần,"346 Nguyễn Văn Công, Phường 3, Quận Gò Vấp, Thành phố Hồ Chí Minh, Việt Nam",Quận Gò Vấp,"4659: Bán buôn máy móc, thiết bị và phụ tùng máy khác-Chi tiết: Bán buôn máy móc, thiết bị và phụ tùng máy khai khoáng, xây dựng; Bán buôn máy móc, thiết bị điện, vật liệu điện (máy phát điện, động cơ",internet
314348133,CÔNG TY TNHH MỘT THÀNH VIÊN GIẢI TRÍ CUNG SƯ TỬ,CÔNG TY TNHH MỘT THÀNH VIÊN GI,Công ty trách nhiệm hữu hạn một thành viên,"50/64 Lê Thị Hồng, Phường 17, Quận Gò Vấp, Thành phố Hồ Chí Minh, Việt Nam",Quận Gò Vấp,"4791: Bán lẻ theo yêu cầu đặt hàng qua bưu điện hoặc internet-chi tiết: hàng may mặc, giày dép, cặp, túi, ví, hàng da và giả da khác; dụng cụ y tế, nước hoa, mỹ phẩm và vật phẩm vệ sinh; đồng hồ, kính",internet
314348486,CÔNG TY TNHH IBK VIỆT NAM,CÔNG TY TNHH IBK VIỆT NAM,Công ty trách nhiệm hữu hạn một thành viên,"354/9 Nguyễn Thái Sơn, Phường 5, Quận Gò Vấp, Thành phố Hồ Chí Minh, Việt Nam",Quận Gò Vấp,"6619: Hoạt động hỗ trợ dịch vụ tài chính chưa được phân vào đâu-Chi tiết: Hoạt động tư vấn đầu tư (trừ tư vấn tài chính, kế toán, pháp lý);7490: Hoạt động chuyên môn, khoa học và công nghệ khác chưa đ",internet
314333063,CÔNG TY TNHH THƯƠNG MẠI & DỊCH VỤ VIỄN THÔNG ĐẠI LỢI,CÔNG TY TNHH THƯƠNG MẠI  DỊCH ,Công ty trách nhiệm hữu hạn một thành viên,"134/53B Đường số 1, Phường 16, Quận Gò Vấp, Thành phố Hồ Chí Minh, Việt Nam",Quận Gò Vấp,1811: In ấn-;1820: Sao chép bản ghi các loại-;5021: Vận tải hành khách đường thuỷ nội địa-;4669: Bán buôn chuyên doanh khác chưa được phân vào đâu-chi tiết: Bán buôn tơ xơ sợi dệt. Bán buôn phụ liệu m,internet
314319245,CÔNG TY TNHH TRUYỀN THÔNG VÀ GIẢI TRÍ HOÀNG LONG,CÔNG TY TNHH TRUYỀN THÔNG VÀ G,Công ty trách nhiệm hữu hạn một thành viên,"Số 05 Huỳnh Văn Nghệ, Phường 12, Quận Gò Vấp, Thành phố Hồ Chí Minh, Việt Nam",Quận Gò Vấp,6190: Hoạt động viễn thông khác-Chi tiết: Hoạt động của các điểm truy cập internet; Điểm cung cấp dịch vụ trò chơi điện tử công cộng (trừ kinh doanh trò chơi điện tử có thưởng cho người nước ngoài và ,internet
314334444,CÔNG TY TNHH THƯƠNG MẠI & KỸ THUẬT QUẢNG CÁO THIÊN VĂN,CÔNG TY TNHH THƯƠNG MẠI  KỸ TH,Công ty trách nhiệm hữu hạn một thành viên,"41/2/13 đường số 11, Phường 11, Quận Gò Vấp, Thành phố Hồ Chí Minh, Việt Nam",Quận Gò Vấp,"7410: Hoạt động thiết kế chuyên dụng-chi tiết: thiết kế trang website, hoạt động trang trí nội thất. Thiết kế đồ họa (trừ thiết kế công trình), thiết kế thời trang;7310: Quảng cáo-;6312: Cổng thông ti",internet
314336378,CÔNG TY TNHH A4 XANH,CÔNG TY TNHH A4 XANH,Công ty trách nhiệm hữu hạn một thành viên,"148/44 Lê Đức Thọ, Phường 6, Quận Gò Vấp, Thành phố Hồ Chí Minh, Việt Nam",Quận Gò Vấp,"7410: Hoạt động thiết kế chuyên dụng-;8130: Dịch vụ chăm sóc và duy trì cảnh quan-;7110: Hoạt động kiến trúc và tư vấn kỹ thuật có liên quan-;0118: Trồng rau, đậu các loại và trồng hoa, cây cảnh-;0121",internet
314344731,CÔNG TY CỔ PHẦN NGHIÊN CỨU ĐẦU TƯ VÀ PHÁT TRIỂN CÔNG NGHỆ IGEO,CÔNG TY CỔ PHẦN NGHIÊN CỨU ĐẦU,Công ty cổ phần,"140/4 Phạm Văn Chiêu, Phường 9, Quận Gò Vấp, Thành phố Hồ Chí Minh, Việt Nam",Quận Gò Vấp,"7210: Nghiên cứu và phát triển thực nghiệm khoa học tự nhiên và kỹ thuật-Chi tiết: Nghiên cứu và phát triển thực nghiệm khoa học tự nhiên và kỹ thuật trong các lĩnh vực: hệ thống thông tin địa lý, viễ",internet
314366527,CÔNG TY TNHH XÚC TIẾN THƯƠNG MẠI DỊCH VỤ TÂN ĐẠI THÀNH,CÔNG TY TNHH XÚC TIẾN THƯƠNG M,Công ty trách nhiệm hữu hạn một thành viên,"87 Trần Thị Nghĩ, Phường 7, Quận Gò Vấp, Thành phố Hồ Chí Minh, Việt Nam",Quận Gò Vấp,"2023: Sản xuất mỹ phẩm, xà phòng, chất tẩy rửa, làm bóng và chế phẩm vệ sinh-(không hoạt động tại trụ sở).;4722: Bán lẻ thực phẩm trong các cửa hàng chuyên doanh-chi tiết: bán lẻ cà phê các loại (Thực",internet
314360028,CÔNG TY TNHH HT COMPUTER,CÔNG TY TNHH HT COMPUTER,Công ty trách nhiệm hữu hạn hai thành viên trở lên,"667/20 Tân Sơn, Khu phố 15, Phường 12, Quận Gò Vấp, Thành phố Hồ Chí Minh, Việt Nam",Quận Gò Vấp,"6202: Tư vấn máy vi tính và quản trị hệ thống máy vi tính-;6209: Hoạt động dịch vụ công nghệ thông tin và dịch vụ khác liên quan đến máy vi tính-;4651: Bán buôn máy vi tính, thiết bị ngoại vi và phần ",computer
314354874,CÔNG TY TNHH THƯƠNG MẠI DỊCH VỤ TIN HỌC DUY TIẾN,CÔNG TY TNHH THƯƠNG MẠI DỊCH V,Công ty trách nhiệm hữu hạn một thành viên,"312/33 Quang Trung, Phường 10, Quận Gò Vấp, Thành phố Hồ Chí Minh, Việt Nam",Quận Gò Vấp,"4741: Bán lẻ máy vi tính, thiết bị ngoại vi, phần mềm và thiết bị viễn thông trong các cửa hàng chuyên doanh-;4742: Bán lẻ thiết bị nghe nhìn trong các cửa hàng chuyên doanh-;6110: Hoạt động viễn thôn",internet
314382631,CÔNG TY TNHH THƯƠNG MẠI QUỐC TẾ HOÀNG TRANG,CÔNG TY TNHH THƯƠNG MẠI QUỐC T,Công ty trách nhiệm hữu hạn một thành viên,"50/1/20 Đường số 59, Phường 14, Quận Gò Vấp, Thành phố Hồ Chí Minh, Việt Nam",Quận Gò Vấp,"4773: Bán lẻ hàng hóa khác mới trong các cửa hàng chuyên doanh-(trừ bán lẻ hóa chất, khí dầu mỏ hóa lỏng LPG, dầu nhớt cặn, vàng miếng, súng, đạn loại dùng đi săn hoặc thể thao và tiền kim khí; Thực h",internet
314341360,CÔNG TY TNHH CÔNG NGHỆ GMASS,CÔNG TY TNHH CÔNG NGHỆ GMASS,Công ty trách nhiệm hữu hạn một thành viên,"57 Trần Thị Nghĩ, Phường 7, Quận Gò Vấp, Thành phố Hồ Chí Minh, Việt Nam",Quận Gò Vấp,"2610: Sản xuất linh kiện điện tử-;2620: Sản xuất máy vi tính và thiết bị ngoại vi của máy vi tính-Chi tiết: Sản xuất , chế tạo lắp ráp các thiết bị công nghệ thông tin; Sản xuất máy chuyên dụng khác (",internet
314344805,CÔNG TY TNHH RERE TODAY,CÔNG TY TNHH RERE TODAY,Công ty trách nhiệm hữu hạn hai thành viên trở lên,"247 Nguyễn Văn Công, Phường 3, Quận Gò Vấp, Thành phố Hồ Chí Minh, Việt Nam",Quận Gò Vấp,5210: Kho bãi và lưu giữ hàng hóa-chi tiết: Lưu giữ hàng hóa (trừ kinh doanh kho bãi);5229: Hoạt động dịch vụ hỗ trợ khác liên quan đến vận tải-(Trừ hóa lỏng khí để vận chuyển và hoạt động liên quan đ,internet
314355437,CÔNG TY TNHH CÔNG NGHỆ XANH NANO,CÔNG TY TNHH CÔNG NGHỆ XANH NA,Công ty trách nhiệm hữu hạn một thành viên,"1112 Quang Trung, Phường 8, Quận Gò Vấp, Thành phố Hồ Chí Minh, Việt Nam",Quận Gò Vấp,"2023: Sản xuất mỹ phẩm, xà phòng, chất tẩy rửa, làm bóng và chế phẩm vệ sinh-(không hoạt động tại trụ sở);2029: Sản xuất sản phẩm hoá chất khác chưa được phân vào đâu-(không hoạt động tại trụ sở);2100",internet
314367591,CÔNG TY TNHH PHÁT TRIỂN TIN HỌC HOÀNG PHÁT,CÔNG TY TNHH PHÁT TRIỂN TIN HỌ,Công ty trách nhiệm hữu hạn một thành viên,"Số 63 Đường Số 32, Phường 12, Quận Gò Vấp, Thành phố Hồ Chí Minh, Việt Nam",Quận Gò Vấp,5820: Xuất bản phần mềm-chi tiết: Sản xuất phần mềm.;6190: Hoạt động viễn thông khác-chi tiết: đại lý cung cấp dịch vụ internet;6201: Lập trình máy vi tính-;6209: Hoạt động dịch vụ công nghệ thông tin,internet
314371076,CÔNG TY TNHH THƯƠNG MẠI DỊCH VỤ CÔNG NGHỆ VCNET,CÔNG TY TNHH THƯƠNG MẠI DỊCH V,Công ty trách nhiệm hữu hạn một thành viên,"69 Lê Văn Thọ, Phường 8, Quận Gò Vấp, Thành phố Hồ Chí Minh, Việt Nam",Quận Gò Vấp,"9521: Sửa chữa thiết bị nghe nhìn điện tử gia dụng-;4329: Lắp đặt hệ thống xây dựng khác-;5913: Hoạt động phát hành phim điện ảnh, phim video và chương trình truyền hình-Chi tiết: Hoạt động phát hành ",internet
314377536,CÔNG TY CỔ PHẦN CÔNG NGHỆ NỔI TIẾNG TFAM,CÔNG TY CỔ PHẦN CÔNG NGHỆ NỔI ,Công ty cổ phần,"336/6 Phan Huy Ích, Phường 12, Quận Gò Vấp, Thành phố Hồ Chí Minh, Việt Nam",Quận Gò Vấp,"8219: Photo, chuẩn bị tài liệu và các hoạt động hỗ trợ văn phòng đặc biệt khác-chi tiết: Photo, chuẩn bị tài liệu;8532: Giáo dục nghề nghiệp-chi tiết: dạy nghề;8559: Giáo dục khác chưa được phân vào đ",internet
314369359,CÔNG TY TNHH ĐẦU TƯ PHÁT TRIỂN CÔNG NGHỆ MÔI TRƯỜNG GIA KHANG AN,CÔNG TY TNHH ĐẦU TƯ PHÁT TRIỂN,Công ty trách nhiệm hữu hạn hai thành viên trở lên,"51/18/18 Phạm Văn Chiêu, Phường 14, Quận Gò Vấp, Thành phố Hồ Chí Minh, Việt Nam",Quận Gò Vấp,"2819: Sản xuất máy thông dụng khác-chi tiết: Sản xuất lắp ráp các máy móc, thiết bị vật tư môi trường, máy lọc nước, máy lọc không khí, máy phun sương, quạt làm mát, moto bơm nước, bồn inox chứa nước,",internet
314379847,CÔNG TY TNHH GIẢI TRÍ MNTS,CÔNG TY TNHH GIẢI TRÍ MNTS,Công ty trách nhiệm hữu hạn một thành viên,"980 Nguyễn Kiệm, Phường 3, Quận Gò Vấp, Thành phố Hồ Chí Minh, Việt Nam",Quận Gò Vấp,"6190: Hoạt động viễn thông khác-Chi tiết: Hoạt động của các điểm truy cập internet.;3319: Sửa chữa thiết bị khác-Chi tiết: Sửa chữa máy bắn bóng và máy chơi game dùng tiền xu khác, thiết bị chơi bowli",internet
314369422,CÔNG TY TNHH THƯƠNG MẠI DỊCH VỤ VẬN TẢI TRƯƠNG THỊNH PHÁT,CÔNG TY TNHH THƯƠNG MẠI DỊCH V,Công ty trách nhiệm hữu hạn hai thành viên trở lên,"274/87/8 Nguyễn Văn Lượng, Phường 17, Quận Gò Vấp, Thành phố Hồ Chí Minh, Việt Nam",Quận Gò Vấp,"4541: Bán mô tô, xe máy-Chi tiết: Bán buôn, bán lẻ và đại lý mô tô, xe máy. - Bán buôn mô tô, xe máy loại mới và loại đã qua sử dụng. -Bán lẻ mô tô, xe máy loại mới và loại đã qua sử dụng, kể cả hoạt ",internet
314422563,CÔNG TY TNHH PHÁT TRIỂN NĂNG LƯỢNG SAO VIỆT,CÔNG TY TNHH PHÁT TRIỂN NĂNG L,Công ty trách nhiệm hữu hạn một thành viên,"14/1 đường 30, Phường 6, Quận Gò Vấp, Thành phố Hồ Chí Minh, Việt Nam",Quận Gò Vấp,"1410: May trang phục (trừ trang phục từ da lông thú)-Chi tiết: Gia công các mặt hàng may mặc (không gia công tại trụ sở chính);1610: Cưa, xẻ, bào gỗ và bảo quản gỗ-Chi tiết: Cưa xẻ các loại ván lạng v",internet
314380313,CÔNG TY TNHH VNCASHING,CÔNG TY TNHH VNCASHING,Công ty trách nhiệm hữu hạn hai thành viên trở lên,"672A30 Phan Văn Trị , Phường 10, Quận Gò Vấp, Thành phố Hồ Chí Minh, Việt Nam",Quận Gò Vấp,5229: Hoạt động dịch vụ hỗ trợ khác liên quan đến vận tải-Chi tiết: Giao nhận hàng hóa; Hoạt động của các đại lý bán vé máy bay (trừ hóa lỏng khí để vận chuyển và hoạt động liên quan đến vận tải đường,internet
314388224,CÔNG TY TNHH TRUYỀN THÔNG ACE ADWORDS,CÔNG TY TNHH TRUYỀN THÔNG ACE ,Công ty trách nhiệm hữu hạn một thành viên,"237/21/10 Phạm Văn Chiêu, Phường 14, Quận Gò Vấp, Thành phố Hồ Chí Minh, Việt Nam",Quận Gò Vấp,"1811: In ấn-(trừ các loại nhà nước cấm);1812: Dịch vụ liên quan đến in-;4662: Bán buôn kim loại và quặng kim loại-Chi tiết: bán buôn sắt, inox, thép,nhôm;4663: Bán buôn vật liệu, thiết bị lắp đặt khác",internet
314391805,CÔNG TY TNHH MỘT THÀNH VIÊN MEGA STAR,CÔNG TY TNHH MỘT THÀNH VIÊN ME,Công ty trách nhiệm hữu hạn một thành viên,"656 Lê Đức Thọ, Phường 15, Quận Gò Vấp, Thành phố Hồ Chí Minh, Việt Nam",Quận Gò Vấp,"5229: Hoạt động dịch vụ hỗ trợ khác liên quan đến vận tải-Chi tiết: Đại lý bán vé máy bay, tàu hỏa, tàu thủy, ô tô;6190: Hoạt động viễn thông khác-Chi tiết: Hoạt động các điểm truy cập internet;4649: ",internet
314402849,CÔNG TY TNHH GIẢI PHÁP KỸ THUẬT AN TÂM,CÔNG TY TNHH GIẢI PHÁP KỸ THUẬ,Công ty trách nhiệm hữu hạn hai thành viên trở lên,"15/19/2 Nguyễn Du, Phường 7, Quận Gò Vấp, Thành phố Hồ Chí Minh, Việt Nam",Quận Gò Vấp,"1812: Dịch vụ liên quan đến in-;2592: Gia công cơ khí; xử lý và tráng phủ kim loại-(Không hoạt động tại trụ sở);2790: Sản xuất thiết bị điện khác-(không gia công cơ khí, tái chế phế thải, xi mạ điện t",internet
314410864,CÔNG TY TNHH D SQUARED TECHNOLOGY VIỆT NAM,CÔNG TY TNHH D SQUARED TECHNOL,Công ty trách nhiệm hữu hạn một thành viên,"Số 91/52 Phạm Văn Chiêu, Phường 14, Quận Gò Vấp, Thành phố Hồ Chí Minh, Việt Nam",Quận Gò Vấp,"3320: Lắp đặt máy móc và thiết bị công nghiệp-chi tiết: lắp đặt máy móc và thiết bị các loại máy móc- thiết bị chuyên dụng khác  (không hoạt động tại trụ sở)  (CPC 884); 3312: Sửa chữa máy móc, thiết ",technology
314429174,CÔNG TY TNHH LUẬT PHÚC TRẦN & CỘNG SỰ,CÔNG TY TNHH LUẬT PHÚC TRẦN  C,Công ty trách nhiệm hữu hạn một thành viên,"Số 79/83/12D Bùi Quang Là, Phường 12, Quận Gò Vấp, Thành phố Hồ Chí Minh, Việt Nam",Quận Gò Vấp,"2819: Sản xuất máy thông dụng khác-Chi tiết: Sản xuất trục máy, trục chuyển động có bánh răng, buli tròn, các bộ phận chi tiết máy trừ thân máy (không hoạt động tại trụ sở);2023: Sản xuất mỹ phẩm, xà ",internet
314416217,CÔNG TY TNHH VIỄN THÔNG HÀ HUY,CÔNG TY TNHH VIỄN THÔNG HÀ HUY,Công ty trách nhiệm hữu hạn hai thành viên trở lên,"549/66 Lê Văn Thọ, Phường 14, Quận Gò Vấp, Thành phố Hồ Chí Minh, Việt Nam",Quận Gò Vấp,"4669: Bán buôn chuyên doanh khác chưa được phân vào đâu-Chi tiết: Bán buôn camera quan sát, hệ thống báo cháy, báo trộm, chuông cửa, camera hành trình;6190: Hoạt động viễn thông khác-chi tiết: cung cấ",internet
314417041,CÔNG TY CỔ PHẦN ĐẦU TƯ TNC,CÔNG TY CỔ PHẦN ĐẦU TƯ TNC,Công ty cổ phần,"184/1 Nguyễn Văn Khối, Phường 9, Quận Gò Vấp, Thành phố Hồ Chí Minh, Việt Nam",Quận Gò Vấp,"4669: Bán buôn chuyên doanh khác chưa được phân vào đâu-Chi tiết: Bán buôn thiết bị phòng cháy chữa cháy, camera quan sát, thiết bị chống sét, chống trộm, thiết bị tự động thông minh;2610: Sản xuất li",internet
314457608,CÔNG TY TNHH WATCH CITY,CÔNG TY TNHH WATCH CITY,Công ty trách nhiệm hữu hạn một thành viên,"55/22 Thống Nhất, Phường 10, Quận Gò Vấp, Thành phố Hồ Chí Minh, Việt Nam",Quận Gò Vấp,"2652: Sản xuất đồng hồ-(không hoạt động tại trụ sở); 2023: Sản xuất mỹ phẩm, xà phòng, chất tẩy rửa, làm bóng và chế phẩm vệ sinh-Chi tiết: Sản xuất mỹ phẩm ( trừ sản xuất hóa chất); 4719: Bán lẻ khác",internet
314424835,CÔNG TY TNHH THƯƠNG MẠI PHÁT TRIỂN THỊNH LONG,CÔNG TY TNHH THƯƠNG MẠI PHÁT T,Công ty trách nhiệm hữu hạn một thành viên,"89/16 Đường 59, Phường 14, Quận Gò Vấp, Thành phố Hồ Chí Minh, Việt Nam",Quận Gò Vấp,"4661: Bán buôn nhiên liệu rắn, lỏng, khí và các sản phẩm liên quan-chi tiết: bán buôn dầu, mỡ nhờn (trừ khí dầu mỏ hóa lỏng LPG và dầu nhớt cặn);4669: Bán buôn chuyên doanh khác chưa được phân vào đâu",internet
314439454,CÔNG TY TNHH THƯƠNG MẠI DỊCH VỤ TRÒ CHƠI ĐIỆN TỬ BẢO AN,CÔNG TY TNHH THƯƠNG MẠI DỊCH V,Công ty trách nhiệm hữu hạn một thành viên,"43 Đường số 5, Khu phố 6, Phường 17, Quận Gò Vấp, Thành phố Hồ Chí Minh, Việt Nam",Quận Gò Vấp,"5224: Bốc xếp hàng hóa-(trừ bốc xếp hàng hóa cảng hàng không).;6190: Hoạt động viễn thông khác-Chi tiết: Hoạt động của các điểm truy cập internet;4543: Bán phụ tùng và các bộ phận phụ trợ của mô tô, x",internet
314432988,CÔNG TY TNHH MỘT THÀNH VIÊN KINH DOANH THƯƠNG MẠI VÀ DỊCH VỤ PHƯỚC LỘC,CÔNG TY TNHH MỘT THÀNH VIÊN KI,Công ty trách nhiệm hữu hạn một thành viên,"656/36/7 Quang Trung, Phường 11, Quận Gò Vấp, Thành phố Hồ Chí Minh, Việt Nam",Quận Gò Vấp,"4669: Bán buôn chuyên doanh khác chưa được phân vào đâu-(trừ bán buôn bình gas, khí dầu mỏ hóa lỏng lpg, dầu nhớt cặn, vàng miếng, súng, đạn loại dùng đi săn hoặc thể thao và tiền kim khí; trừ bán buô",internet
314442369,CÔNG TY TNHH THƯƠNG MẠI VÀ DỊCH VỤ VĂN HÓA  HẢI ĐĂNG,CÔNG TY TNHH THƯƠNG MẠI VÀ DỊC,Công ty trách nhiệm hữu hạn một thành viên,"Số 50/2/7 Quang Trung, Phường 10, Quận Gò Vấp, Thành phố Hồ Chí Minh, Việt Nam",Quận Gò Vấp,"1811: In ấn-(không in trên các sản phẩm vải sợi, dệt, may, đan, in, tráng bao bì kim loại tại trụ sở);1812: Dịch vụ liên quan đến in-;1820: Sao chép bản ghi các loại-;3240: Sản xuất đồ chơi, trò chơi-",internet
314445578,CÔNG TY TNHH PHÁT TRIỂN THƯƠNG MẠI DỊCH VỤ NHẬT NAM,CÔNG TY TNHH PHÁT TRIỂN THƯƠNG,Công ty trách nhiệm hữu hạn một thành viên,"380/49/6 đường số 10, Phường 9, Quận Gò Vấp, Thành phố Hồ Chí Minh, Việt Nam",Quận Gò Vấp,"2630: Sản xuất thiết bị truyền thông-( không hoạt động tại trụ sở);2710: Sản xuất mô tơ, máy phát, biến thế điện, thiết bị phân phối và điều khiển điện-Chi tiết: Sản xuất máy biến thế (không hoạt động",internet
314489007,CÔNG TY TNHH THƯƠNG MẠI - DỊCH VỤ - XÂY DỰNG - ĐIỆN LONG CHÂU,CÔNG TY TNHH THƯƠNG MẠI  DỊCH ,Công ty trách nhiệm hữu hạn hai thành viên trở lên,"237/28 Quang Trung, Phường 10, Quận Gò Vấp, Thành phố Hồ Chí Minh, Việt Nam",Quận Gò Vấp,"7120: Kiểm tra và phân tích kỹ thuật-Chi tiết: Thí nghiệm đo điện trở đất. Thí nghiệm đo cách điện. Đo độ rọi đèn chiếu sáng. Thí nghiệm cáp điện, vật liệu thiết bị điện.;4911: Vận tải hành khách đườn",internet
314452550,CÔNG TY TNHH THƯƠNG MẠI VÀ DỊCH VỤ HANAKAMI,CÔNG TY TNHH THƯƠNG MẠI VÀ DỊC,Công ty trách nhiệm hữu hạn một thành viên,"463/15/5 Lê Đức Thọ, Phường 16, Quận Gò Vấp, Thành phố Hồ Chí Minh, Việt Nam",Quận Gò Vấp,"4669: Bán buôn chuyên doanh khác chưa được phân vào đâu-(trừ bán buôn hoá chất, bình gas, khí dầu mỏ hóa lỏng LPG, dầu nhớt cặn, vàng miếng, súng, đạn loại dùng đi săn hoặc thể thao và tiền kim khí và",internet
314491768,CÔNG TY TNHH THƯƠNG MẠI DỊCH VỤ THIẾT BỊ ĐIỆN TỬ VIỄN THÔNG SƠN NAM,CÔNG TY TNHH THƯƠNG MẠI DỊCH V,Công ty trách nhiệm hữu hạn một thành viên,"30/9/3 Thống Nhất , Phường 10, Quận Gò Vấp, Thành phố Hồ Chí Minh, Việt Nam",Quận Gò Vấp,"3314: Sửa chữa thiết bị điện-(Trừ gia công cơ khí, tái chế phế thải, xi, mạ điện tại trụ sở);4633: Bán buôn đồ uống-;4649: Bán buôn đồ dùng khác cho gia đình-(trừ dược phẩm);4651: Bán buôn máy vi tính",internet
314458538,CÔNG TY TNHH THƯƠNG MẠI DỊCH VỤ DIVI,CÔNG TY TNHH THƯƠNG MẠI DỊCH V,Công ty trách nhiệm hữu hạn hai thành viên trở lên,"184 Nguyễn Văn Công, Phường 3, Quận Gò Vấp, Thành phố Hồ Chí Minh, Việt Nam",Quận Gò Vấp,"4663: Bán buôn vật liệu, thiết bị lắp đặt khác trong xây dựng-Chi tiết:
- Bán buôn tre, nứa, gỗ cây và gỗ chế biến
- Bán buôn xi măng
- Bán buôn gạch xây, ngói, đá, cát, sỏi
- Bán buôn kính xây dựng
-",internet
314457661,CÔNG TY TNHH LIDUS,CÔNG TY TNHH LIDUS,Công ty trách nhiệm hữu hạn một thành viên,"380/37/23 Phạm Văn Chiêu, Phường 9, Quận Gò Vấp, Thành phố Hồ Chí Minh, Việt Nam",Quận Gò Vấp,"2023: Sản xuất mỹ phẩm, xà phòng, chất tẩy rửa, làm bóng và chế phẩm vệ sinh-Chi tiết: Sản xuất mỹ phẩm (không sản xuất hóa chất);4719: Bán lẻ khác trong các cửa hàng kinh doanh tổng hợp-(trừ bán lẻ h",internet
314455625,CÔNG TY TNHH HAPO,CÔNG TY TNHH HAPO,Công ty trách nhiệm hữu hạn một thành viên,"434/16 Phạm Văn Chiêu, Phường 9, Quận Gò Vấp, Thành phố Hồ Chí Minh, Việt Nam",Quận Gò Vấp,"2023: Sản xuất mỹ phẩm, xà phòng, chất tẩy rửa, làm bóng và chế phẩm vệ sinh-Chi tiết: Sản xuất mỹ phẩm ( trừ sản xuất hóa chất);4719: Bán lẻ khác trong các cửa hàng kinh doanh tổng hợp-(trừ bán lẻ hó",internet
314467814,CÔNG TY TNHH TC SKY,CÔNG TY TNHH TC SKY,Công ty trách nhiệm hữu hạn một thành viên,"32/4A Lê Văn Thọ, Phường 11, Quận Gò Vấp, Thành phố Hồ Chí Minh, Việt Nam",Quận Gò Vấp,"2023: Sản xuất mỹ phẩm, xà phòng, chất tẩy rửa, làm bóng và chế phẩm vệ sinh-Chi tiết: Sản xuất mỹ phẩm ( không sản xuất hóa chất cơ bản, xà phòng, chất tẩy rửa tại trụ sở);4719: Bán lẻ khác trong các",internet
314469096,CÔNG TY TNHH TƯ VẤN BTN VIỆT NAM,CÔNG TY TNHH TƯ VẤN BTN VIỆT N,Công ty trách nhiệm hữu hạn hai thành viên trở lên,"499/6/118D đường Quang Trung, Phường 10, Quận Gò Vấp, Thành phố Hồ Chí Minh, Việt Nam",Quận Gò Vấp,"7020: Hoạt động tư vấn quản lý-(trừ tư vấn tài chính, kế toán, pháp lý);7110: Hoạt động kiến trúc và tư vấn kỹ thuật có liên quan-;4791: Bán lẻ theo yêu cầu đặt hàng qua bưu điện hoặc internet-(trừ bá",internet
314465091,CÔNG TY TNHH GIẢI PHÁP CÔNG NGHỆ THÔNG TIN MK,CÔNG TY TNHH GIẢI PHÁP CÔNG NG,Công ty trách nhiệm hữu hạn hai thành viên trở lên,"631/4/15 Lê Đức Thọ, Phường 16, Quận Gò Vấp, Thành phố Hồ Chí Minh, Việt Nam",Quận Gò Vấp,"4669: Bán buôn chuyên doanh khác chưa được phân vào đâu-Chi tiết: Bán buôn mực in;5820: Xuất bản phần mềm-Chi tiết: Sản xuất, gia công phần mềm.;6201: Lập trình máy vi tính-;6202: Tư vấn máy vi tính v",internet
314475607,CÔNG TY TNHH DỊCH VỤ ALÔ MOVING,CÔNG TY TNHH DỊCH VỤ ALÔ MOVIN,Công ty trách nhiệm hữu hạn hai thành viên trở lên,"957 Lê Đức Thọ, Phường 16, Quận Gò Vấp, Thành phố Hồ Chí Minh, Việt Nam",Quận Gò Vấp,"5510: Dịch vụ lưu trú ngắn ngày-Chi tiết: Khách sạn, biệt thự du lịch, căn hộ du lịch, nhà nghỉ du lịch, nhà ở có phòng cho khách du lịch thuê;5610: Nhà hàng và các dịch vụ ăn uống phục vụ lưu động-Ch",internet
314515345,CÔNG TY CỔ PHẦN DẦU KHÍ PHÚ THÁI,CÔNG TY CỔ PHẦN DẦU KHÍ PHÚ TH,Công ty cổ phần,"Số 2/5 Huỳnh Văn Nghệ, Phường 12, Quận Gò Vấp, Thành phố Hồ Chí Minh, Việt Nam",Quận Gò Vấp,5022: Vận tải hàng hóa đường thuỷ nội địa-;5210: Kho bãi và lưu giữ hàng hóa-(trừ kinh doanh kho bãi);5224: Bốc xếp hàng hóa-(Trừ bốc xếp hàng hóa cảng hàng không);5229: Hoạt động dịch vụ hỗ trợ khác ,internet
314482354,CÔNG TY TNHH PHÁT TRIỂN TƯ VẤN VÀ QUẢN LÝ MAZARS,CÔNG TY TNHH PHÁT TRIỂN TƯ VẤN,Công ty trách nhiệm hữu hạn hai thành viên trở lên,"10/01/09 Đường số 3, Phường 15, Quận Gò Vấp, Thành phố Hồ Chí Minh, Việt Nam",Quận Gò Vấp,"6619: Hoạt động hỗ trợ dịch vụ tài chính chưa được phân vào đâu-chi tiết: Hoạt động tư vấn đầu tư (Trừ tư vấn tài chính, kế toán, pháp lý );4321: Lắp đặt hệ thống điện-chi tiết: lắp đặt hệ thống mạng ",internet
314496290,CÔNG TY TNHH MEDIVA,CÔNG TY TNHH MEDIVA,Công ty trách nhiệm hữu hạn một thành viên,"22/4/7 Đường Số 21, Phường 8, Quận Gò Vấp, Thành phố Hồ Chí Minh, Việt Nam",Quận Gò Vấp,"8230: Tổ chức giới thiệu và xúc tiến thương mại-(không thực hiện các hiệu ứng cháy, nổ; không sử dụng chất nổ, chất cháy, hóa chất làm đạo cụ, dụng cụ thực hiện các chương trình văn nghệ, sự kiện, phi",internet
314502642,CÔNG TY TNHH MỘT THÀNH VIÊN THƯƠNG MẠI DỊCH VỤ TIN HỌC Ý MINH,CÔNG TY TNHH MỘT THÀNH VIÊN TH,Công ty trách nhiệm hữu hạn một thành viên,"1122/24 Quang Trung , Phường 8, Quận Gò Vấp, Thành phố Hồ Chí Minh, Việt Nam",Quận Gò Vấp,"1811: In ấn-(Trừ in tráng bao bì kim loại và in trên các sản phẩm vải, sợi, dệt, may, đan tại trụ sở).;1812: Dịch vụ liên quan đến in-;6201: Lập trình máy vi tính-;6202: Tư vấn máy vi tính và quản trị",internet
314493885,CÔNG TY TNHH NHÀ CÔNG NGHỆ,CÔNG TY TNHH NHÀ CÔNG NGHỆ,Công ty trách nhiệm hữu hạn hai thành viên trở lên,"265/69 Nguyễn Thái Sơn, Phường 7, Quận Gò Vấp, Thành phố Hồ Chí Minh, Việt Nam",Quận Gò Vấp,"4651: Bán buôn máy vi tính, thiết bị ngoại vi và phần mềm-;4652: Bán buôn thiết bị và linh kiện điện tử, viễn thông-;6201: Lập trình máy vi tính-;6202: Tư vấn máy vi tính và quản trị hệ thống máy vi t",internet
314489078,CÔNG TY TNHH FOXS EYES,CÔNG TY TNHH FOXS EYES,Công ty trách nhiệm hữu hạn một thành viên,"30/9/1 Thống Nhất, Phường 10, Quận Gò Vấp, Thành phố Hồ Chí Minh, Việt Nam",Quận Gò Vấp,"1811: In ấn-(không in trên các sản phẩm vải sợi, dệt, may, đan, in tráng bao bì kim loại tại trụ sở).;1812: Dịch vụ liên quan đến in-;5310: Bưu chính-Chi tiết: Đại lý dịch vụ bưu chính- viễn thông;471",internet
314489864,CÔNG TY TNHH DỊCH VỤ VUI CHƠI GIẢI TRÍ VƯƠNG MIỆN 666,CÔNG TY TNHH DỊCH VỤ VUI CHƠI ,Công ty trách nhiệm hữu hạn một thành viên,"14 Phan Văn Trị, Phường 7, Quận Gò Vấp, Thành phố Hồ Chí Minh, Việt Nam",Quận Gò Vấp,"5510: Dịch vụ lưu trú ngắn ngày-Chi tiết: Khách sạn, biệt thự du lịch, căn hộ du lịch, nhà nghỉ du lịch, nhà ở có phòng cho khách du lịch thuê ( không hoạt động tại trụ sở);4723: Bán lẻ đồ uống trong ",internet
314533908,CÔNG TY TNHH MYTALIE VIỆT NAM,CÔNG TY TNHH MYTALIE VIỆT NAM,Công ty trách nhiệm hữu hạn một thành viên,"33/24A Thống Nhất, Phường 16, Quận Gò Vấp, Thành phố Hồ Chí Minh, Việt Nam",Quận Gò Vấp,"1321: Sản xuất vải dệt kim, vải đan móc và vải không dệt khác-chi tiết: Thêu;1322: Sản xuất hàng may sẵn (trừ trang phục)-;1410: May trang phục (trừ trang phục từ da lông thú)-;1811: In ấn-;5229: Hoạt",internet
314499485,CÔNG TY TNHH THIẾT KẾ WEBSITE TRÍ PHẠM,CÔNG TY TNHH THIẾT KẾ WEBSITE ,Công ty trách nhiệm hữu hạn hai thành viên trở lên,"Số 776 Lê Đức Thọ, Phường 15, Quận Gò Vấp, Thành phố Hồ Chí Minh, Việt Nam",Quận Gò Vấp,"4663: Bán buôn vật liệu, thiết bị lắp đặt khác trong xây dựng-;4669: Bán buôn chuyên doanh khác chưa được phân vào đâu-(trừ bán buôn hóa chất tại trụ sở);5820: Xuất bản phần mềm-Chi tiết: Sản xuất phầ",internet
314508411,CÔNG TY CỔ PHẦN DƯỢC PHẨM BIO VIỆT PHÁP,CÔNG TY CỔ PHẦN DƯỢC PHẨM BIO ,Công ty cổ phần,"656/36/7 Đường Quang Trung, Phường 11, Quận Gò Vấp, Thành phố Hồ Chí Minh, Việt Nam",Quận Gò Vấp,2029: Sản xuất sản phẩm hoá chất khác chưa được phân vào đâu-Chi tiết: Sản xuất chiết khấu các sản phẩm hương liệu tự nhiên; Sản xuất chất giống nhựa; Sản xuất nước hương liệu nguyên chất chưng cất; S,internet
314550276,CÔNG TY TNHH HILO GROUP,CÔNG TY TNHH HILO GROUP,Công ty trách nhiệm hữu hạn một thành viên,"Số 174 Phạm Văn Chiêu, Phường 9, Quận Gò Vấp, Thành phố Hồ Chí Minh, Việt Nam",Quận Gò Vấp,"2023: Sản xuất mỹ phẩm, xà phòng, chất tẩy rửa, làm bóng và chế phẩm vệ sinh-Chi tiết: sản xuất mỹ phẩm ( không hoạt động tại trụ sở);4719: Bán lẻ khác trong các cửa hàng kinh doanh tổng hợp-(trừ bán ",internet
314505636,CÔNG TY TNHH THƯƠNG MẠI DỊCH VỤ ĐẦU TƯ TUTISU VIỆT NAM,CÔNG TY TNHH THƯƠNG MẠI DỊCH V,Công ty trách nhiệm hữu hạn một thành viên,"239/34 Nguyễn Văn Công, Phường 3, Quận Gò Vấp, Thành phố Hồ Chí Minh, Việt Nam",Quận Gò Vấp,"6820: Tư vấn, môi giới, đấu giá bất động sản, đấu giá quyền sử dụng đất-chi tiết: môi giới bất động sản;7110: Hoạt động kiến trúc và tư vấn kỹ thuật có liên quan-chi tiết: tư vấn, thiết kế công trình ",internet
314506206,CÔNG TY TNHH CÔNG NGHỆ TRUYỀN THÔNG TIỀN ĐIỆN TỬ,CÔNG TY TNHH CÔNG NGHỆ TRUYỀN ,Công ty trách nhiệm hữu hạn một thành viên,"Số nhà 37 Đường số 4, Khu Dân Cư City Land, Phường 5, Quận Gò Vấp, Thành phố Hồ Chí Minh, Việt Nam",Quận Gò Vấp,"4663: Bán buôn vật liệu, thiết bị lắp đặt khác trong xây dựng-Chi tiết: 
- Bán buôn gạch xây, ngói, đá, cát, sỏi;
- Bán buôn xi măng;
- Bán buôn sơn, vécni;
- Bán buôn bê tông trộn sẵn (không hoạt độn",internet
314525135,CÔNG TY TNHH ĐẦU TƯ SẢN XUẤT THƯƠNG MẠI DỊCH VỤ XUYÊN VIỆT,CÔNG TY TNHH ĐẦU TƯ SẢN XUẤT T,Công ty trách nhiệm hữu hạn một thành viên,"1306/5 Quang Trung, Phường 14, Quận Gò Vấp, Thành phố Hồ Chí Minh, Việt Nam",Quận Gò Vấp,"1322: Sản xuất hàng may sẵn (trừ trang phục)-(trừ tẩy, nhuộm, hồ, in trên các sản phẩm vải, sợi, dệt, may, đan, thêu tại trụ sở);1410: May trang phục (trừ trang phục từ da lông thú)-(trừ tẩy, nhuộm, h",internet
314524808,CÔNG TY TNHH QUẢNG CÁO GIA LIÊN,CÔNG TY TNHH QUẢNG CÁO GIA LIÊ,Công ty trách nhiệm hữu hạn một thành viên,"103/27/27/ đường số 2, Phường 3, Quận Gò Vấp, Thành phố Hồ Chí Minh, Việt Nam",Quận Gò Vấp,"4773: Bán lẻ hàng hóa khác mới trong các cửa hàng chuyên doanh-Chi tiết: Bán lẻ hàng lưu niệm, hàng đan lát, hàng thủ công mỹ nghệ. Bán lẻ tranh, ảnh và các tác phẩm nghệ thuật khác (trừ đồ cổ). Bán l",internet
314521765,DOANH NGHIỆP TƯ NHÂN THƯƠNG MẠI DỊCH VỤ INTERNET HINET STAR,DOANH NGHIỆP TƯ NHÂN THƯƠNG MẠ,Doanh nghiệp tư nhân,"112/2/13 Dương Quảng Hàm, Phường 5, Quận Gò Vấp, Thành phố Hồ Chí Minh, Việt Nam",Quận Gò Vấp,"4723: Bán lẻ đồ uống trong các cửa hàng chuyên doanh-Chi tiết: Bán lẻ rượu mạnh, rượu cang, bia; các loại đồ uống nhẹ, có chất ngọt, có hoặc không có ga như: côca côla, pepsi côla, nước cam, chanh, nư",internet
314505410,CÔNG TY TNHH TRANG TRÍ NỘI THẤT BỐN MÙA XINH,CÔNG TY TNHH TRANG TRÍ NỘI THẤ,Công ty trách nhiệm hữu hạn một thành viên,"107/100/12 Quang Trung, Phường 10, Quận Gò Vấp, Thành phố Hồ Chí Minh, Việt Nam",Quận Gò Vấp,"2022: Sản xuất sơn, véc ni và các chất sơn, quét tương tự; sản xuất mực in và ma tít-( không hoạt động tại trụ sở);2592: Gia công cơ khí; xử lý và tráng phủ kim loại-( không hoạt động tại trụ sở);1410",internet
314518219,CÔNG TY TNHH THƯƠNG MẠI DỊCH VỤ ĐẦU TƯ HOÀNG NGA,CÔNG TY TNHH THƯƠNG MẠI DỊCH V,Công ty trách nhiệm hữu hạn một thành viên,"256/26/15 Phan Huy Ích, Phường 12, Quận Gò Vấp, Thành phố Hồ Chí Minh, Việt Nam",Quận Gò Vấp,"6311: Xử lý dữ liệu, cho thuê và các hoạt động liên quan-;6312: Cổng thông tin-Chi tiết: Thiết lập trang thông tin điện tử tổng hợp;6329: Dịch vụ thông tin khác chưa được phân vào đâu-Chi tiết: Các dị",internet
314518547,CÔNG TY TNHH THƯƠNG MẠI DỊCH VỤ TỨ UYÊN,CÔNG TY TNHH THƯƠNG MẠI DỊCH V,Công ty trách nhiệm hữu hạn một thành viên,"111 Quang Trung, Phường 10, Quận Gò Vấp, Thành phố Hồ Chí Minh, Việt Nam",Quận Gò Vấp,"3312: Sửa chữa máy móc, thiết bị-(không gia công cơ khí, tái chế phế thải, xi mạ điện tại trụ sở);3314: Sửa chữa thiết bị điện-(không gia công cơ khí, tái chế phế thải, xi mạ điện tại trụ sở);4651: Bá",internet
314566854,CÔNG TY TNHH QUẢNG CÁO REDROCK,CÔNG TY TNHH QUẢNG CÁO REDROCK,Công ty trách nhiệm hữu hạn một thành viên,"566/41/22 Nguyễn Thái Sơn, Phường 5, Quận Gò Vấp, Thành phố Hồ Chí Minh, Việt Nam",Quận Gò Vấp,"7310: Quảng cáo-chi tiết: quảng cáo thương mại; quảng cáo ngoài trời: bảng lớn, panô, bảng tin, bảng hiệu; quảng cáo trên các phương tiện truyền thông;4390: Hoạt động xây dựng chuyên dụng khác-Chi tiế",internet
314538021,CÔNG TY CỔ PHẦN XUẤT NHẬP KHẨU - THƯƠNG MẠI - DỊCH VỤ OHO,CÔNG TY CỔ PHẦN XUẤT NHẬP KHẨU,Công ty cổ phần,"497/25/10 Thống Nhất, Phường 16, Quận Gò Vấp, Thành phố Hồ Chí Minh, Việt Nam",Quận Gò Vấp,4722: Bán lẻ thực phẩm trong các cửa hàng chuyên doanh-(thực hiện theo Quyết định 64/2009/QĐ-UBND ngày 31/7/2009 của Ủy ban nhân dân Thành phố Hồ Chí Minh và Quyết định 79/2009/QĐ-UBND ngày 17/10/2009,internet
314537878,CÔNG TY TNHH MTV SỮA TOÀN CẦU,CÔNG TY TNHH MTV SỮA TOÀN CẦU,Công ty trách nhiệm hữu hạn hai thành viên trở lên,"549/58/4 Lê Văn Thọ, Phường 14, Quận Gò Vấp, Thành phố Hồ Chí Minh, Việt Nam",Quận Gò Vấp,"4662: Bán buôn kim loại và quặng kim loại-(trừ mua bán vàng miếng).;4663: Bán buôn vật liệu, thiết bị lắp đặt khác trong xây dựng-;4711: Bán lẻ lương thực, thực phẩm, đồ uống, thuốc lá, thuốc lào chiế",internet
314530287,CÔNG TY TNHH CHẨN TRỊ Y HỌC CỔ TRUYỀN Y PHÚC ĐƯỜNG,CÔNG TY TNHH CHẨN TRỊ Y HỌC CỔ,Công ty trách nhiệm hữu hạn một thành viên,"99 Nguyễn Văn Lượng , Phường 17, Quận Gò Vấp, Thành phố Hồ Chí Minh, Việt Nam",Quận Gò Vấp,"4690: Bán buôn tổng hợp-chi tiết: Bán buôn mỹ phẫm, quần áo, sắt thép, máy vi tính, điện thoại các loại;4763: Bán lẻ thiết bị, dụng cụ thể dục, thể thao trong các cửa hàng chuyên doanh-;4772: Bán lẻ t",internet
314533055,CÔNG TY TNHH MR.SIMPLE,CÔNG TY TNHH MRSIMPLE,Công ty trách nhiệm hữu hạn hai thành viên trở lên,"399 Quang Trung, Phường 10, Quận Gò Vấp, Thành phố Hồ Chí Minh, Việt Nam",Quận Gò Vấp,"1322: Sản xuất hàng may sẵn (trừ trang phục)-(trừ tẩy, nhuộm, hồ, in trên các sản phẩm vải sợi, dệt, may, thêu, đan và gia công hàng đã qua sử dụng tại trụ sở);1321: Sản xuất vải dệt kim, vải đan móc ",internet
314697529,CÔNG TY TNHH TỐNG TRƯỜNG GIANG,CÔNG TY TNHH TỐNG TRƯỜNG GIANG,Công ty trách nhiệm hữu hạn một thành viên,"Số 307/1/10, Đường Nguyễn Văn Khối , Phường 8, Quận Gò Vấp, Thành phố Hồ Chí Minh, Việt Nam",Quận Gò Vấp,"2599: Sản xuất sản phẩm khác bằng kim loại chưa được phân vào đâu-Chi tiết: Gia công nguyên vật liệu, linh kiện bằng sắt, thép hoặc kim loại để làm khuôn mẫu (không hoạt động tại trụ sở);2733: Sản xuấ",internet
314731699,CÔNG TY TNHH THƯƠNG MẠI DỊCH VỤ PHẠM VŨ GIA,CÔNG TY TNHH THƯƠNG MẠI DỊCH V,Công ty trách nhiệm hữu hạn hai thành viên trở lên,"104 Đường số 7, KDC Cityland Center Hills, Phường 7, Quận Gò Vấp, Thành phố Hồ Chí Minh, Việt Nam",Quận Gò Vấp,"4741: Bán lẻ máy vi tính, thiết bị ngoại vi, phần mềm và thiết bị viễn thông trong các cửa hàng chuyên doanh-;4931: Vận tải hành khách đường bộ trong nội thành, ngoại thành (trừ vận tải bằng xe buýt)-",internet
314570508,CÔNG TY TNHH MỘT THÀNH VIÊN THƯƠNG MẠI DỊCH VỤ RAINBOW,CÔNG TY TNHH MỘT THÀNH VIÊN TH,Công ty trách nhiệm hữu hạn một thành viên,"254/32 đường Dương Quảng Hàm, Phường 5, Quận Gò Vấp, Thành phố Hồ Chí Minh, Việt Nam",Quận Gò Vấp,"2620: Sản xuất máy vi tính và thiết bị ngoại vi của máy vi tính-;2640: Sản xuất sản phẩm điện tử dân dụng-;1010: Chế biến, bảo quản thịt và các sản phẩm từ thịt-;1020: Chế biến, bảo quản thuỷ sản và c",internet
315390152,CÔNG TY TNHH THƯƠNG MẠI DỊCH VỤ NHÀ HÀNG - CAFE ĐIỂM HẸN SÀI GÒN QUÁN,CÔNG TY TNHH THƯƠNG MẠI DỊCH V,Công ty trách nhiệm hữu hạn một thành viên,"94 đường số 1, Phường 16, Quận Gò Vấp, Thành phố Hồ Chí Minh, Việt Nam",Quận Gò Vấp,"2022: Sản xuất sơn, véc ni và các chất sơn, quét tương tự; sản xuất mực in và ma tít-(Không sản xuất hóa chất và không hoạt động tại trụ sở).;1812: Dịch vụ liên quan đến in-;4542: Bảo dưỡng và sửa chữ",internet
315971397,CÔNG TY TRÁCH NHIỆM HỮU HẠN THƯƠNG MẠI DỊCH VỤ XUẤT NHẬP KHẨU QUỲNH LAM,CÔNG TY TRÁCH NHIỆM HỮU HẠN TH,Công ty trách nhiệm hữu hạn một thành viên,"350/87 Lê Đức Thọ, Phường 6, Quận Gò Vấp, Thành phố Hồ Chí Minh, Việt Nam",Quận Gò Vấp,"4661: Bán buôn nhiên liệu rắn, lỏng, khí và các sản phẩm liên quan-Chi tiết: Bán buôn xăng dầu và các sản phẩm liên quan (trừ kinh doanh khí dầu mỏ hóa lỏng LPG và dầu nhớt cặn);4221: Xây dựng công tr",internet
314556609,CÔNG TY TNHH KỸ THUẬT CÔNG NGHỆ  T&C,CÔNG TY TNHH KỸ THUẬT CÔNG NGH,Công ty trách nhiệm hữu hạn hai thành viên trở lên,"3/4 Nguyễn Thái Sơn, Phường 3, Quận Gò Vấp, Thành phố Hồ Chí Minh, Việt Nam",Quận Gò Vấp,6190: Hoạt động viễn thông khác-Chi tiết: - Cung cấp dịch vụ trò chơi trực tuyến (trừ hoạt động kinh doanh trò chơi điện tử có thưởng dành cho người nước ngoài và kinh doanh trò chơi điện tử có thưởng,internet
314556052,CÔNG TY CỔ PHẦN VM GROUP VIỆT NAM,CÔNG TY CỔ PHẦN VM GROUP VIỆT ,Công ty cổ phần,"Số 33 Nguyên Hồng, Phường 1, Quận Gò Vấp, Thành phố Hồ Chí Minh, Việt Nam",Quận Gò Vấp,"4789: Bán lẻ hàng hóa khác lưu động hoặc tại chợ-Chi tiết: Bán lẻ thiết bị, đồ dùng gia đình (trừ bán lẻ bình gas, khí dầu mỏ hóa lỏng LPG, dầu nhớt cặn, vàng miếng, súng, đạn loại dùng đi săn hoặc th",internet
314596859,CÔNG TY TNHH THƯƠNG MẠI DỊCH VỤ XÂY DỰNG HỒNG LOAN,CÔNG TY TNHH THƯƠNG MẠI DỊCH V,Công ty trách nhiệm hữu hạn một thành viên,"496/47 đường Dương Quảng Hàm, Phường 6, Quận Gò Vấp, Thành phố Hồ Chí Minh, Việt Nam",Quận Gò Vấp,"3100: Sản xuất giường, tủ, bàn, ghế-Chi tiết: Sản xuất giường, tủ, bàn ghế và đồ dùng nội thất bằng gỗ (không hoạt động tại trụ sở);4773: Bán lẻ hàng hóa khác mới trong các cửa hàng chuyên doanh-Chi t",lap top
314566540,CÔNG TY TNHH THƯƠNG MẠI SẢN XUẤT VÀ XUẤT NHẬP KHẨU MINH VƯƠNG,CÔNG TY TNHH THƯƠNG MẠI SẢN XU,Công ty trách nhiệm hữu hạn hai thành viên trở lên,"668 Phạm Văn Bạch, Phường 12, Quận Gò Vấp, Thành phố Hồ Chí Minh, Việt Nam",Quận Gò Vấp,"0118: Trồng rau, đậu các loại và trồng hoa, cây cảnh-(không hoạt động tại trụ sở);7420: Hoạt động nhiếp ảnh-(trừ sản xuất phim);4721: Bán lẻ lương thực trong các cửa hàng chuyên doanh-(thực hiện theo ",internet
314564085,CÔNG TY TNHH CÔNG NGHỆ VIỄN THÔNG NGỌC BẢO,CÔNG TY TNHH CÔNG NGHỆ VIỄN TH,Công ty trách nhiệm hữu hạn một thành viên,"796/17/40 Lê Đức Thọ, Phường 15, Quận Gò Vấp, Thành phố Hồ Chí Minh, Việt Nam",Quận Gò Vấp,"5022: Vận tải hàng hóa đường thuỷ nội địa-(trừ hóa lỏng khí để vận chuyển);5229: Hoạt động dịch vụ hỗ trợ khác liên quan đến vận tải-Chi tiết: Đại lý bán vé máy bay, tàu hỏa, tàu thủy, ô tô;5610: Nhà ",internet
314568146,CÔNG TY TNHH DỊCH VỤ TƯ VẤN HOÀNG KHÔI,CÔNG TY TNHH DỊCH VỤ TƯ VẤN HO,Công ty trách nhiệm hữu hạn một thành viên,"87/19/16 Đường 27, Phường 6, Quận Gò Vấp, Thành phố Hồ Chí Minh, Việt Nam",Quận Gò Vấp,"7490: Hoạt động chuyên môn, khoa học và công nghệ khác chưa được phân vào đâu-Chi tiết: Tư vấn vệ sinh an toàn thực phẩm;7020: Hoạt động tư vấn quản lý-(trừ tư vấn tài chính, kế toán và pháp luật);462",internet
314562627,CÔNG TY CỔ PHẦN DOXA CORP,CÔNG TY CỔ PHẦN DOXA CORP,Công ty cổ phần,"Số 104/3/6 Đường Lê Văn Thọ, Phường 9, Quận Gò Vấp, Thành phố Hồ Chí Minh, Việt Nam",Quận Gò Vấp,"4610: Đại lý, môi giới, đấu giá hàng hóa-Chi tiết: Đại lý, môi giới (trừ môi giới bảo hiểm, môi giới bất động sản).;4761: Bán lẻ sách, báo, tạp chí văn phòng phẩm trong các cửa hàng chuyên doanh-(có n",internet
314551791,CÔNG TY TNHH COSEATI,CÔNG TY TNHH COSEATI,Công ty trách nhiệm hữu hạn một thành viên,"Số 380 Phạm Văn Chiêu, Phường 9, Quận Gò Vấp, Thành phố Hồ Chí Minh, Việt Nam",Quận Gò Vấp,"2023: Sản xuất mỹ phẩm, xà phòng, chất tẩy rửa, làm bóng và chế phẩm vệ sinh-chi tiết: sản xuất mỹ phẩm (không hoạt động tại trụ sở);4719: Bán lẻ khác trong các cửa hàng kinh doanh tổng hợp-(trừ bán l",internet
314576443,CÔNG TY TNHH KVT,CÔNG TY TNHH KVT,Công ty trách nhiệm hữu hạn hai thành viên trở lên,"84/16/6 Lý Thường Kiệt, Phường 7, Quận Gò Vấp, Thành phố Hồ Chí Minh, Việt Nam",Quận Gò Vấp,"4719: Bán lẻ khác trong các cửa hàng kinh doanh tổng hợp-(trừ bán lẻ bình gas, khí dầu mỏ hóa lỏng LPG, dầu nhớt cặn, vàng miếng, súng, đạn loại dùng đi săn hoặc thể thao và tiền kim khí; trừ bán lẻ h",internet
314576612,CÔNG TY TNHH DỊCH VỤ VIỄN THÔNG THANH HÀ,CÔNG TY TNHH DỊCH VỤ VIỄN THÔN,Công ty trách nhiệm hữu hạn một thành viên,"448 Nguyễn Thái Sơn, Phường 5, Quận Gò Vấp, Thành phố Hồ Chí Minh, Việt Nam",Quận Gò Vấp,"4711: Bán lẻ lương thực, thực phẩm, đồ uống, thuốc lá, thuốc lào chiếm tỷ trọng lớn trong các cửa hàng kinh doanh tổng hợp-(trừ bán lẻ bình gas, khí dầu mỏ hóa lỏng LPG, dầu nhớt cặn, vàng miếng, súng",internet
314562200,CÔNG TY TNHH ĐẦU TƯ THƯƠNG MẠI DỊCH VỤ CÔNG NGHỆ THÁI SƠN,CÔNG TY TNHH ĐẦU TƯ THƯƠNG MẠI,Công ty trách nhiệm hữu hạn một thành viên,"462 Nguyễn Thái Sơn, Phường 5, Quận Gò Vấp, Thành phố Hồ Chí Minh, Việt Nam",Quận Gò Vấp,"1610: Cưa, xẻ, bào gỗ và bảo quản gỗ-(không hoạt động tại trụ sở);1621: Sản xuất gỗ dán, gỗ lạng, ván ép và ván mỏng khác-(không hoạt động tại trụ sở);1622: Sản xuất đồ gỗ xây dựng-(không hoạt động tạ",internet
314582447,CÔNG TY TNHH CÔNG NGHỆ SỐ HOÀNG GIA,CÔNG TY TNHH CÔNG NGHỆ SỐ HOÀN,Công ty trách nhiệm hữu hạn một thành viên,"114/3 Dương Quảng Hàm, Phường 5, Quận Gò Vấp, Thành phố Hồ Chí Minh, Việt Nam",Quận Gò Vấp,"2630: Sản xuất thiết bị truyền thông-;1811: In ấn-(trừ in, tráng bao bì kim loại, in trên sản phẩm vải, sợi, dệt, may đan tại trụ sở).;1812: Dịch vụ liên quan đến in-;4669: Bán buôn chuyên doanh khác ",internet
314596672,CÔNG TY TNHH THƯƠNG MẠI DỊCH VỤ HC LIFE,CÔNG TY TNHH THƯƠNG MẠI DỊCH V,Công ty trách nhiệm hữu hạn một thành viên,"Số 26 đường số 4 Cityland Park Hills, Phường 10, Quận Gò Vấp, Thành phố Hồ Chí Minh, Việt Nam",Quận Gò Vấp,8292: Dịch vụ đóng gói-(trừ đóng gói thuốc bảo vệ thực vật);8559: Giáo dục khác chưa được phân vào đâu-Chi tiết: Đào tạo về sự sống; Đào tạo kỹ năng nói trước công chúng; Đào tạo kỹ năng kinh doanh. D,internet
314600569,CÔNG TY TNHH ANH DŨNG VINA,CÔNG TY TNHH ANH DŨNG VINA,Công ty trách nhiệm hữu hạn hai thành viên trở lên,"30/9/1 Thống Nhất, Phường 10, Quận Gò Vấp, Thành phố Hồ Chí Minh, Việt Nam",Quận Gò Vấp,"2591: Rèn, dập, ép và cán kim loại; luyện bột kim loại-;2592: Gia công cơ khí; xử lý và tráng phủ kim loại-;4631: Bán buôn gạo, lúa mỳ, hạt ngũ cốc khác, bột mỳ-(không hoạt động tại trụ sở );4620: Bán",internet
314591339,CÔNG TY TNHH MTV THƯƠNG MẠI DỊCH VỤ XÂY DỰNG ĐẠI PHÚ,CÔNG TY TNHH MTV THƯƠNG MẠI DỊ,Công ty trách nhiệm hữu hạn một thành viên,"128 Lê Đức Thọ, Phường 6, Quận Gò Vấp, Thành phố Hồ Chí Minh, Việt Nam",Quận Gò Vấp,"1104: Sản xuất đồ uống không cồn, nước khoáng-chi tiết: sản xuất nước tinh khiết;1812: Dịch vụ liên quan đến in-;5229: Hoạt động dịch vụ hỗ trợ khác liên quan đến vận tải-(trừ hóa lỏng khí để vận chuy",internet
314626422,CÔNG TY TNHH DLU,CÔNG TY TNHH DLU,Công ty trách nhiệm hữu hạn hai thành viên trở lên,"14/6/8 Đường Số 53, Phường 14, Quận Gò Vấp, Thành phố Hồ Chí Minh, Việt Nam",Quận Gò Vấp,"1075: Sản xuất món ăn, thức ăn chế biến sẵn-(không hoạt động tại trụ sở);1079: Sản xuất thực phẩm khác chưa được phân vào đâu-chi tiết: sản xuất thực phẩm chức năng
(không hoạt động tại trụ sở);4711: ",internet
314595781,CÔNG TY TNHH MỘT THÀNH VIÊN SALA NGUYỄN,CÔNG TY TNHH MỘT THÀNH VIÊN SA,Công ty trách nhiệm hữu hạn một thành viên,"96/2/3 Đường Số 1, Phường 4, Quận Gò Vấp, Thành phố Hồ Chí Minh, Việt Nam",Quận Gò Vấp,"3312: Sửa chữa máy móc, thiết bị-Chi tiết: Sữa chữa và bảo dưỡng máy lạnh, máy điều hòa không khí (trừ gia công cơ khí, tái chế phế thải, xi mạ điện);4321: Lắp đặt hệ thống điện-;4322: Lắp đặt hệ thốn",internet
314602559,CÔNG TY TNHH DỊCH VỤ VIỄN THÔNG QUANG VINH,CÔNG TY TNHH DỊCH VỤ VIỄN THÔN,Công ty trách nhiệm hữu hạn một thành viên,"560 Nguyễn Oanh, Phường 6, Quận Gò Vấp, Thành phố Hồ Chí Minh, Việt Nam",Quận Gò Vấp,"4711: Bán lẻ lương thực, thực phẩm, đồ uống, thuốc lá, thuốc lào chiếm tỷ trọng lớn trong các cửa hàng kinh doanh tổng hợp-(trừ bán lẻ bình gas, khí dầu mỏ hóa lỏng LPG, dầu nhớt cặn, vàng miếng, súng",internet
314608286,CÔNG TY TNHH CÔNG NGHỆ TỰ ĐỘNG HƯNG PHÁT,CÔNG TY TNHH CÔNG NGHỆ TỰ ĐỘNG,Công ty trách nhiệm hữu hạn hai thành viên trở lên,"998/42/15 Quang Trung, Phường 8, Quận Gò Vấp, Thành phố Hồ Chí Minh, Việt Nam",Quận Gò Vấp,"3320: Lắp đặt máy móc và thiết bị công nghiệp-;4321: Lắp đặt hệ thống điện-;4329: Lắp đặt hệ thống xây dựng khác-;4649: Bán buôn đồ dùng khác cho gia đình-chi tiết: Bán buôn vali, cặp, túi, hàng da và",internet
314640480,CÔNG TY TNHH NEWWAVE DISTRIBUTION,CÔNG TY TNHH NEWWAVE DISTRIBUT,Công ty trách nhiệm hữu hạn hai thành viên trở lên,"983 Quang Trung, Phường 14, Quận Gò Vấp, Thành phố Hồ Chí Minh, Việt Nam",Quận Gò Vấp,"4759: Bán lẻ đồ điện gia dụng, giường, tủ, bàn, ghế và đồ nội thất tương tự, đèn và bộ đèn điện, đồ dùng gia đình khác chưa được phân vào đâu trong các cửa hàng chuyên doanh-;4771: Bán lẻ hàng may mặc",internet
314617989,CÔNG TY TNHH VINA GARDEN,CÔNG TY TNHH VINA GARDEN,Công ty trách nhiệm hữu hạn một thành viên,"751 Phan Văn Trị, Phường 7, Quận Gò Vấp, Thành phố Hồ Chí Minh, Việt Nam",Quận Gò Vấp,2610: Sản xuất linh kiện điện tử-(không hoạt động tại trụ sở);2819: Sản xuất máy thông dụng khác-(không hoạt động tại trụ sở);2012: Sản xuất phân bón và hợp chất ni tơ-(không hoạt động tại trụ sở);202,internet
314652246,CÔNG TY CỔ PHẦN ĐẦU TƯ VÀ PHÁT TRIỂN PHƯỚC THỊNH,CÔNG TY CỔ PHẦN ĐẦU TƯ VÀ PHÁT,Công ty cổ phần,"67/17 Lê Đức Thọ, Phường 7, Quận Gò Vấp, Thành phố Hồ Chí Minh, Việt Nam",Quận Gò Vấp,"3700: Thoát nước và xử lý nước thải-Chi tiết: Xử lý nước thải, nước cấp.;4322: Lắp đặt hệ thống cấp, thoát nước, lò sưởi và điều hoà không khí-chi tiết: Lắp đặt, vận hành: hệ thống xử lý nước thải, nư",internet
314611426,CÔNG TY TNHH THƯƠNG MẠI DỊCH VỤ CÔNG NGHỆ SÁNG TẠO MINH TÂM,CÔNG TY TNHH THƯƠNG MẠI DỊCH V,Công ty trách nhiệm hữu hạn một thành viên,"36/57 Phan Huy Ích, Phường 12, Quận Gò Vấp, Thành phố Hồ Chí Minh, Việt Nam",Quận Gò Vấp,"4741: Bán lẻ máy vi tính, thiết bị ngoại vi, phần mềm và thiết bị viễn thông trong các cửa hàng chuyên doanh-;5820: Xuất bản phần mềm-chi tiết: Sản xuất phần mềm;6110: Hoạt động viễn thông có dây-;612",internet
314634529,CÔNG TY CỔ PHẦN XUẤT NHẬP KHẨU IPM,CÔNG TY CỔ PHẦN XUẤT NHẬP KHẨU,Công ty cổ phần,"203/1b Huỳnh Văn Nghệ, Phường 12, Quận Gò Vấp, Thành phố Hồ Chí Minh, Việt Nam",Quận Gò Vấp,8299: Hoạt động dịch vụ hỗ trợ kinh doanh khác còn lại chưa được phân vào đâu-Chi tiết: Xuất nhập khẩu các mặt hàng công ty kinh doanh (trừ mặt hàng nhà nước cấm);1061: Xay xát và sản xuất bột thô-Chi,internet
314641646,CÔNG TY TNHH THƯƠNG MẠI VIỆT NAM TRAVEL,CÔNG TY TNHH THƯƠNG MẠI VIỆT N,Công ty trách nhiệm hữu hạn một thành viên,"1240 Quang Trung, Phường 8, Quận Gò Vấp, Thành phố Hồ Chí Minh, Việt Nam",Quận Gò Vấp,"4620: Bán buôn nông, lâm sản nguyên liệu (trừ gỗ, tre, nứa) và động vật sống-(không hoạt động tại trụ sở);4633: Bán buôn đồ uống-;4634: Bán buôn sản phẩm thuốc lá, thuốc lào-;4933: Vận tải hàng hóa bằ",internet
314645707,CÔNG TY TNHH THƯƠNG MẠI DỊCH VỤ VÀ ĐẦU TƯ XUẤT NHẬP KHẨU HOÀNG VIỆT,CÔNG TY TNHH THƯƠNG MẠI DỊCH V,Công ty trách nhiệm hữu hạn một thành viên,"622 Phạm Văn Chiêu, Phường 13, Quận Gò Vấp, Thành phố Hồ Chí Minh, Việt Nam",Quận Gò Vấp,"4711: Bán lẻ lương thực, thực phẩm, đồ uống, thuốc lá, thuốc lào chiếm tỷ trọng lớn trong các cửa hàng kinh doanh tổng hợp-(thực hiện theo Quyết định số 64/2009/QĐ-UBND ngày 31/07/2009 và Quyết định s",internet
314621142,CÔNG TY TNHH THƯƠNG MẠI VINH BẢO,CÔNG TY TNHH THƯƠNG MẠI VINH B,Công ty trách nhiệm hữu hạn một thành viên,"162/3/7 Nguyễn Thượng Hiền, Phường 1, Quận Gò Vấp, Thành phố Hồ Chí Minh, Việt Nam",Quận Gò Vấp,"4651: Bán buôn máy vi tính, thiết bị ngoại vi và phần mềm-;4652: Bán buôn thiết bị và linh kiện điện tử, viễn thông-;4663: Bán buôn vật liệu, thiết bị lắp đặt khác trong xây dựng-;4741: Bán lẻ máy vi ",internet
314647454,CÔNG TY TNHH SAO DOANH NHÂN VIỆT,CÔNG TY TNHH SAO DOANH NHÂN VI,Công ty trách nhiệm hữu hạn một thành viên,"Số 74/5/25 Đường số 9, Phường 16, Quận Gò Vấp, Thành phố Hồ Chí Minh, Việt Nam",Quận Gò Vấp,"1820: Sao chép bản ghi các loại-(trừ nội dung bị cấm theo quy định);4669: Bán buôn chuyên doanh khác chưa được phân vào đâu-Chi tiết: Bán buôn nguyên liệu mỹ phẩm, tinh dầu, dầu thơm (không tồn trữ hó",internet
314649035,CÔNG TY TNHH TƯ VẤN ĐẦU TƯ AN THANH,CÔNG TY TNHH TƯ VẤN ĐẦU TƯ AN ,Công ty trách nhiệm hữu hạn hai thành viên trở lên,"15 Đường 1, Phường 11, Quận Gò Vấp, Thành phố Hồ Chí Minh, Việt Nam",Quận Gò Vấp,"2651: Sản xuất thiết bị đo lường, kiểm tra, định hướng và điều khiển-;2740: Sản xuất thiết bị điện chiếu sáng-;2817: Sản xuất máy móc và thiết bị văn phòng (trừ máy vi tính và thiết bị ngoại vi của má",internet
314519759,CÔNG TY CỔ PHẦN LAVAMED,CÔNG TY CỔ PHẦN LAVAMED,Công ty cổ phần,"109/12 Đường Số 2, Phường 16, Quận Gò Vấp, Thành phố Hồ Chí Minh, Việt Nam",Quận Gò Vấp,"7490: Hoạt động chuyên môn, khoa học và công nghệ khác chưa được phân vào đâu-Chi tiết: Tư vấn truyền thông và marketing;
Tư vấn về chuyển giao công nghệ; Dịch vụ khoa học thuật: tích hợp hệ thống, ch",internet
314642858,CÔNG TY TNHH THƯƠNG MẠI DỊCH VỤ XE MÁY ĐIỆN GIA ĐỊNH,CÔNG TY TNHH THƯƠNG MẠI DỊCH V,Công ty trách nhiệm hữu hạn hai thành viên trở lên,"515 Phan Văn Trị, Phường 5, Quận Gò Vấp, Thành phố Hồ Chí Minh, Việt Nam",Quận Gò Vấp,"1030: Chế biến và bảo quản rau quả-(không sản xuất, chế biến thực phẩm tươi sống tại trụ sở);1701: Sản xuất bột giấy, giấy và bìa-;5229: Hoạt động dịch vụ hỗ trợ khác liên quan đến vận tải-(trừ kinh d",internet
314649846,CÔNG TY TNHH TRUYỀN THÔNG SAO DOANH NHÂN VIỆT NAM,CÔNG TY TNHH TRUYỀN THÔNG SAO ,Công ty trách nhiệm hữu hạn một thành viên,"Số 74/5/25 Đường số 9, Phường 16, Quận Gò Vấp, Thành phố Hồ Chí Minh, Việt Nam",Quận Gò Vấp,"1820: Sao chép bản ghi các loại-(trừ nội dung bị cấm theo quy định);4669: Bán buôn chuyên doanh khác chưa được phân vào đâu-Chi tiết: bán buôn nguyên liệu mỹ phẩm, tinh dầu, dầu thơm (không tồn trữ hó",internet
314623894,CÔNG TY TNHH THƯƠNG MẠI DỊCH VỤ GREEN DIAMOND,CÔNG TY TNHH THƯƠNG MẠI DỊCH V,Công ty trách nhiệm hữu hạn hai thành viên trở lên,"206/1/4 Phạm Ngũ Lão, Phường 7, Quận Gò Vấp, Thành phố Hồ Chí Minh, Việt Nam",Quận Gò Vấp,"4663: Bán buôn vật liệu, thiết bị lắp đặt khác trong xây dựng-chi tiết: bán buôn sơn, vécni, đồ ngũ kim, thiết bị lắp đặt vệ sinh: ống, ống dẫn, khớp nối, vòi, cút chữ T, ống cao su.;6190: Hoạt động v",internet
314535327,CÔNG TY TNHH ĐẦU TƯ PHÁT TRIỂN THƯƠNG MẠI DỊCH VỤ CÔNG NGHỆ AN BÌNH,CÔNG TY TNHH ĐẦU TƯ PHÁT TRIỂN,Công ty trách nhiệm hữu hạn một thành viên,"240/6/4 Phạm Văn Chiêu , Phường 9, Quận Gò Vấp, Thành phố Hồ Chí Minh, Việt Nam",Quận Gò Vấp,5229: Hoạt động dịch vụ hỗ trợ khác liên quan đến vận tải-Chi tiết: Hoạt động của đại lý làm thủ tục hải quan; Hoạt động của các đại lý vận tải hàng hóa đường biển; Giao nhận hàng hóa; Hoạt động của c,internet
314192849,CÔNG TY TNHH TƯ VẤN VÀ ĐẦU TƯ GIẢI PHÁP KỸ THUẬT SỐ THÔNG MINH,CÔNG TY TNHH TƯ VẤN VÀ ĐẦU TƯ ,Công ty trách nhiệm hữu hạn một thành viên,"Số 81 Đường 59, Phường 14, Quận Gò Vấp, Thành phố Hồ Chí Minh, Việt Nam",Quận Gò Vấp,"5820: Xuất bản phần mềm-Chi tiết: Sản xuất phần mềm;5912: Hoạt động hậu kỳ-(trừ sản xuất phim, phát sóng và không thực hiện các hiệu ứng cháy, nổ; không sử dụng chất nổ, chất cháy, hóa chất làm đạo cụ",internet
314542525,CÔNG TY TNHH MỘT THÀNH VIÊN BÙI VŨ TRÍ,CÔNG TY TNHH MỘT THÀNH VIÊN BÙ,Công ty trách nhiệm hữu hạn một thành viên,"138/1/2 Nguyễn Duy Cung, Phường 12, Quận Gò Vấp, Thành phố Hồ Chí Minh, Việt Nam",Quận Gò Vấp,"2023: Sản xuất mỹ phẩm, xà phòng, chất tẩy rửa, làm bóng và chế phẩm vệ sinh-(không hoạt động tại trụ sở);1010: Chế biến, bảo quản thịt và các sản phẩm từ thịt-(không hoạt động tại trụ sở);1020: Chế b",internet
314652694,CÔNG TY TNHH JUNGLE,CÔNG TY TNHH JUNGLE,Công ty trách nhiệm hữu hạn hai thành viên trở lên,"1416/31/55 Lê Đức Thọ, Phường 13, Quận Gò Vấp, Thành phố Hồ Chí Minh, Việt Nam",Quận Gò Vấp,"4632: Bán buôn thực phẩm-Chi tiết: 
-Bán buôn thực phẩm chức năng, thực phẩm bổ sung vi chất dinh dưỡng. Bán buôn cà phê; Bán buôn sữa và các sản phẩm sữa, bánh kẹo và các sản phẩm chế biến từ ngũ cốc",internet
314544360,CÔNG TY TNHH LÊ MAI VIỆT NAM,CÔNG TY TNHH LÊ MAI VIỆT NAM,Công ty trách nhiệm hữu hạn một thành viên,"676/6 Lê Quang Định, Phường 1, Quận Gò Vấp, Thành phố Hồ Chí Minh, Việt Nam",Quận Gò Vấp,"4661: Bán buôn nhiên liệu rắn, lỏng, khí và các sản phẩm liên quan-(trừ kinh doanh khí dầu mỏ hóa lỏng LPG)
Chi tiết: Bán buôn dầu nhờn (không hoạt động tại trụ sở);6619: Hoạt động hỗ trợ dịch vụ tài ",internet
314647197,CÔNG TY TNHH TRUYỀN THÔNG SAO DOANH NHÂN VIỆT,CÔNG TY TNHH TRUYỀN THÔNG SAO ,Công ty trách nhiệm hữu hạn một thành viên,"Số 74/5/25 Đường số 9, Phường 16, Quận Gò Vấp, Thành phố Hồ Chí Minh, Việt Nam",Quận Gò Vấp,"1820: Sao chép bản ghi các loại-(trừ nội dung bị cấm theo quy định);4669: Bán buôn chuyên doanh khác chưa được phân vào đâu-- Chi tiết: Bán buôn nguyên liệu mỹ phẩm, tinh dầu, dầu thơm. (không tồn trữ",internet
314658713,CÔNG TY TNHH HHIKARI,CÔNG TY TNHH HHIKARI,Công ty trách nhiệm hữu hạn một thành viên,"Số 380/37/24 Phạm Văn Chiêu, Phường 9, Quận Gò Vấp, Thành phố Hồ Chí Minh, Việt Nam",Quận Gò Vấp,"2023: Sản xuất mỹ phẩm, xà phòng, chất tẩy rửa, làm bóng và chế phẩm vệ sinh-Chi tiết: sản xuất mỹ phẩm (không hoạt động tại trụ sở);4719: Bán lẻ khác trong các cửa hàng kinh doanh tổng hợp-(trừ bán l",internet
314676381,CÔNG TY TNHH THIẾT KẾ XÂY DỰNG KHÔI HỒ,CÔNG TY TNHH THIẾT KẾ XÂY DỰNG,Công ty trách nhiệm hữu hạn một thành viên,"81 Nguyễn Oanh, Phường 10, Quận Gò Vấp, Thành phố Hồ Chí Minh, Việt Nam",Quận Gò Vấp,"7310: Quảng cáo-Chi tiết: Sáng tạo và đặt quảng cáo trong báo, tạp chí, đài phát thanh, truyền hình, internet và các phương tiện truyền thông khác; đặt quảng cáo ngoài trời như: bảng lớn, panô, bảng t",internet
314657734,CÔNG TY TNHH ILLUMINATI,CÔNG TY TNHH ILLUMINATI,Công ty trách nhiệm hữu hạn một thành viên,"Số 380/37/24 Phạm Văn Chiêu, Phường 9, Quận Gò Vấp, Thành phố Hồ Chí Minh, Việt Nam",Quận Gò Vấp,"2023: Sản xuất mỹ phẩm, xà phòng, chất tẩy rửa, làm bóng và chế phẩm vệ sinh-Chi tiết: Sản xuất mỹ phẩm (không hoạt động tại trụ sở);4719: Bán lẻ khác trong các cửa hàng kinh doanh tổng hợp-(trừ bán l",internet
314672034,CÔNG TY TNHH ĐẦU TƯ XUẤT NHẬP KHẨU PHÚ AN ĐÔ,CÔNG TY TNHH ĐẦU TƯ XUẤT NHẬP ,Công ty trách nhiệm hữu hạn hai thành viên trở lên,"29 Lê Thị Hồng, Phường 17, Quận Gò Vấp, Thành phố Hồ Chí Minh, Việt Nam",Quận Gò Vấp,"6190: Hoạt động viễn thông khác-Chi tiết: - Cung cấp truy cập Internet thông qua các mạng kết nối giữa khách hàng và 
ISP nhưng không do ISP sở hữu và vận hành, như truy cập Internet quay số (dial-up)",internet
314708770,CÔNG TY TNHH ĐẦU TƯ DỊCH VỤ VIỄN THÔNG AN NHIÊN,CÔNG TY TNHH ĐẦU TƯ DỊCH VỤ VI,Công ty trách nhiệm hữu hạn một thành viên,"Số 361/22 Phan Huy Ích, Phường 14, Quận Gò Vấp, Thành phố Hồ Chí Minh, Việt Nam",Quận Gò Vấp,"4741: Bán lẻ máy vi tính, thiết bị ngoại vi, phần mềm và thiết bị viễn thông trong các cửa hàng chuyên doanh-;4742: Bán lẻ thiết bị nghe nhìn trong các cửa hàng chuyên doanh-;5820: Xuất bản phần mềm-C",internet
314690065,CÔNG TY TNHH THƯƠNG MẠI DỊCH VỤ TRÒ CHƠI ĐIỆN TỬ CYBER QUỲNH MAI,CÔNG TY TNHH THƯƠNG MẠI DỊCH V,Công ty trách nhiệm hữu hạn một thành viên,"162/41 Nguyễn Duy Cung, Phường 12, Quận Gò Vấp, Thành phố Hồ Chí Minh, Việt Nam",Quận Gò Vấp,"6190: Hoạt động viễn thông khác-Chi tiết: Hoạt động của các điểm truy cập internet (trừ bán lại hạ tầng viễn thông, mạng cung cấp);9329: Hoạt động vui chơi giải trí khác chưa được phân vào đâu-Chi tiế",internet
314666922,DOANH NGHIỆP TƯ NHÂN THƯƠNG MẠI DỊCH VỤ INTERNET ARENA ONLINE,DOANH NGHIỆP TƯ NHÂN THƯƠNG MA,Doanh nghiệp tư nhân,"Số 4 Đường số 3, Phường 7, Quận Gò Vấp, Thành phố Hồ Chí Minh, Việt Nam",Quận Gò Vấp,"5630: Dịch vụ phục vụ đồ uống-Chi tiết: Hoạt động của các quán chế biến và phục vụ khách hàng tại chỗ các loại đồ uống như: cà phê, nước sinh tố,trà sữa nước ép hoa quả (trừ quán bar, quán giải khát ",internet
314675620,CÔNG TY TNHH BÁN LẺ HAYQUAHA,CÔNG TY TNHH BÁN LẺ HAYQUAHA,Công ty trách nhiệm hữu hạn hai thành viên trở lên,"203/1H Huỳnh Văn Nghệ, Phường 12, Quận Gò Vấp, Thành phố Hồ Chí Minh, Việt Nam",Quận Gò Vấp,"4663: Bán buôn vật liệu, thiết bị lắp đặt khác trong xây dựng-;4719: Bán lẻ khác trong các cửa hàng kinh doanh tổng hợp-Chi tiết: Bán lẻ nhiều loại hàng hóa trong siêu thị, minimart, trung tâm thương ",internet
314731096,CÔNG TY TNHH SẢN XUẤT THƯƠNG MẠI  DỊCH VỤ XUẤT NHẬP KHẨU ĐẠI NGÂN PHÁT,CÔNG TY TNHH SẢN XUẤT THƯƠNG M,Công ty trách nhiệm hữu hạn hai thành viên trở lên,"778/32/6 đường Thống Nhất, Phường 15, Quận Gò Vấp, Thành phố Hồ Chí Minh, Việt Nam",Quận Gò Vấp,0163: Hoạt động dịch vụ sau thu hoạch-Chi tiết: Sấy nông sản thu hoạch;4721: Bán lẻ lương thực trong các cửa hàng chuyên doanh-(thực hiện theo quyết định 64/2009/QĐ_UBND ngày 31/07/2009 và quyết định ,internet
314677988,CÔNG TY TNHH XUẤT NHẬP KHẨU CNL,CÔNG TY TNHH XUẤT NHẬP KHẨU CN,Công ty trách nhiệm hữu hạn một thành viên,"417/69/16 Quang Trung, Phường 10, Quận Gò Vấp, Thành phố Hồ Chí Minh, Việt Nam",Quận Gò Vấp,"4652: Bán buôn thiết bị và linh kiện điện tử, viễn thông-Chi tiết: Bán buôn điện thoại; Bán buôn thiết bị và linh kiện điện tử, viễn thông; 4649: Bán buôn đồ dùng khác cho gia đình-Chi tiết: Bán buôn ",internet
314714911,CÔNG TY TNHH DỊCH VỤ TRÒ CHƠI ĐIỆN TỬ ĐẮC PHÁT,CÔNG TY TNHH DỊCH VỤ TRÒ CHƠI ,Công ty trách nhiệm hữu hạn một thành viên,"223/2 Phạm Văn Chiêu, Phường 14, Quận Gò Vấp, Thành phố Hồ Chí Minh, Việt Nam",Quận Gò Vấp,6190: Hoạt động viễn thông khác-Chi tiết: Hoạt động của các điểm truy cập internet;9329: Hoạt động vui chơi giải trí khác chưa được phân vào đâu-Chi tiết: Kinh doanh trò chơi điện tử (trừ kinh doanh t,internet
314531178,CÔNG TY TNHH THƯƠNG MẠI DỊCH VỤ MAI THUẬN PHÁT,CÔNG TY TNHH THƯƠNG MẠI DỊCH V,Công ty trách nhiệm hữu hạn một thành viên,"204 Phan Huy Ích, Phường 12, Quận Gò Vấp, Thành phố Hồ Chí Minh, Việt Nam",Quận Gò Vấp,4220: Xây dựng công trình công ích-; 4311: Phá dỡ-; 4312: Chuẩn bị mặt bằng-; 4330: Hoàn thiện công trình xây dựng-; 4100: Xây dựng nhà các loại-; 4290: Xây dựng công trình kỹ thuật dân dụng khác-Chi ,internet
314701503,CÔNG TY CỔ PHẦN ĐẦU TƯ VÀ PHÁT TRIỂN THƯƠNG MẠI SUPER MARIO,CÔNG TY CỔ PHẦN ĐẦU TƯ VÀ PHÁT,Công ty cổ phần,"66 Lê Lợi, Phường 4, Quận Gò Vấp, Thành phố Hồ Chí Minh, Việt Nam",Quận Gò Vấp,"1811: In ấn-(trừ các loại hình nhà nước cấp);1812: Dịch vụ liên quan đến in-;5510: Dịch vụ lưu trú ngắn ngày-Chi tiết: khách sạn, biệt thự du lịch, căn hộ du lịch, nhà nghỉ du lịch, nhà ở có phòng cho",internet
314726402,CÔNG TY TNHH MỘT THÀNH VIÊN TM-DV KÝ GIA KHANG,CÔNG TY TNHH MỘT THÀNH VIÊN TM,Công ty trách nhiệm hữu hạn một thành viên,"133 Hẻm 736 Đường số 5, Phường 15, Quận Gò Vấp, Thành phố Hồ Chí Minh, Việt Nam",Quận Gò Vấp,"4659: Bán buôn máy móc, thiết bị và phụ tùng máy khác-Chi tiết: Bán buôn máy móc, thiết bị ngành in.;4651: Bán buôn máy vi tính, thiết bị ngoại vi và phần mềm-;4652: Bán buôn thiết bị và linh kiện điệ",internet
314696229,CÔNG TY TNHH ĐIỆN TỬ CẢNH ĐẠI DƯƠNG,CÔNG TY TNHH ĐIỆN TỬ CẢNH ĐẠI ,Công ty trách nhiệm hữu hạn một thành viên,"99 Nguyễn Văn Công, Phường 3, Quận Gò Vấp, Thành phố Hồ Chí Minh, Việt Nam",Quận Gò Vấp,9329: Hoạt động vui chơi giải trí khác chưa được phân vào đâu-chi tiết: Kinh doanh trò chơi điện tử (trừ kinh doanh trò chơi điện tử có thưởng dành cho người nước ngoài và kinh doanh trò chơi điện tử ,internet
314735340,CÔNG TY TNHH MICROBOX,CÔNG TY TNHH MICROBOX,Công ty trách nhiệm hữu hạn một thành viên,"77 đường số 3, Khu dân cư Cityland Center Hills, Phường 7, Quận Gò Vấp, Thành phố Hồ Chí Minh, Việt Nam",Quận Gò Vấp,"4741: Bán lẻ máy vi tính, thiết bị ngoại vi, phần mềm và thiết bị viễn thông trong các cửa hàng chuyên doanh-;5820: Xuất bản phần mềm-Chi tiết: Sản xuất phần mềm;6201: Lập trình máy vi tính-;6202: Tư ",internet
314757168,CÔNG TY TNHH THƯƠNG MẠI DỊCH VỤ VÀ QUẢNG CÁO ÔZONE,CÔNG TY TNHH THƯƠNG MẠI DỊCH V,Công ty trách nhiệm hữu hạn hai thành viên trở lên,"226/96 Nguyễn Văn Lượng, Phường 17, Quận Gò Vấp, Thành phố Hồ Chí Minh, Việt Nam",Quận Gò Vấp,"1410: May trang phục (trừ trang phục từ da lông thú)-;1621: Sản xuất gỗ dán, gỗ lạng, ván ép và ván mỏng khác-;1623: Sản xuất bao bì bằng gỗ-;1629: Sản xuất sản phẩm khác từ gỗ; sản xuất sản phẩm từ t",internet
314735573,CÔNG TY TNHH THƯƠNG MẠI DỊCH VỤ XUẤT NHẬP KHẨU DOUBLE K,CÔNG TY TNHH THƯƠNG MẠI DỊCH V,Công ty trách nhiệm hữu hạn hai thành viên trở lên,"994 Quang Trung, Phường 8, Quận Gò Vấp, Thành phố Hồ Chí Minh, Việt Nam",Quận Gò Vấp,"1311: Sản xuất sợi-;1323: Sản xuất thảm, chăn đệm-;1410: May trang phục (trừ trang phục từ da lông thú)-;1520: Sản xuất giày dép-;4669: Bán buôn chuyên doanh khác chưa được phân vào đâu-Chi tiết: Bán ",internet
314753212,CÔNG TY TNHH ĐẦU TƯ DỊCH VỤ KIM MINH,CÔNG TY TNHH ĐẦU TƯ DỊCH VỤ KI,Công ty trách nhiệm hữu hạn một thành viên,"Số 76/58, Đường 59, Phường 14, Quận Gò Vấp, Thành phố Hồ Chí Minh, Việt Nam",Quận Gò Vấp,"2420: Sản xuất kim loại màu và kim loại quý-;4791: Bán lẻ theo yêu cầu đặt hàng qua bưu điện hoặc internet-(trừ bán lẻ bình gas, khí dầu mỏ hóa lỏng LPG, dầu nhớt cặn, vàng miếng, súng, đạn loại dùng ",internet
314740982,CÔNG TY CỔ PHẦN CÔNG NGHỆ SÀI RỒNG,CÔNG TY CỔ PHẦN CÔNG NGHỆ SÀI ,Công ty cổ phần,"22/81 Đường 21, Phường 8, Quận Gò Vấp, Thành phố Hồ Chí Minh, Việt Nam",Quận Gò Vấp,"5820: Xuất bản phần mềm-Chi tiết: Sản xuất phần mềm;6190: Hoạt động viễn thông khác-Chi tiết: 
- Cung cấp truy cập internet thông qua các mạng kết nối giữa khách hàng và ISP nhưng không do ISP sở hữu ",internet
314757471,CÔNG TY TNHH KINH DOANH VÀ DỊCH VỤ HẢI LÂM,CÔNG TY TNHH KINH DOANH VÀ DỊC,Công ty trách nhiệm hữu hạn hai thành viên trở lên,"126/11A Đường số 8 , Phường 11, Quận Gò Vấp, Thành phố Hồ Chí Minh, Việt Nam",Quận Gò Vấp,"4932: Vận tải hành khách đường bộ khác-;5229: Hoạt động dịch vụ hỗ trợ khác liên quan đến vận tải-Chi tiết: Đại lý bán vé máy bay, tàu hỏa;5510: Dịch vụ lưu trú ngắn ngày-Chi tiết: Khách sạn, biệt thự",internet
314756333,CÔNG TY TNHH SẢN XUẤT THƯƠNG MẠI XUẤT NHẬP KHẨU LÝ GIA,CÔNG TY TNHH SẢN XUẤT THƯƠNG M,Công ty trách nhiệm hữu hạn hai thành viên trở lên,"91/20 Đường số 18, Phường 8, Quận Gò Vấp, Thành phố Hồ Chí Minh, Việt Nam",Quận Gò Vấp,"4669: Bán buôn chuyên doanh khác chưa được phân vào đâu-(trừ bán buôn bình gas, khí dầu mỏ hóa lỏng LPG, dầu nhớt cặn, vàng miếng, súng, đạn loại dùng đi săn hoặc thể thao và tiền kim khí; trừ bán buô",internet
314748371,CÔNG TY CỔ PHẦN GIẢI PHÁP CÔNG NGHỆ ZEN,CÔNG TY CỔ PHẦN GIẢI PHÁP CÔNG,Công ty cổ phần,"111 Đường số 8, Khu dân cư CityLand Park Hills, Phường 10, Quận Gò Vấp, Thành phố Hồ Chí Minh, Việt Nam",Quận Gò Vấp,"5820: Xuất bản phần mềm-Chi tiết: Sản xuất phần mềm;6201: Lập trình máy vi tính-;7410: Hoạt động thiết kế chuyên dụng-Chi tiết: Thiết kế wedsite, thiết kế đồ họa; Hoạt động thiết kế, trang trí nội ngo",internet
314760900,CÔNG TY CỔ PHẦN KIẾN THÀNH LAND,CÔNG TY CỔ PHẦN KIẾN THÀNH LAN,Công ty cổ phần,"467/79/3A Lê Đức Thọ, Phường 16, Quận Gò Vấp, Thành phố Hồ Chí Minh, Việt Nam",Quận Gò Vấp,"4649: Bán buôn đồ dùng khác cho gia đình-Chi tiết: Bán buôn vali, cặp, túi, ví, hàng da và giả da khác, nước hoa, nước thơm, dầu thơm, son, phấn, kem dưỡng da và trang điểm, mỹ phẩm, xà phòng thơm, nư",internet
314740580,CÔNG TY TNHH ĐẦU TƯ THƯƠNG MẠI DỊCH VỤ NÔNG TRẠI XANH,CÔNG TY TNHH ĐẦU TƯ THƯƠNG MẠI,Công ty trách nhiệm hữu hạn hai thành viên trở lên,"15 Đường Số 1, Khu dân cư CityLand Center Hills , Phường 7, Quận Gò Vấp, Thành phố Hồ Chí Minh, Việt Nam",Quận Gò Vấp,"0163: Hoạt động dịch vụ sau thu hoạch-(Chi tiết: Hoạt động thu gom, đóng gói nông sản sau thu hoạch);0230: Thu nhặt sản phẩm từ rừng không phải gỗ và lâm sản khác-;1030: Chế biến và bảo quản rau quả-(",internet
314743831,CÔNG TY TNHH THƯƠNG MẠI MILANO,CÔNG TY TNHH THƯƠNG MẠI MILANO,Công ty trách nhiệm hữu hạn một thành viên,"Số 53/26 Đường Số 1, Phường 7, Quận Gò Vấp, Thành phố Hồ Chí Minh, Việt Nam",Quận Gò Vấp,"2029: Sản xuất sản phẩm hoá chất khác chưa được phân vào đâu-Chi tiết: Sản xuất hương liệu, sản xuất hóa chất trong lĩnh vực phụ gia thực phẩm, pha trộn phụ gia hóa chất (không hoạt động tại trụ sở).;",internet
314728819,CÔNG TY TNHH GIẢI PHÁP KỸ THUẬT SÁNG TẠO VIỆT,CÔNG TY TNHH GIẢI PHÁP KỸ THUẬ,Công ty trách nhiệm hữu hạn hai thành viên trở lên,"83 Lý Thường Kiệt, Phường 4, Quận Gò Vấp, Thành phố Hồ Chí Minh, Việt Nam",Quận Gò Vấp,"3312: Sửa chữa máy móc, thiết bị-(trừ gia công cơ khí, tái chế phế thải, xi mạ điện tại trụ sở);3314: Sửa chữa thiết bị điện-(trừ gia công cơ khí, tái chế phế thải, xi mạ điện tại trụ sở);3320: Lắp đặ",internet
314790373,CÔNG TY CỔ PHẦN CÔNG NGHỆ WECODE,CÔNG TY CỔ PHẦN CÔNG NGHỆ WECO,Công ty cổ phần,"74/6/51 Đường Số 9, Phường 16, Quận Gò Vấp, Thành phố Hồ Chí Minh, Việt Nam",Quận Gò Vấp,"6209: Hoạt động dịch vụ công nghệ thông tin và dịch vụ khác liên quan đến máy vi tính-;4791: Bán lẻ theo yêu cầu đặt hàng qua bưu điện hoặc internet-(trừ bán lẻ hóa chất, khí dầu mỏ hóa lỏng LPG, dầu ",internet
314781883,CÔNG TY TNHH DỊCH VỤ THIÊN TRÚC,CÔNG TY TNHH DỊCH VỤ THIÊN TRÚ,Công ty trách nhiệm hữu hạn một thành viên,"134/14 Lê Văn Thọ, Phường 9, Quận Gò Vấp, Thành phố Hồ Chí Minh, Việt Nam",Quận Gò Vấp,"0118: Trồng rau, đậu các loại và trồng hoa, cây cảnh-;0130: Nhân và chăm sóc cây giống nông nghiệp-;0164: Xử lý hạt giống để nhân giống-;1030: Chế biến và bảo quản rau quả-;5229: Hoạt động dịch vụ hỗ ",internet
314747522,CÔNG TY TNHH BEU MEDIA,CÔNG TY TNHH BEU MEDIA,Công ty trách nhiệm hữu hạn hai thành viên trở lên,"139A Nguyễn Du, Phường 7, Quận Gò Vấp, Thành phố Hồ Chí Minh, Việt Nam",Quận Gò Vấp,"7310: Quảng cáo-;7911: Đại lý du lịch-;7912: Điều hành tua du lịch-;8230: Tổ chức giới thiệu và xúc tiến thương mại-Chi tiết: Tổ chức hội nghị, hội thảo, hội chợ triển lãm (không thực hiện các hiệu ứn",internet
314748491,CÔNG TY TNHH TRẦN VŨ PHÁT,CÔNG TY TNHH TRẦN VŨ PHÁT,Công ty trách nhiệm hữu hạn một thành viên,"796/112A Lê Đức Thọ, Phường 15, Quận Gò Vấp, Thành phố Hồ Chí Minh, Việt Nam",Quận Gò Vấp,"7810: Hoạt động của các trung tâm, đại lý tư vấn, giới thiệu và môi giới lao động, việc làm-chi tiết: Hoạt động của đại lý tư vấn, giới thiệu và môi giới lao động, việc làm (trừ cho thuê lại lao động)",internet
314761238,CÔNG TY CỔ PHẦN TÀI CHÍNH VIỆT Á,CÔNG TY CỔ PHẦN TÀI CHÍNH VIỆT,Công ty cổ phần,"119/37 Bùi Quang Là, Phường 12, Quận Gò Vấp, Thành phố Hồ Chí Minh, Việt Nam",Quận Gò Vấp,"4651: Bán buôn máy vi tính, thiết bị ngoại vi và phần mềm-Chi tiết: Bán buôn các loại vật tư, thiết bị ngành tin học;4652: Bán buôn thiết bị và linh kiện điện tử, viễn thông-Chi tiết: Bán buôn vật tư,",internet
316871109,CÔNG TY TNHH MTV TMDV HOÀNG KIM,CÔNG TY TNHH MTV TMDV HOÀNG KI,Công ty trách nhiệm hữu hạn một thành viên,"313/30 Quang Trung, Phường 10, Quận Gò Vấp, Thành phố Hồ Chí Minh, Việt Nam",Quận Gò Vấp,"4773: Bán lẻ hàng hóa khác mới trong các cửa hàng chuyên doanh-(Trừ bán lẻ bình gas, khí dầu mỏ hóa lỏng LPG, dầu nhớt cặn, vàng miếng, súng, đạn loại dùng đi săn hoặc thể thao và tiền kim khí; trừ bá",internet
314776770,"CÔNG TY CỔ PHẦN NGHIÊN CỨU, ĐÀO TẠO VÀ PHÁT TRIỂN DOANH NGHIỆP VIỆT",CÔNG TY CỔ PHẦN NGHIÊN CỨU ĐÀO,Công ty cổ phần,"37/423P Lê Đức Thọ, Phường 17, Quận Gò Vấp, Thành phố Hồ Chí Minh, Việt Nam",Quận Gò Vấp,6190: Hoạt động viễn thông khác-Chi tiết: Dịch vụ cung cấp thông tin lên mạng internet (trừ kinh doanh đại lý truy cập internet). Cung cấp dịch vụ giá trị gia tăng trên mạng internet và viễn thông: dị,internet
314768635,CÔNG TY TNHH QUỐC TẾ GBEAUTY,CÔNG TY TNHH QUỐC TẾ GBEAUTY,Công ty trách nhiệm hữu hạn hai thành viên trở lên,"số146/2/28 Đường số 30, Phường 6, Quận Gò Vấp, Thành phố Hồ Chí Minh, Việt Nam",Quận Gò Vấp,"7020: Hoạt động tư vấn quản lý-(trừ tư vấn tài chính, kế toán, pháp lý). (CPC 865)
(Doanh nghiệp không được cung cấp dịch vụ trọng tài hòa giải đối với tranh chấp thương mại giữa các thương nhân, dịch",internet
314803978,CÔNG TY TNHH MASFLO VIỆT NAM,CÔNG TY TNHH MASFLO VIỆT NAM,Công ty trách nhiệm hữu hạn hai thành viên trở lên,"590/2/4 đường Phan Văn Trị, Phường 7, Quận Gò Vấp, Thành phố Hồ Chí Minh, Việt Nam",Quận Gò Vấp,"4690: Bán buôn tổng hợp-(trừ bán buôn bình gas, súng, đạn loại đi săn hoặc thể thao và tiền kim khí và thực hiện theo Quyết định 64/2009/QĐ-UBND ngày 31/7/2009 của Ủy ban nhân dân Thành phố Hồ Chí Min",internet
108090270,CÔNG TY CỔ PHẦN VIỆN ĐÀO TẠO NLP,CÔNG TY CỔ PHẦN VIỆN ĐÀO TẠO N,Công ty cổ phần,"G11, Tòa CT5 Chung cư Hà Đô, Phường 3, Quận Gò Vấp, Thành phố Hồ Chí Minh, Việt Nam",Quận Gò Vấp,"7490: Hoạt động chuyên môn, khoa học và công nghệ khác chưa được phân vào đâu-(trừ thanh toán hối phiếu, thông tin tỉ lệ lượng và tư vấn chứng khoán);4610: Đại lý, môi giới, đấu giá hàng hóa-Chi tiết:",internet
314799591,CÔNG TY CỔ PHẦN CÔNG NGHỆ GREY NEURON,CÔNG TY CỔ PHẦN CÔNG NGHỆ GREY,Công ty cổ phần,"Tầng 3 Tòa Nhà Khánh Huy, Số 4 Đỗ Thúc Tịnh, Phường 12, Quận Gò Vấp, Thành phố Hồ Chí Minh, Việt Nam",Quận Gò Vấp,"5820: Xuất bản phần mềm-Chi tiết: Sản xuất phần mềm.;7410: Hoạt động thiết kế chuyên dụng-Chi tiết: Thiết kế website, hoạt động trang trí nội, ngoại thất (trừ thiết kế công trình).;4761: Bán lẻ sách, ",internet
314782598,CÔNG TY CỔ PHẦN THE S VIETNAM,CÔNG TY CỔ PHẦN THE S VIETNAM,Công ty cổ phần,"891/4 Nguyễn Kiệm, Phường 3, Quận Gò Vấp, Thành phố Hồ Chí Minh, Việt Nam",Quận Gò Vấp,"7911: Đại lý du lịch-;7310: Quảng cáo-;4632: Bán buôn thực phẩm-(Không hoạt động tại trụ sở);4773: Bán lẻ hàng hóa khác mới trong các cửa hàng chuyên doanh-(trừ bán lẻ khí dầu mỏ hóa lỏng LPG, bình ga",internet
314804410,CÔNG TY CỔ PHẦN TẬP ĐOÀN TÀI CHÍNH TOÀN CẦU DONA,CÔNG TY CỔ PHẦN TẬP ĐOÀN TÀI C,Công ty cổ phần,"118/7/1 Đường số 8, Phường 11, Quận Gò Vấp, Thành phố Hồ Chí Minh, Việt Nam",Quận Gò Vấp,5011: Vận tải hành khách ven biển và viễn dương-;5012: Vận tải hàng hóa ven biển và viễn dương-(trừ hóa lỏng khí để vận chuyển).;5021: Vận tải hành khách đường thuỷ nội địa-;5022: Vận tải hàng hóa đườ,internet
107793633,CÔNG TY CỔ PHẦN TẬP ĐOÀN THY LAND,CÔNG TY CỔ PHẦN TẬP ĐOÀN THY L,Công ty cổ phần,"493/4 Lê Đức Thọ, Phường 16, Quận Gò Vấp, Thành phố Hồ Chí Minh, Việt Nam",Quận Gò Vấp,"5590: Cơ sở lưu trú khác-Chi tiết: Ký túc xá học sinh, sinh viên; Chỗ nghỉ trọ trên xe lưu động, lều quán, trại dùng để nghỉ tạm; Dịch vụ cung cấp cơ sở lưu trú ngắn hạn hoặc dài hạn cho khách thuê tr",internet
3702627005,CÔNG TY TNHH ĐẦU TƯ THƯƠNG MẠI QUỐC TẾ ĐÔNG ÂU,CÔNG TY TNHH ĐẦU TƯ THƯƠNG MẠI,Công ty trách nhiệm hữu hạn một thành viên,"Số 672A-49, Phan Văn Trị, Khu Dân Cư CITYLAND PARK HILLS, Phường 10, Quận Gò Vấp, Thành phố Hồ Chí Minh, Việt Nam",Quận Gò Vấp,"4669: Bán buôn chuyên doanh khác chưa được phân vào đâu-(trừ bán lẻ bình gas, khí dầu mỏ hóa lỏng LPG, dầu nhớt cặn, vàng miếng, súng, đạn loại dùng đi săn hoặc thể thao và tiền kim khí; trừ bán lẻ hó",internet
314210537,CÔNG TY TNHH THƯƠNG MẠI XUẤT NHẬP KHẨU HÀ LOAN,CÔNG TY TNHH THƯƠNG MẠI XUẤT N,Công ty trách nhiệm hữu hạn một thành viên,"1358/40 Quang Trung, Phường 14, Quận Gò Vấp, Thành phố Hồ Chí Minh, Việt Nam",Quận Gò Vấp,"4762: Bán lẻ băng đĩa âm thanh, hình ảnh (kể cả băng, đĩa trắng) trong các cửa hàng chuyên doanh-;4763: Bán lẻ thiết bị, dụng cụ thể dục, thể thao trong các cửa hàng chuyên doanh-(Trừ súng đạn, loại d",internet
314571999,CÔNG TY CỔ PHẦN BLISS,CÔNG TY CỔ PHẦN BLISS,Công ty cổ phần,"135 Đường số 12, KDC City Land, Phường 10, Quận Gò Vấp, Thành phố Hồ Chí Minh, Việt Nam",Quận Gò Vấp,"5820: Xuất bản phần mềm-Chi tiết: sản xuất phần mềm;5912: Hoạt động hậu kỳ-(trừ sản xuất phim, không thực hiện các hiệu ứng cháy, nổ; không sử dụng chất nổ, chất cháy, hóa chất làm đạo cụ, dụng cụ thự",internet
314572230,CÔNG TY TNHH TRUYỀN THÔNG THOR,CÔNG TY TNHH TRUYỀN THÔNG THOR,Công ty trách nhiệm hữu hạn hai thành viên trở lên,"79/35 Thống Nhất, Phường 11, Quận Gò Vấp, Thành phố Hồ Chí Minh, Việt Nam",Quận Gò Vấp,"5911: Hoạt động sản xuất phim điện ảnh, phim video và chương trình truyền hình-Chi tiết: Hoạt động sản xuất chương trình truyền hình (trừ sản xuất phim, phát sóng và không thực hiện các hiệu ứng cháy,",internet
314250314,CÔNG TY CỔ PHẦN THƯƠNG MẠI - XÂY DỰNG VÀ KỸ THUẬT HOÀNG PHÁT,CÔNG TY CỔ PHẦN THƯƠNG MẠI  XÂ,Công ty cổ phần,"248/6 Nguyễn Văn Khối, Phường 9, Quận Gò Vấp, Thành phố Hồ Chí Minh, Việt Nam",Quận Gò Vấp,"4321: Lắp đặt hệ thống điện-(trừ gia công cơ khí, tái chế phế thải, xi mạ điện tại trụ sở);4322: Lắp đặt hệ thống cấp, thoát nước, hệ thống sưởi và điều hoà không khí-(trừ lắp đặt các thiết bị lạnh (t",internet
314622474,CÔNG TY TNHH THƯƠNG MẠI CÔNG NGHỆ TÂN THANH,CÔNG TY TNHH THƯƠNG MẠI CÔNG N,Công ty trách nhiệm hữu hạn một thành viên,"153A Huỳnh Văn Nghệ, Phường 12, Quận Gò Vấp, Thành phố Hồ Chí Minh, Việt Nam",Quận Gò Vấp,"4662: Bán buôn kim loại và quặng kim loại-(trừ mua bán vàng miếng);4663: Bán buôn vật liệu, thiết bị lắp đặt khác trong xây dựng-;4741: Bán lẻ máy vi tính, thiết bị ngoại vi, phần mềm và thiết bị viễn",internet
314627761,CÔNG TY TNHH SẢN XUẤT THƯƠNG MẠI DỊCH VỤ SƠN PHÁT 2,CÔNG TY TNHH SẢN XUẤT THƯƠNG M,Công ty trách nhiệm hữu hạn một thành viên,"81/5F Đường Số 59 , Phường 14, Quận Gò Vấp, Thành phố Hồ Chí Minh, Việt Nam",Quận Gò Vấp,"9620: Giặt là, làm sạch các sản phẩm dệt và lông thú-chi tiết: Giặt là;1410: May trang phục (trừ trang phục từ da lông thú)-(không tẩy, nhuộm, hồ, in  và không gia công hàng đã qua sử dụng tại trụ sở)",internet
314310651,CÔNG TY TNHH T&B GIFT,CÔNG TY TNHH TB GIFT,Công ty trách nhiệm hữu hạn một thành viên,"302/65 Phan Huy Ích, Phường 12, Quận Gò Vấp, Thành phố Hồ Chí Minh, Việt Nam",Quận Gò Vấp,"4771: Bán lẻ hàng may mặc, giày dép, hàng da và giả da trong các cửa hàng chuyên doanh-Chi tiết: Bán lẻ hàng may mặc trong các cửa hàng chuyên doanh; Bán lẻ giày dép trong các cửa hàng chuyên doanh; B",internet
314340141,CÔNG TY TNHH MỘT THÀNH VIÊN VIPARAL,CÔNG TY TNHH MỘT THÀNH VIÊN VI,Công ty trách nhiệm hữu hạn một thành viên,"26/41 Đường số 11, Phường 11, Quận Gò Vấp, Thành phố Hồ Chí Minh, Việt Nam",Quận Gò Vấp,2610: Sản xuất linh kiện điện tử-;2630: Sản xuất thiết bị truyền thông-;2740: Sản xuất thiết bị điện chiếu sáng-;2790: Sản xuất thiết bị điện khác-Chi tiết: Sản xuất thiết bị điện năng lượng mặt trời;,internet
314656723,CÔNG TY CỔ PHẦN CÔNG NGHỆ MÔI TRƯỜNG VOM,CÔNG TY CỔ PHẦN CÔNG NGHỆ MÔI ,Công ty cổ phần,"67/17 Lê Đức Thọ, Phường 7, Quận Gò Vấp, Thành phố Hồ Chí Minh, Việt Nam",Quận Gò Vấp,"2011: Sản xuất hoá chất cơ bản-Chi tiết: sản xuất hóa chất (không hoạt động tại trụ sở);2511: Sản xuất các cấu kiện kim loại-Chi tiết: Sản xuất máy móc thiết bị và sản phầm ngành cơ khí; cấu kiện, kết",internet
314347193,CÔNG TY TNHH THỰC PHẨM INTERFOOD,CÔNG TY TNHH THỰC PHẨM INTERFO,Công ty trách nhiệm hữu hạn hai thành viên trở lên,"120/16/30 Đường số 4, Phường 16, Quận Gò Vấp, Thành phố Hồ Chí Minh, Việt Nam",Quận Gò Vấp,"8230: Tổ chức giới thiệu và xúc tiến thương mại-(không thực hiện các hiệu ứng cháy nổ và không sử dụng chất nổ, chất cháy, hóa chất làm đạo cụ, dụng cụ thực hiện các chương trình văn nghệ, sự kiện, ph",internet
314378480,CÔNG TY TNHH THƯƠNG MẠI DỊCH VỤ ĐIỆN LẠNH PHAN GIA PHÁT,CÔNG TY TNHH THƯƠNG MẠI DỊCH V,Công ty trách nhiệm hữu hạn một thành viên,"565/2 Quang Trung, Phường 10, Quận Gò Vấp, Thành phố Hồ Chí Minh, Việt Nam",Quận Gò Vấp,"4661: Bán buôn nhiên liệu rắn, lỏng, khí và các sản phẩm liên quan-(trừ kinh doanh khí dầu mỏ hóa lỏng LPG và dầu nhớt cặn);4663: Bán buôn vật liệu, thiết bị lắp đặt khác trong xây dựng-;4669: Bán buô",internet
314389098,CÔNG TY TNHH NGUYÊN THÀNH PHÚC,CÔNG TY TNHH NGUYÊN THÀNH PHÚC,Công ty trách nhiệm hữu hạn hai thành viên trở lên,"254/17/4 Lê Văn Thọ, Phường 11, Quận Gò Vấp, Thành phố Hồ Chí Minh, Việt Nam",Quận Gò Vấp,"4661: Bán buôn nhiên liệu rắn, lỏng, khí và các sản phẩm liên quan-chi tiết: Bán buôn xăng dầu và các sản phẩm liên quan (trừ khí dầu mỏ hóa lỏng LPG).;4662: Bán buôn kim loại và quặng kim loại-Chi ti",internet
314685971,CÔNG TY TNHH THƯƠNG MẠI ĐẦU TƯ DỊCH VỤ QUỐC TẾ ĐẠI AN,CÔNG TY TNHH THƯƠNG MẠI ĐẦU TƯ,Công ty trách nhiệm hữu hạn hai thành viên trở lên,"33/11Z/27B đường số 59, Phường 14, Quận Gò Vấp, Thành phố Hồ Chí Minh, Việt Nam",Quận Gò Vấp,4722: Bán lẻ thực phẩm trong các cửa hàng chuyên doanh-(Thực hiện theo Quyết định 64/2009/QĐ-UBND ngày 31/07/2009 và Quyết định 79/2009/QĐ-UBND ngày 17/10/2009 của Ủy ban nhân dân Thành phố Hồ Chí Min,internet
314425010,CÔNG TY TNHH EVOS VN HOLDINGS,CÔNG TY TNHH EVOS VN HOLDINGS,Công ty trách nhiệm hữu hạn một thành viên,"Số 102, Đường số 1, Phường 7, Quận Gò Vấp, Thành phố Hồ Chí Minh, Việt Nam",Quận Gò Vấp,"7310: Quảng cáo-;6202: Tư vấn máy vi tính và quản trị hệ thống máy vi tính-;6209: Hoạt động dịch vụ công nghệ thông tin và dịch vụ khác liên quan đến máy vi tính-;6311: Xử lý dữ liệu, cho thuê và các ",internet
314707128,CÔNG TY TNHH THƯƠNG MẠI DỊCH VỤ CÔNG NGHỆ ASTVIET,CÔNG TY TNHH THƯƠNG MẠI DỊCH V,Công ty trách nhiệm hữu hạn một thành viên,"129/35 Huỳnh Văn Nghệ, Phường 12, Quận Gò Vấp, Thành phố Hồ Chí Minh, Việt Nam",Quận Gò Vấp,"4651: Bán buôn máy vi tính, thiết bị ngoại vi và phần mềm-;1811: In ấn-;1812: Dịch vụ liên quan đến in-;1820: Sao chép bản ghi các loại-;4741: Bán lẻ máy vi tính, thiết bị ngoại vi, phần mềm và thiết ",internet
314442111,CÔNG TY TNHH XUẤT NHẬP KHẨU SÀI GÒN HTM,CÔNG TY TNHH XUẤT NHẬP KHẨU SÀ,Công ty trách nhiệm hữu hạn hai thành viên trở lên,"112 Nguyễn Văn Lượng, Phường 17, Quận Gò Vấp, Thành phố Hồ Chí Minh, Việt Nam",Quận Gò Vấp,"3312: Sửa chữa máy móc, thiết bị-Chi tiết: Dịch vụ cho thuê, sửa chữa bảo dưỡng, bảo hành các sản phẩm công ty kinh doanh;
(Không gia công cơ khí, tái chế phế thải, xi mạ điện tại trụ sở); 1520: Sản x",internet
314462100,CÔNG TY TNHH KAPI,CÔNG TY TNHH KAPI,Công ty trách nhiệm hữu hạn một thành viên,"467/35 Lê Đức Thọ, Phường 16, Quận Gò Vấp, Thành phố Hồ Chí Minh, Việt Nam",Quận Gò Vấp,"1322: Sản xuất hàng may sẵn (trừ trang phục)-(Trừ thuộc da, luyện cán cao su, tái chế phế thải, tẩy nhuộm hồ in trên các sản phẩm vải, sợi, dệt, may đan và không gia công hàng đã qua sử dụng tại trụ s",internet
314725977,CÔNG TY TNHH QUANG ANH KIỆT,CÔNG TY TNHH QUANG ANH KIỆT,Công ty trách nhiệm hữu hạn một thành viên,"439/91 Đường số 10, Phường 8, Quận Gò Vấp, Thành phố Hồ Chí Minh, Việt Nam",Quận Gò Vấp,"3312: Sửa chữa máy móc, thiết bị-;3320: Lắp đặt máy móc và thiết bị công nghiệp--(không gia công cơ khí, tái chế phế thải, xi mạ điện tại trụ sở);4321: Lắp đặt hệ thống điện--(không gia công cơ khí, t",internet
314476216,DOANH NGHIỆP TƯ NHÂN CYBER QUỲNH MAI,DOANH NGHIỆP TƯ NHÂN CYBER QUY,Doanh nghiệp tư nhân,"162/41 Nguyễn Duy Cung, Phường 12, Quận Gò Vấp, Thành phố Hồ Chí Minh, Việt Nam",Quận Gò Vấp,"5630: Dịch vụ phục vụ đồ uống-Chi tiết: Hoạt động của các quán chế biến và phục vụ khách hàng tại chỗ các loại đồ uống như: cà phê, nước sinh tố,trà sữa nước ép hoa quả (trừ quán bar, quán giải khát ",internet
314491479,CÔNG TY TNHH SX TM XNK CASA,CÔNG TY TNHH SX TM XNK CASA,Công ty trách nhiệm hữu hạn một thành viên,"439/34/18 Cây Trâm, Phường 8, Quận Gò Vấp, Thành phố Hồ Chí Minh, Việt Nam",Quận Gò Vấp,"1073: Sản xuất ca cao, sôcôla và mứt kẹo-;1104: Sản xuất đồ uống không cồn, nước khoáng-Chi tiết: Sản xuất đồ uống không cồn (không hoạt động tại trụ sở)
Sản xuất nước khoáng, nước tinh khiết đóng cha",internet
314747339,CÔNG TY TNHH TẬP ĐOÀN QUỐC TẾ HAO XIN,CÔNG TY TNHH TẬP ĐOÀN QUỐC TẾ ,Công ty trách nhiệm hữu hạn một thành viên,"50 Đường số 1, Khu dân cư Cityland, Phường 7, Quận Gò Vấp, Thành phố Hồ Chí Minh, Việt Nam",Quận Gò Vấp,"5229: Hoạt động dịch vụ hỗ trợ khác liên quan đến vận tải-chi tiết: dịch vụ giao nhận hàng hóa xuất nhập khẩu. Đại lý bán vé máy bay, tàu hỏa;4669: Bán buôn chuyên doanh khác chưa được phân vào đâu-(t",internet
314751078,CÔNG TY TNHH P GROUP,CÔNG TY TNHH P GROUP,Công ty trách nhiệm hữu hạn một thành viên,"408 Lê Văn Thọ , Phường 16, Quận Gò Vấp, Thành phố Hồ Chí Minh, Việt Nam",Quận Gò Vấp,"4511: Bán buôn ô tô và xe có động cơ khác-Chi tiết: Bán buôn ô tô và xe có động cơ khác;4541: Bán mô tô, xe máy-Chi tiết: 
- Bán buôn, bán lẻ và đại lý mô tô, xe máy
- Bán buôn mô tô, xe máy các loại ",internet
314505192,CÔNG TY TNHH THIẾT BỊ TỰ NHIÊN,CÔNG TY TNHH THIẾT BỊ TỰ NHIÊN,Công ty trách nhiệm hữu hạn một thành viên,"189/6 Bạch Đằng, Phường 3, Quận Gò Vấp, Thành phố Hồ Chí Minh, Việt Nam",Quận Gò Vấp,"4659: Bán buôn máy móc, thiết bị và phụ tùng máy khác-;4669: Bán buôn chuyên doanh khác chưa được phân vào đâu-(trừ bán buôn thuốc trừ sâu, hóa chất và phế liệu, phế thải kim loại, phi kim loại tại tr",internet
314765017,CÔNG TY TNHH THƯƠNG MẠI DỊCH VỤ CITYSHIP,CÔNG TY TNHH THƯƠNG MẠI DỊCH V,Công ty trách nhiệm hữu hạn một thành viên,"66 – 68A Nguyễn Thái Sơn, Phường 3, Quận Gò Vấp, Thành phố Hồ Chí Minh, Việt Nam",Quận Gò Vấp,5012: Vận tải hàng hóa ven biển và viễn dương-;5022: Vận tải hàng hóa đường thuỷ nội địa-;5229: Hoạt động dịch vụ hỗ trợ khác liên quan đến vận tải-Chi tiết: Hoạt động của đại lý làm thủ tục hải quan.,internet
314525495,CÔNG TY TNHH TRƯƠNG GIA HUỲNH TÂM,CÔNG TY TNHH TRƯƠNG GIA HUỲNH ,Công ty trách nhiệm hữu hạn một thành viên,"254|40 Dương Quảng Hàm, Phường 5, Quận Gò Vấp, Thành phố Hồ Chí Minh, Việt Nam",Quận Gò Vấp,4722: Bán lẻ thực phẩm trong các cửa hàng chuyên doanh-(thực hiện theo Quyết định 64/2009/QĐ-UBND ngày 31/7/2009 của Ủy ban nhân dân Thành phố Hồ Chí Minh và Quyết định 79/2009/QĐ-UBND ngày 17/10/2009,internet
314791803,CÔNG TY TNHH VNT INTERNATIONAL,CÔNG TY TNHH VNT INTERNATIONAL,Công ty trách nhiệm hữu hạn một thành viên,"156/6/1 Đường số 1, Phường 3, Quận Gò Vấp, Thành phố Hồ Chí Minh, Việt Nam",Quận Gò Vấp,"1410: May trang phục (trừ trang phục từ da lông thú)-;4641: Bán buôn vải, hàng may sẵn, giày dép-(CPC 622);4651: Bán buôn máy vi tính, thiết bị ngoại vi và phần mềm-(CPC 622);4649: Bán buôn đồ dùng kh",internet
314588008,CÔNG TY TNHH DỊCH VỤ 3S,CÔNG TY TNHH DỊCH VỤ 3S,Công ty trách nhiệm hữu hạn một thành viên,"Tầng 4, 672A29 Phan Văn Trị, Phường 10, Quận Gò Vấp, Thành phố Hồ Chí Minh, Việt Nam",Quận Gò Vấp,"4651: Bán buôn máy vi tính, thiết bị ngoại vi và phần mềm-; 7820: Cung ứng lao động tạm thời-; 7830: Cung ứng và quản lý nguồn lao động-Chi tiết: cung ứng và quản lý nguồn lao động trong nước; 8560: D",internet
314595291,CÔNG TY TNHH THƯƠNG MẠI DỊCH VỤ VIỄN THÔNG CÔNG NGHỆ KAMERA,CÔNG TY TNHH THƯƠNG MẠI DỊCH V,Công ty trách nhiệm hữu hạn một thành viên,"28/15 Đường Số 43, Phường 14, Quận Gò Vấp, Thành phố Hồ Chí Minh, Việt Nam",Quận Gò Vấp,"5229: Hoạt động dịch vụ hỗ trợ khác liên quan đến vận tải-(trừ hóa lỏng khí để vận chuyển và hoạt động liên quan đến vận tải hàng không).;6190: Hoạt động viễn thông khác-chi tiết: 
- Cung cấp truy cập",internet
314606659,CÔNG TY TNHH EVA OIL,CÔNG TY TNHH EVA OIL,Công ty trách nhiệm hữu hạn một thành viên,"148/11/4A Đường 59, Phường 14, Quận Gò Vấp, Thành phố Hồ Chí Minh, Việt Nam",Quận Gò Vấp,2029: Sản xuất sản phẩm hoá chất khác chưa được phân vào đâu-chi tiết: - Sản xuất chiết xuất của các sản phẩm hương liệu tự nhiên; - Sản xuất nước hương liệu nguyên chất chưng cất;(không sản xuất tại ,internet
314606257,CÔNG TY TNHH DỊCH VỤ QUẢNG CÁO TOÀN CẦU MINH CẢNH,CÔNG TY TNHH DỊCH VỤ QUẢNG CÁO,Công ty trách nhiệm hữu hạn hai thành viên trở lên,"545/11 Đường Số 10, Phường 8, Quận Gò Vấp, Thành phố Hồ Chí Minh, Việt Nam",Quận Gò Vấp,6329: Dịch vụ thông tin khác chưa được phân vào đâu-chi tiết: Dịch vụ cung cấp thông tin trên mạng (không kinh doanh đại lý cung cấp dịch vụ truy cập internet tại trụ sở);4329: Lắp đặt hệ thống xây dự,internet
314626045,CÔNG TY CỔ PHẦN THƯƠNG MẠI DỊCH VỤ KHẢ KIM,CÔNG TY CỔ PHẦN THƯƠNG MẠI DỊC,Công ty cổ phần,"423 Nguyễn Văn Khối, Phường 8, Quận Gò Vấp, Thành phố Hồ Chí Minh, Việt Nam",Quận Gò Vấp,"4772: Bán lẻ thuốc, dụng cụ y tế, mỹ phẩm và vật phẩm vệ sinh trong các cửa hàng chuyên doanh-;4773: Bán lẻ hàng hóa khác mới trong các cửa hàng chuyên doanh-(trừ bán lẻ hóa chất, khí dầu mỏ hóa lỏng ",internet
314657928,CÔNG TY TNHH TRUYỀN THÔNG VIỆT NAM SAO DOANH NHÂN,CÔNG TY TNHH TRUYỀN THÔNG VIỆT,Công ty trách nhiệm hữu hạn một thành viên,"Số 74/5/25 Đường Số 9, Phường 16, Quận Gò Vấp, Thành phố Hồ Chí Minh, Việt Nam",Quận Gò Vấp,"1820: Sao chép bản ghi các loại-(trừ nội dung bị cấm theo quy định);4669: Bán buôn chuyên doanh khác chưa được phân vào đâu-(không tồn trữ hóa chất);4741: Bán lẻ máy vi tính, thiết bị ngoại vi, phần m",internet
314675148,CÔNG TY CỔ PHẦN HÀNG TIÊU DÙNG THE UNIXX,CÔNG TY CỔ PHẦN HÀNG TIÊU DÙNG,Công ty cổ phần,"203/1H Huỳnh Văn Nghệ , Phường 12, Quận Gò Vấp, Thành phố Hồ Chí Minh, Việt Nam",Quận Gò Vấp,"2023: Sản xuất mỹ phẩm, xà phòng, chất tẩy rửa, làm bóng và chế phẩm vệ sinh-(không hoạt động tại trụ sở).;1030: Chế biến và bảo quản rau quả-(không gây ô nhiễm môi trường và không chế biến thực phẩm ",internet
314694743,CÔNG TY CỔ PHẦN Ư-CHY,CÔNG TY CỔ PHẦN ƯCHY,Công ty cổ phần,"309 Đường Số 8, Phường 11, Quận Gò Vấp, Thành phố Hồ Chí Minh, Việt Nam",Quận Gò Vấp,2029: Sản xuất sản phẩm hoá chất khác chưa được phân vào đâu-(không hoạt động tại trụ sở);1030: Chế biến và bảo quản rau quả-;1050: Chế biến sữa và các sản phẩm từ sữa-;1079: Sản xuất thực phẩm khác c,internet
314730504,CÔNG TY TNHH KINH DOANH AN NHIÊN,CÔNG TY TNHH KINH DOANH AN NHI,Công ty trách nhiệm hữu hạn một thành viên,"22/1/5 Đường số 2, Phường 3, Quận Gò Vấp, Thành phố Hồ Chí Minh, Việt Nam",Quận Gò Vấp,"4719: Bán lẻ khác trong các cửa hàng kinh doanh tổng hợp-Chi tiết: Bán lẻ quần áo, giày dép, đồ dùng gia đình, hàng ngũ kim, mỹ phẩm, đồ trang sức, đồ chơi, đồ thể thao (trừ đồ chơi có hại cho giáo dụ",internet
314727043,CÔNG TY TNHH ĐẦU TƯ KINH DOANH PHÁT TRIỂN THIÊN PHÚ,CÔNG TY TNHH ĐẦU TƯ KINH DOANH,Công ty trách nhiệm hữu hạn một thành viên,"77/5/22/1 Lê Hoàng Phái, Phường 17, Quận Gò Vấp, Thành phố Hồ Chí Minh, Việt Nam",Quận Gò Vấp,"4719: Bán lẻ khác trong các cửa hàng kinh doanh tổng hợp-(trừ bán lẻ hóa chất tại trụ sở, bán lẻ khí dầu mỏ hóa lỏng LPG, dược phẩm, hóa chất dùng trong nông nghiệp, vàng miếng, súng đạn , vũ khí thô ",internet
314787966,CÔNG TY TNHH ĐẦU TƯ THƯƠNG MẠI TRIỀU KHANG,CÔNG TY TNHH ĐẦU TƯ THƯƠNG MẠI,Công ty trách nhiệm hữu hạn một thành viên,"Số 566/197/46 Nguyễn Thái Sơn, Phường 5, Quận Gò Vấp, Thành phố Hồ Chí Minh, Việt Nam",Quận Gò Vấp,"4752: Bán lẻ đồ ngũ kim, sơn, kính và thiết bị lắp đặt khác trong xây dựng trong các cửa hàng chuyên doanh-;7911: Đại lý du lịch-;4933: Vận tải hàng hóa bằng đường bộ-(trừ hóa lỏng khí để vận chuyển);",internet
314812524,CÔNG TY TNHH THƯƠNG MẠI DỊCH VỤ VẬN CHUYỂN XÂY DỰNG THẢO MY,CÔNG TY TNHH THƯƠNG MẠI DỊCH V,Công ty trách nhiệm hữu hạn một thành viên,"15/18 Đường Số 08, Phường 11, Quận Gò Vấp, Thành phố Hồ Chí Minh, Việt Nam",Quận Gò Vấp,"5221: Hoạt động dịch vụ hỗ trợ trực tiếp cho vận tải đường sắt và đường bộ-(trừ kinh doanh bến ô tô, kinh doanh kết cấu hạ tầng đường sắt, hóa lỏng khí để vận chuyển).;5229: Hoạt động dịch vụ hỗ trợ k",internet
314809137,CÔNG TY TNHH KINH DOANH TRÒ CHƠI ĐIỆN TỬ KIM PHÁT,CÔNG TY TNHH KINH DOANH TRÒ CH,Công ty trách nhiệm hữu hạn một thành viên,"212 Đường số 3, Phường 9, Quận Gò Vấp, Thành phố Hồ Chí Minh, Việt Nam",Quận Gò Vấp,6190: Hoạt động viễn thông khác-Chi tiết: Hoạt động của các điểm truy cập internet;9329: Hoạt động vui chơi giải trí khác chưa được phân vào đâu-Chi tiết: Kinh doanh trò chơi điện tử (trừ kinh doanh t,internet
314817307,CÔNG TY TNHH TRƯỜNG VĨNH CỬU,CÔNG TY TNHH TRƯỜNG VĨNH CỬU,Công ty trách nhiệm hữu hạn hai thành viên trở lên,"226/43/57 Nguyễn Văn Lượng, Phường 17, Quận Gò Vấp, Thành phố Hồ Chí Minh, Việt Nam",Quận Gò Vấp,5610: Nhà hàng và các dịch vụ ăn uống phục vụ lưu động-(trừ hoạt động quán bar và quán giải khát có khiêu vũ).;4632: Bán buôn thực phẩm-(không hoạt động tại trụ sở);5630: Dịch vụ phục vụ đồ uống-Chi t,internet
314816913,CÔNG TY TNHH THƯƠNG MẠI ĐIỆN TỬ HẢI ANH,CÔNG TY TNHH THƯƠNG MẠI ĐIỆN T,Công ty trách nhiệm hữu hạn một thành viên,"Số 1359 Phan Văn Trị, Phường 10, Quận Gò Vấp, Thành phố Hồ Chí Minh, Việt Nam",Quận Gò Vấp,"7730: Cho thuê máy móc, thiết bị và đồ dùng hữu hình khác-Chi tiết: Cho thuê máy móc, thiết bị văn phòng (kể cà máy vi tính).;4741: Bán lẻ máy vi tính, thiết bị ngoại vi, phần mềm và thiết bị viễn thô",internet
314812387,CÔNG TY TNHH THƯƠNG MẠI DỊCH VỤ TLAN,CÔNG TY TNHH THƯƠNG MẠI DỊCH V,Công ty trách nhiệm hữu hạn một thành viên,"53 Tân Sơn, Phường 12, Quận Gò Vấp, Thành phố Hồ Chí Minh, Việt Nam",Quận Gò Vấp,"4771: Bán lẻ hàng may mặc, giày dép, hàng da và giả da trong các cửa hàng chuyên doanh-;2012: Sản xuất phân bón và hợp chất ni tơ-(Không hoạt động tại trụ sở);5629: Dịch vụ ăn uống khác-(Trừ hoạt động",internet
314818861,CÔNG TY TRÁCH NHIỆM HỮU HẠN MỘT THÀNH VIÊN TƯ VẤN VÀ THƯƠNG MẠI PHƯƠNG ĐÔNG,CÔNG TY TRÁCH NHIỆM HỮU HẠN MỘ,Công ty trách nhiệm hữu hạn một thành viên,"934 Quang Trung , Phường 8, Quận Gò Vấp, Thành phố Hồ Chí Minh, Việt Nam",Quận Gò Vấp,"4651: Bán buôn máy vi tính, thiết bị ngoại vi và phần mềm-;4659: Bán buôn máy móc, thiết bị và phụ tùng máy khác-;4741: Bán lẻ máy vi tính, thiết bị ngoại vi, phần mềm và thiết bị viễn thông trong các",internet
314797121,CÔNG TY CỔ PHẦN DALAT FOODIE VIỆT NAM,CÔNG TY CỔ PHẦN DALAT FOODIE V,Công ty cổ phần,"1179/7 Phan Văn Trị, Phường 10, Quận Gò Vấp, Thành phố Hồ Chí Minh, Việt Nam",Quận Gò Vấp,"0161: Hoạt động dịch vụ trồng trọt-;0162: Hoạt động dịch vụ chăn nuôi-;0163: Hoạt động dịch vụ sau thu hoạch-;0164: Xử lý hạt giống để nhân giống-;0121: Trồng cây ăn quả-;1010: Chế biến, bảo quản thịt",internet
314838787,CÔNG TY TNHH SẢN XUẤT VÀ THƯƠNG MẠI KDC VIỆT NAM,CÔNG TY TNHH SẢN XUẤT VÀ THƯƠN,Công ty trách nhiệm hữu hạn một thành viên,"451/6 Phan Văn Trị, Phường 5, Quận Gò Vấp, Thành phố Hồ Chí Minh, Việt Nam",Quận Gò Vấp,"4659: Bán buôn máy móc, thiết bị và phụ tùng máy khác-;4651: Bán buôn máy vi tính, thiết bị ngoại vi và phần mềm-;4652: Bán buôn thiết bị và linh kiện điện tử, viễn thông-;4649: Bán buôn đồ dùng khác ",internet
314843145,CÔNG TY TNHH THƯƠNG MẠI DỊCH VỤ ĐIỆN TỬ KẾT NỐI THẾ GIỚI,CÔNG TY TNHH THƯƠNG MẠI DỊCH V,Công ty trách nhiệm hữu hạn một thành viên,"153/10 Đường số 5, Phường 17, Quận Gò Vấp, Thành phố Hồ Chí Minh, Việt Nam",Quận Gò Vấp,"3312: Sửa chữa máy móc, thiết bị-(không gia công cơ khí, tái chế phế thải, xi mạ điện tại trụ sở);3320: Lắp đặt máy móc và thiết bị công nghiệp-Chi tiết: Lắp ráp hệ thống máy tính (trừ gia công cơ khí",internet
314837416,CÔNG TY TNHH THƯƠNG MẠI ĐIỆN TỬ MONOGON,CÔNG TY TNHH THƯƠNG MẠI ĐIỆN T,Công ty trách nhiệm hữu hạn hai thành viên trở lên,"160/31/6 Phan Huy Ích, Phường 12, Quận Gò Vấp, Thành phố Hồ Chí Minh, Việt Nam",Quận Gò Vấp,"2610: Sản xuất linh kiện điện tử-;4742: Bán lẻ thiết bị nghe nhìn trong các cửa hàng chuyên doanh-;4789: Bán lẻ hàng hóa khác lưu động hoặc tại chợ-(trừ bán lẻ bình gas, khí dầu mỏ hóa lỏng LPG, dầu n",internet
314857469,CÔNG TY TNHH CÔNG NGHỆ THÔNG TIN GRAVITATION VIỆT NAM,CÔNG TY TNHH CÔNG NGHỆ THÔNG T,Công ty trách nhiệm hữu hạn một thành viên,"368/10C Đường Nguyễn Văn Lượng, Phường 16, Quận Gò Vấp, Thành phố Hồ Chí Minh, Việt Nam",Quận Gò Vấp,"4652: Bán buôn thiết bị và linh kiện điện tử, viễn thông-Chi tiết: Bán buôn thiết bị linh kiện điện tử, điện thoại, linh phụ kiện điện thoại. (CPC: 622);4669: Bán buôn chuyên doanh khác chưa được phân",internet
314860944,CÔNG TY TNHH VICRADES,CÔNG TY TNHH VICRADES,Công ty trách nhiệm hữu hạn một thành viên,"965/27 Quang Trung, Phường 14, Quận Gò Vấp, Thành phố Hồ Chí Minh, Việt Nam",Quận Gò Vấp,7410: Hoạt động thiết kế chuyên dụng-(trừ thiết kế công trình xây dựng);8532: Giáo dục nghề nghiệp-Chi tiết: Dạy nghề (không hoạt động tại trụ sở).;7110: Hoạt động kiến trúc và tư vấn kỹ thuật có liên,internet
314851763,CÔNG TY TNHH CÔNG NGHỆ LONG BIÊN,CÔNG TY TNHH CÔNG NGHỆ LONG BI,Công ty trách nhiệm hữu hạn hai thành viên trở lên,"125/48/17 Lê Đức Thọ, Phường 17, Quận Gò Vấp, Thành phố Hồ Chí Minh, Việt Nam",Quận Gò Vấp,"2710: Sản xuất mô tơ, máy phát, biến thế điện, thiết bị phân phối và điều khiển điện-;3290: Sản xuất khác chưa được phân vào đâu-(trừ sản xuất xốp cách nhiệt sử dụng ga R141b và polyol trộn sẵn HCFC-1",internet
314867918,"CÔNG TY TNHH XÂY DỰNG - SẢN XUẤT, THƯƠNG MẠI DỊCH VỤ QUẢNG CÁO HPO",CÔNG TY TNHH XÂY DỰNG  SẢN XUẤ,Công ty trách nhiệm hữu hạn hai thành viên trở lên,"114/56 Phạm Văn Chiêu, Phường 9, Quận Gò Vấp, Thành phố Hồ Chí Minh, Việt Nam",Quận Gò Vấp,"4719: Bán lẻ khác trong các cửa hàng kinh doanh tổng hợp-Chi tiết: Bán lẻ trong siêu thị, trung tâm thương mại; Bán lẻ khác chưa được phân vào đâu trong các cửa hàng kinh doanh tổng hợp (trừ bán lẻ bì",internet
314868037,CÔNG TY TNHH THƯƠNG MẠI CÔNG NGHỆ ANH ĐỨC,CÔNG TY TNHH THƯƠNG MẠI CÔNG N,Công ty trách nhiệm hữu hạn một thành viên,"170/46 Lê Đức Thọ, Phường 6, Quận Gò Vấp, Thành phố Hồ Chí Minh, Việt Nam",Quận Gò Vấp,"4610: Đại lý, môi giới, đấu giá-Chi tiết: Đại lý;4741: Bán lẻ máy vi tính, thiết bị ngoại vi, phần mềm và thiết bị viễn thông trong các cửa hàng chuyên doanh-;6209: Hoạt động dịch vụ công nghệ thông t",internet
314877200,CÔNG TY CỔ PHẦN TAGACO,CÔNG TY CỔ PHẦN TAGACO,Công ty cổ phần,"1003/9 Quang Trung, Phường 14, Quận Gò Vấp, Thành phố Hồ Chí Minh, Việt Nam",Quận Gò Vấp,"4641: Bán buôn vải, hàng may sẵn, giày dép-Chi tiết : Bán buôn thảm, đệm, chăn, màn, rèm, ga trải giường, gối và hàng dệt khác. Bán buôn hàng may mặc. Bán buôn giày dép.;4651: Bán buôn máy vi tính, th",internet
315362821,CÔNG TY TNHH CÔNG NGHỆ THÔNG TIN NAM LONG,CÔNG TY TNHH CÔNG NGHỆ THÔNG T,Công ty trách nhiệm hữu hạn một thành viên,"345/21/10 Nguyễn Văn Công, Phường 3, Quận Gò Vấp, Thành phố Hồ Chí Minh, Việt Nam",Quận Gò Vấp,"8230: Tổ chức giới thiệu và xúc tiến thương mại-Chi tiết: Tổ chức sự kiện, hội nghị, hội thảo (không thực hiện các hiệu ứng cháy, nổ; không sử dụng chất nổ, chất cháy, hóa chất làm đạo cụ, dụng cụ thự",internet
314878123,CÔNG TY CỔ PHẦN TNT PETRO,CÔNG TY CỔ PHẦN TNT PETRO,Công ty cổ phần,"25 Đường Số 4, Phường 7, Quận Gò Vấp, Thành phố Hồ Chí Minh, Việt Nam",Quận Gò Vấp,4312: Chuẩn bị mặt bằng-;7110: Hoạt động kiến trúc và tư vấn kỹ thuật có liên quan-Chi tiết: Tư vấn thiết kế công trình dân dụng và công nghiệp; Tư vấn giám sát công trình xây dựng dân dụng và công ng,internet
314885378,CÔNG TY TNHH THE CONSCOFF,CÔNG TY TNHH THE CONSCOFF,Công ty trách nhiệm hữu hạn hai thành viên trở lên,"137/18/11 Đường 59, Phường 14, Quận Gò Vấp, Thành phố Hồ Chí Minh, Việt Nam",Quận Gò Vấp,"4663: Bán buôn vật liệu, thiết bị lắp đặt khác trong xây dựng-;4659: Bán buôn máy móc, thiết bị và phụ tùng máy khác-;4752: Bán lẻ đồ ngũ kim, sơn, kính và thiết bị lắp đặt khác trong xây dựng trong c",internet
314883155,CÔNG TY TNHH THƯƠNG MẠI DỊCH VỤ CÔNG NGHỆ LỢI PHÁT,CÔNG TY TNHH THƯƠNG MẠI DỊCH V,Công ty trách nhiệm hữu hạn hai thành viên trở lên,"173/46 Đường sô 28	, Phường 6, Quận Gò Vấp, Thành phố Hồ Chí Minh, Việt Nam",Quận Gò Vấp,"4322: Lắp đặt hệ thống cấp, thoát nước, lò sưởi và điều hoà không khí-( Trừ lắp đặt các thiết bị lạnh (thiết bị cấp đông, kho lạnh, máy đá, điều hòa không khí, làm lạnh nước) sử dụng ga lạnh R22 trong",internet
314888548,CÔNG TY TNHH THƯƠNG MẠI VÀ DỊCH VỤ RONALD,CÔNG TY TNHH THƯƠNG MẠI VÀ DỊC,Công ty trách nhiệm hữu hạn hai thành viên trở lên,"350/27 Nguyễn Văn Lượng, Phường 16, Quận Gò Vấp, Thành phố Hồ Chí Minh, Việt Nam",Quận Gò Vấp,"4659: Bán buôn máy móc, thiết bị và phụ tùng máy khác-Chi tiết: Bán buôn máy móc, thiết bị và phụ tùng máy văn phòng;6201: Lập trình máy vi tính-;6209: Hoạt động dịch vụ công nghệ thông tin và dịch vụ",internet
314903891,CÔNG TY TNHH TM DV THIÊN ĐẠI PHÁT,CÔNG TY TNHH TM DV THIÊN ĐẠI P,Công ty trách nhiệm hữu hạn hai thành viên trở lên,"77/20 Đường số 3, Phường 9, Quận Gò Vấp, Thành phố Hồ Chí Minh, Việt Nam",Quận Gò Vấp,"4329: Lắp đặt hệ thống xây dựng khác-Chi tiết: Thi công, lắp đặt cứa sắt, cầu thang, lan can, hệ thống giếng trời thông minh;4330: Hoàn thiện công trình xây dựng-Chi tiết: Thi công nhôm kính;2592: Gia",internet
314905458,CÔNG TY TNHH GOLD HOUSES,CÔNG TY TNHH GOLD HOUSES,Công ty trách nhiệm hữu hạn một thành viên,"440/13/252 Đường Thống Nhất, Phường 16, Quận Gò Vấp, Thành phố Hồ Chí Minh, Việt Nam",Quận Gò Vấp,"4782: Bán lẻ hàng dệt, may sẵn, giày dép lưu động hoặc tại chợ-;4791: Bán lẻ theo yêu cầu đặt hàng qua bưu điện hoặc internet-(trừ bán lẻ bình gas, khí dầu mỏ hóa lỏng LPG, dầu nhớt cặn, vàng miếng, s",internet
314898602,CÔNG TY TNHH XÂY DỰNG VÀ CƠ ĐIỆN DƯƠNG ĐÔNG,CÔNG TY TNHH XÂY DỰNG VÀ CƠ ĐI,Công ty trách nhiệm hữu hạn hai thành viên trở lên,"376 Nguyễn Văn Khối, Phường 9, Quận Gò Vấp, Thành phố Hồ Chí Minh, Việt Nam",Quận Gò Vấp,"2660: Sản xuất thiết bị bức xạ, thiết bị điện tử trong y học, điện liệu pháp-chi tiết: sản xuất, gia công máy móc cơ điện học (không hoạt động tại trụ sở);0150: Trồng trọt, chăn nuôi hỗn hợp-(không ho",internet
314906405,CÔNG TY TNHH THE SUN COSMETICS,CÔNG TY TNHH THE SUN COSMETICS,Công ty trách nhiệm hữu hạn một thành viên,"88 Nguyễn Thái Sơn, Phường 3, Quận Gò Vấp, Thành phố Hồ Chí Minh, Việt Nam",Quận Gò Vấp,"2023: Sản xuất mỹ phẩm, xà phòng, chất tẩy rửa, làm bóng và chế phẩm vệ sinh-(không hoạt động tại trụ sở);4649: Bán buôn đồ dùng khác cho gia đình-Chi tiết: Bán buôn mỹ phẩm;4772: Bán lẻ thuốc, dụng c",internet
314901118,CÔNG TY TNHH FIXY,CÔNG TY TNHH FIXY,Công ty trách nhiệm hữu hạn hai thành viên trở lên,"422/59 Quang Trung, Phường 10, Quận Gò Vấp, Thành phố Hồ Chí Minh, Việt Nam",Quận Gò Vấp,"1020: Chế biến, bảo quản thuỷ sản và các sản phẩm từ thuỷ sản-;1030: Chế biến và bảo quản rau quả-;1050: Chế biến sữa và các sản phẩm từ sữa-;5510: Dịch vụ lưu trú ngắn ngày-Chi tiết: Khách sạn, biệt ",internet
314914357,CÔNG TY TNHH ARES VIỆT NAM,CÔNG TY TNHH ARES VIỆT NAM,Công ty trách nhiệm hữu hạn hai thành viên trở lên,"27/12 Thống Nhất, Phường 11, Quận Gò Vấp, Thành phố Hồ Chí Minh, Việt Nam",Quận Gò Vấp,"9512: Sửa chữa thiết bị liên lạc-(trừ gia công cơ khí, tái chế phế thải, xi mạ điện tại trụ sở).;9521: Sửa chữa thiết bị nghe nhìn điện tử gia dụng-(trừ gia công cơ khí, tái chế phế thải, xi mạ điện t",internet
314889647,CÔNG TY TNHH TM-XNK TÍN PHÁT,CÔNG TY TNHH TMXNK TÍN PHÁT,Công ty trách nhiệm hữu hạn một thành viên,"499/6/62 Đường Quang Trung, Phường 10, Quận Gò Vấp, Thành phố Hồ Chí Minh, Việt Nam",Quận Gò Vấp,"4791: Bán lẻ theo yêu cầu đặt hàng qua bưu điện hoặc internet-Trừ bán lẻ bình gas, khí dầu mỏ hóa lỏng LPG, dầu nhớt cặn, vàng miếng, súng, đạn loại dùng đi săn hoặc thể thao và tiền kim khí; trừ bán ",internet
314913402,CÔNG TY TNHH THƯƠNG MẠI DỊCH VỤ TƯ VẤN PROFESSION,CÔNG TY TNHH THƯƠNG MẠI DỊCH V,Công ty trách nhiệm hữu hạn hai thành viên trở lên,"502/31 Thống Nhất, Phường 16, Quận Gò Vấp, Thành phố Hồ Chí Minh, Việt Nam",Quận Gò Vấp,2610: Sản xuất linh kiện điện tử-(không hoạt động tại trụ sở);2620: Sản xuất máy vi tính và thiết bị ngoại vi của máy vi tính-(không hoạt động tại trụ sở);2640: Sản xuất sản phẩm điện tử dân dụng-(khô,internet
314917703,CÔNG TY TNHH THƯƠNG MẠI DỊCH VỤ XÂY DỰNG THIÊN HẢI MINH,CÔNG TY TNHH THƯƠNG MẠI DỊCH V,Công ty trách nhiệm hữu hạn một thành viên,"77/25 Lê Hoàng Phái, Phường 17, Quận Gò Vấp, Thành phố Hồ Chí Minh, Việt Nam",Quận Gò Vấp,"7410: Hoạt động thiết kế chuyên dụng-chi tiết: Hoạt động trang trí nội thất, ngoại thất, thiết kế đồ họa;7110: Hoạt động kiến trúc và tư vấn kỹ thuật có liên quan-Chi tiết: thiết kế công trình dân dụn",internet
314918457,CÔNG TY TNHH UINIGROUP,CÔNG TY TNHH UINIGROUP,Công ty trách nhiệm hữu hạn hai thành viên trở lên,"867 Phan Văn Trị, Phường 7, Quận Gò Vấp, Thành phố Hồ Chí Minh, Việt Nam",Quận Gò Vấp,6202: Tư vấn máy vi tính và quản trị hệ thống máy vi tính-;6209: Hoạt động dịch vụ công nghệ thông tin và dịch vụ khác liên quan đến máy vi tính-;6312: Cổng thông tin-Chi tiết: Thiết lập trang thông t,internet
314925341,CÔNG TY CP DỊCH VỤ THƯƠNG MẠI ĐẦU TƯ STC,CÔNG TY CP DỊCH VỤ THƯƠNG MẠI ,Công ty cổ phần,"76 đường số 7, KDC City Land, Phường 7, Quận Gò Vấp, Thành phố Hồ Chí Minh, Việt Nam",Quận Gò Vấp,"4669: Bán buôn chuyên doanh khác chưa được phân vào đâu-(trừ bán buôn bình gas, khí dầu mỏ hóa lỏng LPG, dầu nhớt cặn, vàng miếng, súng, đạn loại dùng đi săn hoặc thể thao và tiền kim khí; trừ bán buô",internet
314929787,CÔNG TY TNHH QUẢNG CÁO HƯNG NGUYỄN,CÔNG TY TNHH QUẢNG CÁO HƯNG NG,Công ty trách nhiệm hữu hạn một thành viên,"705 Tân Sơn, Phường 12, Quận Gò Vấp, Thành phố Hồ Chí Minh, Việt Nam",Quận Gò Vấp,"7020: Hoạt động tư vấn quản lý-Chi tiết: Hoạt động tư vấn quản lý các chương trình quảng cáo (trừ tư vấn tài chính, kế toán, pháp luật);9311: Hoạt động của các cơ sở thể thao-(trừ hoạt động của các sà",internet
314937361,CÔNG TY TNHH THƯƠNG MẠI DỊCH VỤ QUẢNG CÁO NGUYỄN TÂN,CÔNG TY TNHH THƯƠNG MẠI DỊCH V,Công ty trách nhiệm hữu hạn một thành viên,"31/7 Lê Lai, Phường 3, Quận Gò Vấp, Thành phố Hồ Chí Minh, Việt Nam",Quận Gò Vấp,7830: Cung ứng và quản lý nguồn lao động-Chi tiết: Cung ứng và quản lý nguồn lao động trong nước (trừ cho thuê lại lao động);7920: Dịch vụ hỗ trợ liên quan đến quảng bá và tổ chức tua du lịch-;8129: V,internet
314946503,CÔNG TY TNHH NGỌC ĐỨC PHÁT,CÔNG TY TNHH NGỌC ĐỨC PHÁT,Công ty trách nhiệm hữu hạn hai thành viên trở lên,"203/53 Huỳnh Văn Nghệ , Phường 12, Quận Gò Vấp, Thành phố Hồ Chí Minh, Việt Nam",Quận Gò Vấp,"4322: Lắp đặt hệ thống cấp, thoát nước, hệ thống sưởi và điều hoà không khí-(trừ lắp đặt các thiết bị lạnh (thiết bị cấp đông, kho lạnh, máy đá, điều hòa không khí, làm lạnh nước) sử dụng ga lạnh R22 ",internet
314961501,CÔNG TY CỔ PHẦN DỊCH VỤ VÀ THƯƠNG MẠI VTH VIỆT NAM,CÔNG TY CỔ PHẦN DỊCH VỤ VÀ THƯ,Công ty cổ phần,"Nhà số 278/6/9 đường Thống Nhất, Phường 16, Quận Gò Vấp, Thành phố Hồ Chí Minh, Việt Nam",Quận Gò Vấp,"4649: Bán buôn đồ dùng khác cho gia đình-Chi tiết: 
- Bán buôn vali, cặp, túi, hàng da và giả da khác
- Bán buôn dụng cụ y tế và dược phẩm
- Bán buôn nước hoa, hàng mỹ phẩm và chế phẩm vệ sinh
- Bán b",internet
314943333,CÔNG TY TNHH TƯ VẤN THIẾT KẾ BUBU,CÔNG TY TNHH TƯ VẤN THIẾT KẾ B,Công ty trách nhiệm hữu hạn một thành viên,"Phòng sau Tầng trệt, Căn nhà số 27, đường số 12, khu dân cư CityLand Park Hills, Phường 10, Quận Gò Vấp, Thành phố Hồ Chí Minh, Việt Nam",Quận Gò Vấp,4649: Bán buôn đồ dùng khác cho gia đình-(trừ kinh doanh dược phẩm);7110: Hoạt động kiến trúc và tư vấn kỹ thuật có liên quan-chi tiết: - Thiết kế tổng mặt bằng xây dựng công trình. - Thiết kế kiến tr,internet
314958756,CÔNG TY TNHH THIẾT KẾ  KIẾN TRÚC VÀ TRANG TRÍ NỘI THẤT AQ,CÔNG TY TNHH THIẾT KẾ  KIẾN TR,Công ty trách nhiệm hữu hạn một thành viên,"535/56 Thống Nhất, Phường 16, Quận Gò Vấp, Thành phố Hồ Chí Minh, Việt Nam",Quận Gò Vấp,7410: Hoạt động thiết kế chuyên dụng-chi tiết: hoạt động trang trí nội thất;4311: Phá dỡ-;4312: Chuẩn bị mặt bằng-;4321: Lắp đặt hệ thống điện-;4329: Lắp đặt hệ thống xây dựng khác-chi tiết: thi công ,internet
314954705,CÔNG TY TNHH TM DV HAMYCO,CÔNG TY TNHH TM DV HAMYCO,Công ty trách nhiệm hữu hạn một thành viên,"16/21 Nguyễn Văn Nghi, Phường 5, Quận Gò Vấp, Thành phố Hồ Chí Minh, Việt Nam",Quận Gò Vấp,"4652: Bán buôn thiết bị và linh kiện điện tử, viễn thông-;4741: Bán lẻ máy vi tính, thiết bị ngoại vi, phần mềm và thiết bị viễn thông trong các cửa hàng chuyên doanh-;4773: Bán lẻ hàng hóa khác mới t",internet
314949046,CÔNG TY TNHH THƯƠNG MẠI DỊCH VỤ KỸ THUẬT KIM HÙNG,CÔNG TY TNHH THƯƠNG MẠI DỊCH V,Công ty trách nhiệm hữu hạn một thành viên,"29/7/8 Lê Đức Thọ, Phường 7, Quận Gò Vấp, Thành phố Hồ Chí Minh, Việt Nam",Quận Gò Vấp,"4329: Lắp đặt hệ thống xây dựng khác-;4933: Vận tải hàng hóa bằng đường bộ-(trừ hóa lỏng khí để vận chuyển);4651: Bán buôn máy vi tính, thiết bị ngoại vi và phần mềm-;4659: Bán buôn máy móc, thiết bị ",internet
314985284,CÔNG TY TNHH PHAN NHA,CÔNG TY TNHH PHAN NHA,Công ty trách nhiệm hữu hạn hai thành viên trở lên,"99/10 Huỳnh Văn Nghệ, Phường 12, Quận Gò Vấp, Thành phố Hồ Chí Minh, Việt Nam",Quận Gò Vấp,"4771: Bán lẻ hàng may mặc, giày dép, hàng da và giả da trong các cửa hàng chuyên doanh-;4781: Bán lẻ lương thực, thực phẩm, đồ uống, thuốc lá, thuốc lào lưu động hoặc tại chợ-(thực hiện theo Quyết địn",internet
314987443,CÔNG TY TNHH SX TM DV MAY MẶC MINH HẰNG,CÔNG TY TNHH SX TM DV MAY MẶC ,Công ty trách nhiệm hữu hạn một thành viên,"350/1/11 Nguyễn Văn Lượng, Phường 16, Quận Gò Vấp, Thành phố Hồ Chí Minh, Việt Nam",Quận Gò Vấp,"1321: Sản xuất vải dệt kim, vải đan móc và vải không dệt khác-(Trừ thuộc da, luyện cán cao su, tái chế phế thải; trừ tẩy, nhuộm, hồ, in và không gia công hàng qua sử dụng tại trụ sở);1520: Sản xuất gi",internet
314970418,CÔNG TY TNHH THƯƠNG MẠI ĐIỆN TỬ PHẢN ỨNG NHANH,CÔNG TY TNHH THƯƠNG MẠI ĐIỆN T,Công ty trách nhiệm hữu hạn một thành viên,"1063 Phan Văn Trị, Phường 10, Quận Gò Vấp, Thành phố Hồ Chí Minh, Việt Nam",Quận Gò Vấp,"4669: Bán buôn chuyên doanh khác chưa được phân vào đâu-Chi tiết: Bán buôn mực in (không hoạt động tại trụ sở);6201: Lập trình máy vi tính-;6311: Xử lý dữ liệu, cho thuê và các hoạt động liên quan-;47",internet
314972542,CÔNG TY TNHH ATSTAR,CÔNG TY TNHH ATSTAR,Công ty trách nhiệm hữu hạn hai thành viên trở lên,"84/9 Nguyễn Duy Cung, Phường 12, Quận Gò Vấp, Thành phố Hồ Chí Minh, Việt Nam",Quận Gò Vấp,"4649: Bán buôn đồ dùng khác cho gia đình-Chi tiết: Bán buôn vali, cặp, túi, ví, hàng da và giả da khác; Bán buôn nước hoa, hàng mỹ phẩm và chế phẩm vệ sinh; Bán buôn hàng gốm, sứ, thủy tinh; Bán buôn ",internet
314999632,CÔNG TY TNHH QUẢN LÝ START-UP,CÔNG TY TNHH QUẢN LÝ STARTUP,Công ty trách nhiệm hữu hạn hai thành viên trở lên,"551/36 Phan Văn Trị, Phường 5, Quận Gò Vấp, Thành phố Hồ Chí Minh, Việt Nam",Quận Gò Vấp,5610: Nhà hàng và các dịch vụ ăn uống phục vụ lưu động-;7310: Quảng cáo-;8211: Dịch vụ hành chính văn phòng tổng hợp-;6619: Hoạt động hỗ trợ dịch vụ tài chính chưa được phân vào đâu-chi tiết:tư vấn đầ,internet
315003646,CÔNG TY TNHH TƯ VẤN ĐẦU TƯ MỘC VƯƠNG,CÔNG TY TNHH TƯ VẤN ĐẦU TƯ MỘC,Công ty trách nhiệm hữu hạn một thành viên,"90/5B Đường An Nhơn, Phường 17, Quận Gò Vấp, Thành phố Hồ Chí Minh, Việt Nam",Quận Gò Vấp,"0146: Chăn nuôi gia cầm-;0121: Trồng cây ăn quả-;0162: Hoạt động dịch vụ chăn nuôi-;1010: Chế biến, bảo quản thịt và các sản phẩm từ thịt-(không kinh doanh giết mổ gia súc, gia cầm tại trụ sở);0125: T",internet
314999569,CÔNG TY TNHH THƯƠNG MẠI B&S TECH,CÔNG TY TNHH THƯƠNG MẠI BS TEC,Công ty trách nhiệm hữu hạn hai thành viên trở lên,"93 Nguyên Hồng, Phường 1, Quận Gò Vấp, Thành phố Hồ Chí Minh, Việt Nam",Quận Gò Vấp,"4652: Bán buôn thiết bị và linh kiện điện tử, viễn thông-;7310: Quảng cáo-;6201: Lập trình máy vi tính-;6619: Hoạt động hỗ trợ dịch vụ tài chính chưa được phân vào đâu-Chi tiết: Hoạt động tư vấn đầu t",internet
314981498,CÔNG TY CỔ PHẦN OENIX,CÔNG TY CỔ PHẦN OENIX,Công ty cổ phần,"256/54 Phan Huy Ích, Phường 12, Quận Gò Vấp, Thành phố Hồ Chí Minh, Việt Nam",Quận Gò Vấp,"4669: Bán buôn chuyên doanh khác chưa được phân vào đâu-Chi tiết: Bán buôn hóa chất dùng trong thí nghiệm, công nghiệp (không tồn trữ hoá chất tại trụ sở).;7310: Quảng cáo-;3312: Sửa chữa máy móc, thi",internet
314965295,CÔNG TY TNHH THƯƠNG MẠI DỊCH VỤ KỸ THUẬT PHƯỚC HẬU,CÔNG TY TNHH THƯƠNG MẠI DỊCH V,Công ty trách nhiệm hữu hạn một thành viên,"160/24/11 Phan Huy Ích, Phường 12, Quận Gò Vấp, Thành phố Hồ Chí Minh, Việt Nam",Quận Gò Vấp,"1812: Dịch vụ liên quan đến in-;1811: In ấn-(trừ in tráng bao bì kim loại, in trên các sản phẩm vải sợi, dệt, may, đan tại trụ sở);4649: Bán buôn đồ dùng khác cho gia đình-Chi tiết: Bán buôn vali, cặp",internet
314986520,CÔNG TY TNHH SMARTGARDEN VIỆT NAM,CÔNG TY TNHH SMARTGARDEN VIỆT ,Công ty trách nhiệm hữu hạn hai thành viên trở lên,"105/46A Đường Số 59 Phạm Văn Chiêu , Phường 14, Quận Gò Vấp, Thành phố Hồ Chí Minh, Việt Nam",Quận Gò Vấp,5820: Xuất bản phần mềm-Chi tiết : - Sản xuất phần mềm;6201: Lập trình máy vi tính-;6202: Tư vấn máy vi tính và quản trị hệ thống máy vi tính-;6209: Hoạt động dịch vụ công nghệ thông tin và dịch vụ kh,internet
315012288,CÔNG TY TNHH GIAO NHẬN - VẬN CHUYỂN VIỆT MỸ,CÔNG TY TNHH GIAO NHẬN  VẬN ,Công ty trách nhiệm hữu hạn một thành viên,"204/19 Thống Nhất, Phường 10, Quận Gò Vấp, Thành phố Hồ Chí Minh, Việt Nam",Quận Gò Vấp,5320: Chuyển phát-;6190: Hoạt động viễn thông khác-chi tiết: Đại lý dịch vụ bưu chính viễn thông (trừ kinh doanh đại lý cung cấp dịch vụ truy cập- truy nhập internet).;8129: Vệ sinh nhà cửa và các côn,internet
315042444,CÔNG TY CỔ PHẦN NÔNG NGHIỆP HỮU CƠ NÔNG DÂN VIỆT,CÔNG TY CỔ PHẦN NÔNG NGHIỆP HỮ,Công ty cổ phần,"112/5/5 Nguyễn Thái Sơn, Phường 3, Quận Gò Vấp, Thành phố Hồ Chí Minh, Việt Nam",Quận Gò Vấp,"0128: Trồng cây gia vị, cây dược liệu-;0130: Nhân và chăm sóc cây giống nông nghiệp-;0161: Hoạt động dịch vụ trồng trọt-;0162: Hoạt động dịch vụ chăn nuôi-;0163: Hoạt động dịch vụ sau thu hoạch-;1030:",internet
315018459,CÔNG TY TNHH MỘT THÀNH VIÊN THƯƠNG MẠI DỊCH VỤ PHƯỚC AN ĐƯỜNG,CÔNG TY TNHH MỘT THÀNH VIÊN TH,Công ty trách nhiệm hữu hạn một thành viên,"Số nhà 799 Đường Phạm Văn Bạch, Phường 12, Quận Gò Vấp, Thành phố Hồ Chí Minh, Việt Nam",Quận Gò Vấp,"8620: Hoạt động của các phòng khám đa khoa, chuyên khoa và nha khoa-Chi tiết: Khám, chữa bệnh bằng Y học cổ truyền (trừ lưu trú bệnh nhân).;2100: Sản xuất thuốc, hoá dược và dược liệu-Chi tiết: Sản xu",internet
315014704,CÔNG TY TNHH THƯƠNG MẠI DỊCH VỤ VIỄN THÔNG TNS,CÔNG TY TNHH THƯƠNG MẠI DỊCH V,Công ty trách nhiệm hữu hạn một thành viên,"36 Nguyễn Thái Sơn, Phường 3, Quận Gò Vấp, Thành phố Hồ Chí Minh, Việt Nam",Quận Gò Vấp,"6190: Hoạt động viễn thông khác-Chi tiết: Hoạt động của các điểm truy cập internet; Hoạt động viễn thông khác chưa được phẩn vào đâu (trừ bán lại hạ tầng viễn thông, mạng cung cấp);5320: Chuyển phát-C",internet
315052040,CÔNG TY TNHH GIẢI PHÁP PHẦN MỀM VÀ QUẢNG CÁO SỐ AMBA,CÔNG TY TNHH GIẢI PHÁP PHẦN MỀ,Công ty trách nhiệm hữu hạn một thành viên,"45/4B Bùi Quang Là, Phường 12, Quận Gò Vấp, Thành phố Hồ Chí Minh, Việt Nam",Quận Gò Vấp,"5820: Xuất bản phần mềm-Chi tiết: Sản xuất phầm mềm.;6312: Cổng thông tin-Chi tiết: Thiết lập trang thông tin điện tử tổng hợp;7490: Hoạt động chuyên môn, khoa học và công nghệ khác chưa được phân vào",internet
315030720,CÔNG TY TNHH XÂY DỰNG TRANG TRÍ NỘI THẤT C.O.C,CÔNG TY TNHH XÂY DỰNG TRANG TR,Công ty trách nhiệm hữu hạn một thành viên,"Số 6A Phan Văn Trị, Phường 10, Quận Gò Vấp, Thành phố Hồ Chí Minh, Việt Nam",Quận Gò Vấp,"4741: Bán lẻ máy vi tính, thiết bị ngoại vi, phần mềm và thiết bị viễn thông trong các cửa hàng chuyên doanh-;4742: Bán lẻ thiết bị nghe nhìn trong các cửa hàng chuyên doanh-;4752: Bán lẻ đồ ngũ kim, ",internet
315016236,CÔNG TY TNHH KIẾN TRÚC VÀ TRANG TRÍ NỘI THẤT ARC DECOR,CÔNG TY TNHH KIẾN TRÚC VÀ TRAN,Công ty trách nhiệm hữu hạn một thành viên,"945/3 Quang Trung, Phường 14, Quận Gò Vấp, Thành phố Hồ Chí Minh, Việt Nam",Quận Gò Vấp,4312: Chuẩn bị mặt bằng-;4321: Lắp đặt hệ thống điện-;4329: Lắp đặt hệ thống xây dựng khác-;4330: Hoàn thiện công trình xây dựng-;7110: Hoạt động kiến trúc và tư vấn kỹ thuật có liên quan-;7410: Hoạt ,internet
315051551,CÔNG TY CỔ PHẦN ĐẦU TƯ VÀ XÂY DỰNG BƯU ĐIỆN MIỀN NAM,CÔNG TY CỔ PHẦN ĐẦU TƯ VÀ XÂY ,Công ty cổ phần,"43 Đường 44, Phường 14, Quận Gò Vấp, Thành phố Hồ Chí Minh, Việt Nam",Quận Gò Vấp,4290: Xây dựng công trình kỹ thuật dân dụng khác-Chi tiết: xây dựng công trình kỹ thuật dân dụng và công nghiệp; xây dựng công trình thuỷ lợi.;4311: Phá dỡ-;4312: Chuẩn bị mặt bằng-;4329: Lắp đặt hệ t,internet
315034852,CÔNG TY CỔ PHẦN AZASEO,CÔNG TY CỔ PHẦN AZASEO,Công ty cổ phần,"137/8/6 Đường số 59, Phường 14, Quận Gò Vấp, Thành phố Hồ Chí Minh, Việt Nam",Quận Gò Vấp,8532: Giáo dục nghề nghiệp-Chi tiết: Dạy nghề;6329: Dịch vụ thông tin khác chưa được phân vào đâu-Chi tiết: Dịch vụ cung cấp thông tin trên mạng internet;7320: Nghiên cứu thị trường và thăm dò dư luận,internet
315028584,CÔNG TY TNHH ALKA GLUTA VIETNAM,CÔNG TY TNHH ALKA GLUTA VIETNA,Công ty trách nhiệm hữu hạn hai thành viên trở lên,"440/13/69 Thống Nhất, Phường 16, Quận Gò Vấp, Thành phố Hồ Chí Minh, Việt Nam",Quận Gò Vấp,"7320: Nghiên cứu thị trường và thăm dò dư luận-Chi tiết: Dịch vụ nghiên cứu thị trường (trừ dịch vụ điều tra và các loại thông tin nhà nước cấm); 4641: Bán buôn vải, hàng may mặc, giày dép-Chi tiết: -",internet
315039667,CÔNG TY TNHH THƯƠNG MẠI DỊCH VỤ CÔNG NGHỆ ĐỨC DUY,CÔNG TY TNHH THƯƠNG MẠI DỊCH V,Công ty trách nhiệm hữu hạn một thành viên,"36/57 Phan Huy Ích , Phường 12, Quận Gò Vấp, Thành phố Hồ Chí Minh, Việt Nam",Quận Gò Vấp,"4773: Bán lẻ hàng hóa khác mới trong các cửa hàng chuyên doanh-(trừ bán lẻ bình gas, khí dầu mỏ hóa lỏng LPG, dầu nhớt cặn, vàng miếng, súng, đạn loại dùng đi săn hoặc thể thao và tiền kim khí; trừ bá",internet
315040038,CÔNG TY TNHH THƯƠNG MẠI DỊCH VỤ ZEN FOOD,CÔNG TY TNHH THƯƠNG MẠI DỊCH V,Công ty trách nhiệm hữu hạn hai thành viên trở lên,"203/19/6 Huỳnh Văn Nghệ, Phường 12, Quận Gò Vấp, Thành phố Hồ Chí Minh, Việt Nam",Quận Gò Vấp,"4772: Bán lẻ thuốc, dụng cụ y tế, mỹ phẩm và vật phẩm vệ sinh trong các cửa hàng chuyên doanh-Chi tiết: Bán lẻ nước hoa, mỹ phẩm và vật phẩm vệ sinh trong các cửa hàng chuyên doanh,;4652: Bán buôn thi",internet
315049513,CÔNG TY TNHH ĐỐI TÁC PHẦN MỀM KẾ TOÁN MINH TÂM,CÔNG TY TNHH ĐỐI TÁC PHẦN MỀM ,Công ty trách nhiệm hữu hạn hai thành viên trở lên,"313/30 Quang Trung, Phường 10, Quận Gò Vấp, Thành phố Hồ Chí Minh, Việt Nam",Quận Gò Vấp,"4789: Bán  lẻ hàng hóa khác lưu động hoặc tại chợ-(trừ bán lẻ bình gas, súng, đạn loại dùng đi săn hoặc thể thao và tiền kim khí và thực hiện theo Quyết định 64/2009/QĐ-UBND ngày 31/7/2009 của Ủy ban ",internet
315079525,CÔNG TY TNHH TUỆ MINH ĐỨC,CÔNG TY TNHH TUỆ MINH ĐỨC,Công ty trách nhiệm hữu hạn một thành viên,"266/24A Đường số 8, Phường 11, Quận Gò Vấp, Thành phố Hồ Chí Minh, Việt Nam",Quận Gò Vấp,"4390: Hoạt động xây dựng chuyên dụng khác-; 4221: Xây dựng công trình điện-(doanh nghiệp không cung cấp hàng hóa, dịch vụ thuộc độc quyền nhà nước trong hoạt động thương mại theo Nghị định 94/2017/NĐ-",internet
315041384,CÔNG TY TNHH ĐẦU TƯ THƯƠNG MẠI TƯ VẤN THIẾT KẾ XÂY DỰNG HỒNG PHÁT,CÔNG TY TNHH ĐẦU TƯ THƯƠNG MẠI,Công ty trách nhiệm hữu hạn một thành viên,"265/7 Nguyễn Thái Sơn, Phường 7, Quận Gò Vấp, Thành phố Hồ Chí Minh, Việt Nam",Quận Gò Vấp,"4659: Bán buôn máy móc, thiết bị và phụ tùng máy khác-Chi tiết: Bán buôn máy móc, thiết bị văn phòng (trừ máy vi tính và thiết bị ngoại vi). Bán buôn bàn ghế, tủ văn phòng. Bán buôn thiết bị dụng cụ đ",internet
315077486,CÔNG TY CỔ PHẦN ĐẦU TƯ BẤT ĐỘNG SẢN ĐỊA BẢO,CÔNG TY CỔ PHẦN ĐẦU TƯ BẤT ĐỘN,Công ty cổ phần,"39 Nguyễn Bỉnh Khiêm, Phường 1, Quận Gò Vấp, Thành phố Hồ Chí Minh, Việt Nam",Quận Gò Vấp,"8230: Tổ chức giới thiệu và xúc tiến thương mại-Chi tiết: Việc tổ chức xúc tiến và/hoặc quản lý các sự kiện, như kinh doanh hoặc triển lãm, giới thiệu, hội nghị, có hoặc không có quản lý và cung cấp n",internet
315053206,CÔNG TY TNHH  THƯƠNG MẠI DỊCH VỤ TIN HỌC NGUYỄN NGỌC,CÔNG TY TNHH  THƯƠNG MẠI DỊCH ,Công ty trách nhiệm hữu hạn hai thành viên trở lên,"Số 172 Đường Số 8, Phường 11, Quận Gò Vấp, Thành phố Hồ Chí Minh, Việt Nam",Quận Gò Vấp,"4651: Bán buôn máy vi tính, thiết bị ngoại vi và phần mềm-;4652: Bán buôn thiết bị và linh kiện điện tử, viễn thông-;4649: Bán buôn đồ dùng khác cho gia đình-Chi tiết: Bán buôn đồ điện gia dụng, đèn v",internet
315086071,CÔNG TY TNHH DỊCH VỤ VUI CHƠI GIẢI TRÍ ABC,CÔNG TY TNHH DỊCH VỤ VUI CHƠI ,Công ty trách nhiệm hữu hạn một thành viên,"837 Quang Trung, Phường 12, Quận Gò Vấp, Thành phố Hồ Chí Minh, Việt Nam",Quận Gò Vấp,5610: Nhà hàng và các dịch vụ ăn uống phục vụ lưu động-Chi tiết: Nhà hàng ăn uống;5630: Dịch vụ phục vụ đồ uống-Chi tiết: Quán cà phê (trừ hoạt động quán bar và quán giải khát có khiêu vũ);7310: Quảng,internet
315057105,CÔNG TY TNHH CÔNG NGHỆ VIỄN THÔNG NGÂN VŨ,CÔNG TY TNHH CÔNG NGHỆ VIỄN TH,Công ty trách nhiệm hữu hạn một thành viên,"Số 1050/89 Đường Quang Trung, Phường 8, Quận Gò Vấp, Thành phố Hồ Chí Minh, Việt Nam",Quận Gò Vấp,"4651: Bán buôn máy vi tính, thiết bị ngoại vi và phần mềm-;4652: Bán buôn thiết bị và linh kiện điện tử, viễn thông-;4329: Lắp đặt hệ thống xây dựng khác-;4321: Lắp đặt hệ thống điện-;4663: Bán buôn v",internet
315097098,CÔNG TY TNHH AGRIFOOD FRESH,CÔNG TY TNHH AGRIFOOD FRESH,Công ty trách nhiệm hữu hạn một thành viên,"Số 407/20/12 Phạm Văn Chiêu, Phường 14, Quận Gò Vấp, Thành phố Hồ Chí Minh, Việt Nam",Quận Gò Vấp,"4789: Bán lẻ hàng hóa khác lưu động hoặc tại chợ-(trừ bán lẻ bình gas, khí dầu mỏ hóa lỏng LPG, dầu nhớt cặn, vàng miếng, súng, đạn loại dùng đi săn hoặc thể thao và tiền kim khí; Trừ bán lẻ hóa chất,",internet
315068107,CÔNG TY TNHH GIẢI TRÍ TÌNH CA,CÔNG TY TNHH GIẢI TRÍ TÌNH CA,Công ty trách nhiệm hữu hạn hai thành viên trở lên,"453 Nguyễn Văn Khối, Phường 8, Quận Gò Vấp, Thành phố Hồ Chí Minh, Việt Nam",Quận Gò Vấp,1812: Dịch vụ liên quan đến in-;5210: Kho bãi và lưu giữ hàng hóa-Chi tiết: Lưu giữ hàng hóa (trừ kinh doanh kho bãi).;5229: Hoạt động dịch vụ hỗ trợ khác liên quan đến vận tải-Chi tiết: Hoạt động của,internet
315050043,CÔNG TY TNHH THƯƠNG MẠI DỊCH VỤ VN T&S,CÔNG TY TNHH THƯƠNG MẠI DỊCH V,Công ty trách nhiệm hữu hạn hai thành viên trở lên,"96 đường số 2, Phường 16, Quận Gò Vấp, Thành phố Hồ Chí Minh, Việt Nam",Quận Gò Vấp,"7020: Hoạt động tư vấn quản lý-(trừ tư vấn tài chính, kế toán, pháp luật).;4730: Bán lẻ nhiên liệu động cơ trong các cửa hàng chuyên doanh-(trừ kinh doanh khí dầu mỏ hóa lỏng LPG và dầu nhớt cặn);5222",internet
315060595,CÔNG TY TNHH THƯƠNG MẠI DỊCH VỤ XÂY DỰNG VŨ THIỆN THÀNH,CÔNG TY TNHH THƯƠNG MẠI DỊCH V,Công ty trách nhiệm hữu hạn một thành viên,"440/13/24 Đường Thống Nhất, Phường 16, Quận Gò Vấp, Thành phố Hồ Chí Minh, Việt Nam",Quận Gò Vấp,"4662: Bán buôn kim loại và quặng kim loại-Chi tiết: Bán buôn tole, sắt, thép, đồng, than, nhôm, bạc và kim loại quý khác (trừ kinh doanh vàng miếng);4663: Bán buôn vật liệu, thiết bị lắp đặt khác tron",internet
315076235,CÔNG TY TNHH PINK SPOON,CÔNG TY TNHH PINK SPOON,Công ty trách nhiệm hữu hạn một thành viên,"80/12/130 Dương Quảng Hàm, Phường 5, Quận Gò Vấp, Thành phố Hồ Chí Minh, Việt Nam",Quận Gò Vấp,4722: Bán lẻ thực phẩm trong các cửa hàng chuyên doanh-(thực hiện theo Quyết định số 64/2009/QĐ-UBND ngày 31/07/2009 và Quyết định số 79/2009/QĐ-UBND ngày 17/10/2009 của Ủy Ban Nhân Dân TP. Hồ Chí Min,internet
315053118,CÔNG TY TNHH THƯƠNG MẠI DỊCH VỤ Ô TÔ TÂN CHÂU,CÔNG TY TNHH THƯƠNG MẠI DỊCH V,Công ty trách nhiệm hữu hạn hai thành viên trở lên,"148 Lê Đức Thọ, Phường 6, Quận Gò Vấp, Thành phố Hồ Chí Minh, Việt Nam",Quận Gò Vấp,4511: Bán buôn ô tô và xe có động cơ khác-Chi tiết: Bán buôn ô tô và xe có động cơ khác -Bán buôn ô tô và xe có động cơ khác loại mới và loại đã qua sử dụng. - Bán buôn ô tô con (loại 12 chỗ ngồi trở ,internet
315086240,CÔNG TY TNHH TRUYỀN THÔNG & THƯƠNG MẠI HUGG,CÔNG TY TNHH TRUYỀN THÔNG  THƯ,Công ty trách nhiệm hữu hạn một thành viên,"338/2 Phạm Văn Chiêu, Phường 9, Quận Gò Vấp, Thành phố Hồ Chí Minh, Việt Nam",Quận Gò Vấp,"7420: Hoạt động nhiếp ảnh-Chi tiết: Hoạt động quay video quảng cáo cho doanh nghiệp, chụp ảnh (trừ sản xuất phim).;5820: Xuất bản phần mềm-Chi tiết: Sản xuất phần mềm.;7410: Hoạt động thiết kế chuyên ",internet
315090335,CÔNG TY TNHH KHOA HỌC CÔNG NGHỆ VÀ ỨNG DỤNG HELIUS,CÔNG TY TNHH KHOA HỌC CÔNG NGH,Công ty trách nhiệm hữu hạn một thành viên,"94/1055M Dương Quảng Hàm, Phường 6, Quận Gò Vấp, Thành phố Hồ Chí Minh, Việt Nam",Quận Gò Vấp,"7730: Cho thuê máy móc, thiết bị và đồ dùng hữu hình khác-chi tiết: Cho thuê máy vi tính, máy văn phòng (trừ kinh doanh dịch vụ truy cập internet); Cho thuê hàng điện tử, hệ thống viễn thông; máy móc ",internet
315129631,CÔNG TY TNHH LỘC NAM GROUP,CÔNG TY TNHH LỘC NAM GROUP,Công ty trách nhiệm hữu hạn hai thành viên trở lên,"228 Nguyễn Tư Giản, Phường 12, Quận Gò Vấp, Thành phố Hồ Chí Minh, Việt Nam",Quận Gò Vấp,"4789: Bán lẻ hàng hóa khác lưu động hoặc tại chợ-(trừ bán lẻ bình gas, khí dầu mỏ hóa lỏng LPG, dầu nhớt cặn, vàng miếng, súng, đạn loại dùng đi săn hoặc thể thao và tiền kim khí và thực hiện theo Quy",internet
315093713,CÔNG TY CỔ PHẦN THƯƠNG MẠI XUẤT NHẬP KHẨU TIẾN PHƯƠNG,CÔNG TY CỔ PHẦN THƯƠNG MẠI XUẤ,Công ty cổ phần,"146/2/12 Đường số 30, Phường 6, Quận Gò Vấp, Thành phố Hồ Chí Minh, Việt Nam",Quận Gò Vấp,"4663: Bán buôn vật liệu, thiết bị lắp đặt khác trong xây dựng-;4759: Bán lẻ đồ điện gia dụng, giường, tủ, bàn, ghế và đồ nội thất tương tự, đèn và bộ đèn điện, đồ dùng gia đình khác chưa được phân vào",internet
315130644,CÔNG TY TNHH THƯƠNG MẠI NGUYÊN MINH PHÁT,CÔNG TY TNHH THƯƠNG MẠI NGUYÊN,Công ty trách nhiệm hữu hạn hai thành viên trở lên,"49/1/1, Bùi Quang Là, Phường 12, Quận Gò Vấp, Thành phố Hồ Chí Minh, Việt Nam",Quận Gò Vấp,"4649: Bán buôn đồ dùng khác cho gia đình-Chi tiết: Bán buôn nước hoa, hàng mỹ phẩm; Bán buôn giường, tủ, bàn ghế và đồ dùng nội thất tương tự; Bán buôn phụ kiện nhà bếp;5229: Hoạt động dịch vụ hỗ trợ ",internet
315101805,CÔNG TY TNHH BENDO,CÔNG TY TNHH BENDO,Công ty trách nhiệm hữu hạn một thành viên,"Số 40, Đường Số 7, Khu Dân Cư Cityland Z751, Phường 7, Quận Gò Vấp, Thành phố Hồ Chí Minh, Việt Nam",Quận Gò Vấp,"4651: Bán buôn máy vi tính, thiết bị ngoại vi và phần mềm-;4652: Bán buôn thiết bị và linh kiện điện tử, viễn thông-;4641: Bán buôn vải, hàng may sẵn, giày dép-Chi tiết: Bán buôn vải, Bán buôn thảm, đ",internet
315099627,CÔNG TY TNHH KAGURA,CÔNG TY TNHH KAGURA,Công ty trách nhiệm hữu hạn một thành viên,"Kios 21, 22 Chợ Hạnh Thông Tây, Đường Quang Trung, Phường 11, Quận Gò Vấp, Thành phố Hồ Chí Minh, Việt Nam",Quận Gò Vấp,"4764: Bán lẻ trò chơi, đồ chơi trong các cửa hàng chuyên doanh-(không kinh doanh đồ chơi có hại cho giáo dục nhân cách, sức khoẻ của trẻ em hoặc ảnh hưởng đến an ninh trật tự, an toàn xã hội);4772: Bá",internet
315107518,CÔNG TY TNHH THƯƠNG MẠI - DỊCH VỤ LÝ THỊ,CÔNG TY TNHH THƯƠNG MẠI  DỊCH ,Công ty trách nhiệm hữu hạn hai thành viên trở lên,"Số 63 Trần Thị Nghĩ, Phường 7, Quận Gò Vấp, Thành phố Hồ Chí Minh, Việt Nam",Quận Gò Vấp,"4663: Bán buôn vật liệu, thiết bị lắp đặt khác trong xây dựng-Chi tiết: Bán buôn đồ gỗ nội và ngoại thất; Bán buôn vật liệu xây dựng;7310: Quảng cáo-;4610: Đại lý, môi giới, đấu giá-Chi tiết: Đại lý v",internet
315120815,CÔNG TY TNHH RETAIL DISTRIBUTION 4T,CÔNG TY TNHH RETAIL DISTRIBUTI,Công ty trách nhiệm hữu hạn một thành viên,"107/10/15 Đường số 11, Phường 11, Quận Gò Vấp, Thành phố Hồ Chí Minh, Việt Nam",Quận Gò Vấp,1312: Sản xuất vải dệt thoi-(không hoạt động tại trụ sở);1313: Hoàn thiện sản phẩm dệt-(không hoạt động tại trụ sở);1322: Sản xuất hàng may sẵn (trừ trang phục)-(không hoạt động tại trụ sở);1324: Sản ,internet
315112074,CÔNG TY TNHH BQ BEAUTY ACADEMY,CÔNG TY TNHH BQ BEAUTY ACADEMY,Công ty trách nhiệm hữu hạn một thành viên,"02 Đường 01, KDC Cityland Center Hill, Phường 7, Quận Gò Vấp, Thành phố Hồ Chí Minh, Việt Nam",Quận Gò Vấp,"4610: Đại lý, môi giới, đấu giá hàng hóa-Chi tiết: Đại lý bán hàng hoá;4649: Bán buôn đồ dùng khác cho gia đình-Chi tiết: Bán buôn nước hoa, hàng mỹ phẩm và chế phẩm vệ sinh;4772: Bán ",internet
315116329,CÔNG TY TNHH SONIT,CÔNG TY TNHH SONIT,Công ty trách nhiệm hữu hạn một thành viên,"B14, Khu Gia Đình X28, Đường Tân Sơn, Phường 12, Quận Gò Vấp, Thành phố Hồ Chí Minh, Việt Nam",Quận Gò Vấp,6201: Lập trình máy vi tính-;5820: Xuất bản phần mềm-Chi tiết: Sản xuất phần mềm;6202: Tư vấn máy vi tính và quản trị hệ thống máy vi tính-;6209: Hoạt động dịch vụ công nghệ thông tin và dịch vụ khác ,internet
315119760,CÔNG TY TNHH SPIDEVELOPER,CÔNG TY TNHH SPIDEVELOPER,Công ty trách nhiệm hữu hạn một thành viên,"Số 26, Đường số 4, Cityland Park Hills, Phường 10, Quận Gò Vấp, Thành phố Hồ Chí Minh, Việt Nam",Quận Gò Vấp,7310: Quảng cáo-;6209: Hoạt động dịch vụ công nghệ thông tin và dịch vụ khác liên quan đến máy vi tính-;5022: Vận tải hàng hóa đường thuỷ nội địa-(Trừ hóa lỏng khí để vận chuyển);4651: Bán buôn máy vi,internet
315120727,CÔNG TY TNHH ZENGI,CÔNG TY TNHH ZENGI,Công ty trách nhiệm hữu hạn một thành viên,"115/10 Lê Đức Thọ, Phường 17, Quận Gò Vấp, Thành phố Hồ Chí Minh, Việt Nam",Quận Gò Vấp,"6311: Xử lý dữ liệu, cho thuê và các hoạt động liên quan-;6312: Cổng thông tin-(trừ hoạt động báo chí);6201: Lập trình máy vi tính-;6202: Tư vấn máy vi tính và quản trị hệ thống máy vi tính-;6209: Hoạ",internet
315120036,CÔNG TY TNHH TƯ VẤN THUẾ THƯƠNG MẠI VÀ DỊCH VỤ VIỄN THÔNG ĐẮC VINH,CÔNG TY TNHH TƯ VẤN THUẾ THƯƠN,Công ty trách nhiệm hữu hạn một thành viên,"1C Đường số 2, Phường 11, Quận Gò Vấp, Thành phố Hồ Chí Minh, Việt Nam",Quận Gò Vấp,6201: Lập trình máy vi tính-;6202: Tư vấn máy vi tính và quản trị hệ thống máy vi tính-Chi tiết: Tư vấn hệ thống mạng máy tính;6209: Hoạt động dịch vụ công nghệ thông tin và dịch vụ khác liên quan đến,internet
315124841,CÔNG TY TNHH DỊCH VỤ THƯƠNG MẠI ĐẦU TƯ WE HOME,CÔNG TY TNHH DỊCH VỤ THƯƠNG MẠ,Công ty trách nhiệm hữu hạn một thành viên,"102 Đường số 7, KDC City Land, Phường 7, Quận Gò Vấp, Thành phố Hồ Chí Minh, Việt Nam",Quận Gò Vấp,"4711: Bán lẻ lương thực, thực phẩm, đồ uống, thuốc lá, thuốc lào chiếm tỷ trọng lớn trong các cửa hàng kinh doanh tổng hợp-(thực hiện theo quyết định 64/2009/QĐ-UBND ngày 31/07/2009 và quyết định  số ",internet
315127031,CÔNG TY TNHH XNK ALFA COFFEE,CÔNG TY TNHH XNK ALFA COFFEE,Công ty trách nhiệm hữu hạn hai thành viên trở lên,"148/21 Đường Số 59, Phường 14, Quận Gò Vấp, Thành phố Hồ Chí Minh, Việt Nam",Quận Gò Vấp,"5621: Cung cấp dịch vụ ăn uống theo hợp đồng không thường xuyên với khách hàng (phục vụ tiệc, hội họp, đám cưới...)-;5629: Dịch vụ ăn uống khác-;5630: Dịch vụ phục vụ đồ uống-Chi tiết: (trừ quán bar, ",internet
315160166,CÔNG TY TNHH TM DV XÂY DỰNG VẬN TẢI HƯNG LONG,CÔNG TY TNHH TM DV XÂY DỰNG VẬ,Công ty trách nhiệm hữu hạn một thành viên,"125/33 Đường số 9, Phường 9, Quận Gò Vấp, Thành phố Hồ Chí Minh, Việt Nam",Quận Gò Vấp,"6820: Tư vấn, môi giới, đấu giá bất động sản, đấu giá quyền sử dụng đất-Chi tiết: môi giới bất động sản;5229: Hoạt động dịch vụ hỗ trợ khác liên quan đến vận tải-Chi tiết: Kinh doanh dịch vụ logistic ",lap top
315139090,CÔNG TY TNHH THIỆN CHÁNH,CÔNG TY TNHH THIỆN CHÁNH,Công ty trách nhiệm hữu hạn hai thành viên trở lên,"140/3 Lê Đức Thọ, Phường 6, Quận Gò Vấp, Thành phố Hồ Chí Minh, Việt Nam",Quận Gò Vấp,"4610: Đại lý, môi giới, đấu giá hàng hóa-Chi tiết: Đại lý bán hàng hóa; Môi giới mua bán hàng hóa (trừ môi giới bất động sản); 6201: Lập trình máy vi tính-;5610: Nhà hàng và các dịch vụ ăn uống phục v",internet
315115501,CÔNG TY TNHH THƯƠNG MẠI KỸ THUẬT THANH NGUYỄN,CÔNG TY TNHH THƯƠNG MẠI KỸ THU,Công ty trách nhiệm hữu hạn một thành viên,"Số 47 Đường số 18, Phường 8, Quận Gò Vấp, Thành phố Hồ Chí Minh, Việt Nam",Quận Gò Vấp,"9512: Sửa chữa thiết bị liên lạc-(không gia công cơ khí, tái chế phế thải, xi mạ điện tại trụ sở).;9522: Sửa chữa thiết bị, đồ dùng gia đình-(trừ gia công cơ khí, tái chế phế thải, xi mạ điện tại trụ ",internet
315138072,CÔNG TY TNHH DỊCH VỤ BAY 247,CÔNG TY TNHH DỊCH VỤ BAY 247,Công ty trách nhiệm hữu hạn một thành viên,"Số 862/58 Lê Đức Thọ, Phường 15, Quận Gò Vấp, Thành phố Hồ Chí Minh, Việt Nam",Quận Gò Vấp,5221: Hoạt động dịch vụ hỗ trợ trực tiếp cho vận tải đường sắt và đường bộ-(trừ hóa lỏng khí để vận chuyển và trừ kinh doanh kết cấu hạ tầng đường sắt);5222: Hoạt động dịch vụ hỗ trợ trực tiếp cho vận,internet
315144622,CÔNG TY TNHH HÀNH TINH XANH THÁI HÒA,CÔNG TY TNHH HÀNH TINH XANH TH,Công ty trách nhiệm hữu hạn một thành viên,"Số 347/54/5 Lê Văn Thọ, Phường 9, Quận Gò Vấp, Thành phố Hồ Chí Minh, Việt Nam",Quận Gò Vấp,"4791: Bán lẻ theo yêu cầu đặt hàng qua bưu điện hoặc internet-(trừ bán lẻ bình gas, súng, đạn loại dùng đi săn hoặc thể thao, tiền kim khí và mua bán vàng miếng; thực hiện theo Quyết định 64/2009/QĐ-U",internet
315126038,CÔNG TY TNHH KING HAIR,CÔNG TY TNHH KING HAIR,Công ty trách nhiệm hữu hạn một thành viên,"Số 142 Đường Số 8, Phường 11, Quận Gò Vấp, Thành phố Hồ Chí Minh, Việt Nam",Quận Gò Vấp,"4791: Bán lẻ theo yêu cầu đặt hàng qua bưu điện hoặc internet-(trừ bán lẻ bình gas, khí dầu mỏ hóa lỏng LPG, dầu nhớt cặn, vàng miếng, súng, đạn loại dùng đi săn hoặc thể thao và tiền kim khí và thực ",internet
315186171,CÔNG TY TNHH CÔNG NGHỆ MAKE SMALL THING,CÔNG TY TNHH CÔNG NGHỆ MAKE SM,Công ty trách nhiệm hữu hạn hai thành viên trở lên,"788/3C Nguyễn Kiệm, Phường 3, Quận Gò Vấp, Thành phố Hồ Chí Minh, Việt Nam",Quận Gò Vấp,"4741: Bán lẻ máy vi tính, thiết bị ngoại vi, phần mềm và thiết bị viễn thông trong các cửa hàng chuyên doanh-;6201: Lập trình máy vi tính-;6202: Tư vấn máy vi tính và quản trị hệ thống máy vi tính-;62",internet
315186132,CÔNG TY TNHH SẢN XUẤT - THƯƠNG MẠI DỊCH VỤ CƠ ĐIỆN DUY LA TECHNOLOGY,CÔNG TY TNHH SẢN XUẤT  THƯƠNG ,Công ty trách nhiệm hữu hạn một thành viên,"235/17 Đường Lê Văn Thọ, Phường 9, Quận Gò Vấp, Thành phố Hồ Chí Minh, Việt Nam",Quận Gò Vấp,"2592: Gia công cơ khí; xử lý và tráng phủ kim loại-;2593: Sản xuất dao kéo, dụng cụ cầm tay và đồ kim loại thông dụng-;2599: Sản xuất sản phẩm khác bằng kim loại chưa được phân vào đâu-;3312: Sửa chữa",technology
315140787,CÔNG TY TNHH THƯƠNG MẠI DỊCH VỤ AZI COSMETIC,CÔNG TY TNHH THƯƠNG MẠI DỊCH V,Công ty trách nhiệm hữu hạn một thành viên,"472/13B Phan Huy Ích, Phường 12, Quận Gò Vấp, Thành phố Hồ Chí Minh, Việt Nam",Quận Gò Vấp,"9631: Cắt tóc, làm đầu, gội đầu-Chi tiết: chăm sóc da mặt (trừ các hoạt động gây chảy máu);4719: Bán lẻ khác trong các cửa hàng kinh doanh tổng hợp-Chi tiết: bán lẻ mỹ phẩm; thiết bị, máy móc chăm sóc",internet
315153306,CÔNG TY TNHH ACCTAX,CÔNG TY TNHH ACCTAX,Công ty trách nhiệm hữu hạn hai thành viên trở lên,"Số 27 Đường Số 14, Phường 8, Quận Gò Vấp, Thành phố Hồ Chí Minh, Việt Nam",Quận Gò Vấp,"4632: Bán buôn thực phẩm-Chi tiết: Bán buôn thực phẩm đóng gói (Không hoạt động tại trụ sở);4651: Bán buôn máy vi tính, thiết bị ngoại vi và phần mềm-;4773: Bán lẻ hàng hóa khác mới trong các cửa hàng",internet
315187714,CÔNG TY TNHH XÚC TIẾN THƯƠNG MẠI BIG'S HOUSE,CÔNG TY TNHH XÚC TIẾN THƯƠNG M,Công ty trách nhiệm hữu hạn một thành viên,"Số 6 Đường số 5, Khu dân cư Cityland Center Hills, Phường 7, Quận Gò Vấp, Thành phố Hồ Chí Minh, Việt Nam",Quận Gò Vấp,"8211: Dịch vụ hành chính văn phòng tổng hợp-;8219: Photo, chuẩn bị tài liệu và các hoạt động hỗ trợ văn phòng đặc biệt khác-;8230: Tổ chức giới thiệu và xúc tiến thương mại-(Không thực hiện các hiệu ứ",internet
315192866,CÔNG TY TNHH GIẢI PHÁP THƯƠNG HIỆU CDLINK,CÔNG TY TNHH GIẢI PHÁP THƯƠNG ,Công ty trách nhiệm hữu hạn hai thành viên trở lên,"Tầng 3, 42 Đường số 1, KDC Cityland Center Hills, Phường 7, Quận Gò Vấp, Thành phố Hồ Chí Minh, Việt Nam",Quận Gò Vấp,"6209: Hoạt động dịch vụ công nghệ thông tin và dịch vụ khác liên quan đến máy vi tính-Chi tiết: Dịch vụ đăng kí tên miền. Cung cấp dịch vụ ứng dụng internet.;6311: Xử lý dữ liệu, cho thuê và các hoạt ",internet
315157170,CÔNG TY TNHH CIRCLE ES,CÔNG TY TNHH CIRCLE ES,Công ty trách nhiệm hữu hạn một thành viên,"102 Đường Số 1, Phường 7, Quận Gò Vấp, Thành phố Hồ Chí Minh, Việt Nam",Quận Gò Vấp,"7310: Quảng cáo-;7320: Nghiên cứu thị trường và thăm dò dư luận-;8230: Tổ chức giới thiệu và xúc tiến thương mại-(không thực hiện các hiệu ứng cháy, nổ; không sử dụng chất nổ, chất cháy, hóa chất làm ",internet
315156184,CÔNG TY TNHH THƯƠNG MẠI DỊCH VỤ 2A VIỆT NAM,CÔNG TY TNHH THƯƠNG MẠI DỊCH V,Công ty trách nhiệm hữu hạn một thành viên,"29/15/10 Nguyễn Văn Khối, Phường 11, Quận Gò Vấp, Thành phố Hồ Chí Minh, Việt Nam",Quận Gò Vấp,"7710: Cho thuê xe có động cơ-Chi tiết : cho thuê  ô tô;7410: Hoạt động thiết kế chuyên dụng-chi tiết : Thiết kế in ấn, quảng cáo;1512: Sản xuất vali, túi xách và các loại tương tự, sản xuất yên đệm-( ",internet
315158093,CÔNG TY TNHH JAMESGROUP,CÔNG TY TNHH JAMESGROUP,Công ty trách nhiệm hữu hạn một thành viên,"86/26 Đường 14, Phường 8, Quận Gò Vấp, Thành phố Hồ Chí Minh, Việt Nam",Quận Gò Vấp,4722: Bán lẻ thực phẩm trong các cửa hàng chuyên doanh-(thực hiện theo Quyết định số 64/2009/QĐ-UBND ngày 31/07/2009 và Quyết định số 79/2009/QĐ-UBND ngày 17/10/2009 của Ủy Ban Nhân Dân TP. Hồ Chí Min,internet
315169722,CÔNG TY TNHH BRAND MEDIA,CÔNG TY TNHH BRAND MEDIA,Công ty trách nhiệm hữu hạn hai thành viên trở lên,"148/11/23 Đường số 59, Phường 14, Quận Gò Vấp, Thành phố Hồ Chí Minh, Việt Nam",Quận Gò Vấp,"7310: Quảng cáo-;4649: Bán buôn đồ dùng khác cho gia đình-(trừ kinh doanh dược phẩm).;4659: Bán buôn máy móc, thiết bị và phụ tùng máy khác-;4773: Bán lẻ hàng hóa khác mới trong các cửa hàng chuyên do",internet
315171707,CÔNG TY TNHH THƯƠNG MẠI & DỊCH VỤ LỘC PHÁT DƯƠNG,CÔNG TY TNHH THƯƠNG MẠI  DỊCH ,Công ty trách nhiệm hữu hạn một thành viên,"440/25/9 Thống Nhất, Phường 16, Quận Gò Vấp, Thành phố Hồ Chí Minh, Việt Nam",Quận Gò Vấp,"2022: Sản xuất sơn, véc ni và các chất sơn, quét tương tự; sản xuất mực in và ma tít-(không hoạt động tại trụ sở);1811: In ấn-(không hoạt động tại trụ sở);1812: Dịch vụ liên quan đến in-;4669: Bán buô",internet
315221161,CÔNG TY TNHH SINNO TECHNOLOGY,CÔNG TY TNHH SINNO TECHNOLOGY,Công ty trách nhiệm hữu hạn một thành viên,"1331/15/244 Lê Đức Thọ, Phường 14, Quận Gò Vấp, Thành phố Hồ Chí Minh, Việt Nam",Quận Gò Vấp,"4659: Bán buôn máy móc, thiết bị và phụ tùng máy khác-Chi tiết: Bán buôn máy móc, thiết bị, vật tư ngành công nghiệp; ngành sản xuất kính; máy móc, phụ kiện ngành nhựa, ngành nhôm;",technology
315164668,CÔNG TY TNHH MỘT THÀNH VIÊN GAME GIẢI TRÍ TÂN SƠN,CÔNG TY TNHH MỘT THÀNH VIÊN GA,Công ty trách nhiệm hữu hạn một thành viên,"527 Tân Sơn, Phường 12, Quận Gò Vấp, Thành phố Hồ Chí Minh, Việt Nam",Quận Gò Vấp,"9511: Sửa chữa máy vi tính và thiết bị ngoại vi-(trừ gia công cơ khí, tái chế phế thải, xi mạ điện tại trụ sở);6190: Hoạt động viễn thông khác-Chi tiết: Hoạt động của các điểm truy cập internet;9329: ",internet
315186767,CÔNG TY TNHH DỊCH VỤ TRUYỀN THÔNG KIM,CÔNG TY TNHH DỊCH VỤ TRUYỀN TH,Công ty trách nhiệm hữu hạn một thành viên,"184/23 Nguyễn Văn Khối, Phường 9, Quận Gò Vấp, Thành phố Hồ Chí Minh, Việt Nam",Quận Gò Vấp,"5911: Hoạt động sản xuất phim điện ảnh, phim video và chương trình truyền hình-Chi tiết: Hoạt động sản xuất chương trình truyền hình (trừ sản xuất phim, phát sóng và không thực hiện các hiệu ứng cháy,",internet
315185192,CÔNG TY TNHH HAPOS,CÔNG TY TNHH HAPOS,Công ty trách nhiệm hữu hạn một thành viên,"497/5B Nguyễn Văn Khối, Phường 8, Quận Gò Vấp, Thành phố Hồ Chí Minh, Việt Nam",Quận Gò Vấp,"1520: Sản xuất giày dép-;2610: Sản xuất linh kiện điện tử-;3312: Sửa chữa máy móc, thiết bị-;3314: Sửa chữa thiết bị điện-;3319: Sửa chữa thiết bị khác-Chi tiết: Sửa chữa thiết bị mạng internet;4610: ",internet
315230494,CÔNG TY TNHH GIÁO DỤC VÀ ĐÀO TẠO QUỐC TẾ THÀNH PHỐ HỒ CHÍ MINH,CÔNG TY TNHH GIÁO DỤC VÀ ĐÀO T,Công ty trách nhiệm hữu hạn một thành viên,"Số 93/26/13 Đường Số 9, Phường 16, Quận Gò Vấp, Thành phố Hồ Chí Minh, Việt Nam",Quận Gò Vấp,"1811: In ấn-(không hoạt động tại trụ sở).;1812: Dịch vụ liên quan đến in-;3312: Sửa chữa máy móc, thiết bị-(trừ gia công cơ khí, tái chế phế thải, xi mạ điện tại trụ sở).;4651: Bán buôn máy vi tính, t",internet
315198667,CÔNG TY TNHH GIÁO DỤC NĂNG KHIẾU LIÊN VIỆT MỸ,CÔNG TY TNHH GIÁO DỤC NĂNG KHI,Công ty trách nhiệm hữu hạn một thành viên,"58/10 Phạm Văn Chiêu, Phường 13, Quận Gò Vấp, Thành phố Hồ Chí Minh, Việt Nam",Quận Gò Vấp,"4663: Bán buôn vật liệu, thiết bị lắp đặt khác trong xây dựng-Chi tiết: Bán buôn đồ ngũ kim, hàng kim khí điện máy, giấy dán tường, thiết bị lắp đặt khác trong xây dựng.;4669: Bán buôn chuyên doanh kh",internet
315205272,CÔNG TY TNHH TƯ VẤN THIẾT KẾ XÂY DỰNG THƯƠNG MẠI DỊCH VỤ PHƯỚC MINH CHÂU,CÔNG TY TNHH TƯ VẤN THIẾT KẾ X,Công ty trách nhiệm hữu hạn một thành viên,"107/33 đường số 11, Phường 11, Quận Gò Vấp, Thành phố Hồ Chí Minh, Việt Nam",Quận Gò Vấp,"4520: Bảo dưỡng, sửa chữa ô tô và xe có động cơ khác-;4541: Bán mô tô, xe máy-;4543: Bán phụ tùng và các bộ phận phụ trợ của mô tô, xe máy-; 4610: Đại lý, môi giới, đấu giá hàng hóa-(trừ môi giới bất ",internet
315198459,CÔNG TY TNHH XÂY DỰNG CƯỜNG TÍN,CÔNG TY TNHH XÂY DỰNG CƯỜNG TÍ,Công ty trách nhiệm hữu hạn hai thành viên trở lên,"1050/50/5 Quang Trung, Phường 8, Quận Gò Vấp, Thành phố Hồ Chí Minh, Việt Nam",Quận Gò Vấp,"4663: Bán buôn vật liệu, thiết bị lắp đặt khác trong xây dựng-(không hoạt động tại trụ sở);4669: Bán buôn chuyên doanh khác chưa được phân vào đâu-chi tiết: bán buôn máy móc thiết bị phục vụ cho xây d",internet
315192954,CÔNG TY TNHH THƯƠNG MẠI DỊCH VỤ ĐẦU TƯ GBA,CÔNG TY TNHH THƯƠNG MẠI DỊCH V,Công ty trách nhiệm hữu hạn một thành viên,"79/4 Đường Thống Nhất, Phường 11, Quận Gò Vấp, Thành phố Hồ Chí Minh, Việt Nam",Quận Gò Vấp,"4791: Bán lẻ theo yêu cầu đặt hàng qua bưu điện hoặc internet-(trừ bán lẻ bình gas, súng, đạn loại dùng đi săn hoặc thể thao, tiền kim khí và mua bán vàng miếng; thực hiện theo Quyết định 64/2009/QĐ-U",internet
315202842,CÔNG TY TNHH CÔNG NGHỆ TRUONGHAITECH,CÔNG TY TNHH CÔNG NGHỆ TRUONGH,Công ty trách nhiệm hữu hạn một thành viên,"463/15/5 Đường Lê Đức Thọ, Phường 16, Quận Gò Vấp, Thành phố Hồ Chí Minh, Việt Nam",Quận Gò Vấp,"4799: Bán lẻ hình thức khác chưa được phân vào đâu-Chi tiết:
- Bán lẻ các loại hàng hóa bằng phương thức khác chưa kể ở trên như: bán trực tiếp hoặc chuyển phát theo địa chỉ;
- Bán lẻ của các đại lý h",internet
314819103,CÔNG TY TNHH CÔNG NGHỆ IN THÀNH ĐẠT,CÔNG TY TNHH CÔNG NGHỆ IN THÀN,Công ty trách nhiệm hữu hạn một thành viên,"380/60/6 Phạm Văn Chiêu, Phường 9, Quận Gò Vấp, Thành phố Hồ Chí Minh, Việt Nam",Quận Gò Vấp,"1811: In ấn-Chi tiết: In bao bì giấy, bao bì nhựa; In nhãn mác, catalogue tờ rơi, tờ gấp giới thiệu sản phẩm hàng hóa, hướng dẫn sử dụng thiết bị, công cụ sản phẩm tiêu dùng; biểu mẫu và giấy tờ giao ",internet
315241224,CÔNG TY CỔ PHẦN ĐẦU TƯ XÂY DỰNG THƯƠNG MẠI T&L GROUP,CÔNG TY CỔ PHẦN ĐẦU TƯ XÂY DỰN,Công ty cổ phần,"294 Phan Huy Ích, Phường 12, Quận Gò Vấp, Thành phố Hồ Chí Minh, Việt Nam",Quận Gò Vấp,"4773: Bán lẻ hàng hóa khác mới trong các cửa hàng chuyên doanh-Chi tiết: Bán lẻ hàng lưu niệm, hàng thủ công mỹ nghệ, tranh ảnh.Bán lẻ máy móc, thiết bị sử dụng năng lượng mặt trời;4933: Vận tải hàng ",internet
315216355,CÔNG TY TNHH MỘT THÀNH VIÊN TOM Ô TÔ TOÀN CẦU,CÔNG TY TNHH MỘT THÀNH VIÊN TO,Công ty trách nhiệm hữu hạn một thành viên,"545/1 Nguyễn Oanh, Phường 17, Quận Gò Vấp, Thành phố Hồ Chí Minh, Việt Nam",Quận Gò Vấp,"4512: Bán lẻ ô tô con (loại 9 chỗ ngồi trở xuống)-; 4513: Đại lý ô tô và xe có động cơ khác-;4520: Bảo dưỡng, sửa chữa ô tô và xe có động cơ khác-;4530: Bán phụ tùng và các bộ phận phụ trợ của ô tô và",internet
315220256,CÔNG TY TNHH KỸ THUẬT CÔNG NGHỆ HBC,CÔNG TY TNHH KỸ THUẬT CÔNG NGH,Công ty trách nhiệm hữu hạn hai thành viên trở lên,"891/6/3 Nguyễn Kiệm , Phường 3, Quận Gò Vấp, Thành phố Hồ Chí Minh, Việt Nam",Quận Gò Vấp,"7110: Hoạt động kiến trúc và tư vấn kỹ thuật có liên quan-Chi tiết: 
- Thiết kế kỹ thuật cơ khí;
- Tư vấn các giải pháp sử dụng thiết bị công nghiệp;4659: Bán buôn máy móc, thiết bị và phụ tùng máy kh",internet
314829856,CÔNG TY TNHH TƯ VẤN ĐẦU TƯ VÀ PHÁT TRIỂN TÂY NAM – QK9,CÔNG TY TNHH TƯ VẤN ĐẦU TƯ VÀ ,Công ty trách nhiệm hữu hạn một thành viên,"780 Phạm Văn Bạch, Phường 12, Quận Gò Vấp, Thành phố Hồ Chí Minh, Việt Nam",Quận Gò Vấp,6190: Hoạt động viễn thông khác-Chi tiết: Hoạt động của các điểm truy cập internet; Điểm cung cấp dịch vụ trò chơi điện tử công cộng ( trừ hoạt động kinh doanh trò chơi điện tử có thưởng dành cho ngườ,internet
315218803,CÔNG TY TNHH THƯƠNG MẠI THỜI TRANG SAPPHIRE GOLD,CÔNG TY TNHH THƯƠNG MẠI THỜI T,Công ty trách nhiệm hữu hạn một thành viên,"205/11/13 Phạm Văn Chiêu, Phường 14, Quận Gò Vấp, Thành phố Hồ Chí Minh, Việt Nam",Quận Gò Vấp,"4741: Bán lẻ máy vi tính, thiết bị ngoại vi, phần mềm và thiết bị viễn thông trong các cửa hàng chuyên doanh-;4742: Bán lẻ thiết bị nghe nhìn trong các cửa hàng chuyên doanh-;4771: Bán lẻ hàng may mặc",internet
315226681,CÔNG TY TNHH GT BEN,CÔNG TY TNHH GT BEN,Công ty trách nhiệm hữu hạn hai thành viên trở lên,"Số 208 Lê Văn Thọ, Phường 11, Quận Gò Vấp, Thành phố Hồ Chí Minh, Việt Nam",Quận Gò Vấp,"6492: Hoạt động cấp tín dụng khác-Chi tiết: Dịch vụ cầm đồ;4511: Bán buôn ô tô và xe có động cơ khác-;5610: Nhà hàng và các dịch vụ ăn uống phục vụ lưu động-Chi tiết: Nhà hàng, quán ăn, hàng ăn uống (",internet
315234266,CÔNG TY TNHH CI RESEARCH,CÔNG TY TNHH CI RESEARCH,Công ty trách nhiệm hữu hạn một thành viên,"362/25/30B Phan Huy Ích, Phường 12, Quận Gò Vấp, Thành phố Hồ Chí Minh, Việt Nam",Quận Gò Vấp,"7730: Cho thuê máy móc, thiết bị và đồ dùng hữu hình khác không kèm người điều khiển-Chi tiết: cho thuê máy móc, thiết bị văn phòng (kể cả máy vi tính); 4610: Đại lý, môi giới, đấu giá hàng hóa-Chi ti",internet
315237355,CÔNG TY CỔ PHẦN ĐẦU TƯ PHÁT TRIỂN TRÍ TUỆ PHÚ THIÊN,CÔNG TY CỔ PHẦN ĐẦU TƯ PHÁT TR,Công ty cổ phần,"108 Đường Số 30, Phường 6, Quận Gò Vấp, Thành phố Hồ Chí Minh, Việt Nam",Quận Gò Vấp,"4690: Bán buôn tổng hợp-(trừ bán buôn hóa chất, khí dầu mỏ hóa lỏng LPG, dầu nhớt cặn, vàng miếng, súng, đạn loại dùng đi săn hoặc thể thao và tiền kim khí; Thực hiện theo Quyết định 64/2009/QĐ-UBND n",internet
315230617,CÔNG TY TRÁCH NHIỆM HỮU HẠN QICK,CÔNG TY TRÁCH NHIỆM HỮU HẠN QI,Công ty trách nhiệm hữu hạn hai thành viên trở lên,"385/33/32 Quang Trung , Phường 10, Quận Gò Vấp, Thành phố Hồ Chí Minh, Việt Nam",Quận Gò Vấp,"4669: Bán buôn chuyên doanh khác chưa được phân vào đâu-(trừ bán buôn bình gas, khí dầu mỏ hóa lỏng LPG, dầu nhớt cặn, vàng miếng, súng, đạn loại dùng đi săn hoặc thể thao và tiền kim khí; trừ bán buô",internet
315229530,CÔNG TY TNHH DATHACO VIỆT NAM,CÔNG TY TNHH DATHACO VIỆT NAM,Công ty trách nhiệm hữu hạn một thành viên,"790/2 Quang Trung, Phường 8, Quận Gò Vấp, Thành phố Hồ Chí Minh, Việt Nam",Quận Gò Vấp,"1811: In ấn-(trừ in tráng bao bì kim loại, in trên các sản phẩm vải sợi, dệt, may, đan tại trụ sở);1812: Dịch vụ liên quan đến in-;4663: Bán buôn vật liệu, thiết bị lắp đặt khác trong xây dựng-;4669: ",internet
315229354,CÔNG TY TNHH CIN HOUSE,CÔNG TY TNHH CIN HOUSE,Công ty trách nhiệm hữu hạn một thành viên,"22/46/8 Đường số 21 , Phường 8, Quận Gò Vấp, Thành phố Hồ Chí Minh, Việt Nam",Quận Gò Vấp,"4719: Bán lẻ khác trong các cửa hàng kinh doanh tổng hợp-(trừ bán lẻ hóa chất, trừ bán lẻ bình (trừ kinh doanh khí dầu mỏ hóa lỏng lpg, dầu nhớt cặn tại thành phố hồ chí minh)., kinh doanh khí dầu mỏ ",internet
315136043,CÔNG TY TNHH ADORA TOUR,CÔNG TY TNHH ADORA TOUR,Công ty trách nhiệm hữu hạn một thành viên,"120 Trần Quốc Tuấn, Phường 1, Quận Gò Vấp, Thành phố Hồ Chí Minh, Việt Nam",Quận Gò Vấp,"7912: Điều hành tua du lịch-;7911: Đại lý du lịch-;4610: Đại lý, môi giới, đấu giá-Chi tiết: Đại lý, môi giới (trừ môi giới bất động sản);6190: Hoạt động viễn thông khác-Chi tiết: Dịch vụ giá trị gia ",internet
315246920,CÔNG TY TNHH ĐẦU TƯ THƯƠNG MẠI DỊCH VỤ HÀ TÂM ANH,CÔNG TY TNHH ĐẦU TƯ THƯƠNG MẠI,Công ty trách nhiệm hữu hạn một thành viên,"513/24B Thống Nhất, Phường 16, Quận Gò Vấp, Thành phố Hồ Chí Minh, Việt Nam",Quận Gò Vấp,"4651: Bán buôn máy vi tính, thiết bị ngoại vi và phần mềm-Chi tiết: Bán buôn máy vi tính, thiết bị ngoại vi và phần mềm. Bán buôn linh kiện máy tính;4652: Bán buôn thiết bị và linh kiện điện tử, viễn ",internet
315247730,CÔNG TY TNHH THƯƠNG MẠI DỊCH VỤ SẢN XUẤT CÔNG NGHỆ CAO THIÊN PHÚC,CÔNG TY TNHH THƯƠNG MẠI DỊCH V,Công ty trách nhiệm hữu hạn hai thành viên trở lên,"Số 87 Đường số 7, Khu dân cư Cityland, Phường 7, Quận Gò Vấp, Thành phố Hồ Chí Minh, Việt Nam",Quận Gò Vấp,"9522: Sửa chữa thiết bị, đồ dùng gia đình-(trừ gia công cơ khí, tái chế phế thải, xi mạ điện tại trụ sở).;4649: Bán buôn đồ dùng khác cho gia đình-(trừ kinh doanh dược phẩm).;4651: Bán buôn máy vi tín",internet
315243327,CÔNG TY TNHH MỘT THÀNH VIÊN DỊCH VỤ INTERNET 269 COFFEE 24H,CÔNG TY TNHH MỘT THÀNH VIÊN DỊ,Công ty trách nhiệm hữu hạn một thành viên,"102/5 Lê Văn Thọ, Phường 11, Quận Gò Vấp, Thành phố Hồ Chí Minh, Việt Nam",Quận Gò Vấp,9329: Hoạt động vui chơi giải trí khác chưa được phân vào đâu-Chi tiết: Kinh doanh trò chơi điện tử  (trừ kinh doanh trò chơi có thưởng dành cho người nước ngoài và kinh doanh trò chơi điện tử có thưở,internet
315144911,CÔNG TY TNHH CÔNG NGHỆ MAI ANH,CÔNG TY TNHH CÔNG NGHỆ MAI ANH,Công ty trách nhiệm hữu hạn hai thành viên trở lên,"Số 8 Đường Số 18, Phường 8, Quận Gò Vấp, Thành phố Hồ Chí Minh, Việt Nam",Quận Gò Vấp,"4652: Bán buôn thiết bị và linh kiện điện tử, viễn thông-;4741: Bán lẻ máy vi tính, thiết bị ngoại vi, phần mềm và thiết bị viễn thông trong các cửa hàng chuyên doanh-;6201: Lập trình máy vi tính-;620",internet
315245500,CÔNG TY TNHH NOLAN VINA,CÔNG TY TNHH NOLAN VINA,Công ty trách nhiệm hữu hạn một thành viên,"154 Phạm Văn Chiêu, Phường 9, Quận Gò Vấp, Thành phố Hồ Chí Minh, Việt Nam",Quận Gò Vấp,"4649: Bán buôn đồ dùng khác cho gia đình-Chi tiết: Bán buôn thiết bị, dụng cụ nhà, đồ dùng nội thất trong nhà; Bán buôn mỹ phẩm. Bán buôn đồ điện gia dụng, đèn và bộ đèn điện.;4759: Bán lẻ đồ điện gia",internet
315276883,CÔNG TY TNHH HƯƠNG THẢO HƯƠNG,CÔNG TY TNHH HƯƠNG THẢO HƯƠNG,Công ty trách nhiệm hữu hạn một thành viên,"297/43/2 Phan Huy Ích, Phường 14, Quận Gò Vấp, Thành phố Hồ Chí Minh, Việt Nam",Quận Gò Vấp,"9511: Sửa chữa máy vi tính và thiết bị ngoại vi-;9512: Sửa chữa thiết bị liên lạc-;9521: Sửa chữa thiết bị nghe nhìn điện tử gia dụng-;9522: Sửa chữa thiết bị, đồ dùng gia đình-;9529: Sửa chữa xe đạp,",internet
315262249,CÔNG TY CỔ PHẦN DREAM MART,CÔNG TY CỔ PHẦN DREAM MART,Công ty cổ phần,"162/52 Nguyễn Văn Lượng, Phường 17, Quận Gò Vấp, Thành phố Hồ Chí Minh, Việt Nam",Quận Gò Vấp,"6311: Xử lý dữ liệu, cho thuê và các hoạt động liên quan-Chi tiết: Cho thuê hosting, domain; 4741: Bán lẻ máy vi tính, thiết bị ngoại vi, phần mềm và thiết bị viễn thông trong các cửa hàng chuyên doan",internet
315269533,CÔNG TY TNHH THỂ DỤC THỂ THAO TRƯỜNG GIANG,CÔNG TY TNHH THỂ DỤC THỂ THAO ,Công ty trách nhiệm hữu hạn một thành viên,"66/7 đường số 30, Phường 6, Quận Gò Vấp, Thành phố Hồ Chí Minh, Việt Nam",Quận Gò Vấp,8551: Giáo dục thể thao và giải trí-(trừ hoạt động của các sàn nhảy); 9311: Hoạt động của các cơ sở thể thao-Chi tiết: Kinh doanh dịch vụ hồ bơi;9312: Hoạt động của các câu lạc bộ thể thao-(trừ hoạt đ,internet
315270377,CÔNG TY TNHH DỊCH VỤ KỸ THUẬT QUANG ĐẠI,CÔNG TY TNHH DỊCH VỤ KỸ THUẬT ,Công ty trách nhiệm hữu hạn một thành viên,"18/7A, Đường Số 52, Phường 14, Quận Gò Vấp, Thành phố Hồ Chí Minh, Việt Nam",Quận Gò Vấp,"9511: Sửa chữa máy vi tính và thiết bị ngoại vi-;9512: Sửa chữa thiết bị liên lạc-;9521: Sửa chữa thiết bị nghe nhìn điện tử gia dụng-;9522: Sửa chữa thiết bị, đồ dùng gia đình-;6201: Lập trình máy vi",internet
315282541,CÔNG TY TNHH TƯ VẤN THIẾT KẾ TÂN KHÁNH PHÁT,CÔNG TY TNHH TƯ VẤN THIẾT KẾ T,Công ty trách nhiệm hữu hạn hai thành viên trở lên,"26/7 Đường số 7, Phường 3, Quận Gò Vấp, Thành phố Hồ Chí Minh, Việt Nam",Quận Gò Vấp,"0146: Chăn nuôi gia cầm-(không hoạt động tại trụ sở);0149: Chăn nuôi khác-(không hoạt động tại trụ sở);0150: Trồng trọt, chăn nuôi hỗn hợp-(không hoạt động tại trụ sở);0161: Hoạt động dịch vụ trồng tr",internet
315276587,CÔNG TY TNHH TINH DẦU THIÊN NHIÊN VŨ HƯƠNG,CÔNG TY TNHH TINH DẦU THIÊN NH,Công ty trách nhiệm hữu hạn một thành viên,"15/7/4 Đường số 19, Phường 8, Quận Gò Vấp, Thành phố Hồ Chí Minh, Việt Nam",Quận Gò Vấp,"4669: Bán buôn chuyên doanh khác chưa được phân vào đâu-Chi tiết: Bán buôn tinh dầu, hương liệu, đèn xông tinh dầu (không tồn trữ hóa chất);4772: Bán lẻ thuốc, dụng cụ y tế, mỹ phẩm và vật phẩm vệ sin",internet
315297410,CÔNG TY CỔ PHẦN XUẤT NHẬP KHẨU N.Đ.K,CÔNG TY CỔ PHẦN XUẤT NHẬP KHẨU,Công ty cổ phần,"711/53 Thống Nhất, Phường 13, Quận Gò Vấp, Thành phố Hồ Chí Minh, Việt Nam",Quận Gò Vấp,"4690: Bán buôn tổng hợp-(trừ bán buôn bình gas, khí dầu mỏ hóa lỏng LPG, dầu nhớt cặn, vàng miếng, súng, đạn loại dùng đi săn hoặc thể thao và tiền kim khí; trừ bán buôn hóa chất tại trụ sở; Thực hiện",internet
315288328,CÔNG TY TNHH DỊCH VỤ THƯƠNG MẠI TRÒ CHƠI CÔNG NGHỆ ĐIỆN TỬ ĐẠI THẮNG,CÔNG TY TNHH DỊCH VỤ THƯƠNG MẠ,Công ty trách nhiệm hữu hạn một thành viên,"679/57 Quang Trung , Phường 11, Quận Gò Vấp, Thành phố Hồ Chí Minh, Việt Nam",Quận Gò Vấp,"9329: Hoạt động vui chơi giải trí khác chưa được phân vào đâu-Chi tiết: dịch vụ vui chơi giải trí: bida, trò chơi điện tử, trò chơi dưới nước, trò chơi trên cạn, bơi lội (không kinh doanh đồ chơi có h",internet
315298904,CÔNG TY TNHH PHÚC THỊNH GAMES,CÔNG TY TNHH PHÚC THỊNH GAMES,Công ty trách nhiệm hữu hạn hai thành viên trở lên,"62 Nguyễn Thượng Hiền, Phường 1, Quận Gò Vấp, Thành phố Hồ Chí Minh, Việt Nam",Quận Gò Vấp,9329: Hoạt động vui chơi giải trí khác chưa được phân vào đâu-Chi tiết: Kinh doanh Dịch vụ trò chơi điện tử (trừ hoạt động sàn nhảy; trừ kinh doanh trò chơi điện tử có thưởng dành cho người nước ngoài,internet
315298862,CÔNG TY TNHH ĐẦU TƯ VÀ PHÁT TRIỂN SÔNG MÊKÔNG,CÔNG TY TNHH ĐẦU TƯ VÀ PHÁT TR,Công ty trách nhiệm hữu hạn một thành viên,"148/21 đường số 59, Phường 14, Quận Gò Vấp, Thành phố Hồ Chí Minh, Việt Nam",Quận Gò Vấp,"8230: Tổ chức giới thiệu và xúc tiến thương mại-chi tiết: tổ chức sự kiện, hội thảo, hội nghị (không thực hiện các hiệu ứng cháy, nổ; không sử dụng chất nổ, chất cháy, hóa chất làm đạo cụ, dụng cụ thự",internet
315308341,CÔNG TY TNHH THƯƠNG MẠI DỊCH VỤ INDMP,CÔNG TY TNHH THƯƠNG MẠI DỊCH V,Công ty trách nhiệm hữu hạn hai thành viên trở lên,"318/11/1 Thống Nhất, Phường 16, Quận Gò Vấp, Thành phố Hồ Chí Minh, Việt Nam",Quận Gò Vấp,"6399: Dịch vụ thông tin khác chưa được phân vào đâu-Chi tiết: Các dịch vụ thông tin qua điện thoại; Các dịch vụ tìm kiếm thông tin thông qua hợp đồng hay trên cơ sở phí;7490: Hoạt động chuyên môn, kho",internet
315307683,CÔNG TY TNHH DỊCH VỤ THƯƠNG MẠI ĐẦU TƯ QUỐC TẾ NGỌC VIỆT,CÔNG TY TNHH DỊCH VỤ THƯƠNG MẠ,Công ty trách nhiệm hữu hạn một thành viên,"13/5 Trương Minh Ký, Phường 13, Quận Gò Vấp, Thành phố Hồ Chí Minh, Việt Nam",Quận Gò Vấp,"8299: Hoạt động dịch vụ hỗ trợ kinh doanh khác còn lại chưa được phân vào đâu-chi tiết: Xuất nhập khẩu các mặt hàng công ty kinh doanh;4610: Đại lý, môi giới, đấu giá hàng hóa-Chi tiết: Đại lý, môi gi",internet
315307919,CÔNG TY TNHH TIẾP THỊ TÀI CHÍNH QUỐC TẾ,CÔNG TY TNHH TIẾP THỊ TÀI CH,Công ty trách nhiệm hữu hạn một thành viên,"140/17/13 Lê Đức Thọ, Phường 6, Quận Gò Vấp, Thành phố Hồ Chí Minh, Việt Nam",Quận Gò Vấp,"8230: Tổ chức giới thiệu và xúc tiến thương mại-Chi tiết: Tổ chức hội thảo, hội nghị; Dịch vụ xúc tiến thương mại (không thực hiện các hiệu ứng cháy nổ và cam kết không sử dụng chất nổ, chất cháy, hóa",internet
315209037,CÔNG TY TNHH THƯƠNG MẠI DỊCH VỤ HOA TƯỜNG AN,CÔNG TY TNHH THƯƠNG MẠI DỊCH V,Công ty trách nhiệm hữu hạn một thành viên,"689/27 - 29 Nguyễn Kiệm, Phường 3, Quận Gò Vấp, Thành phố Hồ Chí Minh, Việt Nam",Quận Gò Vấp,4773: Bán lẻ hàng hóa khác mới trong các cửa hàng chuyên doanh-chi tiết: Bán lẻ hoa tươi (thực hiện theo Quyết định số 64/2009/QÐ-UBND ngày 31/07/2009 và quyết định số 79/2009/QÐ-UBND ngày 17/10/2009 ,internet
315307757,CÔNG TY TNHH GIẢI PHÁP CÔNG NGHỆ NITS,CÔNG TY TNHH GIẢI PHÁP CÔNG ,Công ty trách nhiệm hữu hạn một thành viên,"33/12 Đường Số 12, Phường 11, Quận Gò Vấp, Thành phố Hồ Chí Minh, Việt Nam",Quận Gò Vấp,"6209: Hoạt động dịch vụ công nghệ thông tin và dịch vụ khác liên quan đến máy vi tính-(trừ kinh doanh dịch vụ truy cập internet);6311: Xử lý dữ liệu, cho thuê và các hoạt động liên quan-;6312: Cổng th",internet
316015669,CÔNG TY TNHH DƯƠNG GIA FASHION,CÔNG TY TNHH DƯƠNG GIA FASHION,Công ty trách nhiệm hữu hạn một thành viên,"Số 488/1/15 Phạm Văn Chiêu, Phường 16, Quận Gò Vấp, Thành phố Hồ Chí Minh, Việt Nam",Quận Gò Vấp,5210: Kho bãi và lưu giữ hàng hóa-Chi tiết: Lưu giữ hàng hóa (trừ kinh doanh kho bãi).;5224: Bốc xếp hàng hóa-(trừ bốc xếp hàng hóa cảng hàng không);5229: Hoạt động dịch vụ hỗ trợ khác liên quan đến v,internet
315223306,CÔNG TY TNHH THƯƠNG MẠI DỊCH VỤ TƯ VẤN MAXMASTER,CÔNG TY TNHH THƯƠNG MẠI DỊCH V,Công ty trách nhiệm hữu hạn một thành viên,"258 Phạm Ngũ Lão, Phường 7, Quận Gò Vấp, Thành phố Hồ Chí Minh, Việt Nam",Quận Gò Vấp,"4773: Bán lẻ hàng hóa khác mới trong các cửa hàng chuyên doanh-Chi tiết: Bán lẻ linh kiện điện tử, máy văn phòng: máy in, máy photo, fax;4791: Bán lẻ theo yêu cầu đặt hàng qua bưu điện hoặc internet-C",internet
315330530,CÔNG TY CỔ PHẦN ĐẦU TƯ SÀI GÒN PN,CÔNG TY CỔ PHẦN ĐẦU TƯ SÀI GÒN,Công ty cổ phần,"286/11 - Đường Thống Nhất, Phường 16, Quận Gò Vấp, Thành phố Hồ Chí Minh, Việt Nam",Quận Gò Vấp,"4669: Bán buôn chuyên doanh khác chưa được phân vào đâu-Chi tiết:
- Bán buôn thiết bị phòng cháy chữa cháy, camera quan sát, thiết bị chống sét, chống trộm, thiết bị tự động thông minh;
- Bán buôn tra",internet
315323815,CÔNG TY CỔ PHẦN THƯƠNG MẠI DỊCH VỤ XÂY DỰNG VÀ KỸ THUẬT ĐIỆN AN ĐẠT,CÔNG TY CỔ PHẦN THƯƠNG MẠI DỊC,Công ty cổ phần,"578/36/4 Lê Quang Định, Phường 1, Quận Gò Vấp, Thành phố Hồ Chí Minh, Việt Nam",Quận Gò Vấp,"4649: Bán buôn đồ dùng khác cho gia đình-chi tiết: bán buôn đồ điện gia dụng, đèn và bộ đèn điện; Bán buôn giường, tủ, bàn ghế và đồ dùng nội thất tương tự (trừ kinh doanh dược phẩm);4299: Xây dựng cô",internet
315328556,CÔNG TY TNHH GOLDEN SWORD,CÔNG TY TNHH GOLDEN SWORD,Công ty trách nhiệm hữu hạn một thành viên,"5/86A Lê Đức Thọ, Phường 15, Quận Gò Vấp, Thành phố Hồ Chí Minh, Việt Nam",Quận Gò Vấp,"1811: In ấn-;1812: Dịch vụ liên quan đến in-;4641: Bán buôn vải, hàng may mặc, giày dép-chi tiết: bán buôn vải; Bán buôn thảm, đệm, chăn, màn, rèm, ga trải giường, gối và hàng dệt khác; Bán buôn hàng ",internet
315374841,CÔNG TY TNHH ANH NGỮ CJ,CÔNG TY TNHH ANH NGỮ CJ,Công ty trách nhiệm hữu hạn một thành viên,"688/57/57 Đường Lê Đức Thọ, Phường 15, Quận Gò Vấp, Thành phố Hồ Chí Minh, Việt Nam",Quận Gò Vấp,"5820: Xuất bản phần mềm-chi tiết: Sản xuất phần mềm (trừ hoạt động xuất bản phẩm);4649: Bán buôn đồ dùng khác cho gia đình-Chi tiết: Bán buôn sách, báo, tạp chí, văn phòng phẩm.;1811: In ấn-;1812: Dịc",internet
315334870,CÔNG TY TNHH ARRINGTONS & CO.,CÔNG TY TNHH ARRINGTONS  CO,Công ty trách nhiệm hữu hạn một thành viên,"Số 91/12 Nguyễn Văn Nghi, Phường 7, Quận Gò Vấp, Thành phố Hồ Chí Minh, Việt Nam",Quận Gò Vấp,"2023: Sản xuất mỹ phẩm, xà phòng, chất tẩy rửa, làm bóng và chế phẩm vệ sinh-(không hoạt động tại trụ sở);3290: Sản xuất khác chưa được phân vào đâu-(không hoạt động tại trụ sở)
Chi tiết: Sản xuất nến",internet
315333612,CÔNG TY TNHH THỰC PHẨM KHANG NAM,CÔNG TY TNHH THỰC PHẨM KHANG N,Công ty trách nhiệm hữu hạn một thành viên,"130/22 Đường số 9, khu phố 7, Phường 9, Quận Gò Vấp, Thành phố Hồ Chí Minh, Việt Nam",Quận Gò Vấp,"8299: Hoạt động dịch vụ hỗ trợ kinh doanh khác còn lại chưa được phân vào đâu-chi tiết: xuất nhập khẩu các mặt hàng công ty kinh doanh;4711: Bán lẻ lương thực, thực phẩm, đồ uống, thuốc lá, thuốc lào ",internet
315342896,CÔNG TY TNHH THƯƠNG MẠI DỊCH VỤ PHỐ TÓC,CÔNG TY TNHH THƯƠNG MẠI DỊCH V,Công ty trách nhiệm hữu hạn một thành viên,"362/17 Phan Huy Ích, Phường 12, Quận Gò Vấp, Thành phố Hồ Chí Minh, Việt Nam",Quận Gò Vấp,"9631: Cắt tóc, làm đầu, gội đầu-;4610: Đại lý, môi giới, đấu giá hàng hóa-Chi tiết: Đại lý bán hàng hóa. Môi giới mua bán hàng hóa.; 4620: Bán buôn nông, lâm sản nguyên liệu (trừ gỗ, tre, nứa) và động",internet
315237718,CÔNG TY TNHH MTV DỊCH VỤ CÔNG NGHỆ GIA VÂN,CÔNG TY TNHH MTV DỊCH VỤ CÔNG ,Công ty trách nhiệm hữu hạn một thành viên,"12/8 Đường Số 11, Phường 11, Quận Gò Vấp, Thành phố Hồ Chí Minh, Việt Nam",Quận Gò Vấp,"7020: Hoạt động tư vấn quản lý-Chi tiết: Hoạt động tư vấn quản lý (trừ tư vấn tài chính, kế toán, pháp luật);7110: Hoạt động kiến trúc và tư vấn kỹ thuật có liên quan-;7490: Hoạt động chuyên môn, khoa",internet
315364106,CÔNG TY CỔ PHẦN GIVING POWER,CÔNG TY CỔ PHẦN GIVING POWER,Công ty cổ phần,"688/5 Lê Đức Thọ, Phường 15, Quận Gò Vấp, Thành phố Hồ Chí Minh, Việt Nam",Quận Gò Vấp,"4610: Đại lý, môi giới, đấu giá hàng hóa-Chi tiết: Đại lý, môi giới (trừ môi giới bất động sản);6399: Dịch vụ thông tin khác chưa được phân vào đâu-Chi tiết: Dịch vụ về marketting trên internet;7310: ",internet
315352044,CÔNG TY TNHH THƯƠNG MẠI DỊCH VỤ GO ADS,CÔNG TY TNHH THƯƠNG MẠI DỊCH V,Công ty trách nhiệm hữu hạn một thành viên,"167 Nguyễn Văn Lượng, Phường 10, Quận Gò Vấp, Thành phố Hồ Chí Minh, Việt Nam",Quận Gò Vấp,"6202: Tư vấn máy vi tính và quản trị hệ thống máy vi tính-;7320: Nghiên cứu thị trường và thăm dò dư luận-(trừ các loại thông tin Nhà Nước cấm và dịch vụ điều tra);4651: Bán buôn máy vi tính, thiết bị",internet
315353880,CÔNG TY TNHH QUẢNG CÁO VÀ SỰ KIỆN SAO ĐỒNG HÀNH,CÔNG TY TNHH QUẢNG CÁO VÀ SỰ K,Công ty trách nhiệm hữu hạn hai thành viên trở lên,"51/4 Thống Nhất, Phường 11, Quận Gò Vấp, Thành phố Hồ Chí Minh, Việt Nam",Quận Gò Vấp,"1811: In ấn-;1812: Dịch vụ liên quan đến in-;1820: Sao chép bản ghi các loại-;4610: Đại lý, môi giới, đấu giá hàng hóa-Chi tiết: Đại lý, môi giới hàng hóa;4649: Bán buôn đồ dùng khác cho gia đình-Chi ",internet
315373608,CÔNG TY TNHH ĐẦU TƯ THƯƠNG MẠI DỊCH VỤ KỸ THUẬT TRÍ VIỆT,CÔNG TY TNHH ĐẦU TƯ THƯƠNG MẠI,Công ty trách nhiệm hữu hạn một thành viên,"29 Đường số 17, Phường 11, Quận Gò Vấp, Thành phố Hồ Chí Minh, Việt Nam",Quận Gò Vấp,"4311: Phá dỡ-; 9511: Sửa chữa máy vi tính và thiết bị ngoại vi-(trừ gia công cơ khí, tái chế phế thải, xi mạ điện); 6209: Hoạt động dịch vụ công nghệ thông tin và dịch vụ khác liên quan đến máy vi tín",internet
315358198,CÔNG TY TNHH WEE,CÔNG TY TNHH WEE,Công ty trách nhiệm hữu hạn một thành viên,"56 Thích Bửu Đăng, Phường 1, Quận Gò Vấp, Thành phố Hồ Chí Minh, Việt Nam",Quận Gò Vấp,"6619: Hoạt động hỗ trợ dịch vụ tài chính chưa được phân vào đâu-Chi tiết: Hoạt động tư vấn đầu tư (trừ tư vấn tài chính, kế toán, luật);6820: Tư vấn, môi giới, đấu giá bất động sản, đấu giá quyền sử d",internet
315357028,CÔNG TY CỔ PHẦN OZ LEATHER,CÔNG TY CỔ PHẦN OZ LEATHER,Công ty cổ phần,"20 Đường Số 5, Phường 7, Quận Gò Vấp, Thành phố Hồ Chí Minh, Việt Nam",Quận Gò Vấp,"3290: Sản xuất khác chưa được phân vào đâu-Chi tiết: Sản xuất thảm lót sàn, áo bọc ghế xe hơi, phụ kiện khác dùng trong xe hơi;4530: Bán phụ tùng và các bộ phận phụ trợ của ô tô và xe có động cơ khác",internet
315266275,CÔNG TY TNHH THƯƠNG MẠI DỊCH VỤ GIẢI PHÁP NHÀ THÔNG MINH,CÔNG TY TNHH THƯƠNG MẠI DỊCH V,Công ty trách nhiệm hữu hạn một thành viên,"42 Đường số 9, Phường 16, Quận Gò Vấp, Thành phố Hồ Chí Minh, Việt Nam",Quận Gò Vấp,"9511: Sửa chữa máy vi tính và thiết bị ngoại vi-(không gia công cơ khí, tái chế phế thải, xi mạ điện tại trụ sở);9512: Sửa chữa thiết bị liên lạc-Chi tiết: Sửa chữa, bảo trì hệ thống chống trộm, camer",internet
315281964,CÔNG TY TNHH DỊCH VỤ KỸ THUẬT VTS,CÔNG TY TNHH DỊCH VỤ KỸ THUẬT ,Công ty trách nhiệm hữu hạn một thành viên,"5/41 Trương Đăng Quế, Phường 1, Quận Gò Vấp, Thành phố Hồ Chí Minh, Việt Nam",Quận Gò Vấp,"9521: Sửa chữa thiết bị nghe nhìn điện tử gia dụng-(trừ gia công cơ khí, tái chế phế thải, xi mạ điện tại trụ sở);9522: Sửa chữa thiết bị, đồ dùng gia đình-(trừ gia công cơ khí, tái chế phế thải, xi m",internet
315363198,CÔNG TY TNHH MỘT THÀNH VIÊN MINH KHUÊ COSMETIC,CÔNG TY TNHH MỘT THÀNH VIÊN MI,Công ty trách nhiệm hữu hạn một thành viên,"Số 22 Đường số 2 Khu dân cư Cityland Park Hills, Phường 10, Quận Gò Vấp, Thành phố Hồ Chí Minh, Việt Nam",Quận Gò Vấp,"4649: Bán buôn đồ dùng khác cho gia đình-Chi tiết: Bán buôn nước hoa, hàng mỹ phẩm và chế phẩm vệ sinh;;4632: Bán buôn thực phẩm-Chi tiết: Bán buôn thực phẩm chức năng;4772: Bán lẻ thuốc, dụng cụ y tế",internet
315364138,CÔNG TY TNHH NAM ANH VINH,CÔNG TY TNHH NAM ANH VINH,Công ty trách nhiệm hữu hạn hai thành viên trở lên,"Số 190, Đường số 3, Phường 9, Quận Gò Vấp, Thành phố Hồ Chí Minh, Việt Nam",Quận Gò Vấp,"4789: Bán  lẻ hàng hóa khác lưu động hoặc tại chợ-Chi tiết: Bán lẻ mỹ phẩm và vật phẩm vệ sinh lưu động hoặc tại chợ; Bán lẻ hàng gốm sứ, thủy tinh lưu động hoặc tại chợ; Bán lẻ hoa tươi, cây cảnh lưu",internet
315390988,CÔNG TY TNHH QUARTERSQUARE,CÔNG TY TNHH QUARTERSQUARE,Công ty trách nhiệm hữu hạn hai thành viên trở lên,"32/15 Đường số 9, Phường 9, Quận Gò Vấp, Thành phố Hồ Chí Minh, Việt Nam",Quận Gò Vấp,6209: Hoạt động dịch vụ công nghệ thông tin và dịch vụ khác liên quan đến máy vi tính-;6202: Tư vấn máy vi tính và quản trị hệ thống máy vi tính-;4101: Xây dựng nhà để ở-;4212: Xây dựng công trình đườ,internet
315373686,CÔNG TY TNHH CÔNG NGHỆ XANH TBT,CÔNG TY TNHH CÔNG NGHỆ XANH TB,Công ty trách nhiệm hữu hạn hai thành viên trở lên,"Nhà số 8, Đường số 2, KDC City Land, Phường 5, Quận Gò Vấp, Thành phố Hồ Chí Minh, Việt Nam",Quận Gò Vấp,"6820: Tư vấn, môi giới, đấu giá bất động sản, đấu giá quyền sử dụng đất-Chi tiết: Tư vấn, môi giới bất động sản (trừ tư vấn mang tính pháp lý);4321: Lắp đặt hệ thống điện-(trừ gia công cơ khí, tái chế",internet
315377200,CÔNG TY CỔ PHẦN VINATEKCOM,CÔNG TY CỔ PHẦN VINATEKCOM,Công ty cổ phần,"786B Nguyễn Kiệm, Phường 3, Quận Gò Vấp, Thành phố Hồ Chí Minh, Việt Nam",Quận Gò Vấp,"4659: Bán buôn máy móc, thiết bị và phụ tùng máy khác-;4663: Bán buôn vật liệu, thiết bị lắp đặt khác trong xây dựng-;4669: Bán buôn chuyên doanh khác chưa được phân vào đâu-chi tiết: Bán buôn xuất n",internet
315375348,CÔNG TY TNHH GONEXT VIỆT NAM,CÔNG TY TNHH GONEXT VIỆT NAM,Công ty trách nhiệm hữu hạn hai thành viên trở lên,"1264/45B Lê Đức Thọ, Phường 13, Quận Gò Vấp, Thành phố Hồ Chí Minh, Việt Nam",Quận Gò Vấp,"4321: Lắp đặt hệ thống điện-(không gia công cơ khí, tái chế phế thải, xi mạ điện tại trụ sở);4322: Lắp đặt hệ thống cấp, thoát nước, hệ thống sưởi và điều hoà không khí-(trừ lắp đặt các thiết bị điện ",internet
315427282,CÔNG TY TNHH THƯƠNG MẠI DỊCH VỤ PHÁT TRIỂN LAN ANH,CÔNG TY TNHH THƯƠNG MẠI DỊCH V,Công ty trách nhiệm hữu hạn hai thành viên trở lên,"Số 26 Đường số 04, Cityland Park Hills, Phường 10, Quận Gò Vấp, Thành phố Hồ Chí Minh, Việt Nam",Quận Gò Vấp,"4661: Bán buôn nhiên liệu rắn, lỏng, khí và các sản phẩm liên quan-Chi tiết: Bán buôn dầu nhờn, mỡ nhờn. (Trừ dầu nhớt cặn và khí dầu mỏ hóa lỏng LPG);4730: Bán lẻ nhiên liệu động cơ trong các cửa hàn",internet
315378645,CÔNG TY CỔ PHẦN THƯƠNG MẠI XÂY DỰNG PHONG VIỆT,CÔNG TY CỔ PHẦN THƯƠNG MẠI XÂY,Công ty cổ phần,"76 Đường Số 1, KDC Cityland, Phường 7, Quận Gò Vấp, Thành phố Hồ Chí Minh, Việt Nam",Quận Gò Vấp,"4520: Bảo dưỡng, sửa chữa ô tô và xe có động cơ khác-(không gia công cơ khí, tái chế phế thải, xi mạ điện tại trụ sở).;4530: Bán phụ tùng và các bộ phận phụ trợ của ô tô và xe có động cơ khác-;4541: B",internet
315374288,CÔNG TY TRÁCH NHIỆM HỮU HẠN TRE MO LO,CÔNG TY TRÁCH NHIỆM HỮU HẠN TR,Công ty trách nhiệm hữu hạn một thành viên,"17/1 Lê Đức Thọ, Phường 16, Quận Gò Vấp, Thành phố Hồ Chí Minh, Việt Nam",Quận Gò Vấp,"6311: Xử lý dữ liệu, cho thuê và các hoạt động liên quan-;5229: Hoạt động dịch vụ hỗ trợ khác liên quan đến vận tải-;4791: Bán lẻ theo yêu cầu đặt hàng qua bưu điện hoặc internet-(trừ bán lẻ bình gas,",internet
315377289,CÔNG TY TNHH CÓ TÂM,CÔNG TY TNHH CÓ TÂM,Công ty trách nhiệm hữu hạn hai thành viên trở lên,"736/192/23 Lê Đức Thọ, Phường 15, Quận Gò Vấp, Thành phố Hồ Chí Minh, Việt Nam",Quận Gò Vấp,5630: Dịch vụ phục vụ đồ uống-(trừ hoạt động quán bar và quán giải khát có khiêu vũ).;4669: Bán buôn chuyên doanh khác chưa được phân vào đâu-;4722: Bán lẻ thực phẩm trong các cửa hàng chuyên doanh-Ch,internet
315380958,CÔNG TY TNHH CISBOX SOFTWARE,CÔNG TY TNHH CISBOX SOFTWARE,Công ty trách nhiệm hữu hạn một thành viên,"311 đường số 8, Phường 11, Quận Gò Vấp, Thành phố Hồ Chí Minh, Việt Nam",Quận Gò Vấp,6201: Lập trình máy vi tính-Chi tiết: Sản xuất phần mềm (CPC 842);Doanh nghiệp có vốn đầu tư nước ngoài có trách nhiệm thực hiện thủ tục đầu tư theo quy định của Luật Đầu tư và Pháp luật có liên quan.,software
315404221,CÔNG TY TNHH ĐẦU TƯ VÀ THƯƠNG MẠI TVU,CÔNG TY TNHH ĐẦU TƯ VÀ THƯƠNG ,Công ty trách nhiệm hữu hạn hai thành viên trở lên,"465/42 Nguyễn Văn Công, Phường 3, Quận Gò Vấp, Thành phố Hồ Chí Minh, Việt Nam",Quận Gò Vấp,"4771: Bán lẻ hàng may mặc, giày dép, hàng da và giả da trong các cửa hàng chuyên doanh-;4620: Bán buôn nông, lâm sản nguyên liệu (trừ gỗ, tre, nứa) và động vật sống-(Không hoạt động tại trụ sở);4669: ",internet
315409766,CÔNG TY TNHH THƯƠNG MẠI DỊCH VỤ HOA ĐẠI DƯƠNG,CÔNG TY TNHH THƯƠNG MẠI DỊCH V,Công ty trách nhiệm hữu hạn một thành viên,"78B 4 Phạm Ngũ Lão, Phường 3, Quận Gò Vấp, Thành phố Hồ Chí Minh, Việt Nam",Quận Gò Vấp,"4773: Bán lẻ hàng hóa khác mới trong các cửa hàng chuyên doanh-chi tiết: Bán lẻ đồ thờ cúng và hàng hóa phục vụ mục đích tín ngưỡng khác; Bán lẻ hoa, hoa tươi, cành lá trang trí nhân tạo; Bán lẻ hoa q",internet
315309585,CÔNG TY TNHH DỊCH VỤ PHÒNG GAME TP GAMING,CÔNG TY TNHH DỊCH VỤ PHÒNG GAM,Công ty trách nhiệm hữu hạn một thành viên,"408 Lê Văn Thọ, Phường 16, Quận Gò Vấp, Thành phố Hồ Chí Minh, Việt Nam",Quận Gò Vấp,"6190: Hoạt động viễn thông khác-Chi tiết: Đại lý cung cấp dịch vụ truy cập internet, cung cấp dịch vụ trò chơi điện tử công cộng (Trừ kinh doanh trò chơi điện tử có thưởng dành cho người nước ngoài và",internet
315447419,CÔNG TY TNHH XUẤT NHẬP KHẨU NĂNG LƯỢNG VIÊN NGỌC XANH,CÔNG TY TNHH XUẤT NHẬP KHẨU NĂ,Công ty trách nhiệm hữu hạn một thành viên,"286/7 Nguyễn Oanh, Phường 17, Quận Gò Vấp, Thành phố Hồ Chí Minh, Việt Nam",Quận Gò Vấp,"4669: Bán buôn chuyên doanh khác chưa được phân vào đâu-Chi tiết:
- Bán buôn phế liệu (trừ phế liệu độc hại, phế thải nguy hại, phế liệu nhập khẩu gây ô nhiễm môi trường; không chứa phế liệu tại trụ s",internet
315398507,CÔNG TY TNHH DE REMTEM,CÔNG TY TNHH DE REMTEM,Công ty trách nhiệm hữu hạn một thành viên,"87/12B, Nguyễn Thái Sơn, Phường 4, Quận Gò Vấp, Thành phố Hồ Chí Minh, Việt Nam",Quận Gò Vấp,"7320: Nghiên cứu thị trường và thăm dò dư luận-Chi tiết: Điều tra thị trường tiềm năng, sự chấp nhận, tính liên quan của sản phẩm và thói quen mua sắm của người tiêu dùng cho mu",internet
315396450,CÔNG TY CỔ PHẦN AMANGON,CÔNG TY CỔ PHẦN AMANGON,Công ty cổ phần,"656/74/16 Quang Trung, Phường 11, Quận Gò Vấp, Thành phố Hồ Chí Minh, Việt Nam",Quận Gò Vấp,"1010: Chế biến, bảo quản thịt và các sản phẩm từ thịt-(trừ giết mổ gia súc, gia cầm);1020: Chế biến, bảo quản thuỷ sản và các sản phẩm từ thuỷ sản-;1030: Chế biến và bảo quản rau quả-;1040: Sản xuất d",internet
315418143,CÔNG TY TNHH CÔNG NGHỆ SINH HỌC MÔI TRƯỜNG KIÊN THẮNG,CÔNG TY TNHH CÔNG NGHỆ SINH HỌ,Công ty trách nhiệm hữu hạn một thành viên,"109/8/7 Đường Số 4, Phường 16, Quận Gò Vấp, Thành phố Hồ Chí Minh, Việt Nam",Quận Gò Vấp,8299: Hoạt động dịch vụ hỗ trợ kinh doanh khác còn lại chưa được phân vào đâu-chi tiết: Xuất nhập khẩu các mặt hàng Công ty kinh doanh;8292: Dịch vụ đóng gói-(trừ đóng gói thuốc bảo vệ thực vật).;3821,internet
315322667,CÔNG TY TNHH DỊCH VỤ TÀI CHÍNH FAST EASY,CÔNG TY TNHH DỊCH VỤ TÀI CHÍNH,Công ty trách nhiệm hữu hạn một thành viên,"102/19/2A Lê Văn Thọ, Phường 11, Quận Gò Vấp, Thành phố Hồ Chí Minh, Việt Nam",Quận Gò Vấp,8220: Hoạt động dịch vụ liên quan đến các cuộc gọi-;8299: Hoạt động dịch vụ hỗ trợ kinh doanh khác còn lại chưa được phân vào đâu-Chi tiết: Dịch vụ thương mại điện tử;8560: Dịch vụ hỗ trợ giáo dục-;95,internet
315420777,CÔNG TY TNHH LÊ DANH SÀI GÒN,CÔNG TY TNHH LÊ DANH SÀI GÒN,Công ty trách nhiệm hữu hạn hai thành viên trở lên,"164/44/2 Bùi Quang Là, Phường 12, Quận Gò Vấp, Thành phố Hồ Chí Minh, Việt Nam",Quận Gò Vấp,"4669: Bán buôn chuyên doanh khác chưa được phân vào đâu-Chi tiết: Bán buôn chuyên doanh khác chưa được phân vào đâu (trừ bán buôn bình gas, khí dầu mỏ hóa lỏng LPG, dầu nhớt cặn, vàng miếng, súng, đạn",internet
315327471,CÔNG TY CỔ PHẦN VIỄN THÔNG QUANG THẮNG,CÔNG TY CỔ PHẦN VIỄN THÔNG QUA,Công ty cổ phần,"435/26 Thống Nhất, Phường 11, Quận Gò Vấp, Thành phố Hồ Chí Minh, Việt Nam",Quận Gò Vấp,"4659: Bán buôn máy móc, thiết bị và phụ tùng máy khác-Chi tiết : án buôn máy móc, thiết bị điện, vật liệu điện (máy phát điện, động cơ điện, dây điện và thiết bị khác dùng trong mạch điện ). Bán buôn ",internet
315421682,CÔNG TY CỔ PHẦN ĐẦU TƯ GREEN FINANCE GLOBAL,CÔNG TY CỔ PHẦN ĐẦU TƯ GREEN F,Công ty cổ phần,"519/18/10 Đường Số 10, Phường 8, Quận Gò Vấp, Thành phố Hồ Chí Minh, Việt Nam",Quận Gò Vấp,"7730: Cho thuê máy móc, thiết bị và đồ dùng hữu hình khác không kèm người điều khiển-Chi tiết: Cho thuê máy móc, thiết bị nông, lâm nghiệp; máy móc, thiết bị xây dựng; máy móc, thiết bị văn phòng (kể ",internet
315340708,CÔNG TY TNHH CHENXING BINGO,CÔNG TY TNHH CHENXING BINGO,Công ty trách nhiệm hữu hạn một thành viên,"41/45/11 Đường số 3, Phường 9, Quận Gò Vấp, Thành phố Hồ Chí Minh, Việt Nam",Quận Gò Vấp,7410: Hoạt động thiết kế chuyên dụng-(trừ thiết kế công trình xây dựng).;7310: Quảng cáo-;7320: Nghiên cứu thị trường và thăm dò dư luận-(trừ các loại thông tin Nhà Nước cấm và dịch vụ điều tra);4649:,internet
315341204,CÔNG TY TNHH GIẢI PHÁP VIỄN THÔNG Á ÂU,CÔNG TY TNHH GIẢI PHÁP VIỄN TH,Công ty trách nhiệm hữu hạn một thành viên,"488/24/17 Phạm Văn Chiêu, Phường 16, Quận Gò Vấp, Thành phố Hồ Chí Minh, Việt Nam",Quận Gò Vấp,"4659: Bán buôn máy móc, thiết bị và phụ tùng máy khác-Chi tiết: Bán buôn máy móc, thiết bị hệ thống camera quan sát, hệ thống báo động, chống trộm. Bán buôn máy móc, thiết bị điện, vật liệu điện (máy ",internet
315452659,CÔNG TY TNHH SẢN XUẤT VÀ THƯƠNG MẠI THẾ GIỚI XANH,CÔNG TY TNHH SẢN XUẤT VÀ THƯƠN,Công ty trách nhiệm hữu hạn hai thành viên trở lên,"81/2A Huỳnh Văn Nghệ, Phường 12, Quận Gò Vấp, Thành phố Hồ Chí Minh, Việt Nam",Quận Gò Vấp,"4620: Bán buôn nông, lâm sản nguyên liệu (trừ gỗ, tre, nứa) và động vật sống-Chi tiết: Bán buôn hạt giống, cây giống, quả có dầu; Bán buôn hoa (không hoạt động tại trụ sở) và cây;0131: Nhân và chăm só",internet
315437724,CÔNG TY TNHH NAM GROUP,CÔNG TY TNHH NAM GROUP,Công ty trách nhiệm hữu hạn hai thành viên trở lên,"379/52/8 Quang Trung, Phường 10, Quận Gò Vấp, Thành phố Hồ Chí Minh, Việt Nam",Quận Gò Vấp,"5630: Dịch vụ phục vụ đồ uống-Chi tiết: Quán cà phê, giải khát (trừ hoạt động quán bar và quán giải khát có khiêu vũ);5820: Xuất bản phần mềm-Chi tiết: Sản xuất phần mềm.;6201: Lập trình máy vi tính-C",internet
315439062,CÔNG TY CỔ PHẦN THƯƠNG MẠI - XÂY DỰNG - CƠ ĐIỆN THÀNH PHÁT,CÔNG TY CỔ PHẦN THƯƠNG MẠI  XÂ,Công ty cổ phần,"1178/42C Lê Đức Thọ, Phường 13, Quận Gò Vấp, Thành phố Hồ Chí Minh, Việt Nam",Quận Gò Vấp,"4659: Bán buôn máy móc, thiết bị và phụ tùng máy khác-Chi tiết: Bán buôn máy móc, thiết bị điện, vật liệu điện (máy phát điện, động cơ điện, dây điện và thiết bị dùng trong mạch điện). Bán buôn dụng c",internet
315432444,CÔNG TY TNHH  THƯƠNG MẠI THIÊN ẤN BIO,CÔNG TY TNHH  THƯƠNG MẠI THIÊN,Công ty trách nhiệm hữu hạn hai thành viên trở lên,"857/8 Nguyễn Kiệm, Phường 3, Quận Gò Vấp, Thành phố Hồ Chí Minh, Việt Nam",Quận Gò Vấp,4791: Bán lẻ theo yêu cầu đặt hàng qua bưu điện hoặc internet-Chi tiết: bán lẻ theo yêu cầu đặt hàng qua bưu điện hoặc internet (trừ kinh doanh khí dầu mỏ hóa lỏng LPG; không tồn trữ hóa chất; và thực,internet
6001603403,CÔNG TY TNHH BẢO NGỌC COMMERCE,CÔNG TY TNHH BẢO NGỌC COMMERCE,Công ty trách nhiệm hữu hạn một thành viên,"Số nhà 237/65/27 Phạm Văn Chiêu, Phường 14, Quận Gò Vấp, Thành phố Hồ Chí Minh, Việt Nam",Quận Gò Vấp,"5510: Dịch vụ lưu trú ngắn ngày-Chi tiết: Kinh doanh dịch vụ khách sạn;4932: Vận tải hành khách đường bộ khác-;4329: Lắp đặt hệ thống xây dựng khác-Chi tiết: Lắp đặt hệ thống phòng cháy chữa cháy, báo",internet
315425052,CÔNG TY TNHH PHÁT TRIỂN GIÁO DỤC HIỀN TÀI,CÔNG TY TNHH PHÁT TRIỂN GIÁO D,Công ty trách nhiệm hữu hạn một thành viên,"785/5 Nguyễn Kiệm, Phường 3, Quận Gò Vấp, Thành phố Hồ Chí Minh, Việt Nam",Quận Gò Vấp,8559: Giáo dục khác chưa được phân vào đâu-Chi tiết: Dịch vụ dạy kèm (gia sư); Dạy ngoại ngữ và dạy kỹ năng đàm thoại; Dạy máy tính; Đào tạo kỹ năng sống (trừ dạy về tôn giáo; các trường của các tổ ch,internet
314847647,CÔNG TY TNHH GBY VIỆT NAM,CÔNG TY TNHH GBY VIỆT NAM,Công ty trách nhiệm hữu hạn một thành viên,"776/56 Phạm Văn Bạch, Phường 12, Quận Gò Vấp, Thành phố Hồ Chí Minh, Việt Nam",Quận Gò Vấp,"4322: Lắp đặt hệ thống cấp, thoát nước, lò sưởi và điều hoà không khí-( trừ gia công cơ khí, tái chế phế thải, xi mạ điện tại trụ sở ) ( trừ lắp đặt các thiết bị lạnh (thiết bị cấp đông, kho lạnh, máy",internet
314861232,CÔNG TY TNHH THƯƠNG MẠI NGÂN PHÚ THỊNH,CÔNG TY TNHH THƯƠNG MẠI NGÂN P,Công ty trách nhiệm hữu hạn hai thành viên trở lên,"220/36/10 Đường số 10, Phường 9, Quận Gò Vấp, Thành phố Hồ Chí Minh, Việt Nam",Quận Gò Vấp,"4669: Bán buôn chuyên doanh khác chưa được phân vào đâu-Chi tiết: Bán buôn tem, nhãn, decal, các loại.;6201: Lập trình máy vi tính-;7490: Hoạt động chuyên môn, khoa học và công nghệ khác chưa được phâ",internet
314865068,CÔNG TY TNHH CERES VENUS,CÔNG TY TNHH CERES VENUS,Công ty trách nhiệm hữu hạn một thành viên,"5/18/10 Trương Đăng Quế, Phường 1, Quận Gò Vấp, Thành phố Hồ Chí Minh, Việt Nam",Quận Gò Vấp,"4651: Bán buôn máy vi tính, thiết bị ngoại vi và phần mềm-;6820: Tư vấn, môi giới, đấu giá bất động sản, đấu giá quyền sử dụng đất-Chi tiết: Môi giới bất động sản. Tư vấn và quản lý bất động sản (trừ ",internet
314863303,CÔNG TY TNHH CCSH,CÔNG TY TNHH CCSH,Công ty trách nhiệm hữu hạn một thành viên,"Số 2 Đường số 2, Khu dân cư Cityland Center Hills, Phường 7, Quận Gò Vấp, Thành phố Hồ Chí Minh, Việt Nam",Quận Gò Vấp,"1075: Sản xuất món ăn, thức ăn chế biến sẵn-;1079: Sản xuất thực phẩm khác chưa được phân vào đâu-;8230: Tổ chức giới thiệu và xúc tiến thương mại-(không thực hiện các hiệu ứng cháy, nổ; không sử dụng",internet
314868816,CÔNG TY TNHH XD-TM-DV VĨNH THANH,CÔNG TY TNHH XDTMDV VĨNH THANH,Công ty trách nhiệm hữu hạn một thành viên,"7/2A An Hội, Phường 13, Quận Gò Vấp, Thành phố Hồ Chí Minh, Việt Nam",Quận Gò Vấp,"4663: Bán buôn vật liệu, thiết bị lắp đặt khác trong xây dựng-Chi tiết: bán buôn đất, đá, xi măng, gạch, đá ốp lát, vật liệu khác trong xây dựng và trang trí nội thất.;4669: Bán buôn chuyên doanh khác",internet
314867876,CÔNG TY TNHH TRUYỀN THÔNG KAIMEN,CÔNG TY TNHH TRUYỀN THÔNG KAIM,Công ty trách nhiệm hữu hạn hai thành viên trở lên,"236 Phan Huy Ích, Phường 12, Quận Gò Vấp, Thành phố Hồ Chí Minh, Việt Nam",Quận Gò Vấp,"4669: Bán buôn chuyên doanh khác chưa được phân vào đâu-(trừ bán buôn bình gas, khí dầu mỏ hóa lỏng LPG, dầu nhớt cặn, vàng miếng, súng, đạn loại dùng đi săn hoặc thể thao và tiền kim khí; trừ bán buô",internet
314877472,CÔNG TY TNHH SẢN XUẤT - THƯƠNG MẠI - XUẤT NHẬP KHẨU GIA NGUYỄN,CÔNG TY TNHH SẢN XUẤT  THƯƠNG ,Công ty trách nhiệm hữu hạn hai thành viên trở lên,"350/66 Đường Lê Đức Thọ, Phường 6, Quận Gò Vấp, Thành phố Hồ Chí Minh, Việt Nam",Quận Gò Vấp,"4641: Bán buôn vải, hàng may sẵn, giày dép-Chi tiết: Bán buôn hàng dệt, quần áo và hàng may sẵn khác, giày dép; - Bán buôn vải dệt thoi, dệt kim đan móc, các loại vải dệt đặc biệt khác; - Bán buôn thả",internet
314886371,CÔNG TY TNHH PHI LONG ASIA,CÔNG TY TNHH PHI LONG ASIA,Công ty trách nhiệm hữu hạn một thành viên,"67/3B Đường Số 4, Phường 16, Quận Gò Vấp, Thành phố Hồ Chí Minh, Việt Nam",Quận Gò Vấp,"2610: Sản xuất linh kiện điện tử-;2620: Sản xuất máy vi tính và thiết bị ngoại vi của máy vi tính-;2640: Sản xuất sản phẩm điện tử dân dụng-;3312: Sửa chữa máy móc, thiết bị-;3320: Lắp đặt máy móc và ",internet
315383652,CÔNG TY CP  SAGICORN,CÔNG TY CP  SAGICORN,Công ty cổ phần,"194/3 Trần Bá Giao, Phường 5, Quận Gò Vấp, Thành phố Hồ Chí Minh, Việt Nam",Quận Gò Vấp,"7310: Quảng cáo-;8230: Tổ chức giới thiệu và xúc tiến thương mại-(không thực hiện các hiệu ứng cháy, nổ; không sử dụng chất nổ, chất cháy, hóa chất làm đạo cụ, dụng cụ thực hiện các chương trình văn n",internet
315385145,CÔNG TY CỔ PHẦN ĐẦU TƯ GREENHOME,CÔNG TY CỔ PHẦN ĐẦU TƯ GREENHO,Công ty cổ phần,"184 Nguyễn Văn Công, Phường 3, Quận Gò Vấp, Thành phố Hồ Chí Minh, Việt Nam",Quận Gò Vấp,"4791: Bán lẻ theo yêu cầu đặt hàng qua bưu điện hoặc internet-(trừ bán lẻ bình gas, khí dầu mỏ hóa lỏng LPG, dầu nhớt cặn, vàng miếng, súng, đạn loại dùng đi săn hoặc thể thao và tiền kim khí; trừ bán",internet
314894478,CÔNG TY TNHH XD-TM-DV MINH QUÂN SÀI GÒN,CÔNG TY TNHH XDTMDV MINH QUÂN ,Công ty trách nhiệm hữu hạn hai thành viên trở lên,"872/91 Quang Trung, Phường 8, Quận Gò Vấp, Thành phố Hồ Chí Minh, Việt Nam",Quận Gò Vấp,"4329: Lắp đặt hệ thống xây dựng khác-Chi tiết: Lắp đặt hệ thống báo cháy, chữa cháy, hệ thống camera quan sát, hệ thống trả lời tự động; lắp đặt hệ thống chống sét công trình dân dụng và công nghiệp; ",internet
314944400,CÔNG TY TNHH RNW,CÔNG TY TNHH RNW,Công ty trách nhiệm hữu hạn một thành viên,"15 Đường số 2, Khu Dân Cư CityLand, Phường 5, Quận Gò Vấp, Thành phố Hồ Chí Minh, Việt Nam",Quận Gò Vấp,"8299: Hoạt động dịch vụ hỗ trợ kinh doanh khác còn lại chưa được phân vào đâu-Chi tiết: Dịch vụ thương mại điện tử;4651: Bán buôn máy vi tính, thiết bị ngoại vi và phần mềm-;4652: Bán buôn thiết bị và",internet
314951912,CÔNG TY TNHH ĐÀO TẠO HỌC VIÊN NEO,CÔNG TY TNHH ĐÀO TẠO HỌC VIÊN ,Công ty trách nhiệm hữu hạn một thành viên,"409/5 Nguyễn Oanh, Phường 17, Quận Gò Vấp, Thành phố Hồ Chí Minh, Việt Nam",Quận Gò Vấp,"9631: Cắt tóc, làm đầu, gội đầu-Chi tiết: Cắt tóc, gội đầu, uốn, sấy, nhuộm tóc, duỗi thẳng, ép tóc và các dịch vụ làm tóc khác phục vụ cả nam và nữ; Cắt, tỉa và cạo râu; Massage mặt, làm móng chân, m",internet
315402591,CÔNG TY TNHH ACN GROUP,CÔNG TY TNHH ACN GROUP,Công ty trách nhiệm hữu hạn một thành viên,"1264/47/14 Lê Đức Thọ, Phường 13, Quận Gò Vấp, Thành phố Hồ Chí Minh, Việt Nam",Quận Gò Vấp,"3319: Sửa chữa thiết bị khác-Chi tiết: Sửa chữa hệ thống viễn thông, hệ thống mạng cáp quang, hệ thống mạng internet, hệ thống phòng cháy, chữa cháy, hệ thống camera, hệ thống điện lạnh (trừ gia công ",internet
314999657,CÔNG TY TNHH THƯƠNG MẠI DỊCH VỤ VẬN TẢI XÂY DỰNG NAM GIANG PHÁT,CÔNG TY TNHH THƯƠNG MẠI DỊCH V,Công ty trách nhiệm hữu hạn hai thành viên trở lên,"91/101 Phạm Văn Chiêu, Phường 14, Quận Gò Vấp, Thành phố Hồ Chí Minh, Việt Nam",Quận Gò Vấp,7110: Hoạt động kiến trúc và tư vấn kỹ thuật có liên quan-Chi tiết: Thiết kế xây dựng công trình dân dụng và công nghiệp; Giám sát tổ chức xây dựng công trình dân dụng và công nghiệp.;4742: Bán lẻ thi,internet
315414357,CÔNG TY TNHH CÔNG NGHỆ NAMIT,CÔNG TY TNHH CÔNG NGHỆ NAMIT,Công ty trách nhiệm hữu hạn một thành viên,"Số 134/3 Đường số 1, Phường 16, Quận Gò Vấp, Thành phố Hồ Chí Minh, Việt Nam",Quận Gò Vấp,6312: Cổng thông tin-Chi tiết: Thiết lập trang thông tin điện tử tổng hợp.;6190: Hoạt động viễn thông khác-Chi tiết: Dịch vụ viễn thông giá trị gia tăng; Dịch vụ truy cập internet;6201: Lập trình máy ,internet
315036899,CÔNG TY CỔ PHẦN CROWDBIZ,CÔNG TY CỔ PHẦN CROWDBIZ,Công ty cổ phần,"Số 71, Đường số 7, Khu Dân Cư Cityland, Phường 7, Quận Gò Vấp, Thành phố Hồ Chí Minh, Việt Nam",Quận Gò Vấp,"4651: Bán buôn máy vi tính, thiết bị ngoại vi và phần mềm-;6329: Dịch vụ thông tin khác chưa được phân vào đâu-(trừ các dịch vụ cắt xén thông tin, báo chí);7110: Hoạt động kiến trúc và tư vấn kỹ thuật",internet
315084645,CÔNG TY TNHH PHÁT TRIỂN THƯƠNG MẠI KHANG VY,CÔNG TY TNHH PHÁT TRIỂN THƯƠNG,Công ty trách nhiệm hữu hạn hai thành viên trở lên,"80/28/115 Dương Quảng Hàm, Phường 5, Quận Gò Vấp, Thành phố Hồ Chí Minh, Việt Nam",Quận Gò Vấp,"4321: Lắp đặt hệ thống điện-chi tiết: Lắp đặt dây dẫn và thiết bị điện, đường dây thông tin liên lạc, mạng máy tính và dây cáp truyền hình bao gồm cả cáp quang học, hệ thống chiếu sang, chuông báo chá",internet
315108423,CÔNG TY TNHH DỊCH VỤ - THƯƠNG MẠI -SẢN XUẤT VẠN BÌNH AN,CÔNG TY TNHH DỊCH VỤ  THƯƠNG M,Công ty trách nhiệm hữu hạn một thành viên,"237/98/64 Phạm Văn Chiêu, Phường 14, Quận Gò Vấp, Thành phố Hồ Chí Minh, Việt Nam",Quận Gò Vấp,"9522: Sửa chữa thiết bị, đồ dùng gia đình-;2610: Sản xuất linh kiện điện tử-;2630: Sản xuất thiết bị truyền thông-;2640: Sản xuất sản phẩm điện tử dân dụng-;2651: Sản xuất thiết bị đo lường, kiểm tra,",internet
315107885,CÔNG TY TNHH AN TÂN GROUP,CÔNG TY TNHH AN TÂN GROUP,Công ty trách nhiệm hữu hạn một thành viên,"271 DƯƠNG QUẢNG HÀM, Phường 6, Quận Gò Vấp, Thành phố Hồ Chí Minh, Việt Nam",Quận Gò Vấp,"4649: Bán buôn đồ dùng khác cho gia đình-Chi tiết: Bán buôn vali, cặp, túi, ví, hàng da và giả da khác; Bán buôn nước hoa, hàng mỹ phẩm và chế phẩm vệ sinh; Bán buôn hàng gốm, sứ, thủy tinh; Bán buôn ",internet
315113800,CÔNG TY TNHH MEGATECH STAR,CÔNG TY TNHH MEGATECH STAR,Công ty trách nhiệm hữu hạn một thành viên,"345/21/10 Nguyễn Văn Công, Phường 3, Quận Gò Vấp, Thành phố Hồ Chí Minh, Việt Nam",Quận Gò Vấp,5210: Kho bãi và lưu giữ hàng hóa-Chi tiết: Lưu giữ hàng hóa (trừ kinh doanh kho bãi).;5229: Hoạt động dịch vụ hỗ trợ khác liên quan đến vận tải-Chi tiết: Dịch vụ giao nhận hàng hóa (trừ hóa lỏng khí ,internet
315158463,CÔNG TY TNHH THƯƠNG MẠI DỊCH VỤ XUẤT NHẬP KHẨU TRÂM HUỲNH,CÔNG TY TNHH THƯƠNG MẠI DỊCH V,Công ty trách nhiệm hữu hạn một thành viên,"385/8 Lê Văn Thọ, Phường 9, Quận Gò Vấp, Thành phố Hồ Chí Minh, Việt Nam",Quận Gò Vấp,"4741: Bán lẻ máy vi tính, thiết bị ngoại vi, phần mềm và thiết bị viễn thông trong các cửa hàng chuyên doanh-;4742: Bán lẻ thiết bị nghe nhìn trong các cửa hàng chuyên doanh-;4791: Bán lẻ theo yêu cầu",internet
315159509,CÔNG TY TNHH EGLI AG PROCESS TECHNOLOGY,CÔNG TY TNHH EGLI AG PROCESS T,Công ty trách nhiệm hữu hạn một thành viên,"318/78 Thống Nhất, Phường 16, Quận Gò Vấp, Thành phố Hồ Chí Minh, Việt Nam",Quận Gò Vấp,"4641: Bán buôn vải, hàng may sẵn, giày dép-chi tiết: bán buôn hàng may mặc, quần áo, giày dép thời trang;4771: Bán lẻ hàng may mặc, giày dép, hàng da và giả da trong các cửa hàng chuyên doanh-chi tiết",technology
315160631,CÔNG TY TNHH ICARE24H.VN,CÔNG TY TNHH ICARE24HVN,Công ty trách nhiệm hữu hạn hai thành viên trở lên,"242 Nguyễn Thái Sơn, Phường 4, Quận Gò Vấp, Thành phố Hồ Chí Minh, Việt Nam",Quận Gò Vấp,"6619: Hoạt động hỗ trợ dịch vụ tài chính chưa được phân vào đâu-Chi tiết: Tư vấn đầu tư (không bao gồm tư vấn tài chính, kế toán, pháp luật, thuế, kiểm toán, chứng khoán);6820: Tư vấn, môi giới, đấu g",internet
315436311,CÔNG TY TNHH DR.OH BỆNH VIỆN ĐA KHOA BỎ TÚI,CÔNG TY TNHH DROH BỆNH VIỆN ĐA,Công ty trách nhiệm hữu hạn hai thành viên trở lên,"32/2 Thống Nhất, Phường 10, Quận Gò Vấp, Thành phố Hồ Chí Minh, Việt Nam",Quận Gò Vấp,5820: Xuất bản phần mềm-chi tiết: Sản xuất phần mềm (CPC 842);6201: Lập trình máy vi tính-(CPC 842);6202: Tư vấn máy vi tính và quản trị hệ thống máy vi tính-(CPC 842);6209: Hoạt động dịch vụ công ngh,internet
315184897,CÔNG TY TNHH TIHI STORE,CÔNG TY TNHH TIHI STORE,Công ty trách nhiệm hữu hạn hai thành viên trở lên,"21 Trường Đăng Quế, Phường 1, Quận Gò Vấp, Thành phố Hồ Chí Minh, Việt Nam",Quận Gò Vấp,"4651: Bán buôn máy vi tính, thiết bị ngoại vi và phần mềm-;4652: Bán buôn thiết bị và linh kiện điện tử, viễn thông-;4659: Bán buôn máy móc, thiết bị và phụ tùng máy khác-Chi tiết: Bán buôn máy móc, p",internet
315187263,CÔNG TY TNHH GAME GIẢI TRÍ THẠCH ĐÀ,CÔNG TY TNHH GAME GIẢI TRÍ THẠ,Công ty trách nhiệm hữu hạn một thành viên,"212 Đường Số 3, Phường 9, Quận Gò Vấp, Thành phố Hồ Chí Minh, Việt Nam",Quận Gò Vấp,"9511: Sửa chữa máy vi tính và thiết bị ngoại vi-(trừ gia công cơ khí, tái chế phế thải, xi mạ điện tại trụ sở);9329: Hoạt động vui chơi giải trí khác chưa được phân vào đâu-Chi tiết: Kinh doanh trò ch",internet
315448596,CÔNG TY TNHH XUẤT NHẬP KHẨU  NĂNG LƯỢNG THIỆN PHÁT,CÔNG TY TNHH XUẤT NHẬP KHẨU  N,Công ty trách nhiệm hữu hạn một thành viên,"1261/15 Lê Đức Thọ, Phường 13, Quận Gò Vấp, Thành phố Hồ Chí Minh, Việt Nam",Quận Gò Vấp,"4659: Bán buôn máy móc, thiết bị và phụ tùng máy khác-;4641: Bán buôn vải, hàng may mặc, giày dép-;4511: Bán buôn ô tô và xe có động cơ khác-;4530: Bán phụ tùng và các bộ phận phụ trợ của ô tô và xe c",internet
315222119,CÔNG TY TNHH THƯƠNG MẠI THỜI TRANG SUNNY,CÔNG TY TNHH THƯƠNG MẠI THỜI T,Công ty trách nhiệm hữu hạn hai thành viên trở lên,"105/23 Nguyễn Tư Giản, Phường 12, Quận Gò Vấp, Thành phố Hồ Chí Minh, Việt Nam",Quận Gò Vấp,"4771: Bán lẻ hàng may mặc, giày dép, hàng da và giả da trong các cửa hàng chuyên doanh-;4782: Bán lẻ hàng dệt, may sẵn, giày dép lưu động hoặc tại chợ-;4719: Bán lẻ khác trong các cửa hàng kinh doanh ",internet
315261478,CÔNG TY TNHH  TRUYỀN THÔNG BAMBOONET,CÔNG TY TNHH  TRUYỀN THÔNG BAM,Công ty trách nhiệm hữu hạn một thành viên,"43/5/17 Đường số 10, Phường 8, Quận Gò Vấp, Thành phố Hồ Chí Minh, Việt Nam",Quận Gò Vấp,"6120: Hoạt động viễn thông không dây-(trừ cung cấp dịch vụ truy cập, truy nhập internet tại trụ sở).;6190: Hoạt động viễn thông khác-;6201: Lập trình máy vi tính-;6202: Tư vấn máy vi tính và quản trị ",internet
315383067,CÔNG TY TNHH KỸ THUẬT VÀ XÂY DỰNG DTK,CÔNG TY TNHH KỸ THUẬT VÀ XÂY D,Công ty trách nhiệm hữu hạn hai thành viên trở lên,"566/80/27A đường Nguyễn Thái Sơn, Phường 5, Quận Gò Vấp, Thành phố Hồ Chí Minh, Việt Nam",Quận Gò Vấp,"4299: Xây dựng công trình kỹ thuật dân dụng khác-;4311: Phá dỡ-;4321: Lắp đặt hệ thống điện-;4322: Lắp đặt hệ thống cấp, thoát nước, hệ thống sưởi và điều hoà không khí-;4659: Bán buôn máy móc, thiết ",internet
315433159,CÔNG TY TNHH AD.MART VINA,CÔNG TY TNHH ADMART VINA,Công ty trách nhiệm hữu hạn hai thành viên trở lên,"1230 Quang Trung, Phường 8, Quận Gò Vấp, Thành phố Hồ Chí Minh, Việt Nam",Quận Gò Vấp,"4633: Bán buôn đồ uống-Chi tiết: Bán buôn đồ uống có cồn và đồ uống không có cồn (CPC 622, 61111, 6113, 6121);4669: Bán buôn chuyên doanh khác chưa được phân vào đâu-(trừ bán buôn bình gas, khí dầu mỏ",internet
315461692,CÔNG TY TNHH THƯƠNG MẠI DỊCH VỤ HOÀNG NHẬT AUTO,CÔNG TY TNHH THƯƠNG MẠI DỊCH V,Công ty trách nhiệm hữu hạn một thành viên,"1165 Lê Đức Thọ, Phường 13, Quận Gò Vấp, Thành phố Hồ Chí Minh, Việt Nam",Quận Gò Vấp,"3319: Sửa chữa thiết bị khác-;3320: Lắp đặt máy móc và thiết bị công nghiệp-;4541: Bán mô tô, xe máy-;4530: Bán phụ tùng và các bộ phận phụ trợ của ô tô và xe có động cơ khác-;4542: Bảo dưỡng và sửa c",internet
315467084,CÔNG TY TNHH CÔNG NGHỆ TIN HỌC GIA KHANG,CÔNG TY TNHH CÔNG NGHỆ TIN HỌC,Công ty trách nhiệm hữu hạn hai thành viên trở lên,"12/2I Quang Trung, Phường 14, Quận Gò Vấp, Thành phố Hồ Chí Minh, Việt Nam",Quận Gò Vấp,"6311: Xử lý dữ liệu, cho thuê và các hoạt động liên quan-Chi tiết: Xử lý dữ liệu hoàn chỉnh cho khách hàng như: nhập tin, làm sạch dữ liệu, tổng hợp dữ liệu, tạo báo cáo, .... từ dữ liệu do khách hàng",internet
315469155,CÔNG TY TNHH TRAI ĐẸP,CÔNG TY TNHH TRAI ĐẸP,Công ty trách nhiệm hữu hạn một thành viên,"1389/2 Phan Văn Trị, Phường 10, Quận Gò Vấp, Thành phố Hồ Chí Minh, Việt Nam",Quận Gò Vấp,"4741: Bán lẻ máy vi tính, thiết bị ngoại vi, phần mềm và thiết bị viễn thông trong các cửa hàng chuyên doanh-Chi tiết: Bán lẻ máy vi tính, máy điện thoại, máy fax;4759: Bán lẻ đồ điện gia dụng, giường",internet
315478287,CÔNG TY TNHH OHARU,CÔNG TY TNHH OHARU,Công ty trách nhiệm hữu hạn một thành viên,"479/38 Phan Văn Trị, Phường 5, Quận Gò Vấp, Thành phố Hồ Chí Minh, Việt Nam",Quận Gò Vấp,"4610: Đại lý, môi giới, đấu giá hàng hóa-Chi tiết: Đại lý, môi giới;4620: Bán buôn nông, lâm sản nguyên liệu (trừ gỗ, tre, nứa) và động vật sống-(không hoạt động tại trụ sở);4631: Bán buôn gạo, lúa mỳ",internet
315481177,CÔNG TY TNHH BIVIKO,CÔNG TY TNHH BIVIKO,Công ty trách nhiệm hữu hạn hai thành viên trở lên,"25/67 Bùi Quang Là, Phường 12, Quận Gò Vấp, Thành phố Hồ Chí Minh, Việt Nam",Quận Gò Vấp,"1512: Sản xuất vali, túi xách và các loại tương tự, sản xuất yên đệm-;1520: Sản xuất giày, dép-;4610: Đại lý, môi giới, đấu giá hàng hóa-chi tiết:  đại lý, môi giới (trừ môi giới bất động sản);4669: B",internet
315480582,CÔNG TY TNHH ABILITY VIỆT NAM,CÔNG TY TNHH ABILITY VIỆT NAM,Công ty trách nhiệm hữu hạn hai thành viên trở lên,"140/57/2 Lê Đức Thọ, Phường 6, Quận Gò Vấp, Thành phố Hồ Chí Minh, Việt Nam",Quận Gò Vấp,"3250: Sản xuất thiết bị, dụng cụ y tế, nha khoa, chỉnh hình và phục hồi chức năng-Chi tiết: Sản xuất tròng kính (không hoạt động tại trụ sở);3290: Sản xuất khác chưa được phân vào đâu-Chi tiết: Sản xu",internet
315467616,CÔNG TY TNHH THƯƠNG MẠI DỊCH VỤ GEMS,CÔNG TY TNHH THƯƠNG MẠI DỊCH V,Công ty trách nhiệm hữu hạn một thành viên,"29 Đường số 5, Khu dân cư Cityland Park Hills, Phường 10, Quận Gò Vấp, Thành phố Hồ Chí Minh, Việt Nam",Quận Gò Vấp,"4649: Bán buôn đồ dùng khác cho gia đình-Chi tiết: Bán buôn hàng thủ công mỹ nghệ, hàng đan lát, hàng sơn mài, hàng lưu niệm, quà tặng, đồng hồ, mắt kính và đồ trang sức. Bán buôn sản phẩm đồ chơi, sả",internet
315494458,CÔNG TY TNHH VILLA GREEN,CÔNG TY TNHH VILLA GREEN,Công ty trách nhiệm hữu hạn một thành viên,"49/2/59 đường 51, Phường 14, Quận Gò Vấp, Thành phố Hồ Chí Minh, Việt Nam",Quận Gò Vấp,"4632: Bán buôn thực phẩm-(không hoạt động tại trụ sở) 
Chi tiết: Bán buôn thịt và các sản phẩm từ thịt; thủy hải sản; rau, củ, quả; cà phê, chè; đường, sữa và các sản phẩm sữa, bánh kẹo và các sản phẩ",lap top
315495236,CÔNG TY TNHH ĐẦU TƯ PHÁT TRIỂN XÂY DỰNG VIỆT CHÂU,CÔNG TY TNHH ĐẦU TƯ PHÁT TRIỂN,Công ty trách nhiệm hữu hạn một thành viên,"Số 163/17/10, Đường Bùi Quang Là, Phường 12, Quận Gò Vấp, Thành phố Hồ Chí Minh, Việt Nam",Quận Gò Vấp,"4102: Xây dựng nhà không để ở-;4212: Xây dựng công trình đường bộ-;4311: Phá dỡ-;4312: Chuẩn bị mặt bằng-;4321: Lắp đặt hệ thống điện-;4322: Lắp đặt hệ thống cấp, thoát nước, hệ thống sưởi và điều hoà",internet
315494306,CÔNG TY TNHH AG SÀI GÒN,CÔNG TY TNHH AG SÀI GÒN,Công ty trách nhiệm hữu hạn hai thành viên trở lên,"25 đường số 4, Phường 7, Quận Gò Vấp, Thành phố Hồ Chí Minh, Việt Nam",Quận Gò Vấp,"0810: Khai thác đá, cát, sỏi, đất sét-(không hoạt động tại trụ sở);4101: Xây dựng nhà để ở-;4102: Xây dựng nhà không để ở-;4211: Xây dựng công trình đường sắt-;4212: Xây dựng công trình đường bộ-;4221",internet
315482082,CÔNG TY TNHH THƯƠNG MẠI DỊCH VỤ QUỐC TẾ TÂM AN,CÔNG TY TNHH THƯƠNG MẠI DỊCH V,Công ty trách nhiệm hữu hạn hai thành viên trở lên,"998/10 Quang Trung, Phường 8, Quận Gò Vấp, Thành phố Hồ Chí Minh, Việt Nam",Quận Gò Vấp,"4690: Bán buôn tổng hợp-(trừ bán buôn bình gas, khí dầu mỏ hóa lỏng LPG, dầu nhớt cặn, vàng miếng, súng, đạn loại dùng đi săn hoặc thể thao và tiền kim khí; trừ bán buôn hóa chất tại trụ sở; Thực hiện",internet
315500253,CÔNG TY TNHH THƯƠNG MẠI - DỊCH VỤ TỔ CHỨC SỰ KIỆN NGÔ VƯƠNG PHÁT,CÔNG TY TNHH THƯƠNG MẠI  DỊCH ,Công ty trách nhiệm hữu hạn hai thành viên trở lên,"49/69/5 Đường số 51, Phường 14, Quận Gò Vấp, Thành phố Hồ Chí Minh, Việt Nam",Quận Gò Vấp,"4799: Bán lẻ hình thức khác chưa được phân vào đâu-(trừ bán lẻ bình gas, khí dầu mỏ hóa lỏng LPG, dầu nhớt cặn, vàng miếng, súng, đạn loại dùng đi săn hoặc thể thao và tiền kim khí; trừ bán lẻ hóa chấ",internet
315504956,CÔNG TY TNHH MTV SẢN XUẤT THƯƠNG MẠI VÀ DỊCH VỤ AMAC,CÔNG TY TNHH MTV SẢN XUẤT THƯƠ,Công ty trách nhiệm hữu hạn một thành viên,"776/55A Phạm Văn Bạch, Phường 12, Quận Gò Vấp, Thành phố Hồ Chí Minh, Việt Nam",Quận Gò Vấp,"1410: May trang phục (trừ trang phục từ da lông thú)-(không hoạt động tại trụ sở).;1430: Sản xuất trang phục dệt kim, đan móc-(không hoạt động tại trụ sở).;1811: In ấn-(không hoạt động tại trụ sở).;18",internet
315508340,CÔNG TY TNHH CÔNG NGHỆ VÀ DỊCH VỤ NIỀM TIN VIỆT,CÔNG TY TNHH CÔNG NGHỆ VÀ DỊCH,Công ty trách nhiệm hữu hạn một thành viên,"15 Đường số 1, Cityland Park Hills, Phường 10, Quận Gò Vấp, Thành phố Hồ Chí Minh, Việt Nam",Quận Gò Vấp,"4789: Bán lẻ hàng hóa khác lưu động hoặc tại chợ-(trừ bán lẻ bình gas, khí dầu mỏ hóa lỏng LPG, dầu nhớt cặn, vàng miếng, súng, đạn loại dùng đi săn hoặc thể thao và tiền kim khí và thực hiện theo Quy",internet
315508781,CÔNG TY TNHH DU LỊCH PHƯỢNG HOÀNG Á CHÂU,CÔNG TY TNHH DU LỊCH PHƯỢNG HO,Công ty trách nhiệm hữu hạn một thành viên,"120 Trần Quốc Tuấn, Phường 1, Quận Gò Vấp, Thành phố Hồ Chí Minh, Việt Nam",Quận Gò Vấp,"7912: Điều hành tua du lịch-;7911: Đại lý du lịch-;4610: Đại lý, môi giới, đấu giá hàng hóa-Chi tiết: Đại lý, môi giới (trừ môi giới bất động sản);6190: Hoạt động viễn thông khác-Chi tiết: Dịch vụ giá",internet
315509030,CÔNG TY CỔ PHẦN THƯƠNG MẠI DỊCH VỤ GIẢI PHÁP THANH TOÁN ĐIỆN LỰC VÀ VIỄN THÔNG NCA VINA,CÔNG TY CỔ PHẦN THƯƠNG MẠI DỊC,Công ty cổ phần,"405/27 Thống Nhất, Phường 11, Quận Gò Vấp, Thành phố Hồ Chí Minh, Việt Nam",Quận Gò Vấp,"6810: Kinh doanh bất động sản, quyền sử dụng đất thuộc chủ sở hữu, chủ sử dụng hoặc đi thuê-Chi tiết: kinh doanh bất động sản;9329: Hoạt động vui chơi giải trí khác chưa được phân vào đâu-Chi tiết: Ho",internet
315507058,CÔNG TY CỔ PHẦN SẮT THÉP ĐỨC ANH,CÔNG TY CỔ PHẦN SẮT THÉP ĐỨC A,Công ty cổ phần,"96 Đường Số 20, Phường 8, Quận Gò Vấp, Thành phố Hồ Chí Minh, Việt Nam",Quận Gò Vấp,"9511: Sửa chữa máy vi tính và thiết bị ngoại vi-(trừ gia công cơ khí, tái chế phế thải, xi mạ điện tại trụ sở).;6312: Cổng thông tin-Chi tiết: Thiết lập trang thông tin điện tử tổng hợp.;8559: Giáo dụ",internet
315489507,CÔNG TY CỔ PHẦN ĐẦU TƯ PHÁT TRIỂN TRƯỜNG SƠN,CÔNG TY CỔ PHẦN ĐẦU TƯ PHÁT TR,Công ty cổ phần,"29/11/74 Lê Đức Thọ, Phường 7, Quận Gò Vấp, Thành phố Hồ Chí Minh, Việt Nam",Quận Gò Vấp,"6810: Kinh doanh bất động sản, quyền sử dụng đất thuộc chủ sở hữu, chủ sử dụng hoặc đi thuê-;6820: Tư vấn, môi giới, đấu giá bất động sản, đấu giá quyền sử dụng đất-Chi tiết: Tư vấn, môi giới bất động",internet
315496568,CÔNG TY TNHH THƯƠNG MẠI UDEMAX,CÔNG TY TNHH THƯƠNG MẠI UDEMAX,Công ty trách nhiệm hữu hạn hai thành viên trở lên,"135 Đường số 12, KDC Cityland, Phường 10, Quận Gò Vấp, Thành phố Hồ Chí Minh, Việt Nam",Quận Gò Vấp,5224: Bốc xếp hàng hóa-chi tiết: Bốc xếp hàng hóa (trừ bốc xếp hàng hóa cảng hàng không).;5229: Hoạt động dịch vụ hỗ trợ khác liên quan đến vận tải-chi tiết: Hoạt động dịch vụ hỗ trợ khác liên quan đế,internet
315518099,CÔNG TY TNHH NÔNG NGHIỆP PHÚ SỸ,CÔNG TY TNHH NÔNG NGHIỆP PHÚ S,Công ty trách nhiệm hữu hạn hai thành viên trở lên,"51 Đường số 2, Khu dân cư Cityland, Phường 10, Quận Gò Vấp, Thành phố Hồ Chí Minh, Việt Nam",Quận Gò Vấp,"4773: Bán lẻ hàng hóa khác mới trong các cửa hàng chuyên doanh-(trừ bán lẻ bình gas, khí dầu mỏ hóa lỏng LPG, dầu nhớt cặn, vàng miếng, súng, đạn loại dùng đi săn hoặc thể thao và tiền kim khí; trừ bá",internet
315517271,CÔNG TY TNHH ĐẦU TƯ BẤT ĐỘNG SẢN RED HOUSE,CÔNG TY TNHH ĐẦU TƯ BẤT ĐỘNG S,Công ty trách nhiệm hữu hạn một thành viên,"40/14, Đường số 19, Phường 8, Quận Gò Vấp, Thành phố Hồ Chí Minh, Việt Nam",Quận Gò Vấp,"4791: Bán lẻ theo yêu cầu đặt hàng qua bưu điện hoặc internet-(trừ bán lẻ bình gas, khí dầu mỏ hóa lỏng LPG, dầu nhớt cặn, vàng miếng, súng, đạn loại dùng đi săn hoặc thể thao và tiền kim khí và thực ",internet
315499248,CÔNG TY CỔ PHẦN ĐẦU TƯ VÀ PHÁT TRIỂN ĐẠI PHÚC,CÔNG TY CỔ PHẦN ĐẦU TƯ VÀ PH,Công ty cổ phần,"116D Lê Lợi, Phường 4, Quận Gò Vấp, Thành phố Hồ Chí Minh, Việt Nam",Quận Gò Vấp,4633: Bán buôn đồ uống-;5621: Cung cấp dịch vụ ăn uống theo hợp đồng không thường xuyên với khách hàng-;7990: Dịch vụ đặt chỗ và các dịch vụ hỗ trợ liên quan đến quảng bá và tổ chức tua du lịch-;1030:,internet
315500084,CÔNG TY TNHH THƯƠNG MẠI XUẤT NHẬP KHẨU SÀI GÒN HƯNG VƯỢNG,CÔNG TY TNHH THƯƠNG MẠI XUẤT N,Công ty trách nhiệm hữu hạn một thành viên,"46 Đường số 6 - Khu dân cư Cityland, Phường 5, Quận Gò Vấp, Thành phố Hồ Chí Minh, Việt Nam",Quận Gò Vấp,"4649: Bán buôn đồ dùng khác cho gia đình-(trừ kinh doanh dược phẩm).;4641: Bán buôn vải, hàng may mặc, giày dép-;4620: Bán buôn nông, lâm sản nguyên liệu (trừ gỗ, tre, nứa) và động vật sống-(doanh ngh",internet
315501673,CÔNG TY TNHH QUỲNH KIM HUY,CÔNG TY TNHH QUỲNH KIM HUY,Công ty trách nhiệm hữu hạn một thành viên,"317/3 Thống Nhất, Phường 11, Quận Gò Vấp, Thành phố Hồ Chí Minh, Việt Nam",Quận Gò Vấp,"1071: Sản xuất các loại bánh từ bột-;1072: Sản xuất đường-;1073: Sản xuất ca cao, sôcôla và bánh kẹo-;1079: Sản xuất thực phẩm khác chưa được phân vào đâu-Chi tiết: Sản xuất, gia công, sơ chế thực phẩ",internet
315506488,CÔNG TY TNHH SẢN XUẤT THƯƠNG MẠI DỊCH VỤ TRUYỀN THÔNG QUẢNG CÁO TMC,CÔNG TY TNHH SẢN XUẤT THƯƠNG M,Công ty trách nhiệm hữu hạn hai thành viên trở lên,"15/2 Thống Nhất, Phường 11, Quận Gò Vấp, Thành phố Hồ Chí Minh, Việt Nam",Quận Gò Vấp,"7730: Cho thuê máy móc, thiết bị và đồ dùng hữu hình khác không kèm người điều khiển-;8220: Hoạt động dịch vụ liên quan đến các cuộc gọi-;8230: Tổ chức giới thiệu và xúc tiến thương mại-(không thực hi",internet
315519582,CÔNG TY TNHH  CÔNG NGHỆ NETCOM,CÔNG TY TNHH  CÔNG NGHỆ NETCOM,Công ty trách nhiệm hữu hạn một thành viên,"416/15/77 Dương Quảng Hàm, Phường 5, Quận Gò Vấp, Thành phố Hồ Chí Minh, Việt Nam",Quận Gò Vấp,"4651: Bán buôn máy vi tính, thiết bị ngoại vi và phần mềm-;4652: Bán buôn thiết bị và linh kiện điện tử, viễn thông-;4741: Bán lẻ máy vi tính, thiết bị ngoại vi, phần mềm và thiết bị viễn thông trong ",internet
315522994,CÔNG TY TNHH GREEN ASIA,CÔNG TY TNHH GREEN ASIA,Công ty trách nhiệm hữu hạn một thành viên,"1358/40 Quang Trung, Phường 14, Quận Gò Vấp, Thành phố Hồ Chí Minh, Việt Nam",Quận Gò Vấp,"4632: Bán buôn thực phẩm-Chi tiết: Bán buôn thực phẩm (không hoạt động tại trụ sở).; Bán buôn thực phẩm chức năng, thực phẩm dinh dưỡng;4620: Bán buôn nông, lâm sản nguyên liệu (trừ gỗ, tre, nứa) và đ",internet
315533033,CÔNG TY TNHH SẢN XUẤT THƯƠNG MẠI HẢI NAM NGƯ,CÔNG TY TNHH SẢN XUẤT THƯƠNG M,Công ty trách nhiệm hữu hạn một thành viên,"133/48/102 Quang Trung, Phường 10, Quận Gò Vấp, Thành phố Hồ Chí Minh, Việt Nam",Quận Gò Vấp,"1020: Chế biến, bảo quản thuỷ sản và các sản phẩm từ thuỷ sản-Chi tiết: Chế biến và bảo quản thủy hải sản đông lạnh, thủy hải sản khô, sản phẩm khác từ thủy sản (không hoạt động tại trụ sở);1075: Sản ",internet
315534196,CÔNG TY TNHH CÔNG NGHỆ HỮU TRÍ,CÔNG TY TNHH CÔNG NGHỆ HỮU TRÍ,Công ty trách nhiệm hữu hạn một thành viên,"123/31/5 Đường số 2, Phường 16, Quận Gò Vấp, Thành phố Hồ Chí Minh, Việt Nam",Quận Gò Vấp,"4741: Bán lẻ máy vi tính, thiết bị ngoại vi, phần mềm và thiết bị viễn thông trong các cửa hàng chuyên doanh-;4742: Bán lẻ thiết bị nghe nhìn trong các cửa hàng chuyên doanh-;4791: Bán lẻ theo yêu cầu",internet
315526131,CÔNG TY TNHH TM DV BẢO NGÂN,CÔNG TY TNHH TM DV BẢO NGÂN,Công ty trách nhiệm hữu hạn một thành viên,"108/16/11 Đường Số 1, Phường 16, Quận Gò Vấp, Thành phố Hồ Chí Minh, Việt Nam",Quận Gò Vấp,"4789: Bán  lẻ hàng hóa khác lưu động hoặc tại chợ-Chi tiết: Vật phẩm phong thủy, đồ lưu niệm, hàng thủ công mỹ nghệ, đan lát, đồng, mây, tre, lá;4791: Bán lẻ theo yêu cầu đặt hàng qua bưu điện hoặc in",internet
315528467,CÔNG TY CỔ PHẦN VICTORY PHARMA GROUP,CÔNG TY CỔ PHẦN VICTORY PHARMA,Công ty cổ phần,"Lầu 2, 368/10/6 Nguyễn Văn Lượng, Phường 16, Quận Gò Vấp, Thành phố Hồ Chí Minh, Việt Nam",Quận Gò Vấp,"4649: Bán buôn đồ dùng khác cho gia đình-chi tiết: Bán buôn dược phẩm, mỹ phẩm, nước hoa và chế phẩm vệ sinh; Bán buôn đồ dùng khác cho gia đình;4759: Bán lẻ đồ điện gia dụng, giường, tủ, bàn, ghế và ",internet
315540305,CÔNG TY TNHH GỖ MỸ NGHỆ NAM VIỆT,CÔNG TY TNHH GỖ MỸ NGHỆ NAM VI,Công ty trách nhiệm hữu hạn một thành viên,"170 Nguyễn Kiệm, Phường 10, Quận Gò Vấp, Thành phố Hồ Chí Minh, Việt Nam",Quận Gò Vấp,"4649: Bán buôn đồ dùng khác cho gia đình-Chi tiết: Bán buôn giường tủ bàn ghế và nội thất, bán buôn đồ điện gia dụng, hàng kim khí điện máy, đèn và bộ đèn điện, bán buôn sách ba",internet
315534083,CÔNG TY TNHH TƯ VẤN BẤT ĐỘNG SẢN NGÂN PHÁT,CÔNG TY TNHH TƯ VẤN BẤT ĐỘNG S,Công ty trách nhiệm hữu hạn một thành viên,"76/29 Đường 59, Phường 14, Quận Gò Vấp, Thành phố Hồ Chí Minh, Việt Nam",Quận Gò Vấp,"4322: Lắp đặt hệ thống cấp, thoát nước, hệ thống sưởi và điều hoà không khí-(trừ lắp đặt các thiết bị điện lạnh (thiết bị cấp đông, kho lạnh, máy đá, điều hòa không khí, làm lạnh nước) sử dụng ga lạnh",internet
315537045,CÔNG TY TNHH THƯƠNG MẠI PHÁT TRIỂN THIÊN THANH,CÔNG TY TNHH THƯƠNG MẠI PHÁT T,Công ty trách nhiệm hữu hạn một thành viên,"126 Đường số 9, Phường 9, Quận Gò Vấp, Thành phố Hồ Chí Minh, Việt Nam",Quận Gò Vấp,"1030: Chế biến và bảo quản rau quả-Chi tiết: Chế biến và đóng hộp rau quả (trừ sản xuất, chế biến thực phẩm tươi sống tại trụ sở);8292: Dịch vụ đóng gói-(trừ đóng gói thuốc bảo vệ thực vật).;4791: Bán",internet
315549107,CÔNG TY TNHH GAME GIẢI TRÍ 455,CÔNG TY TNHH GAME GIẢI TRÍ 455,Công ty trách nhiệm hữu hạn một thành viên,"455 Tân Sơn, Phường 12, Quận Gò Vấp, Thành phố Hồ Chí Minh, Việt Nam",Quận Gò Vấp,6190: Hoạt động viễn thông khác-Chi tiết: Hoạt động của các điểm truy cập internet;9329: Hoạt động vui chơi giải trí khác chưa được phân vào đâu-Chi tiết: Kinh doanh trò chơi điện tử (trừ kinh doanh t,internet
315563937,CÔNG TY TNHH P-TRADING,CÔNG TY TNHH PTRADING,Công ty trách nhiệm hữu hạn một thành viên,"611/2 Đường Thống Nhất , Phường 16, Quận Gò Vấp, Thành phố Hồ Chí Minh, Việt Nam",Quận Gò Vấp,"4649: Bán buôn đồ dùng khác cho gia đình-chi tiết: Bán buôn, xuất nhập khẩu điện máy, điện gia dụng, đồ dùng nhà bếp, công cụ dụng cụ gia đình, nội thất nhà cửa, hóa mỹ phẩm, đồ tiêu dùng nhanh, quần ",internet
315547558,CÔNG TY TNHH MINH KHÁNH FOODS,CÔNG TY TNHH MINH KHÁNH FOODS,Công ty trách nhiệm hữu hạn một thành viên,"168/15 Phạm Văn Đồng, Phường 3, Quận Gò Vấp, Thành phố Hồ Chí Minh, Việt Nam",Quận Gò Vấp,"4932: Vận tải hành khách đường bộ khác-Chi tiết: Cho thuê xe có người lái để vận tải hành khách, hợp đồng chở khách đi tham quan, du lịch hoặc mục đích khác;6622: Hoạt động của đại lý và môi giới bảo ",internet
315544613,CÔNG TY TNHH THƯƠNG MẠI DỊCH VỤ AUSMEAT PTY,CÔNG TY TNHH THƯƠNG MẠI DỊCH V,Công ty trách nhiệm hữu hạn một thành viên,"155/4 Nguyễn Thái Sơn, Phường 4, Quận Gò Vấp, Thành phố Hồ Chí Minh, Việt Nam",Quận Gò Vấp,"4632: Bán buôn thực phẩm-chi tiết: Xuất nhập khẩu và bán buôn thực phẩm thịt, sản phẩm từ thịt (không hoạt động tại trụ sở);4791: Bán lẻ theo yêu cầu đặt hàng qua bưu điện hoặc internet-(trừ bán lẻ hó",internet
315561224,CÔNG TY TNHH ĐẦU TƯ XÚC TIẾN NHẬT HOÀNG,CÔNG TY TNHH ĐẦU TƯ XÚC TIẾN N,Công ty trách nhiệm hữu hạn một thành viên,"237/33/34 Phạm Văn Chiêu, Phường 14, Quận Gò Vấp, Thành phố Hồ Chí Minh, Việt Nam",Quận Gò Vấp,"6619: Hoạt động hỗ trợ dịch vụ tài chính chưa được phân vào đâu-Chi tiết: Tư vấn đầu tư (trừ tư vấn tài chính, kế toán, luật).;6820: Tư vấn, môi giới, đấu giá bất động sản, đấu giá quyền sử dụng đất-c",internet
315578059,CÔNG TY TNHH TM & DV LDL COMPUTER,CÔNG TY TNHH TM  DV LDL COMPUT,Công ty trách nhiệm hữu hạn một thành viên,"496 Quang Trung, Phường 10, Quận Gò Vấp, Thành phố Hồ Chí Minh, Việt Nam",Quận Gò Vấp,"4651: Bán buôn máy vi tính, thiết bị ngoại vi và phần mềm-;4652: Bán buôn thiết bị và linh kiện điện tử, viễn thông-;4659: Bán buôn máy móc, thiết bị và phụ tùng máy khác-;6202: Tư vấn máy vi tính và ",computer
315531082,CÔNG TY TNHH ĐẦU TƯ TOPSHENG,CÔNG TY TNHH ĐẦU TƯ TOPSHENG,Công ty trách nhiệm hữu hạn một thành viên,"142/8/14 Đường Lê Lợi, Phường 4, Quận Gò Vấp, Thành phố Hồ Chí Minh, Việt Nam",Quận Gò Vấp,"4649: Bán buôn đồ dùng khác cho gia đình-Chi tiết: Bán buôn đồ dùng nội thất. Bán buôn đồ dùng trang trí, văn phòng phẩm, dụng cụ thể dục, thể thao, đồ điện gia dụng và các mặt hàng gia dụng bằng sili",internet
315572184,CÔNG TY TNHH THƯƠNG MẠI DỊCH VỤ QUỐC TẾ ĐẠI THỊNH PHÁT,CÔNG TY TNHH THƯƠNG MẠI DỊCH V,Công ty trách nhiệm hữu hạn một thành viên,"566/105/70 Nguyễn Thái Sơn, Phường 5, Quận Gò Vấp, Thành phố Hồ Chí Minh, Việt Nam",Quận Gò Vấp,"4651: Bán buôn máy vi tính, thiết bị ngoại vi và phần mềm-;3312: Sửa chữa máy móc, thiết bị-;3313: Sửa chữa thiết bị điện tử và quang học-;3314: Sửa chữa thiết bị điện-;3319: Sửa chữa thiết bị khác-;4",internet
315590497,CÔNG TY TNHH BLANK CANVAS,CÔNG TY TNHH BLANK CANVAS,Công ty trách nhiệm hữu hạn một thành viên,"32/4 Phạm Văn Chiêu	, Phường 14, Quận Gò Vấp, Thành phố Hồ Chí Minh, Việt Nam",Quận Gò Vấp,4632: Bán buôn thực phẩm-(Không hoạt động tại trụ sở); 4633: Bán buôn đồ uống-Chi tiết: Bán buôn đồ uống có cồn (trừ bán buôn rượu mạnh); Bán buôn đồ uống không có cồn;5610: Nhà hàng và các dịch vụ ăn,internet
315575185,CÔNG TY TNHH KIẾN TRÚC XÂY DỰNG NỘI THẤT NAM ANH,CÔNG TY TNHH KIẾN TRÚC XÂY DỰN,Công ty trách nhiệm hữu hạn một thành viên,"69 Đường số 3, Khu dân cư Cityland, Phường 7, Quận Gò Vấp, Thành phố Hồ Chí Minh, Việt Nam",Quận Gò Vấp,"7110: Hoạt động kiến trúc và tư vấn kỹ thuật có liên quan-Chi tiết: Lập dự toán và tổng dự toán công trình. Quản lý dự án đầu tư xây dựng công trình, tư vấn đấu thầu. Tư vấn xây dựng. Tư vấn thiết kế ",internet
315593339,CÔNG TY TNHH VIMINAIL,CÔNG TY TNHH VIMINAIL,Công ty trách nhiệm hữu hạn một thành viên,"29/2/22 Lê Đức Thọ , Phường 7, Quận Gò Vấp, Thành phố Hồ Chí Minh, Việt Nam",Quận Gò Vấp,"9631: Cắt tóc, làm đầu, gội đầu-Chi tiết: Cắt tóc, làm đầu, gội đầu, làm móng, trang điểm, massage mặt (Trừ hoạt động gây chảy máu);5630: Dịch vụ phục vụ đồ uống-Chi tiết: Quán cà phê, nước hoa quả, g",internet
315578813,CÔNG TY TNHH THƯƠNG MẠI PHƯƠNG ĐĂNG,CÔNG TY TNHH THƯƠNG MẠI PHƯƠNG,Công ty trách nhiệm hữu hạn hai thành viên trở lên,"41/30 - 41/32 Phạm Ngũ Lão, Phường 3, Quận Gò Vấp, Thành phố Hồ Chí Minh, Việt Nam",Quận Gò Vấp,"4669: Bán buôn chuyên doanh khác chưa được phân vào đâu-Chi tiết: Bán buôn keo dán các loại, chất kết dính, băng keo công nghiệp, keop silicon, keo phủ; bán buôn hóa chất sử dụng trong công nghiệp, bá",internet
315579133,CÔNG TY TNHH THƯƠNG MẠI DỊCH VỤ ĐA UY STORE,CÔNG TY TNHH THƯƠNG MẠI DỊCH V,Công ty trách nhiệm hữu hạn một thành viên,"401/3 Lê Đức Thọ, Phường 9, Quận Gò Vấp, Thành phố Hồ Chí Minh, Việt Nam",Quận Gò Vấp,4722: Bán lẻ thực phẩm trong các cửa hàng chuyên doanh-(thực hiện theo quyết định 64/2009/QĐ-UBND ngày 31/7/2009 và quyết định 79/2009/QĐ-UBND ngày 17/10/2009 của UBND TPHCM về phê duyệt k,internet
315590627,CÔNG TY TNHH TRỰC TUYẾN THIÊN HÀ,CÔNG TY TNHH TRỰC TUYẾN THIÊN ,Công ty trách nhiệm hữu hạn hai thành viên trở lên,"Số 497/12 Nguyễn Văn Khối, Phường 8, Quận Gò Vấp, Thành phố Hồ Chí Minh, Việt Nam",Quận Gò Vấp,"6399: Dịch vụ thông tin khác chưa được phân vào đâu-Chi tiết: Cung cấp dịch vụ trò chơi điện tử trên mạng (Điều 32 Nghị định 72/2013/NĐ-CP Quản lý, cung cấp, sử dụng dịch vụ internet và thông tin trên",internet
315548495,CÔNG TY TNHH  UNION COMMUNICATION,CÔNG TY TNHH  UNION COMMUNICAT,Công ty trách nhiệm hữu hạn hai thành viên trở lên,"965/6/12 Quang Trung, Phường 14, Quận Gò Vấp, Thành phố Hồ Chí Minh, Việt Nam",Quận Gò Vấp,"6209: Hoạt động dịch vụ công nghệ thông tin và dịch vụ khác liên quan đến máy vi tính-(trừ kinh doanh đại lý cung cấp dịch vụ truy cập internet tại trụ sở);6311: Xử lý dữ liệu, cho thuê và c",internet
315602745,CÔNG TY TNHH CÔNG NGHỆ PHÁT TRIỂN IGREEN,CÔNG TY TNHH CÔNG NGHỆ PHÁT TR,Công ty trách nhiệm hữu hạn hai thành viên trở lên,"193/3/6 Lê Đức Thọ, Phường 17, Quận Gò Vấp, Thành phố Hồ Chí Minh, Việt Nam",Quận Gò Vấp,"2220: Sản xuất sản phẩm từ plastic-(Trừ tái chế phế thải, luyện cán cao su tại trụ sở) (trừ Sản Xuất xốp cách nhiệt sử dụng ga R141b, sử dụng polyol trộn sẵn HCFC-141b);2592: Gia công cơ khí; xử lý và",internet
315549442,CÔNG TY TNHH TM - KTDV TÂM THỊNH PHÁT,CÔNG TY TNHH TM  KTDV TÂM THỊN,Công ty trách nhiệm hữu hạn một thành viên,"173/36/11E1, Dương Quảng Hàm, Phường 5, Quận Gò Vấp, Thành phố Hồ Chí Minh, Việt Nam",Quận Gò Vấp,"4791: Bán lẻ theo yêu cầu đặt hàng qua bưu điện hoặc internet-(trừ bán lẻ bình gas, khí dầu mỏ hóa lỏng LPG, dầu nhớt cặn, vàng miếng, súng, đạn loại dùng đi săn hoặc thể thao và tiền kim khí và thực ",internet
315599718,CÔNG TY CỔ PHẦN CÔNG NGHỆ BEONE TECH,CÔNG TY CỔ PHẦN CÔNG NGHỆ BEON,Công ty cổ phần,"547 Tân Sơn, Phường 12, Quận Gò Vấp, Thành phố Hồ Chí Minh, Việt Nam",Quận Gò Vấp,"4610: Đại lý, môi giới, đấu giá hàng hóa-Chi tiết: Đại lý, môi giới (trừ môi giới bất động sản);4651: Bán buôn máy vi tính, thiết bị ngoại vi và phần mềm-;4649: Bán buôn đồ dùng khác cho gia đình-(trừ",internet
315603241,CÔNG TY TNHH CHUYỂN ĐỔI SỐ TOÀN CẦU,CÔNG TY TNHH CHUYỂN ĐỔI SỐ TOÀ,Công ty trách nhiệm hữu hạn hai thành viên trở lên,"241/6 Đường số 1, Phường 11, Quận Gò Vấp, Thành phố Hồ Chí Minh, Việt Nam",Quận Gò Vấp,"4652: Bán buôn thiết bị và linh kiện điện tử, viễn thông-;4659: Bán buôn máy móc, thiết bị và phụ tùng máy khác-;4741: Bán lẻ máy vi tính, thiết bị ngoại vi, phần mềm và thiết bị viễn thông trong các ",internet
315592279,CÔNG TY TNHH PHƯƠNG ĐÔNG KG2,CÔNG TY TNHH PHƯƠNG ĐÔNG KG2,Công ty trách nhiệm hữu hạn một thành viên,"105/49A Nguyễn Tư Giản, Phường 12, Quận Gò Vấp, Thành phố Hồ Chí Minh, Việt Nam",Quận Gò Vấp,"6311: Xử lý dữ liệu, cho thuê và các hoạt động liên quan-;4932: Vận tải hành khách đường bộ khác-Chi tiết: Vận tải hành khách bằng xe khách nội tỉnh, liên tỉnh;5221: Hoạt động dịch vụ hỗ trợ trực tiếp",internet
315605136,CÔNG TY TNHH PUNO,CÔNG TY TNHH PUNO,Công ty trách nhiệm hữu hạn một thành viên,"17/16 Nguyễn Tư Giản, Phường 12, Quận Gò Vấp, Thành phố Hồ Chí Minh, Việt Nam",Quận Gò Vấp,"4659: Bán buôn máy móc, thiết bị và phụ tùng máy khác-Chi tiết: Buôn bán máy móc thiết bị văn phòng, máy lạnh;4669: Bán buôn chuyên doanh khác chưa được phân vào đâu-(trừ bán buôn thuốc trừ sâu và hóa",internet
315611362,CÔNG TY TNHH KROPP INTERNATIONAL LOGISTICS,CÔNG TY TNHH KROPP INTERNATION,Công ty trách nhiệm hữu hạn hai thành viên trở lên,"702/63/7 Lê Đức Thọ, Phường 15, Quận Gò Vấp, Thành phố Hồ Chí Minh, Việt Nam",Quận Gò Vấp,"5229: Hoạt động dịch vụ hỗ trợ khác liên quan đến vận tải-Chi tiết: Kiểm tra vận đơn; dịch vụ môi giới vận tải hàng hóa, dịch vụ lấy mẫu và xác định trọng lượng; ; giám định hàng hóa, dịch vụ nhận và ",internet
315606475,CÔNG TY TNHH GIẢI PHÁP VẬN TẢI VIỆT NAM,CÔNG TY TNHH GIẢI PHÁP VẬN TẢI,Công ty trách nhiệm hữu hạn một thành viên,"467/116/5 đường Lê Đức Thọ, Phường 16, Quận Gò Vấp, Thành phố Hồ Chí Minh, Việt Nam",Quận Gò Vấp,"1391: Sản xuất vải dệt kim, vải đan móc và vải không dệt khác-(không hoạt động tại trụ sở);1392: Sản xuất hàng dệt sẵn (trừ trang phục)-Chi tiết: Sản xuất sản phẩm may mặc, các sản phẩm ngành dệt may.",internet
315613056,CÔNG TY TNHH ĐẦU TƯ THƯƠNG MẠI XÂY DỰNG CÔNG TRÌNH PHƯƠNG NAM,CÔNG TY TNHH ĐẦU TƯ THƯƠNG MẠI,Công ty trách nhiệm hữu hạn một thành viên,"380/37/29 Phạm Văn Chiêu, Phường 9, Quận Gò Vấp, Thành phố Hồ Chí Minh, Việt Nam",Quận Gò Vấp,"4329: Lắp đặt hệ thống xây dựng khác-Chi tiết: Thi công lắp đặt hệ thống viễn thông; Lắp đặt hệ thống dầu khí; 4322: Lắp đặt hệ thống cấp, thoát nước, hệ thống sưởi và điều hoà không khí-Chi tiết: Lắp",internet
315565275,CÔNG TY TNHH XÂY DỰNG MILANO,CÔNG TY TNHH XÂY DỰNG MILANO,Công ty trách nhiệm hữu hạn một thành viên,"53/26 đường số 1, Phường 7, Quận Gò Vấp, Thành phố Hồ Chí Minh, Việt Nam",Quận Gò Vấp,"1079: Sản xuất thực phẩm khác chưa được phân vào đâu-Chi tiết: Sản xuất chè (không hoạt động tại trụ sở); Sản xuất hồ tiêu, hạt điều, ớt (không hoạt động tại trụ sở); Rang và lọc cà phê; Sản xuất các ",internet
315602230,CÔNG TY TNHH DỊCH VỤ HÂN MINH,CÔNG TY TNHH DỊCH VỤ HÂN MINH,Công ty trách nhiệm hữu hạn một thành viên,"38 Đường số 7, Phường 7, Quận Gò Vấp, Thành phố Hồ Chí Minh, Việt Nam",Quận Gò Vấp,"4791: Bán lẻ theo yêu cầu đặt hàng qua bưu điện hoặc internet-(trừ bán lẻ bình gas, khí dầu mỏ hóa lỏng LPG, dầu nhớt cặn, vàng miếng, súng, đạn loại dùng đi săn hoặc thể thao và tiền kim khí; trừ bán",internet
315619918,CÔNG TY TNHH DP QUỐC TẾ ASIAN PHARMA,CÔNG TY TNHH DP QUỐC TẾ ASIAN ,Công ty trách nhiệm hữu hạn hai thành viên trở lên,"326 Lê Văn Thọ, Phường 11, Quận Gò Vấp, Thành phố Hồ Chí Minh, Việt Nam",Quận Gò Vấp,"4610: Đại lý, môi giới, đấu giá hàng hóa-chi tiết: Đại lý, môi giới (trừ môi giới bất động sản);4620: Bán buôn nông, lâm sản nguyên liệu (trừ gỗ, tre, nứa) và động vật sống-(không hoạt động tại trụ sở",internet
315606806,CÔNG TY TNHH GIẢI PHÁP VÀ CÔNG NGHỆ DANGSOLUTIONS,CÔNG TY TNHH GIẢI PHÁP VÀ CÔNG,Công ty trách nhiệm hữu hạn một thành viên,"160/1/19A Phan Huy Ích, Phường 12, Quận Gò Vấp, Thành phố Hồ Chí Minh, Việt Nam",Quận Gò Vấp,"8230: Tổ chức giới thiệu và xúc tiến thương mại-Chi tiết: tổ chức các hội nghị hội thảo về lĩnh vực máy tính và công nghệ thông tin (không thực hiện các hiệu ứng cháy nổ và không sử dụng chất nổ, chất",internet
315978681,CÔNG TY TNHH REVOLUTION GROUP VIỆT NAM,CÔNG TY TNHH REVOLUTION GROUP ,Công ty trách nhiệm hữu hạn một thành viên,"số 146/2/28, Đường số 30, Phường 6, Quận Gò Vấp, Thành phố Hồ Chí Minh, Việt Nam",Quận Gò Vấp,"4773: Bán lẻ hàng hóa khác mới trong các cửa hàng chuyên doanh-Chi tiết:Thực hiện quyền xuất khẩu, quyền nhập khẩu, quyền phân phối bán lẻ các hàng hóa không thuộc danh mục hàng hóa cấm xuất khẩu, cấm",internet
315624139,CÔNG TY TNHH DV THIẾT KẾ IN ẤN NGỌC TÂM,CÔNG TY TNHH DV THIẾT KẾ IN ẤN,Công ty trách nhiệm hữu hạn một thành viên,"170 Lê Đức Thọ, Phường 6, Quận Gò Vấp, Thành phố Hồ Chí Minh, Việt Nam",Quận Gò Vấp,"4649: Bán buôn đồ dùng khác cho gia đình-Chi tiết: Bán buôn vali, cặp, túi, ví, hàng da và giả da; Bán buôn dụng cụ y tế; Bán buôn nước hoa, hàng mỹ phẩm và chế phẩm vệ sinh (trừ kinh doanh dược phẩm)",internet
315598489,CÔNG TY TNHH THƯƠNG MẠI DỊCH VỤ VÀ XUẤT NHẬP KHẨU NGỌC PHƯƠNG ANH,CÔNG TY TNHH THƯƠNG MẠI DỊCH V,Công ty trách nhiệm hữu hạn một thành viên,"637/37/39 Quang Trung, Phường 11, Quận Gò Vấp, Thành phố Hồ Chí Minh, Việt Nam",Quận Gò Vấp,"4632: Bán buôn thực phẩm-(không hoạt động tại trụ sở);4633: Bán buôn đồ uống-;4634: Bán buôn sản phẩm thuốc lá, thuốc lào-;4641: Bán buôn vải, hàng may mặc, giày dép-;4649: Bán buôn đồ dùng khác cho g",internet
315610129,CÔNG TY TNHH  THỜI TRANG KATA,CÔNG TY TNHH  THỜI TRANG KATA,Công ty trách nhiệm hữu hạn hai thành viên trở lên,"362/4 Nguyễn Văn Lượng, Phường 16, Quận Gò Vấp, Thành phố Hồ Chí Minh, Việt Nam",Quận Gò Vấp,"4641: Bán buôn vải, hàng may mặc, giày dép-;4659: Bán buôn máy móc, thiết bị và phụ tùng máy khác-Chi tiết: Bán buôn máy móc, thiết bị và phụ tùng máy dệt, may, da giày;4669: Bán buôn chuyên doanh khá",internet
315625728,CÔNG TY TNHH THƯƠNG MẠI DỊCH VỤ AN CAFE,CÔNG TY TNHH THƯƠNG MẠI DỊCH V,Công ty trách nhiệm hữu hạn một thành viên,"226/43/20 Nguyễn Văn Lượng, Phường 17, Quận Gò Vấp, Thành phố Hồ Chí Minh, Việt Nam",Quận Gò Vấp,"5629: Dịch vụ ăn uống khác-Chi tiết: Kinh doanh dịch vụ ăn uống, giải khát (trừ hoạt động quán rượu, quán bar, quán giải khát có khiêu vũ);7310: Quảng cáo-;7320: Nghiên cứu thị trường và thăm dò dư lu",internet
315624900,CÔNG TY TNHH APT PLUS,CÔNG TY TNHH APT PLUS,Công ty trách nhiệm hữu hạn một thành viên,"171/105/40 Nguyễn Tư Giản, Phường 12, Quận Gò Vấp, Thành phố Hồ Chí Minh, Việt Nam",Quận Gò Vấp,"3511: Sản xuất điện-;3512: Truyền tải và phân phối điện-;4610: Đại lý, môi giới, đấu giá hàng hóa--Chi tiết: Đại lý. Môi giới;4620: Bán buôn nông, lâm sản nguyên liệu (trừ gỗ, tre, nứa) và động vật số",internet
315628461,CÔNG TY TNHH CITYTRANS,CÔNG TY TNHH CITYTRANS,Công ty trách nhiệm hữu hạn hai thành viên trở lên,"Số 77 Đường số 2, Phường 3, Quận Gò Vấp, Thành phố Hồ Chí Minh, Việt Nam",Quận Gò Vấp,4742: Bán lẻ thiết bị nghe nhìn trong các cửa hàng chuyên doanh-(thực hiện theo quyết định 64/2009/QĐ-UBND ngày 31/07/2009 và quyết định  số 79/2009/QĐ-UBND ngày 17/10/2009 của Ủy ban nhân dân TP. Hồ ,internet
315588191,CÔNG TY TNHH THƯƠNG MẠI XUẤT NHẬP KHẨU TBLAK,CÔNG TY TNHH THƯƠNG MẠI XUẤT N,Công ty trách nhiệm hữu hạn một thành viên,"166 Đường số 17, Phường 11, Quận Gò Vấp, Thành phố Hồ Chí Minh, Việt Nam",Quận Gò Vấp,"1040: Sản xuất dầu, mỡ động, thực vật-(không hoạt động tại trụ sở).;0150: Trồng trọt, chăn nuôi hỗn hợp-;0149: Chăn nuôi khác-;6312: Cổng thông tin-Chi tiết: Thiết lập trang thông tin điện tử tổng hợp",internet
315637459,CÔNG TY TNHH TÍN HIẾU,CÔNG TY TNHH TÍN HIẾU,Công ty trách nhiệm hữu hạn một thành viên,"616/11/48 Lê Đức Thọ, Phường 15, Quận Gò Vấp, Thành phố Hồ Chí Minh, Việt Nam",Quận Gò Vấp,2511: Sản xuất các cấu kiện kim loại-(không hoạt động tại trụ sở).;2592: Gia công cơ khí; xử lý và tráng phủ kim loại-(không hoạt động tại trụ sở).;2599: Sản xuất sản phẩm khác bằng kim loại chưa được,internet
315625051,CÔNG TY TNHH PHÁT TRIỂN ĐẦU TƯ XÂY DỰNG TRUNG TÍN,CÔNG TY TNHH PHÁT TRIỂN ĐẦU TƯ,Công ty trách nhiệm hữu hạn hai thành viên trở lên,"2a Nguyễn Oanh, Phường 7, Quận Gò Vấp, Thành phố Hồ Chí Minh, Việt Nam",Quận Gò Vấp,"6810: Kinh doanh bất động sản, quyền sử dụng đất thuộc chủ sở hữu, chủ sử dụng hoặc đi thuê-Chi tiết: Kinh doanh bất động sản;6820: Tư vấn, môi giới, đấu giá bất động sản, đấu giá quyền sử dụng đất-Ch",internet
315625855,CÔNG TY TNHH KỸ THUẬT VÀ THƯƠNG MẠI XSAFE,CÔNG TY TNHH KỸ THUẬT VÀ THƯƠN,Công ty trách nhiệm hữu hạn hai thành viên trở lên,"Số 20, Đường Số 1, Khu dân cư Cityland Park Hills, Phường 10, Quận Gò Vấp, Thành phố Hồ Chí Minh, Việt Nam",Quận Gò Vấp,"4641: Bán buôn vải, hàng may mặc, giày dép-;4659: Bán buôn máy móc, thiết bị và phụ tùng máy khác-chi tiết: Bán buôn máy móc, thiết bị điện, vật liệu điện (máy phát điện, động cơ điện, dây điện và thi",internet
315631880,CÔNG TY TNHH XÂY DỰNG THƯƠNG MẠI DỊCH VỤ HOÀNG BÌNH PHONG,CÔNG TY TNHH XÂY DỰNG THƯƠNG M,Công ty trách nhiệm hữu hạn hai thành viên trở lên,"786B Nguyễn Kiệm, Phường 3, Quận Gò Vấp, Thành phố Hồ Chí Minh, Việt Nam",Quận Gò Vấp,7110: Hoạt động kiến trúc và tư vấn kỹ thuật có liên quan-(trừ kinh doanh dịch vụ thiết kế công trình);4669: Bán buôn chuyên doanh khác chưa được phân vào đâu-Chi tiết: Bán buôn đá muối và các sản phẩ,internet
315628895,CÔNG TY TNHH BOOKFORWARD,CÔNG TY TNHH BOOKFORWARD,Công ty trách nhiệm hữu hạn hai thành viên trở lên,"120/15A Đường Số 4, Phường 16, Quận Gò Vấp, Thành phố Hồ Chí Minh, Việt Nam",Quận Gò Vấp,"4649: Bán buôn đồ dùng khác cho gia đình-chi tiết: Bán buôn sách-báo-tạp chí (có nội dung được phép lưu hành), văn phòng phẩm.;6312: Cổng thông tin-chi tiết: Dịch vụ cung cấp thông tin lên mạng Intern",internet
315661719,CÔNG TY TNHH CÔNG NGHỆ THƯƠNG MẠI DỊCH VỤ BẤT ĐỘNG SẢN VÀ XUẤT NHẬP KHẨU KATHYDA,CÔNG TY TNHH CÔNG NGHỆ THƯƠNG ,Công ty trách nhiệm hữu hạn một thành viên,"120/61/25 Đường số 59, Phường 14, Quận Gò Vấp, Thành phố Hồ Chí Minh, Việt Nam",Quận Gò Vấp,"1020: Chế biến, bảo quản thuỷ sản và các sản phẩm từ thuỷ sản-(không hoạt động tại trụ sở).;2023: Sản xuất mỹ phẩm, xà phòng, chất tẩy rửa, làm bóng và chế phẩm vệ sinh-(không hoạt động tại trụ sở).;2",internet
315642057,CÔNG TY TNHH GIÁO DỤC QUỐC TẾ ÚC CHÂU,CÔNG TY TNHH GIÁO DỤC QUỐC TẾ ,Công ty trách nhiệm hữu hạn một thành viên,"Số 15 Đường số 3, Khu dân cư Cityland, Phường 7, Quận Gò Vấp, Thành phố Hồ Chí Minh, Việt Nam",Quận Gò Vấp,"4799: Bán lẻ hình thức khác chưa được phân vào đâu-(trừ bán lẻ bình gas, súng, đạn loại dùng đi săn hoặc thể thao, tiền kim khí và mua bán vàng miếng; thực hiện theo Quyết định 64/2009/QĐ-UBND ngày 31",internet
315661941,CÔNG TY TNHH HUYỀN CẦM,CÔNG TY TNHH HUYỀN CẦM,Công ty trách nhiệm hữu hạn một thành viên,"453 Nguyễn Văn Khối, Phường 8, Quận Gò Vấp, Thành phố Hồ Chí Minh, Việt Nam",Quận Gò Vấp,"5229: Hoạt động dịch vụ hỗ trợ khác liên quan đến vận tải-Chi tiết: Hoạt động của đại lý làm thủ tục hải quan; Gửi hàng; Hoạt động giao nhận hàng hóa; Thu, phát chứng từ vận tải và vận đơn; Các hoạt đ",internet
315663850,CÔNG TY TNHH THƯƠNG MẠI DỊCH VỤ ĐIỆN VIỆT,CÔNG TY TNHH THƯƠNG MẠI DỊCH V,Công ty trách nhiệm hữu hạn một thành viên,"1042 Lê Đức Thọ , Phường 13, Quận Gò Vấp, Thành phố Hồ Chí Minh, Việt Nam",Quận Gò Vấp,"3312: Sửa chữa máy móc, thiết bị-(Trừ gia công cơ khí tái chế phế thải, xi mạ điện tại trụ sở);3313: Sửa chữa thiết bị điện tử và quang học-(Trừ gia công cơ khí tái chế phế thải, xi mạ điện tại trụ sở",internet
315669690,CÔNG TY TNHH HUẤN LUYỆN AN TOÀN LAO ĐỘNG ĐÔNG NAM Á,CÔNG TY TNHH HUẤN LUYỆN AN TOÀ,Công ty trách nhiệm hữu hạn một thành viên,"618/40/2, đường Quang Trung, Phường 11, Quận Gò Vấp, Thành phố Hồ Chí Minh, Việt Nam",Quận Gò Vấp,"4632: Bán buôn thực phẩm-(không hoạt động tại trụ sở);4633: Bán buôn đồ uống-;4641: Bán buôn vải, hàng may mặc, giày dép-;4649: Bán buôn đồ dùng khác cho gia đình-;4651: Bán buôn máy vi tính, thiết bị",internet
315653387,CÔNG TY TNHH NHỮNG NGƯỜI BẠN THẾ KỶ 20,CÔNG TY TNHH NHỮNG NGƯỜI BẠN T,Công ty trách nhiệm hữu hạn một thành viên,"776/30 Phạm Văn Bạch, Phường 12, Quận Gò Vấp, Thành phố Hồ Chí Minh, Việt Nam",Quận Gò Vấp,"4321: Lắp đặt hệ thống điện-Chi tiết: Lắp đặt thiết bị bưu chính, viễn thông, truyền hình và hệ thống mạng điện thoại (Trừ gia công cơ khí, tái chế phế thải, xi mạ điện tại trụ sở);4322: Lắp đặt hệ th",internet
315654133,CÔNG TY TNHH CÔNG NGHỆ SỐ NAM ANH,CÔNG TY TNHH CÔNG NGHỆ SỐ NAM ,Công ty trách nhiệm hữu hạn hai thành viên trở lên,"38/4 Đường 14, Phường 8, Quận Gò Vấp, Thành phố Hồ Chí Minh, Việt Nam",Quận Gò Vấp,"3314: Sửa chữa thiết bị điện-(trừ gia công cơ khí, tái chế phế thải, xi mạ điện tại trụ sở);3319: Sửa chữa thiết bị khác-(trừ gia công cơ khí, tái chế phế thải, xi mạ điện tại trụ sở);4101: Xây dựng n",internet
315648355,CÔNG TY TNHH VIVIGROUP,CÔNG TY TNHH VIVIGROUP,Công ty trách nhiệm hữu hạn hai thành viên trở lên,"59/39/15B Đỗ Thúc Tịnh, Phường 12, Quận Gò Vấp, Thành phố Hồ Chí Minh, Việt Nam",Quận Gò Vấp,"4329: Lắp đặt hệ thống xây dựng khác-;4649: Bán buôn đồ dùng khác cho gia đình-;4652: Bán buôn thiết bị và linh kiện điện tử, viễn thông-;4659: Bán buôn máy móc, thiết bị và phụ tùng máy khác-;4759: B",internet
315671643,CÔNG TY TNHH THƯƠNG MẠI ĐẦU TƯ VÀ PHÁT TRIỂN HOÀNG ĐĂNG,CÔNG TY TNHH THƯƠNG MẠI ĐẦU TƯ,Công ty trách nhiệm hữu hạn một thành viên,"35 Đường Số 14, Phường 5, Quận Gò Vấp, Thành phố Hồ Chí Minh, Việt Nam",Quận Gò Vấp,"1812: Dịch vụ liên quan đến in-;3312: Sửa chữa máy móc, thiết bị-(trừ gia công cơ khí, tái chế phế thải, xi mạ điện tại trụ sở);4299: Xây dựng công trình kỹ thuật dân dụng khác-;4312: Chuẩn bị mặt bằn",internet
315680302,CÔNG TY TNHH DỊCH VỤ ĂN UỐNG H&K,CÔNG TY TNHH DỊCH VỤ ĂN UỐNG H,Công ty trách nhiệm hữu hạn một thành viên,"Số F1-T1, Trung tâm thương mại Emart, số 366 Phan Văn Trị, Phường 5, Quận Gò Vấp, Thành phố Hồ Chí Minh, Việt Nam",Quận Gò Vấp,"4721: Bán lẻ lương thực trong các cửa hàng chuyên doanh-Chi tiết: Bán lẻ đường, sữa, trà và các sản phẩm từ sữa, bánh kẹo và các sản phẩm chế biến từ ngũ cốc, bột, tinh bột; bán lẻ thực phẩm trong các",internet
315621297,CÔNG TY TNHH  THƯƠNG MẠI DỊCH VỤ VẬN TẢI XÂY DỰNG LỘC PHÁT,CÔNG TY TNHH  THƯƠNG MẠI DỊCH ,Công ty trách nhiệm hữu hạn một thành viên,"606 Lê Quang Định, Tổ 12, Phường 1, Quận Gò Vấp, Thành phố Hồ Chí Minh, Việt Nam",Quận Gò Vấp,"8230: Tổ chức giới thiệu và xúc tiến thương mại-(không thực hiện các hiệu ứng cháy, nổ; không sử dụng chất nổ, chất cháy, hóa chất làm đạo cụ, dụng cụ thực hiện các chương trình văn nghệ, sự kiện, phi",internet
315685942,CÔNG TY TNHH  TMDV BẢO PHÚC,CÔNG TY TNHH  TMDV BẢO PHÚC,Công ty trách nhiệm hữu hạn một thành viên,"600/43/9 Lê Quang Định, Phường 1, Quận Gò Vấp, Thành phố Hồ Chí Minh, Việt Nam",Quận Gò Vấp,"6311: Xử lý dữ liệu, cho thuê và các hoạt động liên quan-;9631: Cắt tóc, làm đầu, gội đầu-Chi tiết: Phun thêu thẩm mỹ chân mày, nối mi (trừ hoạt động gây chảy máu);4321: Lắp đặt hệ thống điện-;46",internet
315685396,CÔNG TY TNHH CÔNG NGHỆ PHẦN MỀM T&T,CÔNG TY TNHH CÔNG NGHỆ PHẦN MỀ,Công ty trách nhiệm hữu hạn một thành viên,"350/13 Nguyễn Văn Khối, Phường 9, Quận Gò Vấp, Thành phố Hồ Chí Minh, Việt Nam",Quận Gò Vấp,1811: In ấn-(không hoạt động tại trụ sở).;2610: Sản xuất linh kiện điện tử-(không hoạt động tại trụ sở).;2620: Sản xuất máy vi tính và thiết bị ngoại vi của máy vi tính-(không hoạt động tại trụ sở).;2,internet
315677010,CÔNG TY TNHH THỰC PHẨM XANH HỮU CƠ,CÔNG TY TNHH THỰC PHẨM XANH HỮ,Công ty trách nhiệm hữu hạn một thành viên,"Kios 04, Lô B Khang Gia, 45 Phan Huy Ích, Phường 14, Quận Gò Vấp, Thành phố Hồ Chí Minh, Việt Nam",Quận Gò Vấp,"0126: Trồng cây cà phê-;1010: Chế biến, bảo quản thịt và các sản phẩm từ thịt-(không hoạt động tại trụ sở);1079: Sản xuất thực phẩm khác chưa được phân vào đâu-(không hoạt động tại trụ sở);4799: Bán l",internet
315617290,CÔNG TY TNHH TƯ VẤN THIẾT KẾ XÂY DỰNG QQ HOUSE,CÔNG TY TNHH TƯ VẤN THIẾT KẾ X,Công ty trách nhiệm hữu hạn một thành viên,"61/3/12 đường 11, Phường 11, Quận Gò Vấp, Thành phố Hồ Chí Minh, Việt Nam",Quận Gò Vấp,"7110: Hoạt động kiến trúc và tư vấn kỹ thuật có liên quan-;1610: Cưa, xẻ, bào gỗ và bảo quản gỗ-;1621: Sản xuất gỗ dán, gỗ lạng, ván ép và ván mỏng khác-;1622: Sản xuất đồ gỗ xây dựng-;1629: Sản xuất ",internet
315625904,CÔNG TY CỔ PHẦN KSAN,CÔNG TY CỔ PHẦN KSAN,Công ty cổ phần,"Số 11 Đường Thông Tây Hội , Phường 10, Quận Gò Vấp, Thành phố Hồ Chí Minh, Việt Nam",Quận Gò Vấp,4299: Xây dựng công trình kỹ thuật dân dụng khác-chi tiết: Xây dựng công trình kỹ thuật dân dụng khác; Xây dựng công trình đường dây và trạm biến thế đến 35KV;4330: Hoàn thiện công trình xây dựng-;502,internet
315660070,CÔNG TY TNHH NOVA TRADING,CÔNG TY TNHH NOVA TRADING,Công ty trách nhiệm hữu hạn một thành viên,"702/63/7 Lê Đức Thọ, Phường 15, Quận Gò Vấp, Thành phố Hồ Chí Minh, Việt Nam",Quận Gò Vấp,"2431: Đúc sắt, thép-;3320: Lắp đặt máy móc và thiết bị công nghiệp-;4101: Xây dựng nhà để ở-;4311: Phá dỡ-;4330: Hoàn thiện công trình xây dựng-;4390: Hoạt động xây dựng chuyên dụng khác-Chi tiết: Hoạ",internet
315694062,CÔNG TY TNHH THƯƠNG MẠI VÀ DỊCH VỤ SEENA VIỆT NAM,CÔNG TY TNHH THƯƠNG MẠI VÀ DỊC,Công ty trách nhiệm hữu hạn một thành viên,"51/1 Phạm Văn Chiêu, Phường 14, Quận Gò Vấp, Thành phố Hồ Chí Minh, Việt Nam",Quận Gò Vấp,"4791: Bán lẻ theo yêu cầu đặt hàng qua bưu điện hoặc internet-(trừ bán lẻ bình ga, khí dầu mỏ hóa lỏng LPG, dầu nhớt cặn, vàng miếng, súng, đạn loại dùng đi săn hoặc thể thao và tiền kim khí và thực h",internet
315670079,CÔNG TY TNHH ĐẦU TƯ THƯƠNG MẠI DỊCH VỤ TỔNG HỢP MINH TRUNG,CÔNG TY TNHH ĐẦU TƯ THƯƠNG MẠI,Công ty trách nhiệm hữu hạn hai thành viên trở lên,"Số 07, Đường số 04, Cityland Park Hills, Phường 10, Quận Gò Vấp, Thành phố Hồ Chí Minh, Việt Nam",Quận Gò Vấp,"4292: Xây dựng công trình khai khoáng-;4293: Xây dựng công trình chế biến, chế tạo-;4390: Hoạt động xây dựng chuyên dụng khác-;4520: Bảo dưỡng, sửa chữa ô tô và xe có động cơ khác-;4542: Bảo dưỡng và ",internet
315630171,CÔNG TY TNHH VI SINH MICROTECH,CÔNG TY TNHH VI SINH MICROTECH,Công ty trách nhiệm hữu hạn một thành viên,"95 Lý Thường Kiệt, Phường 7, Quận Gò Vấp, Thành phố Hồ Chí Minh, Việt Nam",Quận Gò Vấp,"4610: Đại lý, môi giới, đấu giá hàng hóa-(Trừ đấu giá tài sản);4669: Bán buôn chuyên doanh khác chưa được phân vào đâu-(Trừ dược phẩm, không tồn trữ hoá chất, không bán buôn phế liệu, phế thải kim loạ",internet
315635998,CÔNG TY CỔ PHẦN SAASPIENS VIỆT NAM,CÔNG TY CỔ PHẦN SAASPIENS VIỆT,Công ty cổ phần,"239/11 Nguyễn Văn Công, Phường 3, Quận Gò Vấp, Thành phố Hồ Chí Minh, Việt Nam",Quận Gò Vấp,"6209: Hoạt động dịch vụ công nghệ thông tin và dịch vụ khác liên quan đến máy vi tính-;6311: Xử lý dữ liệu, cho thuê và các hoạt động liên quan-;6202: Tư vấn máy vi tính và quản trị hệ thống máy vi tí",internet
315677645,CÔNG TY TNHH QUỐC TẾ LAM LONG,CÔNG TY TNHH QUỐC TẾ LAM LONG,Công ty trách nhiệm hữu hạn một thành viên,"6/1 Đường Số 6, Phường 15, Quận Gò Vấp, Thành phố Hồ Chí Minh, Việt Nam",Quận Gò Vấp,"4773: Bán lẻ hàng hóa khác mới trong các cửa hàng chuyên doanh-(trừ khí dầu mỏ hóa lỏng LPG, bình ga, súng - đạn dùng để đi săn hoặc thể thao, tiền kim khí, hóa chất, mua - bán vàng miếng và thực hiện",internet
315680327,CÔNG TY TNHH THƯƠNG MẠI DỊCH VỤ VÀ XÂY DỰNG THÁI MINH,CÔNG TY TNHH THƯƠNG MẠI DỊCH V,Công ty trách nhiệm hữu hạn một thành viên,"22/2/9 Đường số 21, Phường 8, Quận Gò Vấp, Thành phố Hồ Chí Minh, Việt Nam",Quận Gò Vấp,2592: Gia công cơ khí; xử lý và tráng phủ kim loại--( không hoạt động tại trụ sở).;4101: Xây dựng nhà để ở-;4102: Xây dựng nhà không để ở-;4211: Xây dựng công trình đường sắt-;4212: Xây dựng công trìn,internet
315647182,CÔNG TY TNHH THƯƠNG MẠI DỊCH VỤ ĐIỆN TỬ THÀNH LUÂN,CÔNG TY TNHH THƯƠNG MẠI DỊCH V,Công ty trách nhiệm hữu hạn một thành viên,"127B đường số 2, Phường 16, Quận Gò Vấp, Thành phố Hồ Chí Minh, Việt Nam",Quận Gò Vấp,"4652: Bán buôn thiết bị và linh kiện điện tử, viễn thông-;4659: Bán buôn máy móc, thiết bị và phụ tùng máy khác-Chi tiết: - Bán buôn máy móc, thiết bị điện, vật liệu điện (máy phát điện, động cơ điện,",internet
315701979,CÔNG TY TNHH THƯƠNG MẠI DỊCH VỤ TRUYỀN THÔNG CỎ,CÔNG TY TNHH THƯƠNG MẠI DỊCH V,Công ty trách nhiệm hữu hạn hai thành viên trở lên,"218/36/1C  Nguyễn Duy Cung, Phường 12, Quận Gò Vấp, Thành phố Hồ Chí Minh, Việt Nam",Quận Gò Vấp,"0122: Trồng cây lấy quả chứa dầu-(không hoạt động tại trụ sở); 0118: Trồng rau, đậu các loại và trồng hoa-(không hoạt động tại trụ sở); 0112: Trồng ngô và cây lương thực có hạt khác-(không hoạt động t",internet
315689707,CÔNG TY TNHH THƯƠNG MẠI THIẾT BỊ SAKURA,CÔNG TY TNHH THƯƠNG MẠI THIẾT ,Công ty trách nhiệm hữu hạn một thành viên,"558 Phạm Văn Chiêu, Phường 16, Quận Gò Vấp, Thành phố Hồ Chí Minh, Việt Nam",Quận Gò Vấp,"8230: Tổ chức giới thiệu và xúc tiến thương mại-(không thực hiện các hiệu ứng cháy, nổ; không sử dụng chất nổ, chất cháy, hóa chất làm đạo cụ, dụng cụ thực hiện các chương trình văn nghệ, sự kiện, phi",internet
315725899,CÔNG TY TNHH THƯƠNG MẠI DỊCH VỤ BÍCH NGUYÊN TRAVEL,CÔNG TY TNHH THƯƠNG MẠI DỊCH V,Công ty trách nhiệm hữu hạn một thành viên,"511/27 Thống Nhất, Phường 16, Quận Gò Vấp, Thành phố Hồ Chí Minh, Việt Nam",Quận Gò Vấp,7912: Điều hành tua du lịch-;7911: Đại lý du lịch-;7990: Dịch vụ đặt chỗ và các dịch vụ hỗ trợ liên quan đến quảng bá và tổ chức tua du lịch-Chi tiết: Dịch vụ đặt chỗ và các dịch vụ hỗ trợ liên quan đ,internet
315701873,CÔNG TY TNHH THƯƠNG MẠI XUẤT NHẬP KHẨU SHIP SHOP XACH,CÔNG TY TNHH THƯƠNG MẠI XUẤT N,Công ty trách nhiệm hữu hạn hai thành viên trở lên,"730/7/9 Lê Đức Thọ, Phường 15, Quận Gò Vấp, Thành phố Hồ Chí Minh, Việt Nam",Quận Gò Vấp,"4791: Bán lẻ theo yêu cầu đặt hàng qua bưu điện hoặc internet-(trừ bán lẻ bình gas, khí dầu mỏ hóa lỏng LPG, dầu nhớt cặn, vàng miếng, súng, đạn loại dùng đi săn hoặc thể thao và ",internet
315704592,CÔNG TY TNHH MTV TM DV XD HẢI TRUNG KIM,CÔNG TY TNHH MTV TM DV XD HẢI,Công ty trách nhiệm hữu hạn một thành viên,"209/4/7 Nguyễn Văn Lượng, Phường 10, Quận Gò Vấp, Thành phố Hồ Chí Minh, Việt Nam",Quận Gò Vấp,4101: Xây dựng nhà để ở-;4102: Xây dựng nhà không để ở-;4299: Xây dựng công trình kỹ thuật dân dụng khác-;4311: Phá dỡ-;4312: Chuẩn bị mặt bằng-;4321: Lắp đặt hệ thống điện-;4322: Lắp đặt hệ thống cấp,internet
315706790,CÔNG TY TNHH THƯƠNG MẠI DỊCH VỤ KHẮC NGUYÊN,CÔNG TY TNHH THƯƠNG MẠI DỊCH V,Công ty trách nhiệm hữu hạn một thành viên,"4/61 Lê Đức Thọ, Phường 15, Quận Gò Vấp, Thành phố Hồ Chí Minh, Việt Nam",Quận Gò Vấp,"4633: Bán buôn đồ uống-;4690: Bán buôn tổng hợp-Chi tiết : Bán buôn giường, tủ, bàn ghế và đồ dùng nội thất. Bán buôn nước hoa, hàng mỹ phẩm và chế phẩm vệ sinh;5610: Nhà hàng và các dịch vụ ăn uống p",internet
315726525,CÔNG TY TNHH MTV DỊCH VỤ TRÒ CHƠI ĐIỆN TỬ NỤ CƯỜI VUI,CÔNG TY TNHH MTV DỊCH VỤ TRÒ C,Công ty trách nhiệm hữu hạn một thành viên,"432 Phan Huy Ích, Phường 12, Quận Gò Vấp, Thành phố Hồ Chí Minh, Việt Nam",Quận Gò Vấp,6190: Hoạt động viễn thông khác-Chi tiết: Hoạt động của các điểm truy cập internet;9329: Hoạt động vui chơi giải trí khác chưa được phân vào đâu-Chi tiết: Kinh doanh trò chơi điện tử (trừ kinh doanh t,internet
315718683,CÔNG TY TNHH SÀI GÒN ĐÂY,CÔNG TY TNHH SÀI GÒN ĐÂY,Công ty trách nhiệm hữu hạn một thành viên,"Số 845 đường Thống Nhất, Phường 13, Quận Gò Vấp, Thành phố Hồ Chí Minh, Việt Nam",Quận Gò Vấp,"5229: Hoạt động dịch vụ hỗ trợ khác liên quan đến vận tải-Chi tiết: Giao nhận hàng hóa, Hoạt động của các đại lý bán vé máy bay, vé tàu, vé xe;7310: Quảng cáo-;4610: Đại lý, môi giới, đấu giá hàng hóa",internet
315732529,CÔNG TY TNHH KIM NHẬT VIỆT,CÔNG TY TNHH KIM NHẬT VIỆT,Công ty trách nhiệm hữu hạn một thành viên,"237 Nguyễn Văn Khối, Phường 8, Quận Gò Vấp, Thành phố Hồ Chí Minh, Việt Nam",Quận Gò Vấp,"4649: Bán buôn đồ dùng khác cho gia đình-Chi tiết: Bán buôn đồ điện gia dụng, đèn và bộ đèn điện. Bán buôn giường, tủ, bàn ghế và đồ dùng nội thất tương tự. Bán buôn giấy dán tường các loại.Bán buôn n",internet
315743168,CÔNG TY CỔ PHẦN  KHOA HỌC KỸ THUẬT ÁNH DƯƠNG,CÔNG TY CỔ PHẦN  KHOA HỌC KỸ T,Công ty cổ phần,"467/65 Lê Đức Thọ, Phường 16, Quận Gò Vấp, Thành phố Hồ Chí Minh, Việt Nam",Quận Gò Vấp,"4649: Bán buôn đồ dùng khác cho gia đình-Chi tiết: Bán buôn đồ điện gia dụng, đèn và bộ đèn điện. Bán buôn dược phẩm và dụng cụ y tế, Bán buôn nước hoa, hàng mỹ phẩm và chế phẩm vệ sinh (Trừ kinh doan",internet
315744179,CÔNG TY TNHH ĐẦU TƯ THƯƠNG MẠI DỊCH VỤ LINH NGUYỄN,CÔNG TY TNHH ĐẦU TƯ THƯƠNG MẠI,Công ty trách nhiệm hữu hạn một thành viên,"Số 11 Đường số 5, Khu Dân Cư Cityland Park Hills, Phường 10, Quận Gò Vấp, Thành phố Hồ Chí Minh, Việt Nam",Quận Gò Vấp,5221: Hoạt động dịch vụ hỗ trợ trực tiếp cho vận tải đường sắt-(trừ hóa lỏng khí để vận chuyển); 5222: Hoạt động dịch vụ hỗ trợ trực tiếp cho vận tải đường thủy-(trừ hóa lỏng khí để vận chuyển); 5225:,internet
315742950,CÔNG TY CỔ PHẦN ĐẦU TƯ THƯƠNG MẠI QUỐC TẾ VINATAD,CÔNG TY CỔ PHẦN ĐẦU TƯ THƯƠNG ,Công ty cổ phần,"Số 33 Đường số 2, Khu Dân Cư Cityland, Phường 5, Quận Gò Vấp, Thành phố Hồ Chí Minh, Việt Nam",Quận Gò Vấp,"4791: Bán lẻ theo yêu cầu đặt hàng qua bưu điện hoặc internet-( trừ bán lẻ bình gas, súng, đạn loại dùng đi săn hoặc thể thao và tiền kim khí và  thực hiện theo quyết định 64/2009/QĐ-UBND ngày 31/7/20",internet
315742894,CÔNG TY TNHH NET 269 PVC,CÔNG TY TNHH NET 269 PVC,Công ty trách nhiệm hữu hạn một thành viên,"203 Đường Số 3, Phường 9, Quận Gò Vấp, Thành phố Hồ Chí Minh, Việt Nam",Quận Gò Vấp,"5630: Dịch vụ phục vụ đồ uống-(trừ quán bar, quán giải khát có khiêu vũ);5510: Dịch vụ lưu trú ngắn ngày-Chi tiết: Khách sạn, biệt thự du lịch, căn hộ du lịch, nhà nghỉ du lịch, nhà ở có phòng cho khá",internet
315721686,CÔNG TY CỔ PHẦN ĐẦU TƯ XÂY DỰNG TRƯỜNG THỊNH LAND,CÔNG TY CỔ PHẦN ĐẦU TƯ XÂY DỰN,Công ty cổ phần,"865 Phạm Văn Bạch, Phường 12, Quận Gò Vấp, Thành phố Hồ Chí Minh, Việt Nam",Quận Gò Vấp,"6820: Tư vấn, môi giới, đấu giá bất động sản, đấu giá quyền sử dụng đất-Chi tiết: Tư vấn, môi giới bất động sản (trừ tư vấn mang tính pháp lý);6810: Kinh doanh bất động sản, quyền sử dụng đất thuộc ch",internet
315726797,CÔNG TY TNHH TIN CƯỜNG,CÔNG TY TNHH TIN CƯỜNG,Công ty trách nhiệm hữu hạn một thành viên,"379/48 Lê Đức Thọ, Phường 17, Quận Gò Vấp, Thành phố Hồ Chí Minh, Việt Nam",Quận Gò Vấp,"6492: Hoạt động cấp tín dụng khác-Chi tiết: Dịch vụ cầm đồ.;4543: Bán phụ tùng và các bộ phận phụ trợ của mô tô, xe máy-;4651: Bán buôn máy vi tính, thiết bị ngoại vi và phần mềm-;4652: Bán buôn thiết",internet
315733963,CÔNG TY TNHH MTK RETAIL,CÔNG TY TNHH MTK RETAIL,Công ty trách nhiệm hữu hạn một thành viên,"Số 60 Thích Bửu Đăng, Phường 1, Quận Gò Vấp, Thành phố Hồ Chí Minh, Việt Nam",Quận Gò Vấp,"4773: Bán lẻ hàng hóa khác mới trong các cửa hàng chuyên doanh-(Trừ bán lẻ khí dầu mỏ hóa lỏng LPG, bình gas, hóa chất, súng, đạn loại dùng đi săn hoặc thể thao và tiền kim khí và cam kết thực hiện th",internet
315710966,CÔNG TY TNHH DỊCH VỤ VESOONLINE,CÔNG TY TNHH DỊCH VỤ VESOONLIN,Công ty trách nhiệm hữu hạn một thành viên,"229 Nguyễn Văn Nghi, Phường 7, Quận Gò Vấp, Thành phố Hồ Chí Minh, Việt Nam",Quận Gò Vấp,6201: Lập trình máy vi tính-;6202: Tư vấn máy vi tính và quản trị hệ thống máy vi tính-;6209: Hoạt động dịch vụ công nghệ thông tin và dịch vụ khác liên quan đến máy vi tính-Chi tiết: Khắc phục sự cố ,internet
315745207,CÔNG TY TNHH THƯƠNG MẠI DỊCH VỤ SẢN XUẤT HOÀNG MINH THÙY,CÔNG TY TNHH THƯƠNG MẠI DỊCH V,Công ty trách nhiệm hữu hạn một thành viên,"122/22 Trần Bình Trọng , Phường 1, Quận Gò Vấp, Thành phố Hồ Chí Minh, Việt Nam",Quận Gò Vấp,"2592: Gia công cơ khí; xử lý và tráng phủ kim loại-chi tiết: gia công sản xuất các sản phẩm bằng sắt, thép nhôm, inox.;3100: Sản xuất giường, tủ, bàn, ghế-Chi tiết: Sản xuất giường, tủ, bàn, ghế bằng ",internet
315753487,CÔNG TY TNHH TÂM NGỌC VĂN,CÔNG TY TNHH TÂM NGỌC VĂN,Công ty trách nhiệm hữu hạn hai thành viên trở lên,"448/79 Phan Huy Ích, Phường 12, Quận Gò Vấp, Thành phố Hồ Chí Minh, Việt Nam",Quận Gò Vấp,"1410: May trang phục (trừ trang phục từ da lông thú)-;4641: Bán buôn vải, hàng may mặc, giày dép-;4791: Bán lẻ theo yêu cầu đặt hàng qua bưu điện hoặc internet-(trừ bán lẻ bình gas, súng, đạn loại dùn",internet
315716284,CÔNG TY TNHH JUMPO CARGO,CÔNG TY TNHH JUMPO CARGO,Công ty trách nhiệm hữu hạn một thành viên,"8/22 Đường số 50, Phường 14, Quận Gò Vấp, Thành phố Hồ Chí Minh, Việt Nam",Quận Gò Vấp,1399: Sản xuất các loại hàng dệt khác chưa được phân vào đâu-;2599: Sản xuất sản phẩm khác bằng kim loại chưa được phân vào đâu-(trừ sản xuất vàng miếng);3320: Lắp đặt máy móc và thiết bị công nghiệp-,internet
315760981,CÔNG TY TNHH CÁNH BUỒM VÀNG,CÔNG TY TNHH CÁNH BUỒM VÀNG,Công ty trách nhiệm hữu hạn một thành viên,"563-565 Quang Trung, Phường 10, Quận Gò Vấp, Thành phố Hồ Chí Minh, Việt Nam",Quận Gò Vấp,"4782: Bán lẻ hàng dệt, may sẵn, giày dép lưu động hoặc tại chợ-Chi tiết: bán lẻ hàng may mặc lưu động hoặc tại chợ;4791: Bán lẻ theo yêu cầu đặt hàng qua bưu điện hoặc internet-(trừ bán lẻ hóa chất tạ",internet
315787616,CÔNG TY TNHH THƯƠNG MẠI DỊCH VỤ PIN XANH,CÔNG TY TNHH THƯƠNG MẠI DỊCH V,Công ty trách nhiệm hữu hạn một thành viên,"40 đường số 7, Phường 7, Quận Gò Vấp, Thành phố Hồ Chí Minh, Việt Nam",Quận Gò Vấp,"3312: Sửa chữa máy móc, thiết bị-Chi tiết: Sửa chữa các thiết bị sử dụng năng lượng mặt trời, năng lượng sinh học, năng lượng tái tạo (trừ xử lý, tráng phủ, xi mạ kim loại);4329: Lắp đặt hệ thống xây ",internet
315771038,CÔNG TY TNHH PUCECO,CÔNG TY TNHH PUCECO,Công ty trách nhiệm hữu hạn một thành viên,"473 Lê Quang Định, Phường 1, Quận Gò Vấp, Thành phố Hồ Chí Minh, Việt Nam",Quận Gò Vấp,"4610: Đại lý, môi giới, đấu giá hàng hóa-Chi tiết: Đại lý, môi giới (trừ môi giới bất động sản);4632: Bán buôn thực phẩm-(không hoạt động tại trụ sở);4649: Bán buôn đồ dùng khác cho gia đình-Chi tiết:",internet
315769046,CÔNG TY TNHH DỊCH VỤ VÀ ĐÀO TẠO LADIGI,CÔNG TY TNHH DỊCH VỤ VÀ ĐÀO TẠ,Công ty trách nhiệm hữu hạn một thành viên,"1005/42 Nguyễn Kiệm, Phường 3, Quận Gò Vấp, Thành phố Hồ Chí Minh, Việt Nam",Quận Gò Vấp,5820: Xuất bản phần mềm-Chi tiết: sản xuất phần mềm;6202: Tư vấn máy vi tính và quản trị hệ thống máy vi tính-;6209: Hoạt động dịch vụ công nghệ thông tin và dịch vụ khác liên quan đến máy vi tính-chi,internet
315756664,CÔNG TY TNHH SẢN XUẤT ĐẦU TƯ THƯƠNG MẠI HUY VŨ,CÔNG TY TNHH SẢN XUẤT ĐẦU TƯ T,Công ty trách nhiệm hữu hạn một thành viên,"Số 60 Đường Số 8, Khu dân cư CityLand Park Hills, Phường 10, Quận Gò Vấp, Thành phố Hồ Chí Minh, Việt Nam",Quận Gò Vấp,"0810: Khai thác đá, cát, sỏi, đất sét-(không hoạt động tại trụ sở);1621: Sản xuất gỗ dán, gỗ lạng, ván ép và ván mỏng khác-;1622: Sản xuất đồ gỗ xây dựng-;1623: Sản xuất bao bì bằng gỗ-;1629: Sản xuất",internet
315768204,CÔNG TY TNHH THƯƠNG MẠI DỊCH VỤ THIẾT BỊ TÂN TIẾN MINH,CÔNG TY TNHH THƯƠNG MẠI DỊCH V,Công ty trách nhiệm hữu hạn một thành viên,"66/7 đường số 30, Phường 6, Quận Gò Vấp, Thành phố Hồ Chí Minh, Việt Nam",Quận Gò Vấp,"3320: Lắp đặt máy móc và thiết bị công nghiệp-Chi tiết: Thi công lắp đặt camera, mạng internet (điện nhẹ)(trừ lắp đặt các thiết bị điện lạnh (thiết bị cấp đông, kho lạnh, máy đá, điều hòa không khí, l",internet
315795060,CÔNG TY TNHH TƯ VẤN ĐẦU TƯ LUCAS,CÔNG TY TNHH TƯ VẤN ĐẦU TƯ LUC,Công ty trách nhiệm hữu hạn một thành viên,"734 Phạm Văn Bạch, Phường 12, Quận Gò Vấp, Thành phố Hồ Chí Minh, Việt Nam",Quận Gò Vấp,"7730: Cho thuê máy móc, thiết bị và đồ dùng hữu hình khác không kèm người điều khiển-Chi tiết: Cho thuê máy móc, thiết bị xây dựng;8532: Đào tạo trung cấp-(không hoạt động tại trụ sở);8560: Dịch vụ hỗ",internet
315770228,CÔNG TY TNHH  IN ẤN QUẢNG CÁO HỒNG PHÚC,CÔNG TY TNHH  IN ẤN QUẢNG CÁO ,Công ty trách nhiệm hữu hạn một thành viên,"67/2/37 Đường số 5, Phường 17, Quận Gò Vấp, Thành phố Hồ Chí Minh, Việt Nam",Quận Gò Vấp,"1811: In ấn-(trừ in tráng bao bì kim loại và trừ in trên các sản phẩm vải sợi -  dệt - may đan tại trụ sở;1812: Dịch vụ liên quan đến in-Chi tiết: Đóng bìa,gáy sách, nẹp lịch, kẻ giấy, mạ nhủ, mạ vàng",internet
315776050,CÔNG TY TNHH BẤT ĐỘNG SẢN SUNDERLAND,CÔNG TY TNHH BẤT ĐỘNG SẢN SUND,Công ty trách nhiệm hữu hạn hai thành viên trở lên,"103/11 Nguyễn Du , Phường 7, Quận Gò Vấp, Thành phố Hồ Chí Minh, Việt Nam",Quận Gò Vấp,"4610: Đại lý, môi giới, đấu giá hàng hóa-Chi tiết: Đại lý, môi giới (trừ môi giới bất động sản).;6311: Xử lý dữ liệu, cho thuê và các hoạt động liên quan-(trừ đại lý truy cập, truy cập internet tại tr",internet
315771630,CÔNG TY TNHH VẬT LIỆU 9A,CÔNG TY TNHH VẬT LIỆU 9A,Công ty trách nhiệm hữu hạn hai thành viên trở lên,"302/65 Phan Huy Ích, Phường 12, Quận Gò Vấp, Thành phố Hồ Chí Minh, Việt Nam",Quận Gò Vấp,"4649: Bán buôn đồ dùng khác cho gia đình-Chi tiết: 
- bán buôn vali, cặp, túi, ví, hàng da và giả da khác;
- bán buôn dược phẩm và dụng cụ y tế;
- bán buôn nước hoa, hàng mỹ phẩm và chế phẩm vệ sinh;
",internet
315792486,CÔNG TY TNHH NHẬP KHẨU VÀ PHÂN PHỐI MỸ PHẨM - THỰC PHẨM CHỨC NĂNG K-TOPPRODUCTS,CÔNG TY TNHH NHẬP KHẨU VÀ PHÂ,Công ty trách nhiệm hữu hạn một thành viên,"120/61/25 Đường Số 59, Phường 14, Quận Gò Vấp, Thành phố Hồ Chí Minh, Việt Nam",Quận Gò Vấp,"1079: Sản xuất thực phẩm khác chưa được phân vào đâu-Chi tiết: Sản xuất thực phẩm chức năng (không hoạt động tại trụ sở);2023: Sản xuất mỹ phẩm, xà phòng, chất tẩy rửa, làm bóng và chế phẩm vệ sinh-(k",internet
315779887,CÔNG TY TNHH DỊCH VỤ QUẢN LÝ 3T,CÔNG TY TNHH DỊCH VỤ QUẢN LÝ 3,Công ty trách nhiệm hữu hạn hai thành viên trở lên,"163/26 Nguyễn Văn Nghi, Phường 7, Quận Gò Vấp, Thành phố Hồ Chí Minh, Việt Nam",Quận Gò Vấp,5590: Cơ sở lưu trú khác-(Không hoạt động tại trụ sở);6201: Lập trình máy vi tính-;6202: Tư vấn máy vi tính và quản trị hệ thống máy vi tính-;6209: Hoạt động dịch vụ công nghệ thông tin và dịch vụ khá,internet
315819145,CÔNG TY TNHH BELLE & NEW,CÔNG TY TNHH BELLE  NEW,Công ty trách nhiệm hữu hạn hai thành viên trở lên,"312/4/15C Quang Trung, Phường 10, Quận Gò Vấp, Thành phố Hồ Chí Minh, Việt Nam",Quận Gò Vấp,"2023: Sản xuất mỹ phẩm, xà phòng, chất tẩy rửa, làm bóng và chế phẩm vệ sinh-(Chi tiết: Sản xuất mỹ phẩm; Sản xuất xà phòng, chất tẩy rửa, làm bóng và chế phẩm vệ sinh) (Không hoạt động tại trụ sở).;4",internet
315793440,CÔNG TY TNHH TRUYỀN THÔNG & QUẢNG CÁO CÁT NGỌC,CÔNG TY TNHH TRUYỀN THÔNG  QUẢ,Công ty trách nhiệm hữu hạn hai thành viên trở lên,"76/6 Nguyễn Tư Giản, Phường 12, Quận Gò Vấp, Thành phố Hồ Chí Minh, Việt Nam",Quận Gò Vấp,"1811: In ấn-;1812: Dịch vụ liên quan đến in-;4649: Bán buôn đồ dùng khác cho gia đình-(trừ bán buôn dược phẩm);5911: Hoạt động sản xuất phim điện ảnh, phim video và chương trình truyền hình-Chi tiết: ",internet
315751627,CÔNG TY TNHH NÔNG SẢN ĐĂNG KHÔI,CÔNG TY TNHH NÔNG SẢN ĐĂNG KHÔ,Công ty trách nhiệm hữu hạn một thành viên,"28/18B Lê Thị Hồng, Phường 17, Quận Gò Vấp, Thành phố Hồ Chí Minh, Việt Nam",Quận Gò Vấp,"1812: Dịch vụ liên quan đến in-;2817: Sản xuất máy móc và thiết bị văn phòng (trừ máy vi tính và thiết bị ngoại vi của máy vi tính)-;3100: Sản xuất giường, tủ, bàn, ghế-(Không hoạt động tại trụ sở);33",internet
315825075,CÔNG TY TNHH GIẢI PHÁP CÔNG NGHỆ MYNET,CÔNG TY TNHH GIẢI PHÁP CÔNG NG,Công ty trách nhiệm hữu hạn một thành viên,"Số 5 Đường số 9, KDC CityLand Park, Phường 10, Quận Gò Vấp, Thành phố Hồ Chí Minh, Việt Nam",Quận Gò Vấp,6201: Lập trình máy vi tính-;6209: Hoạt động dịch vụ công nghệ thông tin và dịch vụ khác liên quan đến máy vi tính-(trừ kinh doanh đại lý truy cập internet);6202: Tư vấn máy vi tính và quản trị hệ thố,internet
315822691,CÔNG TY TNHH THƯƠNG MẠI DỊCH VỤ LOTUS INTERNATIONAL,CÔNG TY TNHH THƯƠNG MẠI DỊCH V,Công ty trách nhiệm hữu hạn hai thành viên trở lên,"167/4/3 Huỳnh Văn Nghệ, Phường 12, Quận Gò Vấp, Thành phố Hồ Chí Minh, Việt Nam",Quận Gò Vấp,4721: Bán lẻ lương thực trong các cửa hàng chuyên doanh-(Thực hiện đúng Quyết định 64/2009/QĐ-UBND ngày 31/07/2009 và quyết định 79/2009/QĐ-UBND ngày 17/10/2009 của Uỷ ban nhân dân Thành phố về phê du,internet
315821793,CÔNG TY TNHH THƯƠNG MẠI DỊCH VỤ ICM,CÔNG TY TNHH THƯƠNG MẠI DỊCH V,Công ty trách nhiệm hữu hạn một thành viên,"630/84 Đường Thống Nhất, Phường 15, Quận Gò Vấp, Thành phố Hồ Chí Minh, Việt Nam",Quận Gò Vấp,"3312: Sửa chữa máy móc, thiết bị-;3313: Sửa chữa thiết bị điện tử và quang học-;3314: Sửa chữa thiết bị điện-;3320: Lắp đặt máy móc và thiết bị công nghiệp-(Trừ gia công cơ khí, tái chế phế thải, xi, ",internet
315806065,CÔNG TY TNHH THƯƠNG MẠI DỊCH VỤ CÔNG NGHỆ 5S,CÔNG TY TNHH THƯƠNG MẠI DỊCH V,Công ty trách nhiệm hữu hạn hai thành viên trở lên,"20/7 Đường số 9, Phường 9, Quận Gò Vấp, Thành phố Hồ Chí Minh, Việt Nam",Quận Gò Vấp,"9521: Sửa chữa thiết bị nghe nhìn điện tử gia dụng-Chi tiết: Sửa chữa thiết bị nghe nhìn, điện tử gia dụng (Trừ gia công cơ khí tái chế phế thải, xi mạ điện tại trụ sở);9522: Sửa chữa thiết bị, đồ dùn",internet
315845434,CÔNG TY CỔ PHẦN DỊCH VỤ CHỢ HẠNH THÔNG TÂY,CÔNG TY CỔ PHẦN DỊCH VỤ CHỢ HẠ,Công ty cổ phần,"688/75 Quang Trung, Phường 11, Quận Gò Vấp, Thành phố Hồ Chí Minh, Việt Nam",Quận Gò Vấp,"1410: May trang phục (trừ trang phục từ da lông thú)-;1430: Sản xuất trang phục dệt kim, đan móc-;1520: Sản xuất giày, dép-;4632: Bán buôn thực phẩm-(không hoạt động tại trụ sở);4633: Bán buôn đồ uống",internet
315814919,CÔNG TY CỔ PHẦN BANDIDAU,CÔNG TY CỔ PHẦN BANDIDAU,Công ty cổ phần,"493/33 Lê Đức Thọ, Phường 16, Quận Gò Vấp, Thành phố Hồ Chí Minh, Việt Nam",Quận Gò Vấp,"7990: Dịch vụ đặt chỗ và các dịch vụ hỗ trợ liên quan đến quảng bá và tổ chức tua du lịch-;4610: Đại lý, môi giới, đấu giá hàng hóa-Chi tiết: Đại lý bán hàng hóa, môi giới mua bán hàng hóa;4931: Vận t",internet
315815736,CÔNG TY TNHH JAKO FOODS VIỆT NAM,CÔNG TY TNHH JAKO FOODS VIỆT N,Công ty trách nhiệm hữu hạn một thành viên,"158/65/10 Phạm Văn Chiêu, Phường 9, Quận Gò Vấp, Thành phố Hồ Chí Minh, Việt Nam",Quận Gò Vấp,5610: Nhà hàng và các dịch vụ ăn uống phục vụ lưu động-(trừ hoạt động quán bar và quán giải khát có khiêu vũ).;5630: Dịch vụ phục vụ đồ uống-(trừ hoạt động quán bar và quán giải khát có khiêu vũ).;562,internet
315822356,CÔNG TY CỔ PHẦN HỌC VIỆN ONLINE ALOHA,CÔNG TY CỔ PHẦN HỌC VIỆN ONLIN,Công ty cổ phần,"125/20/9 Đường số 9, Phường 9, Quận Gò Vấp, Thành phố Hồ Chí Minh, Việt Nam",Quận Gò Vấp,8560: Dịch vụ hỗ trợ giáo dục-Chi tiết: Tư vấn giáo dục; Dịch vụ đưa ra ý kiến hướng dẫn về giáo dục;6312: Cổng thông tin-Chi tiết: Dịch vụ thương mại điện tử;4649: Bán buôn đồ dùng khác cho gia đình-,internet
315859500,CÔNG TY TNHH QUẢNG CÁO TRUYỀN THÔNG EBAYZO,CÔNG TY TNHH QUẢNG CÁO TRUYỀN ,Công ty trách nhiệm hữu hạn một thành viên,"306A Lê Đức Thọ, Phường 6, Quận Gò Vấp, Thành phố Hồ Chí Minh, Việt Nam",Quận Gò Vấp,"4610: Đại lý, môi giới, đấu giá hàng hóa-Chi tiết: Môi giới (trừ môi giới bất động sản);4651: Bán buôn máy vi tính, thiết bị ngoại vi và phần mềm-;4652: Bán buôn thiết bị và linh kiện điện tử, viễn th",internet
315842514,CÔNG TY TNHH KỸ THUẬT ĐẦU TƯ THƯƠNG MẠI BÌNH AN,CÔNG TY TNHH KỸ THUẬT ĐẦU TƯ T,Công ty trách nhiệm hữu hạn một thành viên,"220/59 Thống Nhất, Phường 10, Quận Gò Vấp, Thành phố Hồ Chí Minh, Việt Nam",Quận Gò Vấp,"4782: Bán lẻ hàng dệt, may sẵn, giày dép lưu động hoặc tại chợ-;4783: Bán lẻ thiết bị công nghệ thông tin liên lạc lưu động hoặc tại chợ-;4784: Bán lẻ thiết bị gia đình khác lưu động hoặc tại chợ-;479",internet
315841694,CÔNG TY TNHH SẢN XUẤT THƯƠNG MẠI DỊCH VỤ TRƯỜNG BẠCH,CÔNG TY TNHH SẢN XUẤT THƯƠNG M,Công ty trách nhiệm hữu hạn hai thành viên trở lên,"70 Đường số 1, Phường 16, Quận Gò Vấp, Thành phố Hồ Chí Minh, Việt Nam",Quận Gò Vấp,"1512: Sản xuất vali, túi xách và các loại tương tự, sản xuất yên đệm-(trừ tẩy nhuộm, hồ, in và không gia công hàng đã qua sử dụng, thuộc da, luyện cán cao su, tái chế phế thải tại trụ sở).;1520: Sản x",internet
315847054,CÔNG TY TRÁCH NHIỆM HỮU HẠN NASASU,CÔNG TY TRÁCH NHIỆM HỮU HẠN NA,Công ty trách nhiệm hữu hạn một thành viên,"154 Phạm Văn Chiêu, Phường 9, Quận Gò Vấp, Thành phố Hồ Chí Minh, Việt Nam",Quận Gò Vấp,"4669: Bán buôn chuyên doanh khác chưa được phân vào đâu-Chi tiết: Bán buôn nguyên liệu, vật dụng làm bánh;4632: Bán buôn thực phẩm-(không hoạt động tại trụ sở);8559: Giáo dục khác chưa được phân vào đ",internet
315857461,DOANH NGHIỆP TƯ NHÂN NET QUANG PHÁP,DOANH NGHIỆP TƯ NHÂN NET QUANG,Doanh nghiệp tư nhân,"354 Dương Quảng Hàm, Phường 5, Quận Gò Vấp, Thành phố Hồ Chí Minh, Việt Nam",Quận Gò Vấp,"6190: Hoạt động viễn thông khác-Chi tiết: Hoạt động của các điểm truy cập internet (trừ bán lại hạ tầng viễn thông, mạng cung cấp);9329: Hoạt động vui chơi giải trí khác chưa được phân vào đâu-Chi tiế",internet
315862503,CÔNG TY TNHH THƯƠNG MẠI DỊCH VỤ COCHIEN,CÔNG TY TNHH THƯƠNG MẠI DỊCH V,Công ty trách nhiệm hữu hạn hai thành viên trở lên,"5 - 5A Đường Hạnh Thông, Phường 3, Quận Gò Vấp, Thành phố Hồ Chí Minh, Việt Nam",Quận Gò Vấp,"4690: Bán buôn tổng hợp-(trừ bán buôn bình gas, khí dầu mỏ hóa lỏng LPG, dầu nhớt cặn, vàng miếng, súng, đạn loại dùng đi săn hoặc thể thao và tiền kim khí; trừ bán buôn hóa chất tại trụ sở; Thực hiện",internet
315862422,CÔNG TY TNHH THIẾT BỊ BÁO ĐỘNG Y TẾ THÔNG MINH,CÔNG TY TNHH THIẾT BỊ BÁO ĐỘNG,Công ty trách nhiệm hữu hạn hai thành viên trở lên,"78/11 Đường số 11, Phường 11, Quận Gò Vấp, Thành phố Hồ Chí Minh, Việt Nam",Quận Gò Vấp,"4329: Lắp đặt hệ thống xây dựng khác-Chi tiết: Lắp đặt thiết bị chống sét.;4321: Lắp đặt hệ thống điện-Chi tiết: Lắp đặt tổng đài điện thoại, hệ thống thông tin vô tuyến, thông tin liên lạc, bộ đàm đi",internet
315855954,CÔNG TY TNHH WINFAST,CÔNG TY TNHH WINFAST,Công ty trách nhiệm hữu hạn một thành viên,"437 Phan Văn Trị, Phường 1, Quận Gò Vấp, Thành phố Hồ Chí Minh, Việt Nam",Quận Gò Vấp,"2220: Sản xuất sản phẩm từ plastic-Chi tiết: Sản xuất, gia công, chế biến các mặt hàng ngành nhựa công nghiệp, nhựa gia dụng. (trừ Sản Xuất xốp cách nhiệt sử dụng ga R141b, sử dụng polyol trộn sẵn HCF",internet
315828598,CÔNG TY TNHH INTERNATIONAL HUMAN RESOURCES IHC,CÔNG TY TNHH INTERNATIONAL HUM,Công ty trách nhiệm hữu hạn hai thành viên trở lên,"Số 654 Lê Đức Thọ, Phường 15, Quận Gò Vấp, Thành phố Hồ Chí Minh, Việt Nam",Quận Gò Vấp,7820: Cung ứng lao động tạm thời-Chi tiết: Cho thuê lại lao động;7830: Cung ứng và quản lý nguồn lao động-Chi tiết: Cung ứng và quản lý nguồn lao động trong nước;9511: Sửa chữa máy vi tính và thiết bị,internet
315829785,CÔNG TY TNHH CÔNG NGHỆ UNIONTEK,CÔNG TY TNHH CÔNG NGHỆ UNIONTE,Công ty trách nhiệm hữu hạn một thành viên,"Tầng 10B Tòa Nhà Mộc Gia, 238-240-242 Nguyễn Oanh, Phường 17, Quận Gò Vấp, Thành phố Hồ Chí Minh, Việt Nam",Quận Gò Vấp,7310: Quảng cáo-chi tiết: kinh doanh các dịch vụ quảng cáo đa truyền thông (không bao gồm các hoạt động quảng cáo Nhà nước cấm);8230: Tổ chức giới thiệu và xúc tiến thương mại-(không thực hiện các hiệ,internet
315874770,CÔNG TY TNHH THƯƠNG MẠI TIN HỌC KIM ĐỒNG HỒ,CÔNG TY TNHH THƯƠNG MẠI TIN HỌ,Công ty trách nhiệm hữu hạn hai thành viên trở lên,"Số 74/11 Đường Số 9, Phường 16, Quận Gò Vấp, Thành phố Hồ Chí Minh, Việt Nam",Quận Gò Vấp,"4791: Bán lẻ theo yêu cầu đặt hàng qua bưu điện hoặc internet-(trừ bán lẻ bình gas, khí dầu mỏ hóa lỏng LPG, dầu nhớt cặn, vàng miếng, súng, đạn loại dùng đi săn hoặc thể thao và tiền kim khí và thực ",internet
315872565,CÔNG TY TNHH MEVIVU,CÔNG TY TNHH MEVIVU,Công ty trách nhiệm hữu hạn một thành viên,"998/42/15 Quang Trung , Phường 8, Quận Gò Vấp, Thành phố Hồ Chí Minh, Việt Nam",Quận Gò Vấp,"2620: Sản xuất máy vi tính và thiết bị ngoại vi của máy vi tính-Chi tiết: lắp ráp các máy tính điện tử như màn hình, máy tính để bàn, máy chủ, máy xách tay; các thiết bị ngoại vi máy tính như thiết bị",internet
315897986,CÔNG TY TNHH KYN,CÔNG TY TNHH KYN,Công ty trách nhiệm hữu hạn hai thành viên trở lên,"40 Đường Số 14, Phường 5, Quận Gò Vấp, Thành phố Hồ Chí Minh, Việt Nam",Quận Gò Vấp,"4610: Đại lý, môi giới, đấu giá hàng hóa-Chi tiết: Đại lý, môi giới (trừ môi giới bất động sản);4620: Bán buôn nông, lâm sản nguyên liệu (trừ gỗ, tre, nứa) và động vật sống-Chi tiết: Bán buôn nông (kh",internet
315871730,CÔNG TY TNHH KARAOKE BÉ BA,CÔNG TY TNHH KARAOKE BÉ BA,Công ty trách nhiệm hữu hạn một thành viên,"Số 277 Lê Văn Thọ, Phường 9, Quận Gò Vấp, Thành phố Hồ Chí Minh, Việt Nam",Quận Gò Vấp,5630: Dịch vụ phục vụ đồ uống-(trừ hoạt động quán bar và quán giải khát có khiêu vũ).;5629: Dịch vụ ăn uống khác-(trừ hoạt động quán bar và quán giải khát có khiêu vũ).;4633: Bán buôn đồ uống-;5621: C,internet
315914945,CÔNG TY TNHH DỊCH VỤ DU LỊCH GIA PHÁT HƯNG,CÔNG TY TNHH DỊCH VỤ DU LỊCH G,Công ty trách nhiệm hữu hạn hai thành viên trở lên,"362/25/6Y Phan Huy Ích, Phường 12, Quận Gò Vấp, Thành phố Hồ Chí Minh, Việt Nam",Quận Gò Vấp,"4102: Xây dựng nhà không để ở-;4322: Lắp đặt hệ thống cấp, thoát nước, hệ thống sưởi và điều hoà không khí-(trừ lắp đặt các thiết bị điện lạnh (thiết bị cấp đông, kho lạnh, máy đá, điều hòa không khí,",internet
315880598,CÔNG TY TNHH VIỆN THẨM MỸ NAM NGUYỄN,CÔNG TY TNHH VIỆN THẨM MỸ NAM ,Công ty trách nhiệm hữu hạn một thành viên,"12/8 đường số 11, Phường 11, Quận Gò Vấp, Thành phố Hồ Chí Minh, Việt Nam",Quận Gò Vấp,"2023: Sản xuất mỹ phẩm, xà phòng, chất tẩy rửa, làm bóng và chế phẩm vệ sinh-(Không hoạt động tại trụ sở);4610: Đại lý, môi giới, đấu giá hàng hóa-Chi tiết: Đại lý bán hàng hóa, môi giới hàng hóa;4649",internet
315891624,CÔNG TY TNHH COTO TECHNOLOGY,CÔNG TY TNHH COTO TECHNOLOGY,Công ty trách nhiệm hữu hạn một thành viên,"107/33/22 Nguyễn Văn Khối, Phường 11, Quận Gò Vấp, Thành phố Hồ Chí Minh, Việt Nam",Quận Gò Vấp,6201: Lập trình máy vi tính-;6209: Hoạt động dịch vụ công nghệ thông tin và dịch vụ khác liên quan đến máy vi tính-(trừ kinh doanh đại lý truy cập internet);6202: Tư vấn máy vi tính và quản trị hệ thố,internet
315894696,CÔNG TY TNHH THƯƠNG MẠI & DỊCH VỤ KỸ THUẬT ĐIỆN MẠNH NGUYÊN,CÔNG TY TNHH THƯƠNG MẠI  DỊCH ,Công ty trách nhiệm hữu hạn một thành viên,"284/10 Phan Huy Ích, Phường 12, Quận Gò Vấp, Thành phố Hồ Chí Minh, Việt Nam",Quận Gò Vấp,"4329: Lắp đặt hệ thống xây dựng khác-Chi tiết: Lắp đặt hệ thống thiết bị trong công trình nhà và công trình xây dựng khác như: Hệ thống cách âm, cách nhiệt, chống rung; Hệ thống âm thanh; Hệ thống hút",internet
315904231,CÔNG TY TNHH THƯƠNG MẠI NTK GROUP,CÔNG TY TNHH THƯƠNG MẠI NTK GR,Công ty trách nhiệm hữu hạn một thành viên,"447/24 Tân Sơn, Phường 12, Quận Gò Vấp, Thành phố Hồ Chí Minh, Việt Nam",Quận Gò Vấp,"4651: Bán buôn máy vi tính, thiết bị ngoại vi và phần mềm-Chi tiết: Bán buôn phần mềm, bán buôn thiết bị máy vi tính, phần mềm điện tử, buôn bán máy tính, phần mềm máy tính, thiết bị ngoại vi;4652: Bá",internet
315895259,CÔNG TY CỔ PHẦN XÂY DỰNG THƯƠNG MẠI SÀI GÒN 168,CÔNG TY CỔ PHẦN XÂY DỰNG THƯƠN,Công ty cổ phần,"193/10/28 Đường Số 20, Phường 5, Quận Gò Vấp, Thành phố Hồ Chí Minh, Việt Nam",Quận Gò Vấp,"4101: Xây dựng nhà để ở-;4102: Xây dựng nhà không để ở-;4211: Xây dựng công trình đường sắt-;4212: Xây dựng công trình đường bộ-;4221: Xây dựng công trình điện-;4222: Xây dựng công trình cấp, thoát nư",internet
315897785,CÔNG TY TNHH ĐẦU TƯ ĐỐI TÁC BẮC MỸ,CÔNG TY TNHH ĐẦU TƯ ĐỐI TÁC BẮ,Công ty trách nhiệm hữu hạn hai thành viên trở lên,"171/21 Trần Bá Giao, Phường 5, Quận Gò Vấp, Thành phố Hồ Chí Minh, Việt Nam",Quận Gò Vấp,1392: Sản xuất hàng dệt sẵn (trừ trang phục)-(trừ  trang phục).;1399: Sản xuất các loại hàng dệt khác chưa được phân vào đâu-;1410: May trang phục (trừ trang phục từ da lông thú)-;1420: Sản xuất sản p,internet
315869682,CÔNG TY TNHH GIẢI PHÁP CHILY,CÔNG TY TNHH GIẢI PHÁP CHILY,Công ty trách nhiệm hữu hạn một thành viên,"57 Thông Tây Hội, Phường 10, Quận Gò Vấp, Thành phố Hồ Chí Minh, Việt Nam",Quận Gò Vấp,"5820: Xuất bản phần mềm-Chi tiết: Sản xuất phần mềm;6110: Hoạt động viễn thông có dây-Chi tiết: hoạt động cung cấp trực tiếp dịch vụ viễn thông có dây 
cung cấp dịch vụ viễn thông có dây sử dụng quyền",internet
315905235,CÔNG TY TNHH THƯƠNG MẠI DỊCH VỤ PHÁT TRIỂN HOÀNG GIA PHÚC,CÔNG TY TNHH THƯƠNG MẠI DỊCH V,Công ty trách nhiệm hữu hạn một thành viên,"66 – 68A Nguyễn Thái Sơn, Phường 3, Quận Gò Vấp, Thành phố Hồ Chí Minh, Việt Nam",Quận Gò Vấp,4773: Bán lẻ hàng hóa khác mới trong các cửa hàng chuyên doanh-Chi tiết: Bán lẻ hàng thủ công mỹ nghệ.;7710: Cho thuê xe có động cơ-Chi tiết: Cho thuê xe du lịch.;5510: Dịch vụ lưu trú ngắn ngày-chi t,internet
315919125,CÔNG TY TNHH D5T SEN VIỆT,CÔNG TY TNHH D5T SEN VIỆT,Công ty trách nhiệm hữu hạn hai thành viên trở lên,"189/42 Nguyễn Thái Sơn, Phường 3, Quận Gò Vấp, Thành phố Hồ Chí Minh, Việt Nam",Quận Gò Vấp,"5229: Hoạt động dịch vụ hỗ trợ khác liên quan đến vận tải-Chi tiết: Hoạt động của các đại lý bán vé máy bay, vé tàu xe; Gửi hàng; Giao nhận hàng hóa (trừ hóa lỏng khí để vận chuyển và hoạt động liên q",internet
315953870,CÔNG TY TNHH THƯƠNG MẠI DỊCH VỤ U&V,CÔNG TY TNHH THƯƠNG MẠI DỊCH V,Công ty trách nhiệm hữu hạn một thành viên,"45/29/4D đường số 14, Phường 8, Quận Gò Vấp, Thành phố Hồ Chí Minh, Việt Nam",Quận Gò Vấp,"4669: Bán buôn chuyên doanh khác chưa được phân vào đâu-Chi tiết: Bán buôn phân bón,  hóa chất khác sử dụng trong nông nghiệp và công nghiệp (không tồn trữ hóa chất).  Bán buôn chất dẻo dạng nguyên si",internet
315895530,CÔNG TY TNHH VẬT TƯ ĐIỆN LẠNH XUÂN QUỲNH,CÔNG TY TNHH VẬT TƯ ĐIỆN LẠNH ,Công ty trách nhiệm hữu hạn hai thành viên trở lên,"264 Phạm Văn Chiêu, Phường 9, Quận Gò Vấp, Thành phố Hồ Chí Minh, Việt Nam",Quận Gò Vấp,"4652: Bán buôn thiết bị và linh kiện điện tử, viễn thông-Chi tiết: - Bán buôn van và ống điện tử; - Bán buôn thiết bị bán dẫn; - Bán buôn mạch tích hợp và mạch vi xử lý; - Bán buôn mạch in;;4659: Bán ",internet
315936917,CÔNG TY CỔ PHẦN FIXY VIETNAM,CÔNG TY CỔ PHẦN FIXY VIETNAM,Công ty cổ phần,"160 Đường số 20, Phường 5, Quận Gò Vấp, Thành phố Hồ Chí Minh, Việt Nam",Quận Gò Vấp,"2610: Sản xuất linh kiện điện tử-;2620: Sản xuất máy vi tính và thiết bị ngoại vi của máy vi tính-;2630: Sản xuất thiết bị truyền thông-;3312: Sửa chữa máy móc, thiết bị-;4651: Bán buôn máy vi tính, t",internet
315933786,CÔNG TY TNHH CÔNG NGHỆ LỘC VŨ,CÔNG TY TNHH CÔNG NGHỆ LỘC VŨ,Công ty trách nhiệm hữu hạn một thành viên,"7B Đường 57, Phường 14, Quận Gò Vấp, Thành phố Hồ Chí Minh, Việt Nam",Quận Gò Vấp,"4321: Lắp đặt hệ thống điện-(Không gia công cơ khí, tái chế phế thải, xi mạ điện tại trụ sở);4651: Bán buôn máy vi tính, thiết bị ngoại vi và phần mềm-;4652: Bán buôn thiết bị và linh kiện điện tử, vi",internet
315902795,CÔNG TY TNHH CÔNG NGHỆ HƯỚNG MINH,CÔNG TY TNHH CÔNG NGHỆ HƯỚNG M,Công ty trách nhiệm hữu hạn một thành viên,"41/32 Nguyễn Oanh, Phường 10, Quận Gò Vấp, Thành phố Hồ Chí Minh, Việt Nam",Quận Gò Vấp,"4659: Bán buôn máy móc, thiết bị và phụ tùng máy khác-;4669: Bán buôn chuyên doanh khác chưa được phân vào đâu-(trừ bán buôn thuốc trừ sâu, hóa chất và phế liệu, phế thải kim loại, phi kim loại tại tr",internet
315970844,CÔNG TY CỔ PHẦN GIẢI PHÁP NGHỆ THUẬT WASHINGTON,CÔNG TY CỔ PHẦN GIẢI PHÁP NGHỆ,Công ty cổ phần,"60/8 Huỳnh Khương An, Phường 5, Quận Gò Vấp, Thành phố Hồ Chí Minh, Việt Nam",Quận Gò Vấp,"4791: Bán lẻ theo yêu cầu đặt hàng qua bưu điện hoặc internet-(trừ bán lẻ bình gas, khí dầu mỏ hóa lỏng LPG, dầu nhớt cặn, vàng miếng, súng, đạn loại dùng đi săn hoặc thể thao và tiền kim khí; trừ bán",internet
315963244,CÔNG TY TNHH THƯƠNG MẠI DỊCH VỤ GPET,CÔNG TY TNHH THƯƠNG MẠI DỊCH V,Công ty trách nhiệm hữu hạn hai thành viên trở lên,"203/1 Huỳnh Văn Nghệ , Phường 12, Quận Gò Vấp, Thành phố Hồ Chí Minh, Việt Nam",Quận Gò Vấp,"4771: Bán lẻ hàng may mặc, giày dép, hàng da và giả da trong các cửa hàng chuyên doanh-;4773: Bán lẻ hàng hóa khác mới trong các cửa hàng chuyên doanh-(trừ bán lẻ bình gas, súng, đạn loại dùng đi săn ",internet
315952355,CÔNG TY TNHH TƯ VẤN THIẾT KẾ XÂY DỰNG TIẾN NAM PHONG,CÔNG TY TNHH TƯ VẤN THIẾT KẾ X,Công ty trách nhiệm hữu hạn hai thành viên trở lên,"220/2 Nguyễn Văn Khối, Phường 9, Quận Gò Vấp, Thành phố Hồ Chí Minh, Việt Nam",Quận Gò Vấp,"4223: Xây dựng công trình viễn thông, thông tin liên lạc-;4229: Xây dựng công trình công ích khác-;4291: Xây dựng công trình thủy-;4292: Xây dựng công trình khai khoáng-;4293: Xây dựng công trình chế ",internet
315960589,CÔNG TY TNHH BIG BOSS FLOWER,CÔNG TY TNHH BIG BOSS FLOWER,Công ty trách nhiệm hữu hạn hai thành viên trở lên,"49/69/5 Đường số 51, Phường 14, Quận Gò Vấp, Thành phố Hồ Chí Minh, Việt Nam",Quận Gò Vấp,"4620: Bán buôn nông, lâm sản nguyên liệu (trừ gỗ, tre, nứa) và động vật sống-Chi tiết: Bán buôn hoa tươi và cây cảnh; Bán buôn hạt, quả có dầu (không hoạt động tại trụ sở);4632: Bán buôn thực phẩm-(kh",internet
315987862,CÔNG TY TNHH LAM SERVICES,CÔNG TY TNHH LAM SERVICES,Công ty trách nhiệm hữu hạn hai thành viên trở lên,"417/22 Quang Trung , Phường 10, Quận Gò Vấp, Thành phố Hồ Chí Minh, Việt Nam",Quận Gò Vấp,"4321: Lắp đặt hệ thống điện-;4322: Lắp đặt hệ thống cấp, thoát nước, hệ thống sưởi và điều hoà không khí-(trừ lắp đặt các thiết bị điện lạnh (thiết bị cấp đông, kho lạnh, máy đá, điều hòa không khí, l",internet
315930400,CÔNG TY CỔ PHẦN ĐẦU TƯ VÀ THƯƠNG MẠI LOGISTICS FASCOM,CÔNG TY CỔ PHẦN ĐẦU TƯ VÀ THƯƠ,Công ty cổ phần,"33 Nguyễn Tuân, Phường 3, Quận Gò Vấp, Thành phố Hồ Chí Minh, Việt Nam",Quận Gò Vấp,"3311: Sửa chữa các sản phẩm kim loại đúc sẵn-;3312: Sửa chữa máy móc, thiết bị-;3320: Lắp đặt máy móc và thiết bị công nghiệp-;4329: Lắp đặt hệ thống xây dựng khác-;4511: Bán buôn ô tô và xe có động c",internet
315984702,CÔNG TY TNHH CÔNG NGHỆ VÀ TRUYỀN THÔNG UVA,CÔNG TY TNHH CÔNG NGHỆ VÀ TRUY,Công ty trách nhiệm hữu hạn một thành viên,"1050/21/11 Quang Trung, Phường 8, Quận Gò Vấp, Thành phố Hồ Chí Minh, Việt Nam",Quận Gò Vấp,"1075: Sản xuất món ăn, thức ăn chế biến sẵn-;1104: Sản xuất đồ uống không cồn, nước khoáng-;1410: May trang phục (trừ trang phục từ da lông thú)-;1811: In ấn-;3240: Sản xuất đồ chơi, trò chơi-;4722: B",internet
315988351,CÔNG TY TNHH THƯƠNG MẠI DỊCH VỤ XUẤT NHẬP KHẨU HẠNH DUNG,CÔNG TY TNHH THƯƠNG MẠI DỊCH V,Công ty trách nhiệm hữu hạn hai thành viên trở lên,"195 Nguyễn Thái Sơn, Phường 4, Quận Gò Vấp, Thành phố Hồ Chí Minh, Việt Nam",Quận Gò Vấp,"4632: Bán buôn thực phẩm-Chi tiết: (không hoạt động tại trụ sở);4633: Bán buôn đồ uống-;4669: Bán buôn chuyên doanh khác chưa được phân vào đâu-Chi tiết: Bán buôn phụ kiện, thiết bị, dụng cụ cắm hoa;4",internet
315964505,CÔNG TY TNHH THƯƠNG MẠI & DỊCH VỤ KỸ THUẬT SAMI,CÔNG TY TNHH THƯƠNG MẠI  DỊCH ,Công ty trách nhiệm hữu hạn một thành viên,"48 Đường số 15, Phường 11, Quận Gò Vấp, Thành phố Hồ Chí Minh, Việt Nam",Quận Gò Vấp,"4321: Lắp đặt hệ thống điện-;4322: Lắp đặt hệ thống cấp, thoát nước, hệ thống sưởi và điều hoà không khí-(trừ lắp đặt các thiết bị lạnh (thiết bị cấp đông, kho lạnh, máy đá, điều hòa không khí, làm lạ",internet
315993432,CÔNG TY CỔ PHẦN ĐẦU TƯ XÂY DỰNG VIỆT AN PHÚ,CÔNG TY CỔ PHẦN ĐẦU TƯ XÂY DỰN,Công ty cổ phần,"350/33/9B Nguyễn Văn Lượng , Phường 16, Quận Gò Vấp, Thành phố Hồ Chí Minh, Việt Nam",Quận Gò Vấp,"9511: Sửa chữa máy vi tính và thiết bị ngoại vi-Chi tiết: Thi công, cài đặt, sửa chữa các hệ thống tin học, thiết bị điện, điện tử, tự động hóa.(Trừ gia công cơ khí tái chế phế thải, xi mạ điện tại tr",internet
315970788,CÔNG TY TNHH THƯƠNG MẠI DỊCH VỤ TƯ VẤN MẠCH GIA PHÁT,CÔNG TY TNHH THƯƠNG MẠI DỊCH V,Công ty trách nhiệm hữu hạn một thành viên,"371 Nguyễn Kiệm, Phường 3, Quận Gò Vấp, Thành phố Hồ Chí Minh, Việt Nam",Quận Gò Vấp,"4530: Bán phụ tùng và các bộ phận phụ trợ của ô tô và xe có động cơ khác-Chi tiết: Bán buôn phụ tùng, linh kiện, vỏ, ruột xe ô tô, mô tô và xe máy;4610: Đại lý, môi giới, đấu giá hàng hóa-Chi tiết: Đạ",internet
315969503,CÔNG TY CỔ PHẦN KINH DOANH THƯƠNG MẠI HỢP BÌNH,CÔNG TY CỔ PHẦN KINH DOANH THƯ,Công ty cổ phần,"440/49 Thống Nhất, Phường 16, Quận Gò Vấp, Thành phố Hồ Chí Minh, Việt Nam",Quận Gò Vấp,4632: Bán buôn thực phẩm-Chi tiết: bán buôn thực phẩm chức năng;6190: Hoạt động viễn thông khác-chi tiết: Đại lý cung cấp dịch vụ bưu chính viễn thông (không kinh doanh đại lý cung cấp dịch vụ Interne,internet
315937050,CÔNG TY TNHH SX - TM - DV THỰC PHẨM DTM,CÔNG TY TNHH SX  TM  DV THỰC P,Công ty trách nhiệm hữu hạn hai thành viên trở lên,"362/67 Phan Huy Ích, Phường 12, Quận Gò Vấp, Thành phố Hồ Chí Minh, Việt Nam",Quận Gò Vấp,"1030: Chế biến và bảo quản rau quả-;1075: Sản xuất món ăn, thức ăn chế biến sẵn-;1079: Sản xuất thực phẩm khác chưa được phân vào đâu-;4632: Bán buôn thực phẩm-(không hoạt động tại trụ sở).;4633: Bán ",internet
108805899,CÔNG TY TNHH ANCHOR NETWORK VIỆT NAM,CÔNG TY TNHH ANCHOR NETWORK VI,Công ty trách nhiệm hữu hạn hai thành viên trở lên,"3/1 Nguyễn Thái Sơn, Phường 3, Quận Gò Vấp, Thành phố Hồ Chí Minh, Việt Nam",Quận Gò Vấp,"7020: Hoạt động tư vấn quản lý-Chi tiết: Dịch vụ tư vấn quản lý (không bao gồm tư vấn pháp luật, tài chính, kế toán, kiểm toán, thuế và chứng khoán) (CPC 865).;7110: Hoạt động kiến trúc và tư vấn kỹ t",network
315976356,CÔNG TY TNHH THƯƠNG MẠI DỊCH VỤ BẤT ĐỘNG SẢN CHUYỂN ĐỘNG,CÔNG TY TNHH THƯƠNG MẠI DỊCH V,Công ty trách nhiệm hữu hạn hai thành viên trở lên,"56 Đường Số 6, Khu Dân Cư Cityland, Phường 5, Quận Gò Vấp, Thành phố Hồ Chí Minh, Việt Nam",Quận Gò Vấp,"4791: Bán lẻ theo yêu cầu đặt hàng qua bưu điện hoặc internet-(trừ bán lẻ hóa chất, khí dầu mỏ hóa lỏng LPG, dầu nhớt cặn, vàng miếng, súng, đạn loại dùng đi săn hoặc thể thao và tiền kim khí; Thực hi",internet
316001987,CÔNG TY TNHH KỸ THUẬT CÔNG NGHỆ SỐ SÀI GÒN,CÔNG TY TNHH KỸ THUẬT CÔNG NGH,Công ty trách nhiệm hữu hạn một thành viên,"435/26 Thống Nhất, Phường 11, Quận Gò Vấp, Thành phố Hồ Chí Minh, Việt Nam",Quận Gò Vấp,"4669: Bán buôn chuyên doanh khác chưa được phân vào đâu-Chi tiết: Bán buôn các sản phẩm nhựa, nguyên liệu từ nhựa. Bán buôn khoen, các nút, khóa ấn, khóa móc, khóa trượt, các loại khóa điện tử;4652: B",internet
315966090,CÔNG TY TNHH THỰC PHẨM CHAY TÂM BỒ ĐỀ,CÔNG TY TNHH THỰC PHẨM CHAY TÂ,Công ty trách nhiệm hữu hạn một thành viên,"150/3A Trần Bá Giao, Phường 5, Quận Gò Vấp, Thành phố Hồ Chí Minh, Việt Nam",Quận Gò Vấp,"4791: Bán lẻ theo yêu cầu đặt hàng qua bưu điện hoặc internet-(trừ bán lẻ bình gas, súng, đạn loại dùng đi săn hoặc thể thao, tiền kim khí và mua bán vàng miếng; thực hiện theo Quyết định 64/2009/QĐ-U",internet
315976490,CÔNG TY CỔ PHẦN TRUYỀN THÔNG & GIẢI TRÍ ĐƯỜNG DÂY NÓNG VIỆT NAM,CÔNG TY CỔ PHẦN TRUYỀN THÔNG  ,Công ty cổ phần,"194 Nguyễn Oanh, Phường 17, Quận Gò Vấp, Thành phố Hồ Chí Minh, Việt Nam",Quận Gò Vấp,7310: Quảng cáo-;7320: Nghiên cứu thị trường và thăm dò dư luận-;7410: Hoạt động thiết kế chuyên dụng-(trừ thiết kế công trình xây dựng).;7420: Hoạt động nhiếp ảnh-(trừ sản xuất phim).;7710: Cho thuê ,internet
316009270,CÔNG TY TNHH TM-DV-XNK HAI NÔM,CÔNG TY TNHH TMDVXNK HAI NÔM,Công ty trách nhiệm hữu hạn một thành viên,"Số 2 Đường số 7, Phường 3, Quận Gò Vấp, Thành phố Hồ Chí Minh, Việt Nam",Quận Gò Vấp,4632: Bán buôn thực phẩm-(Không hoạt động tại trụ sở);4633: Bán buôn đồ uống-;8299: Hoạt động dịch vụ hỗ trợ kinh doanh khác còn lại chưa được phân vào đâu-Chi tiết: Xuất nhập khẩu các mặt hàng công t,internet
316008051,CÔNG TY TNHH SAO XANH TOÀN CẦU,CÔNG TY TNHH SAO XANH TOÀN CẦU,Công ty trách nhiệm hữu hạn một thành viên,"551/36 Phan Văn Trị, Phường 5, Quận Gò Vấp, Thành phố Hồ Chí Minh, Việt Nam",Quận Gò Vấp,"0118: Trồng rau, đậu các loại và trồng hoa-;0121: Trồng cây ăn quả-;0128: Trồng cây gia vị, cây dược liệu, cây hương liệu lâu năm-;0161: Hoạt động dịch vụ trồng trọt-;0162: Hoạt động dịch vụ chăn nuôi",internet
315996176,CÔNG TY CỔ PHẦN 3SS GLOBAL,CÔNG TY CỔ PHẦN 3SS GLOBAL,Công ty cổ phần,"Số 336/11 đường Phan Huy Ích, Phường 12, Quận Gò Vấp, Thành phố Hồ Chí Minh, Việt Nam",Quận Gò Vấp,"4690: Bán buôn tổng hợp-(trừ bán buôn bình gas, hóa chất, súng, đạn loại dùng đi săn hoặc thể thao và tiền kim khí và thực hiện theo Quyết định số 64/2009/QĐ-UBND ngày 31/07/2009 ",internet
315981074,CÔNG TY TNHH SV HEALTHCARE,CÔNG TY TNHH SV HEALTHCARE,Công ty trách nhiệm hữu hạn một thành viên,"1331/17 Lê Đức Thọ, Phường 14, Quận Gò Vấp, Thành phố Hồ Chí Minh, Việt Nam",Quận Gò Vấp,"2012: Sản xuất phân bón và hợp chất ni tơ-Chi tiết: Sản xuất phân bón sinh học
(không hoạt động tại trụ sở);4653: Bán buôn máy móc, thiết bị và phụ tùng máy nông nghiệp-;4789: Bán lẻ hàng hóa khác lưu",internet
315983748,CÔNG TY TNHH BIG MAY,CÔNG TY TNHH BIG MAY,Công ty trách nhiệm hữu hạn một thành viên,"49/31 Bùi Quang Là, Phường 12, Quận Gò Vấp, Thành phố Hồ Chí Minh, Việt Nam",Quận Gò Vấp,"5610: Nhà hàng và các dịch vụ ăn uống phục vụ lưu động-;5629: Dịch vụ ăn uống khác-;4799: Bán lẻ hình thức khác chưa được phân vào đâu-(trừ bán lẻ bình gas, khí dầu mỏ hóa lỏng LPG, dầu nhớt cặn, vàng",internet
316001779,CÔNG TY CỔ PHẦN CÔNG NGHỆ TRUYỀN THÔNG MGN,CÔNG TY CỔ PHẦN CÔNG NGHỆ TRUY,Công ty cổ phần,"74/8 Đường Nguyễn Duy Cung, Phường 12, Quận Gò Vấp, Thành phố Hồ Chí Minh, Việt Nam",Quận Gò Vấp,"1629: Sản xuất sản phẩm khác từ gỗ; sản xuất sản phẩm từ tre, nứa, rơm, rạ và vật liệu tết bện-(không hoạt động tại trụ sở);4741: Bán lẻ máy vi tính, thiết bị ngoại vi, phần mềm và thiết bị viễn thông",internet
316019134,CÔNG TY TNHH TẬP ĐOÀN LE HOUSE,CÔNG TY TNHH TẬP ĐOÀN LE HOUSE,Công ty trách nhiệm hữu hạn một thành viên,"Toà Nhà D-EYES, 371 Nguyễn Kiệm , Phường 3, Quận Gò Vấp, Thành phố Hồ Chí Minh, Việt Nam",Quận Gò Vấp,"4791: Bán lẻ theo yêu cầu đặt hàng qua bưu điện hoặc internet-(trừ bán lẻ bình gas, khí dầu mỏ hóa lỏng LPG, dầu nhớt cặn, vàng miếng, súng, đạn loại dùng đi săn hoặc thể thao và tiền kim khí; trừ bán",internet
315965315,CÔNG TY TNHH PHỤC HỒI VẬT LIỆU HOÀNG GIA,CÔNG TY TNHH PHỤC HỒI VẬT LIỆU,Công ty trách nhiệm hữu hạn một thành viên,"184/13 Nguyễn Văn Khối, Phường 9, Quận Gò Vấp, Thành phố Hồ Chí Minh, Việt Nam",Quận Gò Vấp,"4791: Bán lẻ theo yêu cầu đặt hàng qua bưu điện hoặc internet-(trừ bán lẻ bình gas, khí dầu mỏ hóa lỏng LPG, dầu nhớt cặn, vàng miếng, súng, đạn loại dùng đi săn hoặc thể thao và tiền kim khí; trừ bán",internet
315992069,CÔNG TY CỔ PHẦN MITOKI,CÔNG TY CỔ PHẦN MITOKI,Công ty cổ phần,"24/14 Đường Số 14, Phường 5, Quận Gò Vấp, Thành phố Hồ Chí Minh, Việt Nam",Quận Gò Vấp,"2023: Sản xuất mỹ phẩm, xà phòng, chất tẩy rửa, làm bóng và chế phẩm vệ sinh-(không hoạt động tại trụ sở);2030: Sản xuất sợi nhân tạo-Chi tiết: Gia công lông mi giả;4659: Bán buôn máy móc, thiết bị và",internet
316008189,CÔNG TY TNHH TENTUM VIỆT NAM,CÔNG TY TNHH TENTUM VIỆT NAM,Công ty trách nhiệm hữu hạn hai thành viên trở lên,"27/1/152 Đường số 9, Phường 16, Quận Gò Vấp, Thành phố Hồ Chí Minh, Việt Nam",Quận Gò Vấp,"4649: Bán buôn đồ dùng khác cho gia đình-(trừ dược phẩm);4610: Đại lý, môi giới, đấu giá hàng hóa-Chi tiết: Đại lý, Môi giới (trừ đấu giá tài sản);4773: Bán lẻ hàng hóa khác mới trong các cửa hàng chu",internet
316005981,CÔNG TY CỔ PHẦN GIẢI PHÁP THÔNG MINH IMG,CÔNG TY CỔ PHẦN GIẢI PHÁP THÔN,Công ty cổ phần,"50D Nguyễn Bỉnh Khiêm, Phường 1, Quận Gò Vấp, Thành phố Hồ Chí Minh, Việt Nam",Quận Gò Vấp,"4632: Bán buôn thực phẩm-(Chi tiết: bán buôn thực phẩm đóng hộp, bán buôn thực phẩm chức năng);4633: Bán buôn đồ uống-Chi tiết: Bán buôn đồ uống không có cồn; Bán buôn đồ uống có cồn: bia, rượu (doanh",internet
316036475,CÔNG TY TNHH SX - TMDV ĐIỆN TỬ TÂM THANH,CÔNG TY TNHH SX  TMDV ĐIỆN TỬ ,Công ty trách nhiệm hữu hạn một thành viên,"Số 75/28/2 Đường số 7, Phường 3, Quận Gò Vấp, Thành phố Hồ Chí Minh, Việt Nam",Quận Gò Vấp,"4649: Bán buôn đồ dùng khác cho gia đình-;4651: Bán buôn máy vi tính, thiết bị ngoại vi và phần mềm-;4653: Bán buôn máy móc, thiết bị và phụ tùng máy nông nghiệp-;4659: Bán buôn máy móc, thiết bị và p",internet
315976998,CÔNG TY CỔ PHẦN THƯƠNG MẠI & XUẤT NHẬP KHẨU GLOBAL TRADE,CÔNG TY CỔ PHẦN THƯƠNG MẠI  XU,Công ty cổ phần,"799 Nguyễn Kiệm , Phường 3, Quận Gò Vấp, Thành phố Hồ Chí Minh, Việt Nam",Quận Gò Vấp,"1010: Chế biến, bảo quản thịt và các sản phẩm từ thịt--( không giết mổ gia súc, gia cầm tại trụ sở);1020: Chế biến, bảo quản thuỷ sản và các sản phẩm từ thuỷ sản-;1030: Chế biến và bảo quản rau quả-;1",internet
316006706,CÔNG TY TNHH DẦU NHỚT ĐẠI PHÚC,CÔNG TY TNHH DẦU NHỚT ĐẠI PHÚC,Công ty trách nhiệm hữu hạn một thành viên,"Số 63 Đường Nguyễn Bỉnh Khiêm, Phường 1, Quận Gò Vấp, Thành phố Hồ Chí Minh, Việt Nam",Quận Gò Vấp,"4530: Bán phụ tùng và các bộ phận phụ trợ của ô tô và xe có động cơ khác-;4543: Bán phụ tùng và các bộ phận phụ trợ của mô tô, xe máy-;4661: Bán buôn nhiên liệu rắn, lỏng, khí và các sản phẩm liên qua",internet
315985512,CÔNG TY TNHH THƯƠNG MẠI - DỊCH VỤ HOÀNG MINH CƯƠNG,CÔNG TY TNHH THƯƠNG MẠI  DỊCH ,Công ty trách nhiệm hữu hạn hai thành viên trở lên,"702/63/7 Lê Đức Thọ, Phường 15, Quận Gò Vấp, Thành phố Hồ Chí Minh, Việt Nam",Quận Gò Vấp,"4773: Bán lẻ hàng hóa khác mới trong các cửa hàng chuyên doanh-(trừ bán lẻ bình gas, khí dầu mỏ hóa lỏng LPG, dầu nhớt cặn, vàng miếng, súng, đạn loại dùng đi săn hoặc thể thao và tiền kim khí; trừ bá",internet
316040601,CÔNG TY TNHH CONSULTING OFFICES OF KBLAA,CÔNG TY TNHH CONSULTING OFFICE,Công ty trách nhiệm hữu hạn một thành viên,"549/58/10 Lê Văn Thọ, Phường 14, Quận Gò Vấp, Thành phố Hồ Chí Minh, Việt Nam",Quận Gò Vấp,"4322: Lắp đặt hệ thống cấp, thoát nước, hệ thống sưởi và điều hoà không khí-(trừ lắp đặt các thiết bị lạnh (thiết bị cấp đông, kho lạnh, máy đá, điều hòa không khí, làm lạnh nước) sử dụng ga lạnh R22 ",internet
315990488,CÔNG TY TNHH DC CUSTOM,CÔNG TY TNHH DC CUSTOM,Công ty trách nhiệm hữu hạn hai thành viên trở lên,"1331/15/88 Lê Đức Thọ, Phường 14, Quận Gò Vấp, Thành phố Hồ Chí Minh, Việt Nam",Quận Gò Vấp,"4771: Bán lẻ hàng may mặc, giày dép, hàng da và giả da trong các cửa hàng chuyên doanh-Chi tiết: Bán lẻ hàng may mặc, thời trang trong các cửa hàng chuyên doanh;4791: Bán lẻ theo yêu cầu đặt hàng qua ",internet
316018726,CÔNG TY TNHH MTV TECHFORCE,CÔNG TY TNHH MTV TECHFORCE,Công ty trách nhiệm hữu hạn một thành viên,"Số 11/57 Đường Nguyễn Thái Sơn , Phường 3, Quận Gò Vấp, Thành phố Hồ Chí Minh, Việt Nam",Quận Gò Vấp,"6312: Cổng thông tin-Chi tiết: Thiết lập trang thông tin điện tử tổng hợp, hoạt động điều hành các website;7310: Quảng cáo-;7320: Nghiên cứu thị trường và thăm dò dư luận-;7410: Hoạt động thiết kế chu",internet
316031149,CÔNG TY TNHH THƯƠNG MẠI DỊCH VỤ NGUYÊN XUÂN,CÔNG TY TNHH THƯƠNG MẠI DỊCH V,Công ty trách nhiệm hữu hạn một thành viên,"435/26 Thống Nhất, Phường 11, Quận Gò Vấp, Thành phố Hồ Chí Minh, Việt Nam",Quận Gò Vấp,1079: Sản xuất thực phẩm khác chưa được phân vào đâu-(không hoạt động tại trụ sở); 1071: Sản xuất các loại bánh từ bột-(không hoạt động tại trụ sở); 1030: Chế biến và bảo quản rau quả-(không hoạt động,internet
315990992,CÔNG TY CỔ PHẦN NAHACORP,CÔNG TY CỔ PHẦN NAHACORP,Công ty cổ phần,"21 đường Lê Đức Thọ, Phường 7, Quận Gò Vấp, Thành phố Hồ Chí Minh, Việt Nam",Quận Gò Vấp,"4632: Bán buôn thực phẩm-Chi tiết: Bán buôn thực phẩm (không hoạt động tại trụ sở). Bán buôn thực phẩm chức năng, Bán buôn sữa và các sản phẩm sữa, bánh kẹo và sản phẩm chế biến từ ngũ cốc, bột, tinh ",internet
316030106,CÔNG TY TNHH SẢN XUẤT-THƯƠNG MẠI GÓC BẾP XANH,CÔNG TY TNHH SẢN XUẤTTHƯƠNG MẠ,Công ty trách nhiệm hữu hạn hai thành viên trở lên,"616/52 Lê Đức Thọ, Phường 15, Quận Gò Vấp, Thành phố Hồ Chí Minh, Việt Nam",Quận Gò Vấp,"4791: Bán lẻ theo yêu cầu đặt hàng qua bưu điện hoặc internet-(trừ bán lẻ bình gas, khí dầu mỏ hóa lỏng LPG, dầu nhớt cặn, vàng miếng, súng, đạn loại dùng đi săn hoặc thể thao và tiền kim khí và thực ",internet
316019825,CÔNG TY TNHH TƯ VẤN THIẾT KẾ KIẾN TRÚC VÀ XÂY DỰNG NGUYEN DA - ARCHITECT,CÔNG TY TNHH TƯ VẤN THIẾT KẾ K,Công ty trách nhiệm hữu hạn một thành viên,"Số 08 Trương Đăng Quế , Phường 1, Quận Gò Vấp, Thành phố Hồ Chí Minh, Việt Nam",Quận Gò Vấp,"7410: Hoạt động thiết kế chuyên dụng-;7110: Hoạt động kiến trúc và tư vấn kỹ thuật có liên quan-Chi tiết: Tư vấn thiết kế; Thiết kế kiến trúc và kỹ thuật;4663: Bán buôn vật liệu, thiết bị lắp đặt khác",internet
316015933,CÔNG TY TNHH DỊCH VỤ TRUYỀN THÔNG ANDREA,CÔNG TY TNHH DỊCH VỤ TRUYỀN TH,Công ty trách nhiệm hữu hạn một thành viên,"371 Nguyễn Kiệm, Phường 3, Quận Gò Vấp, Thành phố Hồ Chí Minh, Việt Nam",Quận Gò Vấp,"1811: In ấn-(trừ in tráng bao bì kim loại; in trên các sản phầm vải, sợi, dệt, may, đan tại trụ sở);1812: Dịch vụ liên quan đến in-;4321: Lắp đặt hệ thống điện-(trừ gia công cơ khí, tái chế phế thải, ",internet
316019776,CÔNG TY TNHH SẢN XUẤT PHIM VÀ TRUYỀN THÔNG Á VIỆT,CÔNG TY TNHH SẢN XUẤT PHIM VÀ ,Công ty trách nhiệm hữu hạn một thành viên,"15/14 Đường số 4, Phường 11, Quận Gò Vấp, Thành phố Hồ Chí Minh, Việt Nam",Quận Gò Vấp,"7310: Quảng cáo-;8230: Tổ chức giới thiệu và xúc tiến thương mại-(không thực hiện các hiệu ứng cháy nổ và không sử dụng chất nổ, chất cháy, hóa chất làm  đạo cụ, dụng cụ thực hiện các chương trình văn",internet
316000221,CÔNG TY TNHH THIẾT BỊ KHOA HỌC VÀ Y TẾ THIÊN PHÚC,CÔNG TY TNHH THIẾT BỊ KHOA HỌC,Công ty trách nhiệm hữu hạn một thành viên,"54 Đường số 6, Khu Dân Cư  CityLand Park Hills, Phường 10, Quận Gò Vấp, Thành phố Hồ Chí Minh, Việt Nam",Quận Gò Vấp,"4659: Bán buôn máy móc, thiết bị và phụ tùng máy khác-Chi tiết: Bán buôn máy móc, thiết bị và phụ tùng máy y tế. Bán buôn đây điện, động cơ điện, dây điện, vật liệu điện và  thiết bị dùng trong mạch đ",internet
316057884,CÔNG TY TNHH ĐẦU TƯ VÀ PHÁT TRIỂN KHẢI MINH,CÔNG TY TNHH ĐẦU TƯ VÀ PHÁT TR,Công ty trách nhiệm hữu hạn một thành viên,"496/32 Dương Quảng Hàm, Phường 6, Quận Gò Vấp, Thành phố Hồ Chí Minh, Việt Nam",Quận Gò Vấp,"4649: Bán buôn đồ dùng khác cho gia đình-chi tiết: Bán buôn vali, cặp, túi, ví, hàng da và giả da khác. Bán buôn nước hoa, hàng mỹ phẩm và chế phẩm vệ sinh. Bán buôn hàng gốm, sứ, thủy tinh. Bán buôn ",internet
316060189,CÔNG TY TNHH THƯƠNG MẠI DỊCH VỤ NGÂN SA NGUYỄN,CÔNG TY TNHH THƯƠNG MẠI DỊCH,Công ty trách nhiệm hữu hạn một thành viên,"91 Đường số 9, Phường 9, Quận Gò Vấp, Thành phố Hồ Chí Minh, Việt Nam",Quận Gò Vấp,5224: Bốc xếp hàng hóa-(trừ bốc xếp hàng hóa cảng hàng không).;9511: Sửa chữa máy vi tính và thiết bị ngoại vi-(Không hoạt động tại trụ sở).;8292: Dịch vụ đóng gói-(trừ đóng gói thuốc bảo vệ thư,internet
316033481,CÔNG TY TNHH THƯƠNG MẠI TỔNG HỢP GT FOODS,CÔNG TY TNHH THƯƠNG MẠI TỔNG H,Công ty trách nhiệm hữu hạn một thành viên,"59/33/10 Phạm Văn Chiêu, Phường 14, Quận Gò Vấp, Thành phố Hồ Chí Minh, Việt Nam",Quận Gò Vấp,"4620: Bán buôn nông, lâm sản nguyên liệu (trừ gỗ, tre, nứa) và động vật sống-( trừ loại nhà nước cấm ) (Không hoạt động tại trụ sở);4631: Bán buôn gạo, lúa mỳ, hạt ngũ cốc khác, bột mỳ-(Không hoạt độn",internet
316052741,CÔNG TY TNHH ASIAN COAST M&C,CÔNG TY TNHH ASIAN COAST MC,Công ty trách nhiệm hữu hạn một thành viên,"Số 75 Đường số 9, Phường 9, Quận Gò Vấp, Thành phố Hồ Chí Minh, Việt Nam",Quận Gò Vấp,"4322: Lắp đặt hệ thống cấp, thoát nước, hệ thống sưởi và điều hoà không khí-(trừ lắp đặt các thiết bị lạnh (thiết bị cấp đông, kho lạnh, máy đá, điều hòa không khí, làm lạnh nước) sử dụng ga lạnh R22 ",internet
316038874,CÔNG TY TNHH  CANOPUS DEVELOPMENT VIETNAM,CÔNG TY TNHH  CANOPUS DEVELOPM,Công ty trách nhiệm hữu hạn một thành viên,"số 146/2/28 đường 30, Phường 6, Quận Gò Vấp, Thành phố Hồ Chí Minh, Việt Nam",Quận Gò Vấp,4722: Bán lẻ thực phẩm trong các cửa hàng chuyên doanh-(thực hiện theo quyết định 64/2009/QĐ-UBND ngày 31/07/2009 và quyết định  số 79/2009/QĐ-UBND ngày 17/10/2009 của Ủy ban nhân dân TP. Hồ Chí Minh ,internet
316021574,CÔNG TY TNHH SÀI GÒN PHÚC HẬU,CÔNG TY TNHH SÀI GÒN PHÚC HẬU,Công ty trách nhiệm hữu hạn một thành viên,"566/207 Nguyễn Thái Sơn, Phường 5, Quận Gò Vấp, Thành phố Hồ Chí Minh, Việt Nam",Quận Gò Vấp,"4719: Bán lẻ  khác trong các cửa hàng kinh doanh tổng hợp-(trừ bán lẻ bình gas, khí dầu mỏ hóa lỏng LPG, dầu nhớt cặn, vàng miếng, súng, đạn loại dùng đi săn hoặc thể thao và tiền kim khí và thực hiện",internet
316047389,CÔNG TY TNHH SOFTWARE ENGINNEER STC,CÔNG TY TNHH SOFTWARE ENGINNEE,Công ty trách nhiệm hữu hạn một thành viên,"67/20 Lê Đức Thọ, Phường 7, Quận Gò Vấp, Thành phố Hồ Chí Minh, Việt Nam",Quận Gò Vấp,"6201: Lập trình máy vi tính-;4610: Đại lý, môi giới, đấu giá hàng hóa-Chi tiết: Đại lý. Môi giới (trừ môi giới bất động sản);5310: Bưu chính-Chi tiết: Hoạt động bưu chính trong phạm vi nội tỉnh và liê",software
316088709,CÔNG TY TNHH CAMELLIA BEES,CÔNG TY TNHH CAMELLIA BEES,Công ty trách nhiệm hữu hạn một thành viên,"81/5F Đường 59, Phường 14, Quận Gò Vấp, Thành phố Hồ Chí Minh, Việt Nam",Quận Gò Vấp,"1709: Sản xuất các sản phẩm khác từ giấy và bìa chưa được phân vào đâu-Chi tiết: Sản xuất phong bì, bưu thiếp, hoa giấy.;4649: Bán buôn đồ dùng khác cho gia đình-Chi tiết: Bán buôn hoa giả;2220: Sản x",internet
316072829,CÔNG TY TNHH TƯ VẤN THƯƠNG MẠI HỢP TÁC SONG PHƯƠNG,CÔNG TY TNHH TƯ VẤN THƯƠNG MẠI,Công ty trách nhiệm hữu hạn một thành viên,"51/1 Phạm Văn Chiêu, Phường 14, Quận Gò Vấp, Thành phố Hồ Chí Minh, Việt Nam",Quận Gò Vấp,"4649: Bán buôn đồ dùng khác cho gia đình-Chi tiết: Bán buôn đồ điện gia dụng, đèn và bộ đèn điện. Bán buôn hàng gốm, sứ, thủy tinh. Bán buôn dụng cụ thể dục, thể thao (trừ súng thể thao). Bán buôn nướ",internet
316079870,CÔNG TY CỔ PHẦN GREEN CONNECT,CÔNG TY CỔ PHẦN GREEN CONNECT,Công ty cổ phần,"87 Lê Lợi, Phường 4, Quận Gò Vấp, Thành phố Hồ Chí Minh, Việt Nam",Quận Gò Vấp,"4791: Bán lẻ theo yêu cầu đặt hàng qua bưu điện hoặc internet-(trừ bán lẻ bình gas, hóa chất, súng, đạn loại dùng đi săn hoặc thể thao, tiền kim khí và mua bán vàng miếng; thực hiện theo Quyết định 64",internet
316036796,CÔNG TY TNHH THƯƠNG MẠI DỊCH VỤ PHI SƠN,CÔNG TY TNHH THƯƠNG MẠI DỊCH V,Công ty trách nhiệm hữu hạn một thành viên,"1358/28/17 Quang Trung, Phường 14, Quận Gò Vấp, Thành phố Hồ Chí Minh, Việt Nam",Quận Gò Vấp,"1410: May trang phục (trừ trang phục từ da lông thú)-(trừ tẩy, nhuộm, hồ, in trên các sản phẩm vải sợi, dệt, may, thêu, đan tại trụ sở);1811: In ấn-(trừ in, tráng bao bì kim loại và in trên các sản ph",internet
316077834,CÔNG TY TNHH THƯƠNG MẠI DỊCH VỤ TỔNG HỢP LÊ GIA HUY,CÔNG TY TNHH THƯƠNG MẠI DỊCH V,Công ty trách nhiệm hữu hạn một thành viên,"148/42 Lê Đức Thọ, Phường 6, Quận Gò Vấp, Thành phố Hồ Chí Minh, Việt Nam",Quận Gò Vấp,"5913: Hoạt động phát hành phim điện ảnh, phim video và chương trình truyền hình-Chi tiết: Hoạt động phát hành phim điện ảnh, phim video (trừ sản xuất phim) (không thực hiện các hiệu ứng cháy, nổ; khôn",internet
316077009,CÔNG TY TNHH VYTECH,CÔNG TY TNHH VYTECH,Công ty trách nhiệm hữu hạn hai thành viên trở lên,"227/15 Nguyễn Tư Giản, Phường 12, Quận Gò Vấp, Thành phố Hồ Chí Minh, Việt Nam",Quận Gò Vấp,"4669: Bán buôn chuyên doanh khác chưa được phân vào đâu-(trừ bán buôn bình gas, súng, đạn loại dùng đi săn hoặc thể thao, tiền kim khí và mua bán vàng miếng; thực hiện theo Quyết định 64/2009/QĐ-UBND ",internet
316082418,CÔNG TY CỔ PHẦN I.D ÁNH DƯƠNG,CÔNG TY CỔ PHẦN ID ÁNH DƯƠNG,Công ty cổ phần,"89 Đường số 12, KDC Cityland Park Hills, Phường 10, Quận Gò Vấp, Thành phố Hồ Chí Minh, Việt Nam",Quận Gò Vấp,"2431: Đúc sắt, thép-(không hoạt động tại trụ sở);2592: Gia công cơ khí; xử lý và tráng phủ kim loại-(không hoạt động tại trụ sở).;2733: Sản xuất thiết bị dây dẫn điện các loại-(không hoạt động tại trụ",internet
316050857,CÔNG TY TNHH PHÁT TRIỂN GIÁO DỤC ƯU VIỆT,CÔNG TY TNHH PHÁT TRIỂN GIÁO D,Công ty trách nhiệm hữu hạn một thành viên,"146/2K Đường Số 30, Phường 6, Quận Gò Vấp, Thành phố Hồ Chí Minh, Việt Nam",Quận Gò Vấp,"4631: Bán buôn gạo, lúa mỳ, hạt ngũ cốc khác, bột mỳ-(không hoạt động tại trụ sở);4632: Bán buôn thực phẩm-(không hoạt động tại trụ sở);4641: Bán buôn vải, hàng may mặc, giày dép-Chi tiết: Bán buôn th",internet
3702831434,CÔNG TY TNHH XUẤT NHẬP KHẨU TỔNG HỢP BẢO KHANG,CÔNG TY TNHH XUẤT NHẬP KHẨU TỔ,Công ty trách nhiệm hữu hạn hai thành viên trở lên,"146/39/3 Trương Đăng Quế, Phường 3, Quận Gò Vấp, Thành phố Hồ Chí Minh, Việt Nam",Quận Gò Vấp,"1410: May trang phục (trừ trang phục từ da lông thú)-Chi tiết: Sản xuất, gia công hàng may mặc ( trừ tẩy, nhuộm, hồ, in trên các sản phẩm vải sợi, dệt, may, thêu, đan tại trụ sở).(Chỉ được sản xuất, g",internet
316056577,CÔNG TY TNHH MTV AMICO VIETNAM,CÔNG TY TNHH MTV AMICO VIETNAM,Công ty trách nhiệm hữu hạn một thành viên,"Số 668 Phạm Văn Bạch, Phường 12, Quận Gò Vấp, Thành phố Hồ Chí Minh, Việt Nam",Quận Gò Vấp,"4649: Bán buôn đồ dùng khác cho gia đình-chi tiết: Bán buôn hàng tiêu dùng, các sản phẩm về giấy, các sản phẩm cho mẹ và bé, băng vệ sinh, tã bỉm trẻ em, sữa trẻ em, hoá mỹ phẩm, đồ chơi; bán buôn hàn",internet
315467870,CÔNG TY TNHH THƯƠNG MẠI DỊCH VỤ ĐẦU TƯ PHÁT TRIỂN XÂY DỰNG QUANG MINH,CÔNG TY TNHH THƯƠNG MẠI DỊCH V,Công ty trách nhiệm hữu hạn một thành viên,"41/45/13, đường số 3, Phường 9, Quận Gò Vấp, Thành phố Hồ Chí Minh, Việt Nam",Quận Gò Vấp,"4791: Bán lẻ theo yêu cầu đặt hàng qua bưu điện hoặc internet-(trừ bán lẻ bình gas, khí dầu mỏ hóa lỏng LPG, dầu nhớt cặn, vàng miếng, súng, đạn loại dùng đi săn hoặc thể thao và tiền kim khí; trừ bán",internet
316081206,CÔNG TY TNHH THƯƠNG MẠI DỊCH VỤ ĐẦU TƯ PHÁT TRIỂN GREEN LAND,CÔNG TY TNHH THƯƠNG MẠI DỊCH V,Công ty trách nhiệm hữu hạn một thành viên,"188 đường Nguyễn Thái Sơn, Phường 4, Quận Gò Vấp, Thành phố Hồ Chí Minh, Việt Nam",Quận Gò Vấp,"0118: Trồng rau, đậu các loại và trồng hoa-Chi tiết: Trồng các loại nấm, nấm linh chi, nấm dược liệu; Sản xuất các loại nấm;8230: Tổ chức giới thiệu và xúc tiến thương mại-Chi tiết: Dịch vụ tổ chức hộ",internet
315489521,CÔNG TY TNHH CÔNG NGHỆ PINET,CÔNG TY TNHH CÔNG NGHỆ PINET,Công ty trách nhiệm hữu hạn hai thành viên trở lên,"Số 56/5 Trần Bá Giao, Phường 5, Quận Gò Vấp, Thành phố Hồ Chí Minh, Việt Nam",Quận Gò Vấp,"6110: Hoạt động viễn thông có dây-;6120: Hoạt động viễn thông không dây-;3319: Sửa chữa thiết bị khác-Chi tiết: Sản xuất linh kiện, thiết bị điện tử (trừ gia công cơ khí, tái chế phế thải, xi mạ điện ",internet
315489708,DOANH NGHIỆP TƯ NHÂN ĐẠI LÝ INTERNET HOÀNG PHƯƠNG,DOANH NGHIỆP TƯ NHÂN ĐẠI LÝ IN,Doanh nghiệp tư nhân,"562/20 Đường Quang Trung, Phường 11, Quận Gò Vấp, Thành phố Hồ Chí Minh, Việt Nam",Quận Gò Vấp,4723: Bán lẻ đồ uống trong các cửa hàng chuyên doanh-;4722: Bán lẻ thực phẩm trong các cửa hàng chuyên doanh-(thực hiện theo quyết định 64/2009/QĐ-UBND ngày 31/07/2009 và quyết định  số 79/2009/QĐ-UBN,internet
315494296,CÔNG TY CỔ PHẦN MILENA,CÔNG TY CỔ PHẦN MILENA,Công ty cổ phần,"51 Trưng Nữ Vương, Phường 4, Quận Gò Vấp, Thành phố Hồ Chí Minh, Việt Nam",Quận Gò Vấp,"4669: Bán buôn chuyên doanh khác chưa được phân vào đâu-chi tiết:
 - Bán buôn trang thiết bị, dụng cụ, vật tư ngành y tế.
 - Bán buôn nước hoa, hàng mỹ phẩm và chế phẩm vệ sinh 
 - Bán buôn đồ điện gi",internet
315496663,CÔNG TY TNHH ENNOVATEZ VIETNAM,CÔNG TY TNHH ENNOVATEZ VIETNAM,Công ty trách nhiệm hữu hạn một thành viên,"158/21/17 Phạm Văn Chiêu, Phường 9, Quận Gò Vấp, Thành phố Hồ Chí Minh, Việt Nam",Quận Gò Vấp,6201: Lập trình máy vi tính-Chi tiết: Sản xuất phần mềm.;6202: Tư vấn máy vi tính và quản trị hệ thống máy vi tính-;6209: Hoạt động dịch vụ công nghệ thông tin và dịch vụ khác liên quan đến máy vi tín,internet
315498170,CÔNG TY TNHH LIAA,CÔNG TY TNHH LIAA,Công ty trách nhiệm hữu hạn một thành viên,"57/5 Lê Đức Thọ, Phường 13, Quận Gò Vấp, Thành phố Hồ Chí Minh, Việt Nam",Quận Gò Vấp,8559: Giáo dục khác chưa được phân vào đâu-Chi tiết: Giáo dục không xác định theo cấp độ tại các trung tâm đào tạo bồi dưỡng; Các dịch vụ dạy kèm (gia sư); Giáo dục dự bị; Các trung trâm dạy học có cá,internet
315512636,CÔNG TY TNHH GATEWAY INTERTRADE VIỆT NAM,CÔNG TY TNHH GATEWAY INTERTRAD,Công ty trách nhiệm hữu hạn hai thành viên trở lên,"20 Đường số 5, Khu Dân Cư Cityland, Phường 10, Quận Gò Vấp, Thành phố Hồ Chí Minh, Việt Nam",Quận Gò Vấp,"3320: Lắp đặt máy móc và thiết bị công nghiệp-Chi tiết: Lắp đặt thang máy, máy điều hòa nhiệt độ, hệ thống thông gió, hút bụi;4321: Lắp đặt hệ thống điện-Chi tiết: Việc lắp đặt hệ thống điện ở tất cả ",internet
315549139,CÔNG TY TNHH GIẢI TRÍ GAME GAME,CÔNG TY TNHH GIẢI TRÍ GAME GAM,Công ty trách nhiệm hữu hạn một thành viên,"272 Đường số 8, Phường 11, Quận Gò Vấp, Thành phố Hồ Chí Minh, Việt Nam",Quận Gò Vấp,6190: Hoạt động viễn thông khác-Chi tiết: Hoạt động của các điểm truy cập internet;9329: Hoạt động vui chơi giải trí khác chưa được phân vào đâu-Chi tiết: Kinh doanh trò chơi điện tử (trừ kinh doanh t,internet
315561263,CÔNG TY TNHH BKIT SOLUTION,CÔNG TY TNHH BKIT SOLUTION,Công ty trách nhiệm hữu hạn một thành viên,"57/19 Lê Đức Thọ, Phường 7, Quận Gò Vấp, Thành phố Hồ Chí Minh, Việt Nam",Quận Gò Vấp,"6209: Hoạt động dịch vụ công nghệ thông tin và dịch vụ khác liên quan đến máy vi tính-;6311: Xử lý dữ liệu, cho thuê và các hoạt động liên quan-;6312: Cổng thông tin-Chi tiết: Thiết lập trang thông ti",it solution
315578901,CÔNG TY TNHH THƯƠNG MẠI DỊCH VỤ SEA ADVERTISING,CÔNG TY TNHH THƯƠNG MẠI DỊCH V,Công ty trách nhiệm hữu hạn một thành viên,"Số 195, Đường số 4, Phường 16, Quận Gò Vấp, Thành phố Hồ Chí Minh, Việt Nam",Quận Gò Vấp,"1410: May trang phục (trừ trang phục từ da lông thú)-;1811: In ấn-(trừ in tráng bao bì kim loại, in trên các sản phẩm vải sợi, dệt, may, đan) (không hoạt động tại trụ sở).;1812: Dịch vụ liên quan đến ",internet
315591821,CÔNG TY CỔ PHẦN MẠNG TRUYỀN HÌNH VIỆT NAM,CÔNG TY CỔ PHẦN MẠNG TRUYỀN HÌ,Công ty cổ phần,"1167 Phan Văn Trị, Phường 10, Quận Gò Vấp, Thành phố Hồ Chí Minh, Việt Nam",Quận Gò Vấp,"5911: Hoạt động sản xuất phim điện ảnh, phim video và chương trình truyền hình-Chi tiết: Sản xuất phim (có nội dung được phép lưu hành) Sản xuất phim quảng cáo, viết kịch bản và dựng ",internet
315613031,CÔNG TY TNHH THƯƠNG MẠI THỰC PHẨM NGỌC THỌ,CÔNG TY TNHH THƯƠNG MẠI THỰC P,Công ty trách nhiệm hữu hạn một thành viên,"17/3 Nguyễn Văn Lượng, Phường 17, Quận Gò Vấp, Thành phố Hồ Chí Minh, Việt Nam",Quận Gò Vấp,"4719: Bán lẻ  khác trong các cửa hàng kinh doanh tổng hợp-(trừ bán lẻ bình gas, khí dầu mỏ hóa lỏng LPG, dầu nhớt cặn, vàng miếng, súng, đạn loại dùng đi săn hoặc thể thao và tiền kim khí; trừ bán lẻ ",internet
315655401,CÔNG TY TNHH HR1 SOLUTION,CÔNG TY TNHH HR1 SOLUTION,Công ty trách nhiệm hữu hạn một thành viên,"118 Phạm Văn Đồng, Phường 3, Quận Gò Vấp, Thành phố Hồ Chí Minh, Việt Nam",Quận Gò Vấp,"4652: Bán buôn thiết bị và linh kiện điện tử, viễn thông-;4649: Bán buôn đồ dùng khác cho gia đình-Chi tiết: Bán buôn sách, báo, tạp chí, văn phòng phẩm (có nội dung được phép lưu hành); Bán buôn văn ",internet
315679716,CÔNG TY TNHH Y TẾ LƯ GIA,CÔNG TY TNHH Y TẾ LƯ GIA,Công ty trách nhiệm hữu hạn một thành viên,"Số 7, đường số 1, Phường 4, Quận Gò Vấp, Thành phố Hồ Chí Minh, Việt Nam",Quận Gò Vấp,"2593: Sản xuất dao kéo, dụng cụ cầm tay và đồ kim loại thông dụng-;2599: Sản xuất sản phẩm khác bằng kim loại chưa được phân vào đâu-;2610: Sản xuất linh kiện điện tử-;2651: Sản xuất thiết bị đo lường",internet
315716936,CÔNG TY CP SACCA,CÔNG TY CP SACCA,Công ty cổ phần,"212/12 Nguyễn Oanh, Phường 17, Quận Gò Vấp, Thành phố Hồ Chí Minh, Việt Nam",Quận Gò Vấp,"4321: Lắp đặt hệ thống điện-;4322: Lắp đặt hệ thống cấp, thoát nước, hệ thống sưởi và điều hoà không khí-(trừ lắp đặt các thiết bị lạnh (thiết bị cấp đông, kho lạnh, máy đá, điều hoà không khí, làm lạ",internet
315732455,CÔNG TY TNHH MTV QUẢNG CÁO WEBSOADS,CÔNG TY TNHH MTV QUẢNG CÁO WEB,Công ty trách nhiệm hữu hạn một thành viên,"237/36/19 Đường Phạm Văn Chiêu, Phường 14, Quận Gò Vấp, Thành phố Hồ Chí Minh, Việt Nam",Quận Gò Vấp,"2023: Sản xuất mỹ phẩm, xà phòng, chất tẩy rửa, làm bóng và chế phẩm vệ sinh-Chi tiết: Sản xuất mỹ phẩm (không hoạt động tại trụ sở) (trừ sản xuất hóa chất cơ bản);4610: Đại lý, môi giới, đấu giá hàng",internet
315741403,CÔNG TY TNHH TRUYỀN THÔNG SỐ NGUYÊN BẢN,CÔNG TY TNHH TRUYỀN THÔNG SỐ N,Công ty trách nhiệm hữu hạn một thành viên,"24 Lê Lợi, Phường 4, Quận Gò Vấp, Thành phố Hồ Chí Minh, Việt Nam",Quận Gò Vấp,"1812: Dịch vụ liên quan đến in-;4610: Đại lý, môi giới, đấu giá hàng hóa-Chi tiết: đại lý, môi giới (trừ môi giới bất động sản);4649: Bán buôn đồ dùng khác cho gia đình-(Trừ kinh doanh dược phẩm);4651",internet
315763799,CÔNG TY TNHH CÔNG NGHỆ MỚI TRẦN LÊ,CÔNG TY TNHH CÔNG NGHỆ MỚI TRẦ,Công ty trách nhiệm hữu hạn một thành viên,"118/2/2 Lê Văn Thọ, Phường 11, Quận Gò Vấp, Thành phố Hồ Chí Minh, Việt Nam",Quận Gò Vấp,"7020: Hoạt động tư vấn quản lý-chi tiết: tư vấn quản lý (trừ tư vấn tài chính, kế toán, pháp luật);7310: Quảng cáo-;7320: Nghiên cứu thị trường và thăm dò dư luận-;7410: Hoạt động thiết kế chuyên dụng",internet
315769328,CÔNG TY TNHH QUẢNG NGUYÊN LỢI,CÔNG TY TNHH QUẢNG NGUYÊN LỢI,Công ty trách nhiệm hữu hạn một thành viên,"288 Lê Đức Thọ , Phường 6, Quận Gò Vấp, Thành phố Hồ Chí Minh, Việt Nam",Quận Gò Vấp,"4663: Bán buôn vật liệu, thiết bị lắp đặt khác trong xây dựng-Chi tiết: Bán buôn sơn, vecni. Bán buôn đồ ngũ kim. Bán buôn vật liệu, thiết bị lắp đặt khác trong xây dựng. Bán buôn tre, nứa, gỗ vây và ",internet
315793994,CÔNG TY TNHH XUẤT NHẬP KHẨU HÀ GIA,CÔNG TY TNHH XUẤT NHẬP KHẨU HÀ,Công ty trách nhiệm hữu hạn một thành viên,"1053/9/28 Lê Đức Thọ, Phường 16, Quận Gò Vấp, Thành phố Hồ Chí Minh, Việt Nam",Quận Gò Vấp,"4723: Bán lẻ đồ uống trong các cửa hàng chuyên doanh-;4741: Bán lẻ máy vi tính, thiết bị ngoại vi, phần mềm và thiết bị viễn thông trong các cửa hàng chuyên doanh-;4759: Bán lẻ đồ điện gia dụng, giườn",internet
315808506,CÔNG TY TNHH DỊCH VỤ DU LỊCH VÀ SỰ KIỆN TOÀN TÂM,CÔNG TY TNHH DỊCH VỤ DU LỊCH V,Công ty trách nhiệm hữu hạn hai thành viên trở lên,"292 Cây Trâm , Phường 9, Quận Gò Vấp, Thành phố Hồ Chí Minh, Việt Nam",Quận Gò Vấp,"8230: Tổ chức giới thiệu và xúc tiến thương mại-(trừ các hoạt động trong lĩnh vực có sử dụng chất nổ, chất cháy, hóa chất, làm đạo cụ, dụng cụ thực hiện các chương trình văn hóa, nghệ thuật, phim ảnh)",internet
315822116,CÔNG TY TNHH OAK,CÔNG TY TNHH OAK,Công ty trách nhiệm hữu hạn hai thành viên trở lên,"440/13/184 Thống Nhất, Phường 16, Quận Gò Vấp, Thành phố Hồ Chí Minh, Việt Nam",Quận Gò Vấp,"3100: Sản xuất giường, tủ, bàn, ghế-Chi tiết: Sản xuất, gia công đồ nội thất;4101: Xây dựng nhà để ở-;4610: Đại lý, môi giới, đấu giá hàng hóa-Chi tiết: Đại lý, môi giới.;4632: Bán buôn thực phẩm-Chi ",internet
315822797,CÔNG TY TNHH LIGHTNING TECHNOLOGY,CÔNG TY TNHH LIGHTNING TECHNOL,Công ty trách nhiệm hữu hạn một thành viên,"426 Phan Văn Trị, Phường 7, Quận Gò Vấp, Thành phố Hồ Chí Minh, Việt Nam",Quận Gò Vấp,6201: Lập trình máy vi tính-;6399: Dịch vụ thông tin khác chưa được phân vào đâu-Chi tiết: Các dịch vụ thông tin qua điện thoại; các dịch vụ tìm kiếm thông tin qua hợp đồng hay trên cơ sở phí;6619: Ho,technology
315852858,CÔNG TY TNHH PHÁT TRIỂN THƯƠNG MẠI DỊCH VỤ ELITE,CÔNG TY TNHH PHÁT TRIỂN THƯƠNG,Công ty trách nhiệm hữu hạn một thành viên,"136/3E Lê Văn Thọ, Phường 11, Quận Gò Vấp, Thành phố Hồ Chí Minh, Việt Nam",Quận Gò Vấp,"4610: Đại lý, môi giới, đấu giá hàng hóa-Chi tiết: Đại lý, môi giới hàng hóa;4633: Bán buôn đồ uống-;4723: Bán lẻ đồ uống trong các cửa hàng chuyên doanh-;4791: Bán lẻ theo yêu cầu đặt hàng qua bưu đ",internet
315871240,CÔNG TY TNHH THƯƠNG MẠI DỊCH VỤ KỸ THUẬT ĐIỆN SONG PHƯƠNG,CÔNG TY TNHH THƯƠNG MẠI DỊCH V,Công ty trách nhiệm hữu hạn hai thành viên trở lên,"23/43/4 Đường Số 21, Phường 8, Quận Gò Vấp, Thành phố Hồ Chí Minh, Việt Nam",Quận Gò Vấp,"3313: Sửa chữa thiết bị điện tử và quang học-(trừ gia công cơ khí, tái chế phế thải, xi mạ điện tại trụ sở);3314: Sửa chữa thiết bị điện-(trừ gia công cơ khí, tái chế phế thải, xi mạ điện tại trụ sở);",internet
315869481,CÔNG TY TNHH DEALSI.NET,CÔNG TY TNHH DEALSINET,Công ty trách nhiệm hữu hạn một thành viên,"186 đường 20, Phường 5, Quận Gò Vấp, Thành phố Hồ Chí Minh, Việt Nam",Quận Gò Vấp,4722: Bán lẻ thực phẩm trong các cửa hàng chuyên doanh-(Thực hiện theo Quyết định 64/2009/QĐ-UBND ngày 31/7/2009 của Ủy ban nhân dân Thành phố Hồ Chí Minh và Quyết định 79/2009/QĐ-UBND ngày 17/10/2009,internet
315884320,CÔNG TY TNHH TM DV THIẾT BỊ MẠNG VÀ QUẢNG CÁO THIÊN PHÚC,CÔNG TY TNHH TM DV THIẾT BỊ MẠ,Công ty trách nhiệm hữu hạn một thành viên,"78/35/7 Đường Số 51, Phường 14, Quận Gò Vấp, Thành phố Hồ Chí Minh, Việt Nam",Quận Gò Vấp,"7310: Quảng cáo-Chi tiết : Quảng cáo thương mại, quảng cáo ngoài trời: bảng lớn, panô, bảng tin, bảng hiệu quảng cáo trên các phương tiện truyền thông .;8230: Tổ chức giới thiệu và xúc tiến thương mại",internet
315917304,CÔNG TY TNHH MTV THƯƠNG MẠI HOÀNG HÀ,CÔNG TY TNHH MTV THƯƠNG MẠI HO,Công ty trách nhiệm hữu hạn một thành viên,"64 đường số 5, KDC Cityland, Phường 7, Quận Gò Vấp, Thành phố Hồ Chí Minh, Việt Nam",Quận Gò Vấp,"3312: Sửa chữa máy móc, thiết bị-Chi tiết: Sửa chữa bình ắc quy và linh kiện; 7729: Cho thuê đồ dùng cá nhân và gia đình khác-;4329: Lắp đặt hệ thống xây dựng khác-chi tiết: lắp đặt sân khấu; Lắp đặt ",internet
315920226,CÔNG TY TNHH GOLDEN PARROT,CÔNG TY TNHH GOLDEN PARROT,Công ty trách nhiệm hữu hạn một thành viên,"221 Đường Số 8, Phường 17, Quận Gò Vấp, Thành phố Hồ Chí Minh, Việt Nam",Quận Gò Vấp,"4649: Bán buôn đồ dùng khác cho gia đình-(trừ kinh doanh dược phẩm).;4651: Bán buôn máy vi tính, thiết bị ngoại vi và phần mềm-;4652: Bán buôn thiết bị và linh kiện điện tử, viễn thông-;4659: Bán buôn",internet
315920836,CÔNG TY TNHH KIẾN TẠO GIA LỘC PHÁT,CÔNG TY TNHH KIẾN TẠO GIA LỘC ,Công ty trách nhiệm hữu hạn hai thành viên trở lên,"123 Lê Hoàng Phái, Phường 17, Quận Gò Vấp, Thành phố Hồ Chí Minh, Việt Nam",Quận Gò Vấp,"2511: Sản xuất các cấu kiện kim loại-;2512: Sản xuất thùng, bể chứa và dụng cụ chứa đựng bằng kim loại-;2592: Gia công cơ khí; xử lý và tráng phủ kim loại-;2750: Sản xuất đồ điện dân dụng-;4101: Xây d",internet
315942692,CÔNG TY TNHH JUNIE ADC,CÔNG TY TNHH JUNIE ADC,Công ty trách nhiệm hữu hạn một thành viên,"192/1 Nguyễn Oanh, Phường 17, Quận Gò Vấp, Thành phố Hồ Chí Minh, Việt Nam",Quận Gò Vấp,"1079: Sản xuất thực phẩm khác chưa được phân vào đâu-Chi tiết: Rang và lọc cà phê; sản xuất các sản phẩm cà phê như: cà phê hòa tan, cà phê lọc, chiết xuất cà phê và cà phê cô đặc; sản xuất các chất t",internet
316051152,CÔNG TY TNHH THƯƠNG MẠI HỮU HOÀNG GIA,CÔNG TY TNHH THƯƠNG MẠI HỮU HO,Công ty trách nhiệm hữu hạn một thành viên,"76/34/22 Đường số 5, Phường 17, Quận Gò Vấp, Thành phố Hồ Chí Minh, Việt Nam",Quận Gò Vấp,"4741: Bán lẻ máy vi tính, thiết bị ngoại vi, phần mềm và thiết bị viễn thông trong các cửa hàng chuyên doanh-;4742: Bán lẻ thiết bị nghe nhìn trong các cửa hàng chuyên doanh-;4751: Bán lẻ vải, len, sợ",internet
316055492,CÔNG TY TNHH MACHINE TECHNOLOGY FORWARD VIỆT NAM,CÔNG TY TNHH MACHINE TECHNOLOG,Công ty trách nhiệm hữu hạn một thành viên,"146/2/28 Đường số 30, Phường 6, Quận Gò Vấp, Thành phố Hồ Chí Minh, Việt Nam",Quận Gò Vấp,"4641: Bán buôn vải, hàng may mặc, giày dép-Chi tiết: Thực hiện quyền xuất khẩu, quyền nhập khẩu, quyền phân phối bán buôn các hàng hóa không thuộc danh mục hàng hóa cấm xuất khẩu, cấm nhập khẩu và dan",technology
316072868,CÔNG TY TNHH THƯƠNG MẠI XUẤT NHẬP KHẨU LAN PARR,CÔNG TY TNHH THƯƠNG MẠI XUẤT N,Công ty trách nhiệm hữu hạn một thành viên,"513/9F, đường Nguyễn Oanh, khu phố 7, Phường 17, Quận Gò Vấp, Thành phố Hồ Chí Minh, Việt Nam",Quận Gò Vấp,8130: Dịch vụ chăm sóc và duy trì cảnh quan-;8292: Dịch vụ đóng gói-(trừ đóng gói thuốc bảo vệ thực vật).;9639: Hoạt động dịch vụ phục vụ cá nhân khác còn lại chưa được phân vào đâu-(trừ dịch vụ xông ,internet
316086518,CÔNG TY TNHH THƯƠNG MẠI ĐIỆN TỬ - DỊCH VỤ MÔI TRƯỜNG VÀ TƯ VẤN THIẾT KẾ GIA NGUYỄN,CÔNG TY TNHH THƯƠNG MẠI ĐIỆN T,Công ty trách nhiệm hữu hạn một thành viên,"1/37 Nguyễn Văn Dung, Phường 6, Quận Gò Vấp, Thành phố Hồ Chí Minh, Việt Nam",Quận Gò Vấp,2610: Sản xuất linh kiện điện tử-(không hoạt động tại trụ sở);2620: Sản xuất máy vi tính và thiết bị ngoại vi của máy vi tính-(không hoạt động tại trụ sở);2630: Sản xuất thiết bị truyền thông-(không h,internet
316087127,CÔNG TY TNHH HOLI,CÔNG TY TNHH HOLI,Công ty trách nhiệm hữu hạn một thành viên,"84/7 Nguyên Hồng, Phường 1, Quận Gò Vấp, Thành phố Hồ Chí Minh, Việt Nam",Quận Gò Vấp,"1313: Hoàn thiện sản phẩm dệt-;1392: Sản xuất hàng dệt sẵn (trừ trang phục)-;1393: Sản xuất thảm, chăn, đệm-;1399: Sản xuất các loại hàng dệt khác chưa được phân vào đâu-;1410: May trang phục (trừ tra",internet
316095801,CÔNG TY TNHH CÔNG NGHỆ GIÁO DỤC NHẬT ANH,CÔNG TY TNHH CÔNG NGHỆ GIÁO DỤ,Công ty trách nhiệm hữu hạn một thành viên,"638 Nguyễn Oanh, Phường 6, Quận Gò Vấp, Thành phố Hồ Chí Minh, Việt Nam",Quận Gò Vấp,"4651: Bán buôn máy vi tính, thiết bị ngoại vi và phần mềm-;5820: Xuất bản phần mềm-Chi tiết: Sản xuất phần mềm;6201: Lập trình máy vi tính-;6202: Tư vấn máy vi tính và quản trị hệ thống máy vi tính-;6",internet
316093177,CÔNG TY TNHH TƯ VẤN - DỊCH VỤ QUÀ TẶNG LÊ THI,CÔNG TY TNHH TƯ VẤN  DỊCH VỤ Q,Công ty trách nhiệm hữu hạn một thành viên,"377/2 Thống Nhất, Phường 11, Quận Gò Vấp, Thành phố Hồ Chí Minh, Việt Nam",Quận Gò Vấp,7320: Nghiên cứu thị trường và thăm dò dư luận-;7410: Hoạt động thiết kế chuyên dụng-;8292: Dịch vụ đóng gói-Chi tiết: Đóng gói các sản phẩm quà tặng (trừ đóng gói thuốc bảo vệ thực vật);4711: Bán lẻ ,internet
316099316,CÔNG TY CỔ PHẦN KỸ THUẬT VÀ THƯƠNG MẠI HOÀNG MINH,CÔNG TY CỔ PHẦN KỸ THUẬT VÀ TH,Công ty cổ phần,"618/13/8f Quang Trung, Phường 11, Quận Gò Vấp, Thành phố Hồ Chí Minh, Việt Nam",Quận Gò Vấp,"1050: Chế biến sữa và các sản phẩm từ sữa-(Không hoạt động tại trụ sở);1079: Sản xuất thực phẩm khác chưa được phân vào đâu-(Trừ sản xuất thực phẩm tươi sống) 
(không hoạt động tại trụ sở);1080: Sản x",internet
316498712,CÔNG TY TNHH LUẬT TÂN VIỆT,CÔNG TY TNHH LUẬT TÂN VIỆT,Công ty trách nhiệm hữu hạn hai thành viên trở lên,"Số 386/25 Đường Quang Trung , Phường 10, Quận Gò Vấp, Thành phố Hồ Chí Minh, Việt Nam",Quận Gò Vấp,4722: Bán lẻ thực phẩm trong các cửa hàng chuyên doanh-(thực hiện theo quyết định 64/2009/QĐ-UBND ngày 31/07/2009 và quyết định  số 79/2009/QĐ-UBND ngày 17/10/2009 của Ủy ban nhân dân TP. Hồ Chí Minh ,internet
316095978,CÔNG TY TNHH XUẤT NHẬP KHẨU SAO THÁNG NĂM,CÔNG TY TNHH XUẤT NHẬP KHẨU SA,Công ty trách nhiệm hữu hạn hai thành viên trở lên,"252/60/19 Phạm Văn Chiêu, Phường 9, Quận Gò Vấp, Thành phố Hồ Chí Minh, Việt Nam",Quận Gò Vấp,"4633: Bán buôn đồ uống-Chi tiết: Bán buôn đồ uống có cồn, không cồn và rượu bia;4632: Bán buôn thực phẩm-Chi tiết: Bán buôn thịt và các sản phẩm từ thit (không hoạt động tại trụ sở); Bán buôn thủy sản",internet
316098143,CÔNG TY TNHH THƯƠNG MẠI VÀ DỊCH VỤ HALIVA SOLUTION,CÔNG TY TNHH THƯƠNG MẠI VÀ DỊC,Công ty trách nhiệm hữu hạn một thành viên,"796/47 Lê Đức Thọ, Phường 15, Quận Gò Vấp, Thành phố Hồ Chí Minh, Việt Nam",Quận Gò Vấp,"7410: Hoạt động thiết kế chuyên dụng-Chi tiết: Thiết kế đồ họa, website (trừ thiết kế công trình xây dựng).;6312: Cổng thông tin-Chi tiết: Thiết lập trang thông tin điện tử tổng hợp. Dịch vụ cung cấp ",internet
316100875,CÔNG TY TNHH SNEST,CÔNG TY TNHH SNEST,Công ty trách nhiệm hữu hạn hai thành viên trở lên,"10/2A Đường số 6, Phường 9, Quận Gò Vấp, Thành phố Hồ Chí Minh, Việt Nam",Quận Gò Vấp,4632: Bán buôn thực phẩm-Chi tiết: Bán buôn tổ yến và các sản phẩm từ tổ yến (không hoạt động tại trụ sở);4722: Bán lẻ thực phẩm trong các cửa hàng chuyên doanh-Chi tiết: Bán lẻ tổ yến và các sản phẩm,internet
316106027,CÔNG TY CỔ PHẦN VIETLAND ELITE COOPERATION JSC,CÔNG TY CỔ PHẦN VIETLAND ELITE,Công ty cổ phần,"102 Nguyễn Thái Sơn, Phường 3, Quận Gò Vấp, Thành phố Hồ Chí Minh, Việt Nam",Quận Gò Vấp,"4791: Bán lẻ theo yêu cầu đặt hàng qua bưu điện hoặc internet-(trừ bán lẻ bình gas, khí dầu mỏ hóa lỏng LPG, dầu nhớt cặn, vàng miếng, súng, đạn loại dùng đi săn hoặc thể thao và tiền kim khí; trừ bán",internet
316110584,CÔNG TY TNHH KỸ THUẬT VÀ CÔNG NGHỆ SALA,CÔNG TY TNHH KỸ THUẬT VÀ CÔNG ,Công ty trách nhiệm hữu hạn một thành viên,"102/65/5 Lê Văn Thọ, Phường 11, Quận Gò Vấp, Thành phố Hồ Chí Minh, Việt Nam",Quận Gò Vấp,"2610: Sản xuất linh kiện điện tử-Chi tiết: Sản xuất thiết bị linh kiện, thiết bị điện tử và mạng lưới thiết bị kết nối internet;3312: Sửa chữa máy móc, thiết bị-;3313: Sửa chữa thiết bị điện tử và qua",internet
316114740,CÔNG TY TNHH THƯƠNG MẠI DỊCH VỤ ĐẦU TƯ T&T,CÔNG TY TNHH THƯƠNG MẠI DỊCH V,Công ty trách nhiệm hữu hạn một thành viên,"317 Quang Trung, Phường 10, Quận Gò Vấp, Thành phố Hồ Chí Minh, Việt Nam",Quận Gò Vấp,"7310: Quảng cáo-;4652: Bán buôn thiết bị và linh kiện điện tử, viễn thông-;5911: Hoạt động sản xuất phim điện ảnh, phim video và chương trình truyền hình-Chi tiết: Sản xuất chương trình truyền hình (k",internet
316111820,CÔNG TY TNHH YUE FONG,CÔNG TY TNHH YUE FONG,Công ty trách nhiệm hữu hạn một thành viên,"Số 146/2/28, Đường số 30, Phường 6, Quận Gò Vấp, Thành phố Hồ Chí Minh, Việt Nam",Quận Gò Vấp,"4659: Bán buôn máy móc, thiết bị và phụ tùng máy khác-Chi tiết: Thực hiện quyền xuất khẩu, quyền nhập khẩu, quyền phân phối bán buôn các hàng hóa không thuộc danh mục hàng hóa cấm xuất khẩu, cấm nhập ",internet
316111789,CÔNG TY CỔ PHẦN ĐẦU TƯ VÀ PHÁT TRIỂN ALOHA APP,CÔNG TY CỔ PHẦN ĐẦU TƯ VÀ PHÁT,Công ty cổ phần,"65/11 Đường số 18, Phường 8, Quận Gò Vấp, Thành phố Hồ Chí Minh, Việt Nam",Quận Gò Vấp,6201: Lập trình máy vi tính-Chi tiết: Sản xuất phần mềm;5820: Xuất bản phần mềm-Chi tiết: Sản xuất phần mềm;6202: Tư vấn máy vi tính và quản trị hệ thống máy vi tính-;4649: Bán buôn đồ dùng khác cho g,internet
316117050,CÔNG TY TNHH VODALESS,CÔNG TY TNHH VODALESS,Công ty trách nhiệm hữu hạn một thành viên,"998/42/15 Quang Trung, Phường 8, Quận Gò Vấp, Thành phố Hồ Chí Minh, Việt Nam",Quận Gò Vấp,"1811: In ấn-(trừ in tráng bao bì kim loại, in trên sản phẩm vải, sợi, dệt, may đan tại trụ sở);1820: Sao chép bản ghi các loại-;7410: Hoạt động thiết kế chuyên dụng-Chi tiết: Hoạt động thiết kế chuyên",internet
316120800,CÔNG TY TNHH THƯƠNG MẠI QUỐC TẾ ĐỨC TÚ,CÔNG TY TNHH THƯƠNG MẠI QUỐC T,Công ty trách nhiệm hữu hạn một thành viên,"193 Nguyễn Văn Khối, Phường 8, Quận Gò Vấp, Thành phố Hồ Chí Minh, Việt Nam",Quận Gò Vấp,"1079: Sản xuất thực phẩm khác chưa được phân vào đâu-Chi tiết: Rang và lọc cà phê; Sản xuất các sản phẩm cà phê như: cà phê hoà tan, cà phê lọc, chiết xuất cà phê và cà phê cô đặc; Sản xuất các chất t",internet
316112373,CÔNG TY TNHH TƯ VẤN DỊCH VỤ MỘC VIỆT,CÔNG TY TNHH TƯ VẤN DỊCH VỤ MỘ,Công ty trách nhiệm hữu hạn hai thành viên trở lên,"205/31/10 Phạm Văn Chiêu, Phường 14, Quận Gò Vấp, Thành phố Hồ Chí Minh, Việt Nam",Quận Gò Vấp,1820: Sao chép bản ghi các loại-;6201: Lập trình máy vi tính-;6202: Tư vấn máy vi tính và quản trị hệ thống máy vi tính-;6209: Hoạt động dịch vụ công nghệ thông tin và dịch vụ khác liên quan đến máy v,internet
316118826,CÔNG TY TNHH THƯƠNG MẠI VÀ DỊCH VỤ CÔNG NGHỆ VKTECH,CÔNG TY TNHH THƯƠNG MẠI VÀ DỊC,Công ty trách nhiệm hữu hạn hai thành viên trở lên,"417/53/4 Lê Văn Thọ, Phường 9, Quận Gò Vấp, Thành phố Hồ Chí Minh, Việt Nam",Quận Gò Vấp,"3313: Sửa chữa thiết bị điện tử và quang học-;3314: Sửa chữa thiết bị điện-;3320: Lắp đặt máy móc và thiết bị công nghiệp-;4221: Xây dựng công trình điện-;4223: Xây dựng công trình viễn thông, thông t",internet
316125220,CÔNG TY TNHH SỨC KHỎE VÀ SẮC ĐẸP GIA PHÁT,CÔNG TY TNHH SỨC KHỎE VÀ SẮC Đ,Công ty trách nhiệm hữu hạn một thành viên,"109/27B Đường số 2, Phường 16, Quận Gò Vấp, Thành phố Hồ Chí Minh, Việt Nam",Quận Gò Vấp,"8230: Tổ chức giới thiệu và xúc tiến thương mại-Chi tiết: Tổ chức hội nghị, hội thảo, hội chợ, triển lãm (không thực hiện các hiệu ứng cháy, nổ; không sử dụng chất nổ, chất cháy, hóa chất làm đạo cụ, ",internet
316123093,CÔNG TY CỔ PHẦN THƯƠNG MẠI DỊCH VỤ XUẤT NHẬP KHẨU 3T FOOD,CÔNG TY CỔ PHẦN THƯƠNG MẠI DỊC,Công ty cổ phần,"401/59 Đường số 10, Phường 8, Quận Gò Vấp, Thành phố Hồ Chí Minh, Việt Nam",Quận Gò Vấp,"5630: Dịch vụ phục vụ đồ uống-(trừ hoạt động quán bar và quán giải khát có khiêu vũ);4633: Bán buôn đồ uống-;4711: Bán lẻ lương thực, thực phẩm, đồ uống, thuốc lá, thuốc lào chiếm tỷ trọng lớn trong c",internet
316126954,CÔNG TY CỔ PHẦN BÊ TÔNG NHỰA NÓNG CDC,CÔNG TY CỔ PHẦN BÊ TÔNG NHỰA N,Công ty cổ phần,"998/42/15 Quang Trung, Phường 8, Quận Gò Vấp, Thành phố Hồ Chí Minh, Việt Nam",Quận Gò Vấp,"4101: Xây dựng nhà để ở-;4102: Xây dựng nhà không để ở-;4322: Lắp đặt hệ thống cấp, thoát nước, hệ thống sưởi và điều hoà không khí-(trừ lắp đặt các thiết bị điện lạnh (thiết bị cấp đông, kho lạnh, má",internet
316131778,CÔNG TY TNHH DỊCH VỤ TỔ CHỨC SỰ KIỆN QUẢNG CÁO SÀI GÒN,CÔNG TY TNHH DỊCH VỤ TỔ CHỨC S,Công ty trách nhiệm hữu hạn một thành viên,"31 Đường Số 4, Phường 7, Quận Gò Vấp, Thành phố Hồ Chí Minh, Việt Nam",Quận Gò Vấp,"4649: Bán buôn đồ dùng khác cho gia đình-Chi tiết: Bán buôn đồ điện gia dụng, đèn và bộ đèn điện. Bán buôn sách, báo, tạp chí (có nội dung được phép lưu hành), văn phòng phẩm. Bán buôn nước hoa, hàng ",internet
316140451,CÔNG TY TNHH CYBER NETWORK,CÔNG TY TNHH CYBER NETWORK,Công ty trách nhiệm hữu hạn một thành viên,"347/69/32 Lê Văn Thọ, Phường 9, Quận Gò Vấp, Thành phố Hồ Chí Minh, Việt Nam",Quận Gò Vấp,"4761: Bán lẻ sách, báo, tạp chí văn phòng phẩm trong các cửa hàng chuyên doanh-Chi tiết: Bán lẻ văn phòng phẩm;5912: Hoạt động hậu kỳ-(trừ sản xuất phim, phát sóng và không thực hiện các hiệu ứng cháy",internet
316132436,CÔNG TY TNHH MR TECH,CÔNG TY TNHH MR TECH,Công ty trách nhiệm hữu hạn một thành viên,"457 Lê Văn Thọ, Phường 9, Quận Gò Vấp, Thành phố Hồ Chí Minh, Việt Nam",Quận Gò Vấp,"4329: Lắp đặt hệ thống xây dựng khác-(Trừ gia công cơ khí, tái chế phế thải, xi, mạ điện tại trụ sở);4651: Bán buôn máy vi tính, thiết bị ngoại vi và phần mềm-;4652: Bán buôn thiết bị và linh kiện điệ",internet
316137716,CÔNG TY TNHH THƯƠNG MẠI XUẤT NHẬP KHẨU WJ,CÔNG TY TNHH THƯƠNG MẠI XUẤT N,Công ty trách nhiệm hữu hạn một thành viên,"310/15/1B Dương Quảng Hàm, Phường 5, Quận Gò Vấp, Thành phố Hồ Chí Minh, Việt Nam",Quận Gò Vấp,"4649: Bán buôn đồ dùng khác cho gia đình-Chi tiết: Bán buôn, xuất nhập khẩu hàng nước hoa, hàng mỹ phẩm và chế phẩm vệ sinh (trừ dược phẩm). Bán buôn, xuất nhập khẩu vali, cặp, túi, ví, hàng da và giả",internet
316149969,CÔNG TY TNHH THƯƠNG MẠI VÀ DỊCH VỤ VŨ CA,CÔNG TY TNHH THƯƠNG MẠI VÀ DỊC,Công ty trách nhiệm hữu hạn một thành viên,"28/15 Lê Thị Hồng, Phường 17, Quận Gò Vấp, Thành phố Hồ Chí Minh, Việt Nam",Quận Gò Vấp,"8230: Tổ chức giới thiệu và xúc tiến thương mại-(không thực hiện các hiệu ứng cháy nổ, sử dụng chất nổ, chất cháy, hóa chất làm đạo cụ, dụng cụ thực hiện các chương trình văn nghệ, sự kiện phim ảnh);7",internet
316147707,CÔNG TY TNHH ĐẦU TƯ DỊCH VỤ VÀ THƯƠNG MẠI NHẬT HUY MINH,CÔNG TY TNHH ĐẦU TƯ DỊCH VỤ,Công ty trách nhiệm hữu hạn một thành viên,"Hẻm 265, số 265/8 Lê Đức Thọ, Phường 17, Quận Gò Vấp, Thành phố Hồ Chí Minh, Việt Nam",Quận Gò Vấp,"5630: Dịch vụ phục vụ đồ uống-(Không bao gồm kinh doanh quán bar, phòng hát Karaoke, vũ trường);5820: Xuất bản phần mềm-Chi tiết: Gia công phần mềm;6619: Hoạt động hỗ trợ dịch vụ tài chính chưa được p",internet
316148027,CÔNG TY TNHH THƯƠNG MẠI DỊCH VỤ PHAN GIA THỊNH,CÔNG TY TNHH THƯƠNG MẠI DỊCH V,Công ty trách nhiệm hữu hạn hai thành viên trở lên,"11 Đường số 3 - Khu dân cư City Land, Phường 10, Quận Gò Vấp, Thành phố Hồ Chí Minh, Việt Nam",Quận Gò Vấp,"4659: Bán buôn máy móc, thiết bị và phụ tùng máy khác-Chi tiết: Bán buôn máy móc, thiết bị lọc nước; Bán buôn máy móc, thiết bị sử dụng năng lượng mặt trời;4759: Bán lẻ đồ điện gia dụng, giường, tủ, b",internet
316143935,CÔNG TY TNHH SẢN XUẤT - PHÂN PHỐI THỰC PHẨM MINIFOOD,CÔNG TY TNHH SẢN XUẤT  PHÂN PH,Công ty trách nhiệm hữu hạn hai thành viên trở lên,"242 Nguyễn Văn Lượng, Phường 17, Quận Gò Vấp, Thành phố Hồ Chí Minh, Việt Nam",Quận Gò Vấp,"4669: Bán buôn chuyên doanh khác chưa được phân vào đâu-(trừ bán buôn hóa chất, khí dầu mỏ hóa lỏng LPG, dầu nhớt cặn, vàng miếng, súng, đạn loại dùng đi săn hoặc thể thao và tiền kim khí; Thực hiện t",internet
316163113,CÔNG TY TNHH XUẤT NHẬP KHẨU TỔNG HỢP NGỌC HÀ,CÔNG TY TNHH XUẤT NHẬP KHẨU TỔ,Công ty trách nhiệm hữu hạn một thành viên,"919 Nguyễn Kiệm, Phường 3, Quận Gò Vấp, Thành phố Hồ Chí Minh, Việt Nam",Quận Gò Vấp,"1512: Sản xuất vali, túi xách và các loại tương tự, sản xuất yên đệm-(trừ tẩy, nhuộm, hồ, in trên các sản phẩm vải sợi, dệt, may, đan và gia công hàng đã qua sử dụng, thuộc da, luyện ",internet
316166033,CÔNG TY TNHH CÔNG NGHỆ THÔNG TIN VISITEK,CÔNG TY TNHH CÔNG NGHỆ THÔNG T,Công ty trách nhiệm hữu hạn hai thành viên trở lên,"Khu CityLand Center Hills, Số 86, Đường số 7, Phường 7, Quận Gò Vấp, Thành phố Hồ Chí Minh, Việt Nam",Quận Gò Vấp,"4669: Bán buôn chuyên doanh khác chưa được phân vào đâu-Chi tiết: Bán buôn nhãn in, ruy băng ngành in, camera, tủ bảng điện; bộ lưu điện (trừ bán buôn bình gas, khí dầu mỏ hóa lỏng LPG, dầu nhớt cặn, ",internet
316155539,CÔNG TY TNHH MARKETING TRUYỀN THÔNG CYAN,CÔNG TY TNHH MARKETING TRUYỀN ,Công ty trách nhiệm hữu hạn hai thành viên trở lên,"417/6/5 Quang Trung, Phường 10, Quận Gò Vấp, Thành phố Hồ Chí Minh, Việt Nam",Quận Gò Vấp,1811: In ấn-; 1812: Dịch vụ liên quan đến in-; 1820: Sao chép bản ghi các loại-(trừ thông tin nhà nước cấm); 4649: Bán buôn đồ dùng khác cho gia đình-(trừ dược phẩm); 4719: Bán lẻ  khác trong các cửa ,internet
316151573,CÔNG TY TRÁCH NHIỆM HỮU HẠN MỘT THÀNH VIÊN THẨM MỸ VIỆN LINH TÂY,CÔNG TY TRÁCH NHIỆM HỮU HẠN MỘ,Công ty trách nhiệm hữu hạn một thành viên,"167 Nguyễn Văn Lượng, Phường 10, Quận Gò Vấp, Thành phố Hồ Chí Minh, Việt Nam",Quận Gò Vấp,"9610: Dịch vụ tắm hơi, massage và các dịch vụ tăng cường sức khoẻ tương tự (trừ hoạt động thể thao)-(Không hoạt động tại trụ sở);4772: Bán lẻ thuốc, dụng cụ y tế, mỹ phẩm và vật phẩm vệ sinh trong các",internet
316161726,CÔNG TY TNHH PHÁT TRIỂN TRUYỀN THÔNG TRUYỀN HÌNH VIỆT NAM,CÔNG TY TNHH PHÁT TRIỂN TRUYỀN,Công ty trách nhiệm hữu hạn một thành viên,"172 Nguyễn Oanh, Phường 17, Quận Gò Vấp, Thành phố Hồ Chí Minh, Việt Nam",Quận Gò Vấp,8121: Vệ sinh chung nhà cửa-;8129: Vệ sinh công nghiệp và các công trình chuyên biệt-;8130: Dịch vụ chăm sóc và duy trì cảnh quan-;8211: Dịch vụ hành chính văn phòng tổng hợp-;8532: Đào tạo trung cấp-,internet
316157945,CÔNG TY CỔ PHẦN JUST GIVING,CÔNG TY CỔ PHẦN JUST GIVING,Công ty cổ phần,"46 Nguyễn Thượng Hiền, Phường 1, Quận Gò Vấp, Thành phố Hồ Chí Minh, Việt Nam",Quận Gò Vấp,"4773: Bán lẻ hàng hóa khác mới trong các cửa hàng chuyên doanh-Chi tiết: - Bán lẻ hoa, cây cảnh, cá cảnh, chim cảnh, vật nuôi cảnh trong các cửa hàng chuyên doanh
(Thực hiện theo quyết định 64/2009/QĐ",internet
316180863,CÔNG TY TNHH MINAZON,CÔNG TY TNHH MINAZON,Công ty trách nhiệm hữu hạn một thành viên,"383/17 Quang Trung, Phường 10, Quận Gò Vấp, Thành phố Hồ Chí Minh, Việt Nam",Quận Gò Vấp,"4669: Bán buôn chuyên doanh khác chưa được phân vào đâu-(trừ bán buôn bình gas, khí dầu mỏ hóa lỏng LPG, dầu nhớt cặn, vàng miếng, súng, đạn loại dùng đi săn hoặc thể thao và tiền",internet
316161211,CÔNG TY TNHH QUỐC TẾ VIWAY,CÔNG TY TNHH QUỐC TẾ VIWAY,Công ty trách nhiệm hữu hạn hai thành viên trở lên,"496/63/19A1 Dương Quảng Hàm, Phường 6, Quận Gò Vấp, Thành phố Hồ Chí Minh, Việt Nam",Quận Gò Vấp,"4791: Bán lẻ theo yêu cầu đặt hàng qua bưu điện hoặc internet-(trừ bán lẻ bình gas, khí dầu mỏ hóa lỏng LPG, dầu nhớt cặn, vàng miếng, súng, đạn loại dùng đi săn hoặc thể thao và tiền kim khí và thực ",internet
316163716,CÔNG TY TNHH THƯƠNG MẠI DỊCH VỤ THIẾT BỊ VÀ CÔNG NGHỆ BẢO AN,CÔNG TY TNHH THƯƠNG MẠI DỊCH V,Công ty trách nhiệm hữu hạn một thành viên,"499/23 Đường Quang Trung , Phường 10, Quận Gò Vấp, Thành phố Hồ Chí Minh, Việt Nam",Quận Gò Vấp,"6311: Xử lý dữ liệu, cho thuê và các hoạt động liên quan-;6312: Cổng thông tin-;7310: Quảng cáo-;7410: Hoạt động thiết kế chuyên dụng--Chi tiết: Tư vấn, thiết kế hệ thống phòng cháy chữa cháy,thiết bị",internet
316156500,CÔNG TY TNHH PHỤ TÙNG AN BÌNH,CÔNG TY TNHH PHỤ TÙNG AN BÌNH,Công ty trách nhiệm hữu hạn hai thành viên trở lên,"Số 100 đường số 10 KDC Cityland Park Hill, Phường 10, Quận Gò Vấp, Thành phố Hồ Chí Minh, Việt Nam",Quận Gò Vấp,"4511: Bán buôn ô tô và xe có động cơ khác-;4513: Đại lý ô tô và xe có động cơ khác-;4512: Bán lẻ ô tô con (loại 9 chỗ ngồi trở xuống)-;4520: Bảo dưỡng, sửa chữa ô tô và xe có động cơ khác-;4530: Bán p",internet
316170086,CÔNG TY TNHH HAPPINESS CONNECTION,CÔNG TY TNHH HAPPINESS CONNECT,Công ty trách nhiệm hữu hạn một thành viên,"886 Nguyễn Kiệm, Phường 3, Quận Gò Vấp, Thành phố Hồ Chí Minh, Việt Nam",Quận Gò Vấp,"7310: Quảng cáo-;7320: Nghiên cứu thị trường và thăm dò dư luận-;4610: Đại lý, môi giới, đấu giá hàng hóa-Chi tiết: Đại lý bán hàng hóa, môi giới mua bán hàng hóa;4791: Bán lẻ theo yêu cầu đặt hàng qu",internet
316168295,CÔNG TY TNHH XÂY DỰNG CẦU ĐƯỜNG THIÊN LỘC PHÁT 568,CÔNG TY TNHH XÂY DỰNG CẦU ĐƯỜN,Công ty trách nhiệm hữu hạn một thành viên,"435/26 Thống Nhất, Phường 11, Quận Gò Vấp, Thành phố Hồ Chí Minh, Việt Nam",Quận Gò Vấp,"4311: Phá dỡ-;4312: Chuẩn bị mặt bằng-;4330: Hoàn thiện công trình xây dựng-Chi tiết: Thi công trang trí nội thất;4663: Bán buôn vật liệu, thiết bị lắp đặt khác trong xây dựng-;6820: Tư vấn, môi giới,",internet
316170840,CÔNG TY TNHH CÔNG NGHỆ VIỆT ĐỈNH,CÔNG TY TNHH CÔNG NGHỆ VIỆT ĐỈ,Công ty trách nhiệm hữu hạn một thành viên,"252/34 Phạm Văn Chiêu, Phường 9, Quận Gò Vấp, Thành phố Hồ Chí Minh, Việt Nam",Quận Gò Vấp,"4663: Bán buôn vật liệu, thiết bị lắp đặt khác trong xây dựng-Chi tiết: Bán buôn ổ khóa;4659: Bán buôn máy móc, thiết bị và phụ tùng máy khác-Chi tiết: Bán buôn hệ thống chống trộm - báo cháy, hệ thốn",internet
316170248,CÔNG TY CỔ PHẦN CÔNG NGHỆ B2B VIỆT NAM,CÔNG TY CỔ PHẦN CÔNG NGHỆ B2B ,Công ty cổ phần,"Số 52 Đường số 11, Khu Dân Cư Cityland Park Hills, Phường 10, Quận Gò Vấp, Thành phố Hồ Chí Minh, Việt Nam",Quận Gò Vấp,"8299: Hoạt động dịch vụ hỗ trợ kinh doanh khác còn lại chưa được phân vào đâu-Chi tiết: Xuất nhập khẩu các mặt hàng công ty kinh doanh;4651: Bán buôn máy vi tính, thiết bị ngoại vi và phần mềm-;4652: ",internet
316165512,CÔNG TY TNHH DŨNG 88,CÔNG TY TNHH DŨNG 88,Công ty trách nhiệm hữu hạn một thành viên,"Số 74/9/28 đường số 9, Phường 16, Quận Gò Vấp, Thành phố Hồ Chí Minh, Việt Nam",Quận Gò Vấp,"4791: Bán lẻ theo yêu cầu đặt hàng qua bưu điện hoặc internet-(trừ đấu giá bán lẻ qua internet) (trừ bán lẻ bình gas, khí dầu mỏ hóa lỏng LPG, dầu nhớt cặn, vàng miếng, súng, đạn loại dùng đi săn hoặc",internet
316173672,CÔNG TY TNHH THƯƠNG MẠI KIM NGÂN ANH,CÔNG TY TNHH THƯƠNG MẠI KIM NG,Công ty trách nhiệm hữu hạn một thành viên,"876/1 Thống Nhất, Phường 15, Quận Gò Vấp, Thành phố Hồ Chí Minh, Việt Nam",Quận Gò Vấp,"1512: Sản xuất vali, túi xách và các loại tương tự, sản xuất yên đệm-(không gia công cơ khí, tái chế phế thải, không tẩy, nhuộm, hồ, in trên các sản phẩm vải sợi, dệt, may, thêu, đan và gia công hàng ",internet
316169926,CÔNG TY TNHH VACO,CÔNG TY TNHH VACO,Công ty trách nhiệm hữu hạn một thành viên,"115/66 Đường 51 , Phường 14, Quận Gò Vấp, Thành phố Hồ Chí Minh, Việt Nam",Quận Gò Vấp,"4791: Bán lẻ theo yêu cầu đặt hàng qua bưu điện hoặc internet-trừ bán lẻ bình gas, hóa chất, súng, đạn loại dùng đi săn hoặc thể thao và tiền kim khí và thực hiện theo Quyết định 64/2009/QĐ-UBND ngày ",internet
316177589,CÔNG TY TNHH ONEL,CÔNG TY TNHH ONEL,Công ty trách nhiệm hữu hạn một thành viên,"114/27/16 Bùi Quang Là, Phường 12, Quận Gò Vấp, Thành phố Hồ Chí Minh, Việt Nam",Quận Gò Vấp,"7020: Hoạt động tư vấn quản lý-Chi tiết: Tư vấn, hướng dẫn và trợ giúp điều hành, lập chiến lược và kế hoạch hoạt động cho các cá nhân, tổ chức kinh doanh; Quan hệ và thông tin cộng đồng; Tư vấn và gi",internet
316176391,CÔNG TY CỔ PHẦN GOLDEN COIN,CÔNG TY CỔ PHẦN GOLDEN COIN,Công ty cổ phần,"460 Đường Dương Quảng Hàm, Phường 6, Quận Gò Vấp, Thành phố Hồ Chí Minh, Việt Nam",Quận Gò Vấp,9312: Hoạt động của các câu lạc bộ thể thao-(trừ hoạt động của các sàn nhảy);9321: Hoạt động của các công viên vui chơi và công viên theo chủ đề-(không hoạt động tại Thành phố Hồ Chí Minh);9610: Dịch ,internet
316171918,CÔNG TY TNHH AHAGO VIỆT NAM,CÔNG TY TNHH AHAGO VIỆT NAM,Công ty trách nhiệm hữu hạn hai thành viên trở lên,"489/5 Nguyễn Văn Công, Phường 3, Quận Gò Vấp, Thành phố Hồ Chí Minh, Việt Nam",Quận Gò Vấp,"4791: Bán lẻ theo yêu cầu đặt hàng qua bưu điện hoặc internet-(trừ bán lẻ bình gas, khí dầu mỏ hóa lỏng LPG, dầu nhớt cặn, vàng miếng, súng, đạn loại dùng đi săn hoặc thể thao và tiền kim khí; trừ bán",internet
316168827,CÔNG TY TNHH QT VININA,CÔNG TY TNHH QT VININA,Công ty trách nhiệm hữu hạn một thành viên,"175/12/3 đường số 4, Phường 16, Quận Gò Vấp, Thành phố Hồ Chí Minh, Việt Nam",Quận Gò Vấp,"4101: Xây dựng nhà để ở-;4102: Xây dựng nhà không để ở-;4211: Xây dựng công trình đường sắt-;4212: Xây dựng công trình đường bộ-;4221: Xây dựng công trình điện-;4222: Xây dựng công trình cấp, thoát nư",internet
316201873,CÔNG TY TNHH XUẤT NHẬP KHẨU VIN,CÔNG TY TNHH XUẤT NHẬP KHẨU VI,Công ty trách nhiệm hữu hạn một thành viên,"Tầng 1 HB Building, Số 154 Phạm Văn Chiêu, Phường 9, Quận Gò Vấp, Thành phố Hồ Chí Minh, Việt Nam",Quận Gò Vấp,"4649: Bán buôn đồ dùng khác cho gia đình-(Trừ dược phẩm);4652: Bán buôn thiết bị và linh kiện điện tử, viễn thông-;4659: Bán buôn máy móc, thiết bị và phụ tùng máy khác-;7020: Hoạt động tư vấn quản lý",internet
316180253,CÔNG TY TNHH GLOBAL HI-TECH & MEDIA,CÔNG TY TNHH GLOBAL HITECH  ME,Công ty trách nhiệm hữu hạn một thành viên,"178/15 Nguyễn Oanh, Phường 17, Quận Gò Vấp, Thành phố Hồ Chí Minh, Việt Nam",Quận Gò Vấp,"4329: Lắp đặt hệ thống xây dựng khác-Chi tiết: Lắp đặt bảng hiệu, pano, hộp đèn, đèn neon signs, nhà chờ, băng rôn, poster, chữ nổi các loại, các công trình quảng cáo.;6190: Hoạt động viễn thông khác-",internet
316187442,CÔNG TY CỔ PHẦN THƯƠNG MẠI DỊCH VỤ XUẤT NHẬP KHẨU ANH MẬP,CÔNG TY CỔ PHẦN THƯƠNG MẠI DỊC,Công ty cổ phần,"656/51 Quang Trung, Phường 11, Quận Gò Vấp, Thành phố Hồ Chí Minh, Việt Nam",Quận Gò Vấp,7120: Kiểm tra và phân tích kỹ thuật-;5629: Dịch vụ ăn uống khác-(trừ hoạt động quán bar và quán giải khát có khiêu vũ);7211: Nghiên cứu khoa học và phát triển công nghệ trong lĩnh vực khoa học tự nhi,internet
316187121,CÔNG TY TNHH THƯƠNG MẠI DỊCH VỤ TÂN DIỆP SƠN,CÔNG TY TNHH THƯƠNG MẠI DỊCH V,Công ty trách nhiệm hữu hạn một thành viên,"Số 110 Thống Nhất, Phường 10, Quận Gò Vấp, Thành phố Hồ Chí Minh, Việt Nam",Quận Gò Vấp,"4791: Bán lẻ theo yêu cầu đặt hàng qua bưu điện hoặc internet-(trừ bán lẻ bình gas, khí dầu mỏ hóa lỏng LPG, dầu nhớt cặn, vàng miếng, súng, đạn loại dùng đi săn hoặc thể thao và tiền kim khí; trừ bán",internet
316191897,CÔNG TY CP TRUYỀN THÔNG VÀ QUẢNG CÁO VITECH CENTER,CÔNG TY CP TRUYỀN THÔNG VÀ QUẢ,Công ty cổ phần,"8/11/20 đường số 44, Phường 14, Quận Gò Vấp, Thành phố Hồ Chí Minh, Việt Nam",Quận Gò Vấp,"1811: In ấn-(-Trừ in tráng kim loại, i n trên sản phẩm vải sợi, dêt, may đan tại trụ sở);1812: Dịch vụ liên quan đến in-;2630: Sản xuất thiết bị truyền thông-;4610: Đại lý, môi giới, đấu giá hàng hóa-",internet
316191946,CÔNG TY CỔ PHẦN DỊCH VỤ ĐẦU TƯ CÁT TƯỜNG,CÔNG TY CỔ PHẦN DỊCH VỤ ĐẦU TƯ,Công ty cổ phần,"786B Nguyễn Kiệm, Phường 3, Quận Gò Vấp, Thành phố Hồ Chí Minh, Việt Nam",Quận Gò Vấp,"8230: Tổ chức giới thiệu và xúc tiến thương mại-Chi tiết: Tổ chức hội chợ, triển lãm (không thực hiện các hiệu ứng cháy, nổ, không sử dụng chất nổ, chất cháy, hóa chất làm đạo cụ, dụng cụ thực hiện cá",internet
316181225,CÔNG TY TNHH CAFI VIỆT NAM,CÔNG TY TNHH CAFI VIỆT NAM,Công ty trách nhiệm hữu hạn một thành viên,"492 Phạm Văn Bạch, Phường 12, Quận Gò Vấp, Thành phố Hồ Chí Minh, Việt Nam",Quận Gò Vấp,"4329: Lắp đặt hệ thống xây dựng khác-Chi tiết: Lắp đặt hệ thống phòng chữa cháy, hệ thống chống trộm, hệ thống camera quan sát, hệ thống chống sét, hệ thống nhà thông minh. lắp đặt hệ thống viễn thông",internet
316185364,CÔNG TY CỔ PHẦN TRUYỀN THÔNG QUẢNG CÁO JJ MEDIA,CÔNG TY CỔ PHẦN TRUYỀN THÔNG Q,Công ty cổ phần,"366A4 Đường Phan Văn Trị, Phường 5, Quận Gò Vấp, Thành phố Hồ Chí Minh, Việt Nam",Quận Gò Vấp,"1811: In ấn-(trừ in tráng bao bì kim loại, in trên sản phẩm vải, sợi, dệt, may đan tại trụ sở).;1812: Dịch vụ liên quan đến in-;6190: Hoạt động viễn thông khác-Chi tiết: Hoạt động của các điểm truy cậ",internet
316216005,CÔNG TY CP GIẢI PHÁP HỖ TRỢ DOANH NGHIỆP SAIGON,CÔNG TY CP GIẢI PHÁP HỖ TRỢ DO,Công ty cổ phần,"Số 35 Trần Thị Nghỉ, Phường 7, Quận Gò Vấp, Thành phố Hồ Chí Minh, Việt Nam",Quận Gò Vấp,"6201: Lập trình máy vi tính-;4651: Bán buôn máy vi tính, thiết bị ngoại vi và phần mềm-;4652: Bán buôn thiết bị và linh kiện điện tử, viễn thông-;4610: Đại lý, môi giới, đấu giá hàng hóa-Chi tiết: Đại",internet
316188157,CÔNG TY TNHH KHOA HỌC KỸ THUẬT ANTIB,CÔNG TY TNHH KHOA HỌC KỸ THUẬT,Công ty trách nhiệm hữu hạn hai thành viên trở lên,"854/40/3M Thống Nhất, Phường 15, Quận Gò Vấp, Thành phố Hồ Chí Minh, Việt Nam",Quận Gò Vấp,3700: Thoát nước và xử lý nước thải-;3830: Tái chế phế liệu-;3900: Xử lý ô nhiễm và hoạt động quản lý chất thải khác-;2021: Sản xuất thuốc trừ sâu và sản phẩm hoá chất khác dùng trong nông nghiệp-(khô,internet
316199896,CÔNG TY TNHH KHOA HỌC KỸ THUẬT SUWINA,CÔNG TY TNHH KHOA HỌC KỸ THUẬT,Công ty trách nhiệm hữu hạn một thành viên,"Số 411/80 đường Lê Đức Thọ, Phường 17, Quận Gò Vấp, Thành phố Hồ Chí Minh, Việt Nam",Quận Gò Vấp,"2023: Sản xuất mỹ phẩm, xà phòng, chất tẩy rửa, làm bóng và chế phẩm vệ sinh-(trừ sản xuất, tồn trữ hóa chất tại trụ sở);1030: Chế biến và bảo quản rau quả-(Không hoạt động tại trụ sở);1040: Sản xuất ",internet
316171717,CÔNG TY TNHH TƯ VẤN THUẾ AN PHONG,CÔNG TY TNHH TƯ VẤN THUẾ AN PH,Công ty trách nhiệm hữu hạn một thành viên,"154 Phạm Văn Chiêu , Phường 9, Quận Gò Vấp, Thành phố Hồ Chí Minh, Việt Nam",Quận Gò Vấp,"4322: Lắp đặt hệ thống cấp, thoát nước, hệ thống sưởi và điều hoà không khí-(trừ lắp đặt các thiết bị lạnh (thiết bị cấp đông, kho lạnh, máy đá, điều hòa không khí, làm lạnh nước) sử dụng ga lạnh R22 ",internet
316219912,CÔNG TY TNHH GIẢI PHÁP CÔNG NGHỆ PICOPIECE,CÔNG TY TNHH GIẢI PHÁP CÔNG NG,Công ty trách nhiệm hữu hạn một thành viên,"415/17 Nguyễn Văn Công, Phường 3, Quận Gò Vấp, Thành phố Hồ Chí Minh, Việt Nam",Quận Gò Vấp,"2610: Sản xuất linh kiện điện tử-;5820: Xuất bản phần mềm-Chi tiết: Sản xuất phần mềm;4741: Bán lẻ máy vi tính, thiết bị ngoại vi, phần mềm và thiết bị viễn thông trong các cửa hàng chuyên doanh-Chi t",internet
316198444,CÔNG TY TNHH ISMART TECHNOLOGY,CÔNG TY TNHH ISMART TECHNOLOGY,Công ty trách nhiệm hữu hạn hai thành viên trở lên,"891/111/9 Nguyễn Kiệm , Phường 3, Quận Gò Vấp, Thành phố Hồ Chí Minh, Việt Nam",Quận Gò Vấp,"4741: Bán lẻ máy vi tính, thiết bị ngoại vi, phần mềm và thiết bị viễn thông trong các cửa hàng chuyên doanh-;4742: Bán lẻ thiết bị nghe nhìn trong các cửa hàng chuyên doanh-;5820: Xuất bản phần mềm-c",technology
316204345,CÔNG TY TNHH QUỐC TẾ HEALTHY NUTRITION,CÔNG TY TNHH QUỐC TẾ HEALTHY N,Công ty trách nhiệm hữu hạn hai thành viên trở lên,"86/5/1G Đường số 27, Phường 6, Quận Gò Vấp, Thành phố Hồ Chí Minh, Việt Nam",Quận Gò Vấp,4632: Bán buôn thực phẩm-(không hoạt động tại trụ sở);4633: Bán buôn đồ uống-;4649: Bán buôn đồ dùng khác cho gia đình-;4722: Bán lẻ thực phẩm trong các cửa hàng chuyên doanh-(thực hiện theo quyết ,internet
316207924,CÔNG TY TNHH TRUYỀN THÔNG VÀ TIN TỨC THÀNH PHỐ,CÔNG TY TNHH TRUYỀN THÔNG VÀ T,Công ty trách nhiệm hữu hạn một thành viên,"Số 41 An Nhơn, Phường 17, Quận Gò Vấp, Thành phố Hồ Chí Minh, Việt Nam",Quận Gò Vấp,"8559: Giáo dục khác chưa được phân vào đâu-Chi tiết: Giáo dục không xác định theo cấp độ tại các trung tâm đào tạo bồi dưỡng; - Đào tạo và kiểm tra trình độ chuyên môn; - Đào tạo tin học, ngoại ngữ và",internet
316208928,CÔNG TY TNHH COMPUTER TIẾN PHÁT,CÔNG TY TNHH COMPUTER TIẾN PHÁ,Công ty trách nhiệm hữu hạn một thành viên,"239 Lê Văn Thọ, Phường 9, Quận Gò Vấp, Thành phố Hồ Chí Minh, Việt Nam",Quận Gò Vấp,"1811: In ấn-(không hoạt động tại trụ sở);1812: Dịch vụ liên quan đến in-(không hoạt động tại trụ sở);1820: Sao chép bản ghi các loại-;4610: Đại lý, môi giới, đấu giá hàng hóa-Chi tiết: đại lý, môi giớ",computer
316213420,CÔNG TY TNHH ISMITECH,CÔNG TY TNHH ISMITECH,Công ty trách nhiệm hữu hạn hai thành viên trở lên,"579/104/7 Quang Trung, Phường 11, Quận Gò Vấp, Thành phố Hồ Chí Minh, Việt Nam",Quận Gò Vấp,"5820: Xuất bản phần mềm-Chi tiết: Sản Xuất phần mềm;6190: Hoạt động viễn thông khác-(trừ bán lại hạ tầng viễn thông, mạng cung cấp);6201: Lập trình máy vi tính-;6202: Tư vấn máy vi tính và quản trị hệ",internet
316214375,CÔNG TY TNHH ĐIỆN NĂNG LƯỢNG HOA TIÊU,CÔNG TY TNHH ĐIỆN NĂNG LƯỢNG H,Công ty trách nhiệm hữu hạn một thành viên,"137 Đường số 12, Khu dân cư CityLand, Phường 10, Quận Gò Vấp, Thành phố Hồ Chí Minh, Việt Nam",Quận Gò Vấp,"4321: Lắp đặt hệ thống điện-;4329: Lắp đặt hệ thống xây dựng khác-Chi tiết: Lắp đặt hệ thống camera, hệ thống phòng cháy chữa cháy, hệ thống chống trộm, hệ thống viễn thông, thang máy. Lắp đặt hệ thốn",internet
316211800,CÔNG TY TNHH THƯƠNG MẠI DỊCH VỤ ĐẦU TƯ HOÀNG GIA BẢO,CÔNG TY TNHH THƯƠNG MẠI DỊCH V,Công ty trách nhiệm hữu hạn hai thành viên trở lên,"383/3/35 Quang Trung, Phường 10, Quận Gò Vấp, Thành phố Hồ Chí Minh, Việt Nam",Quận Gò Vấp,5229: Hoạt động dịch vụ hỗ trợ khác liên quan đến vận tải-Chi tiết: -Gửi hàng; -Giao nhận hàng hóa; -Thu phát chứng từ vận tải và vận đơn; -Hoạt động của đại lý làm thủ tục hải quan; -Hoạt động của cá,internet
316203479,CÔNG TY TNHH DỊCH VỤ VIETLIFE ADS,CÔNG TY TNHH DỊCH VỤ VIETLIFE ,Công ty trách nhiệm hữu hạn hai thành viên trở lên,"574 Phạm Văn Bạch, Phường 12, Quận Gò Vấp, Thành phố Hồ Chí Minh, Việt Nam",Quận Gò Vấp,"7410: Hoạt động thiết kế chuyên dụng-Chi tiết: Thiết kế wed, hoạt động trang trí nội ngoại thất;7810: Hoạt động của các trung tâm, đại lý tư vấn, giới thiệu và môi giới lao động, việc làm-chi tiết Hoạ",internet
316213910,CÔNG TY TNHH BÁCH HÓA ONLINE,CÔNG TY TNHH BÁCH HÓA ONLINE,Công ty trách nhiệm hữu hạn một thành viên,"497/24/17 Phan Văn Trị, Phường 5, Quận Gò Vấp, Thành phố Hồ Chí Minh, Việt Nam",Quận Gò Vấp,"4631: Bán buôn gạo, lúa mỳ, hạt ngũ cốc khác, bột mỳ-(không hoạt động tại trụ sở);4620: Bán buôn nông, lâm sản nguyên liệu (trừ gỗ, tre, nứa) và động vật sống-(không hoạt động tại trụ sở);4632: Bán bu",internet
316232102,CÔNG TY TNHH TMDV PHÁT TRIỂN PHÚC AN,CÔNG TY TNHH TMDV PHÁT TRIỂN P,Công ty trách nhiệm hữu hạn một thành viên,"28/19 Trần Thị Nghỉ, Phường 7, Quận Gò Vấp, Thành phố Hồ Chí Minh, Việt Nam",Quận Gò Vấp,5820: Xuất bản phần mềm-Chi tiết: Sản xuất phần mềm;6201: Lập trình máy vi tính-;7410: Hoạt động thiết kế chuyên dụng-chi tiết: Thiết kế website; Thiết kế đồ họa; Hoạt động trang trí nội ngoại thất;46,internet
316218901,CÔNG TY TNHH TM K&N,CÔNG TY TNHH TM KN,Công ty trách nhiệm hữu hạn một thành viên,"Số 107/33/15K đường số 11  , Phường 11, Quận Gò Vấp, Thành phố Hồ Chí Minh, Việt Nam",Quận Gò Vấp,"4662: Bán buôn kim loại và quặng kim loại-Chi tiết: Bán buôn sắt, thép; Mua bán vàng trang sức, mỹ nghệ. Bán buôn bạc và kim loại quý khác (Trừ vàng miếng);4663: Bán buôn vật liệu, thiết bị lắp đặt kh",internet
316210620,CÔNG TY TNHH GIẢI TRÍ GAME BASS,CÔNG TY TNHH GIẢI TRÍ GAME BAS,Công ty trách nhiệm hữu hạn một thành viên,"225 Phạm Văn Chiêu, Phường 14, Quận Gò Vấp, Thành phố Hồ Chí Minh, Việt Nam",Quận Gò Vấp,6190: Hoạt động viễn thông khác-Chi tiết: Hoạt động của các điểm truy cập internet;9329: Hoạt động vui chơi giải trí khác chưa được phân vào đâu-Chi tiết: Kinh doanh trò chơi điện tử (trừ kinh doanh t,internet
316233628,CÔNG TY CỔ PHẦN E MARKET,CÔNG TY CỔ PHẦN E MARKET,Công ty cổ phần,"Số 86, Đường số 11, Phường 10, Quận Gò Vấp, Thành phố Hồ Chí Minh, Việt Nam",Quận Gò Vấp,"4771: Bán lẻ hàng may mặc, giày dép, hàng da và giả da trong các cửa hàng chuyên doanh-;4772: Bán lẻ thuốc, dụng cụ y tế, mỹ phẩm và vật phẩm vệ sinh trong các cửa hàng chuyên doanh-;4773: Bán lẻ hàng",internet
316248617,CÔNG TY TNHH SAENAM INDS,CÔNG TY TNHH SAENAM INDS,Công ty trách nhiệm hữu hạn một thành viên,"158 đường số 59, Phường 14, Quận Gò Vấp, Thành phố Hồ Chí Minh, Việt Nam",Quận Gò Vấp,"0893: Khai thác muối-;1020: Chế biến, bảo quản thuỷ sản và các sản phẩm từ thuỷ sản-;1030: Chế biến và bảo quản rau quả-;1050: Chế biến sữa và các sản phẩm từ sữa-;1073: Sản xuất ca cao, sôcôla và bán",internet
316235689,CÔNG TY TNHH THIẾT BỊ ĐIỆN TỬ VIỄN THÔNG SƠN NAM,CÔNG TY TNHH THIẾT BỊ ĐIỆN TỬ ,Công ty trách nhiệm hữu hạn một thành viên,"208 Nguyễn Oanh, Phường 17, Quận Gò Vấp, Thành phố Hồ Chí Minh, Việt Nam",Quận Gò Vấp,"4719: Bán lẻ  khác trong các cửa hàng kinh doanh tổng hợp-(trừ bán lẻ bình gas, hóa chất, khí dầu mỏ hóa lỏng LPG, dầu nhớt cặn, vàng miếng, súng, đạn loại dùng đi săn hoặc thể thao và tiền kim khí; T",internet
316234660,CÔNG TY TNHH XÂY DỰNG THƯƠNG MẠI NHẬT MINH 68,CÔNG TY TNHH XÂY DỰNG THƯƠNG M,Công ty trách nhiệm hữu hạn một thành viên,"76 Đường số 3, Phường 9, Quận Gò Vấp, Thành phố Hồ Chí Minh, Việt Nam",Quận Gò Vấp,5229: Hoạt động dịch vụ hỗ trợ khác liên quan đến vận tải-Chi tiết: Dịch vụ cung ứng tàu biển; dịch vụ đại lý tàu biển; hoạt động của đại lý bán vé máy bay; giao nhận hàng hóa; hoạt động của đại lý là,internet
316241918,CÔNG TY TNHH BANKUS,CÔNG TY TNHH BANKUS,Công ty trách nhiệm hữu hạn một thành viên,"632/10/8 Quang Trung , Phường 11, Quận Gò Vấp, Thành phố Hồ Chí Minh, Việt Nam",Quận Gò Vấp,"7020: Hoạt động tư vấn quản lý-(trừ tư vấn tài chính, kế toán, pháp luật).;7830: Cung ứng và quản lý nguồn lao động-Chi tiết: Cung ứng và quản lý nguồn lao động trong nước (trừ cho thuê lại lao động).",internet
316247589,CÔNG TY TNHH NODAFOOD,CÔNG TY TNHH NODAFOOD,Công ty trách nhiệm hữu hạn một thành viên,"87 Lê Lợi, Phường 4, Quận Gò Vấp, Thành phố Hồ Chí Minh, Việt Nam",Quận Gò Vấp,"4781: Bán lẻ lương thực, thực phẩm, đồ uống, thuốc lá, thuốc lào lưu động hoặc tại chợ-Chi tiết:  Bán lẻ lương thực lưu động hoặc tại chợ. Bán lẻ thực phẩm khô, thực phẩm công nghiệp, đường sữa bánh k",internet
316252571,CÔNG TY CỔ PHẦN BÌNH AN PHÁT PETRO,CÔNG TY CỔ PHẦN BÌNH AN PHÁT P,Công ty cổ phần,"385/90 Lê Văn Thọ, Phường 9, Quận Gò Vấp, Thành phố Hồ Chí Minh, Việt Nam",Quận Gò Vấp,"4661: Bán buôn nhiên liệu rắn, lỏng, khí và các sản phẩm liên quan-(trừ kinh doanh khí dầu mỏ hóa lỏng LPG và dầu nhớt cặn);4663: Bán buôn vật liệu, thiết bị lắp đặt khác trong xây dựng-;4690: Bán buô",internet
316243263,CÔNG TY TNHH LOVING TREE,CÔNG TY TNHH LOVING TREE,Công ty trách nhiệm hữu hạn hai thành viên trở lên,"746 đường Phạm Văn Bạch, Phường 12, Quận Gò Vấp, Thành phố Hồ Chí Minh, Việt Nam",Quận Gò Vấp,0119: Trồng cây hàng năm khác-;0121: Trồng cây ăn quả-;0129: Trồng cây lâu năm  khác-;0131: Nhân và chăm sóc cây giống hàng năm-;0132: Nhân và chăm sóc cây giống lâu năm-;0161: Hoạt động dịch vụ trồng,internet
316248173,CÔNG TY TNHH HÒN GHẸ,CÔNG TY TNHH HÒN GHẸ,Công ty trách nhiệm hữu hạn hai thành viên trở lên,"551/5 Phan Văn Trị, Phường 5, Quận Gò Vấp, Thành phố Hồ Chí Minh, Việt Nam",Quận Gò Vấp,"5610: Nhà hàng và các dịch vụ ăn uống phục vụ lưu động-(Không bao gồm kinh doanh quán bar, phòng hát karaoke, vũ trường);5621: Cung cấp dịch vụ ăn uống theo hợp đồng không thường xuyên với khách hàng-",internet
316272747,CÔNG TY CỔ PHẦN TM - DV GRAND FRUITS,CÔNG TY CỔ PHẦN TM  DV GRAND F,Công ty cổ phần,"234 Quang Trung, Phường 10, Quận Gò Vấp, Thành phố Hồ Chí Minh, Việt Nam",Quận Gò Vấp,"4711: Bán lẻ lương thực, thực phẩm, đồ uống, thuốc lá, thuốc lào chiếm tỷ trọng lớn trong các cửa hàng kinh doanh tổng hợp-(thực hiện theo Quyết định số 64/2009/QĐ-UBND ngày 31/7/2009 và quyết định số",internet
316233138,CÔNG TY TNHH ĐẦU TƯ PHÁT TRIỂN TTN,CÔNG TY TNHH ĐẦU TƯ PHÁT TRIỂN,Công ty trách nhiệm hữu hạn hai thành viên trở lên,"873/6 Lê Đức Thọ, Phường 16, Quận Gò Vấp, Thành phố Hồ Chí Minh, Việt Nam",Quận Gò Vấp,"1010: Chế biến, bảo quản thịt và các sản phẩm từ thịt-(Không hoạt động tại trụ sở).;1020: Chế biến, bảo quản thuỷ sản và các sản phẩm từ thuỷ sản-(Không hoạt động tại trụ sở).;1030: Chế biến và bảo qu",internet
316255540,CÔNG TY TNHH KINH DOANH THƯƠNG MẠI DỊCH VỤ DUY THANH,CÔNG TY TNHH KINH DOANH THƯƠNG,Công ty trách nhiệm hữu hạn một thành viên,"138/11/4 Nguyễn Duy Cung, Phường 12, Quận Gò Vấp, Thành phố Hồ Chí Minh, Việt Nam",Quận Gò Vấp,"7830: Cung ứng và quản lý nguồn lao động-Chi tiết: Cung ứng và quản lý nguồn lao động trong nước; 8230: Tổ chức giới thiệu và xúc tiến thương mại-Chi tiết: Tổ chức sự kiện, hội nghị, hội thảo (không t",internet
316243859,CÔNG TY TNHH K2 SÁNG TẠO VÀ TRUYỀN THÔNG,CÔNG TY TNHH K2 SÁNG TẠO VÀ TR,Công ty trách nhiệm hữu hạn hai thành viên trở lên,"496 Dương Quảng Hàm, Phường 6, Quận Gò Vấp, Thành phố Hồ Chí Minh, Việt Nam",Quận Gò Vấp,"9000: Hoạt động sáng tác, nghệ thuật và giải trí-(không thực hiện các hiệu ứng cháy, nổ, không sử dụng chất nổ, chất cháy, hóa chât làm đạo cụ, dụng cụ thực hiện các chương trình văn nghệ, sự kiện, ph",internet
316262530,CÔNG TY TNHH SẢN XUẤT THƯƠNG MẠI XUẤT NHẬP KHẨU THẢO AN,CÔNG TY TNHH SẢN XUẤT THƯƠNG M,Công ty trách nhiệm hữu hạn một thành viên,"238/19 Thống Nhất, Phường 10, Quận Gò Vấp, Thành phố Hồ Chí Minh, Việt Nam",Quận Gò Vấp,"4791: Bán lẻ theo yêu cầu đặt hàng qua bưu điện hoặc internet-(trừ bán lẻ hóa chất, khí dầu mỏ hóa lỏng LPG, dầu nhớt cặn, vàng miếng, súng, đạn loại dùng đi săn hoặc thể thao và tiền kim khí; Thực hi",internet
316258213,CÔNG TY TNHH TRUYỀN THÔNG VÀ GIẢI TRÍ SEVENTH SENSE,CÔNG TY TNHH TRUYỀN THÔNG VÀ G,Công ty trách nhiệm hữu hạn một thành viên,"87/18 Đường số 7, Phường 3, Quận Gò Vấp, Thành phố Hồ Chí Minh, Việt Nam",Quận Gò Vấp,"7310: Quảng cáo-;8230: Tổ chức giới thiệu và xúc tiến thương mại-(trừ các hoạt động trong lĩnh vực có sử dụng chất nổ, chất cháy, hóa chất, làm đạo cụ, dụng cụ thực hiện các chương trình văn hóa, nghệ",internet
316278107,CÔNG TY TNHH THƯƠNG MẠI EASTERN VIỆT NAM,CÔNG TY TNHH THƯƠNG MẠI EASTER,Công ty trách nhiệm hữu hạn một thành viên,"số 146/2/28 Đường số 30, Phường 6, Quận Gò Vấp, Thành phố Hồ Chí Minh, Việt Nam",Quận Gò Vấp,"4719: Bán lẻ khác trong các cửa hàng kinh doanh tổng hợp-Chi tiết: Thực hiện quyền phân phối bán lẻ các hàng hóa không thuộc danh mục hàng hóa cấm xuất khẩu, cấm nhập khẩu và danh mục hàng hóa không đ",internet
316291972,CÔNG TY TNHH THIẾT KẾ - XÂY DỰNG HOÀNG THẮNG,CÔNG TY TNHH THIẾT KẾ  XÂY DỰN,Công ty trách nhiệm hữu hạn hai thành viên trở lên,"Số 1/26 Đường số 3, Phường 9, Quận Gò Vấp, Thành phố Hồ Chí Minh, Việt Nam",Quận Gò Vấp,"4791: Bán lẻ theo yêu cầu đặt hàng qua bưu điện hoặc internet-(trừ bán lẻ bình gas, súng, đạn loại dùng đi săn hoặc thể thao và tiền kim khí và thực hiện theo Quyết định 64/2009/QĐ-UBND ngày 31/7/2009",internet
316281011,CÔNG TY TNHH TMDV VÀ ĐẦU TƯ TÂM AN PHÁT,CÔNG TY TNHH TMDV VÀ ĐẦU TƯ TÂ,Công ty trách nhiệm hữu hạn một thành viên,"Số 237/65/43 đường Phạm Văn Chiêu, Phường 14, Quận Gò Vấp, Thành phố Hồ Chí Minh, Việt Nam",Quận Gò Vấp,"7310: Quảng cáo-Chi tiết: Quảng cáo online;7410: Hoạt động thiết kế chuyên dụng-Chi tiết: Thiết kế web;8211: Dịch vụ hành chính văn phòng tổng hợp-;8219: Photo, chuẩn bị tài liệu và các hoạt động hỗ t",internet
316265316,CÔNG TY CỔ PHẦN TINH DẦU YOLI,CÔNG TY CỔ PHẦN TINH DẦU YOLI,Công ty cổ phần,"18A Phan Văn Trị, Phường 10, Quận Gò Vấp, Thành phố Hồ Chí Minh, Việt Nam",Quận Gò Vấp,"2100: Sản xuất thuốc, hoá dược và dược liệu-Chi tiết: Sản xuất tinh dầu thiên nhiên từ thực vật, hương thơm, sản phẩm khử mùi gia đình từ tinh dầu (trừ sản xuất hóa chất);4632: Bán buôn thực phẩm-(khô",internet
316279830,CÔNG TY TNHH QUÀ BAO LA,CÔNG TY TNHH QUÀ BAO LA,Công ty trách nhiệm hữu hạn một thành viên,"1C Đường 12, Phường 11, Quận Gò Vấp, Thành phố Hồ Chí Minh, Việt Nam",Quận Gò Vấp,"1392: Sản xuất hàng dệt sẵn (trừ trang phục)-(trừ tẩy, nhuộm, hồ, in, gia công hàng đã qua sử dụng tại trụ sở); 1811: In ấn-(không hoạt động tại trụ sở); 1812: Dịch vụ liên quan đến in-;4511: Bán buôn",internet
316289973,CÔNG TY TNHH  DR.SHOES VIETNAM,CÔNG TY TNHH  DRSHOES VIETNAM,Công ty trách nhiệm hữu hạn một thành viên,"số 41/53 Lê Lợi, Phường 4, Quận Gò Vấp, Thành phố Hồ Chí Minh, Việt Nam",Quận Gò Vấp,"1520: Sản xuất giày, dép-(không hoạt động tại trụ sở).;4771: Bán lẻ hàng may mặc, giày dép, hàng da và giả da trong các cửa hàng chuyên doanh-Chi tiết: Bán lẻ giày dép trong các cửa hàng chuyên doanh.",internet
316273067,CÔNG TY TNHH THƯƠNG MẠI VÀ DỊCH VỤ CÔNG NGHỆ TECHVIET,CÔNG TY TNHH THƯƠNG MẠI VÀ DỊC,Công ty trách nhiệm hữu hạn một thành viên,"43/12 Đường số 6, Phường 15, Quận Gò Vấp, Thành phố Hồ Chí Minh, Việt Nam",Quận Gò Vấp,"6202: Tư vấn máy vi tính và quản trị hệ thống máy vi tính-;6201: Lập trình máy vi tính-;6209: Hoạt động dịch vụ công nghệ thông tin và dịch vụ khác liên quan đến máy vi tính-;6311: Xử lý dữ liệu, cho ",internet
316305537,CÔNG TY TNHH BROADWAY,CÔNG TY TNHH BROADWAY,Công ty trách nhiệm hữu hạn một thành viên,"11/1B Nguyễn Thái Sơn, Phường 3, Quận Gò Vấp, Thành phố Hồ Chí Minh, Việt Nam",Quận Gò Vấp,"4511: Bán buôn ô tô và xe có động cơ khác-;4512: Bán lẻ ô tô con (loại 9 chỗ ngồi trở xuống)-;4513: Đại lý ô tô và xe có động cơ khác-;4520: Bảo dưỡng, sửa chữa ô tô và xe có động cơ khác-;4530: Bán p",internet
316278668,CÔNG TY TNHH CÔNG NGHỆ BLUE NET,CÔNG TY TNHH CÔNG NGHỆ BLUE NE,Công ty trách nhiệm hữu hạn một thành viên,"157/14 Trần Bá Giao, Phường 5, Quận Gò Vấp, Thành phố Hồ Chí Minh, Việt Nam",Quận Gò Vấp,"4791: Bán lẻ theo yêu cầu đặt hàng qua bưu điện hoặc internet-(trừ bán lẻ bình gas, khí dầu mỏ hóa lỏng LPG, dầu nhớt cặn, vàng miếng, súng, đạn loại dùng đi săn hoặc thể thao và tiền kim khí và thực ",internet
316304533,CÔNG TY TNHH ONIX ENERGY,CÔNG TY TNHH ONIX ENERGY,Công ty trách nhiệm hữu hạn một thành viên,"350/146/2C Nguyễn Văn Lượng, Phường 16, Quận Gò Vấp, Thành phố Hồ Chí Minh, Việt Nam",Quận Gò Vấp,"4221: Xây dựng công trình điện-(Doanh nghiệp không cung cấp hàng hóa, dịch vụ thuộc độc quyền Nhà nước, không hoạt động thương mại theo NĐ 94/2017/NĐ-CP về hàng hóa, dịch vụ độc quyền Nhà nước);4222: ",internet
316298791,CÔNG TY TNHH CÔNG NGHỆ PERFECT,CÔNG TY TNHH CÔNG NGHỆ PERFECT,Công ty trách nhiệm hữu hạn hai thành viên trở lên,"99/14  Đường số 1 , Phường 13, Quận Gò Vấp, Thành phố Hồ Chí Minh, Việt Nam",Quận Gò Vấp,"6209: Hoạt động dịch vụ công nghệ thông tin và dịch vụ khác liên quan đến máy vi tính-;6202: Tư vấn máy vi tính và quản trị hệ thống máy vi tính-;6311: Xử lý dữ liệu, cho thuê và các hoạt động liên qu",internet
316284157,CÔNG TY TNHH SẢN XUẤT THƯƠNG MẠI DỊCH VỤ TỔNG HỢP BẢO LINH,CÔNG TY TNHH SẢN XUẤT THƯƠNG M,Công ty trách nhiệm hữu hạn một thành viên,"Số 79/65/5 đường Bùi Quang Là, Phường 12, Quận Gò Vấp, Thành phố Hồ Chí Minh, Việt Nam",Quận Gò Vấp,"4543: Bán phụ tùng và các bộ phận phụ trợ của mô tô, xe máy-;4610: Đại lý, môi giới, đấu giá hàng hóa-Chi tiết: Đại lý, môi giới;4620: Bán buôn nông, lâm sản nguyên liệu (trừ gỗ, tre, nứa) và động vật",internet
316297981,CÔNG TY CỔ PHẦN NLSOFT,CÔNG TY CỔ PHẦN NLSOFT,Công ty cổ phần,"28/11 Huỳnh Khương An, Phường 5, Quận Gò Vấp, Thành phố Hồ Chí Minh, Việt Nam",Quận Gò Vấp,"3312: Sửa chữa máy móc, thiết bị-;4651: Bán buôn máy vi tính, thiết bị ngoại vi và phần mềm-;4652: Bán buôn thiết bị và linh kiện điện tử, viễn thông-;4659: Bán buôn máy móc, thiết bị và phụ tùng máy ",internet
316324346,CÔNG TY TNHH NOVO EVOLUS SOFTWARE,CÔNG TY TNHH NOVO EVOLUS SOFTW,Công ty trách nhiệm hữu hạn một thành viên,"Cityland Garden Hills, Villa Số 7, Đường Số 8, Phường 5, Quận Gò Vấp, Thành phố Hồ Chí Minh, Việt Nam",Quận Gò Vấp,"7410: Hoạt động thiết kế chuyên dụng-Chi tiết: Hoạt động thiết kế website, thiết kế phần mềm, thiết kế phần cứng, thiết kế đồ họa (trừ thiết kế công trình xây dựng);8299: Hoạt động dịch vụ h",software
316321708,CÔNG TY CỔ PHẦN TẬP ĐOÀN KAFE PLUS,CÔNG TY CỔ PHẦN TẬP ĐOÀN KAFE ,Công ty cổ phần,"số 50 đường số 1, khu dân cư City Land, Phường 7, Quận Gò Vấp, Thành phố Hồ Chí Minh, Việt Nam",Quận Gò Vấp,"1079: Sản xuất thực phẩm khác chưa được phân vào đâu-Chi tiết: - Sản xuất các sản phẩm cà phê như: cà phê hoà tan, cà phê lọc, chiết xuất cà phê và cà phê cô đặc; - Sản xuất chiết suất và chế phẩm từ ",internet
316309108,CÔNG TY CỔ PHẦN SX TM DỊCH VỤ VIỆT MỸ,CÔNG TY CỔ PHẦN SX TM DỊCH VỤ ,Công ty cổ phần,"1264/86 Lê Đức Thọ, Phường 13, Quận Gò Vấp, Thành phố Hồ Chí Minh, Việt Nam",Quận Gò Vấp,"3312: Sửa chữa máy móc, thiết bị-Chi tiết: Dịch vụ sửa chữa, bảo dưỡng máy móc, thiết bị (trừ gia công cơ khí, tái chế phế thải, xi mạ điện tại trụ sở);7110: Hoạt động kiến trúc và tư vấn kỹ thuật có ",internet
316316867,CÔNG TY TNHH MYCHO,CÔNG TY TNHH MYCHO,Công ty trách nhiệm hữu hạn một thành viên,"668/2E  Lê Đức Thọ, Phường 15, Quận Gò Vấp, Thành phố Hồ Chí Minh, Việt Nam",Quận Gò Vấp,"6202: Tư vấn máy vi tính và quản trị hệ thống máy vi tính-;6120: Hoạt động viễn thông không dây-(trừ cung cấp dịch vụ truy cập, truy nhập internet tại trụ sở).;6201: Lập trình máy vi tính-;6311: Xử lý",internet
316311428,CÔNG TY TNHH NANO HH,CÔNG TY TNHH NANO HH,Công ty trách nhiệm hữu hạn hai thành viên trở lên,"1264/57/45B, Lê Đức Thọ, Phường 13, Quận Gò Vấp, Thành phố Hồ Chí Minh, Việt Nam",Quận Gò Vấp,"7310: Quảng cáo-Chi tiết: Dịch vụ quảng cáo thương mại (không bao gồm quảng cáo thuốc lá, bia, rượu, không được thực hiện hoạt động in ấn và phát hành các ấn phẩm);7320: Nghiên cứu thị trường và thăm ",internet
316330854,CÔNG TY TNHH THƯƠNG MẠI XUẤT NHẬP KHẨU THANH TÚ,CÔNG TY TNHH THƯƠNG MẠI XUẤT N,Công ty trách nhiệm hữu hạn một thành viên,"275/71 Quang Trung, Phường 10, Quận Gò Vấp, Thành phố Hồ Chí Minh, Việt Nam",Quận Gò Vấp,"4610: Đại lý, môi giới, đấu giá hàng hóa-Chi tiết: Đại lý bán hàng hóa, Môi giới mua bán hàng hóa (trừ đấu giá hàng hóa, trừ môi giới bất động sản);4620: Bán buôn nông, lâm sản nguyên liệu (trừ gỗ, tr",internet
316320380,CÔNG TY TNHH THƯƠNG MẠI DỊCH VỤ KỸ THUẬT BẢO KIM,CÔNG TY TNHH THƯƠNG MẠI DỊCH V,Công ty trách nhiệm hữu hạn hai thành viên trở lên,"187/18 đường số 6, Phường 7, Quận Gò Vấp, Thành phố Hồ Chí Minh, Việt Nam",Quận Gò Vấp,"4662: Bán buôn kim loại và quặng kim loại-(trừ kinh doanh vàng miếng);4663: Bán buôn vật liệu, thiết bị lắp đặt khác trong xây dựng-;4669: Bán buôn chuyên doanh khác chưa được phân vào đâu-(Trừ bán bu",internet
316308087,CÔNG TY TNHH DỊCH VỤ KỸ THUẬT VIỄN THÔNG BEECOM,CÔNG TY TNHH DỊCH VỤ KỸ THUẬT ,Công ty trách nhiệm hữu hạn hai thành viên trở lên,"Số 306 Nguyễn Văn Lượng, Phường 16, Quận Gò Vấp, Thành phố Hồ Chí Minh, Việt Nam",Quận Gò Vấp,1812: Dịch vụ liên quan đến in-;5820: Xuất bản phần mềm-Chi tiết: Sản xuất và gia công phần mềm;6110: Hoạt động viễn thông có dây-;6120: Hoạt động viễn thông không dây-;6190: Hoạt động viễn thông khác,internet
316319635,CÔNG TY TNHH INTERNET 269 GV,CÔNG TY TNHH INTERNET 269 GV,Công ty trách nhiệm hữu hạn một thành viên,"329 Phan Huy Ích, Phường 14, Quận Gò Vấp, Thành phố Hồ Chí Minh, Việt Nam",Quận Gò Vấp,6190: Hoạt động viễn thông khác-Chi tiết: Hoạt động các điểm truy cập internet Cung cấp dịch vụ trò chơi điện tử trên mạng (trừ kinh doanh trò chơi có thưởng dành cho người nước ngoài và kinh doanh tr,internet
316323014,CÔNG TY TNHH THƯƠNG MẠI DỊCH VỤ HỒ BÌNH,CÔNG TY TNHH THƯƠNG MẠI DỊCH V,Công ty trách nhiệm hữu hạn một thành viên,"429 Nguyễn Oanh, Phường 17, Quận Gò Vấp, Thành phố Hồ Chí Minh, Việt Nam",Quận Gò Vấp,"4322: Lắp đặt hệ thống cấp, thoát nước, hệ thống sưởi và điều hoà không khí-(trừ lắp đặt các thiết bị điện lạnh (thiết bị cấp đông, kho lạnh, máy đá, điều hòa không khí, làm lạnh nước) sử dụng ga lạnh",internet
316322807,CÔNG TY TNHH SẢN XUẤT THƯƠNG MẠI DỊCH VỤ PHÁT TRIỂN ĐỆ NHẤT,CÔNG TY TNHH SẢN XUẤT THƯƠNG M,Công ty trách nhiệm hữu hạn một thành viên,"697 Phan Văn Trị, Phường 7, Quận Gò Vấp, Thành phố Hồ Chí Minh, Việt Nam",Quận Gò Vấp,"4722: Bán lẻ thực phẩm trong các cửa hàng chuyên doanh-Chi tiết: Bán lẻ các loại trà (trà ướp hương, trà túi lọc), cà phê (thực hiện theo quyết định 64/2009/QĐ-UBND ngày 31/07/2009 và quyết định  số 7",internet
316315334,CÔNG TY TNHH DỊCH VỤ TƯ VẤN ANZ,CÔNG TY TNHH DỊCH VỤ TƯ VẤN AN,Công ty trách nhiệm hữu hạn hai thành viên trở lên,"Số136/1/2 Đường Số 4, Phường 16, Quận Gò Vấp, Thành phố Hồ Chí Minh, Việt Nam",Quận Gò Vấp,"4633: Bán buôn đồ uống-;4651: Bán buôn máy vi tính, thiết bị ngoại vi và phần mềm-;6190: Hoạt động viễn thông khác-Chi tiết: Hoạt động của các điểm truy cập internet;6820: Tư vấn, môi giới, đấu giá bấ",internet
316324723,CÔNG TY TNHH MTV TRUYỀN THÔNG VĨNH THÀNH,CÔNG TY TNHH MTV TRUYỀN THÔNG ,Công ty trách nhiệm hữu hạn một thành viên,"393 Lê Đức Thọ, Phường 17, Quận Gò Vấp, Thành phố Hồ Chí Minh, Việt Nam",Quận Gò Vấp,6399: Dịch vụ thông tin khác chưa được phân vào đâu-Chi tiết: Các hoạt động dịch vụ thông tin khác chưa được phân vào đâu: - Các dịch vụ thông tin qua điện thoại - Các dịch vụ tìm kiếm thông tin thông,internet
316354848,CÔNG TY TNHH HAGANIC,CÔNG TY TNHH HAGANIC,Công ty trách nhiệm hữu hạn hai thành viên trở lên,"513 Phạm Văn Chiêu, Phường 13, Quận Gò Vấp, Thành phố Hồ Chí Minh, Việt Nam",Quận Gò Vấp,"4101: Xây dựng nhà để ở-;4102: Xây dựng nhà không để ở-;4211: Xây dựng công trình đường sắt-;4212: Xây dựng công trình đường bộ-;4221: Xây dựng công trình điện-(Doanh nghiệp không cung cấp hàng hóa, d",internet
316332280,CÔNG TY CỔ PHẦN TẬP ĐOÀN TRUYỀN THÔNG SÀI GÒN,CÔNG TY CỔ PHẦN TẬP ĐOÀN TRUYỀ,Công ty cổ phần,"600/47 Lê Quang Định, Phường 1, Quận Gò Vấp, Thành phố Hồ Chí Minh, Việt Nam",Quận Gò Vấp,"4311: Phá dỡ-;4321: Lắp đặt hệ thống điện-;4322: Lắp đặt hệ thống cấp, thoát nước, hệ thống sưởi và điều hoà không khí-(trừ lắp đặt các thiết bị điện lạnh (thiết bị cấp đông, kho lạnh, máy đá, điều hò",internet
316357133,CÔNG TY TNHH THƯƠNG MẠI DỊCH VỤ XUẤT NHẬP KHẨU IMPERIAL,CÔNG TY TNHH THƯƠNG MẠI DỊCH V,Công ty trách nhiệm hữu hạn một thành viên,"36/35 Lê Thị Hồng, Phường 17, Quận Gò Vấp, Thành phố Hồ Chí Minh, Việt Nam",Quận Gò Vấp,"0118: Trồng rau, đậu các loại và trồng hoa-;0128: Trồng cây gia vị, cây dược liệu, cây hương liệu lâu năm-;0131: Nhân và chăm sóc cây giống hàng năm-;0141: Chăn nuôi trâu, bò và sản xuất giống trâu, b",internet
316334697,CÔNG TY TNHH THIẾT KẾ KIẾN TRÚC NỘI THẤT KOM HOME DESIGN,CÔNG TY TNHH THIẾT KẾ KIẾN TRÚ,Công ty trách nhiệm hữu hạn một thành viên,"467/39 Lê Đức Thọ  , Phường 16, Quận Gò Vấp, Thành phố Hồ Chí Minh, Việt Nam",Quận Gò Vấp,"1621: Sản xuất gỗ dán, gỗ lạng, ván ép và ván mỏng khác-(không hoạt động tại trụ sở);1622: Sản xuất đồ gỗ xây dựng-(không hoạt động tại trụ sở);1811: In ấn-;1812: Dịch vụ liên quan đến in-;2592: Gia c",internet
316351269,CÔNG TY TNHH MTV DOCEAN SOLUTION,CÔNG TY TNHH MTV DOCEAN SOLUTI,Công ty trách nhiệm hữu hạn một thành viên,"41/61 Đường số 3, Phường 9, Quận Gò Vấp, Thành phố Hồ Chí Minh, Việt Nam",Quận Gò Vấp,6201: Lập trình máy vi tính-Chi tiết: Sản xuất phần mềm;6202: Tư vấn máy vi tính và quản trị hệ thống máy vi tính-;6209: Hoạt động dịch vụ công nghệ thông tin và dịch vụ khác liên quan đến máy vi tính,internet
316374107,CÔNG TY TNHH ĐỨC VIỆT GREEN SOLAR,CÔNG TY TNHH ĐỨC VIỆT GREEN SO,Công ty trách nhiệm hữu hạn một thành viên,"1340/12/35 Lê Đức Thọ, Phường 13, Quận Gò Vấp, Thành phố Hồ Chí Minh, Việt Nam",Quận Gò Vấp,"4221: Xây dựng công trình điện-Chi tiết: Thi công, xây dựng công trình điện dân dụng và công nghiệp; Thi công, xây dựng công trình điện năng lượng mặt trời (Doanh nghiệp không cung cấp hàng hóa, dịch ",internet
316339335,CÔNG TY TNHH THƯƠNG MẠI TOÀN CẦU KHANG MINH,CÔNG TY TNHH THƯƠNG MẠI TOÀN C,Công ty trách nhiệm hữu hạn hai thành viên trở lên,"54/15/5 Đường Số 21, Phường 8, Quận Gò Vấp, Thành phố Hồ Chí Minh, Việt Nam",Quận Gò Vấp,"8299: Hoạt động dịch vụ hỗ trợ kinh doanh khác còn lại chưa được phân vào đâu-Chi tiết: Xuất nhập khẩu các mặt hàng công ty kinh doanh;4610: Đại lý, môi giới, đấu giá hàng hóa-Chi tiết: Đại lý, môi gi",internet
316355707,CÔNG TY TNHH THƯƠNG MẠI VÀ DỊCH VỤ DU LỊCH HỢP DOANH,CÔNG TY TNHH THƯƠNG MẠI VÀ DỊC,Công ty trách nhiệm hữu hạn hai thành viên trở lên,"312/89/7 Quang Trung, Phường 10, Quận Gò Vấp, Thành phố Hồ Chí Minh, Việt Nam",Quận Gò Vấp,"3511: Sản xuất điện-(trừ truyền tải, điều độ hệ thống điện quốc gia và quản lý lưới điện phân phối, thuỷ điện đa mục tiêu, điện hạt nhân);3512: Truyền tải và phân phối điện-Chi tiết: Bán điện cho ngườ",internet
316361122,CÔNG TY TNHH THƯƠNG MẠI DỊCH VỤ E SHOP HOME VIỆT NAM,CÔNG TY TNHH THƯƠNG MẠI DỊCH V,Công ty trách nhiệm hữu hạn một thành viên,"845 Phan Văn Trị, Phường 7, Quận Gò Vấp, Thành phố Hồ Chí Minh, Việt Nam",Quận Gò Vấp,"2750: Sản xuất đồ điện dân dụng-Chi tiết: Sản xuất, lắp ráp bếp gas, bếp điện từ, đồ điện gia dụng (không hoạt động tại trụ sở);3320: Lắp đặt máy móc và thiết bị công nghiệp-(trừ gia công cơ khí, tái ",internet
316368061,CÔNG TY TNHH BÁCH HÓA SỨC KHỎE,CÔNG TY TNHH BÁCH HÓA SỨC KHỎE,Công ty trách nhiệm hữu hạn một thành viên,"26 Nguyễn Thái Sơn, Phường 3, Quận Gò Vấp, Thành phố Hồ Chí Minh, Việt Nam",Quận Gò Vấp,"4791: Bán lẻ theo yêu cầu đặt hàng qua bưu điện hoặc internet-(trừ bán lẻ bình gas, khí dầu mỏ hóa lỏng LPG, dầu nhớt cặn, vàng miếng, súng, đạn loại dùng đi săn hoặc thể thao và tiền kim khí và thực ",internet
316365945,CÔNG TY TNHH TM-DV CÔNG NGHỆ VIỄN THÔNG GLOBAL,CÔNG TY TNHH TMDV CÔNG NGHỆ VI,Công ty trách nhiệm hữu hạn hai thành viên trở lên,"62/20/16 Huỳnh Khương An, Phường 5, Quận Gò Vấp, Thành phố Hồ Chí Minh, Việt Nam",Quận Gò Vấp,"3314: Sửa chữa thiết bị điện-;4223: Xây dựng công trình viễn thông, thông tin liên lạc-;4321: Lắp đặt hệ thống điện-;4652: Bán buôn thiết bị và linh kiện điện tử, viễn thông-;4659: Bán buôn máy móc, t",internet
316377274,CÔNG TY TNHH THƯƠNG MẠI DỊCH VỤ TIN HỌC FTS,CÔNG TY TNHH THƯƠNG MẠI DỊCH V,Công ty trách nhiệm hữu hạn một thành viên,"148/21/15 Đường số 59, Phường 14, Quận Gò Vấp, Thành phố Hồ Chí Minh, Việt Nam",Quận Gò Vấp,"4321: Lắp đặt hệ thống điện-Chi tiết: Lắp đặt mạng internet; Lắp đặt hệ thống điện dân dụng; Lắp đặt hệ thống camera quan sát, hệ thống báo cháy, hệ thống báo động chống trộm (trừ gia công cơ khí, tái",internet
316371480,CÔNG TY TNHH AQ DIGI,CÔNG TY TNHH AQ DIGI,Công ty trách nhiệm hữu hạn một thành viên,"169/21 Nguyễn Tư Giản, Phường 12, Quận Gò Vấp, Thành phố Hồ Chí Minh, Việt Nam",Quận Gò Vấp,7911: Đại lý du lịch-;7912: Điều hành tua du lịch-;7990: Dịch vụ đặt chỗ và các dịch vụ hỗ trợ liên quan đến quảng bá và tổ chức tua du lịch-;8230: Tổ chức giới thiệu và xúc tiến thương mại-Chi tiết: ,internet
316364596,CÔNG TY CỔ PHẦN TMS HOLDINGS,CÔNG TY CỔ PHẦN TMS HOLDINGS,Công ty cổ phần,"950/43 Nguyễn Kiệm, Phường 3, Quận Gò Vấp, Thành phố Hồ Chí Minh, Việt Nam",Quận Gò Vấp,"4799: Bán lẻ hình thức khác chưa được phân vào đâu-(trừ bán lẻ bình gas, khí dầu mỏ hóa lỏng LPG, dầu nhớt cặn, vàng miếng, súng, đạn loại dùng đi săn hoặc thể thao và tiền kim khí; trừ bán lẻ hóa chấ",internet
316362888,CÔNG TY TNHH PHÁT TRIỂN DU LỊCH THUẬN QUẢNG,CÔNG TY TNHH PHÁT TRIỂN DU LỊC,Công ty trách nhiệm hữu hạn hai thành viên trở lên,"11 Đường số 7, Khu City Land, Phường 7, Quận Gò Vấp, Thành phố Hồ Chí Minh, Việt Nam",Quận Gò Vấp,"4932: Vận tải hành khách đường bộ khác-Chi tiết: 
- vận tải hành khách bằng xe khách nội tỉnh, liên tỉnh;
- cho thuê xe có người lái để vận tải hành khách, hợp đồng chở khách đi tham quan, du lịch hoặ",internet
316396904,CÔNG TY CỔ PHẦN LIÊN KẾT DOANH NGHIỆP B.A,CÔNG TY CỔ PHẦN LIÊN KẾT DOANH,Công ty cổ phần,"525 Lê Quang Định, Phường 1, Quận Gò Vấp, Thành phố Hồ Chí Minh, Việt Nam",Quận Gò Vấp,"4610: Đại lý, môi giới, đấu giá hàng hóa-Chi tiết: Đại lý, môi giới (trừ môi giới bất động sản).;4791: Bán lẻ theo yêu cầu đặt hàng qua bưu điện hoặc internet-(trừ bán lẻ bình gas, súng, đạn loại dùng",internet
316373953,CÔNG TY TNHH THƯƠNG MẠI VÀ DỊCH VỤ MINOTRONICS,CÔNG TY TNHH THƯƠNG MẠI VÀ DỊC,Công ty trách nhiệm hữu hạn một thành viên,"379/58/1 Thống Nhất, Phường 11, Quận Gò Vấp, Thành phố Hồ Chí Minh, Việt Nam",Quận Gò Vấp,"4759: Bán lẻ đồ điện gia dụng, giường, tủ, bàn, ghế và đồ nội thất tương tự, đèn và bộ đèn điện, đồ dùng gia đình khác chưa được phân vào đâu  trong các cửa hàng chuyên doanh-;4649: Bán buôn đồ dùng k",internet
316382563,CÔNG TY TNHH AOT TÂM SÁNG,CÔNG TY TNHH AOT TÂM SÁNG,Công ty trách nhiệm hữu hạn một thành viên,"891/34/3 Nguyễn Kiệm, Phường 3, Quận Gò Vấp, Thành phố Hồ Chí Minh, Việt Nam",Quận Gò Vấp,"3312: Sửa chữa máy móc, thiết bị-Chi tiết: Sửa chữa bảo trì máy móc, thiết bị các loại máy tính (Trừ gia công cơ khí, tái chế phế thải, xi, mạ điện tại trụ sở);3320: Lắp đặt máy móc và thiết bị công n",internet
316369097,CÔNG TY TNHH THƯƠNG MẠI DỊCH VỤ TƯ VẤN LILY SERVICES,CÔNG TY TNHH THƯƠNG MẠI DỊCH V,Công ty trách nhiệm hữu hạn một thành viên,"956/2 Nguyễn Kiệm, Phường 3, Quận Gò Vấp, Thành phố Hồ Chí Minh, Việt Nam",Quận Gò Vấp,"7830: Cung ứng và quản lý nguồn lao động-Chi tiết: Cung ứng và quản lý nguồn lao động trong nước;7810: Hoạt động của các trung tâm, đại lý tư vấn, giới thiệu và môi giới lao động, việc làm-Chi tiết: D",internet
316375252,CÔNG TY TNHH  SPAD,CÔNG TY TNHH  SPAD,Công ty trách nhiệm hữu hạn một thành viên,"379/52/9 Quang Trung, Phường 10, Quận Gò Vấp, Thành phố Hồ Chí Minh, Việt Nam",Quận Gò Vấp,"7020: Hoạt động tư vấn quản lý-(trừ tư vấn tài chính, kế toán, pháp luật).;4690: Bán buôn tổng hợp-(trừ bán lẻ bình gas, khí dầu mỏ hóa lỏng LPG, dầu nhớt cặn, vàng miếng, súng, đạn loại dùng đi săn h",internet
316380069,CÔNG TY TNHH IVYCO,CÔNG TY TNHH IVYCO,Công ty trách nhiệm hữu hạn một thành viên,"145/1 Đường số 9, Phường 9, Quận Gò Vấp, Thành phố Hồ Chí Minh, Việt Nam",Quận Gò Vấp,"2620: Sản xuất máy vi tính và thiết bị ngoại vi của máy vi tính-Chi tiết: lắp ráp các máy tính điện tử như màn hình, máy tính để bàn, máy chủ, máy xách tay; các thiết bị ngoại vi máy tính như thiết bị",internet
316389015,CÔNG TY TNHH INTERNET 269 LVT,CÔNG TY TNHH INTERNET 269 LVT,Công ty trách nhiệm hữu hạn một thành viên,"329 Lê Văn Thọ, Phường 9, Quận Gò Vấp, Thành phố Hồ Chí Minh, Việt Nam",Quận Gò Vấp,6190: Hoạt động viễn thông khác-Chi tiết: Hoạt động các điểm truy cập internet. Cung cấp dịch vụ trò chơi điện tử trên mạng (trừ kinh doanh trò chơi có thưởng dành cho người nước ngoài và kinh doanh t,internet
316416981,CÔNG TY TNHH SUPERLOGS VIỆT NAM,CÔNG TY TNHH SUPERLOGS VIỆT NA,Công ty trách nhiệm hữu hạn hai thành viên trở lên,"Tầng 2, số 64, đường số 7, Khu City Land Center Hills, Phường 7, Quận Gò Vấp, Thành phố Hồ Chí Minh, Việt Nam",Quận Gò Vấp,"4649: Bán buôn đồ dùng khác cho gia đình-Chi tiết: Bán buôn vali, cặp, túi, ví, hàng da và giả da khác
Bán buôn dược phẩm và dụng cụ y tế
Bán buôn nước hoa, hàng mỹ phẩm và chế phẩm vệ sinh
Bán buôn h",internet
316386293,CÔNG TY TNHH XÂY DỰNG THƯƠNG MẠI NGUYỄN TUẤN,CÔNG TY TNHH XÂY DỰNG THƯƠNG M,Công ty trách nhiệm hữu hạn một thành viên,"18A Nguyễn Thái Sơn, Phường 3, Quận Gò Vấp, Thành phố Hồ Chí Minh, Việt Nam",Quận Gò Vấp,"4753: Bán lẻ thảm, đệm, chăn, màn, rèm, vật liệu phủ tường và sàn trong các cửa hàng chuyên doanh-;4759: Bán lẻ đồ điện gia dụng, giường, tủ, bàn, ghế và đồ nội thất tương tự, đèn và bộ đèn điện, đồ d",internet
316398958,CÔNG TY TRÁCH NHIỆM HỮU HẠN NHÀ MINT,CÔNG TY TRÁCH NHIỆM HỮU HẠN NH,Công ty trách nhiệm hữu hạn một thành viên,"132/14 Đường Trần Bá Giao, Phường 5, Quận Gò Vấp, Thành phố Hồ Chí Minh, Việt Nam",Quận Gò Vấp,"4641: Bán buôn vải, hàng may mặc, giày dép-;4649: Bán buôn đồ dùng khác cho gia đình-;4690: Bán buôn tổng hợp-(trừ bán buôn bình gas, khí dầu mỏ hóa lỏng LPG, dầu nhớt cặn, vàng miếng, súng, đạn loại ",internet
316397626,CÔNG TY TNHH TƯ VẤN ĐẦU TƯ DỊCH VỤ BẾP NHÀ M,CÔNG TY TNHH TƯ VẤN ĐẦU TƯ DỊC,Công ty trách nhiệm hữu hạn một thành viên,"206/31/3 Nguyễn Thượng Hiền, Phường 1, Quận Gò Vấp, Thành phố Hồ Chí Minh, Việt Nam",Quận Gò Vấp,"1010: Chế biến, bảo quản thịt và các sản phẩm từ thịt-(không hoạt động tại trụ sở);1020: Chế biến, bảo quản thuỷ sản và các sản phẩm từ thuỷ sản-;1030: Chế biến và bảo quản rau quả-;1040: Sản xuất dầu",internet
316401375,CÔNG TY TNHH TƯ VẤN THIẾT KẾ XÂY DỰNG HẠNH PHAN,CÔNG TY TNHH TƯ VẤN THIẾT KẾ X,Công ty trách nhiệm hữu hạn một thành viên,"56/9 Trần Bá Giao, Phường 5, Quận Gò Vấp, Thành phố Hồ Chí Minh, Việt Nam",Quận Gò Vấp,"4101: Xây dựng nhà để ở-;4102: Xây dựng nhà không để ở-;4299: Xây dựng công trình kỹ thuật dân dụng khác-Chi tiết: Xây dựng công trình công nghiệp. Xây dựng công trình đường thủy, bến cảng, đê đập. Xâ",internet
316417174,CÔNG TY TNHH THƯƠNG MẠI BEFOOD,CÔNG TY TNHH THƯƠNG MẠI BEFOOD,Công ty trách nhiệm hữu hạn hai thành viên trở lên,"93 Đường số 1, Phường 4, Quận Gò Vấp, Thành phố Hồ Chí Minh, Việt Nam",Quận Gò Vấp,"5610: Nhà hàng và các dịch vụ ăn uống phục vụ lưu động-;5630: Dịch vụ phục vụ đồ uống-(trừ kinh doanh quán bar, quán giải khát có khiêu vũ);8299: Hoạt động dịch vụ hỗ trợ kinh doanh khác còn lại chưa ",internet
316438872,CÔNG TY CỔ PHẦN SẢN XUẤT THƯƠNG MẠI DỊCH VỤ ADN,CÔNG TY CỔ PHẦN SẢN XUẤT THƯƠN,Công ty cổ phần,"160/32 Phan Huy Ích, Phường 12, Quận Gò Vấp, Thành phố Hồ Chí Minh, Việt Nam",Quận Gò Vấp,"4791: Bán lẻ theo yêu cầu đặt hàng qua bưu điện hoặc internet-(trừ bán lẻ bình gas, vàng miếng, hóa chất, súng, đạn loại dùng đi săn hoặc thể thao và tiền kim khí và thực hiện theo Q",internet
316440649,CÔNG TY CỔ PHẦN ĐẦU TƯ NHẤT TÍN,CÔNG TY CỔ PHẦN ĐẦU TƯ NHẤT TÍ,Công ty cổ phần,"139/24 Nguyễn Văn Lượng, Phường 10, Quận Gò Vấp, Thành phố Hồ Chí Minh, Việt Nam",Quận Gò Vấp,"1020: Chế biến, bảo quản thuỷ sản và các sản phẩm từ thuỷ sản-;4101: Xây dựng nhà để ở-;4102: Xây dựng nhà không để ở-;4211: Xây dựng công trình đường sắt-;4212: Xây dựng công trình đường bộ-;4222: Xâ",internet
316402234,CÔNG TY TNHH CÔNG NGHỆ AVAZU VIỆT NAM,CÔNG TY TNHH CÔNG NGHỆ AVAZU ,Công ty trách nhiệm hữu hạn một thành viên,"405/46/24 Thống Nhất , Phường 11, Quận Gò Vấp, Thành phố Hồ Chí Minh, Việt Nam",Quận Gò Vấp,"6201: Lập trình máy vi tính-Chi tiết: Sản xuất phần mềm;6202: Tư vấn máy vi tính và quản trị hệ thống máy vi tính-;6190: Hoạt động viễn thông khác-Chi tiết: 
- Đại lý dịch vụ viễn thông 
- Cung cấp dị",internet
316404520,CÔNG TY TNHH GIẢI PHÁP CÔNG NGHỆ FUNITECH VIỆT NAM,CÔNG TY TNHH GIẢI PHÁP CÔNG NG,Công ty trách nhiệm hữu hạn hai thành viên trở lên,"Số 562/15/28 Đường Quang Trung, Phường 11, Quận Gò Vấp, Thành phố Hồ Chí Minh, Việt Nam",Quận Gò Vấp,"3290: Sản xuất khác chưa được phân vào đâu-Chi tiết:
-Sản xuất trang thiết bị bảo vệ an toàn
-Sản xuất các nút, khóa ấn, khoá móc, khoá trượt
(trừ gia công cơ khí, tái chế phế thải xi mạ điện tại trụ ",internet
316408211,CÔNG TY TNHH THƯƠNG MẠI DỊCH VỤ CPN SUPER VIET FAST,CÔNG TY TNHH THƯƠNG MẠI DỊCH V,Công ty trách nhiệm hữu hạn hai thành viên trở lên,"số 120 đường số 7 – cityland center hill, Phường 7, Quận Gò Vấp, Thành phố Hồ Chí Minh, Việt Nam",Quận Gò Vấp,5610: Nhà hàng và các dịch vụ ăn uống phục vụ lưu động-;5621: Cung cấp dịch vụ ăn uống theo hợp đồng không thường xuyên với khách hàng-;5630: Dịch vụ phục vụ đồ uống-(trừ hoạt động quán bar và quán gi,internet
316406704,CÔNG TY TNHH TV-TM-DV DẦU KHÍ THANH BÌNH,CÔNG TY TNHH TVTMDV DẦU KHÍ TH,Công ty trách nhiệm hữu hạn một thành viên,"679 Nguyễn Kiệm, Phường 3, Quận Gò Vấp, Thành phố Hồ Chí Minh, Việt Nam",Quận Gò Vấp,"4652: Bán buôn thiết bị và linh kiện điện tử, viễn thông-chi tiết: bán buôn sim, card điện thoại, bán buôn thiết bị và linh kiện điện tử, viễn thông;4932: Vận tải hành khách đường bộ khác-;4933: Vận t",internet
316418202,CÔNG TY CỔ PHẦN CÔNG NGHỆ RAYGROUP,CÔNG TY CỔ PHẦN CÔNG NGHỆ RAYG,Công ty cổ phần,"37 Đường số 6, KDC Cityland Park Hills, Phường 10, Quận Gò Vấp, Thành phố Hồ Chí Minh, Việt Nam",Quận Gò Vấp,"2630: Sản xuất thiết bị truyền thông-(không hoạt động tại trụ sở);4329: Lắp đặt hệ thống xây dựng khác-(không gia công cơ khí, tái chế phế thải, xi mạ điện tại trụ sở và trừ lắp đặt các thiết bị lạnh ",internet
316421124,CÔNG TY TNHH TƯ VẤN LUẬT PARTNERS,CÔNG TY TNHH TƯ VẤN LUẬT PARTN,Công ty trách nhiệm hữu hạn một thành viên,"48 Đường Số 1 KDC Cityland Park Hills, Phường 10, Quận Gò Vấp, Thành phố Hồ Chí Minh, Việt Nam",Quận Gò Vấp,"7020: Hoạt động tư vấn quản lý-(Trừ tư vấn tài chính, kế toán, pháp luật);8211: Dịch vụ hành chính văn phòng tổng hợp-;8219: Photo, chuẩn bị tài liệu và các hoạt động hỗ trợ văn phòng đặc biệt khác-;4",internet
316412070,CÔNG TY TNHH INTUNE VIETNAM,CÔNG TY TNHH INTUNE VIETNAM,Công ty trách nhiệm hữu hạn một thành viên,"179 Huỳnh Văn Nghệ, Phường 12, Quận Gò Vấp, Thành phố Hồ Chí Minh, Việt Nam",Quận Gò Vấp,"6201: Lập trình máy vi tính-Chi tiết: Sản xuất phần mềm.;6202: Tư vấn máy vi tính và quản trị hệ thống máy vi tính-Chi tiết: Tư vấn, trợ giúp khách hàng hệ thống máy tính.;6209: Hoạt động dịch vụ công",internet
316432038,CÔNG TY TNHH CÔNG NGHỆ ATZ,CÔNG TY TNHH CÔNG NGHỆ ATZ,Công ty trách nhiệm hữu hạn hai thành viên trở lên,"2 Đường số 8, Phường 11, Quận Gò Vấp, Thành phố Hồ Chí Minh, Việt Nam",Quận Gò Vấp,"4651: Bán buôn máy vi tính, thiết bị ngoại vi và phần mềm-;4321: Lắp đặt hệ thống điện-(trừ gia công cơ khí, tái chế phế thải, xi mạ điện tại trụ sở); 6209: Hoạt động dịch vụ công nghệ thông tin và dị",internet
316417209,CÔNG TY TNHH CÔNG NGHỆ TRUYỀN THÔNG ACTION,CÔNG TY TNHH CÔNG NGHỆ TRUYỀN ,Công ty trách nhiệm hữu hạn hai thành viên trở lên,"664 Lê Quang Định , Phường 1, Quận Gò Vấp, Thành phố Hồ Chí Minh, Việt Nam",Quận Gò Vấp,6312: Cổng thông tin-Chi tiết: Thiết lập trang thông tin điện tử tổng hợp;7310: Quảng cáo-;7410: Hoạt động thiết kế chuyên dụng-Chi tiết: Thiết kế website. Thiết kế đồ họa. Thiết kế ấn phẩm quảng cáo;,internet
316433391,CÔNG TY TNHH THƯƠNG MẠI DỊCH VỤ TRÂM VŨ,CÔNG TY TNHH THƯƠNG MẠI DỊCH V,Công ty trách nhiệm hữu hạn một thành viên,"562/15/32 Quang Trung, Phường 11, Quận Gò Vấp, Thành phố Hồ Chí Minh, Việt Nam",Quận Gò Vấp,"4632: Bán buôn thực phẩm-Chi tiết: Bán buôn thịt và các sản phẩm từ thịt; Bán buôn thủy sản; Bán buôn rau, quả; Bán buôn đường, sữa và các sản phẩm sữa, bánh kẹo và các sản phẩm chế biến từ ngũ cốc, b",internet
316427084,CÔNG TY CỔ PHẦN SẢN XUẤT VÀ XUẤT NHẬP KHẨU FASGREEN,CÔNG TY CỔ PHẦN SẢN XUẤT VÀ XU,Công ty cổ phần,"33 Nguyễn Tuân, Phường 3, Quận Gò Vấp, Thành phố Hồ Chí Minh, Việt Nam",Quận Gò Vấp,"4669: Bán buôn chuyên doanh khác chưa được phân vào đâu-Chi tiết: Xuất nhập khẩu; Bán buôn ống hút cỏ; Bán buôn hàng lưu niệm, hàng đan lát, hàng thủ công mỹ nghệ;  Bán buôn hạt nhựa; Bán buôn bột nhự",internet
316434370,CÔNG TY TNHH THƯƠNG MẠI DỊCH VỤ ĐẦU TƯ ĐỨC NGUYÊN,CÔNG TY TNHH THƯƠNG MẠI DỊCH V,Công ty trách nhiệm hữu hạn một thành viên,"Số 350/7 Đường Nguyễn Văn Khối, Phường 9, Quận Gò Vấp, Thành phố Hồ Chí Minh, Việt Nam",Quận Gò Vấp,"4610: Đại lý, môi giới, đấu giá hàng hóa-Chi tiết: Đại lý, môi giới hàng hóa;4620: Bán buôn nông, lâm sản nguyên liệu (trừ gỗ, tre, nứa) và động vật sống-(không hoạt động tại trụ sở);4631: Bán buôn gạ",internet
316472256,CÔNG TY TNHH SẢN XUẤT NỘI THẤT PK,CÔNG TY TNHH SẢN XUẤT NỘI THẤT,Công ty trách nhiệm hữu hạn một thành viên,"204 Đường số 1, Phường 16, Quận Gò Vấp, Thành phố Hồ Chí Minh, Việt Nam",Quận Gò Vấp,"1621: Sản xuất gỗ dán, gỗ lạng, ván ép và ván mỏng khác-;1622: Sản xuất đồ gỗ xây dựng-;1629: Sản xuất sản phẩm khác từ gỗ; sản xuất sản phẩm từ tre, nứa, rơm, rạ và vật liệu tết bện-;2592: Gia công c",internet
316430312,CÔNG TY TNHH WORLDWIDE SOURCING NETWORK,CÔNG TY TNHH WORLDWIDE SOURCIN,Công ty trách nhiệm hữu hạn hai thành viên trở lên,"76/54 đường 59, Phường 14, Quận Gò Vấp, Thành phố Hồ Chí Minh, Việt Nam",Quận Gò Vấp,5022: Vận tải hàng hóa đường thuỷ nội địa-; 5221: Hoạt động dịch vụ hỗ trợ trực tiếp cho vận tải đường sắt-; 5222: Hoạt động dịch vụ hỗ trợ trực tiếp cho vận tải đường thủy-; 5225: Hoạt động dịch vụ h,network
316440208,CÔNG TY TNHH NEWINCO,CÔNG TY TNHH NEWINCO,Công ty trách nhiệm hữu hạn một thành viên,"134 Nguyễn Thượng Hiền, Phường 1, Quận Gò Vấp, Thành phố Hồ Chí Minh, Việt Nam",Quận Gò Vấp,0510: Khai thác và thu gom than cứng-;0520: Khai thác và thu gom than non-;0610: Khai thác dầu thô-;0620: Khai thác khí đốt tự nhiên-;0710: Khai thác quặng sắt-;0721: Khai thác quặng uranium và quặng ,internet
316434638,CÔNG TY TNHH THƯƠNG MẠI DỊCH VỤ TRANS HỒ,CÔNG TY TNHH THƯƠNG MẠI DỊCH V,Công ty trách nhiệm hữu hạn một thành viên,"535/46 Đường Thống Nhất, Phường 16, Quận Gò Vấp, Thành phố Hồ Chí Minh, Việt Nam",Quận Gò Vấp,"4771: Bán lẻ hàng may mặc, giày dép, hàng da và giả da trong các cửa hàng chuyên doanh-;4773: Bán lẻ hàng hóa khác mới trong các cửa hàng chuyên doanh-(trừ bán lẻ bình gas, khí dầu mỏ hóa lỏng LPG, dầ",internet
316431595,CÔNG TY TNHH THƯƠNG MẠI DỊCH VỤ & TRUYỀN THÔNG CIP MEDIA,CÔNG TY TNHH THƯƠNG MẠI DỊCH V,Công ty trách nhiệm hữu hạn một thành viên,"160 Đường Số 20, Phường 5, Quận Gò Vấp, Thành phố Hồ Chí Minh, Việt Nam",Quận Gò Vấp,"5911: Hoạt động sản xuất phim điện ảnh, phim video và chương trình truyền hình-Chi tiết: Hoạt động sản xuất chương trình truyền hình (trừ phát sóng và không thực hiện các hiệu ứng cháy, nổ; không sử d",internet
316440053,CÔNG TY CỔ PHẦN NISSAN GÒ VẤP,CÔNG TY CỔ PHẦN NISSAN GÒ VẤP,Công ty cổ phần,"786B Nguyễn Kiệm, Phường 3, Quận Gò Vấp, Thành phố Hồ Chí Minh, Việt Nam",Quận Gò Vấp,"4511: Bán buôn ô tô và xe có động cơ khác-;4513: Đại lý ô tô và xe có động cơ khác-;4520: Bảo dưỡng, sửa chữa ô tô và xe có động cơ khác-;4933: Vận tải hàng hóa bằng đường bộ-(trừ hóa lỏng khí để vận ",internet
316491178,CÔNG TY TNHH MARKETING AGENCY DC VIỆT NAM,CÔNG TY TNHH MARKETING AGENCY ,Công ty trách nhiệm hữu hạn một thành viên,"276/142 Thống Nhất, Phường 16, Quận Gò Vấp, Thành phố Hồ Chí Minh, Việt Nam",Quận Gò Vấp,"7310: Quảng cáo-;8230: Tổ chức giới thiệu và xúc tiến thương mại-(trừ các hoạt động trong lĩnh vực có sử dụng chất nổ, chất cháy, hóa chất, làm đạo cụ, dụng cụ thực hiện các chương trình văn hóa, nghệ",internet
316452122,CÔNG TY CỔ PHẦN ESTAR ART,CÔNG TY CỔ PHẦN ESTAR ART,Công ty cổ phần,"214/78 Nguyễn Oanh, Khu phố 10, Phường 17, Quận Gò Vấp, Thành phố Hồ Chí Minh, Việt Nam",Quận Gò Vấp,"4651: Bán buôn máy vi tính, thiết bị ngoại vi và phần mềm-;4652: Bán buôn thiết bị và linh kiện điện tử, viễn thông-;4653: Bán buôn máy móc, thiết bị và phụ tùng máy nông nghiệp-;1629: Sản xuất sản ph",internet
316438865,CÔNG TY TNHH THƯƠNG MẠI VÀ DỊCH VỤ Á ÂU COSMETIC,CÔNG TY TNHH THƯƠNG MẠI VÀ DỊC,Công ty trách nhiệm hữu hạn hai thành viên trở lên,"182/13 Lê Đức Thọ, Phường 6, Quận Gò Vấp, Thành phố Hồ Chí Minh, Việt Nam",Quận Gò Vấp,8292: Dịch vụ đóng gói-(trừ đóng gói thuốc bảo vệ thực vật);5229: Hoạt động dịch vụ hỗ trợ khác liên quan đến vận tải-Chi tiết: Hoạt động của đại lý làm thủ tục hải quan; Hoạt động của các đại lý vận ,internet
316458269,CÔNG TY TNHH GIA DỤNG NHANH,CÔNG TY TNHH GIA DỤNG NHANH,Công ty trách nhiệm hữu hạn một thành viên,"736/144 Lê Đức Thọ, Phường 15, Quận Gò Vấp, Thành phố Hồ Chí Minh, Việt Nam",Quận Gò Vấp,"4791: Bán lẻ theo yêu cầu đặt hàng qua bưu điện hoặc internet-chi tiết: bán lẻ sữa, sản phẩm từ sữa và trứng, bột ăn dặm, bột ngũ cốc, thực phẩm chức năng, vitamin tổng hợp (trừ dược phẩm); các loại đ",internet
316456021,CÔNG TY TNHH KỸ THUẬT CÔNG NGHỆ PV,CÔNG TY TNHH KỸ THUẬT CÔNG NGH,Công ty trách nhiệm hữu hạn hai thành viên trở lên,"133 Nguyễn Văn Nghi, Phường 7, Quận Gò Vấp, Thành phố Hồ Chí Minh, Việt Nam",Quận Gò Vấp,"3312: Sửa chữa máy móc, thiết bị-(Trừ gia công cơ khí, tái chế phế thải, xi, mạ điện tại trụ sở.);4321: Lắp đặt hệ thống điện-;4322: Lắp đặt hệ thống cấp, thoát nước, hệ thống sưởi và điều hoà không k",internet
316443689,CÔNG TY CỔ PHẦN MG MOTOR GÒ VẤP,CÔNG TY CỔ PHẦN MG MOTOR GÒ VẤ,Công ty cổ phần,"786B Nguyễn Kiệm, Phường 3, Quận Gò Vấp, Thành phố Hồ Chí Minh, Việt Nam",Quận Gò Vấp,"4511: Bán buôn ô tô và xe có động cơ khác-;4513: Đại lý ô tô và xe có động cơ khác-;4520: Bảo dưỡng, sửa chữa ô tô và xe có động cơ khác-;4933: Vận tải hàng hóa bằng đường bộ-(trừ hóa lỏng khí để vận ",internet
316455490,CÔNG TY TNHH TM ĐT DV LAMART,CÔNG TY TNHH TM ĐT DV LAMART,Công ty trách nhiệm hữu hạn một thành viên,"72 Đường Số 8, Khu Đô Thị Cityland Park Hills, Phường 10, Quận Gò Vấp, Thành phố Hồ Chí Minh, Việt Nam",Quận Gò Vấp,"4751: Bán lẻ vải, len, sợi, chỉ khâu và hàng dệt khác trong các cửa hàng chuyên doanh-;4752: Bán lẻ đồ ngũ kim, sơn, kính và thiết bị lắp đặt khác trong xây dựng trong các cửa hàng chuyên doanh-;4753:",internet
316462427,CÔNG TY TNHH XUẤT NHẬP KHẨU THỦY HẢI SẢN VIỆT PHƯƠNG,CÔNG TY TNHH XUẤT NHẬP KHẨU TH,Công ty trách nhiệm hữu hạn hai thành viên trở lên,"49/69/5 Đường số 51, Phường 14, Quận Gò Vấp, Thành phố Hồ Chí Minh, Việt Nam",Quận Gò Vấp,"4669: Bán buôn chuyên doanh khác chưa được phân vào đâu-Chi tiết: Bán buôn phân bón (không tồn trữ hóa chất tại trụ sở). Bán buôn thuốc thú y thủy sản, chế phẩm sinh học dùng trong thú y thủy sản; Bán",internet
316458420,CÔNG TY TNHH HOÀNG TUỆ,CÔNG TY TNHH HOÀNG TUỆ,Công ty trách nhiệm hữu hạn hai thành viên trở lên,"33/1/15 Lê Hoàng Phái, Phường 11, Quận Gò Vấp, Thành phố Hồ Chí Minh, Việt Nam",Quận Gò Vấp,"8292: Dịch vụ đóng gói-Chi tiết: Dịch vụ đóng gói (trừ đóng gói thuốc bảo vệ thực vật);1030: Chế biến và bảo quản rau quả-;1050: Chế biến sữa và các sản phẩm từ sữa-;1075: Sản xuất món ăn, thức ăn chế",internet
316446256,CÔNG TY TNHH ĐẦU TƯ GIÁO DỤC PHÚC ĐĂNG KHOA,CÔNG TY TNHH ĐẦU TƯ GIÁO DỤC P,Công ty trách nhiệm hữu hạn hai thành viên trở lên,"458/7B Nguyễn Văn Khối, Phường 9, Quận Gò Vấp, Thành phố Hồ Chí Minh, Việt Nam",Quận Gò Vấp,"1709: Sản xuất các sản phẩm khác từ giấy và bìa chưa được phân vào đâu-chi tiết: sản xuất sổ sách, sổ kế toán, bìa rời, an - bum và các đồ dùng văn phòng phẩm tương tự dùng trong giáo dục và thương mạ",internet
316464417,CÔNG TY TNHH BASH TECHNOLOGY,CÔNG TY TNHH BASH TECHNOLOGY,Công ty trách nhiệm hữu hạn một thành viên,"72 Đường 11 KDC Cityland Park Hills, Phường 10, Quận Gò Vấp, Thành phố Hồ Chí Minh, Việt Nam",Quận Gò Vấp,"4649: Bán buôn đồ dùng khác cho gia đình-Chi tiết: Bán buôn vali, cặp, túi, ví, hàng da và giả da khác. Bán buôn nước hoa, hàng mỹ phẩm và chế phẩm vệ sinh. Bán buôn hàng gốm, sứ, thủy tinh. Bán buôn ",technology
316465347,CÔNG TY TNHH IKS,CÔNG TY TNHH IKS,Công ty trách nhiệm hữu hạn một thành viên,"278/4A Phạm Văn Chiêu, Phường 9, Quận Gò Vấp, Thành phố Hồ Chí Minh, Việt Nam",Quận Gò Vấp,"9000: Hoạt động sáng tác, nghệ thuật và giải trí-(trừ kinh doanh vũ trường, phòng trà ca nhạc và không thực hiện các hiệu ứng cháy, nổ; không sử dụng chất nổ, chất cháy, hóa chất làm đạo cụ, dụng cụ t",internet
316466277,CÔNG TY TNHH DỊCH VỤ NHÀ HÀNG BẦU TRỜI XANH,CÔNG TY TNHH DỊCH VỤ NHÀ HÀNG ,Công ty trách nhiệm hữu hạn hai thành viên trở lên,"223/27 Nguyễn Văn Công, Phường 3, Quận Gò Vấp, Thành phố Hồ Chí Minh, Việt Nam",Quận Gò Vấp,"4632: Bán buôn thực phẩm-Chi tiết: Bán buôn thực phẩm, bán buôn thực phẩm chay (không hoạt động tại trụ sở);4633: Bán buôn đồ uống-;4649: Bán buôn đồ dùng khác cho gia đình-Chi tiết: Bán buôn vali, cặ",internet
316471051,CÔNG TY TNHH ALLNATIONCO.COM,CÔNG TY TNHH ALLNATIONCOCOM,Công ty trách nhiệm hữu hạn một thành viên,"53 Nguyễn Kiệm, Phường 3, Quận Gò Vấp, Thành phố Hồ Chí Minh, Việt Nam",Quận Gò Vấp,"1391: Sản xuất vải dệt kim, vải đan móc và vải không dệt khác-(Không hoạt động tại trụ sở );1399: Sản xuất các loại hàng dệt khác chưa được phân vào đâu-(Không hoạt động tại trụ sở );1410: May trang p",internet
316457716,CÔNG TY TNHH GIÁO DỤC TOÀN CẦU VIỆT ÂU MỸ,CÔNG TY TNHH GIÁO DỤC TOÀN CẦU,Công ty trách nhiệm hữu hạn một thành viên,"435/59 Lê Văn Thọ, Phường 9, Quận Gò Vấp, Thành phố Hồ Chí Minh, Việt Nam",Quận Gò Vấp,4101: Xây dựng nhà để ở-;4102: Xây dựng nhà không để ở-;4212: Xây dựng công trình đường bộ-;4299: Xây dựng công trình kỹ thuật dân dụng khác-;4311: Phá dỡ-;4312: Chuẩn bị mặt bằng-;4321: Lắp đặt hệ th,internet
316455211,CÔNG TY TNHH THƯƠNG MẠI DỊCH VỤ G - IT,CÔNG TY TNHH THƯƠNG MẠI DỊCH V,Công ty trách nhiệm hữu hạn một thành viên,"Lầu 3, Số 9, Đường số 3, Phường 10, Quận Gò Vấp, Thành phố Hồ Chí Minh, Việt Nam",Quận Gò Vấp,"4641: Bán buôn vải, hàng may mặc, giày dép-Chi tiết: Bán buôn quần áo thời trang;4669: Bán buôn chuyên doanh khác chưa được phân vào đâu-Chi tiết: Bán buôn phụ liệu may mặc;4791: Bán lẻ theo yêu cầu đ",internet
316460941,CÔNG TY TNHH BAO BÌ PHƯƠNG MỸ,CÔNG TY TNHH BAO BÌ PHƯƠNG MỸ,Công ty trách nhiệm hữu hạn hai thành viên trở lên,"137/8/15 Đường 59, Phường 14, Quận Gò Vấp, Thành phố Hồ Chí Minh, Việt Nam",Quận Gò Vấp,4933: Vận tải hàng hóa bằng đường bộ-(trừ hóa lỏng khí để vận chuyển);5224: Bốc xếp hàng hóa-(Trừ bốc xếp hàng hóa cảng hàng không);8292: Dịch vụ đóng gói-(trừ đóng gói thuốc bảo vệ thực vật);8299: Ho,internet
316470322,CÔNG TY TNHH THƯƠNG MẠI DỊCH VỤ TVC,CÔNG TY TNHH THƯƠNG MẠI DỊCH V,Công ty trách nhiệm hữu hạn hai thành viên trở lên,"Số 52 đường số 11, KDC Cityland Park Hills, Phường 10, Quận Gò Vấp, Thành phố Hồ Chí Minh, Việt Nam",Quận Gò Vấp,"4711: Bán lẻ lương thực, thực phẩm, đồ uống, thuốc lá, thuốc lào chiếm tỷ trọng lớn trong các cửa hàng kinh doanh tổng hợp-(Thực hiện theo quyết định 64/2009/QĐ-UBND ngày 31/7/2009 và quyết định 79/20",internet
316474126,CÔNG TY TNHH ET INTERNATIONAL,CÔNG TY TNHH ET INTERNATIONAL,Công ty trách nhiệm hữu hạn một thành viên,"49/64/39 Đường Số 51, Tổ 59, Phường 14, Quận Gò Vấp, Thành phố Hồ Chí Minh, Việt Nam",Quận Gò Vấp,"1410: May trang phục (trừ trang phục từ da lông thú)-Chi tiết: May công nghiệp (trừ tẩy, nhuộm, hồ, in và không gia công hàng qua sử dụng, thuộc da, luyện cán cao su tại trụ sở);1430: Sản xuất trang p",internet
316507999,CÔNG TY TNHH TM DV THỊNH PHÁT LỘC,CÔNG TY TNHH TM DV THỊNH PHÁT ,Công ty trách nhiệm hữu hạn một thành viên,"Số 100 đường số 10, City Land Park Hills, Phường 10, Quận Gò Vấp, Thành phố Hồ Chí Minh, Việt Nam",Quận Gò Vấp,"6619: Hoạt động hỗ trợ dịch vụ tài chính chưa được phân vào đâu-Chi tiết: tư vấn đầu tư (trừ tư vấn tài chính, kế toán, pháp luật);7020: Hoạt động tư vấn quản lý-(trừ tư vấn tài chính, kế",internet
316485304,CÔNG TY TNHH CÔNG NGHỆ VÀ TRUYỀN THÔNG BEEDIGI,CÔNG TY TNHH CÔNG NGHỆ VÀ TRUY,Công ty trách nhiệm hữu hạn một thành viên,"49 Huỳnh Văn Nghệ, Phường 12, Quận Gò Vấp, Thành phố Hồ Chí Minh, Việt Nam",Quận Gò Vấp,"6201: Lập trình máy vi tính-;1811: In ấn-(Không hoạt động tại trụ sở). (Trừ in tráng bao bì kim loại, in ấn trên sản phẩm vải, sợi, dệt, may);1812: Dịch vụ liên quan đến in-(Trừ rèn lập khuôn tem);474",internet
316481839,CÔNG TY TNHH ICE IELTS,CÔNG TY TNHH ICE IELTS,Công ty trách nhiệm hữu hạn một thành viên,"Số 186, Đường số 4, Phường 16, Quận Gò Vấp, Thành phố Hồ Chí Minh, Việt Nam",Quận Gò Vấp,8560: Dịch vụ hỗ trợ giáo dục-;8559: Giáo dục khác chưa được phân vào đâu-(trừ dạy về tôn giáo; các trường của các tổ chức Đảng - Đoàn thể);8511: Giáo dục nhà trẻ-;8512: Giáo dục mẫu giáo-;8531: Đào t,internet
316481797,CÔNG TY TNHH THƯƠNG MẠI KỸ THUẬT KVGROW,CÔNG TY TNHH THƯƠNG MẠI KỸ THU,Công ty trách nhiệm hữu hạn một thành viên,"2/17 Huỳnh Văn Nghệ, Phường 12, Quận Gò Vấp, Thành phố Hồ Chí Minh, Việt Nam",Quận Gò Vấp,"3600: Khai thác, xử lý và cung cấp nước-(không hoạt động tại trụ sở);3700: Thoát nước và xử lý nước thải-(không hoạt động tại trụ sở);3811: Thu gom rác thải không độc hại-(không hoạt động tại trụ sở);",internet
316460148,CÔNG TY TNHH QUỐC TẾ K&A,CÔNG TY TNHH QUỐC TẾ KA,Công ty trách nhiệm hữu hạn hai thành viên trở lên,"H4-H5 Dương Quảng Hàm, Phường 6, Quận Gò Vấp, Thành phố Hồ Chí Minh, Việt Nam",Quận Gò Vấp,0162: Hoạt động dịch vụ chăn nuôi-(không hoạt động tại trụ sở);4722: Bán lẻ thực phẩm trong các cửa hàng chuyên doanh-(thực hiện theo Quyết định 64/2009/QĐ-UBND ngày 31/7/2009 và Quyết định 79/2009/QĐ,internet
316477007,CÔNG TY TNHH  THƯƠNG MẠI DỊCH VỤ PISN,CÔNG TY TNHH  THƯƠNG MẠI DỊCH ,Công ty trách nhiệm hữu hạn hai thành viên trở lên,"69/19 Lý Thường Kiệt, Phường 4, Quận Gò Vấp, Thành phố Hồ Chí Minh, Việt Nam",Quận Gò Vấp,"4641: Bán buôn vải, hàng may mặc, giày dép-Chi tiết : Bán buôn thảm, đệm, chăn, màn, rèm, ga trải giường, gối và hàng dệt may. Bán buôn hàng may mặc. Bán buôn giày dép. Bán buôn phụ liệu may mặc.;8299",internet
316492037,CÔNG TY TNHH TRANSFIT,CÔNG TY TNHH TRANSFIT,Công ty trách nhiệm hữu hạn một thành viên,"49/69/5 Đường số 51, Phường 14, Quận Gò Vấp, Thành phố Hồ Chí Minh, Việt Nam",Quận Gò Vấp,"8230: Tổ chức giới thiệu và xúc tiến thương mại-(không thực hiện các hiệu ứng cháy, nổ; không sử dụng chất nổ, chất cháy, hóa chất làm đạo cụ, dụng cụ thực hiện các chương trình văn nghệ, sự kiện, phi",internet
316501348,CÔNG TY CỔ PHẦN YODAY,CÔNG TY CỔ PHẦN YODAY,Công ty cổ phần,"3 Nguyễn Oanh, Phường 10, Quận Gò Vấp, Thành phố Hồ Chí Minh, Việt Nam",Quận Gò Vấp,"4752: Bán lẻ đồ ngũ kim, sơn, kính và thiết bị lắp đặt khác trong xây dựng trong các cửa hàng chuyên doanh-;6820: Tư vấn, môi giới, đấu giá bất động sản, đấu giá quyền sử dụng đất-Chi tiết: Tư vấn bất",internet
316544486,CÔNG TY CỔ PHẦN CƠ ĐIỆN Q & Q,CÔNG TY CỔ PHẦN CƠ ĐIỆN Q  Q,Công ty cổ phần,"Số 54/36 Bùi Quang Là, Phường 12, Quận Gò Vấp, Thành phố Hồ Chí Minh, Việt Nam",Quận Gò Vấp,"4632: Bán buôn thực phẩm-(không hoạt động tại trụ sở);4641: Bán buôn vải, hàng may mặc, giày dép-;4649: Bán buôn đồ dùng khác cho gia đình-Chi tiết: Bán buôn đồ điện gia dụng, đèn và bộ đèn điện; Bán ",internet
316495782,CÔNG TY TNHH THƯƠNG MẠI DỊCH VỤ NGỌC THY,CÔNG TY TNHH THƯƠNG MẠI DỊCH V,Công ty trách nhiệm hữu hạn một thành viên,"Số 333 Nguyễn Văn Khối, Phường 8, Quận Gò Vấp, Thành phố Hồ Chí Minh, Việt Nam",Quận Gò Vấp,"1629: Sản xuất sản phẩm khác từ gỗ; sản xuất sản phẩm từ tre, nứa, rơm, rạ và vật liệu tết bện-Chi tiết: Sản xuất sản phẩm khác từ gỗ, Sản xuất sản phẩm từ lâm sản (trừ gỗ), cói và vật liệu tết bện;11",internet
316551236,CÔNG TY TNHH GRENA,CÔNG TY TNHH GRENA,Công ty trách nhiệm hữu hạn một thành viên,"417/23/75 Quang Trung, Phường 10, Quận Gò Vấp, Thành phố Hồ Chí Minh, Việt Nam",Quận Gò Vấp,"4773: Bán lẻ hàng hóa khác mới trong các cửa hàng chuyên doanh-(trừ bán lẻ bình gas, hóa chất, súng, đạn loại dùng đi săn hoặc thể thao và tiền kim khí và thực hiện theo Quyết định 64/2009/QĐ-UBND ngà",internet
316516915,CÔNG TY TNHH THƯƠNG MẠI ĐẦU TƯ PHÁT TRIỂN DỊCH VỤ 68,CÔNG TY TNHH THƯƠNG MẠI ĐẦU TƯ,Công ty trách nhiệm hữu hạn một thành viên,"74 Nguyên Hồng, Phường 1, Quận Gò Vấp, Thành phố Hồ Chí Minh, Việt Nam",Quận Gò Vấp,4730: Bán lẻ nhiên liệu động cơ trong các cửa hàng chuyên doanh-(trừ kinh doanh khí dầu mỏ hóa lỏng LPG và dầu nhớt cặn);6190: Hoạt động viễn thông khác-Chi tiết: Đại lý dịch vụ bưu chính - viễn thông,internet
316493961,CÔNG TY TNHH THƯƠNG MẠI VÀ KỸ THUẬT ĐIỆN TỬ THIÊN LONG,CÔNG TY TNHH THƯƠNG MẠI VÀ KỸ ,Công ty trách nhiệm hữu hạn một thành viên,"58/20D Đường Thống Nhất, Phường 10, Quận Gò Vấp, Thành phố Hồ Chí Minh, Việt Nam",Quận Gò Vấp,"4659: Bán buôn máy móc, thiết bị và phụ tùng máy khác-Chi tiết: Bán buôn máy đếm tiền, máy chấm công, máy hủy giấy, máy chiếu; Bán buôn máy móc, thiết bị và phụ tùng máy văn phòng (máy photocopy, máy ",internet
316510737,CÔNG TY TNHH XUẤT NHẬP KHẨU VÀ PHÂN PHỐI MIITU COS VIỆT NAM,CÔNG TY TNHH XUẤT NHẬP KHẨU VÀ,Công ty trách nhiệm hữu hạn một thành viên,"66/7 Đường số 7, Phường 3, Quận Gò Vấp, Thành phố Hồ Chí Minh, Việt Nam",Quận Gò Vấp,"4649: Bán buôn đồ dùng khác cho gia đình-Chi tiết: Bán buôn nước hoa, hàng mỹ phẩm và chế phẩm vệ sinh;4791: Bán lẻ theo yêu cầu đặt hàng qua bưu điện hoặc internet-(trừ bán lẻ bình gas, khí dầu mỏ hó",internet
316507678,CÔNG TY TNHH TRÍ TUỆ SIÊU VIỆT,CÔNG TY TNHH TRÍ TUỆ SIÊU VIỆT,Công ty trách nhiệm hữu hạn một thành viên,"107/1D Nguyễn Văn Nghi, Phường 7, Quận Gò Vấp, Thành phố Hồ Chí Minh, Việt Nam",Quận Gò Vấp,"7310: Quảng cáo-;7490: Hoạt động chuyên môn, khoa học và công nghệ khác chưa được phân vào đâu-Chi tiết: Dịch thuật; Hoạt động phiên dịch; Tư vấn về công nghệ khác; Hoạt động chuyên môn, khoa học và c",internet
316502711,CÔNG TY TNHH KINH DOANH CÔNG NGHỆ VNP VIỆT NAM,CÔNG TY TNHH KINH DOANH CÔNG N,Công ty trách nhiệm hữu hạn một thành viên,"Số 67/49 Lê Đức Thọ, Phường 7, Quận Gò Vấp, Thành phố Hồ Chí Minh, Việt Nam",Quận Gò Vấp,5229: Hoạt động dịch vụ hỗ trợ khác liên quan đến vận tải-(Trừ hóa lỏng khí để vận chuyển và hoạt động liên quan đến vận tải hàng không);5225: Hoạt động dịch vụ hỗ trợ trực tiếp cho vận tải đường bộ-(,internet
316509403,CÔNG TY TNHH XD TM XĂNG DẦU AN LỘC,CÔNG TY TNHH XD TM XĂNG DẦU AN,Công ty trách nhiệm hữu hạn một thành viên,"Số 100 Đường số 10, City Land Park Hills, Phường 10, Quận Gò Vấp, Thành phố Hồ Chí Minh, Việt Nam",Quận Gò Vấp,"6619: Hoạt động hỗ trợ dịch vụ tài chính chưa được phân vào đâu-Chi tiết: tư vấn đầu tư (trừ tư vấn tài chính, kế toán, pháp luật);7020: Hoạt động tư vấn quản lý-(trừ tư vấn tài chính, kế",internet
316491227,CÔNG TY TNHH THƯƠNG MẠI DỊCH VỤ TỔNG HỢP PHẠM LÊ,CÔNG TY TNHH THƯƠNG MẠI DỊCH V,Công ty trách nhiệm hữu hạn hai thành viên trở lên,"201/2/16 Nguyễn Thái Sơn, Phường 7, Quận Gò Vấp, Thành phố Hồ Chí Minh, Việt Nam",Quận Gò Vấp,"4649: Bán buôn đồ dùng khác cho gia đình-Chi tiết: Bán buôn các mặt hàng điện tử, điện lạnh, điện dân dụng, thiết bị viễn thông, máy vi tính, đồng hồ, điện thoại, máy fax. Bán buôn vali, cặp, túi, ví,",internet
316517651,CÔNG TY TNHH CÔNG NGHỆ SỐ THIÊN THANH,CÔNG TY TNHH CÔNG NGHỆ SỐ THIÊ,Công ty trách nhiệm hữu hạn một thành viên,"78/35/24 Đường 51, Phường 14, Quận Gò Vấp, Thành phố Hồ Chí Minh, Việt Nam",Quận Gò Vấp,"4651: Bán buôn máy vi tính, thiết bị ngoại vi và phần mềm-;4652: Bán buôn thiết bị và linh kiện điện tử, viễn thông-;4741: Bán lẻ máy vi tính, thiết bị ngoại vi, phần mềm và thiết bị viễn thông trong ",internet
316518849,CÔNG TY TNHH LEIRA,CÔNG TY TNHH LEIRA,Công ty trách nhiệm hữu hạn một thành viên,"85 Đường số 6, Khu dân cư Cityland, Phường 10, Quận Gò Vấp, Thành phố Hồ Chí Minh, Việt Nam",Quận Gò Vấp,"4632: Bán buôn thực phẩm-Chi tiết:
- Bán buôn thực phẩm chức năng;
- Bán buôn thực phẩm bảo vệ sức khỏe;
- Bán buôn thực phẩm dinh dưỡng y học.
(không hoạt động tại trụ sở);8620: Hoạt động của các phò",internet
316510744,CÔNG TY TNHH TM DV XĂNG DẦU PHƯƠNG NAM,CÔNG TY TNHH TM DV XĂNG DẦU PH,Công ty trách nhiệm hữu hạn một thành viên,"477/9A Nguyễn Văn Công, Phường 3, Quận Gò Vấp, Thành phố Hồ Chí Minh, Việt Nam",Quận Gò Vấp,"5224: Bốc xếp hàng hóa-(trừ bốc xếp hàng hóa cảng hàng không);4773: Bán lẻ hàng hóa khác mới trong các cửa hàng chuyên doanh-;4649: Bán buôn đồ dùng khác cho gia đình-(trừ kinh doanh dược phẩm, súng đ",internet
316512614,CÔNG TY CỔ PHẦN KOSMEN,CÔNG TY CỔ PHẦN KOSMEN,Công ty cổ phần,"Số 88B đường 51, Phường 14, Quận Gò Vấp, Thành phố Hồ Chí Minh, Việt Nam",Quận Gò Vấp,"4649: Bán buôn đồ dùng khác cho gia đình-Chi tiết: 
Bán buôn vali, cặp, túi, ví, hàng da và giả da khác
Bán buôn hàng gốm, sứ, thủy tinh
Bán buôn đồ điện gia dụng, đèn và bộ đèn điện
Bán buôn giường, ",internet
316500721,CÔNG TY TNHH XUẤT NHẬP KHẨU ĐỨC VIỆT GREEN SOLAR,CÔNG TY TNHH XUẤT NHẬP KHẨU ĐỨ,Công ty trách nhiệm hữu hạn hai thành viên trở lên,"1340/12/35 Lê Đức Thọ, Phường 13, Quận Gò Vấp, Thành phố Hồ Chí Minh, Việt Nam",Quận Gò Vấp,"4222: Xây dựng công trình cấp, thoát nước-;4223: Xây dựng công trình viễn thông, thông tin liên lạc-;4229: Xây dựng công trình công ích khác-;4291: Xây dựng công trình thủy-;4292: Xây dựng công trình ",internet
316570655,CÔNG TY TNHH THƯƠNG MẠI DỊCH VỤ LLT,CÔNG TY TNHH THƯƠNG MẠI DỊCH V,Công ty trách nhiệm hữu hạn một thành viên,"239/15 Nguyễn Văn Công, Phường 3, Quận Gò Vấp, Thành phố Hồ Chí Minh, Việt Nam",Quận Gò Vấp,"4101: Xây dựng nhà để ở-;4102: Xây dựng nhà không để ở-;4211: Xây dựng công trình đường sắt-;2812: Sản xuất thiết bị sử dụng năng lượng chiết lưu-Chi tiết: Sản xuất, lắp đặt thiết bị sử dụng, thiết bị",internet
316525370,CÔNG TY TNHH GIẢI PHÁP CÔNG NGHỆ VÀ NĂNG LƯỢNG,CÔNG TY TNHH GIẢI PHÁP CÔNG NG,Công ty trách nhiệm hữu hạn một thành viên,"146/60/5 Trương Đăng Quế, Phường 3, Quận Gò Vấp, Thành phố Hồ Chí Minh, Việt Nam",Quận Gò Vấp,"3320: Lắp đặt máy móc và thiết bị công nghiệp-;4321: Lắp đặt hệ thống điện-;4322: Lắp đặt hệ thống cấp, thoát nước, hệ thống sưởi và điều hoà không khí-(trừ lắp đặt các thiết bị lạnh (thiết bị cấp đôn",internet
316513086,CÔNG TY TNHH TRANG TRÍ NỘI THẤT VIỆT ÂU,CÔNG TY TNHH TRANG TRÍ NỘI THẤ,Công ty trách nhiệm hữu hạn hai thành viên trở lên,"140/10 Phạm Văn Chiêu, Phường 9, Quận Gò Vấp, Thành phố Hồ Chí Minh, Việt Nam",Quận Gò Vấp,7110: Hoạt động kiến trúc và tư vấn kỹ thuật có liên quan-Chi tiết: Dịch vụ tư vấn kiến trúc gồm: thiết kế và phác thảo công trình; lập kế hoạch phát triển đô thị và kiến trúc cảnh quan.;4299: Xây dựn,internet
316535178,CÔNG TY TNHH VIỄN THÔNG NGUYỄN BÌNH,CÔNG TY TNHH VIỄN THÔNG NGUYỄN,Công ty trách nhiệm hữu hạn hai thành viên trở lên,"77/36 Lê Hoàng Phái, Phường 17, Quận Gò Vấp, Thành phố Hồ Chí Minh, Việt Nam",Quận Gò Vấp,"7730: Cho thuê máy móc, thiết bị và đồ dùng hữu hình khác không kèm người điều khiển-Chi tiết: Cho thuê máy móc, thiết bị văn phòng (kể cả máy vi tính);8220: Hoạt động dịch vụ liên quan đến các cuộc g",internet
316579104,CÔNG TY TNHH THƯƠNG MẠI DỊCH VỤ ĐẦU TƯ PHÚC PHÚ,CÔNG TY TNHH THƯƠNG MẠI DỊCH V,Công ty trách nhiệm hữu hạn một thành viên,"23/15 đường số 21, Phường 8, Quận Gò Vấp, Thành phố Hồ Chí Minh, Việt Nam",Quận Gò Vấp,"4632: Bán buôn thực phẩm-(không hoạt động tại trụ sở);4633: Bán buôn đồ uống-;4649: Bán buôn đồ dùng khác cho gia đình-Chi tiết: Bán buôn nước hoa, hàng mỹ phẩm và chế phẩm vệ sinh. Bán buôn văn phòng",internet
316529103,CÔNG TY TNHH TM XD SAO VIỆT BẮC,CÔNG TY TNHH TM XD SAO VIỆT BẮ,Công ty trách nhiệm hữu hạn một thành viên,"392 Nguyễn Oanh, Phường 6, Quận Gò Vấp, Thành phố Hồ Chí Minh, Việt Nam",Quận Gò Vấp,"6619: Hoạt động hỗ trợ dịch vụ tài chính chưa được phân vào đâu-Chi tiết: tư vấn đầu tư (trừ tư vấn tài chính, kế toán, pháp luật);7020: Hoạt động tư vấn quản lý-(trừ tư vấn tài chính, kế",internet
316531624,CÔNG TY TNHH XD PETRO THẠNH LỘC,CÔNG TY TNHH XD PETRO THẠNH LỘ,Công ty trách nhiệm hữu hạn một thành viên,"566 Nguyễn Oanh, Phường 6, Quận Gò Vấp, Thành phố Hồ Chí Minh, Việt Nam",Quận Gò Vấp,"6619: Hoạt động hỗ trợ dịch vụ tài chính chưa được phân vào đâu-Chi tiết: tư vấn đầu tư (trừ tư vấn tài chính, kế toán, pháp luật);7020: Hoạt động tư vấn quản lý-(trừ tư vấn tài chính, kế",internet
316530356,CÔNG TY CỔ PHẦN TẬP ĐOÀN PHÁT TRIỂN VIỆT NAM,CÔNG TY CỔ PHẦN TẬP ĐOÀN PHÁT ,Công ty cổ phần,"616/4 Lê Đức Thọ, Phường 15, Quận Gò Vấp, Thành phố Hồ Chí Minh, Việt Nam",Quận Gò Vấp,"4322: Lắp đặt hệ thống cấp, thoát nước, hệ thống sưởi và điều hoà không khí-(trừ lắp đặt các thiết bị lạnh (thiết bị cấp đông, kho lạnh, máy đá, điều hòa không khí, làm lạnh nước) sử dụng ga lạnh R22 ",internet
316530564,CÔNG TY TNHH SẢN XUẤT THƯƠNG MẠI DỊCH VỤ QUẢNG CÁO HOÀNG ANH VIỆT NAM,CÔNG TY TNHH SẢN XUẤT THƯƠNG M,Công ty trách nhiệm hữu hạn một thành viên,"5B Nguyễn Văn Dung, Phường 6, Quận Gò Vấp, Thành phố Hồ Chí Minh, Việt Nam",Quận Gò Vấp,"7310: Quảng cáo-Chi tiết: Quảng cáo. Thiết kế quảng cáo;4329: Lắp đặt hệ thống xây dựng khác-Chi tiết: Thi công, lắp đặt công trình quảng cáo; Thi công, lắp đặt vách ngăn;4662: Bán buôn kim loại và qu",internet
316538348,CÔNG TY TNHH MYTEL,CÔNG TY TNHH MYTEL,Công ty trách nhiệm hữu hạn một thành viên,"209/3/26 Nguyễn Văn Lượng, Phường 10, Quận Gò Vấp, Thành phố Hồ Chí Minh, Việt Nam",Quận Gò Vấp,"4774: Bán lẻ hàng hóa đã qua sử dụng trong các cửa hàng chuyên doanh-(trừ bán lẻ hóa chất, đồ cổ, khí dầu mỏ hóa lỏng LPG, dầu nhớt cặn, vàng miếng, súng, đạn loại dùng đi săn hoặc thể thao và tiền ki",internet
316529223,CÔNG TY TNHH CÔNG NGHỆ THÔNG TIN KIM SƠN,CÔNG TY TNHH CÔNG NGHỆ THÔNG T,Công ty trách nhiệm hữu hạn hai thành viên trở lên,"29/11/86 Lê Đức Thọ, Phường 7, Quận Gò Vấp, Thành phố Hồ Chí Minh, Việt Nam",Quận Gò Vấp,"4791: Bán lẻ theo yêu cầu đặt hàng qua bưu điện hoặc internet-(trừ bán lẻ bình gas, súng, đạn loại dùng đi săn hoặc thể thao, tiền kim khí và mua bán vàng miếng; thực hiện theo Quyết định 64/2009/QĐ-U",internet
316531649,CÔNG TY TNHH TRUYỀN THÔNG SỰ KIỆN THE WALL DIGITAL,CÔNG TY TNHH TRUYỀN THÔNG SỰ K,Công ty trách nhiệm hữu hạn một thành viên,"216/7/19 Nguyễn Văn Công, Phường 3, Quận Gò Vấp, Thành phố Hồ Chí Minh, Việt Nam",Quận Gò Vấp,"7320: Nghiên cứu thị trường và thăm dò dư luận-;8230: Tổ chức giới thiệu và xúc tiến thương mại-(không thực hiện các hiệu ứng cháy, nổ; không sử dụng chất nổ, chất cháy, hóa chất làm đạo cụ, dụng cụ t",internet
316544278,CÔNG TY TNHH CODEMAZE SOFTWARE SOLUTION,CÔNG TY TNHH CODEMAZE SOFTWARE,Công ty trách nhiệm hữu hạn một thành viên,"107/4 Quang Trung, Phường 10, Quận Gò Vấp, Thành phố Hồ Chí Minh, Việt Nam",Quận Gò Vấp,"1820: Sao chép bản ghi các loại-;2620: Sản xuất máy vi tính và thiết bị ngoại vi của máy vi tính-Chi tiết: Lắp ráp các máy tính điện tử như màn hình, máy tính để bàn, máy chủ, máy xách tay; Các thiết ",software
316591380,CÔNG TY TNHH TM DV DU LỊCH SALA TRAVEL,CÔNG TY TNHH TM DV DU LỊCH SAL,Công ty trách nhiệm hữu hạn một thành viên,"439/17 Nguyễn Văn Khối, Phường 8, Quận Gò Vấp, Thành phố Hồ Chí Minh, Việt Nam",Quận Gò Vấp,5225: Hoạt động dịch vụ hỗ trợ trực tiếp cho vận tải đường bộ-;5229: Hoạt động dịch vụ hỗ trợ khác liên quan đến vận tải-Chi tiết: Dịch vụ giao nhận hàng hóa; Hoạt động của đại lý làm thủ tục hải quan,internet
316588282,CÔNG TY TNHH BÔNG GIÓ DECOR,CÔNG TY TNHH BÔNG GIÓ DECOR,Công ty trách nhiệm hữu hạn một thành viên,"493 Phạm Văn Chiêu, Phường 13, Quận Gò Vấp, Thành phố Hồ Chí Minh, Việt Nam",Quận Gò Vấp,"4102: Xây dựng nhà không để ở-;4321: Lắp đặt hệ thống điện-;4322: Lắp đặt hệ thống cấp, thoát nước, hệ thống sưởi và điều hoà không khí-(trừ lắp đặt các thiết bị lạnh (thiết bị cấp đông, kho lạnh, máy",internet
316552938,CÔNG TY TNHH MAY COSMETIC,CÔNG TY TNHH MAY COSMETIC,Công ty trách nhiệm hữu hạn một thành viên,"32/30A Phạm Văn Chiêu, Phường 8, Quận Gò Vấp, Thành phố Hồ Chí Minh, Việt Nam",Quận Gò Vấp,"4791: Bán lẻ theo yêu cầu đặt hàng qua bưu điện hoặc internet-(trừ bán lẻ hóa chất, khí dầu mỏ hóa lỏng LPG, dầu nhớt cặn, vàng miếng, súng, đạn loại dùng đi săn hoặc thể thao và tiền kim khí; Thực hi",internet
316553441,CÔNG TY CỔ PHẦN ĐẦU TƯ CJ VIỆT NAM,CÔNG TY CỔ PHẦN ĐẦU TƯ CJ VIỆT,Công ty cổ phần,"340/53 Đường Quang Trung, Phường 10, Quận Gò Vấp, Thành phố Hồ Chí Minh, Việt Nam",Quận Gò Vấp,"4659: Bán buôn máy móc, thiết bị và phụ tùng máy khác-Chi tiết: -Bán buôn máy móc, thiết bị và phụ tùng máy khai khoáng, xây dựng
-Bán buôn máy móc, thiết bị điện, vật liệu điện (máy phát điện, động c",internet
316556386,CÔNG TY TRÁCH NHIỆM HỮU HẠN TỔNG HỢP RUVINA,CÔNG TY TRÁCH NHIỆM HỮU HẠN TỔ,Công ty trách nhiệm hữu hạn một thành viên,"73 Đường số 3, Khu dân cư Cityland Park Hills, Phường 10, Quận Gò Vấp, Thành phố Hồ Chí Minh, Việt Nam",Quận Gò Vấp,"8292: Dịch vụ đóng gói-(trừ đóng gói thuốc bảo vệ thực vật).;8531: Đào tạo sơ cấp-Chi tiết: Dạy nghề;8552: Giáo dục văn hoá nghệ thuật-(trừ kinh doanh sàn nhảy, vũ trường);8559: Giáo dục khác chưa đượ",internet
316547208,DOANH NGHIỆP TƯ NHÂN DỊCH VỤ TRÒ CHƠI ĐIỆN TỬ CÔNG CỘNG CYBER ALL GAME KINH,DOANH NGHIỆP TƯ NHÂN DỊCH VỤ T,Doanh nghiệp tư nhân,"201 Đường số 3, Phường 9, Quận Gò Vấp, Thành phố Hồ Chí Minh, Việt Nam",Quận Gò Vấp,"6190: Hoạt động viễn thông khác-Chi tiết: -Hoạt động của các điểm truy cập internet -  Điểm cung cấp dịch vụ trò chơi điện tử công cộng (không kinh doanh trò chơi có hại cho giáo dục nhân cách, sức kh",internet
316548498,CÔNG TY TNHH FUNNYGO,CÔNG TY TNHH FUNNYGO,Công ty trách nhiệm hữu hạn một thành viên,"27/1 đường số 9, Phường 16, Quận Gò Vấp, Thành phố Hồ Chí Minh, Việt Nam",Quận Gò Vấp,"3240: Sản xuất đồ chơi, trò chơi-(không sản xuất đồ chơi có hại cho giáo dục nhân cách, sức khoẻ của trẻ em hoặc ảnh hưởng đến an ninh trật tự, an toàn xã hội);4764: Bán lẻ trò chơi, đồ chơi trong các",internet
316572028,CÔNG TY CỔ PHẦN TẬP ĐOÀN RUBIKCONS,CÔNG TY CỔ PHẦN TẬP ĐOÀN RUBIK,Công ty cổ phần,"Lầu 2, 86 Nguyên Hồng, Phường 1, Quận Gò Vấp, Thành phố Hồ Chí Minh, Việt Nam",Quận Gò Vấp,"4299: Xây dựng công trình kỹ thuật dân dụng khác-;4311: Phá dỡ-;4312: Chuẩn bị mặt bằng-;4321: Lắp đặt hệ thống điện-;4322: Lắp đặt hệ thống cấp, thoát nước, hệ thống sưởi và điều hoà không khí-(trừ g",internet
316609221,CÔNG TY TNHH CƠM TẤM LÁ SEN,CÔNG TY TNHH CƠM TẤM LÁ SEN,Công ty trách nhiệm hữu hạn một thành viên,"799/9 Nguyễn Kiệm, Phường 3, Quận Gò Vấp, Thành phố Hồ Chí Minh, Việt Nam",Quận Gò Vấp,"1075: Sản xuất món ăn, thức ăn chế biến sẵn-;1079: Sản xuất thực phẩm khác chưa được phân vào đâu-;3312: Sửa chữa máy móc, thiết bị-;4321: Lắp đặt hệ thống điện-(trừ gia công cơ khí, tái chế phế thải,",internet
316541460,CÔNG TY TNHH GIẢI PHÁP & KỸ THUẬT T.A.C,CÔNG TY TNHH GIẢI PHÁP  KỸ THU,Công ty trách nhiệm hữu hạn một thành viên,"4/20 Đường Phạm Huy Thông, Phường 7, Quận Gò Vấp, Thành phố Hồ Chí Minh, Việt Nam",Quận Gò Vấp,"7310: Quảng cáo-Chi tiết: Quảng cáo, quảng cáo trực tuyến, marketing trực tuyến;4330: Hoàn thiện công trình xây dựng-;2790: Sản xuất thiết bị điện khác-chi tiết: sản xuất thiết bị điện (trừ gia công c",internet
316558182,CÔNG TY TNHH THƯƠNG MẠI VÀ DỊCH VỤ PHƯƠNG THÀNH COMPUTER,CÔNG TY TNHH THƯƠNG MẠI VÀ DỊC,Công ty trách nhiệm hữu hạn một thành viên,"Số 26/9 Nguyễn Văn Lượng, Phường 6, Quận Gò Vấp, Thành phố Hồ Chí Minh, Việt Nam",Quận Gò Vấp,"4651: Bán buôn máy vi tính, thiết bị ngoại vi và phần mềm-;3312: Sửa chữa máy móc, thiết bị--(trừ gia công cơ khí, tái chế phế thải, xi mạ điện tại trụ sở);3313: Sửa chữa thiết bị điện tử và quang học",computer
316611125,CÔNG TY TNHH THƯƠNG MẠI XUẤT NHẬP KHẨU THỰC PHẨM GIA BẢO,CÔNG TY TNHH THƯƠNG MẠI XUẤT N,Công ty trách nhiệm hữu hạn một thành viên,"18/42/9/44 Đường số 53, Phường 14, Quận Gò Vấp, Thành phố Hồ Chí Minh, Việt Nam",Quận Gò Vấp,"4669: Bán buôn chuyên doanh khác chưa được phân vào đâu-Chi tiết: Bán buôn quà lưu niệm, quà tặng cho doanh nghiệp; Bán buôn giấy các loại; Bán buôn nhựa và các sản phẩm từ nhựa ( Doanh nghiệp chỉ đượ",internet
316559475,CÔNG TY TNHH THƯƠNG MẠI & DỊCH VỤ TECHNOLOGY COMBOSS,CÔNG TY TNHH THƯƠNG MẠI  DỊCH ,Công ty trách nhiệm hữu hạn hai thành viên trở lên,"Số 1 Đường số 2 Khu Dân Cư CityLand, Phường 10, Quận Gò Vấp, Thành phố Hồ Chí Minh, Việt Nam",Quận Gò Vấp,"8230: Tổ chức giới thiệu và xúc tiến thương mại-(không thực hiện các hiệu ứng cháy, nổ; không sử dụng chất nổ, chất cháy, hóa chất làm đạo cụ, dụng cụ thực hiện các chương trình văn nghệ, sự kiện, phi",technology
316563746,CÔNG TY CỔ PHẦN HỢP LONG COMPOSITE,CÔNG TY CỔ PHẦN HỢP LONG COMPO,Công ty cổ phần,"472/66 Lê Đức Thọ, Phường 17, Quận Gò Vấp, Thành phố Hồ Chí Minh, Việt Nam",Quận Gò Vấp,"0150: Trồng trọt, chăn nuôi hỗn hợp-Chi tiết: Trồng trọt chăn nuôi tổng hợp;1080: Sản xuất thức ăn gia súc, gia cầm và thuỷ sản-;4719: Bán lẻ  khác trong các cửa hàng kinh doanh tổng hợp-Chi tiết: Bán",internet
316564210,CÔNG TY TNHH THƯƠNG MẠI DỊCH VỤ JTP MARKETING,CÔNG TY TNHH THƯƠNG MẠI DỊCH V,Công ty trách nhiệm hữu hạn một thành viên,"186 Đường số 2, Phường 16, Quận Gò Vấp, Thành phố Hồ Chí Minh, Việt Nam",Quận Gò Vấp,"7410: Hoạt động thiết kế chuyên dụng-Chi tiết: Thiết kế đồ họa, website (trừ thiết kế công trình xây dựng).;6312: Cổng thông tin-Chi tiết: Thiết lập trang thông tin điện tử tổng hợp. Dịch vụ cung cấp ",internet
316605308,CÔNG TY TNHH XÂY DỰNG VẬN TẢI HƯƠNG KIM,CÔNG TY TNHH XÂY DỰNG VẬN TẢI ,Công ty trách nhiệm hữu hạn một thành viên,"688/57/101L Lê Đức Thọ, Phường 15, Quận Gò Vấp, Thành phố Hồ Chí Minh, Việt Nam",Quận Gò Vấp,4329: Lắp đặt hệ thống xây dựng khác-Chi tiết: Thi công lắp đặt hệ thống viễn thông. Lắp đặt hệ thống dầu khí;7110: Hoạt động kiến trúc và tư vấn kỹ thuật có liên quan-Chi tiết: Giám sát công tác xây ,internet
316585796,CÔNG TY CỔ PHẦN F2C GROUP,CÔNG TY CỔ PHẦN F2C GROUP,Công ty cổ phần,"48/14 A đường số 8, Phường 16, Quận Gò Vấp, Thành phố Hồ Chí Minh, Việt Nam",Quận Gò Vấp,"7410: Hoạt động thiết kế chuyên dụng-Chi tiết: thiết kế website, nhãn hiệu, kiểu dáng sản phẩm, bao bì hàng hóa.;7740: Cho thuê tài sản vô hình phi tài chính-Chi tiết: Cho thuê các quyền sở hữu công n",internet
316588927,CÔNG TY TNHH EZP,CÔNG TY TNHH EZP,Công ty trách nhiệm hữu hạn một thành viên,"497/24/9M Phan Văn Trị, Phường 5, Quận Gò Vấp, Thành phố Hồ Chí Minh, Việt Nam",Quận Gò Vấp,"4610: Đại lý, môi giới, đấu giá hàng hóa-chi tiết: Đại lý bán hàng hóa, môi giới mua bán hàng hóa (trừ đấu giá tài sản);4669: Bán buôn chuyên doanh khác chưa được phân vào đâu-chi tiết",internet
316624290,CÔNG TY TNHH TM DẦU KHÍ THANH BÌNH,CÔNG TY TNHH TM DẦU KHÍ THANH ,Công ty trách nhiệm hữu hạn một thành viên,"679 Nguyễn Kiệm, Phường 3, Quận Gò Vấp, Thành phố Hồ Chí Minh, Việt Nam",Quận Gò Vấp,"4669: Bán buôn chuyên doanh khác chưa được phân vào đâu-(trừ bán buôn bình gas, sung, đạn loại dùng đi săn hoặc thể thao, tiền kim khí và mua bán vàng miếng; thực hiện theo Quyết định 64/2009/QĐ-UBND ",internet
316561322,CÔNG TY TNHH PHÁT TRIỂN THƯƠNG MẠI HOUSEWARES,CÔNG TY TNHH PHÁT TRIỂN THƯƠNG,Công ty trách nhiệm hữu hạn một thành viên,"497/25/20 Thống Nhất, Phường 16, Quận Gò Vấp, Thành phố Hồ Chí Minh, Việt Nam",Quận Gò Vấp,"4659: Bán buôn máy móc, thiết bị và phụ tùng máy khác-;4651: Bán buôn máy vi tính, thiết bị ngoại vi và phần mềm-;4652: Bán buôn thiết bị và linh kiện điện tử, viễn thông-;4641: Bán buôn vải, hàng may",internet
316573504,CÔNG TY TNHH TẬP ĐOÀN VANTROS (VIỆT NAM),CÔNG TY TNHH TẬP ĐOÀN VANTROS ,Công ty trách nhiệm hữu hạn một thành viên,"158/28/19 Phạm Văn Chiêu, Phường 9, Quận Gò Vấp, Thành phố Hồ Chí Minh, Việt Nam",Quận Gò Vấp,"4791: Bán lẻ theo yêu cầu đặt hàng qua bưu điện hoặc internet-(trừ bán lẻ bình gas, khí dầu mỏ hóa lỏng LPG, dầu nhớt cặn, vàng miếng, súng, đạn loại dùng đi săn hoặc thể thao, tiền kim khí và hóa chấ",internet
316562534,CÔNG TY TNHH THƯƠNG MẠI DỊCH VỤ HỒNG PHƯỚC SOLAR,CÔNG TY TNHH THƯƠNG MẠI DỊCH V,Công ty trách nhiệm hữu hạn một thành viên,"785/13 Nguyễn Kiệm, Phường 3, Quận Gò Vấp, Thành phố Hồ Chí Minh, Việt Nam",Quận Gò Vấp,"3319: Sửa chữa thiết bị khác-Chi tiết : Sửa chữa và bảo trì hệ thống điện, điện lạnh, điện năng lượng mặt trời; Sửa chữa các loại thiết bị phòng cháy chữa cháy, chống sét, báo trộm, camera, hệ thống đ",internet
316770301,CÔNG TY TNHH SẢN XUẤT THƯƠNG MẠI VÀ ĐẦU TƯ LONG PHÁT,CÔNG TY TNHH SẢN XUẤT THƯƠNG M,Công ty trách nhiệm hữu hạn hai thành viên trở lên,"171/104 Nguyễn Tư Giản, Phường 12, Quận Gò Vấp, Thành phố Hồ Chí Minh, Việt Nam",Quận Gò Vấp,7110: Hoạt động kiến trúc và tư vấn kỹ thuật có liên quan-Chi tiết: Tư vấn thiết kế công trình dân dụng và công nghiệp; Giám sát xây dựng và hoàn thiện công trình dân dụng và công nghiệp; Thiết kế kiế,internet
316577347,CÔNG TY CỔ PHẦN SÀI GÒN DE'SIGNS,CÔNG TY CỔ PHẦN SÀI GÒN DESIGN,Công ty cổ phần,"656/30/3 Quang Trung , Phường 11, Quận Gò Vấp, Thành phố Hồ Chí Minh, Việt Nam",Quận Gò Vấp,"7110: Hoạt động kiến trúc và tư vấn kỹ thuật có liên quan-Chi tiết:
-Thiết kế kết cấu công trình dân dụng và công nghiệp
-Thiết kế kiến trúc công trình
-Thiết kế nội ngoại thất công trình
-Thiết kế cấ",internet
316599453,CÔNG TY TNHH TM DV ĐẠI TOÀN PHÁT,CÔNG TY TNHH TM DV ĐẠI TOÀN PH,Công ty trách nhiệm hữu hạn hai thành viên trở lên,"438/1 Nguyễn Thái Sơn, Phường 5, Quận Gò Vấp, Thành phố Hồ Chí Minh, Việt Nam",Quận Gò Vấp,"4669: Bán buôn chuyên doanh khác chưa được phân vào đâu-(trừ bán buôn bình gas, khí dầu mỏ hóa lỏng LPG, dầu nhớt cặn, vàng miếng, súng, đạn loại dùng đi săn hoặc thể thao và tiền kim khí; trừ bán buô",internet
316585732,CÔNG TY CỔ PHẦN GIÁO DỤC NHẬT AN,CÔNG TY CỔ PHẦN GIÁO DỤC NHẬT ,Công ty cổ phần,"41 Đường số 9, CityLand, Phường 10, Quận Gò Vấp, Thành phố Hồ Chí Minh, Việt Nam",Quận Gò Vấp,8559: Giáo dục khác chưa được phân vào đâu-Chi tiết: Giáo dục không xác định theo cấp độ tại các trung tâm đào tạo bồi dưỡng; Các dịch vụ dạy kèm (gia sư); Dạy ngoại ngữ và dạy kỹ năng đàm thoại; Dạy ,internet
316586486,CÔNG TY TNHH ĐÀM STUDIO,CÔNG TY TNHH ĐÀM STUDIO,Công ty trách nhiệm hữu hạn hai thành viên trở lên,"52 Đường số 8, Phường 10, Quận Gò Vấp, Thành phố Hồ Chí Minh, Việt Nam",Quận Gò Vấp,"7310: Quảng cáo-;7410: Hoạt động thiết kế chuyên dụng-( trừ thiết kế công trình xây dựng);7020: Hoạt động tư vấn quản lý-(trừ tư vấn tài chính, kế toán, pháp luật);5912: Hoạt động hậu kỳ-(trừ sản xuất",internet
316614599,CÔNG TY TNHH TƯ VẤN THƯƠNG MẠI DỊCH VỤ VIỆT TÍN PHÁT,CÔNG TY TNHH TƯ VẤN THƯƠNG MẠI,Công ty trách nhiệm hữu hạn một thành viên,"Số 102, Đường số 10, Cityland Park Hills, Phường 10, Quận Gò Vấp, Thành phố Hồ Chí Minh, Việt Nam",Quận Gò Vấp,"8230: Tổ chức giới thiệu và xúc tiến thương mại-Chi tiết: Tổ chức sự kiện, hội nghị, hội thảo (không thực hiện các hiệu ứng cháy, nổ, không sử dụng chất nổ, chất cháy, hóa chất làm đạo cụ, dụng cụ thự",internet
316609704,CÔNG TY TNHH XUẤT NHẬP KHẨU VÀ THƯƠNG MẠI DỊCH VỤ EYCO,CÔNG TY TNHH XUẤT NHẬP KHẨU VÀ,Công ty trách nhiệm hữu hạn hai thành viên trở lên,"37/8/44 đường số 44, Phường 14, Quận Gò Vấp, Thành phố Hồ Chí Minh, Việt Nam",Quận Gò Vấp,"4649: Bán buôn đồ dùng khác cho gia đình-Chi tiết: Bán buôn nước hoa, hàng mỹ phẩm và chế phẩm vệ sinh. Bán buôn dược phẩm và dụng cụ y tế. Bán buôn vali, cặp, túi, ví, hàng da và giả da khác;4632: Bá",internet
316581223,CÔNG TY TNHH CHÍ PHÚ SGN,CÔNG TY TNHH CHÍ PHÚ SGN,Công ty trách nhiệm hữu hạn một thành viên,"37/8/54 Đường 44, Phường 14, Quận Gò Vấp, Thành phố Hồ Chí Minh, Việt Nam",Quận Gò Vấp,"4641: Bán buôn vải, hàng may mặc, giày dép-;4649: Bán buôn đồ dùng khác cho gia đình-;4651: Bán buôn máy vi tính, thiết bị ngoại vi và phần mềm-;4652: Bán buôn thiết bị và linh kiện điện tử, viễn thôn",internet
316621204,CÔNG TY TNHH SẢN XUẤT THƯƠNG MẠI DỊCH VỤ NGHĨA HÒA PHÁT,CÔNG TY TNHH SẢN XUẤT THƯƠNG M,Công ty trách nhiệm hữu hạn một thành viên,"579/69/2 Quang Trung, Phường 11, Quận Gò Vấp, Thành phố Hồ Chí Minh, Việt Nam",Quận Gò Vấp,"4659: Bán buôn máy móc, thiết bị và phụ tùng máy khác-Chi tiết: Bán buôn máy móc, thiết bị điện, dụng cụ hệ thống điện (máy biến thế, mô tơ điện, ốn áp, máy phát, dây điện, vật lưu dẫn, bóng đèn, bảng",internet
316658518,CÔNG TY TNHH MTV DỊCH VỤ THƯƠNG MẠI TAM PRO,CÔNG TY TNHH MTV DỊCH VỤ THƯƠN,Công ty trách nhiệm hữu hạn một thành viên,"109/11 Lê Lợi, Phường 4, Quận Gò Vấp, Thành phố Hồ Chí Minh, Việt Nam",Quận Gò Vấp,"4759: Bán lẻ đồ điện gia dụng, giường, tủ, bàn, ghế và đồ nội thất tương tự, đèn và bộ đèn điện, đồ dùng gia đình khác chưa được phân vào đâu  trong các cửa hàng chuyên doanh-;5610: Nhà hàng và các dị",internet
316589656,CÔNG TY TNHH THỰC PHẨM MAICA FOOD,CÔNG TY TNHH THỰC PHẨM MAICA F,Công ty trách nhiệm hữu hạn một thành viên,"12/1 Đường số 4, Phường 11, Quận Gò Vấp, Thành phố Hồ Chí Minh, Việt Nam",Quận Gò Vấp,"4771: Bán lẻ hàng may mặc, giày dép, hàng da và giả da trong các cửa hàng chuyên doanh-(Không hoạt động tại trụ sở);4773: Bán lẻ hàng hóa khác mới trong các cửa hàng chuyên doanh-(Không hoạt động tại ",internet
316597752,CÔNG TY TNHH LÁ THƯ XANH,CÔNG TY TNHH LÁ THƯ XANH,Công ty trách nhiệm hữu hạn một thành viên,"49/46/120 đường số 51, Phường 14, Quận Gò Vấp, Thành phố Hồ Chí Minh, Việt Nam",Quận Gò Vấp,"4761: Bán lẻ sách, báo, tạp chí văn phòng phẩm trong các cửa hàng chuyên doanh-(có nội dung được phép lưu hành);4649: Bán buôn đồ dùng khác cho gia đình-Chi tiết: Bán buôn sách, báo, tạp chí, văn phòn",internet
316609334,CÔNG TY TNHH SẢN XUẤT ANH DÂN,CÔNG TY TNHH SẢN XUẤT ANH DÂN,Công ty trách nhiệm hữu hạn một thành viên,"566/197/24 Nguyễn Thái Sơn, Phường 5, Quận Gò Vấp, Thành phố Hồ Chí Minh, Việt Nam",Quận Gò Vấp,"2920: Sản xuất thân xe ô tô và xe có động cơ khác, rơ moóc và bán rơ moóc-(chỉ được sản xuất, gia công sau khi hoàn thành đầy đủ các thủ tục về đất đai, xây dựng, phòng cháy chữa cháy, bảo vệ môi trườ",internet
316628714,CÔNG TY TNHH PHONG THỦY KIẾN TRÚC THUẬN THIÊN,CÔNG TY TNHH PHONG THỦY KIẾN T,Công ty trách nhiệm hữu hạn một thành viên,"105 Đường số 8, Phường 11, Quận Gò Vấp, Thành phố Hồ Chí Minh, Việt Nam",Quận Gò Vấp,7410: Hoạt động thiết kế chuyên dụng-;4101: Xây dựng nhà để ở-;4102: Xây dựng nhà không để ở-;4211: Xây dựng công trình đường sắt-;4212: Xây dựng công trình đường bộ-;4221: Xây dựng công trình điện-(D,internet
316584898,CÔNG TY TNHH CÔNG NGHỆ WEBMART,CÔNG TY TNHH CÔNG NGHỆ WEBMART,Công ty trách nhiệm hữu hạn một thành viên,"1020/10 Quang Trung, Phường 8, Quận Gò Vấp, Thành phố Hồ Chí Minh, Việt Nam",Quận Gò Vấp,"5912: Hoạt động hậu kỳ-(không thực hiện các hiệu ứng cháy nổ; không sử dụng chất nổ, chất cháy, hóa chất làm đạo cụ, dụng cụ thực hiện các chương trình văn nghệ, sự kiện, phim ảnh);7420: Hoạt động nhi",internet
316639120,CÔNG TY TNHH SẢN XUẤT THƯƠNG MẠI DỊCH VỤ TÀI TÍN NGHĨA,CÔNG TY TNHH SẢN XUẤT THƯƠNG M,Công ty trách nhiệm hữu hạn một thành viên,"309/1/33 Lê Đức Thọ, Phường 17, Quận Gò Vấp, Thành phố Hồ Chí Minh, Việt Nam",Quận Gò Vấp,"4659: Bán buôn máy móc, thiết bị và phụ tùng máy khác-Chi tiết: Bán buôn thiết bị điện các loại. Bán buôn vật tư, thiết bị y tế, thiết bị khoa học kỹ thuật. Bán buôn máy móc, thiết bị và phụ tùng máy ",internet
316634926,CÔNG TY TNHH DỊCH VỤ GIÁO DỤC TRÍ DŨNG,CÔNG TY TNHH DỊCH VỤ GIÁO DỤC ,Công ty trách nhiệm hữu hạn một thành viên,"Số 16/2/5 Đường số 2, Phường 11, Quận Gò Vấp, Thành phố Hồ Chí Minh, Việt Nam",Quận Gò Vấp,"4649: Bán buôn đồ dùng khác cho gia đình-Chi tiết: Bán buôn sách, báo, tạp chí, văn phòng phẩm; dụng cụ thể dục, thể thao và các đồ dùng khác cho gia đình;4761: Bán lẻ sách, báo, tạp chí văn phòng phẩ",internet
316610428,CÔNG TY CỔ PHẦN CÔNG NGHỆ LIMO,CÔNG TY CỔ PHẦN CÔNG NGHỆ LIMO,Công ty cổ phần,"57/52 Lê Đức Thọ, Phường 7, Quận Gò Vấp, Thành phố Hồ Chí Minh, Việt Nam",Quận Gò Vấp,"7310: Quảng cáo-;1811: In ấn-(không hoạt động tại trụ sở);1812: Dịch vụ liên quan đến in-;4610: Đại lý, môi giới, đấu giá hàng hóa-Chi tiết: Đại lý bán hàng hóa; Môi giới mua bán hàng hóa;4632: Bán bu",internet
316599301,CÔNG TY TNHH TAPAY,CÔNG TY TNHH TAPAY,Công ty trách nhiệm hữu hạn hai thành viên trở lên,"22/12 Đường 21, Phường 8, Quận Gò Vấp, Thành phố Hồ Chí Minh, Việt Nam",Quận Gò Vấp,"7310: Quảng cáo-;4649: Bán buôn đồ dùng khác cho gia đình-Chi tiết: Bán buôn đồ điện gia dụng, đèn và bộ đèn điện; Bán buôn hàng gốm, sứ, thủy tinh; Bán buôn hàng trang trí nội thất; hàng thủ công mỹ ",internet
316627171,CÔNG TY TNHH THIẾT KẾ XÂY DỰNG MỘT THÀNH VIÊN ĐẠI TÂY DƯƠNG,CÔNG TY TNHH THIẾT KẾ XÂY DỰNG,Công ty trách nhiệm hữu hạn một thành viên,"227/1/32 Nguyễn Tư Giản , Phường 12, Quận Gò Vấp, Thành phố Hồ Chí Minh, Việt Nam",Quận Gò Vấp,"4791: Bán lẻ theo yêu cầu đặt hàng qua bưu điện hoặc internet-(trừ bán lẻ hóa chất, khí dầu mỏ hóa lỏng LPG, dầu nhớt cặn, vàng miếng, súng, đạn loại dùng đi săn hoặc thể thao và tiền kim khí; Thực hi",internet
316624445,CÔNG TY TNHH SẢN XUẤT THƯƠNG MẠI XUẤT NHẬP KHẨU HALA,CÔNG TY TNHH SẢN XUẤT THƯƠNG M,Công ty trách nhiệm hữu hạn một thành viên,"237/21/16 Đường Phạm Văn Chiêu, Phường 14, Quận Gò Vấp, Thành phố Hồ Chí Minh, Việt Nam",Quận Gò Vấp,"4620: Bán buôn nông, lâm sản nguyên liệu (trừ gỗ, tre, nứa) và động vật sống-(không hoạt động tại trụ sở).;4669: Bán buôn chuyên doanh khác chưa được phân vào đâu-(Trừ bán buôn bình gas, khí dầu mỏ hó",internet
316620112,CÔNG TY TNHH TƯ VẤN DỊCH VỤ THƯƠNG MẠI CTA,CÔNG TY TNHH TƯ VẤN DỊCH VỤ TH,Công ty trách nhiệm hữu hạn một thành viên,"1409/8 Phan Văn Trị, Phường 10, Quận Gò Vấp, Thành phố Hồ Chí Minh, Việt Nam",Quận Gò Vấp,"4752: Bán lẻ đồ ngũ kim, sơn, kính và thiết bị lắp đặt khác trong xây dựng trong các cửa hàng chuyên doanh-;4753: Bán lẻ thảm, đệm, chăn, màn, rèm, vật liệu phủ tường và sàn trong các cửa hàng chuyên ",internet
316646960,CÔNG TY TNHH PHÁT TRIỂN THƯƠNG MẠI DỊCH VỤ KHẢI HOÀNG,CÔNG TY TNHH PHÁT TRIỂN THƯƠNG,Công ty trách nhiệm hữu hạn một thành viên,"Tầng 1, Số 100 Đường Số 10, Khu Dân Cư Cityland Park Hills, Phường 10, Quận Gò Vấp, Thành phố Hồ Chí Minh, Việt Nam",Quận Gò Vấp,"4610: Đại lý, môi giới, đấu giá hàng hóa-Chi tiết: Đại lý, môi giới;4912: Vận tải hàng hóa đường sắt-(trừ hóa lỏng khí để vận chuyển);4933: Vận tải hàng hóa bằng đường bộ-(trừ hóa lỏng khí để vận chuy",internet
316606005,CÔNG TY TNHH TIẾP THỊ SÁNG TẠO ĐIỂM,CÔNG TY TNHH TIẾP THỊ SÁNG TẠO,Công ty trách nhiệm hữu hạn hai thành viên trở lên,"77 Trần Bình Trọng, Phường 1, Quận Gò Vấp, Thành phố Hồ Chí Minh, Việt Nam",Quận Gò Vấp,"1812: Dịch vụ liên quan đến in-(trừ in tráng bao bì kim loại, in trên sản phẩm vải, sợi, dệt, may, đan tại trụ sở);3100: Sản xuất giường, tủ, bàn, ghế-;4610: Đại lý, môi giới, đấu giá hàng hóa-(trừ mô",internet
316633577,CÔNG TY TNHH THƯƠNG MẠI - DỊCH VỤ SHIMEX VIỆT NAM,CÔNG TY TNHH THƯƠNG MẠI  DỊCH ,Công ty trách nhiệm hữu hạn một thành viên,"80 Đường Số 1, Khu Dân Cư City Land, Phường 7, Quận Gò Vấp, Thành phố Hồ Chí Minh, Việt Nam",Quận Gò Vấp,"4322: Lắp đặt hệ thống cấp, thoát nước, hệ thống sưởi và điều hoà không khí-(trừ lắp đặt các thiết bị lạnh (thiết bị cấp đông, kho lạnh, máy đá, điều hòa không khí, làm lạnh nước) sử dụng ga lạnh R22 ",internet
316616596,CÔNG TY TNHH CÀ PHÊ SÀI GÒN,CÔNG TY TNHH CÀ PHÊ SÀI GÒN,Công ty trách nhiệm hữu hạn hai thành viên trở lên,"457 Nguyễn Văn Công, Phường 3, Quận Gò Vấp, Thành phố Hồ Chí Minh, Việt Nam",Quận Gò Vấp,1076: Sản xuất chè-(Không hoạt động tại trụ sở chính);1077: Sản xuất cà phê-(Không hoạt động tại trụ sở chính);4102: Xây dựng nhà không để ở-;4311: Phá dỡ-;4312: Chuẩn bị mặt bằng-;4321: Lắp đặt hệ th,internet
109304479,CÔNG TY CỔ PHẦN TẬP ĐOÀN ĐỊA ỐC XANH,CÔNG TY CỔ PHẦN TẬP ĐOÀN ĐỊA Ố,Công ty cổ phần,"83 đường số 2 Khu CITYLAND PARK HILLS, Phường 10, Quận Gò Vấp, Thành phố Hồ Chí Minh, Việt Nam",Quận Gò Vấp,"4511: Bán buôn ô tô và xe có động cơ khác-(trừ hoạt động đấu giá);4512: Bán lẻ ô tô con (loại 9 chỗ ngồi trở xuống)-;4520: Bảo dưỡng, sửa chữa ô tô và xe có động cơ khác-(trừ hoạt động đấu giá);4530: ",internet
316618201,CÔNG TY TNHH SẢN XUẤT THƯƠNG MẠI XUẤT NHẬP KHẨU LAN HOÀNG THẢO,CÔNG TY TNHH SẢN XUẤT THƯƠNG M,Công ty trách nhiệm hữu hạn một thành viên,"Số 340/23 Quang Trung, Phường 10, Quận Gò Vấp, Thành phố Hồ Chí Minh, Việt Nam",Quận Gò Vấp,"4719: Bán lẻ  khác trong các cửa hàng kinh doanh tổng hợp-Chi tiết: Bán lẻ trong siêu thị, trung tâm thương mại, các cửa hàng tiện ích (trừ tồn trữ hóa chất tại trụ sở, bán lẻ bình gas, súng, đạn loại",internet
316625488,CÔNG TY TNHH TRAI ĐẸP BÁN IPHONE,CÔNG TY TNHH TRAI ĐẸP BÁN IPHO,Công ty trách nhiệm hữu hạn một thành viên,"Số 221/1 Lê Đức Thọ, Phường 17, Quận Gò Vấp, Thành phố Hồ Chí Minh, Việt Nam",Quận Gò Vấp,"4773: Bán lẻ hàng hóa khác mới trong các cửa hàng chuyên doanh-(trừ bán lẻ hóa chất, khí dầu mỏ hóa lỏng LPG, dầu nhớt cặn, vàng miếng, súng, đạn loại dùng đi săn hoặc thể thao và tiền kim khí; Thực h",internet
316628457,CÔNG TY TNHH THƯƠNG MẠI DỊCH VỤ XNK TÂN VIỆT ĐỨC,CÔNG TY TNHH THƯƠNG MẠI DỊCH V,Công ty trách nhiệm hữu hạn một thành viên,"115 Đường  Số 2, Phường 16, Quận Gò Vấp, Thành phố Hồ Chí Minh, Việt Nam",Quận Gò Vấp,"2910: Sản xuất ô tô và xe có động cơ khác-Chi tiết: Sản xuất, đóng mới, lắp ráp phương tiện vận tải;2930: Sản xuất phụ tùng và bộ phận phụ trợ cho xe ô tô và xe có động cơ khác-Chi tiết: Sản xuất phụ ",internet
316636095,CÔNG TY TNHH KINH TẾ AN GIA,CÔNG TY TNHH KINH TẾ AN GIA,Công ty trách nhiệm hữu hạn hai thành viên trở lên,"1003/2 quang trung, Phường 14, Quận Gò Vấp, Thành phố Hồ Chí Minh, Việt Nam",Quận Gò Vấp,"4223: Xây dựng công trình viễn thông, thông tin liên lạc-;4229: Xây dựng công trình công ích khác-;4291: Xây dựng công trình thủy-;4292: Xây dựng công trình khai khoáng-;4293: Xây dựng công trình chế ",internet
316640648,CÔNG TY TNHH XNK SUNNY FARM,CÔNG TY TNHH XNK SUNNY FARM,Công ty trách nhiệm hữu hạn một thành viên,"25/3 Nguyễn Du, Phường 7, Quận Gò Vấp, Thành phố Hồ Chí Minh, Việt Nam",Quận Gò Vấp,"4610: Đại lý, môi giới, đấu giá hàng hóa-Chi tiết: Đại lý mua bán hàng hóa;4631: Bán buôn gạo, lúa mỳ, hạt ngũ cốc khác, bột mỳ-(không hoạt động tại trụ sở).;4632: Bán buôn thực phẩm-(thực hiện theo q",internet
316645212,CÔNG TY TNHH SẢN XUẤT - THƯƠNG MẠI LÊ ANH,CÔNG TY TNHH SẢN XUẤT  THƯƠNG ,Công ty trách nhiệm hữu hạn một thành viên,"269/59 Đường Phan Huy Ích, Phường 14, Quận Gò Vấp, Thành phố Hồ Chí Minh, Việt Nam",Quận Gò Vấp,"4541: Bán mô tô, xe máy-Chi tiết: Bán lẻ mô tô, xe máy;4542: Bảo dưỡng và sửa chữa mô tô, xe máy-;4543: Bán phụ tùng và các bộ phận phụ trợ của mô tô, xe máy-;4641: Bán buôn vải, hàng may mặc, giày dé",internet
316087783,CÔNG TY TNHH XUẤT NHẬP KHẨU SEMOFOOD,CÔNG TY TNHH XUẤT NHẬP KHẨU SE,Công ty trách nhiệm hữu hạn một thành viên,"140/20 Lê Đức Thọ, Phường 6, Quận Gò Vấp, Thành phố Hồ Chí Minh, Việt Nam",Quận Gò Vấp,"4632: Bán buôn thực phẩm-(không hoạt động tại trụ sở);4711: Bán lẻ lương thực, thực phẩm, đồ uống, thuốc lá, thuốc lào chiếm tỷ trọng lớn trong các cửa hàng kinh doanh tổng hợp-(thực hiện theo quyết đ",internet
316108546,CÔNG TY TNHH BOM'S PREWEDDING - MEDIA,CÔNG TY TNHH BOMS PREWEDDING  ,Công ty trách nhiệm hữu hạn hai thành viên trở lên,"25/16 Nguyễn Du, Phường 7, Quận Gò Vấp, Thành phố Hồ Chí Minh, Việt Nam",Quận Gò Vấp,"5920: Hoạt động ghi âm và xuất bản âm nhạc-Chi tiết: Hoạt động ghi âm (trừ kinh doanh dịch vụ karaoke);4762: Bán lẻ băng đĩa âm thanh, hình ảnh (kể cả băng, đĩa trắng) trong các cửa hàng chuyên doanh-",internet
316120134,CÔNG TY TNHH PILOT DESIGN BAGS,CÔNG TY TNHH PILOT DESIGN BAGS,Công ty trách nhiệm hữu hạn một thành viên,"44/33A Phạm Văn Chiêu, Phường 8, Quận Gò Vấp, Thành phố Hồ Chí Minh, Việt Nam",Quận Gò Vấp,"1393: Sản xuất thảm, chăn, đệm-;1410: May trang phục (trừ trang phục từ da lông thú)-;1420: Sản xuất sản phẩm từ da lông thú-;1430: Sản xuất trang phục dệt kim, đan móc-;1512: Sản xuất vali, túi xách ",internet
316133493,CÔNG TY TNHH PHÁT TRIỂN CÔNG NGHỆ TRƯỜNG THỊNH COMPUTER,CÔNG TY TNHH PHÁT TRIỂN CÔNG N,Công ty trách nhiệm hữu hạn một thành viên,"618/50/8  Quang Trung, Phường 11, Quận Gò Vấp, Thành phố Hồ Chí Minh, Việt Nam",Quận Gò Vấp,6201: Lập trình máy vi tính-Chi tiết: Lập trình máy vi tính; Gia công phần mềm vi tính;6202: Tư vấn máy vi tính và quản trị hệ thống máy vi tính-;6209: Hoạt động dịch vụ công nghệ thông tin và dịch vụ,computer
316149528,CÔNG TY TNHH THƯƠNG MẠI DỊCH VỤ XUẤT NHẬP KHẨU HAPPY TRANS,CÔNG TY TNHH THƯƠNG MẠI DỊCH V,Công ty trách nhiệm hữu hạn một thành viên,"23/2 Đường số 2, Phường 16, Quận Gò Vấp, Thành phố Hồ Chí Minh, Việt Nam",Quận Gò Vấp,"5310: Bưu chính-Chi tiết: bưu chính trong phạm vi nội tỉnh, liên tỉnh và quốc tế;5320: Chuyển phát-Chi tiết: chuyển phát trong phạm vi nội tỉnh, liên tỉnh và quốc tế;4721: Bán lẻ lương thực trong các ",internet
316147922,CÔNG TY TRÁCH NHIỆM HỮU HẠN  ĐẦU TƯ VÀ THƯƠNG MẠI NT ECOMMERCE,CÔNG TY TRÁCH NHIỆM HỮU HẠN  Đ,Công ty trách nhiệm hữu hạn một thành viên,"203/19/49 Huỳnh Văn Nghệ, Phường 12, Quận Gò Vấp, Thành phố Hồ Chí Minh, Việt Nam",Quận Gò Vấp,"4690: Bán buôn tổng hợp-(Trừ bán buôn bình gas, khí dầu mỏ hóa lỏng LPG, dầu nhớt cặn, vàng miếng, súng, đạn loại dùng đi săn hoặc thể thao và tiền kim khí; Trừ bán buôn phế liệu, phế thải kim loại, p",internet
316153997,CÔNG TY CỔ PHẦN CÔNG NGHỆ THƯƠNG MẠI GREEN LIFE,CÔNG TY CỔ PHẦN CÔNG NGHỆ THƯƠ,Công ty cổ phần,"Số 1331/17 Lê Đức Thọ, Phường 14, Quận Gò Vấp, Thành phố Hồ Chí Minh, Việt Nam",Quận Gò Vấp,"7020: Hoạt động tư vấn quản lý-(trừ tư vấn tài chính, kế toán, pháp lý);6619: Hoạt động hỗ trợ dịch vụ tài chính chưa được phân vào đâu-Chi tiết: Hoạt động tư vấn đầu tư (trừ tư vấn tài chính, kế toán",internet
316158610,CÔNG TY TNHH VẬT TƯ - HOÁ SINH TRƯỜNG PHÁT,CÔNG TY TNHH VẬT TƯ  HOÁ SINH ,Công ty trách nhiệm hữu hạn hai thành viên trở lên,"688/57/111 Lê Đức Thọ, Phường 15, Quận Gò Vấp, Thành phố Hồ Chí Minh, Việt Nam",Quận Gò Vấp,"1010: Chế biến, bảo quản thịt và các sản phẩm từ thịt-(không hoạt động tại trụ sở);1020: Chế biến, bảo quản thuỷ sản và các sản phẩm từ thuỷ sản-(không hoạt động tại trụ sở);1030: Chế biến và bảo quản",internet
316167830,CÔNG TY TNHH SẢN XUẤT - ĐÓNG GÓI - GIA CÔNG - THƯƠNG MẠI VÀ DỊCH VỤ NAM PHONG,CÔNG TY TNHH SẢN XUẤT  ĐÓNG GÓ,Công ty trách nhiệm hữu hạn một thành viên,"114D Lê Lợi, Phường 4, Quận Gò Vấp, Thành phố Hồ Chí Minh, Việt Nam",Quận Gò Vấp,"4791: Bán lẻ theo yêu cầu đặt hàng qua bưu điện hoặc internet-(trừ bán lẻ hóa chất, khí dầu mỏ hóa lỏng LPG, dầu nhớt cặn, vàng miếng, súng, đạn loại dùng đi săn hoặc thể thao và tiền kim khí; Thực hi",internet
316179593,CÔNG TY TNHH ĐẦU TƯ VÀ PHÁT TRIỂN XGEN,CÔNG TY TNHH ĐẦU TƯ VÀ PHÁT TR,Công ty trách nhiệm hữu hạn một thành viên,"1358/15 Quang Trung, Phường 14, Quận Gò Vấp, Thành phố Hồ Chí Minh, Việt Nam",Quận Gò Vấp,"4711: Bán lẻ lương thực, thực phẩm, đồ uống, thuốc lá, thuốc lào chiếm tỷ trọng lớn trong các cửa hàng kinh doanh tổng hợp-(Thực hiện theo Quyết định 64/2009/QĐ-UBND ngày 31/07/2009 và Quyết Định 79/2",internet
316174235,CÔNG TY TNHH MINH CHÂU EXPRESS,CÔNG TY TNHH MINH CHÂU EXPRESS,Công ty trách nhiệm hữu hạn một thành viên,"448/65/2 Phan Huy Ích, Phường 12, Quận Gò Vấp, Thành phố Hồ Chí Minh, Việt Nam",Quận Gò Vấp,"4719: Bán lẻ  khác trong các cửa hàng kinh doanh tổng hợp-Chi tiết: Bán lẻ quần áo, giày dép, đồ dùng, hàng ngũ kim, mỹ phẩm, đồ trang sức, đồ chơi, đồ thể thao, sim, card, thẻ cào điện thoại, lượng t",internet
316181874,CÔNG TY TNHH ALWAYS CARE,CÔNG TY TNHH ALWAYS CARE,Công ty trách nhiệm hữu hạn một thành viên,"100/86 Đường Số 3, Phường 9, Quận Gò Vấp, Thành phố Hồ Chí Minh, Việt Nam",Quận Gò Vấp,"4610: Đại lý, môi giới, đấu giá hàng hóa-Chi tiết: Đại lý, môi giới (trừ đấu giá tài sản);4649: Bán buôn đồ dùng khác cho gia đình-Chi tiết: Bán buôn nước hoa, hàng mỹ phẩm;4659: Bán buôn máy móc, thi",internet
316191167,CÔNG TY CỔ PHẦN GIẢI PHÁP Y NHA KHOA ENDOHANCE,CÔNG TY CỔ PHẦN GIẢI PHÁP Y NH,Công ty cổ phần,"28/30 Lê Thị Hồng, Phường 17, Quận Gò Vấp, Thành phố Hồ Chí Minh, Việt Nam",Quận Gò Vấp,"7490: Hoạt động chuyên môn, khoa học và công nghệ khác chưa được phân vào đâu-Chi tiết: Tư vấn phương thức hoạt động và triển khai máy móc, thiết bị cho phòng nha và chuỗi phòng nha; Tư vấn nguồn nhân",internet
316261015,CÔNG TY TNHH THƯƠNG MẠI VÀ ĐÀO TẠO WE STAR,CÔNG TY TNHH THƯƠNG MẠI VÀ ĐÀO,Công ty trách nhiệm hữu hạn hai thành viên trở lên,"Số 91, Đường số 7, Phường 7, Quận Gò Vấp, Thành phố Hồ Chí Minh, Việt Nam",Quận Gò Vấp,"8559: Giáo dục khác chưa được phân vào đâu-(trừ dạy về tôn giáo; các trường của các tổ chức Đảng, đoàn thể);8560: Dịch vụ hỗ trợ giáo dục-;2023: Sản xuất mỹ phẩm, xà phòng, chất tẩy rửa, làm bóng và c",internet
316259802,CÔNG TY TNHH CƠ KHÍ XÂY DỰNG ST TRƯỜNG THỌ,CÔNG TY TNHH CƠ KHÍ XÂY DỰNG S,Công ty trách nhiệm hữu hạn một thành viên,"150B Đường số 4, Phường 16, Quận Gò Vấp, Thành phố Hồ Chí Minh, Việt Nam",Quận Gò Vấp,"2511: Sản xuất các cấu kiện kim loại-Chi tiết: - Sản xuất nhà đúc sẵn bằng kim loại như: Nhà di chuyển, nhà tiền chế và các bộ phận tháo rời; - Sản xuất khung hoặc sườn kim loại cho xây dựng và các bộ",internet
316275392,CÔNG TY TNHH THƯƠNG MẠI VÀ DỊCH VỤ XUẤT NHẬP KHẨU NAM ANH,CÔNG TY TNHH THƯƠNG MẠI VÀ DỊC,Công ty trách nhiệm hữu hạn một thành viên,"84/28/4 Lý Thường Kiệt, Phường 7, Quận Gò Vấp, Thành phố Hồ Chí Minh, Việt Nam",Quận Gò Vấp,"4791: Bán lẻ theo yêu cầu đặt hàng qua bưu điện hoặc internet-(trừ bán lẻ bình gas, hóa chất, súng, đạn loại dùng đi săn hoặc thể thao và tiền kim khí và thực hiện theo Quyết định 64/2009/QĐ-UBND ngày",internet
316284421,CÔNG TY CỔ PHẦN CÔNG NGHỆ TSE,CÔNG TY CỔ PHẦN CÔNG NGHỆ TSE,Công ty cổ phần,"331/7/34 Phan Huy Ích, Phường 14, Quận Gò Vấp, Thành phố Hồ Chí Minh, Việt Nam",Quận Gò Vấp,"4799: Bán lẻ hình thức khác chưa được phân vào đâu-(trừ bán lẻ bình gas, khí dầu mỏ hóa lỏng LPG, dầu nhớt cặn, vàng miếng, súng, đạn loại dùng đi săn hoặc thể thao và tiền kim khí; trừ bán lẻ hóa chấ",internet
316325396,CÔNG TY TNHH CÔNG NGHỆ QUỐC TẾ VIỆT HÀN,CÔNG TY TNHH CÔNG NGHỆ QUỐC TẾ,Công ty trách nhiệm hữu hạn một thành viên,"41 An Nhơn, Phường 17, Quận Gò Vấp, Thành phố Hồ Chí Minh, Việt Nam",Quận Gò Vấp,"7020: Hoạt động tư vấn quản lý-(trừ tư vấn mang tính pháp lý);5911: Hoạt động sản xuất phim điện ảnh, phim video và chương trình truyền hình-Chi tiết: Hoạt động sản xuất chương trình truyền hình ",internet
316339790,CÔNG TY TNHH INTERNET 269 DQH,CÔNG TY TNHH INTERNET 269 DQH,Công ty trách nhiệm hữu hạn một thành viên,"374 Dương Quảng Hàm, Phường 5, Quận Gò Vấp, Thành phố Hồ Chí Minh, Việt Nam",Quận Gò Vấp,6190: Hoạt động viễn thông khác-Chi tiết: Hoạt động các điểm truy cập internet. Cung cấp dịch vụ trò chơi điện tử trên mạng (trừ kinh doanh trò chơi có thưởng dành cho người nước ngoài và kinh doanh t,internet
316362510,CÔNG TY CỔ PHẦN TƯ VẤN CHẤT LƯỢNG QUANG VINH,CÔNG TY CỔ PHẦN TƯ VẤN CHẤT LƯ,Công ty cổ phần,"133/48/7G Quang Trung, Phường 10, Quận Gò Vấp, Thành phố Hồ Chí Minh, Việt Nam",Quận Gò Vấp,"8230: Tổ chức giới thiệu và xúc tiến thương mại-(không thực hiện các hiệu ứng cháy, nổ; không sử dụng chất nổ, chất cháy, hóa chất làm đạo cụ, dụng cụ thực hiện các chương trình văn nghệ, sự kiện, phi",internet
316439139,CÔNG TY TNHH PENTA TRADING,CÔNG TY TNHH PENTA TRADING,Công ty trách nhiệm hữu hạn một thành viên,"102/21/7 Lê Văn Thọ, Phường 11, Quận Gò Vấp, Thành phố Hồ Chí Minh, Việt Nam",Quận Gò Vấp,"7420: Hoạt động nhiếp ảnh-;7710: Cho thuê xe có động cơ-;8230: Tổ chức giới thiệu và xúc tiến thương mại--(không thực hiện các hiệu ứng cháy, nổ; không sử dụng chất nổ, chất cháy, hóa chất làm đạo cụ,",internet
316444481,CÔNG TY TNHH THƯƠNG MẠI DỊCH VỤ SACOM TAT,CÔNG TY TNHH THƯƠNG MẠI DỊCH V,Công ty trách nhiệm hữu hạn một thành viên,"302/23 Phan Huy Ích, Phường 12, Quận Gò Vấp, Thành phố Hồ Chí Minh, Việt Nam",Quận Gò Vấp,"4633: Bán buôn đồ uống-;4662: Bán buôn kim loại và quặng kim loại-Chi tiết: Bán buôn sắt, thép (trừ phế thải kim loại)- (trừ mua bán vàng miếng);4659: Bán buôn máy móc, thiết bị và phụ tùng máy khác-C",internet
316450774,CÔNG TY TNHH MTV THƯƠNG MẠI DỊCH VỤ TV MINH TÙNG,CÔNG TY TNHH MTV THƯƠNG MẠI DỊ,Công ty trách nhiệm hữu hạn một thành viên,"102/14 Lý Thường Kiệt, Phường 7, Quận Gò Vấp, Thành phố Hồ Chí Minh, Việt Nam",Quận Gò Vấp,"4799: Bán lẻ hình thức khác chưa được phân vào đâu-(trừ bán lẻ bình gas, khí dầu mỏ hóa lỏng LPG, dầu nhớt cặn, vàng miếng, súng, đạn loại dùng đi săn hoặc thể thao và tiền kim khí; trừ bán lẻ hóa chấ",internet
316457787,CÔNG TY TNHH DƯỢC GIA LONG,CÔNG TY TNHH DƯỢC GIA LONG,Công ty trách nhiệm hữu hạn một thành viên,"66 Đường Số 8, Khu dân cư Cityland, Phường 10, Quận Gò Vấp, Thành phố Hồ Chí Minh, Việt Nam",Quận Gò Vấp,6312: Cổng thông tin-Chi tiết: Thiết lập trang thông tin điện tử tổng hợp;7120: Kiểm tra và phân tích kỹ thuật-Chi tiết: Dịch vụ kiểm tra và phân tích hiệu ứng của các thiết bị y tế.;7310: Quảng cáo-;,internet
316478265,CÔNG TY TNHH TM DV VIỄN THÔNG Á ÂU,CÔNG TY TNHH TM DV VIỄN THÔNG ,Công ty trách nhiệm hữu hạn một thành viên,"58/66/2 Thống Nhất, Phường 10, Quận Gò Vấp, Thành phố Hồ Chí Minh, Việt Nam",Quận Gò Vấp,"4659: Bán buôn máy móc, thiết bị và phụ tùng máy khác-Chi tiết: Bán buôn máy móc, thiết bị hệ thống camera quan sát, hệ thống báo động, chống trộm. Bán buôn máy móc, thiết bị điện, vật liệu điện (máy ",internet
316479188,CÔNG TY TNHH MỘT THÀNH VIÊN THƯƠNG MẠI DỊCH VỤ SGH INTERNATIONAL,CÔNG TY TNHH MỘT THÀNH VIÊN TH,Công ty trách nhiệm hữu hạn một thành viên,"Số 79/15 Lê Hoàng Phái, Phường 17, Quận Gò Vấp, Thành phố Hồ Chí Minh, Việt Nam",Quận Gò Vấp,"4772: Bán lẻ thuốc, dụng cụ y tế, mỹ phẩm và vật phẩm vệ sinh trong các cửa hàng chuyên doanh-Chi tiết: Bán lẻ nước hoa, mỹ phẩm và vật phẩm vệ sinh trong các cửa hàng chuyên doanh;4789: Bán lẻ hàng h",internet
316491435,CÔNG TY TNHH THƯƠNG MẠI DỊCH VỤ XÂY DỰNG VÀ VẬN TẢI SỐ 9,CÔNG TY TNHH THƯƠNG MẠI DỊCH V,Công ty trách nhiệm hữu hạn một thành viên,"40/7 Đường số 4, Phường 11, Quận Gò Vấp, Thành phố Hồ Chí Minh, Việt Nam",Quận Gò Vấp,"1812: Dịch vụ liên quan đến in-; 5012: Vận tải hàng hóa ven biển và viễn dương-; 5022: Vận tải hàng hóa đường thuỷ nội địa-; 1702: Sản xuất giấy nhăn, bìa nhăn, bao bì từ giấy và bìa-; 0810: Khai thác",internet
316500432,CÔNG TY TNHH THƯƠNG MẠI DỊCH VỤ A&M NHẬT MINH ANH,CÔNG TY TNHH THƯƠNG MẠI DỊCH V,Công ty trách nhiệm hữu hạn một thành viên,"434/56 Phạm Văn Chiêu, Phường 9, Quận Gò Vấp, Thành phố Hồ Chí Minh, Việt Nam",Quận Gò Vấp,"1520: Sản xuất giày, dép-(trừ luyện cán cao su, tái chế phế thải, thuộc da, tẩy, nhuộm, hồ, in trên các sản phẩm vải sợi, dệt, may, đan và  gia công hàng đã qua sử dụng tại trụ sở).;4791: Bán lẻ theo ",internet
316506547,CÔNG TY TNHH THƯƠNG MẠI ĐẦU TƯ FUTURE VIET,CÔNG TY TNHH THƯƠNG MẠI ĐẦU TƯ,Công ty trách nhiệm hữu hạn một thành viên,"215 Phạm Văn Chiêu , Phường 14, Quận Gò Vấp, Thành phố Hồ Chí Minh, Việt Nam",Quận Gò Vấp,"6311: Xử lý dữ liệu, cho thuê và các hoạt động liên quan-Chi tiết: Xử lý dữ liệu hoàn chỉnh cho khách hàng như: nhập tin, làm sạch dữ liệu, tổng hợp dữ liệu, tạo báo cáo từ dữ liệu do khách hàng cung ",internet
316504959,CÔNG TY TNHH THƯƠNG MẠI DỊCH VỤ KHANG AN PLUS,CÔNG TY TNHH THƯƠNG MẠI DỊCH V,Công ty trách nhiệm hữu hạn một thành viên,"465/18/96 Nguyễn Văn Công, Phường 3, Quận Gò Vấp, Thành phố Hồ Chí Minh, Việt Nam",Quận Gò Vấp,8299: Hoạt động dịch vụ hỗ trợ kinh doanh khác còn lại chưa được phân vào đâu-Chi tiết: Xuất nhập khẩu các mặt hàng công ty kinh doanh;4791: Bán lẻ theo yêu cầu đặt hàng qua bưu điện hoặc internet-(tr,internet
316538186,CÔNG TY TNHH TM DV THIẾT KẾ VÀ XÂY DỰNG AMPACT,CÔNG TY TNHH TM DV THIẾT KẾ VÀ,Công ty trách nhiệm hữu hạn hai thành viên trở lên,"49 Đường Số 12 Khu Dân Cư Cityland Park Hills, Phường 10, Quận Gò Vấp, Thành phố Hồ Chí Minh, Việt Nam",Quận Gò Vấp,"4663: Bán buôn vật liệu, thiết bị lắp đặt khác trong xây dựng-Chi tiết: Bán buôn gỗ cây, tre, nứa;
– Bán buôn sản phẩm gỗ sơ chế;
– Bán buôn sơn và véc ni;
– Bán buôn vật liệu xây dựng như: cát, sỏi;
",internet
316551518,CÔNG TY TNHH HÀNG NHẬT GIÁ TỐT,CÔNG TY TNHH HÀNG NHẬT GIÁ TỐT,Công ty trách nhiệm hữu hạn một thành viên,"36/17/9 Nguyễn Du, Phường 7, Quận Gò Vấp, Thành phố Hồ Chí Minh, Việt Nam",Quận Gò Vấp,"4649: Bán buôn đồ dùng khác cho gia đình-(trừ dược phẩm).;4759: Bán lẻ đồ điện gia dụng, giường, tủ, bàn, ghế và đồ nội thất tương tự, đèn và bộ đèn điện, đồ dùng gia đình khác chưa được phân vào đâu ",internet
316542922,CÔNG TY TNHH KEO CHÀ RON SIKA,CÔNG TY TNHH KEO CHÀ RON SIKA,Công ty trách nhiệm hữu hạn hai thành viên trở lên,"181 Lê Đức Thọ, Phường 17, Quận Gò Vấp, Thành phố Hồ Chí Minh, Việt Nam",Quận Gò Vấp,"4610: Đại lý, môi giới, đấu giá hàng hóa-Chi Tiết: Đại lý,môi giới, đại lý ký gởi hàng hóa ( trừ môi giới bất động sản ).;4641: Bán buôn vải, hàng may mặc, giày dép-Chi Tiết : Bán buôn vải; Bán buôn t",internet
316578573,CÔNG TY CỔ PHẦN TẬP ĐOÀN GIDIFA VIỆT NAM,CÔNG TY CỔ PHẦN TẬP ĐOÀN GIDIF,Công ty cổ phần,"118/7/1 Đường số 8 , Phường 11, Quận Gò Vấp, Thành phố Hồ Chí Minh, Việt Nam",Quận Gò Vấp,"0141: Chăn nuôi trâu, bò và sản xuất giống trâu, bò-(không hoạt động tại trụ sở);0142: Chăn nuôi ngựa, lừa, la và sản xuất giống ngựa, lừa-(không hoạt động tại trụ sở);0144: Chăn nuôi dê, cừu và sản x",internet
316606647,CÔNG TY TNHH THƯƠNG MẠI VMART,CÔNG TY TNHH THƯƠNG MẠI VMART,Công ty trách nhiệm hữu hạn hai thành viên trở lên,"Số 83, đường số 6, Cityland Park Hills, Phường 10, Quận Gò Vấp, Thành phố Hồ Chí Minh, Việt Nam",Quận Gò Vấp,"1010: Chế biến, bảo quản thịt và các sản phẩm từ thịt-Chi tiết: Sơ chế, chế biến, đóng gói thịt các loại (trừ giết mổ gia súc, gia cầm);1020: Chế biến, bảo quản thuỷ sản và các sản phẩm từ thuỷ sản-Ch",internet
316606929,CÔNG TY TNHH NASHK INTERNATIONAL TRADING VIET NAM,CÔNG TY TNHH NASHK INTERNATION,Công ty trách nhiệm hữu hạn một thành viên,"25/5 Đường 59, Phường 14, Quận Gò Vấp, Thành phố Hồ Chí Minh, Việt Nam",Quận Gò Vấp,"6619: Hoạt động hỗ trợ dịch vụ tài chính chưa được phân vào đâu-Chi tiết: - Hoạt động tư vấn đầu tư (trừ tư vấn tài chính, kế toán, pháp luật);7020: Hoạt động tư vấn quản lý-(trừ tư vấn tài chính, kế ",internet
316647499,CÔNG TY CỔ PHẦN ĐẦU TƯ PHÁT TRIỂN NGUYỄN TRẦN,CÔNG TY CỔ PHẦN ĐẦU TƯ PHÁT TR,Công ty cổ phần,"36/32 Lê Thị Hồng, Phường 17, Quận Gò Vấp, Thành phố Hồ Chí Minh, Việt Nam",Quận Gò Vấp,"0128: Trồng cây gia vị, cây dược liệu, cây hương liệu lâu năm-(không hoạt động tại trụ sở);0119: Trồng cây hàng năm khác-(không hoạt động tại trụ sở);0131: Nhân và chăm sóc cây giống hàng năm-;0132: N",internet
316647410,CÔNG TY CỔ PHẦN THƯƠNG MẠI DỊCH VỤ HIE,CÔNG TY CỔ PHẦN THƯƠNG MẠI DỊC,Công ty cổ phần,"Số 36 Đường Số 9, KDC Cityland Park Hills, Phường 10, Quận Gò Vấp, Thành phố Hồ Chí Minh, Việt Nam",Quận Gò Vấp,"4741: Bán lẻ máy vi tính, thiết bị ngoại vi, phần mềm và thiết bị viễn thông trong các cửa hàng chuyên doanh-;4742: Bán lẻ thiết bị nghe nhìn trong các cửa hàng chuyên doanh-;4751: Bán lẻ vải, len, sợ",internet
316659487,CÔNG TY TNHH COSER,CÔNG TY TNHH COSER,Công ty trách nhiệm hữu hạn một thành viên,"590/2/41 Phan văn Trị, Phường 7, Quận Gò Vấp, Thành phố Hồ Chí Minh, Việt Nam",Quận Gò Vấp,"2591: Rèn, dập, ép và cán kim loại; luyện bột kim loại-(không hoạt động tại trụ sở);2592: Gia công cơ khí; xử lý và tráng phủ kim loại-(không hoạt động tại trụ sở);2599: Sản xuất sản phẩm khác bằng ki",internet
316665314,CÔNG TY TNHH ĐẠI HẢI AN,CÔNG TY TNHH ĐẠI HẢI AN,Công ty trách nhiệm hữu hạn một thành viên,"79 Đường số 01, Khu biệt thự Cityland Center Hills, Đường Nguyễn Oanh, Phường 7, Quận Gò Vấp, Thành phố Hồ Chí Minh, Việt Nam",Quận Gò Vấp,"4620: Bán buôn nông, lâm sản nguyên liệu (trừ gỗ, tre, nứa) và động vật sống-Chi tiết: Bán buôn cây giống, hạt giống; Bán buôn nông, lâm sản (không hoạt động tại trụ sở);6820: Tư vấn, môi giới, đấu gi",internet
316672939,CÔNG TY TNHH OVERSEAS DHN VIỆT NAM,CÔNG TY TNHH OVERSEAS DHN VIỆT,Công ty trách nhiệm hữu hạn một thành viên,"226/39E Nguyễn Văn Lượng, Phường 17, Quận Gò Vấp, Thành phố Hồ Chí Minh, Việt Nam",Quận Gò Vấp,"4101: Xây dựng nhà để ở-;4102: Xây dựng nhà không để ở-;4211: Xây dựng công trình đường sắt-;4212: Xây dựng công trình đường bộ-;4221: Xây dựng công trình điện-(Doanh nghiệp không cung cấp hàng hóa, d",internet
316674238,CÔNG TY TNHH ĐẦU TƯ THƯƠNG MẠI DỊCH VỤ VĂN TUẤN,CÔNG TY TNHH ĐẦU TƯ THƯƠNG MẠI,Công ty trách nhiệm hữu hạn một thành viên,"120/61/46 Đường số 59, Phường 14, Quận Gò Vấp, Thành phố Hồ Chí Minh, Việt Nam",Quận Gò Vấp,"6209: Hoạt động dịch vụ công nghệ thông tin và dịch vụ khác liên quan đến máy vi tính-Chi tiết: Khắc phục sự cố máy tính và cài đặt phần mềm.;7310: Quảng cáo-Chi tiết: Quảng cáo thương mại, quảng cáo ",internet
316674887,CÔNG TY TNHH QUẢNG CÁO VÀ TRUYỀN THÔNG MEDIA Q & T GROUP,CÔNG TY TNHH QUẢNG CÁO VÀ TRUY,Công ty trách nhiệm hữu hạn một thành viên,"409/29 Nguyễn Oanh, Phường 17, Quận Gò Vấp, Thành phố Hồ Chí Minh, Việt Nam",Quận Gò Vấp,"9329: Hoạt động vui chơi giải trí khác chưa được phân vào đâu-Chi tiết: Hoạt động của các khu giải trí, bãi biển, bao gồm cho thuê các phương tiện như nhà tắm, tủ có khóa, ghế tựa, dù che (trừ hoạt độ",internet
316675778,CÔNG TY TNHH IVINA,CÔNG TY TNHH IVINA,Công ty trách nhiệm hữu hạn một thành viên,"Số 463/62/6 Lê Đức Thọ, Phường 16, Quận Gò Vấp, Thành phố Hồ Chí Minh, Việt Nam",Quận Gò Vấp,"0117: Trồng cây có hạt chứa dầu-;0118: Trồng rau, đậu các loại và trồng hoa-;0119: Trồng cây hàng năm khác-;0121: Trồng cây ăn quả-;0122: Trồng cây lấy quả chứa dầu-;0128: Trồng cây gia vị, cây dược l",internet
316681588,CÔNG TY TNHH GREEN MD,CÔNG TY TNHH GREEN MD,Công ty trách nhiệm hữu hạn hai thành viên trở lên,"14/15/16 Đường 53, Phường 14, Quận Gò Vấp, Thành phố Hồ Chí Minh, Việt Nam",Quận Gò Vấp,"7911: Đại lý du lịch-;8292: Dịch vụ đóng gói-(trừ đóng gói thuốc bảo vệ thực vật);4669: Bán buôn chuyên doanh khác chưa được phân vào đâu-(không hoạt động tại trụ sở);6820: Tư vấn, môi giới, đấu giá b",internet
316683176,CÔNG TY TNHH THƯƠNG MẠI - DỊCH VỤ TỔNG HỢP ĐỨC VINH ĐẠT,CÔNG TY TNHH THƯƠNG MẠI  DỊCH ,Công ty trách nhiệm hữu hạn hai thành viên trở lên,"497/59/10 Phan Văn Trị, Phường 5, Quận Gò Vấp, Thành phố Hồ Chí Minh, Việt Nam",Quận Gò Vấp,"3320: Lắp đặt máy móc và thiết bị công nghiệp-;3511: Sản xuất điện-Chi tiết: Sản xuất điện từ năng lượng gió, năng lượng mặt trời, năng lượng khác (trừ truyền tải, điều độ hệ thống điện quốc gia và qu",internet
316685134,CÔNG TY TNHH XUẤT NHẬP KHẨU ĐỨC TRƯỜNG,CÔNG TY TNHH XUẤT NHẬP KHẨU ĐỨ,Công ty trách nhiệm hữu hạn một thành viên,"Số 33 Đường số 7, Khu Cityland Center Hills, Phường 7, Quận Gò Vấp, Thành phố Hồ Chí Minh, Việt Nam",Quận Gò Vấp,"4724: Bán lẻ sản phẩm thuốc lá, thuốc lào trong các cửa hàng chuyên doanh-(Thực hiện theo Quyết định số 64/2009/QĐ-UBND ngày 31/7/2009 và Quyết định số 79/2009/QĐ-UBND ngày 17/10/2009 của UBND TP. HCM",internet
316681404,CÔNG TY TNHH TIO VIỆT NAM,CÔNG TY TNHH TIO VIỆT NAM,Công ty trách nhiệm hữu hạn hai thành viên trở lên,"136 Đường số 7, KDC Cityland Center Hill, Phường 7, Quận Gò Vấp, Thành phố Hồ Chí Minh, Việt Nam",Quận Gò Vấp,4330: Hoàn thiện công trình xây dựng-;4329: Lắp đặt hệ thống xây dựng khác-;4530: Bán phụ tùng và các bộ phận phụ trợ của ô tô và xe có động cơ khác-;4543: Bán phụ tùng và các bộ phận phụ trợ của mô t,internet
316687325,CÔNG TY TNHH THƯƠNG MẠI VÀ DỊCH VỤ ROSE CENTER,CÔNG TY TNHH THƯƠNG MẠI VÀ DỊC,Công ty trách nhiệm hữu hạn một thành viên,"Tầng thượng 792 Nguyễn Kiệm, Phường 3, Quận Gò Vấp, Thành phố Hồ Chí Minh, Việt Nam",Quận Gò Vấp,"4631: Bán buôn gạo, lúa mỳ, hạt ngũ cốc khác, bột mỳ-(thực hiện theo quyết định 64/2009/QĐ-UBND ngày 31/07/2009 và quyết định số 79/2009/QĐ-UBND ngày 17/10/2009 của Ủy ban nhân dân TP. Hồ Chí Minh về ",internet
316687854,CÔNG TY TNHH THƯƠNG MẠI VÀ ĐẦU TƯ NIA SOUND VIỆT NAM,CÔNG TY TNHH THƯƠNG MẠI VÀ ĐẦU,Công ty trách nhiệm hữu hạn hai thành viên trở lên,"237/96G Phạm Văn Chiêu, Phường 14, Quận Gò Vấp, Thành phố Hồ Chí Minh, Việt Nam",Quận Gò Vấp,"4610: Đại lý, môi giới, đấu giá hàng hóa-Chi tiết: Đại lý mua bán hàng hóa, ký gửi hàng hóa (trừ môi giới bất động sản);9000: Hoạt động sáng tác, nghệ thuật và giải trí-(không thực hiện các hiệu ứng c",internet
316682221,CÔNG TY TNHH SONG KHANH GROUP,CÔNG TY TNHH SONG KHANH GROUP,Công ty trách nhiệm hữu hạn hai thành viên trở lên,"49/69/27 Đường số 51, Phường 14, Quận Gò Vấp, Thành phố Hồ Chí Minh, Việt Nam",Quận Gò Vấp,"1811: In ấn-(trừ in, tráng bao bì kim loại và in trên các sản phẩm vải, sợi, dệt, may, đan tại trụ sở);1812: Dịch vụ liên quan đến in-;3290: Sản xuất khác chưa được phân vào đâu-Chi tiết: Gia công cắt",internet
316688946,CÔNG TY TNHH MTV ĐẦU TƯ THƯƠNG MẠI DỊCH VỤ THIÊN LONG,CÔNG TY TNHH MTV ĐẦU TƯ THƯƠNG,Công ty trách nhiệm hữu hạn một thành viên,"302/15/15 Phan Huy Ích , Phường 12, Quận Gò Vấp, Thành phố Hồ Chí Minh, Việt Nam",Quận Gò Vấp,"1811: In ấn-Chi tiết: In ấn tem, nhãn hàng hóa;1812: Dịch vụ liên quan đến in-;4610: Đại lý, môi giới, đấu giá hàng hóa-Chi tiết: Đại lý bán hàng hóa; Môi giới mua bán hàng hóa;4620: Bán buôn nông, lâ",internet
316690078,CÔNG TY TNHH SẢN XUẤT THƯƠNG MẠI VINUS CARE,CÔNG TY TNHH SẢN XUẤT THƯƠNG M,Công ty trách nhiệm hữu hạn hai thành viên trở lên,"204/8D Khu A Z751 Đường Thống Nhất, Phường 10, Quận Gò Vấp, Thành phố Hồ Chí Minh, Việt Nam",Quận Gò Vấp,"4781: Bán lẻ lương thực, thực phẩm, đồ uống, thuốc lá, thuốc lào lưu động hoặc tại chợ-(Thực hiện theo Quyết định số 64/2009/QĐ-UBND ngày 31/7/2009 và Quyết định số 79/2009/QĐ-UBND ngày 17/10/2009 của",internet
316691667,CÔNG TY TNHH XÂY DỰNG GIA VĨ,CÔNG TY TNHH XÂY DỰNG GIA VĨ,Công ty trách nhiệm hữu hạn một thành viên,"Số 220/48/29 Đường số 10, Phường 9, Quận Gò Vấp, Thành phố Hồ Chí Minh, Việt Nam",Quận Gò Vấp,4101: Xây dựng nhà để ở-;4102: Xây dựng nhà không để ở-;4211: Xây dựng công trình đường sắt-;4212: Xây dựng công trình đường bộ-;4311: Phá dỡ-;4312: Chuẩn bị mặt bằng-;4321: Lắp đặt hệ thống điện-(trừ,internet
316694763,CÔNG TY CỔ PHẦN ZEN APP,CÔNG TY CỔ PHẦN ZEN APP,Công ty cổ phần,"59 Trần Thị Nghỉ, Phường 7, Quận Gò Vấp, Thành phố Hồ Chí Minh, Việt Nam",Quận Gò Vấp,"1392: Sản xuất hàng dệt sẵn (trừ trang phục)-(trừ tẩy, nhuộm, hồ, in trên các sản phẩm vải, sợi, dệt, may, đan và gia công hàng đã qua sử dụng tại trụ sở);1393: Sản xuất thảm, chăn, đệm-(trừ tẩy, nhuộ",internet
316698782,CÔNG TY CỔ PHẦN TRUYỀN THÔNG THIÊN AN T&C,CÔNG TY CỔ PHẦN TRUYỀN THÔNG T,Công ty cổ phần,"Số 3 Đường số 7, Khu dân cư CityLand, Phường 7, Quận Gò Vấp, Thành phố Hồ Chí Minh, Việt Nam",Quận Gò Vấp,"5912: Hoạt động hậu kỳ-(trừ sản xuất phim, phát sóng và không thực hiện các hiệu ứng cháy, nổ; không sử dụng chất nổ, chất cháy, hóa chất làm đạo cụ, dụng cụ thực hiện các chương trình văn nghệ, sự ki",internet
316692935,CÔNG TY CỔ PHẦN THƯƠNG MẠI VÀ GIÁO DỤC GRAPHIC EXPRESS,CÔNG TY CỔ PHẦN THƯƠNG MẠI VÀ ,Công ty cổ phần,"Số 100 Bùi Văn Là, Phường 12, Quận Gò Vấp, Thành phố Hồ Chí Minh, Việt Nam",Quận Gò Vấp,6399: Dịch vụ thông tin khác chưa được phân vào đâu-Chi tiết: Các dịch vụ thông tin qua điện thoại; Các dịch vụ tìm kiếm thông tin thông qua hợp đồng hay trên cơ sở phí; Cung cấp dịch vụ gia tăng trên,internet
316700262,CÔNG TY TNHH ĐIỆN TỬ TIN AN,CÔNG TY TNHH ĐIỆN TỬ TIN AN,Công ty trách nhiệm hữu hạn một thành viên,"142/8/14 Lê Lợi, Phường 4, Quận Gò Vấp, Thành phố Hồ Chí Minh, Việt Nam",Quận Gò Vấp,"4651: Bán buôn máy vi tính, thiết bị ngoại vi và phần mềm-;4652: Bán buôn thiết bị và linh kiện điện tử, viễn thông-Chi tiết: Bán buôn điện thoại, Bán buôn thiết bị và linh kiện điện tử, viễn thông;46",internet
316702661,CÔNG TY TNHH THE M&M FAMILY,CÔNG TY TNHH THE MM FAMILY,Công ty trách nhiệm hữu hạn một thành viên,"Số 29 Đường số 4, Phường 11, Quận Gò Vấp, Thành phố Hồ Chí Minh, Việt Nam",Quận Gò Vấp,7990: Dịch vụ đặt chỗ và các dịch vụ hỗ trợ liên quan đến quảng bá và tổ chức tua du lịch-;7912: Điều hành tua du lịch-;7911: Đại lý du lịch-;8559: Giáo dục khác chưa được phân vào đâu-Chi tiết: Dạy n,internet
316705038,CÔNG TY TNHH CHÂN TRỜI TƯƠNG LAI,CÔNG TY TNHH CHÂN TRỜI TƯƠNG L,Công ty trách nhiệm hữu hạn một thành viên,"109 Đường Số 30, Phường 6, Quận Gò Vấp, Thành phố Hồ Chí Minh, Việt Nam",Quận Gò Vấp,"3320: Lắp đặt máy móc và thiết bị công nghiệp-;4722: Bán lẻ thực phẩm trong các cửa hàng chuyên doanh-;4723: Bán lẻ đồ uống trong các cửa hàng chuyên doanh-;4741: Bán lẻ máy vi tính, thiết bị ngoại vi",internet
316705165,CÔNG TY TNHH DTH SOFTWARE,CÔNG TY TNHH DTH SOFTWARE,Công ty trách nhiệm hữu hạn một thành viên,"61/1 Đường Lê Đức Thọ, Phường 15, Quận Gò Vấp, Thành phố Hồ Chí Minh, Việt Nam",Quận Gò Vấp,"4610: Đại lý, môi giới, đấu giá hàng hóa-Chi tiết: Đại lý; Môi giới hàng hóa;4791: Bán lẻ theo yêu cầu đặt hàng qua bưu điện hoặc internet-(trừ bán lẻ khí dầu mỏ hóa lỏng LPG, bình gas, hó",software
316703866,CÔNG TY TNHH SUPPLY SOURCE,CÔNG TY TNHH SUPPLY SOURCE,Công ty trách nhiệm hữu hạn một thành viên,"125/12/8 Lê Hoàng Phái  , Phường 17, Quận Gò Vấp, Thành phố Hồ Chí Minh, Việt Nam",Quận Gò Vấp,"4663: Bán buôn vật liệu, thiết bị lắp đặt khác trong xây dựng-;4772: Bán lẻ thuốc, dụng cụ y tế, mỹ phẩm và vật phẩm vệ sinh trong các cửa hàng chuyên doanh-;6810: Kinh doanh bất động sản, quyền sử dụ",internet
316706063,CÔNG TY TNHH THƯƠNG MẠI MISE GROUPS,CÔNG TY TNHH THƯƠNG MẠI MISE G,Công ty trách nhiệm hữu hạn một thành viên,"171 Đường Số 9, Phường 9, Quận Gò Vấp, Thành phố Hồ Chí Minh, Việt Nam",Quận Gò Vấp,"4649: Bán buôn đồ dùng khác cho gia đình-;4772: Bán lẻ thuốc, dụng cụ y tế, mỹ phẩm và vật phẩm vệ sinh trong các cửa hàng chuyên doanh-Chi tiết: Bán lẻ nước hoa, mỹ phẩm và vật phẩm vệ sinh trong các",internet
316706715,CÔNG TY TNHH KHUÔN MẪU CHÍNH XÁC SƠ NHẤT,CÔNG TY TNHH KHUÔN MẪU CHÍNH X,Công ty trách nhiệm hữu hạn hai thành viên trở lên,"Số 29/34 Lê Đức Thọ, Phường 7, Quận Gò Vấp, Thành phố Hồ Chí Minh, Việt Nam",Quận Gò Vấp,"3312: Sửa chữa máy móc, thiết bị-;3313: Sửa chữa thiết bị điện tử và quang học-;3314: Sửa chữa thiết bị điện-;3319: Sửa chữa thiết bị khác-;3320: Lắp đặt máy móc và thiết bị công nghiệp-;4610: Đại lý,",internet
316704316,CÔNG TY TNHH THƯƠNG MẠI DỊCH VỤ NÔNG SẢN TAM PHÚ NÔNG,CÔNG TY TNHH THƯƠNG MẠI DỊCH V,Công ty trách nhiệm hữu hạn hai thành viên trở lên,"Số 778/42/46 Thống Nhất, Phường 15, Quận Gò Vấp, Thành phố Hồ Chí Minh, Việt Nam",Quận Gò Vấp,0123: Trồng cây điều-(không hoạt động tại trụ sở);0124: Trồng cây hồ tiêu-(không hoạt động tại trụ sở);0125: Trồng cây cao su-(không hoạt động tại trụ sở);0126: Trồng cây cà phê-(không hoạt động tại t,internet
316705983,CÔNG TY TNHH THIẾT BỊ HDT,CÔNG TY TNHH THIẾT BỊ HDT,Công ty trách nhiệm hữu hạn một thành viên,"145/56 Trần Bá Giao, Phường 5, Quận Gò Vấp, Thành phố Hồ Chí Minh, Việt Nam",Quận Gò Vấp,"4659: Bán buôn máy móc, thiết bị và phụ tùng máy khác-(trừ máy vi tính và thiết bị ngoại vi);4653: Bán buôn máy móc, thiết bị và phụ tùng máy nông nghiệp-;4663: Bán buôn vật liệu, thiết bị lắp đặt khá",internet
316708367,CÔNG TY TNHH MỘT THÀNH VIÊN RANDOM STORE VN,CÔNG TY TNHH MỘT THÀNH VIÊN RA,Công ty trách nhiệm hữu hạn một thành viên,"25/12/7 đường Bùi Quang Là, Phường 12, Quận Gò Vấp, Thành phố Hồ Chí Minh, Việt Nam",Quận Gò Vấp,"4741: Bán lẻ máy vi tính, thiết bị ngoại vi, phần mềm và thiết bị viễn thông trong các cửa hàng chuyên doanh-;4791: Bán lẻ theo yêu cầu đặt hàng qua bưu điện hoặc internet-(trừ bán lẻ bình gas, khí dầ",internet
316708254,CÔNG TY CỔ PHẦN ĐẦU TƯ THƯƠNG MẠI XUẤT NHẬP KHẨU QUỐC TẾ BÌNH MINH,CÔNG TY CỔ PHẦN ĐẦU TƯ THƯƠNG ,Công ty cổ phần,"362/25/36 Phan Huy Ích, Phường 12, Quận Gò Vấp, Thành phố Hồ Chí Minh, Việt Nam",Quận Gò Vấp,"4649: Bán buôn đồ dùng khác cho gia đình-(trừ kinh doanh dược phẩm);4669: Bán buôn chuyên doanh khác chưa được phân vào đâu-Chi tiết: Bán buôn hệ thống pin, điện thu nạp năng lượng mặt trời; tấm pin n",internet
316712074,CÔNG TY TNHH THƯƠNG MẠI DỊCH VỤ MÁY TÍNH RAINBOW,CÔNG TY TNHH THƯƠNG MẠI DỊCH,Công ty trách nhiệm hữu hạn một thành viên,"374 Nguyễn Thái Sơn, Phường 5, Quận Gò Vấp, Thành phố Hồ Chí Minh, Việt Nam",Quận Gò Vấp,"4651: Bán buôn máy vi tính, thiết bị ngoại vi và phần mềm-;4652: Bán buôn thiết bị và linh kiện điện tử, viễn thông-;6201: Lập trình máy vi tính-;6202: Tư vấn máy vi tính và quản trị hệ thống máy vi t",internet
316711088,CÔNG TY TNHH THƯƠNG MẠI DỊCH VỤ BÁCH UYÊN,CÔNG TY TNHH THƯƠNG MẠI DỊCH V,Công ty trách nhiệm hữu hạn hai thành viên trở lên,"1001/8 Nguyễn Kiệm, Phường 3, Quận Gò Vấp, Thành phố Hồ Chí Minh, Việt Nam",Quận Gò Vấp,"4101: Xây dựng nhà để ở-;4102: Xây dựng nhà không để ở-;4211: Xây dựng công trình đường sắt-;4212: Xây dựng công trình đường bộ-;4221: Xây dựng công trình điện-(Doanh nghiệp không cung cấp hàng hóa, d",internet
316712476,CÔNG TY CP 3P HEALTHCARE TECHNOLOGY,CÔNG TY CP 3P HEALTHCARE TECHN,Công ty cổ phần,"101 Đường số 3, Khu dân cư Cityland, Phường 10, Quận Gò Vấp, Thành phố Hồ Chí Minh, Việt Nam",Quận Gò Vấp,"7020: Hoạt động tư vấn quản lý-(trừ tư vấn tài chính, kế toán và pháp luật);6201: Lập trình máy vi tính-Chi tiết: sản xuất phần mềm;6202: Tư vấn máy vi tính và quản trị hệ thống máy vi tính-;6209: Hoạ",technology
316709843,CÔNG TY CỔ PHẦN DỊCH VỤ ĐẦU TƯ PHÚC AN PHÁT,CÔNG TY CỔ PHẦN DỊCH VỤ ĐẦU TƯ,Công ty cổ phần,"61/59/7 Đường số 59, Phường 14, Quận Gò Vấp, Thành phố Hồ Chí Minh, Việt Nam",Quận Gò Vấp,"4690: Bán buôn tổng hợp-(Trừ bán buôn bình gas, hóa chất, súng, đạn loại dùng đi săn hoặc thể thao và tiền kim khí và thực hiện theo Quyết định 64/2009/QĐ-UBND ngày 31/07/2009 của Ủy ban nhân dân TP. ",internet
316717266,CÔNG TY TNHH WOOJIN HIGH TEC,CÔNG TY TNHH WOOJIN HIGH TEC,Công ty trách nhiệm hữu hạn một thành viên,"86/34/3, Đường Số 14, Phường 8, Quận Gò Vấp, Thành phố Hồ Chí Minh, Việt Nam",Quận Gò Vấp,"1410: May trang phục (trừ trang phục từ da lông thú)-(trừ tẩy, nhuộm, hồ, in trên các sản phẩm vải sợi, dệt, may đan và không gia công hàng đã qua sử dụng, thuộc da, luyện cán cao su tại trụ sở);4751:",internet
316718816,CÔNG TY TNHH CÔNG NGHỆ DU LỊCH HỒNG VINH,CÔNG TY TNHH CÔNG NGHỆ DU LỊCH,Công ty trách nhiệm hữu hạn một thành viên,"Số 10 Đường số 11, KDC Cityland Park Hill, Phường 10, Quận Gò Vấp, Thành phố Hồ Chí Minh, Việt Nam",Quận Gò Vấp,"8230: Tổ chức giới thiệu và xúc tiến thương mại-Chi tiết: Tổ chức hội nghị, sự kiện (không thực hiện các hiệu ứng cháy, nổ; không sử dụng chất nổ, chất cháy, hóa chất làm đạo cụ, dụng cụ thực hiện các",internet
316718982,CÔNG TY TNHH MAHOROBA,CÔNG TY TNHH MAHOROBA,Công ty trách nhiệm hữu hạn một thành viên,"688/89 Lê Đức Thọ, Phường 15, Quận Gò Vấp, Thành phố Hồ Chí Minh, Việt Nam",Quận Gò Vấp,4633: Bán buôn đồ uống-;5629: Dịch vụ ăn uống khác-;5630: Dịch vụ phục vụ đồ uống-(trừ hoạt động quán bar và quán giải khát có khiêu vũ);4632: Bán buôn thực phẩm-(không hoạt động tại trụ sở);5610: Nhà,internet
316721784,CÔNG TY TNHH CÔNG NGHỆ HUY HOÀNG MOBILE,CÔNG TY TNHH CÔNG NGHỆ HUY HOÀ,Công ty trách nhiệm hữu hạn một thành viên,"Số 429 Quang Trung, Phường 10, Quận Gò Vấp, Thành phố Hồ Chí Minh, Việt Nam",Quận Gò Vấp,"4101: Xây dựng nhà để ở-;4102: Xây dựng nhà không để ở-;4211: Xây dựng công trình đường sắt-;4212: Xây dựng công trình đường bộ-;6820: Tư vấn, môi giới, đấu giá bất động sản, đấu giá quyền sử dụng đất",internet
316720967,CÔNG TY CỔ PHẦN KIẾN TRÚC XÂY DỰNG ĐẤT MỘC,CÔNG TY CỔ PHẦN KIẾN TRÚC XÂY ,Công ty cổ phần,"142 Nguyễn Văn Công, Phường 3, Quận Gò Vấp, Thành phố Hồ Chí Minh, Việt Nam",Quận Gò Vấp,"1610: Cưa, xẻ, bào gỗ và bảo quản gỗ-;1621: Sản xuất gỗ dán, gỗ lạng, ván ép và ván mỏng khác-Chi tiết: Sản xuất gỗ lạng, ván mỏng và các loại ván, tấm mỏng bằng gỗ tương tự; Sản xuất gỗ mảnh hoặc gỗ ",internet
316725073,CÔNG TY TNHH DỊCH VỤ KỸ THUẬT VÀ XÂY DỰNG TNA,CÔNG TY TNHH DỊCH VỤ KỸ THUẬT ,Công ty trách nhiệm hữu hạn một thành viên,"465/18/5 Nguyễn Văn Công, Phường 3, Quận Gò Vấp, Thành phố Hồ Chí Minh, Việt Nam",Quận Gò Vấp,6201: Lập trình máy vi tính-;7110: Hoạt động kiến trúc và tư vấn kỹ thuật có liên quan-;4101: Xây dựng nhà để ở-;4102: Xây dựng nhà không để ở-;4221: Xây dựng công trình điện-(Doanh nghiệp không cung ,internet
316728437,CÔNG TY TNHH THƯƠNG MẠI QUẢNG CÁO KHANG GIA,CÔNG TY TNHH THƯƠNG MẠI QUẢNG ,Công ty trách nhiệm hữu hạn một thành viên,"256/42/1H Phan Huy Ích, Phường 12, Quận Gò Vấp, Thành phố Hồ Chí Minh, Việt Nam",Quận Gò Vấp,"4773: Bán lẻ hàng hóa khác mới trong các cửa hàng chuyên doanh-Chi tiết: Bán lẻ hàng lưu niệm, hàng đan lát, hàng thủ công mỹ nghệ;1811: In ấn-(trừ in tráng bao bì kim loại và trừ in trên các sản phẩm",internet
316735106,CÔNG TY TNHH OMNI YOGA,CÔNG TY TNHH OMNI YOGA,Công ty trách nhiệm hữu hạn một thành viên,"242/14 Thống Nhất, Phường 10, Quận Gò Vấp, Thành phố Hồ Chí Minh, Việt Nam",Quận Gò Vấp,"8551: Giáo dục thể thao và giải trí-Dạy yoga (trừ hoạt động của các sàn nhảy);4791: Bán lẻ theo yêu cầu đặt hàng qua bưu điện hoặc internet-(trừ bán lẻ hóa chất, khí dầu mỏ hóa lỏng LPG, dầu nhớt cặn,",internet
316738266,CÔNG TY TNHH LOEWY BRAND,CÔNG TY TNHH LOEWY BRAND,Công ty trách nhiệm hữu hạn một thành viên,"Số nhà 310/40 Đường Phạm Văn Chiêu, Phường 9, Quận Gò Vấp, Thành phố Hồ Chí Minh, Việt Nam",Quận Gò Vấp,"8299: Hoạt động dịch vụ hỗ trợ kinh doanh khác còn lại chưa được phân vào đâu-(Không bao gồm hoạt động đấu giá tài sản, dịch vụ lấy lại tài sản, máy thu tiền xu đỗ xe, hoạt động đấu giá độc lập, quản ",internet
316737329,CÔNG TY TNHH THƯƠNG MẠI - DỊCH VỤ CÔNG NGHỆ HOÀNG TRUNG,CÔNG TY TNHH THƯƠNG MẠI  DỊCH ,Công ty trách nhiệm hữu hạn hai thành viên trở lên,"156/22 Lê Văn Thọ, Phường 11, Quận Gò Vấp, Thành phố Hồ Chí Minh, Việt Nam",Quận Gò Vấp,"7110: Hoạt động kiến trúc và tư vấn kỹ thuật có liên quan-Chi tiết: Giám sát thi công xây dựng: lắp đặt thiết bị, công nghệ nhiệt. Thiết kế lắp đặt thiết bị, hệ thống thông gió, cấp nhiệt, điều hòa kh",internet
316739693,CÔNG TY TNHH GIẢI PHÁP CÔNG NGHỆ HTN,CÔNG TY TNHH GIẢI PHÁP CÔNG NG,Công ty trách nhiệm hữu hạn một thành viên,"440/13/216 Thống Nhất, Phường 16, Quận Gò Vấp, Thành phố Hồ Chí Minh, Việt Nam",Quận Gò Vấp,"6202: Tư vấn máy vi tính và quản trị hệ thống máy vi tính-Chi tiết: Hoạt động lập và thiết kế các hệ thống máy tính tích hợp các phần cứng, phần mềm máy tính và công nghệ giao tiếp; Quản lý và điều hà",internet
316738555,CÔNG TY TNHH THƯƠNG MẠI DỊCH VỤ KALE,CÔNG TY TNHH THƯƠNG MẠI DỊCH V,Công ty trách nhiệm hữu hạn một thành viên,"1296 Quang Trung, Phường 14, Quận Gò Vấp, Thành phố Hồ Chí Minh, Việt Nam",Quận Gò Vấp,"4791: Bán lẻ theo yêu cầu đặt hàng qua bưu điện hoặc internet-(trừ bán lẻ bình gas, khí dầu mỏ hóa lỏng LPG, dầu nhớt cặn, vàng miếng, hóa chất, súng, đạn loại dùng đi săn hoặc thể thao và",internet
316740145,CÔNG TY TNHH CÔNG NGHỆ VÀ TRUYỀN THÔNG Z AGENCY,CÔNG TY TNHH CÔNG NGHỆ VÀ TRUY,Công ty trách nhiệm hữu hạn một thành viên,"Số 46 Đường số 51, Phường 14, Quận Gò Vấp, Thành phố Hồ Chí Minh, Việt Nam",Quận Gò Vấp,"4649: Bán buôn đồ dùng khác cho gia đình-Chi tiết: - Bán buôn vali, cặp, túi, ví, hàng da và giả da khác;
-	Bán buôn nước hoa, hàng mỹ phẩm và chế phẩm vệ sinh;
-	Bán buôn hàng gốm, sứ, thủy tinh;
-	B",internet
316740473,CÔNG TY TNHH THƯƠNG MẠI DỊCH VỤ KỸ THUẬT MTP,CÔNG TY TNHH THƯƠNG MẠI DỊCH V,Công ty trách nhiệm hữu hạn một thành viên,"182/63, Đường Lê Đức Thọ, Phường 6, Quận Gò Vấp, Thành phố Hồ Chí Minh, Việt Nam",Quận Gò Vấp,"4651: Bán buôn máy vi tính, thiết bị ngoại vi và phần mềm-;4652: Bán buôn thiết bị và linh kiện điện tử, viễn thông-;4659: Bán buôn máy móc, thiết bị và phụ tùng máy khác-chi tiết: Bán buôn thiết bị p",internet
316742022,CÔNG TY TNHH SUNOVA NEW ENERGY,CÔNG TY TNHH SUNOVA NEW ENERGY,Công ty trách nhiệm hữu hạn một thành viên,"350/146/2C Nguyễn Văn Lượng, Phường 16, Quận Gò Vấp, Thành phố Hồ Chí Minh, Việt Nam",Quận Gò Vấp,"4102: Xây dựng nhà không để ở-Chi tiết: Thi công xây dựng các công trình kỹ thuật dân dụng (CPC 513); 4759: Bán lẻ đồ điện gia dụng, giường, tủ, bàn, ghế và đồ nội thất tương tự, đèn và bộ đèn điện, đ",internet
316736614,CÔNG TY TNHH SẢN XUẤT PHỤ LIỆU SÀI GÒN,CÔNG TY TNHH SẢN XUẤT PHỤ LIỆU,Công ty trách nhiệm hữu hạn một thành viên,"Số 269/34/5 Phan Huy Ích, Phường 14, Quận Gò Vấp, Thành phố Hồ Chí Minh, Việt Nam",Quận Gò Vấp,"1391: Sản xuất vải dệt kim, vải đan móc và vải không dệt khác-;1392: Sản xuất hàng dệt sẵn (trừ trang phục)-Chi tiết: Sản xuất hàng may sẵn, gia công hàng may mặc;9620: Giặt là, làm sạch các sản phẩm ",internet
316741558,CÔNG TY TNHH THƯƠNG MẠI ĐẦU TƯ HT GROUP,CÔNG TY TNHH THƯƠNG MẠI ĐẦU TƯ,Công ty trách nhiệm hữu hạn một thành viên,"102 Đường số 10, Phường 10, Quận Gò Vấp, Thành phố Hồ Chí Minh, Việt Nam",Quận Gò Vấp,"7410: Hoạt động thiết kế chuyên dụng-;4690: Bán buôn tổng hợp-(trừ bán buôn bình gas, khí dầu mỏ hóa lỏng LPG, dầu nhớt cặn, vàng miếng, súng, đạn loại dùng đi săn hoặc thể thao và tiền kim khí; trừ b",internet
316743562,CÔNG TY TNHH XUẤT NHẬP KHẨU SÀI GÒN NEW,CÔNG TY TNHH XUẤT NHẬP KHẨU SÀ,Công ty trách nhiệm hữu hạn một thành viên,"Số 117/5 tổ dân phố 5, Đường Phạm Văn Đồng, Phường 3, Quận Gò Vấp, Thành phố Hồ Chí Minh, Việt Nam",Quận Gò Vấp,"4620: Bán buôn nông, lâm sản nguyên liệu (trừ gỗ, tre, nứa) và động vật sống-(không hoạt động tại trụ sở);4632: Bán buôn thực phẩm-(không hoạt động tại trụ sở);4773: Bán lẻ hàng hóa khác mới trong các",internet
316744502,CÔNG TY CỔ PHẦN THƯƠNG MẠI VÀ DỊCH VỤ GRANDCARE,CÔNG TY CỔ PHẦN THƯƠNG MẠI VÀ ,Công ty cổ phần,"Số 75 Đường số 9, Phường 9, Quận Gò Vấp, Thành phố Hồ Chí Minh, Việt Nam",Quận Gò Vấp,"4690: Bán buôn tổng hợp-(trừ bán buôn hóa chất, khí dầu mỏ hóa lỏng LPG, dầu nhớt cặn, vàng miếng, súng, đạn loại dùng đi săn hoặc thể thao và tiền kim khí; Thực hiện theo Quyết định 64/2009/QĐ-UBND n",internet
316744686,CÔNG TY TNHH THƯƠNG MẠI NGUYỄN HỒNG HẠNH,CÔNG TY TNHH THƯƠNG MẠI NGUYỄN,Công ty trách nhiệm hữu hạn một thành viên,"876/1 Thống Nhất, Phường 15, Quận Gò Vấp, Thành phố Hồ Chí Minh, Việt Nam",Quận Gò Vấp,4632: Bán buôn thực phẩm-(không hoạt động tại trụ sở);5621: Cung cấp dịch vụ ăn uống theo hợp đồng không thường xuyên với khách hàng-;5629: Dịch vụ ăn uống khác-(trừ hoạt động quán bar và quán giải kh,internet
316744439,CÔNG TY TNHH GIẢI PHÁP CÔNG NGHỆ PHƯƠNG NAM HCM,CÔNG TY TNHH GIẢI PHÁP CÔNG NG,Công ty trách nhiệm hữu hạn hai thành viên trở lên,"số 101 đường số 7, KDC city Land Center Hill, Phường 7, Quận Gò Vấp, Thành phố Hồ Chí Minh, Việt Nam",Quận Gò Vấp,6201: Lập trình máy vi tính-Chi tiết: sản xuất phần mềm;6202: Tư vấn máy vi tính và quản trị hệ thống máy vi tính-;6209: Hoạt động dịch vụ công nghệ thông tin và dịch vụ khác liên quan đến máy vi tính,internet
316748401,CÔNG TY TNHH CÔNG NGHỆ VÀ DỊCH VỤ TELEKING VIỆT NAM,CÔNG TY TNHH CÔNG NGHỆ VÀ DỊCH,Công ty trách nhiệm hữu hạn hai thành viên trở lên,"Số 32-34 Đường số 11, KDC Cityland, Phường 10, Quận Gò Vấp, Thành phố Hồ Chí Minh, Việt Nam",Quận Gò Vấp,"4669: Bán buôn chuyên doanh khác chưa được phân vào đâu-(trừ bán buôn hóa chất, khí dầu mỏ hóa lỏng LPG, dầu nhớt cặn, vàng miếng, súng, đạn loại dùng đi săn hoặc thể thao và tiền kim khí; Thực hiện t",internet
316752126,CÔNG TY TNHH BẾP NHÀ AN,CÔNG TY TNHH BẾP NHÀ AN,Công ty trách nhiệm hữu hạn một thành viên,"226/66 Đường Nguyễn Văn Lượng, Phường 17, Quận Gò Vấp, Thành phố Hồ Chí Minh, Việt Nam",Quận Gò Vấp,"4742: Bán lẻ thiết bị nghe nhìn trong các cửa hàng chuyên doanh-;4631: Bán buôn gạo, lúa mỳ, hạt ngũ cốc khác, bột mỳ-(không hoạt động tại trụ sở);9639: Hoạt động dịch vụ phục vụ cá nhân khác còn lại ",internet
316751549,CÔNG TY TNHH WEB SOFT SOLUTIONS,CÔNG TY TNHH WEB SOFT SOLUTION,Công ty trách nhiệm hữu hạn một thành viên,"566/187/77 Nguyễn Thái Sơn, Phường 5, Quận Gò Vấp, Thành phố Hồ Chí Minh, Việt Nam",Quận Gò Vấp,"4651: Bán buôn máy vi tính, thiết bị ngoại vi và phần mềm-;6201: Lập trình máy vi tính-- Chi tiết: Sản xuất phần mềm, lập trình máy vi tính, lập trình phần mềm, thiết kế lập trình Website;6202: Tư vấn",internet
316751891,CÔNG TY TNHH DỊCH VỤ THƯƠNG MẠI HIẾU VƯƠNG,CÔNG TY TNHH DỊCH VỤ THƯƠNG MẠ,Công ty trách nhiệm hữu hạn hai thành viên trở lên,"525/1/10H Quang Trung, Phường 10, Quận Gò Vấp, Thành phố Hồ Chí Minh, Việt Nam",Quận Gò Vấp,"5913: Hoạt động phát hành phim điện ảnh, phim video và chương trình truyền hình-Chi tiết: Hoạt động phát hành phim điện ảnh (trừ các hoạt động trong lĩnh vực có sử dụng chất nổ, chất cháy, hóa chất, l",internet
316753190,CÔNG TY TNHH CƠ ĐIỆN ACT,CÔNG TY TNHH CƠ ĐIỆN ACT,Công ty trách nhiệm hữu hạn hai thành viên trở lên,"46 Nguyễn Bỉnh Khiêm, Phường 1, Quận Gò Vấp, Thành phố Hồ Chí Minh, Việt Nam",Quận Gò Vấp,"4390: Hoạt động xây dựng chuyên dụng khác-Chi tiết: - Hoạt động xây dựng chuyên dụng trong một bộ phận thông thường khác nhau về thể loại cấu trúc, yêu cầu phải có kỹ năng riêng chuyên sâu hoặc phải c",internet
316756353,CÔNG TY TNHH BRIGHT LIFE,CÔNG TY TNHH BRIGHT LIFE,Công ty trách nhiệm hữu hạn hai thành viên trở lên,"18/72 Đường số 3, Phường 9, Quận Gò Vấp, Thành phố Hồ Chí Minh, Việt Nam",Quận Gò Vấp,"4632: Bán buôn thực phẩm-(không hoạt động tại trụ sở);4633: Bán buôn đồ uống-;4641: Bán buôn vải, hàng may mặc, giày dép-;4649: Bán buôn đồ dùng khác cho gia đình-(không hoạt động tại trụ sở);4659: Bá",internet
316755751,CÔNG TY TNHH GOLDEN FAMILY,CÔNG TY TNHH GOLDEN FAMILY,Công ty trách nhiệm hữu hạn một thành viên,"91/22/4 Phạm Văn Chiêu , Phường 14, Quận Gò Vấp, Thành phố Hồ Chí Minh, Việt Nam",Quận Gò Vấp,"4771: Bán lẻ hàng may mặc, giày dép, hàng da và giả da trong các cửa hàng chuyên doanh-chi tiết: Bán lẻ hàng may mặc, giày dép , chăn, gối, ga trải giường.;5210: Kho bãi và lưu giữ hàng hóa-Chi tiết: ",internet
316758495,CÔNG TY TNHH AUSTWINDOWS,CÔNG TY TNHH AUSTWINDOWS,Công ty trách nhiệm hữu hạn một thành viên,"417/53/2 Lê Văn Thọ, Phường 9, Quận Gò Vấp, Thành phố Hồ Chí Minh, Việt Nam",Quận Gò Vấp,"3320: Lắp đặt máy móc và thiết bị công nghiệp-;4299: Xây dựng công trình kỹ thuật dân dụng khác-;4321: Lắp đặt hệ thống điện-;4322: Lắp đặt hệ thống cấp, thoát nước, hệ thống sưởi và điều hoà không kh",internet
316760494,CÔNG TY TNHH MINH CHÍNH E-COMMERCE,CÔNG TY TNHH MINH CHÍNH ECOMME,Công ty trách nhiệm hữu hạn một thành viên,"592 Phan Văn Trị, Phường 7, Quận Gò Vấp, Thành phố Hồ Chí Minh, Việt Nam",Quận Gò Vấp,6201: Lập trình máy vi tính-;6202: Tư vấn máy vi tính và quản trị hệ thống máy vi tính-;6209: Hoạt động dịch vụ công nghệ thông tin và dịch vụ khác liên quan đến máy vi tính-Chi tiết: Khắc phục sự cố ,internet
316761723,CÔNG TY TNHH LIKIMART,CÔNG TY TNHH LIKIMART,Công ty trách nhiệm hữu hạn hai thành viên trở lên,"Số 127/18 Nguyễn Tư Giản, Phường 12, Quận Gò Vấp, Thành phố Hồ Chí Minh, Việt Nam",Quận Gò Vấp,4649: Bán buôn đồ dùng khác cho gia đình-;4721: Bán lẻ lương thực trong các cửa hàng chuyên doanh-(Thực hiện theo Quyết định số 64/2009/QĐ-UBND ngày 31/7/2009 và Quyết định số 79/2009/QĐ-UBND ngày 17/,internet
316764202,CÔNG TY TNHH CHIBELL & CHIBEST,CÔNG TY TNHH CHIBELL  CHIBEST,Công ty trách nhiệm hữu hạn một thành viên,"Số 128/4 Lê Đức Thọ, Phường 6, Quận Gò Vấp, Thành phố Hồ Chí Minh, Việt Nam",Quận Gò Vấp,"4641: Bán buôn vải, hàng may mặc, giày dép-;4719: Bán lẻ khác trong các cửa hàng kinh doanh tổng hợp-(trừ bán lẻ hóa chất, khí dầu mỏ hóa lỏng LPG, dầu nhớt cặn, vàng miếng, súng, đạn loại dùng đi săn",internet
316764058,CÔNG TY TNHH VNAGRICO,CÔNG TY TNHH VNAGRICO,Công ty trách nhiệm hữu hạn hai thành viên trở lên,"L9.3 Khu dân cư Cityland, số 6 Đường số 11, Phường 10, Quận Gò Vấp, Thành phố Hồ Chí Minh, Việt Nam",Quận Gò Vấp,"4799: Bán lẻ hình thức khác chưa được phân vào đâu-Chi tiết: Bán lẻ các loại hàng hóa bằng phương thức khác chưa kể ở trên như:
 bán trực tiếp hoặc chuyển phát theo địa chỉ; bán thông qua máy bán hàng",internet
316761628,CÔNG TY TNHH SẢN XUẤT MAY MẶC V.N.S,CÔNG TY TNHH SẢN XUẤT MAY MẶC ,Công ty trách nhiệm hữu hạn một thành viên,"203/6/13 Huỳnh Văn Nghệ, Phường 12, Quận Gò Vấp, Thành phố Hồ Chí Minh, Việt Nam",Quận Gò Vấp,"1811: In ấn-(trừ in tráng bao bì kim loại, in trên sản phẩm vải, sợi, dệt, may đan tại trụ sở).;1812: Dịch vụ liên quan đến in-(trừ in - tráng bao bì kim loại, in trên các sản phẩm vải sợi - dệt - may",internet
316766552,CÔNG TY TNHH SẢN XUẤT THƯƠNG MẠI DỊCH VỤ TIẾN PHÁT LỘC,CÔNG TY TNHH SẢN XUẤT THƯƠNG M,Công ty trách nhiệm hữu hạn một thành viên,"số 252/6G2 Phạm Văn Chiêu , Phường 9, Quận Gò Vấp, Thành phố Hồ Chí Minh, Việt Nam",Quận Gò Vấp,"4669: Bán buôn chuyên doanh khác chưa được phân vào đâu-Chi tiết: Bán buôn hoá chất công nghiệp, hoá chất sử dụng trong lĩnh vực phụ gia thực phẩm (không hoạt động tại trụ sở); Bán buôn hạt nhựa, nhựa",internet
316767210,CÔNG TY TNHH TƯ VẤN DOANH NGHIỆP SALA,CÔNG TY TNHH TƯ VẤN DOANH NGHI,Công ty trách nhiệm hữu hạn một thành viên,"141/10 Đường Số 9 , Phường 9, Quận Gò Vấp, Thành phố Hồ Chí Minh, Việt Nam",Quận Gò Vấp,"4772: Bán lẻ thuốc, dụng cụ y tế, mỹ phẩm và vật phẩm vệ sinh trong các cửa hàng chuyên doanh-Chi tiết: Bán lẻ nước hoa, mỹ phẩm và vật phẩm vệ sinh trong các cửa hàng chuyên doanh;4791: Bán lẻ theo y",internet
316771746,CÔNG TY TNHH THANG MÁY ĐẠI PHÚC DUY,CÔNG TY TNHH THANG MÁY ĐẠI PHÚ,Công ty trách nhiệm hữu hạn một thành viên,"Số 03 Đường An Hội, Phường 13, Quận Gò Vấp, Thành phố Hồ Chí Minh, Việt Nam",Quận Gò Vấp,"4321: Lắp đặt hệ thống điện-Chi tiết: Lắp đặt hệ thống điện, hệ thống phòng cháy chữa cháy, hệ thống chống trộm, hệ thống camera quan sát, hệ thống chống sét, hệ thống giám sát lối vào; Mạng máy tính,",internet
316771721,CÔNG TY TNHH THƯƠNG MẠI DỊCH VỤ VÀ ĐẦU TƯ 2N,CÔNG TY TNHH THƯƠNG MẠI DỊCH V,Công ty trách nhiệm hữu hạn hai thành viên trở lên,"417/23/44 Quang Trung, Tổ 39, Phường 10, Quận Gò Vấp, Thành phố Hồ Chí Minh, Việt Nam",Quận Gò Vấp,"1812: Dịch vụ liên quan đến in-;4633: Bán buôn đồ uống-;4663: Bán buôn vật liệu, thiết bị lắp đặt khác trong xây dựng-;4791: Bán lẻ theo yêu cầu đặt hàng qua bưu điện hoặc internet-(trừ bán lẻ hóa chấ",internet
316775388,CÔNG TY CỔ PHẦN  KHÔNG GIAN CÔNG NGHỆ SỐ,CÔNG TY CỔ PHẦN  KHÔNG GIAN CÔ,Công ty cổ phần,"Số 89 Đường số 1 Khu City Center, Phường 7, Quận Gò Vấp, Thành phố Hồ Chí Minh, Việt Nam",Quận Gò Vấp,"6110: Hoạt động viễn thông có dây-;6120: Hoạt động viễn thông không dây-;6190: Hoạt động viễn thông khác-;6201: Lập trình máy vi tính-Chi tiết:
- Hoạt động viết, sửa, thử nghiệm và trợ giúp các phần m",internet
316783269,CÔNG TY TNHH THƯƠNG MẠI SẢN XUẤT KINH DOANH THUẬN PHÚC,CÔNG TY TNHH THƯƠNG MẠI SẢN XU,Công ty trách nhiệm hữu hạn hai thành viên trở lên,"891/105 Nguyễn Kiệm, Phường 3, Quận Gò Vấp, Thành phố Hồ Chí Minh, Việt Nam",Quận Gò Vấp,"4649: Bán buôn đồ dùng khác cho gia đình-Chi tiết: Bán buôn đồ dùng cho gia đình;4659: Bán buôn máy móc, thiết bị và phụ tùng máy khác-Chi tiết: Bán buôn máy móc, thiết bị và phụ tùng máy ngành in, ke",internet
316781913,CÔNG TY TNHH THỰC PHẨM NƯỚC GIẢI KHÁT G-LIFE,CÔNG TY TNHH THỰC PHẨM NƯỚC GI,Công ty trách nhiệm hữu hạn hai thành viên trở lên,"Số 5 Đường Số 1, Phường 11, Quận Gò Vấp, Thành phố Hồ Chí Minh, Việt Nam",Quận Gò Vấp,"5610: Nhà hàng và các dịch vụ ăn uống phục vụ lưu động-Chi tiết: kinh doanh nhà hàng, dịch vụ ăn uống, giải khát (không bao gồm kinh doanh quán bar) (không hoạt động tại trụ sở);5621: Cung cấp dịch vụ",internet
316780998,CÔNG TY TNHH GIẢI PHÁP PHẦN MỀM VIESOFTWARE,CÔNG TY TNHH GIẢI PHÁP PHẦN MỀ,Công ty trách nhiệm hữu hạn một thành viên,"41 Đường Số 12, Phường 10, Quận Gò Vấp, Thành phố Hồ Chí Minh, Việt Nam",Quận Gò Vấp,"4651: Bán buôn máy vi tính, thiết bị ngoại vi và phần mềm-;4652: Bán buôn thiết bị và linh kiện điện tử, viễn thông-;4659: Bán buôn máy móc, thiết bị và phụ tùng máy khác-;4741: Bán lẻ máy vi tính, th",software
316787520,CÔNG TY TNHH THIẾT KẾ THI CÔNG XÂY DỰNG AN GIA PHÁT,CÔNG TY TNHH THIẾT KẾ THI CÔNG,Công ty trách nhiệm hữu hạn một thành viên,"385/86 Lê Văn Thọ, Phường 9, Quận Gò Vấp, Thành phố Hồ Chí Minh, Việt Nam",Quận Gò Vấp,4330: Hoàn thiện công trình xây dựng-;4390: Hoạt động xây dựng chuyên dụng khác-;4511: Bán buôn ô tô và xe có động cơ khác-;4512: Bán lẻ ô tô con (loại 9 chỗ ngồi trở xuống)-;4513: Đại lý ô tô và xe c,internet
316787640,CÔNG TY TNHH THƯƠNG MẠI ARNOLD,CÔNG TY TNHH THƯƠNG MẠI ARNOLD,Công ty trách nhiệm hữu hạn một thành viên,"29 Đường số 5, KDC Cityland Park Hill, Phường 10, Quận Gò Vấp, Thành phố Hồ Chí Minh, Việt Nam",Quận Gò Vấp,"4641: Bán buôn vải, hàng may mặc, giày dép-Chi tiết: Bán buôn quần áo và phụ kiện; Bán buôn vải, hàng may mặc, giày dép;4649: Bán buôn đồ dùng khác cho gia đình-Chi tiết: Bán buôn đồng hồ, mắt kính, đ",internet
316785139,CÔNG TY TNHH HALO CÀ PHÊ,CÔNG TY TNHH HALO CÀ PHÊ,Công ty trách nhiệm hữu hạn một thành viên,"799/22C Nguyễn Kiệm, Phường 3, Quận Gò Vấp, Thành phố Hồ Chí Minh, Việt Nam",Quận Gò Vấp,"1077: Sản xuất cà phê-Chi tiết: Rang và lọc chất caphêin cà phê; Sản xuất các sản phẩm cà phê như: cà phê hòa tan, cà phê pha phin, cà phê túi lộc, chiết xuất cà phê và cà phê cô đặc; Sản xuất các chấ",internet
316789711,CÔNG TY TNHH THƯƠNG MẠI DỊCH VỤ BẢO DUY ANH,CÔNG TY TNHH THƯƠNG MẠI DỊCH V,Công ty trách nhiệm hữu hạn hai thành viên trở lên,"465/5 Phan Văn Trị, Phường 5, Quận Gò Vấp, Thành phố Hồ Chí Minh, Việt Nam",Quận Gò Vấp,4311: Phá dỡ-;4299: Xây dựng công trình kỹ thuật dân dụng khác-;4312: Chuẩn bị mặt bằng-;4102: Xây dựng nhà không để ở-;4101: Xây dựng nhà để ở-;6619: Hoạt động hỗ trợ dịch vụ tài chính chưa được phân,internet
316787753,CÔNG TY CỔ PHẦN SHOPX,CÔNG TY CỔ PHẦN SHOPX,Công ty cổ phần,"252/6M Phạm Văn Chiêu, Khu phố 4, Phường 9, Quận Gò Vấp, Thành phố Hồ Chí Minh, Việt Nam",Quận Gò Vấp,"6312: Cổng thông tin-Chi tiết: 
- Thiết lập mạng xã hội; 
- Thiết lập trang thông tin điện tử tổng hợp;
- Thiết lập sàn giao dịch thương mại điện tử ( không bao gồm các website giao dịch chứng khoán t",internet
316793919,CÔNG TY TNHH ANINA BEAUTY,CÔNG TY TNHH ANINA BEAUTY,Công ty trách nhiệm hữu hạn một thành viên,"128 đường số 5, Phường 17, Quận Gò Vấp, Thành phố Hồ Chí Minh, Việt Nam",Quận Gò Vấp,"4649: Bán buôn đồ dùng khác cho gia đình-Chi tiết: Bán buôn nước hoa, hàng mỹ phẩm và chế phẩm vệ sinh (trừ dược phẩm);4669: Bán buôn chuyên doanh khác chưa được phân vào đâu-Chi tiết: Bán buôn dụng c",internet
316795634,CÔNG TY TNHH KỸ THUẬT VÀ THƯƠNG MẠI VŨ TRÂN,CÔNG TY TNHH KỸ THUẬT VÀ THƯƠN,Công ty trách nhiệm hữu hạn một thành viên,"A4 Phan Văn Trị, Phường 10, Quận Gò Vấp, Thành phố Hồ Chí Minh, Việt Nam",Quận Gò Vấp,"1811: In ấn-;1812: Dịch vụ liên quan đến in-;4610: Đại lý, môi giới, đấu giá hàng hóa-Chi tiết: Đại lý. Môi giới (trừ đấu giá tài sản, môi giới bất động sản);4773: Bán lẻ hàng hóa khác mới trong các c",internet
316790481,CÔNG TY TNHH VPP SÀI GÒN VINA,CÔNG TY TNHH VPP SÀI GÒN VINA,Công ty trách nhiệm hữu hạn một thành viên,"240/2/3 Phạm Văn Chiêu, Phường 9, Quận Gò Vấp, Thành phố Hồ Chí Minh, Việt Nam",Quận Gò Vấp,"1811: In ấn-Chi tiết: không in các sản phẩm vải sợi, dệt, may, đan, in tráng bao bì kim loại tại trụ sở chính;1812: Dịch vụ liên quan đến in-;4649: Bán buôn đồ dùng khác cho gia đình-;4651: Bán buôn m",internet
316796814,CÔNG TY TNHH THƯƠNG MẠI THIẾT KẾ QUẢNG CÁO HOÀI NAM,CÔNG TY TNHH THƯƠNG MẠI THIẾT ,Công ty trách nhiệm hữu hạn một thành viên,"17 Phạm Văn Đồng, Phường 3, Quận Gò Vấp, Thành phố Hồ Chí Minh, Việt Nam",Quận Gò Vấp,"1610: Cưa, xẻ, bào gỗ và bảo quản gỗ-;1621: Sản xuất gỗ dán, gỗ lạng, ván ép và ván mỏng khác-Chi tiết: Sản xuất gỗ lạng, ván mỏng và các loại ván, tấm mỏng bằng gỗ tương tự; Sản xuất gỗ mảnh hoặc gỗ ",internet
316803613,CÔNG TY TNHH NAM VƯỢNG,CÔNG TY TNHH NAM VƯỢNG,Công ty trách nhiệm hữu hạn một thành viên,"461 Quang Trung, Phường 10, Quận Gò Vấp, Thành phố Hồ Chí Minh, Việt Nam",Quận Gò Vấp,"4711: Bán lẻ lương thực, thực phẩm, đồ uống, thuốc lá, thuốc lào chiếm tỷ trọng lớn trong các cửa hàng kinh doanh tổng hợp-(Thực hiện theo Quyết định 64/2009/QĐ-UBND ngày 31/07/2009 và Quyết định 79/2",internet
316798748,CÔNG TY TNHH TƯ VẤN LUẬT LPF,CÔNG TY TNHH TƯ VẤN LUẬT LPF,Công ty trách nhiệm hữu hạn hai thành viên trở lên,"145/32 Lê Đức Thọ, Phường 17, Quận Gò Vấp, Thành phố Hồ Chí Minh, Việt Nam",Quận Gò Vấp,8220: Hoạt động dịch vụ liên quan đến các cuộc gọi-; 6612: Môi giới hợp đồng hàng hoá và chứng khoán-Chi tiết: Môi giới hợp đồng hàng hóa; 6629: Hoạt động hỗ trợ khác cho bảo hiểm và bảo hiểm xã hội-C,internet
316807054,CÔNG TY TNHH ECLO,CÔNG TY TNHH ECLO,Công ty trách nhiệm hữu hạn hai thành viên trở lên,"72 Đường số 11, cityland - Park hills, Phường 10, Quận Gò Vấp, Thành phố Hồ Chí Minh, Việt Nam",Quận Gò Vấp,2620: Sản xuất máy vi tính và thiết bị ngoại vi của máy vi tính-Chi tiết: Sản xuất thiết bị phần cứng máy tính (Không hoạt động tại trụ sở).;3290: Sản xuất khác chưa được phân vào đâu-Chi tiết: Sản xu,internet
316807336,CÔNG TY CỔ PHẦN KHỎE ĐẸP VIỆT NAM,CÔNG TY CỔ PHẦN KHỎE ĐẸP VIỆT ,Công ty cổ phần,"400-402 Nguyễn Thái Sơn, Phường 5, Quận Gò Vấp, Thành phố Hồ Chí Minh, Việt Nam",Quận Gò Vấp,"4799: Bán lẻ hình thức khác chưa được phân vào đâu-Chi tiết: Bán trực tiếp hoặc chuyển phát theo địa chỉ; bán thông qua máy bán hàng tự động (trừ bán lẻ bình gas, khí dầu mỏ hóa lỏng LPG, dầu nhớt cặn",internet
316802024,CÔNG TY TNHH PTY HOUSE,CÔNG TY TNHH PTY HOUSE,Công ty trách nhiệm hữu hạn hai thành viên trở lên,"25/16 Nguyễn Du, Phường 7, Quận Gò Vấp, Thành phố Hồ Chí Minh, Việt Nam",Quận Gò Vấp,"4791: Bán lẻ theo yêu cầu đặt hàng qua bưu điện hoặc internet-(trừ bán lẻ bình gas, hóa chất, súng, đạn loại dung đi săn hoặc thể thao, tiền kim khí và mua bán vàng miếng; thực hiện theo Quyết định 64",internet
316809679,CÔNG TY TNHH TÚ NGỌC VY,CÔNG TY TNHH TÚ NGỌC VY,Công ty trách nhiệm hữu hạn một thành viên,"965 Phan Văn Trị, Phường 7, Quận Gò Vấp, Thành phố Hồ Chí Minh, Việt Nam",Quận Gò Vấp,"4773: Bán lẻ hàng hóa khác mới trong các cửa hàng chuyên doanh-(Trừ bán lẻ bình gas, khí dầu mỏ hóa lỏng LPG, dầu nhớt cặn, vàng miếng, súng, đạn loại dùng đi săn hoặc thể thao và tiền kim khí; Không ",internet
316809118,CÔNG TY CỔ PHẦN PHÁT TRIỂN CÔNG NGHỆ HTD,CÔNG TY CỔ PHẦN PHÁT TRIỂN CÔN,Công ty cổ phần,"622 Phạm Văn Chiêu, Phường 13, Quận Gò Vấp, Thành phố Hồ Chí Minh, Việt Nam",Quận Gò Vấp,"7410: Hoạt động thiết kế chuyên dụng-Chi tiết: Hoạt động thiết kế hệ thống máy tính; hoạt động thiết kế website, đồ họa.;4651: Bán buôn máy vi tính, thiết bị ngoại vi và phần mềm-;7310: Quảng cáo-;620",internet
316806371,CÔNG TY TNHH ĐẦU TƯ KINH DOANH THƯƠNG MẠI DỊCH VỤ NAM TIẾN PHÁT,CÔNG TY TNHH ĐẦU TƯ KINH DOANH,Công ty trách nhiệm hữu hạn một thành viên,"92 Lê Đức Thọ, Phường 6, Quận Gò Vấp, Thành phố Hồ Chí Minh, Việt Nam",Quận Gò Vấp,"4652: Bán buôn thiết bị và linh kiện điện tử, viễn thông-;4651: Bán buôn máy vi tính, thiết bị ngoại vi và phần mềm-;4659: Bán buôn máy móc, thiết bị và phụ tùng máy khác-;4649: Bán buôn đồ dùng khác ",internet
316813033,CÔNG TY TNHH TƯ VẤN KHOA HỌC VÀ CÔNG NGHỆ 3K,CÔNG TY TNHH TƯ VẤN KHOA HỌC V,Công ty trách nhiệm hữu hạn một thành viên,"15/15 đường 21, Phường 8, Quận Gò Vấp, Thành phố Hồ Chí Minh, Việt Nam",Quận Gò Vấp,"7020: Hoạt động tư vấn quản lý-(trừ tư vấn tài chính, kế toán, pháp luật).;7212: Nghiên cứu khoa học và phát triển công nghệ trong lĩnh vực khoa học kỹ thuật và công nghệ-;4661: Bán buôn nhiên liệu rắ",internet
316816570,CÔNG TY TNHH TDM TUẤN ĐỨC,CÔNG TY TNHH TDM TUẤN ĐỨC,Công ty trách nhiệm hữu hạn một thành viên,"467/8 Tân Sơn, Phường 12, Quận Gò Vấp, Thành phố Hồ Chí Minh, Việt Nam",Quận Gò Vấp,"4719: Bán lẻ khác trong các cửa hàng kinh doanh tổng hợp-(Trừ bán lẻ khí dầu mỏ hóa lỏng LPG, bình gas, hóa chất, súng, đạn loại dùng đi săn hoặc thể thao và tiền kim khí và thực hiện theo quyết định ",internet
316814975,CÔNG TY TNHH PINEWOOD,CÔNG TY TNHH PINEWOOD,Công ty trách nhiệm hữu hạn một thành viên,"189/21 Đường Số 20, Phường 5, Quận Gò Vấp, Thành phố Hồ Chí Minh, Việt Nam",Quận Gò Vấp,"4771: Bán lẻ hàng may mặc, giày dép, hàng da và giả da trong các cửa hàng chuyên doanh-;4649: Bán buôn đồ dùng khác cho gia đình-;4641: Bán buôn vải, hàng may mặc, giày dép-;4669: Bán buôn chuyên doan",internet
316821468,CÔNG TY CỔ PHẦN ĐẦU TƯ CƠ KHÍ XÂY DỰNG ĐOÀN TRẦN,CÔNG TY CỔ PHẦN ĐẦU TƯ CƠ KHÍ ,Công ty cổ phần,"80/17/162 Dương Quảng Hàm, Phường 5, Quận Gò Vấp, Thành phố Hồ Chí Minh, Việt Nam",Quận Gò Vấp,"2395: Sản xuất bê tông và các sản phẩm từ bê tông, xi măng và thạch cao-(không hoạt động tại trụ sở)
Chi tiết: Sản xuất bê tông đúc sẵn, xi măng hoặc các sản phẩm đá nhân tạo sử dụng trong xây dựng nh",internet
316826233,CÔNG TY TNHH CÔNG NGHỆ CAO AGRIVINA,CÔNG TY TNHH CÔNG NGHỆ CAO AGR,Công ty trách nhiệm hữu hạn hai thành viên trở lên,"38 Đường số 4, Phường 7, Quận Gò Vấp, Thành phố Hồ Chí Minh, Việt Nam",Quận Gò Vấp,0161: Hoạt động dịch vụ trồng trọt-(không hoạt động tại trụ sở);0162: Hoạt động dịch vụ chăn nuôi-(không hoạt động tại trụ sở);0163: Hoạt động dịch vụ sau thu hoạch-(không hoạt động tại trụ sở);2012: ,internet
316828914,CÔNG TY TNHH UNIPROTEK,CÔNG TY TNHH UNIPROTEK,Công ty trách nhiệm hữu hạn hai thành viên trở lên,"527/16 Phan Văn Trị, Phường 5, Quận Gò Vấp, Thành phố Hồ Chí Minh, Việt Nam",Quận Gò Vấp,"7490: Hoạt động chuyên môn, khoa học và công nghệ khác chưa được phân vào đâu-(trừ Hoạt động của những nhà báo độc lập; Hoạt động đánh giá trừ bất động sản và bảo hiểm (cho đồ cổ, đồ trang sức); Thanh",internet
316825582,CÔNG TY TNHH THƯƠNG MẠI DỊCH VỤ CHẾ TÁC GỐM BÀU TRÚC HCM,CÔNG TY TNHH THƯƠNG MẠI DỊCH V,Công ty trách nhiệm hữu hạn hai thành viên trở lên,"154 Phạm Văn Chiêu, Phường 9, Quận Gò Vấp, Thành phố Hồ Chí Minh, Việt Nam",Quận Gò Vấp,"1629: Sản xuất sản phẩm khác từ gỗ; sản xuất sản phẩm từ tre, nứa, rơm, rạ và vật liệu tết bện-;2391: Sản xuất sản phẩm chịu lửa-Chi tiết: Sản xuất các sản phẩm gốm sứ (không sản xuất, gia công tại tr",internet
316830085,CÔNG TY TNHH TM DV CÔNG NGHỆ GIÁO DỤC MINH HOÀNG PHƯƠNG,CÔNG TY TNHH TM DV CÔNG NGHỆ G,Công ty trách nhiệm hữu hạn một thành viên,"239/27 Nguyễn Văn Công , Phường 3, Quận Gò Vấp, Thành phố Hồ Chí Minh, Việt Nam",Quận Gò Vấp,"4791: Bán lẻ theo yêu cầu đặt hàng qua bưu điện hoặc internet-(trừ bán lẻ khí dầu mỏ hóa lỏng LPG, dầu nhớt cặn, vàng miếng, súng, đạn loại dùng đi săn hoặc thể thao và tiền kim khí; trừ bán lẻ hóa ch",internet
316826970,CÔNG TY TNHH THƯƠNG MẠI KỸ THUẬT SINA,CÔNG TY TNHH THƯƠNG MẠI KỸ THU,Công ty trách nhiệm hữu hạn một thành viên,"Số 5/18/10 Trương Đăng Quế, Phường 1, Quận Gò Vấp, Thành phố Hồ Chí Minh, Việt Nam",Quận Gò Vấp,4742: Bán lẻ thiết bị nghe nhìn trong các cửa hàng chuyên doanh-(thực hiện theo Quyết định số 64/2009/QĐ-UBND ngày 31/07/2009 và Quyết định số 79/2009/QĐ-UBND ngày 17/10/2009 của Ủy Ban Nhân Dân TP. H,internet
316827854,DOANH NGHIỆP TƯ NHÂN DỊCH VỤ TRÒ CHƠI ĐIỆN TỬ CÔNG CỘNG TIỆM NÉT 1986,DOANH NGHIỆP TƯ NHÂN DỊCH VỤ T,Doanh nghiệp tư nhân,"163/2 Đường số 20, Phường 5, Quận Gò Vấp, Thành phố Hồ Chí Minh, Việt Nam",Quận Gò Vấp,"6190: Hoạt động viễn thông khác-Chi tiết: -Hoạt động của các điểm truy cập internet -  Điểm cung cấp dịch vụ trò chơi điện tử công cộng (không kinh doanh trò chơi có hại cho giáo dục nhân cách, sức kh",internet
316836577,CÔNG TY TNHH THƯƠNG MẠI DỊCH VỤ PHÁT TRIỂN QUỲNH NHI,CÔNG TY TNHH THƯƠNG MẠI DỊCH V,Công ty trách nhiệm hữu hạn hai thành viên trở lên,"241 Đường số 6, Phường 7, Quận Gò Vấp, Thành phố Hồ Chí Minh, Việt Nam",Quận Gò Vấp,"9610: Dịch vụ tắm hơi, massage và các dịch vụ tăng cường sức khoẻ tương tự (trừ hoạt động thể thao)-(Doanh nghiệp chỉ được kinh doanh khi có đủ điều kiện theo quy định của pháp luật và phải bảo đảm đá",internet
316838447,CÔNG TY TNHH TƯ VẤN THIẾT KẾ ĐẦU TƯ XÂY DỰNG HTT ARC,CÔNG TY TNHH TƯ VẤN THIẾT KẾ Đ,Công ty trách nhiệm hữu hạn một thành viên,"29/29 Lê Đức Thọ, Phường 7, Quận Gò Vấp, Thành phố Hồ Chí Minh, Việt Nam",Quận Gò Vấp,"4669: Bán buôn chuyên doanh khác chưa được phân vào đâu-Chi tiết: Bán buôn vật tư, thiết bị ngành điện, điện lạnh, nước; Bán buôn camera, máy chiếu, thiết bị chống trộm, chuông báo cháy, điện thoại, b",internet
316836249,CÔNG TY TNHH THƯƠNG MẠI DỊCH VỤ XUẤT NHẬP KHẨU BK VIỆT NAM,CÔNG TY TNHH THƯƠNG MẠI DỊCH V,Công ty trách nhiệm hữu hạn hai thành viên trở lên,"110/33/20A, Đường 30, Phường 6, Quận Gò Vấp, Thành phố Hồ Chí Minh, Việt Nam",Quận Gò Vấp,"4669: Bán buôn chuyên doanh khác chưa được phân vào đâu-Chi tiết:. Bán buôn sách - báo - tạp chí ( có nội dung được phép lưu hành), văn phòng phẩm. Bán buôn nguyên phụ liệu ngành may, da giày; Bán buô",internet
316837700,CÔNG TY TNHH XÂY DỰNG THƯƠNG MẠI DỊCH VỤ TÂN THIỆN PHÁT,CÔNG TY TNHH XÂY DỰNG THƯƠNG M,Công ty trách nhiệm hữu hạn một thành viên,"83 Đường số 51, Phường 14, Quận Gò Vấp, Thành phố Hồ Chí Minh, Việt Nam",Quận Gò Vấp,"4102: Xây dựng nhà không để ở-;4212: Xây dựng công trình đường bộ-;4222: Xây dựng công trình cấp, thoát nước-;4291: Xây dựng công trình thủy-;4299: Xây dựng công trình kỹ thuật dân dụng khác-;4311: Ph",internet
316841545,CÔNG TY TNHH SHANGHAI EASTIMAGE EQUIPMENT,CÔNG TY TNHH SHANGHAI EASTIMAG,Công ty trách nhiệm hữu hạn một thành viên,"86/34/3, Đường Số 14, Phường 8, Quận Gò Vấp, Thành phố Hồ Chí Minh, Việt Nam",Quận Gò Vấp,"4620: Bán buôn nông, lâm sản nguyên liệu (trừ gỗ, tre, nứa) và động vật sống-(Không hoạt động tại trụ sở);4791: Bán lẻ theo yêu cầu đặt hàng qua bưu điện hoặc internet-(trừ bán lẻ hóa chất, khí dầu mỏ",internet
316843334,CÔNG TY TNHH GTELSOFT,CÔNG TY TNHH GTELSOFT,Công ty trách nhiệm hữu hạn hai thành viên trở lên,"2D Đường số 57, Phường 14, Quận Gò Vấp, Thành phố Hồ Chí Minh, Việt Nam",Quận Gò Vấp,"6399: Dịch vụ thông tin khác chưa được phân vào đâu-Chi tiết: Các dịch vụ thông tin qua điện thoại; Các dịch vụ tìm kiếm thông tin thông qua hợp đồng hay trên cơ sở phí;4610: Đại lý, môi giới, đấu giá",internet
316848251,CÔNG TY TNHH NEGEN SOLUTIONS,CÔNG TY TNHH NEGEN SOLUTIONS,Công ty trách nhiệm hữu hạn một thành viên,"547 Lê Đức Thọ, Phường 16, Quận Gò Vấp, Thành phố Hồ Chí Minh, Việt Nam",Quận Gò Vấp,6201: Lập trình máy vi tính-;6209: Hoạt động dịch vụ công nghệ thông tin và dịch vụ khác liên quan đến máy vi tính-(trừ kinh doanh đại lý truy cập internet);6202: Tư vấn máy vi tính và quản trị hệ thố,internet
316850067,CÔNG TY TNHH PHÁT TRIỂN THƯƠNG MẠI GOLDEN CHANCE,CÔNG TY TNHH PHÁT TRIỂN THƯƠNG,Công ty trách nhiệm hữu hạn một thành viên,"272/1/41 Đường Lê Đức Thọ, Phường 6, Quận Gò Vấp, Thành phố Hồ Chí Minh, Việt Nam",Quận Gò Vấp,"4659: Bán buôn máy móc, thiết bị và phụ tùng máy khác-Chi tiết: Bán buôn máy móc, thiết bị điện, vật liệu điện, máy phát điện, động cơ điện, dây điện và thiết bị khác dùng trong mạch điện; Bán buôn má",internet
316851374,CÔNG TY TNHH HAFALYNK,CÔNG TY TNHH HAFALYNK,Công ty trách nhiệm hữu hạn một thành viên,"40/14 Lê Thị Hồng, Phường 17, Quận Gò Vấp, Thành phố Hồ Chí Minh, Việt Nam",Quận Gò Vấp,"4641: Bán buôn vải, hàng may mặc, giày dép-;4649: Bán buôn đồ dùng khác cho gia đình-;4771: Bán lẻ hàng may mặc, giày dép, hàng da và giả da trong các cửa hàng chuyên doanh-;6190: Hoạt động viễn thông",internet
316847321,CÔNG TY TNHH CÔNG NGHỆ LỘC PHÁT SÀI GÒN,CÔNG TY TNHH CÔNG NGHỆ LỘC PHÁ,Công ty trách nhiệm hữu hạn một thành viên,"Số 26, Đường số 04, Cityland Park Hills, Phường 10, Quận Gò Vấp, Thành phố Hồ Chí Minh, Việt Nam",Quận Gò Vấp,"7710: Cho thuê xe có động cơ-Chi tiết: Cho thuê ôtô;4653: Bán buôn máy móc, thiết bị và phụ tùng máy nông nghiệp-;4659: Bán buôn máy móc, thiết bị và phụ tùng máy khác-Chi tiết: Bán buôn pin năng lượn",internet
316852339,CÔNG TY TNHH DREAM MAKERS ENTERTAIMENT,CÔNG TY TNHH DREAM MAKERS ENTE,Công ty trách nhiệm hữu hạn một thành viên,"98/6 Trần Bá Giao, Phường 5, Quận Gò Vấp, Thành phố Hồ Chí Minh, Việt Nam",Quận Gò Vấp,"6311: Xử lý dữ liệu, cho thuê và các hoạt động liên quan-- (trừ đại lý truy cập, truy cập internet tại trụ sở);6399: Dịch vụ thông tin khác chưa được phân vào đâu-Chi tiết: Dịch vụ truy cập dữ li",internet
316855393,CÔNG TY TNHH TNT MEDIALTD,CÔNG TY TNHH TNT MEDIALTD,Công ty trách nhiệm hữu hạn một thành viên,"341/36 Nguyễn Văn Khối, tổ 40, phu phố 5, Phường 8, Quận Gò Vấp, Thành phố Hồ Chí Minh, Việt Nam",Quận Gò Vấp,7410: Hoạt động thiết kế chuyên dụng-Chi tiết: Thiết kế đồ họa;6201: Lập trình máy vi tính-Chi tiết: Sản xuất phần mềm;6202: Tư vấn máy vi tính và quản trị hệ thống máy vi tính-;6209: Hoạt động dịch v,internet
316856220,CÔNG TY CỔ PHẦN MẸ VÀ BÉ DŨNG JERRY,CÔNG TY CỔ PHẦN MẸ VÀ BÉ DŨNG ,Công ty cổ phần,"236/9 Nguyễn Văn Lượng , Phường 17, Quận Gò Vấp, Thành phố Hồ Chí Minh, Việt Nam",Quận Gò Vấp,"4632: Bán buôn thực phẩm-Chi tiết: Bán buôn sữa và các sản phẩm sữa, bánh kẹo và các sản phẩm chế biến từ ngũ cốc, bột và tinh bột. Bán buôn thực phẩm bổ sung dinh dưỡng, thực phẩm chức năng, thực phẩ",internet
316858997,CÔNG TY TNHH THƯƠNG MẠI VÀ DỊCH VỤ CHU LAI,CÔNG TY TNHH THƯƠNG MẠI VÀ DỊC,Công ty trách nhiệm hữu hạn một thành viên,"1358/28/125 Quang Trung, Phường 14, Quận Gò Vấp, Thành phố Hồ Chí Minh, Việt Nam",Quận Gò Vấp,"4651: Bán buôn máy vi tính, thiết bị ngoại vi và phần mềm-;4741: Bán lẻ máy vi tính, thiết bị ngoại vi, phần mềm và thiết bị viễn thông trong các cửa hàng chuyên doanh-;4652: Bán buôn thiết bị và linh",internet
316863242,CÔNG TY TNHH TM - SX - XNK THIÊN ÂN,CÔNG TY TNHH TM  SX  XNK THIÊN,Công ty trách nhiệm hữu hạn một thành viên,"35/13/2, Nguyễn Tư Giản, Phường 12, Quận Gò Vấp, Thành phố Hồ Chí Minh, Việt Nam",Quận Gò Vấp,"1622: Sản xuất đồ gỗ xây dựng-(không hoạt động tại trụ sở).;1623: Sản xuất bao bì bằng gỗ-(không hoạt động tại trụ sở).;1629: Sản xuất sản phẩm khác từ gỗ; sản xuất sản phẩm từ tre, nứa, rơm, rạ và vậ",internet
316865659,CÔNG TY TNHH THƯƠNG MẠI DỊCH VỤ SCENZ,CÔNG TY TNHH THƯƠNG MẠI DỊCH V,Công ty trách nhiệm hữu hạn hai thành viên trở lên,"28 Lê Lai, Phường 4, Quận Gò Vấp, Thành phố Hồ Chí Minh, Việt Nam",Quận Gò Vấp,"4610: Đại lý, môi giới, đấu giá hàng hóa-Chi tiết: Đại lý, môi giới (trừ môi giới bất động sản và môi giới bảo hiểm.(trừ đấu giá tài sản).;4641: Bán buôn vải, hàng may mặc, giày dép-Chi tiết: Bán buôn",internet
316866638,CÔNG TY TNHH DỊCH VỤ VIỄN THÔNG ĐĂNG ANH,CÔNG TY TNHH DỊCH VỤ VIỄN THÔN,Công ty trách nhiệm hữu hạn một thành viên,"1267/19 Lê Đức Thọ, Phường 13, Quận Gò Vấp, Thành phố Hồ Chí Minh, Việt Nam",Quận Gò Vấp,"6619: Hoạt động hỗ trợ dịch vụ tài chính chưa được phân vào đâu-Chi tiết: Hoạt động tư vấn đầu tư (trừ tư vấn tài chính, kế toán và pháp luật).;3313: Sửa chữa thiết bị điện tử và quang học-;3314: Sửa ",internet
316867896,CÔNG TY TNHH NHÂN TÀI KỸ THUẬT SỐ VIỆT NAM PAHA,CÔNG TY TNHH NHÂN TÀI KỸ THUẬT,Công ty trách nhiệm hữu hạn hai thành viên trở lên,"1251/11 Phan Văn Trị, Phường 10, Quận Gò Vấp, Thành phố Hồ Chí Minh, Việt Nam",Quận Gò Vấp,"1811: In ấn-(trừ in tráng bao bì kim loại và in trên các sản phẩm vải, sợi, dệt, may, đan);1812: Dịch vụ liên quan đến in-;4651: Bán buôn máy vi tính, thiết bị ngoại vi và phần mềm-;4652: Bán buôn thi",internet
316869685,CÔNG TY TNHH THƯƠNG MẠI VÀ TRUYỀN THÔNG CARE,CÔNG TY TNHH THƯƠNG MẠI VÀ TRU,Công ty trách nhiệm hữu hạn một thành viên,"66 Lê Thị Hồng, Phường 17, Quận Gò Vấp, Thành phố Hồ Chí Minh, Việt Nam",Quận Gò Vấp,4649: Bán buôn đồ dùng khác cho gia đình-;4722: Bán lẻ thực phẩm trong các cửa hàng chuyên doanh-(Thực hiện theo quyết định 64/2009/QĐ-UBND ngày 31/7/2009 và quyết định 79/2009/QĐ-UBND ngày 17/10/2009,internet
316873459,CÔNG TY TNHH NUÔI TRỒNG VÀ PHÂN PHỐI RONG NHO MỘC THỦY,CÔNG TY TNHH NUÔI TRỒNG VÀ PHÂ,Công ty trách nhiệm hữu hạn một thành viên,"300/4A Nguyễn Thái Sơn, Phường 4, Quận Gò Vấp, Thành phố Hồ Chí Minh, Việt Nam",Quận Gò Vấp,"4719: Bán lẻ khác trong các cửa hàng kinh doanh tổng hợp-(trừ bán lẻ hóa chất, khí dầu mỏ hóa lỏng LPG, dầu nhớt cặn, vàng miếng, súng, đạn loại dùng đi săn hoặc thể thao và tiền kim khí; Thực hiện th",internet
316875946,CÔNG TY TNHH PHẦN MỀM WISE EYE,CÔNG TY TNHH PHẦN MỀM WISE EYE,Công ty trách nhiệm hữu hạn hai thành viên trở lên,"25 Đường số 11, Khu dân cư Cityland, Phường 10, Quận Gò Vấp, Thành phố Hồ Chí Minh, Việt Nam",Quận Gò Vấp,"4659: Bán buôn máy móc, thiết bị và phụ tùng máy khác-Chi tiết : Bán buôn máy móc, thiết bị và phụ tùng máy văn phòng.;6201: Lập trình máy vi tính-;6209: Hoạt động dịch vụ công nghệ thông tin và dịch ",internet
316875329,CÔNG TY TNHH ĐẦU TƯ PHÁT TRIỂN XÂY DỰNG HẠ TẦNG DƯƠNG LOAN,CÔNG TY TNHH ĐẦU TƯ PHÁT TRIỂN,Công ty trách nhiệm hữu hạn một thành viên,"380/18 Đường số 10, Phường 9, Quận Gò Vấp, Thành phố Hồ Chí Minh, Việt Nam",Quận Gò Vấp,"4659: Bán buôn máy móc, thiết bị và phụ tùng máy khác-;4661: Bán buôn nhiên liệu rắn, lỏng, khí và các sản phẩm liên quan-(trừ kinh doanh khí dầu mỏ hóa lỏng LPG và dầu nhớt cặn);4662: Bán buôn kim lo",internet
316876280,CÔNG TY TNHH TẤM THỊ AGENCY,CÔNG TY TNHH TẤM THỊ AGENCY,Công ty trách nhiệm hữu hạn một thành viên,"654/14 Lê Đức Thọ, Phường 15, Quận Gò Vấp, Thành phố Hồ Chí Minh, Việt Nam",Quận Gò Vấp,"7310: Quảng cáo-;8230: Tổ chức giới thiệu và xúc tiến thương mại-(trừ các hoạt động trong lĩnh vực có sử dụng chất nổ, chất cháy, hóa chất, làm đạo cụ, dụng cụ thực hiện các chương trình văn hóa, nghệ",internet
316878390,CÔNG TY TNHH LIONTECH,CÔNG TY TNHH LIONTECH,Công ty trách nhiệm hữu hạn một thành viên,"21 Trần Thị Nghỉ, Phường 7, Quận Gò Vấp, Thành phố Hồ Chí Minh, Việt Nam",Quận Gò Vấp,"7020: Hoạt động tư vấn quản lý-(trừ tư vấn tài chính, kế toán, pháp luật).;7320: Nghiên cứu thị trường và thăm dò dư luận-;4651: Bán buôn máy vi tính, thiết bị ngoại vi và phần mềm-;4652: Bán buôn thi",internet
316880551,CÔNG TY TNHH TƯ VẤN HK GLOBAL,CÔNG TY TNHH TƯ VẤN HK GLOBAL,Công ty trách nhiệm hữu hạn hai thành viên trở lên,"120/67 Đường 59, Phường 14, Quận Gò Vấp, Thành phố Hồ Chí Minh, Việt Nam",Quận Gò Vấp,"4741: Bán lẻ máy vi tính, thiết bị ngoại vi, phần mềm và thiết bị viễn thông trong các cửa hàng chuyên doanh-(CPC 632); 4641: Bán buôn vải, hàng may mặc, giày dép-Chi tiết: Bán buôn vải, hàng may mặc;",internet
316881001,CÔNG TY TNHH ĐẦU TƯ PHÁT TRIỂN XÂY DỰNG HẠ TẦNG NAM SƠN,CÔNG TY TNHH ĐẦU TƯ PHÁT TRIỂN,Công ty trách nhiệm hữu hạn một thành viên,"380/18 Đường số 10 , Phường 9, Quận Gò Vấp, Thành phố Hồ Chí Minh, Việt Nam",Quận Gò Vấp,"4752: Bán lẻ đồ ngũ kim, sơn, kính và thiết bị lắp đặt khác trong xây dựng trong các cửa hàng chuyên doanh-;0810: Khai thác đá, cát, sỏi, đất sét-(không hoạt động tại trụ sở);3314: Sửa chữa thiết bị đ",internet
316880311,CÔNG TY TNHH THƯƠNG MẠI - DỊCH VỤ - ĐẦU TƯ AS,CÔNG TY TNHH THƯƠNG MẠI  DỊCH ,Công ty trách nhiệm hữu hạn một thành viên,"702/63/1 Lê Đức Thọ, Phường 15, Quận Gò Vấp, Thành phố Hồ Chí Minh, Việt Nam",Quận Gò Vấp,"4631: Bán buôn gạo, lúa mỳ, hạt ngũ cốc khác, bột mỳ-(không hoạt động tại trụ sở);4633: Bán buôn đồ uống-;4649: Bán buôn đồ dùng khác cho gia đình-chi tiết: bán buôn nước hoa, hàng mỹ phẩm và chế phẩm",internet
316882911,CÔNG TY TNHH MTV CON ĐƯỜNG MỚI,CÔNG TY TNHH MTV CON ĐƯỜNG MỚI,Công ty trách nhiệm hữu hạn một thành viên,"Số 458/15 Quang Trung, Phường 10, Quận Gò Vấp, Thành phố Hồ Chí Minh, Việt Nam",Quận Gò Vấp,"4649: Bán buôn đồ dùng khác cho gia đình-;4633: Bán buôn đồ uống-;4631: Bán buôn gạo, lúa mỳ, hạt ngũ cốc khác, bột mỳ-- (Không hoạt động tại trụ sở);7729: Cho thuê đồ dùng cá nhân và gia đình khác-;7",internet
316883721,CÔNG TY CỔ PHẦN SMART ANT,CÔNG TY CỔ PHẦN SMART ANT,Công ty cổ phần,"528 Nguyễn Văn Khối, Phường 9, Quận Gò Vấp, Thành phố Hồ Chí Minh, Việt Nam",Quận Gò Vấp,"4690: Bán buôn tổng hợp-(trừ bán buôn bình gas, hóa chất, súng, đạn loại dùng đi săn hoặc thể thao và tiền kim khí và thực hiện theo Quyết định 64/2009/QĐ-UBND ngày 31/7/2009 của Ủy ban nhân dân Thành",internet
316885380,CÔNG TY TNHH Ú OÀ,CÔNG TY TNHH Ú OÀ,Công ty trách nhiệm hữu hạn một thành viên,"438 Quang Trung, Phường 10, Quận Gò Vấp, Thành phố Hồ Chí Minh, Việt Nam",Quận Gò Vấp,"1410: May trang phục (trừ trang phục từ da lông thú)-(không tẩy, nhuộm, hồ, in và không gia công hàng đã qua sử dụng tại trụ sở).;4610: Đại lý, môi giới, đấu giá hàng hóa-Chi tiết: Đại lý bán hàng hóa",internet
316884940,CÔNG TY TNHH THƯƠNG MẠI VÀ DỊCH VỤ LEEHOUSE,CÔNG TY TNHH THƯƠNG MẠI VÀ DỊC,Công ty trách nhiệm hữu hạn một thành viên,"123/31/14 Đường số 2, Phường 16, Quận Gò Vấp, Thành phố Hồ Chí Minh, Việt Nam",Quận Gò Vấp,"4791: Bán lẻ theo yêu cầu đặt hàng qua bưu điện hoặc internet-(trừ bán lẻ hóa chất, khí dầu mỏ hóa lỏng LPG, dầu nhớt cặn, vàng miếng, súng, đạn loại dùng đi săn hoặc thể thao và tiền kim khí; Thực hi",internet
316885479,CÔNG TY TNHH TM DV SỬA CHỮA VÀ MUA BÁN PHỤ TÙNG Ô TÔ PHẠM GIA,CÔNG TY TNHH TM DV SỬA CHỮA VÀ,Công ty trách nhiệm hữu hạn một thành viên,"Số 7 Đường số 4, Cityland Park Hills, Phường 10, Quận Gò Vấp, Thành phố Hồ Chí Minh, Việt Nam",Quận Gò Vấp,7110: Hoạt động kiến trúc và tư vấn kỹ thuật có liên quan-;7310: Quảng cáo-;7410: Hoạt động thiết kế chuyên dụng-(trừ thiết kế công trình xây dựng và thiết kế phương tiện vận tải);7912: Điều hành tua ,internet
316889226,CÔNG TY TNHH PHÂN PHỐI THIẾT BỊ 1168,CÔNG TY TNHH PHÂN PHỐI THIẾT B,Công ty trách nhiệm hữu hạn một thành viên,"110/47 Đường Số 30, Phường 6, Quận Gò Vấp, Thành phố Hồ Chí Minh, Việt Nam",Quận Gò Vấp,"2592: Gia công cơ khí; xử lý và tráng phủ kim loại-- Chi tiết: Sản xuất gia công, lắp đặt các sản phẩm bằng sắt , thép (không hoạt động tại trụ sở);2610: Sản xuất linh kiện điện tử-(không hoạt động tạ",internet
316888494,CÔNG TY TNHH THẢO CASA,CÔNG TY TNHH THẢO CASA,Công ty trách nhiệm hữu hạn hai thành viên trở lên,"34/3 đường số 7, Phường 3, Quận Gò Vấp, Thành phố Hồ Chí Minh, Việt Nam",Quận Gò Vấp,"7110: Hoạt động kiến trúc và tư vấn kỹ thuật có liên quan-;4311: Phá dỡ-;4312: Chuẩn bị mặt bằng-;4321: Lắp đặt hệ thống điện-;4322: Lắp đặt hệ thống cấp, thoát nước, hệ thống sưởi và điều hoà không k",internet
316889339,CÔNG TY CỔ PHẦN TẬP ĐOÀN GHOUSE,CÔNG TY CỔ PHẦN TẬP ĐOÀN GHOUS,Công ty cổ phần,"Số 8 đường số 12, khu đô thị City Land, Phường 10, Quận Gò Vấp, Thành phố Hồ Chí Minh, Việt Nam",Quận Gò Vấp,"4791: Bán lẻ theo yêu cầu đặt hàng qua bưu điện hoặc internet-(trừ bán lẻ bình gas, hóa chất, khí dầu mỏ hóa lỏng LPG, dầu nhớt cặn, vàng miếng, súng, đạn loại dùng đi săn hoặc thể thao và tiền kim kh",internet
316891345,CÔNG TY TNHH THƯƠNG MẠI KỸ THUẬT IST360,CÔNG TY TNHH THƯƠNG MẠI KỸ THU,Công ty trách nhiệm hữu hạn một thành viên,"164 Nguyễn Văn Công , Phường 3, Quận Gò Vấp, Thành phố Hồ Chí Minh, Việt Nam",Quận Gò Vấp,"4799: Bán lẻ hình thức khác chưa được phân vào đâu-(trừ bán lẻ bình gas, khí dầu mỏ hóa lỏng LPG, dầu nhớt cặn, vàng miếng, súng, đạn loại dùng đi săn hoặc thể thao và tiền kim khí; trừ bán lẻ hóa chấ",internet
316892902,CÔNG TY TNHH HAKIX,CÔNG TY TNHH HAKIX,Công ty trách nhiệm hữu hạn hai thành viên trở lên,"78/5/25 đường số 51, Phường 14, Quận Gò Vấp, Thành phố Hồ Chí Minh, Việt Nam",Quận Gò Vấp,"4690: Bán buôn tổng hợp-(trừ bán buôn bình gas, khí dầu mỏ hóa lỏng LPG, dầu nhớt cặn, vàng miếng, súng, đạn loại dùng đi săn hoặc thể thao và tiền kim khí; trừ bán buôn hóa chất tại trụ sở; Thực hiện",internet
316893328,CÔNG TY TNHH THƯƠNG MẠI VÀ DỊCH VỤ TUYỀN PHÁT,CÔNG TY TNHH THƯƠNG MẠI VÀ DỊC,Công ty trách nhiệm hữu hạn một thành viên,"Số 615 Tân Sơn, Phường 12, Quận Gò Vấp, Thành phố Hồ Chí Minh, Việt Nam",Quận Gò Vấp,"4649: Bán buôn đồ dùng khác cho gia đình-Chi tiết: Bán buôn sách, báo, tạp chí, văn phòng phẩm, dụng cụ học tập; quà lưu niệm, hàng thủ công mỹ nghệ; bán buôn mỹ phẩm và bán buôn đồ dùng khác cho gia ",internet
316892067,CÔNG TY TNHH THƯƠNG MẠI VƯƠNG GIA KHANG,CÔNG TY TNHH THƯƠNG MẠI VƯƠNG ,Công ty trách nhiệm hữu hạn một thành viên,"380/12/2 Phạm Văn Chiêu, Phường 9, Quận Gò Vấp, Thành phố Hồ Chí Minh, Việt Nam",Quận Gò Vấp,"4641: Bán buôn vải, hàng may mặc, giày dép-Chi tiết: Bán buôn vải, hàng dệt, quần áo và hàng may mặc khác, giày dép;4771: Bán lẻ hàng may mặc, giày dép, hàng da và giả da trong các cửa hàng chuyên doa",internet
316894995,CÔNG TY TNHH KỸ THUẬT XÂY DỰNG TÚ NHI,CÔNG TY TNHH KỸ THUẬT XÂY DỰNG,Công ty trách nhiệm hữu hạn một thành viên,"74/28 Đường Số 9, Phường 16, Quận Gò Vấp, Thành phố Hồ Chí Minh, Việt Nam",Quận Gò Vấp,"4649: Bán buôn đồ dùng khác cho gia đình-Chi tiết: -Bán buôn đồ điện gia dụng, đèn và bộ đèn điện, bếp ga; -Bán buôn bình ắc quy;4651: Bán buôn máy vi tính, thiết bị ngoại vi và phần mềm-;4652: Bán bu",internet
316899714,CÔNG TY TNHH THƯƠNG MẠI DỊCH VỤ AOKI,CÔNG TY TNHH THƯƠNG MẠI DỊCH V,Công ty trách nhiệm hữu hạn một thành viên,"Số 26 Đường số 04, Cityland Park Hills, Phường 10, Quận Gò Vấp, Thành phố Hồ Chí Minh, Việt Nam",Quận Gò Vấp,"4662: Bán buôn kim loại và quặng kim loại-Chi tiết: Bán buôn sắt, thép, kim loại màu
(trừ vàng miếng).;4690: Bán buôn tổng hợp-Chi tiết: Xuất nhập khẩu các mặt hàng đang kinh doanh
(trừ bán buôn bình ",internet
316902861,CÔNG TY TNHH THƯƠNG MẠI - XUẤT NHẬP KHẨU HẠT GIỐNG TỐT,CÔNG TY TNHH THƯƠNG MẠI  XUẤT ,Công ty trách nhiệm hữu hạn hai thành viên trở lên,"361/32 Phan Huy Ích, Phường 14, Quận Gò Vấp, Thành phố Hồ Chí Minh, Việt Nam",Quận Gò Vấp,"0112: Trồng ngô và cây lương thực có hạt khác-;0113: Trồng cây lấy củ có chất bột-;0114: Trồng cây mía-;0117: Trồng cây có hạt chứa dầu-;0118: Trồng rau, đậu các loại và trồng hoa-;0119: Trồng cây hàn",internet
316903777,CÔNG TY TRÁCH NHIỆM HỮU HẠN PHÚC LAM PHAN,CÔNG TY TRÁCH NHIỆM HỮU HẠN PH,Công ty trách nhiệm hữu hạn một thành viên,"Số 174/35, Đường Số 20, Phường 5, Quận Gò Vấp, Thành phố Hồ Chí Minh, Việt Nam",Quận Gò Vấp,"3312: Sửa chữa máy móc, thiết bị-(Trừ xi mạ; tráng phủ kim loại) (không sửa chữa tại trụ sở; chỉ hoạt động khi cơ quan có thẩm quyền chấp thuận về chủ trương đầu tư và có đủ điều kiện kinh doanh theo ",internet
316905220,CÔNG TY TNHH FASHDAYS,CÔNG TY TNHH FASHDAYS,Công ty trách nhiệm hữu hạn một thành viên,"22/26 đường số 21, Phường 8, Quận Gò Vấp, Thành phố Hồ Chí Minh, Việt Nam",Quận Gò Vấp,"1811: In ấn-(trừ các loại nhà nước cấm);1812: Dịch vụ liên quan đến in-;1410: May trang phục (trừ trang phục từ da lông thú)-;1420: Sản xuất sản phẩm từ da lông thú-;1430: Sản xuất trang phục dệt kim,",internet
316907757,CÔNG TY TNHH THẾ GIỚI NPT,CÔNG TY TNHH THẾ GIỚI NPT,Công ty trách nhiệm hữu hạn một thành viên,"155/19 Đường 28, Phường 6, Quận Gò Vấp, Thành phố Hồ Chí Minh, Việt Nam",Quận Gò Vấp,"3313: Sửa chữa thiết bị điện tử và quang học-Chi tiết: Hoạt động sửa chữa máy móc, thiết bị y tế và thiết bị chẩn đoán bệnh có màn hình hiển thị, thiết bị đo lường và xét nghiệm, thiết bị phòng thí ng",internet
316911344,CÔNG TY TNHH XUẤT NHẬP KHẨU & SẢN XUẤT NHÀ THÔNG MINH 5GS,CÔNG TY TNHH XUẤT NHẬP KHẨU  S,Công ty trách nhiệm hữu hạn hai thành viên trở lên,"596 Phan Văn Trị, Phường 7, Quận Gò Vấp, Thành phố Hồ Chí Minh, Việt Nam",Quận Gò Vấp,"3290: Sản xuất khác chưa được phân vào đâu-Chi tiết: Sản xuất, lắp ráp robot thông minh (trừ Sản Xuất xốp cách nhiệt sử dụng ga R141b, sử dụng polyol trộn sẵn HCFC-141b; vật liệu xây dựng; hóa chất tạ",internet
316914962,CÔNG TY CỔ PHẦN ĐẦU TƯ THƯƠNG MẠI DỊCH VỤ T&C,CÔNG TY CỔ PHẦN ĐẦU TƯ THƯƠNG ,Công ty cổ phần,"297/17 Phan Huy Ích, Phường 14, Quận Gò Vấp, Thành phố Hồ Chí Minh, Việt Nam",Quận Gò Vấp,"4649: Bán buôn đồ dùng khác cho gia đình-chi tiết: Bán buôn vali, cặp, túi, hàng da và giả da, mắt kính và các phụ kiện thời trang;4641: Bán buôn vải, hàng may mặc, giày dép-;4610: Đại lý, môi giới, đ",internet
316915740,CÔNG TY TNHH MONEY GROW,CÔNG TY TNHH MONEY GROW,Công ty trách nhiệm hữu hạn một thành viên,"39 Đường số 4, KDC CityLand Garden Hills, Phường 5, Quận Gò Vấp, Thành phố Hồ Chí Minh, Việt Nam",Quận Gò Vấp,"6810: Kinh doanh bất động sản, quyền sử dụng đất thuộc chủ sở hữu, chủ sử dụng hoặc đi thuê-;6820: Tư vấn, môi giới, đấu giá bất động sản, đấu giá quyền sử dụng đất-Chi tiết: Tư vấn, môi giới bất động",internet
316918389,CÔNG TY TNHH DỊCH VỤ TƯ VẤN KHÁNH PHONG,CÔNG TY TNHH DỊCH VỤ TƯ VẤN KH,Công ty trách nhiệm hữu hạn một thành viên,"872/13/3 Quang Trung, Phường 8, Quận Gò Vấp, Thành phố Hồ Chí Minh, Việt Nam",Quận Gò Vấp,"1702: Sản xuất giấy nhăn, bìa nhăn, bao bì từ giấy và bìa--(trừ sản xuất bột giấy, chế biến gỗ và tái chế phế thải tại trụ sở);1811: In ấn--(trừ in trên các sản phẩm vải sợi, dệt, may, đan và in tráng",internet
316921818,CÔNG TY TNHH  SẢN XUẤT THƯƠNG MẠI DỊCH VỤ S.I.S,CÔNG TY TNHH  SẢN XUẤT THƯƠNG ,Công ty trách nhiệm hữu hạn một thành viên,"1396/33 Lê Đức Thọ, Phường 13, Quận Gò Vấp, Thành phố Hồ Chí Minh, Việt Nam",Quận Gò Vấp,5225: Hoạt động dịch vụ hỗ trợ trực tiếp cho vận tải đường bộ-(trừ hóa lỏng khí để vận chuyển);5229: Hoạt động dịch vụ hỗ trợ khác liên quan đến vận tải-Chi tiết: Giao nhận hàng hóa; Hoạt động của đại,internet
316925957,CÔNG TY TNHH QHD,CÔNG TY TNHH QHD,Công ty trách nhiệm hữu hạn hai thành viên trở lên,"2/21 Lê Đức Thọ, Phường 7, Quận Gò Vấp, Thành phố Hồ Chí Minh, Việt Nam",Quận Gò Vấp,5610: Nhà hàng và các dịch vụ ăn uống phục vụ lưu động-(trừ hoạt động quán bar và quán giải khát có khiêu vũ).;5621: Cung cấp dịch vụ ăn uống theo hợp đồng không thường xuyên với khách hàng-(trừ hoạt ,internet
316927457,CÔNG TY TNHH DODEN,CÔNG TY TNHH DODEN,Công ty trách nhiệm hữu hạn một thành viên,"796/1 Lê Đức Thọ, Phường 15, Quận Gò Vấp, Thành phố Hồ Chí Minh, Việt Nam",Quận Gò Vấp,"7320: Nghiên cứu thị trường và thăm dò dư luận-;6201: Lập trình máy vi tính-;6202: Tư vấn máy vi tính và quản trị hệ thống máy vi tính-;6311: Xử lý dữ liệu, cho thuê và các hoạt động liên quan-;7410: ",internet
316927111,CÔNG TY CỔ PHẦN THIẾT BỊ CHÍNH HÃNG CE,CÔNG TY CỔ PHẦN THIẾT BỊ CHÍNH,Công ty cổ phần,"L9.3 Khu dân cư Cityland, số 6 Đường số 11, Phường 10, Quận Gò Vấp, Thành phố Hồ Chí Minh, Việt Nam",Quận Gò Vấp,"3250: Sản xuất thiết bị, dụng cụ y tế, nha khoa, chỉnh hình và phục hồi chức năng-;4610: Đại lý, môi giới, đấu giá hàng hóa-Chi tiết: Đại lý. môi giới (trừ môi giới chứng khoán, môi giới bảo hiểm);462",internet
316931809,CÔNG TY TNHH SÔNG NƯỚC MIỀN TÂY VLOG,CÔNG TY TNHH SÔNG NƯỚC MIỀN TÂ,Công ty trách nhiệm hữu hạn hai thành viên trở lên,"654/8 Lê Đức Thọ, Phường 15, Quận Gò Vấp, Thành phố Hồ Chí Minh, Việt Nam",Quận Gò Vấp,"2592: Gia công cơ khí; xử lý và tráng phủ kim loại-Chi tiết: Gia công cơ khí;3011: Đóng tàu và cấu kiện nổi-;3012: Đóng thuyền, xuồng thể thao và giải trí-;3312: Sửa chữa máy móc, thiết bị-;3315: Sửa ",internet
316931615,CÔNG TY TNHH KỸ THUẬT THƯƠNG MẠI DỊCH VỤ TIN HỌC TÂM AN,CÔNG TY TNHH KỸ THUẬT THƯƠNG M,Công ty trách nhiệm hữu hạn một thành viên,"254/1 Lê Văn Thọ, Phường 11, Quận Gò Vấp, Thành phố Hồ Chí Minh, Việt Nam",Quận Gò Vấp,"4799: Bán lẻ hình thức khác chưa được phân vào đâu-;6190: Hoạt động viễn thông khác-trừ bán lại hạ tầng viễn thông, mạng cung cấp;6201: Lập trình máy vi tính-;6202: Tư vấn máy vi tính và quản trị hệ t",internet
316934045,CÔNG TY CỔ PHẦN CÔNG NGHỆ MÔI TRƯỜNG & DỊCH VỤ QUẢN LÝ VẬN HÀNH ABICO,CÔNG TY CỔ PHẦN CÔNG NGHỆ MÔI ,Công ty cổ phần,"84/3A Nguyễn Văn Khối, Phường 11, Quận Gò Vấp, Thành phố Hồ Chí Minh, Việt Nam",Quận Gò Vấp,"2592: Gia công cơ khí; xử lý và tráng phủ kim loại-Chi tiết: Gia công cơ khí (trừ xi mạ, phun phủ đánh bóng kim loại) (không gia công tại trụ sở, chỉ hoạt động khi cơ quan có thẩm quyền chấp thuận về ",internet
316935440,CÔNG TY TNHH THIẾT KẾ XÂY DỰNG HKT,CÔNG TY TNHH THIẾT KẾ XÂY DỰNG,Công ty trách nhiệm hữu hạn hai thành viên trở lên,"140/48 Lê Đức Thọ, Phường 6, Quận Gò Vấp, Thành phố Hồ Chí Minh, Việt Nam",Quận Gò Vấp,6399: Dịch vụ thông tin khác chưa được phân vào đâu-chi tiết: dịch vụ cung cấp thông tin trên mạng (không kinh doanh đại lý cung cấp dịch vụ truy cập dịch vụ internet tại trụ sở);6619: Hoạt động hỗ tr,internet
316934775,CÔNG TY TNHH AMAZEN,CÔNG TY TNHH AMAZEN,Công ty trách nhiệm hữu hạn một thành viên,"86/5/3 Đường số 27, Phường 6, Quận Gò Vấp, Thành phố Hồ Chí Minh, Việt Nam",Quận Gò Vấp,"7710: Cho thuê xe có động cơ-;7730: Cho thuê máy móc, thiết bị và đồ dùng hữu hình khác không kèm người điều khiển-;8230: Tổ chức giới thiệu và xúc tiến thương mại-Chi tiết: Tổ chức hội nghị, hội thảo",internet
316936807,CÔNG TY TNHH MTV TM DV MÁY BAY GIẤY,CÔNG TY TNHH MTV TM DV MÁY BAY,Công ty trách nhiệm hữu hạn một thành viên,"106/7 Đường số 14, Phường 8, Quận Gò Vấp, Thành phố Hồ Chí Minh, Việt Nam",Quận Gò Vấp,"4764: Bán lẻ trò chơi, đồ chơi trong các cửa hàng chuyên doanh-(trừ đồ chơi có hại cho giáo dục nhân cách, sức khoẻ của trẻ em hoặc ảnh hưởng đến an ninh trật tự, an toàn xã hội);4649: Bán buôn đồ dùn",internet
316936194,CÔNG TY TNHH THIẾT KẾ THỜI TRANG MYSTIC,CÔNG TY TNHH THIẾT KẾ THỜI TRA,Công ty trách nhiệm hữu hạn hai thành viên trở lên,"120/27 Đường 59, Phường 14, Quận Gò Vấp, Thành phố Hồ Chí Minh, Việt Nam",Quận Gò Vấp,"7410: Hoạt động thiết kế chuyên dụng-Chi tiết:
- Thiết kế thời trang liên quan đến dệt, trang phục, giầy, đồ trang sức, đồ đạc và trang trí nội thất khác, hàng hóa thời trang khác cũng như đồ dùng cá ",internet
316939854,CÔNG TY TNHH SHIGTM,CÔNG TY TNHH SHIGTM,Công ty trách nhiệm hữu hạn một thành viên,"80/24 Đường Số 3, Phường 9, Quận Gò Vấp, Thành phố Hồ Chí Minh, Việt Nam",Quận Gò Vấp,"6190: Hoạt động viễn thông khác-Chi tiết: Hoạt động của các điểm truy cập internet;4651: Bán buôn máy vi tính, thiết bị ngoại vi và phần mềm-;4652: Bán buôn thiết bị và linh kiện điện tử, viễn thông-;",internet
316940306,CÔNG TY TNHH THISO RETAIL,CÔNG TY TNHH THISO RETAIL,Công ty trách nhiệm hữu hạn một thành viên,"Số 366, Đường Phan Văn Trị, Phường 5, Quận Gò Vấp, Thành phố Hồ Chí Minh, Việt Nam",Quận Gò Vấp,"4719: Bán lẻ khác trong các cửa hàng kinh doanh tổng hợp-;6810: Kinh doanh bất động sản, quyền sử dụng đất thuộc chủ sở hữu, chủ sử dụng hoặc đi thuê-;4610: Đại lý, môi giới, đấu giá hàng hóa-Chi tiết",internet
316943071,CÔNG TY CỔ PHẦN DỊCH VỤ CHUYỂN PHÁT NHANH ƯU TIÊN BƯU ĐIỆN,CÔNG TY CỔ PHẦN DỊCH VỤ CHUYỂN,Công ty cổ phần,"331/49/13 Phan Huy Ích, Phường 14, Quận Gò Vấp, Thành phố Hồ Chí Minh, Việt Nam",Quận Gò Vấp,5229: Hoạt động dịch vụ hỗ trợ khác liên quan đến vận tải-Chi tiết: Dịch vụ giao nhận hàng hóa. Đại lý giao nhận hàng hóa. (trừ hóa lỏng khí để vận chuyển và hoạt động liên quan đến vận tải hàng không,internet
316943339,CÔNG TY TNHH KHOA HỌC CÔNG NGHỆ ĐẠI PHÚC,CÔNG TY TNHH KHOA HỌC CÔNG NGH,Công ty trách nhiệm hữu hạn hai thành viên trở lên,"448/56/9 Phan Huy Ích, Phường 12, Quận Gò Vấp, Thành phố Hồ Chí Minh, Việt Nam",Quận Gò Vấp,"4659: Bán buôn máy móc, thiết bị và phụ tùng máy khác-Chi tiết: Bán buôn máy móc, thiết bị y tế. Bán buôn máy móc, thiết bị điện, vật liệu điện ( máy phát điện, động cơ điện, dây điện và thiết bị khác",internet
316946072,CÔNG TY TNHH THƯƠNG MẠI DỊCH VỤ PHÚ AN THUẬN,CÔNG TY TNHH THƯƠNG MẠI DỊCH V,Công ty trách nhiệm hữu hạn một thành viên,"18 Lê Đức Thọ, Phường 7, Quận Gò Vấp, Thành phố Hồ Chí Minh, Việt Nam",Quận Gò Vấp,8292: Dịch vụ đóng gói-(Trừ đóng gói thuốc bảo vệ thực vật);8299: Hoạt động dịch vụ hỗ trợ kinh doanh khác còn lại chưa được phân vào đâu-(Không bao gồm hoạt động đấu giá tài sản);4661: Bán buôn nhiên,internet
316946837,CÔNG TY TNHH MONSTER EMOTION EDUCATION,CÔNG TY TNHH MONSTER EMOTION E,Công ty trách nhiệm hữu hạn một thành viên,"58/24/20 Thống Nhất, Phường 10, Quận Gò Vấp, Thành phố Hồ Chí Minh, Việt Nam",Quận Gò Vấp,"7490: Hoạt động chuyên môn, khoa học và công nghệ khác chưa được phân vào đâu-Chi tiết: - Hoạt động môi giới thương mại; - Hoạt động môi giới bản quyền (sắp xếp cho việc mua và bán bản quyền); - Tư vấ",internet
316948746,CÔNG TY TNHH XÂY DỰNG THƯƠNG MẠI DỊCH VỤ NÔNG SẢN XUÂN LÂM,CÔNG TY TNHH XÂY DỰNG THƯƠNG M,Công ty trách nhiệm hữu hạn một thành viên,"6/3 Nguyễn Bỉnh Khiêm, Phường 1, Quận Gò Vấp, Thành phố Hồ Chí Minh, Việt Nam",Quận Gò Vấp,"1391: Sản xuất vải dệt kim, vải đan móc và vải không dệt khác-(trừ trang phục) (trừ tẩy nhuộm, hồ, in và không gia công hàng đã qua sử dụng, thuộc da, luyện cán cao su tại trụ sở);1392:",internet
316950086,CÔNG TY TNHH THƯƠNG MẠI DỊCH VỤ MR. D KITCHEN,CÔNG TY TNHH THƯƠNG MẠI DỊCH V,Công ty trách nhiệm hữu hạn một thành viên,"6/6 Nguyễn Bỉnh Khiêm, Phường 1, Quận Gò Vấp, Thành phố Hồ Chí Minh, Việt Nam",Quận Gò Vấp,"4620: Bán buôn nông, lâm sản nguyên liệu (trừ gỗ, tre, nứa) và động vật sống-(không hoạt động tại trụ sở);4631: Bán buôn gạo, lúa mỳ, hạt ngũ cốc khác, bột mỳ-(không hoạt động tại trụ sở);4632: Bán bu",internet
316951724,CÔNG TY CỔ PHẦN ĐẦU TƯ THƯƠNG MẠI & DỊCH VỤ PHÚC AN TÂM,CÔNG TY CỔ PHẦN ĐẦU TƯ THƯƠNG ,Công ty cổ phần,"41 Đường 51, Phường 14, Quận Gò Vấp, Thành phố Hồ Chí Minh, Việt Nam",Quận Gò Vấp,"4773: Bán lẻ hàng hóa khác mới trong các cửa hàng chuyên doanh-Chi tiết: Bán lẻ máy móc, thiết bị y tế; Bán lẻ vật tư nguyên liệu, dụng cụ y tế; Bán lẻ máy đo tiểu đường; Bán lẻ máy bơm isulin cho ngư",internet
316955373,CÔNG TY TNHH NI-MEDSERVICES VIETNAM,CÔNG TY TNHH NIMEDSERVICES VIE,Công ty trách nhiệm hữu hạn một thành viên,"319/12 Lê Văn Thọ, Phường 9, Quận Gò Vấp, Thành phố Hồ Chí Minh, Việt Nam",Quận Gò Vấp,"4773: Bán lẻ hàng hóa khác mới trong các cửa hàng chuyên doanh-(trừ bán lẻ bình gas, khí dầu mỏ hóa lỏng LPG, dầu nhớt cặn, vàng miếng, súng, đạn loại dùng đi săn hoặc thể thao và tiền kim khí; trừ bá",internet
316955197,CÔNG TY TNHH THE DEOSD,CÔNG TY TNHH THE DEOSD,Công ty trách nhiệm hữu hạn một thành viên,"965/120/5 Quang Trung, Phường 14, Quận Gò Vấp, Thành phố Hồ Chí Minh, Việt Nam",Quận Gò Vấp,"4652: Bán buôn thiết bị và linh kiện điện tử, viễn thông-Chi tiết: Bán buôn linh kiện, phụ kiện điện thoại;4649: Bán buôn đồ dùng khác cho gia đình-Chi tiết :  Bán buôn đồ điện gia dụng, đèn và bộ đèn",internet
316956105,CÔNG TY TNHH MTV HAHA FARM,CÔNG TY TNHH MTV HAHA FARM,Công ty trách nhiệm hữu hạn một thành viên,"709 Nguyễn Kiệm, Phường 3, Quận Gò Vấp, Thành phố Hồ Chí Minh, Việt Nam",Quận Gò Vấp,"6399: Dịch vụ thông tin khác chưa được phân vào đâu-;7010: Hoạt động của trụ sở văn phòng-;7020: Hoạt động tư vấn quản lý-(Trừ tư vấn pháp luật, dịch vụ pháp lý);7310: Quảng cáo-;7320: Nghiên cứu thị ",internet
316956391,CÔNG TY TNHH THƯƠNG MẠI VĂN PHÒNG VÀ DỊCH VỤ TÀI CHÍNH LINH NGÔ,CÔNG TY TNHH THƯƠNG MẠI VĂN PH,Công ty trách nhiệm hữu hạn một thành viên,"49/93 Quang Trung, Phường 10, Quận Gò Vấp, Thành phố Hồ Chí Minh, Việt Nam",Quận Gò Vấp,"1812: Dịch vụ liên quan đến in-;3312: Sửa chữa máy móc, thiết bị-(trừ gia công cơ khí, tái chế phế thải, xi mạ điện);7730: Cho thuê máy móc, thiết bị và đồ dùng hữu hình khác không kèm người điều khiể",internet
316956553,CÔNG TY CỔ PHẦN DƯỢC PHẨM VINSUNPHA,CÔNG TY CỔ PHẦN DƯỢC PHẨM VINS,Công ty cổ phần,"Tầng 1 Số 100 Đường số 10, Cityland Park Hills, Phường 10, Quận Gò Vấp, Thành phố Hồ Chí Minh, Việt Nam",Quận Gò Vấp,"1079: Sản xuất thực phẩm khác chưa được phân vào đâu-Chi tiết: Sản xuất thực phẩm chức năng. (không hoạt động tại trụ sở).;2023: Sản xuất mỹ phẩm, xà phòng, chất tẩy rửa, làm bóng và chế phẩm vệ sinh-",internet
316958769,CÔNG TY TNHH SẢN XUẤT VÀ THƯƠNG MẠI THỰC PHẨM AQUA,CÔNG TY TNHH SẢN XUẤT VÀ THƯƠN,Công ty trách nhiệm hữu hạn một thành viên,"469/30B Nguyễn Oanh, Phường 17, Quận Gò Vấp, Thành phố Hồ Chí Minh, Việt Nam",Quận Gò Vấp,"0163: Hoạt động dịch vụ sau thu hoạch-(Chi tiết: Hoạt động thu gom, đóng gói nông sản sau thu hoạch);1010: Chế biến, bảo quản thịt và các sản phẩm từ thịt-(không giết mổ gia súc, gia cầm tại trụ sở);1",internet
316960101,CÔNG TY TNHH STATION,CÔNG TY TNHH STATION,Công ty trách nhiệm hữu hạn một thành viên,"Số 1479/18/2/33 Lê Đức Thọ, Phường 14, Quận Gò Vấp, Thành phố Hồ Chí Minh, Việt Nam",Quận Gò Vấp,"4781: Bán lẻ lương thực, thực phẩm, đồ uống, thuốc lá, thuốc lào lưu động hoặc tại chợ-(thực hiện theo quyết định 64/2009/QĐ-UBND ngày 31/07/2009 và quyết định số 79/2009/QĐ-UBND ngày 17/10/2009 của Ủ",internet
316960655,CÔNG TY TNHH ANH COMESTICS - BEAUTY & SKINCARE,CÔNG TY TNHH ANH COMESTICS  BE,Công ty trách nhiệm hữu hạn một thành viên,"Số 549/44/15 Lê Văn Thọ, Phường 14, Quận Gò Vấp, Thành phố Hồ Chí Minh, Việt Nam",Quận Gò Vấp,"4791: Bán lẻ theo yêu cầu đặt hàng qua bưu điện hoặc internet-(Trừ hoạt động đấu giá tài sản) 
(trừ bán lẻ bình gas, súng, đạn loại dùng đi săn hoặc thể thao và tiền kim khí và thực hiện theo Quyết đị",internet
316961698,CÔNG TY TNHH THƯƠNG MẠI DỊCH VỤ TRÍ TOÀN,CÔNG TY TNHH THƯƠNG MẠI DỊCH V,Công ty trách nhiệm hữu hạn một thành viên,"385/83 Lê Văn Thọ, Phường 9, Quận Gò Vấp, Thành phố Hồ Chí Minh, Việt Nam",Quận Gò Vấp,"4299: Xây dựng công trình kỹ thuật dân dụng khác-Chi tiết: Xây dựng công trình hạ tầng kỹ thuật. Xây dựng cơ sở hạ tầng. Xây dựng đường nội bộ. Xây dựng công trình thủy lợi, bến cảng, trạm điện dưới 3",internet
316961881,CÔNG TY TNHH  THƯƠNG MẠI DỊCH VỤ AN MỘC PHÁT,CÔNG TY TNHH  THƯƠNG MẠI DỊCH ,Công ty trách nhiệm hữu hạn một thành viên,"158/68 Phạm Văn Chiêu, Phường 9, Quận Gò Vấp, Thành phố Hồ Chí Minh, Việt Nam",Quận Gò Vấp,"5510: Dịch vụ lưu trú ngắn ngày-Chi tiết: Khách sạn, biệt thự du lịch, căn hộ du lịch, nhà nghỉ du lịch, nhà ở có phòng cho khách du lịch thuê;5590: Cơ sở lưu trú khác-(không hoạt động tại trụ sở);102",internet
316961521,CÔNG TY TNHH LTRELLI,CÔNG TY TNHH LTRELLI,Công ty trách nhiệm hữu hạn một thành viên,"Số 332/101/7 Đường số 11, Phường 5, Quận Gò Vấp, Thành phố Hồ Chí Minh, Việt Nam",Quận Gò Vấp,"4632: Bán buôn thực phẩm-Chi tiết: Bán buôn, xuất nhập khẩu thực phẩm (không hoạt động tại trụ sở).;4620: Bán buôn nông, lâm sản nguyên liệu (trừ gỗ, tre, nứa) và động vật sống-Chi tiết: Bán buôn, xuấ",internet
316966664,CÔNG TY TNHH GIGATEC,CÔNG TY TNHH GIGATEC,Công ty trách nhiệm hữu hạn hai thành viên trở lên,"183/72/3, Đường số 10, Phường 8, Quận Gò Vấp, Thành phố Hồ Chí Minh, Việt Nam",Quận Gò Vấp,"6820: Tư vấn, môi giới, đấu giá bất động sản, đấu giá quyền sử dụng đất-Chi tiết: Tư vấn, quản lý, môi giới bất động sản (trừ tư vấn mang tính pháp lý);4101: Xây dựng nhà để ở-;4102: Xây dựng nhà khôn",internet
316969778,CÔNG TY TNHH TM NHƯ ANH,CÔNG TY TNHH TM NHƯ ANH,Công ty trách nhiệm hữu hạn hai thành viên trở lên,"Số 28 Phạm Ngũ Lão, Phường 3, Quận Gò Vấp, Thành phố Hồ Chí Minh, Việt Nam",Quận Gò Vấp,4721: Bán lẻ lương thực trong các cửa hàng chuyên doanh-(thực hiện theo quyết định 64/2009/QĐ-UBND ngày 31/07/2009 và quyết định số 79/2009/QĐ-UBND ngày 17/10/2009 của Ủy ban nhân dân TP. Hồ Chí Minh ,internet
316970501,CÔNG TY CỔ PHẦN THIẾT BỊ HIFI,CÔNG TY CỔ PHẦN THIẾT BỊ HIFI,Công ty cổ phần,"Số 51/18 Nguyên Hồng, Phường 1, Quận Gò Vấp, Thành phố Hồ Chí Minh, Việt Nam",Quận Gò Vấp,"4690: Bán buôn tổng hợp-(Trừ loại Nhà nước cấm)
(không tồn trữ hóa chất; trừ bán buôn phế liệu, phế thải kim loại, phi kim loại, khí dầu mỏ hóa lỏng LPG và thực hiện theo Quyết định 64/2009/QĐ-UBND ng",internet
316970879,CÔNG TY TNHH THƯƠNG MẠI DỊCH VỤ PHỤ TÙNG LINH KIỆN LINH VŨ,CÔNG TY TNHH THƯƠNG MẠI DỊCH V,Công ty trách nhiệm hữu hạn một thành viên,"54 Đường số 21, Phường 8, Quận Gò Vấp, Thành phố Hồ Chí Minh, Việt Nam",Quận Gò Vấp,"4799: Bán lẻ hình thức khác chưa được phân vào đâu-(trừ bán lẻ bình gas, khí dầu mỏ hóa lỏng LPG, dầu nhớt cặn, vàng miếng, súng, đạn loại dùng đi săn hoặc thể thao và tiền kim khí; trừ bán lẻ hóa chấ",internet
316969619,CÔNG TY TNHH THƯƠNG MẠI DỊCH VỤ THỰC PHẨM HỮU THỦY,CÔNG TY TNHH THƯƠNG MẠI DỊCH V,Công ty trách nhiệm hữu hạn một thành viên,"572 Phạm Văn Chiêu, Phường 16, Quận Gò Vấp, Thành phố Hồ Chí Minh, Việt Nam",Quận Gò Vấp,"4610: Đại lý, môi giới, đấu giá hàng hóa-(trừ đấu giá).;4620: Bán buôn nông, lâm sản nguyên liệu (trừ gỗ, tre, nứa) và động vật sống-(không hoạt động tại trụ sở);4631: Bán buôn gạo, lúa mỳ, hạt ngũ cố",internet
316971248,CÔNG TY TNHH TSNA ENTERTAINMENT,CÔNG TY TNHH TSNA ENTERTAINMEN,Công ty trách nhiệm hữu hạn một thành viên,"240/06/04 Phạm Văn Chiêu, Phường 9, Quận Gò Vấp, Thành phố Hồ Chí Minh, Việt Nam",Quận Gò Vấp,"5913: Hoạt động phát hành phim điện ảnh, phim video và chương trình truyền hình-Chi tiết: Hoạt động phát hành phim điện ảnh, phim video (không thực hiện các hiệu ứng cháy nổ và cam kết không sử dụng c",internet
316971488,CÔNG TY CỔ PHẦN ĐẦU TƯ THƯƠNG MẠI QUỐC CƠ,CÔNG TY CỔ PHẦN ĐẦU TƯ THƯƠNG ,Công ty cổ phần,"435/26 Thống Nhất, Phường 11, Quận Gò Vấp, Thành phố Hồ Chí Minh, Việt Nam",Quận Gò Vấp,"2630: Sản xuất thiết bị truyền thông-chi tiết: sản xuất, lắp ráp thiết bị báo động, báo trộm, báo cháy, camera quan sát, hệ thống thông tin liên lạc (không sản xuất tại trụ sở và trừ gia công cơ khí, ",internet
316973277,CÔNG TY TNHH 3N EDUCATION,CÔNG TY TNHH 3N EDUCATION,Công ty trách nhiệm hữu hạn hai thành viên trở lên,"240/06/04 Phạm Văn Chiêu, Phường 9, Quận Gò Vấp, Thành phố Hồ Chí Minh, Việt Nam",Quận Gò Vấp,8552: Giáo dục văn hoá nghệ thuật-Chi tiết: (trừ kinh doanh vũ trường);8551: Giáo dục thể thao và giải trí-Chi tiết: (trừ kinh doanh vũ trường);6201: Lập trình máy vi tính-;6202: Tư vấn máy vi tính và,internet
316973245,CÔNG TY TNHH GESCO,CÔNG TY TNHH GESCO,Công ty trách nhiệm hữu hạn một thành viên,"994 Quang Trung, Phường 8, Quận Gò Vấp, Thành phố Hồ Chí Minh, Việt Nam",Quận Gò Vấp,"2023: Sản xuất mỹ phẩm, xà phòng, chất tẩy rửa, làm bóng và chế phẩm vệ sinh-(không hoạt động tại trụ sở).;4641: Bán buôn vải, hàng may mặc, giày dép-;4649: Bán buôn đồ dùng khác cho gia đình-Chi tiết",internet
316971897,CÔNG TY TNHH SẢN XUẤT - THƯƠNG MẠI - DỊCH VỤ MỘC XUÂN THỦY,CÔNG TY TNHH SẢN XUẤT  THƯƠNG ,Công ty trách nhiệm hữu hạn hai thành viên trở lên,"461 Tân Sơn, Phường 12, Quận Gò Vấp, Thành phố Hồ Chí Minh, Việt Nam",Quận Gò Vấp,"4799: Bán lẻ hình thức khác chưa được phân vào đâu-(trừ bán lẻ bình gas, khí dầu mỏ hóa lỏng LPG, dầu nhớt cặn, vàng miếng, súng, đạn loại dùng đi săn hoặc thể thao và tiền kim khí; trừ bán lẻ hóa chấ",internet
316971054,CÔNG TY TNHH THỰC PHẨM MPH,CÔNG TY TNHH THỰC PHẨM MPH,Công ty trách nhiệm hữu hạn hai thành viên trở lên,"640/6 Phan Văn Trị, Phường 10, Quận Gò Vấp, Thành phố Hồ Chí Minh, Việt Nam",Quận Gò Vấp,"4722: Bán lẻ thực phẩm trong các cửa hàng chuyên doanh-Bán lẻ thực phẩm trong các cửa hàng chuyên doanh.
(thực hiện theo quyết định 64/2009/QĐ-UBND ngày 31/07/2009 và quyết định số 79/2009/QĐ-UBND ngà",internet
316974249,CÔNG TY TNHH HPCOFFEELAND,CÔNG TY TNHH HPCOFFEELAND,Công ty trách nhiệm hữu hạn một thành viên,"148/56 Đường 59, Phường 14, Quận Gò Vấp, Thành phố Hồ Chí Minh, Việt Nam",Quận Gò Vấp,"0150: Trồng trọt, chăn nuôi hỗn hợp-- Dịch vụ cung cấp giống cây trồng và vật nuôi;4690: Bán buôn tổng hợp-(trừ bán lẻ bình gas, khí dầu mỏ hóa lỏng LPG và dầu nhớt cặn, dược phẩm, vàng miếng, súng, đ",internet
316971230,CÔNG TY TNHH THƯƠNG MẠI - DỊCH VỤ TSI,CÔNG TY TNHH THƯƠNG MẠI  DỊCH ,Công ty trách nhiệm hữu hạn hai thành viên trở lên,"307/05/03 Phạm Văn Chiêu, Phường 14, Quận Gò Vấp, Thành phố Hồ Chí Minh, Việt Nam",Quận Gò Vấp,"1077: Sản xuất cà phê-;4610: Đại lý, môi giới, đấu giá hàng hóa-(trừ đấu giá tài sản);4620: Bán buôn nông, lâm sản nguyên liệu (trừ gỗ, tre, nứa) và động vật sống-(Không hoạt động tại trụ sở);4632: Bá",internet
316974922,CÔNG TY TNHH VNETWORK,CÔNG TY TNHH VNETWORK,Công ty trách nhiệm hữu hạn một thành viên,"Số 1358/28/2a Quang Trung, Phường 14, Quận Gò Vấp, Thành phố Hồ Chí Minh, Việt Nam",Quận Gò Vấp,"6311: Xử lý dữ liệu, cho thuê và các hoạt động liên quan-;6209: Hoạt động dịch vụ công nghệ thông tin và dịch vụ khác liên quan đến máy vi tính-;7310: Quảng cáo-(Trừ quảng cáo thuốc lá);6110: Hoạt độn",network
316975242,CÔNG TY TNHH THỰC PHẨM THANH TRÚC,CÔNG TY TNHH THỰC PHẨM THANH T,Công ty trách nhiệm hữu hạn một thành viên,"Số 7 đường An Hội , Phường 13, Quận Gò Vấp, Thành phố Hồ Chí Minh, Việt Nam",Quận Gò Vấp,4721: Bán lẻ lương thực trong các cửa hàng chuyên doanh-(Thực hiện theo Quyết định số 64/2009/QĐ-UBND ngày 31/07/2009 của Uỷ ban nhân dân Thành phố Hồ Chí Minh và Quyết định 79/2009/QĐ-UBND ngày 17/10,internet
316975563,CÔNG TY TNHH VITAMAX ASIA,CÔNG TY TNHH VITAMAX ASIA,Công ty trách nhiệm hữu hạn hai thành viên trở lên,"120 An Nhơn, Phường 17, Quận Gò Vấp, Thành phố Hồ Chí Minh, Việt Nam",Quận Gò Vấp,"4759: Bán lẻ đồ điện gia dụng, giường, tủ, bàn, ghế và đồ nội thất tương tự, đèn và bộ đèn điện, đồ dùng gia đình khác chưa được phân vào đâu  trong các cửa hàng chuyên doanh-; 4761: Bán lẻ sách, báo,",internet
316973598,CÔNG TY TNHH THƯƠNG MẠI DỊCH VỤ QUẢNG CÁO TRUYỀN THÔNG PHƯƠNG NAM,CÔNG TY TNHH THƯƠNG MẠI DỊCH V,Công ty trách nhiệm hữu hạn một thành viên,"81/20A Huỳnh Văn Nghệ, Phường 12, Quận Gò Vấp, Thành phố Hồ Chí Minh, Việt Nam",Quận Gò Vấp,7830: Cung ứng và quản lý nguồn lao động-Chi tiết: Cung ứng và quản lý nguồn lao động trong nước (chỉ được hoạt động khi có giấy phép hoạt động giới thiệu việc làm);9511: Sửa chữa máy vi tính và thiết,internet
316977200,CÔNG TY TNHH TRUYỀN THÔNG Z MEDIA,CÔNG TY TNHH TRUYỀN THÔNG Z ME,Công ty trách nhiệm hữu hạn một thành viên,"21/17 Đường số 11 , Phường 11, Quận Gò Vấp, Thành phố Hồ Chí Minh, Việt Nam",Quận Gò Vấp,"6120: Hoạt động viễn thông không dây-(trừ cung cấp dịch vụ truy cập, truy nhập internet tại trụ sở).;6201: Lập trình máy vi tính-Chi tiết: Lập trình máy vi tính. Sản xuất phần mềm.;6202: Tư vấn máy vi",internet
316978123,CÔNG TY TNHH TƯ VẤN ĐẦU TƯ PHÁT TRIỂN AN SINH TOÀN CẦU,CÔNG TY TNHH TƯ VẤN ĐẦU TƯ PHÁ,Công ty trách nhiệm hữu hạn một thành viên,"237/98 Phạm Văn Chiêu, Phường 14, Quận Gò Vấp, Thành phố Hồ Chí Minh, Việt Nam",Quận Gò Vấp,"4649: Bán buôn đồ dùng khác cho gia đình-Chi tiết: Bán buôn thuốc và dụng cụ y tế. Bán buôn nước hoa, hàng mỹ phẩm và chế phẩm vệ sinh. Bán buôn đồ dùng khác cho gia đình (trừ dược phẩm);4632: Bán buô",internet
316981535,CÔNG TY TNHH CÔNG NGHỆ BẦU TRỜI MỚI,CÔNG TY TNHH CÔNG NGHỆ BẦU TRỜ,Công ty trách nhiệm hữu hạn một thành viên,"29/2/4 Đường Lê Đức Thọ, Phường 7, Quận Gò Vấp, Thành phố Hồ Chí Minh, Việt Nam",Quận Gò Vấp,"3312: Sửa chữa máy móc, thiết bị-;4649: Bán buôn đồ dùng khác cho gia đình-;4651: Bán buôn máy vi tính, thiết bị ngoại vi và phần mềm-;4652: Bán buôn thiết bị và linh kiện điện tử, viễn thông-;4653: B",internet
316982070,CÔNG TY TNHH MỘT THÀNH VIÊN ĐẤT NƯỚC THÂN THIỆN,CÔNG TY TNHH MỘT THÀNH VIÊN ĐẤ,Công ty trách nhiệm hữu hạn một thành viên,"236/27 Thống Nhất, Phường 10, Quận Gò Vấp, Thành phố Hồ Chí Minh, Việt Nam",Quận Gò Vấp,"4724: Bán lẻ sản phẩm thuốc lá, thuốc lào trong các cửa hàng chuyên doanh-(Thực hiện theo Quyết định số 64/2009/QĐ-UBND ngày 31/7/2009 và Quyết định số 79/2009/QĐ-UBND ngày 17/10/2009 của UBND TP. HCM",internet
316983123,CÔNG TY TNHH TBYT VÀ DƯỢC PHẨM AN TÍN,CÔNG TY TNHH TBYT VÀ DƯỢC PHẨM,Công ty trách nhiệm hữu hạn một thành viên,"Số 1351 Phan Văn Trị, Phường 10, Quận Gò Vấp, Thành phố Hồ Chí Minh, Việt Nam",Quận Gò Vấp,4632: Bán buôn thực phẩm-(Không hoạt động tại trụ sở);4722: Bán lẻ thực phẩm trong các cửa hàng chuyên doanh-(Thực hiện theo quyết định 64/2009/QĐ-UBND ngày 31/7/2009 và quyết định 79/2009/QĐ-UBND ngà,internet
316987304,CÔNG TY TNHH THƯƠNG MẠI DỊCH VỤ KỸ THUẬT TÂN NHẬT MINH,CÔNG TY TNHH THƯƠNG MẠI DỊCH V,Công ty trách nhiệm hữu hạn một thành viên,"102/93 Lê Văn Thọ, Phường 11, Quận Gò Vấp, Thành phố Hồ Chí Minh, Việt Nam",Quận Gò Vấp,"2620: Sản xuất máy vi tính và thiết bị ngoại vi của máy vi tính-Chi tiết: Sản xuất các thiết bị phần cứng công nghệ thông tin, viễn thông (không hoạt động tại trụ sở).;4299: Xây dựng công trình kỹ thu",internet
316987671,CÔNG TY TNHH TƯ VẤN ĐẦU TƯ ĐỊA ỐC ANH HƯNG,CÔNG TY TNHH TƯ VẤN ĐẦU TƯ ĐỊA,Công ty trách nhiệm hữu hạn một thành viên,"578/36/2 Lê Quang Định, Phường 1, Quận Gò Vấp, Thành phố Hồ Chí Minh, Việt Nam",Quận Gò Vấp,"4649: Bán buôn đồ dùng khác cho gia đình-Chi tiết: Bán buôn đồ dùng khác cho gia đình; Bán buôn giường, tủ, bàn ghế và đồ dùng nội thất tương tự.;4659: Bán buôn máy móc, thiết bị và phụ tùng máy khác-",internet
316987872,CÔNG TY TNHH THIẾT KẾ - XÂY DỰNG LEE,CÔNG TY TNHH THIẾT KẾ  XÂY DỰN,Công ty trách nhiệm hữu hạn một thành viên,"29/17 Nguyễn Văn Khối, Phường 11, Quận Gò Vấp, Thành phố Hồ Chí Minh, Việt Nam",Quận Gò Vấp,"6820: Tư vấn, môi giới, đấu giá bất động sản, đấu giá quyền sử dụng đất-Chi tiết: - Dịch vụ quản lý bất động sản trên cơ sở phí hoặc hợp đồng. Tư vấn bất động sản (trừ tư vấn pháp lý). Môi giới bất độ",internet
316987921,CÔNG TY TNHH SẢN XUẤT THƯƠNG MẠI DỊCH VỤ THANH VI PAPER,CÔNG TY TNHH SẢN XUẤT THƯƠNG M,Công ty trách nhiệm hữu hạn một thành viên,"907 Đường Phạm Văn Bạch, Phường 12, Quận Gò Vấp, Thành phố Hồ Chí Minh, Việt Nam",Quận Gò Vấp,"4781: Bán lẻ lương thực, thực phẩm, đồ uống, thuốc lá, thuốc lào lưu động hoặc tại chợ-(Thực hiện theo Quyết định 64/2009/QĐ-UBND ngày 31/07/2009 và Quyết định 79/2009/QĐ-UBND ngày 17/10/2009 của Uỷ B",internet
316988837,CÔNG TY TNHH THẢO DƯỢC KHẢI LINH,CÔNG TY TNHH THẢO DƯỢC KHẢI LI,Công ty trách nhiệm hữu hạn một thành viên,"685/2 Quang Trung, Phường 8, Quận Gò Vấp, Thành phố Hồ Chí Minh, Việt Nam",Quận Gò Vấp,"8230: Tổ chức giới thiệu và xúc tiến thương mại-(không thực hiện các hiệu ứng cháy nổ và không sử dụng chất nổ, chất cháy, hóa chất làm đạo cụ, dụng cụ thực hiện các chương trình văn nghệ, sự kiện, ph",internet
316993273,CÔNG TY TNHH ENTER VN SOURCING,CÔNG TY TNHH ENTER VN SOURCING,Công ty trách nhiệm hữu hạn một thành viên,"32 Thiên Hộ Dương, Phường 1, Quận Gò Vấp, Thành phố Hồ Chí Minh, Việt Nam",Quận Gò Vấp,"4610: Đại lý, môi giới, đấu giá hàng hóa-Chi tiết: Dịch vụ đại lý;4620: Bán buôn nông, lâm sản nguyên liệu (trừ gỗ, tre, nứa) và động vật sống-(Không hoạt động tại trụ sở);4632: Bán buôn thực phẩm-(Kh",internet
316994855,CÔNG TY CỔ PHẦN DƯỢC MỸ PHẨM HYON,CÔNG TY CỔ PHẦN DƯỢC MỸ PHẨM H,Công ty cổ phần,"702/48/9 Lê Đức Thọ, Phường 15, Quận Gò Vấp, Thành phố Hồ Chí Minh, Việt Nam",Quận Gò Vấp,"4649: Bán buôn đồ dùng khác cho gia đình-Chi tiết : Bán buôn dược phẩm và dụng cụ y tế. Bán buôn nước hoa, hàng mỹ phẩm và chế phẩm vệ sinh. Bán buôn máy, thiết bị y tế loại sử dụng trong gia đình như",internet
316995898,CÔNG TY TNHH XUẤT NHẬP KHẨU ĐẦU TƯ THƯƠNG MẠI DỊCH VỤ ĐẠI PHÚ KHANG,CÔNG TY TNHH XUẤT NHẬP KHẨU,Công ty trách nhiệm hữu hạn hai thành viên trở lên,"257 A14 Nguyễn Văn Lượng, Phường 10, Quận Gò Vấp, Thành phố Hồ Chí Minh, Việt Nam",Quận Gò Vấp,"8292: Dịch vụ đóng gói-(trừ đóng gói thuốc bảo vệ thực vật);8230: Tổ chức giới thiệu và xúc tiến thương mại-(không thực hiện các hiệu ứng cháy, nổ, không sử dụng chất nổ, chất cháy, hóa chất làm đạo c",internet
316996549,CÔNG TY TNHH  XUẤT NHẬP KHẨU THƯƠNG MẠI THIÊN Y,CÔNG TY TNHH  XUẤT NHẬP KHẨU T,Công ty trách nhiệm hữu hạn một thành viên,"385/83/5 Lê Văn Thọ, Phường 9, Quận Gò Vấp, Thành phố Hồ Chí Minh, Việt Nam",Quận Gò Vấp,"4631: Bán buôn gạo, lúa mỳ, hạt ngũ cốc khác, bột mỳ-(không hoạt động tại trụ sở);4632: Bán buôn thực phẩm-(không hoạt động tại trụ sở);4610: Đại lý, môi giới, đấu giá hàng hóa-Chi tiết: Đại lý bán hà",internet
316996122,CÔNG TY TNHH ĐỖ NGUYỄN VN,CÔNG TY TNHH ĐỖ NGUYỄN VN,Công ty trách nhiệm hữu hạn một thành viên,"544 Nguyễn Văn Khối, Phường 8, Quận Gò Vấp, Thành phố Hồ Chí Minh, Việt Nam",Quận Gò Vấp,"1391: Sản xuất vải dệt kim, vải đan móc và vải không dệt khác-(không hoạt động tại trụ sở);1392: Sản xuất hàng dệt sẵn (trừ trang phục)-(không hoạt động tại trụ sở);1393: Sản xuất thảm, chăn, đệm-(khô",internet
316998384,CÔNG TY CỔ PHẦN DV TƯ VẤN ĐẦU TƯ VÀ MÔI GIỚI BĐS SAMHOME,CÔNG TY CỔ PHẦN DV TƯ VẤN ĐẦU ,Công ty cổ phần,"99/5 Đường 59, Phường 14, Quận Gò Vấp, Thành phố Hồ Chí Minh, Việt Nam",Quận Gò Vấp,"8230: Tổ chức giới thiệu và xúc tiến thương mại-(không thực hiện các hiệu ứng cháy, nổ; không sử dụng chất nổ, chất cháy, hóa chất làm đạo cụ, dụng cụ thực hiện các chương trình văn nghệ, sự kiện, phi",internet
316999740,CÔNG TY TNHH MTV THƯƠNG MẠI DỊCH VỤ TRIẾT NHÂN,CÔNG TY TNHH MTV THƯƠNG MẠI DỊ,Công ty trách nhiệm hữu hạn một thành viên,"309 Phạm Văn Đồng, Phường 1, Quận Gò Vấp, Thành phố Hồ Chí Minh, Việt Nam",Quận Gò Vấp,"5510: Dịch vụ lưu trú ngắn ngày-Chi tiết: Khách sạn, biệt thự du lịch, căn hộ du lịch, nhà nghỉ du lịch, nhà ở có phòng cho khách du lịch thuê (không hoạt động tại trụ sở).;5590: Cơ sở lưu trú khác-;5",internet
317000383,CÔNG TY TNHH THƯƠNG MẠI DỊCH VỤ KỸ THUẬT BẢO GIANG,CÔNG TY TNHH THƯƠNG MẠI DỊCH,Công ty trách nhiệm hữu hạn một thành viên,"1288 Lê Đức Thọ, Phường 13, Quận Gò Vấp, Thành phố Hồ Chí Minh, Việt Nam",Quận Gò Vấp,"4659: Bán buôn máy móc, thiết bị và phụ tùng máy khác-;4101: Xây dựng nhà để ở-;4102: Xây dựng nhà không để ở-;4211: Xây dựng công trình đường sắt-;4212: Xây dựng công trình đường bộ-;4221: Xây dựng c",internet
317000753,CÔNG TY TNHH ĐẦU TƯ THƯƠNG MẠI DỊCH VỤ NGUYỄN HOÀNG CITY GROUP,CÔNG TY TNHH ĐẦU TƯ THƯƠNG MẠI,Công ty trách nhiệm hữu hạn một thành viên,"1295/22C Đường Lê Đức Thọ, Phường 13, Quận Gò Vấp, Thành phố Hồ Chí Minh, Việt Nam",Quận Gò Vấp,"4932: Vận tải hành khách đường bộ khác-Chi tiết: Vận tải hành khách bằng xe khách nội tỉnh, liên tỉnh.;4933: Vận tải hàng hóa bằng đường bộ-( trừ hóa lỏng khí để vận chuyển);4511: Bán buôn ô tô và xe ",internet
317000827,CÔNG TY CỔ PHẦN THƯƠNG MẠI QUỐC TẾ T-GROUP,CÔNG TY CỔ PHẦN THƯƠNG MẠI QUỐ,Công ty cổ phần,"136/1 Nguyễn Oanh, Phường 17, Quận Gò Vấp, Thành phố Hồ Chí Minh, Việt Nam",Quận Gò Vấp,"0111: Trồng lúa-(không hoạt động tại trụ sở); 0113: Trồng cây lấy củ có chất bột-(không hoạt động tại trụ sở); 0117: Trồng cây có hạt chứa dầu-(không hoạt động tại trụ sở); 0118: Trồng rau, đậu các lo",internet
317000136,CÔNG TY TNHH UY PHÚC,CÔNG TY TNHH UY PHÚC,Công ty trách nhiệm hữu hạn một thành viên,"54/3E Lê Văn Thọ, Phường 11, Quận Gò Vấp, Thành phố Hồ Chí Minh, Việt Nam",Quận Gò Vấp,"4520: Bảo dưỡng, sửa chữa ô tô và xe có động cơ khác-;4530: Bán phụ tùng và các bộ phận phụ trợ của ô tô và xe có động cơ khác-;4542: Bảo dưỡng và sửa chữa mô tô, xe máy-;4543: Bán phụ tùng và các bộ ",internet
