tax_code,name,name_slug,company_type,address,district,industry_raw,keyword
313597899,DOANH NGHIỆP TƯ NHÂN TRIỆU THANH NGA,DOANH NGHIỆP TƯ NHÂN TRIỆU THA,Doanh nghiệp tư nhân,"17/2 đường số 7, phường 04, Quận 4, Thành phố Hồ Chí Minh, Việt Nam",Quận 4,4722: Bán lẻ thực phẩm trong các cửa hàng chuyên doanh-(thực hiện theo Quyết định số 64/2009/QÐ-UBND ngày 31/07/2009 và Quyết định số 79/2009/QÐ-UBND ngày 17/10/2009 của Ủy Ban Nhân Dân TP. Hồ Chí Min,internet
313671077,CÔNG TY TNHH THƯƠNG MẠI DỊCH VỤ ANH HUY GLOBAL,CÔNG TY TNHH THƯƠNG MẠI DỊCH V,Công ty trách nhiệm hữu hạn hai thành viên trở lên,"63 Khánh Hội, phường 03, Quận 4, Thành phố Hồ Chí Minh, Việt Nam",Quận 4,"4669: Bán buôn chuyên doanh khác chưa được phân vào đâu-Chi tiết: Bán buôn phụ liệu may mặc;7810: Hoạt động của các trung tâm, đại lý tư vấn, giới thiệu và môi giới lao động, việc làm-Chi tiết: Hoạt đ",internet
313762045,DOANH NGHIỆP TƯ NHÂN  GAME GIẢI TRÍ THIÊN ĐỊNH,DOANH NGHIỆP TƯ NHÂN  GAME GIẢ,Doanh nghiệp tư nhân,"277/50A Bến Vân Đồn, Phường 02, Quận 4, Thành phố Hồ Chí Minh, Việt Nam",Quận 4,"5630: Dịch vụ phục vụ đồ uống-Chi tiết: Quán cà phê, giải khát (trừ kinh doanh quán bar, quán giải khát có khiêu vũ);6190: Hoạt động viễn thông khác-Chi tiết: Hoạt động các điểm truy cập internet. Điể",internet
313816477,CÔNG TY TNHH GLOBAL NEWS NETWORK,CÔNG TY TNHH GLOBAL NEWS NETWO,Công ty trách nhiệm hữu hạn một thành viên,"89/9 Đoàn Văn Bơ, Phường 12, Quận 4, Thành phố Hồ Chí Minh, Việt Nam",Quận 4,"4669: Bán buôn chuyên doanh khác chưa được phân vào đâu-Chi tiết: Bán buôn bao bì, giấy, nhựa và các sản phẩm nhựa. Bán buôn hóa chất công nghiệp (trừ hóa chất có tính độc hại mạnh) (không hoạt động t",network
313800364,CÔNG TY TNHH SMYRNA SOFTWARE,CÔNG TY TNHH SMYRNA SOFTWARE,Công ty trách nhiệm hữu hạn hai thành viên trở lên,"B.15.05, Saigon Royal, 35 Bến Vân Đồn, Phường 12, Quận 4, Thành phố Hồ Chí Minh, Việt Nam",Quận 4,"7020: Hoạt động tư vấn quản lý-Chi tiết: Dịch vụ tư vấn quản lý 
(Doanh nghiệp không được cung cấp: dịch vụ trọng tài hòa giải đối với tranh chấp thương mại giữa các thương nhân, dịch vụ pháp lý, dịch",software
313809127,DOANH NGHIỆP TƯ NHÂN MỸ NHÂN ĐẠI DƯƠNG,DOANH NGHIỆP TƯ NHÂN MỸ NHÂN Đ,Doanh nghiệp tư nhân,"122/8 Tôn Đản , phường 10, Quận 4, Thành phố Hồ Chí Minh, Việt Nam",Quận 4,"4711: Bán lẻ lương thực, thực phẩm, đồ uống, thuốc lá, thuốc lào chiếm tỷ trọng lớn trong các cửa hàng kinh doanh tổng hợp-(Thực hiện theo quyết định 64/2009/QĐ-UBND ngày 31/7/2009 và quyết định 79/20",internet
313822248,CÔNG TY TNHH LIXI TECHNOLOGIES VIETNAM,CÔNG TY TNHH LIXI TECHNOLOGIES,Công ty trách nhiệm hữu hạn hai thành viên trở lên,"tòa nhà H2, 196 Hoàng Diệu, phường 08, Quận 4, Thành phố Hồ Chí Minh, Việt Nam",Quận 4,"6201: Lập trình máy vi tính-(CPC 8424, 842);6202: Tư vấn máy vi tính và quản trị hệ thống máy vi tính-(CPC 841, 8410);6209: Hoạt động dịch vụ công nghệ thông tin và dịch vụ khác liên quan đến máy vi t",internet
313841836,CÔNG TY TNHH TRÒ CHƠI ĐIỆN TỬ LÝ TOÀN,CÔNG TY TNHH TRÒ CHƠI ĐIỆN TỬ ,Công ty trách nhiệm hữu hạn một thành viên,"148/12/30/1/12 đường Tôn Đản, phường 08, Quận 4, Thành phố Hồ Chí Minh, Việt Nam",Quận 4,"5629: Dịch vụ ăn uống khác-;5630: Dịch vụ phục vụ đồ uống-(trừ quán bar, quán giải khát có khiêu vũ);6190: Hoạt động viễn thông khác-Chi tiết: Hoạt động của điểm truy cập internet; Điểm cung cấp dịch ",internet
313714732,CÔNG TY CỔ PHẦN BẤT ĐỘNG SẢN B.LAND,CÔNG TY CỔ PHẦN BẤT ĐỘNG SẢN B,Công ty cổ phần,"Lầu 1, Số 66 Đường Hoàng Diệu, phường 12, Quận 4, Thành phố Hồ Chí Minh, Việt Nam",Quận 4,"6820: Tư vấn, môi giới, đấu giá bất động sản, đấu giá quyền sử dụng đất-Chi tiết: Môi giới bất động sản.  Dịch vụ quản lý bất động sản. Tư vấn bất động sản. Quảng cáo bất động sản. Sàn giao dịch bất đ",internet
313866485,CÔNG TY CỔ PHẦN STARCITI,CÔNG TY CỔ PHẦN STARCITI,Công ty cổ phần,"số 90 Bến Vân Đồn, Phường 09, Quận 4, Thành phố Hồ Chí Minh, Việt Nam",Quận 4,"5229: Hoạt động dịch vụ hỗ trợ khác liên quan đến vận tải-Chi tiết: Môi giới thuê tàu biển, máy bay, phương tiện vận tải thuỷ bộ. Hoạt động của các đại lý bán vé máy bay, tàu hoả;6202: Tư vấn máy vi t",internet
313912420,CÔNG TY CỔ PHẦN XÚC TIẾN THƯƠNG MẠI QUỐC TẾ TIẾN VĂN,CÔNG TY CỔ PHẦN XÚC TIẾN THƯƠN,Công ty cổ phần,"39, Đường số 6, phường 04, Quận 4, Thành phố Hồ Chí Minh, Việt Nam",Quận 4,"1811: In ấn-(trừ in tráng bao bì kim loại, in trên các sản phẩm vải sợi, dệt, may, đan tại trụ sở).;1812: Dịch vụ liên quan đến in-chi tiết: Thiết kế các sản phẩm in như bản phác thảo, maket, bản nháp",internet
313886555,CÔNG TY CỔ PHẦN ABMA VIỆT NAM,CÔNG TY CỔ PHẦN ABMA VIỆT NAM,Công ty cổ phần,"Số 15/2 Đoàn Như Hài, Phường 12, Quận 4, Thành phố Hồ Chí Minh, Việt Nam",Quận 4,"1010: Chế biến, bảo quản thịt và các sản phẩm từ thịt-(không hoạt động tại trụ sở);4329: Lắp đặt hệ thống xây dựng khác-(Trừ gia công cơ khí, tái chế phế thải, xi, mạ điện tại trụ sở);8121: Vệ sinh ch",internet
315568124,CÔNG TY TNHH ĐỔI THAY VÌ MỘT VIỆT NAM BỀN VỮNG,CÔNG TY TNHH ĐỔI THAY VÌ MỘT V,Công ty trách nhiệm hữu hạn một thành viên,"Số 28 Đường số 45, Phường 06, Quận 4, Thành phố Hồ Chí Minh, Việt Nam",Quận 4,"4791: Bán lẻ theo yêu cầu đặt hàng qua bưu điện hoặc internet-(trừ bán lẻ bình gas, khí dầu mỏ hóa lỏng LPG, dầu nhớt cặn, vàng miếng, súng, đạn loại dùng đi săn hoặc thể thao và tiền kim khí; trừ bán",internet
313925892,CÔNG TY TNHH TRÒ CHƠI ĐIỆN TỬ SỸ CÔNG,CÔNG TY TNHH TRÒ CHƠI ĐIỆN TỬ ,Công ty trách nhiệm hữu hạn một thành viên,"267 Bến Văn Đồn, Phường 02, Quận 4, Thành phố Hồ Chí Minh, Việt Nam",Quận 4,"5629: Dịch vụ ăn uống khác-;5630: Dịch vụ phục vụ đồ uống-(trừ quán bar, quán giải khát có khiêu vũ);6190: Hoạt động viễn thông khác-chi tiết: hoạt động của điểm truy cập internet; Điểm cung cấp dịch ",internet
313967444,CÔNG TY TNHH THƯƠNG MẠI CÔNG NGHỆ AN BÌNH,CÔNG TY TNHH THƯƠNG MẠI CÔNG N,Công ty trách nhiệm hữu hạn một thành viên,"Lầu 1, Tòa Nhà H3, 384 Hoàng Diệu, Phường 06, Quận 4, Thành phố Hồ Chí Minh, Việt Nam",Quận 4,"4711: Bán lẻ lương thực, thực phẩm, đồ uống, thuốc lá, thuốc lào chiếm tỷ trọng lớn trong các cửa hàng kinh doanh tổng hợp-Chi tiết: Bán lẻ lương thực; Bán lẻ lòng heo, thịt và các sản phẩm từ thịt, r",internet
314014677,CÔNG TY CỔ PHẦN  ĐẦU TƯ XÂY DỰNG KHÔI NGUYÊN - KALLY,CÔNG TY CỔ PHẦN  ĐẦU TƯ XÂY DỰ,Công ty cổ phần,"47 Hoàng Diệu, phường 12, Quận 4, Thành phố Hồ Chí Minh, Việt Nam",Quận 4,"5510: Dịch vụ lưu trú ngắn ngày-chi tiết: Khách sạn (được công nhận xếp hạng từ 1 sao trở lên);5610: Nhà hàng và các dịch vụ ăn uống phục vụ lưu động-chi tiết: nhà hàng, quán ăn, hàng ăn uống;5630: Dị",internet
313995949,CÔNG TY TNHH HITEK NOVA,CÔNG TY TNHH HITEK NOVA,Công ty trách nhiệm hữu hạn một thành viên,"272/7 Đoàn Văn Bơ, Phường 16, Quận 4, Thành phố Hồ Chí Minh, Việt Nam",Quận 4,"2610: Sản xuất linh kiện điện tử-(không hoạt động tại trụ sở);5820: Xuất bản phần mềm-Chi tiết: Sản xuất, gia công phần mềm;6201: Lập trình máy vi tính-;6202: Tư vấn máy vi tính và quản trị hệ thống m",internet
313983397,CÔNG TY TNHH TRÒ CHƠI ĐIỆN TỬ HỒ THU,CÔNG TY TNHH TRÒ CHƠI ĐIỆN TỬ ,Công ty trách nhiệm hữu hạn một thành viên,"59 Đường số 9, phường 04, Quận 4, Thành phố Hồ Chí Minh, Việt Nam",Quận 4,5629: Dịch vụ ăn uống khác-;5630: Dịch vụ phục vụ đồ uống-(trừ hoạt động quán bar và quán giải khát có khiêu vũ).;6190: Hoạt động viễn thông khác-chi tiết: Hoạt động của các điểm truy cập internet; Đi,internet
313997537,CÔNG TY TNHH TRÒ CHƠI ĐIỆN TỬ THÀNH LONG,CÔNG TY TNHH TRÒ CHƠI ĐIỆN TỬ ,Công ty trách nhiệm hữu hạn một thành viên,"84/35 Đoàn Văn Bơ , Phường 14, Quận 4, Thành phố Hồ Chí Minh, Việt Nam",Quận 4,"5629: Dịch vụ ăn uống khác-(trừ kinh doanh quán bar, quán giải khát có khiêu vũ);5630: Dịch vụ phục vụ đồ uống-(trừ kinh doanh quán bar, quán giải khát có khiêu vũ);6190: Hoạt động viễn thông khác-chi",internet
314069919,CÔNG TY TNHH SAIGON VISION,CÔNG TY TNHH SAIGON VISION,Công ty trách nhiệm hữu hạn hai thành viên trở lên,"Tầng 2, toà nhà Galaxy 9 Residence, số 09 Nguyễn Khoái, Phường 01, Quận 4, Thành phố Hồ Chí Minh, Việt Nam",Quận 4,"4652: Bán buôn thiết bị và linh kiện điện tử, viễn thông-Chi tiết: - Bán buôn tivi, radio, thiết bị vô tuyến, hữu tuyến; - Bán buôn thiết bị truyền thông, truyền hình; - Bán buôn van và ống điện tử; -",internet
314068873,CÔNG TY TNHH TÀI XUÂN,CÔNG TY TNHH TÀI XUÂN,Công ty trách nhiệm hữu hạn một thành viên,"20/16 Nguyễn Trường Tộ, Phường 12, Quận 4, Thành phố Hồ Chí Minh, Việt Nam",Quận 4,"4661: Bán buôn nhiên liệu rắn, lỏng, khí và các sản phẩm liên quan-Chi tiết: Bán buôn săng dầu và các sản phẩm liên quan (trừ kinh doanh khí dầu mỏ hóa lỏng LPG và dầu nhớt cặn) (không hoạt động tại t",internet
314026538,CÔNG TY CỔ PHẦN THỰC PHẨM AN TÍN,CÔNG TY CỔ PHẦN THỰC PHẨM AN T,Công ty cổ phần,"384 Hoàng Diệu, Phường 06, Quận 4, Thành phố Hồ Chí Minh, Việt Nam",Quận 4,"4711: Bán lẻ lương thực, thực phẩm, đồ uống, thuốc lá, thuốc lào chiếm tỷ trọng lớn trong các cửa hàng kinh doanh tổng hợp-Chi tiết: Bán lẻ lương thực, thực phẩm, đồ uống, thuốc lá, thuốc lào chiếm tỷ",internet
314101030,CÔNG TY TNHH GETLINKS VIỆT NAM,CÔNG TY TNHH GETLINKS VIỆT NAM,Công ty trách nhiệm hữu hạn một thành viên,"Lầu 1, Tòa nhà H3, số 384 Hoàng Diệu, Phường 06, Quận 4, Thành phố Hồ Chí Minh, Việt Nam",Quận 4,"7810: Hoạt động của các trung tâm, đại lý tư vấn, giới thiệu và môi giới lao động, việc làm-Chi tiết: Dịch vụ giới thiệu việc làm (trừ cho thuê lao động)
(Tổ chức kinh tế có vốn đầu tư nước ngoài chỉ ",internet
314110740,CÔNG TY TNHH LONG DI,CÔNG TY TNHH LONG DI,Công ty trách nhiệm hữu hạn một thành viên,"360C/11 Bến Vân Đồn, Phường 01, Quận 4, Thành phố Hồ Chí Minh, Việt Nam",Quận 4,5229: Hoạt động dịch vụ hỗ trợ khác liên quan đến vận tải-Chi tiết: Đại lý bán vé máy bay;4722: Bán lẻ thực phẩm trong các cửa hàng chuyên doanh-(Thực hiện theo Quyết định 64/2009/QĐ-UBND ngày 31/07/2,internet
314109230,DOANH NGHIỆP TƯ NHÂN GAME TITAN G7,DOANH NGHIỆP TƯ NHÂN GAME TITA,Doanh nghiệp tư nhân,"81 Vĩnh Hội, Phường 04, Quận 4, Thành phố Hồ Chí Minh, Việt Nam",Quận 4,"4723: Bán lẻ đồ uống trong các cửa hàng chuyên doanh-;4724: Bán lẻ sản phẩm thuốc lá, thuốc lào trong các cửa hàng chuyên doanh-(Thực hiện theo Quyết định 64/2009/QĐ-UBND ngày 31/07/2009 và Quyết định",internet
314119990,CÔNG TY TNHH GAME GIẢI TRÍ 316,CÔNG TY TNHH GAME GIẢI TRÍ 316,Công ty trách nhiệm hữu hạn một thành viên,"B316A Đoàn Văn Bơ, Phường 16, Quận 4, Thành phố Hồ Chí Minh, Việt Nam",Quận 4,5629: Dịch vụ ăn uống khác-;5630: Dịch vụ phục vụ đồ uống-(trừ hoạt động quán bar và quán giải khát có khiêu vũ);6190: Hoạt động viễn thông khác-Chi tiết: Hoạt động của các điểm truy cập internet; Điể,internet
313894436,CÔNG TY TNHH THƯƠNG MẠI DỊCH VỤ GS COMPUTER,CÔNG TY TNHH THƯƠNG MẠI DỊCH V,Công ty trách nhiệm hữu hạn một thành viên,"262/60B Tôn Thất Thuyết, Phường 03, Quận 4, Thành phố Hồ Chí Minh, Việt Nam",Quận 4,4669: Bán buôn chuyên doanh khác chưa được phân vào đâu-chi tiết: bán buôn mực in;5820: Xuất bản phần mềm-chi tiết: Sản xuất phần mềm.;6209: Hoạt động dịch vụ công nghệ thông tin và dịch vụ khác liên ,computer
314150045,CÔNG TY TNHH FIVE MINUTES,CÔNG TY TNHH FIVE MINUTES,Công ty trách nhiệm hữu hạn hai thành viên trở lên,"Số 150/2 đường Đoàn Văn Bơ, Phường 09, Quận 4, Thành phố Hồ Chí Minh, Việt Nam",Quận 4,"4711: Bán lẻ lương thực, thực phẩm, đồ uống, thuốc lá, thuốc lào chiếm tỷ trọng lớn trong các cửa hàng kinh doanh tổng hợp-(Doanh nghiệp phải thực hiện theo quyết định 64/2009/QĐ-UB ngày 31/07/2009, q",internet
314161671,CÔNG TY TNHH MARINES ESPORTS,CÔNG TY TNHH MARINES ESPORTS,Công ty trách nhiệm hữu hạn hai thành viên trở lên,"số 107 Xóm Chiếu, Phường 16, Quận 4, Thành phố Hồ Chí Minh, Việt Nam",Quận 4,2610: Sản xuất linh kiện điện tử-(không hoạt động tại trụ sở);2620: Sản xuất máy vi tính và thiết bị ngoại vi của máy vi tính-(không hoạt động tại trụ sở);2630: Sản xuất thiết bị truyền thông-(không h,internet
313941654,CÔNG TY TNHH MỘT THÀNH VIÊN KHANG THỊNH AN,CÔNG TY TNHH MỘT THÀNH VIÊN KH,Công ty trách nhiệm hữu hạn một thành viên,"576/110H Đoàn Văn Bơ, Phường 14, Quận 4, Thành phố Hồ Chí Minh, Việt Nam",Quận 4,"6190: Hoạt động viễn thông khác-chi tiết: Hoạt động của các điểm truy cập internet.;7730: Cho thuê máy móc, thiết bị và đồ dùng hữu hình khác-chi tiết: Cho thuê máy móc và thiết bị văn phòng không kèm",internet
314152451,CÔNG TY TNHH RENO,CÔNG TY TNHH RENO,Công ty trách nhiệm hữu hạn một thành viên,"266/36 Tôn Đản, Phường 08, Quận 4, Thành phố Hồ Chí Minh, Việt Nam",Quận 4,"7810: Hoạt động của các trung tâm, đại lý tư vấn, giới thiệu và môi giới lao động, việc làm-chi tiết: Hoạt động của các đại lý tư vấn, giới thiệu và môi giới lao động, việc làm (trừ cho thuê lại lao đ",internet
313953628,CÔNG TY TNHH DỊCH VỤ ĐẦU TƯ HOÀNG THÀNH,CÔNG TY TNHH DỊCH VỤ ĐẦU TƯ HO,Công ty trách nhiệm hữu hạn một thành viên,"21 Hoàng Diệu, phường 12, Quận 4, Thành phố Hồ Chí Minh, Việt Nam",Quận 4,"7310: Quảng cáo-;6820: Tư vấn, môi giới, đấu giá bất động sản, đấu giá quyền sử dụng đất-(trừ tư vấn mang tính pháp lý);4610: Đại lý, môi giới, đấu giá-(trừ môi giới bất động sản);8230: Tổ chức giới t",internet
314179929,DOANH NGHIỆP TƯ NHÂN TÙNG EM NÉT,DOANH NGHIỆP TƯ NHÂN TÙNG EM N,Doanh nghiệp tư nhân,"303/40 Bến Vân Đồn, Phường 02, Quận 4, Thành phố Hồ Chí Minh, Việt Nam",Quận 4,"6190: Hoạt động viễn thông khác-Chi tiết: Cung cấp dịch vụ truy cập internet, cung cấp dịch vụ trò chơi điện tử công cộng (trừ hoạt động kinh doanh trò chơi điện tử có thưởng dành cho ngườ",internet
314145912,CÔNG TY CỔ PHẦN SE SẺ,CÔNG TY CỔ PHẦN SE SẺ,Công ty cổ phần,"448A Nguyễn Tất Thành, Phường 18, Quận 4, Thành phố Hồ Chí Minh, Việt Nam",Quận 4,"1629: Sản xuất sản phẩm khác từ gỗ; sản xuất sản phẩm từ tre, nứa, rơm, rạ và vật liệu tết bện-;3100: Sản xuất giường, tủ, bàn, ghế-;4620: Bán buôn nông, lâm sản nguyên liệu (trừ gỗ, tre, nứa) và động",internet
313805605,CÔNG TY CỔ PHẦN SẢN XUẤT THƯƠNG MẠI DỊCH VỤ TITO,CÔNG TY CỔ PHẦN SẢN XUẤT THƯƠN,Công ty cổ phần,"339/40 Tôn Đản, Phường 15, Quận 4, Thành phố Hồ Chí Minh, Việt Nam",Quận 4,"4312: Chuẩn bị mặt bằng-;4321: Lắp đặt hệ thống điện-;4329: Lắp đặt hệ thống xây dựng khác-;4330: Hoàn thiện công trình xây dựng-;4390: Hoạt động xây dựng chuyên dụng khác-;6820: Tư vấn, môi giới, đấu",internet
313874447,CÔNG TY TNHH URBAN HORIZON STYLE VIỆT NAM,CÔNG TY TNHH URBAN HORIZON STY,Công ty trách nhiệm hữu hạn một thành viên,"189Q/4B Tôn Thất Thuyết, phường 03, Quận 4, Thành phố Hồ Chí Minh, Việt Nam",Quận 4,"4791: Bán lẻ theo yêu cầu đặt hàng qua bưu điện hoặc internet-(trừ bán lẻ bình gas, khí dầu mỏ hóa lỏng LPG, dầu nhớt cặn, vàng miếng, súng, đạn loại dùng đi săn hoặc thể thao và tiền kim khí; Thực hi",internet
313963471,CÔNG TY TNHH DIGICON,CÔNG TY TNHH DIGICON,Công ty trách nhiệm hữu hạn một thành viên,"Số 65, Đường Đoàn Như Hài, Phường 13, Quận 4, Thành phố Hồ Chí Minh, Việt Nam",Quận 4,"4610: Đại lý, môi giới, đấu giá hàng hóa-Chi tiết: Đại lý. Môi giới.; 7020: Hoạt động tư vấn quản lý-(trừ tư vấn tài chính, kế toán, pháp luật); 6311: Xử lý dữ liệu, cho thuê và các hoạt động liên qua",internet
314187493,CÔNG TY TNHH THƯƠNG MẠI PHÁT ĐẠT VIỆT NAM,CÔNG TY TNHH THƯƠNG MẠI PHÁT Đ,Công ty trách nhiệm hữu hạn hai thành viên trở lên,"35 Lê Thạch, Phường 12, Quận 4, Thành phố Hồ Chí Minh, Việt Nam",Quận 4,"8292: Dịch vụ đóng gói-Chi tiết: dịch vụ bảo quản thuốc (trừ đóng gói thuốc bảo vệ thực vật).;1104: Sản xuất đồ uống không cồn, nước khoáng-Chi tiết: Sản xuất nước tinh khiết đóng chai;4633: Bán buôn ",internet
314182424,CÔNG TY TNHH KIẾN TRÚC TOÀN NGUYỄN,CÔNG TY TNHH KIẾN TRÚC TOÀN NG,Công ty trách nhiệm hữu hạn một thành viên,"386-388 Hoàng Diệu, Phường 02, Quận 4, Thành phố Hồ Chí Minh, Việt Nam",Quận 4,"4789: Bán lẻ hàng hóa khác lưu động hoặc tại chợ-(trừ bán lẻ bình gas, khí dầu mỏ hóa lỏng LPG, dầu nhớt cặn, vàng miếng, súng, đạn loại dùng đi săn hoặc thể thao và tiền kim khí; trừ bán lẻ hóa chất ",internet
314195864,CÔNG TY TNHH MỘT THÀNH VIÊN INTERNET RAMBO GAMING,CÔNG TY TNHH MỘT THÀNH VIÊN IN,Công ty trách nhiệm hữu hạn một thành viên,"B167A  Xóm Chiếu, Phường 16, Quận 4, Thành phố Hồ Chí Minh, Việt Nam",Quận 4,"4741: Bán lẻ máy vi tính, thiết bị ngoại vi, phần mềm và thiết bị viễn thông trong các cửa hàng chuyên doanh-;6190: Hoạt động viễn thông khác-Chi tiết: Hoạt động của các điểm truy cập internet, ",internet
314214066,CÔNG TY TNHH MỘT THÀNH VIÊN THƯƠNG MẠI DỊCH VỤ HẢI PHÁT MINH,CÔNG TY TNHH MỘT THÀNH VIÊN TH,Công ty trách nhiệm hữu hạn một thành viên,"209/22 Tôn Thất Thuyết, Phường 03, Quận 4, Thành phố Hồ Chí Minh, Việt Nam",Quận 4,"4663: Bán buôn vật liệu, thiết bị lắp đặt khác trong xây dựng-;4690: Bán buôn tổng hợp-Chi tiết: Dụng cụ điện cầm tay. Đồ nghề cầm tay. Thiết bị điện công công nghiệp và dân dụng. Máy móc, phụ kiện, t",internet
314227731,CÔNG TY CỔ PHẦN THƯƠNG MẠI & DỊCH VỤ THUẬN THƯƠNG,CÔNG TY CỔ PHẦN THƯƠNG MẠI  DỊ,Công ty cổ phần,"33 Lê Quốc Hưng, Phường 12, Quận 4, Thành phố Hồ Chí Minh, Việt Nam",Quận 4,7410: Hoạt động thiết kế chuyên dụng-chi tiết: hoạt động thiết kế nội- ngoại thất (trừ thiết kế xây dựng công trình);7110: Hoạt động kiến trúc và tư vấn kỹ thuật có liên quan-chi tiết: hoạt động thiết,internet
314249615,CÔNG TY TNHH LINH NAIL,CÔNG TY TNHH LINH NAIL,Công ty trách nhiệm hữu hạn một thành viên,"186B Hoàng Diệu, Phường 09, Quận 4, Thành phố Hồ Chí Minh, Việt Nam",Quận 4,"1071: Sản xuất các loại bánh từ bột-; 1075: Sản xuất món ăn, thức ăn chế biến sẵn-( không hoạt động tại trụ sở); 4669: Bán buôn chuyên doanh khác chưa được phân vào đâu-Chi tiết: Bán buôn máy móc, dụn",internet
314259998,CÔNG TY TNHH KỸ THUẬT CÔNG NGHỆ MINH HOÀNG,CÔNG TY TNHH KỸ THUẬT CÔNG NGH,Công ty trách nhiệm hữu hạn hai thành viên trở lên,"số  670/87/34  Đoàn Văn Bơ, Phường 16, Quận 4, Thành phố Hồ Chí Minh, Việt Nam",Quận 4,"7490: Hoạt động chuyên môn, khoa học và công nghệ khác chưa được phân vào đâu-chi tiết: Nghiên cứu, xây dựng các giải pháp tích hợp tiết kiệm năng lượng như các hệ thống lưu trữ điện từ năng lượng mặt",internet
314296291,CÔNG TY TNHH AN NHIÊN TỊNH,CÔNG TY TNHH AN NHIÊN TỊNH,Công ty trách nhiệm hữu hạn một thành viên,"322/12/8/13 Nguyễn Tất Thành, Phường 13, Quận 4, Thành phố Hồ Chí Minh, Việt Nam",Quận 4,"0111: Trồng lúa-Chi tiết: Các hoạt động gieo trồng (cấy, sạ) các loại cây lúa: lúa nước, lúa cạn.;0113: Trồng cây lấy củ có chất bột-Chi tiết: Các hoạt động gieo trồng các loại cây lấy củ có hàm lượng",internet
314297908,CÔNG TY TNHH SẢN XUẤT VÀ THƯƠNG MẠI PHÚ HIỆP,CÔNG TY TNHH SẢN XUẤT VÀ THƯƠN,Công ty trách nhiệm hữu hạn hai thành viên trở lên,"347 Tôn Đản, Phường 15, Quận 4, Thành phố Hồ Chí Minh, Việt Nam",Quận 4,"1321: Sản xuất vải dệt kim, vải đan móc và vải không dệt khác-;1329: Sản xuất các loại hàng dệt khác chưa được phân vào đâu-;1709: Sản xuất các sản phẩm khác từ giấy và bìa chưa được phân vào đâu-Chi ",internet
314284458,DOANH NGHIỆP TƯ NHÂN NET PHƯỢNG,DOANH NGHIỆP TƯ NHÂN NET PHƯỢ,Doanh nghiệp tư nhân,"101 Vĩnh Hội, Phường 04, Quận 4, Thành phố Hồ Chí Minh, Việt Nam",Quận 4,4649: Bán buôn đồ dùng khác cho gia đình-(trừ dược phẩm);9329: Hoạt động vui chơi giải trí khác chưa được phân vào đâu-Chi tiết: Cung cấp dịch vụ trò chơi điện tử công cộng (trừ hoạt động kinh do,internet
314333634,CÔNG TY TNHH MỘT THÀNH VIÊN THƯƠNG MẠI DỊCH VỤ KỸ THUẬT DƯƠNG VŨ,CÔNG TY TNHH MỘT THÀNH VIÊN TH,Công ty trách nhiệm hữu hạn một thành viên,"129/2/14 Nguyễn Hữu Hào, Phường 06, Quận 4, Thành phố Hồ Chí Minh, Việt Nam",Quận 4,4321: Lắp đặt hệ thống điện-chi tiết: Thi công lắp đặt hệ thống điện- hệ thống chống sét- hẹ thống điều khiển tự động- hệ thống mạng máy tính- hệ thống điện thoại- hệ thống mạng cáp truyền hình- hệ th,internet
314367217,CÔNG TY TNHH CTEQ SOFTWARE,CÔNG TY TNHH CTEQ SOFTWARE,Công ty trách nhiệm hữu hạn một thành viên,"352/4 Nguyễn Tất Thành, Phường 13, Quận 4, Thành phố Hồ Chí Minh, Việt Nam",Quận 4,"5820: Xuất bản phần mềm-Chi tiết: Sản xuất phần mềm;6201: Lập trình máy vi tính-;7020: Hoạt động tư vấn quản lý-(Trừ tư vấn tài chính, kế toán); 4690: Bán buôn tổng hợp-Chi tiết: Bán buôn thùng contai",software
314411307,CÔNG TY TNHH SOLOMON-MC,CÔNG TY TNHH SOLOMONMC,Công ty trách nhiệm hữu hạn một thành viên,"Số 75 đường Nguyễn Tất Thành, Phường 13, Quận 4, Thành phố Hồ Chí Minh, Việt Nam",Quận 4,2395: Sản xuất bê tông và các sản phẩm từ xi măng và thạch cao-(Không hoạt động tại trụ sở);2592: Gia công cơ khí; xử lý và tráng phủ kim loại-(Không hoạt động tại trụ sở);0210: Trồng rừng và chăm sóc,internet
314393778,CÔNG TY TNHH THƯƠNG MẠI VÀ DỊCH VỤ SMI VIỆT NAM,CÔNG TY TNHH THƯƠNG MẠI VÀ DỊC,Công ty trách nhiệm hữu hạn hai thành viên trở lên,"246, KHÁNH HỘI, Phường 06, Quận 4, Thành phố Hồ Chí Minh, Việt Nam",Quận 4,"2511: Sản xuất các cấu kiện kim loại-;2591: Rèn, dập, ép và cán kim loại; luyện bột kim loại-;2592: Gia công cơ khí; xử lý và tráng phủ kim loại-;5210: Kho bãi và lưu giữ hàng hóa-, chi tiết: Lưu giữ ",internet
314423486,CÔNG TY TNHH JINZ FOOD CLUB,CÔNG TY TNHH JINZ FOOD CLUB,Công ty trách nhiệm hữu hạn một thành viên,"59-61 Nguyễn Trường Tộ, Phường 12, Quận 4, Thành phố Hồ Chí Minh, Việt Nam",Quận 4,"1050: Chế biến sữa và các sản phẩm từ sữa-;4711: Bán lẻ lương thực, thực phẩm, đồ uống, thuốc lá, thuốc lào chiếm tỷ trọng lớn trong các cửa hàng kinh doanh tổng hợp-(thực hiện theo quyết định 64/2009",internet
314413015,CÔNG TY TNHH NGHIÊN CỨU PHÁT TRIỂN CÔNG NGHỆ CAO VÀ DỊCH VỤ NÔNG NGHIỆP ILYRA,CÔNG TY TNHH NGHIÊN CỨU PHÁT T,Công ty trách nhiệm hữu hạn hai thành viên trở lên,"A103A Nguyễn Thần Hiến, Phường 18, Quận 4, Thành phố Hồ Chí Minh, Việt Nam",Quận 4,"2651: Sản xuất thiết bị đo lường, kiểm tra, định hướng và điều khiển-( không hoạt động tại trụ sở);2821: Sản xuất máy nông nghiệp và lâm nghiệp-( không hoạt động tại trụ sở);0118: Trồng rau, đậu các l",internet
314436615,CÔNG TY CỔ PHẦN GIẢI PHÁP TRUYỀN THÔNG VÀ SÁNG TẠO TỔNG THỂ RIO VIỆT NAM,CÔNG TY CỔ PHẦN GIẢI PHÁP TRUY,Công ty cổ phần,"A1.0603, Chung cư The Gold View, số 346 Đường Bến Vân Đồn, Phường 01, Quận 4, Thành phố Hồ Chí Minh, Việt Nam",Quận 4,"7410: Hoạt động thiết kế chuyên dụng-(trừ thiết kế công trình xây dựng).;7420: Hoạt động nhiếp ảnh-(trừ sản xuất phim);7490: Hoạt động chuyên môn, khoa học và công nghệ khác chưa được phân vào đâu-Chi",internet
314454903,CÔNG TY TNHH BRAIN COMMUNICATIONS,CÔNG TY TNHH BRAIN COMMUNICATI,Công ty trách nhiệm hữu hạn một thành viên,"20/11 Nguyễn Trường Tộ, Phường 13, Quận 4, Thành phố Hồ Chí Minh, Việt Nam",Quận 4,"4659: Bán buôn máy móc, thiết bị và phụ tùng máy khác-Chi tiết: Bán buôn máy móc, thiết bị và phụ tùng máy khai khoáng, xây dựng. Bán buôn máy móc, thiết bị điện, vật liệu điện (máy phát điện, động cơ",internet
314471546,CÔNG TY CỔ PHẦN TRUYỀN THÔNG ALOHA,CÔNG TY CỔ PHẦN TRUYỀN THÔNG A,Công ty cổ phần,"404 Hoàng Diệu, Phường 02, Quận 4, Thành phố Hồ Chí Minh, Việt Nam",Quận 4,"8559: Giáo dục khác chưa được phân vào đâu-Chi tiết: Các dịch vụ dạy kèm( gia sư); - Dạy ngoại ngữ và dạy kỹ năng đàm thoại; Đào tạo kỹ năng nói trước công chúng;1702: Sản xuất giấy nhăn, bìa nhăn, ba",internet
314483848,CÔNG TY TNHH INTREPID VIỆT NAM,CÔNG TY TNHH INTREPID VIỆT NAM,Công ty trách nhiệm hữu hạn hai thành viên trở lên,"Tầng 25, Etown Central, Số 11 Đường Đoàn Văn Bơ, Phường 12, Quận 4, Thành phố Hồ Chí Minh, Việt Nam",Quận 4,"4641: Bán buôn vải, hàng may mặc, giày dép-Chi tiết: Thực hiện quyền nhập khẩu, quyền phân phối bán buôn (không lập cơ sở bán buôn) đối với mặt hàng dệt, quần áo và hàng may sẵn khác, giày dép (CPC 62",internet
314493412,CÔNG TY TNHH KỸ THUẬT CAO HỢP LỰC,CÔNG TY TNHH KỸ THUẬT CAO HỢP ,Công ty trách nhiệm hữu hạn hai thành viên trở lên,"99/9 Đường 41, Phường 06, Quận 4, Thành phố Hồ Chí Minh, Việt Nam",Quận 4,"4659: Bán buôn máy móc, thiết bị và phụ tùng máy khác-Chi tiết: Bán buôn máy móc, thiết bị y tế;4773: Bán lẻ hàng hóa khác mới trong các cửa hàng chuyên doanh-Chi tiết: Bán lẻ thiết bị vật tư y tế;325",internet
314505650,CÔNG TY TNHH CÔNG NGHỆ MẠNG THÔNG TIN VIỆT NAM,CÔNG TY TNHH CÔNG NGHỆ MẠNG TH,Công ty trách nhiệm hữu hạn một thành viên,"Tòa nhà H2, Số 196 Hoàng Diệu , Phường 08, Quận 4, Thành phố Hồ Chí Minh, Việt Nam",Quận 4,"6622: Hoạt động của đại lý và môi giới bảo hiểm-Chi tiết: Hoạt động của đại lý bảo hiểm;7490: Hoạt động chuyên môn, khoa học và công nghệ khác chưa được phân vào đâu-Chi tiết: Hoạt động phiên dịch;464",internet
314531259,CÔNG TY TNHH KỸ THUẬT CÔNG NGHỆ TÍN NGHĨA,CÔNG TY TNHH KỸ THUẬT CÔNG NGH,Công ty trách nhiệm hữu hạn hai thành viên trở lên,"132/86B Đoàn Văn Bơ, Phường 14, Quận 4, Thành phố Hồ Chí Minh, Việt Nam",Quận 4,"4742: Bán lẻ thiết bị nghe nhìn trong các cửa hàng chuyên doanh-;4751: Bán lẻ vải, len, sợi, chỉ khâu và hàng dệt khác trong các cửa hàng chuyên doanh-;6110: Hoạt động viễn thông có dây-(trừ cung cấp ",internet
314535020,CÔNG TY TNHH MỘT THÀNH VIÊN THƯƠNG MẠI QUẢNG CÁO KNK,CÔNG TY TNHH MỘT THÀNH VIÊN TH,Công ty trách nhiệm hữu hạn một thành viên,"266/108/77 Tôn Đản, Phường 08, Quận 4, Thành phố Hồ Chí Minh, Việt Nam",Quận 4,"4771: Bán lẻ hàng may mặc, giày dép, hàng da và giả da trong các cửa hàng chuyên doanh-;4772: Bán lẻ thuốc, dụng cụ y tế, mỹ phẩm và vật phẩm vệ sinh trong các cửa hàng chuyên doanh-Chi tiết: Bán lẻ n",internet
314583680,CÔNG TY TNHH ĐẦU TƯ PHÁT TRIỂN Á PHÚC,CÔNG TY TNHH ĐẦU TƯ PHÁT TRIỂN,Công ty trách nhiệm hữu hạn một thành viên,"Số 148/12/30/27 Tôn Đản , Phường 08, Quận 4, Thành phố Hồ Chí Minh, Việt Nam",Quận 4,4721: Bán lẻ lương thực trong các cửa hàng chuyên doanh-(Thực hiện theo Quyết định 64/2009/QĐ-UBND ngày 31/07/2009 và Quyết định 79/2009/QĐ-UBND ngày 17/10/2009 của Ủy ban nhân dân Thành phố Hồ Chí Mi,internet
314584846,CÔNG TY TNHH THƯƠNG MẠI SONG PHƯƠNG ĐẶC SẢN VIỆT,CÔNG TY TNHH THƯƠNG MẠI SONG P,Công ty trách nhiệm hữu hạn một thành viên,"324/35/2 Tôn Thất Thuyết, Phường 01, Quận 4, Thành phố Hồ Chí Minh, Việt Nam",Quận 4,"5221: Hoạt động dịch vụ hỗ trợ trực tiếp cho vận tải đường sắt và đường bộ-(trừ kinh doanh kết cấu hạ tầng đường sắt, hóa lỏng khí để vận chuyển).;4721: Bán lẻ lương thực trong các cửa hàng chuyên doa",internet
314601604,CÔNG TY TNHH XUẤT NHẬP KHẨU VẬN TẢI TÂN HIỆP PHÁT,CÔNG TY TNHH XUẤT NHẬP KHẨU VẬ,Công ty trách nhiệm hữu hạn hai thành viên trở lên,"396/4 Nguyễn Tất Thành, Phường 18, Quận 4, Thành phố Hồ Chí Minh, Việt Nam",Quận 4,"7110: Hoạt động kiến trúc và tư vấn kỹ thuật có liên quan-Chi tiết: Tư vấn đấu thầu. Lập dự án, quản lý dự án.Kiểm định chất lượng công trình xây dựng. Lập dự toán và tổng dự toán công trình xây dựng.",internet
314585247,CÔNG TY TNHH THƯƠNG MẠI VÀ DỊCH VỤ HALOZEN VIỆT NAM,CÔNG TY TNHH THƯƠNG MẠI VÀ DỊC,Công ty trách nhiệm hữu hạn một thành viên,"142 Nguyễn Tất Thành, Phường 13, Quận 4, Thành phố Hồ Chí Minh, Việt Nam",Quận 4,"4651: Bán buôn máy vi tính, thiết bị ngoại vi và phần mềm-;1811: In ấn-;1812: Dịch vụ liên quan đến in-;1820: Sao chép bản ghi các loại-;3312: Sửa chữa máy móc, thiết bị-(trừ gia công cơ khí, tái chế ",internet
314597732,CÔNG TY TNHH MÁY TÍNH TOÀN CẦU,CÔNG TY TNHH MÁY TÍNH TOÀN CẦU,Công ty trách nhiệm hữu hạn một thành viên,"830/20 Đoàn Văn Bơ, Phường 16, Quận 4, Thành phố Hồ Chí Minh, Việt Nam",Quận 4,"4741: Bán lẻ máy vi tính, thiết bị ngoại vi, phần mềm và thiết bị viễn thông trong các cửa hàng chuyên doanh-;4742: Bán lẻ thiết bị nghe nhìn trong các cửa hàng chuyên doanh-;4759: Bán lẻ đồ điện gia ",internet
314644252,CÔNG TY CỔ PHẦN ĐẦU TƯ VÀ PHÁT TRIỂN GIÁO DỤC TINH SA,CÔNG TY CỔ PHẦN ĐẦU TƯ VÀ PHÁT,Công ty cổ phần,"Số 11 Đường số 12A, Phường 06, Quận 4, Thành phố Hồ Chí Minh, Việt Nam",Quận 4,"2012: Sản xuất phân bón và hợp chất ni tơ-(không hoạt động tại trụ sở);2100: Sản xuất thuốc, hoá dược và dược liệu-(không hoạt động tại trụ sở);2212: Sản xuất sản phẩm khác từ cao su-(trừ sản xuất xốp",internet
314201980,CÔNG TY TNHH THƯƠNG MẠI DỊCH VỤ TIẾP THỊ ĐẠI LỘC,CÔNG TY TNHH THƯƠNG MẠI DỊCH V,Công ty trách nhiệm hữu hạn một thành viên,"78/22/36 Tôn Thất Thuyết, Phường 16, Quận 4, Thành phố Hồ Chí Minh, Việt Nam",Quận 4,"1075: Sản xuất món ăn, thức ăn chế biến sẵn-(trừ chế biến, sản xuất thực phẩm tươi sống tại trụ sở);5621: Cung cấp dịch vụ ăn uống theo hợp đồng không thường xuyên với khách hàng (phục vụ tiệc, hội họ",internet
314671383,CÔNG TY TNHH LSG VIỆT NAM,CÔNG TY TNHH LSG VIỆT NAM,Công ty trách nhiệm hữu hạn hai thành viên trở lên,"69 Lê Quốc Hưng, Phường 12, Quận 4, Thành phố Hồ Chí Minh, Việt Nam",Quận 4,"4663: Bán buôn vật liệu, thiết bị lắp đặt khác trong xây dựng-(không hoạt động tại trụ sở);4723: Bán lẻ đồ uống trong các cửa hàng chuyên doanh-;4741: Bán lẻ máy vi tính, thiết bị ngoại vi, phần mềm v",internet
314672450,CÔNG TY TNHH AN LAM HOUSEHOLD,CÔNG TY TNHH AN LAM HOUSEHOLD,Công ty trách nhiệm hữu hạn một thành viên,"237 Bến Vân Đồn, Phường 05, Quận 4, Thành phố Hồ Chí Minh, Việt Nam",Quận 4,5229: Hoạt động dịch vụ hỗ trợ khác liên quan đến vận tải-Chi tiết: Gửi hàng. Giao nhận hàng hóa. Hoạt động của đại lý làm thủ tục hải quan;4669: Bán buôn chuyên doanh khác chưa được phân vào đâu-Chi ,internet
314667299,CÔNG TY TNHH THƯƠNG MẠI DỊCH VỤ CHÂU MINH THẮNG,CÔNG TY TNHH THƯƠNG MẠI DỊCH V,Công ty trách nhiệm hữu hạn một thành viên,"396/27 Nguyễn Tất Thành, Phường 18, Quận 4, Thành phố Hồ Chí Minh, Việt Nam",Quận 4,"4912: Vận tải hàng hóa đường sắt-Chi tiết: Kinh doanh vận tải đường sắt;4931: Vận tải hành khách đường bộ trong nội thành, ngoại thành (trừ vận tải bằng xe buýt)-;1811: In ấn-Chi tiết: In nhãn hiệu, i",internet
314693309,CÔNG TY TNHH M.O.I COSMETICS,CÔNG TY TNHH MOI COSMETICS,Công ty trách nhiệm hữu hạn một thành viên,"Phòng 9.1, tầng 9, Tòa nhà Ree Tower, 9 Đoàn Văn Bơ, Phường 13, Quận 4, Thành phố Hồ Chí Minh, Việt Nam",Quận 4,"4649: Bán buôn đồ dùng khác cho gia đình-Chi tiết: Bán buôn nước hoa, hàng mỹ phẩm, son môi, và chế phẩm vệ sinh (CPC 622);4772: Bán lẻ thuốc, dụng cụ y tế, mỹ phẩm và vật phẩm vệ sinh trong các cửa h",internet
314708611,CÔNG TY CỔ PHẦN LỮ HÀNH TUỔI VÀNG,CÔNG TY CỔ PHẦN LỮ HÀNH TUỔI V,Công ty cổ phần,"Tầng 2, G0-02.23 Tòa Nhà Galaxy 9, Số 9 Nguyễn Khoái, Phường 01, Quận 4, Thành phố Hồ Chí Minh, Việt Nam",Quận 4,8532: Đào tạo trung cấp-;6312: Cổng thông tin-;7990: Dịch vụ đặt chỗ và các dịch vụ hỗ trợ liên quan đến quảng bá và tổ chức tua du lịch-;6399: Dịch vụ thông tin khác chưa được phân vào đâu-(trừ dịch ,internet
314711879,CÔNG TY CỔ PHẦN JINZ GROUP,CÔNG TY CỔ PHẦN JINZ GROUP,Công ty cổ phần,"59-61 Nguyễn Trường Tộ, Phường 12, Quận 4, Thành phố Hồ Chí Minh, Việt Nam",Quận 4,5229: Hoạt động dịch vụ hỗ trợ khác liên quan đến vận tải-Chi tiết: Dịch vụ đại lý vận tải hàng hóa;4722: Bán lẻ thực phẩm trong các cửa hàng chuyên doanh-(thực hiện theo quyết định 64/2009/QĐ-UBND ng,internet
314745853,CÔNG TY TNHH THUẬN PHÚC MINH,CÔNG TY TNHH THUẬN PHÚC MINH,Công ty trách nhiệm hữu hạn hai thành viên trở lên,"65/12 Đoàn Như Hài, Phường 13, Quận 4, Thành phố Hồ Chí Minh, Việt Nam",Quận 4,"4652: Bán buôn thiết bị và linh kiện điện tử, viễn thông-chi tiết: Bán buôn thiết bị, linh kiện điện tử, viễn thông.;4659: Bán buôn máy móc, thiết bị và phụ tùng máy khác-Chi tiết: Bán buôn máy móc, t",internet
314772381,CÔNG TY TNHH THƯƠNG MẠI DỊCH VỤ HAPPY HOME,CÔNG TY TNHH THƯƠNG MẠI DỊCH V,Công ty trách nhiệm hữu hạn hai thành viên trở lên,"396/4 Nguyễn Tất Thành, Phường 18, Quận 4, Thành phố Hồ Chí Minh, Việt Nam",Quận 4,"4649: Bán buôn đồ dùng khác cho gia đình-Chi tiết: Bán buôn xe đạp, xe đạp điện; Bán buôn giường, tủ, bàn ghế; Bán buôn đồ dùng nội thất cho gia đình và văn phòng; Bán buôn dụng cụ nhà bếp; Bán buôn đ",internet
314728054,CÔNG TY CỔ PHẦN BUILDY,CÔNG TY CỔ PHẦN BUILDY,Công ty cổ phần,"Phòng B.4.03, Tầng 4, Lô B, Tòa nhà SaiGon Royal, Số 34-35 Bến Vân Đồn, Phường 13, Quận 4, Thành phố Hồ Chí Minh, Việt Nam",Quận 4,"1621: Sản xuất gỗ dán, gỗ lạng, ván ép và ván mỏng khác-;1622: Sản xuất đồ gỗ xây dựng-;1629: Sản xuất sản phẩm khác từ gỗ; sản xuất sản phẩm từ tre, nứa, rơm, rạ và vật liệu tết bện-;4101: Xây dựng n",internet
314767695,CÔNG TY TNHH CÔNG NGHỆ VÀ TRUYỀN THÔNG NTEK,CÔNG TY TNHH CÔNG NGHỆ VÀ TRUY,Công ty trách nhiệm hữu hạn hai thành viên trở lên,"Tầng 4, 4.37 Rivergate, 151-155 Bến Vân Đồn, Phường 06, Quận 4, Thành phố Hồ Chí Minh, Việt Nam",Quận 4,"4652: Bán buôn thiết bị và linh kiện điện tử, viễn thông-;4653: Bán buôn máy móc, thiết bị và phụ tùng máy nông nghiệp-;4659: Bán buôn máy móc, thiết bị và phụ tùng máy khác-;4669: Bán buôn chuyên doa",internet
314766081,CÔNG TY TNHH GLOBAL DYNAMIC NETWORK LOGISTIC SERVICE,CÔNG TY TNHH GLOBAL DYNAMIC NE,Công ty trách nhiệm hữu hạn một thành viên,"20-22 Đường số 47, Phường 04, Quận 4, Thành phố Hồ Chí Minh, Việt Nam",Quận 4,5229: Hoạt động dịch vụ hỗ trợ khác liên quan đến vận tải-Chi tiết: Dịch vụ giao nhận hàng hóa xuất nhập khẩu (trừ hóa lỏng khí để vận chuyển và hoạt động liên quan đến vận tải đường hàng không);8299:,network
314783048,CÔNG TY CỔ PHẦN BIT TRADING,CÔNG TY CỔ PHẦN BIT TRADING,Công ty cổ phần,"Phòng B15.06 Tòa nhà RiverGate Residence, 151-153 Bến Vân Đồn, Phường 06, Quận 4, Thành phố Hồ Chí Minh, Việt Nam",Quận 4,"6311: Xử lý dữ liệu, cho thuê và các hoạt động liên quan-;6312: Cổng thông tin-Chi tiết: Thiết lập trang thông tin điện tử tổng hợp;6329: Dịch vụ thông tin khác chưa được phân vào đâu-Chi tiết: Các dị",internet
314351866,CÔNG TY TNHH CTI VIETNAM RECRUITING AND PLACEMENT,CÔNG TY TNHH CTI VIETNAM RECRU,Công ty trách nhiệm hữu hạn một thành viên,"Phòng V2.10, Tầng 3, Tòa nhà Khánh Hội II, Số 360A Bến Vân Đồn, Phường 01, Quận 4, Thành phố Hồ Chí Minh, Việt Nam",Quận 4,"1104: Sản xuất đồ uống không cồn, nước khoáng-;5229: Hoạt động dịch vụ hỗ trợ khác liên quan đến vận tải-chi tiết: đại lý bán vé máy bay; dịch vụ giao nhận, nâng cẩu hàng hóa; dịch vụ khai thuê hải qu",internet
314391724,CÔNG TY TNHH GIẢI PHÁP ADVANCE,CÔNG TY TNHH GIẢI PHÁP ADVANCE,Công ty trách nhiệm hữu hạn hai thành viên trở lên,"Tầng 2, Cao ốc Đinh Lễ, Số 1 Đinh Lễ, Phường 13, Quận 4, Thành phố Hồ Chí Minh, Việt Nam",Quận 4,7310: Quảng cáo-;7410: Hoạt động thiết kế chuyên dụng-Chi tiết: Thiết kế đồ họa (trừ thiết kế công trình). Thiết kế web;7320: Nghiên cứu thị trường và thăm dò dư luận-Chi tiết: Dịch vụ tiếp thị.;7020:,internet
314454283,CÔNG TY TNHH CÔNG NGHỆ CHỮ KÝ SỐ VIỆT NAM,CÔNG TY TNHH CÔNG NGHỆ CHỮ KÝ ,Công ty trách nhiệm hữu hạn hai thành viên trở lên,"126 Nguyễn Tất Thành, Phường 13, Quận 4, Thành phố Hồ Chí Minh, Việt Nam",Quận 4,"4773: Bán lẻ hàng hóa khác mới trong các cửa hàng chuyên doanh-(trừ bán lẻ bình gas, khí dầu mỏ hóa lỏng LPG, dầu nhớt cặn, vàng miếng, súng, đạn loại dùng đi săn hoặc thể thao và tiền kim khí; trừ bá",internet
314482234,CÔNG TY TNHH TRÒ CHƠI ĐIỆN TỬ NỮ HOÀNG,CÔNG TY TNHH TRÒ CHƠI ĐIỆN TỬ ,Công ty trách nhiệm hữu hạn một thành viên,"243/15 Tôn Đản, Phường 15, Quận 4, Thành phố Hồ Chí Minh, Việt Nam",Quận 4,9329: Hoạt động vui chơi giải trí khác chưa được phân vào đâu-Chi tiết : Kinh doanh trò chơi điện tử ( trừ kinh doanh trò chơi điện tử có thưởng  dành cho người nước ngoài và kinh doanh trò chơi điện ,internet
314530752,CÔNG TY TNHH ĐẦU TƯ THƯƠNG MẠI VÀ DỊCH VỤ MÔI TRƯỜNG ĐẠI MINH VIỆT,CÔNG TY TNHH ĐẦU TƯ THƯƠNG MẠI,Công ty trách nhiệm hữu hạn một thành viên,"Số 10 Tôn Thất Thuyết, Phường 18, Quận 4, Thành phố Hồ Chí Minh, Việt Nam",Quận 4,"0150: Trồng trọt, chăn nuôi hỗn hợp-(không hoạt động tại trụ sở);0161: Hoạt động dịch vụ trồng trọt-(không hoạt động tại trụ sở);0162: Hoạt động dịch vụ chăn nuôi-(không hoạt động tại trụ sở);0163: Ho",internet
314650344,CÔNG TY TNHH CÔNG NGHỆ THÔNG TIN WAN,CÔNG TY TNHH CÔNG NGHỆ THÔNG T,Công ty trách nhiệm hữu hạn một thành viên,"92B/15/20 Tôn Thất Thuyết, Phường 15, Quận 4, Thành phố Hồ Chí Minh, Việt Nam",Quận 4,"2620: Sản xuất máy vi tính và thiết bị ngoại vi của máy vi tính-(trừ gia công cơ khí, tái chế phế thải, xi mạ điện tại trụ sở);2817: Sản xuất máy móc và thiết bị văn phòng (trừ máy vi tính và thiết bị",internet
314770419,CÔNG TY TNHH E - VECTORS QUỐC TẾ,CÔNG TY TNHH E  VECTORS QUỐC T,Công ty trách nhiệm hữu hạn một thành viên,"384 Hoàng Diệu, Phường 06, Quận 4, Thành phố Hồ Chí Minh, Việt Nam",Quận 4,"1321: Sản xuất vải dệt kim, vải đan móc và vải không dệt khác-(trừ tẩy, nhuộm, hồ, in và không gia công hàng đã qua sử dụng, thuộc da, luyện cán cao su tại trụ sở);1322: Sản xuất hàng may sẵn (trừ tra",internet
314813197,CÔNG TY TNHH GIÁ TỐT 24 GIỜ,CÔNG TY TNHH GIÁ TỐT 24 GIỜ,Công ty trách nhiệm hữu hạn hai thành viên trở lên,"Số 8 Tôn Thất Thuyết, Phường 18, Quận 4, Thành phố Hồ Chí Minh, Việt Nam",Quận 4,"4719: Bán lẻ khác trong các cửa hàng kinh doanh tổng hợp-Chi tiết: Bán lẻ trong siêu thị, trung tâm thương mại; Bán lẻ khác chưa được phân vào đâu trong các cửa hàng kinh doanh tổng hợp (trừ bán lẻ bì",internet
314820885,CÔNG TY TNHH NORDIC LINK,CÔNG TY TNHH NORDIC LINK,Công ty trách nhiệm hữu hạn hai thành viên trở lên,"79A Tôn Thất Thuyết, Phường 04, Quận 4, Thành phố Hồ Chí Minh, Việt Nam",Quận 4,"4649: Bán buôn đồ dùng khác cho gia đình-Chi tiết: 
-	Bán buôn dụng cụ y tế
-	Bán buôn chế phẩm vệ sinh
-	Bán buôn đồ dùng khác cho gia đình (trừ dược phẩm);8560: Dịch vụ hỗ trợ giáo dục-Chi tiết: Tư ",internet
314832591,CÔNG TY TNHH SALINC,CÔNG TY TNHH SALINC,Công ty trách nhiệm hữu hạn một thành viên,"Số 99 Lê Quốc Hưng, Phường 12, Quận 4, Thành phố Hồ Chí Minh, Việt Nam",Quận 4,"7730: Cho thuê máy móc, thiết bị và đồ dùng hữu hình khác-Chi tiết: Cho thuê máy móc, thiết bị xây dựng;4663: Bán buôn vật liệu, thiết bị lắp đặt khác trong xây dựng-Chi tiết: Bán buôn tre, nứa, gỗ câ",internet
314856722,CÔNG TY TNHH NEST TECH VIỆT NAM,CÔNG TY TNHH NEST TECH VIỆT NA,Công ty trách nhiệm hữu hạn một thành viên,"VP A3a.24, tầng 4, Millennium Masteri, số 132 Bến Vân Đồn, Phường 06, Quận 4, Thành phố Hồ Chí Minh, Việt Nam",Quận 4,4799: Bán lẻ hình thức khác chưa được phân vào đâu-Chi tiết: Bán lẻ các sản phẩm phần mềm;5820: Xuất bản phần mềm-Chi tiết: Sản xuất phần mềm;6202: Tư vấn máy vi tính và quản trị hệ thống máy vi tính-,internet
314856151,CÔNG TY TNHH THƯƠNG MẠI VÀ LỮ HÀNH FAMTRIP GLOBAL,CÔNG TY TNHH THƯƠNG MẠI VÀ LỮ ,Công ty trách nhiệm hữu hạn một thành viên,"P.702 Tầng 7, Số 37 Lê Quốc Hưng , Phường 12, Quận 4, Thành phố Hồ Chí Minh, Việt Nam",Quận 4,"4511: Bán buôn ô tô và xe có động cơ khác-Chi tiết: Bán buôn ô tô;1075: Sản xuất món ăn, thức ăn chế biến sẵn-Chi tiết: sản xuất thực phẩm đóng hộp, các loại rau củ quả sạch;7911: Đại lý du lịch-;5510",internet
314861151,CÔNG TY TNHH XUÂN NGUYÊN KIM,CÔNG TY TNHH XUÂN NGUYÊN KIM,Công ty trách nhiệm hữu hạn một thành viên,"73 Đường 9, Phường 04, Quận 4, Thành phố Hồ Chí Minh, Việt Nam",Quận 4,"1010: Chế biến, bảo quản thịt và các sản phẩm từ thịt-(Thực hiện theo Quyết định 64/2009/QĐ-UBND ngày 31/07/2009 và Quyết định 79/2009/QĐ-UBND ngày 17/10/2009 của Ủy ban nhân dân Thành phố Hồ Chí Minh",internet
315485196,CÔNG TY TNHH WINSTON THOMAS,CÔNG TY TNHH WINSTON THOMAS,Công ty trách nhiệm hữu hạn một thành viên,"6.45, Khu Officetel, Chung cư Rivergate, 151-155 Bến Vân Đồn, Phường 06, Quận 4, Thành phố Hồ Chí Minh, Việt Nam",Quận 4,"7020: Hoạt động tư vấn quản lý-(trừ tư vấn tài chính, kế toán, pháp lý).;6619: Hoạt động hỗ trợ dịch vụ tài chính chưa được phân vào đâu-Chi tiết: Hoạt động tư vấn đầu tư (trừ tư vấn tài chính, kế toá",internet
314878797,CÔNG TY TNHH DỊCH VỤ VÀ XÚC TIẾN THƯƠNG MẠI HẢI PHONG,CÔNG TY TNHH DỊCH VỤ VÀ XÚC TI,Công ty trách nhiệm hữu hạn một thành viên,"170/4A Bến Vân Đồn, Phường 06, Quận 4, Thành phố Hồ Chí Minh, Việt Nam",Quận 4,"4791: Bán lẻ theo yêu cầu đặt hàng qua bưu điện hoặc internet-(trừ bán lẻ bình gas, súng, đạn loại dùng đi săn hoặc thể thao, tiền kim khí và mua bán vàng miếng; thực hiện theo Quyết định 64/2009/QĐ-U",internet
314906613,CÔNG TY CỔ PHẦN XÂY DỰNG VÀ THƯƠNG MẠI FIBOCONS,CÔNG TY CỔ PHẦN XÂY DỰNG VÀ TH,Công ty cổ phần,"277/50 Bến Vân Đồn, Phường 02, Quận 4, Thành phố Hồ Chí Minh, Việt Nam",Quận 4,"7110: Hoạt động kiến trúc và tư vấn kỹ thuật có liên quan-Chi tiết: 
-	Lập tổng dự toán và dự toán các công trình dân dụng, công nghiệp, giao thông, thủy lợi, năng lượng điện, cấp thoát nước và các cô",internet
314907092,CÔNG TY TNHH  PRIMO,CÔNG TY TNHH  PRIMO,Công ty trách nhiệm hữu hạn hai thành viên trở lên,"158/18 Đoàn Văn Bơ , Phường 09, Quận 4, Thành phố Hồ Chí Minh, Việt Nam",Quận 4,"4771: Bán lẻ hàng may mặc, giày dép, hàng da và giả da trong các cửa hàng chuyên doanh-; 5510: Dịch vụ lưu trú ngắn ngày-Chi tiết: Khách sạn, biệt thự du lịch, căn hộ du lịch, nhà nghỉ du lịch, nhà ở ",internet
314930662,CÔNG TY TNHH DỊCH VỤ INTERNET SUNNY,CÔNG TY TNHH DỊCH VỤ INTERNET ,Công ty trách nhiệm hữu hạn một thành viên,"122/27/50 Tôn Đản, Phường 10, Quận 4, Thành phố Hồ Chí Minh, Việt Nam",Quận 4,"7310: Quảng cáo-;5820: Xuất bản phần mềm-Chi tiết: Sản xuất phần mềm.;6201: Lập trình máy vi tính-;6311: Xử lý dữ liệu, cho thuê và các hoạt động liên quan-;3312: Sửa chữa máy móc, thiết bị-(trừ gia c",internet
314956357,CÔNG TY TNHH PHAN MINH TRÍ,CÔNG TY TNHH PHAN MINH TRÍ,Công ty trách nhiệm hữu hạn hai thành viên trở lên,"Số 99 Đường Tôn Thất Thuyết, Phường 15, Quận 4, Thành phố Hồ Chí Minh, Việt Nam",Quận 4,"7710: Cho thuê xe có động cơ-Chi tiết: Cho thuê xe container, xe ô tô;4932: Vận tải hành khách đường bộ khác-Chi tiết: Cho thuê xe có người lái để vận tải hành khách, hợp đồng chở khách đi tham quan, ",internet
314989835,CÔNG TY CỔ PHẦN ĐẦU TƯ THƯƠNG MẠI DỊCH VỤ QLAND,CÔNG TY CỔ PHẦN ĐẦU TƯ THƯƠNG ,Công ty cổ phần,"39 Đường số 41, Phường 06, Quận 4, Thành phố Hồ Chí Minh, Việt Nam",Quận 4,"5820: Xuất bản phần mềm-Chi tiết: Sản xuất phần mềm.;5913: Hoạt động phát hành phim điện ảnh, phim video và chương trình truyền hình-Chi tiết: Hoạt động phát hành phim điện ảnh, phim video (trừ sản xu",internet
314990090,CÔNG TY CỔ PHẦN SENI ART,CÔNG TY CỔ PHẦN SENI ART,Công ty cổ phần,"243/32B Tôn Thất Thuyết , Phường 03, Quận 4, Thành phố Hồ Chí Minh, Việt Nam",Quận 4,4932: Vận tải hành khách đường bộ khác-– Kinh doanh vận tải hành khách bằng ô tô theo tuyến cố định – Kinh doanh vận tải hành khách theo hợp đồng – Kinh doanh vận chuyển hành khách du lịch bằng ô tô;5,internet
314995596,CÔNG TY TNHH LINDA UYÊN COSMETICS,CÔNG TY TNHH LINDA UYÊN COSMET,Công ty trách nhiệm hữu hạn hai thành viên trở lên,"122/27/45/13 Tôn Đản, Phường 10, Quận 4, Thành phố Hồ Chí Minh, Việt Nam",Quận 4,"2023: Sản xuất mỹ phẩm, xà phòng, chất tẩy rửa, làm bóng và chế phẩm vệ sinh-Chi tiết: Sản xuất mỹ phẩm (trừ sản xuất hóa chất tại trụ sở);4649: Bán buôn đồ dùng khác cho gia đình-Chi tiết: Bán buôn n",internet
315001215,CÔNG TY CỔ PHẦN DỄ DÀNG THƯƠNG MẠI ĐIỆN TỬ,CÔNG TY CỔ PHẦN DỄ DÀNG THƯƠNG,Công ty cổ phần,"Số 84 Tôn Đản, Phường 10, Quận 4, Thành phố Hồ Chí Minh, Việt Nam",Quận 4,"4773: Bán lẻ hàng hóa khác mới trong các cửa hàng chuyên doanh-(không tồn trữ hóa chất, trừ bán lẻ bình gas, khí dầu mỏ hóa lỏng LPG, dầu nhớt cặn, vàng miếng, súng, đạn loại dùng đi săn hoặc thể thao",internet
315008549,CÔNG TY CỔ PHẦN NAM DU INVEST,CÔNG TY CỔ PHẦN NAM DU INVEST,Công ty cổ phần,"317 Đoàn Văn Bơ, Phường 13, Quận 4, Thành phố Hồ Chí Minh, Việt Nam",Quận 4,4290: Xây dựng công trình kỹ thuật dân dụng khác-;5630: Dịch vụ phục vụ đồ uống-(trừ hoạt động quán bar và quán giải khát có khiêu vũ).;7320: Nghiên cứu thị trường và thăm dò dư luận-;8211: Dịch vụ hà,internet
315009119,CÔNG TY TNHH THANA,CÔNG TY TNHH THANA,Công ty trách nhiệm hữu hạn một thành viên,"Số 195/10 Tôn Thất Thuyết, Phường 03, Quận 4, Thành phố Hồ Chí Minh, Việt Nam",Quận 4,"7220: Nghiên cứu và phát triển thực nghiệm khoa học xã hội và nhân văn-;7310: Quảng cáo-;6311: Xử lý dữ liệu, cho thuê và các hoạt động liên quan-;7320: Nghiên cứu thị trường và thăm dò dư luận-Chi ti",internet
315008838,CÔNG TY CỔ PHẦN QUẢN LÝ TÀI SẢN SỐ,CÔNG TY CỔ PHẦN QUẢN LÝ TÀI SẢ,Công ty cổ phần,"A3.05.16, Tầng 5, Chung cư The Gold View, 346 Bến Vân Đồn, Phường 01, Quận 4, Thành phố Hồ Chí Minh, Việt Nam",Quận 4,"3312: Sửa chữa máy móc, thiết bị-;3314: Sửa chữa thiết bị điện-;7320: Nghiên cứu thị trường và thăm dò dư luận-(trừ các loại thông tin Nhà Nước cấm và dịch vụ điều tra);5820: Xuất bản phần mềm-Chi tiế",internet
315025470,CÔNG TY TNHH HOA SEN HOUSE,CÔNG TY TNHH HOA SEN HOUSE,Công ty trách nhiệm hữu hạn hai thành viên trở lên,"Phòng TS1.3.15, Tầng 3, Khu Officetel Cao Ốc The Tresor, Số 39 Đường Bến Vân Đồn , Phường 12, Quận 4, Thành phố Hồ Chí Minh, Việt Nam",Quận 4,"6820: Tư vấn, môi giới, đấu giá bất động sản, đấu giá quyền sử dụng đất-Chi tiết: Tư vấn, quản lý, môi giới bất động sản;8121: Vệ sinh chung nhà cửa-(trừ dịch vụ xông hơi khử trùng);8129: Vệ sinh nhà ",internet
315058469,CÔNG TY TNHH CÔNG NGHỆ TIN HỌC BẢO CHÂU,CÔNG TY TNHH CÔNG NGHỆ TIN HỌC,Công ty trách nhiệm hữu hạn một thành viên,"40/22/5 Nguyễn Khoái, Phường 02, Quận 4, Thành phố Hồ Chí Minh, Việt Nam",Quận 4,"4652: Bán buôn thiết bị và linh kiện điện tử, viễn thông-;4741: Bán lẻ máy vi tính, thiết bị ngoại vi, phần mềm và thiết bị viễn thông trong các cửa hàng chuyên doanh-;7730: Cho thuê máy móc, thiết bị",internet
315062070,CÔNG TY TNHH LEET GROUP,CÔNG TY TNHH LEET GROUP,Công ty trách nhiệm hữu hạn một thành viên,"Số 265 Khánh Hội, Phường 05, Quận 4, Thành phố Hồ Chí Minh, Việt Nam",Quận 4,"4791: Bán lẻ theo yêu cầu đặt hàng qua bưu điện hoặc internet-(trừ bán lẻ bình gas, khí dầu mỏ hóa lỏng LPG, dầu nhớt cặn, vàng miếng, súng, đạn loại dùng đi săn hoặc thể thao và tiền kim khí và thực ",internet
315117837,CÔNG TY TNHH THƯƠNG MẠI PHÁT TRIỂN TƯ VẤN  ĐẦU TƯ TRƯỜNG THỊNH,CÔNG TY TNHH THƯƠNG MẠI PHÁT T,Công ty trách nhiệm hữu hạn một thành viên,"Tầng 15 Tòa nhà E Town, số 11 Đoàn Văn Bơ, Phường 12, Quận 4, Thành phố Hồ Chí Minh, Việt Nam",Quận 4,"5210: Kho bãi và lưu giữ hàng hóa-Chi tiết: Lưu giữ hàng hóa (trừ kinh doanh kho bãi);5224: Bốc xếp hàng hóa-(trừ bốc xếp hàng hóa cảng hàng không).;4772: Bán lẻ thuốc, dụng cụ y tế, mỹ phẩm và vật ph",internet
315107099,CÔNG TY TNHH VIPLIFE,CÔNG TY TNHH VIPLIFE,Công ty trách nhiệm hữu hạn một thành viên,"92/20/1 Tôn Thất Thuyết, Phường 16, Quận 4, Thành phố Hồ Chí Minh, Việt Nam",Quận 4,"4100: Xây dựng nhà các loại-;4290: Xây dựng công trình kỹ thuật dân dụng khác-;4330: Hoàn thiện công trình xây dựng-(trừ thiết kế công trình, giám sát thi công, khảo sát xây dựng).;4641: Bán buôn vải,",internet
315131983,CÔNG TY CỔ PHẦN NƯỚC NĂNG LƯỢNG CAO ARIRANGION VIỆT NAM,CÔNG TY CỔ PHẦN NƯỚC NĂNG LƯỢN,Công ty cổ phần,"B134/7 Nguyễn Thần Hiến, Phường 18, Quận 4, Thành phố Hồ Chí Minh, Việt Nam",Quận 4,4722: Bán lẻ thực phẩm trong các cửa hàng chuyên doanh-(thực hiện theo Quyết định số 64/2009/QĐ-UBND ngày 31/07/2009 và Quyết định số 79/2009/QĐ-UBND ngày 17/10/2009 của Ủy Ban Nhân Dân TP. Hồ Chí Min,internet
315150418,CÔNG TY TNHH QUẢN LÝ VÀ VẬN HÀNH BẤT ĐỘNG SẢN VIỆT NAM,CÔNG TY TNHH QUẢN LÝ VÀ VẬN HÀ,Công ty trách nhiệm hữu hạn hai thành viên trở lên,"254/18 Bến Vân Đồn , Phường 05, Quận 4, Thành phố Hồ Chí Minh, Việt Nam",Quận 4,"7310: Quảng cáo-;7320: Nghiên cứu thị trường và thăm dò dư luận-;4659: Bán buôn máy móc, thiết bị và phụ tùng máy khác-Chi tiết: Bán buôn máy móc, thiết bị điện, vật liệu điện ( máy phát điện, động cơ",internet
315144372,CÔNG TY CỔ PHẦN ĐẦU TƯ THƯƠNG MẠI DỊCH VỤ XUẤT NHẬP KHẨU AMAZON MẠNH ĐỨC,CÔNG TY CỔ PHẦN ĐẦU TƯ THƯƠNG ,Công ty cổ phần,"B46/35 Tôn Thất Thuyết, Phường 18, Quận 4, Thành phố Hồ Chí Minh, Việt Nam",Quận 4,"4329: Lắp đặt hệ thống xây dựng khác-;4330: Hoàn thiện công trình xây dựng-;4322: Lắp đặt hệ thống cấp, thoát nước, hệ thống sưởi và điều hoà không khí-(trừ lắp đặt các thiết bị lạnh (thiết bị cấp đôn",internet
315237468,CÔNG TY TNHH TRÀ VÀ CÀ PHÊ AN THÁI,CÔNG TY TNHH TRÀ VÀ CÀ PHÊ AN ,Công ty trách nhiệm hữu hạn một thành viên,"17 Đường Tân Vĩnh, Phường 04, Quận 4, Thành phố Hồ Chí Minh, Việt Nam",Quận 4,4632: Bán buôn thực phẩm-(không hoạt động tại trụ sở);1030: Chế biến và bảo quản rau quả-(không hoạt động tại trụ sở);1079: Sản xuất thực phẩm khác chưa được phân vào đâu-Chi tiết: sản xuất các sản ph,internet
315213280,CÔNG TY TNHH THƯƠNG MẠI DỊCH VỤ AN TÂM SG 1,CÔNG TY TNHH THƯƠNG MẠI DỊCH V,Công ty trách nhiệm hữu hạn một thành viên,"A57A Nguyễn Thần Hiến , Phường 18, Quận 4, Thành phố Hồ Chí Minh, Việt Nam",Quận 4,4669: Bán buôn chuyên doanh khác chưa được phân vào đâu-Chi tiết: Bán buôn sản phẩm từ plastic Bán buôn phân bón. Bán buôn hóa chất trong lĩnh vực phụ gia thực phẩm (không hoạt động tại trụ sở). Bán b,internet
315220182,CÔNG TY TNHH TRUYỀN THÔNG DỊCH VỤ QUẢNG CÁO NAM GIANG,CÔNG TY TNHH TRUYỀN THÔNG DỊCH,Công ty trách nhiệm hữu hạn một thành viên,"31/62A Tôn Đản, Phường 15, Quận 4, Thành phố Hồ Chí Minh, Việt Nam",Quận 4,"1811: In ấn-(trừ in tráng bao bì kim loại, in trên sản phẩm vải, sợi, dệt, may đan tại trụ sở).;1812: Dịch vụ liên quan đến in-;5820: Xuất bản phần mềm-chi tiết: Sản xuất phần mềm.;5911: Hoạt động sản",internet
315260795,CÔNG TY TNHH TM DV CUIR VIỆT NAM,CÔNG TY TNHH TM DV CUIR VIỆT N,Công ty trách nhiệm hữu hạn hai thành viên trở lên,"G4 Bến Vân Đồn, Phường 06, Quận 4, Thành phố Hồ Chí Minh, Việt Nam",Quận 4,"4690: Bán buôn tổng hợp-- (trừ bán lẻ bình gas, súng, đạn loại dùng đi săn hoặc thể thao, tiền kim khí và mua bán vàng miếng; thực hiện theo Quyết định 64/2009/QĐ-UBND ngày 31/7/2009 của Ủy ban nhân d",internet
315232759,CÔNG TY TNHH DỊCH THUẬT SBM ALPHA,CÔNG TY TNHH DỊCH THUẬT SBM AL,Công ty trách nhiệm hữu hạn một thành viên,"254/33/42 Bến Vân Đồn, Phường 05, Quận 4, Thành phố Hồ Chí Minh, Việt Nam",Quận 4,"4741: Bán lẻ máy vi tính, thiết bị ngoại vi, phần mềm và thiết bị viễn thông trong các cửa hàng chuyên doanh-;4759: Bán lẻ đồ điện gia dụng, giường, tủ, bàn, ghế và đồ nội thất tương tự, đèn và bộ đèn",internet
315226508,CÔNG TY TNHH THƯƠNG MẠI DỊCH VỤ VIỄN THÔNG VÀ DU LỊCH SUNRISE,CÔNG TY TNHH THƯƠNG MẠI DỊCH V,Công ty trách nhiệm hữu hạn một thành viên,"A6.10, Tầng 6, Tòa nhà Saigon Royal, 34-35 Bến Vân Đồn, Phường 12, Quận 4, Thành phố Hồ Chí Minh, Việt Nam",Quận 4,"6202: Tư vấn máy vi tính và quản trị hệ thống máy vi tính-;6311: Xử lý dữ liệu, cho thuê và các hoạt động liên quan-;6190: Hoạt động viễn thông khác-Chi tiết: Hoạt động của các điểm truy cập internet;",internet
315226956,CÔNG TY TNHH MR.CLEAN EXPRESS LAUNDRY VIỆT NAM,CÔNG TY TNHH MRCLEAN EXPRESS L,Công ty trách nhiệm hữu hạn một thành viên,"54 Tôn Đản, Phường 13, Quận 4, Thành phố Hồ Chí Minh, Việt Nam",Quận 4,"4762: Bán lẻ băng đĩa âm thanh, hình ảnh (kể cả băng, đĩa trắng) trong các cửa hàng chuyên doanh-;4763: Bán lẻ thiết bị, dụng cụ thể dục, thể thao trong các cửa hàng chuyên doanh-;4719: Bán lẻ khác tr",internet
315250892,CÔNG TY TNHH THƯƠNG MẠI VÀ DỊCH VỤ TÂM PHÚC TƯỜNG,CÔNG TY TNHH THƯƠNG MẠI VÀ DỊC,Công ty trách nhiệm hữu hạn một thành viên,"64/66/8A Nguyễn Khoái, Phường 02, Quận 4, Thành phố Hồ Chí Minh, Việt Nam",Quận 4,"4719: Bán lẻ  khác trong các cửa hàng kinh doanh tổng hợp-(trừ bán lẻ bình gas, khí dầu mỏ hóa lỏng LPG, dầu nhớt cặn, vàng miếng, súng, đạn loại dùng đi săn hoặc thể thao và tiền kim khí; trừ bán lẻ ",internet
315265419,CÔNG TY CỔ PHẦN TƯ VẤN CÔNG NGHỆ THƯƠNG MẠI ĐẦU TƯ XÂY DỰNG MẠNH NGUYỄN,CÔNG TY CỔ PHẦN TƯ VẤN CÔNG NG,Công ty cổ phần,"10 Đường 10C , Phường 06, Quận 4, Thành phố Hồ Chí Minh, Việt Nam",Quận 4,"9511: Sửa chữa máy vi tính và thiết bị ngoại vi-(trừ gia công cơ khí, tái chế phế thải, xi mạ điện);6201: Lập trình máy vi tính-;6202: Tư vấn máy vi tính và quản trị hệ thống máy vi tính-;6311: Xử lý ",internet
315323974,CÔNG TY TNHH NHÀ HÀNG NGỌC SƯƠNG ĐẠI PHÚ,CÔNG TY TNHH NHÀ HÀNG NGỌC SƯƠ,Công ty trách nhiệm hữu hạn một thành viên,"129F/121/2 Bến Vân Đồn, Phường 08, Quận 4, Thành phố Hồ Chí Minh, Việt Nam",Quận 4,"8299: Hoạt động dịch vụ hỗ trợ kinh doanh khác còn lại chưa được phân vào đâu-chi tiết: xuất nhập khẩu các mặt hàng công ty kinh doanh;4610: Đại lý, môi giới, đấu giá hàng hóa-chi tiết: đại lý bán hàn",internet
315295565,CÔNG TY TNHH TM DV PBA VIỆT NAM,CÔNG TY TNHH TM DV PBA VIỆT NA,Công ty trách nhiệm hữu hạn một thành viên,"50B Tôn Thất Thuyết , Phường 18, Quận 4, Thành phố Hồ Chí Minh, Việt Nam",Quận 4,"4321: Lắp đặt hệ thống điện-;4322: Lắp đặt hệ thống cấp, thoát nước, hệ thống sưởi và điều hoà không khí-Chi tiết: Lắp đặt hệ thống cấp thoát nước; Lắp đặt hệ thống sưởi và điều hoà không khí (trừ lắp",internet
315306866,CÔNG TY TNHH PUSH ME UP,CÔNG TY TNHH PUSH ME UP,Công ty trách nhiệm hữu hạn hai thành viên trở lên,"1.05 TMDV Chung Cư H3, 384 Hoàng Diệu , Phường 06, Quận 4, Thành phố Hồ Chí Minh, Việt Nam",Quận 4,"8220: Hoạt động dịch vụ liên quan đến các cuộc gọi-;8230: Tổ chức giới thiệu và xúc tiến thương mại-(không thực hiện các hiệu ứng cháy, nổ, không sử dụng chất nổ, chất cháy, hóa chất làm đạo cụ, dụng ",internet
315323808,CÔNG TY TNHH NHÀ HÀNG ÁNH SAO,CÔNG TY TNHH NHÀ HÀNG ÁNH SAO,Công ty trách nhiệm hữu hạn một thành viên,"243A/49 Hoàng Diệu, Phường 08, Quận 4, Thành phố Hồ Chí Minh, Việt Nam",Quận 4,"8299: Hoạt động dịch vụ hỗ trợ kinh doanh khác còn lại chưa được phân vào đâu-Chi tiết: Xuất nhập khẩu các mặt hàng Công ty kinh doanh;4610: Đại lý, môi giới, đấu giá hàng hóa-Chi tiết: Đại lý bán hàn",internet
315369094,CÔNG TY TNHH MỘT THÀNH VIÊN ĐÀO TẠO & PHÁT TRIỂN NHÂN LỰC VIỆT,CÔNG TY TNHH MỘT THÀNH VIÊN ĐÀ,Công ty trách nhiệm hữu hạn một thành viên,"Tầng 20, Tòa nhà e.town Central, 11 Đoàn Văn Bơ, Phường 13, Quận 4, Thành phố Hồ Chí Minh, Việt Nam",Quận 4,8559: Giáo dục khác chưa được phân vào đâu-Chi tiết: Dạy đọc nhanh; Đào tạo về sự sống; Đào tạo tự vệ; Đào tạo kỹ năng nói trước công chúng; Các khóa dạy về phê bình đánh giá chuyên môn; Dạy máy tính ,internet
315434667,CÔNG TY TNHH CTC VINA,CÔNG TY TNHH CTC VINA,Công ty trách nhiệm hữu hạn hai thành viên trở lên,"Văn Phòng L2, Tòa nhà Khánh Hội 2, 360A Bến Vân Đồn , Phường 01, Quận 4, Thành phố Hồ Chí Minh, Việt Nam",Quận 4,"4632: Bán buôn thực phẩm-Chi tiết: 
Bán buôn rong biển, dầu ăn thực vật, gia vị, nước chấm, sữa và các sản phẩm sữa, bánh kẹo và các sản phẩm chế biến từ ngũ cốc, bột, tinh bột (không bán buôn đường t",internet
315411003,CÔNG TY TNHH LEMON TREE CNJ,CÔNG TY TNHH LEMON TREE CNJ,Công ty trách nhiệm hữu hạn một thành viên,"Lầu 3 Số 22 Hoàng Diệu, Phường 13, Quận 4, Thành phố Hồ Chí Minh, Việt Nam",Quận 4,"5630: Dịch vụ phục vụ đồ uống-Chi tiết: Dịch vụ phục vụ các loại đồ uống (trừ đồ uống có chứa chất cồn) (trừ hoạt động quán bar và quán giải khát có khiêu vũ).;4711: Bán lẻ lương thực, thực phẩm, đồ u",internet
315418305,CÔNG TY TNHH KỸ THUẬT ĐIỆN HOÀNG QUÂN,CÔNG TY TNHH KỸ THUẬT ĐIỆN HOÀ,Công ty trách nhiệm hữu hạn một thành viên,"Số 028 Đường số 45, Phường 06, Quận 4, Thành phố Hồ Chí Minh, Việt Nam",Quận 4,"6820: Tư vấn, môi giới, đấu giá bất động sản, đấu giá quyền sử dụng đất-Chi tiết: Tư vấn, môi giới bất động sản; Sàn Giao dịch bất động sản (trừ tư vấn tài chính, kế toán, pháp lý).;7020: Hoạt động tư",internet
315425493,CÔNG TY TNHH SYNAGIE (VIỆT NAM),CÔNG TY TNHH SYNAGIE VIỆT NAM,Công ty trách nhiệm hữu hạn một thành viên,"E. Town Central, Số 11 Đoàn Văn Bơ, Phường 13, Quận 4, Thành phố Hồ Chí Minh, Việt Nam",Quận 4,"5210: Kho bãi và lưu giữ hàng hóa-Chi tiết: Dịch vụ kho bãi (CPC 742) (không hoạt động kinh doanh bất động sản);4610: Đại lý, môi giới, đấu giá hàng hóa-Chi tiết: Dịch vụ đại lý hoa hồng (CPC 621);702",internet
315432211,CÔNG TY TNHH APPLE MEDIA,CÔNG TY TNHH APPLE MEDIA,Công ty trách nhiệm hữu hạn một thành viên,"118/20 Vĩnh Hội, Phường 04, Quận 4, Thành phố Hồ Chí Minh, Việt Nam",Quận 4,"7310: Quảng cáo-;8230: Tổ chức giới thiệu và xúc tiến thương mại-(trừ các hoạt động trong lĩnh vực có sử dụng chất nổ, chất cháy, hóa chất làm đạo cụ, dụng cụ thực hiện các chương trình văn nghệ, sự k",internet
315434378,CÔNG TY TNHH TAM THỂ,CÔNG TY TNHH TAM THỂ,Công ty trách nhiệm hữu hạn một thành viên,"Tòa nhà E.Town Central, số 11 Đoàn Văn Bơ, Phường 13, Quận 4, Thành phố Hồ Chí Minh, Việt Nam",Quận 4,2620: Sản xuất máy vi tính và thiết bị ngoại vi của máy vi tính-;5229: Hoạt động dịch vụ hỗ trợ khác liên quan đến vận tải-Chi tiết: Hoạt động dịch vụ hỗ trợ khác liên quan đến vận tải (trừ kinh doanh,internet
315453613,CÔNG TY TNHH XÂY DỰNG - THƯƠNG MẠI SPM,CÔNG TY TNHH XÂY DỰNG  THƯƠNG ,Công ty trách nhiệm hữu hạn hai thành viên trở lên,"40/4 Khánh Hội, Phường 04, Quận 4, Thành phố Hồ Chí Minh, Việt Nam",Quận 4,"4102: Xây dựng nhà không để ở-;4330: Hoàn thiện công trình xây dựng-;4322: Lắp đặt hệ thống cấp, thoát nước, hệ thống sưởi và điều hoà không khí-(trừ lắp đặt các thiết bị điện lạnh (thiết bị cấp đông,",internet
315349700,CÔNG TY TNHH THƯƠNG MẠI DỊCH VỤ VỐN NHÂN TÀI,CÔNG TY TNHH THƯƠNG MẠI DỊCH V,Công ty trách nhiệm hữu hạn một thành viên,"Phòng B18.08, Tầng 18, Tòa nhà RiverGate Residence, 151-155 Bến Vân Đồn, Phường 06, Quận 4, Thành phố Hồ Chí Minh, Việt Nam",Quận 4,"7810: Hoạt động của các trung tâm, đại lý tư vấn, giới thiệu và môi giới lao động, việc làm-chi tiết: Hoạt động của các đại lý tư vấn, giới thiệu và môi giới lao động, việc làm;7820: Cung ứng lao động",internet
314929508,CÔNG TY TNHH CÔNG NGHỆ AN GIA 24H,CÔNG TY TNHH CÔNG NGHỆ AN GIA ,Công ty trách nhiệm hữu hạn một thành viên,"183C/1B Tôn Thất Thuyết, Phường 04, Quận 4, Thành phố Hồ Chí Minh, Việt Nam",Quận 4,"4659: Bán buôn máy móc, thiết bị và phụ tùng máy khác-Chi tiết: Bán buôn máy móc, thiết bị điện, vật liệu điện (máy phát điện, động cơ điện, dây điện và thiết bị khác dùng trong mạch điện); Bán buôn h",internet
314948821,CÔNG TY TNHH THƯƠNG MẠI DỊCH VỤ KHÁNH HƯNG CLIP,CÔNG TY TNHH THƯƠNG MẠI DỊCH V,Công ty trách nhiệm hữu hạn một thành viên,"17/7 Đoàn Như Hài, Phường 12, Quận 4, Thành phố Hồ Chí Minh, Việt Nam",Quận 4,"5210: Kho bãi và lưu giữ hàng hóa-Chi tiết: Lưu giữ hàng hóa (trừ kinh doanh kho bãi);5224: Bốc xếp hàng hóa-(trừ bốc xếp hàng hoá cảng hàng không);4661: Bán buôn nhiên liệu rắn, lỏng, khí và các sản ",internet
315403997,CÔNG TY TNHH KOREA ZONE,CÔNG TY TNHH KOREA ZONE,Công ty trách nhiệm hữu hạn một thành viên,"số A1.0506, Tầng 5 The Gold View, 346 Bến vân đồn, Phường 01, Quận 4, Thành phố Hồ Chí Minh, Việt Nam",Quận 4,"9000: Hoạt động sáng tác, nghệ thuật và giải trí-Chi tiết: Tổ chức các buổi trình diễn kịch trực tiếp, các buổi hòa nhạc hoặc opera hoặc các tác phẩm khiêu vũ và các tác phẩm sân khấu khác; Hoạt động ",internet
315405779,CÔNG TY TNHH DỊCH VỤ GAME KHẮC TOÀN,CÔNG TY TNHH DỊCH VỤ GAME KHẮC,Công ty trách nhiệm hữu hạn một thành viên,"242 Tôn Thất Thuyết, Phường 03, Quận 4, Thành phố Hồ Chí Minh, Việt Nam",Quận 4,6190: Hoạt động viễn thông khác-Chi tiết: hoạt động của các điểm truy cập internet;9329: Hoạt động vui chơi giải trí khác chưa được phân vào đâu-Chi tiết: kinh doanh trò chơi điện tử (trừ kinh doanh t,internet
315038141,CÔNG TY CỔ PHẦN TRUYỀN THÔNG TRỰC TUYẾN GOOD COMMUNICATION,CÔNG TY CỔ PHẦN TRUYỀN THÔNG T,Công ty cổ phần,"37 Lê Quốc Hưng, Phường 12, Quận 4, Thành phố Hồ Chí Minh, Việt Nam",Quận 4,"7310: Quảng cáo-;7320: Nghiên cứu thị trường và thăm dò dư luận-(không thực hiện các hiệu ứng cháy, nổ; không sử dụng chất nổ, chất cháy, hóa chất làm đạo cụ, dụng cụ thực hiện các chương trình văn ng",internet
315122033,CÔNG TY CỔ PHẦN GIẢI PHÁP BIG DATA,CÔNG TY CỔ PHẦN GIẢI PHÁP BIG ,Công ty cổ phần,"B60/58 Đường Nguyễn Thần Hiến, Phường 18, Quận 4, Thành phố Hồ Chí Minh, Việt Nam",Quận 4,2610: Sản xuất linh kiện điện tử-;2620: Sản xuất máy vi tính và thiết bị ngoại vi của máy vi tính-;2630: Sản xuất thiết bị truyền thông-;2640: Sản xuất sản phẩm điện tử dân dụng-;5820: Xuất bản phần m,internet
315143763,CÔNG TY TNHH THƯƠNG MẠI DỊCH VỤ CÁ CHÉP,CÔNG TY TNHH THƯƠNG MẠI DỊCH V,Công ty trách nhiệm hữu hạn một thành viên,"437 Đoàn Văn Bơ, Phường 13, Quận 4, Thành phố Hồ Chí Minh, Việt Nam",Quận 4,6190: Hoạt động viễn thông khác-Chi tiết: Hoạt động của các điểm truy cập internet.;9329: Hoạt động vui chơi giải trí khác chưa được phân vào đâu-Chi tiết: Kinh doanh trò chơi điện tử (trừ kinh doanh ,internet
315160818,CÔNG TY CỔ PHẦN CÁCH MẠNG SỐ VIỆT NAM,CÔNG TY CỔ PHẦN CÁCH MẠNG SỐ V,Công ty cổ phần,"RIVERGATE RESIDENCE BLOCK B - Tầng 12, phòng B12.16 151-155 Bến Vân Đồn, Phường 06, Quận 4, Thành phố Hồ Chí Minh, Việt Nam",Quận 4,"6209: Hoạt động dịch vụ công nghệ thông tin và dịch vụ khác liên quan đến máy vi tính-;6311: Xử lý dữ liệu, cho thuê và các hoạt động liên quan-;6312: Cổng thông tin-chi tiết: hoạt động điều hành các ",internet
315372509,CÔNG TY TNHH K&P GLOBAL,CÔNG TY TNHH KP GLOBAL,Công ty trách nhiệm hữu hạn một thành viên,"242/21 Tôn Đản, Phường 08, Quận 4, Thành phố Hồ Chí Minh, Việt Nam",Quận 4,"4651: Bán buôn máy vi tính, thiết bị ngoại vi và phần mềm-;4652: Bán buôn thiết bị và linh kiện điện tử, viễn thông-;4741: Bán lẻ máy vi tính, thiết bị ngoại vi, phần mềm và thiết bị viễn thông trong ",internet
315462551,CÔNG TY TNHH MTV ĐẦU TƯ DỊCH VỤ HỒNG QUÂN,CÔNG TY TNHH MTV ĐẦU TƯ DỊCH V,Công ty trách nhiệm hữu hạn một thành viên,"692/8 Đoàn Văn Bơ, Phường 16, Quận 4, Thành phố Hồ Chí Minh, Việt Nam",Quận 4,"3312: Sửa chữa máy móc, thiết bị-(trừ gia công cơ khí, tái chế phế thải, xi mạ điện tại trụ sở).;4329: Lắp đặt hệ thống xây dựng khác-(trừ gia công cơ khí, tái chế phế thải, xi mạ điện tại trụ sở).;43",internet
315497191,CÔNG TY TNHH TIN HỌC GIA PHÚC KHANG,CÔNG TY TNHH TIN HỌC GIA PHÚC ,Công ty trách nhiệm hữu hạn hai thành viên trở lên,"644/1 Đoàn Văn Bơ, Phường 16, Quận 4, Thành phố Hồ Chí Minh, Việt Nam",Quận 4,"4651: Bán buôn máy vi tính, thiết bị ngoại vi và phần mềm-;4652: Bán buôn thiết bị và linh kiện điện tử, viễn thông-;4659: Bán buôn máy móc, thiết bị và phụ tùng máy khác-;4741: Bán lẻ máy vi tính, th",internet
315495028,CÔNG TY TNHH ĐẦU TƯ PHÁT TRIỂN ĐẠI LÂM MỘC,CÔNG TY TNHH ĐẦU TƯ PHÁT TRIỂN,Công ty trách nhiệm hữu hạn một thành viên,"B78/22/47 Tôn Thất Thuyết, Phường 16, Quận 4, Thành phố Hồ Chí Minh, Việt Nam",Quận 4,"6312: Cổng thông tin-Chi tiết: Thiết lập trang thông tin điển tử tổng hợp;2732: Sản xuất dây, cáp điện và điện tử khác-;6209: Hoạt động dịch vụ công nghệ thông tin và dịch vụ khác liên quan đến máy vi",internet
315480906,CÔNG TY TNHH THƯƠNG MẠI DỊCH VỤ HAPPY FLIGHT,CÔNG TY TNHH THƯƠNG MẠI DỊCH V,Công ty trách nhiệm hữu hạn một thành viên,"196 Lê Quốc Hưng, Phường 12, Quận 4, Thành phố Hồ Chí Minh, Việt Nam",Quận 4,5229: Hoạt động dịch vụ hỗ trợ khác liên quan đến vận tải-Chi tiết: Đại lý bán vé máy bay;7710: Cho thuê xe có động cơ-;4932: Vận tải hành khách đường bộ khác-chi tiết: Kinh doanh vận tải hành khách t,internet
315578179,CÔNG TY TNHH ĐÀO TẠO MANDALA PHONG THUỶ,CÔNG TY TNHH ĐÀO TẠO MANDALA P,Công ty trách nhiệm hữu hạn một thành viên,"74 Nguyễn Khoái, Phường 02, Quận 4, Thành phố Hồ Chí Minh, Việt Nam",Quận 4,"6820: Tư vấn, môi giới, đấu giá bất động sản, đấu giá quyền sử dụng đất-chi tiết: tư vấn vê bất động sản; định giá bất động sản; môi giới bất động sản; 7490: Hoạt động chuyên môn, khoa học và công ngh",internet
315580481,CÔNG TY TNHH DU LỊCH MÊ KÔNG HUYỀN BÍ,CÔNG TY TNHH DU LỊCH MÊ KÔNG H,Công ty trách nhiệm hữu hạn một thành viên,"TS2.10.01, Tòa nhà The Tresor, Số 39-39B Bến Vân Đồn, Phường 12, Quận 4, Thành phố Hồ Chí Minh, Việt Nam",Quận 4,"4789: Bán  lẻ hàng hóa khác lưu động hoặc tại chợ-(trừ bán lẻ hóa chất, khí dầu mỏ hóa lỏng LPG, dầu nhớt cặn, vàng miếng, súng, đạn loại dùng đi săn hoặc thể thao và tiền kim khí; Thực hiện theo Quyế",internet
315574745,CÔNG TY TNHH THƯƠNG MẠI VÂN BẢY,CÔNG TY TNHH THƯƠNG MẠI VÂN BẢ,Công ty trách nhiệm hữu hạn một thành viên,"76C Đoàn Văn Bơ, Phường 14, Quận 4, Thành phố Hồ Chí Minh, Việt Nam",Quận 4,"4632: Bán buôn thực phẩm-(Không hoạt động tại trụ sở);4633: Bán buôn đồ uống-;4631: Bán buôn gạo, lúa mỳ, hạt ngũ cốc khác, bột mỳ-(Không hoạt động tại trụ sở);4620: Bán buôn nông, lâm sản nguyên liệu",internet
315602840,CÔNG TY TNHH CON GÀ MÁI,CÔNG TY TNHH CON GÀ MÁI,Công ty trách nhiệm hữu hạn một thành viên,"320/82 Đoàn Văn Bơ, Phường 10, Quận 4, Thành phố Hồ Chí Minh, Việt Nam",Quận 4,"4659: Bán buôn máy móc, thiết bị và phụ tùng máy khác-;4610: Đại lý, môi giới, đấu giá hàng hóa-Chi tiết: Đại lý, môi giới hàng hoá;7410: Hoạt động thiết kế chuyên dụng-Chi tiết: - Hoạt động trang trí",internet
315609194,CÔNG TY TNHH TM DV TÂN LỘC,CÔNG TY TNHH TM DV TÂN LỘC,Công ty trách nhiệm hữu hạn một thành viên,"140 Nguyễn Tất Thành, Phường 13, Quận 4, Thành phố Hồ Chí Minh, Việt Nam",Quận 4,"4610: Đại lý, môi giới, đấu giá hàng hóa-Chi tiết: Đại lý, môi giới (trừ môi giới bất động sản);4649: Bán buôn đồ dùng khác cho gia đình-Chi tiết: Bán buôn sim số điện thoại, thẻ cào;8211: Dịch vụ hàn",internet
315616106,CÔNG TY TNHH THƯƠNG MẠI TNA VIỆT NAM,CÔNG TY TNHH THƯƠNG MẠI TNA VI,Công ty trách nhiệm hữu hạn hai thành viên trở lên,"Lầu 1, Cao ốc H3, 384 Hoàng Diệu , Phường 06, Quận 4, Thành phố Hồ Chí Minh, Việt Nam",Quận 4,8299: Hoạt động dịch vụ hỗ trợ kinh doanh khác còn lại chưa được phân vào đâu-chi tiết: Dịch vụ thương mại điện tử;4632: Bán buôn thực phẩm-chi tiết: Bán buôn thực phẩm (không hoạt động tại trụ sở); B,internet
315620818,CÔNG TY TNHH THƯƠNG MẠI DỊCH VỤ BUTTERFLY,CÔNG TY TNHH THƯƠNG MẠI DỊCH V,Công ty trách nhiệm hữu hạn hai thành viên trở lên,"28 Đường Hoàng Diệu, Phường 12, Quận 4, Thành phố Hồ Chí Minh, Việt Nam",Quận 4,"8230: Tổ chức giới thiệu và xúc tiến thương mại-(không thực hiện các hiệu ứng cháy, nổ, không sử dụng chất nổ, chất cháy, hóa chất làm đạo cụ, dụng cụ thực hiện các chương trình văn nghệ, sự kiện, phi",internet
315647785,CÔNG TY TNHH BESTCO,CÔNG TY TNHH BESTCO,Công ty trách nhiệm hữu hạn hai thành viên trở lên,"49 Lê Quốc Hưng, Phường 12, Quận 4, Thành phố Hồ Chí Minh, Việt Nam",Quận 4,"6312: Cổng thông tin-Chi tiết: Thiết lập trang thông tin điện tử tổng hợp.;6190: Hoạt động viễn thông khác-;7310: Quảng cáo-;8230: Tổ chức giới thiệu và xúc tiến thương mại-Chi tiết: Tổ chức hội nghị,",internet
315669235,CÔNG TY TNHH SÀI GÒN BEAUTY HOUSE,CÔNG TY TNHH SÀI GÒN BEAUTY HO,Công ty trách nhiệm hữu hạn hai thành viên trở lên,"73/5 Khánh Hội, Phường 03, Quận 4, Thành phố Hồ Chí Minh, Việt Nam",Quận 4,"4649: Bán buôn đồ dùng khác cho gia đình-Chi tiết: Bán buôn mỹ phẩm (CPC 622); 4772: Bán lẻ thuốc, dụng cụ y tế, mỹ phẩm và vật phẩm vệ sinh trong các cửa hàng chuyên doanh-Chi tiết: Bán lẻ mỹ phẩm (C",internet
315662906,CÔNG TY TNHH M&J TOYS VIỆT NAM,CÔNG TY TNHH MJ TOYS VIỆT NAM,Công ty trách nhiệm hữu hạn một thành viên,"330A Bến Vân Đồn, Phường 01, Quận 4, Thành phố Hồ Chí Minh, Việt Nam",Quận 4,"4764: Bán lẻ trò chơi, đồ chơi trong các cửa hàng chuyên doanh-(không kinh doanh đồ chơi có hại cho giáo dục nhân cách, sức khoẻ của trẻ em hoặc ảnh hưởng đến an ninh trật tự, an toàn xã hội);4721: Bá",internet
315622156,CÔNG TY TNHH T.LUC BEAUTY,CÔNG TY TNHH TLUC BEAUTY,Công ty trách nhiệm hữu hạn một thành viên,"41/6 Khánh Hội, Phường 03, Quận 4, Thành phố Hồ Chí Minh, Việt Nam",Quận 4,"4772: Bán lẻ thuốc, dụng cụ y tế, mỹ phẩm và vật phẩm vệ sinh trong các cửa hàng chuyên doanh-;4791: Bán lẻ theo yêu cầu đặt hàng qua bưu điện hoặc internet-(trừ bán lẻ hóa chất, khí dầu mỏ hóa lỏng L",internet
315633655,CÔNG TY TNHH KẾ TOÁN VÀ TƯ VẤN CTA,CÔNG TY TNHH KẾ TOÁN VÀ TƯ VẤN,Công ty trách nhiệm hữu hạn hai thành viên trở lên,"576/147/2 Đoàn Văn Bơ, Phường 14, Quận 4, Thành phố Hồ Chí Minh, Việt Nam",Quận 4,"6920: Hoạt động liên quan đến kế toán, kiểm toán và tư vấn về thuế-Chi tiết: Dịch vụ làm thủ tục về thuế.;6619: Hoạt động hỗ trợ dịch vụ tài chính chưa được phân vào đâu-Chi tiết: Hoạt động tư vấn đầu",internet
315682726,CÔNG TY TNHH VIE FLOWERS,CÔNG TY TNHH VIE FLOWERS,Công ty trách nhiệm hữu hạn một thành viên,"B134/19 Nguyễn Thần Hiến, Phường 18, Quận 4, Thành phố Hồ Chí Minh, Việt Nam",Quận 4,"4620: Bán buôn nông, lâm sản nguyên liệu (trừ gỗ, tre, nứa) và động vật sống-Chi tiết: Bán buôn hoa, Bán buôn các loại hoa và cây trồng, kể cả cây cảnh và các loại để làm giống (không hoạt động tại tr",internet
315685798,CÔNG TY CỔ PHẦN VT.KN,CÔNG TY CỔ PHẦN VTKN,Công ty cổ phần,"13.05 tầng 13 tháp TS2,  toà nhà The Tresor, 39 Bến Vân Đồn, Phường 12, Quận 4, Thành phố Hồ Chí Minh, Việt Nam",Quận 4,"4652: Bán buôn thiết bị và linh kiện điện tử, viễn thông-;6201: Lập trình máy vi tính-;6311: Xử lý dữ liệu, cho thuê và các hoạt động liên quan-;6312: Cổng thông tin-Chi tiết: Thiết lập  trang thông t",internet
315702267,CÔNG TY TNHH THƯƠNG MẠI KIWI,CÔNG TY TNHH THƯƠNG MẠI KIWI,Công ty trách nhiệm hữu hạn một thành viên,"VPA.2.30 Tháp A, Tòa nhà Millennium, 132 Bến Vân Đồn, Phường 06, Quận 4, Thành phố Hồ Chí Minh, Việt Nam",Quận 4,"4719: Bán lẻ  khác trong các cửa hàng kinh doanh tổng hợp-(trừ bán lẻ bình gas, súng, đạn loại dùng đi săn hoặc thể thao, tiền kim khí và mua bán vàng miếng; thực hiện theo Quyết định 64/2009/QĐ-UBND ",internet
315709826,CÔNG TY TNHH TÂM HY,CÔNG TY TNHH TÂM HY,Công ty trách nhiệm hữu hạn hai thành viên trở lên,"174/25 Lê Quốc Hưng, Phường 12, Quận 4, Thành phố Hồ Chí Minh, Việt Nam",Quận 4,"4711: Bán lẻ lương thực, thực phẩm, đồ uống, thuốc lá, thuốc lào chiếm tỷ trọng lớn trong các cửa hàng kinh doanh tổng hợp-(Doanh nghiệp phải thực hiện theo quyết định 64/2009/QĐ-UB ngày 31/07/2009, q",internet
315699310,CÔNG TY CỔ PHẦN ĐẦU TƯ GLOBAL LINK,CÔNG TY CỔ PHẦN ĐẦU TƯ GLOBAL ,Công ty cổ phần,"95 Lê Quốc Hưng, Phường 12, Quận 4, Thành phố Hồ Chí Minh, Việt Nam",Quận 4,"1312: Sản xuất vải dệt thoi-(Không hoạt động tại trụ sở);1391: Sản xuất vải dệt kim, vải đan móc và vải không dệt khác-(Không hoạt động tại trụ sở);1392: Sản xuất hàng dệt sẵn (trừ trang phục)-(trừ tr",internet
315704465,CÔNG TY TNHH TRÒ CHƠI LONG HỔ,CÔNG TY TNHH TRÒ CHƠI LONG HỔ,Công ty trách nhiệm hữu hạn một thành viên,"97A Tôn Đản, Phường 04, Quận 4, Thành phố Hồ Chí Minh, Việt Nam",Quận 4,"9329: Hoạt động vui chơi giải trí khác chưa được phân vào đâu-Chi tiết: Kinh doanh trò chơi điện tử (trừ kinh doanh dịch vụ tổ chức đánh bạc, gá bạc trái phép dưới mọi hình thức và kinh doanh các loại",internet
315701658,CÔNG TY TNHH TRÒ CHƠI LONG PHỤNG,CÔNG TY TNHH TRÒ CHƠI LONG PHỤ,Công ty trách nhiệm hữu hạn một thành viên,"450/40 Đoàn Văn Bơ, Phường 14, Quận 4, Thành phố Hồ Chí Minh, Việt Nam",Quận 4,6190: Hoạt động viễn thông khác-Chi tiết: Hoạt động của các điểm truy cập internet; Điểm cung cấp dịch vụ trò chơi điện tử công cộng (trừ kinh doanh trò chơi điện tử có thưởng dành cho người nước ngoà,internet
315714061,CÔNG TY TNHH PHOENIX ENTERTAINMENT,CÔNG TY TNHH PHOENIX ENTERTAIN,Công ty trách nhiệm hữu hạn một thành viên,"B185 C Xóm Chiếu, Phường 15, Quận 4, Thành phố Hồ Chí Minh, Việt Nam",Quận 4,"1811: In ấn-;1812: Dịch vụ liên quan đến in-;1820: Sao chép bản ghi các loại-;4610: Đại lý, môi giới, đấu giá hàng hóa-Chi tiết: Đại lý. Môi giới (trừ môi giới bất động sản).;4669: Bán buôn chuyên doa",internet
315718073,CÔNG TY TNHH REBEL CORPORATION VIETNAM,CÔNG TY TNHH REBEL CORPORATION,Công ty trách nhiệm hữu hạn hai thành viên trở lên,"Số 183/20B Bến Vân Đồn, Phường 06, Quận 4, Thành phố Hồ Chí Minh, Việt Nam",Quận 4,"5610: Nhà hàng và các dịch vụ ăn uống phục vụ lưu động-(CPC 642, 643);4610: Đại lý, môi giới, đấu giá hàng hóa-Chi tiết: Dịch vụ đại lý hoa hồng (CPC 621);4632: Bán buôn thực phẩm-Chi tiết: Bán buôn t",internet
315709505,CÔNG TY TNHH TOP QUALITY FOR HOME,CÔNG TY TNHH TOP QUALITY FOR H,Công ty trách nhiệm hữu hạn hai thành viên trở lên,"Số 237/42/14 Hoàng Diệu, Phường 08, Quận 4, Thành phố Hồ Chí Minh, Việt Nam",Quận 4,"6820: Tư vấn, môi giới, đấu giá bất động sản, đấu giá quyền sử dụng đất-Chi tiết: Tư vấn, môi giới bất động sản, quyền sử dụng đất (trừ tư vấn tài chính, kế toán, pháp luật).;4649: Bán buôn đồ dùng kh",internet
315723884,CÔNG TY TNHH JENNY 4,CÔNG TY TNHH JENNY 4,Công ty trách nhiệm hữu hạn hai thành viên trở lên,"160 Tôn Thất Thuyết, Phường 15, Quận 4, Thành phố Hồ Chí Minh, Việt Nam",Quận 4,"5510: Dịch vụ lưu trú ngắn ngày-Chi tiết: Khách sạn, Biệt thự du lịch, căn hộ du lịch, nhà nghỉ du lịch, nhà ở có phòng cho khách du lịch thuê;4631: Bán buôn gạo, lúa mỳ, hạt ngũ cốc khác, bột mỳ-Khôn",internet
315728988,CÔNG TY TNHH HIPPOCAMPUS STUDIO,CÔNG TY TNHH HIPPOCAMPUS STUDI,Công ty trách nhiệm hữu hạn một thành viên,"B10.12, Tầng 10, Tháp B, Tòa nhà Rivergate Residence 155 Bến Vân Đồn, Phường 06, Quận 4, Thành phố Hồ Chí Minh, Việt Nam",Quận 4,"5911: Hoạt động sản xuất phim điện ảnh, phim video và chương trình truyền hình-Chi tiết: Hoạt động sản xuất phim điện ảnh, phim video và chương trình truyền hình (trừ phát sóng và không thực hiện các ",internet
315757033,CÔNG TY TNHH MHP HEALTH CARE,CÔNG TY TNHH MHP HEALTH CARE,Công ty trách nhiệm hữu hạn hai thành viên trở lên,"B3A.16, Chung Cư Millenium, 132 Bến Vân Đồn, Phường 06, Quận 4, Thành phố Hồ Chí Minh, Việt Nam",Quận 4,"4791: Bán lẻ theo yêu cầu đặt hàng qua bưu điện hoặc internet-(trừ hoạt động đấu giá) (trừ bán lẻ bình gas, khí dầu mỏ hóa lỏng LPG, dầu nhớt cặn, vàng miếng, súng, đạn loại dùng đi săn hoặc thể thao ",internet
315787824,CÔNG TY TNHH THƯƠNG MẠI DỊCH VỤ HRK,CÔNG TY TNHH THƯƠNG MẠI DỊCH V,Công ty trách nhiệm hữu hạn hai thành viên trở lên,"89 Vĩnh Hội, Phường 04, Quận 4, Thành phố Hồ Chí Minh, Việt Nam",Quận 4,5610: Nhà hàng và các dịch vụ ăn uống phục vụ lưu động-;5630: Dịch vụ phục vụ đồ uống-(trừ hoạt động quán bar và quán giải khát có khiêu vũ).;4633: Bán buôn đồ uống-;4723: Bán lẻ đồ uống trong các cửa,internet
315766126,CÔNG TY TNHH MISH JAPAN,CÔNG TY TNHH MISH JAPAN,Công ty trách nhiệm hữu hạn một thành viên,"481/11 Đoàn Văn Bơ, Phường 13, Quận 4, Thành phố Hồ Chí Minh, Việt Nam",Quận 4,"4649: Bán buôn đồ dùng khác cho gia đình-Chi tiết: Bán buôn vali, cặp, túi, ví, hàng da và giả da khác. Bán buôn nước hoa, nước thơm, dầu thơm; Bán buôn hàng mỹ phẩm: son, phấn, kem dưỡng da và trang ",internet
315768469,CÔNG TY TNHH MEIS VIỆT NAM,CÔNG TY TNHH MEIS VIỆT NAM,Công ty trách nhiệm hữu hạn một thành viên,"66-68 Nguyễn Tất Thành, Phường 12, Quận 4, Thành phố Hồ Chí Minh, Việt Nam",Quận 4,"3311: Sửa chữa các sản phẩm kim loại đúc sẵn-;3312: Sửa chữa máy móc, thiết bị-;3313: Sửa chữa thiết bị điện tử và quang học-;3314: Sửa chữa thiết bị điện-;3315: Sửa chữa và bảo dưỡng phương tiện vận ",internet
315798431,CÔNG TY TNHH FLOWER STORE VIỆT NAM,CÔNG TY TNHH FLOWER STORE VIỆT,Công ty trách nhiệm hữu hạn một thành viên,"91/2A Nguyễn Khoái, Phường 01, Quận 4, Thành phố Hồ Chí Minh, Việt Nam",Quận 4,"4773: Bán lẻ hàng hóa khác mới trong các cửa hàng chuyên doanh-Chi tiết: Bán lẻ hoa và cây cảnh trong cửa hàng chuyên dụng. Nhóm này bao gồm:
1. Bán lẻ hoa và cây cảnh
2. Bán lẻ hoa và tán lá nhân tạo",internet
315781910,CÔNG TY TNHH PHÁT TRIỂN TM DV GD REAL ESTATE,CÔNG TY TNHH PHÁT TRIỂN TM DV ,Công ty trách nhiệm hữu hạn hai thành viên trở lên,"670/59/6/4 Đoàn Văn Bơ, Phường 16, Quận 4, Thành phố Hồ Chí Minh, Việt Nam",Quận 4,4101: Xây dựng nhà để ở-;4102: Xây dựng nhà không để ở-;4211: Xây dựng công trình đường sắt-;4212: Xây dựng công trình đường bộ-;4229: Xây dựng công trình công ích khác-;4330: Hoàn thiện công trình xâ,internet
315804685,CÔNG TY TNHH THABI,CÔNG TY TNHH THABI,Công ty trách nhiệm hữu hạn một thành viên,"Số 7, Đường 33, Phường 04, Quận 4, Thành phố Hồ Chí Minh, Việt Nam",Quận 4,"7420: Hoạt động nhiếp ảnh-(trừ sản xuất phim).;7500: Hoạt động thú y-;7740: Cho thuê tài sản vô hình phi tài chính-;7810: Hoạt động của các trung tâm, đại lý tư vấn, giới thiệu và môi giới lao động, v",internet
315861919,CÔNG TY TNHH ET,CÔNG TY TNHH ET,Công ty trách nhiệm hữu hạn hai thành viên trở lên,"138 Đoàn Văn Bơ , Phường 09, Quận 4, Thành phố Hồ Chí Minh, Việt Nam",Quận 4,5820: Xuất bản phần mềm-chi tiết: sản xuất phần mềm.;6201: Lập trình máy vi tính-;6202: Tư vấn máy vi tính và quản trị hệ thống máy vi tính-;6209: Hoạt động dịch vụ công nghệ thông tin và dịch vụ khác,internet
315822349,CÔNG TY TNHH TIẾP VẬN VTR,CÔNG TY TNHH TIẾP VẬN VTR,Công ty trách nhiệm hữu hạn hai thành viên trở lên,"20/16 Nguyễn Trường Tộ, Phường 12, Quận 4, Thành phố Hồ Chí Minh, Việt Nam",Quận 4,"4741: Bán lẻ máy vi tính, thiết bị ngoại vi, phần mềm và thiết bị viễn thông trong các cửa hàng chuyên doanh-;4772: Bán lẻ thuốc, dụng cụ y tế, mỹ phẩm và vật phẩm vệ sinh trong các cửa hàng chuyên do",internet
315895160,CÔNG TY TNHH ĐẦU TƯ HITEK,CÔNG TY TNHH ĐẦU TƯ HITEK,Công ty trách nhiệm hữu hạn một thành viên,"109/53 Lê Quốc Hưng, Phường 12, Quận 4, Thành phố Hồ Chí Minh, Việt Nam",Quận 4,"4651: Bán buôn máy vi tính, thiết bị ngoại vi và phần mềm-;4652: Bán buôn thiết bị và linh kiện điện tử, viễn thông-;7410: Hoạt động thiết kế chuyên dụng-chi tiết: Thiết kế website;6312: Cổng thông ti",internet
315894167,CÔNG TY TNHH ELIZA PHƯƠNG,CÔNG TY TNHH ELIZA PHƯƠNG,Công ty trách nhiệm hữu hạn một thành viên,"874/52/26A1 Đoàn Văn Bơ, Phường 16, Quận 4, Thành phố Hồ Chí Minh, Việt Nam",Quận 4,"0128: Trồng cây gia vị, cây dược liệu, cây hương liệu lâu năm-;1079: Sản xuất thực phẩm khác chưa được phân vào đâu-;1392: Sản xuất hàng dệt sẵn (trừ trang phục)-;1410: May trang phục (trừ trang phục ",internet
315896608,CÔNG TY TRÁCH NHIỆM HỮU HẠN DANIEL WELLINGTON (VIỆT NAM),CÔNG TY TRÁCH NHIỆM HỮU HẠN DA,Công ty trách nhiệm hữu hạn một thành viên,"Phòng 22-146, WeWork E-Town Central, Tòa nhà E-Town Central, Số 11, đường Đoàn Văn Bơ , Phường 12, Quận 4, Thành phố Hồ Chí Minh, Việt Nam",Quận 4,"4649: Bán buôn đồ dùng khác cho gia đình-Chi tiết: Thực hiện quyền xuất khẩu, quyền nhập khẩu, quyền phân phối bán buôn các loại hàng hóa không thuộc danh mục hàng hóa cấm xuất khẩu, nhập khẩu hoặc kh",internet
315874308,CÔNG TY TNHH TRUYỀN THÔNG VÀ QUẢNG CÁO MINH NGHI,CÔNG TY TNHH TRUYỀN THÔNG VÀ Q,Công ty trách nhiệm hữu hạn một thành viên,"110/20 Lê Quốc Hưng, Phường 12, Quận 4, Thành phố Hồ Chí Minh, Việt Nam",Quận 4,"6209: Hoạt động dịch vụ công nghệ thông tin và dịch vụ khác liên quan đến máy vi tính-(trừ kinh doanh đại lý truy cập internet);7410: Hoạt động thiết kế chuyên dụng-chi tiết: Thiết kế đồ họa, website;",internet
315875238,CÔNG TY TNHH ZELDA INFORMATION TECHNOLOGY,CÔNG TY TNHH ZELDA INFORMATION,Công ty trách nhiệm hữu hạn một thành viên,"31 Nguyễn Khoái, Phường 01, Quận 4, Thành phố Hồ Chí Minh, Việt Nam",Quận 4,6201: Lập trình máy vi tính-;6399: Dịch vụ thông tin khác chưa được phân vào đâu-Chi tiết: Các dịch vụ thông tin qua điện thoại; các dịch vụ tìm kiếm thông tin qua hợp đồng hay trên cơ sở phí;6619: Ho,technology
315876175,CÔNG TY CỔ PHẦN CDR VIỆT NAM,CÔNG TY CỔ PHẦN CDR VIỆT NAM,Công ty cổ phần,"B.20.25 Khu Officetel, Tòa nhà River Gate, số 151-155 Bến Vân Đồn, Phường 06, Quận 4, Thành phố Hồ Chí Minh, Việt Nam",Quận 4,"2620: Sản xuất máy vi tính và thiết bị ngoại vi của máy vi tính-Chi tiết: Sản xuất, chế tạo, lắp ráp các thiết bị công nghệ thông tin;4610: Đại lý, môi giới, đấu giá hàng hóa-Chi tiết: Đại lý mua bán,",internet
315930778,CÔNG TY TNHH HÒA PHÁT INFORMATION TECHNOLOGY,CÔNG TY TNHH HÒA PHÁT INFORMAT,Công ty trách nhiệm hữu hạn một thành viên,"31 Nguyễn Khoái, Phường 01, Quận 4, Thành phố Hồ Chí Minh, Việt Nam",Quận 4,6201: Lập trình máy vi tính-;6399: Dịch vụ thông tin khác chưa được phân vào đâu-Chi tiết: Các dịch vụ thông tin qua điện thoại; các dịch vụ tìm kiếm thông tin qua hợp đồng hay trên cơ sở phí (trừ dịc,technology
315932165,CÔNG TY TNHH QUẢNG CÁO THE GLOBAL ADS,CÔNG TY TNHH QUẢNG CÁO THE GLO,Công ty trách nhiệm hữu hạn một thành viên,"A05-32 Saigon Royal, Khu Officetel Tháp A, số 34-35 Bến Vân Đồn, Phường 12, Quận 4, Thành phố Hồ Chí Minh, Việt Nam",Quận 4,"8230: Tổ chức giới thiệu và xúc tiến thương mại-(không thực hiện các hiệu ứng cháy, nổ; không sử dụng chất nổ, chất cháy, hóa chất làm đạo cụ, dụng cụ thực hiện các chương trình văn nghệ, sự kiện, phi",internet
315926027,CÔNG TY TNHH MỘT THÀNH VIÊN T&H WINES,CÔNG TY TNHH MỘT THÀNH VIÊN TH,Công ty trách nhiệm hữu hạn một thành viên,"Số 6, Đường 38, Phường 04, Quận 4, Thành phố Hồ Chí Minh, Việt Nam",Quận 4,"4633: Bán buôn đồ uống-Chi tiết: -Bán buôn đồ uống có cồn
-Bán buôn đồ uống không có cồn;4649: Bán buôn đồ dùng khác cho gia đình-Chi tiết: bán buôn hộp, túi, hàng gốm sứ, thủy tinh;4711: Bán lẻ lương",internet
315919661,CÔNG TY TNHH THƯƠNG MẠI XUẤT NHẬP KHẨU THANH KIM,CÔNG TY TNHH THƯƠNG MẠI XUẤT N,Công ty trách nhiệm hữu hạn một thành viên,"99 đường Tôn Thất Thuyết, Phường 15, Quận 4, Thành phố Hồ Chí Minh, Việt Nam",Quận 4,"5229: Hoạt động dịch vụ hỗ trợ khác liên quan đến vận tải-Chi tiết: Đại lý bán vé máy bay; Dịch vụ giao nhận hàng hóa trong nước và xuất khẩu; Đại lý vận tải đường biển, đường hàng không; Kinh doanh v",internet
315921759,CÔNG TY TNHH TM HỮU VÕ,CÔNG TY TNHH TM HỮU VÕ,Công ty trách nhiệm hữu hạn một thành viên,"L28 Cư xá Vĩnh Hội, Bến Vân Đồn, Phường 06, Quận 4, Thành phố Hồ Chí Minh, Việt Nam",Quận 4,"4719: Bán lẻ  khác trong các cửa hàng kinh doanh tổng hợp-Chi tiết: Bán lẻ nhiều loại hàng hóa trong các cửa hàng kinh doanh tổng hợp, cửa hàng bách hóa (trừ siêu thị, trung tâm thương mại), bán nhiều",internet
315921773,CÔNG TY TNHH TIDA ASIA TECHNOLOGY,CÔNG TY TNHH TIDA ASIA TECHNOL,Công ty trách nhiệm hữu hạn một thành viên,"31 Nguyễn Khoái, Phường 01, Quận 4, Thành phố Hồ Chí Minh, Việt Nam",Quận 4,"4652: Bán buôn thiết bị và linh kiện điện tử, viễn thông-;4659: Bán buôn máy móc, thiết bị và phụ tùng máy khác-;4741: Bán lẻ máy vi tính, thiết bị ngoại vi, phần mềm và thiết bị viễn thông trong các ",technology
315925672,CÔNG TY TNHH P&N WEDDING,CÔNG TY TNHH PN WEDDING,Công ty trách nhiệm hữu hạn một thành viên,"102 Đoàn Văn Bơ, Phường 09, Quận 4, Thành phố Hồ Chí Minh, Việt Nam",Quận 4,"4771: Bán lẻ hàng may mặc, giày dép, hàng da và giả da trong các cửa hàng chuyên doanh-;4632: Bán buôn thực phẩm-(trừ dược phẩm) (không hoạt động tại trụ sở);4631: Bán buôn gạo, lúa mỳ, hạt ngũ cốc kh",internet
315947524,CÔNG TY TNHH THƯƠNG MẠI VÀ DỊCH VỤ NAM TÙNG SAIGON,CÔNG TY TNHH THƯƠNG MẠI VÀ DỊC,Công ty trách nhiệm hữu hạn hai thành viên trở lên,"Số 5, Đường 33, Phường 04, Quận 4, Thành phố Hồ Chí Minh, Việt Nam",Quận 4,1030: Chế biến và bảo quản rau quả-;1050: Chế biến sữa và các sản phẩm từ sữa-;1062: Sản xuất tinh bột và các sản phẩm từ tinh bột-;1071: Sản xuất các loại bánh từ bột-Chi tiết: Sản xuất bánh ngọt khô,internet
315947669,CÔNG TY CỔ PHẦN RESO GROUP,CÔNG TY CỔ PHẦN RESO GROUP,Công ty cổ phần,"TS2. 2. 04, Tầng 2, Khu Officetel, Khối Tháp TS2 Tòa Nhà The Tresor 39-39B Bến Vân Đồn, Phường 12, Quận 4, Thành phố Hồ Chí Minh, Việt Nam",Quận 4,6399: Dịch vụ thông tin khác chưa được phân vào đâu-Chi tiết: Dịch vụ cung cấp thông tin trên mạng internet.;7310: Quảng cáo-;8560: Dịch vụ hỗ trợ giáo dục-Chi tiết: Tổ chức các chương trình trao đổi ,internet
315940279,"CÔNG TY TNHH TƯ VẤN, THƯƠNG MẠI VÀ DỊCH VỤ PRUNELLA VIỆT NAM",CÔNG TY TNHH TƯ VẤN THƯƠNG MẠI,Công ty trách nhiệm hữu hạn một thành viên,"căn hộ A04-03, lầu 04, tháp A, sảnh OT1, tòa nhà Saigon Royal, 34-35 Bến Vân Đồn, Phường 12, Quận 4, Thành phố Hồ Chí Minh, Việt Nam",Quận 4,"4931: Vận tải hành khách đường bộ trong nội thành, ngoại thành (trừ vận tải bằng xe buýt)-(trừ vận tải bằng xe buýt);4932: Vận tải hành khách đường bộ khác-;5229: Hoạt động dịch vụ hỗ trợ khác liên qu",internet
315961952,CÔNG TY TNHH THƯƠNG MẠI KỸ THUẬT CƠ ĐIỆN CHÍ ANH,CÔNG TY TNHH THƯƠNG MẠI KỸ THU,Công ty trách nhiệm hữu hạn hai thành viên trở lên,"243/30 Hoàng Diệu, Phường 04, Quận 4, Thành phố Hồ Chí Minh, Việt Nam",Quận 4,"4659: Bán buôn máy móc, thiết bị và phụ tùng máy khác-Chi tiết: Bán buôn máy móc, thiết bị điện, vật liệu điện (máy phát điện, động cơ điện, dây điện và thiết bị khác dùng trong mạch điện); Bán buôn m",internet
316002116,CÔNG TY TNHH EWSN VIỆT NAM,CÔNG TY TNHH EWSN VIỆT NAM,Công ty trách nhiệm hữu hạn hai thành viên trở lên,"124 Khánh Hội, Phường 06, Quận 4, Thành phố Hồ Chí Minh, Việt Nam",Quận 4,"6311: Xử lý dữ liệu, cho thuê và các hoạt động liên quan-(không bao gồm thiết lập mạng và kinh doanh hạ tầng bưu chính  viễn thông); 6312: Cổng thông tin-(trừ các loại thông tin Nhà nước cấm và hoạt đ",internet
315990424,CÔNG TY TNHH QUANZIX,CÔNG TY TNHH QUANZIX,Công ty trách nhiệm hữu hạn một thành viên,"116D Hoàng Diệu, Phường 13, Quận 4, Thành phố Hồ Chí Minh, Việt Nam",Quận 4,"4632: Bán buôn thực phẩm-Chi tiết: Bán buôn thực phẩm chức năng; Bán buôn thực phẩm (không hoạt động tại trụ sở).;4633: Bán buôn đồ uống-;4634: Bán buôn sản phẩm thuốc lá, thuốc lào-;4641: Bán buôn vả",internet
315938978,CÔNG TY TNHH TIMELY TECHNOLOGY SERVICE,CÔNG TY TNHH TIMELY TECHNOLOGY,Công ty trách nhiệm hữu hạn một thành viên,"31 Nguyễn Khoái, Phường 01, Quận 4, Thành phố Hồ Chí Minh, Việt Nam",Quận 4,6201: Lập trình máy vi tính-;6399: Dịch vụ thông tin khác chưa được phân vào đâu-Chi tiết: Các dịch vụ thông tin qua điện thoại; các dịch vụ tìm kiếm thông tin qua hợp đồng hay trên cơ sở phí;6619: Ho,technology
316007844,CÔNG TY CỔ PHẦN VIỆN PHÁT TRIỂN NGUỒN NHÂN LỰC BẢO HIỂM,CÔNG TY CỔ PHẦN VIỆN PHÁT TRIỂ,Công ty cổ phần,"Phòng 6.22, Lầu 6, Toà nhà Sài Gòn Royal, Số 34 Đường Bến Vân Đồn, Phường 13, Quận 4, Thành phố Hồ Chí Minh, Việt Nam",Quận 4,"8559: Giáo dục khác chưa được phân vào đâu-(trừ dạy về tôn giáo; các trường của các tổ chức Đảng - Đoàn thể)
Chi tiết: Giáo dục không xác định theo cấp độ tại các trung tâm đào tạo bồi dưỡng; Đào tạo ",internet
315967658,CÔNG TY TNHH TẬP ĐOÀN TEEDEE,CÔNG TY TNHH TẬP ĐOÀN TEEDEE,Công ty trách nhiệm hữu hạn hai thành viên trở lên,"307/29, Đường Tôn Đản, Phường 15, Quận 4, Thành phố Hồ Chí Minh, Việt Nam",Quận 4,"6820: Tư vấn, môi giới, đấu giá bất động sản, đấu giá quyền sử dụng đất-(trừ đấu giá tài sản);7810: Hoạt động của các trung tâm, đại lý tư vấn, giới thiệu và môi giới lao động, việc làm-Chi tiết: Hoạt",internet
316032833,CÔNG TY TNHH THƯƠNG MẠI VÀ DỊCH VỤ LISA THẢO LÊ,CÔNG TY TNHH THƯƠNG MẠI VÀ DỊC,Công ty trách nhiệm hữu hạn hai thành viên trở lên,"Phòng B.18.20, Tầng 18, Khu officetel, Tháp B, Tòa nhà RiverGate Residence, 151-155 Bến Vân Đồn, Phường 06, Quận 4, Thành phố Hồ Chí Minh, Việt Nam",Quận 4,"8299: Hoạt động dịch vụ hỗ trợ kinh doanh khác còn lại chưa được phân vào đâu-Chi tiết:
- Xuất nhập khẩu các mặt hàng công ty kinh doanh.
- Ủy thác và nhận ủy thác xuất khẩu, nhập khẩu hàng hóa.
(trừ ",internet
316019141,CÔNG TY TNHH TESSE HOLDING,CÔNG TY TNHH TESSE HOLDING,Công ty trách nhiệm hữu hạn hai thành viên trở lên,"Số 78/21 Khánh Hội, Phường 04, Quận 4, Thành phố Hồ Chí Minh, Việt Nam",Quận 4,8559: Giáo dục khác chưa được phân vào đâu--Chi tiết: Các dịch vụ dạy kèm (gia sư); Giáo dục dự bị; Dạy các khóa dành cho học sinh yếu kém; Dạy ngoại ngữ và dạy kỹ năng đàm thoại; Đào tạo kỹ năng nói ,internet
315963068,CÔNG TY TNHH DỊCH VỤ TƯ VẤN GIA AN,CÔNG TY TNHH DỊCH VỤ TƯ VẤN GI,Công ty trách nhiệm hữu hạn hai thành viên trở lên,"134/4 Tôn Đản, Phường 10, Quận 4, Thành phố Hồ Chí Minh, Việt Nam",Quận 4,7830: Cung ứng và quản lý nguồn lao động-Chi tiết: cung ứng và quản lý nguồn lao động trong nước;8110: Dịch vụ hỗ trợ tổng hợp-(trừ dịch vụ bảo vệ);8211: Dịch vụ hành chính văn phòng tổng hợp-;8219: P,internet
316032061,CÔNG TY TNHH MỸ PHẨM HUY THẢO,CÔNG TY TNHH MỸ PHẨM HUY THẢO,Công ty trách nhiệm hữu hạn hai thành viên trở lên,"538/151/24 Đoàn Văn Bơ, Phường 18, Quận 4, Thành phố Hồ Chí Minh, Việt Nam",Quận 4,"4610: Đại lý, môi giới, đấu giá hàng hóa-Chi tiết: Đại lý, môi giới (trừ môi giới bảo hiểm)(trừ môi giới bất động sản);4620: Bán buôn nông, lâm sản nguyên liệu (trừ gỗ, tre, nứa) và động vật sống-Chi ",internet
316031131,CÔNG TY CỔ PHẦN CÀ PHÊ ÔNG BẦU,CÔNG TY CỔ PHẦN CÀ PHÊ ÔNG BẦU,Công ty cổ phần,"Tầng lửng, Cao ốc H3, 384 Hoàng Diệu, Phường 06, Quận 4, Thành phố Hồ Chí Minh, Việt Nam",Quận 4,"1077: Sản xuất cà phê-Chi tiết: Rang và lọc chất caphêin cà phê; Sản xuất các sản phẩm cà phê như: Cà phê hoà tan, cà phê pha phin,cà phê túi lọc, chiết xuất cà phê và cà phê cô đặc; Sản xuất các chất",internet
316046674,CÔNG TY TNHH GIẢI TRÍ LONG CUNG,CÔNG TY TNHH GIẢI TRÍ LONG CUN,Công ty trách nhiệm hữu hạn một thành viên,"362/2 Đường Tôn Đản, Phường 04, Quận 4, Thành phố Hồ Chí Minh, Việt Nam",Quận 4,9329: Hoạt động vui chơi giải trí khác chưa được phân vào đâu-Chi tiết: Kinh doanh trò chơi điện tử (trừ hoạt động của các sàn nhảy; trừ kinh doanh trò chơi điện tử có thưởng dành cho người nước ngoài,lap top
316090659,CÔNG TY TNHH TALESUN POWER VIỆT NAM,CÔNG TY TNHH TALESUN POWER VIỆ,Công ty trách nhiệm hữu hạn một thành viên,"Văn Phòng A5.01, tầng 5, Khu Officetel, Tòa nhà Rivergate 151-155, đường Bến Vân Đồn, Phường 06, Quận 4, Thành phố Hồ Chí Minh, Việt Nam",Quận 4,"4690: Bán buôn tổng hợp-(trừ bán buôn bình gas, khí dầu mỏ hóa lỏng LPG, dầu nhớt cặn, vàng miếng, súng, đạn loại dùng đi săn hoặc thể thao và tiền kim khí; trừ bán buôn hóa chất tại trụ sở; Thực hiện",internet
316076340,CÔNG TY TNHH ADG VIỆT NAM,CÔNG TY TNHH ADG VIỆT NAM,Công ty trách nhiệm hữu hạn hai thành viên trở lên,"11 Đường số 47, Phường 04, Quận 4, Thành phố Hồ Chí Minh, Việt Nam",Quận 4,1811: In ấn-;1812: Dịch vụ liên quan đến in-;7310: Quảng cáo-;7410: Hoạt động thiết kế chuyên dụng-;7912: Điều hành tua du lịch-;8230: Tổ chức giới thiệu và xúc tiến thương mại-(không thực hiện các hi,internet
316074103,CÔNG TY TNHH S-HOLDINGS,CÔNG TY TNHH SHOLDINGS,Công ty trách nhiệm hữu hạn hai thành viên trở lên,"Office-tel số SGR.O1-07.27 Saigon Royal, 34-35 Bến Vân Đồn, Phường 12, Quận 4, Thành phố Hồ Chí Minh, Việt Nam",Quận 4,4722: Bán lẻ thực phẩm trong các cửa hàng chuyên doanh-(thực hiện theo Quyết định số 64/2009/QĐ-UBND ngày 31/07/2009 và Quyết định số 79/2009/QĐ-UBND ngày 17/10/2009 của Ủy Ban Nhân Dân TP. Hồ Chí Min,internet
316078820,CÔNG TY TNHH TALESUN ENERGY VIỆT NAM,CÔNG TY TNHH TALESUN ENERGY VI,Công ty trách nhiệm hữu hạn hai thành viên trở lên,"Văn phòng A5.01, Tầng 5, Khu Officetel, Tòa nhà Rivergate 151-155, đường Bến Vân Đồn, Phường 06, Quận 4, Thành phố Hồ Chí Minh, Việt Nam",Quận 4,"4719: Bán lẻ  khác trong các cửa hàng kinh doanh tổng hợp-(trừ bán lẻ bình gas, khí dầu mỏ hóa lỏng LPG và dầu nhớt cặn, dược phẩm, vàng miếng, súng, đạn loại dùng đi săn hoặc thể thao và tiền kim khí",internet
315468031,CÔNG TY TNHH MỘT THÀNH VIÊN IOTSOFT,CÔNG TY TNHH MỘT THÀNH VIÊN IO,Công ty trách nhiệm hữu hạn một thành viên,"699 Đoàn Văn Bơ, Phường 18, Quận 4, Thành phố Hồ Chí Minh, Việt Nam",Quận 4,"8559: Giáo dục khác chưa được phân vào đâu-Chi tiết: Dịch vụ dạy kèm;4101: Xây dựng nhà để ở-;4330: Hoàn thiện công trình xây dựng-;4610: Đại lý, môi giới, đấu giá hàng hóa-Chi tiết: Đại lý, môi giới ",internet
316090761,CÔNG TY TNHH TALESUN VIỆT NAM TECHNOLOGY,CÔNG TY TNHH TALESUN VIỆT NAM ,Công ty trách nhiệm hữu hạn một thành viên,"Văn Phòng A5.01, Tầng 5, Khu Officetel, Toà Nhà Rivergate 151-155, Đường Bến Vân Đồn, Phường 06, Quận 4, Thành phố Hồ Chí Minh, Việt Nam",Quận 4,"7730: Cho thuê máy móc, thiết bị và đồ dùng hữu hình khác không kèm người điều khiển-;3511: Sản xuất điện-(trừ truyền tải, điều độ hệ thống điện quốc gia và xây dựng, vận hành thủy điện đa mục tiêu, đ",technology
316090306,CÔNG TY TNHH C4 GLOBAL (VIETNAM),CÔNG TY TNHH C4 GLOBAL VIETNAM,Công ty trách nhiệm hữu hạn một thành viên,"Số 40/3 Đường Khánh Hội, Phường 04, Quận 4, Thành phố Hồ Chí Minh, Việt Nam",Quận 4,"4774: Bán lẻ hàng hóa đã qua sử dụng trong các cửa hàng chuyên doanh-Chi tiết: Thực hiện quyền nhập khẩu, quyền xuất khẩu, quyền phân phối bán lẻ, dụng cụ y tế, mỹ phẩm và vật phẩm vệ sinh và các hàng",internet
315558768,CÔNG TY TNHH DỊCH VỤ ĐẦU TƯ PHÁT TRIỂN QUỐC TUẤN,CÔNG TY TNHH DỊCH VỤ ĐẦU TƯ PH,Công ty trách nhiệm hữu hạn một thành viên,"198/19 Đoàn Văn Bơ, Phường 10, Quận 4, Thành phố Hồ Chí Minh, Việt Nam",Quận 4,"3312: Sửa chữa máy móc, thiết bị-(trừ gia công cơ khí, tái chế phế thải, xi mạ điện tại trụ sở);4311: Phá dỡ-Chi tiết: san lấp mặt bằng;4312: Chuẩn bị mặt bằng-;4321: Lắp đặt hệ thống điện-(trừ gia cô",internet
315630407,CÔNG TY TNHH ATS VIETNAM,CÔNG TY TNHH ATS VIETNAM,Công ty trách nhiệm hữu hạn hai thành viên trở lên,"Số 72 đường Nguyễn Khoái, Phường 02, Quận 4, Thành phố Hồ Chí Minh, Việt Nam",Quận 4,3320: Lắp đặt máy móc và thiết bị công nghiệp-;2740: Sản xuất thiết bị điện chiếu sáng-;2610: Sản xuất linh kiện điện tử-;2620: Sản xuất máy vi tính và thiết bị ngoại vi của máy vi tính-;2630: Sản xuấ,internet
315710162,CÔNG TY TNHH EMERALD ASSOCIATES,CÔNG TY TNHH EMERALD ASSOCIATE,Công ty trách nhiệm hữu hạn hai thành viên trở lên,"Căn A.3A.14 Lô 3 Tầng 3A, 132 Bến Vân Đồn, Phường 06, Quận 4, Thành phố Hồ Chí Minh, Việt Nam",Quận 4,"2022: Sản xuất sơn, véc ni và các chất sơn, quét tương tự; sản xuất mực in và ma tít-(không hoạt động tại trụ sở).;2394: Sản xuất xi măng, vôi và thạch cao-(không hoạt động tại trụ sở).;2399: Sản xuất",internet
315921621,CÔNG TY CỔ PHẦN THƯƠNG MẠI KỸ THUẬT PHÚ THỊNH,CÔNG TY CỔ PHẦN THƯƠNG MẠI KỸ ,Công ty cổ phần,"12/64A Nguyễn Khoái, Phường 02, Quận 4, Thành phố Hồ Chí Minh, Việt Nam",Quận 4,"8299: Hoạt động dịch vụ hỗ trợ kinh doanh khác còn lại chưa được phân vào đâu-Chi tiết: Xuất nhập khẩu các mặt hàng công ty kinh doanh; Ủy thác và nhận ủy thác xuất khẩu, nhập khẩu hàng hóa;7320: Nghi",internet
315923675,CÔNG TY TNHH GOLDEN HORSE TECHNOLOGY,CÔNG TY TNHH GOLDEN HORSE TECH,Công ty trách nhiệm hữu hạn một thành viên,"31 Nguyễn Khoái, Phường 01, Quận 4, Thành phố Hồ Chí Minh, Việt Nam",Quận 4,9511: Sửa chữa máy vi tính và thiết bị ngoại vi-;8299: Hoạt động dịch vụ hỗ trợ kinh doanh khác còn lại chưa được phân vào đâu-Chi tiết: Cung cấp dịch vụ xử lý báo cáo văn bản và sao chép tốc ký;6201:,technology
315946785,CÔNG TY TNHH TƯ VẤN THIẾT KẾ XÂY DỰNG & VẬN TẢI MBA,CÔNG TY TNHH TƯ VẤN THIẾT KẾ X,Công ty trách nhiệm hữu hạn một thành viên,"58/39 Đoàn Văn Bơ, Phường 09, Quận 4, Thành phố Hồ Chí Minh, Việt Nam",Quận 4,"1610: Cưa, xẻ, bào gỗ và bảo quản gỗ-;1621: Sản xuất gỗ dán, gỗ lạng, ván ép và ván mỏng khác-;1622: Sản xuất đồ gỗ xây dựng-;1623: Sản xuất bao bì bằng gỗ-;1629: Sản xuất sản phẩm khác từ gỗ; sản xuấ",internet
316006791,CÔNG TY TNHH MỘT THÀNH VIÊN THƯƠNG MẠI DỊCH VỤ LỘC TRƯỜNG PHÁT,CÔNG TY TNHH MỘT THÀNH VIÊN TH,Công ty trách nhiệm hữu hạn một thành viên,"Văn phòng số 22, Tầng 6, Khối Tháp A, Tòa nhà Millennium Masteri, số 132, Bến Vân Đồn, Phường 06, Quận 4, Thành phố Hồ Chí Minh, Việt Nam",Quận 4,"4722: Bán lẻ thực phẩm trong các cửa hàng chuyên doanh-Chi tiết: Bán lẻ trà, cà phê, đường (Không hoạt động tại trụ sở), sữa và các sản phẩm từ sữa, bánh kẹo và các sản phẩm chế biến từ ngũ cốc, bột, ",internet
316045504,CÔNG TY CỔ PHẦN CÔNG NGHỆ EDUTEK,CÔNG TY CỔ PHẦN CÔNG NGHỆ EDUT,Công ty cổ phần,"Số 78/21 Khánh Hội, Phường 04, Quận 4, Thành phố Hồ Chí Minh, Việt Nam",Quận 4,4791: Bán lẻ theo yêu cầu đặt hàng qua bưu điện hoặc internet-;5820: Xuất bản phần mềm--Chi tiết: Sản xuất phần mềm;6201: Lập trình máy vi tính-;6202: Tư vấn máy vi tính và quản trị hệ thống máy vi tí,internet
316092656,CÔNG TY TNHH PHÂN PHỐI AN GIA VIỆT NAM,CÔNG TY TNHH PHÂN PHỐI AN GIA ,Công ty trách nhiệm hữu hạn một thành viên,"Số 22, đường 45, Phường 06, Quận 4, Thành phố Hồ Chí Minh, Việt Nam",Quận 4,"4649: Bán buôn đồ dùng khác cho gia đình-Chi tiết: Bán buôn hàng gốm, sứ, thủy tinh. Bán buôn đồ điện gia dụng, đèn và bộ đèn điện. Bán buôn nước hoa, hàng mỹ phẩm và chế phẩm vệ sinh. Bán buôn văn ph",internet
316082016,CÔNG TY TNHH JOY FLOWERS,CÔNG TY TNHH JOY FLOWERS,Công ty trách nhiệm hữu hạn một thành viên,"51 Nguyễn Hữu Hào, Phường 09, Quận 4, Thành phố Hồ Chí Minh, Việt Nam",Quận 4,"4791: Bán lẻ theo yêu cầu đặt hàng qua bưu điện hoặc internet-(trừ bán lẻ hóa chất, khí dầu mỏ hóa lỏng LPG, dầu nhớt cặn, vàng miếng, súng, đạn loại dùng đi săn hoặc thể thao và tiền kim khí; Thực hi",internet
316924960,CÔNG TY TNHH VK TRADE & SERVICE,CÔNG TY TNHH VK TRADE  SERVICE,Công ty trách nhiệm hữu hạn hai thành viên trở lên,"Căn hộ Officetel số SGR.O1-07.23, Tầng 7, Saigon Royal, 34-35 Bến Vân Đồn, Phường 13, Quận 4, Thành phố Hồ Chí Minh, Việt Nam",Quận 4,"6311: Xử lý dữ liệu, cho thuê và các hoạt động liên quan-Chi tiết: Dịch vụ chuẩn bị đầu vào, Dịch vụ xử lý dữ liệu,  Các dịch vụ xử lý dữ liệu khác; Dịch vụ cơ sở dữ liệu (doanh nghiệp không cung cấp ",internet
316104171,CÔNG TY TNHH THƯƠNG MẠI DỊCH VỤ GIẢI TRÍ KIM LONG,CÔNG TY TNHH THƯƠNG MẠI DỊCH V,Công ty trách nhiệm hữu hạn một thành viên,"200/21A/56 Đường Xóm Chiếu, Phường 15, Quận 4, Thành phố Hồ Chí Minh, Việt Nam",Quận 4,9329: Hoạt động vui chơi giải trí khác chưa được phân vào đâu-Chi tiết: Kinh doanh trò chơi điện tử (trừ kinh doanh trò chơi điện tử có thưởng cho người nước ngoài và kinh doanh trò chơi điện tử có th,internet
316104950,CÔNG TY TNHH UNLIMITED BEVERAGE,CÔNG TY TNHH UNLIMITED BEVERAG,Công ty trách nhiệm hữu hạn một thành viên,"Tầng 1, Tòa nhà H3, 384 Hoàng Diệu, Phường 06, Quận 4, Thành phố Hồ Chí Minh, Việt Nam",Quận 4,"5229: Hoạt động dịch vụ hỗ trợ khác liên quan đến vận tải-Chi tiết: Hoạt động của đại lý bán vé máy bay, vé xe ô tô, vé tàu; Hoạt động của đại lý làm thủ tục hải quan; Gửi hàng; Giao nhận hàng hóa; Th",internet
316106041,CÔNG TY TNHH BOBO GARDEN GROUP,CÔNG TY TNHH BOBO GARDEN GROUP,Công ty trách nhiệm hữu hạn hai thành viên trở lên,"Căn A.3A.14, 132 Bến Vân Đồn, Phường 06, Quận 4, Thành phố Hồ Chí Minh, Việt Nam",Quận 4,"4785: Bán lẻ hàng văn hóa, giải trí lưu động hoặc tại chợ-(trừ bán lẻ sách, báo, tạp chí, vật phẩm đã ghi hình) (CPC 632); 4789: Bán  lẻ hàng hóa khác lưu động hoặc tại chợ-(trừ bán lẻ bình gas, hóa c",internet
316126016,CÔNG TY TNHH QUẢNG CÁO VÀ TRUYỀN THÔNG DREAMWORKS MEDIA,CÔNG TY TNHH QUẢNG CÁO VÀ TRUY,Công ty trách nhiệm hữu hạn một thành viên,"Lầu 5, số 196 đường Hoàng Diệu, Phường 08, Quận 4, Thành phố Hồ Chí Minh, Việt Nam",Quận 4,"7310: Quảng cáo-; 7420: Hoạt động nhiếp ảnh-(trừ sản xuất phim); 8230: Tổ chức giới thiệu và xúc tiến thương mại-Chi tiết: Việc tổ chức, xúc tiến và/hoặc quản lý các sự kiện, như kinh doanh hoặc triển",internet
316126048,CÔNG TY TNHH BSOLUTION,CÔNG TY TNHH BSOLUTION,Công ty trách nhiệm hữu hạn một thành viên,"B156/3 Nguyễn Thần Hiến, Phường 18, Quận 4, Thành phố Hồ Chí Minh, Việt Nam",Quận 4,"7410: Hoạt động thiết kế chuyên dụng-chi tiết: Thiết kế trang Web. Thiết kế hệ thống máy tính (thiết kế tạo lập trang chủ Internet, thiết kế hệ thống máy tính tích hợp với phần cứng, phần mềm và với c",internet
316143558,CÔNG TY TNHH JEONG MIN VINA,CÔNG TY TNHH JEONG MIN VINA,Công ty trách nhiệm hữu hạn hai thành viên trở lên,"Số 6.47, tầng 6, Rivergate Residence, 151-155 Bến Vân Đồn, Phường 06, Quận 4, Thành phố Hồ Chí Minh, Việt Nam",Quận 4,"4659: Bán buôn máy móc, thiết bị và phụ tùng máy khác-Chi tiết: Thực hiện quyền xuất khẩu, quyền nhập khẩu, quyền phân phối bán buôn các hàng hóa không thuộc danh mục hàng hóa cấm xuất khẩu, cấm nhập ",internet
316146460,CÔNG TY TNHH MỘT THÀNH VIÊN UT'S,CÔNG TY TNHH MỘT THÀNH VIÊN UT,Công ty trách nhiệm hữu hạn một thành viên,"153 Tôn Đản, Phường 14, Quận 4, Thành phố Hồ Chí Minh, Việt Nam",Quận 4,"4632: Bán buôn thực phẩm-(không hoạt động tại trụ sở);1075: Sản xuất món ăn, thức ăn chế biến sẵn-;1104: Sản xuất đồ uống không cồn, nước khoáng-;1101: Chưng, tinh cất và pha chế các loại rượu mạ",internet
316175581,CÔNG TY CỔ PHẦN TRÍ TUỆ NHÂN TẠO THẾ HỆ MỚI,CÔNG TY CỔ PHẦN TRÍ TUỆ NHÂN T,Công ty cổ phần,"2Bis Hoàng Diệu, Phường 13, Quận 4, Thành phố Hồ Chí Minh, Việt Nam",Quận 4,"8559: Giáo dục khác chưa được phân vào đâu-Chi tiết: đào tạo bổ sung tu nghiệp định kỳ, bồi dưỡng nâng cao, đào tạo trực tuyến, trực tiếp từ xa, qua mạng Internet, tự học có hướng dẫn, hỗ trợ du học t",internet
316184917,CÔNG TY TNHH MỘT THÀNH VIÊN ALPHA NEST INTERNATIONAL,CÔNG TY TNHH MỘT THÀNH VIÊN AL,Công ty trách nhiệm hữu hạn một thành viên,"Văn phòng số 22, Tầng 6, Khối Tháp A, Tòa nhà Millennium Masteri, số 132, Bến Vân Đồn, Phường 06, Quận 4, Thành phố Hồ Chí Minh, Việt Nam",Quận 4,"4722: Bán lẻ thực phẩm trong các cửa hàng chuyên doanh-Chi tiết: Bán lẻ trà, cà phê, đường (Không hoạt động tại trụ sở), sữa và các sản phẩm từ sữa, bánh kẹo và các sản phẩm chế biến từ ngũ cốc, bột, ",internet
316196278,CÔNG TY TNHH YG CONSULTING,CÔNG TY TNHH YG CONSULTING,Công ty trách nhiệm hữu hạn một thành viên,"Số 12 Đường 10B, Phường 06, Quận 4, Thành phố Hồ Chí Minh, Việt Nam",Quận 4,"6820: Tư vấn, môi giới, đấu giá bất động sản, đấu giá quyền sử dụng đất-(trừ đấu giá tài sản);7911: Đại lý du lịch-;7912: Điều hành tua du lịch-;7990: Dịch vụ đặt chỗ và các dịch vụ hỗ trợ liên quan đ",internet
316225271,CÔNG TY CỔ PHẦN SẢN XUẤT THƯƠNG MẠI XÂY DỰNG NỘI THẤT GỖ VIỆT,CÔNG TY CỔ PHẦN SẢN XUẤT THƯ,Công ty cổ phần,"185 Bến Vân Đồn, Phường 05, Quận 4, Thành phố Hồ Chí Minh, Việt Nam",Quận 4,"3314: Sửa chữa thiết bị điện-(không gia công cơ khí, tái chế phế thải, xi mạ điện tại trụ sở);3320: Lắp đặt máy móc và thiết bị công nghiệp-;7310: Quảng cáo-;4741: Bán lẻ máy vi tính, thiết bị ngoại v",internet
316244563,CÔNG TY TNHH THƯƠNG MẠI VÀ TƯ VẤN ĐẦU TƯ TÍN PHÁT,CÔNG TY TNHH THƯƠNG MẠI VÀ TƯ ,Công ty trách nhiệm hữu hạn hai thành viên trở lên,"35 Hoàng Diệu, Phường 12, Quận 4, Thành phố Hồ Chí Minh, Việt Nam",Quận 4,"4773: Bán lẻ hàng hóa khác mới trong các cửa hàng chuyên doanh-(trừ bán lẻ bình gas, khí dầu mỏ hóa lỏng LPG, dầu nhớt cặn, vàng miếng, súng, đạn loại dùng đi săn hoặc thể thao và tiền kim khí; trừ bá",internet
316225218,CÔNG TY TNHH ĐẦU TƯ VÀ CÔNG NGHỆ 5 HOUSE,CÔNG TY TNHH ĐẦU TƯ VÀ CÔNG NG,Công ty trách nhiệm hữu hạn hai thành viên trở lên,"166 Xóm Chiếu, Phường 14, Quận 4, Thành phố Hồ Chí Minh, Việt Nam",Quận 4,5820: Xuất bản phần mềm-Chi tiết: Sản xuất phần mềm;6201: Lập trình máy vi tính-;6202: Tư vấn máy vi tính và quản trị hệ thống máy vi tính-;6209: Hoạt động dịch vụ công nghệ thông tin và dịch vụ khác ,internet
316220315,CÔNG TY TNHH THƯƠNG MẠI DỊCH VỤ XÂY DỰNG TỔNG HỢP GIA HÂN,CÔNG TY TNHH THƯƠNG MẠI DỊCH V,Công ty trách nhiệm hữu hạn một thành viên,"120/4 Lê Quốc Hưng, Phường 12, Quận 4, Thành phố Hồ Chí Minh, Việt Nam",Quận 4,"4659: Bán buôn máy móc, thiết bị và phụ tùng máy khác-Chi tiết: Bán buôn máy móc, thiết bị văn phòng, trừ máy vi tính và thiết bị ngoại vi  - Bán buôn dây điện, công tắc và thiết bị lắp đặt khác cho m",internet
316230465,CÔNG TY TNHH XUẤT NHẬP KHẨU SẢN XUẤT THƯƠNG MẠI DỊCH VỤ PHÁT KIM THÀNH,CÔNG TY TNHH XUẤT NHẬP KHẨU SẢ,Công ty trách nhiệm hữu hạn hai thành viên trở lên,"A105/17 Nguyễn Thần Hiến, Phường 18, Quận 4, Thành phố Hồ Chí Minh, Việt Nam",Quận 4,"4659: Bán buôn máy móc, thiết bị và phụ tùng máy khác-;4663: Bán buôn vật liệu, thiết bị lắp đặt khác trong xây dựng-;4741: Bán lẻ máy vi tính, thiết bị ngoại vi, phần mềm và thiết bị viễn thông trong",internet
316226148,CÔNG TY TNHH XUẤT NHẬP KHẨU ĐẦU TƯ QUỐC TẾ HƯNG PHÁT,CÔNG TY TNHH XUẤT NHẬP KHẨU ĐẦ,Công ty trách nhiệm hữu hạn một thành viên,"92B/15/4 Tôn Thất Thuyết, Phường 15, Quận 4, Thành phố Hồ Chí Minh, Việt Nam",Quận 4,"4632: Bán buôn thực phẩm-(không hoạt động tại trụ sở);4649: Bán buôn đồ dùng khác cho gia đình-;4651: Bán buôn máy vi tính, thiết bị ngoại vi và phần mềm-;4652: Bán buôn thiết bị và linh kiện điện tử,",internet
316239161,CÔNG TY TNHH THƯƠNG MẠI VÀ ĐẦU TƯ NAM SÀI GÒN,CÔNG TY TNHH THƯƠNG MẠI VÀ ĐẦU,Công ty trách nhiệm hữu hạn một thành viên,"37 Lê Quốc Hưng, Phường 12, Quận 4, Thành phố Hồ Chí Minh, Việt Nam",Quận 4,"2592: Gia công cơ khí; xử lý và tráng phủ kim loại-Chi tiết: Gia công chế tạo và lắp đặt kết cấu thép, khung nhà tiền chế; Gia công chế tạo sản phẩm bằng inox và nhôm kính (trừ xi mạ) (không gia công ",internet
316246497,CÔNG TY TNHH IDOL GROUP,CÔNG TY TNHH IDOL GROUP,Công ty trách nhiệm hữu hạn một thành viên,"VP A2.15 Millennium,Số 132 Bến Vân Đồn, Phường 06, Quận 4, Thành phố Hồ Chí Minh, Việt Nam",Quận 4,"4799: Bán lẻ hình thức khác chưa được phân vào đâu-(trừ bán lẻ bình gas, khí dầu mỏ hóa lỏng LPG, dầu nhớt cặn, vàng miếng, súng, đạn loại dùng đi săn hoặc thể thao và tiền kim khí; trừ bán lẻ hóa chấ",internet
316284661,CÔNG TY TNHH SẢN XUẤT THƯƠNG MẠI DỊCH VỤ NUP,CÔNG TY TNHH SẢN XUẤT THƯƠNG M,Công ty trách nhiệm hữu hạn hai thành viên trở lên,"450/41/16 Đoàn Văn Bơ, Phường 14, Quận 4, Thành phố Hồ Chí Minh, Việt Nam",Quận 4,"4759: Bán lẻ đồ điện gia dụng, giường, tủ, bàn, ghế và đồ nội thất tương tự, đèn và bộ đèn điện, đồ dùng gia đình khác chưa được phân vào đâu  trong các cửa hàng chuyên doanh-;4719: Bán lẻ  khác trong",internet
316261431,CÔNG TY TNHH THIẾT KẾ KIẾN TRÚC XÂY DỰNG COT.A,CÔNG TY TNHH THIẾT KẾ KIẾN TRÚ,Công ty trách nhiệm hữu hạn hai thành viên trở lên,"Số 19 Đường 47, Phường 04, Quận 4, Thành phố Hồ Chí Minh, Việt Nam",Quận 4,"0111: Trồng lúa-;0112: Trồng ngô và cây lương thực có hạt khác-;0113: Trồng cây lấy củ có chất bột-;0114: Trồng cây mía-;0116: Trồng cây lấy sợi-;0117: Trồng cây có hạt chứa dầu-;0118: Trồng rau, đậu ",internet
316266694,CÔNG TY TNHH REBEL MEDIA,CÔNG TY TNHH REBEL MEDIA,Công ty trách nhiệm hữu hạn một thành viên,"183/20B Bến Vân Đồn, Phường 06, Quận 4, Thành phố Hồ Chí Minh, Việt Nam",Quận 4,1030: Chế biến và bảo quản rau quả-;1079: Sản xuất thực phẩm khác chưa được phân vào đâu-;4330: Hoàn thiện công trình xây dựng-;4530: Bán phụ tùng và các bộ phận phụ trợ của ô tô và xe có động cơ khác,internet
316305015,CÔNG TY TNHH THƯƠNG MẠI DỊCH VỤ DU LỊCH VIETTRUST,CÔNG TY TNHH THƯƠNG MẠI DỊCH V,Công ty trách nhiệm hữu hạn một thành viên,"243/36 Hoàng Diệu, Phường 04, Quận 4, Thành phố Hồ Chí Minh, Việt Nam",Quận 4,"4724: Bán lẻ sản phẩm thuốc lá, thuốc lào trong các cửa hàng chuyên doanh-(Thực hiện theo Quyết định số 64/2009/QĐ-UBND ngày 31/7/2009 và Quyết định số 79/2009/QĐ-UBND ngày 17/10/2009 của UBND TP. HCM",internet
316324963,CÔNG TY CỔ PHẦN CÔNG NGHỆ SANG OCEAN,CÔNG TY CỔ PHẦN CÔNG NGHỆ SANG,Công ty cổ phần,"208/26 Đoàn Văn Bơ, Phường 10, Quận 4, Thành phố Hồ Chí Minh, Việt Nam",Quận 4,5229: Hoạt động dịch vụ hỗ trợ khác liên quan đến vận tải-Chi tiết: Giao nhận hàng hóa; Hoạt động của các đại lý làm thủ tục hải quan; Đại lý vận tải hàng hóa; Dịch vụ đại lý tàu biển; Dịch vụ đại lý ,internet
316303378,CÔNG TY TNHH HI TECH NEW,CÔNG TY TNHH HI TECH NEW,Công ty trách nhiệm hữu hạn hai thành viên trở lên,"B159/32 Xóm Chiếu, Phường 16, Quận 4, Thành phố Hồ Chí Minh, Việt Nam",Quận 4,"8299: Hoạt động dịch vụ hỗ trợ kinh doanh khác còn lại chưa được phân vào đâu-Chi tiết: Xuất nhập khẩu các mặt hàng công ty kinh doanh;4751: Bán lẻ vải, len, sợi, chỉ khâu và hàng dệt khác trong các c",internet
316323705,CÔNG TY TNHH D-OFFICE,CÔNG TY TNHH DOFFICE,Công ty trách nhiệm hữu hạn một thành viên,"20/16 Nguyễn Trường Tộ, Phường 12, Quận 4, Thành phố Hồ Chí Minh, Việt Nam",Quận 4,6312: Cổng thông tin-;6399: Dịch vụ thông tin khác chưa được phân vào đâu-chi tiết:các dịch vụ thông tin qua điện thoại. Dịch vụ đăng ký tên miền; cung cấp thông tin; dịch vụ giá trị gia tăng trên mạn,internet
316326047,CÔNG TY TNHH TRÁI TIM DOANH NGHIỆP,CÔNG TY TNHH TRÁI TIM DOANH NG,Công ty trách nhiệm hữu hạn một thành viên,"242/18 Tôn Đản, Phường 08, Quận 4, Thành phố Hồ Chí Minh, Việt Nam",Quận 4,7310: Quảng cáo-;8299: Hoạt động dịch vụ hỗ trợ kinh doanh khác còn lại chưa được phân vào đâu-Chi tiết: Xuất nhập khẩu các mặt hàng công ty kinh doanh;3319: Sửa chữa thiết bị khác-;4651: Bán buôn máy,internet
316356718,CÔNG TY TNHH DT4IR & STRATEGY,CÔNG TY TNHH DT4IR  STRATEGY,Công ty trách nhiệm hữu hạn hai thành viên trở lên,"Lầu 1, Tòa nhà H3 Building, 384 Hoàng Diệu, Phường 06, Quận 4, Thành phố Hồ Chí Minh, Việt Nam",Quận 4,"4651: Bán buôn máy vi tính, thiết bị ngoại vi và phần mềm-(CPC 622); 4652: Bán buôn thiết bị và linh kiện điện tử, viễn thông-(CPC 622); 6201: Lập trình máy vi tính-Chi tiết: Sản xuất phần mềm (CPC 84",internet
316371811,CÔNG TY CỔ PHẦN BEYUNI,CÔNG TY CỔ PHẦN BEYUNI,Công ty cổ phần,"A2.04A19 Tầng 04A Tòa nhà A2 Cao ốc Hòa Bình, số 346 Bến Vân Đồn, Phường 01, Quận 4, Thành phố Hồ Chí Minh, Việt Nam",Quận 4,1392: Sản xuất hàng dệt sẵn (trừ trang phục)-(không hoạt động tại trụ sở).;1410: May trang phục (trừ trang phục từ da lông thú)-(không hoạt động tại trụ sở).;4690: Bán buôn tổng hợp-(không hoạt động t,internet
316373946,CÔNG TY CỔ PHẦN CÔNG NGHỆ VÀ GIẢI PHÁP NĂNG LƯỢNG SẠCH,CÔNG TY CỔ PHẦN CÔNG NGHỆ VÀ G,Công ty cổ phần,"538/138 đường Đoàn Văn Bơ, Phường 14, Quận 4, Thành phố Hồ Chí Minh, Việt Nam",Quận 4,"4390: Hoạt động xây dựng chuyên dụng khác-Chi tiết: 
- Xây dựng nền móng của toà nhà, gồm đóng cọc, - Thử độ ẩm và các công việc thử nước, 
- Chống ẩm các toà nhà, + Chôn chân trụ, + Dỡ bỏ các phần th",internet
316363793,CÔNG TY CỔ PHẦN ĐẦU TƯ VÀ GIÁO DỤC ANYLEARN,CÔNG TY CỔ PHẦN ĐẦU TƯ VÀ GIÁO,Công ty cổ phần,"352/28A Nguyễn Tất Thành, Phường 13, Quận 4, Thành phố Hồ Chí Minh, Việt Nam",Quận 4,"4791: Bán lẻ theo yêu cầu đặt hàng qua bưu điện hoặc internet-(trừ bán lẻ hóa chất, khí dầu mỏ hóa lỏng LPG, dầu nhớt cặn, vàng miếng, súng, đạn loại dùng đi săn hoặc thể thao và tiền kim khí; Thực hi",internet
316364028,CÔNG TY CỔ PHẦN THƯƠNG MẠI SISA VIỆT NAM,CÔNG TY CỔ PHẦN THƯƠNG MẠI SIS,Công ty cổ phần,"64/26/28 Nguyễn Khoái, Phường 02, Quận 4, Thành phố Hồ Chí Minh, Việt Nam",Quận 4,"4659: Bán buôn máy móc, thiết bị và phụ tùng máy khác-Chi tiết: Bán buôn dụng cụ, thiết bị trường học; thiết bị dạy học; máy móc, thiết bị và phụ tùng máy khác.;6209: Hoạt động dịch vụ công nghệ thông",internet
316347181,CÔNG TY TNHH THƯƠNG MẠI DỊCH VỤ CHERRY HOME,CÔNG TY TNHH THƯƠNG MẠI DỊCH V,Công ty trách nhiệm hữu hạn hai thành viên trở lên,"15/22 Đoàn Như Hài, Phường 12, Quận 4, Thành phố Hồ Chí Minh, Việt Nam",Quận 4,"3320: Lắp đặt máy móc và thiết bị công nghiệp-;4543: Bán phụ tùng và các bộ phận phụ trợ của mô tô, xe máy-;4620: Bán buôn nông, lâm sản nguyên liệu (trừ gỗ, tre, nứa) và động vật sống-(Không hoạt độn",internet
316370624,CÔNG TY TNHH SẢN XUẤT THƯƠNG MẠI DỊCH VỤ SƠN ÔTÔ CHẤT LƯỢNG CAO,CÔNG TY TNHH SẢN XUẤT THƯƠNG M,Công ty trách nhiệm hữu hạn một thành viên,"691 Đoàn Văn Bơ, Phường 18, Quận 4, Thành phố Hồ Chí Minh, Việt Nam",Quận 4,"4632: Bán buôn thực phẩm-Chi tiết: Bán buôn thủy sản; bán buôn rau, quả và các loại thực phẩm khác.
(không hoạt động tại trụ sở);4633: Bán buôn đồ uống-Chi tiết: Bán buôn đồ uống có cồn, không cồn.;46",internet
316376859,CÔNG TY TNHH THƯƠNG MẠI DỊCH VỤ TỔNG HỢP LÊ ÂN,CÔNG TY TNHH THƯƠNG MẠI DỊCH V,Công ty trách nhiệm hữu hạn một thành viên,"78/26 Khánh Hội,, Phường 04, Quận 4, Thành phố Hồ Chí Minh, Việt Nam",Quận 4,"4791: Bán lẻ theo yêu cầu đặt hàng qua bưu điện hoặc internet-(Trừ bán lẻ bình gas, hóa chất, súng, đạn loại dùng đi săn hoặc thể thao và tiền kim khí và thực hiện theo Quyết định 64/2009/QĐ-UBND ngày",internet
316393332,CÔNG TY TNHH THƯƠNG MẠI LINLAN VIỆT NAM,CÔNG TY TNHH THƯƠNG MẠI LINLAN,Công ty trách nhiệm hữu hạn một thành viên,"SGR.01-06.28, Saigon Royal, 34-35 Bến Vân Đồn, Phường 12, Quận 4, Thành phố Hồ Chí Minh, Việt Nam",Quận 4,"4610: Đại lý, môi giới, đấu giá hàng hóa-Chi tiết: Đại lý, môi giới.;4632: Bán buôn thực phẩm-(không hoạt động tại trụ sở);4633: Bán buôn đồ uống-;4641: Bán buôn vải, hàng may mặc, giày dép-;4649: Bán",internet
316406662,CÔNG TY CỔ PHẦN TVMART LIVE,CÔNG TY CỔ PHẦN TVMART LIVE,Công ty cổ phần,"35 Hoàng Diệu, Phường 13, Quận 4, Thành phố Hồ Chí Minh, Việt Nam",Quận 4,"4773: Bán lẻ hàng hóa khác mới trong các cửa hàng chuyên doanh-(trừ bán lẻ bình gas, khí dầu mỏ hóa lỏng LPG, dầu nhớt cặn, vàng miếng, súng, đạn loại dùng đi săn hoặc thể thao và tiền kim khí; trừ bá",internet
316395604,CÔNG TY TNHH VẼ KỸ THUẬT SỐ NEVI,CÔNG TY TNHH VẼ KỸ THUẬT SỐ NE,Công ty trách nhiệm hữu hạn một thành viên,"Phòng B.6.09, Tầng 6, Lô B, Tòa nhà Millennium Masteri, 132 Bến Vân Đồn, Phường 06, Quận 4, Thành phố Hồ Chí Minh, Việt Nam",Quận 4,6399: Dịch vụ thông tin khác chưa được phân vào đâu-Chi tiết: Các dịch vụ thông tin qua điện thoại; Các dịch vụ tìm kiếm thông tin thông qua hợp đồng hay trên cơ sở phí; Cung cấp dịch vụ gia tăng trên,internet
316401431,CÔNG TY TNHH THƯƠNG MẠI DỊCH VỤ VÀ XÂY DỰNG TRƯỜNG THẮNG,CÔNG TY TNHH THƯƠNG MẠI DỊCH V,Công ty trách nhiệm hữu hạn một thành viên,"38  Vĩnh Khánh , Phường 08, Quận 4, Thành phố Hồ Chí Minh, Việt Nam",Quận 4,7912: Điều hành tua du lịch-;7990: Dịch vụ đặt chỗ và các dịch vụ hỗ trợ liên quan đến quảng bá và tổ chức tua du lịch-;5610: Nhà hàng và các dịch vụ ăn uống phục vụ lưu động-;6110: Hoạt động viễn thô,internet
316431027,CÔNG TY TNHH AZ GROUP,CÔNG TY TNHH AZ GROUP,Công ty trách nhiệm hữu hạn hai thành viên trở lên,"Số 69 Lê Quốc Hưng, Phường 12, Quận 4, Thành phố Hồ Chí Minh, Việt Nam",Quận 4,"7320: Nghiên cứu thị trường và thăm dò dư luận-;8230: Tổ chức giới thiệu và xúc tiến thương mại-(không thực hiện các hiệu ứng cháy nổ và không sử dụng chất nổ, chất cháy, hóa chất làm đạo cụ, dụng cụ ",internet
316422135,CÔNG TY CỔ PHẦN THƯƠNG MẠI DỊCH VỤ GIẢI TRÍ SỐ VIỆT NAM,CÔNG TY CỔ PHẦN THƯƠNG MẠI DỊC,Công ty cổ phần,"A1.0601 Tầng 06, Tòa A1, TNR The GoldView, 346 Bến Vân Đồn, Phường 01, Quận 4, Thành phố Hồ Chí Minh, Việt Nam",Quận 4,"9000: Hoạt động sáng tác, nghệ thuật và giải trí-Chi tiết: Tổ chức biểu diễn nghệ thuật chuyên nghiệp (trừ kinh doanh vũ trường, phòng trà ca nhạc và không thực hiện các hiệu ứng cháy, nổ; không sử dụ",internet
316452820,CÔNG TY TNHH ĐẦU TƯ TM & DV NAZENCA VIỆT NAM,CÔNG TY TNHH ĐẦU TƯ TM  DV NAZ,Công ty trách nhiệm hữu hạn hai thành viên trở lên,"A3.0516 Tầng 05 Tòa A3 Dự án Cao ốc Hòa Bình, 346 Bến Vân Đồn, Phường 01, Quận 4, Thành phố Hồ Chí Minh, Việt Nam",Quận 4,"4649: Bán buôn đồ dùng khác cho gia đình-Chi tiết: Bán buôn nước hoa, hàng mỹ phẩm và chế phẩm vệ sinh; bán buôn thuốc đông y.;8620: Hoạt động của các phòng khám đa khoa, chuyên khoa và nha khoa-Chi t",internet
316426348,CÔNG TY TNHH SEELIGHT,CÔNG TY TNHH SEELIGHT,Công ty trách nhiệm hữu hạn một thành viên,"42/33 Hoàng Diệu, Phường 13, Quận 4, Thành phố Hồ Chí Minh, Việt Nam",Quận 4,"4690: Bán buôn tổng hợp-Chi tiết: Men vi sinh, mật rỉ đường, than hoạt tính, thức ăn thuỷ sản, thảo dược, phân bón, bán cây cảnh, cây giống, chim cảnh, động vật cảnh, đồ chơi trẻ em, thuốc th",internet
316438110,CÔNG TY TNHH ĐẦU TƯ THƯƠNG MẠI GREEN RIVER,CÔNG TY TNHH ĐẦU TƯ THƯƠNG MẠI,Công ty trách nhiệm hữu hạn một thành viên,"35 Hoàng Diệu, Phường 12, Quận 4, Thành phố Hồ Chí Minh, Việt Nam",Quận 4,"4690: Bán buôn tổng hợp-(trừ bán buôn bình gas, khí dầu mỏ hóa lỏng LPG, dầu nhớt cặn, vàng miếng, súng, đạn loại dùng đi săn hoặc thể thao và tiền kim khí; trừ bán buôn hóa chất tại trụ sở; Thực hiện",internet
316443791,CÔNG TY TNHH SẢN XUẤT THƯƠNG MẠI DỊCH VỤ DLV,CÔNG TY TNHH SẢN XUẤT THƯƠNG M,Công ty trách nhiệm hữu hạn một thành viên,"Số 4 Đường số 7, Phường 04, Quận 4, Thành phố Hồ Chí Minh, Việt Nam",Quận 4,"2592: Gia công cơ khí; xử lý và tráng phủ kim loại-(không hoạt động tại trụ sở);0121: Trồng cây ăn quả-(không hoạt động tại trụ sở);0810: Khai thác đá, cát, sỏi, đất sét-(không hoạt động tại trụ sở);1",internet
316449419,CÔNG TY TNHH MỘT THÀNH VIÊN THƯƠNG MẠI DỊCH VỤ TRÍ LÂM,CÔNG TY TNHH MỘT THÀNH VIÊN TH,Công ty trách nhiệm hữu hạn một thành viên,"89 Tân Vĩnh, Phường 06, Quận 4, Thành phố Hồ Chí Minh, Việt Nam",Quận 4,"4610: Đại lý, môi giới, đấu giá hàng hóa-Chi tiết: Đại lý, môi giới;4633: Bán buôn đồ uống-;4649: Bán buôn đồ dùng khác cho gia đình-;4690: Bán buôn tổng hợp-(trừ bán buôn bình gas, khí dầu mỏ hóa lỏn",internet
316465562,CÔNG TY TNHH GENIEBOOK VIETNAM,CÔNG TY TNHH GENIEBOOK VIETNAM,Công ty trách nhiệm hữu hạn một thành viên,"Tòa nhà Wework Etown Central, 11 Đoàn Văn Bơ, Phường 13, Quận 4, Thành phố Hồ Chí Minh, Việt Nam",Quận 4,8559: Giáo dục khác chưa được phân vào đâu-Chi tiết: Các dịch vụ giáo dục khác (CPC 929 bao gồm đào tạo ngoại ngữ); 4649: Bán buôn đồ dùng khác cho gia đình-Chi tiết: Bán buôn công cụ học tập (CPC 622,internet
316466710,CÔNG TY TNHH JOICE,CÔNG TY TNHH JOICE,Công ty trách nhiệm hữu hạn hai thành viên trở lên,"Tầng 1, Tòa Nhà H3, 384 Hoàng Diệu, Phường 06, Quận 4, Thành phố Hồ Chí Minh, Việt Nam",Quận 4,"4632: Bán buôn thực phẩm-Chi tiết: Bán buôn đường, sữa và các sản phẩm sữa, kem, bánh kẹo và các sản phẩm chế biến từ ngũ cốc, bột, tinh bột (Không hoạt động tại trụ sở);4633: Bán buôn đồ uống-Chi tiế",internet
316512276,CÔNG TY TNHH THƯƠNG MẠI DỊCH VỤ SẢN XUẤT B&B,CÔNG TY TNHH THƯƠNG MẠI DỊCH ,Công ty trách nhiệm hữu hạn một thành viên,"A.4.05 Tòa Nhà Sài Gòn Royal, 34-35 Bến Vân Đồn, Phường 12, Quận 4, Thành phố Hồ Chí Minh, Việt Nam",Quận 4,"4651: Bán buôn máy vi tính, thiết bị ngoại vi và phần mềm-;4652: Bán buôn thiết bị và linh kiện điện tử, viễn thông-;4659: Bán buôn máy móc, thiết bị và phụ tùng máy khác-Chi tiết: - Bán buôn máy móc,",internet
316524585,CÔNG TY TNHH TRUYỀN THÔNG KHÔNG GIAN X,CÔNG TY TNHH TRUYỀN THÔNG KHÔN,Công ty trách nhiệm hữu hạn một thành viên,"Phòng 4.1, 25 Hoàng Diệu, Phường 12, Quận 4, Thành phố Hồ Chí Minh, Việt Nam",Quận 4,7310: Quảng cáo-;6209: Hoạt động dịch vụ công nghệ thông tin và dịch vụ khác liên quan đến máy vi tính-(Chi tiết: Hoạt động dịch vụ công nghệ thông tin và máy vi tính khác chưa được phân loại vào đâu),internet
316481652,CÔNG TY TNHH NOURII,CÔNG TY TNHH NOURII,Công ty trách nhiệm hữu hạn hai thành viên trở lên,"A719, OT1, Saigon Royal, 34 Bến Vân Đồn, Phường 12, Quận 4, Thành phố Hồ Chí Minh, Việt Nam",Quận 4,"4653: Bán buôn máy móc, thiết bị và phụ tùng máy nông nghiệp-;4659: Bán buôn máy móc, thiết bị và phụ tùng máy khác-;4661: Bán buôn nhiên liệu rắn, lỏng, khí và các sản phẩm liên quan-(trừ kinh doanh ",internet
316488471,CÔNG TY TNHH THƯƠNG MẠI DỊCH VỤ BA NIỀM,CÔNG TY TNHH THƯƠNG MẠI DỊCH V,Công ty trách nhiệm hữu hạn hai thành viên trở lên,"72/2B Tôn Đản , Phường 10, Quận 4, Thành phố Hồ Chí Minh, Việt Nam",Quận 4,"8230: Tổ chức giới thiệu và xúc tiến thương mại-(không thực hiện các hiệu ứng cháy, nổ; không sử dụng chất nổ, chất cháy, hóa chất làm đạo cụ, dụng cụ thực hiện các chương trình văn nghệ, sự kiện, phi",internet
316534054,CÔNG TY TNHH LOVE OF VIETNAM,CÔNG TY TNHH LOVE OF VIETNAM,Công ty trách nhiệm hữu hạn một thành viên,"Phòng 9.1, Tầng 9, Tòa nhà Ree Tower, 9 Đoàn Văn Bơ, Phường 12, Quận 4, Thành phố Hồ Chí Minh, Việt Nam",Quận 4,"4669: Bán buôn chuyên doanh khác chưa được phân vào đâu-Chi tiết: Bán buôn nguyên vật liệu ngành quảng cáo. Bán buôn nguyên liệu ngành in. Bán buôn giấy; Bán buôn hàng lưu niệm, hàng thủ công mỹ nghệ;",internet
316477381,CÔNG TY TNHH KỸ THUẬT ATOZ ENGINEERING,CÔNG TY TNHH KỸ THUẬT ATOZ ENG,Công ty trách nhiệm hữu hạn một thành viên,"14/1 Tôn Đản, Phường 13, Quận 4, Thành phố Hồ Chí Minh, Việt Nam",Quận 4,"7310: Quảng cáo-;7020: Hoạt động tư vấn quản lý-(trừ tư vấn tài chính, kế toán, pháp luật);6619: Hoạt động hỗ trợ dịch vụ tài chính chưa được phân vào đâu-Chi tiết: Hoạt động tư vấn đầu tư (trừ tư vấn",internet
316490209,CÔNG TY TNHH EUROPE FOOD & BEVERAGE,CÔNG TY TNHH EUROPE FOOD  BEVE,Công ty trách nhiệm hữu hạn một thành viên,"195/20 Tôn Thất Thuyết, Phường 03, Quận 4, Thành phố Hồ Chí Minh, Việt Nam",Quận 4,"4722: Bán lẻ thực phẩm trong các cửa hàng chuyên doanh-Chi tiết: Bán lẻ rau, quả trong các cửa hàng chuyên doanh (Thực hiện theo quyết định 64/2009/QĐ-UBND ngày 31/7/2009 và quyết định 79/2009/QĐ-UBND",internet
316510504,CÔNG TY TNHH DAILYWINE VIỆT NAM,CÔNG TY TNHH DAILYWINE VIỆT NA,Công ty trách nhiệm hữu hạn hai thành viên trở lên,"Số 5 Nguyễn Tất Thành, Phường 13, Quận 4, Thành phố Hồ Chí Minh, Việt Nam",Quận 4,"2220: Sản xuất sản phẩm từ plastic-(không hooạt động tại trụ sở);2511: Sản xuất các cấu kiện kim loại-(không hooạt động tại trụ sở);2512: Sản xuất thùng, bể chứa và dụng cụ chứa đựng bằng kim loại-(kh",internet
316530490,CÔNG TY TNHH THƯƠNG MẠI DỊCH VỤ 1991,CÔNG TY TNHH THƯƠNG MẠI DỊCH V,Công ty trách nhiệm hữu hạn một thành viên,"392 Vĩnh Khánh, Phường 08, Quận 4, Thành phố Hồ Chí Minh, Việt Nam",Quận 4,4633: Bán buôn đồ uống-chi tiết: bán buôn đồ uống có cồn; Bán buôn đồ uống không có cồn;5630: Dịch vụ phục vụ đồ uống-(trừ quán bar và quán giải khát có khiêu vũ).;8299: Hoạt động dịch vụ hỗ trợ kinh ,internet
316514883,CÔNG TY CỔ PHẦN GALAXY BIOTECH,CÔNG TY CỔ PHẦN GALAXY BIOTECH,Công ty cổ phần,"112 Nguyễn Khoái, Phường 02, Quận 4, Thành phố Hồ Chí Minh, Việt Nam",Quận 4,"4791: Bán lẻ theo yêu cầu đặt hàng qua bưu điện hoặc internet-(trừ bán lẻ bình gas, hóa chất, súng, đạn loại dùng đi săn hoặc thể thao, tiền kim khí và mua bán vàng miếng; thực hiện theo Quyết định 64",internet
316524384,CÔNG TY TNHH CÔNG NGHỆ SỐ UKIELA,CÔNG TY TNHH CÔNG NGHỆ SỐ UKIE,Công ty trách nhiệm hữu hạn một thành viên,"772/5/6 Đoàn Văn Bơ, Phường 16, Quận 4, Thành phố Hồ Chí Minh, Việt Nam",Quận 4,"4610: Đại lý, môi giới, đấu giá hàng hóa-Chi tiết: Đại lý, môi giới  (trừ môi giới bảo hiểm, môi giới bất động sản);4633: Bán buôn đồ uống-Chi tiết: bán buôn đồ uống có cồn, Bán buôn đồ uống không cồn",internet
316552776,CÔNG TY TNHH EASY TO EAT,CÔNG TY TNHH EASY TO EAT,Công ty trách nhiệm hữu hạn hai thành viên trở lên,"58/7/10 Tôn Thất Thuyết, Phường 16, Quận 4, Thành phố Hồ Chí Minh, Việt Nam",Quận 4,"5610: Nhà hàng và các dịch vụ ăn uống phục vụ lưu động-Chi tiết: Nhà hàng, quán ăn, hàng ăn uống.;5621: Cung cấp dịch vụ ăn uống theo hợp đồng không thường xuyên với khách hàng-;5629: Dịch vụ ăn uống ",internet
316543718,CÔNG TY TNHH MTV X4 GAMING,CÔNG TY TNHH MTV X4 GAMING,Công ty trách nhiệm hữu hạn một thành viên,"58 Tân Vĩnh, Phường 06, Quận 4, Thành phố Hồ Chí Minh, Việt Nam",Quận 4,5630: Dịch vụ phục vụ đồ uống-(trừ hoạt động quán bar và quán giải khát có khiêu vũ);6190: Hoạt động viễn thông khác-Chi tiết: Hoạt động của các điểm truy cập internet;4723: Bán lẻ đồ uống trong các c,internet
316549974,CÔNG TY TNHH THƯƠNG MẠI DỊCH VỤ XUẤT NHẬP KHẨU VẬN TẢI THANH HIỀN,CÔNG TY TNHH THƯƠNG MẠI DỊCH V,Công ty trách nhiệm hữu hạn một thành viên,"159/22 Đường Xóm Chiếu , Phường 16, Quận 4, Thành phố Hồ Chí Minh, Việt Nam",Quận 4,4933: Vận tải hàng hóa bằng đường bộ-(trừ hóa lỏng khí để vận chuyển);5012: Vận tải hàng hóa ven biển và viễn dương-;5022: Vận tải hàng hóa đường thuỷ nội địa-;5224: Bốc xếp hàng hóa-( trừ bốc xếp Bốc,internet
316568744,CÔNG TY TNHH NHẤT ÁI LINH,CÔNG TY TNHH NHẤT ÁI LINH,Công ty trách nhiệm hữu hạn hai thành viên trở lên,"564 Đoàn Văn Bơ, Phường 14, Quận 4, Thành phố Hồ Chí Minh, Việt Nam",Quận 4,7911: Đại lý du lịch-;7912: Điều hành tua du lịch-;7990: Dịch vụ đặt chỗ và các dịch vụ hỗ trợ liên quan đến quảng bá và tổ chức tua du lịch-;5229: Hoạt động dịch vụ hỗ trợ khác liên quan đến vận tải-,internet
316571151,CÔNG TY TNHH SUNGROUP VIETNAM,CÔNG TY TNHH SUNGROUP VIETNAM,Công ty trách nhiệm hữu hạn một thành viên,"830/19 Đoàn Văn Bơ, Phường 16, Quận 4, Thành phố Hồ Chí Minh, Việt Nam",Quận 4,"1410: May trang phục (trừ trang phục từ da lông thú)-(trừ in, tráng bao bì kim loại, in trên sản phẩm vải, sợi, dệt, may đan tại trụ sở);1430: Sản xuất trang phục dệt kim, đan móc-(trừ trang phục từ d",internet
316555350,CÔNG TY TNHH THƯƠNG MẠI NHÂN THIỆN PHÁT,CÔNG TY TNHH THƯƠNG MẠI NHÂN T,Công ty trách nhiệm hữu hạn hai thành viên trở lên,"242/51 Tôn Đản, Phường 08, Quận 4, Thành phố Hồ Chí Minh, Việt Nam",Quận 4,"4659: Bán buôn máy móc, thiết bị và phụ tùng máy khác-Chi tiết: Bán buôn máy móc, thiết bị và phụ tùng máy văn phòng (trừ máy vi tính và thiết bị ngoại vi); bán buôn máy móc, thiết bị và phụ tùng máy ",internet
316634066,CÔNG TY TNHH THƯƠNG MẠI DỊCH VỤ HÂN GIA,CÔNG TY TNHH THƯƠNG MẠI DỊCH V,Công ty trách nhiệm hữu hạn hai thành viên trở lên,"201 Hoàng Diệu, Phường 08, Quận 4, Thành phố Hồ Chí Minh, Việt Nam",Quận 4,"4321: Lắp đặt hệ thống điện-Chi tiết: Lắp đặt trạm biến áp, máy phát điện; hệ thống chiếu sáng; bảng điện và tủ điện (không gia công cơ khí, tái chế phế thải, xi mạ điện tại trụ sở).;4322: Lắp đặt hệ ",internet
316584175,CÔNG TY TNHH ĐẦU TƯ VÀ PHÂN PHỐI AN BÌNH,CÔNG TY TNHH ĐẦU TƯ VÀ PHÂN PH,Công ty trách nhiệm hữu hạn hai thành viên trở lên,"Số 17/1, Đoàn Như Hài, Phường 12, Quận 4, Thành phố Hồ Chí Minh, Việt Nam",Quận 4,"4791: Bán lẻ theo yêu cầu đặt hàng qua bưu điện hoặc internet-(trừ đấu giá ngoài cửa hàng (bán lẻ))
(không tồn trữ hóa chất, trừ bán lẻ bình gas, khí  dầu mỏ hóa lỏng LPG, dầu nhớt cặn, vàng miếng, sú",internet
316604216,CÔNG TY TNHH TƯ VẤN VÀ ĐÀO TẠO XUYÊN Á,CÔNG TY TNHH TƯ VẤN VÀ ĐÀO TẠO,Công ty trách nhiệm hữu hạn hai thành viên trở lên,"Phòng A5, Tầng 5, 48 Hoàng Diệu, Phường 12, Quận 4, Thành phố Hồ Chí Minh, Việt Nam",Quận 4,"7490: Hoạt động chuyên môn, khoa học và công nghệ khác chưa được phân vào đâu-Chi tiết : Hoạt động môi giới thương mại. Tư vấn về công nghệ và chuyển giao công nghệ trong lĩnh vực khoa học tự nhiên, k",internet
316614729,CÔNG TY TNHH THƯƠNG MẠI DỊCH VỤ TIẾP THỊ ĐẠI PHÁT,CÔNG TY TNHH THƯƠNG MẠI DỊCH V,Công ty trách nhiệm hữu hạn một thành viên,"50B Tôn Thất Thuyết, Phường 18, Quận 4, Thành phố Hồ Chí Minh, Việt Nam",Quận 4,6612: Môi giới hợp đồng hàng hoá và chứng khoán-chi tiết: Môi giới hợp đồng hàng hoá.;1622: Sản xuất đồ gỗ xây dựng-(không hoạt động tại trụ sở);1811: In ấn-;1812: Dịch vụ liên quan đến in-;2592: Gia ,internet
316655299,CÔNG TY TNHH  THƯƠNG MẠI DỊCH VỤ VIỄN THÔNG THÀNH CÔNG APPLE,CÔNG TY TNHH  THƯƠNG MẠI DỊCH ,Công ty trách nhiệm hữu hạn một thành viên,"67 Đường 41, Phường 06, Quận 4, Thành phố Hồ Chí Minh, Việt Nam",Quận 4,"4652: Bán buôn thiết bị và linh kiện điện tử, viễn thông-Chi tiết: Bán buôn điện thoại các loại, Sim, card, thẻ nhớ điện thoại;4669: Bán buôn chuyên doanh khác chưa được phân vào đâu-Chi tiết: Bán buô",internet
316612908,CÔNG TY TNHH TRUYỀN THÔNG EXODIA,CÔNG TY TNHH TRUYỀN THÔNG EXOD,Công ty trách nhiệm hữu hạn một thành viên,"VP B.5.08 tầng 5, Tòa nhà Millennium, 132 Bến Vân Đồn.  , Phường 06, Quận 4, Thành phố Hồ Chí Minh, Việt Nam",Quận 4,"7410: Hoạt động thiết kế chuyên dụng-Chi tiết: Thiết kế website; thiết kế chương trình truyền hình, thiết kế bản vẽ, hình ảnh;7420: Hoạt động nhiếp ảnh-Chi tiết: Quay phim, chụp hình (trừ sản xuất phi",internet
316622367,CÔNG TY TNHH MTV HUFA,CÔNG TY TNHH MTV HUFA,Công ty trách nhiệm hữu hạn một thành viên,"Số 533E Đường Đoàn Văn Bơ, Phường 09, Quận 4, Thành phố Hồ Chí Minh, Việt Nam",Quận 4,"4791: Bán lẻ theo yêu cầu đặt hàng qua bưu điện hoặc internet-(trừ bán lẻ bình gas, khí dầu mỏ hóa lỏng LPG, dầu nhớt cặn, vàng miếng, súng, đạn loại dùng đi săn hoặc thể thao và ",internet
316634235,CÔNG TY TNHH THƯƠNG MẠI DỊCH VỤ THIÊN AN KOREAN FOOD,CÔNG TY TNHH THƯƠNG MẠI DỊCH V,Công ty trách nhiệm hữu hạn một thành viên,"Số 162/33 Xóm Chiếu, Phường 14, Quận 4, Thành phố Hồ Chí Minh, Việt Nam",Quận 4,"5610: Nhà hàng và các dịch vụ ăn uống phục vụ lưu động-Chi tiết: Nhà hàng, quán ăn, hàng ăn uống.;5630: Dịch vụ phục vụ đồ uống-Chi tiết: Quán cà phê, nước hoa quả, giải khát; Dịch vụ đồ uống khác như",internet
316631097,CÔNG TY TNHH LEVOQ,CÔNG TY TNHH LEVOQ,Công ty trách nhiệm hữu hạn hai thành viên trở lên,"Phòng A5, Tầng 5, 48 Hoàng Diệu, Phường 12, Quận 4, Thành phố Hồ Chí Minh, Việt Nam",Quận 4,"4669: Bán buôn chuyên doanh khác chưa được phân vào đâu-Chi tiết: Bán buôn hàng kim khí điện máy, điện lạnh; hàng thủ công mỹ nghệ.;4741: Bán lẻ máy vi tính, thiết bị ngoại vi, phần mềm và thiết bị vi",internet
316628094,CÔNG TY TNHH FM GEMINI,CÔNG TY TNHH FM GEMINI,Công ty trách nhiệm hữu hạn hai thành viên trở lên,"Số 72 Nguyễn Khoái, Phường 02, Quận 4, Thành phố Hồ Chí Minh, Việt Nam",Quận 4,"2816: Sản xuất các thiết bị nâng, hạ và bốc xếp-;2817: Sản xuất máy móc và thiết bị văn phòng (trừ máy vi tính và thiết bị ngoại vi của máy vi tính)-;2818: Sản xuất dụng cụ cầm tay chạy bằng mô tơ hoặ",internet
316126376,CÔNG TY TNHH VÂN HỒNG MINH,CÔNG TY TNHH VÂN HỒNG MINH,Công ty trách nhiệm hữu hạn một thành viên,"198/74 Đoàn Văn Bơ, Phường 09, Quận 4, Thành phố Hồ Chí Minh, Việt Nam",Quận 4,"5610: Nhà hàng và các dịch vụ ăn uống phục vụ lưu động-Chi tiết: Nhà hàng.;5630: Dịch vụ phục vụ đồ uống-Chi tiết: Quán cà phê, nước hoa quả, giải khát (trừ hoạt động quán bar và quán giải khát có khi",internet
316138692,CÔNG TY CỔ PHẦN GO GLOBAL DISTRIBUTION,CÔNG TY CỔ PHẦN GO GLOBAL DIST,Công ty cổ phần,"74 Nguyễn Khoái, Phường 02, Quận 4, Thành phố Hồ Chí Minh, Việt Nam",Quận 4,"4773: Bán lẻ hàng hóa khác mới trong các cửa hàng chuyên doanh-(trừ bán lẻ bình gas, khí dầu mỏ hóa lỏng LPG, dầu nhớt cặn, vàng miếng, súng, đạn loại dùng đi săn hoặc thể thao và",internet
316193936,CÔNG TY TNHH BAMBOO TECHNOLOGY ASIA,CÔNG TY TNHH BAMBOO TECHNOLOGY,Công ty trách nhiệm hữu hạn một thành viên,"A04.19, Tháp OT1, Toà Nhà Saigon Royal, Số 35, Đường Bến Vân Đồn, Phường 12, Quận 4, Thành phố Hồ Chí Minh, Việt Nam",Quận 4,"6201: Lập trình máy vi tính-Chi tiết: Dịch vụ lập trình máy vi tính, dịch vụ thực hiện phần mềm (CPC 842);6202: Tư vấn máy vi tính và quản trị hệ thống máy vi tính-Chi tiết: Dịch vụ tư",technology
316221679,CÔNG TY CỔ PHẦN GIẢI PHÁP CÔNG NGHỆ PTECH,CÔNG TY CỔ PHẦN GIẢI PHÁP CÔNG,Công ty cổ phần,"122/27/56/20 đường Tôn Đản, Phường 10, Quận 4, Thành phố Hồ Chí Minh, Việt Nam",Quận 4,"3812: Thu gom rác thải độc hại-;3830: Tái chế phế liệu-;4329: Lắp đặt hệ thống xây dựng khác-Chi tiết: Thi công, lắp đặt các hệ thống phòng cháy chữa cháy, hệ thống chống sét, hệ thống chống trộm và c",internet
316376337,CÔNG TY TNHH HOA SEN TECHNOLOGY,CÔNG TY TNHH HOA SEN TECHNOLOG,Công ty trách nhiệm hữu hạn một thành viên,"125/53 đường Đoàn Văn Bơ, Phường 13, Quận 4, Thành phố Hồ Chí Minh, Việt Nam",Quận 4,"4659: Bán buôn máy móc, thiết bị và phụ tùng máy khác-Chi tiết: bán buôn máy móc, thiết bị và phụ tùng. Bán buôn máy móc, thiết bị và phụ tùng máy công nghiệp. Bán buôn máy móc, thiết bị và phụ tùng m",technology
316393043,CÔNG TY TNHH VIETNAM CONNECT KOREA COSMETIC,CÔNG TY TNHH VIETNAM CONNECT K,Công ty trách nhiệm hữu hạn một thành viên,"20/1 Nguyễn Trường Tộ, Phường 12, Quận 4, Thành phố Hồ Chí Minh, Việt Nam",Quận 4,"4649: Bán buôn đồ dùng khác cho gia đình-Chi tiết: Bán buôn mỹ phẩm, nước hoa;4669: Bán buôn chuyên doanh khác chưa được phân vào đâu-(trừ bán buôn hóa chất, khí dầu mỏ hóa lỏng LPG, dầu nhớt cặn, vàn",internet
316438128,CÔNG TY TNHH ĐẦU TƯ THƯƠNG MẠI JADE BEAUTY,CÔNG TY TNHH ĐẦU TƯ THƯƠNG MẠI,Công ty trách nhiệm hữu hạn một thành viên,"35 Hoàng Diệu, Phường 12, Quận 4, Thành phố Hồ Chí Minh, Việt Nam",Quận 4,"4690: Bán buôn tổng hợp-(trừ bán buôn bình gas, khí dầu mỏ hóa lỏng LPG, dầu nhớt cặn, vàng miếng, súng, đạn loại dùng đi săn hoặc thể thao và tiền kim khí; trừ bán buôn hóa chất tại trụ sở; Thực hiện",internet
316448630,CÔNG TY TNHH CÔNG NGHỆ VÀ GIẢI PHÁP ALO VIỆT NAM,CÔNG TY TNHH CÔNG NGHỆ VÀ GIẢI,Công ty trách nhiệm hữu hạn hai thành viên trở lên,"Số 26/17D Tôn Thất Thuyết, Phường 01, Quận 4, Thành phố Hồ Chí Minh, Việt Nam",Quận 4,"4633: Bán buôn đồ uống-(Không hoạt động tại trụ sở)
Chi tiết: Bán buôn đồ uống không có cồn: nước khoáng thiên nhiên hoặc nước tinh khiết đóng chai khác.;4641: Bán buôn vải, hàng may mặc, giày dép-;46",internet
316503377,CÔNG TY TNHH TƯ VẤN QUẢNG CÁO VÀ TRUYỀN THÔNG DILACA,CÔNG TY TNHH TƯ VẤN QUẢNG CÁO ,Công ty trách nhiệm hữu hạn một thành viên,"F93 Khu Tái Thiết  Đường Hoàng Diệu	, Phường 08, Quận 4, Thành phố Hồ Chí Minh, Việt Nam",Quận 4,"1811: In ấn-(trừ in tráng bao bì kim loại, in trên các sản phẩm vải sợi, dệt, may, đan tại trụ sở);4632: Bán buôn thực phẩm-(không hoạt động tại trụ sở);4659: Bán buôn máy móc, thiết bị và phụ tùng má",internet
316559066,CÔNG TY CỔ PHẦN SOBY,CÔNG TY CỔ PHẦN SOBY,Công ty cổ phần,"S206 Tầng 2 CirCo Coworking Space, H3 Building, 384 Hoàng Diệu, Phường 06, Quận 4, Thành phố Hồ Chí Minh, Việt Nam",Quận 4,6202: Tư vấn máy vi tính và quản trị hệ thống máy vi tính-Chi tiết: Dịch vụ tư vấn phần mềm và tư vấn hệ thống (CPC 842); 4791: Bán lẻ theo yêu cầu đặt hàng qua bưu điện hoặc internet-(trừ bán lẻ ,internet
316643261,CÔNG TY CỔ PHẦN VIỆN NGHIÊN CỨU KỸ NĂNG VIỆT NAM,CÔNG TY CỔ PHẦN VIỆN NGHIÊN CỨ,Công ty cổ phần,"Tầng 2, Tòa Nhà H3, 384 Hoàng Diệu, Phường 06, Quận 4, Thành phố Hồ Chí Minh, Việt Nam",Quận 4,5610: Nhà hàng và các dịch vụ ăn uống phục vụ lưu động-;5629: Dịch vụ ăn uống khác-(trừ hoạt động quán bar và quán giải khát có khiêu vũ).;6201: Lập trình máy vi tính-;6202: Tư vấn máy vi tí,internet
316679613,CÔNG TY CỔ PHẦN CUNG ỨNG IZ,CÔNG TY CỔ PHẦN CUNG ỨNG IZ,Công ty cổ phần,"35 Hoàng Diệu, Phường 12, Quận 4, Thành phố Hồ Chí Minh, Việt Nam",Quận 4,"4791: Bán lẻ theo yêu cầu đặt hàng qua bưu điện hoặc internet-(trừ bán lẻ bình gas, khí dầu mỏ hóa lỏng LPG, dầu nhớt cặn, vàng miếng, súng, đạn loại dùng đi săn hoặc thể thao và tiền kim khí và thực ",internet
316682729,CÔNG TY CỔ PHẦN THIẾT KẾ XÂY DỰNG ITA HOME,CÔNG TY CỔ PHẦN THIẾT KẾ XÂY D,Công ty cổ phần,"Kiot 54, 55,56 và 57, Tầng 1, chung cư Khánh Hội 1, 360c Bến Vân Đồn, Phường 01, Quận 4, Thành phố Hồ Chí Minh, Việt Nam",Quận 4,"4321: Lắp đặt hệ thống điện-chi tiết: lắp đặt hệ thống điện công trình nhà và công trình kỹ thuật dân dụng (trừ gia công cơ khí, tái chế phế thải, xi mạ điện tại trụ sở);4322: Lắp đặt hệ thống cấp, th",internet
316696351,CÔNG TY CỔ PHẦN TIME PUBLISHING,CÔNG TY CỔ PHẦN TIME PUBLISHIN,Công ty cổ phần,"Phòng A3.0506, Tầng 5, Toà nhà A3, The Goldview, Số 346 Bến Vân Đồn, Phường 01, Quận 4, Thành phố Hồ Chí Minh, Việt Nam",Quận 4,"5819: Hoạt động xuất bản khác-Chi tiết: Phát hành xuất bản phẩm (hoạt động theo Điều 37, Luật Xuất bản năm 2012); Phát hành xuất bản phẩm điện tử (hoạt động theo Khoản 2, Điều 45 Luật Xuất bản năm 201",internet
316706673,CÔNG TY CỔ PHẦN FOODBOX,CÔNG TY CỔ PHẦN FOODBOX,Công ty cổ phần,"B10 Cư Xá Vĩnh Hội, đường 46, Phường 02, Quận 4, Thành phố Hồ Chí Minh, Việt Nam",Quận 4,"4631: Bán buôn gạo, lúa mỳ, hạt ngũ cốc khác, bột mỳ-(không hoạt động tại trụ sở).;4632: Bán buôn thực phẩm-(không hoạt động tại trụ sở).;4711: Bán lẻ lương thực, thực phẩm, đồ uống, thuốc lá, thuốc l",internet
316716544,CÔNG TY CỔ PHẦN FIVE ABC&CO,CÔNG TY CỔ PHẦN FIVE ABCCO,Công ty cổ phần,"Lầu 5, Cao ốc Đinh Lễ, Số 1 Đinh Lễ, Phường 13, Quận 4, Thành phố Hồ Chí Minh, Việt Nam",Quận 4,"4791: Bán lẻ theo yêu cầu đặt hàng qua bưu điện hoặc internet-(trừ bán lẻ bình gas, khí dầu mỏ hóa lỏng LPG, dầu nhớt cặn, vàng miếng, súng, đạn loại dùng đi săn hoặc thể thao và tiền kim khí; trừ bán",internet
316719062,CÔNG TY TNHH BEE WRITERS NETWORK,CÔNG TY TNHH BEE WRITERS NETWO,Công ty trách nhiệm hữu hạn một thành viên,"164 Nguyễn Tất Thành, Phường 13, Quận 4, Thành phố Hồ Chí Minh, Việt Nam",Quận 4,"9000: Hoạt động sáng tác, nghệ thuật và giải trí-(trừ kinh doanh vũ trường, phòng trà ca nhạc và không thực hiện các hiệu ứng cháy, nổ, không sử dụng chất nổ, chất cháy, hóa chất làm đạo cụ, dụng cụ t",network
316731944,CÔNG TY TNHH ĐẦU TƯ VÀ PHÁT TRIỂN NB,CÔNG TY TNHH ĐẦU TƯ VÀ PHÁT TR,Công ty trách nhiệm hữu hạn một thành viên,"123 Nguyễn Khoái, Phường 01, Quận 4, Thành phố Hồ Chí Minh, Việt Nam",Quận 4,"4789: Bán lẻ hàng hóa khác lưu động hoặc tại chợ-(trừ bán lẻ hóa chất, khí dầu mỏ hóa lỏng LPG, dầu nhớt cặn, vàng miếng, súng, đạn loại dùng đi săn hoặc thể thao và tiền kim khí; Thực hiện theo Quyết",internet
316741533,CÔNG TY CỔ PHẦN TƯ VẤN IDEAL LIFE,CÔNG TY CỔ PHẦN TƯ VẤN IDEAL L,Công ty cổ phần,"Tầng 9, Tòa nhà REE Tower, số 9 đường Đoàn Văn Bơ, Phường 13, Quận 4, Thành phố Hồ Chí Minh, Việt Nam",Quận 4,"6622: Hoạt động của đại lý và môi giới bảo hiểm-chi tiết: Hoạt động của đại lý bảo hiểm;7020: Hoạt động tư vấn quản lý-(trừ tư vấn tài chính, kế toán, pháp luật).;6311: Xử lý dữ liệu, cho thuê và các ",internet
316746080,CÔNG TY TNHH XUẤT NHẬP KHẨU NÔNG SẢN CỬU LONG,CÔNG TY TNHH XUẤT NHẬP KHẨU NÔ,Công ty trách nhiệm hữu hạn một thành viên,"243/53/23 Tôn Đản, Phường 15, Quận 4, Thành phố Hồ Chí Minh, Việt Nam",Quận 4,"4653: Bán buôn máy móc, thiết bị và phụ tùng máy nông nghiệp-;4620: Bán buôn nông, lâm sản nguyên liệu (trừ gỗ, tre, nứa) và động vật sống-Chi tiết: Bán buôn, xuất nhập khẩu nông, lâm sản nguyên liệu ",internet
316754370,CÔNG TY TNHH THƯƠNG MẠI DỊCH VỤ XUẤT NHẬP KHẨU THIÊN HÀ BẢO,CÔNG TY TNHH THƯƠNG MẠI DỊCH V,Công ty trách nhiệm hữu hạn hai thành viên trở lên,"S97D Tôn Thất Thuyết, Phường 01, Quận 4, Thành phố Hồ Chí Minh, Việt Nam",Quận 4,"7810: Hoạt động của các trung tâm, đại lý tư vấn, giới thiệu và môi giới lao động, việc làm-Chi tiết: Hoạt động của các đại lý tư vấn, giới thiệu và môi giới lao động, việc làm (trừ cho thuê lại lao đ",internet
316760952,CÔNG TY TNHH NFT PRODUCTION,CÔNG TY TNHH NFT PRODUCTION,Công ty trách nhiệm hữu hạn một thành viên,"Số 65, Đường Đoàn Như Hài, Phường 12, Quận 4, Thành phố Hồ Chí Minh, Việt Nam",Quận 4,"8559: Giáo dục khác chưa được phân vào đâu-Chi tiết: Đào tạo kỹ năng sống, dạy máy tính.
(trừ dạy về tôn giáo; các trường của các tổ chức Đảng - Đoàn thể);4791: Bán lẻ theo yêu cầu đặt hàng qua bưu đi",internet
316762967,CÔNG TY CỔ PHẦN THƯƠNG MẠI TRƯỜNG PHÁT SÀI GÒN,CÔNG TY CỔ PHẦN THƯƠNG MẠI TRƯ,Công ty cổ phần,"49 Lê Quốc Hưng, Phường 13, Quận 4, Thành phố Hồ Chí Minh, Việt Nam",Quận 4,"7110: Hoạt động kiến trúc và tư vấn kỹ thuật có liên quan-Chi tiết: Tư vấn xây dựng các công trình: Dân dụng, công nghiệp, giao thông, thủy lợi (không bao gồm thiết kế);4741: Bán lẻ máy vi tính, thiết",internet
316770862,CÔNG TY TNHH BF COMMUNICATIONS,CÔNG TY TNHH BF COMMUNICATIONS,Công ty trách nhiệm hữu hạn hai thành viên trở lên,"Office-tel số SGR.01-07.27 Saigon Royal, 34-35 Bến Vân Đồn, Phường 13, Quận 4, Thành phố Hồ Chí Minh, Việt Nam",Quận 4,"6312: Cổng thông tin-chi tiết: Thiết lập trang thông tin điện tử tổng hợp;5913: Hoạt động phát hành phim điện ảnh, phim video và chương trình truyền hình-chi tiết: Hoạt động phát hành phim điện ảnh, p",internet
316794052,CÔNG TY TNHH THƯƠNG MẠI DỊCH VỤ XUẤT NHẬP KHẨU THỊNH HẢI,CÔNG TY TNHH THƯƠNG MẠI DỊCH V,Công ty trách nhiệm hữu hạn một thành viên,"109A Nguyễn Thần Hiến, Phường 18, Quận 4, Thành phố Hồ Chí Minh, Việt Nam",Quận 4,"4652: Bán buôn thiết bị và linh kiện điện tử, viễn thông-;4653: Bán buôn máy móc, thiết bị và phụ tùng máy nông nghiệp-;4659: Bán buôn máy móc, thiết bị và phụ tùng máy khác-;4661: Bán buôn nhiên liệu",internet
316797857,CÔNG TY CỔ PHẦN BUYNGON,CÔNG TY CỔ PHẦN BUYNGON,Công ty cổ phần,"Căn hộ số A3.0514 tầng 05, Tòa A3, Khu Cao ốc Hòa Bình, 346 Bến Vân Đồn, Phường 01, Quận 4, Thành phố Hồ Chí Minh, Việt Nam",Quận 4,"4721: Bán lẻ lương thực trong các cửa hàng chuyên doanh-Chi tiết: Bán lẻ lương thực (trừ lúa, thóc, gạo, đường mía, đường củ cải) (Thực hiện theo quyết định 64/2009/QĐ-UBND ngày 31/7/2009 và quyết địn",internet
316821080,CÔNG TY CỔ PHẦN SALICOM,CÔNG TY CỔ PHẦN SALICOM,Công ty cổ phần,"99 Lê Quốc Hưng, Phường 12, Quận 4, Thành phố Hồ Chí Minh, Việt Nam",Quận 4,"7110: Hoạt động kiến trúc và tư vấn kỹ thuật có liên quan-Hoạt động kiến trúc và tư vấn kỹ thuật có liên quan
Chi tiết: Thiết kế kết cấu công trình; Thiết kế quy hoạch xây dựng; Khảo sát địa hình công",internet
316843052,CÔNG TY TNHH QT OTIS,CÔNG TY TNHH QT OTIS,Công ty trách nhiệm hữu hạn một thành viên,"678 Đoàn Văn Bơ, Phường 16, Quận 4, Thành phố Hồ Chí Minh, Việt Nam",Quận 4,"7490: Hoạt động chuyên môn, khoa học và công nghệ khác chưa được phân vào đâu-Chi tiết : Môi giới thương mại, dịch vụ đại diện sở hữu công nghiệp, dịch vụ bản quyền tác giả ( trừ hoạt động liên quan đ",internet
316845405,CÔNG TY TNHH SKARGON VIỆT NAM,CÔNG TY TNHH SKARGON VIỆT NAM,Công ty trách nhiệm hữu hạn một thành viên,"Số nhà B.2.12, Tầng 2, Lô B, Tòa nhà Millennium, số 132 Bến Vân Đồn, Phường 06, Quận 4, Thành phố Hồ Chí Minh, Việt Nam",Quận 4,"1811: In ấn-;1812: Dịch vụ liên quan đến in-;1820: Sao chép bản ghi các loại-;3312: Sửa chữa máy móc, thiết bị-;3313: Sửa chữa thiết bị điện tử và quang học-;3314: Sửa chữa thiết bị điện-;3319: Sửa ch",internet
316848653,CÔNG TY TNHH JCAN TRADING,CÔNG TY TNHH JCAN TRADING,Công ty trách nhiệm hữu hạn một thành viên,"Số 134/50 Đường Đoàn Văn Bơ, Phường 09, Quận 4, Thành phố Hồ Chí Minh, Việt Nam",Quận 4,"4690: Bán buôn tổng hợp-(trừ khí dầu mỏ hóa lỏng LPG, dầu nhớt cặn, vàng miếng, súng, đạn loại dùng đi săn hoặc thể thao và tiền kim khí; trừ bán buôn hóa chất tại trụ sở; Thực hiện theo Quyết định 64",internet
316852272,CÔNG TY TNHH THƯƠNG MẠI VÀ DỊCH VỤ VƯƠN XA,CÔNG TY TNHH THƯƠNG MẠI VÀ DỊC,Công ty trách nhiệm hữu hạn một thành viên,"72 Nguyễn Khoái, Phường 02, Quận 4, Thành phố Hồ Chí Minh, Việt Nam",Quận 4,4101: Xây dựng nhà để ở-;4102: Xây dựng nhà không để ở-;4211: Xây dựng công trình đường sắt-;4221: Xây dựng công trình điện-;4321: Lắp đặt hệ thống điện-;4329: Lắp đặt hệ thống xây dựng khác-;4330: Ho,internet
316857376,CÔNG TY TNHH MT HOME VIETNAM,CÔNG TY TNHH MT HOME VIETNAM,Công ty trách nhiệm hữu hạn một thành viên,"Số 108 Tôn Đản, Phường 10, Quận 4, Thành phố Hồ Chí Minh, Việt Nam",Quận 4,"4632: Bán buôn thực phẩm-Chi tiết: Xuất nhập khẩu, bán buôn thực phẩm; thức ăn cho thú cưng
(không hoạt động tại trụ sở);4722: Bán lẻ thực phẩm trong các cửa hàng chuyên doanh-(Thực hiện theo quyết đị",internet
316880336,CÔNG TY TNHH VT - MILISALE,CÔNG TY TNHH VT  MILISALE,Công ty trách nhiệm hữu hạn một thành viên,"3 đường số 43, Phường 04, Quận 4, Thành phố Hồ Chí Minh, Việt Nam",Quận 4,"4719: Bán lẻ khác trong các cửa hàng kinh doanh tổng hợp-(trừ bán lẻ bình gas, khí dầu mỏ hóa lỏng LPG, dầu nhớt cặn, vàng miếng, súng, đạn loại dùng đi săn hoặc thể thao và tiền kim khí; trừ bán lẻ h",internet
316882654,CÔNG TY TNHH BBA VIETNAM,CÔNG TY TNHH BBA VIETNAM,Công ty trách nhiệm hữu hạn hai thành viên trở lên,"25 Hoàng Diệu, Phường 13, Quận 4, Thành phố Hồ Chí Minh, Việt Nam",Quận 4,"4781: Bán lẻ lương thực, thực phẩm, đồ uống, thuốc lá, thuốc lào lưu động hoặc tại chợ-(thực hiện theo Quyết định số 64/2009/QĐ-UBND ngày 31/07/2009 và Quyết định số 79/2009/QĐ-UBND ngày 17/10/2009 củ",internet
316887518,CÔNG TY TNHH SAM DIGITAL CONNECTIONS,CÔNG TY TNHH SAM DIGITAL CONNE,Công ty trách nhiệm hữu hạn một thành viên,"Phòng 5.53, Tầng 5, Tòa nhà RiverGate Residence, Số 151-155 Bến Vân Đồn, Phường 06, Quận 4, Thành phố Hồ Chí Minh, Việt Nam",Quận 4,"6201: Lập trình máy vi tính-;1820: Sao chép bản ghi các loại-;5913: Hoạt động phát hành phim điện ảnh, phim video và chương trình truyền hình-Chi tiết: Hoạt động phát hành phim điện ảnh, phim video
(T",internet
316892243,CÔNG TY CỔ PHẦN GIẢI PHÁP TÀI CHÍNH INNOFIN,CÔNG TY CỔ PHẦN GIẢI PHÁP TÀI ,Công ty cổ phần,"A7.18 Tòa Nhà Sài Gòn Royal, Số 34-35 Bến Vân Đồn, Phường 12, Quận 4, Thành phố Hồ Chí Minh, Việt Nam",Quận 4,"5225: Hoạt động dịch vụ hỗ trợ trực tiếp cho vận tải đường bộ-(trừ hóa lỏng khí để vận chuyển);6201: Lập trình máy vi tính-Chi tiết: Sản xuất, gia công phần mềm;4791: Bán lẻ theo yêu cầu đặt hàng qua ",internet
316891641,CÔNG TY CỔ PHẦN DƯỢC PHẨM MEDI USA,CÔNG TY CỔ PHẦN DƯỢC PHẨM MEDI,Công ty cổ phần,"156 Khánh Hội, Phường 06, Quận 4, Thành phố Hồ Chí Minh, Việt Nam",Quận 4,"3290: Sản xuất khác chưa được phân vào đâu-Chi tiết: - Sản xuất màng lọc kháng khuẩn để sản xuất khẩu trang y tế;
- Sản xuất dây thun để sản xuất khẩu trang y tế (trừ Sản Xuất xốp cách nhiệt sử dụng g",internet
316893261,CÔNG TY TNHH FLASH ECHO,CÔNG TY TNHH FLASH ECHO,Công ty trách nhiệm hữu hạn hai thành viên trở lên,"200/458 Xóm Chiếu, Phường 15, Quận 4, Thành phố Hồ Chí Minh, Việt Nam",Quận 4,"4791: Bán lẻ theo yêu cầu đặt hàng qua bưu điện hoặc internet-(trừ bán lẻ bình gas, khí dầu mỏ hóa lỏng LPG, dầu nhớt cặn, vàng miếng, súng, đạn loại dùng đi săn hoặc thể thao và tiền kim khí; trừ bán",internet
316897033,CÔNG TY TNHH MTV THỜI TRANG TMAY,CÔNG TY TNHH MTV THỜI TRANG TM,Công ty trách nhiệm hữu hạn một thành viên,"VP A02.16, Tòa nhà Millennium, 132 Bến Vân Đồn, Phường 06, Quận 4, Thành phố Hồ Chí Minh, Việt Nam",Quận 4,1313: Hoàn thiện sản phẩm dệt-;1392: Sản xuất hàng dệt sẵn (trừ trang phục)-;1399: Sản xuất các loại hàng dệt khác chưa được phân vào đâu-;1410: May trang phục (trừ trang phục từ da lông thú)-;1430: S,internet
316901931,CÔNG TY TNHH SUPERSHOP TECHNOLOGIES,CÔNG TY TNHH SUPERSHOP TECHNOL,Công ty trách nhiệm hữu hạn hai thành viên trở lên,"201 Tôn Đản, Phường 15, Quận 4, Thành phố Hồ Chí Minh, Việt Nam",Quận 4,"7310: Quảng cáo-(Không bao gồm quảng cáo thuốc lá);7020: Hoạt động tư vấn quản lý-(Trừ tư vấn tài chính, kế toán, pháp luật);7120: Kiểm tra và phân tích kỹ thuật-;7211: Nghiên cứu khoa học và phát tri",internet
316904957,CÔNG TY TNHH CÀ PHÊ CHIM KƠ TIA,CÔNG TY TNHH CÀ PHÊ CHIM KƠ TI,Công ty trách nhiệm hữu hạn một thành viên,"384 Hoàng Diệu, Phường 06, Quận 4, Thành phố Hồ Chí Minh, Việt Nam",Quận 4,"1077: Sản xuất cà phê-;1079: Sản xuất thực phẩm khác chưa được phân vào đâu-;5610: Nhà hàng và các dịch vụ ăn uống phục vụ lưu động-;1075: Sản xuất món ăn, thức ăn chế biến sẵn-;5630: Dịch vụ phục vụ ",internet
316905982,CÔNG TY TNHH TITANHOMEZ,CÔNG TY TNHH TITANHOMEZ,Công ty trách nhiệm hữu hạn hai thành viên trở lên,"12 Đường số 2, Phường 04, Quận 4, Thành phố Hồ Chí Minh, Việt Nam",Quận 4,"8531: Đào tạo sơ cấp-Chi tiết: Dạy nghề.;9522: Sửa chữa thiết bị, đồ dùng gia đình-;9620: Giặt là, làm sạch các sản phẩm dệt và lông thú-;4229: Xây dựng công trình công ích khác-;4299: Xây dựng công t",internet
316922547,CÔNG TY TNHH TƯ VẤN SONRAY,CÔNG TY TNHH TƯ VẤN SONRAY,Công ty trách nhiệm hữu hạn một thành viên,"TS2.11.05, Tầng 11, Tòa nhà Tresor, 39-39B Bến Vân Đồn, Phường 12, Quận 4, Thành phố Hồ Chí Minh, Việt Nam",Quận 4,"6201: Lập trình máy vi tính-Chi tiết: Sản xuất phần mềm, dịch vụ lập trình;6202: Tư vấn máy vi tính và quản trị hệ thống máy vi tính-;6209: Hoạt động dịch vụ công nghệ thông tin và dịch vụ khác liên q",internet
316925481,CÔNG TY TNHH THƯƠNG MẠI DỊCH VỤ LOVE OF VIETNAM,CÔNG TY TNHH THƯƠNG MẠI DỊCH V,Công ty trách nhiệm hữu hạn hai thành viên trở lên,"Toà TS02, Sảnh OT3, Tầng 10, Căn 10.01, Khu 2, Toà nhà The Tresor, 39-39B Bến Vân Đồn, Phường 12, Quận 4, Thành phố Hồ Chí Minh, Việt Nam",Quận 4,"4669: Bán buôn chuyên doanh khác chưa được phân vào đâu-Chi tiết: Bán buôn quà tặng, hàng lưu niệm, hàng đan lát, hàng thủ công mỹ nghệ. Bán buôn hóa chất trong lĩnh vực y tế - xét nghiệm; sinh phẩm y",internet
316931090,CÔNG TY TNHH VT.XNK,CÔNG TY TNHH VTXNK,Công ty trách nhiệm hữu hạn một thành viên,"3 đường số 43, Phường 04, Quận 4, Thành phố Hồ Chí Minh, Việt Nam",Quận 4,"8699: Hoạt động y tế khác chưa được phân vào đâu-Chi tiết: Cơ sở dịch vụ kính thuốc, hoạt động đo thị lực, mài, lắp kính phục vụ cho bán lẻ mắt kính;9522: Sửa chữa thiết bị, đồ dùng gia đình-;4641: Bá",internet
316935521,CÔNG TY TNHH SOUR LEMON,CÔNG TY TNHH SOUR LEMON,Công ty trách nhiệm hữu hạn một thành viên,"Tầng 13, Khối tháp B, Khu Officetel, B.13.06 Căn hộ River Gate Residence, 151-155 Bến Vân Đồn, Phường 06, Quận 4, Thành phố Hồ Chí Minh, Việt Nam",Quận 4,"4799: Bán lẻ hình thức khác chưa được phân vào đâu-(trừ bán lẻ hóa chất, khí dầu mỏ hóa lỏng LPG, dầu nhớt cặn, vàng miếng, súng, đạn loại dùng đi săn hoặc thể thao và tiền kim khí; Thực hiện theo Quy",internet
316937790,CÔNG TY TNHH TƯ VẤN QUẢN LÝ SONRAY,CÔNG TY TNHH TƯ VẤN QUẢN LÝ SO,Công ty trách nhiệm hữu hạn một thành viên,"TS2.11.05, Tầng 11, Tòa nhà Tresor, 39-39B Bến Vân Đồn, Phường 12, Quận 4, Thành phố Hồ Chí Minh, Việt Nam",Quận 4,"6201: Lập trình máy vi tính-Chi tiết: Sản xuất phần mềm, dịch vụ lập trình;6202: Tư vấn máy vi tính và quản trị hệ thống máy vi tính-;6209: Hoạt động dịch vụ công nghệ thông tin và dịch vụ khác liên q",internet
316946731,CÔNG TY TNHH GIẢI PHÁP ÂM HỌC AAA,CÔNG TY TNHH GIẢI PHÁP ÂM HỌC ,Công ty trách nhiệm hữu hạn một thành viên,"Số 386-388 Đường Hoàng Diệu, Phường 02, Quận 4, Thành phố Hồ Chí Minh, Việt Nam",Quận 4,"4690: Bán buôn tổng hợp-(Trừ bán buôn bình gas, khí dầu hỏa hóa lỏng LPG, dầu nhớt cặn,  vàng miếng, súng, đạn loại dùng đi săn hoặc thể thao và tiền kim khí, trừ bán buôn hóa chất tại trụ sở, thực hi",internet
316948721,CÔNG TY TNHH MONIHUB,CÔNG TY TNHH MONIHUB,Công ty trách nhiệm hữu hạn một thành viên,"258 Tôn Đản, Phường 08, Quận 4, Thành phố Hồ Chí Minh, Việt Nam",Quận 4,"6201: Lập trình máy vi tính-Chi tiết: Sản xuất phần mềm;6202: Tư vấn máy vi tính và quản trị hệ thống máy vi tính-;6311: Xử lý dữ liệu, cho thuê và các hoạt động liên quan-;6312: Cổng thông tin-Chi ti",internet
316950840,CÔNG TY TNHH MOUNTAIN LAKE,CÔNG TY TNHH MOUNTAIN LAKE,Công ty trách nhiệm hữu hạn một thành viên,"Số 11 Đoàn Văn Bơ, Phường 13, Quận 4, Thành phố Hồ Chí Minh, Việt Nam",Quận 4,6190: Hoạt động viễn thông khác-Chi tiết: Cung cấp dịch vụ trò chơi điện tử trên mạng;9329: Hoạt động vui chơi giải trí khác chưa được phân vào đâu-Chi tiết: Cung cấp dịch vụ trò chơi điện tử trên mạn,internet
316950865,CÔNG TY TNHH BOMBAY CERAMIC,CÔNG TY TNHH BOMBAY CERAMIC,Công ty trách nhiệm hữu hạn hai thành viên trở lên,"50A Tôn Thất Thuyết, Phường 18, Quận 4, Thành phố Hồ Chí Minh, Việt Nam",Quận 4,"4663: Bán buôn vật liệu, thiết bị lắp đặt khác trong xây dựng-;3312: Sửa chữa máy móc, thiết bị-(Không gia công cơ khí, tái chế phế thải, xi mạ điện tại trụ sở);3313: Sửa chữa thiết bị điện tử và quan",internet
316951795,CÔNG TY TNHH HAI THÀNH VIÊN SỐNG CÂN BẰNG,CÔNG TY TNHH HAI THÀNH VIÊN SỐ,Công ty trách nhiệm hữu hạn hai thành viên trở lên,"1/26 Hoàng Diệu, Phường 13, Quận 4, Thành phố Hồ Chí Minh, Việt Nam",Quận 4,4722: Bán lẻ thực phẩm trong các cửa hàng chuyên doanh-(Thực hiện theo Quyết định 64/2009/QĐ-UBND ngày 31/7/2009 của Ủy ban nhân dân Thành phố Hồ Chí Minh và Quyết định 79/2009/QĐ-UBND ngày 17/10/2009,internet
316959191,CÔNG TY TNHH THE CLEAN HOUSE VIỆT NAM,CÔNG TY TNHH THE CLEAN HOUSE V,Công ty trách nhiệm hữu hạn hai thành viên trở lên,"Số 54 Tôn Đản, Phường 13, Quận 4, Thành phố Hồ Chí Minh, Việt Nam",Quận 4,"9620: Giặt là, làm sạch các sản phẩm dệt và lông thú-;2011: Sản xuất hoá chất cơ bản-(không hoạt động tại trụ sở);2023: Sản xuất mỹ phẩm, xà phòng, chất tẩy rửa, làm bóng và chế phẩm vệ sinh-(không ho",internet
316968012,CÔNG TY CỔ PHẦN CÔNG NGHỆ PAYCHAIN,CÔNG TY CỔ PHẦN CÔNG NGHỆ PAYC,Công ty cổ phần,"258 Tôn Đản, Phường 08, Quận 4, Thành phố Hồ Chí Minh, Việt Nam",Quận 4,"1811: In ấn-(Trừ in tráng bao bì kim loại, in trên sản phẩm vải, sợi, dệt, may đan tại trụ sở);1812: Dịch vụ liên quan đến in-;3312: Sửa chữa máy móc, thiết bị-(trừ gia công cơ khí, tái chế phế thải, ",vi tinh
316966618,CÔNG TY TNHH THỰC PHẨM THIẾT YẾU 24H,CÔNG TY TNHH THỰC PHẨM THIẾT Y,Công ty trách nhiệm hữu hạn một thành viên,"F48 Cư Xá Vĩnh Hội, đường Bến Vân Đồn , Phường 02, Quận 4, Thành phố Hồ Chí Minh, Việt Nam",Quận 4,4722: Bán lẻ thực phẩm trong các cửa hàng chuyên doanh-(Thực hiện theo Quyết định 64/2009/QĐ-UBND ngày 31/07/2009 và Quyết định 79/2009/QĐ-UBND ngày 17/10/2009 của Ủy ban nhân dân thành phố Hồ Chí Min,internet
316985233,CÔNG TY TNHH MỘT THÀNH VIÊN GETFIT,CÔNG TY TNHH MỘT THÀNH VIÊN GE,Công ty trách nhiệm hữu hạn một thành viên,"Lầu 3, Tòa nhà H3, 384 Hoàng Diệu, Phường 06, Quận 4, Thành phố Hồ Chí Minh, Việt Nam",Quận 4,"4641: Bán buôn vải, hàng may mặc, giày dép-Chi tiết: Bán buôn vải sợi, hàng may mặc, bán buôn quần áo thể thao.;4649: Bán buôn đồ dùng khác cho gia đình-Chi tiết: Bán buôn dụng cụ thể dục thể thao. Bá",internet
316984416,CÔNG TY TNHH MỘT THÀNH VIÊN DỊCH VỤ VẬN TẢI T&L,CÔNG TY TNHH MỘT THÀNH VIÊN DỊ,Công ty trách nhiệm hữu hạn một thành viên,"200/47C Xóm Chiếu, Phường 15, Quận 4, Thành phố Hồ Chí Minh, Việt Nam",Quận 4,"4921: Vận tải hành khách bằng xe buýt trong nội thành-;4931: Vận tải hành khách đường bộ trong nội thành, ngoại thành (trừ vận tải bằng xe buýt)-;4932: Vận tải hành khách đường bộ khác-;4933: Vận tải ",internet
