tax_code,name,name_slug,company_type,address,district,industry_raw,keyword
313732548,CÔNG TY CỔ PHẦN ĐẦU TƯ SAO VIỄN ĐÔNG,CÔNG TY CỔ PHẦN ĐẦU TƯ SAO VIỄ,Công ty cổ phần,"382/17-19 Nguyễn Thị Minh Khai, Phường 05, Quận 3, Thành phố Hồ Chí Minh, Việt Nam",Quận 3,"4659: Bán buôn máy móc, thiết bị và phụ tùng máy khác-chi tiết: bán buôn giường, tủ, bàn ghế, nội thất văn phòng; đồ điện;7020: Hoạt động tư vấn quản lý-(trừ tư vấn pháp lý. kế toan;7110: Hoạt động ki",internet
313747745,CÔNG TY TNHH SẢN XUẤT - THƯƠNG MẠI HÀNG GIA DỤNG ĐỨC MẠNH,CÔNG TY TNHH SẢN XUẤT  THƯƠNG ,Công ty trách nhiệm hữu hạn hai thành viên trở lên,"Lầu 1, số 38E Trần Cao Vân, Phường Võ Thị Sáu, Quận 3, Thành phố Hồ Chí Minh, Việt Nam",Quận 3,"4649: Bán buôn đồ dùng khác cho gia đình-Chi tiết:Bán buôn đồ điện gia dụng, đèn và bộ đèn điện.Bán buôn giường, tủ, bàn ghế và đồ dùng nội thất tương tự. Bán buôn đồ dùng gia đình bằng nhựa, nhôm, sắ",internet
313921993,CÔNG TY TNHH TƯ VẤN VÀ THIẾT KẾ XÂY DỰNG HỒNG THẢO,CÔNG TY TNHH TƯ VẤN VÀ THIẾT K,Công ty trách nhiệm hữu hạn một thành viên,"111 Đường Lý Chính Thắng, Phường 07, Quận 3, Thành phố Hồ Chí Minh, Việt Nam",Quận 3,"4663: Bán buôn vật liệu, thiết bị lắp đặt khác trong xây dựng-Chi tiết: Bán buôn tre nứa, gỗ cây và gỗ chế biến; Bán buôn xi măng; Bán buôn gạch xây, ngói, đá, cát sỏi,xi măng; Bán buôn kinh xây dựng;",internet
314279095,CÔNG TY TNHH GOLDEN WIND,CÔNG TY TNHH GOLDEN WIND,Công ty trách nhiệm hữu hạn hai thành viên trở lên,"91/10 Trần Quốc Toản, Phường 07, Quận 3, Thành phố Hồ Chí Minh, Việt Nam",Quận 3,"1071: Sản xuất các loại bánh từ bột-;1073: Sản xuất ca cao, sôcôla và mứt kẹo-;1074: Sản xuất mì ống, mỳ sợi và sản phẩm tương tự-;1075: Sản xuất món ăn, thức ăn chế biến sẵn-;1079: Sản xuất thực phẩm",internet
314397010,CÔNG TY CỔ PHẦN NÔNG SẢN SẠCH VIỆT NAM,CÔNG TY CỔ PHẦN NÔNG SẢN SẠCH ,Công ty cổ phần,"320 Cách Mạng Tháng 8, Phường 10, Quận 3, Thành phố Hồ Chí Minh, Việt Nam",Quận 3,"0111: Trồng lúa-;0112: Trồng ngô và cây lương thực có hạt khác-;0114: Trồng cây mía-;0115: Trồng cây thuốc lá, thuốc lào-;0116: Trồng cây lấy sợi-;0117: Trồng cây có hạt chứa dầu-;0118: Trồng rau, đậu",internet
313617721,CÔNG TY TNHH JALY,CÔNG TY TNHH JALY,Công ty trách nhiệm hữu hạn một thành viên,"Số 107C, Đường Trương Định, Phường 06, Quận 3, Thành phố Hồ Chí Minh, Việt Nam",Quận 3,"4633: Bán buôn đồ uống-;4662: Bán buôn kim loại và quặng kim loại-Chi tiết: Bán buôn kim loại khác; Mua, bán vàng trang sức, mỹ nghệ, bạc và kim loại quý khác; Bán buôn kim loại và quặng kim loại (trư",internet
313617714,CÔNG TY TNHH VỊ TRÍ NHÀ ĐẤT VIỆT NAM,CÔNG TY TNHH VỊ TRÍ NHÀ ĐẤT VI,Công ty trách nhiệm hữu hạn một thành viên,"Tầng 2, Tòa nhà Ngọc Đông Dương, 76 Cách Mạng Tháng Tám, Phường 06, Quận 3, Thành phố Hồ Chí Minh, Việt Nam",Quận 3,"4741: Bán lẻ máy vi tính, thiết bị ngoại vi, phần mềm và thiết bị viễn thông trong các cửa hàng chuyên doanh-Chi tiết: Bán lẻ máy vi tính, thiết bị ngoại vi, phần mềm;5911: Hoạt động sản xuất phim điệ",internet
313625592,CÔNG TY CỔ PHẦN TRUYỀN THÔNG & TIN HỌC DIGITAG,CÔNG TY CỔ PHẦN TRUYỀN THÔNG  ,Công ty cổ phần,"19 Bà Huyện Thanh Quan, Phường 06, Quận 3, Thành phố Hồ Chí Minh, Việt Nam",Quận 3,"4741: Bán lẻ máy vi tính, thiết bị ngoại vi, phần mềm và thiết bị viễn thông trong các cửa hàng chuyên doanh-;4742: Bán lẻ thiết bị nghe nhìn trong các cửa hàng chuyên doanh-;5820: Xuất bản phần mềm-C",internet
313631719,CÔNG TY TNHH WACOM VIỆT NAM,CÔNG TY TNHH WACOM VIỆT NAM,Công ty trách nhiệm hữu hạn một thành viên,"Căn Hộ D7, Chung cư 59-59 Phạm Ngọc Thạch, Phường 06, Quận 3, Thành phố Hồ Chí Minh, Việt Nam",Quận 3,"2620: Sản xuất máy vi tính và thiết bị ngoại vi của máy vi tính-(không hoạt động tại trụ sở);4741: Bán lẻ máy vi tính, thiết bị ngoại vi, phần mềm và thiết bị viễn thông trong các cửa hàng chuyên doan",internet
314643795,CÔNG TY TNHH DUY VIỆT TÂN,CÔNG TY TNHH DUY VIỆT TÂN,Công ty trách nhiệm hữu hạn một thành viên,"Tầng 14, Tòa nhà HM Town, 412 Nguyễn Thị Minh Khai, Phường 05, Quận 3, Thành phố Hồ Chí Minh, Việt Nam",Quận 3,"4513: Đại lý ô tô và xe có động cơ khác-;4543: Bán phụ tùng và các bộ phận phụ trợ của mô tô, xe máy-;9529: Sửa chữa xe đạp, đồng hồ, đồ dùng cá nhân và gia đình khác chưa được phân vào đâu-Chi tiết: ",internet
313639852,CÔNG TY TNHH QUÀ TẶNG HỒNG NGỌC,CÔNG TY TNHH QUÀ TẶNG HỒNG NGỌ,Công ty trách nhiệm hữu hạn một thành viên,"38E Trần Cao Vân, Phường Võ Thị Sáu, Quận 3, Thành phố Hồ Chí Minh, Việt Nam",Quận 3,"4649: Bán buôn đồ dùng khác cho gia đình-(trừ dược phẩm).;4669: Bán buôn chuyên doanh khác chưa được phân vào đâu-- Chi tiết: Bán buôn phân bón, thuốc trừ sâu và hóa chất khác sử dụng trong nông nghiệ",internet
315059688,CÔNG TY TNHH TƯ VẤN GIÁO DỤC T&T,CÔNG TY TNHH TƯ VẤN GIÁO DỤC T,Công ty trách nhiệm hữu hạn hai thành viên trở lên,"31 Võ Văn Tần, Phường 06, Quận 3, Thành phố Hồ Chí Minh, Việt Nam",Quận 3,6312: Cổng thông tin-Chi tiết: Thiết lập trang thông tin điện tử tổng hợp.;6329: Dịch vụ thông tin khác chưa được phân vào đâu-Chi tiết: Dịch vụ cung cấp thông tin trên mạng (không kinh doanh đại lý c,internet
313651962,CÔNG TY TNHH GIẢI PHÁP RỒNG XANH,CÔNG TY TNHH GIẢI PHÁP RỒNG XA,Công ty trách nhiệm hữu hạn một thành viên,"Tầng 3, Tòa nhà An Phú Plaza, 117-119 Lý Chính Thắng, Phường Võ Thị Sáu, Quận 3, Thành phố Hồ Chí Minh, Việt Nam",Quận 3,"8230: Tổ chức giới thiệu và xúc tiến thương mại-Chi tiết: Tổ chức hội nghị, hội thảo, hội chợ triển lãm (không thực hiện các hiệu ứng cháy, nổ; không sử dụng chất nổ, chất cháy, hóa chất làm đạo cụ, d",internet
316630752,CÔNG TY TNHH KỸ THUẬT ANH ĐẠT,CÔNG TY TNHH KỸ THUẬT ANH ĐẠT,Công ty trách nhiệm hữu hạn một thành viên,"Tầng 14, Tòa nhà HM Town, 412 Nguyễn Thị Minh Khai, Phường 05, Quận 3, Thành phố Hồ Chí Minh, Việt Nam",Quận 3,4101: Xây dựng nhà để ở-;4102: Xây dựng nhà không để ở-;4211: Xây dựng công trình đường sắt-;4212: Xây dựng công trình đường bộ-;4299: Xây dựng công trình kỹ thuật dân dụng khác-Chi tiết: Xây dựng côn,internet
316751563,CÔNG TY TNHH ĐẦU TƯ VÀ DỊCH VỤ QPRO,CÔNG TY TNHH ĐẦU TƯ VÀ DỊCH VỤ,Công ty trách nhiệm hữu hạn một thành viên,"Tầng 3, Toà nhà An Phú Plaza, 117-119 Lý Chính Thắng, Phường Võ Thị Sáu, Quận 3, Thành phố Hồ Chí Minh, Việt Nam",Quận 3,"4752: Bán lẻ đồ ngũ kim, sơn, kính và thiết bị lắp đặt khác trong xây dựng trong các cửa hàng chuyên doanh-(không hoạt động tại trụ sở);4759: Bán lẻ đồ điện gia dụng, giường, tủ, bàn, ghế và đồ nội th",internet
313647148,CÔNG TY TNHH PHẠM GIA LÂM,CÔNG TY TNHH PHẠM GIA LÂM,Công ty trách nhiệm hữu hạn một thành viên,"476/19 Lê Văn Sỹ, Phường 14, Quận 3, Thành phố Hồ Chí Minh, Việt Nam",Quận 3,"2023: Sản xuất mỹ phẩm, xà phòng, chất tẩy rửa, làm bóng và chế phẩm vệ sinh-(Không hoạt động tại trụ sở).;1079: Sản xuất thực phẩm khác chưa được phân vào đâu-(Không hoạt động tại trụ sở).;4669: Bán ",internet
313661569,CÔNG TY TNHH THƯƠNG MẠI DỊCH VỤ TMS,CÔNG TY TNHH THƯƠNG MẠI DỊCH V,Công ty trách nhiệm hữu hạn hai thành viên trở lên,"Tầng 5 Toà Nhà Songdo, 62A Phạm Ngọc Thạch, Phường Võ Thị Sáu, Quận 3, Thành phố Hồ Chí Minh, Việt Nam",Quận 3,6190: Hoạt động viễn thông khác-Chi tiết: Cung cấp dịch vụ ứng dụng internet (OSP);6201: Lập trình máy vi tính-;6202: Tư vấn máy vi tính và quản trị hệ thống máy vi tính-;6209: Hoạt động dịch vụ công ,internet
316325759,CÔNG TY CỔ PHẦN ACL VIỆT-ÚC,CÔNG TY CỔ PHẦN ACL VIỆTÚC,Công ty cổ phần,"543/27 Nguyễn Đình Chiểu , Phường 02, Quận 3, Thành phố Hồ Chí Minh, Việt Nam",Quận 3,"4719: Bán lẻ khác trong các cửa hàng kinh doanh tổng hợp-(trừ bán lẻ hóa chất, khí dầu mỏ hóa lỏng LPG, dầu nhớt cặn, vàng miếng, súng, đạn loại dùng đi săn hoặc thể thao và tiền kim khí; Thực hiện th",internet
313662629,CÔNG TY TNHH VIỆC ƠI,CÔNG TY TNHH VIỆC ƠI,Công ty trách nhiệm hữu hạn hai thành viên trở lên,"155A Nam Kỳ Khởi Nghĩa, Phường Võ Thị Sáu, Quận 3, Thành phố Hồ Chí Minh, Việt Nam",Quận 3,6329: Dịch vụ thông tin khác chưa được phân vào đâu-Chi tiết: Dịch vụ cung cấp thông tin trên mạng (không kinh doanh đại lý cung cấp dịch vụ truy cập internet tại trụ sở );7810: Hoạt động của các trun,internet
316540932,CÔNG TY TNHH DTS TELECOM,CÔNG TY TNHH DTS TELECOM,Công ty trách nhiệm hữu hạn một thành viên,"287B Điện Biên Phủ, Phường Võ Thị Sáu, Quận 3, Thành phố Hồ Chí Minh, Việt Nam",Quận 3,"7730: Cho thuê máy móc, thiết bị và đồ dùng hữu hình khác không kèm người điều khiển-;8230: Tổ chức giới thiệu và xúc tiến thương mại-(không thực hiện các hiệu ứng cháy, nổ; không sử dụng chất nổ, chấ",internet
316604294,CÔNG TY CỔ PHẦN TẬP ĐOÀN HƯNG VIỆT,CÔNG TY CỔ PHẦN TẬP ĐOÀN HƯNG ,Công ty cổ phần,"80/4A Bà Huyện Thanh Quan, Phường 09, Quận 3, Thành phố Hồ Chí Minh, Việt Nam",Quận 3,"4221: Xây dựng công trình điện-(doanh nghiệp không cung cấp hàng hóa, dịch vụ thuộc độc quyền nhà nước trong hoạt động thương mại theo Nghị định 94/2017/NĐ-CP về hàng hóa, dịch vụ độc quyền Nhà nước);",internet
313666510,CÔNG TY TNHH THƯƠNG MẠI BÁCH AN VẠN PHƯỚC,CÔNG TY TNHH THƯƠNG MẠI BÁCH A,Công ty trách nhiệm hữu hạn một thành viên,"540/2 Cách Mạng Tháng Tám, Phường 11, Quận 3, Thành phố Hồ Chí Minh, Việt Nam",Quận 3,5224: Bốc xếp hàng hóa-(trừ bốc xếp hàng hóa cảng hàng không).;5229: Hoạt động dịch vụ hỗ trợ khác liên quan đến vận tải-(trừ hóa lỏng khí để vận chuyển và hoạt động liên quan đến vận tải đường hàng k,internet
313669744,CÔNG TY TNHH QUẢNG CÁO AN VIÊN MEDIA,CÔNG TY TNHH QUẢNG CÁO AN VIÊN,Công ty trách nhiệm hữu hạn một thành viên,"359/21/9 Trường Sa, Phường 13, Quận 3, Thành phố Hồ Chí Minh, Việt Nam",Quận 3,5229: Hoạt động dịch vụ hỗ trợ khác liên quan đến vận tải-(trừ kinh doanh hoạt động liên quan đến vận tải đường hàng không và hóa lỏng khí để vận chuyển; trừ sắp xếp hoặc tổ chức các hoạt động vận tải,internet
316763583,CÔNG TY CỔ PHẦN GIGAGOODS,CÔNG TY CỔ PHẦN GIGAGOODS,Công ty cổ phần,"191 Nam Kỳ Khởi Nghĩa, Phường Võ Thị Sáu, Quận 3, Thành phố Hồ Chí Minh, Việt Nam",Quận 3,"2610: Sản xuất linh kiện điện tử-(không hoạt động tại trụ sở);3312: Sửa chữa máy móc, thiết bị-;3314: Sửa chữa thiết bị điện-;3320: Lắp đặt máy móc và thiết bị công nghiệp-;4101: Xây dựng nhà để ở-;42",internet
313679929,CÔNG TY CỔ PHẦN CÔNG NGHỆ GREEN TECH,CÔNG TY CỔ PHẦN CÔNG NGHỆ GREE,Công ty cổ phần,"159 Ter Nam Kỳ Khởi Nghĩa, Phường 07, Quận 3, Thành phố Hồ Chí Minh, Việt Nam",Quận 3,2610: Sản xuất linh kiện điện tử-(không hoạt động tại trụ sở);2620: Sản xuất máy vi tính và thiết bị ngoại vi của máy vi tính-(không hoạt động tại trụ sở);2640: Sản xuất sản phẩm điện tử dân dụng-(khô,internet
316981239,CÔNG TY TNHH THỂ THAO KOI,CÔNG TY TNHH THỂ THAO KOI,Công ty trách nhiệm hữu hạn một thành viên,"116 Nguyễn Phúc Nguyên, Phường 09, Quận 3, Thành phố Hồ Chí Minh, Việt Nam",Quận 3,4774: Bán lẻ hàng hóa đã qua sử dụng trong các cửa hàng chuyên doanh-Chi tiết: Bán lẻ hàng may mặc đã qua sử dụng trong các cửa hàng chuyên doanh; Bán lẻ hàng hóa khác đã qua sử dụng trong các cửa hàn,internet
316982514,CÔNG TY CỔ PHẦN PHÁT TRIỂN OMNI LMD,CÔNG TY CỔ PHẦN PHÁT TRIỂN OMN,Công ty cổ phần,"Tầng 14, Tòa nhà HM Town, 412 Nguyễn Thị Minh Khai, Phường 05, Quận 3, Thành phố Hồ Chí Minh, Việt Nam",Quận 3,"4659: Bán buôn máy móc, thiết bị và phụ tùng máy khác-;4911: Vận tải hành khách đường sắt-;4912: Vận tải hàng hóa đường sắt-;4921: Vận tải hành khách bằng xe buýt trong nội thành-;4922: Vận tải hành k",internet
313688874,CÔNG TY CỔ PHẦN VGAMES,CÔNG TY CỔ PHẦN VGAMES,Công ty cổ phần,"88/97 Bà Huyện Thanh Quan, Phường 09, Quận 3, Thành phố Hồ Chí Minh, Việt Nam",Quận 3,"4764: Bán lẻ trò chơi, đồ chơi trong các cửa hàng chuyên doanh-Chi tiết: Bán lẻ trò chơi, đồ chơi trong các cửa hàng chuyên doanh (không kinh doanh trò chơi có hại cho giáo dục nhân cách, sức khỏe trẻ",internet
313690898,CÔNG TY TNHH DỊCH VỤ VÀ SẢN XUẤT TT,CÔNG TY TNHH DỊCH VỤ VÀ SẢN XU,Công ty trách nhiệm hữu hạn hai thành viên trở lên,"96/20 Nguyễn Thông, Phường 09, Quận 3, Thành phố Hồ Chí Minh, Việt Nam",Quận 3,"0128: Trồng cây gia vị, cây dược liệu-;1071: Sản xuất các loại bánh từ bột-;4791: Bán lẻ theo yêu cầu đặt hàng qua bưu điện hoặc internet-(trừ gas, khí dầu mỏ hóa lỏng LPG, dược phẩm, vàng miếng, súng",internet
313698167,CÔNG TY TNHH DỊCH VỤ TRỰC TUYẾN HOÀNG LINH,CÔNG TY TNHH DỊCH VỤ TRỰC TUYẾ,Công ty trách nhiệm hữu hạn một thành viên,"19 Cao Thắng , Phường 02, Quận 3, Thành phố Hồ Chí Minh, Việt Nam",Quận 3,"3240: Sản xuất đồ chơi, trò chơi-(không hoạt động tại trụ sở);4649: Bán buôn đồ dùng khác cho gia đình-(trừ kinh doanh dược phẩm);4651: Bán buôn máy vi tính, thiết bị ngoại vi và phần mềm-;4652: Bán b",internet
313674656,CÔNG TY TNHH GIẢI PHÁP TRỰC TUYẾN AN NHIÊN,CÔNG TY TNHH GIẢI PHÁP TRỰC TU,Công ty trách nhiệm hữu hạn hai thành viên trở lên,"Số 159/46/14 Trần Văn Đang, Phường 11, Quận 3, Thành phố Hồ Chí Minh, Việt Nam",Quận 3,"4649: Bán buôn đồ dùng khác cho gia đình-Chi tiết: Bán buôn hàng trang trí nội thất;4771: Bán lẻ hàng may mặc, giày dép, hàng da và giả da trong các cửa hàng chuyên doanh-;4791: Bán lẻ theo yêu cầu đặ",internet
313720831,CÔNG TY CỔ PHẦN NOVATUS GLOBAL,CÔNG TY CỔ PHẦN NOVATUS GLOBAL,Công ty cổ phần,"Tầng 3, Tòa Nhà An Phú Plaza, 117-119 Lý Chính Thắng, Phường Võ Thị Sáu, Quận 3, Thành phố Hồ Chí Minh, Việt Nam",Quận 3,2610: Sản xuất linh kiện điện tử-(không hoạt động tại trụ sở).;2620: Sản xuất máy vi tính và thiết bị ngoại vi của máy vi tính-;2630: Sản xuất thiết bị truyền thông-(không hoạt động tại trụ sở).;2640:,internet
313677706,CÔNG TY TNHH HN ADVISORY,CÔNG TY TNHH HN ADVISORY,Công ty trách nhiệm hữu hạn hai thành viên trở lên,"Tầng Lửng, Tòa Nhà An Phú, 117-119 Lý Chính Thắng, Phường 07, Quận 3, Thành phố Hồ Chí Minh, Việt Nam",Quận 3,6202: Tư vấn máy vi tính và quản trị hệ thống máy vi tính-;6209: Hoạt động dịch vụ công nghệ thông tin và dịch vụ khác liên quan đến máy vi tính-(trừ kinh doanh dịch vụ truy cập internet);6311: Xử lý ,internet
313720711,CÔNG TY CỔ PHẦN CÔNG NGHỆ SMAC VIỆT NAM,CÔNG TY CỔ PHẦN CÔNG NGHỆ SMAC,Công ty cổ phần,"lầu 6, 454 Nguyễn Thị Minh Khai, Phường 05, Quận 3, Thành phố Hồ Chí Minh, Việt Nam",Quận 3,5820: Xuất bản phần mềm-chi tiết: Sản xuất phần mềm.;6110: Hoạt động viễn thông có dây-;6120: Hoạt động viễn thông không dây-;6190: Hoạt động viễn thông khác-Chi tiết: Dịch vụ giá trị gia tăng trên mạ,internet
313721024,CÔNG TY TNHH GIẢI PHÁP CÔNG NGHỆ KHANG AN,CÔNG TY TNHH GIẢI PHÁP CÔNG NG,Công ty trách nhiệm hữu hạn một thành viên,"49/10 Võ Văn Tần, Phường 06, Quận 3, Thành phố Hồ Chí Minh, Việt Nam",Quận 3,"4632: Bán buôn thực phẩm-Chi tiết: Bán buôn thịt và các sản phẩm từ thịt; bán buôn thủy sản; bán buôn rau, quả; bán buôn cà phê; bán buôn chè; bán buôn nấm linh chi, yến sào, hải sâm; bán buôn đường, ",internet
313732227,CÔNG TY TNHH TIẾP VẬN VIVAA,CÔNG TY TNHH TIẾP VẬN VIVAA,Công ty trách nhiệm hữu hạn hai thành viên trở lên,"123 Nguyễn Đình Chiểu, Phường 06, Quận 3, Thành phố Hồ Chí Minh, Việt Nam",Quận 3,5012: Vận tải hàng hóa ven biển và viễn dương-;5021: Vận tải hành khách đường thuỷ nội địa-;5022: Vận tải hàng hóa đường thuỷ nội địa-;5221: Hoạt động dịch vụ hỗ trợ trực tiếp cho vận tải đường sắt và,internet
313736292,CÔNG TY TNHH NEW CREATION,CÔNG TY TNHH NEW CREATION,Công ty trách nhiệm hữu hạn một thành viên,"Tầng 14, Tòa Nhà HM Town, 412 Nguyễn Thị Minh Khai, Phường 05, Quận 3, Thành phố Hồ Chí Minh, Việt Nam",Quận 3,"1410: May trang phục (trừ trang phục từ da lông thú)-;3100: Sản xuất giường, tủ, bàn, ghế-Chi tiết: Sản xuất giường nôi em bé. Sản xuất giường, tủ, bàn, ghế (không hoạt động tại trụ sở);5510: Dịch vụ ",internet
313763264,CÔNG TY TNHH EMEDLOG,CÔNG TY TNHH EMEDLOG,Công ty trách nhiệm hữu hạn một thành viên,"Tầng 02, Tòa nhà Ngọc Đông Dương, Số 76 Cách Mạng Tháng 8, Phường 06, Quận 3, Thành phố Hồ Chí Minh, Việt Nam",Quận 3,4722: Bán lẻ thực phẩm trong các cửa hàng chuyên doanh-Chi tiết: Bán lẻ thực phẩm chức năng;5820: Xuất bản phần mềm-Chi tiết: Sản xuất phần mềm;6202: Tư vấn máy vi tính và quản trị hệ thống máy vi tín,internet
313778461,CÔNG TY TNHH ALVIN'S VIETNAM,CÔNG TY TNHH ALVINS VIETNAM,Công ty trách nhiệm hữu hạn một thành viên,"Tầng lửng, Tòa nhà An Phú Plaza 117-119 Lý Chính Thắng, Phường 07, Quận 3, Thành phố Hồ Chí Minh, Việt Nam",Quận 3,"0149: Chăn nuôi khác-chi tiết: Chăn nuôi ong;1079: Sản xuất thực phẩm khác chưa được phân vào đâu-chi tiết: Sản xuất mật ong (không hoạt động tại trụ sở);4661: Bán buôn nhiên liệu rắn, lỏng, khí và cá",internet
313742779,CÔNG TY CỔ PHẦN CÔNG NGHỆ OLLI,CÔNG TY CỔ PHẦN CÔNG NGHỆ OLLI,Công ty cổ phần,"96 Nguyễn Thị Minh Khai, Phường Võ Thị Sáu, Quận 3, Thành phố Hồ Chí Minh, Việt Nam",Quận 3,"4742: Bán lẻ thiết bị nghe nhìn trong các cửa hàng chuyên doanh-; 4791: Bán lẻ theo yêu cầu đặt hàng qua bưu điện hoặc internet-(trừ bán lẻ bình gas, khí dầu mỏ hóa lỏng LPG, dầu nhớt cặn, vàng miếng,",internet
313768551,CÔNG TY TNHH MỘT THÀNH VIÊN ARISTO SÀI GÒN HOTEL,CÔNG TY TNHH MỘT THÀNH VIÊN AR,Công ty trách nhiệm hữu hạn một thành viên,"3A Võ Văn Tần, Phường 06, Quận 3, Thành phố Hồ Chí Minh, Việt Nam",Quận 3,5022: Vận tải hàng hóa đường thuỷ nội địa-;5229: Hoạt động dịch vụ hỗ trợ khác liên quan đến vận tải-Chi tiết: Đại lý bán vé máy bay;5510: Dịch vụ lưu trú ngắn ngày-Chi tiết: Khách sạn (đạt tiêu chuẩn,internet
313771699,CÔNG TY TNHH ĐIỆN TỰ ĐỘNG HÓA CVC,CÔNG TY TNHH ĐIỆN TỰ ĐỘNG HÓA ,Công ty trách nhiệm hữu hạn hai thành viên trở lên,"220/71 Lê Văn Sỹ, Phường 14, Quận 3, Thành phố Hồ Chí Minh, Việt Nam",Quận 3,"4663: Bán buôn vật liệu, thiết bị lắp đặt khác trong xây dựng-(không hoạt động tại trụ sở);4669: Bán buôn chuyên doanh khác chưa được phân vào đâu-chi tiết: bán buôn hóa chất trong lĩnh vực công nghiệ",internet
313754654,CÔNG TY TNHH GO SMART ONE,CÔNG TY TNHH GO SMART ONE,Công ty trách nhiệm hữu hạn hai thành viên trở lên,"35 Nguyễn Thông, Phường 07, Quận 3, Thành phố Hồ Chí Minh, Việt Nam",Quận 3,5820: Xuất bản phần mềm-Chi tiết: Sản xuất phần mềm;6201: Lập trình máy vi tính-;6202: Tư vấn máy vi tính và quản trị hệ thống máy vi tính-;6209: Hoạt động dịch vụ công nghệ thông tin và dịch vụ khác ,internet
313778905,CÔNG TY CỔ PHẦN TƯ VẤN VÀ ĐÀO TẠO GIẢI PHÁP CÔNG NGHỆ WAYTECH,CÔNG TY CỔ PHẦN TƯ VẤN VÀ ĐÀO ,Công ty cổ phần,"Tầng Lửng, Tòa nhà An Phú, 117-119 Lý Chính Thắng, Phường 07, Quận 3, Thành phố Hồ Chí Minh, Việt Nam",Quận 3,5820: Xuất bản phần mềm-chi tiết: Sản xuất phần mềm;6201: Lập trình máy vi tính-;6209: Hoạt động dịch vụ công nghệ thông tin và dịch vụ khác liên quan đến máy vi tính-(trừ kinh doanh dịch vụ truy cập ,internet
313768336,CÔNG TY TNHH GIẢI PHÁP LINK,CÔNG TY TNHH GIẢI PHÁP LINK,Công ty trách nhiệm hữu hạn một thành viên,"Tầng 3, Tòa nhà An Phú Plaza, 117-119 Lý Chính Thắng, Phường Võ Thị Sáu, Quận 3, Thành phố Hồ Chí Minh, Việt Nam",Quận 3,"4651: Bán buôn máy vi tính, thiết bị ngoại vi và phần mềm-;4652: Bán buôn thiết bị và linh kiện điện tử, viễn thông-;6201: Lập trình máy vi tính-;6209: Hoạt động dịch vụ công nghệ thông tin và dịch vụ",internet
313774611,CÔNG TY TNHH DỊCH VỤ XUẤT NHẬP KHẨU VĨ LINH,CÔNG TY TNHH DỊCH VỤ XUẤT NHẬP,Công ty trách nhiệm hữu hạn một thành viên,"196/4 Trần Văn Đang, Phường 11, Quận 3, Thành phố Hồ Chí Minh, Việt Nam",Quận 3,"4741: Bán lẻ máy vi tính, thiết bị ngoại vi, phần mềm và thiết bị viễn thông trong các cửa hàng chuyên doanh-;5820: Xuất bản phần mềm-Chi tiết: sản xuất phần mềm;6110: Hoạt động viễn thông có dây-;612",internet
313780157,CÔNG TY TRÁCH NHIỆM HỮU HẠN TƯ VẤN QUẢN LÝ SMA,CÔNG TY TRÁCH NHIỆM HỮU HẠN TƯ,Công ty trách nhiệm hữu hạn một thành viên,"704/76 Nguyễn Đình Chiểu, Phường 01, Quận 3, Thành phố Hồ Chí Minh, Việt Nam",Quận 3,"8560: Dịch vụ hỗ trợ giáo dục-chi tiết: Tư vấn giáo dục;8559: Giáo dục khác chưa được phân vào đâu-chi tiết: Đào tạo tin học, kế toán; Đào tạo kỹ năng mềm ( Chì hoạt động khi được cơ quan Nhà nước có ",internet
313804256,CÔNG TY TNHH THƯƠNG MẠI DỊCH VỤ K.O.I,CÔNG TY TNHH THƯƠNG MẠI DỊCH V,Công ty trách nhiệm hữu hạn một thành viên,"174/36 Nguyễn Thiện Thuật, Phường 03, Quận 3, Thành phố Hồ Chí Minh, Việt Nam",Quận 3,2640: Sản xuất sản phẩm điện tử dân dụng-;5310: Bưu chính-Chi tiết: Đại lý bưu chính viễn thông;4721: Bán lẻ lương thực trong các cửa hàng chuyên doanh-(thực hiện theo Quyết định 64/2009/QĐ-UBND ngày ,internet
313828779,CÔNG TY TNHH FULL UNION TECHNOLOGY VIỆT NAM,CÔNG TY TNHH FULL UNION TECHNO,Công ty trách nhiệm hữu hạn một thành viên,"Tầng 5 tòa nhà Robot, số 308-308C đường Điện Biên Phủ, Phường 04, Quận 3, Thành phố Hồ Chí Minh, Việt Nam",Quận 3,"4690: Bán buôn tổng hợp-Chi tiết: Thực hiện quyền nhập khẩu, quyền xuất khẩu, quyền phân phối bán buôn (không thành lập cơ sở bán buôn) các hàng hóa có mã 3212, 3902.90.10, 3208, 3209, 3210, 2705.00.0",technology
313819421,CÔNG TY TNHH SẢN XUẤT THƯƠNG MẠI KỲ AN,CÔNG TY TNHH SẢN XUẤT THƯƠNG M,Công ty trách nhiệm hữu hạn một thành viên,"Tầng 3 Tòa nhà An Phú Plaza 117-119 Lý Chính Thắng, Phường Võ Thị Sáu, Quận 3, Thành phố Hồ Chí Minh, Việt Nam",Quận 3,"4633: Bán buôn đồ uống-Chi tiết: Bán buôn đồ uống có cồn, bán buôn đồ uống không có cồn;4723: Bán lẻ đồ uống trong các cửa hàng chuyên doanh-Chi tiết: Bán lẻ đồ uống có cồn, đồ uống không có cồn;4649:",internet
313809695,CÔNG TY TNHH ĐẦU TƯ VÀ PHÁT TRIỂN DUY LONG,CÔNG TY TNHH ĐẦU TƯ VÀ PHÁT TR,Công ty trách nhiệm hữu hạn một thành viên,"104B Trần Quốc Toản, Phường Võ Thị Sáu, Quận 3, Thành phố Hồ Chí Minh, Việt Nam",Quận 3,"1392: Sản xuất hàng dệt sẵn (trừ trang phục)-Chi tiết: sản xuất và gia công khẩu trang y tế, khẩu trang vải, đồ bảo hộ bằng vải, tất tay, tất chân...;1399: Sản xuất các loại hàng dệt khác chưa được ph",internet
313696628,CÔNG TY TNHH THƯƠNG MẠI DỊCH VỤ THY LAM,CÔNG TY TNHH THƯƠNG MẠI DỊCH V,Công ty trách nhiệm hữu hạn hai thành viên trở lên,"453/182 Lê Văn Sỹ, Phường 12, Quận 3, Thành phố Hồ Chí Minh, Việt Nam",Quận 3,"1410: May trang phục (trừ trang phục từ da lông thú)-trừ gia công cơ khí, tái chế phế thải, xi mạ điện tại trụ sở;1811: In ấn-trừ in tráng bao bì kim loại, in trên sản phẩm vải, sợi, dệt, may đan tại ",internet
313838819,CÔNG TY CỔ PHẦN ĐẦU TƯ VÀ CÔNG NGHỆ VĨNH LỘC,CÔNG TY CỔ PHẦN ĐẦU TƯ VÀ CÔNG,Công ty cổ phần,"Tầng 3, Tòa nhà An Phú Plaza, 117-119 Lý Chính Thắng, Phường 07, Quận 3, Thành phố Hồ Chí Minh, Việt Nam",Quận 3,"3319: Sửa chữa thiết bị khác-(không gia công cơ khí, tái chế phế thải, xi mạ điện tại trụ sở);3320: Lắp đặt máy móc và thiết bị công nghiệp-(trừ gia công cơ khí, tái chế phế thải, xi mạ điện tại trụ s",internet
313822907,CÔNG TY CỔ PHẦN TRUYỀN THÔNG NEW STYLE,CÔNG TY CỔ PHẦN TRUYỀN THÔNG N,Công ty cổ phần,"Lầu 12C, Số 58 Võ Văn Tần, Phường Võ Thị Sáu, Quận 3, Thành phố Hồ Chí Minh, Việt Nam",Quận 3,4721: Bán lẻ lương thực trong các cửa hàng chuyên doanh-(Thực hiện theo Quyết định số 64/2009/QĐ-UBND ngày 31/7/2009 và Quyết định số 79/2009/QĐ-UBND ngày 17/10/2009 của UBND TP. HCM về phê duyệt quy ,internet
313851640,CÔNG TY CỔ PHẦN PSC,CÔNG TY CỔ PHẦN PSC,Công ty cổ phần,"Tầng 5, Tòa nhà Songdo, 62A Phạm Ngọc Thạch, Phường Võ Thị Sáu, Quận 3, Thành phố Hồ Chí Minh, Việt Nam",Quận 3,5820: Xuất bản phần mềm-chi tiết: Sản xuất phần mềm;6312: Cổng thông tin-chi tiết: Thiết lập trang thông tin điện tử tổng hợp.;6619: Hoạt động hỗ trợ dịch vụ tài chính chưa được phân vào đâu-chi tiết:,internet
313865611,CÔNG TY TNHH SẢN XUẤT THƯƠNG MẠI DỊCH VỤ KIM DUNG DUNG,CÔNG TY TNHH SẢN XUẤT THƯƠNG M,Công ty trách nhiệm hữu hạn một thành viên,"209 Nguyễn Thiện Thuật, Phường 01, Quận 3, Thành phố Hồ Chí Minh, Việt Nam",Quận 3,"1079: Sản xuất thực phẩm khác chưa được phân vào đâu-chi tiết: rang và lọc cà phê. sản xuất các sản phẩm cà phê như: cà phê hòa tan, cà phê lọc, chiết xuất cà phê cô đặc. sản xuất chiết xuất và chế ph",internet
313857787,CÔNG TY TNHH THƯƠNG MẠI DỊCH VỤ KỸ THUẬT CHÍ QUỐC,CÔNG TY TNHH THƯƠNG MẠI DỊCH V,Công ty trách nhiệm hữu hạn hai thành viên trở lên,"Tầng 3, Tòa nhà ACM, 96 Cao Thắng, Phường 04, Quận 3, Thành phố Hồ Chí Minh, Việt Nam",Quận 3,"4299: Xây dựng công trình kỹ thuật dân dụng khác-Chi tiết: Xây dựng công trình kỹ thuật dân dụng, công nghiệp, công trình điện, nước;4661: Bán buôn nhiên liệu rắn, lỏng, khí và các sản phẩm liên quan-",internet
313882832,CÔNG TY TNHH XÂY DỰNG VẬN TẢI NTV,CÔNG TY TNHH XÂY DỰNG VẬN TẢI ,Công ty trách nhiệm hữu hạn một thành viên,"Tầng 3, Số 382/17-19 Nguyễn Thị Minh Khai, Phường 05, Quận 3, Thành phố Hồ Chí Minh, Việt Nam",Quận 3,4933: Vận tải hàng hóa bằng đường bộ-(trừ hóa lỏng khí để vận chuyển);7410: Hoạt động thiết kế chuyên dụng-;7110: Hoạt động kiến trúc và tư vấn kỹ thuật có liên quan-Chi tiết: Giám sát công tác xây dự,internet
313897758,CÔNG TY TNHH TƯ VẤN QUẢN LÝ VÀ SỞ HỮU TRÍ TUỆ LPLAWYER,CÔNG TY TNHH TƯ VẤN QUẢN LÝ VÀ,Công ty trách nhiệm hữu hạn một thành viên,"Tầng M Tòa nhà An Phú Plaza, số 117 - 119 đường Lý Chính Thắng, Phường 07, Quận 3, Thành phố Hồ Chí Minh, Việt Nam",Quận 3,"2310: Sản xuất thuỷ tinh và sản phẩm từ thuỷ tinh-Chi tiết: Sản xuất đồ trang trí từ thủy tinh (không hoạt động tại trụ sở);0810: Khai thác đá, cát, sỏi, đất sét-Chi tiết: Khai thác đá, cát, sỏi, đất ",internet
313885664,CÔNG TY CỔ PHẦN CÔNG NGHỆ NANOCHIP,CÔNG TY CỔ PHẦN CÔNG NGHỆ NANO,Công ty cổ phần,"Tầng 3, Tòa nhà An phú Plaza, 117 - 119 Lý Chính Thắng, Phường Võ Thị Sáu, Quận 3, Thành phố Hồ Chí Minh, Việt Nam",Quận 3,"5820: Xuất bản phần mềm-chi tiết: sản xuất phần mềm;4651: Bán buôn máy vi tính, thiết bị ngoại vi và phần mềm-;6311: Xử lý dữ liệu, cho thuê và các hoạt động liên quan-chi tiết: xử lý dữ liệu và cho t",internet
313895165,CÔNG TY CỔ PHẦN CÔNG NGHỆ THÔNG MINH TMT,CÔNG TY CỔ PHẦN CÔNG NGHỆ THÔN,Công ty cổ phần,"Tầng lửng, toà nhà An Phú Plaza, 117-119 Lý Chính Thắng, Phường 07, Quận 3, Thành phố Hồ Chí Minh, Việt Nam",Quận 3,"2599: Sản xuất sản phẩm khác bằng kim loại chưa được phân vào đâu-Chi tiết: sản xuất tủ bảng điện, máng cáp, thanh cáp (Không hoạt động tại trụ sở);2610: Sản xuất linh kiện điện tử-(Không hoạt động tạ",internet
313877864,CÔNG TY TNHH  DỊCH VỤ NỘI DUNG ÁNH SÁNG MỚI,CÔNG TY TNHH  DỊCH VỤ NỘI DUNG,Công ty trách nhiệm hữu hạn một thành viên,"Tầng M, 117 - 119 Lý Chính Thắng, Phường 07, Quận 3, Thành phố Hồ Chí Minh, Việt Nam",Quận 3,"0118: Trồng rau, đậu các loại và trồng hoa, cây cảnh-;0121: Trồng cây ăn quả-;0146: Chăn nuôi gia cầm-;0322: Nuôi trồng thuỷ sản nội địa-;1080: Sản xuất thức ăn gia súc, gia cầm và thuỷ sản-;1811: In ",internet
313911392,CÔNG TY CỔ PHẦN CÔNG NGHỆ TỰ ĐỘNG KOLORLIFE,CÔNG TY CỔ PHẦN CÔNG NGHỆ TỰ Đ,Công ty cổ phần,"258 Nam Kì Khởi Nghĩa  , Phường 08, Quận 3, Thành phố Hồ Chí Minh, Việt Nam",Quận 3,6201: Lập trình máy vi tính-;6202: Tư vấn máy vi tính và quản trị hệ thống máy vi tính-;6209: Hoạt động dịch vụ công nghệ thông tin và dịch vụ khác liên quan đến máy vi tính-chi tiết: khắc phục các sự,internet
313798940,CÔNG TY TNHH HAPPY FARM TECHNOLOGY,CÔNG TY TNHH HAPPY FARM TECHNO,Công ty trách nhiệm hữu hạn hai thành viên trở lên,"Số 330-332 Võ Văn Tần, Phường 05, Quận 3, Thành phố Hồ Chí Minh, Việt Nam",Quận 3,"4669: Bán buôn chuyên doanh khác chưa được phân vào đâu-Chi tiết: Bán buôn phân bón.;4620: Bán buôn nông, lâm sản nguyên liệu (trừ gỗ, tre, nứa) và động vật sống-Chi tiết: Bán buôn thức ăn cho gia súc",technology
313912903,CÔNG TY TNHH THƯƠNG MẠI DỊCH VỤ CP TÂN HOÀNG LONG,CÔNG TY TNHH THƯƠNG MẠI DỊCH V,Công ty trách nhiệm hữu hạn một thành viên,"Tầng 8,520 Cách Mạng Tháng Tám, Phường 11, Quận 3, Thành phố Hồ Chí Minh, Việt Nam",Quận 3,"1020: Chế biến, bảo quản thuỷ sản và các sản phẩm từ thuỷ sản-Chi tiết: Sản xuất giống thủy sản;4620: Bán buôn nông, lâm sản nguyên liệu (trừ gỗ, tre, nứa) và động vật sống-Chi tiết: Bán buôn giống th",internet
313937383,CÔNG TY TNHH TIN HỌC ANH DUY,CÔNG TY TNHH TIN HỌC ANH DUY,Công ty trách nhiệm hữu hạn một thành viên,"237/49 Trần Văn Đang, Phường 11, Quận 3, Thành phố Hồ Chí Minh, Việt Nam",Quận 3,"4651: Bán buôn máy vi tính, thiết bị ngoại vi và phần mềm-;4652: Bán buôn thiết bị và linh kiện điện tử, viễn thông-;4659: Bán buôn máy móc, thiết bị và phụ tùng máy khác-chi tiết: Bán buôn máy móc, t",internet
313940428,CÔNG TY CỔ PHẦN GRAPES,CÔNG TY CỔ PHẦN GRAPES,Công ty cổ phần,"Tầng Lửng, Tòa nhà An Phú Plaza, 117-119 Lý Chính Thắng, Phường 07, Quận 3, Thành phố Hồ Chí Minh, Việt Nam",Quận 3,2029: Sản xuất sản phẩm hoá chất khác chưa được phân vào đâu-(trừ loại Nhà nước cấm);2220: Sản xuất sản phẩm từ plastic-Chi tiết: Sản xuất bao bì từ plastic (trừ sản xuất xốp cách nhiệt sử dụng ga R14,internet
313929826,CÔNG TY TNHH PHÁT TRIỂN TIN HỌC SÁNG TẠO,CÔNG TY TNHH PHÁT TRIỂN TIN HỌ,Công ty trách nhiệm hữu hạn một thành viên,"168 Nguyễn Thiện Thuật, Phường 03, Quận 3, Thành phố Hồ Chí Minh, Việt Nam",Quận 3,"4669: Bán buôn chuyên doanh khác chưa được phân vào đâu-chi tiết: bán buôn camera quan sát; bán buôn ốp lưng điện thoại, ốp lưng laptop; bán buôn mực in;4741: Bán lẻ máy vi tính, thiết bị ngoại vi, ph",lap top
313949879,CÔNG TY TNHH INSPIRE VIỆT NAM,CÔNG TY TNHH INSPIRE VIỆT NAM,Công ty trách nhiệm hữu hạn một thành viên,"Tầng 3, Tòa nhà An Phú Plaza, 117-119 Lý Chính Thắng , Phường Võ Thị Sáu, Quận 3, Thành phố Hồ Chí Minh, Việt Nam",Quận 3,"4649: Bán buôn đồ dùng khác cho gia đình-chi tiết: Bán buôn đồ điện gia dụng, đèn và bộ đèn điện. Bán buôn giường, tủ, bàn, ghế và đồ dùng nội thất tương tự. Bán buôn dụng cụ thể dục, thể thao. Bán bu",internet
313950930,CÔNG TY TNHH MỘT THÀNH VIÊN KIẾN TRÚC XÂY DỰNG BETONE,CÔNG TY TNHH MỘT THÀNH VIÊN KI,Công ty trách nhiệm hữu hạn một thành viên,"478A Nguyễn Thị Minh Khai, Phường 02, Quận 3, Thành phố Hồ Chí Minh, Việt Nam",Quận 3,4311: Phá dỡ-Chi tiết : Phá huỷ hoặc đập các toà nhà và các công trình khác.;4312: Chuẩn bị mặt bằng-;4330: Hoàn thiện công trình xây dựng-;4390: Hoạt động xây dựng chuyên dụng khác-;7410: Hoạt động t,internet
313954501,CÔNG TY TNHH CÔNG NGHỆ THÔNG TIN SAIGONITSERVICES,CÔNG TY TNHH CÔNG NGHỆ THÔNG T,Công ty trách nhiệm hữu hạn một thành viên,"117-119 Lý Chính Thắng, Phường 07, Quận 3, Thành phố Hồ Chí Minh, Việt Nam",Quận 3,5820: Xuất bản phần mềm-chi tiết: Sản xuất phần mềm.;6201: Lập trình máy vi tính-;6202: Tư vấn máy vi tính và quản trị hệ thống máy vi tính-;6209: Hoạt động dịch vụ công nghệ thông tin và dịch vụ khác,it services
313959080,CÔNG TY TNHH KINH TẾ CHIA SẺ VIỆT NAM,CÔNG TY TNHH KINH TẾ CHIA SẺ V,Công ty trách nhiệm hữu hạn một thành viên,"Số 110 Đường Cao Thắng, Phường 04, Quận 3, Thành phố Hồ Chí Minh, Việt Nam",Quận 3,"4791: Bán lẻ theo yêu cầu đặt hàng qua bưu điện hoặc internet-(trừ bán lẻ bình gas, súng, đạn loại dùng đi săn hoặc thể thao và tiền kim khí và thực hiện theo Quyết định 64/2009/QĐ-UBND ngày 31/7/2009",internet
313983005,CÔNG TY TNHH THƯƠNG MẠI QUỐC KHẢI,CÔNG TY TNHH THƯƠNG MẠI QUỐC K,Công ty trách nhiệm hữu hạn một thành viên,"Tầng trệt, Số 214C Lý Chính Thắng, Phường 09, Quận 3, Thành phố Hồ Chí Minh, Việt Nam",Quận 3,"7410: Hoạt động thiết kế chuyên dụng-Chi tiết: Thiết kế thời trang.;1410: May trang phục (trừ trang phục từ da lông thú)-;4641: Bán buôn vải, hàng may sẵn, giày dép-;1322: Sản xuất hàng may sẵn (trừ t",internet
313981632,CÔNG TY TNHH MỘT THÀNH VIÊN DỊCH VỤ TRÒ CHƠI ĐIỆN TỬ 187,CÔNG TY TNHH MỘT THÀNH VIÊN DỊ,Công ty trách nhiệm hữu hạn một thành viên,"Số 187 Nguyễn Phúc Nguyên, Phường 10, Quận 3, Thành phố Hồ Chí Minh, Việt Nam",Quận 3,6190: Hoạt động viễn thông khác-Chi tiết: Hoạt động của các điểm truy cập internet.;9329: Hoạt động vui chơi giải trí khác chưa được phân vào đâu-Chi tiết: Kinh doanh trò chơi điện tử (trừ hoạt động k,internet
313959002,CÔNG TY TNHH PHÁT TRIỂN CÔNG NGHỆ LÊ HUY,CÔNG TY TNHH PHÁT TRIỂN CÔNG N,Công ty trách nhiệm hữu hạn một thành viên,"16/18/18 Nguyễn Thiện Thuật, Phường 02, Quận 3, Thành phố Hồ Chí Minh, Việt Nam",Quận 3,"4741: Bán lẻ máy vi tính, thiết bị ngoại vi, phần mềm và thiết bị viễn thông trong các cửa hàng chuyên doanh-chi tiết: bán lẻ máy vi tính, thiết bị ngoại vi, phần mềm và thiết bị viễn thông;4742: Bán ",lap top
313997939,CÔNG TY TRÁCH NHIỆM HỮU HẠN MỘT THÀNH VIÊN THƯƠNG MẠI DỊCH VỤ VÀ ĐẦU TƯ MI KINGDOM SPA,CÔNG TY TRÁCH NHIỆM HỮU HẠN MỘ,Công ty trách nhiệm hữu hạn một thành viên,"40 Nguyễn Phúc Nguyên, Phường 09, Quận 3, Thành phố Hồ Chí Minh, Việt Nam",Quận 3,5510: Dịch vụ lưu trú ngắn ngày-Chi tiết: Khách sạn (đạt tiêu chuẩn sao và không hoạt động tại trụ sở);4722: Bán lẻ thực phẩm trong các cửa hàng chuyên doanh-Chi tiết: Bán lẻ thực phẩm khác trong các ,internet
314000681,CÔNG TY TNHH FANCY,CÔNG TY TNHH FANCY,Công ty trách nhiệm hữu hạn hai thành viên trở lên,"Tầng 3, Tòa nhà An Phú Plaza 117-119 Lý Chính Thắng, Phường 07, Quận 3, Thành phố Hồ Chí Minh, Việt Nam",Quận 3,"6201: Lập trình máy vi tính-;6209: Hoạt động dịch vụ công nghệ thông tin và dịch vụ khác liên quan đến máy vi tính-(trừ kinh doanh dịch vụ truy cấp internet tại trụ sở);4651: Bán buôn máy vi tính, thi",internet
313974297,CÔNG TY TNHH DEVELOVER,CÔNG TY TNHH DEVELOVER,Công ty trách nhiệm hữu hạn một thành viên,"Tầng 5, tòa nhà Songdo, 62A Phạm Ngọc Thạch, Phường Võ Thị Sáu, Quận 3, Thành phố Hồ Chí Minh, Việt Nam",Quận 3,"4669: Bán buôn chuyên doanh khác chưa được phân vào đâu-(trừ bán buôn thuốc trừ sâu và hóa chất sử dụng trong nông nghiệp và không bán buôn phế liệu, phế thải kim loại, phi kim loại tại trụ sở).;5820:",internet
313978076,CÔNG TY TNHH ME NATURE,CÔNG TY TNHH ME NATURE,Công ty trách nhiệm hữu hạn hai thành viên trở lên,"Tầng 3, Tòa nhà An Phú Plaza, 117-119 Lý Chính Thắng, Phường Võ Thị Sáu, Quận 3, Thành phố Hồ Chí Minh, Việt Nam",Quận 3,"4649: Bán buôn đồ dùng khác cho gia đình-(trừ dược phẩm);4632: Bán buôn thực phẩm-(không hoạt động tại trụ sở).;4610: Đại lý, môi giới, đấu giá-chi tiết: Đại lý, môi giới (trừ môi giới bất động sản).;",internet
314012091,CÔNG TY CỔ PHẦN XÂY DỰNG - KỸ THUẬT - CÔNG NGHỆ CAO THIỆN TÂM,CÔNG TY CỔ PHẦN XÂY DỰNG  KỸ T,Công ty cổ phần,"63 Đường Số 3, Cư xá Đô Thành, Phường 04, Quận 3, Thành phố Hồ Chí Minh, Việt Nam",Quận 3,"7310: Quảng cáo-;7410: Hoạt động thiết kế chuyên dụng-Chi tiết: Hoạt động trang trí nội – ngoại thất;7730: Cho thuê máy móc, thiết bị và đồ dùng hữu hình khác-;9511: Sửa chữa máy vi tính và thiết bị n",internet
313983157,CÔNG TY TNHH MỘT THÀNH VIÊN SẢN XUẤT THƯƠNG MẠI DỊCH VỤ QUẢNG CÁO NHẬT ANH,CÔNG TY TNHH MỘT THÀNH VIÊN SẢ,Công ty trách nhiệm hữu hạn một thành viên,"242/89 Đường Nguyễn Thiện Thuật, Phường 03, Quận 3, Thành phố Hồ Chí Minh, Việt Nam",Quận 3,"4661: Bán buôn nhiên liệu rắn, lỏng, khí và các sản phẩm liên quan-Chi tiết: Bán buôn nhiên liệu, dầu mỡ nhờn, dầu bôi trơn như: Dầu mỏ, dầu thô, diesel nhiên liệu, xăng, dầu nhiên liệu, dầu đốt nóng,",internet
314032348,CÔNG TY CỔ PHẦN VIỆT NAM TRUYỀN THÔNG TOÀN CẦU,CÔNG TY CỔ PHẦN VIỆT NAM TRUYỀ,Công ty cổ phần,"11 Bis Nguyễn Gia Thiều, Phường 06, Quận 3, Thành phố Hồ Chí Minh, Việt Nam",Quận 3,"8552: Giáo dục văn hoá nghệ thuật-chi tiết: dạy thanh nhạc, dạy nhảy, dạy vũ đạo, đào tạo người mẫu, ca sĩ; dạy piano và dạy các môn âm nhạc khác; dạy hội hoạ; dạy kịch; dạy mỹ thuật; dạy nghệ thuật b",internet
314021378,CÔNG TY CỔ PHẦN VUI CHƠI GIẢI TRÍ TINI DREAM,CÔNG TY CỔ PHẦN VUI CHƠI GIẢI ,Công ty cổ phần,"250 Nguyễn Thị Minh Khai, Phường Võ Thị Sáu, Quận 3, Thành phố Hồ Chí Minh, Việt Nam",Quận 3,9329: Hoạt động vui chơi giải trí khác chưa được phân vào đâu-chi tiết: dịch vụ vui chơi giải trí (trừ loại hình vui chơi giải trí Nhà nước cấm; trừ hoạt động kinh doanh trò chơi điện tử có thưởng dàn,internet
314014885,CÔNG TY TNHH XÂY DỰNG VẬN TẢI SAO SÁNG,CÔNG TY TNHH XÂY DỰNG VẬN TẢI ,Công ty trách nhiệm hữu hạn một thành viên,"540/29 đường Cách Mạng Tháng Tám, Phường 11, Quận 3, Thành phố Hồ Chí Minh, Việt Nam",Quận 3,8559: Giáo dục khác chưa được phân vào đâu-Chi tiết: Giáo dục không xác định theo cấp độ tại các trung tâm đào tạo bồi dưỡng; các dịch vụ dạy kèm (gia sư); giáo dục dự bị; các trung tâm dạy học có các,internet
314038131,CÔNG TY TNHH CÔNG NGHỆ THÔNG TIN THIÊN MINH,CÔNG TY TNHH CÔNG NGHỆ THÔNG T,Công ty trách nhiệm hữu hạn một thành viên,"Tầng 5, Tòa nhà Songdo, 62A Phạm Ngọc Thạch, Phường 06, Quận 3, Thành phố Hồ Chí Minh, Việt Nam",Quận 3,"4741: Bán lẻ máy vi tính, thiết bị ngoại vi, phần mềm và thiết bị viễn thông trong các cửa hàng chuyên doanh-;5820: Xuất bản phần mềm-chi tiết: Sản xuất phần mềm.;6201: Lập trình máy vi tính-;6202: Tư",internet
314044304,CÔNG TY TNHH TRUYỀN THÔNG QUẢNG CÁO GALAXY DESIGN,CÔNG TY TNHH TRUYỀN THÔNG QUẢN,Công ty trách nhiệm hữu hạn một thành viên,"590/21 Cách Mạng Tháng Tám, Phường 11, Quận 3, Thành phố Hồ Chí Minh, Việt Nam",Quận 3,"2630: Sản xuất thiết bị truyền thông-(không hoạt động tại trụ sở).;4610: Đại lý, môi giới, đấu giá-chi tiết: Đại lý;4632: Bán buôn thực phẩm-(không hoạt động tại trụ sở).;4633: Bán buôn đồ uống-;4641:",internet
314054398,CÔNG TY TNHH CÔNG NGHỆ DIZI,CÔNG TY TNHH CÔNG NGHỆ DIZI,Công ty trách nhiệm hữu hạn hai thành viên trở lên,"Số 19 Võ Văn Tần, Phường 06, Quận 3, Thành phố Hồ Chí Minh, Việt Nam",Quận 3,"5820: Xuất bản phần mềm-Chi tiết: Sản xuất phần mềm;7490: Hoạt động chuyên môn, khoa học và công nghệ khác chưa được phân vào đâu-Chi tiết: Dịch vụ tư vấn và cung cấp phần mềm (trừ thanh toán hối phiế",internet
314063360,CÔNG TY TNHH MÁY LỌC NƯỚC Ý,CÔNG TY TNHH MÁY LỌC NƯỚC Ý,Công ty trách nhiệm hữu hạn một thành viên,"Số 1, Nguyễn Thông, Phường 09, Quận 3, Thành phố Hồ Chí Minh, Việt Nam",Quận 3,"6311: Xử lý dữ liệu, cho thuê và các hoạt động liên quan-;7310: Quảng cáo-;7320: Nghiên cứu thị trường và thăm dò dư luận-;9000: Hoạt động sáng tác, nghệ thuật và giải trí-(trừ phòng trà ca nhạc, vũ t",internet
314055056,CÔNG TY TNHH BẤT ĐỘNG SẢN QUỲNH DAO,CÔNG TY TNHH BẤT ĐỘNG SẢN QUỲN,Công ty trách nhiệm hữu hạn một thành viên,"Tầng 3, Tòa Nhà An Phú Plaza, 117-119 Lý Chính Thắng, Phường 07, Quận 3, Thành phố Hồ Chí Minh, Việt Nam",Quận 3,"6820: Tư vấn, môi giới, đấu giá bất động sản, đấu giá quyền sử dụng đất-(trừ tư vấn dịch vụ mang tính chất pháp lý);7020: Hoạt động tư vấn quản lý-(trừ tư vấn tài chính, kế toán, pháp luật);7310: Quản",internet
314052464,CÔNG TY TNHH THƯƠNG MẠI PHẦN MỀM GIẢI PHÁP THUẬN VIỆT,CÔNG TY TNHH THƯƠNG MẠI PHẦN M,Công ty trách nhiệm hữu hạn một thành viên,"Tầng 3, Tòa nhà An Phú Plaza, 117-119 Lý Chính Thắng, Phường 07, Quận 3, Thành phố Hồ Chí Minh, Việt Nam",Quận 3,"5820: Xuất bản phần mềm-chi tiết: Sản xuất phần mềm.;7410: Hoạt động thiết kế chuyên dụng-chi tiết: Thiết kế đồ họa, thiết kế website;4651: Bán buôn máy vi tính, thiết bị ngoại vi và phần mềm-;4652: B",internet
314063674,CÔNG TY TNHH THƯƠNG MẠI DỊCH VỤ XUẤT NHẬP KHẨU TRIỆU TỬ LONG,CÔNG TY TNHH THƯƠNG MẠI DỊCH V,Công ty trách nhiệm hữu hạn một thành viên,"22/63 Lê Văn Sỹ, Phường 14, Quận 3, Thành phố Hồ Chí Minh, Việt Nam",Quận 3,"4669: Bán buôn chuyên doanh khác chưa được phân vào đâu-(trừ kinh doanh khí dầu mỏ hóa lỏng LPG, dược phẩm, mua bán vàng miếng, súng, đạn loại dùng đi săn hoặc thể thao và thực hiện theo Quyết định số",internet
314080221,CÔNG TY CỔ PHẦN ĐÀO TẠO & HƯỚNG NGHIỆP MGT,CÔNG TY CỔ PHẦN ĐÀO TẠO  HƯỚNG,Công ty cổ phần,"Tầng Lửng, Toà nhà An Phú Plaza Số 117-119 Lý Chính Thắng, Phường 07, Quận 3, Thành phố Hồ Chí Minh, Việt Nam",Quận 3,"5221: Hoạt động dịch vụ hỗ trợ trực tiếp cho vận tải đường sắt và đường bộ-(trừ hóa lỏng khí để vận chuyển và trừ kinh doanh kết cấu hạ tầng đường sắt);4711: Bán lẻ lương thực, thực phẩm, đồ uống, thu",internet
314083790,CÔNG TY CỔ PHẦN FOREVI,CÔNG TY CỔ PHẦN FOREVI,Công ty cổ phần,"Tầng 5A, Tòa nhà 62B Phạm Ngọc Thạch, Phường Võ Thị Sáu, Quận 3, Thành phố Hồ Chí Minh, Việt Nam",Quận 3,"4620: Bán buôn nông, lâm sản nguyên liệu (trừ gỗ, tre, nứa) và động vật sống-Chi tiết: Bán buôn thức ăn và nguyên liệu làm thức ăn cho gia súc, gia cầm và thuỷ sản; thóc, ngô và các loại hạt ngũ cốc k",internet
314086463,CÔNG TY CỔ PHẦN MANDA ASIA,CÔNG TY CỔ PHẦN MANDA ASIA,Công ty cổ phần,"627 Nguyễn Đình Chiểu, Phường 02, Quận 3, Thành phố Hồ Chí Minh, Việt Nam",Quận 3,"1410: May trang phục (trừ trang phục từ da lông thú)-;1430: Sản xuất trang phục dệt kim, đan móc-;1512: Sản xuất vali, túi xách và các loại tương tự, sản xuất yên đệm-;1520: Sản xuất giày dép-;1811: I",internet
314088407,CÔNG TY TNHH THƯƠNG MẠI VĨNH DỤ,CÔNG TY TNHH THƯƠNG MẠI VĨNH D,Công ty trách nhiệm hữu hạn một thành viên,"53 Nguyễn Hiền, Phường 04, Quận 3, Thành phố Hồ Chí Minh, Việt Nam",Quận 3,"4663: Bán buôn vật liệu, thiết bị lắp đặt khác trong xây dựng-(không hoạt động tại trụ sở).; 4669: Bán buôn chuyên doanh khác chưa được phân vào đâu-(trừ bán buôn phế liệu, phế thải kim loại, phi kim ",internet
314082490,CÔNG TY TNHH FEDDY,CÔNG TY TNHH FEDDY,Công ty trách nhiệm hữu hạn hai thành viên trở lên,"Tầng 22, Tòa nhà Centec, 72-74 Nguyễn Thị Minh Khai , Phường Võ Thị Sáu, Quận 3, Thành phố Hồ Chí Minh, Việt Nam",Quận 3,"4773: Bán lẻ hàng hóa khác mới trong các cửa hàng chuyên doanh-(trừ bán lẻ bình gas, khí dầu mỏ hóa lỏng LPG, dầu nhớt cặn, vàng miếng, súng, đạn loại dùng đi săn hoặc thể thao và tiền kim khí; trừ bá",internet
314059290,CÔNG TY TNHH THƯƠNG MẠI DỊCH VỤ XUẤT NHẬP KHẨU LÊ DIỄM,CÔNG TY TNHH THƯƠNG MẠI DỊCH V,Công ty trách nhiệm hữu hạn một thành viên,"Tầng 1 Tòa Nhà An Phú Plaza Số 117 -119 Lý Chính Thắng , Phường 07, Quận 3, Thành phố Hồ Chí Minh, Việt Nam",Quận 3,7320: Nghiên cứu thị trường và thăm dò dư luận-;7410: Hoạt động thiết kế chuyên dụng-(trừ thiết kế công trình xây dựng).;6201: Lập trình máy vi tính-;6202: Tư vấn máy vi tính và quản trị hệ thống máy ,internet
314043678,CÔNG TY TNHH KINH DOANH THƯƠNG MẠI ĐIỆN TỬ THANH BÌNH,CÔNG TY TNHH KINH DOANH THƯƠNG,Công ty trách nhiệm hữu hạn một thành viên,"Tầng 14 Tòa nhà HM Town, Số 412 Nguyễn Thị Minh Khai, Phường 05, Quận 3, Thành phố Hồ Chí Minh, Việt Nam",Quận 3,"4651: Bán buôn máy vi tính, thiết bị ngoại vi và phần mềm-;4652: Bán buôn thiết bị và linh kiện điện tử, viễn thông-;4741: Bán lẻ máy vi tính, thiết bị ngoại vi, phần mềm và thiết bị viễn thông trong ",internet
314108237,CÔNG TY TNHH FEELING MEDIA,CÔNG TY TNHH FEELING MEDIA,Công ty trách nhiệm hữu hạn một thành viên,"Tầng 3, Tòa nhà An Phú Plaza, 117-119 Lý Chính Thắng, Phường Võ Thị Sáu, Quận 3, Thành phố Hồ Chí Minh, Việt Nam",Quận 3,"5911: Hoạt động sản xuất phim điện ảnh, phim video và chương trình truyền hình-Chi tiết: Hoạt động sản xuất chương trình truyền hình (trừ sản xuất phim, phát sóng và không thực hiện các hiệu ứng cháy,",internet
314071026,CÔNG TY TNHH SKYPERRY MEDIA,CÔNG TY TNHH SKYPERRY MEDIA,Công ty trách nhiệm hữu hạn một thành viên,"26/9 Đường số 3, Khu Cư Xá Đô Thành, Phường 04, Quận 3, Thành phố Hồ Chí Minh, Việt Nam",Quận 3,"5912: Hoạt động hậu kỳ-(không thực hiện các hiệu ứng cháy, nổ; không sử dụng chất nổ, chất cháy, hóa chất làm đạo cụ, dụng cụ thực hiện các chương trình văn nghệ, sự kiện, phim ảnh).;5920: Hoạt động g",internet
314066040,CÔNG TY TNHH ĐẦU TƯ THƯƠNG MẠI DỊCH VỤ UNICOM,CÔNG TY TNHH ĐẦU TƯ THƯƠNG MẠI,Công ty trách nhiệm hữu hạn một thành viên,"Tầng 7, Tòa nhà FBA Tower, Số 487-489 Điện Biên Phủ, Phường 03, Quận 3, Thành phố Hồ Chí Minh, Việt Nam",Quận 3,4722: Bán lẻ thực phẩm trong các cửa hàng chuyên doanh-(Thực hiện theo Quyết định 64/2009/QĐ-UBND ngày 31/07/2009 và Quyết định 79/2009/QĐ-UBND ngày 17/10/2009 của Ủy ban nhân dân Thành phố Hồ Chí Min,internet
314067407,CÔNG TY TNHH VIETCORP ONLINE,CÔNG TY TNHH VIETCORP ONLINE,Công ty trách nhiệm hữu hạn hai thành viên trở lên,"134/1 Cách mạng tháng 8, Phường 10, Quận 3, Thành phố Hồ Chí Minh, Việt Nam",Quận 3,"6202: Tư vấn máy vi tính và quản trị hệ thống máy vi tính-chi tiết: Thiết kế hệ thống máy tính (thiết kế, tạo lấp trang chủ internet; thiết kế hệ thống máy tính tích hợp với các phần cứng, phần mềm và",internet
314126902,CÔNG TY CỔ PHẦN PERESO,CÔNG TY CỔ PHẦN PERESO,Công ty cổ phần,"11 Cư Xá Trần Quang Diệu, Đường Trần Quang Diệu, Phường 14, Quận 3, Thành phố Hồ Chí Minh, Việt Nam",Quận 3,"0128: Trồng cây gia vị, cây dược liệu-;4711: Bán lẻ lương thực, thực phẩm, đồ uống, thuốc lá, thuốc lào chiếm tỷ trọng lớn trong các cửa hàng kinh doanh tổng hợp-(thực hiện theo Quyết định số 64/2009/",internet
314148261,CÔNG TY TNHH THƯƠNG MẠI DỊCH VỤ QUẢNG CÁO ECHO,CÔNG TY TNHH THƯƠNG MẠI DỊCH V,Công ty trách nhiệm hữu hạn một thành viên,"262C Điện Biên Phủ, Phường 07, Quận 3, Thành phố Hồ Chí Minh, Việt Nam",Quận 3,5221: Hoạt động dịch vụ hỗ trợ trực tiếp cho vận tải đường sắt và đường bộ-chi tiết: Dịch vụ hỗ trợ vận tải đường sắt. Hoạt động dịch vụ hỗ trợ trực tiếp cho vận tải đường bộ;5222: Hoạt động dịch vụ h,internet
314150937,CÔNG TY TNHH DỊCH VỤ BẤT ĐỘNG SẢN & XÂY DỰNG HOÀNG PHÚC,CÔNG TY TNHH DỊCH VỤ BẤT ĐỘNG ,Công ty trách nhiệm hữu hạn hai thành viên trở lên,"416 Nguyễn Thị Minh Khai, Phường 05, Quận 3, Thành phố Hồ Chí Minh, Việt Nam",Quận 3,"7730: Cho thuê máy móc, thiết bị và đồ dùng hữu hình khác-Chi tiết: Cho thuê máy móc thiết bị ngành xây dựng;7830: Cung ứng và quản lý nguồn lao động-chi tiết: Cung ứng và quản lý nguồn lao động trong",internet
314149385,CÔNG TY TNHH ĐẦU TƯ REIN HOLDING,CÔNG TY TNHH ĐẦU TƯ REIN HOLDI,Công ty trách nhiệm hữu hạn hai thành viên trở lên,"262C Điện Biên Phủ , Phường 07, Quận 3, Thành phố Hồ Chí Minh, Việt Nam",Quận 3,5221: Hoạt động dịch vụ hỗ trợ trực tiếp cho vận tải đường sắt và đường bộ-Chi tiết: Dịch vụ hỗ trợ vận tải đường sắt. Hoạt động dịch vụ hỗ trợ trực tiếp cho vận tải đường bộ;5222: Hoạt động dịch vụ h,internet
314142559,CÔNG TY TNHH ĐẦU TƯ XÂY DỰNG HUỲNH HỒNG,CÔNG TY TNHH ĐẦU TƯ XÂY DỰNG H,Công ty trách nhiệm hữu hạn một thành viên,"Tòa nhà Proffice 248-250 Nguyễn Đình Chiểu, Phường Võ Thị Sáu, Quận 3, Thành phố Hồ Chí Minh, Việt Nam",Quận 3,"1410: May trang phục (trừ trang phục từ da lông thú)-(trừ tẩy, nhuộm, hồ, in trên các sản phẩm vải sợi, dệt, may, thêu, đan tại trụ sở);1430: Sản xuất trang phục dệt kim, đan móc-;1512: Sản xuất vali,",internet
314170637,CÔNG TY TNHH THƯƠNG MẠI DỊCH VỤ XUẤT NHẬP KHẨU DOTA,CÔNG TY TNHH THƯƠNG MẠI DỊCH V,Công ty trách nhiệm hữu hạn một thành viên,"Tầng Lửng An Phú Plaza, 117-119 Lý Chính Thắng, Phường 07, Quận 3, Thành phố Hồ Chí Minh, Việt Nam",Quận 3,"2023: Sản xuất mỹ phẩm, xà phòng, chất tẩy rửa, làm bóng và chế phẩm vệ sinh-;5011: Vận tải hành khách ven biển và viễn dương-;5012: Vận tải hàng hóa ven biển và viễn dương-;5021: Vận tải hành khách đ",internet
314158767,CÔNG TY TNHH VIETMADECO,CÔNG TY TNHH VIETMADECO,Công ty trách nhiệm hữu hạn một thành viên,"Tầng 8, Tòa nhà Loyal 151 Võ Thị Sáu, Phường Võ Thị Sáu, Quận 3, Thành phố Hồ Chí Minh, Việt Nam",Quận 3,"1410: May trang phục (trừ trang phục từ da lông thú)-( không hoạt động tại trụ sở).;1512: Sản xuất vali, túi xách và các loại tương tự, sản xuất yên đệm-chi tiết: 
- Sản xuất vali, túi xách và các loạ",internet
314159577,CÔNG TY CỔ PHẦN ĐẦU TƯ VÀ PHÁT TRIỂN S911,CÔNG TY CỔ PHẦN ĐẦU TƯ VÀ PHÁT,Công ty cổ phần,"Tầng lửng, Tòa nhà An Phú Plaza, 117-119 Lý Chính Thắng, Phường 07, Quận 3, Thành phố Hồ Chí Minh, Việt Nam",Quận 3,"5229: Hoạt động dịch vụ hỗ trợ khác liên quan đến vận tải-chi tiết: Gửi hàng; Giao nhận hàng hóa; Thu, phát các chứng từ vận tải và vận đơn; Hoạt động của đại lý làm thủ tục hải quan (trừ hóa lỏng khí",internet
314159584,CÔNG TY CỔ PHẦN VOLETA,CÔNG TY CỔ PHẦN VOLETA,Công ty cổ phần,"466/33A Lê Văn Sỹ, Phường 14, Quận 3, Thành phố Hồ Chí Minh, Việt Nam",Quận 3,7310: Quảng cáo-;7320: Nghiên cứu thị trường và thăm dò dư luận-;7410: Hoạt động thiết kế chuyên dụng-(trừ thiết kế công trình xây dựng).;7420: Hoạt động nhiếp ảnh-(trừ sản xuất phim).;7810: Hoạt động,internet
107347692,CÔNG TY TNHH THƯƠNG MẠI SẢN XUẤT NGUYỄN HOÀNG PHÁT,CÔNG TY TNHH THƯƠNG MẠI SẢN XU,Công ty trách nhiệm hữu hạn một thành viên,"Tầng 14 Tòa nhà HM Town, 412 Nguyễn Thị Minh Khai, Phường 05, Quận 3, Thành phố Hồ Chí Minh, Việt Nam",Quận 3,1392: Sản xuất hàng dệt sẵn (trừ trang phục)-(Không hoạt động tại trụ sở);4633: Bán buôn đồ uống-;5630: Dịch vụ phục vụ đồ uống-(trừ hoạt động quán bar và quán giải khát có khiêu vũ).;1399: Sản xuất c,internet
314140417,CÔNG TY TRÁCH NHIỆM HỮU HẠN THƯƠNG MẠI DỊCH VỤ DNU,CÔNG TY TRÁCH NHIỆM HỮU HẠN TH,Công ty trách nhiệm hữu hạn hai thành viên trở lên,"Tầng 14, Tòa nhà HM Town, 412 Nguyễn Thị Minh Khai., Phường 05, Quận 3, Thành phố Hồ Chí Minh, Việt Nam",Quận 3,"5914: Hoạt động chiếu phim-(trừ sản xuất phim);5630: Dịch vụ phục vụ đồ uống-chi tiết: Hoạt động của các quán chế biến và phục vụ khách hàng tại chỗ các loại đồ uống như: cà phê, nước sinh tố, nước mí",internet
107381573,CÔNG TY CỔ PHẦN HUNGRY BEAR INTERNET VIỆT NAM,CÔNG TY CỔ PHẦN HUNGRY BEAR IN,Công ty cổ phần,"13C Nguyễn Văn Mai, Phường 08, Quận 3, Thành phố Hồ Chí Minh, Việt Nam",Quận 3,"7020: Hoạt động tư vấn quản lý-(trừ tư vấn tài chính, kế toán, pháp luật). (CPC 865);7310: Quảng cáo-Chi tiết: Quảng cáo (không bao gồm quảng cáo thuốc lá, rượu mạnh);6201: Lập trình máy vi tính-(CPC ",internet
313941622,CÔNG TY TNHH KHOA HỌC VÀ CÔNG NGHỆ ỨNG DỤNG RMG,CÔNG TY TNHH KHOA HỌC VÀ CÔNG ,Công ty trách nhiệm hữu hạn một thành viên,"Tầng Lửng Tòa nhà An Phú Plaza 117-119 Lý Chính Thắng, Phường 07, Quận 3, Thành phố Hồ Chí Minh, Việt Nam",Quận 3,5221: Hoạt động dịch vụ hỗ trợ trực tiếp cho vận tải đường sắt và đường bộ-(trừ hóa lỏng khí để vận chuyển và trừ kinh doanh kết cấu hạ tầng đường sắt); 5224: Bốc xếp hàng hóa-(trừ bốc xếp hàng hóa cả,internet
313961379,CÔNG TY TNHH COOPMART ONLINE,CÔNG TY TNHH COOPMART ONLINE,Công ty trách nhiệm hữu hạn một thành viên,"117-119 Lý Chính Thắng, Phường 07, Quận 3, Thành phố Hồ Chí Minh, Việt Nam",Quận 3,"4662: Bán buôn kim loại và quặng kim loại-(trừ kinh doanh vàng miếng);4663: Bán buôn vật liệu, thiết bị lắp đặt khác trong xây dựng-;4669: Bán buôn chuyên doanh khác chưa được phân vào đâu-chi tiết: b",internet
316888776,CÔNG TY TNHH THIẾT KẾ XÂY DỰNG CÔNG TRÌNH PHÚC LONG,CÔNG TY TNHH THIẾT KẾ XÂY DỰNG,Công ty trách nhiệm hữu hạn một thành viên,"111 Lý Chính Thắng, Phường Võ Thị Sáu, Quận 3, Thành phố Hồ Chí Minh, Việt Nam",Quận 3,"7110: Hoạt động kiến trúc và tư vấn kỹ thuật có liên quan-Chi tiết: Giám sát công tác xây dựng và hoàn thiện công trình dân dụng - công nghiệp. Thiết kế kết cấu công trình dân dụng, công nghiệp. Hoạt ",internet
314611779,CÔNG TY TNHH ÔNG THƯỜNG,CÔNG TY TNHH ÔNG THƯỜNG,Công ty trách nhiệm hữu hạn một thành viên,"Tầng Lửng tại tầng 1, Tòa nhà An Phú Plaza,117-119 Lý Chính Thắng, Phường 07, Quận 3, Thành phố Hồ Chí Minh, Việt Nam",Quận 3,"4771: Bán lẻ hàng may mặc, giày dép, hàng da và giả da trong các cửa hàng chuyên doanh-; 4772: Bán lẻ thuốc, dụng cụ y tế, mỹ phẩm và vật phẩm vệ sinh trong các cửa hàng chuyên doanh-Chi tiết: Bán lẻ ",internet
314025076,CÔNG TY CỔ PHẦN NĂNG LƯỢNG EVERICH,CÔNG TY CỔ PHẦN NĂNG LƯỢNG EVE,Công ty cổ phần,"Tầng 3, Tòa nhà An Phú Plaza, 117-119 Lý Chính Thắng, Phường Võ Thị Sáu, Quận 3, Thành phố Hồ Chí Minh, Việt Nam",Quận 3,"4659: Bán buôn máy móc, thiết bị và phụ tùng máy khác-chi tiết: Bán buôn máy móc, thiết bị điện, vật liệu điện (máy phát điện, động cơ điện, dây điện và thiết bị khác dùng trong mạch điện). Bán buôn t",internet
314261242,CÔNG TY TNHH MAY,CÔNG TY TNHH MAY,Công ty trách nhiệm hữu hạn một thành viên,"Tầng 3, Tòa nhà An Phú Plaza 117-119 Lý Chính Thắng, Phường Võ Thị Sáu, Quận 3, Thành phố Hồ Chí Minh, Việt Nam",Quận 3,"4659: Bán buôn máy móc, thiết bị và phụ tùng máy khác-chi tiết: Bán buôn máy móc, thiết bị điện, vật liệu điện (máy phát điện, động cơ điện, dây điện và thiết bị khác dùng trong mạch điện), Bán buôn m",internet
313999083,CÔNG TY TNHH THƯƠNG MẠI DỊCH VỤ GIẢI PHÁP PHÁT TRIỂN HỆ THỐNG,CÔNG TY TNHH THƯƠNG MẠI DỊCH V,Công ty trách nhiệm hữu hạn một thành viên,"209 - 209A Trần Văn Đang, Phường 11, Quận 3, Thành phố Hồ Chí Minh, Việt Nam",Quận 3,"4652: Bán buôn thiết bị và linh kiện điện tử, viễn thông-Chi tiết: Bán buôn sim, thẻ điện thoại;4659: Bán buôn máy móc, thiết bị và phụ tùng máy khác-Chi tiết: Bán buôn máy móc, thiết bị y tế;8521: Gi",internet
314013793,CÔNG TY TNHH THƯƠNG MẠI DỊCH VỤ THẠCH NGỌC,CÔNG TY TNHH THƯƠNG MẠI DỊCH V,Công ty trách nhiệm hữu hạn một thành viên,"225/21A Nguyễn Đình Chiểu, Phường 05, Quận 3, Thành phố Hồ Chí Minh, Việt Nam",Quận 3,"5229: Hoạt động dịch vụ hỗ trợ khác liên quan đến vận tải-chi tiết: dịch vụ giao nhận hàng hóa;4722: Bán lẻ thực phẩm trong các cửa hàng chuyên doanh-chi tiết: bán lẻ bánh, kẹo;4741: Bán lẻ máy vi tín",may photo
314057896,CÔNG TY TNHH BÁN LẺ NBP VN,CÔNG TY TNHH BÁN LẺ NBP VN,Công ty trách nhiệm hữu hạn một thành viên,"Tầng 3, Tòa nhà W Building, số 100 Nguyễn Thị Minh Khai, Phường Võ Thị Sáu, Quận 3, Thành phố Hồ Chí Minh, Việt Nam",Quận 3,"4791: Bán lẻ theo yêu cầu đặt hàng qua bưu điện hoặc internet-Chi tiết: Bán lẻ các loại hàng hóa bằng thư đặt hàng; bán lẻ các loại hàng hóa qua internet; bán trực tiếp qua tivi, đài, điện thoại; webs",internet
314058258,CÔNG TY TNHH  THỰC PHẨM THIẾT YẾU,CÔNG TY TNHH  THỰC PHẨM THIẾT ,Công ty trách nhiệm hữu hạn hai thành viên trở lên,"138 Trần Quốc Thảo, Phường 07, Quận 3, Thành phố Hồ Chí Minh, Việt Nam",Quận 3,"1079: Sản xuất thực phẩm khác chưa được phân vào đâu-Chi tiết: Sản xuất, chế biến thực phẩm (không hoạt động tại trụ sở);4663: Bán buôn vật liệu, thiết bị lắp đặt khác trong xây dựng-Chi tiết: Bán buô",internet
314079850,CÔNG TY CỔ PHẦN BEYOND COMMUNICATION,CÔNG TY CỔ PHẦN BEYOND COMMUNI,Công ty cổ phần,"202 Lý Chính Thắng, Phường 09, Quận 3, Thành phố Hồ Chí Minh, Việt Nam",Quận 3,"4789: Bán lẻ hàng hóa khác lưu động hoặc tại chợ-(trừ bán lẻ bình gas, khí dầu mỏ hóa lỏng LPG, dầu nhớt cặn, vàng miếng, súng, đạn loại dùng đi săn hoặc thể thao và tiền kim khí; trừ bán lẻ hóa chất ",internet
314102556,CÔNG TY TNHH WORLDWIDE TRANS LOGISTICS,CÔNG TY TNHH WORLDWIDE TRANS L,Công ty trách nhiệm hữu hạn hai thành viên trở lên,"Tầng 3 Tòa nhà An Phú Plaza 117-119 Lý Chính Thắng, Phường Võ Thị Sáu, Quận 3, Thành phố Hồ Chí Minh, Việt Nam",Quận 3,"5229: Hoạt động dịch vụ hỗ trợ khác liên quan đến vận tải-chi tiết: Gửi hàng; Giao nhận hàng hóa; Thu, phát các chứng từ vận tải và vận đơn; Hoạt động của đại lý làm thủ tục hải quan;8292: Dịch vụ đón",internet
314121407,CÔNG TY TNHH SẢN XUẤT THƯƠNG MẠI MẶT TRỜI Á CHÂU,CÔNG TY TNHH SẢN XUẤT THƯƠNG M,Công ty trách nhiệm hữu hạn hai thành viên trở lên,"Tầng 5 tòa nhà Songdo, 62A Phạm Ngọc Thạch, Phường 06, Quận 3, Thành phố Hồ Chí Minh, Việt Nam",Quận 3,1329: Sản xuất các loại hàng dệt khác chưa được phân vào đâu-Chi tiết: Sản xuất vải áo quần (không hoạt động tại trụ sở).;1410: May trang phục (trừ trang phục từ da lông thú)-;1420: Sản xuất sản phẩm ,internet
314135625,CÔNG TY CỔ PHẦN BÓNG ĐÁ THÀNH PHỐ HỒ CHÍ MINH,CÔNG TY CỔ PHẦN BÓNG ĐÁ THÀNH ,Công ty cổ phần,"115 Pasteur, Phường Võ Thị Sáu, Quận 3, Thành phố Hồ Chí Minh, Việt Nam",Quận 3,9311: Hoạt động của các cơ sở thể thao-(trừ hoạt động của các sàn nhảy);9312: Hoạt động của các câu lạc bộ thể thao-(trừ hoạt động của các sàn nhảy);9319: Hoạt động thể thao khác-(trừ hoạt động của cá,internet
314150736,CÔNG TY CỔ PHẦN VST INTERNATIONAL,CÔNG TY CỔ PHẦN VST INTERNATIO,Công ty cổ phần,"Tầng 14 Tòa nhà Hm Town, 412 Nguyễn Thị Minh Khai, Phường 05, Quận 3, Thành phố Hồ Chí Minh, Việt Nam",Quận 3,"4651: Bán buôn máy vi tính, thiết bị ngoại vi và phần mềm-;7830: Cung ứng và quản lý nguồn lao động--chi tiết: Cung ứng và quản lý nguồn lao động trong nước (trừ kinh doanh dịch vụ cho thuê lại lao độ",internet
314177914,CÔNG TY CỔ PHẦN CAREER.VN,CÔNG TY CỔ PHẦN CAREERVN,Công ty cổ phần,"210/12 Cách Mạng Tháng 8, Phường 10, Quận 3, Thành phố Hồ Chí Minh, Việt Nam",Quận 3,"5820: Xuất bản phần mềm-Chi tiết: Sản xuất phần mềm;6190: Hoạt động viễn thông khác-Chi tiết: Các dịch vụ giá trị gia tăng: thư điện tử, thư thoại, thông tin trực tuyến và truy nhập lấy thông tin từ c",internet
314095524,CÔNG TY TNHH MỘT THÀNH VIÊN HOÀNG LONG RUBY,CÔNG TY TNHH MỘT THÀNH VIÊN HO,Công ty trách nhiệm hữu hạn một thành viên,"520 Cách Mạng Tháng Tám, Phường 11, Quận 3, Thành phố Hồ Chí Minh, Việt Nam",Quận 3,"2732: Sản xuất dây, cáp điện và điện tử khác-;2733: Sản xuất thiết bị dây dẫn điện các loại-;2740: Sản xuất thiết bị điện chiếu sáng-;2750: Sản xuất đồ điện dân dụng-;2790: Sản xuất thiết bị điện khác",internet
314128226,CÔNG TY TNHH THƯƠNG MẠI VÀ DỊCH VỤ HOÀNG VŨ BUSLINES,CÔNG TY TNHH THƯƠNG MẠI VÀ DỊC,Công ty trách nhiệm hữu hạn một thành viên,"629/23 Nguyễn Đình Chiểu, Phường 02, Quận 3, Thành phố Hồ Chí Minh, Việt Nam",Quận 3,"6399: Dịch vụ thông tin khác chưa được phân vào đâu-Chi tiết: dịch vụ cung cấp thông tin lên mạng internet; dịch vụ thông tin qua điện thoại, dịch vụ tìm kiếm thông tin thông qua hợp đồng hay trên cơ ",internet
313706883,CÔNG TY TNHH PLV LINK,CÔNG TY TNHH PLV LINK,Công ty trách nhiệm hữu hạn hai thành viên trở lên,"224 - 226 Nguyễn Phúc Nguyên, Phường 09, Quận 3, Thành phố Hồ Chí Minh, Việt Nam",Quận 3,"6201: Lập trình máy vi tính-;4722: Bán lẻ thực phẩm trong các cửa hàng chuyên doanh-Chi tiết: Bán lẻ thực phẩm chức năng trong các cửa hàng chuyên doanh 
(Thực hiện theo quyết định 64/2009/QĐ-UBND ngà",internet
313781457,CÔNG TY TNHH MỘT THÀNH VIÊN NEW STAR INN,CÔNG TY TNHH MỘT THÀNH VIÊN NE,Công ty trách nhiệm hữu hạn một thành viên,"214 Nguyễn Thị Minh Khai, Phường 06, Quận 3, Thành phố Hồ Chí Minh, Việt Nam",Quận 3,5229: Hoạt động dịch vụ hỗ trợ khác liên quan đến vận tải-Chi tiết: Đại lý bán vé máy bay;5510: Dịch vụ lưu trú ngắn ngày-Chi tiết: Kinh doanh khách sạn (được công nhận xếp hạng từ 1 sao trở lên);4722,internet
313853951,CÔNG TY CỔ PHẦN TƯ VẤN THIẾT KẾ XÂY DỰNG THƯƠNG MẠI LÊ HOÀNG,CÔNG TY CỔ PHẦN TƯ VẤN THIẾT K,Công ty cổ phần,"Tầng Lửng, Toà nhà An Phú Plaza, 117-119 Lý Chính Thắng, Phường 07, Quận 3, Thành phố Hồ Chí Minh, Việt Nam",Quận 3,"5229: Hoạt động dịch vụ hỗ trợ khác liên quan đến vận tải-(trừ hóa lỏng khí để vận chuyển và hoạt động liên quan đến vận tải hàng không);4663: Bán buôn vật liệu, thiết bị lắp đặt khác trong xây dựng-(",internet
313836378,CÔNG TY TNHH PALMER ACOUSTICS VIỆT NAM,CÔNG TY TNHH PALMER ACOUSTICS ,Công ty trách nhiệm hữu hạn hai thành viên trở lên,"14 Trương Quyền, Phường Võ Thị Sáu, Quận 3, Thành phố Hồ Chí Minh, Việt Nam",Quận 3,"4329: Lắp đặt hệ thống xây dựng khác-(trừ gia công cơ khí, tái chế phế thải, xi mạ điện tại trụ sở).; 4330: Hoàn thiện công trình xây dựng-; 4659: Bán buôn máy móc, thiết bị và phụ tùng máy khác-; 466",internet
313865594,CÔNG TY TNHH MỘT THÀNH VIÊN MR NINES,CÔNG TY TNHH MỘT THÀNH VIÊN MR,Công ty trách nhiệm hữu hạn một thành viên,"518/1 Cách Mạng Tháng Tám, Phường 11, Quận 3, Thành phố Hồ Chí Minh, Việt Nam",Quận 3,"1322: Sản xuất hàng may sẵn (trừ trang phục)-;1410: May trang phục (trừ trang phục từ da lông thú)-;4641: Bán buôn vải, hàng may sẵn, giày dép-Chi tiết: Bán buôn hàng may sẵn;4791: Bán lẻ theo yêu cầu",internet
313896296,CÔNG TY CỔ PHẦN THẾ GIỚI HẢI SẢN SÀI GÒN,CÔNG TY CỔ PHẦN THẾ GIỚI HẢI S,Công ty cổ phần,"244B Đường Pasteur, Phường Võ Thị Sáu, Quận 3, Thành phố Hồ Chí Minh, Việt Nam",Quận 3,"4719: Bán lẻ khác trong các cửa hàng kinh doanh tổng hợp-(trừ bán lẻ bình gas, khí dầu mỏ hóa lỏng LPG, dầu nhớt cặn, vàng miếng, súng, đạn loại dùng đi săn hoặc thể thao và tiền kim khí và thực hiện ",internet
313898134,CÔNG TY TNHH ĐẦU TƯ & THƯƠNG MẠI GLOBAL SUN,CÔNG TY TNHH ĐẦU TƯ  THƯƠNG MẠ,Công ty trách nhiệm hữu hạn hai thành viên trở lên,"1044 Trường Sa, Phường 12, Quận 3, Thành phố Hồ Chí Minh, Việt Nam",Quận 3,2610: Sản xuất linh kiện điện tử-(không hoạt động tại trụ sở);2620: Sản xuất máy vi tính và thiết bị ngoại vi của máy vi tính-(không hoạt động tại trụ sở);2630: Sản xuất thiết bị truyền thông-(không h,internet
313916520,CÔNG TY TNHH VUI CHƠI GIẢI TRÍ HAHA,CÔNG TY TNHH VUI CHƠI GIẢI TRÍ,Công ty trách nhiệm hữu hạn một thành viên,"363 Đường Lê Văn Sỹ, Phường 12, Quận 3, Thành phố Hồ Chí Minh, Việt Nam",Quận 3,"5610: Nhà hàng và các dịch vụ ăn uống phục vụ lưu động-Chi tiết: Nhà hàng, quán ăn, hàng ăn uống.;5621: Cung cấp dịch vụ ăn uống theo hợp đồng không thường xuyên với khách hàng (phục vụ tiệc, hội họp,",internet
313924440,CÔNG TY TNHH XÂY DỰNG CÔNG TRÌNH CAO KHẢI,CÔNG TY TNHH XÂY DỰNG CÔNG TRÌ,Công ty trách nhiệm hữu hạn một thành viên,"412 Nguyễn Thị Minh Khai, Phường 05, Quận 3, Thành phố Hồ Chí Minh, Việt Nam",Quận 3,7110: Hoạt động kiến trúc và tư vấn kỹ thuật có liên quan-Chi tiết: Thiết kế xây dựng hệ thống xử lý nước thải môi trường. Thiết kế quy hoạch xây dựng. Thẩm tra thiết kế quy hoạch xây dựng. Thiết kế k,internet
313932113,CÔNG TY TNHH THƯƠNG MẠI DỊCH VỤ TRUYỀN THÔNG TÂM,CÔNG TY TNHH THƯƠNG MẠI DỊCH V,Công ty trách nhiệm hữu hạn một thành viên,"Tầng 1, Toà nhà An Phú Plaza, 117-119 Lý Chính Thắng, Phường 07, Quận 3, Thành phố Hồ Chí Minh, Việt Nam",Quận 3,"7310: Quảng cáo-;7911: Đại lý du lịch-;7912: Điều hành tua du lịch-;8211: Dịch vụ hành chính văn phòng tổng hợp-;8219: Photo, chuẩn bị tài liệu và các hoạt động hỗ trợ văn phòng đặc biệt khác-;8230: T",internet
313938651,CÔNG TY CỔ PHẦN THƯƠNG MẠI TAG,CÔNG TY CỔ PHẦN THƯƠNG MẠI TAG,Công ty cổ phần,"242A Nguyễn Đình Chiểu, Phường 06, Quận 3, Thành phố Hồ Chí Minh, Việt Nam",Quận 3,"4763: Bán lẻ thiết bị, dụng cụ thể dục, thể thao trong các cửa hàng chuyên doanh-(Không hoạt động tại trụ sở);4753: Bán lẻ thảm, đệm, chăn, màn, rèm, vật liệu phủ tường và sàn trong các cửa hàng chuyê",internet
314000057,CÔNG TY TNHH SKYLER,CÔNG TY TNHH SKYLER,Công ty trách nhiệm hữu hạn một thành viên,"Tầng 5, Tòa nhà Songdo, 62A Phạm Ngọc Thạch, Phường 06, Quận 3, Thành phố Hồ Chí Minh, Việt Nam",Quận 3,2821: Sản xuất máy nông nghiệp và lâm nghiệp-(không hoạt động tại trụ sở); 2012: Sản xuất phân bón và hợp chất ni tơ-(không hoạt động tại trụ sở); 2021: Sản xuất thuốc trừ sâu và sản phẩm hoá chất khá,internet
314023978,CÔNG TY TNHH DỊCH VỤ VÀ ĐẦU TƯ NHÀ ĐÔ THỊ,CÔNG TY TNHH DỊCH VỤ VÀ ĐẦU TƯ,Công ty trách nhiệm hữu hạn hai thành viên trở lên,"287/68 Nguyễn Đình Chiểu, Phường 05, Quận 3, Thành phố Hồ Chí Minh, Việt Nam",Quận 3,"4663: Bán buôn vật liệu, thiết bị lắp đặt khác trong xây dựng-chi tiết: Bán buôn vật liệu, thiết bị lắp đặt  trong xây dựng (không hoạt động tại trụ sở).; 4100: Xây dựng nhà các loại-;4210: Xây dựng c",internet
314044424,CÔNG TY TNHH THƯƠNG MẠI DỊCH VỤ THỜI TRANG DANG CHUONG,CÔNG TY TNHH THƯƠNG MẠI DỊCH V,Công ty trách nhiệm hữu hạn một thành viên,"409 Nguyễn Đình Chiểu, Phường 05, Quận 3, Thành phố Hồ Chí Minh, Việt Nam",Quận 3,"4751: Bán lẻ vải, len, sợi, chỉ khâu và hàng dệt khác trong các cửa hàng chuyên doanh-chi tiết: Bán lẻ vải;4771: Bán lẻ hàng may mặc, giày dép, hàng da và giả da trong các cửa hàng chuyên doanh-Chi ti",internet
314068626,CÔNG TY TNHH CỎ MỌC BỐN PHƯƠNG,CÔNG TY TNHH CỎ MỌC BỐN PHƯƠNG,Công ty trách nhiệm hữu hạn hai thành viên trở lên,"Tầng 5, Tòa nhà Songdo, 62A Phạm Ngọc Thạch, Phường 06, Quận 3, Thành phố Hồ Chí Minh, Việt Nam",Quận 3,0130: Nhân và chăm sóc cây giống nông nghiệp-(không hoạt động tại trụ sở).;0161: Hoạt động dịch vụ trồng trọt-(không hoạt động tại trụ sở).;0164: Xử lý hạt giống để nhân giống-(không hoạt động tại trụ,internet
314088252,CÔNG TY TNHH FG HOLDING GROUP,CÔNG TY TNHH FG HOLDING GROUP,Công ty trách nhiệm hữu hạn hai thành viên trở lên,"Tầng 5, Tòa nhà Songdo, 62A Phạm Ngọc Thạch, Phường 06, Quận 3, Thành phố Hồ Chí Minh, Việt Nam",Quận 3,8559: Giáo dục khác chưa được phân vào đâu-chi tiết: đào tạo kỹ năng lãnh đạo; Đào tạo kỹ năng kinh doanh; Đào tạo kỹ năng quản lý doanh nghiệp; Đào tạo về sự sống; Đào tạo kỹ năng nói trước công chún,internet
314091262,CÔNG TY TNHH THƯƠNG MẠI DỊCH VỤ VIỄN THÔNG KIM TRƯỜNG PHÁT,CÔNG TY TNHH THƯƠNG MẠI DỊCH V,Công ty trách nhiệm hữu hạn một thành viên,"142 Trần Quốc Thảo, Phường Võ Thị Sáu, Quận 3, Thành phố Hồ Chí Minh, Việt Nam",Quận 3,"1322: Sản xuất hàng may sẵn (trừ trang phục)-(Trừ thuộc da, luyện cán cao su, tái chế phế thải; trừ tẩy, nhuộm, hồ, in trên các sản phẩm vải, sợi, dệt, may đan và không gia công hàng qua sử dụng tại t",internet
314094707,CÔNG TY TNHH THƯƠNG MẠI XUẤT NHẬP KHẨU 789,CÔNG TY TNHH THƯƠNG MẠI XUẤT N,Công ty trách nhiệm hữu hạn hai thành viên trở lên,"155 đường Hai Bà Trưng, Phường Võ Thị Sáu, Quận 3, Thành phố Hồ Chí Minh, Việt Nam",Quận 3,5012: Vận tải hàng hóa ven biển và viễn dương-;5022: Vận tải hàng hóa đường thuỷ nội địa-;5210: Kho bãi và lưu giữ hàng hóa-Chi tiết: Lưu giữ hàng hóa (trừ kinh doanh kho bãi).;5222: Hoạt động dịch vụ,internet
314150662,CÔNG TY TNHH PASSION ENTERTAINMENT,CÔNG TY TNHH PASSION ENTERTAIN,Công ty trách nhiệm hữu hạn hai thành viên trở lên,"49F Trần Văn Đang, Phường 09, Quận 3, Thành phố Hồ Chí Minh, Việt Nam",Quận 3,"4299: Xây dựng công trình kỹ thuật dân dụng khác-; 5913: Hoạt động phát hành phim điện ảnh, phim video và chương trình truyền hình-Chi tiết: Hoạt động phát hành phim điện ảnh, phim video (không thực h",internet
314193426,CÔNG TY TNHH HỒNG ĐẠI KIM,CÔNG TY TNHH HỒNG ĐẠI KIM,Công ty trách nhiệm hữu hạn một thành viên,"Tầng 8, 520 Cách Mạng Tháng Tám, Phường 11, Quận 3, Thành phố Hồ Chí Minh, Việt Nam",Quận 3,"6311: Xử lý dữ liệu, cho thuê và các hoạt động liên quan-;4649: Bán buôn đồ dùng khác cho gia đình-Chi tiết: Bán buôn sách, báo, tạp chí (có nội dung được phép lưu hành), văn phòng phẩm. Bán buôn nước",internet
314198946,CÔNG TY TNHH TRUYỀN THÔNG VÀ GIẢI TRÍ HẢI PHONG,CÔNG TY TNHH TRUYỀN THÔNG VÀ G,Công ty trách nhiệm hữu hạn một thành viên,"Tầng lửng, Tòa nhà An Phú Plaza, 117-119 Lý Chính Thắng, Phường 07, Quận 3, Thành phố Hồ Chí Minh, Việt Nam",Quận 3,"5911: Hoạt động sản xuất phim điện ảnh, phim video và chương trình truyền hình-chi tiết: Hoạt động sản xuất chương trình truyền hình (trừ sản xuất phim, phát sóng và không thực hiện các hiệu ứng cháy,",internet
314205350,CÔNG TY TNHH MOOUT,CÔNG TY TNHH MOOUT,Công ty trách nhiệm hữu hạn một thành viên,"Tầng 5, tòa nhà Songdo, 62A Phạm Ngọc Thạch, Phường 06, Quận 3, Thành phố Hồ Chí Minh, Việt Nam",Quận 3,5820: Xuất bản phần mềm-Chi tiết: Sản xuất phần mềm;6201: Lập trình máy vi tính-;6202: Tư vấn máy vi tính và quản trị hệ thống máy vi tính-(trừ dịch vụ truy cập internet);6209: Hoạt động dịch vụ công ,internet
314199516,CÔNG TY TNHH GIẢI PHÁP NHA KHOA TIÊN PHONG,CÔNG TY TNHH GIẢI PHÁP NHA KHO,Công ty trách nhiệm hữu hạn một thành viên,"Tầng 5, Tòa nhà Songdo, 62A Phạm Ngọc Thạch, Phường 06, Quận 3, Thành phố Hồ Chí Minh, Việt Nam",Quận 3,"2599: Sản xuất sản phẩm khác bằng kim loại chưa được phân vào đâu-Chi tiết: Sản xuất răng giả bằng kim loại, mạ kim loại (không hoạt động tại trụ sở);4669: Bán buôn chuyên doanh khác chưa được phân và",internet
314207326,CÔNG TY TRÁCH NHIỆM HỮU HẠN MỘT THÀNH VIÊN INAMSOFT,CÔNG TY TRÁCH NHIỆM HỮU HẠN MỘ,Công ty trách nhiệm hữu hạn một thành viên,"Tầng 3,Tòa nhà An Phú Plaza, Số 117-119 Lý Chính Thắng, Phường 07, Quận 3, Thành phố Hồ Chí Minh, Việt Nam",Quận 3,"6201: Lập trình máy vi tính-Chi tiết: sản xuất, gia công phần mềm; 4651: Bán buôn máy vi tính, thiết bị ngoại vi và phần mềm-;7490: Hoạt động chuyên môn, khoa học và công nghệ khác chưa được phân vào ",internet
314218173,CÔNG TY TNHH NGÔI NHÀ PHÂN PHỐI PHÁP,CÔNG TY TNHH NGÔI NHÀ PHÂN PHỐ,Công ty trách nhiệm hữu hạn một thành viên,"Lầu 8, Tòa nhà Loyal, 151-151 Bis Võ Thị Sáu, Phường 06, Quận 3, Thành phố Hồ Chí Minh, Việt Nam",Quận 3,"4772: Bán lẻ thuốc, dụng cụ y tế, mỹ phẩm và vật phẩm vệ sinh trong các cửa hàng chuyên doanh-Chi tiết: Bán lẻ mỹ phẩm và vật phẩm vệ sinh trong các cửa hàng chuyên doanh;4789: Bán lẻ hàng hóa khác lư",internet
314216715,CÔNG TY TNHH THƯƠNG MẠI KIM ĐÌNH HƯƠNG,CÔNG TY TNHH THƯƠNG MẠI KIM ĐÌ,Công ty trách nhiệm hữu hạn hai thành viên trở lên,"502/24 Nguyễn Đình Chiểu, Phường 04, Quận 3, Thành phố Hồ Chí Minh, Việt Nam",Quận 3,"4669: Bán buôn chuyên doanh khác chưa được phân vào đâu-Chi tiết: Bán buôn nhang thơm;4772: Bán lẻ thuốc, dụng cụ y tế, mỹ phẩm và vật phẩm vệ sinh trong các cửa hàng chuyên doanh-Chi tiết: Bán lẻ mỹ ",internet
314203610,CÔNG TY CỔ PHẦN VIỆT NAM NAILS,CÔNG TY CỔ PHẦN VIỆT NAM NAILS,Công ty cổ phần,"212 Nguyễn Thiện Thuật, Phường 03, Quận 3, Thành phố Hồ Chí Minh, Việt Nam",Quận 3,"2599: Sản xuất sản phẩm khác bằng kim loại chưa được phân vào đâu-Chi tiết: Sản xuất, gia công kềm, dụng cụ làm móng tay, dụng cụ làm nail, dụng cụ ngành tóc (không hoạt động tại trụ sở);4669: Bán buô",internet
314237673,CÔNG TY TNHH ĐẦU TƯ THƯƠNG MẠI DỊCH VỤ TTP,CÔNG TY TNHH ĐẦU TƯ THƯƠNG MẠI,Công ty trách nhiệm hữu hạn hai thành viên trở lên,"Tầng 3, toà nhà An Phú Plaza, 117-119 Lý Chính Thắng, Phường Võ Thị Sáu, Quận 3, Thành phố Hồ Chí Minh, Việt Nam",Quận 3,"4659: Bán buôn máy móc, thiết bị và phụ tùng máy khác-;4933: Vận tải hàng hóa bằng đường bộ-(trừ hoá lỏng khí để vận chuyển);4932: Vận tải hành khách đường bộ khác-;8230: Tổ chức giới thiệu và xúc tiế",internet
314248890,CÔNG TY TNHH KINH DOANH HOÁ CHẤT VÀ IN ẤN BAO BÌ NHẬT QUANG,CÔNG TY TNHH KINH DOANH HOÁ CH,Công ty trách nhiệm hữu hạn một thành viên,"222/5 Lý Thái Tổ, Phường 01, Quận 3, Thành phố Hồ Chí Minh, Việt Nam",Quận 3,"5610: Nhà hàng và các dịch vụ ăn uống phục vụ lưu động-(không hoạt động tại trụ sở);1623: Sản xuất bao bì bằng gỗ-(không hoạt động tại trụ sở).; 1391: Sản xuất vải dệt kim, vải đan móc và vải không dệ",internet
314230170,CÔNG TY TNHH KTTC,CÔNG TY TNHH KTTC,Công ty trách nhiệm hữu hạn một thành viên,"540/29 Cách Mạng Tháng Tám, Phường 11, Quận 3, Thành phố Hồ Chí Minh, Việt Nam",Quận 3,"5229: Hoạt động dịch vụ hỗ trợ khác liên quan đến vận tải-chi tiết: Đại lý làm thủ tục hải quan;4741: Bán lẻ máy vi tính, thiết bị ngoại vi, phần mềm và thiết bị viễn thông trong các cửa hàng chuyên d",internet
314264324,CÔNG TY TNHH GIẢI PHÁP CÔNG NGHỆ APSO,CÔNG TY TNHH GIẢI PHÁP CÔNG NG,Công ty trách nhiệm hữu hạn một thành viên,"Tầng Lửng, Tòa nhà An Phú Plaza, 117-119 Lý Chính Thắng , Phường 07, Quận 3, Thành phố Hồ Chí Minh, Việt Nam",Quận 3,"4741: Bán lẻ máy vi tính, thiết bị ngoại vi, phần mềm và thiết bị viễn thông trong các cửa hàng chuyên doanh-;4742: Bán lẻ thiết bị nghe nhìn trong các cửa hàng chuyên doanh-;5820: Xuất bản phần mềm-c",internet
314250804,CÔNG TY TNHH AN NINH KHÔNG GIAN MẠNG,CÔNG TY TNHH AN NINH KHÔNG GIA,Công ty trách nhiệm hữu hạn một thành viên,"413/39A Đường Lê Văn Sỹ, Phường 12, Quận 3, Thành phố Hồ Chí Minh, Việt Nam",Quận 3,"4652: Bán buôn thiết bị và linh kiện điện tử, viễn thông-;4659: Bán buôn máy móc, thiết bị và phụ tùng máy khác-;4663: Bán buôn vật liệu, thiết bị lắp đặt khác trong xây dựng-(không hoạt động tại trụ ",internet
314263391,CÔNG TY CỔ PHẦN XÂY DỰNG VÀ THƯƠNG MẠI SÀI GÒN MI LAN,CÔNG TY CỔ PHẦN XÂY DỰNG VÀ TH,Công ty cổ phần,"Tầng 3, Tòa Nhà An Phú Plaza, 117-119 Lý Chính Thắng, Phường Võ Thị Sáu, Quận 3, Thành phố Hồ Chí Minh, Việt Nam",Quận 3,"4620: Bán buôn nông, lâm sản nguyên liệu (trừ gỗ, tre, nứa) và động vật sống-(không hoạt động tại trụ sở)
chi tiết: Bán buôn, xuất nhập khẩu các loại nông sản;4632: Bán buôn thực phẩm-chi tiết: Bán bu",internet
314267082,CÔNG TY TNHH NESNÓ,CÔNG TY TNHH NESNÓ,Công ty trách nhiệm hữu hạn một thành viên,"Tầng Trệt, số 150 Võ Thị Sáu, Phường 08, Quận 3, Thành phố Hồ Chí Minh, Việt Nam",Quận 3,"4649: Bán buôn đồ dùng khác cho gia đình-(trừ kinh doanh dược phẩm).;4641: Bán buôn vải, hàng may mặc, giày dép-;4771: Bán lẻ hàng may mặc, giày dép, hàng da và giả da trong các cửa hàng chuyên doanh-",internet
314289456,CÔNG TY TNHH TRUYỀN THÔNG DAIKO MEKONG,CÔNG TY TNHH TRUYỀN THÔNG DAIK,Công ty trách nhiệm hữu hạn hai thành viên trở lên,"Lầu 5, Toà nhà Itower, 49 Phạm Ngọc Thạch, Phường Võ Thị Sáu, Quận 3, Thành phố Hồ Chí Minh, Việt Nam",Quận 3,7310: Quảng cáo-;4799: Bán lẻ hình thức khác chưa được phân vào đâu-chi tiết: thực hiện quyền phân phối bán lẻ (không bao gồm thành lập cơ sở bán lẻ) thực phẩm chức năng (CPC 632); 4632: Bán buôn thực,internet
314295019,CÔNG TY TNHH CROPCOM,CÔNG TY TNHH CROPCOM,Công ty trách nhiệm hữu hạn một thành viên,"Tầng 5 Tòa nhà Songdo, 62A Phạm Ngọc Thạch, Phường Võ Thị Sáu, Quận 3, Thành phố Hồ Chí Minh, Việt Nam",Quận 3,6201: Lập trình máy vi tính-;6202: Tư vấn máy vi tính và quản trị hệ thống máy vi tính-(trừ dịch vụ truy cập internet);6209: Hoạt động dịch vụ công nghệ thông tin và dịch vụ khác liên quan đến máy vi ,internet
314314423,CÔNG TY TNHH MỘT CHÍN CHÍN BA,CÔNG TY TNHH MỘT CHÍN CHÍN BA,Công ty trách nhiệm hữu hạn hai thành viên trở lên,"281/16 Nam Kỳ Khởi Nghĩa, Phường 06, Quận 3, Thành phố Hồ Chí Minh, Việt Nam",Quận 3,"5610: Nhà hàng và các dịch vụ ăn uống phục vụ lưu động-Chi tiết: Nhà hàng, quán ăn, hàng ăn uống; dịch vụ ăn uống phục vụ lưu động khác;5629: Dịch vụ ăn uống khác-;5630: Dịch vụ phục vụ đồ uống-(trừ k",internet
314286381,CÔNG TY TNHH THƯƠNG MẠI DỊCH VỤ TIN HỌC CPGROUP,CÔNG TY TNHH THƯƠNG MẠI DỊCH V,Công ty trách nhiệm hữu hạn một thành viên,"Số 411/34 Nguyễn Đình Chiểu, Phường 05, Quận 3, Thành phố Hồ Chí Minh, Việt Nam",Quận 3,6201: Lập trình máy vi tính-;6202: Tư vấn máy vi tính và quản trị hệ thống máy vi tính-;6209: Hoạt động dịch vụ công nghệ thông tin và dịch vụ khác liên quan đến máy vi tính-Chi tiết: Hoạt động dịch v,internet
315481875,CÔNG TY TNHH GOLDEN GLOW,CÔNG TY TNHH GOLDEN GLOW,Công ty trách nhiệm hữu hạn hai thành viên trở lên,"24 Bàn Cờ, Phường 03, Quận 3, Thành phố Hồ Chí Minh, Việt Nam",Quận 3,"7730: Cho thuê máy móc, thiết bị và đồ dùng hữu hình khác không kèm người điều khiển-Chi tiết: Cho thuê dụng cụ, thiết bị âm thanh, ánh sáng sân khấu; máy móc, thiết bị ngành truyền thông; 5920: Hoạt ",internet
314658022,CÔNG TY TNHH DTSC,CÔNG TY TNHH DTSC,Công ty trách nhiệm hữu hạn một thành viên,"Tầng 3, Tòa nhà An Phú Plaza, 117-119 Lý Chính Thắng, Phường 07, Quận 3, Thành phố Hồ Chí Minh, Việt Nam",Quận 3,"7310: Quảng cáo-; 3319: Sửa chữa thiết bị khác-Chi tiết: Hiệu chuẩn, hiệu chỉnh, bảo dưỡng, sửa chữa, thay thế máy móc, thiết bị, phụ tùng công nghiệp và thiết bị kiểm định, đo lường, thiết bị bảo vệ,",internet
314301368,CÔNG TY TNHH ETAZERS,CÔNG TY TNHH ETAZERS,Công ty trách nhiệm hữu hạn một thành viên,"35 Nguyễn Thông, Phường 07, Quận 3, Thành phố Hồ Chí Minh, Việt Nam",Quận 3,"6190: Hoạt động viễn thông khác-Chi tiết: Hoạt động truy cập Internet, điểm cung cấp dịch vụ trò chơi đdiện tử công cộng (trừ kinh doanh trò chơi điện tử có thưởng dành cho người nước ngoài và kinh do",internet
314306197,CÔNG TY CỔ PHẦN GIẢI PHÁP SÁNG TẠO AVR VIỆT NAM,CÔNG TY CỔ PHẦN GIẢI PHÁP SÁNG,Công ty cổ phần,"Tầng 3, Tòa nhà An Phú Plaza, 117-119 Lý Chính Thắng , Phường Võ Thị Sáu, Quận 3, Thành phố Hồ Chí Minh, Việt Nam",Quận 3,"7410: Hoạt động thiết kế chuyên dụng-chi tiết: dịch vụ thiết kế đồ thị; Hoạt động trang trí nội, ngoại thất. Thiết kế đồ hoạ, thiết kế website;5820: Xuất bản phần mềm-chi tiết: sản xuất phần mềm;4651:",internet
314306944,CÔNG TY TNHH COWELL INTERNATIONAL,CÔNG TY TNHH COWELL INTERNATIO,Công ty trách nhiệm hữu hạn một thành viên,"86 (S.28) Nguyễn Thông, Phường 09, Quận 3, Thành phố Hồ Chí Minh, Việt Nam",Quận 3,"4620: Bán buôn nông, lâm sản nguyên liệu (trừ gỗ, tre, nứa) và động vật sống-(Không hoạt động tại trụ sở, trừ đấu giá tài sản);4632: Bán buôn thực phẩm-Chi tiết: Bán buôn thịt và các sản phẩm từ thịt;",internet
314331838,CÔNG TY TNHH THƯƠNG MẠI DỊCH VỤ HADI TRỊNH,CÔNG TY TNHH THƯƠNG MẠI DỊCH V,Công ty trách nhiệm hữu hạn một thành viên,"159/77/4 Trần Văn Đang, Phường 11, Quận 3, Thành phố Hồ Chí Minh, Việt Nam",Quận 3,"4100: Xây dựng nhà các loại-;4210: Xây dựng công trình đường sắt và đường bộ-;4290: Xây dựng công trình kỹ thuật dân dụng khác-;4661: Bán buôn nhiên liệu rắn, lỏng, khí và các sản phẩm liên quan-(trừ ",internet
314332687,CÔNG TY TNHH BOXBRICK,CÔNG TY TNHH BOXBRICK,Công ty trách nhiệm hữu hạn hai thành viên trở lên,"174/106 Nguyễn Thiện Thuật, Phường 03, Quận 3, Thành phố Hồ Chí Minh, Việt Nam",Quận 3,"1811: In ấn-;1812: Dịch vụ liên quan đến in-;5229: Hoạt động dịch vụ hỗ trợ khác liên quan đến vận tải-Chi tiết: Hoạt động dịch vụ hỗ trợ khác liên quan đến vận tải (trừ kinh doanh bến bãi ô tô, hóa l",internet
314332197,CÔNG TY TNHH AWA PLUS,CÔNG TY TNHH AWA PLUS,Công ty trách nhiệm hữu hạn một thành viên,"Tầng 3,Tòa nhà An Phú Plaza, 117-119 Lý Chính Thắng, Phường Võ Thị Sáu, Quận 3, Thành phố Hồ Chí Minh, Việt Nam",Quận 3,"9000: Hoạt động sáng tác, nghệ thuật và giải trí-Chi tiết: Tổ chức biểu diễn nghệ thuật chuyên nghiệp (không thực hiện các hiệu ứng cháy nổ, sử dụng chất nổ, chất cháy, hóa chất làm đạo cụ, dụng cụ th",internet
314329846,CÔNG TY CỔ PHẦN UMBALA VIỆT NAM,CÔNG TY CỔ PHẦN UMBALA VIỆT NA,Công ty cổ phần,"292/15 Cách Mạng Tháng Tám, Phường 10, Quận 3, Thành phố Hồ Chí Minh, Việt Nam",Quận 3,"4329: Lắp đặt hệ thống xây dựng khác-(trừ gia công cơ khí, tái chế phế thải, xi mạ điện tại trụ sở).;4330: Hoàn thiện công trình xây dựng-Chi tiết: Hoàn thiện công trình xây dựng;4632: Bán buôn thực p",internet
314343713,CÔNG TY TNHH TLD GROUPS,CÔNG TY TNHH TLD GROUPS,Công ty trách nhiệm hữu hạn hai thành viên trở lên,"518/8 Cách Mạng Tháng Tám, Phường 11, Quận 3, Thành phố Hồ Chí Minh, Việt Nam",Quận 3,"1811: In ấn-(trừ in lụa, in tráng bao bì kim loại, in trên sản phẩm vải, sợi, dệt, may đan tại trụ sở).;1812: Dịch vụ liên quan đến in-;4669: Bán buôn chuyên doanh khác chưa được phân vào đâu-Chi tiết",internet
314336071,CÔNG TY TNHH TRUYỀN THÔNG VÀ GIẢI TRÍ REVOLUTION,CÔNG TY TNHH TRUYỀN THÔNG VÀ G,Công ty trách nhiệm hữu hạn hai thành viên trở lên,"240/1 Đường Pasteur, Phường 06, Quận 3, Thành phố Hồ Chí Minh, Việt Nam",Quận 3,4722: Bán lẻ thực phẩm trong các cửa hàng chuyên doanh-(Thực hiện theo Quyết định số 64/2009/QĐ-UBND ngày 31/07/2009 của Ủy ban nhân dân Thành phố Hồ Chí Minh và Quyết định 79/2009/QĐ-UBND ngày 17/10/,internet
314378794,CÔNG TY CỔ PHẦN TẬP ĐOÀN NÔNG VIỆT,CÔNG TY CỔ PHẦN TẬP ĐOÀN NÔNG ,Công ty cổ phần,"472/20 Cách Mạng Tháng Tám, Phường 11, Quận 3, Thành phố Hồ Chí Minh, Việt Nam",Quận 3,"4662: Bán buôn kim loại và quặng kim loại-(trừ mua bán vàng miếng);4663: Bán buôn vật liệu, thiết bị lắp đặt khác trong xây dựng-(không hoạt động tại trụ sở);4669: Bán buôn chuyên doanh khác chưa được",internet
314389669,CÔNG TY TNHH THƯƠNG MẠI - DỊCH VỤ - PHÁT TRIỂN NGUYỄN HOÀNG,CÔNG TY TNHH THƯƠNG MẠI  DỊCH ,Công ty trách nhiệm hữu hạn một thành viên,"210/12 Cách Mạng Tháng Tám, Phường 10, Quận 3, Thành phố Hồ Chí Minh, Việt Nam",Quận 3,"2593: Sản xuất dao kéo, dụng cụ cầm tay và đồ kim loại thông dụng-;2599: Sản xuất sản phẩm khác bằng kim loại chưa được phân vào đâu-Chi tiết: Sản xuất đồ dùng bằng kim loại cho nhà bếp, nhà vệ sinh v",internet
314390745,CÔNG TY CỔ PHẦN LẬP TRÌNH ZEND VIỆT NAM,CÔNG TY CỔ PHẦN LẬP TRÌNH ZEND,Công ty cổ phần,"Tầng 5, Tòa nhà Songdo, 62A Phạm Ngọc Thạch, Phường Võ Thị Sáu, Quận 3, Thành phố Hồ Chí Minh, Việt Nam",Quận 3,"6201: Lập trình máy vi tính-;4321: Lắp đặt hệ thống điện-(trừ lắp đặt các thiết bị điện lạnh (thiết bị cấp đông, kho lạnh, máy đá, điều hòa không khí, làm lạnh nước) sử dụng ga lạnh R22 trong lĩnh vực",internet
314397363,CÔNG TY TNHH THƯƠNG MẠI DỊCH VỤ XUẤT NHẬP KHẨU ORGANIC PHARMA,CÔNG TY TNHH THƯƠNG MẠI DỊCH V,Công ty trách nhiệm hữu hạn một thành viên,"56/8 Đường Lý Thái Tổ, Phường 02, Quận 3, Thành phố Hồ Chí Minh, Việt Nam",Quận 3,"1812: Dịch vụ liên quan đến in-;4663: Bán buôn vật liệu, thiết bị lắp đặt khác trong xây dựng-(không hoạt động tại trụ sở);4669: Bán buôn chuyên doanh khác chưa được phân vào đâu-;4711: Bán lẻ lương t",internet
314380546,CÔNG TY CỔ PHẦN T.I.S CỬU LONG,CÔNG TY CỔ PHẦN TIS CỬU LONG,Công ty cổ phần,"75 Huỳnh Tịnh Của, Phường 08, Quận 3, Thành phố Hồ Chí Minh, Việt Nam",Quận 3,"1010: Chế biến, bảo quản thịt và các sản phẩm từ thịt-chi tiết: Chế biến và đóng hộp thịt (không giết mổ gia súc, gia cầm tại trụ sở);1020: Chế biến, bảo quản thuỷ sản và các sản phẩm từ thuỷ sản-chi ",internet
314384413,CÔNG TY TNHH THƯƠNG MẠI DỊCH VỤ ĐẠI VŨ LONG,CÔNG TY TNHH THƯƠNG MẠI DỊCH V,Công ty trách nhiệm hữu hạn một thành viên,"540/29 Cách Mạng Tháng 8, Phường 11, Quận 3, Thành phố Hồ Chí Minh, Việt Nam",Quận 3,"7830: Cung ứng và quản lý nguồn lao động-chi tiết: cung ứng và quản lý nguồn lao động trong nước (trừ cho thuê lại lao động );4311: Phá dỡ-;2710: Sản xuất mô tơ, máy phát, biến thế điện, thiết bị phân",internet
314368002,CÔNG TY TNHH GIÁO DỤC THƯƠNG MẠI DỊCH VỤ HÙNG SƠN GROUP,CÔNG TY TNHH GIÁO DỤC THƯƠNG M,Công ty trách nhiệm hữu hạn hai thành viên trở lên,"68/A1 Trần Quang Diệu, Phường 14, Quận 3, Thành phố Hồ Chí Minh, Việt Nam",Quận 3,"0150: Trồng trọt, chăn nuôi hỗn hợp-;0161: Hoạt động dịch vụ trồng trọt-;0162: Hoạt động dịch vụ chăn nuôi-;1020: Chế biến, bảo quản thuỷ sản và các sản phẩm từ thuỷ sản-;1610: Cưa, xẻ, bào gỗ và bảo ",internet
314386668,CÔNG TY TNHH HỘI NGỘ QUÁN,CÔNG TY TNHH HỘI NGỘ QUÁN,Công ty trách nhiệm hữu hạn một thành viên,"322/36 Nguyễn Đình Chiểu, Phường 04, Quận 3, Thành phố Hồ Chí Minh, Việt Nam",Quận 3,6190: Hoạt động viễn thông khác-Chi tiết: Hoạt động của các điểm truy cập Internet. Điểm cung cấp dịch vụ trò chơi điện tử công cộng (trừ kinh doanh trò chơi có thưởng dành cho người nước ngoài và kin,internet
314410575,CÔNG TY TNHH B2X CARE SOLUTIONS VIETNAM,CÔNG TY TNHH B2X CARE SOLUTION,Công ty trách nhiệm hữu hạn một thành viên,"65A Hồ Xuân Hương, Phường Võ Thị Sáu, Quận 3, Thành phố Hồ Chí Minh, Việt Nam",Quận 3,"3312: Sửa chữa máy móc, thiết bị-;3313: Sửa chữa thiết bị điện tử và quang học-(trừ gia công cơ khí, tái chế phế thải, xi mạ điện tại trụ sở);6202: Tư vấn máy vi tính và quản trị hệ thống máy vi tính-",internet
314381363,CÔNG TY TNHH CHUỖI THỰC PHẨM FARMILY,CÔNG TY TNHH CHUỖI THỰC PHẨM F,Công ty trách nhiệm hữu hạn hai thành viên trở lên,"541 Nguyễn Đình Chiểu, Phường 02, Quận 3, Thành phố Hồ Chí Minh, Việt Nam",Quận 3,"0111: Trồng lúa-(không hoạt động tại trụ sở).;0113: Trồng cây lấy củ có chất bột-(không hoạt động tại trụ sở).;0118: Trồng rau, đậu các loại và trồng hoa, cây cảnh-(không hoạt động tại trụ sở).;0119: ",internet
314396137,CÔNG TY TNHH TM ANH QUÂN,CÔNG TY TNHH TM ANH QUÂN,Công ty trách nhiệm hữu hạn một thành viên,"14C Nguyễn Sơn Hà, Phường 05, Quận 3, Thành phố Hồ Chí Minh, Việt Nam",Quận 3,"2825: Sản xuất máy chế biến thực phẩm, đồ uống và thuốc lá-;2592: Gia công cơ khí; xử lý và tráng phủ kim loại-(không hoạt động tại trụ sở);1629: Sản xuất sản phẩm khác từ gỗ; sản xuất sản phẩm từ tre",internet
314393873,CÔNG TY TNHH TM VĂN DŨNG,CÔNG TY TNHH TM VĂN DŨNG,Công ty trách nhiệm hữu hạn một thành viên,"số 3 Nguyễn Sơn Hà, Phường 05, Quận 3, Thành phố Hồ Chí Minh, Việt Nam",Quận 3,"4641: Bán buôn vải, hàng may sẵn, giày dép-;7410: Hoạt động thiết kế chuyên dụng-Chi tiết: Hoạt động trang trí nội, ngoại thất;7730: Cho thuê máy móc, thiết bị và đồ dùng hữu hình khác-Chi tiết: Cho t",internet
314400400,CÔNG TY TNHH THỦY HẢI SẢN TIẾN MINH,CÔNG TY TNHH THỦY HẢI SẢN TIẾN,Công ty trách nhiệm hữu hạn hai thành viên trở lên,"Phòng 305, Tòa Nhà TPP, 141 Nguyễn Đình Chiểu, Phường 06, Quận 3, Thành phố Hồ Chí Minh, Việt Nam",Quận 3,"7310: Quảng cáo-(trừ tư vấn tài chính, kế toán, pháp luật);7490: Hoạt động chuyên môn, khoa học và công nghệ khác chưa được phân vào đâu-Chi tiết: Hoạt động môi giới thương mại.; 8292: Dịch vụ đóng gó",internet
314437707,CÔNG TY TNHH CREATIVE LAB,CÔNG TY TNHH CREATIVE LAB,Công ty trách nhiệm hữu hạn hai thành viên trở lên,"358/6/10 Cách Mạng Tháng Tám, Phường 10, Quận 3, Thành phố Hồ Chí Minh, Việt Nam",Quận 3,1811: In ấn-Chi tiết: In bao bì (không hoạt động tại trụ sở);5224: Bốc xếp hàng hóa-Chi tiết: Bốc xếp hàng hóa đường bộ;5229: Hoạt động dịch vụ hỗ trợ khác liên quan đến vận tải-Chi tiết: Dịch vụ cứu ,internet
314438588,CÔNG TY TNHH QUẢNG CÁO REDBEAN,CÔNG TY TNHH QUẢNG CÁO REDBEAN,Công ty trách nhiệm hữu hạn một thành viên,"Tầng 5, Tòa nhà Songdo, 62A Phạm Ngọc Thạch, Phường 06, Quận 3, Thành phố Hồ Chí Minh, Việt Nam",Quận 3,"1811: In ấn-(trừ in, tráng bao bì kim loại; in trên các sản phẩm vải, sợi, dệt, may, đan tại trụ sở);5912: Hoạt động hậu kỳ-(không thực hiện các hiệu ứng cháy, nổ; không sử dụng chất nổ, chất cháy, hó",internet
314446317,CÔNG TY TNHH THƯƠNG MẠI PERFECT LIFE,CÔNG TY TNHH THƯƠNG MẠI PERFE,Công ty trách nhiệm hữu hạn một thành viên,"Tầng 5, Tòa nhà Song Đô, 62A Phạm Ngọc Thạch, Phường 06, Quận 3, Thành phố Hồ Chí Minh, Việt Nam",Quận 3,"2023: Sản xuất mỹ phẩm, xà phòng, chất tẩy rửa, làm bóng và chế phẩm vệ sinh-Chi tiết: Sản xuất mỹ phẩm (không hoạt động tại trụ sở).;1079: Sản xuất thực phẩm khác chưa được phân vào đâu-Chi",internet
314413819,CÔNG TY CỔ PHẦN NỘI THẤT KHÔNG GIAN THÔNG MINH,CÔNG TY CỔ PHẦN NỘI THẤT KHÔNG,Công ty cổ phần,"Tầng 2, Tòa nhà Pacific, 168 Võ Thị Sáu, Phường Võ Thị Sáu, Quận 3, Thành phố Hồ Chí Minh, Việt Nam",Quận 3,"4322: Lắp đặt hệ thống cấp, thoát nước, hệ thống sưởi và điều hoà không khí-(trừ gia công cơ khí, tái chế phế thải, xi mạ điện tại trụ sở và trừ lắp đặt các thiết bị lạnh (thiết bị cấp đông, kho lạnh,",internet
314420774,CÔNG TY TNHH GIẢI PHÁP CÔNG NGHỆ HỘI TỤ SỐ,CÔNG TY TNHH GIẢI PHÁP CÔNG NG,Công ty trách nhiệm hữu hạn một thành viên,"399/36/9 Nguyễn Đình Chiểu, Phường 05, Quận 3, Thành phố Hồ Chí Minh, Việt Nam",Quận 3,"1811: In ấn-(trừ in, tráng bao bì kim loại; in trên các sản phẩm vải sợi, dệt, may, đan tại trụ sở);1812: Dịch vụ liên quan đến in-;4669: Bán buôn chuyên doanh khác chưa được phân vào đâu-Chi tiết: Bá",internet
314425388,CÔNG TY TNHH MỸ PHẨM THIÊN HOA,CÔNG TY TNHH MỸ PHẨM THIÊN HOA,Công ty trách nhiệm hữu hạn hai thành viên trở lên,"16/16/26A Nguyễn Thiện Thuật, Phường 02, Quận 3, Thành phố Hồ Chí Minh, Việt Nam",Quận 3,5210: Kho bãi và lưu giữ hàng hóa-Chi tiết: Lưu giữ hàng hóa (trừ kinh doanh kho bãi);5224: Bốc xếp hàng hóa-(trừ bốc xếp hàng hóa đường hàng không);5229: Hoạt động dịch vụ hỗ trợ khác liên quan đến v,internet
314432956,CÔNG TY CỔ PHẦN ĐẦU TƯ ÍCH HỮU,CÔNG TY CỔ PHẦN ĐẦU TƯ ÍCH HỮU,Công ty cổ phần,"Số 466/1A Lê Văn Sỹ, Phường 14, Quận 3, Thành phố Hồ Chí Minh, Việt Nam",Quận 3,"4711: Bán lẻ lương thực, thực phẩm, đồ uống, thuốc lá, thuốc lào chiếm tỷ trọng lớn trong các cửa hàng kinh doanh tổng hợp-(Thực hiện theo Quyết định 64/2009/QĐ-UBND ngày 31/07/2009 và Quyết định 79/2",internet
314471377,CÔNG TY TNHH CÔNG NGHỆ DỊCH VỤ THẾ KỶ 21,CÔNG TY TNHH CÔNG NGHỆ DỊCH VỤ,Công ty trách nhiệm hữu hạn hai thành viên trở lên,"374 Võ Văn Tần, Phường 05, Quận 3, Thành phố Hồ Chí Minh, Việt Nam",Quận 3,"4610: Đại lý, môi giới, đấu giá-chi tiết: Đại lý, môi giới (Trừ môi giới bất động sản);4741: Bán lẻ máy vi tính, thiết bị ngoại vi, phần mềm và thiết bị viễn thông trong các cửa hàng chuyên doanh-;474",internet
314435481,CÔNG TY TNHH SẢN XUẤT THƯƠNG MẠI DỊCH VỤ H2,CÔNG TY TNHH SẢN XUẤT THƯƠNG M,Công ty trách nhiệm hữu hạn một thành viên,"386 Bis Lê Văn Sỹ, Phường 14, Quận 3, Thành phố Hồ Chí Minh, Việt Nam",Quận 3,"1079: Sản xuất thực phẩm khác chưa được phân vào đâu-chi tiết: rang và lọc cà phê. sản xuất các sản phẩm cà phê như: cà phê hòa tan, cà phê lọc, chiết xuất cà phê cô đặc. sản xuất chiết xuất và chế ph",internet
314437697,CÔNG TY TNHH THƯƠNG MẠI DỊCH VỤ TƯỜNG VINH,CÔNG TY TNHH THƯƠNG MẠI DỊCH V,Công ty trách nhiệm hữu hạn một thành viên,"Tầng lửng tại tầng 1, Tòa nhà An Phú Plaza, 117-119 Lý Chính Thắng, Phường 07, Quận 3, Thành phố Hồ Chí Minh, Việt Nam",Quận 3,"4724: Bán lẻ sản phẩm thuốc lá, thuốc lào trong các cửa hàng chuyên doanh-(thực hiện theo Quyết định số 64/2009/QĐ-UBND ngày 31/07/2009 và Quyết định số 79/2009/QĐ-UBND ngày 17/10/2009 của Ủy Ban Nhân",internet
314443884,CÔNG TY CỔ PHẦN VNET GROUP,CÔNG TY CỔ PHẦN VNET GROUP,Công ty cổ phần,"Tầng lửng tại tầng 1,Tòa nhà An Phú Plaza, 117-119 Lý Chính Thắng, Phường 07, Quận 3, Thành phố Hồ Chí Minh, Việt Nam",Quận 3,6201: Lập trình máy vi tính-;6202: Tư vấn máy vi tính và quản trị hệ thống máy vi tính-;6209: Hoạt động dịch vụ công nghệ thông tin và dịch vụ khác liên quan đến máy vi tính-Chi tiết: Khắc phục các sự,internet
314453716,CÔNG TY TNHH THƯƠNG MẠI DỊCH VỤ KỸ THUẬT ĐIỆN CÔNG NGHIỆP P.N.T,CÔNG TY TNHH THƯƠNG MẠI DỊCH V,Công ty trách nhiệm hữu hạn một thành viên,"Tầng 8, Tòa nhà Callary, số 123 Lý Chính Thắng, Phường Võ Thị Sáu, Quận 3, Thành phố Hồ Chí Minh, Việt Nam",Quận 3,6190: Hoạt động viễn thông khác-Chi tiết: hoạt động của các điểm truy cập internet;6201: Lập trình máy vi tính-;6202: Tư vấn máy vi tính và quản trị hệ thống máy vi tính-;6209: Hoạt động dịch vụ công ,internet
314463986,CÔNG TY TNHH DINHKLE,CÔNG TY TNHH DINHKLE,Công ty trách nhiệm hữu hạn một thành viên,"60/19A Lý Chính Thắng, Phường 08, Quận 3, Thành phố Hồ Chí Minh, Việt Nam",Quận 3,4722: Bán lẻ thực phẩm trong các cửa hàng chuyên doanh-Chi tiết: Bán lẻ thực phẩm chức năng (thực hiện theo Quyết định 64/2009/QĐ-UBND ngày 31/7/2009 của Ủy ban nhân dân Thành phố Hồ Chí Minh và Quyết,internet
314511485,CÔNG TY TNHH SẢN XUẤT THƯƠNG MẠI DỊCH VỤ KIM BẠCH NGỌC,CÔNG TY TNHH SẢN XUẤT THƯƠNG M,Công ty trách nhiệm hữu hạn hai thành viên trở lên,"Tầng lửng tại Tầng 1, Tòa nhà An Phú Plaza, 117-119 Lý Chính Thắng, Phường 07, Quận 3, Thành phố Hồ Chí Minh, Việt Nam",Quận 3,5820: Xuất bản phần mềm-Chi tiết: Sản xuất phần mềm;6201: Lập trình máy vi tính-;6202: Tư vấn máy vi tính và quản trị hệ thống máy vi tính-;6209: Hoạt động dịch vụ công nghệ thông tin và dịch vụ khác ,internet
314476512,CÔNG TY CỔ PHẦN SO GOOD FOOD,CÔNG TY CỔ PHẦN SO GOOD FOOD,Công ty cổ phần,"Lầu 5, Tòa nhà Leman, 117 Nguyễn Đình Chiểu, Phường 06, Quận 3, Thành phố Hồ Chí Minh, Việt Nam",Quận 3,"4669: Bán buôn chuyên doanh khác chưa được phân vào đâu-(trừ bán buôn hóa chất tại trụ sở, trừ bán buôn thuốc trừ sâu và hóa chất sử dụng trong nông nghiệp và không bán buôn phế liệu, phế thải kim loạ",internet
314481110,CÔNG TY CỔ PHẦN SHOPINESS,CÔNG TY CỔ PHẦN SHOPINESS,Công ty cổ phần,"191 Nam Kỳ Khởi Nghĩa, Phường Võ Thị Sáu, Quận 3, Thành phố Hồ Chí Minh, Việt Nam",Quận 3,"4791: Bán lẻ theo yêu cầu đặt hàng qua bưu điện hoặc internet-(trừ bán lẻ bình gas, khí dầu mỏ hóa lỏng LPG, dầu nhớt cặn, vàng miếng, súng, đạn loại dùng đi săn hoặc thể thao và tiền kim khí và thực ",internet
314481745,CÔNG TY CỔ PHẦN DỊCH VỤ CẢNG TÂN SƠN NHẤT,CÔNG TY CỔ PHẦN DỊCH VỤ CẢNG T,Công ty cổ phần,"Tầng lửng tại Tầng 1, Tòa nhà An Phú Plaza, 117-119 Lý Chính Thắng , Phường 07, Quận 3, Thành phố Hồ Chí Minh, Việt Nam",Quận 3,7110: Hoạt động kiến trúc và tư vấn kỹ thuật có liên quan-Chi tiết: Tư vấn xây dựng.  - Thiết kế kiến trúc công trình. Thiết kế kết cấu công trình dân dụng và công nghiệp. Giám sát công tác xây dựng v,internet
314527291,CÔNG TY TNHH THƯƠNG MẠI QUẢNG CÁO PDCA,CÔNG TY TNHH THƯƠNG MẠI QUẢNG ,Công ty trách nhiệm hữu hạn một thành viên,"287/2 Nguyễn Đình Chiểu, Phường 05, Quận 3, Thành phố Hồ Chí Minh, Việt Nam",Quận 3,"6190: Hoạt động viễn thông khác-chi tiết: đại lý cung cấp dịch vụ bưu chính, viễn thông; dịch vụ thông tin lên mạng internet;4641: Bán buôn vải, hàng may sẵn, giày dép-;4659: Bán buôn máy móc, thiết b",internet
314490147,CÔNG TY TNHH KẾT NỐI SẢN XUẤT VÀ TRUYỀN THÔNG,CÔNG TY TNHH KẾT NỐI SẢN XUẤT ,Công ty trách nhiệm hữu hạn một thành viên,"Tầng 3, Toà Nhà An Phú Plaza, Số 117-119 Lý Chính Thắng, Phường 07, Quận 3, Thành phố Hồ Chí Minh, Việt Nam",Quận 3,"5229: Hoạt động dịch vụ hỗ trợ khác liên quan đến vận tải-Chi tiết: Đại lý bán vé máy bay (trừ hóa lỏng khí để vận chuyển và hoạt động liên quan đến vận tải đường hàng không).;4620: Bán buôn nông, lâm",internet
314483439,CÔNG TY TNHH THƯƠNG MẠI - TIN HỌC NGUYỄN AN KHANG,CÔNG TY TNHH THƯƠNG MẠI  TIN H,Công ty trách nhiệm hữu hạn một thành viên,"382/30 Nguyễn Thị Minh Khai, Phường 05, Quận 3, Thành phố Hồ Chí Minh, Việt Nam",Quận 3,"4651: Bán buôn máy vi tính, thiết bị ngoại vi và phần mềm-Chi tiết: bán buôn linh kiện máy vi tính, vật tư, nguyên liệu, máy móc, thiết bị, phụ tùng công nghệ tin học;4652: Bán buôn thiết bị và linh k",internet
314547530,CÔNG TY CỔ PHẦN ĐẦU TƯ VÀ TIẾP THỊ IZAR,CÔNG TY CỔ PHẦN ĐẦU TƯ VÀ TIẾP,Công ty cổ phần,"Tầng 3, Tòa nhà An Phú Plaza, 117-119 Lý Chính Thắng, Phường Võ Thị Sáu, Quận 3, Thành phố Hồ Chí Minh, Việt Nam",Quận 3,6190: Hoạt động viễn thông khác-chi tiết: hoạt động của các điểm truy cập internet. Cung cấp dịch vụ thông tin trên mạng viễn thông di động. Đại lý cung cấp và khai thác các dịch vụ gia tăng giá trị t,internet
314498040,CÔNG TY TNHH THƯƠNG MẠI KỸ THUẬT VƯƠNG PHÁT,CÔNG TY TNHH THƯƠNG MẠI KỸ THU,Công ty trách nhiệm hữu hạn hai thành viên trở lên,"Tầng 5, Tòa nhà Songdo, 62A Phạm Ngọc Thạch, Phường Võ Thị Sáu, Quận 3, Thành phố Hồ Chí Minh, Việt Nam",Quận 3,"4669: Bán buôn chuyên doanh khác chưa được phân vào đâu-Chi tiết: 
-	Bán buôn bao bì nhựa và các sản phẩm từ nhựa.
-	Bán buôn hóa chất trong lĩnh vực công nghiệp (không hoạt động tại trụ sở);4722: Bán",internet
314514849,CÔNG TY TNHH RUBIX,CÔNG TY TNHH RUBIX,Công ty trách nhiệm hữu hạn hai thành viên trở lên,"Tầng Lửng tại tầng 1, Tòa nhà An Phú Plaza, 117 -119 Lý Chính Thắng, Phường 07, Quận 3, Thành phố Hồ Chí Minh, Việt Nam",Quận 3,6201: Lập trình máy vi tính-;6202: Tư vấn máy vi tính và quản trị hệ thống máy vi tính-;6209: Hoạt động dịch vụ công nghệ thông tin và dịch vụ khác liên quan đến máy vi tính-(trừ kinh doanh dịch vụ tr,internet
314526996,CÔNG TY TNHH TƯ VẤN DỊCH VỤ VIỆT ĐỨC,CÔNG TY TNHH TƯ VẤN DỊCH VỤ VI,Công ty trách nhiệm hữu hạn một thành viên,"Tầng lửng tại tầng 1, Tòa nhà An Phú Plaza, 117-119 Lý Chính Thắng, Phường 07, Quận 3, Thành phố Hồ Chí Minh, Việt Nam",Quận 3,"4771: Bán lẻ hàng may mặc, giày dép, hàng da và giả da trong các cửa hàng chuyên doanh-;4772: Bán lẻ thuốc, dụng cụ y tế, mỹ phẩm và vật phẩm vệ sinh trong các cửa hàng chuyên doanh-Chi tiết: Bán lẻ n",internet
314515063,CÔNG TY TNHH THƯƠNG MẠI DỊCH VỤ ĐẦU TƯ CỔNG MẶT TRỜI,CÔNG TY TNHH THƯƠNG MẠI DỊCH V,Công ty trách nhiệm hữu hạn một thành viên,"62A Phạm Ngọc Thạch, Phường Võ Thị Sáu, Quận 3, Thành phố Hồ Chí Minh, Việt Nam",Quận 3,"7320: Nghiên cứu thị trường và thăm dò dư luận-(trừ các loại thông tin Nhà Nước cấm và dịch vụ điều tra);7410: Hoạt động thiết kế chuyên dụng-(trừ thiết kế công trình, giám sát thi công, khảo sát xây ",internet
314526114,CÔNG TY TNHH YEAH1 NETWORK VIỆT NAM,CÔNG TY TNHH YEAH1 NETWORK VIỆ,Công ty trách nhiệm hữu hạn hai thành viên trở lên,"Số 191, đường Nam Kỳ Khởi Nghĩa, Phường Võ Thị Sáu, Quận 3, Thành phố Hồ Chí Minh, Việt Nam",Quận 3,"7020: Hoạt động tư vấn quản lý-(trừ tư vấn tài chính, kế toán, pháp lý). 
(Doanh nghiệp không được cung cấp dịch vụ trọng tài hòa giải đối với tranh chấp thương mại giữa các thương nhân, dịch vụ pháp ",network
314181269,CÔNG TY TNHH CƠN BÃO SÁNG TẠO,CÔNG TY TNHH CƠN BÃO SÁNG TẠO,Công ty trách nhiệm hữu hạn một thành viên,"Tầng 3, Tòa nhà An Phú Plaza 117-119 Lý Chính Thắng, Phường 07, Quận 3, Thành phố Hồ Chí Minh, Việt Nam",Quận 3,"8532: Giáo dục nghề nghiệp-Chi tiết: Dạy nghề;8559: Giáo dục khác chưa được phân vào đâu-(trừ dạy về các tôn giáo, các trường của tổ chức Đảng, đoàn thể)
Chi tiết: Giáo dục không xác định theo cấp độ ",internet
314532573,CÔNG TY TNHH KINGSOFT,CÔNG TY TNHH KINGSOFT,Công ty trách nhiệm hữu hạn hai thành viên trở lên,"Tầng 7, Cao Ốc IDD, 111A Lý Chính Thắng, Phường 07, Quận 3, Thành phố Hồ Chí Minh, Việt Nam",Quận 3,"4741: Bán lẻ máy vi tính, thiết bị ngoại vi, phần mềm và thiết bị viễn thông trong các cửa hàng chuyên doanh-;4742: Bán lẻ thiết bị nghe nhìn trong các cửa hàng chuyên doanh-;5820: Xuất bản phần mềm-C",internet
314518032,CÔNG TY TNHH HANDIING VIETNAM,CÔNG TY TNHH HANDIING VIETNAM,Công ty trách nhiệm hữu hạn hai thành viên trở lên,"134/1/9 Cách Mạng Tháng Tám, Phường 10, Quận 3, Thành phố Hồ Chí Minh, Việt Nam",Quận 3,"4719: Bán lẻ khác trong các cửa hàng kinh doanh tổng hợp-(trừ bán lẻ bình gas, súng, đạn loại dùng đi săn hoặc thể thao và tiền kim khí, hóa chất và thực hiện theo Quyết định 64/2009/QĐ-UBND ngày 31/7",internet
314528464,CÔNG TY TNHH THƯƠNG MẠI DỊCH VỤ LIOZ,CÔNG TY TNHH THƯƠNG MẠI DỊCH V,Công ty trách nhiệm hữu hạn hai thành viên trở lên,"86 Nguyễn Sơn Hà, Phường 05, Quận 3, Thành phố Hồ Chí Minh, Việt Nam",Quận 3,"4653: Bán buôn máy móc, thiết bị và phụ tùng máy nông nghiệp-;4662: Bán buôn kim loại và quặng kim loại-Chi tiết: Bán buôn sắt, thép;4663: Bán buôn vật liệu, thiết bị lắp đặt khác trong xây dựng-(khôn",internet
314586339,CÔNG TY CỔ PHẦN PHÁT TRIỂN TIỀM NĂNG CON NGƯỜI FIFA,CÔNG TY CỔ PHẦN PHÁT TRIỂN TIỀ,Công ty cổ phần,"278 Pasteur, Phường 08, Quận 3, Thành phố Hồ Chí Minh, Việt Nam",Quận 3,"8522: Giáo dục trung học cơ sở-;7211: Nghiên cứu khoa học và phát triển công nghệ trong lĩnh vực khoa học tự nhiên-;8559: Giáo dục khác chưa được phân vào đâu-chi tiết: dạy ngoại ngữ, dạy kỹ năng đàm ",internet
314524660,CÔNG TY CỔ PHẦN CÔNG NGHỆ XANH GODA,CÔNG TY CỔ PHẦN CÔNG NGHỆ XANH,Công ty cổ phần,"Tầng lửng tại tầng 1, Tòa nhà An Phú Plaza, 117-119 Lý Chính Thắng, Phường 07, Quận 3, Thành phố Hồ Chí Minh, Việt Nam",Quận 3,"4311: Phá dỡ-;4312: Chuẩn bị mặt bằng-;4321: Lắp đặt hệ thống điện-;4322: Lắp đặt hệ thống cấp, thoát nước, lò sưởi và điều hoà không khí-(trừ lắp đặt các thiết bị điện lạnh (thiết bị cấp đông, kho lạ",internet
314555588,CÔNG TY TNHH TƯ VẤN MIC VIỆT NAM,CÔNG TY TNHH TƯ VẤN MIC VIỆT N,Công ty trách nhiệm hữu hạn một thành viên,"Lầu 1, Tòa nhà HSC, Số 162B Điện Biên Phủ, Phường 06, Quận 3, Thành phố Hồ Chí Minh, Việt Nam",Quận 3,"4741: Bán lẻ máy vi tính, thiết bị ngoại vi, phần mềm và thiết bị viễn thông trong các cửa hàng chuyên doanh-Chi tiết: Chi tiết: Bán lẻ sim card điện thoại, thẻ internet, thẻ sim và thiết bị, linh kiệ",internet
314431399,CÔNG TY TNHH THƯƠNG MẠI DỊCH VỤ VIETCARE,CÔNG TY TNHH THƯƠNG MẠI DỊCH V,Công ty trách nhiệm hữu hạn một thành viên,"45 Trương Định, Phường 06, Quận 3, Thành phố Hồ Chí Minh, Việt Nam",Quận 3,6190: Hoạt động viễn thông khác-Chi tiết: Hoạt động của các điểm truy cập internet; Đại lý dịch vụ viễn thông; Cung cấp dịch vụ giá trị gia tăng trên mạng viễn thông;;6209: Hoạt động dịch vụ công nghệ,internet
314617636,CÔNG TY TNHH THƯƠNG MẠI DỊCH VỤ KỸ THUẬT THÁI DUY,CÔNG TY TNHH THƯƠNG MẠI DỊCH V,Công ty trách nhiệm hữu hạn một thành viên,"Tầng 14, Tòa Nhà HM Town, 412 Nguyễn Thị Minh Khai, Phường 05, Quận 3, Thành phố Hồ Chí Minh, Việt Nam",Quận 3,"4741: Bán lẻ máy vi tính, thiết bị ngoại vi, phần mềm và thiết bị viễn thông trong các cửa hàng chuyên doanh-;6110: Hoạt động viễn thông có dây-(trừ cung cấp dịch vụ truy cập, truy nhập internet tại t",internet
314570201,CÔNG TY TNHH XUẤT NHẬP KHẨU NGÔI SAO TRUNG ĐÔNG,CÔNG TY TNHH XUẤT NHẬP KHẨU NG,Công ty trách nhiệm hữu hạn một thành viên,"Tầng 5, Tòa nhà Songdo, 62A Phạm Ngọc Thạch, Phường 06, Quận 3, Thành phố Hồ Chí Minh, Việt Nam",Quận 3,"5229: Hoạt động dịch vụ hỗ trợ khác liên quan đến vận tải-(trừ kinh doanh bến bãi ôtô, hóa lỏng khí để vận chuyển và hoạt động liên quan đến vận tải đường hàng không)
Chi tiết: Gửi hàng; Sắp xếp hoặc ",internet
314598101,CÔNG TY TNHH THƯƠNG MẠI DỊCH VỤ XUẤT NHẬP KHẨU SẮC MÀU TỰ NHIÊN,CÔNG TY TNHH THƯƠNG MẠI DỊCH V,Công ty trách nhiệm hữu hạn một thành viên,"14 Lê Ngô Cát, Phường 07, Quận 3, Thành phố Hồ Chí Minh, Việt Nam",Quận 3,"4663: Bán buôn vật liệu, thiết bị lắp đặt khác trong xây dựng-chi tiết: Bán buôn xi măng; gạch xây, ngói, đá, cát, sỏi; kính xây dựng; gạch ốp lát và thiết bị vệ sinh; vật liệu, thiết bị lắp đặt khác ",internet
314584437,CÔNG TY TNHH CÔNG NGHỆ NETCA,CÔNG TY TNHH CÔNG NGHỆ NETCA,Công ty trách nhiệm hữu hạn một thành viên,"540/29 Đường Cách Mạng Tháng Tám, Phường 11, Quận 3, Thành phố Hồ Chí Minh, Việt Nam",Quận 3,"6311: Xử lý dữ liệu, cho thuê và các hoạt động liên quan-Chi tiết: Dịch vụ giá trị gia tăng trên mạng, dịch vụ truy cập dữ liệu và thông tin trên mạng, dịch vụ xử lý dữ liệu và thông tin trên mạng, dị",internet
314457580,CÔNG TY TNHH CÔNG NGHIỆP VÀ NĂNG LƯỢNG VIỆT NAM,CÔNG TY TNHH CÔNG NGHIỆP VÀ NĂ,Công ty trách nhiệm hữu hạn hai thành viên trở lên,"115 Pasteur, Phường Võ Thị Sáu, Quận 3, Thành phố Hồ Chí Minh, Việt Nam",Quận 3,"4330: Hoàn thiện công trình xây dựng-;4610: Đại lý, môi giới, đấu giá-Chi tiết: Đại lý, môi giới (trừ môi giới bất động sản);4649: Bán buôn đồ dùng khác cho gia đình-Chi tiết : Bán buôn vali, cặp, túi",internet
314567488,CÔNG TY CỔ PHẦN ĐẦU TƯ VANDA,CÔNG TY CỔ PHẦN ĐẦU TƯ VANDA,Công ty cổ phần,"198 Nguyễn Thị Minh Khai, Phường 06, Quận 3, Thành phố Hồ Chí Minh, Việt Nam",Quận 3,"6619: Hoạt động hỗ trợ dịch vụ tài chính chưa được phân vào đâu--Chi tiết: Hoạt động tư vấn đầu tư (trừ tư vấn tài chính, kế toán và pháp luật).;7020: Hoạt động tư vấn quản lý-(trừ tư vấn tài chính, k",internet
314584571,CÔNG TY TNHH THƯƠNG MẠI DỊCH VỤ VIẾT NGUYỄN,CÔNG TY TNHH THƯƠNG MẠI DỊCH V,Công ty trách nhiệm hữu hạn một thành viên,"Số 6 Nguyễn Phúc Nguyên, Phường 09, Quận 3, Thành phố Hồ Chí Minh, Việt Nam",Quận 3,"4652: Bán buôn thiết bị và linh kiện điện tử, viễn thông-;6190: Hoạt động viễn thông khác-chi tiết: Hoạt động của các điểm truy cập Internet (trừ bán lại hạ tầng viễn thông, mạng cung cấp); 6622: Hoạt",internet
314462566,CÔNG TY TNHH THƯƠNG MẠI DỊCH VỤ SMARTSHOPPINGCOIN,CÔNG TY TNHH THƯƠNG MẠI DỊCH V,Công ty trách nhiệm hữu hạn hai thành viên trở lên,"100 Nguyễn Thị Minh Khai, Phường Võ Thị Sáu, Quận 3, Thành phố Hồ Chí Minh, Việt Nam",Quận 3,"4741: Bán lẻ máy vi tính, thiết bị ngoại vi, phần mềm và thiết bị viễn thông trong các cửa hàng chuyên doanh-;6209: Hoạt động dịch vụ công nghệ thông tin và dịch vụ khác liên quan đến máy vi tính-(trừ",internet
314592484,CÔNG TY TNHH GOFES VIỆT NAM,CÔNG TY TNHH GOFES VIỆT NAM,Công ty trách nhiệm hữu hạn hai thành viên trở lên,"27/40/60 Huỳnh Tịnh Của, Phường 08, Quận 3, Thành phố Hồ Chí Minh, Việt Nam",Quận 3,"4773: Bán lẻ hàng hóa khác mới trong các cửa hàng chuyên doanh-(trừ bán lẻ bình gas, khí dầu mỏ hóa lỏng LPG, dầu nhớt cặn, vàng miếng, súng, đạn loại dùng đi săn hoặc thể thao và tiền kim khí; trừ bá",internet
314595319,CÔNG TY TNHH CITY MEDIA,CÔNG TY TNHH CITY MEDIA,Công ty trách nhiệm hữu hạn một thành viên,"53 Cao Thắng, Phường 03, Quận 3, Thành phố Hồ Chí Minh, Việt Nam",Quận 3,"2599: Sản xuất sản phẩm khác bằng kim loại chưa được phân vào đâu-Chi tiết: Sản xuất đồ dùng bằng kim loại cho nhà bếp, nhà vệ sinh và nhà ăn; sản xuất sản phẩm khác bằng kim loại (không hoạt động tại",internet
314641068,CÔNG TY TNHH LAWNET,CÔNG TY TNHH LAWNET,Công ty trách nhiệm hữu hạn hai thành viên trở lên,"Số 19, Đường Nguyễn Gia Thiều, Phường Võ Thị Sáu, Quận 3, Thành phố Hồ Chí Minh, Việt Nam",Quận 3,"4741: Bán lẻ máy vi tính, thiết bị ngoại vi, phần mềm và thiết bị viễn thông trong các cửa hàng chuyên doanh-Chi tiết: Bán lẻ phần mềm;5820: Xuất bản phần mềm-Chi tiết: Sản xuất phần mềm;6312: Cổng th",internet
314648095,CÔNG TY TNHH THƯƠNG MẠI DỊCH VỤ XÂY DỰNG PDTK,CÔNG TY TNHH THƯƠNG MẠI DỊCH V,Công ty trách nhiệm hữu hạn một thành viên,"221/10 Lê Văn Sỹ, Phường 13, Quận 3, Thành phố Hồ Chí Minh, Việt Nam",Quận 3,"4652: Bán buôn thiết bị và linh kiện điện tử, viễn thông-;4659: Bán buôn máy móc, thiết bị và phụ tùng máy khác-;4662: Bán buôn kim loại và quặng kim loại-Chi tiết: Bán buôn sắt, thép; Bán buôn đồng, ",internet
314513725,CÔNG TY TNHH XÂY DỰNG HẠ TẦNG THIÊN ÂN,CÔNG TY TNHH XÂY DỰNG HẠ TẦNG ,Công ty trách nhiệm hữu hạn hai thành viên trở lên,"148/13 Lý Chính Thắng, Phường Võ Thị Sáu, Quận 3, Thành phố Hồ Chí Minh, Việt Nam",Quận 3,"2410: Sản xuất sắt, thép, gang-(không hoạt động tại trụ sở).;7110: Hoạt động kiến trúc và tư vấn kỹ thuật có liên quan-Chi tiết : Giám sát công trình.
- Hoạt động đo đạc bản đồ.
- Quản lý các dự án cô",internet
314528760,CÔNG TY TNHH ĐẠI LỘC COMPUTER,CÔNG TY TNHH ĐẠI LỘC COMPUTER,Công ty trách nhiệm hữu hạn một thành viên,"885/15 Hoàng Sa, Phường 09, Quận 3, Thành phố Hồ Chí Minh, Việt Nam",Quận 3,"4741: Bán lẻ máy vi tính, thiết bị ngoại vi, phần mềm và thiết bị viễn thông trong các cửa hàng chuyên doanh-;6110: Hoạt động viễn thông có dây-;6120: Hoạt động viễn thông không dây-;6201: Lập trình m",computer
314517060,CÔNG TY TNHH THƯƠNG MẠI DỊCH VỤ LÊ GIA AUDIO,CÔNG TY TNHH THƯƠNG MẠI DỊCH V,Công ty trách nhiệm hữu hạn một thành viên,"194/58 Võ Văn Tần, Phường 05, Quận 3, Thành phố Hồ Chí Minh, Việt Nam",Quận 3,"4741: Bán lẻ máy vi tính, thiết bị ngoại vi, phần mềm và thiết bị viễn thông trong các cửa hàng chuyên doanh-Chi tiết: Bán lẻ máy vi tính để bàn, máy vi tính xách tay, ổ cứng di động, chuột, bàn phím;",internet
314677515,CÔNG TY TNHH GIẢI PHÁP THANH TOÁN ESPAY,CÔNG TY TNHH GIẢI PHÁP THANH T,Công ty trách nhiệm hữu hạn một thành viên,"232/3 Võ Thị Sáu, Phường 07, Quận 3, Thành phố Hồ Chí Minh, Việt Nam",Quận 3,7729: Cho thuê đồ dùng cá nhân và gia đình khác-;7912: Điều hành tua du lịch-;7990: Dịch vụ đặt chỗ và các dịch vụ hỗ trợ liên quan đến quảng bá và tổ chức tua du lịch-;8211: Dịch vụ hành chính văn ph,internet
314539138,CÔNG TY TNHH THƯƠNG MẠI DỊCH VỤ XUẤT NHẬP KHẨU VIỆT BẮC,CÔNG TY TNHH THƯƠNG MẠI DỊCH V,Công ty trách nhiệm hữu hạn một thành viên,"469 Điện Biên Phủ, Phường 03, Quận 3, Thành phố Hồ Chí Minh, Việt Nam",Quận 3,"6820: Tư vấn, môi giới, đấu giá bất động sản, đấu giá quyền sử dụng đất-(doanh nghiệp không cung cấp hàng hóa, dịch vụ thuộc độc quyền nhà nước trong hoạt động thương mại theo Nghị định 94/2017/NĐ-CP ",internet
314663128,CÔNG TY TNHH OPTSHARE,CÔNG TY TNHH OPTSHARE,Công ty trách nhiệm hữu hạn một thành viên,"Tầng 3, Tòa nhà An Phú Plaza, 117 - 119 Lý Chính Thắng, Phường Võ Thị Sáu, Quận 3, Thành phố Hồ Chí Minh, Việt Nam",Quận 3,"8230: Tổ chức giới thiệu và xúc tiến thương mại-(không thực hiện các hiệu ứng cháy nổ; không sử dụng chất nổ, chất cháy, hóa chất làm đạo cụ, dụng cụ thực hiện các chương trình văn nghệ, sự kiện, phim",internet
314656811,CÔNG TY TNHH DMP HOME,CÔNG TY TNHH DMP HOME,Công ty trách nhiệm hữu hạn hai thành viên trở lên,"Tầng 3, Tòa nhà An Phú Plaza, 117-119 Lý Chính Thắng, Phường Võ Thị Sáu, Quận 3, Thành phố Hồ Chí Minh, Việt Nam",Quận 3,4722: Bán lẻ thực phẩm trong các cửa hàng chuyên doanh-(Thực hiện theo quyết định 64/2009/QĐ – UBND ngày 31/7/2009 và quyết định 79/2009/QĐ – UBND ngày 17/10/2009 của Ủy Ban Nhân Dân Tp Hồ Chí Minh về,internet
314664040,CÔNG TY TNHH BRANDWE,CÔNG TY TNHH BRANDWE,Công ty trách nhiệm hữu hạn một thành viên,"393 Điện Biên Phủ, Phường 04, Quận 3, Thành phố Hồ Chí Minh, Việt Nam",Quận 3,"1811: In ấn-;1812: Dịch vụ liên quan đến in-;5229: Hoạt động dịch vụ hỗ trợ khác liên quan đến vận tải-(trừ hóa lỏng khí để vận chuyển);5510: Dịch vụ lưu trú ngắn ngày-Chi tiết: khách sạn, biệt thự du",internet
314702634,CÔNG TY TNHH THƯƠNG MẠI DỊCH VỤ MỸ PHẨM QUỐC TẾ,CÔNG TY TNHH THƯƠNG MẠI DỊCH V,Công ty trách nhiệm hữu hạn một thành viên,"327/16 Nguyễn Đình Chiểu , Phường 05, Quận 3, Thành phố Hồ Chí Minh, Việt Nam",Quận 3,"6201: Lập trình máy vi tính-;6202: Tư vấn máy vi tính và quản trị hệ thống máy vi tính-(trừ dịch vụ truy cập internet);6311: Xử lý dữ liệu, cho thuê và các hoạt động liên quan-(trừ kinh doanh đại lý c",internet
314709478,CÔNG TY TNHH GIÁO DỤC VÀ CÔNG NGHỆ FORLIFE,CÔNG TY TNHH GIÁO DỤC VÀ CÔNG ,Công ty trách nhiệm hữu hạn hai thành viên trở lên,"Tầng 3, Tòa Nhà An Phú Plaza, 117-119 Lý Chính Thắng, Phường 07, Quận 3, Thành phố Hồ Chí Minh, Việt Nam",Quận 3,5820: Xuất bản phần mềm-chi tiết: sản xuất phần mềm;6201: Lập trình máy vi tính-Chi tiết: Lập trình các phần mềm nhúng.;6202: Tư vấn máy vi tính và quản trị hệ thống máy vi tính-Chi tiết: Quản lý và đ,internet
314705018,CÔNG TY CỔ PHẦN FLAMING,CÔNG TY CỔ PHẦN FLAMING,Công ty cổ phần,"Tầng 14, Tòa nhà HM Town, 412 Nguyễn Thị Minh Khai, Phường 05, Quận 3, Thành phố Hồ Chí Minh, Việt Nam",Quận 3,"7310: Quảng cáo-;7410: Hoạt động thiết kế chuyên dụng-Chi tiết: Thiết kế thời trang liên quan đến dệt, trang phục, giầy, đồ trang sức, đồ đạc và trang trí nội thất khác, hàng hóa thời trang khác cũng ",internet
314732558,CÔNG TY TNHH FOC,CÔNG TY TNHH FOC,Công ty trách nhiệm hữu hạn hai thành viên trở lên,"Tầng 3, Tòa nhà An Phú Plaza, 117-119 Lý Chính Thắng, Phường Võ Thị Sáu, Quận 3, Thành phố Hồ Chí Minh, Việt Nam",Quận 3,"1811: In ấn-(trừ in tráng bao bì kim loại, in trên sản phẩm vải, sợi, dệt, may đan tại trụ sở).;1812: Dịch vụ liên quan đến in-;1820: Sao chép bản ghi các loại-;3230: Sản xuất dụng cụ thể dục, thể tha",internet
314697920,CÔNG TY TNHH THANH THÀNH TẤN,CÔNG TY TNHH THANH THÀNH TẤN,Công ty trách nhiệm hữu hạn một thành viên,"359/1/13 Lê Văn Sỹ, Phường 13, Quận 3, Thành phố Hồ Chí Minh, Việt Nam",Quận 3,"4663: Bán buôn vật liệu, thiết bị lắp đặt khác trong xây dựng-(không hoạt động tại trụ sở);4669: Bán buôn chuyên doanh khác chưa được phân vào đâu-(trừ bán buôn bình gas, khí dầu mỏ hóa lỏng LPG, dầu ",internet
314717415,CÔNG TY TNHH SẢN XUẤT THƯƠNG MẠI DỊCH VỤ OVAL,CÔNG TY TNHH SẢN XUẤT THƯƠNG M,Công ty trách nhiệm hữu hạn hai thành viên trở lên,"425 Nguyễn Đình Chiểu, Phường 05, Quận 3, Thành phố Hồ Chí Minh, Việt Nam",Quận 3,"4791: Bán lẻ theo yêu cầu đặt hàng qua bưu điện hoặc internet--(trừ bán lẻ bình gas, súng, đạn loại dùng đi săn hoặc thể thao, tiền kim khí và mua bán vàng miếng; thực hiện theo Quyết định 64/2009/QĐ-",internet
314706290,CÔNG TY TNHH AAHOUSE,CÔNG TY TNHH AAHOUSE,Công ty trách nhiệm hữu hạn một thành viên,"242/14 Nguyễn Thiện Thuật, Phường 03, Quận 3, Thành phố Hồ Chí Minh, Việt Nam",Quận 3,"1010: Chế biến, bảo quản thịt và các sản phẩm từ thịt-(không hoạt động tại trụ sở);1629: Sản xuất sản phẩm khác từ gỗ; sản xuất sản phẩm từ tre, nứa, rơm, rạ và vật liệu tết bện-;1812: Dịch vụ liên qu",internet
314748678,CÔNG TY TNHH QUÝ GIA THÀNH,CÔNG TY TNHH QUÝ GIA THÀNH,Công ty trách nhiệm hữu hạn hai thành viên trở lên,"235/81/9 Nam Kỳ Khởi Nghĩa, Phường 07, Quận 3, Thành phố Hồ Chí Minh, Việt Nam",Quận 3,"1811: In ấn-Chi tiết: In ấn báo chí, tạp chí và các ấn phẩm định kỳ khác, sách và sách quảng cáo, bản thảo âm nhạc, bản đồ tập bản đồ, áp phích, mục lục quảng cáo, tờ quảng cáo và các ấn phẩm quảng cá",internet
314704737,CÔNG TY TNHH THƯƠNG MẠI FRAME C,CÔNG TY TNHH THƯƠNG MẠI FRAME ,Công ty trách nhiệm hữu hạn một thành viên,"1/3 Trương Quyền, Phường 06, Quận 3, Thành phố Hồ Chí Minh, Việt Nam",Quận 3,"4649: Bán buôn đồ dùng khác cho gia đình-Chi tiết: Bán buôn vali, cặp, túi, hàng da và giả da khác. Bán buôn nước hoa, hàng mỹ phẩm và chế phẩm vệ sinh. Bán buôn hàng gốm, sứ, thủy tinh. Bán buôn đồ đ",internet
314730920,CÔNG TY CỔ PHẦN HẢI PHI A.U.D.I.O,CÔNG TY CỔ PHẦN HẢI PHI AUDIO,Công ty cổ phần,"477 Hai Bà Trưng, Phường 08, Quận 3, Thành phố Hồ Chí Minh, Việt Nam",Quận 3,"4741: Bán lẻ máy vi tính, thiết bị ngoại vi, phần mềm và thiết bị viễn thông trong các cửa hàng chuyên doanh-;6190: Hoạt động viễn thông khác-Chi tiết: 
- Cung cấp truy cập Internet thông qua các mạng",internet
314734629,CÔNG TY TNHH MTV CÀ REM,CÔNG TY TNHH MTV CÀ REM,Công ty trách nhiệm hữu hạn một thành viên,"191 Cách Mạng Tháng Tám, Phường 04, Quận 3, Thành phố Hồ Chí Minh, Việt Nam",Quận 3,"4669: Bán buôn chuyên doanh khác chưa được phân vào đâu-(trừ bán buôn bình gas, vật liệu xây dựng, khí dầu mỏ hóa lỏng lpg, dầu nhớt cặn, vàng miếng, súng, đạn loại dùng đi săn hoặc thể thao và tiền k",internet
314740809,CÔNG TY TNHH GIẢI PHÁP ỨNG DỤNG THÔNG MINH,CÔNG TY TNHH GIẢI PHÁP ỨNG DỤN,Công ty trách nhiệm hữu hạn một thành viên,"Tầng 1, tòa nhà An Phú Plaza, 117-119 Lý Chính Thắng, Phường 07, Quận 3, Thành phố Hồ Chí Minh, Việt Nam",Quận 3,6201: Lập trình máy vi tính-;6202: Tư vấn máy vi tính và quản trị hệ thống máy vi tính-;6209: Hoạt động dịch vụ công nghệ thông tin và dịch vụ khác liên quan đến máy vi tính-(trừ kinh doanh dịch vụ tr,internet
314703860,CÔNG TY CỔ PHẦN DUKI VIET,CÔNG TY CỔ PHẦN DUKI VIET,Công ty cổ phần,"Phòng 204 Tòa Nhà Vina Giày, Số 180-182 Đường Lý Chính Thắng, Phường 09, Quận 3, Thành phố Hồ Chí Minh, Việt Nam",Quận 3,"5229: Hoạt động dịch vụ hỗ trợ khác liên quan đến vận tải-Chi tiết: Gửi hàng, giao nhận hàng hóa, hoạt động của đại lý làm thủ tục hải quan; hoạt động của đại lý bán vé máy bay; hoạt động liên quan kh",internet
314723257,CÔNG TY TNHH GIẢI PHÁP BIZTECH,CÔNG TY TNHH GIẢI PHÁP BIZTECH,Công ty trách nhiệm hữu hạn một thành viên,"Tầng 5, Tòa nhà Songdo, 62A Phạm Ngọc Thạch, Phường Võ Thị Sáu, Quận 3, Thành phố Hồ Chí Minh, Việt Nam",Quận 3,6201: Lập trình máy vi tính-;6312: Cổng thông tin-Chi tiết: Thiết lập trang thông tin điện tử tổng hợp;6202: Tư vấn máy vi tính và quản trị hệ thống máy vi tính-(trừ dịch vụ truy cập internet);6209: H,internet
314728262,CÔNG TY TNHH THƯƠNG MẠI DỊCH VỤ HOÀNG THIỆU,CÔNG TY TNHH THƯƠNG MẠI DỊCH V,Công ty trách nhiệm hữu hạn một thành viên,"382/17-19 Tầng 3, Nguyễn Thị Minh Khai, Phường 05, Quận 3, Thành phố Hồ Chí Minh, Việt Nam",Quận 3,"3320: Lắp đặt máy móc và thiết bị công nghiệp-chi tiết: lắp đặt máy móc, thiết bị trong ngành gas (trừ lắp đặt các thiết bị điện lạnh (thiết bị cấp đông, kho lạnh, máy đá, điều hòa không khí, làm lạnh",internet
314735693,CÔNG TY CỔ PHẦN CÔNG NGHỆ TÍCH HỢP SÀI GÒN,CÔNG TY CỔ PHẦN CÔNG NGHỆ TÍCH,Công ty cổ phần,"Số 90 Đường số 2, Cư xá Đô Thành, Phường 04, Quận 3, Thành phố Hồ Chí Minh, Việt Nam",Quận 3,2310: Sản xuất thuỷ tinh và sản phẩm từ thuỷ tinh-(không hoạt động tại trụ sở);2391: Sản xuất sản phẩm chịu lửa-(không hoạt động tại trụ sở);2392: Sản xuất vật liệu xây dựng từ đất sét-(không hoạt độn,internet
314763588,CÔNG TY TNHH NHÀ HÀNG KHÁCH SẠN MỸ AN,CÔNG TY TNHH NHÀ HÀNG KHÁCH SẠ,Công ty trách nhiệm hữu hạn một thành viên,"3/14 Võ Văn Tần, Phường 06, Quận 3, Thành phố Hồ Chí Minh, Việt Nam",Quận 3,"5510: Dịch vụ lưu trú ngắn ngày-chi tiết: Khách sạn, biệt thự du lịch, căn hộ du lịch, nhà nghỉ du lịch, nhà ở có phòng cho khách du lịch thuê;5610: Nhà hàng và các dịch vụ ăn uống phục vụ lưu động-;5",internet
314776724,CÔNG TY TNHH XUẤT NHẬP KHẨU THƯƠNG MẠI DỊCH VỤ TẤN GIÀU,CÔNG TY TNHH XUẤT NHẬP KHẨU TH,Công ty trách nhiệm hữu hạn một thành viên,"454 Nguyễn Thị Minh Khai , Phường 05, Quận 3, Thành phố Hồ Chí Minh, Việt Nam",Quận 3,"4651: Bán buôn máy vi tính, thiết bị ngoại vi và phần mềm-;4652: Bán buôn thiết bị và linh kiện điện tử, viễn thông-;7410: Hoạt động thiết kế chuyên dụng-Chi tiết: thiết kế website, thiết kế đồ họa (t",internet
314775544,CÔNG TY CỔ PHẦN ELOAN,CÔNG TY CỔ PHẦN ELOAN,Công ty cổ phần,"262/12 Lê Văn Sỹ, Phường 14, Quận 3, Thành phố Hồ Chí Minh, Việt Nam",Quận 3,"7020: Hoạt động tư vấn quản lý-Chi tiết: Hoạt động tư vấn quản lý doanh nghiệp (trừ tư vấn tài chính, kế toán, pháp lý).;7310: Quảng cáo-;6399: Dịch vụ thông tin khác chưa được phân vào đâu-(trừ dịch ",internet
314748847,CÔNG TY TNHH TH JAPAN ASIAN NETWORK,CÔNG TY TNHH TH JAPAN ASIAN NE,Công ty trách nhiệm hữu hạn một thành viên,"469 Điện Biên Phủ, Phường 03, Quận 3, Thành phố Hồ Chí Minh, Việt Nam",Quận 3,"7310: Quảng cáo-;7490: Hoạt động chuyên môn, khoa học và công nghệ khác chưa được phân vào đâu-Chi tiết: Hoạt động phiên dịch;7810: Hoạt động của các trung tâm, đại lý tư vấn, giới thiệu và môi giới l",network
314794924,CÔNG TY TNHH QUẢNG CÁO - TRUYỀN THÔNG - DỊCH VỤ SỐ TT,CÔNG TY TNHH QUẢNG CÁO  TRUYỀN,Công ty trách nhiệm hữu hạn một thành viên,"Lầu 6 - 31 Võ Văn Tần, Phường 06, Quận 3, Thành phố Hồ Chí Minh, Việt Nam",Quận 3,"9000: Hoạt động sáng tác, nghệ thuật và giải trí-Chi tiết: Tổ chức biểu diễn nghệ thuật chuyên nghiệp (Trừ kinh doanh vũ trường, phòng trà ca nhạc và không thực hiện các hiệu ứng cháy, nổ; không sử dụ",internet
314745606,CÔNG TY TNHH NHẬP KHẨU VÀ PHÂN PHỐI PADALA,CÔNG TY TNHH NHẬP KHẨU VÀ PHÂN,Công ty trách nhiệm hữu hạn một thành viên,"354 Lê Văn Sỹ, Phường 14, Quận 3, Thành phố Hồ Chí Minh, Việt Nam",Quận 3,"2023: Sản xuất mỹ phẩm, xà phòng, chất tẩy rửa, làm bóng và chế phẩm vệ sinh-(không hoạt động tại trụ sở);4669: Bán buôn chuyên doanh khác chưa được phân vào đâu-Chi tiết: Bán buôn hóa chất thuộc lĩnh",internet
314784316,CÔNG TY TNHH XUẤT NHẬP KHẨU ĐẦU TƯ THƯƠNG MẠI DỊCH VỤ HẢI DƯƠNG,CÔNG TY TNHH XUẤT NHẬP KHẨU ĐẦ,Công ty trách nhiệm hữu hạn một thành viên,"382/35 Nguyễn Thị Minh Khai , Phường 05, Quận 3, Thành phố Hồ Chí Minh, Việt Nam",Quận 3,"4741: Bán lẻ máy vi tính, thiết bị ngoại vi, phần mềm và thiết bị viễn thông trong các cửa hàng chuyên doanh-;4742: Bán lẻ thiết bị nghe nhìn trong các cửa hàng chuyên doanh-;4759: Bán lẻ đồ điện gia ",internet
314784891,CÔNG TY TNHH XUẤT NHẬP KHẨU ĐẦU TƯ THƯƠNG MẠI DỊCH VỤ BĂNG SƠN,CÔNG TY TNHH XUẤT NHẬP KHẨU ĐẦ,Công ty trách nhiệm hữu hạn một thành viên,"194/31 Võ Văn Tần, Phường 05, Quận 3, Thành phố Hồ Chí Minh, Việt Nam",Quận 3,"4741: Bán lẻ máy vi tính, thiết bị ngoại vi, phần mềm và thiết bị viễn thông trong các cửa hàng chuyên doanh-;4742: Bán lẻ thiết bị nghe nhìn trong các cửa hàng chuyên doanh-;4759: Bán lẻ đồ điện gia ",internet
314746857,CÔNG TY TNHH THIẾT BỊ VÀ CÔNG NGHỆ ĐIỆN TỬ XANH,CÔNG TY TNHH THIẾT BỊ VÀ CÔNG ,Công ty trách nhiệm hữu hạn một thành viên,"Tầng 5, Tòa nhà Songdo, 62A Phạm Ngọc Thạch, Phường Võ Thị Sáu, Quận 3, Thành phố Hồ Chí Minh, Việt Nam",Quận 3,"4741: Bán lẻ máy vi tính, thiết bị ngoại vi, phần mềm và thiết bị viễn thông trong các cửa hàng chuyên doanh-;4742: Bán lẻ thiết bị nghe nhìn trong các cửa hàng chuyên doanh-;6201: Lập trình máy vi tí",internet
107880639,CÔNG TY TNHH KINH DOANH THƯƠNG MẠI AN HƯNG,CÔNG TY TNHH KINH DOANH THƯƠNG,Công ty trách nhiệm hữu hạn một thành viên,"Tầng 3, Tòa nhà ACM, Số 96 Đường Cao Thắng, Phường 04, Quận 3, Thành phố Hồ Chí Minh, Việt Nam",Quận 3,0220: Khai thác gỗ-(không hoạt động tại trụ sở);0510: Khai thác và thu gom than cứng-(không hoạt động tại trụ sở);0520: Khai thác và thu gom than non-(không hoạt động tại trụ sở);0610: Khai thác dầu t,internet
314764528,CÔNG TY TNHH DỊCH VỤ TRÒ CHƠI ĐIỆN TỬ SAO HẢI DƯƠNG,CÔNG TY TNHH DỊCH VỤ TRÒ CHƠI ,Công ty trách nhiệm hữu hạn một thành viên,"637 Điện Biên Phủ , Phường 01, Quận 3, Thành phố Hồ Chí Minh, Việt Nam",Quận 3,"3240: Sản xuất đồ chơi, trò chơi-Chi tiết: Sản xuất máy trò chơi điện tử;4321: Lắp đặt hệ thống điện-Chi tiết: Lắp đặt máy trò chơi điện tử;9321: Hoạt động của các công viên vui chơi và công viên theo",internet
314785535,CÔNG TY TNHH RED SUNRISE,CÔNG TY TNHH RED SUNRISE,Công ty trách nhiệm hữu hạn hai thành viên trở lên,"Tầng 3, Tòa nhà An Phú Plaza, 117-119 Lý Chính Thắng, Phường Võ Thị Sáu, Quận 3, Thành phố Hồ Chí Minh, Việt Nam",Quận 3,"4632: Bán buôn thực phẩm-Chi tiết: Bán buôn thực phẩm (không hoạt động tại trụ sở). Bán buôn thực phẩm chức năng. Bán buôn sữa và các sản phẩm từ sữa, bánh kẹo và sản phẩm chế biến từ ngũ cốc, bột, ti",internet
315487436,CÔNG TY CỔ PHẦN ĐẦU TƯ ĐẤT TÂM,CÔNG TY CỔ PHẦN ĐẦU TƯ ĐẤT T,Công ty cổ phần,"61 Trương Định, Phường 06, Quận 3, Thành phố Hồ Chí Minh, Việt Nam",Quận 3,"5912: Hoạt động hậu kỳ-(trừ sản xuất phim và không thực hiện các hiệu ứng cháy, nổ; không sử dụng chất nổ, chất cháy, hóa chất làm đạo cụ, dụng cụ thực hiện các chương trìn",internet
3401148369,CÔNG TY TNHH NĂNG LƯỢNG EVERICH BÌNH AN,CÔNG TY TNHH NĂNG LƯỢNG EVERIC,Công ty trách nhiệm hữu hạn hai thành viên trở lên,"Tầng 3, Tòa nhà An Phú Plaza, 117- 119 Lý Chính Thắng, Phường Võ Thị Sáu, Quận 3, Thành phố Hồ Chí Minh, Việt Nam",Quận 3,"2610: Sản xuất linh kiện điện tử-(không hoạt động tại trụ sở);2710: Sản xuất mô tơ, máy phát, biến thế điện, thiết bị phân phối và điều khiển điện-(không hoạt động tại trụ sở);2750: Sản xuất đồ điện d",internet
3502344352,CÔNG TY TNHH NĂNG LƯỢNG QUANG LONG,CÔNG TY TNHH NĂNG LƯỢNG QUANG ,Công ty trách nhiệm hữu hạn hai thành viên trở lên,"P403 Tầng 4, Tòa Nhà TPP Số 141 Nguyễn Đình Chiểu, Phường Võ Thị Sáu, Quận 3, Thành phố Hồ Chí Minh, Việt Nam",Quận 3,"4752: Bán lẻ đồ ngũ kim, sơn, kính và thiết bị lắp đặt khác trong xây dựng trong các cửa hàng chuyên doanh-Chi tiết: Bán lẻ đồ ngũ kim trong các cửa hàng chuyên doanh; Bán lẻ sơn, màu, vécni trong các",internet
314205343,CÔNG TY TNHH ELEVEN INTEGRATION,CÔNG TY TNHH ELEVEN INTEGRATIO,Công ty trách nhiệm hữu hạn hai thành viên trở lên,"Tầng 5, Tòa nhà Songdo, 62A Phạm Ngọc Thạch, Phường 06, Quận 3, Thành phố Hồ Chí Minh, Việt Nam",Quận 3,"1811: In ấn-(trừ in, tráng bao bì kim loại; in trên các sản phẩm vải sợi, dệt, may, đan tại trụ sở);4663: Bán buôn vật liệu, thiết bị lắp đặt khác trong xây dựng-(không hoạt động tại trụ sở);4741: Bán",internet
314562056,CÔNG TY CỔ PHẦN ĐẦU TƯ XÂY DỰNG VIỄN THÔNG TIẾN ĐẠT,CÔNG TY CỔ PHẦN ĐẦU TƯ XÂY DỰN,Công ty cổ phần,"469 Điện Biên Phủ, Phường 03, Quận 3, Thành phố Hồ Chí Minh, Việt Nam",Quận 3,"4663: Bán buôn vật liệu, thiết bị lắp đặt khác trong xây dựng-Chi tiết: Bán buôn gạch xây, cát, đá, sỏi. Bán buôn gạch ốp lát và thiết bị vệ sinh. Bán buôn vật liệu, thiết bị lắp đặt khác trong xây dự",internet
314237828,CÔNG TY CỔ PHẦN DỊCH VỤ HOÀN HẢO TRÂN MỸ,CÔNG TY CỔ PHẦN DỊCH VỤ HOÀN H,Công ty cổ phần,"Tầng 3, Toà nhà An Phú Plaza,117-119 Lý Chính Thắng, Phường Võ Thị Sáu, Quận 3, Thành phố Hồ Chí Minh, Việt Nam",Quận 3,8559: Giáo dục khác chưa được phân vào đâu-chi tiết: dạy ngoại ngữ và dạy kỹ năng đàm thoại; đào tạo về sự sống; đào tạo kỹ năng nói trước công chúng; dạy máy vi tính và dạy máy tính (trừ dạy về tôn g,internet
314238620,CÔNG TY TNHH DỊCH VỤ THƯƠNG MẠI ĐIỆN TỬ TSMART,CÔNG TY TNHH DỊCH VỤ THƯƠNG MẠ,Công ty trách nhiệm hữu hạn hai thành viên trở lên,"Tầng lửng, Tòa nhà An Phú Plaza 117-119 Lý Chính Thắng, Phường Võ Thị Sáu, Quận 3, Thành phố Hồ Chí Minh, Việt Nam",Quận 3,"4791: Bán lẻ theo yêu cầu đặt hàng qua bưu điện hoặc internet-Chi tiết: bán lẻ: -máy vi tính, thiết bị ngoại vi, phần mềm và thiết bị viễn thông, thiết bị nghe nhìn, đồ điện gia dụng, giường, tủ, bàn,",internet
314621368,CÔNG TY TNHH THƯƠNG MẠI DỊCH VỤ NGỌC THẢO ĐT,CÔNG TY TNHH THƯƠNG MẠI DỊCH V,Công ty trách nhiệm hữu hạn một thành viên,"Tầng 9, Tòa nhà VietBank Tower, số 412 Nguyễn Thị Minh Khai, Phường 05, Quận 3, Thành phố Hồ Chí Minh, Việt Nam",Quận 3,1079: Sản xuất thực phẩm khác chưa được phân vào đâu-(không hoạt động tại trụ sở).;1322: Sản xuất hàng may sẵn (trừ trang phục)-(không hoạt động tại trụ sở).;1520: Sản xuất giày dép-(không hoạt động t,internet
314290187,CÔNG TY TNHH THƯƠNG MẠI THỰC PHẨM TƯƠI SỐNG HÀ HIỀN,CÔNG TY TNHH THƯƠNG MẠI THỰC P,Công ty trách nhiệm hữu hạn một thành viên,"219 Nguyễn Thiện Thuật, Phường 01, Quận 3, Thành phố Hồ Chí Minh, Việt Nam",Quận 3,4722: Bán lẻ thực phẩm trong các cửa hàng chuyên doanh-(thực hiện theo quyết định số 64/2009/QĐ-UBND ngày 31/07/2009 và quyết định số 79/2009/QĐ- UBND ngày 17/10/2009 của Ủy Ban Nhân Dân Tp. Hồ Chí Mi,internet
314327528,CÔNG TY TNHH SACOMTEC,CÔNG TY TNHH SACOMTEC,Công ty trách nhiệm hữu hạn hai thành viên trở lên,"64 Trương Định, Phường 07, Quận 3, Thành phố Hồ Chí Minh, Việt Nam",Quận 3,"4741: Bán lẻ máy vi tính, thiết bị ngoại vi, phần mềm và thiết bị viễn thông trong các cửa hàng chuyên doanh-;6201: Lập trình máy vi tính-;6202: Tư vấn máy vi tính và quản trị hệ thống máy vi tính-;62",internet
314634938,CÔNG TY TNHH GLOBAL ARTIST PROVIDER VIỆT NAM,CÔNG TY TNHH GLOBAL ARTIST PRO,Công ty trách nhiệm hữu hạn hai thành viên trở lên,"12 Phạm Đình Toái , Phường 06, Quận 3, Thành phố Hồ Chí Minh, Việt Nam",Quận 3,"2630: Sản xuất thiết bị truyền thông-(không hoạt động tại trụ sở).;2640: Sản xuất sản phẩm điện tử dân dụng-(không hoạt động tại trụ sở).;1820: Sao chép bản ghi các loại-;4741: Bán lẻ máy vi tính, thi",internet
314655303,CÔNG TY TNHH WIND ACTIVE,CÔNG TY TNHH WIND ACTIVE,Công ty trách nhiệm hữu hạn một thành viên,"Số 102 Đường Nguyễn Thị Minh Khai, Phường 06, Quận 3, Thành phố Hồ Chí Minh, Việt Nam",Quận 3,"1811: In ấn-; 1812: Dịch vụ liên quan đến in-; 1820: Sao chép bản ghi các loại-(có nội dung được phép lưu hành); 4669: Bán buôn chuyên doanh khác chưa được phân vào đâu-Chi tiết: Xuất khẩu, nhập khẩu,",internet
314371118,CÔNG TY TNHH CSV CUỘC SỐNG VIỆT,CÔNG TY TNHH CSV CUỘC SỐNG VIỆ,Công ty trách nhiệm hữu hạn hai thành viên trở lên,"Tầng 8, Tòa nhà Ngân Hàng Nam Á, Số 201-203 Cách Mạng Tháng Tám, Phường 04, Quận 3, Thành phố Hồ Chí Minh, Việt Nam",Quận 3,"4719: Bán lẻ  khác trong các cửa hàng kinh doanh tổng hợp-(trừ bán lẻ hóa chất, khí dầu mỏ hóa lỏng LPG, dầu nhớt cặn, vàng miếng, súng, đạn loại dùng đi săn hoặc thể thao và tiền kim khí; Thực hiện t",internet
314376765,CÔNG TY TNHH BRIGHT FUTURE YOUTH,CÔNG TY TNHH BRIGHT FUTURE YOU,Công ty trách nhiệm hữu hạn hai thành viên trở lên,"Tầng lửng tại tầng 1, tòa nhà An Phú Plaza, 117-119 Lý Chính Thắng, Phường 07, Quận 3, Thành phố Hồ Chí Minh, Việt Nam",Quận 3,"8552: Giáo dục văn hoá nghệ thuật-(không kinh doanh vũ trường, sàn nhảy tại trụ sở);8559: Giáo dục khác chưa được phân vào đâu-Chi tiết: các dịch vụ dạy kèm (gia sư); các khoá dạy về phê bình đánh giá",internet
314375962,CÔNG TY TNHH BEST WORKOUT NUTRITION,CÔNG TY TNHH BEST WORKOUT NUTR,Công ty trách nhiệm hữu hạn hai thành viên trở lên,"154 Bis Lý Chính Thắng, Phường 07, Quận 3, Thành phố Hồ Chí Minh, Việt Nam",Quận 3,"4632: Bán buôn thực phẩm-Chi tiết: Bán buôn thực phẩm chức năng, thực phẩm bổ sung, thực phẩm dinh dưỡng.;4633: Bán buôn đồ uống-Chi tiết: Bán buôn đồ uống loại chứa cồn và không chứa cồn (Trừ pha trô",internet
314394355,CÔNG TY TNHH GIẢI PHÁP CÔNG NGHỆ KẾT NỐI MỚI,CÔNG TY TNHH GIẢI PHÁP CÔNG NG,Công ty trách nhiệm hữu hạn hai thành viên trở lên,"Tầng lửng tại tầng 1,Tòa nhà An Phú Plaza, 117 - 119 Lý Chính Thắng, Phường 07, Quận 3, Thành phố Hồ Chí Minh, Việt Nam",Quận 3,5820: Xuất bản phần mềm-Chi tiết: Sản xuất phần mềm;6201: Lập trình máy vi tính-;6202: Tư vấn máy vi tính và quản trị hệ thống máy vi tính-;6209: Hoạt động dịch vụ công nghệ thông tin và dịch vụ khác ,internet
314687545,CÔNG TY CỔ PHẦN THƯƠNG MẠI ĐIỆN TỬ MOGO,CÔNG TY CỔ PHẦN THƯƠNG MẠI ĐIỆ,Công ty cổ phần,"Tầng 3, Tòa nhà An Phú Plaza,117-119 Lý Chính Thắng, Phường 07, Quận 3, Thành phố Hồ Chí Minh, Việt Nam",Quận 3,"1074: Sản xuất mì ống, mỳ sợi và sản phẩm tương tự-Chi tiết: Sản xuất mì khô, mì gói ăn liền, mì rau quả, mì củ quả, mì sợi, hủ tiếu (trừ sản xuất, chế biến thực phẩm tươi sống tại trụ sở).;4659: Bán ",internet
314415573,CÔNG TY CỔ PHẦN VIEON,CÔNG TY CỔ PHẦN VIEON,Công ty cổ phần,"222 Pasteur, Phường Võ Thị Sáu, Quận 3, Thành phố Hồ Chí Minh, Việt Nam",Quận 3,"5912: Hoạt động hậu kỳ-(trừ sản xuất phim, phát sóng và không thực hiện các hiệu ứng cháy, nổ; không sử dụng chất nổ, chất cháy, hóa chất làm đạo cụ, dụng cụ thực hiện các chương trình văn nghệ, sự ki",internet
314429985,CÔNG TY TNHH LOGTRADE,CÔNG TY TNHH LOGTRADE,Công ty trách nhiệm hữu hạn một thành viên,"Số 329/17 Điện Biên Phủ, Phường 04, Quận 3, Thành phố Hồ Chí Minh, Việt Nam",Quận 3,"2610: Sản xuất linh kiện điện tử-(không sản xuất tại trụ sở);2630: Sản xuất thiết bị truyền thông-(không sản xuất tại trụ sở);2651: Sản xuất thiết bị đo lường, kiểm tra, định hướng và điều khiển-(khôn",internet
314696194,CÔNG TY TRÁCH NHIỆM HỮU HẠN NHÀ CỦA VUI,CÔNG TY TRÁCH NHIỆM HỮU HẠN NH,Công ty trách nhiệm hữu hạn hai thành viên trở lên,"11 Lê Ngô Cát, Phường 07, Quận 3, Thành phố Hồ Chí Minh, Việt Nam",Quận 3,"4791: Bán lẻ theo yêu cầu đặt hàng qua bưu điện hoặc internet-(trừ bán lẻ bình gas, khí dầu mỏ hóa lỏng LPG, dầu nhớt cặn, vàng miếng, súng, đạn loại dùng đi săn hoặc thể thao và tiền kim khí và thực ",internet
314440322,CÔNG TY TNHH MỘT THÀNH VIÊN CODEX,CÔNG TY TNHH MỘT THÀNH VIÊN CO,Công ty trách nhiệm hữu hạn một thành viên,"43 Ngô Thời Nhiệm, Phường 06, Quận 3, Thành phố Hồ Chí Minh, Việt Nam",Quận 3,0210: Trồng rừng và chăm sóc rừng-(không hoạt động tại trụ sở);0221: Khai thác gỗ-(không hoạt động tại trụ sở);0222: Khai thác lâm sản khác trừ gỗ-(không hoạt động tại trụ sở);0891: Khai thác khoáng h,internet
314446500,CÔNG TY CỔ PHẦN GAMIFY VIỆT NAM,CÔNG TY CỔ PHẦN GAMIFY VIỆT NA,Công ty cổ phần,"202 Lý Chính Thắng, Phường 09, Quận 3, Thành phố Hồ Chí Minh, Việt Nam",Quận 3,9329: Hoạt động vui chơi giải trí khác chưa được phân vào đâu-Chi tiết: Cung cấp dịch vụ trò chơi điện tử trên mạng (trừ hoạt động kinh doanh trò chơi điện tử có thưởng dành cho người nước ngoài và ki,internet
314487546,CÔNG TY TNHH CNTT KIẾN TẠO,CÔNG TY TNHH CNTT KIẾN TẠO,Công ty trách nhiệm hữu hạn hai thành viên trở lên,"413/26E Lê Văn Sỹ , Phường 12, Quận 3, Thành phố Hồ Chí Minh, Việt Nam",Quận 3,"4741: Bán lẻ máy vi tính, thiết bị ngoại vi, phần mềm và thiết bị viễn thông trong các cửa hàng chuyên doanh-;4742: Bán lẻ thiết bị nghe nhìn trong các cửa hàng chuyên doanh-;5820: Xuất bản phần mềm-c",cntt
314498033,CÔNG TY TNHH DỊCH VỤ KỸ THUẬT LINH ANH,CÔNG TY TNHH DỊCH VỤ KỸ THUẬT ,Công ty trách nhiệm hữu hạn một thành viên,"271 Nguyễn Thiện Thuật, Phường 01, Quận 3, Thành phố Hồ Chí Minh, Việt Nam",Quận 3,"4652: Bán buôn thiết bị và linh kiện điện tử, viễn thông-;4651: Bán buôn máy vi tính, thiết bị ngoại vi và phần mềm-;6110: Hoạt động viễn thông có dây-(trừ cung cấp dịch vụ truy cập, truy nhập interne",internet
314508034,CÔNG TY TNHH NGUỒN - DỊCH VỤ - GIẢI PHÁP UNITRADE,CÔNG TY TNHH NGUỒN  DỊCH VỤ  G,Công ty trách nhiệm hữu hạn hai thành viên trở lên,"73 Rạch Bùng Binh, Phường 09, Quận 3, Thành phố Hồ Chí Minh, Việt Nam",Quận 3,4723: Bán lẻ đồ uống trong các cửa hàng chuyên doanh-(thực hiện theo quyết định 64/2009/QĐ-UBND ngày 31/07/2009 và quyết định  số 79/2009/QĐ-UBND ngày 17/10/2009 của Ủy ban nhân dân TP. Hồ Chí Minh về,internet
314555436,CÔNG TY TNHH QUỐC TẾ ALAM,CÔNG TY TNHH QUỐC TẾ ALAM,Công ty trách nhiệm hữu hạn một thành viên,"595/98 Nguyễn Đình Chiểu, Phường 02, Quận 3, Thành phố Hồ Chí Minh, Việt Nam",Quận 3,"4610: Đại lý, môi giới, đấu giá-Chi tiết: Dịch vụ đại lý hoa hồng (CPC: 621) (trừ đấu giá tài sản);4632: Bán buôn thực phẩm-Chi tiết: Bán buôn cà phê, sữa và các sản phẩm sữa, bánh kẹo và các sản phẩm",internet
314560348,CÔNG TY TNHH GIẢI PHÁP TỰ ĐỘNG CƠ KHÍ SÁNG TẠO MỚI,CÔNG TY TNHH GIẢI PHÁP TỰ ĐỘNG,Công ty trách nhiệm hữu hạn hai thành viên trở lên,"Tầng 3, Tòa nhà An Phú Plaza, 117-119 Lý Chính Thắng, Phường Võ Thị Sáu, Quận 3, Thành phố Hồ Chí Minh, Việt Nam",Quận 3,6329: Dịch vụ thông tin khác chưa được phân vào đâu-Chi tiết: Các dịch vụ thông tin qua điện thoại; Các dịch vụ tìm kiếm thông tin thông qua hợp đồng hay trên cơ sở phí; Dịch vụ cung cấp thông tin trê,internet
314613060,CÔNG TY TNHH MAI HỒNG HÂN,CÔNG TY TNHH MAI HỒNG HÂN,Công ty trách nhiệm hữu hạn một thành viên,"Tầng 3, Toà nhà An Phú Plaza, 117- 119 Lý Chính Thắng, Phường 07, Quận 3, Thành phố Hồ Chí Minh, Việt Nam",Quận 3,"4932: Vận tải hành khách đường bộ khác-; 8292: Dịch vụ đóng gói-(trừ đóng gói thuốc bảo vệ thực vật); 5510: Dịch vụ lưu trú ngắn ngày-Chi tiết: Khách sạn, biệt thự du lịch, căn hộ du lịch, nhà nghỉ du",internet
314650136,CÔNG TY TNHH ĐẦU TƯ PHÁT TRIỂN & THƯƠNG MẠI DỊCH VỤ FLE,CÔNG TY TNHH ĐẦU TƯ PHÁT TRIỂN,Công ty trách nhiệm hữu hạn một thành viên,"11Bis Nguyễn Gia Thiều, Phường Võ Thị Sáu, Quận 3, Thành phố Hồ Chí Minh, Việt Nam",Quận 3,"9000: Hoạt động sáng tác, nghệ thuật và giải trí-(không hoạt động tại Thành phố Hồ Chí Minh);9633: Hoạt động dịch vụ phục vụ hôn lễ-(trừ tư vấn, môi giới kết hôn có yếu tố nước ngoài);8230: Tổ chức gi",internet
314682498,CÔNG TY TNHH TƯ VẤN ĐẦU TƯ XÂY DỰNG VẬN TẢI QUANG MINH PHÁT,CÔNG TY TNHH TƯ VẤN ĐẦU TƯ XÂY,Công ty trách nhiệm hữu hạn một thành viên,"Tầng 7, 116-118 Nguyền Thị Minh Khai, Phường 06, Quận 3, Thành phố Hồ Chí Minh, Việt Nam",Quận 3,"2593: Sản xuất dao kéo, dụng cụ cầm tay và đồ kim loại thông dụng-(không hoạt động tại trụ sở);2826: Sản xuất máy cho ngành dệt, may và da-(không hoạt động tại trụ sở);2022: Sản xuất sơn, véc ni và cá",internet
314686580,CÔNG TY CỔ PHẦN ĐẦU TƯ TỪ THIỆN QUỐC TẾ BẢO THANH,CÔNG TY CỔ PHẦN ĐẦU TƯ TỪ THIỆ,Công ty cổ phần,"86 Phạm Ngọc Thạch, Phường 07, Quận 3, Thành phố Hồ Chí Minh, Việt Nam",Quận 3,"4741: Bán lẻ máy vi tính, thiết bị ngoại vi, phần mềm và thiết bị viễn thông trong các cửa hàng chuyên doanh-;5820: Xuất bản phần mềm-chi tiết: sản xuất, gia công phần mềm;6201: Lập trình máy vi tính-",internet
314697085,CÔNG TY TNHH AN GIANG XANH,CÔNG TY TNHH AN GIANG XANH,Công ty trách nhiệm hữu hạn hai thành viên trở lên,"30 Trần Cao Vân, Phường 06, Quận 3, Thành phố Hồ Chí Minh, Việt Nam",Quận 3,"5221: Hoạt động dịch vụ hỗ trợ trực tiếp cho vận tải đường sắt và đường bộ-(trừ kinh doanh kết cấu hạ tầng đường sắt, hóa lỏng khí để vận chuyển).;5222: Hoạt động dịch vụ hỗ trợ trực tiếp cho vận tải ",internet
314711910,CÔNG TY TNHH THƯƠNG MẠI DỊCH VỤ XÂY DỰNG VÕ DUY,CÔNG TY TNHH THƯƠNG MẠI DỊCH V,Công ty trách nhiệm hữu hạn một thành viên,"P403 Tầng 4, Tòa Nhà TPP Số 141 Nguyễn Đình Chiểu, Phường 06, Quận 3, Thành phố Hồ Chí Minh, Việt Nam",Quận 3,"4659: Bán buôn máy móc, thiết bị và phụ tùng máy khác-Chi tiết: Bán buôn máy móc, thiết bị điện, vật liệu điện; Bán buôn thang máy và phụ tùng thang máy; Bán buôn máy móc vật tư ngành gas; Bán buôn má",internet
314738091,CÔNG TY TNHH THƯƠNG MẠI XUẤT NHẬP KHẨU KHÁNH MAX,CÔNG TY TNHH THƯƠNG MẠI XUẤT N,Công ty trách nhiệm hữu hạn một thành viên,"161-163 Trần Quốc Thảo, Phường 09, Quận 3, Thành phố Hồ Chí Minh, Việt Nam",Quận 3,"8219: Photo, chuẩn bị tài liệu và các hoạt động hỗ trợ văn phòng đặc biệt khác-Chi tiết: Đánh máy vi tính, photocopy, dịch thuật;7020: Hoạt động tư vấn quản lý-(trừ tư vấn tài chính, kế toán, pháp luậ",internet
314815211,CÔNG TY TNHH THƯƠNG MẠI XUẤT NHẬP KHẨU GREEN VIVA,CÔNG TY TNHH THƯƠNG MẠI XUẤT N,Công ty trách nhiệm hữu hạn một thành viên,"524/27/13 Nguyễn Đình Chiểu, Phường 04, Quận 3, Thành phố Hồ Chí Minh, Việt Nam",Quận 3,"2825: Sản xuất máy chế biến thực phẩm, đồ uống và thuốc lá-;2013: Sản xuất plastic và cao su tổng hợp dạng nguyên sinh-(trừ Sản Xuất xốp cách nhiệt sử dụng ga R141b, sử dụng polyol trộn sẵn HCFC-141b)",internet
314825788,CÔNG TY CỔ PHẦN ĐẦU TƯ PHÁT TRIỂN DỊCH VỤ  VÀ THƯƠNG MẠI TKT,CÔNG TY CỔ PHẦN ĐẦU TƯ PHÁT TR,Công ty cổ phần,"399/33 Nguyễn Đình Chiểu, Phường 05, Quận 3, Thành phố Hồ Chí Minh, Việt Nam",Quận 3,"4632: Bán buôn thực phẩm-Chi tiết: Bán buôn thịt và các sản phẩm từ thịt, thủy sản, rau quả, chè, đường (không hoạt động tại trụ sở), cà phê, sữa và các sản phẩm sữa, bánh kẹo và các sản phẩm chế biến",internet
314819216,CÔNG TY TNHH LYS COSMEC,CÔNG TY TNHH LYS COSMEC,Công ty trách nhiệm hữu hạn một thành viên,"90/2 Bà Huyện Thanh Quan, Phường 09, Quận 3, Thành phố Hồ Chí Minh, Việt Nam",Quận 3,"4722: Bán lẻ thực phẩm trong các cửa hàng chuyên doanh-Chi tiết: Bán lẻ thực phẩm chức năng.;4771: Bán lẻ hàng may mặc, giày dép, hàng da và giả da trong các cửa hàng chuyên doanh-;4772: Bán lẻ thuốc,",internet
314817667,CÔNG TY TNHH VINADC,CÔNG TY TNHH VINADC,Công ty trách nhiệm hữu hạn một thành viên,"Tầng 3, Tòa nhà An Phú Plaza, 117-119 Lý Chính Thắng, Phường 07, Quận 3, Thành phố Hồ Chí Minh, Việt Nam",Quận 3,"4632: Bán buôn thực phẩm-Chi tiết: Bán buôn thực phẩm chức năng (không hoạt động tại trụ sở);4649: Bán buôn đồ dùng khác cho gia đình-(trừ kinh doanh dược phẩm).;4651: Bán buôn máy vi tính, thiết bị n",internet
314821656,CÔNG TY TNHH DATATYK,CÔNG TY TNHH DATATYK,Công ty trách nhiệm hữu hạn hai thành viên trở lên,"Tầng 3, Tòa nhà An Phú Plaza, 117-119 Lý Chính Thắng, Phường 07, Quận 3, Thành phố Hồ Chí Minh, Việt Nam",Quận 3,6201: Lập trình máy vi tính-;6202: Tư vấn máy vi tính và quản trị hệ thống máy vi tính-;6209: Hoạt động dịch vụ công nghệ thông tin và dịch vụ khác liên quan đến máy vi tính-(Trừ kinh doanh đại lý cun,internet
314826238,CÔNG TY TNHH THỰC PHẨM HỮU CƠ VĨNH NGHIÊM,CÔNG TY TNHH THỰC PHẨM HỮU CƠ ,Công ty trách nhiệm hữu hạn hai thành viên trở lên,"339 Nam Kỳ Khởi Nghĩa, Phường Võ Thị Sáu, Quận 3, Thành phố Hồ Chí Minh, Việt Nam",Quận 3,"4781: Bán lẻ lương thực, thực phẩm, đồ uống, thuốc lá, thuốc lào lưu động hoặc tại chợ-(thực hiện theo quyết định 64/2009/QĐ-UBND ngày 31/07/2009 và quyết định  số 79/2009/QĐ-UBND ngày 17/10/2009 của ",internet
314825918,CÔNG TY TNHH THƯƠNG MẠI DỊCH VỤ QUẢNG CÁO BIGIDEA,CÔNG TY TNHH THƯƠNG MẠI DỊCH V,Công ty trách nhiệm hữu hạn một thành viên,"469 Điện Biên Phủ, Phường 03, Quận 3, Thành phố Hồ Chí Minh, Việt Nam",Quận 3,"1811: In ấn-Chi tiết: In ấn trên mọi chất liệu (in offset, in nổi);1812: Dịch vụ liên quan đến in-;4663: Bán buôn vật liệu, thiết bị lắp đặt khác trong xây dựng-(không hoạt động tại trụ sở).;4669: Bán",internet
314827143,CÔNG TY TNHH THƯƠNG MẠI VÀ DỊCH VỤ KNL VINA,CÔNG TY TNHH THƯƠNG MẠI VÀ DỊC,Công ty trách nhiệm hữu hạn hai thành viên trở lên,"339/49 Lê Văn Sỹ, Phường 13, Quận 3, Thành phố Hồ Chí Minh, Việt Nam",Quận 3,"5012: Vận tải hàng hóa ven biển và viễn dương-;5022: Vận tải hàng hóa đường thuỷ nội địa-;5320: Chuyển phát-;4662: Bán buôn kim loại và quặng kim loại-Chi tiết: Bán buôn sắt, thép;4663: Bán buôn vật l",internet
314832111,CÔNG TY CỔ PHẦN BRILITAS PHARMACEUTICALS,CÔNG TY CỔ PHẦN BRILITAS PHARM,Công ty cổ phần,"64 Trương Định, Phường 07, Quận 3, Thành phố Hồ Chí Minh, Việt Nam",Quận 3,"8230: Tổ chức giới thiệu và xúc tiến thương mại-(không thực hiện các hiệu ứng cháy, nổ; không sử dụng chất nổ, chất cháy, hóa chất làm đạo cụ, dụng cụ thực hiện các chương trình văn nghệ, sự kiện, phi",internet
314828027,CÔNG TY TNHH THƯƠNG MẠI DỊCH VỤ TỔNG HỢP VIẾT NGUYỄN,CÔNG TY TNHH THƯƠNG MẠI DỊCH V,Công ty trách nhiệm hữu hạn một thành viên,"06 Nguyễn Phúc Nguyên, Phường 09, Quận 3, Thành phố Hồ Chí Minh, Việt Nam",Quận 3,"4931: Vận tải hành khách đường bộ trong nội thành, ngoại thành (trừ vận tải bằng xe buýt)-chi tiết: dịch vụ vận tải hành khách không bao gồm dịch vụ vận tải bằng phà, đường thủy, đường sắt, xe buýt, t",internet
314840673,CÔNG TY TNHH SPRESS,CÔNG TY TNHH SPRESS,Công ty trách nhiệm hữu hạn một thành viên,"Tầng 1, Tòa nhà An Phú Plaza, 117 - 119 Lý Chính Thắng , Phường 07, Quận 3, Thành phố Hồ Chí Minh, Việt Nam",Quận 3,"5820: Xuất bản phần mềm-Chi tiết: Sản xuất phần mềm.;8299: Hoạt động dịch vụ hỗ trợ kinh doanh khác còn lại chưa được phân vào đâu-Chi tiết: Dịch vụ thương mại điện tử;6311: Xử lý dữ liệu, cho thuê và",internet
314843272,CÔNG TY TNHH JMT ASIA INTERNATIONAL VIET NAM,CÔNG TY TNHH JMT ASIA INTERNAT,Công ty trách nhiệm hữu hạn hai thành viên trở lên,"142 Võ Văn Tần, Phường 06, Quận 3, Thành phố Hồ Chí Minh, Việt Nam",Quận 3,"4791: Bán lẻ theo yêu cầu đặt hàng qua bưu điện hoặc internet-chi tiết: bán lẻ máy vi tính, thiết bị ngoại vi, phần mềm và thiết bị viễn thông, thiết bị nghe nhìn, đồ điện gia dụng, giường, tủ, bàn, g",internet
314842952,CÔNG TY TNHH THƯƠNG MẠI CÔNG NGHỆ HALO,CÔNG TY TNHH THƯƠNG MẠI CÔNG N,Công ty trách nhiệm hữu hạn một thành viên,"Tầng 3, Tòa nhà An Phú Plaza, 117-119 Lý Chính Thắng, Phường 07, Quận 3, Thành phố Hồ Chí Minh, Việt Nam",Quận 3,7410: Hoạt động thiết kế chuyên dụng-Chi tiết: Hoạt động thiết kế website;5820: Xuất bản phần mềm-Chi tiết: sản xuất phần mềm;6201: Lập trình máy vi tính-;6202: Tư vấn máy vi tính và quản trị hệ thống,internet
314843681,CÔNG TY TNHH GIA PHÁT COMPUTER,CÔNG TY TNHH GIA PHÁT COMPUTER,Công ty trách nhiệm hữu hạn một thành viên,"Số 153 Trần Văn Đang, Phường 11, Quận 3, Thành phố Hồ Chí Minh, Việt Nam",Quận 3,"4651: Bán buôn máy vi tính, thiết bị ngoại vi và phần mềm-Chi tiết: Bán buôn máy vi tính, máy in, máy scan, máy phô tô, thiết bị ngoại vi và phần mềm; 4652: Bán buôn thiết bị và linh kiện điện tử, viễ",computer
314848432,CÔNG TY TNHH KINH DOANH THƯƠNG MẠI MIỀN NAM,CÔNG TY TNHH KINH DOANH THƯƠNG,Công ty trách nhiệm hữu hạn một thành viên,"Tầng 3, Tòa nhà An Phú Plaza, 117 - 119 Lý Chính Thắng , Phường Võ Thị Sáu, Quận 3, Thành phố Hồ Chí Minh, Việt Nam",Quận 3,"4632: Bán buôn thực phẩm-(không hoạt động tại trụ sở).
Chi tiết: Bán buôn thực phẩm chức năng; Bán buôn thịt và các sản phẩm từ thịt; Bán buôn thủy sản; Bán buôn rau, quả; Bán buôn cà phê; Bán buôn ch",internet
314848457,CÔNG TY CỔ PHẦN ĐẦU TƯ PHÁT TRIỂN SUNNY PEARL,CÔNG TY CỔ PHẦN ĐẦU TƯ PHÁT TR,Công ty cổ phần,"Tầng 3 tòa nhà An Phú Plaza, số 117-119 Lý Chính Thắng, Phường Võ Thị Sáu, Quận 3, Thành phố Hồ Chí Minh, Việt Nam",Quận 3,"4632: Bán buôn thực phẩm-Chi tiết: Bán buôn thực phẩm (không hoạt động tại trụ sở). Bán buôn thực phẩm chức năng, Bán buôn sữa và các sản phẩm sữa, bánh kẹo và sản phẩm chế biến từ ngũ cốc, bột, tinh ",internet
314845946,CÔNG TY TNHH THƯƠNG MẠI VÀ DỊCH VỤ GÓC HÀ NỘI,CÔNG TY TNHH THƯƠNG MẠI VÀ DỊC,Công ty trách nhiệm hữu hạn hai thành viên trở lên,"24/8 Phạm Ngọc Thạch, Phường Võ Thị Sáu, Quận 3, Thành phố Hồ Chí Minh, Việt Nam",Quận 3,"5610: Nhà hàng và các dịch vụ ăn uống phục vụ lưu động-Chi tiết: Nhà hàng;5621: Cung cấp dịch vụ ăn uống theo hợp đồng không thường xuyên với khách hàng (phục vụ tiệc, hội họp, đám cưới...)-;5629: Dịc",internet
314853062,CÔNG TY TNHH THƯƠNG MẠI ĐẦU TƯ XÂY DỰNG THÙY CHI,CÔNG TY TNHH THƯƠNG MẠI ĐẦU TƯ,Công ty trách nhiệm hữu hạn một thành viên,"Số 3 Nguyễn Sơn Hà, Phường 05, Quận 3, Thành phố Hồ Chí Minh, Việt Nam",Quận 3,"4329: Lắp đặt hệ thống xây dựng khác-Chi tiết: Thi công lắp đặt viễn thông; Lắp đặt hệ thống dầu khí; Lắp đặt hệ thống phòng cháy chữa cháy(trừ gia công cơ khí, tái chế phế thải, xi mạ điện tại trụ sở",internet
314848753,CÔNG TY TNHH THƯƠNG MẠI DỊCH VỤ TƯ VẤN TRUNG THÀNH,CÔNG TY TNHH THƯƠNG MẠI DỊCH V,Công ty trách nhiệm hữu hạn một thành viên,"V158 Điện Biên Phủ, Phường 06, Quận 3, Thành phố Hồ Chí Minh, Việt Nam",Quận 3,"4662: Bán buôn kim loại và quặng kim loại-chi tiết: Mua, bán vàng trang sức, mỹ nghệ (trừ vàng miếng). Bán buôn bạc, đá quý, nữ trang;4721: Bán lẻ lương thực trong các cửa hàng chuyên doanh-Chi tiết: ",internet
314852051,CÔNG TY TNHH DỊCH VỤ VÀ THƯƠNG MẠI AKITA,CÔNG TY TNHH DỊCH VỤ VÀ THƯƠNG,Công ty trách nhiệm hữu hạn một thành viên,"235/65 Nam Kỳ Khởi Nghĩa, Phường 07, Quận 3, Thành phố Hồ Chí Minh, Việt Nam",Quận 3,"4751: Bán lẻ vải, len, sợi, chỉ khâu và hàng dệt khác trong các cửa hàng chuyên doanh-;4753: Bán lẻ thảm, đệm, chăn, màn, rèm, vật liệu phủ tường và sàn trong các cửa hàng chuyên doanh-;4759: Bán lẻ đ",internet
314855133,CÔNG TY TNHH ĐẦU TƯ THƯƠNG MẠI DỊCH VỤ NHƯ THẢO,CÔNG TY TNHH ĐẦU TƯ THƯƠNG MẠI,Công ty trách nhiệm hữu hạn hai thành viên trở lên,"109/5 Đường số 4, Cư Xá Đô Thành, Phường 04, Quận 3, Thành phố Hồ Chí Minh, Việt Nam",Quận 3,"4659: Bán buôn máy móc, thiết bị và phụ tùng máy khác-chi tiết: Bán buôn máy móc, thiết bị và dụng cụ y tế;4791: Bán lẻ theo yêu cầu đặt hàng qua bưu điện hoặc internet-(trừ bán lẻ bình gas, hóa chất,",internet
314855380,CÔNG TY TNHH NAM PHONG DESIGN TECHNOLOGY,CÔNG TY TNHH NAM PHONG DESIGN ,Công ty trách nhiệm hữu hạn một thành viên,"Tầng 1, Tòa nhà An Phú Plaza, 117-119 Lý Chính Thắng, Phường 07, Quận 3, Thành phố Hồ Chí Minh, Việt Nam",Quận 3,"4741: Bán lẻ máy vi tính, thiết bị ngoại vi, phần mềm và thiết bị viễn thông trong các cửa hàng chuyên doanh-;5820: Xuất bản phần mềm-Chi tiết: Sản xuất phần  mềm;6201: Lập trình máy vi tính-;6202: Tư",internet
314868012,CÔNG TY TNHH INFOTECH,CÔNG TY TNHH INFOTECH,Công ty trách nhiệm hữu hạn hai thành viên trở lên,"Tầng 3, Tòa Nhà An Phú Plaza, 117-119 Lý Chính Thắng, Phường Võ Thị Sáu, Quận 3, Thành phố Hồ Chí Minh, Việt Nam",Quận 3,"4651: Bán buôn máy vi tính, thiết bị ngoại vi và phần mềm-Chi tiết:  Bán buôn phần mềm;4652: Bán buôn thiết bị và linh kiện điện tử, viễn thông-Chi tiết: Bán buôn linh kiện điện tử, viễn thông;6190: H",internet
314867795,CÔNG TY TNHH THƯƠNG MẠI DỊCH VỤ ĐẦU TƯ TRẦN THẮNG,CÔNG TY TNHH THƯƠNG MẠI DỊCH V,Công ty trách nhiệm hữu hạn một thành viên,"45 Trần Quang Diệu, Phường 13, Quận 3, Thành phố Hồ Chí Minh, Việt Nam",Quận 3,"4669: Bán buôn chuyên doanh khác chưa được phân vào đâu-Chi tiết: Bán buôn tơ, xơ, sợi; Bán buôn phụ liệu may mặc và giày dép.;4649: Bán buôn đồ dùng khác cho gia đình-(trừ kinh doanh dược phẩm).;4632",internet
314878356,CÔNG TY TNHH TƯ VẤN SIB VIỆT NAM,CÔNG TY TNHH TƯ VẤN SIB VIỆT N,Công ty trách nhiệm hữu hạn hai thành viên trở lên,"162B Đường Điện Biên Phủ , Phường 06, Quận 3, Thành phố Hồ Chí Minh, Việt Nam",Quận 3,4649: Bán buôn đồ dùng khác cho gia đình-Chi tiết: Thực hiện quyền nhập khẩu và phân phối bán buôn các hàng hóa không thuộc danh mục hàng hóa cấm nhập khẩu và danh mục hàng hóa không được phân phối th,internet
314867192,CÔNG TY CỔ PHẦN MARKETING TRUYỀN THÔNG QUẢNG CÁO VINA MEDIA,CÔNG TY CỔ PHẦN MARKETING TRUY,Công ty cổ phần,"Tầng 14, Tòa nhà HM Town, 412 Nguyễn Thị Minh Khai, Phường 05, Quận 3, Thành phố Hồ Chí Minh, Việt Nam",Quận 3,"3290: Sản xuất khác chưa được phân vào đâu-Chi tiết: Lắp đặt bảng hiệu, bảng quảng cáo, panô, bảng tin, áp phích và lắp đặt hệ thống xây dựng khác;5229: Hoạt động dịch vụ hỗ trợ khác liên quan đến vận",internet
314885025,CÔNG TY TNHH LUMAECOM,CÔNG TY TNHH LUMAECOM,Công ty trách nhiệm hữu hạn một thành viên,"Tầng 1, Tòa Nhà An Phú Plaza, 117-119 Lý Chính Thắng, Phường 07, Quận 3, Thành phố Hồ Chí Minh, Việt Nam",Quận 3,"4741: Bán lẻ máy vi tính, thiết bị ngoại vi, phần mềm và thiết bị viễn thông trong các cửa hàng chuyên doanh-;4742: Bán lẻ thiết bị nghe nhìn trong các cửa hàng chuyên doanh-;5820: Xuất bản phần mềm-C",internet
314885000,CÔNG TY TNHH LEGEND WELL,CÔNG TY TNHH LEGEND WELL,Công ty trách nhiệm hữu hạn hai thành viên trở lên,"219 Hai Bà Trưng, Phường 06, Quận 3, Thành phố Hồ Chí Minh, Việt Nam",Quận 3,"4690: Bán buôn tổng hợp-Chi tiết: Ba lô, vali, túi xách các loại (trừ bán buôn hóa chất, khí dầu mỏ hóa lỏng LPG, dầu nhớt cặn, vàng miếng, súng, đạn loại dùng đi săn hoặc thể thao và tiền kim khí và ",internet
314872474,CÔNG TY TNHH SẢN XUẤT THƯƠNG MẠI DỊCH VỤ CÔNG NGHỆ TÂN TIẾN,CÔNG TY TNHH SẢN XUẤT THƯƠNG M,Công ty trách nhiệm hữu hạn một thành viên,"Tầng 14, Tòa nhà HM TOWN, 412 Nguyễn Thị Minh Khai, Phường 05, Quận 3, Thành phố Hồ Chí Minh, Việt Nam",Quận 3,"8230: Tổ chức giới thiệu và xúc tiến thương mại-(không thực hiện các hiệu ứng cháy, nổ; không sử dụng chất nổ, chất cháy, hóa chất làm đạo cụ, dụng cụ thực hiện các chương trình văn nghệ, sự kiện, phi",internet
316296924,CÔNG TY TNHH HƯNG THỊNH T&N,CÔNG TY TNHH HƯNG THỊNH TN,Công ty trách nhiệm hữu hạn hai thành viên trở lên,"63 đường số 3, Cư Xá Đô Thành, Phường 04, Quận 3, Thành phố Hồ Chí Minh, Việt Nam",Quận 3,"4752: Bán lẻ đồ ngũ kim, sơn, kính và thiết bị lắp đặt khác trong xây dựng trong các cửa hàng chuyên doanh-(không hoạt động tại trụ sở);4753: Bán lẻ thảm, đệm, chăn, màn, rèm, vật liệu phủ tường và sà",internet
314883589,CÔNG TY TNHH DAISEIKO VIET NAM,CÔNG TY TNHH DAISEIKO VIET NAM,Công ty trách nhiệm hữu hạn một thành viên,"Tầng 1, Toà nhà An Phú Plaza, 117-119 Lý Chính Thắng, Phường 07, Quận 3, Thành phố Hồ Chí Minh, Việt Nam",Quận 3,4632: Bán buôn thực phẩm-(không hoạt động tại trụ sở);4633: Bán buôn đồ uống-;4649: Bán buôn đồ dùng khác cho gia đình-(trừ kinh doanh dược phẩm).;4669: Bán buôn chuyên doanh khác chưa được phân vào đ,internet
314897581,CÔNG TY TNHH ORGANICA,CÔNG TY TNHH ORGANICA,Công ty trách nhiệm hữu hạn một thành viên,"P403 Tầng 4, Tòa Nhà TPP Số 141 Nguyễn Đình Chiểu, Phường Võ Thị Sáu, Quận 3, Thành phố Hồ Chí Minh, Việt Nam",Quận 3,"0112: Trồng ngô và cây lương thực có hạt khác-(không hoạt động tại trụ sở);0113: Trồng cây lấy củ có chất bột-(không hoạt động tại trụ sở);0118: Trồng rau, đậu các loại và trồng hoa-(không hoạt động t",internet
314898948,CÔNG TY TNHH TODAY MEDIA,CÔNG TY TNHH TODAY MEDIA,Công ty trách nhiệm hữu hạn một thành viên,"Tầng 12B, Tòa nhà Cienco4, 180 Nguyễn Thị Minh Khai, Phường Võ Thị Sáu, Quận 3, Thành phố Hồ Chí Minh, Việt Nam",Quận 3,"4632: Bán buôn thực phẩm-(không hoạt động tại trụ sở);4641: Bán buôn vải, hàng may sẵn, giày dép-Chi tiết: Bán buôn vải, hàng may mặc, chăn, gối, ga trải giường;4649: Bán buôn đồ dùng khác cho gia đìn",internet
314890963,CÔNG TY TRÁCH NHIỆM HỮU HẠN NGUYỄN SECURITIES,CÔNG TY TRÁCH NHIỆM HỮU HẠN NG,Công ty trách nhiệm hữu hạn một thành viên,"118 Đường số 2, Cư xá Đô Thành, Phường 04, Quận 3, Thành phố Hồ Chí Minh, Việt Nam",Quận 3,"4649: Bán buôn đồ dùng khác cho gia đình-Chi tiết: Bán buôn mước hoa, hàng mỹ phẩm;4632: Bán buôn thực phẩm-Chi tiết: Bán buôn thực phẩm chức năng (không hoạt động tại trụ sở);4791: Bán lẻ theo yêu cầ",internet
314890956,CÔNG TY TRÁCH NHIỆM HỮU HẠN NGUYỄN CAPITAL,CÔNG TY TRÁCH NHIỆM HỮU HẠN NG,Công ty trách nhiệm hữu hạn một thành viên,"118 Đường số 2, Cư xá Đô Thành, Phường 04, Quận 3, Thành phố Hồ Chí Minh, Việt Nam",Quận 3,"6820: Tư vấn, môi giới, đấu giá bất động sản, đấu giá quyền sử dụng đất-Chi tiết: Tư vấn, môi giới bất động sản;4610: Đại lý, môi giới, đấu giá-Chi tiết: Đại lý mua bán, ký gủi hàng hóa;4649: Bán buôn",internet
314895432,CÔNG TY TNHH GIẢI PHÁP CÔNG NGHỆ KVK,CÔNG TY TNHH GIẢI PHÁP CÔNG NG,Công ty trách nhiệm hữu hạn một thành viên,"Tầng 1, Toà nhà An Phú Plaza, 117-119 Lý Chính Thắng, Phường 07, Quận 3, Thành phố Hồ Chí Minh, Việt Nam",Quận 3,5820: Xuất bản phần mềm-Chi tiết: Sản xuất phần mềm.;6201: Lập trình máy vi tính-;6202: Tư vấn máy vi tính và quản trị hệ thống máy vi tính-;6209: Hoạt động dịch vụ công nghệ thông tin và dịch vụ khác,internet
314888114,CÔNG TY TNHH DỊCH VỤ FIVE STAR,CÔNG TY TNHH DỊCH VỤ FIVE STAR,Công ty trách nhiệm hữu hạn một thành viên,"Tầng 1, Tòa nhà An Phú Plaza, 117-119 Lý Chính Thắng, Phường 07, Quận 3, Thành phố Hồ Chí Minh, Việt Nam",Quận 3,"4620: Bán buôn nông, lâm sản nguyên liệu (trừ gỗ, tre, nứa) và động vật sống-(không hoạt động tại trụ sở);4633: Bán buôn đồ uống-Chi tiết: Bán buôn đồ uống có cồn. Bán buôn đồ uống không có cồn.;4649:",internet
314904616,CÔNG TY TNHH COS & KO VINA,CÔNG TY TNHH COS  KO VINA,Công ty trách nhiệm hữu hạn hai thành viên trở lên,"Số 219/71 Trần Văn Đang, Phường 11, Quận 3, Thành phố Hồ Chí Minh, Việt Nam",Quận 3,"4771: Bán lẻ hàng may mặc, giày dép, hàng da và giả da trong các cửa hàng chuyên doanh-(CPC 632); 4620: Bán buôn nông, lâm sản nguyên liệu (trừ gỗ, tre, nứa) và động vật sống-(không hoạt động tại trụ ",internet
314905715,CÔNG TY CỔ PHẦN FVNDIT,CÔNG TY CỔ PHẦN FVNDIT,Công ty cổ phần,"262/12 Lê Văn Sỹ, Phường 14, Quận 3, Thành phố Hồ Chí Minh, Việt Nam",Quận 3,5820: Xuất bản phần mềm-Chi tiết: Sản xuất phần mềm. (CPC 842);6201: Lập trình máy vi tính-(CPC 842);6202: Tư vấn máy vi tính và quản trị hệ thống máy vi tính-(CPC 841);6209: Hoạt động dịch vụ công ng,internet
314908000,CÔNG TY CỔ PHẦN SALLA,CÔNG TY CỔ PHẦN SALLA,Công ty cổ phần,"200 Bis Lý Chính Thắng, Phường 09, Quận 3, Thành phố Hồ Chí Minh, Việt Nam",Quận 3,"5229: Hoạt động dịch vụ hỗ trợ khác liên quan đến vận tải-Chi tiết: Dịch vụ trông giữ xe ô tô, xe máy, xe đạp (trừ kinh doanh bến bãi ô tô); Đại lý bán vé máy bay.;5510: Dịch vụ lưu trú ngắn ngày-Chi ",internet
314923626,CÔNG TY TNHH CÔNG NGHỆ GIÁO DỤC EDTEK,CÔNG TY TNHH CÔNG NGHỆ GIÁO DỤ,Công ty trách nhiệm hữu hạn hai thành viên trở lên,"Tầng 1, Tòa nhà An Phú Plaza, 117-119 Lý Chính Thắng , Phường 07, Quận 3, Thành phố Hồ Chí Minh, Việt Nam",Quận 3,6201: Lập trình máy vi tính-;6202: Tư vấn máy vi tính và quản trị hệ thống máy vi tính-;6209: Hoạt động dịch vụ công nghệ thông tin và dịch vụ khác liên quan đến máy vi tính-(trừ kinh doanh đại lý cun,internet
314911733,CÔNG TY TNHH ĐẦU TƯ & PHÁT TRIỂN CÔNG NGHIỆP TRỌNG NGHĨA,CÔNG TY TNHH ĐẦU TƯ  PHÁT TRIỂ,Công ty trách nhiệm hữu hạn một thành viên,"Tầng 3, Tòa nhà An Phú Plaza, 117-119 Lý Chính Thắng, Phường 07, Quận 3, Thành phố Hồ Chí Minh, Việt Nam",Quận 3,"6619: Hoạt động hỗ trợ dịch vụ tài chính chưa được phân vào đâu-Chi tiết: Tư vấn đầu tư (trừ tư vấn tài chính, kế toán, luật);7020: Hoạt động tư vấn quản lý-(trừ tư vấn tài chính, kế toán, pháp luật);",internet
314914420,CÔNG TY TNHH QUẢNG CÁO MANG ĐI,CÔNG TY TNHH QUẢNG CÁO MANG ĐI,Công ty trách nhiệm hữu hạn một thành viên,"133 Đường Rạch Bùng Binh, Phường 09, Quận 3, Thành phố Hồ Chí Minh, Việt Nam",Quận 3,"1811: In ấn-(trừ in tráng bao bì kim loại, in trên các sản phẩm vải sợi, dệt, may, đan tại trụ sở);1812: Dịch vụ liên quan đến in-;4791: Bán lẻ theo yêu cầu đặt hàng qua bưu điện hoặc internet-(trừ bá",internet
314904207,CÔNG TY TNHH VẬT LIỆU VYT SOLUTION,CÔNG TY TNHH VẬT LIỆU VYT SOLU,Công ty trách nhiệm hữu hạn một thành viên,"Tầng 5, Tòa nhà Songdo, 62A Phạm Ngọc Thạch, Phường 06, Quận 3, Thành phố Hồ Chí Minh, Việt Nam",Quận 3,"4782: Bán lẻ hàng dệt, may sẵn, giày dép lưu động hoặc tại chợ-;4789: Bán lẻ hàng hóa khác lưu động hoặc tại chợ-(trừ bán lẻ khí dầu mỏ hóa lỏng LPG, bình gas, hóa chất, súng, đạn loại dùng đi săn hoặ",internet
314917559,CÔNG TY CP SECRET BREED,CÔNG TY CP SECRET BREED,Công ty cổ phần,"E3, Lô E, 552-588 Cách Mạng Tháng 8, Phường 11, Quận 3, Thành phố Hồ Chí Minh, Việt Nam",Quận 3,"4659: Bán buôn máy móc, thiết bị và phụ tùng máy khác-; 8559: Giáo dục khác chưa được phân vào đâu-Chi tiết: Đào tạo kỹ thuật về an toàn lao động, vệ sinh lao động, phòng chống cháy nổ, sơ cấp cứu kỹ ",internet
314919108,CÔNG TY TNHH MONDOVINO,CÔNG TY TNHH MONDOVINO,Công ty trách nhiệm hữu hạn một thành viên,"Tầng 3, Tòa nhà An phú Plaza, 117-119 Lý Chính Thắng , Phường Võ Thị Sáu, Quận 3, Thành phố Hồ Chí Minh, Việt Nam",Quận 3,"8230: Tổ chức giới thiệu và xúc tiến thương mại-(không thực hiện các hiệu ứng cháy, nổ; không sử dụng chất nổ, chất cháy, hóa chất làm đạo cụ, dụng cụ thực hiện các chương trình văn nghệ, sự kiện, phi",internet
314918640,CÔNG TY CỔ PHẦN GARDEN GREENS,CÔNG TY CỔ PHẦN GARDEN GREENS,Công ty cổ phần,"Tầng 3, Tòa nhà An Phú Plaza, 117 - 119 Lý Chính Thắng, Phường 07, Quận 3, Thành phố Hồ Chí Minh, Việt Nam",Quận 3,"0161: Hoạt động dịch vụ trồng trọt-;0163: Hoạt động dịch vụ sau thu hoạch-;1030: Chế biến và bảo quản rau quả-;4620: Bán buôn nông, lâm sản nguyên liệu (trừ gỗ, tre, nứa) và động vật sống-(không hoạt ",internet
314921386,CÔNG TY TNHH THƯƠNG MẠI DỊCH VỤ GIẢI TRÍ THIÊN PHÚ,CÔNG TY TNHH THƯƠNG MẠI DỊCH V,Công ty trách nhiệm hữu hạn một thành viên,"174/71 Nguyễn Thiện Thuật, Phường 03, Quận 3, Thành phố Hồ Chí Minh, Việt Nam",Quận 3,9329: Hoạt động vui chơi giải trí khác chưa được phân vào đâu-Chi tiết: Kinh doanh trò chơi điện tử (trừ hoạt động sàn nhảy; trừ kinh doanh trò chơi điện tử có thưởng dành cho người nước ngoài và kinh,internet
314945267,CÔNG TY TNHH DỊCH VỤ DU LỊCH TRAVELFLY,CÔNG TY TNHH DỊCH VỤ DU LỊCH T,Công ty trách nhiệm hữu hạn một thành viên,"280/33/7 Cách Mạng Tháng Tám, Phường 10, Quận 3, Thành phố Hồ Chí Minh, Việt Nam",Quận 3,"5229: Hoạt động dịch vụ hỗ trợ khác liên quan đến vận tải-Chi tiết: Hoạt động dịch vụ hỗ trợ khác liên quan đến vận tải : Đại lý vé máy bay;5510: Dịch vụ lưu trú ngắn ngày-Chi tiết: Khách sạn, biệt th",internet
314949712,CÔNG TY CỔ PHẦN NÔNG NGHIỆP CÔNG NGHỆ CAO PVN,CÔNG TY CỔ PHẦN NÔNG NGHIỆP CÔ,Công ty cổ phần,"63 Phạm Ngọc Thạch , Phường 06, Quận 3, Thành phố Hồ Chí Minh, Việt Nam",Quận 3,"0118: Trồng rau, đậu các loại và trồng hoa, cây cảnh-;0112: Trồng ngô và cây lương thực có hạt khác-;0113: Trồng cây lấy củ có chất bột-;0117: Trồng cây có hạt chứa dầu-;0119: Trồng cây hàng năm khác-",internet
314937587,CÔNG TY TNHH GAMES BLUE,CÔNG TY TNHH GAMES BLUE,Công ty trách nhiệm hữu hạn một thành viên,"Tầng 5A, Số 78-80 Cách Mạng Tháng 8, Phường 06, Quận 3, Thành phố Hồ Chí Minh, Việt Nam",Quận 3,"6190: Hoạt động viễn thông khác-Chi tiết: Hoạt động của các điểm truy cập internet (trừ bán lại hạ tầng viễn thông, mạng cung cấp);4633: Bán buôn đồ uống-;9329: Hoạt động vui chơi giải trí khác chưa đ",internet
314935205,CÔNG TY CỔ PHẦN CÔNG NGHỆ INTELIN,CÔNG TY CỔ PHẦN CÔNG NGHỆ INTE,Công ty cổ phần,"335/3 Điện Biên Phủ, Phường 04, Quận 3, Thành phố Hồ Chí Minh, Việt Nam",Quận 3,7110: Hoạt động kiến trúc và tư vấn kỹ thuật có liên quan-Chi tiết: - Lập dự án; thẩm tra dự án đầu tư; tư vấn quản lý dự án đầu tư; tư vấn đấu thầu; tư vấn giám sát công trình (trừ thiết kế công trìn,internet
314943189,CÔNG TY TNHH GIẢI PHÁP CHIẾN LƯỢC BSN,CÔNG TY TNHH GIẢI PHÁP CHIẾN L,Công ty trách nhiệm hữu hạn hai thành viên trở lên,"194C Pasteur, Phường Võ Thị Sáu, Quận 3, Thành phố Hồ Chí Minh, Việt Nam",Quận 3,"4649: Bán buôn đồ dùng khác cho gia đình-Chi tiết: Bán buôn giường, tủ, bàn ghế và đồ dùng nội thất tương tự; Bán buôn sách, báo, tạp chí, văn phòng phẩm; Bán buôn đồ dùng gia đình (trừ dược phẩm). Bá",internet
314946038,CÔNG TY TNHH THẨM MỸ QUỐC TẾ A&A,CÔNG TY TNHH THẨM MỸ QUỐC TẾ A,Công ty trách nhiệm hữu hạn một thành viên,"P.203, P.206- P.207, P.210- P.213 - Lầu 2, 63 Ngô Thời Nhiệm, Phường 06, Quận 3, Thành phố Hồ Chí Minh, Việt Nam",Quận 3,"4791: Bán lẻ theo yêu cầu đặt hàng qua bưu điện hoặc internet-(trừ bán lẻ bình gas, khí dầu mỏ hóa lỏng LPG, dầu nhớt cặn, vàng miếng, súng, đạn loại dùng đi săn hoặc thể thao và tiền kim khí; trừ bán",internet
314945147,CÔNG TY CỔ PHẦN TẬP ĐOÀN ĐẠI QUANG MINH,CÔNG TY CỔ PHẦN TẬP ĐOÀN ĐẠI Q,Công ty cổ phần,"95-97-99 Trần Quang Diệu, Phường 13, Quận 3, Thành phố Hồ Chí Minh, Việt Nam",Quận 3,5011: Vận tải hành khách ven biển và viễn dương-;5012: Vận tải hàng hóa ven biển và viễn dương-;5022: Vận tải hàng hóa đường thuỷ nội địa-Chi tiết: Vận tải hàng hóa đường thuỷ nội địa bằng phương tiện,internet
314970591,CÔNG TY CỔ PHẦN INFO BUSINESS,CÔNG TY CỔ PHẦN INFO BUSINESS,Công ty cổ phần,"Tầng 1, Toà nhà An Phú Plaza, 117-119 Lý Chính Thắng, Phường 07, Quận 3, Thành phố Hồ Chí Minh, Việt Nam",Quận 3,"1811: In ấn-(trừ in tráng bao bì kim loại, in trên các sản phẩm vải sợi, dệt, may, đan tại trụ sở);1812: Dịch vụ liên quan đến in-;5820: Xuất bản phần mềm-Chi tiết: Sản xuất phần mềm.;6201: Lập trình ",internet
314973183,CÔNG TY TNHH XUẤT NHẬP KHẨU LONG VƯƠNG PHÁT,CÔNG TY TNHH XUẤT NHẬP KHẨU LO,Công ty trách nhiệm hữu hạn một thành viên,"Tầng 1, Tòa nhà An Phú Plaza, 117-119 Lý Chính Thắng, Phường 07, Quận 3, Thành phố Hồ Chí Minh, Việt Nam",Quận 3,"4791: Bán lẻ theo yêu cầu đặt hàng qua bưu điện hoặc internet-(trừ bán lẻ bình gas, khí dầu mỏ hóa lỏng LPG, dầu nhớt cặn, vàng miếng, súng, đạn loại dùng đi săn hoặc thể thao và tiền kim khí; trừ bán",internet
314947063,CÔNG TY CỔ PHẦN THƯƠNG MẠI ĐẦU TƯ VÀ GIẢI PHÁP TPTECHS,CÔNG TY CỔ PHẦN THƯƠNG MẠI ĐẦU,Công ty cổ phần,"Tầng 14, Tòa Nhà HM Town, 412 Nguyễn Thị Minh Khai, Phường 05, Quận 3, Thành phố Hồ Chí Minh, Việt Nam",Quận 3,"4543: Bán phụ tùng và các bộ phận phụ trợ của mô tô, xe máy-Chi tiết: Bán buôn, bán lẻ, đại lý các loại phụ tùng, bộ phận, linh kiện của ô tô và xe có động cơ khác như: Săm, lốp, ắc quy, đèn, các phụ ",internet
314957738,CÔNG TY TNHH THƯƠNG MẠI - DỊCH VỤ ẨM THỰC KIỆT ANH TIẾN,CÔNG TY TNHH THƯƠNG MẠI  DỊCH ,Công ty trách nhiệm hữu hạn hai thành viên trở lên,"140/3 Lý Chính Thắng, Phường 07, Quận 3, Thành phố Hồ Chí Minh, Việt Nam",Quận 3,"5610: Nhà hàng và các dịch vụ ăn uống phục vụ lưu động-Chi tiết: Nhà hàng, quán ăn, hàng ăn uống; Dịch vụ ăn uống phục vụ lưu động khác;5621: Cung cấp dịch vụ ăn uống theo hợp đồng không thường xuyên ",internet
314959580,CÔNG TY TNHH XUẤT NHẬP KHẨU ISOKOMA,CÔNG TY TNHH XUẤT NHẬP KHẨU IS,Công ty trách nhiệm hữu hạn hai thành viên trở lên,"140 Lý Chính Thắng, Phường Võ Thị Sáu, Quận 3, Thành phố Hồ Chí Minh, Việt Nam",Quận 3,"4633: Bán buôn đồ uống-(CPC 622)
Chi tiết: Thực hiện quyền nhập khẩu, quyền phân phối bán buôn đồ uống có cồn và không có cồn.;4651: Bán buôn máy vi tính, thiết bị ngoại vi và phần mềm-(CPC 622)
Chi t",internet
314966108,CÔNG TY TNHH TSIEUTHI247,CÔNG TY TNHH TSIEUTHI247,Công ty trách nhiệm hữu hạn một thành viên,"100 Nguyễn Thị Minh Khai, Phường 06, Quận 3, Thành phố Hồ Chí Minh, Việt Nam",Quận 3,"4610: Đại lý, môi giới, đấu giá-Chi tiết: Đại lý. Môi giới (trừ đấu giá tài sản).;7310: Quảng cáo-(không bao gồm quảng cáo thuốc lá);4651: Bán buôn máy vi tính, thiết bị ngoại vi và phần mềm-;7410: Ho",internet
314974758,CÔNG TY TNHH JOVEAI,CÔNG TY TNHH JOVEAI,Công ty trách nhiệm hữu hạn hai thành viên trở lên,"Tầng 2, toà nhà Emerald, 37 Huỳnh Tịnh Của, Phường 08, Quận 3, Thành phố Hồ Chí Minh, Việt Nam",Quận 3,6201: Lập trình máy vi tính-;6202: Tư vấn máy vi tính và quản trị hệ thống máy vi tính-;6209: Hoạt động dịch vụ công nghệ thông tin và dịch vụ khác liên quan đến máy vi tính-(trừ kinh doanh dịch vụ tr,internet
314967101,CÔNG TY TNHH TRUYỀN THÔNG VÀ GIẢI TRÍ NHẬT KHANG,CÔNG TY TNHH TRUYỀN THÔNG VÀ G,Công ty trách nhiệm hữu hạn hai thành viên trở lên,"số 107/2 Vườn Chuối, Phường 04, Quận 3, Thành phố Hồ Chí Minh, Việt Nam",Quận 3,"5912: Hoạt động hậu kỳ-(trừ sản xuất phim và không thực hiện các hiệu ứng cháy, nổ; không sử dụng chất nổ, chất cháy, hóa chất làm đạo cụ, dụng cụ thực hiện các chương trình văn nghệ, sự kiện, phim ản",internet
314975790,CÔNG TY TNHH THƯƠNG MẠI QUỐC TẾ HOA SEN 4.0,CÔNG TY TNHH THƯƠNG MẠI QUỐC T,Công ty trách nhiệm hữu hạn hai thành viên trở lên,"469 Điện Biên Phủ, Phường 03, Quận 3, Thành phố Hồ Chí Minh, Việt Nam",Quận 3,"4772: Bán lẻ thuốc, dụng cụ y tế, mỹ phẩm và vật phẩm vệ sinh trong các cửa hàng chuyên doanh-;1709: Sản xuất các sản phẩm khác từ giấy và bìa chưa được phân vào đâu-;1812: Dịch vụ liên quan đến in-;1",internet
314997145,CÔNG TY TNHH MỘT THÀNH VIÊN SẢN XUẤT THƯƠNG MẠI DỊCH VỤ NAM MỘC VIỆT,CÔNG TY TNHH MỘT THÀNH VIÊN SẢ,Công ty trách nhiệm hữu hạn một thành viên,"336 Lý Thái Tổ, Phường 01, Quận 3, Thành phố Hồ Chí Minh, Việt Nam",Quận 3,"1622: Sản xuất đồ gỗ xây dựng-;1629: Sản xuất sản phẩm khác từ gỗ; sản xuất sản phẩm từ tre, nứa, rơm, rạ và vật liệu tết bện-Chi tiết: Sản xuất sản phẩm khác từ gỗ;1623: Sản xuất bao bì bằng gỗ-;3100",internet
314982759,CÔNG TY CỔ PHẦN ĐẦU TƯ NĂNG LƯỢNG VĨNH THUẬN,CÔNG TY CỔ PHẦN ĐẦU TƯ NĂNG LƯ,Công ty cổ phần,"Tầng 3, Tòa nhà An Phú Plaza, 117 - 119 Lý Chính Thắng, Phường Võ Thị Sáu, Quận 3, Thành phố Hồ Chí Minh, Việt Nam",Quận 3,"4329: Lắp đặt hệ thống xây dựng khác-Chi tiết:
- Lắp đặt hệ thống an ninh như: camera quan sát, hệ thống báo trộm;
- Lắp đặt hệ thống phòng cháy – chữa cháy, hệ thống chống sét, ",internet
314982741,CÔNG TY TNHH TRUYỀN THÔNG QUẢNG CÁO VÀ DỊCH VỤ HIGHLIGHT,CÔNG TY TNHH TRUYỀN THÔNG QUẢN,Công ty trách nhiệm hữu hạn một thành viên,"Tầng 1, 117-119 Lý Chính Thắng, Phường 07, Quận 3, Thành phố Hồ Chí Minh, Việt Nam",Quận 3,"7410: Hoạt động thiết kế chuyên dụng-(trừ thiết kế xây dựng)
Chi tiết: Thiết kế website; Hoạt động trang trí nội, ngoại thất; Thiết kế tạo mẫu; Thiết kế đồ họa.;7420: Hoạt động nhiếp ảnh-(trừ sản xuất",internet
315010259,CÔNG TY TNHH ECO DEAL VIỆT NAM,CÔNG TY TNHH ECO DEAL VIỆT NAM,Công ty trách nhiệm hữu hạn một thành viên,"Tầng 1, Tòa nhà An Phú Plaza, 117-119 Lý Chính Thắng, Phường 07, Quận 3, Thành phố Hồ Chí Minh, Việt Nam",Quận 3,"4633: Bán buôn đồ uống-Chi tiết: Bán buôn, xuất nhập khẩu đồ uống;4649: Bán buôn đồ dùng khác cho gia đình-chi tiết: Bán buôn, xuất nhập khẩu nước hoa, nước thơm, dầu thơm, mỹ phẩm; đồ điện gia dụng, ",internet
314985012,CÔNG TY CỔ PHẦN TRÍ TUỆ NHÂN TẠO AI PACIFIC,CÔNG TY CỔ PHẦN TRÍ TUỆ NHÂN T,Công ty cổ phần,"63 Phạm Ngọc Thạch, Phường Võ Thị Sáu, Quận 3, Thành phố Hồ Chí Minh, Việt Nam",Quận 3,"0112: Trồng ngô và cây lương thực có hạt khác-;4632: Bán buôn thực phẩm-(không hoạt động tại trụ sở);0150: Trồng trọt, chăn nuôi hỗn hợp-;0121: Trồng cây ăn quả-;0164: Xử lý hạt giống để nhân giống-;0",internet
315013524,CÔNG TY TNHH CÔNG NGHỆ MOONS TECH,CÔNG TY TNHH CÔNG NGHỆ MOONS T,Công ty trách nhiệm hữu hạn hai thành viên trở lên,"Tầng 1, Tòa nhà An Phú Plaza, 117-119 Lý Chính Thắng, Phường 07, Quận 3, Thành phố Hồ Chí Minh, Việt Nam",Quận 3,"7490: Hoạt động chuyên môn, khoa học và công nghệ khác chưa được phân vào đâu-chi tiết: Tư vấn về công nghệ. Cung cấp các giải pháp công nghệ thông tin;5820: Xuất bản phần mềm-chi tiết: Sản xuất phần ",internet
315009542,CÔNG TY TNHH VỆ SINH CÔNG NGHIỆP LỘC ÂN,CÔNG TY TNHH VỆ SINH CÔNG NGHI,Công ty trách nhiệm hữu hạn một thành viên,"219/39 Trần Văn Đang, Phường 11, Quận 3, Thành phố Hồ Chí Minh, Việt Nam",Quận 3,"7820: Cung ứng lao động tạm thời-;7830: Cung ứng và quản lý nguồn lao động-Chi tiết: Cung ứng và quản lý nguồn lao động trong nước;4632: Bán buôn thực phẩm-Chi tiết: Bán buôn thực phẩm, thực phẩm chức",internet
315007873,CÔNG TY TNHH BCM VENTURE INTEGRATED,CÔNG TY TNHH BCM VENTURE INTEG,Công ty trách nhiệm hữu hạn hai thành viên trở lên,"11bis Nguyễn Gia Thiều, Phường Võ Thị Sáu, Quận 3, Thành phố Hồ Chí Minh, Việt Nam",Quận 3,5820: Xuất bản phần mềm-Chi tiết: Sản xuất phần mềm;6202: Tư vấn máy vi tính và quản trị hệ thống máy vi tính-;6209: Hoạt động dịch vụ công nghệ thông tin và dịch vụ khác liên quan đến máy vi tính-;47,internet
315013676,CÔNG TY TNHH TN 776,CÔNG TY TNHH TN 776,Công ty trách nhiệm hữu hạn hai thành viên trở lên,"Tầng 14, Tòa nhà HM Town, 412 Nguyễn Thị Minh Khai, Phường 05, Quận 3, Thành phố Hồ Chí Minh, Việt Nam",Quận 3,"4663: Bán buôn vật liệu, thiết bị lắp đặt khác trong xây dựng-Chi tiết: bán buôn vật liệu xây dựng (không hoạt động tại trụ sở);4741: Bán lẻ máy vi tính, thiết bị ngoại vi, phần mềm và thiết bị viễn t",internet
315048936,CÔNG TY CỔ PHẦN GIẢI PHÁP VÔ CỰC,CÔNG TY CỔ PHẦN GIẢI PHÁP VÔ C,Công ty cổ phần,"232/17 Võ Thị Sáu, Phường 07, Quận 3, Thành phố Hồ Chí Minh, Việt Nam",Quận 3,"4652: Bán buôn thiết bị và linh kiện điện tử, viễn thông-;5913: Hoạt động phát hành phim điện ảnh, phim video và chương trình truyền hình-Chi tiết : Hoạt động phát hành phim điện ảnh, phim video (trừ ",internet
315009454,CÔNG TY TNHH DU LỊCH COCO VIỆT NAM,CÔNG TY TNHH DU LỊCH COCO VIỆT,Công ty trách nhiệm hữu hạn hai thành viên trở lên,"Tầng 5, Tòa nhà Songdo, 62A Phạm Ngọc Thạch, Phường 06, Quận 3, Thành phố Hồ Chí Minh, Việt Nam",Quận 3,4722: Bán lẻ thực phẩm trong các cửa hàng chuyên doanh-(Thực hiện theo Quyết định số 64/2009/QÐ-UBND ngày 31/07/2009 và Quyết định số 79/2009/QÐ-UBND ngày 17/10/2009 của UBND TPHCM về phê duyệt kinh d,internet
315014013,CÔNG TY TNHH DỊCH VỤ ĐẠI ĐIỀN,CÔNG TY TNHH DỊCH VỤ ĐẠI ĐIỀN,Công ty trách nhiệm hữu hạn hai thành viên trở lên,"Tầng 1, Toà nhà An Phú Plaza, 117-119 Lý Chính Thắng, Phường 07, Quận 3, Thành phố Hồ Chí Minh, Việt Nam",Quận 3,7110: Hoạt động kiến trúc và tư vấn kỹ thuật có liên quan-Chi tiết: Hoạt động kiến trúc. Hoạt động đo đạc bản đồ. Tư vấn thiết kế. Tư vấn xây dựng. Lập dự án và tổng dự toán công trình. Thẩm tra thiết,internet
315028231,CÔNG TY TNHH TIFLA,CÔNG TY TNHH TIFLA,Công ty trách nhiệm hữu hạn hai thành viên trở lên,"Lầu 2, số 63D Võ Văn Tần, Phường Võ Thị Sáu, Quận 3, Thành phố Hồ Chí Minh, Việt Nam",Quận 3,"8699: Hoạt động y tế khác chưa được phân vào đâu-Chi tiết: Xăm, phun, thêu trên da (không sử dụng thuốc gây tê dạng tiêm, lưu trú bệnh nhân) (Doanh nghiệp chỉ được kinh doanh kể từ khi có đủ điều kiện",internet
315020708,CÔNG TY TNHH DỊCH VỤ VÀ TRUYỀN THÔNG FLAMEF,CÔNG TY TNHH DỊCH VỤ VÀ TRUYỀN,Công ty trách nhiệm hữu hạn một thành viên,"Tầng 3, Tòa nhà An Phú Plaza, 117-119 Lý Chính Thắng, Phường 07, Quận 3, Thành phố Hồ Chí Minh, Việt Nam",Quận 3,"7020: Hoạt động tư vấn quản lý-(trừ tư vấn tài chính, kế toán, pháp luật).;7320: Nghiên cứu thị trường và thăm dò dư luận-;7420: Hoạt động nhiếp ảnh-(trừ sản xuất phim).;8230: Tổ chức giới thiệu và xú",internet
315023145,CÔNG TY TNHH PI SQUARE,CÔNG TY TNHH PI SQUARE,Công ty trách nhiệm hữu hạn hai thành viên trở lên,"Số 491/43 Lê Văn Sỹ , Phường 12, Quận 3, Thành phố Hồ Chí Minh, Việt Nam",Quận 3,"4652: Bán buôn thiết bị và linh kiện điện tử, viễn thông-chi tiết: bán buôn thiết bị và linh kiện điện tử, viễn thông; 8230: Tổ chức giới thiệu và xúc tiến thương mại-Chi tiết: Tổ chức sự kiện (không ",internet
315033739,CÔNG TY TNHH ĐẦU TƯ THƯƠNG MẠI XÂY DỰNG HẠ TẦNG THIÊN TRƯỜNG,CÔNG TY TNHH ĐẦU TƯ THƯƠNG MẠI,Công ty trách nhiệm hữu hạn hai thành viên trở lên,"433 Hoàng Sa, Phường 08, Quận 3, Thành phố Hồ Chí Minh, Việt Nam",Quận 3,7110: Hoạt động kiến trúc và tư vấn kỹ thuật có liên quan-Chi tiết:Tư vấn xây dựng. Hoạt động đo đạc bản đồ. Giám sát thi công công trình xây dựng và dân dụng. Thiết kế kiến trúc công trình dân dụng- ,internet
315069809,CÔNG TY TNHH THƯƠNG MẠI DỊCH VỤ VIỆT SUN,CÔNG TY TNHH THƯƠNG MẠI DỊCH V,Công ty trách nhiệm hữu hạn một thành viên,"60/93 Lý Chính Thắng, Phường 08, Quận 3, Thành phố Hồ Chí Minh, Việt Nam",Quận 3,"1075: Sản xuất món ăn, thức ăn chế biến sẵn-;4100: Xây dựng nhà các loại-;4290: Xây dựng công trình kỹ thuật dân dụng khác-;4329: Lắp đặt hệ thống xây dựng khác-;4330: Hoàn thiện công trình xây dựng-;",internet
314981120,CÔNG TY CỔ PHẦN KOTOTECH,CÔNG TY CỔ PHẦN KOTOTECH,Công ty cổ phần,"Tầng 1, Tòa nhà An Phú Plaza, 117-119 Lý Chính Thắng, Phường 07, Quận 3, Thành phố Hồ Chí Minh, Việt Nam",Quận 3,5820: Xuất bản phần mềm-Chi tiết: Sản xuất phần mềm;6201: Lập trình máy vi tính-;6202: Tư vấn máy vi tính và quản trị hệ thống máy vi tính-;6209: Hoạt động dịch vụ công nghệ thông tin và dịch vụ khác ,internet
315085952,CÔNG TY CỔ PHẦN APTECHS,CÔNG TY CỔ PHẦN APTECHS,Công ty cổ phần,"Tầng 1, Tòa Nhà An Phú Plaza, 117-119 Lý Chính Thắng, Phường 07, Quận 3, Thành phố Hồ Chí Minh, Việt Nam",Quận 3,"6209: Hoạt động dịch vụ công nghệ thông tin và dịch vụ khác liên quan đến máy vi tính-(trừ kinh doanh dịch vụ truy cập internet tại trụ sở)
Chi tiết: Khắc phục sự cố máy vi tính và cài đặt phần mềm.;6",internet
315050607,CÔNG TY TNHH GIẢI PHÁP TRUYỀN THÔNG PHƯỚC THÀNH,CÔNG TY TNHH GIẢI PHÁP TRUYỀN ,Công ty trách nhiệm hữu hạn hai thành viên trở lên,"Số 16/55/20 Nguyễn Thiện Thuật, Phường 02, Quận 3, Thành phố Hồ Chí Minh, Việt Nam",Quận 3,"5912: Hoạt động hậu kỳ-(không thực hiện các hiệu ứng cháy, nổ; không sử dụng chất nổ, chất  cháy, hóa chất làm đạo cụ, dụng cụ thực hiện các chương trình văn nghệ, sự kiện, phim ảnh);5913: Hoạt động p",internet
315038529,CÔNG TY TNHH FAMIPLUS,CÔNG TY TNHH FAMIPLUS,Công ty trách nhiệm hữu hạn một thành viên,"Tầng 5, Tòa nhà Songdo, 62A Phạm Ngọc Thạch, Phường 06, Quận 3, Thành phố Hồ Chí Minh, Việt Nam",Quận 3,4722: Bán lẻ thực phẩm trong các cửa hàng chuyên doanh-(Thực hiện theo Quyết định số 64/2009/QÐ-UBND ngày 31/07/2009 và Quyết định số 79/2009/QÐ-UBND ngày 17/10/2009 của UBND TPHCM về phê duyệt kinh d,internet
315071685,CÔNG TY TNHH THỜI TRANG ANNA HOUSE,CÔNG TY TNHH THỜI TRANG ANNA H,Công ty trách nhiệm hữu hạn một thành viên,"320 Võ Văn Tần, Phường 05, Quận 3, Thành phố Hồ Chí Minh, Việt Nam",Quận 3,"4649: Bán buôn đồ dùng khác cho gia đình-Chi tiết: Bán buôn vali, cặp, túi, hàng da và giả da khác.;4771: Bán lẻ hàng may mặc, giày dép, hàng da và giả da trong các cửa hàng chuyên doanh-;4641: Bán bu",internet
315064247,CÔNG TY CỔ PHẦN HỌC VIỆN DOANH NHÂN MVV,CÔNG TY CỔ PHẦN HỌC VIỆN DOANH,Công ty cổ phần,"Lầu 2, Tòa nhà ITAXA, Số 19, Đường Võ Văn Tần, Phường 06, Quận 3, Thành phố Hồ Chí Minh, Việt Nam",Quận 3,"4741: Bán lẻ máy vi tính, thiết bị ngoại vi, phần mềm và thiết bị viễn thông trong các cửa hàng chuyên doanh-Chi tiết: Bán lẻ phần mềm;6202: Tư vấn máy vi tính và quản trị hệ thống máy vi tính-;7490: ",internet
315074319,CÔNG TY CỔ PHẦN NEW CENTURY,CÔNG TY CỔ PHẦN NEW CENTURY,Công ty cổ phần,"Tầng 1, Tòa nhà An Phú Plaza, 117-119 Lý Chính Thắng, Phường 07, Quận 3, Thành phố Hồ Chí Minh, Việt Nam",Quận 3,"5510: Dịch vụ lưu trú ngắn ngày-Chi tiết: Khách sạn, biệt thự du lịch, căn hộ du lịch, nhà nghỉ du lịch, nhà ở có phòng cho khách du lịch thuê (không hoạt động tại trụ sở);7830: Cung ứng và quản lý ng",internet
315067569,CÔNG TY TNHH CÔNG NGHỆ QUỐC TẾ NAMEDIA,CÔNG TY TNHH CÔNG NGHỆ QUỐC TẾ,Công ty trách nhiệm hữu hạn một thành viên,"Tầng 3, Tòa nhà An Phú Plaza, 117-119 Lý Chính Thắng, Phường 07, Quận 3, Thành phố Hồ Chí Minh, Việt Nam",Quận 3,"6820: Tư vấn, môi giới, đấu giá bất động sản, đấu giá quyền sử dụng đất-Chi tiết: Tư vấn (trừ tư vấn pháp luật), môi giới bất động sản.;7730: Cho thuê máy móc, thiết bị và đồ dùng hữu hình khác không ",internet
315060348,CÔNG TY TNHH ALPHA LOGIC VIETNAM,CÔNG TY TNHH ALPHA LOGIC VIETN,Công ty trách nhiệm hữu hạn một thành viên,"469 Điện Biên Phủ, Phường 03, Quận 3, Thành phố Hồ Chí Minh, Việt Nam",Quận 3,"3312: Sửa chữa máy móc, thiết bị-;3313: Sửa chữa thiết bị điện tử và quang học-;3314: Sửa chữa thiết bị điện-;3319: Sửa chữa thiết bị khác-;3320: Lắp đặt máy móc và thiết bị công nghiệp-;4610: Đại lý,",internet
315119009,CÔNG TY TNHH ONETOUCH CONNECTIONS,CÔNG TY TNHH ONETOUCH CONNECTI,Công ty trách nhiệm hữu hạn hai thành viên trở lên,"Số 2 Kỳ Đồng, Phường 09, Quận 3, Thành phố Hồ Chí Minh, Việt Nam",Quận 3,"4669: Bán buôn chuyên doanh khác chưa được phân vào đâu-Chi tiết: Bán buôn đồ dùng, dụng cụ, thiết bị cổ vũ, trang trí, tổ chức sự kiện; Bán buôn sản phẩm nhựa dân dụng, nhựa trang trí nội thất, các s",internet
315073227,CÔNG TY TNHH YEAH1 VISION,CÔNG TY TNHH YEAH1 VISION,Công ty trách nhiệm hữu hạn hai thành viên trở lên,"191 Nam Kỳ Khởi Nghĩa, Phường Võ Thị Sáu, Quận 3, Thành phố Hồ Chí Minh, Việt Nam",Quận 3,"7020: Hoạt động tư vấn quản lý-(trừ tư vấn tài chính, kế toán, pháp lý);7310: Quảng cáo-;7320: Nghiên cứu thị trường và thăm dò dư luận-(không bao gồm hoạt động điều tra và hoạt động nhà nước cấm);741",internet
315088054,CÔNG TY TNHH KIẾN TRÚC - ĐẦU TƯ MSA,CÔNG TY TNHH KIẾN TRÚC  ĐẦU TƯ,Công ty trách nhiệm hữu hạn hai thành viên trở lên,"66/19 Phạm Ngọc Thạch, Phường 06, Quận 3, Thành phố Hồ Chí Minh, Việt Nam",Quận 3,"4791: Bán lẻ theo yêu cầu đặt hàng qua bưu điện hoặc internet-(trừ bán lẻ bình gas, súng, đạn loại dùng đi săn hoặc thể thao, tiền kim khí và mua bán vàng miếng; thực hiện theo Quyết định 64/2009/QĐ-U",internet
315074100,CÔNG TY TNHH HOA TRAM,CÔNG TY TNHH HOA TRAM,Công ty trách nhiệm hữu hạn một thành viên,"105 Bis Võ Thị Sáu, Phường 06, Quận 3, Thành phố Hồ Chí Minh, Việt Nam",Quận 3,"4752: Bán lẻ đồ ngũ kim, sơn, kính và thiết bị lắp đặt khác trong xây dựng trong các cửa hàng chuyên doanh-(không hoạt động tại trụ sở);4330: Hoàn thiện công trình xây dựng-;1811: In ấn-;1812: Dịch vụ",internet
315065593,CÔNG TY TNHH KOL VIỆT,CÔNG TY TNHH KOL VIỆT,Công ty trách nhiệm hữu hạn một thành viên,"179 Lý Chính Thắng, Phường 07, Quận 3, Thành phố Hồ Chí Minh, Việt Nam",Quận 3,"4329: Lắp đặt hệ thống xây dựng khác-chi tiết: lắp đặt sân khấu; Lắp đặt bảng hiệu quảng cáo (trừ gia công cơ khí, tái chế phế thải, xi mạ điện tại trụ sở);4649: Bán buôn đồ dùng khác cho gia đình-Chi",internet
315085991,CÔNG TY TNHH GIẢI PHÁP CÔNG NGHỆ BESSFU,CÔNG TY TNHH GIẢI PHÁP CÔNG NG,Công ty trách nhiệm hữu hạn hai thành viên trở lên,"Tầng 5, Tòa nhà Songdo, 62A Phạm Ngọc Thạch, Phường 06, Quận 3, Thành phố Hồ Chí Minh, Việt Nam",Quận 3,"4652: Bán buôn thiết bị và linh kiện điện tử, viễn thông-;4659: Bán buôn máy móc, thiết bị và phụ tùng máy khác-;6201: Lập trình máy vi tính-;5820: Xuất bản phần mềm-Chi tiết: Sản xuất phần mềm;4651: ",internet
315088632,CÔNG TY TNHH THƯƠNG MẠI DỊCH VỤ XÂY DỰNG TÂN PHÁT TÀI,CÔNG TY TNHH THƯƠNG MẠI DỊCH V,Công ty trách nhiệm hữu hạn một thành viên,"Tầng 3, Toà nhà An Phú Plaza,117-119 Lý Chính Thắng, Phường 07, Quận 3, Thành phố Hồ Chí Minh, Việt Nam",Quận 3,"4321: Lắp đặt hệ thống điện-Chi tiết: Tư vấn, thi công, lắp đặt các hệ thống phòng cháy chữa cháy, hệ thống điện dân dụng và công nghiệp, hệ thống camera quan sát; 4649: Bán buôn đồ dùng khác cho gia ",internet
315091473,CÔNG TY TNHH KINH DOANH XUẤT NHẬP KHẨU ÁNH DƯƠNG,CÔNG TY TNHH KINH DOANH XUẤT N,Công ty trách nhiệm hữu hạn một thành viên,"209/12 Lê Văn Sỹ, Phường 13, Quận 3, Thành phố Hồ Chí Minh, Việt Nam",Quận 3,"4641: Bán buôn vải, hàng may sẵn, giày dép-;8299: Hoạt động dịch vụ hỗ trợ kinh doanh khác còn lại chưa được phân vào đâu-Chi tiết: Xuất nhập khẩu các mặt hàng Công ty kinh doanh;4649: Bán buôn đồ dùn",internet
315101227,CÔNG TY TNHH TATA MIMI,CÔNG TY TNHH TATA MIMI,Công ty trách nhiệm hữu hạn hai thành viên trở lên,"Lầu 2, Toà Nhà Vietoffice, 481 Điện Biên Phủ, Phường 03, Quận 3, Thành phố Hồ Chí Minh, Việt Nam",Quận 3,"7310: Quảng cáo-;7410: Hoạt động thiết kế chuyên dụng-(trừ thiết kế công trình xây dựng).;4649: Bán buôn đồ dùng khác cho gia đình-Chi tiết: Bán buôn giường, tủ, bàn ghế và đồ dùng nội thất tương tự.;",internet
315093255,CÔNG TY TNHH DỊCH VỤ QUỐC TẾ BAMBOO,CÔNG TY TNHH DỊCH VỤ QUỐC TẾ B,Công ty trách nhiệm hữu hạn một thành viên,"23 Trương Định, Phường 06, Quận 3, Thành phố Hồ Chí Minh, Việt Nam",Quận 3,"6820: Tư vấn, môi giới, đấu giá bất động sản, đấu giá quyền sử dụng đất-Chi tiết: Tư vấn bất động sản, môi giới bất động sản (trừ tư vấn mang tính pháp lý).;8533: Đào tạo cao đẳng-(không hoạt động tại",internet
315103249,CÔNG TY TNHH NHÂN LỰC NGÀNH LUẬT,CÔNG TY TNHH NHÂN LỰC NGÀNH LU,Công ty trách nhiệm hữu hạn hai thành viên trở lên,"19 Nguyễn Gia Thiều, Phường Võ Thị Sáu, Quận 3, Thành phố Hồ Chí Minh, Việt Nam",Quận 3,6312: Cổng thông tin-Chi tiết: Thiết lập trang thông tin điện tử. Cung cấp thông tin trên mạng internet;6619: Hoạt động hỗ trợ dịch vụ tài chính chưa được phân vào đâu-Chi tiết: Tư vấn đầu tư (trừ tư ,internet
314964206,CÔNG TY CỔ PHẦN TEQTO,CÔNG TY CỔ PHẦN TEQTO,Công ty cổ phần,"382/17-19 Nguyễn Thị Minh Khai, Phường 05, Quận 3, Thành phố Hồ Chí Minh, Việt Nam",Quận 3,"7020: Hoạt động tư vấn quản lý-(trừ tư vấn tài chính, kế toán, pháp lý).; 7310: Quảng cáo-Chi tiết: Kinh doanh dịch vụ quảng cáo thương mại.;7320: Nghiên cứu thị trường và thăm dò dư luận-Chi ",internet
315087036,CÔNG TY TNHH CÔNG NGHỆ VÀ GAME VIỆT,CÔNG TY TNHH CÔNG NGHỆ VÀ GAME,Công ty trách nhiệm hữu hạn hai thành viên trở lên,"Tầng 14, Tòa nhà HM Town, 412 Nguyễn Thị Minh Khai , Phường 05, Quận 3, Thành phố Hồ Chí Minh, Việt Nam",Quận 3,5210: Kho bãi và lưu giữ hàng hóa-Chi tiết: Lưu giữ hàng hóa (trừ kinh doanh kho bãi).;5820: Xuất bản phần mềm-Chi tiết: Sản xuất phần mềm.;6190: Hoạt động viễn thông khác-Chi tiết: Hoạt động của các ,internet
315152687,CÔNG TY TNHH GIẢI PHÁP TAKO,CÔNG TY TNHH GIẢI PHÁP TAKO,Công ty trách nhiệm hữu hạn một thành viên,"518/4 Cách Mạng Tháng Tám , Phường 11, Quận 3, Thành phố Hồ Chí Minh, Việt Nam",Quận 3,"9511: Sửa chữa máy vi tính và thiết bị ngoại vi-(trừ gia công cơ khí, tái chế phế thải, xi mạ điện tại trụ sở).;7320: Nghiên cứu thị trường và thăm dò dư luận-;7490: Hoạt động chuyên môn, khoa học và ",internet
315112980,CÔNG TY TNHH MEDIA SERVICE 247,CÔNG TY TNHH MEDIA SERVICE 247,Công ty trách nhiệm hữu hạn một thành viên,"Tầng 5, Tòa nhà Songdo, 62A Phạm Ngọc Thạch, Phường Võ Thị Sáu, Quận 3, Thành phố Hồ Chí Minh, Việt Nam",Quận 3,"6311: Xử lý dữ liệu, cho thuê và các hoạt động liên quan-;6312: Cổng thông tin-Chi tiết: Thiết lập trang thông tin điện tử tổng hợp;7830: Cung ứng và quản lý nguồn lao động-Chi tiết: Cung ứng và quản ",internet
315129952,CÔNG TY TNHH DỊCH VỤ PHÁT TRIỂN THỊ TRƯỜNG MESCOM VIỆT NAM,CÔNG TY TNHH DỊCH VỤ PHÁT TRIỂ,Công ty trách nhiệm hữu hạn hai thành viên trở lên,"107/17 Trương Định, Phường 06, Quận 3, Thành phố Hồ Chí Minh, Việt Nam",Quận 3,"1010: Chế biến, bảo quản thịt và các sản phẩm từ thịt-(trừ hoạt động giết mổ);1020: Chế biến, bảo quản thuỷ sản và các sản phẩm từ thuỷ sản-;1030: Chế biến và bảo quản rau quả-;1040: Sản xuất dầu, mỡ ",internet
315125700,CÔNG TY CỔ PHẦN ĐẦU TƯ SCAPITAL,CÔNG TY CỔ PHẦN ĐẦU TƯ SCAPITA,Công ty cổ phần,"174 Võ Thị Sáu, Phường 07, Quận 3, Thành phố Hồ Chí Minh, Việt Nam",Quận 3,"2740: Sản xuất thiết bị điện chiếu sáng-(không hoạt động tại trụ sở);3530: Sản xuất, phân phối hơi nước, nước nóng, điều hoà không khí và sản xuất nước đá-(không hoạt động tại trụ sở);2710: Sản xuất m",internet
315131616,CÔNG TY TNHH DỊCH VỤ VÀ CÔNG NGHỆ TLS GLOBAL,CÔNG TY TNHH DỊCH VỤ VÀ CÔNG N,Công ty trách nhiệm hữu hạn một thành viên,"Tầng 3, Tòa Nhà An Phú Plaza, 117-119 Lý Chính Thắng, Phường 07, Quận 3, Thành phố Hồ Chí Minh, Việt Nam",Quận 3,"6209: Hoạt động dịch vụ công nghệ thông tin và dịch vụ khác liên quan đến máy vi tính-(trừ kinh doanh dịch vụ truy cập internet tại trụ sở);6311: Xử lý dữ liệu, cho thuê và các hoạt động liên quan-Chi",internet
315171591,CÔNG TY TNHH NGUỒN LỰC MC,CÔNG TY TNHH NGUỒN LỰC MC,Công ty trách nhiệm hữu hạn một thành viên,"Tầng 14, Tòa Nhà HM Town, 412 Nguyễn Thị Minh Khai, Phường 05, Quận 3, Thành phố Hồ Chí Minh, Việt Nam",Quận 3,"4651: Bán buôn máy vi tính, thiết bị ngoại vi và phần mềm-;4741: Bán lẻ máy vi tính, thiết bị ngoại vi, phần mềm và thiết bị viễn thông trong các cửa hàng chuyên doanh-;5820: Xuất bản phần mềm-Chi tiế",internet
315145707,CÔNG TY TNHH ONEHUB,CÔNG TY TNHH ONEHUB,Công ty trách nhiệm hữu hạn hai thành viên trở lên,"Tầng 14, Tòa nhà HM Town, 412 Nguyễn Thị Minh Khai, Phường 05, Quận 3, Thành phố Hồ Chí Minh, Việt Nam",Quận 3,"4290: Xây dựng công trình kỹ thuật dân dụng khác-;4330: Hoàn thiện công trình xây dựng-;4390: Hoạt động xây dựng chuyên dụng khác-;4220: Xây dựng công trình công ích-;7730: Cho thuê máy móc, thiết bị ",internet
315147542,CÔNG TY CỔ PHẦN NATULEAD,CÔNG TY CỔ PHẦN NATULEAD,Công ty cổ phần,"134/1 Cách Mạng Tháng Tám, Phường 10, Quận 3, Thành phố Hồ Chí Minh, Việt Nam",Quận 3,"8292: Dịch vụ đóng gói-(trừ đóng gói thuốc bảo vệ thực vật).;0128: Trồng cây gia vị, cây dược liệu-(không hoạt động tại trụ sở).;4632: Bán buôn thực phẩm-Chi tiết: Bán buôn thực phẩm chức năng, thực p",internet
315187471,CÔNG TY TNHH DỊCH VỤ BLUE SAKURA,CÔNG TY TNHH DỊCH VỤ BLUE SAKU,Công ty trách nhiệm hữu hạn hai thành viên trở lên,"Tầng 14, Tòa Nhà HM Town, 412 Nguyễn Thị Minh Khai, Phường 05, Quận 3, Thành phố Hồ Chí Minh, Việt Nam",Quận 3,"4610: Đại lý, môi giới, đấu giá-Chi tiết: Đại lý, môi giới (trừ môi giới bất động sản).;4631: Bán buôn gạo-(không hoạt động tại trụ sở).;4632: Bán buôn thực phẩm-(không hoạt động tại trụ sở).;4633: Bá",internet
315145425,CÔNG TY TNHH CÔNG NGHỆ VINASPAR,CÔNG TY TNHH CÔNG NGHỆ VINASPA,Công ty trách nhiệm hữu hạn một thành viên,"Tầng 14, Tòa nhà HM Town, 412 Nguyễn Thị Minh Khai, Phường 05, Quận 3, Thành phố Hồ Chí Minh, Việt Nam",Quận 3,"4741: Bán lẻ máy vi tính, thiết bị ngoại vi, phần mềm và thiết bị viễn thông trong các cửa hàng chuyên doanh-;5820: Xuất bản phần mềm-Chi tiết: Sản xuất phần mềm.;6201: Lập trình máy vi tính-;6209: Ho",internet
315150591,CÔNG TY TNHH THEMIS CONSTRUCTION ANALYTICAL SYSTEMS,CÔNG TY TNHH THEMIS CONSTRUCTI,Công ty trách nhiệm hữu hạn hai thành viên trở lên,"Lầu 1, 38E Trần Cao Vân, Phường 06, Quận 3, Thành phố Hồ Chí Minh, Việt Nam",Quận 3,"3312: Sửa chữa máy móc, thiết bị-;3313: Sửa chữa thiết bị điện tử và quang học-;4659: Bán buôn máy móc, thiết bị và phụ tùng máy khác-;5820: Xuất bản phần mềm-Chi tiết: Sản Xuất phần mềm;6190: Hoạt độ",internet
315205603,CÔNG TY TNHH THƯƠNG MẠI DỊCH VỤ KIM TUẤN PHÁT,CÔNG TY TNHH THƯƠNG MẠI DỊCH V,Công ty trách nhiệm hữu hạn hai thành viên trở lên,"Lầu 12B, Số 180 Nguyễn Thị Minh Khai, Phường Võ Thị Sáu, Quận 3, Thành phố Hồ Chí Minh, Việt Nam",Quận 3,"4649: Bán buôn đồ dùng khác cho gia đình-Chi tiết: Bán buôn giấy, sản phẩm giấy; Bán buôn sách, báo, tạp chí, văn phòng phẩm (có nội dung được phép lưu hành); Bán buôn đồ dùng nội thất (trừ kinh doanh",internet
315159900,CÔNG TY TNHH CÔNG NGHỆ NGUYÊN THẮNG,CÔNG TY TNHH CÔNG NGHỆ NGUYÊN ,Công ty trách nhiệm hữu hạn một thành viên,"168 Võ Thị Sáu, Phường 08, Quận 3, Thành phố Hồ Chí Minh, Việt Nam",Quận 3,"3312: Sửa chữa máy móc, thiết bị-Chi tiết: Dịch vụ, sửa chữa, bảo dưỡng, bảo hành, bảo trì các sản phẩm công ty kinh doanh;3313: Sửa chữa thiết bị điện tử và quang học-;3314: Sửa chữa thiết bị điện-;3",internet
315063042,CÔNG TY TNHH MEDIA TODAY,CÔNG TY TNHH MEDIA TODAY,Công ty trách nhiệm hữu hạn một thành viên,"Tầng 14, Tòa Nhà HM Town, 412 Nguyễn Thị Minh Khai, Phường 05, Quận 3, Thành phố Hồ Chí Minh, Việt Nam",Quận 3,7310: Quảng cáo-;7320: Nghiên cứu thị trường và thăm dò dư luận-;6201: Lập trình máy vi tính-;6202: Tư vấn máy vi tính và quản trị hệ thống máy vi tính-;6209: Hoạt động dịch vụ công nghệ thông tin và ,internet
315188316,CÔNG TY CỔ PHẦN THƯƠNG MẠI CỘNG ĐỒNG BLOCKCHAIN VIỆT NAM,CÔNG TY CỔ PHẦN THƯƠNG MẠI CỘN,Công ty cổ phần,"213A1 Nam Kì Khởi Nghĩa, Phường 07, Quận 3, Thành phố Hồ Chí Minh, Việt Nam",Quận 3,"4791: Bán lẻ theo yêu cầu đặt hàng qua bưu điện hoặc internet-(trừ bán lẻ bình gas, khí dầu mỏ hóa lỏng LPG, dầu nhớt cặn, vàng miếng, súng, đạn loại dùng đi săn hoặc thể thao và tiền kim khí; trừ bán",internet
315185467,CÔNG TY TNHH LOODO,CÔNG TY TNHH LOODO,Công ty trách nhiệm hữu hạn một thành viên,"159/46/14 Trần Văn Đang, Phường 11, Quận 3, Thành phố Hồ Chí Minh, Việt Nam",Quận 3,"6311: Xử lý dữ liệu, cho thuê và các hoạt động liên quan-Chi tiết:  Xử lý dữ liệu và cho thuê website;4791: Bán lẻ theo yêu cầu đặt hàng qua bưu điện hoặc internet-(Trừ bán lẻ bình gas, khí dầu mỏ hóa",internet
315187859,CÔNG TY TNHH VẬT LIỆU VÀ XÂY DỰNG HÙNG HOÀNG,CÔNG TY TNHH VẬT LIỆU VÀ XÂY D,Công ty trách nhiệm hữu hạn một thành viên,"193/65B Nam Kỳ Khởi Nghĩa, Phường Võ Thị Sáu, Quận 3, Thành phố Hồ Chí Minh, Việt Nam",Quận 3,"4543: Bán phụ tùng và các bộ phận phụ trợ của mô tô, xe máy-; 4773: Bán lẻ hàng hóa khác mới trong các cửa hàng chuyên doanh-Chi tiết: Bán lẻ hàng thủ công mỹ nghệ; 4653: Bán buôn máy móc, thiết bị và",internet
315196067,CÔNG TY CỔ PHẦN SANTO BLOCKCHAIN LABS OF VIETNAM,CÔNG TY CỔ PHẦN SANTO BLOCKCHA,Công ty cổ phần,"Số 284A Nam Kỳ Khởi Nghĩa, Phường 08, Quận 3, Thành phố Hồ Chí Minh, Việt Nam",Quận 3,6201: Lập trình máy vi tính-Chi tiết: Sản xuất phần mềm (CPC 842); 6202: Tư vấn máy vi tính và quản trị hệ thống máy vi tính-(CPC 841); 6209: Hoạt động dịch vụ công nghệ thông tin và dịch vụ khác liên,internet
315195747,CÔNG TY CỔ PHẦN ĐẦU TƯ QUỐC TẾ 5S,CÔNG TY CỔ PHẦN ĐẦU TƯ QUỐC TẾ,Công ty cổ phần,"60/88 Lý Chính Thắng, Phường 08, Quận 3, Thành phố Hồ Chí Minh, Việt Nam",Quận 3,"1811: In ấn-(Trừ in tráng bao bì kim loại và in trên các sản phẩm vải, sợi, dệt, may, đan tại trụ sở);1812: Dịch vụ liên quan đến in-;3312: Sửa chữa máy móc, thiết bị-(trừ gia công cơ khí, tái chế phế",internet
315194140,CÔNG TY TNHH NBHD,CÔNG TY TNHH NBHD,Công ty trách nhiệm hữu hạn một thành viên,"Tầng Lửng Tại Tầng 1, Số 117-119 Lý Chính Thắng, Phường 07, Quận 3, Thành phố Hồ Chí Minh, Việt Nam",Quận 3,4933: Vận tải hàng hóa bằng đường bộ-(trừ hóa lỏng khí để vận chuyển);5012: Vận tải hàng hóa ven biển và viễn dương-;5022: Vận tải hàng hóa đường thuỷ nội địa-;5229: Hoạt động dịch vụ hỗ trợ khác liên,internet
315199854,CÔNG TY TNHH VERI GIFTS,CÔNG TY TNHH VERI GIFTS,Công ty trách nhiệm hữu hạn một thành viên,"Tầng 1 tòa nhà An Phú Plaza, số 117-119 Lý Chính Thắng, Phường 07, Quận 3, Thành phố Hồ Chí Minh, Việt Nam",Quận 3,"1811: In ấn-(trừ in tráng bao bì kim loại, in trên các sản phẩm vải sợi, dệt, may, đan tại trụ sở);1812: Dịch vụ liên quan đến in-(trừ loại nhà nước cấm);1820: Sao chép bản ghi các loại-(trừ loại nhà ",internet
315204085,CÔNG TY CỔ PHẦN PHÁT TRIỂN OPEN END,CÔNG TY CỔ PHẦN PHÁT TRIỂN OPE,Công ty cổ phần,"Tầng 14, Tòa nhà HM Town, 412 Nguyễn Thị Minh Khai, Phường 05, Quận 3, Thành phố Hồ Chí Minh, Việt Nam",Quận 3,"8559: Giáo dục khác chưa được phân vào đâu-Chi tiết: đào tạo kỹ năng nói trước công chúng, kỹ năng đàm phán, kỹ năng lãnh đạo (trừ dạy về tôn giáo; các trường của các tổ chức Đảng - Đoàn thể). Huấn lu",internet
315208756,CÔNG TY TNHH NEW LIGHT SOLUTIONS,CÔNG TY TNHH NEW LIGHT SOLUTIO,Công ty trách nhiệm hữu hạn một thành viên,"Tầng 14, Tòa nhà HM Town, 412 Nguyễn Thị Minh Khai, Phường 05, Quận 3, Thành phố Hồ Chí Minh, Việt Nam",Quận 3,6201: Lập trình máy vi tính-;6202: Tư vấn máy vi tính và quản trị hệ thống máy vi tính-;6209: Hoạt động dịch vụ công nghệ thông tin và dịch vụ khác liên quan đến máy vi tính-(trừ kinh doanh đại lý cun,internet
315194599,CÔNG TY TNHH THƯƠNG MẠI DỊCH VỤ ĐẦU TƯ PHÁT TRIỂN NGỌC LAN,CÔNG TY TNHH THƯƠNG MẠI DỊCH V,Công ty trách nhiệm hữu hạn một thành viên,"268/1A Lý Thái Tổ, Cư Xá Đường Sắt , Phường 01, Quận 3, Thành phố Hồ Chí Minh, Việt Nam",Quận 3,"6201: Lập trình máy vi tính-;6202: Tư vấn máy vi tính và quản trị hệ thống máy vi tính-;3240: Sản xuất đồ chơi, trò chơi-(trừ hoạt động kinh doanh trò chơi điện tử có thưởng dành cho người nước ngoài ",internet
315211325,CÔNG TY TNHH DỊCH VỤ THƯƠNG MẠI ĐIỆN TỬ CẦN LÀ GỌI,CÔNG TY TNHH DỊCH VỤ THƯƠNG MẠ,Công ty trách nhiệm hữu hạn một thành viên,"Lầu 5, 31 Võ Văn Tần, Phường 06, Quận 3, Thành phố Hồ Chí Minh, Việt Nam",Quận 3,"4791: Bán lẻ theo yêu cầu đặt hàng qua bưu điện hoặc internet-Chi tiết: Bán lẻ trong siêu thị, trung tâm thương mại; Bán lẻ khác chưa được phân vào đâu trong các cửa hàng kinh doanh tổng hợp (không tồ",internet
315213548,CÔNG TY TNHH CÔNG NGHỆ NICEVISOFT,CÔNG TY TNHH CÔNG NGHỆ NICEVIS,Công ty trách nhiệm hữu hạn một thành viên,"Tầng 14, Tòa nhà HM Town, 412 Nguyễn Thị Minh Khai, Phường 05, Quận 3, Thành phố Hồ Chí Minh, Việt Nam",Quận 3,6201: Lập trình máy vi tính-;6202: Tư vấn máy vi tính và quản trị hệ thống máy vi tính-;6209: Hoạt động dịch vụ công nghệ thông tin và dịch vụ khác liên quan đến máy vi tính-chi tiết: Khắc phục sự cố ,internet
315088230,CÔNG TY TNHH GIẢI PHÁP THÔNG MINH TẤN VIỆT,CÔNG TY TNHH GIẢI PHÁP THÔNG M,Công ty trách nhiệm hữu hạn một thành viên,"Tầng 14, Tòa nhà HM Town, 412 Nguyễn Thị Minh Khai, Phường 05, Quận 3, Thành phố Hồ Chí Minh, Việt Nam",Quận 3,"4741: Bán lẻ máy vi tính, thiết bị ngoại vi, phần mềm và thiết bị viễn thông trong các cửa hàng chuyên doanh-;4742: Bán lẻ thiết bị nghe nhìn trong các cửa hàng chuyên doanh-;4651: Bán buôn máy vi tín",internet
315213523,CÔNG TY TNHH MTV SAM GLOBAL,CÔNG TY TNHH MTV SAM GLOBAL,Công ty trách nhiệm hữu hạn một thành viên,"Tầng 3, tòa nhà An Phú Plaza, 117-119 Lý Chính Thắng, Phường 07, Quận 3, Thành phố Hồ Chí Minh, Việt Nam",Quận 3,"4791: Bán lẻ theo yêu cầu đặt hàng qua bưu điện hoặc internet-(trừ bán lẻ bình gas, súng, đạn loại dùng đi săn hoặc thể thao, tiền kim khí và mua bán vàng miếng; thực hiện theo Quyết định 64/2009/QĐ-U",internet
315093914,CÔNG TY TNHH CHỮ KÝ SỐ WIN - CA,CÔNG TY TNHH CHỮ KÝ SỐ WIN  CA,Công ty trách nhiệm hữu hạn hai thành viên trở lên,"Tầng 7, Số 116-118 Nguyễn Thị Minh Khai, Phường 06, Quận 3, Thành phố Hồ Chí Minh, Việt Nam",Quận 3,8299: Hoạt động dịch vụ hỗ trợ kinh doanh khác còn lại chưa được phân vào đâu-Chi tiết: Dịch vụ chứng thực chữ ký số công cộng; Trung gian cung cấp giải pháp hóa đơn điện tử;7020: Hoạt động tư vấn quả,internet
315225342,CÔNG TY TNHH THƯƠNG MẠI DỊCH VỤ THÁI NHẤT,CÔNG TY TNHH THƯƠNG MẠI DỊCH V,Công ty trách nhiệm hữu hạn một thành viên,"Tầng 14, Tòa nhà HM Town, 412 Nguyễn Thị Minh Khai, Phường 05, Quận 3, Thành phố Hồ Chí Minh, Việt Nam",Quận 3,6201: Lập trình máy vi tính-;6202: Tư vấn máy vi tính và quản trị hệ thống máy vi tính-;6209: Hoạt động dịch vụ công nghệ thông tin và dịch vụ khác liên quan đến máy vi tính-Chi tiết: Khắc phục các sự,internet
315213611,CÔNG TY CỔ PHẦN PRO ONE,CÔNG TY CỔ PHẦN PRO ONE,Công ty cổ phần,"Tầng 5, Tòa nhà Songdo, 62A Phạm Ngọc Thạch, Phường 06, Quận 3, Thành phố Hồ Chí Minh, Việt Nam",Quận 3,6201: Lập trình máy vi tính-;6202: Tư vấn máy vi tính và quản trị hệ thống máy vi tính-(trừ dịch vụ truy cập internet);6209: Hoạt động dịch vụ công nghệ thông tin và dịch vụ khác liên quan đến máy vi ,internet
315225159,CÔNG TY TNHH GIẢI PHÁP TINH GỌN,CÔNG TY TNHH GIẢI PHÁP TINH GỌ,Công ty trách nhiệm hữu hạn một thành viên,"611/16E Điện Biên Phủ, Phường 01, Quận 3, Thành phố Hồ Chí Minh, Việt Nam",Quận 3,"6311: Xử lý dữ liệu, cho thuê và các hoạt động liên quan-Chi tiết: Hoạt động cho thuê riêng như cho thuê trang Web, dịch vụ truyền suốt hoặc cho thuê ứng dụng.;7310: Quảng cáo-;7320: Nghiên cứu thị tr",internet
315260890,CÔNG TY TNHH MTV NEW SKY,CÔNG TY TNHH MTV NEW SKY,Công ty trách nhiệm hữu hạn một thành viên,"70 Phạm Ngọc Thạch, Phường 06, Quận 3, Thành phố Hồ Chí Minh, Việt Nam",Quận 3,"4690: Bán buôn tổng hợp-Chi tiết: bán buôn thực phẩm chức năng (trừ bán buôn bình gas, khí dầu mỏ hóa lỏng LPG, dầu nhớt cặn, vàng miếng, súng, đạn loại dùng đi săn hoặc thể thao và tiền kim khí; trừ ",internet
315236873,CÔNG TY TNHH PHÂN PHỐI CHỮ KÝ SỐ KHÁNH MINH,CÔNG TY TNHH PHÂN PHỐI CHỮ KÝ ,Công ty trách nhiệm hữu hạn một thành viên,"Tầng 7, 116-118 Nguyễn Thị Minh Khai, Phường 06, Quận 3, Thành phố Hồ Chí Minh, Việt Nam",Quận 3,8299: Hoạt động dịch vụ hỗ trợ kinh doanh khác còn lại chưa được phân vào đâu-Chi tiết: Cung cấp dịch vụ chứng thực chữ ký số công cộng; Trung gian cung cấp dịch vụ giải pháp hóa đơn điện tử;1811: In ,internet
315265842,CÔNG TY TRÁCH NHIỆM HỮU HẠN BIOSK VIỆT NAM,CÔNG TY TRÁCH NHIỆM HỮU HẠN BI,Công ty trách nhiệm hữu hạn một thành viên,"81 Trương Định, Phường Võ Thị Sáu, Quận 3, Thành phố Hồ Chí Minh, Việt Nam",Quận 3,"4649: Bán buôn đồ dùng khác cho gia đình-Chi tiết: Bán buôn mỹ phẩm (CPC 622);4772: Bán lẻ thuốc, dụng cụ y tế, mỹ phẩm và vật phẩm vệ sinh trong các cửa hàng chuyên doanh-Chi tiết: Bán lẻ nước hoa, m",internet
315234033,CÔNG TY TNHH SMART DATA HRIS,CÔNG TY TNHH SMART DATA HRIS,Công ty trách nhiệm hữu hạn một thành viên,"Tầng 14, Tòa nhà HM Town, 412 Nguyễn Thị Minh Khai, Phường 05, Quận 3, Thành phố Hồ Chí Minh, Việt Nam",Quận 3,5820: Xuất bản phần mềm-Chi tiết: Sản xuất phần mềm.;6201: Lập trình máy vi tính-;6202: Tư vấn máy vi tính và quản trị hệ thống máy vi tính-;6209: Hoạt động dịch vụ công nghệ thông tin và dịch vụ khác,internet
315248195,CÔNG TY TNHH VIVUPI,CÔNG TY TNHH VIVUPI,Công ty trách nhiệm hữu hạn hai thành viên trở lên,"Tầng 14, Tòa Nhà HM Town, 412 Nguyễn Thị Minh Khai , Phường 05, Quận 3, Thành phố Hồ Chí Minh, Việt Nam",Quận 3,6202: Tư vấn máy vi tính và quản trị hệ thống máy vi tính-;6209: Hoạt động dịch vụ công nghệ thông tin và dịch vụ khác liên quan đến máy vi tính-(trừ kinh doanh đại lý cung cấp dịch vụ truy cập intern,internet
315239698,CÔNG TY TNHH SHIOZAWA COMPUTER DEVELOPMENT,CÔNG TY TNHH SHIOZAWA COMPUTER,Công ty trách nhiệm hữu hạn một thành viên,"Lầu 3, toà nhà The Shark, số 38E Trần Cao Vân, Phường 06, Quận 3, Thành phố Hồ Chí Minh, Việt Nam",Quận 3,6201: Lập trình máy vi tính-(CPC 842);6202: Tư vấn máy vi tính và quản trị hệ thống máy vi tính-(CPC 842);6209: Hoạt động dịch vụ công nghệ thông tin và dịch vụ khác liên quan đến máy vi tính-(CPC 849,computer
315281139,CÔNG TY CỔ PHẦN CIZA,CÔNG TY CỔ PHẦN CIZA,Công ty cổ phần,"27 Nguyễn Hiền, Phường 04, Quận 3, Thành phố Hồ Chí Minh, Việt Nam",Quận 3,"1410: May trang phục (trừ trang phục từ da lông thú)-(trừ tẩy, nhuộm, hồ, in trên các sản phẩm sợi, dệt, may, đan và  gia công hàng đã qua sử dụng tại trụ sở);4771: Bán lẻ hàng may mặc, giày dép, hàng",internet
315255403,CÔNG TY TNHH THƯƠNG MẠI YEAH1,CÔNG TY TNHH THƯƠNG MẠI YEAH1,Công ty trách nhiệm hữu hạn hai thành viên trở lên,"191 Nam Kỳ Khởi Nghĩa, Phường Võ Thị Sáu, Quận 3, Thành phố Hồ Chí Minh, Việt Nam",Quận 3,"4799: Bán lẻ hình thức khác chưa được phân vào đâu-(trừ bán lẻ bình gas, khí dầu mỏ hóa lỏng LPG, dầu nhớt cặn, vàng miếng, súng, đạn loại dùng đi săn hoặc thể thao và tiền kim khí; trừ bán lẻ hóa chấ",internet
315287564,CÔNG TY TNHH TRUYỀN THÔNG ONE ASIA,CÔNG TY TNHH TRUYỀN THÔNG ONE ,Công ty trách nhiệm hữu hạn một thành viên,"Tầng 14, Tòa nhà HM Town, 412 Nguyễn Thị Minh Khai, Phường 05, Quận 3, Thành phố Hồ Chí Minh, Việt Nam",Quận 3,6201: Lập trình máy vi tính-;6202: Tư vấn máy vi tính và quản trị hệ thống máy vi tính-;6209: Hoạt động dịch vụ công nghệ thông tin và dịch vụ khác liên quan đến máy vi tính-Chi tiết: khắc phục các sự,internet
315256284,CÔNG TY TNHH  C&C DATA,CÔNG TY TNHH  CC DATA,Công ty trách nhiệm hữu hạn một thành viên,"Tầng 14, Tòa nhà HM Town, 412 Nguyễn Thị Minh Khai, Phường 05, Quận 3, Thành phố Hồ Chí Minh, Việt Nam",Quận 3,5820: Xuất bản phần mềm-Chi tiết: Sản xuất phần mềm.;6201: Lập trình máy vi tính-;6202: Tư vấn máy vi tính và quản trị hệ thống máy vi tính-;6209: Hoạt động dịch vụ công nghệ thông tin và dịch vụ khác,internet
315274269,CÔNG TY TNHH AIBO VIỆT NAM,CÔNG TY TNHH AIBO VIỆT NAM,Công ty trách nhiệm hữu hạn một thành viên,"Tầng 14, Tòa nhà HM Town, 412 Nguyễn Thị Minh Khai, Phường 05, Quận 3, Thành phố Hồ Chí Minh, Việt Nam",Quận 3,"7490: Hoạt động chuyên môn, khoa học và công nghệ khác chưa được phân vào đâu-Chi tiết: Hoạt động dịch thuật, biên phiên dịch, thông dịch;7020: Hoạt động tư vấn quản lý-(trừ tư vấn tài chính, kế toán,",internet
315271645,CÔNG TY TNHH THƯƠNG MẠI DỊCH VỤ HDCO,CÔNG TY TNHH THƯƠNG MẠI DỊCH V,Công ty trách nhiệm hữu hạn một thành viên,"237/64 Trần Văn Đang, Phường 11, Quận 3, Thành phố Hồ Chí Minh, Việt Nam",Quận 3,7310: Quảng cáo-;8559: Giáo dục khác chưa được phân vào đâu-(trừ dạy về tôn giáo; các trường của các tổ chức Đảng - Đoàn thể);9511: Sửa chữa máy vi tính và thiết bị ngoại vi-;4759: Bán lẻ đồ điện gia ,internet
315271571,CÔNG TY TNHH ĐA NGÀNH LNC,CÔNG TY TNHH ĐA NGÀNH LNC,Công ty trách nhiệm hữu hạn hai thành viên trở lên,"Tầng 14, Tòa nhà HM Town, 412 Nguyễn Thị Minh Khai, Phường 05, Quận 3, Thành phố Hồ Chí Minh, Việt Nam",Quận 3,"5911: Hoạt động sản xuất phim điện ảnh, phim video và chương trình truyền hình-(trừ sản xuất phim, phát sóng và không thực hiện các hiệu ứng cháy, nổ; không sử dụng chất nổ, chất  cháy, hóa chất làm đ",internet
315274646,CÔNG TY CỔ PHẦN CÔNG NGHỆ E-PARTNER,CÔNG TY CỔ PHẦN CÔNG NGHỆ EPAR,Công ty cổ phần,"222 Điện Biên Phủ, Phường 07, Quận 3, Thành phố Hồ Chí Minh, Việt Nam",Quận 3,"9321: Hoạt động của các công viên vui chơi và công viên theo chủ đề-Chi tiết: Hoạt động của các trò chơi, các buổi biểu diễn, triển lãm theo chủ đề và cấc khu vui chơi dã ngoại (trừ hoạt động kinh doa",internet
315272906,CÔNG TY TNHH ĐỊA ỐC NAM VIỆT LAND,CÔNG TY TNHH ĐỊA ỐC NAM VIỆT L,Công ty trách nhiệm hữu hạn hai thành viên trở lên,"491/5/3B Nguyễn Đình Chiểu, Phường 02, Quận 3, Thành phố Hồ Chí Minh, Việt Nam",Quận 3,"8299: Hoạt động dịch vụ hỗ trợ kinh doanh khác còn lại chưa được phân vào đâu-Chi tiết: Tổ chức sự kiện (không thực hiện các hiệu ứng cháy, nổ; không sử dụng chất nổ, chất cháy, hóa chất làm đạo cụ, d",internet
315280745,CÔNG TY CỔ PHẦN VIỆT NAM GENE & CELL TECHNOLOGY,CÔNG TY CỔ PHẦN VIỆT NAM GENE ,Công ty cổ phần,"20 Trương Định , Phường Võ Thị Sáu, Quận 3, Thành phố Hồ Chí Minh, Việt Nam",Quận 3,"2100: Sản xuất thuốc, hoá dược và dược liệu-(trừ sản xuất hoá chất);3250: Sản xuất thiết bị, dụng cụ y tế, nha khoa, chỉnh hình và phục hồi chức năng-;3290: Sản xuất khác chưa được phân vào đâu-;4322:",technology
315277365,CÔNG TY TNHH THƯƠNG MẠI VÀ DỊCH VỤ LEE TRAVEL,CÔNG TY TNHH THƯƠNG MẠI VÀ DỊC,Công ty trách nhiệm hữu hạn một thành viên,"205/9A Trần Văn Đang, Phường 11, Quận 3, Thành phố Hồ Chí Minh, Việt Nam",Quận 3,"7710: Cho thuê xe có động cơ-Chi tiết: cho thuê xe ô tô;4610: Đại lý, môi giới, đấu giá hàng hóa-Chi tiết: đại lý bán vé máy bay;4791: Bán lẻ theo yêu cầu đặt hàng qua bưu điện hoặc internet-(trừ bán ",internet
315187601,CÔNG TY TNHH OPALESE VIỆT NAM,CÔNG TY TNHH OPALESE VIỆT NAM,Công ty trách nhiệm hữu hạn hai thành viên trở lên,"Tầng 14, Tòa nhà HM Town, 412 Nguyễn Thị Minh Khai, Phường 05, Quận 3, Thành phố Hồ Chí Minh, Việt Nam",Quận 3,"3290: Sản xuất khác chưa được phân vào đâu-(trừ Sản Xuất xốp cách nhiệt sử dụng ga R141b, sử dụng polyol trộn sẵn HCFC-141b);4610: Đại lý, môi giới, đấu giá-Chi tiết: Đại lý, môi giới (trừ môi giới bấ",internet
315301314,CÔNG TY TNHH DƯỢC MỸ PHẨM OBAGI VIỆT NAM,CÔNG TY TNHH DƯỢC MỸ PHẨM OBAG,Công ty trách nhiệm hữu hạn một thành viên,"372/18/13 Cách Mạng Tháng Tám, Phường 10, Quận 3, Thành phố Hồ Chí Minh, Việt Nam",Quận 3,"8292: Dịch vụ đóng gói-(trừ đóng gói thuốc bảo vệ thực vật).;8532: Đào tạo trung cấp-Chi tiết: Dạy nghề;8620: Hoạt động của các phòng khám đa khoa, chuyên khoa và nha khoa-Chi tiết: Hoạt động của các ",internet
315181381,CÔNG TY TNHH PAU'S COLLECTION,CÔNG TY TNHH PAUS COLLECTION,Công ty trách nhiệm hữu hạn một thành viên,"13-15-17 Trương Định, Phường 06, Quận 3, Thành phố Hồ Chí Minh, Việt Nam",Quận 3,"5914: Hoạt động chiếu phim-Chi tiết: 
- chiếu phim bằng các phương tiện chiếu phim khác trên internet;6190: Hoạt động viễn thông khác-Chi tiết: 
- Kinh doanh nội dung thông tin trên mạng viễn thông di",internet
315290359,CÔNG TY CỔ PHẦN LOUIS PROPERTY,CÔNG TY CỔ PHẦN LOUIS PROPERTY,Công ty cổ phần,"Lầu 11, Số 458 Nguyễn Thị Minh Khai, Phường 02, Quận 3, Thành phố Hồ Chí Minh, Việt Nam",Quận 3,"8220: Hoạt động dịch vụ liên quan đến các cuộc gọi-;8230: Tổ chức giới thiệu và xúc tiến thương mại-(không thực hiện các hiệu ứng cháy, nổ; không sử dụng chất nổ, chất cháy, hóa chất làm đạo cụ, dụng ",internet
315301794,CÔNG TY TNHH LEONIX,CÔNG TY TNHH LEONIX,Công ty trách nhiệm hữu hạn một thành viên,"397 Điện Biên Phủ, Phường 04, Quận 3, Thành phố Hồ Chí Minh, Việt Nam",Quận 3,"4772: Bán lẻ thuốc, dụng cụ y tế, mỹ phẩm và vật phẩm vệ sinh trong các cửa hàng chuyên doanh-;4632: Bán buôn thực phẩm-Chi tiết: Bán buôn sữa và các sản phẩm sữa, bánh kẹo và các sản phẩm chế biến từ",internet
315340264,CÔNG TY CỔ PHẦN SKYNET LOGISTICS,CÔNG TY CỔ PHẦN SKYNET LOGISTI,Công ty cổ phần,"212 Pasteur, Phường Võ Thị Sáu, Quận 3, Thành phố Hồ Chí Minh, Việt Nam",Quận 3,"4652: Bán buôn thiết bị và linh kiện điện tử, viễn thông-Chi tiết: Bán buôn sim card điện thoại, thẻ sim, thẻ internet;4741: Bán lẻ máy vi tính, thiết bị ngoại vi, phần mềm và thiết bị viễn thông tron",internet
315308045,CÔNG TY CỔ PHẦN KIMWY,CÔNG TY CỔ PHẦN KIMWY,Công ty cổ phần,"Tầng 14, Tòa nhà HM Town, 412 Nguyễn Thị Minh Khai, Phường 05, Quận 3, Thành phố Hồ Chí Minh, Việt Nam",Quận 3,8299: Hoạt động dịch vụ hỗ trợ kinh doanh khác còn lại chưa được phân vào đâu-Chi tiết: Dịch vụ thương mại điện tử;7310: Quảng cáo-;6312: Cổng thông tin-Chi tiết: Thiết lập trang thông tin điện tử tổn,internet
315345255,CÔNG TY TNHH THƯƠNG MẠI VÀ XÂY DỰNG WINLAND,CÔNG TY TNHH THƯƠNG MẠI VÀ XÂY,Công ty trách nhiệm hữu hạn một thành viên,"359/1/11 Lê Văn Sỹ, Phường 13, Quận 3, Thành phố Hồ Chí Minh, Việt Nam",Quận 3,7110: Hoạt động kiến trúc và tư vấn kỹ thuật có liên quan-Chi tiết: Tư vấn xây dựng;7310: Quảng cáo-Chi tiết: Quảng cáo thương mại;7410: Hoạt động thiết kế chuyên dụng-Chi tiết: Thiết kế đồ họa;7710: ,internet
315314786,CÔNG TY TNHH KIREI NETWORK,CÔNG TY TNHH KIREI NETWORK,Công ty trách nhiệm hữu hạn một thành viên,"Số 410 đường Võ Văn Tần, Phường 05, Quận 3, Thành phố Hồ Chí Minh, Việt Nam",Quận 3,"9631: Cắt tóc, làm đầu, gội đầu-(trừ hoạt động gây chảy máu);4649: Bán buôn đồ dùng khác cho gia đình-Chi tiết: Thực hiện quyền nhập khẩu, quyền xuất khẩu, quyền phân phối bán buôn các hàng hóa không ",internet
315316159,CÔNG TY TNHH ALPHA SOLUTIONS AND CONSULTING,CÔNG TY TNHH ALPHA SOLUTIONS A,Công ty trách nhiệm hữu hạn hai thành viên trở lên,"Tầng 5, Tòa nhà Songdo, 62A Phạm Ngọc Thạch, Phường 06, Quận 3, Thành phố Hồ Chí Minh, Việt Nam",Quận 3,"9511: Sửa chữa máy vi tính và thiết bị ngoại vi-;4741: Bán lẻ máy vi tính, thiết bị ngoại vi, phần mềm và thiết bị viễn thông trong các cửa hàng chuyên doanh-;6311: Xử lý dữ liệu, cho thuê và các hoạt",internet
315215312,CÔNG TY TNHH THƯƠNG MẠI XUẤT NHẬP KHẨU THE SUNSHINE,CÔNG TY TNHH THƯƠNG MẠI XUẤT N,Công ty trách nhiệm hữu hạn hai thành viên trở lên,"199-201-203-205 Lý Chính Thắng, Phường Võ Thị Sáu, Quận 3, Thành phố Hồ Chí Minh, Việt Nam",Quận 3,"4652: Bán buôn thiết bị và linh kiện điện tử, viễn thông-;4659: Bán buôn máy móc, thiết bị và phụ tùng máy khác-;3312: Sửa chữa máy móc, thiết bị-Chi tiết: Sửa chữa, bảo dưỡng máy móc, thiết bị thẩm m",internet
315321991,CÔNG TY CỔ PHẦN THƯƠNG MẠI DỊCH VỤ CÔNG NGHỆ SỐ MAYANH24H,CÔNG TY CỔ PHẦN THƯƠNG MẠI DỊC,Công ty cổ phần,"590/11 Cách Mạng Tháng 8, Phường 11, Quận 3, Thành phố Hồ Chí Minh, Việt Nam",Quận 3,"4773: Bán lẻ hàng hóa khác mới trong các cửa hàng chuyên doanh-chi tiết: Bán lẻ máy ảnh, phim ảnh và vật liệu ảnh trong các cửa hàng chuyên doanh;9511: Sửa chữa máy vi tính và thiết bị ngoại vi-(không",internet
315322307,CÔNG TY TNHH THƯƠNG MẠI ĐẦU TƯ XÂY DỰNG NAM HƯƠNG,CÔNG TY TNHH THƯƠNG MẠI ĐẦU TƯ,Công ty trách nhiệm hữu hạn hai thành viên trở lên,"225 Hai Bà Trưng, Phường 06, Quận 3, Thành phố Hồ Chí Minh, Việt Nam",Quận 3,"4669: Bán buôn chuyên doanh khác chưa được phân vào đâu-Chi tiết: Bán buôn dầu nhớt, dầu nhờn, dầu, mỡ bôi trơn, các sản phẩm làm mát động cơ mô tô, ô tô, xe có động cơ và các loại động cơ công nghiệp",internet
315197092,CÔNG TY TNHH TƯ VẤN THD,CÔNG TY TNHH TƯ VẤN THD,Công ty trách nhiệm hữu hạn hai thành viên trở lên,"412 Nguyễn Thị Minh Khai, Phường 05, Quận 3, Thành phố Hồ Chí Minh, Việt Nam",Quận 3,"7020: Hoạt động tư vấn quản lý-(trừ tư vấn tài chính, kế toán, pháp luật).;4541: Bán mô tô, xe máy-chi tiết: Bán buôn mô tô, xe máy; Bán lẻ mô tô, xe máy; Đại lý mô tô, xe máy;4741: Bán lẻ máy vi tính",internet
315319625,CÔNG TY TNHH THƯƠNG MẠI DỊCH VỤ ĐÔNG THẠNH,CÔNG TY TNHH THƯƠNG MẠI DỊCH V,Công ty trách nhiệm hữu hạn một thành viên,"382/17-19 Tầng 3, Nguyễn Thị Minh Khai, Phường 05, Quận 3, Thành phố Hồ Chí Minh, Việt Nam",Quận 3,"4649: Bán buôn đồ dùng khác cho gia đình-chi tiết: bán buôn văn phòng phẩm, đồ chơi trẻ em (không kinh doanh đồ chơi có hại cho giáo dục nhân cách, sức khỏe của trẻ em hoặc ảnh hưởng đến an ninh trật ",internet
315224074,CÔNG TY TNHH DỊCH VỤ TƯ VẤN LUẬT MINH HẠNH,CÔNG TY TNHH DỊCH VỤ TƯ VẤN LU,Công ty trách nhiệm hữu hạn một thành viên,"Tầng 12B, Tòa nhà Cienco 4, 180 Nguyễn Thị Minh Khai, Phường Võ Thị Sáu, Quận 3, Thành phố Hồ Chí Minh, Việt Nam",Quận 3,"8211: Dịch vụ hành chính văn phòng tổng hợp-;7020: Hoạt động tư vấn quản lý-(trừ tư vấn tài chính, kế toán, pháp luật).;6920: Hoạt động liên quan đến kế toán, kiểm toán và tư vấn về thuế-Chi tiết: Dịc",internet
315223320,CÔNG TY CỔ PHẦN ANH ÚT,CÔNG TY CỔ PHẦN ANH ÚT,Công ty cổ phần,"611/16E Điện Biên Phủ, Phường 01, Quận 3, Thành phố Hồ Chí Minh, Việt Nam",Quận 3,"5629: Dịch vụ ăn uống khác-(trừ kinh doanh quán bar, quán giải khát có khiêu vũ);5630: Dịch vụ phục vụ đồ uống-(trừ kinh doanh quán bar, quán giải khát có khiêu vũ);7310: Quảng cáo-;8292: Dịch vụ đóng",internet
315323283,CÔNG TY TNHH THƯƠNG MẠI ĐẦU TƯ & QUẢN LÝ VINH HẠNH,CÔNG TY TNHH THƯƠNG MẠI ĐẦU TƯ,Công ty trách nhiệm hữu hạn hai thành viên trở lên,"225 Hai Bà Trưng, Phường 06, Quận 3, Thành phố Hồ Chí Minh, Việt Nam",Quận 3,"7990: Dịch vụ đặt chỗ và các dịch vụ hỗ trợ liên quan đến quảng bá và tổ chức tua du lịch-Chi tiết: Cung cấp các dịch vụ đặt chỗ liên quan đến hoạt động du lịch: vận tải, khách sạn, nhà hàng, cho thuê",internet
315334983,CÔNG TY CỔ PHẦN GIÁO DỤC ĐẠI NAM,CÔNG TY CỔ PHẦN GIÁO DỤC ĐẠI N,Công ty cổ phần,"204 Nguyễn Thị Minh Khai, Phường 06, Quận 3, Thành phố Hồ Chí Minh, Việt Nam",Quận 3,"9511: Sửa chữa máy vi tính và thiết bị ngoại vi-(trừ gia công cơ khí, tái chế phế thải, xi mạ điện);4649: Bán buôn đồ dùng khác cho gia đình-Chi tiết: Bán buôn ấn phẩm về khoa học kỹ thuật và máy tính",internet
315231459,CÔNG TY TNHH ĐẦU TƯ HIỀN THỊNH,CÔNG TY TNHH ĐẦU TƯ HIỀN THỊNH,Công ty trách nhiệm hữu hạn một thành viên,"Lầu 1, Số 38E Trần Cao Vân, Phường Võ Thị Sáu, Quận 3, Thành phố Hồ Chí Minh, Việt Nam",Quận 3,"4330: Hoàn thiện công trình xây dựng-;1702: Sản xuất giấy nhăn, bìa nhăn, bao bì từ giấy và bìa-Chi tiết: Sản xuất bao bì bằng giấy, bìa (trừ tái chế phế thải, sản xuất bột giấy tại trụ sở);1709: Sản ",internet
315232879,CÔNG TY TNHH NEW HORIZON ADVISORY,CÔNG TY TNHH NEW HORIZON ADVIS,Công ty trách nhiệm hữu hạn một thành viên,"145/12/64 Nguyễn Thiện Thuật, Phường 01, Quận 3, Thành phố Hồ Chí Minh, Việt Nam",Quận 3,"4641: Bán buôn vải, hàng may mặc, giày dép-;7990: Dịch vụ đặt chỗ và các dịch vụ hỗ trợ liên quan đến quảng bá và tổ chức tua du lịch-;4511: Bán buôn ô tô và xe có động cơ khác-;4512: Bán lẻ ô tô con ",internet
315332457,CÔNG TY TNHH THƯƠNG MẠI DỊCH VỤ VI TÍNH LƯU GIA BẢO,CÔNG TY TNHH THƯƠNG MẠI DỊCH V,Công ty trách nhiệm hữu hạn một thành viên,"13G Nguyễn Thiện Thuật, Phường 01, Quận 3, Thành phố Hồ Chí Minh, Việt Nam",Quận 3,9329: Hoạt động vui chơi giải trí khác chưa được phân vào đâu-chi tiết: Kinh doanh trò chơi điện tử (trừ kinh doanh trò chơi điện tử có thưởng cho người nước và kinh doanh trò chơi điện tử có thưởng t,internet
315370526,CÔNG TY TNHH THƯƠNG MẠI DỊCH VỤ XUẤT NHẬP KHẨU HOA THẠCH THẢO,CÔNG TY TNHH THƯƠNG MẠI DỊCH V,Công ty trách nhiệm hữu hạn một thành viên,"48/2A Đường Trần Quang Diệu, Phường 13, Quận 3, Thành phố Hồ Chí Minh, Việt Nam",Quận 3,"4662: Bán buôn kim loại và quặng kim loại-Chi tiết: Bán buôn sắt, thép, Bán buôn kim loại khác (trừ kinh doanh vàng miếng);2599: Sản xuất sản phẩm khác bằng kim loại chưa được phân vào đâu-Chi tiết: G",internet
315332506,CÔNG TY TNHH THƯƠNG MẠI XUẤT NHẬP KHẨU  OCB,CÔNG TY TNHH THƯƠNG MẠI XUẤT N,Công ty trách nhiệm hữu hạn một thành viên,"382/17-19 Tầng 3, Nguyễn Thị Minh Khai, Phường 05, Quận 3, Thành phố Hồ Chí Minh, Việt Nam",Quận 3,"6120: Hoạt động viễn thông không dây-(trừ cung cấp dịch vụ truy cập, truy nhập internet tại trụ sở);6110: Hoạt động viễn thông có dây-(trừ cung cấp dịch vụ truy cập, truy nhập internet tại trụ sở);332",internet
315336268,CÔNG TY TNHH MISAPA,CÔNG TY TNHH MISAPA,Công ty trách nhiệm hữu hạn hai thành viên trở lên,"188 Điện Biên Phủ, Phường 06, Quận 3, Thành phố Hồ Chí Minh, Việt Nam",Quận 3,"6312: Cổng thông tin-Chi tiết:
-Thiết lập trang thông tin điện tử tổng hợp
-Thiết lập mạng xã hội;6399: Dịch vụ thông tin khác chưa được phân vào đâu-Chi tiết: -Các dịch vụ thông tin qua điện thoại;73",internet
315334969,CÔNG TY TNHH NHỰT ROYAL,CÔNG TY TNHH NHỰT ROYAL,Công ty trách nhiệm hữu hạn một thành viên,"16/72B Nguyễn Thiện Thuật, Phường 02, Quận 3, Thành phố Hồ Chí Minh, Việt Nam",Quận 3,"9512: Sửa chữa thiết bị liên lạc-;9631: Cắt tóc, làm đầu, gội đầu-chi tiết: cắt tóc, gội đầu, uốn, sấy, nhuộm tóc, duỗi thẳng, ép tóc và các dịch vụ làm tóc khác phục vụ cả nam và nữ - Cắt, tỉa và cạo",internet
315347929,CÔNG TY TNHH DỊCH VỤ HÌNH ẢNH DŨNG NGUYÊN,CÔNG TY TNHH DỊCH VỤ HÌNH ẢNH ,Công ty trách nhiệm hữu hạn một thành viên,"Tầng 14, Tòa nhà HM Town, 412 Nguyễn Thị Minh Khai, Phường 05, Quận 3, Thành phố Hồ Chí Minh, Việt Nam",Quận 3,6312: Cổng thông tin-;7310: Quảng cáo-;7320: Nghiên cứu thị trường và thăm dò dư luận-;7410: Hoạt động thiết kế chuyên dụng-(trừ thiết kế công trình xây dựng).;7420: Hoạt động nhiếp ảnh-(trừ sản xuất ,internet
315333997,CÔNG TY TNHH THƯƠNG MẠI VÀ DỊCH VỤ HANA PLASTIC VN,CÔNG TY TNHH THƯƠNG MẠI VÀ DỊC,Công ty trách nhiệm hữu hạn một thành viên,"508/22 Cách Mạng Tháng 8, Phường 11, Quận 3, Thành phố Hồ Chí Minh, Việt Nam",Quận 3,7110: Hoạt động kiến trúc và tư vấn kỹ thuật có liên quan-Chi tiết: - Thiết kế kiến trúc công trình dân dụng và công nghiệp; - Thẩm tra thiết kế kiến trúc công trình dân dụng và công nghiệp; - Thiết k,internet
315341973,CÔNG TY TNHH ĐẦU TƯ TƯỜNG MINH,CÔNG TY TNHH ĐẦU TƯ TƯỜNG MINH,Công ty trách nhiệm hữu hạn hai thành viên trở lên,"269 Ter, Điện Biên Phủ, Phường 07, Quận 3, Thành phố Hồ Chí Minh, Việt Nam",Quận 3,"4773: Bán lẻ hàng hóa khác mới trong các cửa hàng chuyên doanh-(trừ bán lẻ bình gas, khí dầu mỏ hóa lỏng LPG, dầu nhớt cặn, vàng miếng, súng, đạn loại dùng đi săn hoặc thể thao và tiền kim khí; trừ bá",internet
315342060,CÔNG TY TNHH THE FIRST UNIKORNS,CÔNG TY TNHH THE FIRST UNIKORN,Công ty trách nhiệm hữu hạn một thành viên,"Lầu 8, 123 Lý Chính Thắng, Phường 07, Quận 3, Thành phố Hồ Chí Minh, Việt Nam",Quận 3,"8230: Tổ chức giới thiệu và xúc tiến thương mại-(không thực hiện các hiệu ứng cháy, nổ; không sử dụng chất nổ, chất cháy, hóa chất làm đạo cụ, dụng cụ thực hiện các chương trình văn nghệ, sự kiện, phi",internet
315351354,CÔNG TY TNHH BEAUTY LAB COSMETICS VIỆT NAM,CÔNG TY TNHH BEAUTY LAB COSMET,Công ty trách nhiệm hữu hạn một thành viên,"Tầng 7, 11bis Nguyễn Gia Thiều, Phường 06, Quận 3, Thành phố Hồ Chí Minh, Việt Nam",Quận 3,"4690: Bán buôn tổng hợp-Chi tiết: Thực hiện quyền xuất khẩu, quyền nhập khẩu, quyền phân phối bán buôn các hàng hóa không thuộc danh mục hàng hóa cấm xuất khẩu, cấm nhập khẩu và danh mục hàng hóa khôn",internet
315342399,CÔNG TY CỔ PHẦN SAPIAI,CÔNG TY CỔ PHẦN SAPIAI,Công ty cổ phần,"Tầng 1, tòa nhà Văn phòng Thiên Sơn, số 5 Nguyễn Gia Thiều, Phường 06, Quận 3, Thành phố Hồ Chí Minh, Việt Nam",Quận 3,"4669: Bán buôn chuyên doanh khác chưa được phân vào đâu-Chi tiết: Bán buôn máy in, máy fax, máy photocopy, máy scan, điện thoại và linh kiện. Bán buôn máy móc thiết bị văn phòng, thiết bị bưu chính vi",internet
315261414,CÔNG TY TNHH VIỆC CÓ,CÔNG TY TNHH VIỆC CÓ,Công ty trách nhiệm hữu hạn một thành viên,"Tầng 3, Tòa Nhà An Phú Plaza, 117-119 Lý Chính Thắng, Phường Võ Thị Sáu, Quận 3, Thành phố Hồ Chí Minh, Việt Nam",Quận 3,"6201: Lập trình máy vi tính-chi tiết: sản xuất phần mềm (CPC 842); 8299: Hoạt động dịch vụ hỗ trợ kinh doanh khác còn lại chưa được phân vào đâu-chi tiết: dịch vụ thương mại điện tử
(Tổ chức kinh tế c",internet
315346523,CÔNG TY TNHH THƯƠNG MẠI DỊCH VỤ DOANH NHẤT TÚ,CÔNG TY TNHH THƯƠNG MẠI DỊCH V,Công ty trách nhiệm hữu hạn một thành viên,"Tầng 7, 116-118 Nguyễn Thị Minh Khai, Phường Võ Thị Sáu, Quận 3, Thành phố Hồ Chí Minh, Việt Nam",Quận 3,"4649: Bán buôn đồ dùng khác cho gia đình-Chi tiết: Bán buôn đồ điện gia dụng, đèn và bộ đèn điện. Bán buôn giường, tủ, bàn ghế và đồ dùng nội thất tương tự. Bán buôn vali, cặp, túi, ví, hàng da và giả",internet
315399564,CÔNG TY CỔ PHẦN ĐẦU TƯ PHÁT TRIỂN CÔNG NGHỆ BẤT ĐỘNG SẢN VIỆT NAM,CÔNG TY CỔ PHẦN ĐẦU TƯ PHÁT TR,Công ty cổ phần,"Tầng 14, Tòa Nhà HM Town, 412 Nguyễn Thị Minh Khai , Phường 05, Quận 3, Thành phố Hồ Chí Minh, Việt Nam",Quận 3,5820: Xuất bản phần mềm-Chi tiết: Sản xuất phần mềm;6190: Hoạt động viễn thông khác-Chi tiết: Hoạt động của các điểm truy cập internet;6201: Lập trình máy vi tính-;6202: Tư vấn máy vi tính và quản trị,internet
315283217,CÔNG TY TNHH ONBIT VIỆT NAM,CÔNG TY TNHH ONBIT VIỆT NAM,Công ty trách nhiệm hữu hạn hai thành viên trở lên,"Tầng 14, Tòa nhà HM Town, 412 Nguyễn Thị Minh Khai, Phường 05, Quận 3, Thành phố Hồ Chí Minh, Việt Nam",Quận 3,6201: Lập trình máy vi tính-;6202: Tư vấn máy vi tính và quản trị hệ thống máy vi tính-;6209: Hoạt động dịch vụ công nghệ thông tin và dịch vụ khác liên quan đến máy vi tính-Chi tiết: Khắc phục sự cố ,internet
315414332,CÔNG TY TNHH NORDIC KIVI,CÔNG TY TNHH NORDIC KIVI,Công ty trách nhiệm hữu hạn một thành viên,"300 Điện Biên Phủ , Phường 07, Quận 3, Thành phố Hồ Chí Minh, Việt Nam",Quận 3,"7722: Cho thuê băng, đĩa video-; 7490: Hoạt động chuyên môn, khoa học và công nghệ khác chưa được phân vào đâu-Chi tiết: môi giới thương mại (trừ thanh toán hối phiếu, thông tin tỷ lệ lượng và tư vấn ",internet
315371311,CÔNG TY TNHH THƯƠNG MẠI DỊCH VỤ SỨC KHỎE VÀ HẠNH PHÚC,CÔNG TY TNHH THƯƠNG MẠI DỊCH V,Công ty trách nhiệm hữu hạn hai thành viên trở lên,"Lầu 9A, 61A - 63A Võ Văn Tần, Phường 06, Quận 3, Thành phố Hồ Chí Minh, Việt Nam",Quận 3,"4791: Bán lẻ theo yêu cầu đặt hàng qua bưu điện hoặc internet-(trừ bán lẻ bình gas, khí dầu mỏ hóa lỏng LPG, dầu nhớt cặn, vàng miếng, súng, đạn loại dùng đi săn hoặc thể thao và tiền kim khí và thực ",internet
315373213,CÔNG TY CỔ PHẦN ĐẦU TƯ PHÁT TRIỂN LÊ PHAN,CÔNG TY CỔ PHẦN ĐẦU TƯ PHÁT TR,Công ty cổ phần,"179 Lý Chính Thắng, Phường 07, Quận 3, Thành phố Hồ Chí Minh, Việt Nam",Quận 3,"4610: Đại lý, môi giới, đấu giá hàng hóa-chi tiết: môi giới;4652: Bán buôn thiết bị và linh kiện điện tử, viễn thông-;5229: Hoạt động dịch vụ hỗ trợ khác liên quan đến vận tải-chi tiết: hoạt động của ",internet
315422206,CÔNG TY TNHH DỊCH VỤ CÔNG NGHỆ WESE,CÔNG TY TNHH DỊCH VỤ CÔNG NGHỆ,Công ty trách nhiệm hữu hạn một thành viên,"Tầng 6, SongDo Tower, 62A Phạm Ngọc Thạch, Phường 06, Quận 3, Thành phố Hồ Chí Minh, Việt Nam",Quận 3,"8110: Dịch vụ hỗ trợ tổng hợp-(trừ kinh doanh dịch vụ bảo vệ);8211: Dịch vụ hành chính văn phòng tổng hợp-;8219: Photo, chuẩn bị tài liệu và các hoạt động hỗ trợ văn phòng đặc biệt khác-;8220: Hoạt độ",internet
315391685,CÔNG TY CỔ PHẦN CÔNG NGHỆ & DỊCH VỤ ONG VÀNG,CÔNG TY CỔ PHẦN CÔNG NGHỆ  DỊC,Công ty cổ phần,"Tầng 3, Tòa nhà An Phú Plaza, 117 - 119 Lý CHính Thắng, Phường Võ Thị Sáu, Quận 3, Thành phố Hồ Chí Minh, Việt Nam",Quận 3,"4742: Bán lẻ thiết bị nghe nhìn trong các cửa hàng chuyên doanh-;5820: Xuất bản phần mềm-Chi tiết: Sản xuất phần mềm.;4741: Bán lẻ máy vi tính, thiết bị ngoại vi, phần mềm và thiết bị viễn thông trong",internet
315289473,CÔNG TY TNHH NGỌC ANH NEW SPA,CÔNG TY TNHH NGỌC ANH NEW SPA,Công ty trách nhiệm hữu hạn hai thành viên trở lên,"637 Điện Biên Phủ , Phường 01, Quận 3, Thành phố Hồ Chí Minh, Việt Nam",Quận 3,"7020: Hoạt động tư vấn quản lý-(trừ tư vấn tài chính, kế toán, pháp luật, thuế);8299: Hoạt động dịch vụ hỗ trợ kinh doanh khác còn lại chưa được phân vào đâu-Chi tiết: Nhượng quyền thương mại;9639: Ho",internet
315378613,CÔNG TY TNHH TNT PROJECTS,CÔNG TY TNHH TNT PROJECTS,Công ty trách nhiệm hữu hạn hai thành viên trở lên,"58 Võ Văn Tần, Phường Võ Thị Sáu, Quận 3, Thành phố Hồ Chí Minh, Việt Nam",Quận 3,"4321: Lắp đặt hệ thống điện-(không gia công cơ khí, tái chế phế thải, xi mạ điện tại trụ sở).;4322: Lắp đặt hệ thống cấp, thoát nước, hệ thống sưởi và điều hoà không khí-(trừ lắp đặt các thiết bị điện",internet
315434956,CÔNG TY TNHH DIGITAL MARKETING LEGACY,CÔNG TY TNHH DIGITAL MARKETING,Công ty trách nhiệm hữu hạn một thành viên,"219/67 Trần Văn Đang, Phường 11, Quận 3, Thành phố Hồ Chí Minh, Việt Nam",Quận 3,"7410: Hoạt động thiết kế chuyên dụng-Chi tiết: Thiết kế website, thiết kế đồ họa;7310: Quảng cáo-;7320: Nghiên cứu thị trường và thăm dò dư luận-Chi tiết: Nghiên cứu thị trường;6201: Lập trình máy vi ",internet
315378518,CÔNG TY TNHH VALUE TECH,CÔNG TY TNHH VALUE TECH,Công ty trách nhiệm hữu hạn một thành viên,"37 Nguyễn Thị Diệu, Phường Võ Thị Sáu, Quận 3, Thành phố Hồ Chí Minh, Việt Nam",Quận 3,"4652: Bán buôn thiết bị và linh kiện điện tử, viễn thông-Chi tiết: Bán buôn các thiết bị máy tính, máy vi tính, thiết bị văn phòng. Bán buôn phần mềm máy tính, các thiết bị linh kiện điện tử, điện tho",internet
315380796,CÔNG TY CỔ PHẦN ĐẦU TƯ THƯƠNG MẠI DỊCH VỤ DUY QUÂN,CÔNG TY CỔ PHẦN ĐẦU TƯ THƯƠNG ,Công ty cổ phần,"226 Điện Biên Phủ, Phường Võ Thị Sáu, Quận 3, Thành phố Hồ Chí Minh, Việt Nam",Quận 3,"4772: Bán lẻ thuốc, dụng cụ y tế, mỹ phẩm và vật phẩm vệ sinh trong các cửa hàng chuyên doanh-chi tiết: Bán lẻ dụng cụ y tế; nước hoa, nước thơm, mỹ phẩm, son phấn, đồ dùng trang điểm, vật phẩm vệ sin",internet
315304763,CÔNG TY CỔ PHẦN MARKET60,CÔNG TY CỔ PHẦN MARKET60,Công ty cổ phần,"Tầng 14, Tòa nhà HM Town, 412 Nguyễn Thị Minh Khai, Phường 05, Quận 3, Thành phố Hồ Chí Minh, Việt Nam",Quận 3,"4759: Bán lẻ đồ điện gia dụng, giường, tủ, bàn, ghế và đồ nội thất tương tự, đèn và bộ đèn điện, đồ dùng gia đình khác chưa được phân vào đâu  trong các cửa hàng chuyên doanh-Chi tiết: - Bán lẻ đồ điệ",internet
315383444,CÔNG TY TNHH DỊCH VỤ THƯƠNG MẠI XUẤT NHẬP KHẨU TÂN QUỐC NGUYÊN,CÔNG TY TNHH DỊCH VỤ THƯƠNG MẠ,Công ty trách nhiệm hữu hạn hai thành viên trở lên,"Tầng 14, Tòa Nhà HM Town, 412 Nguyễn Thị Minh Khai, Phường 05, Quận 3, Thành phố Hồ Chí Minh, Việt Nam",Quận 3,"4661: Bán buôn nhiên liệu rắn, lỏng, khí và các sản phẩm liên quan-Chi tiết: Bán buôn dầu nhờn, mỡ nhờn và các sản phẩm dầu mỏ đã tinh chế khác (trừ khí dầu mỏ hóa lỏng LPG và dầu nhớt cặn);4669: Bán ",internet
315383638,CÔNG TY CỔ PHẦN ĐẦU TƯ VÀ GIẢI TRÍ BÍ MẬT PHƯƠNG ĐÔNG,CÔNG TY CỔ PHẦN ĐẦU TƯ VÀ GIẢI,Công ty cổ phần,"188/4 Võ Văn Tần, Phường 05, Quận 3, Thành phố Hồ Chí Minh, Việt Nam",Quận 3,"7310: Quảng cáo-Chi tiết: Quảng cáo thương mại;4610: Đại lý, môi giới, đấu giá hàng hóa-Chi tiết: Môi giới thương mại; Đại lý phát hành sách, báo, tạp chí, lịch có nội dung được phép lưu hành (không m",internet
315391886,CÔNG TY TNHH MESSFLOW,CÔNG TY TNHH MESSFLOW,Công ty trách nhiệm hữu hạn một thành viên,"Tầng 14, Tòa nhà HM Town, 412 Nguyễn Thị Minh Khai, Phường 05, Quận 3, Thành phố Hồ Chí Minh, Việt Nam",Quận 3,6201: Lập trình máy vi tính-;6202: Tư vấn máy vi tính và quản trị hệ thống máy vi tính-;6209: Hoạt động dịch vụ công nghệ thông tin và dịch vụ khác liên quan đến máy vi tính-Chi tiết: Khắc phục sự cố ,internet
315451260,CÔNG TY CỔ PHẦN VIETNAM INVESTMENT,CÔNG TY CỔ PHẦN VIETNAM INVEST,Công ty cổ phần,"Tầng 8, Tòa nhà Loyal, 151 - 151Bis Võ Thị Sáu, Phường Võ Thị Sáu, Quận 3, Thành phố Hồ Chí Minh, Việt Nam",Quận 3,"5912: Hoạt động hậu kỳ-(trừ sản xuất phim và không thực hiện các hiệu ứng cháy, nổ; không sử dụng chất nổ, chất cháy, hóa chất làm đạo cụ, dụng cụ thực hiện các chương trình văn nghệ, sự kiện, phim ản",internet
315396475,CÔNG TY TRÁCH NHIỆM HỮU HẠN GIẢI PHÁP CÔNG NGHỆ FINIZI,CÔNG TY TRÁCH NHIỆM HỮU HẠN GI,Công ty trách nhiệm hữu hạn một thành viên,"Phòng 3.5 tòa nhà Itaxa 126 Nguyễn Thị Minh Khai, Phường Võ Thị Sáu, Quận 3, Thành phố Hồ Chí Minh, Việt Nam",Quận 3,"4799: Bán lẻ hình thức khác chưa được phân vào đâu-(trừ bán lẻ bình gas, khí dầu mỏ hóa lỏng LPG, dầu nhớt cặn, vàng miếng, súng, đạn loại dùng đi săn hoặc thể thao và tiền kim khí; trừ bán lẻ hóa chấ",internet
315419193,CÔNG TY TNHH TRUYỀN THÔNG VINADS,CÔNG TY TNHH TRUYỀN THÔNG VINA,Công ty trách nhiệm hữu hạn một thành viên,"Tầng 3, Tòa nhà An Phú Plaza, 117-119 Lý Chính Thắng, Phường Võ Thị Sáu, Quận 3, Thành phố Hồ Chí Minh, Việt Nam",Quận 3,"7320: Nghiên cứu thị trường và thăm dò dư luận-(trừ các loại thông tin Nhà Nước cấm và dịch vụ điều tra);8230: Tổ chức giới thiệu và xúc tiến thương mại-(không thực hiện các hiệu ứng cháy, nổ; không s",internet
315403965,CÔNG TY TNHH PHÚC ĐỨC QUỐC TẾ,CÔNG TY TNHH PHÚC ĐỨC QUỐC TẾ,Công ty trách nhiệm hữu hạn hai thành viên trở lên,"238/5 Nguyễn Thị Minh Khai, Phường 06, Quận 3, Thành phố Hồ Chí Minh, Việt Nam",Quận 3,4632: Bán buôn thực phẩm-(không hoạt động tại trụ sở); 5224: Bốc xếp hàng hóa-(trừ bốc xếp hàng hóa cảng hàng không); 1030: Chế biến và bảo quản rau quả-(không hoạt động tại trụ sở); 1392: Sản xuất hà,internet
315434152,CÔNG TY TNHH HÓA ĐƠN ĐIỆN TỬ VES VIỆT NAM,CÔNG TY TNHH HÓA ĐƠN ĐIỆN TỬ V,Công ty trách nhiệm hữu hạn hai thành viên trở lên,"Tầng 3, Số 61 Cao Thắng , Phường 03, Quận 3, Thành phố Hồ Chí Minh, Việt Nam",Quận 3,"7310: Quảng cáo-;6399: Dịch vụ thông tin khác chưa được phân vào đâu-Chi tiết: - Các dịch vụ thông tin qua điện thoại;
- Các dịch vụ tìm kiếm thông tin thông qua hợp đồng hay trên cơ sở phí;;6311: Xử ",internet
315437851,CÔNG TY TNHH ĐÀO TẠO QUẢN LÝ MTHI,CÔNG TY TNHH ĐÀO TẠO QUẢN LÝ M,Công ty trách nhiệm hữu hạn hai thành viên trở lên,"Lầu 13 tòa nhà ACB, 480 Nguyễn Thị Minh Khai, Phường 02, Quận 3, Thành phố Hồ Chí Minh, Việt Nam",Quận 3,"6209: Hoạt động dịch vụ công nghệ thông tin và dịch vụ khác liên quan đến máy vi tính-;7020: Hoạt động tư vấn quản lý-(trừ tư vấn tài chính, kế toán, pháp luật);8559: Giáo dục khác chưa được phân vào ",cntt
315445443,CÔNG TY TNHH CÔNG NGHỆ THÔNG MINH NTECH,CÔNG TY TNHH CÔNG NGHỆ THÔNG M,Công ty trách nhiệm hữu hạn một thành viên,"358/6/2 Cách Mạng Tháng Tám, Phường 10, Quận 3, Thành phố Hồ Chí Minh, Việt Nam",Quận 3,"4321: Lắp đặt hệ thống điện-(trừ gia công cơ khí, tái chế phế thải, xi mạ điện tại trụ sở).;4651: Bán buôn máy vi tính, thiết bị ngoại vi và phần mềm-;4652: Bán buôn thiết bị và linh kiện điện tử, viễ",lap top
315424066,CÔNG TY TNHH THƯƠNG MẠI DỊCH VỤ S COM TY,CÔNG TY TNHH THƯƠNG MẠI DỊCH V,Công ty trách nhiệm hữu hạn một thành viên,"Tầng 14, Tòa Nhà HM Town, 412 Nguyễn Thị Minh Khai, Phường 05, Quận 3, Thành phố Hồ Chí Minh, Việt Nam",Quận 3,"4641: Bán buôn vải, hàng may mặc, giày dép-;4649: Bán buôn đồ dùng khác cho gia đình-(trừ kinh doanh dược phẩm).;4659: Bán buôn máy móc, thiết bị và phụ tùng máy khác-Chi tiết: Bán buôn máy lọc nước;4",internet
315427772,CÔNG TY TNHH NIKKY VŨ,CÔNG TY TNHH NIKKY VŨ,Công ty trách nhiệm hữu hạn một thành viên,"Số 139L Lý Chính Thắng, Phường 07, Quận 3, Thành phố Hồ Chí Minh, Việt Nam",Quận 3,"9631: Cắt tóc, làm đầu, gội đầu-Chi tiết: Cắt tóc, gội đầu, uốn, sấy, nhuộm tóc, duỗi thẳng, ép tóc và các dịch vụ làm tóc khác phục vụ cả nam và nữ; Massage mặt, làm móng chân, tay, trang điểm, nối m",internet
315341998,CÔNG TY TNHH THƯƠNG MẠI DỊCH VỤ MS4,CÔNG TY TNHH THƯƠNG MẠI DỊCH V,Công ty trách nhiệm hữu hạn một thành viên,"Tầng 14 Tòa nhà HM Town, 412 Nguyễn Thị Minh Khai, Phường 05, Quận 3, Thành phố Hồ Chí Minh, Việt Nam",Quận 3,8299: Hoạt động dịch vụ hỗ trợ kinh doanh khác còn lại chưa được phân vào đâu-Chi tiết: Dịch vụ thương mại điện tử;4649: Bán buôn đồ dùng khác cho gia đình-(trừ kinh doanh dược phẩm).;4651: Bán buôn m,internet
315416241,CÔNG TY CỔ PHẦN TƯƠNG TÁC CÔNG NGHỆ XANH,CÔNG TY CỔ PHẦN TƯƠNG TÁC CÔNG,Công ty cổ phần,"159 Ter Nam Kỳ Khởi Nghĩa , Phường 07, Quận 3, Thành phố Hồ Chí Minh, Việt Nam",Quận 3,3290: Sản xuất khác chưa được phân vào đâu-;6209: Hoạt động dịch vụ công nghệ thông tin và dịch vụ khác liên quan đến máy vi tính-Chi tiết: Hoạt động dịch vụ công nghệ thông tin; Khắc phục sự cố máy v,internet
315454173,CÔNG TY CỔ PHẦN ĐẦU TƯ & GIÁO DỤC ATHENA,CÔNG TY CỔ PHẦN ĐẦU TƯ  GIÁO D,Công ty cổ phần,"Tầng 14, Tòa Nhà HM Town, 412 Nguyễn Thị Minh Khai, Phường 05, Quận 3, Thành phố Hồ Chí Minh, Việt Nam",Quận 3,5920: Hoạt động ghi âm và xuất bản âm nhạc-Chi tiết: Hoạt động ghi âm (trừ kinh doanh karaoke).;6201: Lập trình máy vi tính-;6202: Tư vấn máy vi tính và quản trị hệ thống máy vi tính-;6209: Hoạt động ,internet
108335509,CÔNG TY CỔ PHẦN Y DƯỢC HẠNH PHÚC,CÔNG TY CỔ PHẦN Y DƯỢC HẠNH PH,Công ty cổ phần,"Tầng 3, Tòa Nhà An Phú Plaza, 117 – 119 Lý Chính Thắng, Phường Võ Thị Sáu, Quận 3, Thành phố Hồ Chí Minh, Việt Nam",Quận 3,"8299: Hoạt động dịch vụ hỗ trợ kinh doanh khác còn lại chưa được phân vào đâu-Chi tiết: Xuất nhập khẩu các mặt hàng Công ty kinh doanh;0128: Trồng cây gia vị, cây dược liệu, cây hương liệu lâu năm-;01",internet
315436537,CÔNG TY TNHH JINFORMATION,CÔNG TY TNHH JINFORMATION,Công ty trách nhiệm hữu hạn hai thành viên trở lên,"Tầng 8, 123 Lý Chính Thắng , Phường 07, Quận 3, Thành phố Hồ Chí Minh, Việt Nam",Quận 3,"4791: Bán lẻ theo yêu cầu đặt hàng qua bưu điện hoặc internet--Chi tiết:  bán lẻ sữa, sản phẩm từ sữa và trứng, bột ăn dặm, bột ngũ cốc, thực phẩm chức năng, vitamin tổng hợp (trừ dược phẩm); các loại",internet
315453250,CÔNG TY TNHH THNET,CÔNG TY TNHH THNET,Công ty trách nhiệm hữu hạn hai thành viên trở lên,"64 Trương Định, Phường Võ Thị Sáu, Quận 3, Thành phố Hồ Chí Minh, Việt Nam",Quận 3,"4773: Bán lẻ hàng hóa khác mới trong các cửa hàng chuyên doanh-Chi tiết: Bán lẻ máy ảnh, phim ảnh và vật liệu ảnh trong các cửa hàng chuyên doanh;4791: Bán lẻ theo yêu cầu đặt hàng qua bưu điện hoặc i",internet
315450933,CÔNG TY TNHH KEYPOINT TECHNOLOGY,CÔNG TY TNHH KEYPOINT TECHNOLO,Công ty trách nhiệm hữu hạn hai thành viên trở lên,"Tầng 14, Tòa Nhà HM Town, 412 Nguyễn Thị Minh Khai, Phường 05, Quận 3, Thành phố Hồ Chí Minh, Việt Nam",Quận 3,"8230: Tổ chức giới thiệu và xúc tiến thương mại-(không thực hiện các hiệu ứng cháy, nổ; không sử dụng chất nổ, chất cháy, hóa chất làm đạo cụ, dụng cụ thực hiện các chương trình văn nghệ, sự kiện, phi",internet
315453719,CÔNG TY TNHH  SẢN XUẤT THƯƠNG MẠI SHIDO JAPAN,CÔNG TY TNHH  SẢN XUẤT THƯƠNG ,Công ty trách nhiệm hữu hạn một thành viên,"290/2 Nam Kỳ Khởi Nghĩa, Phường Võ Thị Sáu, Quận 3, Thành phố Hồ Chí Minh, Việt Nam",Quận 3,"1050: Chế biến sữa và các sản phẩm từ sữa-Chi tiết: Sản xuất , chế biến, gia công sữa;1079: Sản xuất thực phẩm khác chưa được phân vào đâu-Chi tiết: Sản xuất thực phẩm đặc biệt như: Đồ ăn dinh dưỡng, ",internet
315359466,CÔNG TY TNHH GIẢI TRÍ DI ĐỘNG ZEME VIỆT NAM,CÔNG TY TNHH GIẢI TRÍ DI ĐỘNG ,Công ty trách nhiệm hữu hạn một thành viên,"62A Phạm Ngọc Thạch, Phường 06, Quận 3, Thành phố Hồ Chí Minh, Việt Nam",Quận 3,6201: Lập trình máy vi tính-;6202: Tư vấn máy vi tính và quản trị hệ thống máy vi tính-;6209: Hoạt động dịch vụ công nghệ thông tin và dịch vụ khác liên quan đến máy vi tính-;6312: Cổng thông tin-Chi ,internet
314927211,CÔNG TY TNHH THƯƠNG MẠI DỊCH VỤ & ĐÀO TẠO MTA,CÔNG TY TNHH THƯƠNG MẠI DỊCH V,Công ty trách nhiệm hữu hạn một thành viên,"108/51A Trần Quang Diệu, Phường 14, Quận 3, Thành phố Hồ Chí Minh, Việt Nam",Quận 3,8559: Giáo dục khác chưa được phân vào đâu-Chi tiết: Dạy ngoại ngữ và dạy kỹ năng đàm thoại;8299: Hoạt động dịch vụ hỗ trợ kinh doanh khác còn lại chưa được phân vào đâu-Chi tiết: Dịch vụ thương mại đ,internet
314931144,CÔNG TY TNHH AZIWORLD,CÔNG TY TNHH AZIWORLD,Công ty trách nhiệm hữu hạn một thành viên,"Tầng 3, Tòa nhà An Phú Plaza, 117-119 Lý Chính Thắng, Phường Võ Thị Sáu, Quận 3, Thành phố Hồ Chí Minh, Việt Nam",Quận 3,"8230: Tổ chức giới thiệu và xúc tiến thương mại-(không thực hiện các hiệu ứng cháy nổ và không sử dụng chất nổ, chất cháy, hóa chất làm đạo cụ, dụng cụ thực hiện các chương trình văn nghệ, sự kiện, ph",internet
314962865,CÔNG TY CỔ PHẦN CHĂM SÓC SỨC KHỎE VÀ SẮC ĐẸP EVA,CÔNG TY CỔ PHẦN CHĂM SÓC SỨC K,Công ty cổ phần,"20 Đường số 4, Cư Xá Đô Thành, Phường 04, Quận 3, Thành phố Hồ Chí Minh, Việt Nam",Quận 3,"4772: Bán lẻ thuốc, dụng cụ y tế, mỹ phẩm và vật phẩm vệ sinh trong các cửa hàng chuyên doanh-;4649: Bán buôn đồ dùng khác cho gia đình-Chi tiết: Bán buôn nước hoa hàng mỹ phẩm và chế phẩm vệ sinh;463",internet
315007136,CÔNG TY TNHH ĐẦU TƯ KHÔI LAND,CÔNG TY TNHH ĐẦU TƯ KHÔI LAND,Công ty trách nhiệm hữu hạn một thành viên,"290/23 Nam Kỳ Khởi Nghĩa, Phường 08, Quận 3, Thành phố Hồ Chí Minh, Việt Nam",Quận 3,"6810: Kinh doanh bất động sản, quyền sử dụng đất thuộc chủ sở hữu, chủ sử dụng hoặc đi thuê-chi tiết: Kinh doanh bất động sản;4329: Lắp đặt hệ thống xây dựng khác-;4663: Bán buôn vật liệu, thiết bị lắ",internet
315072216,CÔNG TY TNHH DỊCH VỤ HỖ TRỢ 247,CÔNG TY TNHH DỊCH VỤ HỖ TRỢ 24,Công ty trách nhiệm hữu hạn một thành viên,"01 Nguyễn Thông, Phường 09, Quận 3, Thành phố Hồ Chí Minh, Việt Nam",Quận 3,1030: Chế biến và bảo quản rau quả-;1811: In ấn-;1812: Dịch vụ liên quan đến in-;1820: Sao chép bản ghi các loại-;5221: Hoạt động dịch vụ hỗ trợ trực tiếp cho vận tải đường sắt và đường bộ-(trừ hóa lỏ,internet
315082038,CÔNG TY TNHH DỊCH VỤ GIẢI PHÁP ONLINE GTT,CÔNG TY TNHH DỊCH VỤ GIẢI PHÁP,Công ty trách nhiệm hữu hạn hai thành viên trở lên,"Tầng 5, Tòa nhà Songdo, 62A Phạm Ngọc Thạch, Phường 06, Quận 3, Thành phố Hồ Chí Minh, Việt Nam",Quận 3,"7320: Nghiên cứu thị trường và thăm dò dư luận-(trừ các thông tin nhà nước cấm và dịch vụ điều tra);7410: Hoạt động thiết kế chuyên dụng-(trừ thiết kế công trình xây dựng)
Chi tiết: Thiết kế website, ",internet
315085127,CÔNG TY TNHH THƯƠNG MẠI DỊCH VỤ XÂY DỰNG QUÂN ĐỨC,CÔNG TY TNHH THƯƠNG MẠI DỊCH V,Công ty trách nhiệm hữu hạn hai thành viên trở lên,"Tầng Trệt, 469 Điện Biên Phủ, Phường 03, Quận 3, Thành phố Hồ Chí Minh, Việt Nam",Quận 3,"7110: Hoạt động kiến trúc và tư vấn kỹ thuật có liên quan-Chi tiết: Giám sát xây dựng và hoàn thiện công trình xây dựng dân dụng và công nghiệp, cầu đường bộ; Khảo sát địa hình, thiết kế, lập dự toán;",internet
315088086,CÔNG TY CỔ PHẦN DIỆP THÁI THANH,CÔNG TY CỔ PHẦN DIỆP THÁI THAN,Công ty cổ phần,"382/17-19 Nguyễn Thị Minh Khai, Phường 05, Quận 3, Thành phố Hồ Chí Minh, Việt Nam",Quận 3,"5820: Xuất bản phần mềm-Chi tiết: Sản xuất phần mềm;5912: Hoạt động hậu kỳ-(trừ sản xuất phim, phát sóng và không thực hiện các hiệu ứng cháy, nổ; không sử dụng chất nổ, chất cháy, hóa chất làm đạo cụ",internet
315094121,CÔNG TY TNHH MỘT THÀNH VIÊN OHQUAO,CÔNG TY TNHH MỘT THÀNH VIÊN OH,Công ty trách nhiệm hữu hạn một thành viên,"107/8 Trương Định, Phường Võ Thị Sáu, Quận 3, Thành phố Hồ Chí Minh, Việt Nam",Quận 3,"7410: Hoạt động thiết kế chuyên dụng-Chi tiết: Thiết kế thời trang, nữ trang; Thiết kế đồ họa; Thiết kế và tư vấn mỹ thuật, nghệ thuật; Thiết kế thiệp; Thiết kế thời trang liên quan đến dệt, trang phụ",internet
315102887,CÔNG TY TNHH BĐS HOÀNG GIA PHÁT,CÔNG TY TNHH BĐS HOÀNG GIA PHÁ,Công ty trách nhiệm hữu hạn hai thành viên trở lên,"491/5/3B Nguyễn Đình Chiểu, Phường 02, Quận 3, Thành phố Hồ Chí Minh, Việt Nam",Quận 3,"5229: Hoạt động dịch vụ hỗ trợ khác liên quan đến vận tải-Chi tiết: Hoạt động của các đại lý bán vé máy bay, tàu hỏa, xe khách;5510: Dịch vụ lưu trú ngắn ngày-Chi tiết: khách sạn, biệt thự du lịch, că",internet
315118157,CÔNG TY CỔ PHẦN TẬP ĐOÀN TTG,CÔNG TY CỔ PHẦN TẬP ĐOÀN TTG,Công ty cổ phần,"Tầng 5, Tòa Nhà SongDo, 62A Phạm Ngọc Thạch, Phường 06, Quận 3, Thành phố Hồ Chí Minh, Việt Nam",Quận 3,"4632: Bán buôn thực phẩm-Chi tiết: Bán buôn thực phẩm chức năng;7730: Cho thuê máy móc, thiết bị và đồ dùng hữu hình khác-Chi tiết: Cho thuê máy móc, thiết bị y tế;3312: Sửa chữa máy móc, thiết bị-Chi",internet
315124721,CÔNG TY TNHH VINAFRIENDS,CÔNG TY TNHH VINAFRIENDS,Công ty trách nhiệm hữu hạn một thành viên,"Tầng 7, 376 Võ Văn Tần, Phường 05, Quận 3, Thành phố Hồ Chí Minh, Việt Nam",Quận 3,"4649: Bán buôn đồ dùng khác cho gia đình-Chi tiết: - Bán buôn nước hoa, nước thơm, dầu thơm; - Bán buôn hàng mỹ phẩm: son, phấn, kem dưỡng da và trang điểm, mỹ phẩm dùng cho mắt; - Chế phẩm vệ sinh: x",internet
315164280,CÔNG TY TNHH THE MEAT TRADER,CÔNG TY TNHH THE MEAT TRADER,Công ty trách nhiệm hữu hạn hai thành viên trở lên,"161 Nguyễn Đình Chiểu, Phường 06, Quận 3, Thành phố Hồ Chí Minh, Việt Nam",Quận 3,"4799: Bán lẻ hình thức khác chưa được phân vào đâu-Chi tiết: Thực hiện quyền phân phối bán lẻ các hàng hóa không thuộc danh mục cấm xuất khẩu, nhập khẩu, phân phối theo quy định của pháp luật Việt Nam",internet
315213516,CÔNG TY TNHH GIẢI TRÍ GAMES PLUS,CÔNG TY TNHH GIẢI TRÍ GAMES PL,Công ty trách nhiệm hữu hạn một thành viên,"801 Hoàng Sa, Phường 09, Quận 3, Thành phố Hồ Chí Minh, Việt Nam",Quận 3,"6190: Hoạt động viễn thông khác-chi tiết: Hoạt động của các điểm truy cập internet (trừ bán lại hạ tầng viễn thông, mạng cung cấp);4633: Bán buôn đồ uống-;9329: Hoạt động vui chơi giải trí khác chưa đ",internet
315214365,CÔNG TY TNHH  MAC GROUP,CÔNG TY TNHH  MAC GROUP,Công ty trách nhiệm hữu hạn một thành viên,"Tầng 14, Tòa Nhà HM Town, 412 Nguyễn Thị Minh Khai, Phường 05, Quận 3, Thành phố Hồ Chí Minh, Việt Nam",Quận 3,5629: Dịch vụ ăn uống khác-;5630: Dịch vụ phục vụ đồ uống-(trừ hoạt động quán bar và quán giải khát có khiêu vũ).;6201: Lập trình máy vi tính-;6202: Tư vấn máy vi tính và quản trị hệ thống máy vi tính,internet
315219902,CÔNG TY TNHH SẢN XUẤT IN ẤN BAO BÌ VÀ KINH DOANH HÓA CHẤT ĐỒNG TIẾN,CÔNG TY TNHH SẢN XUẤT IN ẤN BA,Công ty trách nhiệm hữu hạn một thành viên,"284 Nam Kỳ Khởi Nghĩa, Phường Võ Thị Sáu, Quận 3, Thành phố Hồ Chí Minh, Việt Nam",Quận 3,1079: Sản xuất thực phẩm khác chưa được phân vào đâu-Chi tiết: Sản xuất thực phẩm công nghệ (không hoạt động tại trụ sở);2013: Sản xuất plastic và cao su tổng hợp dạng nguyên sinh-Chi tiết: Sản xuất c,lap top
315228022,CÔNG TY TNHH BANDI KOREA THÀNH PHỐ HỒ CHÍ MINH,CÔNG TY TNHH BANDI KOREA THÀNH,Công ty trách nhiệm hữu hạn một thành viên,"586 Nguyễn Đình Chiểu, Phường 04, Quận 3, Thành phố Hồ Chí Minh, Việt Nam",Quận 3,"4753: Bán lẻ thảm, đệm, chăn, màn, rèm, vật liệu phủ tường và sàn trong các cửa hàng chuyên doanh-(CPC 632); 4759: Bán lẻ đồ điện gia dụng, giường, tủ, bàn, ghế và đồ nội thất tương tự, đèn và bộ đèn ",internet
315265271,CÔNG TY TNHH CÔNG NGHỆ VÀ PHẦN MỀM NOWPAY,CÔNG TY TNHH CÔNG NGHỆ VÀ PHẦN,Công ty trách nhiệm hữu hạn một thành viên,"267/4 Điện Biên Phủ, Phường 07, Quận 3, Thành phố Hồ Chí Minh, Việt Nam",Quận 3,"5229: Hoạt động dịch vụ hỗ trợ khác liên quan đến vận tải-Chi tiết: Đại lý mua bán, kí gởi hàng hóa; Đại lý bán vé máy bay;5310: Bưu chính-Chi tiết: Đại lý dịch vụ bưu chính-viễn thông;6512: Bảo hiểm ",internet
315276837,CÔNG TY CỔ PHẦN TEAM EXHIBITIONS,CÔNG TY CỔ PHẦN TEAM EXHIBITIO,Công ty cổ phần,"58/10 Phạm Ngọc Thạch, Phường Võ Thị Sáu, Quận 3, Thành phố Hồ Chí Minh, Việt Nam",Quận 3,"9000: Hoạt động sáng tác, nghệ thuật và giải trí-chi tiết: Tổ chức biểu diễn nghệ thuật chuyên nghiệp (trừ kinh doanh vũ trường, phòng trà ca nhạc và không thực hiện các hiệu ứng cháy, nổ; không sử dụ",internet
315278016,CÔNG TY TNHH THƯƠNG MẠI DỊCH VỤ CÔNG NGHỆ DIGITECKPRO,CÔNG TY TNHH THƯƠNG MẠI DỊCH V,Công ty trách nhiệm hữu hạn hai thành viên trở lên,"Tầng 14, Tòa nhà HM Town, 412 Nguyễn Thị Minh Khai, Phường 05, Quận 3, Thành phố Hồ Chí Minh, Việt Nam",Quận 3,6201: Lập trình máy vi tính-;6202: Tư vấn máy vi tính và quản trị hệ thống máy vi tính-;6209: Hoạt động dịch vụ công nghệ thông tin và dịch vụ khác liên quan đến máy vi tính-Chi tiết: Khắc phục sự cố ,internet
315279027,CÔNG TY TNHH ĐÔNG TÂY MEKONG,CÔNG TY TNHH ĐÔNG TÂY MEKONG,Công ty trách nhiệm hữu hạn hai thành viên trở lên,"563/5 Nguyễn Đình Chiểu, Phường 02, Quận 3, Thành phố Hồ Chí Minh, Việt Nam",Quận 3,"8299: Hoạt động dịch vụ hỗ trợ kinh doanh khác còn lại chưa được phân vào đâu--Chi tiết: dịch vụ khắc dấu.;7310: Quảng cáo-(Không bao gồm quảng cáo thuốc lá);7490: Hoạt động chuyên môn, khoa học và cô",internet
315288631,CÔNG TY TNHH GIẢI PHÁP DỮ LIỆU SÁNG TẠO,CÔNG TY TNHH GIẢI PHÁP DỮ LIỆU,Công ty trách nhiệm hữu hạn hai thành viên trở lên,"Tầng 14, Tòa Nhà HM Town, 412 Nguyễn Thị Minh Khai, Phường 05, Quận 3, Thành phố Hồ Chí Minh, Việt Nam",Quận 3,"6190: Hoạt động viễn thông khác-(trừ bán lại hạ tầng viễn thông, mạng cung cấp)
Chi tiết: - Cung cấp truy cập Internet thông qua các mạng kết nối giữa khách hàng và ISP nhưng không do ISP sở hữu và vậ",internet
315297869,CÔNG TY TNHH NGHIÊN CỨU VÀ ỨNG DỤNG CÔNG NGHỆ CAO CHAMPBIO,CÔNG TY TNHH NGHIÊN CỨU VÀ ỨNG,Công ty trách nhiệm hữu hạn hai thành viên trở lên,"158 Nguyễn Đình Chiểu, Phường 06, Quận 3, Thành phố Hồ Chí Minh, Việt Nam",Quận 3,"7020: Hoạt động tư vấn quản lý-(trừ tư vấn tài chính, kế toán, pháp luật).;7211: Nghiên cứu khoa học và phát triển công nghệ trong lĩnh vực khoa học tự nhiên-;7212: Nghiên cứu khoa học và phát triển c",internet
315310284,CÔNG TY TNHH CÔNG NGHỆ TGSOFT,CÔNG TY TNHH CÔNG NGHỆ TGSOFT,Công ty trách nhiệm hữu hạn một thành viên,"Tầng 14, Tòa Nhà HM Town, 412 Nguyễn Thị Minh Khai , Phường 05, Quận 3, Thành phố Hồ Chí Minh, Việt Nam",Quận 3,7410: Hoạt động thiết kế chuyên dụng-chi tiết: thiết kế website;5820: Xuất bản phần mềm-chi tiết: sản xuất phần mền;6201: Lập trình máy vi tính-;6202: Tư vấn máy vi tính và quản trị hệ thống máy vi tí,internet
315318773,CÔNG TY TNHH BẬC THANG ĐẦU,CÔNG TY TNHH BẬC THANG ĐẦU,Công ty trách nhiệm hữu hạn hai thành viên trở lên,"134/5 Đường số 4 Cư xá Đô Thành, Phường 04, Quận 3, Thành phố Hồ Chí Minh, Việt Nam",Quận 3,"9522: Sửa chữa thiết bị, đồ dùng gia đình-;9524: Sửa chữa giường, tủ, bàn, ghế và đồ nội thất tương tự-;9529: Sửa chữa xe đạp, đồng hồ, đồ dùng cá nhân và gia đình khác chưa được phân vào đâu-;7110: H",internet
315348182,CÔNG TY CỔ PHẦN EB2B,CÔNG TY CỔ PHẦN EB2B,Công ty cổ phần,"Tầng 3, Tòa Nhà An Phú Plaza, 117-119 Lý Chính Thắng, Phường Võ Thị Sáu, Quận 3, Thành phố Hồ Chí Minh, Việt Nam",Quận 3,5820: Xuất bản phần mềm-Chi tiết: Sản xuất phần mềm.;6201: Lập trình máy vi tính-;6202: Tư vấn máy vi tính và quản trị hệ thống máy vi tính-;6209: Hoạt động dịch vụ công nghệ thông tin và dịch vụ khác,internet
315369263,CÔNG TY CỔ PHẦN HAGONA,CÔNG TY CỔ PHẦN HAGONA,Công ty cổ phần,"314 Lý Thái Tổ, Phường 01, Quận 3, Thành phố Hồ Chí Minh, Việt Nam",Quận 3,"3290: Sản xuất khác chưa được phân vào đâu-Chi tiết: sản xuất tóc giả và các sản phẩm từ tóc giả (trừ Sản Xuất xốp cách nhiệt sử dụng ga R141b, sử dụng polyol trộn sẵn HCFC-141b);3311: Sửa chữa các sả",internet
315387960,CÔNG TY TNHH THƯƠNG MẠI DỊCH VỤ KHAI THÀNH PHÁT,CÔNG TY TNHH THƯƠNG MẠI DỊCH V,Công ty trách nhiệm hữu hạn một thành viên,"116/9A Trần Quốc Toản, Phường 07, Quận 3, Thành phố Hồ Chí Minh, Việt Nam",Quận 3,"7410: Hoạt động thiết kế chuyên dụng-Chi tiết: - Thiết kế website; - Trang trí nội thất; -Thiết kế đồ họa (trừ thiết kế công trình xây dựng).;7730: Cho thuê máy móc, thiết bị và đồ dùng hữu hình khác ",internet
315397486,CÔNG TY TNHH TOVI,CÔNG TY TNHH TOVI,Công ty trách nhiệm hữu hạn một thành viên,"Tầng 14, Tòa Nhà HM Town, 412 Nguyễn Thị Minh Khai, Phường 05, Quận 3, Thành phố Hồ Chí Minh, Việt Nam",Quận 3,"4101: Xây dựng nhà để ở-;4102: Xây dựng nhà không để ở-;4211: Xây dựng công trình đường sắt-;4212: Xây dựng công trình đường bộ-;4221: Xây dựng công trình điện-(Doanh nghiệp không cung cấp hàng hóa, d",internet
315441985,CÔNG TY TNHH TƯ VẤN MANI,CÔNG TY TNHH TƯ VẤN MANI,Công ty trách nhiệm hữu hạn một thành viên,"29 Nguyễn Văn Mai, Phường 08, Quận 3, Thành phố Hồ Chí Minh, Việt Nam",Quận 3,"6201: Lập trình máy vi tính-;6202: Tư vấn máy vi tính và quản trị hệ thống máy vi tính-;7020: Hoạt động tư vấn quản lý-Chi tiết: Dịch vụ tư vấn quản lý chung, dịch vụ tư vấn quản lý nguồn nhân sự, dịc",internet
315458379,CÔNG TY TNHH BÁN BUÔN XUẤT NHẬP KHẨU TC,CÔNG TY TNHH BÁN BUÔN XUẤT NHẬ,Công ty trách nhiệm hữu hạn một thành viên,"79/16 Trần Văn Đang, Phường 09, Quận 3, Thành phố Hồ Chí Minh, Việt Nam",Quận 3,"7730: Cho thuê máy móc, thiết bị và đồ dùng hữu hình khác không kèm người điều khiển-;4633: Bán buôn đồ uống-;4610: Đại lý, môi giới, đấu giá hàng hóa-Chi tiết: Đại lý, môi giới (trừ môi giới bất động",internet
315473137,CÔNG TY TNHH GIẢI PHÁP TRUYỀN THÔNG OLIVE,CÔNG TY TNHH GIẢI PHÁP TRUYỀN ,Công ty trách nhiệm hữu hạn một thành viên,"Tầng 14, Tòa nhà HM Town, 412 Nguyễn Thị Minh Khai, Phường 05, Quận 3, Thành phố Hồ Chí Minh, Việt Nam",Quận 3,6209: Hoạt động dịch vụ công nghệ thông tin và dịch vụ khác liên quan đến máy vi tính-Chi tiết: Khắc phục các sự cố máy vi tính và cài đặt phần mềm (trừ kinh doanh dịch vụ truy cập internet tại trụ sở,internet
315474148,CÔNG TY CỔ PHẦN CÔNG NGHỆ VÀ THƯƠNG MẠI HƯNG BẢO AN,CÔNG TY CỔ PHẦN CÔNG NGHỆ VÀ T,Công ty cổ phần,"20A/116 Trần Quốc Toản, Phường 07, Quận 3, Thành phố Hồ Chí Minh, Việt Nam",Quận 3,"4641: Bán buôn vải, hàng may mặc, giày dép-;4649: Bán buôn đồ dùng khác cho gia đình-(trừ kinh doanh dược phẩm).;4719: Bán lẻ khác trong các cửa hàng kinh doanh tổng hợp-(trừ bán lẻ bình gas, khí dầu ",internet
315466404,CÔNG TY TNHH VẬN TẢI XÂY DỰNG ĐẠI PHÁT,CÔNG TY TNHH VẬN TẢI XÂY DỰNG ,Công ty trách nhiệm hữu hạn một thành viên,"Tầng 8, Số 100 Nguyễn Thị Minh Khai, Phường Võ Thị Sáu, Quận 3, Thành phố Hồ Chí Minh, Việt Nam",Quận 3,4329: Lắp đặt hệ thống xây dựng khác-;4330: Hoàn thiện công trình xây dựng-;4390: Hoạt động xây dựng chuyên dụng khác-;4511: Bán buôn ô tô và xe có động cơ khác-;4512: Bán lẻ ô tô con (loại 9 chỗ ngồi,internet
315472743,CÔNG TY TNHH THƯƠNG MẠI SỐ ĐINH LONG,CÔNG TY TNHH THƯƠNG MẠI SỐ ĐIN,Công ty trách nhiệm hữu hạn một thành viên,"Tầng 14, Tòa nhà HM Town, 412 Nguyễn Thị Minh Khai , Phường 05, Quận 3, Thành phố Hồ Chí Minh, Việt Nam",Quận 3,"4641: Bán buôn vải, hàng may mặc, giày dép-;4649: Bán buôn đồ dùng khác cho gia đình-;4651: Bán buôn máy vi tính, thiết bị ngoại vi và phần mềm-;4652: Bán buôn thiết bị và linh kiện điện tử, viễn thôn",internet
315494930,CÔNG TY TNHH THƯƠNG MẠI DỊCH VỤ KEN THOMPSON,CÔNG TY TNHH THƯƠNG MẠI DỊCH V,Công ty trách nhiệm hữu hạn một thành viên,"161 Nguyễn Đình Chiểu, Phường 06, Quận 3, Thành phố Hồ Chí Minh, Việt Nam",Quận 3,"4791: Bán lẻ theo yêu cầu đặt hàng qua bưu điện hoặc internet-(trừ bán lẻ hóa chất tại trụ sở, trừ bán lẻ bình gas, kinh doanh khí dầu mỏ hóa lỏng lpg, trừ mua bán vàng miếng, súng, đạn loại dùng đi s",internet
315475938,CÔNG TY TNHH TƯ VẤN ĐẦU TƯ UNI,CÔNG TY TNHH TƯ VẤN ĐẦU TƯ UNI,Công ty trách nhiệm hữu hạn một thành viên,"Tầng 14, Tòa nhà HM Town, 412 Nguyễn Thị Minh Khai, Phường 05, Quận 3, Thành phố Hồ Chí Minh, Việt Nam",Quận 3,5820: Xuất bản phần mềm-Chi tiết: Sản xuất phần mềm.;6201: Lập trình máy vi tính-;6202: Tư vấn máy vi tính và quản trị hệ thống máy vi tính-;6209: Hoạt động dịch vụ công nghệ thông tin và dịch vụ khác,internet
315503078,CÔNG TY TNHH QUỐC TẾ LUCKY B&C CLOVER,CÔNG TY TNHH QUỐC TẾ LUCKY BC ,Công ty trách nhiệm hữu hạn một thành viên,"Tầng 3, Tòa nhà An Phú Plaza, 117 -119 Lý Chính Thắng, Phường 07, Quận 3, Thành phố Hồ Chí Minh, Việt Nam",Quận 3,"1420: Sản xuất sản phẩm từ da lông thú-(không hoạt động tại trụ sở).;1430: Sản xuất trang phục dệt kim, đan móc-(không hoạt động tại trụ sở).;1511: Thuộc, sơ chế da; sơ chế và nhuộm da lông thú-(không",internet
315478093,CÔNG TY TNHH OKINAWA INDUSTRY TECHNOLOGY,CÔNG TY TNHH OKINAWA INDUSTRY ,Công ty trách nhiệm hữu hạn một thành viên,"Tầng 3, Tòa nhà ACM, số 96 Cao Thắng, Phường 04, Quận 3, Thành phố Hồ Chí Minh, Việt Nam",Quận 3,"4659: Bán buôn máy móc, thiết bị và phụ tùng máy khác-Chi tiết:
- Bán buôn máy móc, thiết bị và phụ tùng máy khác;
- Xuất nhập khẩu máy móc, thiết bị và phụ tùng máy khác. (CPC 622); 4799: Bán lẻ hình",technology
315508414,CÔNG TY TNHH FANATIC COMPUTERS VIỆT NAM,CÔNG TY TNHH FANATIC COMPUTERS,Công ty trách nhiệm hữu hạn một thành viên,"Tầng 7, Tòa nhà Estar Building, 147-149 Võ Văn Tần, Phường 06, Quận 3, Thành phố Hồ Chí Minh, Việt Nam",Quận 3,"4652: Bán buôn thiết bị và linh kiện điện tử, viễn thông-Chi tiết: Thực hiện quyền xuất khẩu, quyền nhập khẩu, quyền phân phối bán buôn hàng hoá không thuộc danh mục hàng hoá cấm xuất khẩu, cấm nhập k",computer
315488581,CÔNG TY TNHH T VÀNG,CÔNG TY TNHH T VÀNG,Công ty trách nhiệm hữu hạn hai thành viên trở lên,"130/13 Đường Cách Mạng Tháng 8, Phường 10, Quận 3, Thành phố Hồ Chí Minh, Việt Nam",Quận 3,"5630: Dịch vụ phục vụ đồ uống-(trừ hoạt động quán bar và quán giải khát có khiêu vũ).;5629: Dịch vụ ăn uống khác-(trừ kinh doanh quán bar, quán giải khát có khiêu vũ);5621: Cung cấp dịch vụ ăn uống th",internet
315507280,CÔNG TY CỔ PHẦN CÔNG NGHỆ DỊCH VỤ TÀI CHÍNH XANH,CÔNG TY CỔ PHẦN CÔNG NGHỆ DỊCH,Công ty cổ phần,"Số 159 Ter Nam Kỳ Khởi Nghĩa, Phường 07, Quận 3, Thành phố Hồ Chí Minh, Việt Nam",Quận 3,"6619: Hoạt động hỗ trợ dịch vụ tài chính chưa được phân vào đâu-Chi tiết: Hoạt động tư vấn đầu tư (trừ tư vấn tài chính, pháp luật);6920: Hoạt động liên quan đến kế toán, kiểm toán và tư vấn về thuế-c",internet
315513157,CÔNG TY CỔ PHẦN CÔNG NGHỆ - TRUYỀN THÔNG - GIẢI TRÍ EMT,CÔNG TY CỔ PHẦN CÔNG NGHỆ  TRU,Công ty cổ phần,"81 Trần Quốc Thảo, Phường Võ Thị Sáu, Quận 3, Thành phố Hồ Chí Minh, Việt Nam",Quận 3,"5911: Hoạt động sản xuất phim điện ảnh, phim video và chương trình truyền hình-Chi tiết: Hoạt động sản xuất chương trình truyền hình; Hoạt động sản xuất phim video; Hoạt động sản xuất chương trình tru",internet
315492940,CÔNG TY TNHH VIET NAM SECONDS TECHNOLOGY,CÔNG TY TNHH VIET NAM SECONDS ,Công ty trách nhiệm hữu hạn một thành viên,"123 Lý Chính Thắng, Phường 07, Quận 3, Thành phố Hồ Chí Minh, Việt Nam",Quận 3,"4651: Bán buôn máy vi tính, thiết bị ngoại vi và phần mềm-(CPC 622); 4652: Bán buôn thiết bị và linh kiện điện tử, viễn thông-(CPC 622); 6201: Lập trình máy vi tính-(CPC 842); 6202: Tư vấn máy vi tính",technology
315515813,CÔNG TY CỔ PHẦN TẬP ĐOÀN VIỆT SIN,CÔNG TY CỔ PHẦN TẬP ĐOÀN VIỆT ,Công ty cổ phần,"100 Trương Định, Phường 09, Quận 3, Thành phố Hồ Chí Minh, Việt Nam",Quận 3,"4610: Đại lý, môi giới, đấu giá hàng hóa-Chi tiết: Đại lý hàng hóa, môi giới hàng hóa;7310: Quảng cáo-;8292: Dịch vụ đóng gói-(trừ đóng gói thuốc bảo vệ thực vật).;1811: In ấn-;1820: Sao chép bản ghi ",internet
315495444,CÔNG TY TNHH KIẾN TẠO KHÔNG GIAN XANH,CÔNG TY TNHH KIẾN TẠO KHÔNG GI,Công ty trách nhiệm hữu hạn hai thành viên trở lên,"195B Điện Biên Phủ , Phường 06, Quận 3, Thành phố Hồ Chí Minh, Việt Nam",Quận 3,"4649: Bán buôn đồ dùng khác cho gia đình-Chi tiết: Bán buôn giường, tủ, bản ghế và đồ dùng nội thất tương tự; đồ dùng văn phòng; đồ điện gia dụng, đèn và bộ đèn điện. Bán buôn va li, túi, cặp, ví, thắ",internet
315517779,CÔNG TY TNHH LÊ TRỌNG KHA,CÔNG TY TNHH LÊ TRỌNG KHA,Công ty trách nhiệm hữu hạn một thành viên,"Số 212/47/5 Nguyễn Thiện Thuật, Phường 03, Quận 3, Thành phố Hồ Chí Minh, Việt Nam",Quận 3,"2592: Gia công cơ khí; xử lý và tráng phủ kim loại-;3314: Sửa chữa thiết bị điện-;2790: Sản xuất thiết bị điện khác-;8129: Vệ sinh công nghiệp và các công trình chuyên biệt-(trừ dịch vụ xông hơi, khử ",internet
315521422,CÔNG TY TNHH TRUYỀN THÔNG GIẢI TRÍ I A I,CÔNG TY TNHH TRUYỀN THÔNG GIẢI,Công ty trách nhiệm hữu hạn hai thành viên trở lên,"Tầng 10, Tòa nhà Century Building, 100 Nguyễn Thị Minh Khai, Phường 06, Quận 3, Thành phố Hồ Chí Minh, Việt Nam",Quận 3,"6820: Tư vấn, môi giới, đấu giá bất động sản, đấu giá quyền sử dụng đất-Chi tiết: Tư vấn bất động sản, quản lý bất động sản (trừ tư vấn mang tính pháp lý).;4610: Đại lý, môi giới, đấu giá hàng hóa-Chi",internet
315525360,CÔNG TY TNHH THƯƠNG MẠI - DỊCH VỤ NAM NGUYỄN TECHNOLOGY,CÔNG TY TNHH THƯƠNG MẠI  DỊCH ,Công ty trách nhiệm hữu hạn hai thành viên trở lên,"52/8 Cao Thắng, Phường 05, Quận 3, Thành phố Hồ Chí Minh, Việt Nam",Quận 3,"4669: Bán buôn chuyên doanh khác chưa được phân vào đâu-Chi tiết: Bán buôn giấy in nhiệt, giấy in bill, giấy in tem nhãn, giấy in barcode, giấy in A4;4741: Bán lẻ máy vi tính, thiết bị ngoại vi, phần ",technology
315515394,CÔNG TY CỔ PHẦN LLNK,CÔNG TY CỔ PHẦN LLNK,Công ty cổ phần,"Tầng 15, Robot Tower, 308-308C Đường Điện Biên Phủ, Phường 04, Quận 3, Thành phố Hồ Chí Minh, Việt Nam",Quận 3,"5820: Xuất bản phần mềm-Chi tiết : Sản xuất, gia công phần mềm.;6201: Lập trình máy vi tính-;6202: Tư vấn máy vi tính và quản trị hệ thống máy vi tính-;6209: Hoạt động dịch vụ công nghệ thông tin và d",internet
315524092,CÔNG TY TRÁCH NHIỆM HỮU HẠN SOFI SOLUTIONS,CÔNG TY TRÁCH NHIỆM HỮU HẠN SO,Công ty trách nhiệm hữu hạn hai thành viên trở lên,"Tầng trệt, 397 Điện Biên Phủ, Phường 04, Quận 3, Thành phố Hồ Chí Minh, Việt Nam",Quận 3,"7020: Hoạt động tư vấn quản lý-Dịch vụ tư vấn quản lý (CPC 865)
Chi tiết:                        	
- Dịch vụ tư vấn quản lý chung; (CPC 86501)
- Dịch vụ tư vấn quản lý tài chính (trừ thuế kinh doanh);",internet
315530152,CÔNG TY TNHH SẢN XUẤT THƯƠNG MẠI DOCTOR JAPAN,CÔNG TY TNHH SẢN XUẤT THƯƠNG M,Công ty trách nhiệm hữu hạn một thành viên,"Tầng 4, 290/2 Nam Kỳ Khởi Nghĩa, Phường Võ Thị Sáu, Quận 3, Thành phố Hồ Chí Minh, Việt Nam",Quận 3,"1050: Chế biến sữa và các sản phẩm từ sữa-Chi tiết: Sản xuất, chế biến, gia công sữa;1079: Sản xuất thực phẩm khác chưa được phân vào đâu-Chi tiết: sản xuất thực phẩm đặc biệt như: Đồ ăn dinh dưỡng, s",internet
315514337,CÔNG TY TNHH QUỐC TẾ VIỆT MỸ GROUP,CÔNG TY TNHH QUỐC TẾ VIỆT MỸ G,Công ty trách nhiệm hữu hạn một thành viên,"490/29 Lê Văn Sỹ, Phường 14, Quận 3, Thành phố Hồ Chí Minh, Việt Nam",Quận 3,"4789: Bán  lẻ hàng hóa khác lưu động hoặc tại chợ-(trừ dược phẩm, bình ga, súng, đạn loại dùng đi săn hoặc thể thao, tiền kim khí) Chi tiết: Bán lẻ hàng gốm sứ, thủy tinh lưu động hoặc tại chợ; - Bán ",internet
315515161,CÔNG TY TNHH THƯƠNG MẠI ĐIỆN TỬ HOÀNG QUÂN,CÔNG TY TNHH THƯƠNG MẠI ĐIỆN T,Công ty trách nhiệm hữu hạn một thành viên,"444/6 Đường Cách Mạng Tháng Tám, Phường 11, Quận 3, Thành phố Hồ Chí Minh, Việt Nam",Quận 3,"5912: Hoạt động hậu kỳ-(không thực hiện các hiệu ứng cháy, nổ; không sử dụng chất nổ, chất cháy, hóa chất làm đạo cụ, dụng cụ thực hiện các chương trình văn nghệ, sự kiện, phim ảnh).;5913: Hoạt động p",internet
315524159,CÔNG TY CỔ PHẦN ANH MINH CHÂU,CÔNG TY CỔ PHẦN ANH MINH CHÂU,Công ty cổ phần,"146/15B Võ Thị Sáu, Phường Võ Thị Sáu, Quận 3, Thành phố Hồ Chí Minh, Việt Nam",Quận 3,"7020: Hoạt động tư vấn quản lý-(trừ tư vấn tài chính, kế toán, pháp lý).;7110: Hoạt động kiến trúc và tư vấn kỹ thuật có liên quan-;6820: Tư vấn, môi giới, đấu giá bất động sản, đấu giá quyền sử dụng ",internet
315545180,CÔNG TY CỔ PHẦN ĐÀO TẠO THƯƠNG MẠI QUỐC TẾ NHÂN VĂN,CÔNG TY CỔ PHẦN ĐÀO TẠO THƯƠNG,Công ty cổ phần,"Tầng 14, Tòa nhà HM Town, 412 Nguyễn Thị Minh Khai, Phường 05, Quận 3, Thành phố Hồ Chí Minh, Việt Nam",Quận 3,"7830: Cung ứng và quản lý nguồn lao động-Chi tiết: Cung ứng và quản lý nguồn lao động trong nước (trừ cho thuê lại lao động và không bao gôm môi giới, giới thiệu, tuyển dụng và cung ứng lao dộng cho c",internet
315536147,CÔNG TY TNHH SHIRO,CÔNG TY TNHH SHIRO,Công ty trách nhiệm hữu hạn một thành viên,"Tầng 14, Tòa nhà HM Town, 412 Nguyễn Thị Minh Khai, Phường 05, Quận 3, Thành phố Hồ Chí Minh, Việt Nam",Quận 3,"1811: In ấn-(không hoạt động tại trụ sở).;1812: Dịch vụ liên quan đến in-(không hoạt động tại trụ sở).;1020: Chế biến, bảo quản thuỷ sản và các sản phẩm từ thuỷ sản-(không hoạt động tại trụ sở).;1050:",internet
315551219,CÔNG TY TNHH XUẤT NHẬP KHẨU VÀ THƯƠNG MẠI NHÀ TÔI,CÔNG TY TNHH XUẤT NHẬP KHẨU VÀ,Công ty trách nhiệm hữu hạn một thành viên,"193/65B Nam Kỳ Khởi Nghĩa, Phường 07, Quận 3, Thành phố Hồ Chí Minh, Việt Nam",Quận 3,"4690: Bán buôn tổng hợp-Chi tiết: Bán buôn đồ trang trí nội thất, đồ dùng phòng ngủ, đồ dùng phòng bếp, chăn, ga, gối, nệm, hàng lưu niệm, mỹ phẩm, hàng thủ công mỹ nghệ, văn phòng phẩm, hóa phẩm, đồ ",internet
315545448,CÔNG TY TNHH TM DV TRÚC AN,CÔNG TY TNHH TM DV TRÚC AN,Công ty trách nhiệm hữu hạn một thành viên,"237/39 Trần Văn Đang, Phường 11, Quận 3, Thành phố Hồ Chí Minh, Việt Nam",Quận 3,"4791: Bán lẻ theo yêu cầu đặt hàng qua bưu điện hoặc internet-(trừ bán lẻ bình gas, súng, đạn loại dùng đi săn hoặc thể thao và tiền kim khí và thực hiện theo Quyết định 64/2009/QĐ-UBND ngày 31/7/2009",internet
315558863,CÔNG TY CỔ PHẦN TRUYỀN THÔNG VÀ CÔNG NGHỆ NEXT GROUP,CÔNG TY CỔ PHẦN TRUYỀN THÔNG V,Công ty cổ phần,"218/7 Nam Kỳ Khởi Nghĩa, Phường Võ Thị Sáu, Quận 3, Thành phố Hồ Chí Minh, Việt Nam",Quận 3,6399: Dịch vụ thông tin khác chưa được phân vào đâu-. Chi tiết: Các dịch vụ thông tin qua điện thoại; Các dịch vụ tìm kiếm thông tin thông qua hợp đồng hay trên cơ sở phí. Cung cấp dịch vụ gia tăng tr,internet
315558380,CÔNG TY TNHH THƯƠNG MẠI DỊCH VỤ CÔNG NGHỆ BẮC ÂU,CÔNG TY TNHH THƯƠNG MẠI DỊCH V,Công ty trách nhiệm hữu hạn một thành viên,"Tầng 14, Tòa nhà HM Town, 412 Nguyễn Thị Minh Khai, Phường 05, Quận 3, Thành phố Hồ Chí Minh, Việt Nam",Quận 3,"3319: Sửa chữa thiết bị khác-(không gia công cơ khí, tái chế phế thải, xi mạ điện tại trụ sở).;3320: Lắp đặt máy móc và thiết bị công nghiệp-(không gia công cơ khí, tái chế phế thải, xi mạ điện tại tr",internet
315557179,CÔNG TY TNHH THƯƠNG MẠI ĐIỆN TỬ PHONG YẾN,CÔNG TY TNHH THƯƠNG MẠI ĐIỆN T,Công ty trách nhiệm hữu hạn một thành viên,"Tầng 14, Tòa nhà HM Town, 412 Nguyễn Thị Minh Khai, Phường 05, Quận 3, Thành phố Hồ Chí Minh, Việt Nam",Quận 3,"4742: Bán lẻ thiết bị nghe nhìn trong các cửa hàng chuyên doanh-;4771: Bán lẻ hàng may mặc, giày dép, hàng da và giả da trong các cửa hàng chuyên doanh-;4772: Bán lẻ thuốc, dụng cụ y tế, mỹ phẩm và vậ",internet
315509150,CÔNG TY TNHH TƯ VẤN ĐẦU TƯ YOUNG MINH,CÔNG TY TNHH TƯ VẤN ĐẦU TƯ YOU,Công ty trách nhiệm hữu hạn một thành viên,"Tầng 10, Tòa Nhà Cienco2, Số 180, Đường Nguyễn Thị Minh Khai, Phường 06, Quận 3, Thành phố Hồ Chí Minh, Việt Nam",Quận 3,"5820: Xuất bản phần mềm-Chi tiết: Sản xuất phần mềm;6190: Hoạt động viễn thông khác-chi tiết:
- Cung cấp truy cập Internet thông qua các mạng kết nối giữa khách hàng và
ISP nhưng không do ISP sở hữu v",internet
315579817,CÔNG TY CỔ PHẦN TẬP ĐOÀN CÔNG NGHỆ VÌ CUỘC SỐNG,CÔNG TY CỔ PHẦN TẬP ĐOÀN CÔNG ,Công ty cổ phần,"Số 237 Đường Võ Văn Tần, Phường 05, Quận 3, Thành phố Hồ Chí Minh, Việt Nam",Quận 3,"6209: Hoạt động dịch vụ công nghệ thông tin và dịch vụ khác liên quan đến máy vi tính-(trừ Kinh doanh đại lý truy cập internet);6201: Lập trình máy vi tính-;4651: Bán buôn máy vi tính, thiết bị ng",internet
315575555,CÔNG TY TNHH V-HOME SOLUTIONS,CÔNG TY TNHH VHOME SOLUTIONS,Công ty trách nhiệm hữu hạn một thành viên,"Tầng 14, Tòa nhà HM Town, 412 Nguyễn Thị Minh Khai, Phường 05, Quận 3, Thành phố Hồ Chí Minh, Việt Nam",Quận 3,"4791: Bán lẻ theo yêu cầu đặt hàng qua bưu điện hoặc internet-(trừ bán lẻ bình gas, khí dầu mỏ hóa lỏng LPG, dầu nhớt cặn, vàng miếng, súng, đạn loại dùng đi săn hoặc thể thao và tiền kim khí và thực ",internet
315602382,CÔNG TY TNHH MARTS LINKS,CÔNG TY TNHH MARTS LINKS,Công ty trách nhiệm hữu hạn một thành viên,"Tầng 14, Tòa nhà HM Town, 412 Nguyễn Thị Minh Khai, Phường 05, Quận 3, Thành phố Hồ Chí Minh, Việt Nam",Quận 3,"4723: Bán lẻ đồ uống trong các cửa hàng chuyên doanh-;4730: Bán lẻ nhiên liệu động cơ trong các cửa hàng chuyên doanh-(trừ kinh doanh khí dầu mỏ hóa lỏng LPG và dầu nhớt cặn);4741: Bán lẻ máy vi tính,",internet
315597100,CÔNG TY TNHH QUẢNG CÁO TRUYỀN THÔNG NT,CÔNG TY TNHH QUẢNG CÁO TRUYỀN ,Công ty trách nhiệm hữu hạn một thành viên,"36/10 Nguyễn Hiền, Phường 04, Quận 3, Thành phố Hồ Chí Minh, Việt Nam",Quận 3,"5911: Hoạt động sản xuất phim điện ảnh, phim video và chương trình truyền hình-Chi tiết: Sản xuất chương trình truyền hình (Trừ sản xuất phim, phát sóng và không thực hiện các hiệu ứng cháy, nổ; không",internet
315584239,CÔNG TY TNHH TRUYỀN THÔNG KANG,CÔNG TY TNHH TRUYỀN THÔNG KANG,Công ty trách nhiệm hữu hạn một thành viên,"Tầng 3, Tòa nhà An Phú Plaza, 117-119 Lý Chính Thắng, Phường Võ Thị Sáu, Quận 3, Thành phố Hồ Chí Minh, Việt Nam",Quận 3,"7310: Quảng cáo-;1811: In ấn-(trừ in tráng bao bì kim loại, in trên các sản phẩm vải sợi, dệt, may, đan tại trụ sở);1812: Dịch vụ liên quan đến in-;7410: Hoạt động thiết kế chuyên dụng-Chi tiết: Thiết",lap top
315602819,CÔNG TY TNHH VINDEX,CÔNG TY TNHH VINDEX,Công ty trách nhiệm hữu hạn hai thành viên trở lên,"430/24 Cách Mạng Tháng Tám, Phường 11, Quận 3, Thành phố Hồ Chí Minh, Việt Nam",Quận 3,"7212: Nghiên cứu khoa học và phát triển công nghệ trong lĩnh vực khoa học kỹ thuật và công nghệ-;7213: Nghiên cứu khoa học và phát triển công nghệ trong lĩnh vực khoa học y, dược-;7320: Nghiên cứu thị",internet
315609437,CÔNG TY TNHH RANDES,CÔNG TY TNHH RANDES,Công ty trách nhiệm hữu hạn một thành viên,"Tầng 14, Tòa Nhà HM Town, 412 Nguyễn Thị Minh Khai, Phường 05, Quận 3, Thành phố Hồ Chí Minh, Việt Nam",Quận 3,"6209: Hoạt động dịch vụ công nghệ thông tin và dịch vụ khác liên quan đến máy vi tính-(trừ kinh doanh dịch vụ truy cập internet tại trụ sở).
Chi tiết: khắc phục các sự cố máy vi tính và cài đặt phần m",internet
315609959,CÔNG TY TNHH 1001,CÔNG TY TNHH 1001,Công ty trách nhiệm hữu hạn một thành viên,"Tầng 14, Tòa nhà HM Town, 412 Nguyễn Thị Minh Khai, Phường 05, Quận 3, Thành phố Hồ Chí Minh, Việt Nam",Quận 3,"4330: Hoàn thiện công trình xây dựng-;4649: Bán buôn đồ dùng khác cho gia đình-(trừ kinh doanh dược phẩm).;4659: Bán buôn máy móc, thiết bị và phụ tùng máy khác-;4663: Bán buôn vật liệu, thiết bị lắp ",internet
315607292,CÔNG TY TNHH GIẢI PHÁP THƯƠNG MẠI TD.TEK,CÔNG TY TNHH GIẢI PHÁP THƯƠNG ,Công ty trách nhiệm hữu hạn hai thành viên trở lên,"Tầng 14, Tòa nhà HM Town, 412 Nguyễn Thị Minh Khai, Phường 05, Quận 3, Thành phố Hồ Chí Minh, Việt Nam",Quận 3,"9511: Sửa chữa máy vi tính và thiết bị ngoại vi-;9512: Sửa chữa thiết bị liên lạc-;4610: Đại lý, môi giới, đấu giá hàng hóa-Chi tiết: Đại lý, môi giới hàng hóa (trừ môi giới bất động sản);9521: Sửa ch",internet
315596065,CÔNG TY TNHH GIÁO DỤC VÀ  DỊCH THUẬT IFK,CÔNG TY TNHH GIÁO DỤC VÀ  DỊCH,Công ty trách nhiệm hữu hạn một thành viên,"Tầng 14, Tòa nhà HM Town, 412 Nguyễn Thị Minh Khai, Phường 05, Quận 3, Thành phố Hồ Chí Minh, Việt Nam",Quận 3,"4620: Bán buôn nông, lâm sản nguyên liệu (trừ gỗ, tre, nứa) và động vật sống-(không hoạt động tại trụ sở);4631: Bán buôn gạo, lúa mỳ, hạt ngũ cốc khác, bột mỳ-(không hoạt động tại trụ sở);4722: Bán lẻ",internet
315598915,CÔNG TY TNHH  DỊCH VỤ HCLOUD TECHNOLOGY,CÔNG TY TNHH  DỊCH VỤ HCLOUD T,Công ty trách nhiệm hữu hạn một thành viên,"108/69D5 Trần Quang Diệu, Phường 14, Quận 3, Thành phố Hồ Chí Minh, Việt Nam",Quận 3,"6622: Hoạt động của đại lý và môi giới bảo hiểm-Chi tiết: Đại lý bảo hiểm;4610: Đại lý, môi giới, đấu giá hàng hóa-Chi tiết: Đại lý, môi giới (trừ môi giới bất động sản);6201: Lập trình máy vi tính-;6",technology
315562210,CÔNG TY TNHH PHÁT LỘC PHÁT,CÔNG TY TNHH PHÁT LỘC PHÁT,Công ty trách nhiệm hữu hạn một thành viên,"Tầng 14 Tòa nhà HM TOWN, 412 Nguyễn Thị Minh Khai, Phường 05, Quận 3, Thành phố Hồ Chí Minh, Việt Nam",Quận 3,4633: Bán buôn đồ uống-;4723: Bán lẻ đồ uống trong các cửa hàng chuyên doanh-;5229: Hoạt động dịch vụ hỗ trợ khác liên quan đến vận tải-(trừ hóa lỏng khí để vận chuyển và hoạt động liên quan đến vận t,internet
315601149,CÔNG TY CỔ PHẦN GLOBALCODE,CÔNG TY CỔ PHẦN GLOBALCODE,Công ty cổ phần,"Tầng 14, tòa nhà HM Town, 412 Nguyễn Thị Minh Khai, Phường 05, Quận 3, Thành phố Hồ Chí Minh, Việt Nam",Quận 3,"5820: Xuất bản phần mềm-Chi tiết: Sản xuất phần mềm.;7490: Hoạt động chuyên môn, khoa học và công nghệ khác chưa được phân vào đâu-Chi tiết: Tư vấn công nghệ;6312: Cổng thông tin-Chi tiết: Th",internet
315846685,CÔNG TY TNHH THƯƠNG MẠI DỊCH VỤ XUẤT NHẬP KHẨU HÀ GIANG,CÔNG TY TNHH THƯƠNG MẠI DỊCH V,Công ty trách nhiệm hữu hạn một thành viên,"Tầng 14, Toà Nhà HM Town, 412 Nguyễn Thị Minh Khai , Phường 05, Quận 3, Thành phố Hồ Chí Minh, Việt Nam",Quận 3,"4610: Đại lý, môi giới, đấu giá hàng hóa-Chi tiết: Đại lý, môi giới;4912: Vận tải hàng hóa đường sắt-(trừ hóa lỏng khí để vận chuyển);4933: Vận tải hàng hóa bằng đường bộ-(trừ hóa lỏng khí để vận chuy",internet
315646830,CÔNG TY TNHH TỔNG HỢP MF NHÂN LONG,CÔNG TY TNHH TỔNG HỢP MF NHÂN ,Công ty trách nhiệm hữu hạn hai thành viên trở lên,"31/18/1 và 31/16 Công Trường Chợ Nguyễn Văn Trỗi Đường Lê Văn Sỹ, Phường 13, Quận 3, Thành phố Hồ Chí Minh, Việt Nam",Quận 3,"4659: Bán buôn máy móc, thiết bị và phụ tùng máy khác-Chi tiết : Bán buôn máy photocopy, máy fax, máy tính tiền, máy chấm công, máy vẽ, máy in, vật tư và phụ tùng ngành in ấn; thiết bị, phụ kiện ngành",internet
316397827,CÔNG TY TNHH TMDV KIỀU TRANG,CÔNG TY TNHH TMDV KIỀU TRANG,Công ty trách nhiệm hữu hạn một thành viên,"Tầng 12B, tòa nhà Cienco 4, 180 Nguyễn Thị Minh Khai, Phường Võ Thị Sáu, Quận 3, Thành phố Hồ Chí Minh, Việt Nam",Quận 3,"4223: Xây dựng công trình viễn thông, thông tin liên lạc-;4229: Xây dựng công trình công ích khác-;4291: Xây dựng công trình thủy-;4292: Xây dựng công trình khai khoáng-;4293: Xây dựng công trình chế ",internet
315609229,CÔNG TY TNHH NED,CÔNG TY TNHH NED,Công ty trách nhiệm hữu hạn một thành viên,"Số 431 Đường Nguyễn Đình Chiểu, Phường 05, Quận 3, Thành phố Hồ Chí Minh, Việt Nam",Quận 3,5820: Xuất bản phần mềm-Chi tiết: Sản xuất phần mềm.;6130: Hoạt động viễn thông vệ tinh-;6201: Lập trình máy vi tính-;6202: Tư vấn máy vi tính và quản trị hệ thống máy vi tính-;6209: Hoạt động dịch vụ,internet
316236192,CÔNG TY TNHH THƯƠNG MẠI DỊCH VỤ LIÊN KẾT SỐ,CÔNG TY TNHH THƯƠNG MẠI DỊCH V,Công ty trách nhiệm hữu hạn một thành viên,"Tầng 14, Tòa Nhà HM Town, 412 Nguyễn Thị Minh Khai, Phường 05, Quận 3, Thành phố Hồ Chí Minh, Việt Nam",Quận 3,"6312: Cổng thông tin-Chi tiết: Thiết lập trang thông tin điện tử tổng hợp.;6820: Tư vấn, môi giới, đấu giá bất động sản, đấu giá quyền sử dụng đất-Chi tiết: Tư vấn, môi giới bất động sản (trừ tư vấn t",internet
316827847,CÔNG TY TNHH THƯƠNG MẠI DỊCH VỤ XNK THÙY TRANG,CÔNG TY TNHH THƯƠNG MẠI DỊCH V,Công ty trách nhiệm hữu hạn một thành viên,"227 Lý Chính Thắng, Phường Võ Thị Sáu, Quận 3, Thành phố Hồ Chí Minh, Việt Nam",Quận 3,"4641: Bán buôn vải, hàng may mặc, giày dép-Chi tiết: Bán buôn giày dép, hàng may mặc, hàng thời trang;4649: Bán buôn đồ dùng khác cho gia đình-Chi tiết: Bán buôn găng tay y tế, bông gòn, băng thun, gạ",internet
315620825,CÔNG TY TNHH THƯƠNG MẠI DỊCH VỤ THOCA,CÔNG TY TNHH THƯƠNG MẠI DỊCH V,Công ty trách nhiệm hữu hạn một thành viên,"351 Lê Văn Sỹ, Phường 13, Quận 3, Thành phố Hồ Chí Minh, Việt Nam",Quận 3,"4723: Bán lẻ đồ uống trong các cửa hàng chuyên doanh-; 4791: Bán lẻ theo yêu cầu đặt hàng qua bưu điện hoặc internet-(trừ bán lẻ bình gas, khí dầu mỏ hóa lỏng LPG, dầu nhớt cặn, vàng miếng, súng, đạn ",internet
315637561,CÔNG TY TNHH THƯƠNG MẠI DỊCH VỤ TIA SÁNG ADAM,CÔNG TY TNHH THƯƠNG MẠI DỊCH V,Công ty trách nhiệm hữu hạn một thành viên,"402/51 Lê Văn Sỹ, Phường 14, Quận 3, Thành phố Hồ Chí Minh, Việt Nam",Quận 3,"4610: Đại lý, môi giới, đấu giá hàng hóa-chi tiết: Đại lý, môi giới (trừ môi giới bất động sản);4632: Bán buôn thực phẩm-chi tiết: Bán buôn các sản phẩm cà phê, sữa và các sản phẩm sữa, bánh kẹo và cá",internet
315583002,CÔNG TY CỔ PHẦN TẬP ĐOÀN ÁI VIỆT,CÔNG TY CỔ PHẦN TẬP ĐOÀN ÁI VI,Công ty cổ phần,"253 Điện Biên Phủ, Phường Võ Thị Sáu, Quận 3, Thành phố Hồ Chí Minh, Việt Nam",Quận 3,4632: Bán buôn thực phẩm-Chi tiết: Bán buôn thực phẩm chức năng;4722: Bán lẻ thực phẩm trong các cửa hàng chuyên doanh-Chi tiết: Bán lẻ thực phẩm chức năng (thực hiện theo quyết định 64/2009/QĐ-UBND n,internet
315623590,CÔNG TY TNHH TƯ VẤN VÀ ĐẦU TƯ CLPRO,CÔNG TY TNHH TƯ VẤN VÀ ĐẦU TƯ ,Công ty trách nhiệm hữu hạn một thành viên,"Tầng 3, Tòa Nhà An Phú Plaza, 117-119 Lý Chính Thắng, Phường 07, Quận 3, Thành phố Hồ Chí Minh, Việt Nam",Quận 3,"4610: Đại lý, môi giới, đấu giá hàng hóa-Chi tiết: Đại lý, môi giới hàng hóa;4620: Bán buôn nông, lâm sản nguyên liệu (trừ gỗ, tre, nứa) và động vật sống-(không hoạt động tại trụ sở);4669: Bán buôn ch",internet
315634602,CÔNG TY TNHH NHỊP SỐNG ĐA PHƯƠNG TIỆN,CÔNG TY TNHH NHỊP SỐNG ĐA PHƯƠ,Công ty trách nhiệm hữu hạn hai thành viên trở lên,"114 Nguyễn Thiện Thuật, Phường 02, Quận 3, Thành phố Hồ Chí Minh, Việt Nam",Quận 3,"4761: Bán lẻ sách, báo, tạp chí văn phòng phẩm trong các cửa hàng chuyên doanh-(Có nội dung được phép lưu hành); 4762: Bán lẻ băng đĩa âm thanh, hình ảnh (kể cả băng, đĩa trắng) trong các cửa hàng chu",internet
315588593,CÔNG TY TNHH SINH HỌC BIOTEK,CÔNG TY TNHH SINH HỌC BIOTEK,Công ty trách nhiệm hữu hạn một thành viên,"Tầng 5, Tòa nhà Songdo, 62A Phạm Ngọc Thạch, Phường Võ Thị Sáu, Quận 3, Thành phố Hồ Chí Minh, Việt Nam",Quận 3,"2029: Sản xuất sản phẩm hoá chất khác chưa được phân vào đâu-(không hoạt động tại trụ sở)
Chi tiết: Sản xuất chế phẩm sinh học; sản phẩm xử lý, cải tạo môi trường trong nuôi trồng thủy sản và chăn nuô",internet
315599193,CÔNG TY CỔ PHẦN LIMTECH,CÔNG TY CỔ PHẦN LIMTECH,Công ty cổ phần,"Tầng 3, Tòa nhà An Phú Plaza, 117 -119 Lý Chính Thắng, Phường 07, Quận 3, Thành phố Hồ Chí Minh, Việt Nam",Quận 3,5820: Xuất bản phần mềm-Chi tiết: Sản xuất phần mềm.;6190: Hoạt động viễn thông khác-;7410: Hoạt động thiết kế chuyên dụng-Chi tiết: Thiết kế website;8230: Tổ chức giới thiệu và xúc tiến thương mại-(k,internet
315642096,CÔNG TY TNHH MỘT THÀNH VIÊN H2O,CÔNG TY TNHH MỘT THÀNH VIÊN H2,Công ty trách nhiệm hữu hạn một thành viên,"258/8 Cách Mạng Tháng Tám, Phường 10, Quận 3, Thành phố Hồ Chí Minh, Việt Nam",Quận 3,"4742: Bán lẻ thiết bị nghe nhìn trong các cửa hàng chuyên doanh-;4641: Bán buôn vải, hàng may mặc, giày dép-;4651: Bán buôn máy vi tính, thiết bị ngoại vi và phần mềm-;4741: Bán lẻ máy vi tính, thiết ",internet
315633327,CÔNG TY CỔ PHẦN ĐÀO TẠO VÀ PHÁT TRIỂN CÔNG NGHỆ HITECH,CÔNG TY CỔ PHẦN ĐÀO TẠO VÀ PHÁ,Công ty cổ phần,"Tầng 14, Tòa nhà HM Town, 412 Nguyễn Thị Minh Khai, Phường 05, Quận 3, Thành phố Hồ Chí Minh, Việt Nam",Quận 3,8559: Giáo dục khác chưa được phân vào đâu-Chi tiết: Dạy nghề;8560: Dịch vụ hỗ trợ giáo dục-(trừ dạy về tôn giáo; các trường của các tổ chức Đảng - Đoàn thể);5820: Xuất bản phần mềm-Chi tiết: Sản xuất,internet
315602978,CÔNG TY TNHH NỘI DUNG SỐ DEV,CÔNG TY TNHH NỘI DUNG SỐ DEV,Công ty trách nhiệm hữu hạn một thành viên,"Tầng 14, Tòa nhà HM Town, 412 Nguyễn Thị Minh Khai, Phường 05, Quận 3, Thành phố Hồ Chí Minh, Việt Nam",Quận 3,5820: Xuất bản phần mềm-chi tiết: Sản xuất phần mềm.;6201: Lập trình máy vi tính-(trừ kinh doanh dịch vụ truy cập internet tại trụ sơ;6202: Tư vấn máy vi tính và quản trị hệ thống máy vi tính-;6209: H,internet
315666724,CÔNG TY TRÁCH NHIỆM HỮU HẠN TẬP ĐOÀN VINA C&D,CÔNG TY TRÁCH NHIỆM HỮU HẠN TẬ,Công ty trách nhiệm hữu hạn một thành viên,"Tầng 14, Tòa nhà HM Town, 412 Nguyễn Thị Minh Khai, Phường 05, Quận 3, Thành phố Hồ Chí Minh, Việt Nam",Quận 3,"8299: Hoạt động dịch vụ hỗ trợ kinh doanh khác còn lại chưa được phân vào đâu-Chi tiết: Xuất nhập khẩu mặt hàng công ty kinh doanh 
(CPC 622);4632: Bán buôn thực phẩm-Chi tiết: (Không hoạt động tại tr",internet
315612140,CÔNG TY TNHH TỔ CHỨC SỰ KIỆN SONG NGƯ,CÔNG TY TNHH TỔ CHỨC SỰ KIỆN S,Công ty trách nhiệm hữu hạn một thành viên,"139F6 Lý Chính Thắng , Phường 07, Quận 3, Thành phố Hồ Chí Minh, Việt Nam",Quận 3,6312: Cổng thông tin-chi tiết: Thiết lập trang thông tin điện tử tổng hợp.;8211: Dịch vụ hành chính văn phòng tổng hợp-;1812: Dịch vụ liên quan đến in-;6209: Hoạt động dịch vụ công nghệ thông tin và d,internet
315647898,CÔNG TY TNHH DIGI GLOBAL,CÔNG TY TNHH DIGI GLOBAL,Công ty trách nhiệm hữu hạn một thành viên,"491/17 Lê Văn Sỹ, Phường 12, Quận 3, Thành phố Hồ Chí Minh, Việt Nam",Quận 3,7310: Quảng cáo-;7410: Hoạt động thiết kế chuyên dụng-Chi tiết: Hoạt động trang trí nội thất; Thiết kế logo; Thiết kế quảng cáo; Thiết kế in ấn;4321: Lắp đặt hệ thống điện-chi tiết: Lắp đặt hệ thống đ,lap top
315673954,CÔNG TY TNHH VIỆT PHÚC MINH,CÔNG TY TNHH VIỆT PHÚC MINH,Công ty trách nhiệm hữu hạn hai thành viên trở lên,"Tầng 14, Tòa Nhà HM Town, 412 Nguyễn Thị Minh Khai, Phường 05, Quận 3, Thành phố Hồ Chí Minh, Việt Nam",Quận 3,"4663: Bán buôn vật liệu, thiết bị lắp đặt khác trong xây dựng-(không hoạt động tại trụ sở );4662: Bán buôn kim loại và quặng kim loại-Chi tiết : Bán buôn quặng kim loại, sắt, thép, đồng, chì, nhôm, kẽ",internet
315659808,CÔNG TY TNHH THƯƠNG MẠI FND,CÔNG TY TNHH THƯƠNG MẠI FND,Công ty trách nhiệm hữu hạn một thành viên,"Tầng 14, Tòa Nhà HM Town, 412 Nguyễn Thị Minh Khai, Phường 05, Quận 3, Thành phố Hồ Chí Minh, Việt Nam",Quận 3,"4791: Bán lẻ theo yêu cầu đặt hàng qua bưu điện hoặc internet-(trừ dược phẩm, bình gas, hóa chất, súng, đạn loại dùng đi săn hoặc thể thao, tiện kim khí và thực hiện theo quyết định 64/2009/QĐ-UBND ng",internet
315679811,CÔNG TY TNHH SCCV,CÔNG TY TNHH SCCV,Công ty trách nhiệm hữu hạn một thành viên,"159/74/32 Trần Văn Đang, Phường 11, Quận 3, Thành phố Hồ Chí Minh, Việt Nam",Quận 3,"4799: Bán lẻ hình thức khác chưa được phân vào đâu-(trừ bán lẻ bình gas, khí dầu mỏ hóa lỏng LPG, dầu nhớt cặn, vàng miếng, súng, đạn loại dùng đi săn hoặc thể thao và tiền kim k",internet
315664396,CÔNG TY TNHH BK TECHNOLOGIES,CÔNG TY TNHH BK TECHNOLOGIES,Công ty trách nhiệm hữu hạn một thành viên,"Tầng 14, Tòa Nhà HM Town, 412 Nguyễn Thị Minh Khai, Phường 05, Quận 3, Thành phố Hồ Chí Minh, Việt Nam",Quận 3,"1811: In ấn-(không hoạt động tại trụ sở);1812: Dịch vụ liên quan đến in-(không hoạt động tại trụ sở);4610: Đại lý, môi giới, đấu giá hàng hóa-Chi tiết: Đại lý, môi giới hàng hóa;4620: Bán buôn nông, l",internet
315669041,CÔNG TY TNHH DỊCH VỤ CÔNG NGHỆ BELVIE,CÔNG TY TNHH DỊCH VỤ CÔNG NGHỆ,Công ty trách nhiệm hữu hạn một thành viên,"Lầu 2 Toong Coworking Space, Số 126 Đường Nguyễn Thị Minh Khai, Phường 06, Quận 3, Thành phố Hồ Chí Minh, Việt Nam",Quận 3,"7020: Hoạt động tư vấn quản lý-Chi tiết: Tư vấn đầu tư (Trừ tư vấn tài chính, pháp luật);6399: Dịch vụ thông tin khác chưa được phân vào đâu-Chi tiết: Các dịch vụ thông tin qua điện thoại, các dịch vụ",internet
315667397,CÔNG TY TNHH HEALTHCARE SOLUTION VIET NAM,CÔNG TY TNHH HEALTHCARE SOLUTI,Công ty trách nhiệm hữu hạn một thành viên,"Lầu 5, Tòa nhà Thiên Sơn, số 5 đường Nguyễn Gia Thiều, Phường 06, Quận 3, Thành phố Hồ Chí Minh, Việt Nam",Quận 3,6201: Lập trình máy vi tính-;6202: Tư vấn máy vi tính và quản trị hệ thống máy vi tính-;6209: Hoạt động dịch vụ công nghệ thông tin và dịch vụ khác liên quan đến máy vi tính-chi tiết: Khắc phục sự cố ,internet
315675711,CÔNG TY CP SMART LINK GROUP,CÔNG TY CP SMART LINK GROUP,Công ty cổ phần,"Tầng 3, Tòa nhà An Phú Plaza, 117-119 Lý Chính Thắng, Phường 07, Quận 3, Thành phố Hồ Chí Minh, Việt Nam",Quận 3,"7810: Hoạt động của các trung tâm, đại lý tư vấn, giới thiệu và môi giới lao động, việc làm-Chi tiết: Hoạt động của đại lý tư vấn, giới thiệu và môi giới lao động, việc làm;7830: Cung ứng và quản lý n",internet
315702316,CÔNG TY CỔ PHẦN ĐẦU TƯ THƯƠNG MẠI VN CCG,CÔNG TY CỔ PHẦN ĐẦU TƯ THƯƠNG ,Công ty cổ phần,"204 Nguyễn Thị Minh Khai, Phường 06, Quận 3, Thành phố Hồ Chí Minh, Việt Nam",Quận 3,5610: Nhà hàng và các dịch vụ ăn uống phục vụ lưu động-(trừ hoạt động quán bar và quán giải khát có khiêu vũ).;5820: Xuất bản phần mềm-Chi tiết: Sản xuất phần mềm.;6201: Lập trình máy vi tính-;6810: K,internet
315707000,CÔNG TY TNHH TẬP ĐOÀN VIP CORPORATION,CÔNG TY TNHH TẬP ĐOÀN VIP CORP,Công ty trách nhiệm hữu hạn một thành viên,"Tầng 14, Tòa Nhà HM Town, 412 Nguyễn Thị Minh Khai, Phường 05, Quận 3, Thành phố Hồ Chí Minh, Việt Nam",Quận 3,"5911: Hoạt động sản xuất phim điện ảnh, phim video và chương trình truyền hình-Chi tiết: Hoạt động sản xuất chương trình truyền hình (trừ sản xuất phim; phát sóng và không thực hiện các hiệu ứng cháy ",internet
315729438,CÔNG TY TNHH XUẤT NHẬP KHẨU YẾN SÀO SAO YẾN,CÔNG TY TNHH XUẤT NHẬP KHẨU YẾ,Công ty trách nhiệm hữu hạn một thành viên,"Số 178 Võ Thị Sáu, Phường Võ Thị Sáu, Quận 3, Thành phố Hồ Chí Minh, Việt Nam",Quận 3,"1030: Chế biến và bảo quản rau quả-(trừ sản xuất, chế biến thực phẩm tươi sống);1075: Sản xuất món ăn, thức ăn chế biến sẵn-(trừ sản xuất, chế biến thực phẩm tươi sống);1079: Sản xuất thực phẩm khác c",internet
315711536,CÔNG TY TNHH FRANCE INTERNATIONAL,CÔNG TY TNHH FRANCE INTERNATIO,Công ty trách nhiệm hữu hạn một thành viên,"Tầng 14, Tòa nhà HM Town, 412 Nguyễn Thị Minh Khai, Phường 05, Quận 3, Thành phố Hồ Chí Minh, Việt Nam",Quận 3,"1399: Sản xuất các loại hàng dệt khác chưa được phân vào đâu-(không hoạt động tại trụ sở);1410: May trang phục (trừ trang phục từ da lông thú)-(trừ trang phục từ da lông thú);1512: Sản xuất vali, túi ",internet
315719824,CÔNG TY TNHH HEALTHY HOMES VIET NAM,CÔNG TY TNHH HEALTHY HOMES VIE,Công ty trách nhiệm hữu hạn một thành viên,"16/72/4 Nguyễn Thiện Thuật, Phường 02, Quận 3, Thành phố Hồ Chí Minh, Việt Nam",Quận 3,"1811: In ấn-(trừ các loại Nhà nước cấm);1812: Dịch vụ liên quan đến in-;7110: Hoạt động kiến trúc và tư vấn kỹ thuật có liên quan-;6820: Tư vấn, môi giới, đấu giá bất động sản, đấu giá quyền sử dụng đ",internet
315695274,CÔNG TY TNHH THƯƠNG MẠI DỊCH VỤ KATHY KATHY,CÔNG TY TNHH THƯƠNG MẠI DỊCH V,Công ty trách nhiệm hữu hạn một thành viên,"59 Đường số 1, Cư xá Đô Thành, Phường 04, Quận 3, Thành phố Hồ Chí Minh, Việt Nam",Quận 3,"4649: Bán buôn đồ dùng khác cho gia đình-(trừ kinh doanh dược phẩm);4791: Bán lẻ theo yêu cầu đặt hàng qua bưu điện hoặc internet-(trừ bán lẻ bình gas, khí dầu mỏ hóa lỏng LPG, dầu nhớt cặ",internet
315758799,CÔNG TY TNHH THƯƠNG MẠI DỊCH VỤ MI.SHARE,CÔNG TY TNHH THƯƠNG MẠI DỊCH V,Công ty trách nhiệm hữu hạn một thành viên,"116 - 118 Bàn Cờ, Phường 03, Quận 3, Thành phố Hồ Chí Minh, Việt Nam",Quận 3,"4610: Đại lý, môi giới, đấu giá hàng hóa-Chi tiết: Đại lý, môi giới;4649: Bán buôn đồ dùng khác cho gia đình-Chi tiết: Bán buôn quần áo, vali, cặp, túi, ví, hàng da và giả da.;4690: Bán buôn tổng hợp-",internet
315700171,CÔNG TY TNHH GIẢI PHÁP PHẦN MỀM VÀ QUẢNG CÁO TRUYỀN THÔNG ĐẠI VIỆT,CÔNG TY TNHH GIẢI PHÁP PHẦN MỀ,Công ty trách nhiệm hữu hạn một thành viên,"Tầng 14, Tòa Nhà HM Town, 412 Nguyễn Thị Minh Khai, Phường 05, Quận 3, Thành phố Hồ Chí Minh, Việt Nam",Quận 3,"6209: Hoạt động dịch vụ công nghệ thông tin và dịch vụ khác liên quan đến máy vi tính-(trừ kinh doanh dịch vụ truy cập internet tại trụ sở).
Chi tiết: khắc phục các sự cố máy vi tính và cài đặt phần m",internet
315752719,CÔNG TY TNHH MTV NGHIÊN CỨU ỨNG DỤNG THANH TOÁN TIỀN ĐIỆN TỬ LIBRA,CÔNG TY TNHH MTV NGHIÊN CỨU ỨN,Công ty trách nhiệm hữu hạn một thành viên,"số 02 Lê Ngô Cát, Phường 07, Quận 3, Thành phố Hồ Chí Minh, Việt Nam",Quận 3,"5820: Xuất bản phần mềm-chi tiết: Sản xuất, gia công phần mềm, thiết kế phần mềm.;6201: Lập trình máy vi tính-;6202: Tư vấn máy vi tính và quản trị hệ thống máy vi tính-;6209: Hoạt động dịch vụ công n",internet
315737044,CÔNG TY TNHH PHÁT TRIỂN ĐẦU TƯ VÀ KINH DOANH TỔNG HỢP HOÀNG KIM,CÔNG TY TNHH PHÁT TRIỂN ĐẦU TƯ,Công ty trách nhiệm hữu hạn hai thành viên trở lên,"Tầng 3, Tòa nhà An Phú Plaza, 117-119 Lý Chính Thắng, Phường 07, Quận 3, Thành phố Hồ Chí Minh, Việt Nam",Quận 3,8551: Giáo dục thể thao và giải trí-;8552: Giáo dục văn hoá nghệ thuật-;8559: Giáo dục khác chưa được phân vào đâu-Chi tiết: Đào tạo về sự sống; Dạy ngoại ngữ và dạy kỹ năng đàm thoại; Đào tạo kỹ năng,internet
315772497,CÔNG TY TNHH ALO 247,CÔNG TY TNHH ALO 247,Công ty trách nhiệm hữu hạn một thành viên,"Tầng 5, Tòa nhà Songdo, 62A Phạm Ngọc Thạch, Phường 06, Quận 3, Thành phố Hồ Chí Minh, Việt Nam",Quận 3,"4610: Đại lý, môi giới, đấu giá hàng hóa-chi tiết: Đại lý, môi giới (trừ môi giới bất động sản);4651: Bán buôn máy vi tính, thiết bị ngoại vi và phần mềm-Chi tiết: Bán buôn máy vi tính; bán buôn phần ",internet
315720989,CÔNG TY TNHH BÁCH KHOA LAND,CÔNG TY TNHH BÁCH KHOA LAND,Công ty trách nhiệm hữu hạn hai thành viên trở lên,"Tầng 14, Tòa Nhà HM Town, 412 Nguyễn Thị Minh Khai, Phường 05, Quận 3, Thành phố Hồ Chí Minh, Việt Nam",Quận 3,"4101: Xây dựng nhà để ở-;4102: Xây dựng nhà không để ở-;4311: Phá dỡ-;4312: Chuẩn bị mặt bằng-;4321: Lắp đặt hệ thống điện-(trừ gia công cơ khí, tái chế phế thải, xi mạ điện tại trụ sở);4322: Lắp đặt ",internet
315790584,CÔNG TY TNHH OMC MARKETING,CÔNG TY TNHH OMC MARKETING,Công ty trách nhiệm hữu hạn một thành viên,"25 Đường số 1, Cư xá Đô Thành, Phường 04, Quận 3, Thành phố Hồ Chí Minh, Việt Nam",Quận 3,"4610: Đại lý, môi giới, đấu giá hàng hóa-Chi tiết: Đại lý, môi giới (trừ môi giới bất động sản);4620: Bán buôn nông, lâm sản nguyên liệu (trừ gỗ, tre, nứa) và động vật sống-(không hoạt động tại trụ sở",internet
315767641,CÔNG TY TNHH THƯƠNG MẠI CÔNG NGHỆ EHOME,CÔNG TY TNHH THƯƠNG MẠI CÔNG N,Công ty trách nhiệm hữu hạn một thành viên,"Tầng 14, Tòa Nhà HM Town, 412 Nguyễn Thị Minh Khai, Phường 05, Quận 3, Thành phố Hồ Chí Minh, Việt Nam",Quận 3,4722: Bán lẻ thực phẩm trong các cửa hàng chuyên doanh-(thực hiện theo Quyết định số 64/2009/QĐ-UBND ngày 31/07/2009 và Quyết định số 79/2009/QĐ-UBND ngày 17/10/2009 của Ủy Ban Nhân Dân TP. Hồ Chí Min,internet
315761544,CÔNG TY CỔ PHẦN XÂY LẮP NHÀ THÔNG MINH VIỆT NAM,CÔNG TY CỔ PHẦN XÂY LẮP NHÀ TH,Công ty cổ phần,"Tầng 14, Tòa Nhà HM Town, 412 Nguyễn Thị Minh Khai, Phường 05, Quận 3, Thành phố Hồ Chí Minh, Việt Nam",Quận 3,"4312: Chuẩn bị mặt bằng-;4321: Lắp đặt hệ thống điện-(không gia công cơ khí, tái chế phế thải, xi mạ điện tại trụ sở).;4322: Lắp đặt hệ thống cấp, thoát nước, hệ thống sưởi và điều hoà không khí-(trừ ",internet
315736386,CÔNG TY TNHH MỘT THÀNH VIÊN REFINED LIFESTYLE,CÔNG TY TNHH MỘT THÀNH VIÊN RE,Công ty trách nhiệm hữu hạn một thành viên,"Tầng 5, Tòa nhà Songdo, 62A Phạm Ngọc Thạch, Phường Võ Thị Sáu, Quận 3, Thành phố Hồ Chí Minh, Việt Nam",Quận 3,"4741: Bán lẻ máy vi tính, thiết bị ngoại vi, phần mềm và thiết bị viễn thông trong các cửa hàng chuyên doanh-;4761: Bán lẻ sách, báo, tạp chí văn phòng phẩm trong các cửa hàng chuyên doanh-(có nội dun",internet
315795543,CÔNG TY TRÁCH NHIỆM HỮU HẠN THẾ GIỚI ONLINE,CÔNG TY TRÁCH NHIỆM HỮU HẠN TH,Công ty trách nhiệm hữu hạn hai thành viên trở lên,"Tầng 14, Tòa Nhà HM Town. 412 Nguyễn Thị Minh Khai, Phường 05, Quận 3, Thành phố Hồ Chí Minh, Việt Nam",Quận 3,"3512: Truyền tải và phân phối điện-chi tiết: Bán điện cho người sử dụng (trừ truyền tải, điều độ hệ thống điện quốc gia và quản lý lưới điện phân phối, thủy điện đa mục tiêu, điện hạt nhân); 4101: Xây",internet
315744404,CÔNG TY TNHH KMS TECHNOLOGY SOLUTIONS (VIỆT NAM),CÔNG TY TNHH KMS TECHNOLOGY SO,Công ty trách nhiệm hữu hạn một thành viên,"Tầng 4, 290/26 - 384/60 Nam Kỳ Khởi Nghĩa, Phường 08, Quận 3, Thành phố Hồ Chí Minh, Việt Nam",Quận 3,6201: Lập trình máy vi tính-(CPC 842);6202: Tư vấn máy vi tính và quản trị hệ thống máy vi tính-(CPC 842);6209: Hoạt động dịch vụ công nghệ thông tin và dịch vụ khác liên quan đến máy vi tính-Chi tiết,technology
315791718,CÔNG TY CỔ PHẦN FMS VIỆT NAM,CÔNG TY CỔ PHẦN FMS VIỆT NAM,Công ty cổ phần,"Tòa nhà ACM, 96 Cao Thắng, Phường 04, Quận 3, Thành phố Hồ Chí Minh, Việt Nam",Quận 3,"3312: Sửa chữa máy móc, thiết bị-(không gia công cơ khí, tái chế phế thải, xi mạ điện tại trụ sở);3313: Sửa chữa thiết bị điện tử và quang học-(không gia công cơ khí, tái chế phế thải, xi mạ điện tại ",internet
315793289,CÔNG TY TNHH DIGIMALL,CÔNG TY TNHH DIGIMALL,Công ty trách nhiệm hữu hạn một thành viên,"Tầng 3, Tòa nhà Loyal 151-151Bis Võ Thị Sáu, Phường Võ Thị Sáu, Quận 3, Thành phố Hồ Chí Minh, Việt Nam",Quận 3,"4652: Bán buôn thiết bị và linh kiện điện tử, viễn thông-(CPC 622); 4651: Bán buôn máy vi tính, thiết bị ngoại vi và phần mềm-Chi tiết: Bán buôn máy vi tính, thiết bị ngoại vi. (CPC 622); 4659: Bán bu",internet
315783192,CÔNG TY TNHH LEXOR TECH,CÔNG TY TNHH LEXOR TECH,Công ty trách nhiệm hữu hạn một thành viên,"Số 82/48 đường Lý Chính Thắng, Phường 08, Quận 3, Thành phố Hồ Chí Minh, Việt Nam",Quận 3,6201: Lập trình máy vi tính-;5820: Xuất bản phần mềm-Chi tiết: Sản xuất phần mềm.;6202: Tư vấn máy vi tính và quản trị hệ thống máy vi tính-;6209: Hoạt động dịch vụ công nghệ thông tin và dịch vụ khác,internet
315742005,CÔNG TY TNHH DỊCH VỤ CÔNG NGHỆ SEOGROUP,CÔNG TY TNHH DỊCH VỤ CÔNG NGHỆ,Công ty trách nhiệm hữu hạn hai thành viên trở lên,"Tầng 14, Tòa nhà HM Town, 412 Nguyễn Thị Minh Khai, Phường 05, Quận 3, Thành phố Hồ Chí Minh, Việt Nam",Quận 3,7310: Quảng cáo-;7410: Hoạt động thiết kế chuyên dụng-( trừ thiết kế công trình xây dựng);7110: Hoạt động kiến trúc và tư vấn kỹ thuật có liên quan-;7710: Cho thuê xe có động cơ-;7212: Nghiên cứu khoa,internet
315783869,CÔNG TY TNHH THƯƠNG MẠI DỊCH VỤ QUỐC TẾ LONG CHÂU,CÔNG TY TNHH THƯƠNG MẠI DỊCH V,Công ty trách nhiệm hữu hạn một thành viên,"Tầng 3, Tòa nhà An Phú Plaza, 117-119 Lý Chính Thắng, Phường 07, Quận 3, Thành phố Hồ Chí Minh, Việt Nam",Quận 3,"4652: Bán buôn thiết bị và linh kiện điện tử, viễn thông-;4641: Bán buôn vải, hàng may mặc, giày dép-;9511: Sửa chữa máy vi tính và thiết bị ngoại vi-;9512: Sửa chữa thiết bị liên lạc-;9521: Sửa chữa ",internet
315784414,CÔNG TY TNHH THIÊN TOÀN LỘC,CÔNG TY TNHH THIÊN TOÀN LỘC,Công ty trách nhiệm hữu hạn hai thành viên trở lên,"412 Nguyễn Thị Minh Khai, Phường 05, Quận 3, Thành phố Hồ Chí Minh, Việt Nam",Quận 3,"4781: Bán lẻ lương thực, thực phẩm, đồ uống, thuốc lá, thuốc lào lưu động hoặc tại chợ-Chi tiết:  Bán lẻ đồ uống có cồn (rượu, bia) và không có cồn (coca cola, pepsi, cola, nước ngọt khác đóng chai, đ",internet
315793560,CÔNG TY TNHH SẢN XUẤT VÀ ĐẦU TƯ AKIA,CÔNG TY TNHH SẢN XUẤT VÀ ĐẦU T,Công ty trách nhiệm hữu hạn một thành viên,"132 Võ Thị Sáu, Phường Võ Thị Sáu, Quận 3, Thành phố Hồ Chí Minh, Việt Nam",Quận 3,"1621: Sản xuất gỗ dán, gỗ lạng, ván ép và ván mỏng khác-;1622: Sản xuất đồ gỗ xây dựng-;1629: Sản xuất sản phẩm khác từ gỗ; sản xuất sản phẩm từ tre, nứa, rơm, rạ và vật liệu tết bện-;2610: Sản xuất l",internet
315829792,CÔNG TY TNHH PHÁT TRIỂN THƯƠNG MẠI DỊCH VỤ VĂN DƯƠNG,CÔNG TY TNHH PHÁT TRIỂN THƯƠNG,Công ty trách nhiệm hữu hạn một thành viên,"Tầng 14, Tòa Nhà HM Town, 412 Nguyễn Thị Minh Khai, Phường 05, Quận 3, Thành phố Hồ Chí Minh, Việt Nam",Quận 3,"4610: Đại lý, môi giới, đấu giá hàng hóa-Chi tiết: Đại lý, môi giới;4912: Vận tải hàng hóa đường sắt-(trừ hóa lỏng khí để vận chuyển);4933: Vận tải hàng hóa bằng đường bộ-(trừ hóa lỏng khí để vận chuy",internet
315822155,CÔNG TY TNHH BANKAS,CÔNG TY TNHH BANKAS,Công ty trách nhiệm hữu hạn hai thành viên trở lên,"Tầng 3, Toà nhà An Phú Plaza, 117-119 Lý Chính Thắng, Phường 07, Quận 3, Thành phố Hồ Chí Minh, Việt Nam",Quận 3,"4799: Bán lẻ hình thức khác chưa được phân vào đâu-Chi tiết: Bán lẻ của các đại lý hưởng hoa hồng (ngoài cửa hàng).;6311: Xử lý dữ liệu, cho thuê và các hoạt động liên quan-;6612: Môi giới hợp đồng hà",internet
315804903,CÔNG TY CỔ PHẦN DOCTOR BEAR,CÔNG TY CỔ PHẦN DOCTOR BEAR,Công ty cổ phần,"Lầu 2, 292/12 Cách Mạng Tháng 8, Phường 10, Quận 3, Thành phố Hồ Chí Minh, Việt Nam",Quận 3,"6399: Dịch vụ thông tin khác chưa được phân vào đâu-Chi tiết: Các dịch vụ thông tin qua điện thoại; Các dịch vụ tìm kiếm thông tin thông qua hợp đồng hay trên cơ sở phí
(trừ dịch vụ cắt xén thông tin,",internet
315828157,CÔNG TY TNHH CÔNG NGHỆ SỐ H2,CÔNG TY TNHH CÔNG NGHỆ SỐ H2,Công ty trách nhiệm hữu hạn một thành viên,"599 Hoàng Sa, Phường 07, Quận 3, Thành phố Hồ Chí Minh, Việt Nam",Quận 3,"4651: Bán buôn máy vi tính, thiết bị ngoại vi và phần mềm-;4652: Bán buôn thiết bị và linh kiện điện tử, viễn thông-;4659: Bán buôn máy móc, thiết bị và phụ tùng máy khác-;3312: Sửa chữa máy móc, thiế",internet
315808545,CÔNG TY TNHH THỰC PHẨM BANANA,CÔNG TY TNHH THỰC PHẨM BANANA,Công ty trách nhiệm hữu hạn một thành viên,"Tầng 14, Tòa nhà HM Town, 412 Nguyễn Thị Minh Khai, Phường 05, Quận 3, Thành phố Hồ Chí Minh, Việt Nam",Quận 3,"4724: Bán lẻ sản phẩm thuốc lá, thuốc lào trong các cửa hàng chuyên doanh-;4730: Bán lẻ nhiên liệu động cơ trong các cửa hàng chuyên doanh-;4741: Bán lẻ máy vi tính, thiết bị ngoại vi, phần mềm và thi",internet
315828622,CÔNG TY TNHH EB2B,CÔNG TY TNHH EB2B,Công ty trách nhiệm hữu hạn một thành viên,"Tầng 3, Tòa nhà An Phú Plaza, 117-119 Lý Chính Thắng, Phường Võ Thị Sáu, Quận 3, Thành phố Hồ Chí Minh, Việt Nam",Quận 3,"4773: Bán lẻ hàng hóa khác mới trong các cửa hàng chuyên doanh-(trừ dược phẩm, bình ga, súng, đạn loại dùng đi săn hoặc thể thao, tiện kim khí và thực hiện theo quyết định 64/2009/QĐ-UBND ngày 31/7/20",internet
315820486,CÔNG TY CỔ PHẦN FTI SÀI GÒN,CÔNG TY CỔ PHẦN FTI SÀI GÒN,Công ty cổ phần,"Toà nhà Anh Đăng - 215 Nam Kỳ Khởi Nghĩa, Phường 07, Quận 3, Thành phố Hồ Chí Minh, Việt Nam",Quận 3,1811: In ấn-(trừ các loại hình Nhà nước cấm);1812: Dịch vụ liên quan đến in-;1820: Sao chép bản ghi các loại-(trừ các loại hình Nhà nước cấm);2610: Sản xuất linh kiện điện tử-;2620: Sản xuất máy vi tí,internet
315820126,CÔNG TY TNHH SẢN XUẤT THƯƠNG MẠI VÀ DỊCH VỤ THIÊN ẤN NIÊM HÀ,CÔNG TY TNHH SẢN XUẤT THƯƠNG M,Công ty trách nhiệm hữu hạn một thành viên,"Tầng 3, Tòa nhà An Phú Plaza, 117-119 Lý Chính Thắng, Phường 07, Quận 3, Thành phố Hồ Chí Minh, Việt Nam",Quận 3,"8230: Tổ chức giới thiệu và xúc tiến thương mại-(không thực hiện các hiệu ứng cháy nổ, không sử dụng chất nổ, chất cháy, hóa chất làm đạo cụ, dụng cụ thực hiện các chương trình văn nghệ, phim ảnh)
Chi",internet
315835034,CÔNG TY TNHH THƯƠNG MẠI & DỊCH VỤ TIN HỌC TOÀN THỊNH,CÔNG TY TNHH THƯƠNG MẠI  DỊCH ,Công ty trách nhiệm hữu hạn hai thành viên trở lên,"Tòa Nhà TPP, 141 Nguyễn Đình Chiểu, Phường Võ Thị Sáu, Quận 3, Thành phố Hồ Chí Minh, Việt Nam",Quận 3,"4321: Lắp đặt hệ thống điện-(không gia công cơ khí, tái chế phế thải, xi mạ điện tại trụ sở);4329: Lắp đặt hệ thống xây dựng khác-(không gia công cơ khí, tái chế phế thải, xi mạ điện tại trụ sở);4651:",internet
315831777,CÔNG TY TNHH UNLIMITED DESIGN AND TECHNOLOGY,CÔNG TY TNHH UNLIMITED DESIGN ,Công ty trách nhiệm hữu hạn hai thành viên trở lên,"242/21/12 Nguyễn Thiện Thuật, Phường 03, Quận 3, Thành phố Hồ Chí Minh, Việt Nam",Quận 3,"5820: Xuất bản phần mềm-Chi tiết: Sản xuất, gia công phần mềm.;6201: Lập trình máy vi tính-;6202: Tư vấn máy vi tính và quản trị hệ thống máy vi tính-;6209: Hoạt động dịch vụ công nghệ thông tin và dị",technology
315820158,CÔNG TY CỔ PHẦN CÔNG NGHIỆP ĐỒNG THỊNH VƯỢNG,CÔNG TY CỔ PHẦN CÔNG NGHIỆP ĐỒ,Công ty cổ phần,"382/17-19 Nguyễn Thị Minh Khai, Phường 05, Quận 3, Thành phố Hồ Chí Minh, Việt Nam",Quận 3,"4663: Bán buôn vật liệu, thiết bị lắp đặt khác trong xây dựng-Chi tiết: Bán buôn tre, nứa, gỗ cây và gỗ chế biến; Bán buôn xi măng; Bán buôn gạch xây, ngói, đá, cát, sỏi; Bán buôn kính xây dựng; Bán b",internet
315854291,CÔNG TY TNHH THƯƠNG MẠI DỊCH VỤ QUỐC TẾ OLALACO,CÔNG TY TNHH THƯƠNG MẠI DỊCH V,Công ty trách nhiệm hữu hạn một thành viên,"194D Pasteur, Phường 06, Quận 3, Thành phố Hồ Chí Minh, Việt Nam",Quận 3,"9631: Cắt tóc, làm đầu, gội đầu-Chi tiết: Cắt tóc, gội đầu, uốn, sấy, nhuộm tóc, duỗi thẳng, ép tóc và các dịch vụ làm tóc khác phục vụ cho cả nam và nữ; Cắt, tỉa và cạo râu; Làm móng chân, móng tay, ",internet
315826054,CÔNG TY TNHH MINT LEAVES,CÔNG TY TNHH MINT LEAVES,Công ty trách nhiệm hữu hạn một thành viên,"Tầng trệt, Tòa nhà SCID, 253 Điện Biên Phủ, Phường 07, Quận 3, Thành phố Hồ Chí Minh, Việt Nam",Quận 3,"8211: Dịch vụ hành chính văn phòng tổng hợp-Chi tiết : Dịch vụ dịch thuật tài liệu,văn bản;6312: Cổng thông tin-Chi tiết: Thiết lập trang thông tin điện tử tổng hợp;1811: In ấn-(trừ in tráng ba",internet
315827393,CÔNG TY TNHH HONAKO,CÔNG TY TNHH HONAKO,Công ty trách nhiệm hữu hạn một thành viên,"Tầng 14, Tòa nhà HM Town, 412 Nguyễn Thị Minh Khai, Phường 05, Quận 3, Thành phố Hồ Chí Minh, Việt Nam",Quận 3,"4632: Bán buôn thực phẩm-(không hoạt động tại trụ sở);4649: Bán buôn đồ dùng khác cho gia đình-(trừ dược phẩm)
Chi tiết: Bán buôn dụng cụ y tế; Bán buôn sản phẩm nha khoa; Bán buôn nước hoa, hàng mỹ p",internet
315822003,CÔNG TY TNHH ĐẦU TƯ VÀ PHÁT TRIỂN ALPHA & OMEGA,CÔNG TY TNHH ĐẦU TƯ VÀ PHÁT TR,Công ty trách nhiệm hữu hạn hai thành viên trở lên,"51/87 Cao Thắng, Phường 03, Quận 3, Thành phố Hồ Chí Minh, Việt Nam",Quận 3,"0161: Hoạt động dịch vụ trồng trọt-;0163: Hoạt động dịch vụ sau thu hoạch-;1030: Chế biến và bảo quản rau quả-;4620: Bán buôn nông, lâm sản nguyên liệu (trừ gỗ, tre, nứa) và động vật sống-(không hoạt ",internet
315823529,CÔNG TY TNHH CHẾ BIẾN SẢN XUẤT THƯƠNG MẠI DỊCH VỤ LỘC SƠN 91,CÔNG TY TNHH CHẾ BIẾN SẢN XUẤT,Công ty trách nhiệm hữu hạn một thành viên,"114 Trần Quốc Toản, Phường 07, Quận 3, Thành phố Hồ Chí Minh, Việt Nam",Quận 3,"5911: Hoạt động sản xuất phim điện ảnh, phim video và chương trình truyền hình-Chi tiết: Hoạt động sản xuất chương trình truyền hình (trừ sản xuất phim, phát sóng và không thực hiện các hiệu ứng cháy,",internet
315825815,CÔNG TY CỔ PHẦN TRUYỀN THÔNG E-SOLUTION,CÔNG TY CỔ PHẦN TRUYỀN THÔNG E,Công ty cổ phần,"253 Điện Biên Phủ, Phường 07, Quận 3, Thành phố Hồ Chí Minh, Việt Nam",Quận 3,4632: Bán buôn thực phẩm-(không hoạt động tại trụ sở);4722: Bán lẻ thực phẩm trong các cửa hàng chuyên doanh-(thực hiện theo quyết định 64/2009/qđ-ubnd ngày 31/7/2009 và quyết định 79/2009/qđ-ubnd ngà,internet
315794525,CÔNG TY TNHH DU LỊCH VIỆT SƠN HÀ,CÔNG TY TNHH DU LỊCH VIỆT SƠN ,Công ty trách nhiệm hữu hạn một thành viên,"Tầng 14, Tòa nhà HM Town, 412 Nguyễn Thị Minh Khai, Phường 05, Quận 3, Thành phố Hồ Chí Minh, Việt Nam",Quận 3,"6311: Xử lý dữ liệu, cho thuê và các hoạt động liên quan-;6312: Cổng thông tin-;6399: Dịch vụ thông tin khác chưa được phân vào đâu-Chi tiết: Các dịch vụ thông tin qua điện thoại; Các dịch vụ tìm kiếm",internet
315827001,CÔNG TY TNHH YAMAMOTO VIỆT NAM,CÔNG TY TNHH YAMAMOTO VIỆT NAM,Công ty trách nhiệm hữu hạn hai thành viên trở lên,"Tầng 14, Tòa Nhà HM Town, 412 Nguyễn Thị Minh Khai, Phường 05, Quận 3, Thành phố Hồ Chí Minh, Việt Nam",Quận 3,"2011: Sản xuất hoá chất cơ bản-Chi tiết: Sản xuất hóa chất vô cơ cơ bản khác, Sản xuất hoá chất hữu cơ cơ bản khác, Sản xuất hóa chất cơ bản khác (không hoạt động tại trụ sở);2023: Sản xuất mỹ phẩm, x",internet
315830068,CÔNG TY CỔ PHẦN ONE WORLD PEACE,CÔNG TY CỔ PHẦN ONE WORLD PEAC,Công ty cổ phần,"Tầng 14, Tòa nhà HM Town, 412 Nguyễn Thị Minh Khai, Phường 05, Quận 3, Thành phố Hồ Chí Minh, Việt Nam",Quận 3,0117: Trồng cây có hạt chứa dầu-(không hoạt động tại trụ sở);0119: Trồng cây hàng năm khác-(không hoạt động tại trụ sở);0122: Trồng cây lấy quả chứa dầu-(không hoạt động tại trụ sở);0123: Trồng cây đi,internet
315832932,CÔNG TY TNHH FAMBOO VIỆT NAM,CÔNG TY TNHH FAMBOO VIỆT NAM,Công ty trách nhiệm hữu hạn hai thành viên trở lên,"Tầng 14, Tòa nhà HM Town, 412 Nguyễn Thị Minh Khai, Phường 05, Quận 3, Thành phố Hồ Chí Minh, Việt Nam",Quận 3,"4651: Bán buôn máy vi tính, thiết bị ngoại vi và phần mềm-; 4652: Bán buôn thiết bị và linh kiện điện tử, viễn thông-; 4659: Bán buôn máy móc, thiết bị và phụ tùng máy khác-; 5820: Xuất bản phần mềm-C",internet
315843839,CÔNG TY TNHH KAY GROUP,CÔNG TY TNHH KAY GROUP,Công ty trách nhiệm hữu hạn hai thành viên trở lên,"254B Nguyễn Đình Chiểu, Phường Võ Thị Sáu, Quận 3, Thành phố Hồ Chí Minh, Việt Nam",Quận 3,"9631: Cắt tóc, làm đầu, gội đầu-Chi tiết: Dịch vụ cắt tóc, làm đầu, gội đầu; chăm sóc da mặt (trừ các hoạt động gây chảy máu);4649: Bán buôn đồ dùng khác cho gia đình-Chi tiết: Bán buôn nước hoa, hàng",internet
315862662,CÔNG TY TNHH KOSMO CHIC,CÔNG TY TNHH KOSMO CHIC,Công ty trách nhiệm hữu hạn một thành viên,"555 Nguyễn Đình Chiểu, Phường 02, Quận 3, Thành phố Hồ Chí Minh, Việt Nam",Quận 3,"4641: Bán buôn vải, hàng may mặc, giày dép-;5229: Hoạt động dịch vụ hỗ trợ khác liên quan đến vận tải-Chi tiết: Hoạt động của đại lý làm thủ tục hải quan; Hoạt động của các đại lý vận tải hàng hóa đườ",internet
315804614,CÔNG TY TNHH DỊCH VỤ BAM,CÔNG TY TNHH DỊCH VỤ BAM,Công ty trách nhiệm hữu hạn một thành viên,"Tầng 14, Tòa nhà HM Town, 412 Nguyễn Thị Minh Khai, Phường 05, Quận 3, Thành phố Hồ Chí Minh, Việt Nam",Quận 3,"5229: Hoạt động dịch vụ hỗ trợ khác liên quan đến vận tải-(trừ hóa lỏng khí để vận chuyển; trừ vận chuyển hàng không).
Chi tiết: Dịch vụ đại lý, giao nhận vận chuyển; Logistics, Hoạt động của các đại ",internet
315839342,CÔNG TY TNHH DD ĐẠI ĐÔNG ATMS,CÔNG TY TNHH DD ĐẠI ĐÔNG ATMS,Công ty trách nhiệm hữu hạn một thành viên,"Tầng 1, 53-55 BÀ HUYỆN THANH QUAN, Phường 06, Quận 3, Thành phố Hồ Chí Minh, Việt Nam",Quận 3,"4651: Bán buôn máy vi tính, thiết bị ngoại vi và phần mềm-Chi tiết: Bán buôn phần mềm, máy vi tính.;4652: Bán buôn thiết bị và linh kiện điện tử, viễn thông-;4741: Bán lẻ máy vi tính, thiết bị ngoại v",internet
315809771,"CÔNG TY CỔ PHẦN TƯ VẤN, THƯƠNG MẠI UNIQUE",CÔNG TY CỔ PHẦN TƯ VẤN THƯƠNG ,Công ty cổ phần,"222 Điện Biên Phủ, Phường 07, Quận 3, Thành phố Hồ Chí Minh, Việt Nam",Quận 3,"5629: Dịch vụ ăn uống khác-;5630: Dịch vụ phục vụ đồ uống-(trừ hoạt động quán bar và quán giải khát có khiêu vũ).;4620: Bán buôn nông, lâm sản nguyên liệu (trừ gỗ, tre, nứa) và động vật sống-(không ho",internet
315852255,CÔNG TY TNHH 1909 STUDIO,CÔNG TY TNHH 1909 STUDIO,Công ty trách nhiệm hữu hạn một thành viên,"Tầng 14, Tòa nhà HM Town, 412 Nguyễn Thị Minh Khai, Phường 05, Quận 3, Thành phố Hồ Chí Minh, Việt Nam",Quận 3,7410: Hoạt động thiết kế chuyên dụng-Chi tiết: Hoạt động trang trí nội thất;4101: Xây dựng nhà để ở-;4102: Xây dựng nhà không để ở-;4299: Xây dựng công trình kỹ thuật dân dụng khác-;4321: Lắp đặt hệ t,internet
315850233,CÔNG TY TNHH VIỄN THÔNG HAPPY LIFE,CÔNG TY TNHH VIỄN THÔNG HAPPY ,Công ty trách nhiệm hữu hạn một thành viên,"Tầng 14, Tòa nhà HM Town, 412 Nguyễn Thị Minh Khai, Phường 05, Quận 3, Thành phố Hồ Chí Minh, Việt Nam",Quận 3,"3311: Sửa chữa các sản phẩm kim loại đúc sẵn-(trừ gia công cơ khí, tái chế phế thải, xi mạ điện tại trụ sở);3312: Sửa chữa máy móc, thiết bị-(trừ gia công cơ khí, tái chế phế thải, xi mạ điện tại trụ ",internet
315851371,CÔNG TY TNHH MTV CÔNG NGHỆ CÁT TƯỜNG,CÔNG TY TNHH MTV CÔNG NGHỆ CÁT,Công ty trách nhiệm hữu hạn một thành viên,"103/18A Trần Quang Diệu, Phường 14, Quận 3, Thành phố Hồ Chí Minh, Việt Nam",Quận 3,"4669: Bán buôn chuyên doanh khác chưa được phân vào đâu-Chi tiết: Bán buôn phế liệu, phế thải kim loại, phi kim loại.Bán buôn chất dẻo dạng nguyên sinh. Bán buôn hóa chất khác. Bán buôn bình chữa cháy",internet
315857398,CÔNG TY CỔ PHẦN ĐẶNG XUÂN,CÔNG TY CỔ PHẦN ĐẶNG XUÂN,Công ty cổ phần,"315/9 Lê Văn Sỹ, Phường 13, Quận 3, Thành phố Hồ Chí Minh, Việt Nam",Quận 3,"4791: Bán lẻ theo yêu cầu đặt hàng qua bưu điện hoặc internet-(trừ bán lẻ bình gas, khí dầu mỏ hóa lỏng LPG, dầu nhớt cặn, vàng miếng, súng, đạn loại dùng đi săn hoặc thể thao và tiền kim khí; trừ bán",internet
315863112,CÔNG TY CỔ PHẦN DỊCH VỤ GIẢI TRÍ LAVA,CÔNG TY CỔ PHẦN DỊCH VỤ GIẢI T,Công ty cổ phần,"62A Phạm Ngọc Thạch , Phường 06, Quận 3, Thành phố Hồ Chí Minh, Việt Nam",Quận 3,9329: Hoạt động vui chơi giải trí khác chưa được phân vào đâu-Chi tiết: Kinh doanh trò chơi điện tử (trừ kinh doanh trò chơi điện tử có thưởng dành cho người nước ngoài và kinh doanh trò chơi điện tử ,internet
315890211,CÔNG TY TNHH ĐÀO TẠO DOANH NHÂN HAPPY RICH,CÔNG TY TNHH ĐÀO TẠO DOANH NHÂ,Công ty trách nhiệm hữu hạn một thành viên,"Tầng 14, Tòa nhà HM Town, 412 Nguyễn Thị Minh Khai, Phường 05, Quận 3, Thành phố Hồ Chí Minh, Việt Nam",Quận 3,8559: Giáo dục khác chưa được phân vào đâu-Chi tiết: Đào tạo kỹ năng mềm; Đào tạo về sự sống; Đào tạo kỹ năng nói trước công chúng; Đào tạo doanh nhân.;8560: Dịch vụ hỗ trợ giáo dục-Chi tiết: Tư vấn g,internet
315890557,CÔNG TY CỔ PHẦN ĐẦU TƯ VÀ THƯƠNG MẠI DỊCH VỤ HẢI HƯNG,CÔNG TY CỔ PHẦN ĐẦU TƯ VÀ THƯƠ,Công ty cổ phần,"252 đường Nguyễn Đình Chiểu, Phường Võ Thị Sáu, Quận 3, Thành phố Hồ Chí Minh, Việt Nam",Quận 3,"0150: Trồng trọt, chăn nuôi hỗn hợp-(Không hoạt động tại trụ sở);4791: Bán lẻ theo yêu cầu đặt hàng qua bưu điện hoặc internet-Bán lẻ mỹ phẩm, thực phẩm chức năng, hàng tiêu dùng mẹ và bé qua bưu điện",internet
315856041,CÔNG TY CỔ PHẦN  DƯỢC PHẨM CÔNG NGHỆ CAO VINSPO,CÔNG TY CỔ PHẦN  DƯỢC PHẨM CÔN,Công ty cổ phần,"Tầng 3, Tòa nhà An Phú Plaza, 117-119 Lý Chính Thắng, Phường Võ Thị Sáu, Quận 3, Thành phố Hồ Chí Minh, Việt Nam",Quận 3,"1079: Sản xuất thực phẩm khác chưa được phân vào đâu-Chi tiết: Sản xuất thực phẩm chức năng (không hoạt động tại trụ sở);2023: Sản xuất mỹ phẩm, xà phòng, chất tẩy rửa, làm bóng và chế phẩm vệ sinh-(k",internet
315892561,CÔNG TY TNHH THƯƠNG MẠI ĐẦU TƯ DỊCH VỤ PHÁT TRIỂN OHLALA,CÔNG TY TNHH THƯƠNG MẠI ĐẦU TƯ,Công ty trách nhiệm hữu hạn một thành viên,"Tầng 3, 382/17-19 Nguyễn Thị Minh Khai, Phường 05, Quận 3, Thành phố Hồ Chí Minh, Việt Nam",Quận 3,"4741: Bán lẻ máy vi tính, thiết bị ngoại vi, phần mềm và thiết bị viễn thông trong các cửa hàng chuyên doanh-;4742: Bán lẻ thiết bị nghe nhìn trong các cửa hàng chuyên doanh-;4791: Bán lẻ theo yêu cầu",internet
315880728,CÔNG TY TNHH PHI HOÀNG PRO,CÔNG TY TNHH PHI HOÀNG PRO,Công ty trách nhiệm hữu hạn một thành viên,"số 205 Đường Trần Văn Đang, Phường 11, Quận 3, Thành phố Hồ Chí Minh, Việt Nam",Quận 3,"7410: Hoạt động thiết kế chuyên dụng-;6201: Lập trình máy vi tính-;5820: Xuất bản phần mềm-Chi tiết: Sản xuất phần mềm.;6202: Tư vấn máy vi tính và quản trị hệ thống máy vi tính-;6311: Xử lý dữ liệu, ",internet
315871480,CÔNG TY TNHH MỸ PHẨM MFM,CÔNG TY TNHH MỸ PHẨM MFM,Công ty trách nhiệm hữu hạn hai thành viên trở lên,"Số 66 Lý Chính Thắng, Phường Võ Thị Sáu, Quận 3, Thành phố Hồ Chí Minh, Việt Nam",Quận 3,"2220: Sản xuất sản phẩm từ plastic-Chi tiết: Sản xuất đồ nhựa dùng để gói hàng như: Túi, bao tải, hộp, thùng, hòm, bình lớn, chai lọ bằng nhựa.
(Không hoạt động tại trụ sở); 4772: Bán lẻ thuốc, dụng c",internet
315895499,CÔNG TY CỔ PHẦN ĐẦU TƯ ERAS ĐÀ LẠT,CÔNG TY CỔ PHẦN ĐẦU TƯ ERAS ĐÀ,Công ty cổ phần,"Tầng 4 Tòa nhà số 80-82 Phạm Ngọc Thạch, Phường Võ Thị Sáu, Quận 3, Thành phố Hồ Chí Minh, Việt Nam",Quận 3,"9529: Sửa chữa xe đạp, đồng hồ, đồ dùng cá nhân và gia đình khác chưa được phân vào đâu-; 9610: Dịch vụ tắm hơi, massage và các dịch vụ tăng cường sức khoẻ tương tự (trừ hoạt động thể thao)-(trừ hoạt ",internet
315872501,CÔNG TY CỔ PHẦN TCELL,CÔNG TY CỔ PHẦN TCELL,Công ty cổ phần,"Tầng 3, Tòa nhà An Phú Plaza, 117-119 Lý Chính Thắng, Phường Võ Thị Sáu, Quận 3, Thành phố Hồ Chí Minh, Việt Nam",Quận 3,"4669: Bán buôn chuyên doanh khác chưa được phân vào đâu-(trừ bán buôn bình gas, hóa chất, khí dầu mỏ hóa lỏng LPG, dầu nhớt cặn, vàng miếng, súng, đạn loại dùng đi săn hoặc thể thao và tiền kim khí; T",internet
315889022,CÔNG TY CỔ PHẦN TECHHUNT,CÔNG TY CỔ PHẦN TECHHUNT,Công ty cổ phần,"số 386/21B Đường Lê Văn Sỹ, Phường 14, Quận 3, Thành phố Hồ Chí Minh, Việt Nam",Quận 3,"5820: Xuất bản phần mềm-Chi tiết: Cung cấp các phần mềm ứng dụng. Sản xuất phần mềm. Dịch vụ phần mềm;6201: Lập trình máy vi tính-Chi tiết: Dịch vụ tư vấn phần mềm và tư vấn hệ thống máy tính, dịch vụ",internet
315915191,CÔNG TY TNHH DAB TECHNOLOGY VIỆT NAM,CÔNG TY TNHH DAB TECHNOLOGY VI,Công ty trách nhiệm hữu hạn hai thành viên trở lên,"Tầng 8, Tòa nhà Loyal, 151 đường Võ Thị Sáu, Phường 06, Quận 3, Thành phố Hồ Chí Minh, Việt Nam",Quận 3,"4799: Bán lẻ hình thức khác chưa được phân vào đâu-Chi tiết: Thực hiện quyền phân phối bán lẻ các hàng hóa không thuộc danh mục hàng hóa cấm xuất khẩu, cấm nhập khẩu và danh mục hàng hóa không được ph",technology
315857609,CÔNG TY CỔ PHẦN OURANIA,CÔNG TY CỔ PHẦN OURANIA,Công ty cổ phần,"440 Nguyễn Đình Chiểu, Phường 04, Quận 3, Thành phố Hồ Chí Minh, Việt Nam",Quận 3,"6312: Cổng thông tin-;8230: Tổ chức giới thiệu và xúc tiến thương mại-(không thực hiện các hiệu ứng cháy, nổ, không sử dụng chất nổ, chất cháy, hóa chất làm đạo cụ, dụng cụ thực hiện các chương trình ",internet
315914631,CÔNG TY TNHH PHÁT TRIỂN ĐỊA ỐC KVLAND,CÔNG TY TNHH PHÁT TRIỂN ĐỊA ỐC,Công ty trách nhiệm hữu hạn hai thành viên trở lên,"Tầng 14, Tòa nhà HM Town, 412 Nguyễn Thị Minh Khai, Phường 05, Quận 3, Thành phố Hồ Chí Minh, Việt Nam",Quận 3,"4791: Bán lẻ theo yêu cầu đặt hàng qua bưu điện hoặc internet-(Trừ bán lẻ khí dầu mỏ hóa lỏng LPG, bình gas, hóa chất, súng, đạn loại dùng đi săn hoặc thể thao và tiền kim khí và thực hiện theo quyết ",internet
315900420,CÔNG TY TNHH KOSTA VIỆT NAM,CÔNG TY TNHH KOSTA VIỆT NAM,Công ty trách nhiệm hữu hạn hai thành viên trở lên,"38A Nguyễn Thị Diệu, Phường 06, Quận 3, Thành phố Hồ Chí Minh, Việt Nam",Quận 3,"4649: Bán buôn đồ dùng khác cho gia đình-Chi tiết: Bán buôn, xuất nhập khẩu: mỹ phẩm, đồ dùng trẻ em, đồ chơi trẻ em, đồ thể thao, đồ trang sức, thiết bị gia dụng, thiết bị điện gia dụng (CPC: 622); 4",internet
315896710,CÔNG TY CỔ PHẦN ECO GREENTECH SOLUTIONS,CÔNG TY CỔ PHẦN ECO GREENTECH ,Công ty cổ phần,"Tầng 5, Tòa nhà SongDo, 62A Phạm Ngọc Thạch, Phường Võ Thị Sáu, Quận 3, Thành phố Hồ Chí Minh, Việt Nam",Quận 3,"7020: Hoạt động tư vấn quản lý-Chi tiết: Hoạt động, tư vấn quản lý. (trừ tư vấn tài chính, kế toán, pháp lý) (CPC 865);4659: Bán buôn máy móc, thiết bị và phụ tùng máy khác-Chi tiết: Bán buôn máy móc ",internet
315906479,CÔNG TY TNHH DỊCH VỤ XUẤT NHẬP KHẨU KIM NHẬT PHÁT,CÔNG TY TNHH DỊCH VỤ XUẤT NHẬP,Công ty trách nhiệm hữu hạn một thành viên,"109 Nguyễn Đình Chiểu, Phường Võ Thị Sáu, Quận 3, Thành phố Hồ Chí Minh, Việt Nam",Quận 3,"2620: Sản xuất máy vi tính và thiết bị ngoại vi của máy vi tính-(không hoạt động tại trụ sở); 1040: Sản xuất dầu, mỡ động, thực vật-(không hoạt động tại trụ sở); 1520: Sản xuất giày, dép-Chi tiết: Sản",internet
315909705,CÔNG TY TNHH ZONESGROUP,CÔNG TY TNHH ZONESGROUP,Công ty trách nhiệm hữu hạn một thành viên,"Tầng 5, Tòa nhà SongDo, 62A Phạm Ngọc Thạch, Phường 06, Quận 3, Thành phố Hồ Chí Minh, Việt Nam",Quận 3,"4632: Bán buôn thực phẩm-Chi tiết: 
- Bán buôn rau, quả (không hoạt động tại trụ sở)
- Bán buôn yến tươi, yến khô, yến sào, yến chưng sẵn và các sản phẩm làm từ yến;4633: Bán buô",internet
315932750,CÔNG TY TNHH GLOCAL CONSULTING,CÔNG TY TNHH GLOCAL CONSULTING,Công ty trách nhiệm hữu hạn hai thành viên trở lên,"Tầng 8, 520 Cách Mạng Tháng Tám, Phường 11, Quận 3, Thành phố Hồ Chí Minh, Việt Nam",Quận 3,"4791: Bán lẻ theo yêu cầu đặt hàng qua bưu điện hoặc internet-(trừ bán lẻ bình gas, khí dầu mỏ hóa lỏng LPG, dầu nhớt cặn, vàng miếng, súng, đạn loại dùng đi săn hoặc thể thao và tiền kim khí và thực ",internet
315869467,CÔNG TY CỔ PHẦN XÚC TIẾN THƯƠNG MẠI - DU LỊCH KẾT NỐI THÀNH CÔNG,CÔNG TY CỔ PHẦN XÚC TIẾN THƯƠN,Công ty cổ phần,"326 Cách Mạng Tháng Tám, Phường 10, Quận 3, Thành phố Hồ Chí Minh, Việt Nam",Quận 3,"5913: Hoạt động phát hành phim điện ảnh, phim video và chương trình truyền hình-Chi tiết: Hoạt động phát hành phim điện ảnh, phim video 
(không thực hiện các hiệu ứng cháy, nổ; không sử dụng chất nổ, ",internet
315907169,CÔNG TY TNHH LIÊN KÊT VẬN CHUYỂN TOÀN CẦU,CÔNG TY TNHH LIÊN KÊT VẬN CHUY,Công ty trách nhiệm hữu hạn một thành viên,"Tầng 5, Tòa nhà Songdo, 62A Phạm Ngọc Thạch, Phường 06, Quận 3, Thành phố Hồ Chí Minh, Việt Nam",Quận 3,5229: Hoạt động dịch vụ hỗ trợ khác liên quan đến vận tải-Chi tiết: Giao nhận hàng hóa; Hoạt động của các đại lý làm thủ tục hải quan; Dịch vụ đại lý tàu biển; Dịch vụ đại lý vận tải đường biển; Hoạt ,internet
315939844,CÔNG TY TNHH SẢN XUẤT THƯƠNG MẠI DỊCH VỤ BITI,CÔNG TY TNHH SẢN XUẤT THƯƠNG M,Công ty trách nhiệm hữu hạn một thành viên,"Tầng 14, Tòa nhà HM Town, 412 Nguyễn Thị Minh Khai, Phường 05, Quận 3, Thành phố Hồ Chí Minh, Việt Nam",Quận 3,2592: Gia công cơ khí; xử lý và tráng phủ kim loại-(không hoạt động tại trụ sở);2610: Sản xuất linh kiện điện tử-;2620: Sản xuất máy vi tính và thiết bị ngoại vi của máy vi tính-;2630: Sản xuất thiết ,internet
315933049,CÔNG TY TNHH DIGITAL EXPERT SOLUTIONS,CÔNG TY TNHH DIGITAL EXPERT SO,Công ty trách nhiệm hữu hạn một thành viên,"Tầng 5, Số 10, Đường số 1, Cư Xá Đô Thành, Phường 04, Quận 3, Thành phố Hồ Chí Minh, Việt Nam",Quận 3,7211: Nghiên cứu khoa học và phát triển công nghệ trong lĩnh vực khoa học tự nhiên-chi tiết: các dịch vụ nghiên cứu và phát triển thử nghiệm về tư vấn kỹ thuật và công nghệ (CPC 851);7320: Nghiên cứu ,internet
315939869,CÔNG TY TNHH KINH DOANH DỊCH VỤ THANH THỦY,CÔNG TY TNHH KINH DOANH DỊCH V,Công ty trách nhiệm hữu hạn hai thành viên trở lên,"12 Trần Quốc Toản, Phường 08, Quận 3, Thành phố Hồ Chí Minh, Việt Nam",Quận 3,"4690: Bán buôn tổng hợp-(không tồn trữ hóa chất; trừ bán buôn phế liệu, phế thải kim loại, phi kim loại, khí dầu mỏ hóa lỏng LPG và thực hiện theo Quyết định 64/2009/QĐ-UBND ngày 31/7/2009 của Ủy ban ",internet
315907585,CÔNG TY TNHH MACAW WORK LAB,CÔNG TY TNHH MACAW WORK LAB,Công ty trách nhiệm hữu hạn một thành viên,"506 Nguyễn Đình Chiểu, Phường 04, Quận 3, Thành phố Hồ Chí Minh, Việt Nam",Quận 3,"4659: Bán buôn máy móc, thiết bị và phụ tùng máy khác-Chi tiết: Bán buôn linh kiện điện thoại và máy vi tính;6110: Hoạt động viễn thông có dây-;6120: Hoạt động viễn thông không dây-;7730: Cho thuê máy",internet
315935857,CÔNG TY TNHH THƯƠNG MẠI DỊCH VỤ HÀ XUÂN,CÔNG TY TNHH THƯƠNG MẠI DỊCH V,Công ty trách nhiệm hữu hạn một thành viên,"221/10 Lê Văn Sỹ, Phường 13, Quận 3, Thành phố Hồ Chí Minh, Việt Nam",Quận 3,"4651: Bán buôn máy vi tính, thiết bị ngoại vi và phần mềm-Chi tiết: Bán buôn máy vi tính, thiết bị ngoại vi và phần mềm;6201: Lập trình máy vi tính-;6202: Tư vấn máy vi tính và quản trị hệ thống máy v",internet
315932937,CÔNG TY TNHH GIẢI PHÁP NHÂN SỰ GLOBAL DOOR,CÔNG TY TNHH GIẢI PHÁP NHÂN SỰ,Công ty trách nhiệm hữu hạn một thành viên,"Tầng 14, Tòa nhà HM Town, 412 Nguyễn Thị Minh Khai, Phường 05, Quận 3, Thành phố Hồ Chí Minh, Việt Nam",Quận 3,"6209: Hoạt động dịch vụ công nghệ thông tin và dịch vụ khác liên quan đến máy vi tính-chi tiết: Cung cấp các dịch vụ thiết kế đồ họa, thiết kế và lập trình các trang web và các CD-Roms (Công ty không ",internet
315931059,CÔNG TY TNHH VIỄN THÔNG THÁI THƯ,CÔNG TY TNHH VIỄN THÔNG THÁI T,Công ty trách nhiệm hữu hạn một thành viên,"205 Trần Văn Đang, Phường 11, Quận 3, Thành phố Hồ Chí Minh, Việt Nam",Quận 3,"4651: Bán buôn máy vi tính, thiết bị ngoại vi và phần mềm-;4652: Bán buôn thiết bị và linh kiện điện tử, viễn thông-;4659: Bán buôn máy móc, thiết bị và phụ tùng máy khác-Chi tiết: Bán buôn máy móc, t",internet
315946908,CÔNG TY TNHH THƯƠNG MẠI VÀ ĐẦU TƯ MERCURY,CÔNG TY TNHH THƯƠNG MẠI VÀ ĐẦU,Công ty trách nhiệm hữu hạn một thành viên,"491/18 Lê Văn Sỹ, Phường 12, Quận 3, Thành phố Hồ Chí Minh, Việt Nam",Quận 3,"1610: Cưa, xẻ, bào gỗ và bảo quản gỗ-;1621: Sản xuất gỗ dán, gỗ lạng, ván ép và ván mỏng khác-;1622: Sản xuất đồ gỗ xây dựng-;1623: Sản xuất bao bì bằng gỗ-;1629: Sản xuất sản phẩm khác từ gỗ; sản xuấ",internet
315921501,CÔNG TY TNHH TRUYỀN THÔNG VÀ SỰ KIỆN SALATA,CÔNG TY TNHH TRUYỀN THÔNG VÀ S,Công ty trách nhiệm hữu hạn hai thành viên trở lên,"81 Trần Quốc Thảo, Phường 07, Quận 3, Thành phố Hồ Chí Minh, Việt Nam",Quận 3,"1811: In ấn-(trừ in, tráng bao bì kim loại và in trên các sản phẩm vải, sợi, dệt, may, đan tại trụ sở);1812: Dịch vụ liên quan đến in-;4322: Lắp đặt hệ thống cấp, thoát nước, hệ thống sưởi và điều hoà",internet
315929500,CÔNG TY CỔ PHẦN KỸ THUẬT CÔNG NGHỆ RIHITECH,CÔNG TY CỔ PHẦN KỸ THUẬT CÔNG ,Công ty cổ phần,"Tầng 1, 53-55 Bà Huyện Thanh Quan, Phường Võ Thị Sáu, Quận 3, Thành phố Hồ Chí Minh, Việt Nam",Quận 3,"2395: Sản xuất bê tông và các sản phẩm từ bê tông, xi măng và thạch cao-(Không hoạt động tại Thành Phố Hồ Chí Minh);2592: Gia công cơ khí; xử lý và tráng phủ kim loại-Chi tiết: Gia công cơ khí;3312: S",internet
315883895,CÔNG TY TNHH B2C SOLUTION,CÔNG TY TNHH B2C SOLUTION,Công ty trách nhiệm hữu hạn một thành viên,"Số 141 Nguyễn Đình Chiểu, Phường 06, Quận 3, Thành phố Hồ Chí Minh, Việt Nam",Quận 3,"7020: Hoạt động tư vấn quản lý-(trừ tư vấn tài chính, kế toán, pháp luật);7110: Hoạt động kiến trúc và tư vấn kỹ thuật có liên quan-;7120: Kiểm tra và phân tích kỹ thuật-;7310: Quảng cáo-Chi tiết:
Việ",internet
315931556,CÔNG TY TNHH THƯƠNG MẠI DỊCH VỤ HÒA PHÚ,CÔNG TY TNHH THƯƠNG MẠI DỊCH V,Công ty trách nhiệm hữu hạn một thành viên,"58 Trần Quốc Thảo, Phường 07, Quận 3, Thành phố Hồ Chí Minh, Việt Nam",Quận 3,"5229: Hoạt động dịch vụ hỗ trợ khác liên quan đến vận tải-chi tiết: Hoạt động của đại lý làm thủ tục hải quan; Giao nhận hàng hóa; Hoạt động của các đại lý bán vé máy bay, vé tàu, vé xe (trừ hóa lỏng ",internet
315922858,CÔNG TY TNHH TIN HỌC AZZ,CÔNG TY TNHH TIN HỌC AZZ,Công ty trách nhiệm hữu hạn hai thành viên trở lên,"Tầng 14, Tòa nhà HM Town, 412 Nguyễn Thị Minh Khai, Phường 05, Quận 3, Thành phố Hồ Chí Minh, Việt Nam",Quận 3,1812: Dịch vụ liên quan đến in-(không hoạt động tại trụ sở);1820: Sao chép bản ghi các loại-(không hoạt động tại trụ sở);2610: Sản xuất linh kiện điện tử-;2620: Sản xuất máy vi tính và thiết bị ngoại ,internet
315940060,CÔNG TY TNHH JSB SOLUTION,CÔNG TY TNHH JSB SOLUTION,Công ty trách nhiệm hữu hạn hai thành viên trở lên,"Tầng 14, Tòa Nhà HM Town, 412 Nguyễn Thị Minh Khai, Phường 05, Quận 3, Thành phố Hồ Chí Minh, Việt Nam",Quận 3,"5820: Xuất bản phần mềm-Chi tiết: Sản xuất phần mềm;4651: Bán buôn máy vi tính, thiết bị ngoại vi và phần mềm-;4652: Bán buôn thiết bị và linh kiện điện tử, viễn thông-;4659: Bán buôn máy móc, thiết b",internet
315926098,CÔNG TY TNHH DƯỢC PHẨM GAIA,CÔNG TY TNHH DƯỢC PHẨM GAIA,Công ty trách nhiệm hữu hạn một thành viên,"Tầng 14, Tòa nhà HM Town, 412 Nguyễn Thị Minh Khai, Phường 05, Quận 3, Thành phố Hồ Chí Minh, Việt Nam",Quận 3,"4649: Bán buôn đồ dùng khác cho gia đình-Chi tiết: Bán buôn dược phẩm và dụng cụ y tế; Bán buôn thuốc, thiết bị y tế, dụng cụ nha khoa, chỉnh hình, mỹ phẩm và vật phẩm vệ sinh trong các cửa hàng chuyê",internet
315918523,CÔNG TY TNHH TRUYỀN THÔNG VÀ DỊCH VỤ QUẢNG CÁO POISENA,CÔNG TY TNHH TRUYỀN THÔNG VÀ D,Công ty trách nhiệm hữu hạn hai thành viên trở lên,"Tầng 14, Tòa nhà HM Town, 412 Nguyễn Thị Minh Khai, Phường 05, Quận 3, Thành phố Hồ Chí Minh, Việt Nam",Quận 3,"5911: Hoạt động sản xuất phim điện ảnh, phim video và chương trình truyền hình-Chi tiết: Hoạt động sản xuất chương trình truyền hình (trừ sản xuất phim; phát sóng và không thực hiện các hiệu ứng cháy ",internet
315969006,CÔNG TY TNHH MỸ PHẨM QUỐC TẾ NGỌC TÂM AN,CÔNG TY TNHH MỸ PHẨM QUỐC TẾ N,Công ty trách nhiệm hữu hạn một thành viên,"Tầng 5, Tòa nhà Songdo, 62A Phạm Ngọc Thạch, Phường 06, Quận 3, Thành phố Hồ Chí Minh, Việt Nam",Quận 3,"4649: Bán buôn đồ dùng khác cho gia đình-Chi tiết: Bán buôn, xuất nhập khẩu nước hoa, hàng mỹ phẩm và chế phẩm vệ sinh ( trừ dược phẩm);4772: Bán lẻ thuốc, dụng cụ y tế, mỹ phẩm và vật phẩm vệ sinh tr",internet
315940670,CÔNG TY TNHH INTERNET GIANT,CÔNG TY TNHH INTERNET GIANT,Công ty trách nhiệm hữu hạn một thành viên,"253 Điện Biên Phủ, Phường 07, Quận 3, Thành phố Hồ Chí Minh, Việt Nam",Quận 3,"4659: Bán buôn máy móc, thiết bị và phụ tùng máy khác-Chi tiết: Bán buôn bàn, ghế, tủ văn phòng; Bán buôn máy móc, thiết bị văn phòng, trừ máy vi tính và thiết bị ngoại vi;4651: Bán buôn máy vi tính, ",internet
315953038,CÔNG TY TNHH SẢN XUẤT VÀ KINH DOANH VIỆT LONG,CÔNG TY TNHH SẢN XUẤT VÀ KINH ,Công ty trách nhiệm hữu hạn một thành viên,"Số 11 Lê Ngô Cát, Phường 07, Quận 3, Thành phố Hồ Chí Minh, Việt Nam",Quận 3,"4649: Bán buôn đồ dùng khác cho gia đình-Chi tiết: Bán buôn xe đạp điện; pin xe đạp điện và pin lưu điện của hệ thống năng lượng, pin cho các ứng dụng khác; các phụ tùng, linh kiện, bộ phận thuộc xe đ",internet
315973115,CÔNG TY TNHH RADICAL VIỆT NAM,CÔNG TY TNHH RADICAL VIỆT NAM,Công ty trách nhiệm hữu hạn một thành viên,"355 Nguyễn Đình Chiểu, Phường 05, Quận 3, Thành phố Hồ Chí Minh, Việt Nam",Quận 3,1811: In ấn-;1812: Dịch vụ liên quan đến in-;1820: Sao chép bản ghi các loại-;2620: Sản xuất máy vi tính và thiết bị ngoại vi của máy vi tính-;2630: Sản xuất thiết bị truyền thông-;2651: Sản xuất thiế,internet
315956631,CÔNG TY TNHH ECO B&M,CÔNG TY TNHH ECO BM,Công ty trách nhiệm hữu hạn hai thành viên trở lên,"Số 9 Nguyễn Gia Thiều, Phường 06, Quận 3, Thành phố Hồ Chí Minh, Việt Nam",Quận 3,4932: Vận tải hành khách đường bộ khác-;4933: Vận tải hàng hóa bằng đường bộ-(trừ hóa lỏng khí để vận chuyển);4940: Vận tải đường ống-;5012: Vận tải hàng hóa ven biển và viễn dương-;5021: Vận tải hành,internet
315969398,CÔNG TY TNHH DỊCH VỤ KỸ THUẬT NĂNG LƯỢNG XANH,CÔNG TY TNHH DỊCH VỤ KỸ THUẬT ,Công ty trách nhiệm hữu hạn hai thành viên trở lên,"Tầng 14, Tòa nhà HM Town, 412 Nguyễn Thị Minh Khai, Phường 05, Quận 3, Thành phố Hồ Chí Minh, Việt Nam",Quận 3,"4101: Xây dựng nhà để ở-;4102: Xây dựng nhà không để ở-;4212: Xây dựng công trình đường bộ-;4221: Xây dựng công trình điện-;4222: Xây dựng công trình cấp, thoát nước-;4223: Xây dựng công trình viễn th",internet
315980578,CÔNG TY TNHH TADCOM,CÔNG TY TNHH TADCOM,Công ty trách nhiệm hữu hạn một thành viên,"453/77F5 Lê Văn Sỹ, Phường 12, Quận 3, Thành phố Hồ Chí Minh, Việt Nam",Quận 3,"4511: Bán buôn ô tô và xe có động cơ khác-;4520: Bảo dưỡng, sửa chữa ô tô và xe có động cơ khác-;4530: Bán phụ tùng và các bộ phận phụ trợ của ô tô và xe có động cơ khác-;4610: Đại lý, môi giới, đấu g",internet
315964544,CÔNG TY CỔ PHẦN CÔNG NGHỆ SỨC KHỎE AIHEALTH,CÔNG TY CỔ PHẦN CÔNG NGHỆ SỨC ,Công ty cổ phần,"63 Phạm Ngọc Thạch, Phường 06, Quận 3, Thành phố Hồ Chí Minh, Việt Nam",Quận 3,"7213: Nghiên cứu khoa học và phát triển công nghệ trong lĩnh vực khoa học y, dược-;2660: Sản xuất thiết bị bức xạ, thiết bị điện tử trong y học, điện liệu pháp-;3250: Sản xuất thiết bị, dụng cụ y tế, ",internet
315989563,CÔNG TY TNHH THƯƠNG MẠI DỊCH VỤ WORIOX,CÔNG TY TNHH THƯƠNG MẠI DỊCH V,Công ty trách nhiệm hữu hạn hai thành viên trở lên,"Lầu 7, MB Bank Tower, 157 Võ Thị Sáu, Phường 07, Quận 3, Thành phố Hồ Chí Minh, Việt Nam",Quận 3,"4633: Bán buôn đồ uống-Chi tiết: Bán buôn các loại đồ uống có cồn và không có cồn. Bán buôn rượu, bia.; 4641: Bán buôn vải, hàng may mặc, giày dép-Chi tiết: Bán buôn vải, hàng may mặc, giày dép. Bán b",internet
315977536,CÔNG TY TNHH TMDV XUẤT NHẬP KHẨU GIA NGUYỄN,CÔNG TY TNHH TMDV XUẤT NHẬP KH,Công ty trách nhiệm hữu hạn hai thành viên trở lên,"198 Nguyễn Thị Minh Khai, Phường Võ Thị Sáu, Quận 3, Thành phố Hồ Chí Minh, Việt Nam",Quận 3,"8230: Tổ chức giới thiệu và xúc tiến thương mại-Chi tiết: Tổ chức sự kiện (không thực hiện các hiệu ứng cháy, nổ; không sử dụng chất nổ, chất cháy, hóa chất làm đạo cụ, dụng cụ thực hiện các chương tr",internet
315971566,CÔNG TY TNHH E-FUTURE,CÔNG TY TNHH EFUTURE,Công ty trách nhiệm hữu hạn một thành viên,"Lầu 2, Tòa nhà Anh Đăng, số 215 Nam Kỳ Khởi Nghĩa, Phường Võ Thị Sáu, Quận 3, Thành phố Hồ Chí Minh, Việt Nam",Quận 3,"8560: Dịch vụ hỗ trợ giáo dục-Chi tiết:
+ Tư vấn giáo dục,
+ Dịch vụ đưa ra ý kiến hướng dẫn về giáo dục,
+ Dịch vụ đánh giá việc kiểm tra giáo dục,
+ Dịch vụ kiểm tra giáo dục,
+ Tổ chức các chương t",internet
315970971,CÔNG TY TNHH ĐẦU TƯ THƯƠNG MẠI DỊCH VỤ HUỲNH PHÚC TOÀN,CÔNG TY TNHH ĐẦU TƯ THƯƠNG MẠI,Công ty trách nhiệm hữu hạn một thành viên,"Tầng 3, Tòa Nhà An Phú Plaza, 117-119 Lý Chính Thắng, Phường Võ Thị Sáu, Quận 3, Thành phố Hồ Chí Minh, Việt Nam",Quận 3,"7110: Hoạt động kiến trúc và tư vấn kỹ thuật có liên quan-Chi tiết: Lập dự toán và tổng dự toán công trình; Tư vấn xây dựng (trừ thiết kế, giám sát, khảo sát công trình xây dựng); Thiết kế, quy hoạch ",internet
315992982,CÔNG TY TRÁCH NHIỆM HỮU HẠN JUCY VIỆT NAM,CÔNG TY TRÁCH NHIỆM HỮU HẠN JU,Công ty trách nhiệm hữu hạn hai thành viên trở lên,"Số 38A, đường Nguyễn Thị Diệu, Phường 06, Quận 3, Thành phố Hồ Chí Minh, Việt Nam",Quận 3,"4632: Bán buôn thực phẩm-Chi tiết:
- Bán buôn thực phẩm chức năng;
- Bán buôn thực phẩm bảo vệ sức khỏe;
- Bán buôn thực phẩm dinh dưỡng y học.
(không hoạt động tại trụ sở);4649: Bán buôn đồ dùng khác",internet
315978473,CÔNG TY CỔ PHẦN GIẢI PHÁP BÁN LẺ TIPIKAY,CÔNG TY CỔ PHẦN GIẢI PHÁP BÁN ,Công ty cổ phần,"Tầng 14, Tòa nhà HM Town, 412 Nguyễn Thị Minh Khai, Phường 05, Quận 3, Thành phố Hồ Chí Minh, Việt Nam",Quận 3,2610: Sản xuất linh kiện điện tử-;2620: Sản xuất máy vi tính và thiết bị ngoại vi của máy vi tính-;2630: Sản xuất thiết bị truyền thông-;2640: Sản xuất sản phẩm điện tử dân dụng-;2790: Sản xuất thiết ,internet
316253247,CÔNG TY TNHH TRUNG TÂM PHÂN PHỐI DỊCH VỤ QUỐC DÂN MEGAMARKET,CÔNG TY TNHH TRUNG TÂM PHÂN PH,Công ty trách nhiệm hữu hạn một thành viên,"109/39 Nguyễn Thiện Thuật, Phường 02, Quận 3, Thành phố Hồ Chí Minh, Việt Nam",Quận 3,"4101: Xây dựng nhà để ở-;4102: Xây dựng nhà không để ở-;4211: Xây dựng công trình đường sắt-;4212: Xây dựng công trình đường bộ-;4221: Xây dựng công trình điện-(Doanh nghiệp không cung cấp hàng hóa, d",internet
315985142,CÔNG TY TNHH THƯƠNG MẠI DỊCH VỤ MHB VIỆT NAM,CÔNG TY TNHH THƯƠNG MẠI DỊCH V,Công ty trách nhiệm hữu hạn một thành viên,"Tầng 14, Tòa nhà HM Town, 412 Nguyễn Thị Minh Khai, Phường 05, Quận 3, Thành phố Hồ Chí Minh, Việt Nam",Quận 3,"4791: Bán lẻ theo yêu cầu đặt hàng qua bưu điện hoặc internet-(Trừ bán lẻ khí dầu mỏ hóa lỏng LPG, bình gas, hóa chất, súng, đạn loại dùng đi săn hoặc thể thao và tiền kim khí và thực hiện theo quyết ",internet
315998832,CÔNG TY TNHH RAYTECH TECHNOLOGY VIỆT NAM.,CÔNG TY TNHH RAYTECH TECHNOLOG,Công ty trách nhiệm hữu hạn hai thành viên trở lên,"Lầu 5, Tòa nhà Thiên Sơn, Số 5, Nguyễn Gia Thiều, Phường 06, Quận 3, Thành phố Hồ Chí Minh, Việt Nam",Quận 3,"4669: Bán buôn chuyên doanh khác chưa được phân vào đâu-Chi tiết: 
- Bán buôn phân bón
- Bán buôn hóa chất khác (trừ loại sử dụng trong nông nghiệp)
(không tồn trữ hóa chất) (Doanh nghiệp chỉ được kin",technology
315991964,CÔNG TY TNHH ĐẦU TƯ THƯƠNG MẠI DỊCH VỤ TUỆ NGUYÊN,CÔNG TY TNHH ĐẦU TƯ THƯƠNG MẠI,Công ty trách nhiệm hữu hạn một thành viên,"Tầng 14, Tòa nhà HM Town, 412 Nguyễn Thị Minh Khai, Phường 05, Quận 3, Thành phố Hồ Chí Minh, Việt Nam",Quận 3,"4632: Bán buôn thực phẩm-(không hoạt động tại trụ sở);4649: Bán buôn đồ dùng khác cho gia đình-Chi tiết: Bán buôn dược phẩm và dụng cụ y tế; Bán buôn sản phẩm nha khoa; Bán buôn nước hoa, hàng mỹ phẩm",internet
316001070,CÔNG TY TNHH WESTIN VINAPLACE,CÔNG TY TNHH WESTIN VINAPLACE,Công ty trách nhiệm hữu hạn một thành viên,"Tầng 14, Tòa Nhà HM Town, 412 Nguyễn Thị Minh Khai, Phường 05, Quận 3, Thành phố Hồ Chí Minh, Việt Nam",Quận 3,"6209: Hoạt động dịch vụ công nghệ thông tin và dịch vụ khác liên quan đến máy vi tính-(trừ kinh doanh dịch vụ truy cập internet tại trụ sở).
Chi tiết: Dịch vụ đăng ký hộ tên miền và lưu trữ Website ph",internet
316007996,CÔNG TY TNHH THƯƠNG MẠI DỊCH VỤ XÂY DỰNG VÀ VẬN TẢI HOÀNG HIỆP,CÔNG TY TNHH THƯƠNG MẠI DỊCH V,Công ty trách nhiệm hữu hạn một thành viên,"258 Nam Kỳ Khởi Nghĩa, Phường Võ Thị Sáu, Quận 3, Thành phố Hồ Chí Minh, Việt Nam",Quận 3,"4669: Bán buôn chuyên doanh khác chưa được phân vào đâu-chi tiết: bán buôn nguyên liệu và sản phẩm cao su; sản phẩm bằng inox, nhôm, thép, thiết bị báo trộm. Bán buôn củi, than đá, dăm bào, mùn cưa (k",internet
316029206,CÔNG TY TNHH SEAMAR MARITIME MANAGEMENT,CÔNG TY TNHH SEAMAR MARITIME M,Công ty trách nhiệm hữu hạn một thành viên,"Tầng 14, Tòa nhà HM Town, 412 Nguyễn Thị Minh Khai, Phường 05, Quận 3, Thành phố Hồ Chí Minh, Việt Nam",Quận 3,7110: Hoạt động kiến trúc và tư vấn kỹ thuật có liên quan-Chi tiết: Hoạt động kiến trúc. Hoạt động đo đạc bản đồ. Tư vấn thiết kế. Tư vấn xây dựng. Lập dự án và tổng dự toán công trình. Thẩm tra thiết,internet
315982705,CÔNG TY TNHH XNK HẢI KHANG,CÔNG TY TNHH XNK HẢI KHANG,Công ty trách nhiệm hữu hạn một thành viên,"410/34 Cách Mạng Tháng 8, Phường 11, Quận 3, Thành phố Hồ Chí Minh, Việt Nam",Quận 3,"5229: Hoạt động dịch vụ hỗ trợ khác liên quan đến vận tải-(trừ kinh doanh bến bãi ô tô, hóa lỏng khí để vận chuyển và vận tải đường hàng không).
Chi tiết: Gửi hàng; Sắp xếp hoặc tổ chức các hoạt động ",internet
316039109,CÔNG TY TNHH MỘT THÀNH VIÊN DỊCH VỤ DU LỊCH TRIPU,CÔNG TY TNHH MỘT THÀNH VIÊN DỊ,Công ty trách nhiệm hữu hạn một thành viên,"90A Nguyễn Thị Minh Khai, Phường 06, Quận 3, Thành phố Hồ Chí Minh, Việt Nam",Quận 3,"8230: Tổ chức giới thiệu và xúc tiến thương mại-Chi tiết: Tổ chức sự kiện (không thực hiện các hoạt động cháy, nổ; không sử dụng chất nổ, chất cháy, hóa chất làm đạo cụ, dụng cụ thực hiện các chương t",internet
316008781,CÔNG TY TNHH XÂY DỰNG CÔNG TRÌNH ĐỒNG LỢI,CÔNG TY TNHH XÂY DỰNG CÔNG TRÌ,Công ty trách nhiệm hữu hạn một thành viên,"Tòa Nhà PaxSky ,Số 123 Nguyễn Đình Chiểu, Phường 06, Quận 3, Thành phố Hồ Chí Minh, Việt Nam",Quận 3,"4659: Bán buôn máy móc, thiết bị và phụ tùng máy khác-Chi tiết: Bán buôn máy móc, thiết bị vật tư trong ngành gas. Bán buôn máy móc, thiết bị ngành dầu khí. Bán buôn máy móc, thiết bị ngành viễn thông",internet
316010646,CÔNG TY CỔ PHẦN FRNEWS,CÔNG TY CỔ PHẦN FRNEWS,Công ty cổ phần,"459 Hai Bà Trưng, Phường Võ Thị Sáu, Quận 3, Thành phố Hồ Chí Minh, Việt Nam",Quận 3,"6312: Cổng thông tin-Chi tiết: Thiết lập trang thông tin điện tử tổng hợp;5913: Hoạt động phát hành phim điện ảnh, phim video và chương trình truyền hình-Chi tiết: Hoạt động phát hành phim điện ảnh, p",internet
316043200,CÔNG TY TNHH CENTRAL GROUP,CÔNG TY TNHH CENTRAL GROUP,Công ty trách nhiệm hữu hạn một thành viên,"543/59 Nguyễn Đình Chiểu, Phường 02, Quận 3, Thành phố Hồ Chí Minh, Việt Nam",Quận 3,"4690: Bán buôn tổng hợp-(trừ bán buôn thuốc trừ sâu và hóa chất sử dụng trong nông nghiệp và không bán buôn phế liệu, phế thải kim loại, phi kim loại tại trụ sở) (không tồn trữ hoá chất tại trụ sở) (t",internet
316044099,CÔNG TY TNHH THƯƠNG MẠI VÀ DỊCH VỤ HẢI BẮC,CÔNG TY TNHH THƯƠNG MẠI VÀ DỊC,Công ty trách nhiệm hữu hạn một thành viên,"134/109/76 Lý Chính Thắng , Phường 07, Quận 3, Thành phố Hồ Chí Minh, Việt Nam",Quận 3,4773: Bán lẻ hàng hóa khác mới trong các cửa hàng chuyên doanh-chi tiết: : Bán lẻ than nhiên liệu dùng cho gia đình trong các cửa hàng chuyên doanh;4933: Vận tải hàng hóa bằng đường bộ-(trừ hóa lỏng k,internet
315992735,CÔNG TY TNHH MTV DISTRIBUTOR ST SPORTS,CÔNG TY TNHH MTV DISTRIBUTOR S,Công ty trách nhiệm hữu hạn một thành viên,"271 Nguyễn Đình Chiểu  , Phường 05, Quận 3, Thành phố Hồ Chí Minh, Việt Nam",Quận 3,"4763: Bán lẻ thiết bị, dụng cụ thể dục, thể thao trong các cửa hàng chuyên doanh-Chi tiết: Bán lẻ thiết bị, dụng cụ thể dục, thể thao (trừ súng đạn thể thao, vũ khí thô sơ, dược phẩm).;4649: Bán buôn ",internet
316050367,CÔNG TY TNHH ITFIX,CÔNG TY TNHH ITFIX,Công ty trách nhiệm hữu hạn hai thành viên trở lên,"Tầng 14, Tòa Nhà HM Town, 412 Nguyễn Thị Minh Khai, Phường 05, Quận 3, Thành phố Hồ Chí Minh, Việt Nam",Quận 3,"4649: Bán buôn đồ dùng khác cho gia đình-;4651: Bán buôn máy vi tính, thiết bị ngoại vi và phần mềm-;4652: Bán buôn thiết bị và linh kiện điện tử, viễn thông-;4659: Bán buôn máy móc, thiết bị và phụ t",internet
316020115,CÔNG TY CP BOARD GAME GARDEN,CÔNG TY CP BOARD GAME GARDEN,Công ty cổ phần,"380B Nam Kỳ Khởi Nghĩa , Phường 08, Quận 3, Thành phố Hồ Chí Minh, Việt Nam",Quận 3,"4719: Bán lẻ  khác trong các cửa hàng kinh doanh tổng hợp-chi tiết: Bán lẻ đồ chơi, dụng cụ dùng trong giáo dục, đồ chơi làm từ gỗ, nhựa, giấy như cờ vua, cờ tướng và các sản phẩm tương tự;4764: Bán l",internet
316046018,CÔNG TY TNHH QUỐC TẾ LHG,CÔNG TY TNHH QUỐC TẾ LHG,Công ty trách nhiệm hữu hạn một thành viên,"Tầng 14, Tòa nhà HM Town, 412 Nguyễn Thị Minh Khai, Phường 05, Quận 3, Thành phố Hồ Chí Minh, Việt Nam",Quận 3,"1391: Sản xuất vải dệt kim, vải đan móc và vải không dệt khác-(không hoạt động tại trụ sở);1622: Sản xuất đồ gỗ xây dựng-(không hoạt động tại trụ sở);2393: Sản xuất sản phẩm gốm sứ khác-(không hoạt độ",internet
316021165,CÔNG TY TNHH ĐẦU TƯ XÂY DỰNG VIỄN THÔNG PHAN VŨ,CÔNG TY TNHH ĐẦU TƯ XÂY DỰNG V,Công ty trách nhiệm hữu hạn một thành viên,"Tầng 14, Tòa Nhà HM Town, 412 Nguyễn Thị Minh Khai, Phường 05, Quận 3, Thành phố Hồ Chí Minh, Việt Nam",Quận 3,"6209: Hoạt động dịch vụ công nghệ thông tin và dịch vụ khác liên quan đến máy vi tính-(trừ kinh doanh dịch vụ truy cập internet tại trụ sở).
Chi tiết: Dịch vụ đăng ký tên miền và lưu trữ Website phục ",internet
316004811,CÔNG TY CỔ PHẦN CÔNG NGHỆ CSR,CÔNG TY CỔ PHẦN CÔNG NGHỆ CSR,Công ty cổ phần,"Tầng 3, An Phú Plaza, 117 – 119 Lý Chính Thắng, Phường Võ Thị Sáu, Quận 3, Thành phố Hồ Chí Minh, Việt Nam",Quận 3,"6201: Lập trình máy vi tính-;6202: Tư vấn máy vi tính và quản trị hệ thống máy vi tính-;6209: Hoạt động dịch vụ công nghệ thông tin và dịch vụ khác liên quan đến máy vi tính-;6311: Xử lý dữ liệu, cho ",internet
316005614,CÔNG TY TNHH XUẤT NHẬP KHẨU MỸ PHẨM TBD MAI ÁI THI,CÔNG TY TNHH XUẤT NHẬP KHẨU MỸ,Công ty trách nhiệm hữu hạn một thành viên,"Tầng 14, Tòa Nhà HM Town, 412 Nguyễn Thị Minh Khai, Phường 05, Quận 3, Thành phố Hồ Chí Minh, Việt Nam",Quận 3,"4791: Bán lẻ theo yêu cầu đặt hàng qua bưu điện hoặc internet-(trừ bán lẻ bình gas, khí dầu mỏ hóa lỏng LPG, dầu nhớt cặn, vàng miếng, súng, đạn loại dùng đi săn hoặc thể thao và tiền kim khí; trừ bán",internet
316046748,CÔNG TY TNHH HAPPY SMART HOME,CÔNG TY TNHH HAPPY SMART HOME,Công ty trách nhiệm hữu hạn một thành viên,"Tầng 14, Tòa nhà HM Town, 412 Nguyễn Thị Minh Khai, Phường 05, Quận 3, Thành phố Hồ Chí Minh, Việt Nam",Quận 3,"6820: Tư vấn, môi giới, đấu giá bất động sản, đấu giá quyền sử dụng đất-Chi tiết: Tư vấn, môi giới bất động sản.;4610: Đại lý, môi giới, đấu giá hàng hóa-Chi tiết: Đại lý, môi giới hàng hóa.;4651: Bán",internet
316014055,CÔNG TY TNHH LEHAIR VIỆT NAM,CÔNG TY TNHH LEHAIR VIỆT NAM,Công ty trách nhiệm hữu hạn một thành viên,"331 Lê Văn Sỹ, Phường 13, Quận 3, Thành phố Hồ Chí Minh, Việt Nam",Quận 3,"4101: Xây dựng nhà để ở-;4102: Xây dựng nhà không để ở-;4291: Xây dựng công trình thủy-;4292: Xây dựng công trình khai khoáng-;4293: Xây dựng công trình chế biến, chế tạo-;4299: Xây dựng công trình kỹ",internet
316037856,CÔNG TY TNHH XUẤT NHẬP KHẨU TÂN THANH HUY,CÔNG TY TNHH XUẤT NHẬP KHẨU TÂ,Công ty trách nhiệm hữu hạn một thành viên,"611/107 Điện Biên Phủ, Phường 01, Quận 3, Thành phố Hồ Chí Minh, Việt Nam",Quận 3,8299: Hoạt động dịch vụ hỗ trợ kinh doanh khác còn lại chưa được phân vào đâu-Chi tiết: Xuất nhập khẩu hàng hóa công ty kinh doanh; Dịch vụ thương mại điện tử.;4530: Bán phụ tùng và các bộ phận phụ tr,internet
316058285,CÔNG TY TNHH MODORO MOBILE,CÔNG TY TNHH MODORO MOBILE,Công ty trách nhiệm hữu hạn hai thành viên trở lên,"Tầng 14, Tòa nhà HM Town, 412 Nguyễn Thị Minh Khai, Phường 05, Quận 3, Thành phố Hồ Chí Minh, Việt Nam",Quận 3,"4652: Bán buôn thiết bị và linh kiện điện tử, viễn thông-;8559: Giáo dục khác chưa được phân vào đâu-Chi tiết: Đào tạo về sự sống; Dạy ngoại ngữ và dạy kỹ năng đàm thoại; Đào tạo kỹ năng nói trước côn",internet
316074897,CÔNG TY TNHH ASSIST TRADING,CÔNG TY TNHH ASSIST TRADING,Công ty trách nhiệm hữu hạn một thành viên,"Tòa nhà Circo, 222 Điện Biên Phủ, Phường Võ Thị Sáu, Quận 3, Thành phố Hồ Chí Minh, Việt Nam",Quận 3,"4690: Bán buôn tổng hợp-(trừ bán buôn bình gas, khí dầu mỏ hóa lỏng LPG, dầu nhớt cặn, vàng miếng, súng, đạn loại dùng đi săn hoặc thể thao và tiền kim khí; trừ bán buôn hóa chất tại trụ sở; Thực hiện",internet
316069294,CÔNG TY TNHH DEVONE,CÔNG TY TNHH DEVONE,Công ty trách nhiệm hữu hạn một thành viên,"466/6 Đường Lê Văn Sỹ , Phường 14, Quận 3, Thành phố Hồ Chí Minh, Việt Nam",Quận 3,5820: Xuất bản phần mềm-Chi tiết : Sản xuất phần mềm;6399: Dịch vụ thông tin khác chưa được phân vào đâu-Chi tiết : Dịch vụ giá trị gia tăng trên mạng internet;8299: Hoạt động dịch vụ hỗ trợ kinh doan,internet
316084327,CÔNG TY TNHH ATDD VIỆT NAM,CÔNG TY TNHH ATDD VIỆT NAM,Công ty trách nhiệm hữu hạn một thành viên,"Tầng 14, Tòa Nhà HM Town, 412 Nguyễn Thị Minh Khai, Phường 05, Quận 3, Thành phố Hồ Chí Minh, Việt Nam",Quận 3,"1392: Sản xuất hàng dệt sẵn (trừ trang phục)-(Không hoạt động tại trụ sở);4322: Lắp đặt hệ thống cấp, thoát nước, hệ thống sưởi và điều hoà không khí-(trừ gia công cơ khí, tái chế phế thải, xi mạ điện",internet
316085063,CÔNG TY TNHH THIẾT KẾ THỜI TRANG P-H&A,CÔNG TY TNHH THIẾT KẾ THỜI TRA,Công ty trách nhiệm hữu hạn hai thành viên trở lên,"Số 589 Nguyễn Đình Chiểu , Phường 02, Quận 3, Thành phố Hồ Chí Minh, Việt Nam",Quận 3,"1410: May trang phục (trừ trang phục từ da lông thú)-;4933: Vận tải hàng hóa bằng đường bộ-;4610: Đại lý, môi giới, đấu giá hàng hóa-Chi tiết: Đại lý, môi giới;7410: Hoạt động thiết kế chuyên dụng-Chi",internet
316069826,CÔNG TY TNHH TRUYỀN THÔNG VNET MEDIA,CÔNG TY TNHH TRUYỀN THÔNG VNET,Công ty trách nhiệm hữu hạn hai thành viên trở lên,"Tầng 1, Tòa nhà An Phú Plaza, 117-119 Lý Chính Thắng, Phường 07, Quận 3, Thành phố Hồ Chí Minh, Việt Nam",Quận 3,"8559: Giáo dục khác chưa được phân vào đâu-Chi tiết: Dạy công nghệ thông tin. Dạy máy vi tính, máy tính. Các dịch vụ dạy kèm. Đào tạo ngoại ngữ. Đào tạo kỹ năng mềm, kỹ năng quản lý, kỹ năng sống và c",internet
316065860,CÔNG TY TNHH HA MIA,CÔNG TY TNHH HA MIA,Công ty trách nhiệm hữu hạn hai thành viên trở lên,"Shark Building, Tầng 3, Số  29, Đường Nguyễn Văn Mai, Phường 08, Quận 3, Thành phố Hồ Chí Minh, Việt Nam",Quận 3,"4633: Bán buôn đồ uống-Chi tiết: Bán buôn - xuất nhập khẩu các loại rượu; Bán buôn đồ uống.;4610: Đại lý, môi giới, đấu giá hàng hóa-Chi tiết: Đại lý phân phối các loại rượu; môi giới.;4649: Bán buôn ",internet
109000946,CÔNG TY TNHH XUẤT NHẬP KHẨU SINH LONG,CÔNG TY TNHH XUẤT NHẬP KHẨU SI,Công ty trách nhiệm hữu hạn một thành viên,"Tòa Nhà VietOffice Số 481 Điện Biên Phủ , Phường 03, Quận 3, Thành phố Hồ Chí Minh, Việt Nam",Quận 3,"4632: Bán buôn thực phẩm-Chi tiết: 
Bán buôn thịt và các sản phẩm từ thịt
Bán buôn thủy sản
Bán buôn rau, quả
Bán buôn cà phê
Bán buôn đường, sữa và các sản phẩm sữa, bánh kẹo và các sản phẩm chế biến",internet
316041436,CÔNG TY TNHH VIETNAM WATCHSHOP,CÔNG TY TNHH VIETNAM WATCHSHOP,Công ty trách nhiệm hữu hạn một thành viên,"Tầng 5, Tòa nhà Songdo, 62A Phạm Ngọc Thạch, Phường Võ Thị Sáu, Quận 3, Thành phố Hồ Chí Minh, Việt Nam",Quận 3,"7410: Hoạt động thiết kế chuyên dụng-Chi tiết: Hoạt động thiết kế website, đồ họa máy tính.;4641: Bán buôn vải, hàng may mặc, giày dép-;4649: Bán buôn đồ dùng khác cho gia đình-Chi tiết: Bán buôn vali",internet
316074054,CÔNG TY TNHH N-SQUARED ECOMMERCE VIETNAM,CÔNG TY TNHH NSQUARED ECOMMERC,Công ty trách nhiệm hữu hạn một thành viên,"Tầng 3, 29 Nguyễn Văn Mai, Phường Võ Thị Sáu, Quận 3, Thành phố Hồ Chí Minh, Việt Nam",Quận 3,"4632: Bán buôn thực phẩm-Chi tiết: Thực hiện quyền xuất khẩu, quyền nhập khẩu, quyền phân phối bán buôn các hàng hóa không thuộc danh mục hàng hóa cấm xuất khẩu, cấm nhập khẩu và danh mục hàng hóa khô",internet
316050222,CÔNG TY TNHH TRUYỀN THÔNG VÀ DỊCH VỤ AVIVA,CÔNG TY TNHH TRUYỀN THÔNG VÀ D,Công ty trách nhiệm hữu hạn một thành viên,"Tầng 14, Tòa nhà HM Town, 412 Nguyễn Thị Minh Khai, Phường 05, Quận 3, Thành phố Hồ Chí Minh, Việt Nam",Quận 3,"0118: Trồng rau, đậu các loại và trồng hoa-(không hoạt động tại trụ sở);1030: Chế biến và bảo quản rau quả-(không hoạt động tại trụ sở);1050: Chế biến sữa và các sản phẩm từ sữa-(không hoạt động tại t",internet
3603663348,CÔNG TY CỔ PHẦN SAO DẦU,CÔNG TY CỔ PHẦN SAO DẦU,Công ty cổ phần,"Tầng 14, Toà Nhà HM Town, 412 Nguyễn Thị Minh Khai, Phường 05, Quận 3, Thành phố Hồ Chí Minh, Việt Nam",Quận 3,"6810: Kinh doanh bất động sản, quyền sử dụng đất thuộc chủ sở hữu, chủ sử dụng hoặc đi thuê-Chi tiết: Kinh doanh bất động sản, cho thuê nhà xưởng, văn phòng (chỉ hoạt động khi có đủ điều kiện kinh doa",internet
316087737,CÔNG TY CỔ PHẦN KIDSLOOP VIỆT NAM,CÔNG TY CỔ PHẦN KIDSLOOP VIỆT ,Công ty cổ phần,"Phòng 15.1, Tầng 15, Tòa nhà SGGP, 436-438 Nguyễn Thị Minh Khai, Phường 05, Quận 3, Thành phố Hồ Chí Minh, Việt Nam",Quận 3,6209: Hoạt động dịch vụ công nghệ thông tin và dịch vụ khác liên quan đến máy vi tính-(CPC 849);6201: Lập trình máy vi tính-(CPC 842);6202: Tư vấn máy vi tính và quản trị hệ thống máy vi tính-(CPC 842,internet
316062210,CÔNG TY TNHH MOON GIFT,CÔNG TY TNHH MOON GIFT,Công ty trách nhiệm hữu hạn một thành viên,"462/14 Cách Mạng Tháng 8, Phường 11, Quận 3, Thành phố Hồ Chí Minh, Việt Nam",Quận 3,8292: Dịch vụ đóng gói-(trừ đóng gói thuốc bảo vệ thực vật);4649: Bán buôn đồ dùng khác cho gia đình-(trừ kinh doanh dược phẩm);4773: Bán lẻ hàng hóa khác mới trong các cửa hàng chuyên doanh-Chi tiết:,internet
315484869,CÔNG TY TNHH TRUYỀN THÔNG BIỂU TƯỢNG VIỆT NAM,CÔNG TY TNHH TRUYỀN THÔNG BIỂU,Công ty trách nhiệm hữu hạn hai thành viên trở lên,"Tầng 14, Tòa nhà HM Town, số 412 Nguyễn Thị Minh Khai, Phường 05, Quận 3, Thành phố Hồ Chí Minh, Việt Nam",Quận 3,"7310: Quảng cáo-;7320: Nghiên cứu thị trường và thăm dò dư luận-;7810: Hoạt động của các trung tâm, đại lý tư vấn, giới thiệu và môi giới lao động, việc làm-Chi tiết: Hoạt động của đại lý tư vấn, giới",internet
315488045,CÔNG TY TNHH CÔNG NGHỆ SAO ĐỎ,CÔNG TY TNHH CÔNG NGHỆ SAO ĐỎ,Công ty trách nhiệm hữu hạn một thành viên,"Tầng 3, Tòa nhà An Phú Plaza, 117-119 Lý Chính Thắng, Phường Võ Thị Sáu, Quận 3, Thành phố Hồ Chí Minh, Việt Nam",Quận 3,"7020: Hoạt động tư vấn quản lý-(trừ tư vấn tài chính, kế toán, pháp luật);7110: Hoạt động kiến trúc và tư vấn kỹ thuật có liên quan-Chi tiết: Lập dự án công nghệ thông tin, báo cáo nghiên cứu khả thi;",internet
315541080,CÔNG TY TNHH ĐÀO TẠO KINH DOANH QUỐC TẾ,CÔNG TY TNHH ĐÀO TẠO KINH DOAN,Công ty trách nhiệm hữu hạn một thành viên,"Tầng 14, Tòa Nhà HM Town, 412 Nguyễn Thị Minh Khai, Phường 05, Quận 3, Thành phố Hồ Chí Minh, Việt Nam",Quận 3,"4649: Bán buôn đồ dùng khác cho gia đình-;4651: Bán buôn máy vi tính, thiết bị ngoại vi và phần mềm-;4652: Bán buôn thiết bị và linh kiện điện tử, viễn thông-;4722: Bán lẻ thực phẩm trong các cửa hàng",internet
315545536,CÔNG TY TNHH NAM ANH INT,CÔNG TY TNHH NAM ANH INT,Công ty trách nhiệm hữu hạn một thành viên,"Tầng 14, Tòa nhà HM Town, 412 Nguyễn Thị Minh Khai, Phường 05, Quận 3, Thành phố Hồ Chí Minh, Việt Nam",Quận 3,4721: Bán lẻ lương thực trong các cửa hàng chuyên doanh-(thực hiện theo quyết định 64/2009/QĐ-UBND ngày 31/07/2009 và quyết định  số 79/2009/QĐ-UBND ngày 17/10/2009 của Ủy ban nhân dân TP. Hồ Chí Minh,internet
315546829,CÔNG TY TNHH TƯ VẤN & ĐÀO TẠO BMD,CÔNG TY TNHH TƯ VẤN  ĐÀO TẠO B,Công ty trách nhiệm hữu hạn hai thành viên trở lên,"Tầng 14, Tòa Nhà HM Town, 412 Nguyễn Thị Minh Khai, Phường 05, Quận 3, Thành phố Hồ Chí Minh, Việt Nam",Quận 3,8559: Giáo dục khác chưa được phân vào đâu-Chi tiết: Đào tạo về sự sống; dạy ngoại ngữ và dạy kỹ năng đàm thoại; Đào tạo kỹ năng nói trước công chúng; Đào tạo kỹ năng kinh doanh;8560: Dịch vụ hỗ trợ g,internet
315563768,CÔNG TY CỔ PHẦN DINO GO,CÔNG TY CỔ PHẦN DINO GO,Công ty cổ phần,"21/1/10 Nguyễn Thiện Thuật, Phường 02, Quận 3, Thành phố Hồ Chí Minh, Việt Nam",Quận 3,5820: Xuất bản phần mềm-Chi tiết: Sản xuất phần mềm;6201: Lập trình máy vi tính-;7310: Quảng cáo-;6202: Tư vấn máy vi tính và quản trị hệ thống máy vi tính-;6209: Hoạt động dịch vụ công nghệ thông tin,internet
315573170,CÔNG TY CỔ PHẦN AN BRANDS,CÔNG TY CỔ PHẦN AN BRANDS,Công ty cổ phần,"Tầng 14, Tòa nhà HM Town, 412 Nguyễn Thị Minh Khai, Phường 05, Quận 3, Thành phố Hồ Chí Minh, Việt Nam",Quận 3,"4774: Bán lẻ hàng hóa đã qua sử dụng trong các cửa hàng chuyên doanh-(trừ bán lẻ hóa chất, đồ cổ, khí dầu mỏ hóa lỏng LPG, dầu nhớt cặn, vàng miếng, súng, đạn loại dùng đi săn hoặc thể thao và tiền ki",internet
315572868,CÔNG TY TNHH PHÚ THỌ SINH,CÔNG TY TNHH PHÚ THỌ SINH,Công ty trách nhiệm hữu hạn một thành viên,"932E Trường Sa, Phường 13, Quận 3, Thành phố Hồ Chí Minh, Việt Nam",Quận 3,4933: Vận tải hàng hóa bằng đường bộ-(trừ hóa lỏng khí để vận chuyển);7710: Cho thuê xe có động cơ-;8299: Hoạt động dịch vụ hỗ trợ kinh doanh khác còn lại chưa được phân vào đâu-Chi tiết: Dịch vụ trôn,internet
315596467,CÔNG TY TNHH THƯƠNG MẠI DỊCH VỤ XUẤT NHẬP KHẨU MAXTOOLS,CÔNG TY TNHH THƯƠNG MẠI DỊCH V,Công ty trách nhiệm hữu hạn một thành viên,"128/2 Vườn Chuối, Phường 04, Quận 3, Thành phố Hồ Chí Minh, Việt Nam",Quận 3,"4543: Bán phụ tùng và các bộ phận phụ trợ của mô tô, xe máy-;4542: Bảo dưỡng và sửa chữa mô tô, xe máy-;4649: Bán buôn đồ dùng khác cho gia đình-(trừ kinh doanh dược phẩm).;4663: Bán buôn vật liệu, th",internet
315609885,CÔNG TY TNHH LETRAN,CÔNG TY TNHH LETRAN,Công ty trách nhiệm hữu hạn một thành viên,"Tầng 14, Tòa nhà HM Town, 412 Nguyễn Thị Minh Khai , Phường 05, Quận 3, Thành phố Hồ Chí Minh, Việt Nam",Quận 3,"4791: Bán lẻ theo yêu cầu đặt hàng qua bưu điện hoặc internet-(trừ bán lẻ hóa chất tại trụ sở, bán lẻ bình gas,  súng, đạn loại dùng đi săn hoặc thể thao và tiền kim khí; ; Thực hiện theo Quyết định 6",internet
315605351,CÔNG TY TNHH MTV SẢN XUẤT THƯƠNG MẠI Á CHÂU,CÔNG TY TNHH MTV SẢN XUẤT THƯƠ,Công ty trách nhiệm hữu hạn một thành viên,"Tầng 5, Tòa nhà Songdo, 62A Phạm Ngọc Thạch, Phường Võ Thị Sáu, Quận 3, Thành phố Hồ Chí Minh, Việt Nam",Quận 3,"4649: Bán buôn đồ dùng khác cho gia đình-(trừ súng đạn thể thao, vũ khí thô sơ, dược phẩm);1520: Sản xuất giày, dép-(không hoạt động tại trụ sở);1410: May trang phục (trừ trang phục từ da lông thú)-;1",internet
315627884,CÔNG TY CỔ PHẦN SÀI GÒN CÔNG NGHỆ XANH,CÔNG TY CỔ PHẦN SÀI GÒN CÔNG N,Công ty cổ phần,"Tầng 3, Tòa Nhà An Phú Plaza, 117-119 Lý Chính Thắng, Phường 07, Quận 3, Thành phố Hồ Chí Minh, Việt Nam",Quận 3,5820: Xuất bản phần mềm-Chi tiết: Sản xuất phần mềm.;6201: Lập trình máy vi tính-;6202: Tư vấn máy vi tính và quản trị hệ thống máy vi tính-;6209: Hoạt động dịch vụ công nghệ thông tin và dịch vụ khác,internet
315631506,CÔNG TY TNHH ĐẦU TƯ PHÁT TRIỂN XUẤT NHẬP KHẨU HZ LOTUS,CÔNG TY TNHH ĐẦU TƯ PHÁT TRIỂN,Công ty trách nhiệm hữu hạn hai thành viên trở lên,"38E Trần Cao Vân, Phường 06, Quận 3, Thành phố Hồ Chí Minh, Việt Nam",Quận 3,"6190: Hoạt động viễn thông khác-Chi tiết: Đại lý dịch vụ bưu chính - viễn thông (trừ đại lý cung cấp dịch vụ internet).; 4390: Hoạt động xây dựng chuyên dụng khác-Chi tiết: Trang trí nội thất, ngoại t",internet
315640927,CÔNG TY TNHH SẢN XUẤT THƯƠNG MẠI DỊCH VỤ THỜI TRANG NGUYỄN LỘC,CÔNG TY TNHH SẢN XUẤT THƯƠNG M,Công ty trách nhiệm hữu hạn một thành viên,"Lầu 1, số 38E Trần Cao Vân, Phường 06, Quận 3, Thành phố Hồ Chí Minh, Việt Nam",Quận 3,"1392: Sản xuất hàng dệt sẵn (trừ trang phục)-;1410: May trang phục (trừ trang phục từ da lông thú)-;1430: Sản xuất trang phục dệt kim, đan móc-;1812: Dịch vụ liên quan đến in-;3230: Sản xuất dụng cụ t",internet
315671354,CÔNG TY TNHH DI ĐỘNG HOUSE,CÔNG TY TNHH DI ĐỘNG HOUSE,Công ty trách nhiệm hữu hạn hai thành viên trở lên,"Số 174/74, đường Nguyễn Thiện Thuật, Phường 03, Quận 3, Thành phố Hồ Chí Minh, Việt Nam",Quận 3,"4659: Bán buôn máy móc, thiết bị và phụ tùng máy khác-(CPC 622); 4651: Bán buôn máy vi tính, thiết bị ngoại vi và phần mềm-(CPC 622); 4742: Bán lẻ thiết bị nghe nhìn trong các cửa hàng chuyên doanh-(C",internet
315681867,CÔNG TY TNHH MÈO XÁM,CÔNG TY TNHH MÈO XÁM,Công ty trách nhiệm hữu hạn một thành viên,"440 Nguyễn Đình Chiểu, Phường 04, Quận 3, Thành phố Hồ Chí Minh, Việt Nam",Quận 3,"8230: Tổ chức giới thiệu và xúc tiến thương mại-(không thực hiện các hiệu ứng cháy, nổ, không sử dụng chất nổ, chất cháy, hóa chất làm đạo cụ, dụng cụ thực hiện các chương trình văn nghệ, sự kiện, phi",internet
315679762,CÔNG TY TNHH MỘT THÀNH VIÊN SUN VN,CÔNG TY TNHH MỘT THÀNH VIÊN SU,Công ty trách nhiệm hữu hạn một thành viên,"63 Phạm Ngọc Thạch, Phường 06, Quận 3, Thành phố Hồ Chí Minh, Việt Nam",Quận 3,"3511: Sản xuất điện-Chi tiết: Điện mặt trời (không hoạt động tại trụ sở);3512: Truyền tải và phân phối điện-(không hoạt động tại trụ sở);7020: Hoạt động tư vấn quản lý-(trừ tư vấn tài chính, kế toán, ",internet
315690653,CÔNG TY TNHH THƯƠNG MẠI KỸ THUẬT NHT,CÔNG TY TNHH THƯƠNG MẠI KỸ THU,Công ty trách nhiệm hữu hạn một thành viên,"Tầng 3, Toà nhà An Phú Plaza, 117-119 Lý Chính Thắng, Phường Võ Thị Sáu, Quận 3, Thành phố Hồ Chí Minh, Việt Nam",Quận 3,"4321: Lắp đặt hệ thống điện-(không gia công cơ khí, tái chế phế thải, xi mạ điện tại trụ sở);4530: Bán phụ tùng và các bộ phận phụ trợ của ô tô và xe có động cơ khác-chi tiết: Bán buôn phụ tùng và các",internet
315697578,CÔNG TY TNHH TRIDENT GROUP,CÔNG TY TNHH TRIDENT GROUP,Công ty trách nhiệm hữu hạn một thành viên,"Tầng 5, Tòa nhà Songdo, 62A Phạm Ngọc Thạch, Phường 06, Quận 3, Thành phố Hồ Chí Minh, Việt Nam",Quận 3,5820: Xuất bản phần mềm-Chi tiết: Sản xuất phần mềm;6201: Lập trình máy vi tính-;6202: Tư vấn máy vi tính và quản trị hệ thống máy vi tính-(trừ dịch vụ truy cập internet);6209: Hoạt động dịch vụ công ,internet
315708406,CÔNG TY TNHH XÃ HỘI GỬI NẮNG,CÔNG TY TNHH XÃ HỘI GỬI NẮNG,Công ty trách nhiệm hữu hạn một thành viên,"Số 52/8 Cao Thắng, Phường 05, Quận 3, Thành phố Hồ Chí Minh, Việt Nam",Quận 3,"4690: Bán buôn tổng hợp-Chi tiết: Xuất nhập khẩu các mặt hàng công ty kinh doanh.; 4771: Bán lẻ hàng may mặc, giày dép, hàng da và giả da trong các cửa hàng chuyên doanh-;4773: Bán lẻ hàng hóa khác mớ",internet
315730553,CÔNG TY TNHH WOMEN ZONE,CÔNG TY TNHH WOMEN ZONE,Công ty trách nhiệm hữu hạn một thành viên,"Tầng 1, Tòa nhà An Phú Plaza, 117-119 Lý Chính Thắng, Phường 07, Quận 3, Thành phố Hồ Chí Minh, Việt Nam",Quận 3,"2100: Sản xuất thuốc, hoá dược và dược liệu-(không hoạt động tại trụ sở);1811: In ấn-(không hoạt động tại trụ sở);1812: Dịch vụ liên quan đến in-(không hoạt động tại trụ sở);4933: Vận tải hàng hóa bằn",internet
315732367,CÔNG TY CỔ PHẦN SKYBIRD,CÔNG TY CỔ PHẦN SKYBIRD,Công ty cổ phần,"Tầng 14, Tòa Nhà HM Town, 412 Nguyễn Thị Minh Khai, Phường 05, Quận 3, Thành phố Hồ Chí Minh, Việt Nam",Quận 3,"8299: Hoạt động dịch vụ hỗ trợ kinh doanh khác còn lại chưa được phân vào đâu-Chi tiết: Xuất nhập khẩu hàng hóa công ty kinh doanh. Dịch vụ thương mại điện tử;4610: Đại lý, môi giới, đấu giá hàng hóa-",internet
315737608,CÔNG TY CỔ PHẦN ĐẦU TƯ VÀ CÔNG NGHỆ 5HOUSE,CÔNG TY CỔ PHẦN ĐẦU TƯ VÀ CÔNG,Công ty cổ phần,"481 Điện Biên phủ, Phường 03, Quận 3, Thành phố Hồ Chí Minh, Việt Nam",Quận 3,5820: Xuất bản phần mềm-Chi tiết: sản xuất phần mềm;6399: Dịch vụ thông tin khác chưa được phân vào đâu-(trừ dịch vụ cắt xén thông tin báo chí) (trừ các loại thông tin Nhà Nước cấm và dịch vụ điều tra,internet
315778033,CÔNG TY CỔ PHẦN DỊCH VỤ CÔNG NGHỆ SPL,CÔNG TY CỔ PHẦN DỊCH VỤ CÔNG N,Công ty cổ phần,"177 Nguyễn Đình Chiểu, Phường 06, Quận 3, Thành phố Hồ Chí Minh, Việt Nam",Quận 3,"6209: Hoạt động dịch vụ công nghệ thông tin và dịch vụ khác liên quan đến máy vi tính-;6311: Xử lý dữ liệu, cho thuê và các hoạt động liên quan-;6312: Cổng thông tin-Chi tiết: Thiết lập trang thông ti",internet
315782897,CÔNG TY TNHH 3N VIỆT NAM,CÔNG TY TNHH 3N VIỆT NAM,Công ty trách nhiệm hữu hạn một thành viên,"Tầng 14, Tòa nhà HM Town, 412 Nguyễn Thị Minh Khai, Phường 05, Quận 3, Thành phố Hồ Chí Minh, Việt Nam",Quận 3,"4649: Bán buôn đồ dùng khác cho gia đình-;4663: Bán buôn vật liệu, thiết bị lắp đặt khác trong xây dựng-(không hoạt động tại trụ sở);4632: Bán buôn thực phẩm-(không hoạt động tại trụ sở);4633: Bán buô",internet
315787214,CÔNG TY TNHH THƯƠNG MẠI TỔNG HỢP AN GIA PHÁT,CÔNG TY TNHH THƯƠNG MẠI TỔNG H,Công ty trách nhiệm hữu hạn hai thành viên trở lên,"38E Trần Cao Vân, Phường 06, Quận 3, Thành phố Hồ Chí Minh, Việt Nam",Quận 3,"1313: Hoàn thiện sản phẩm dệt-;1391: Sản xuất vải dệt kim, vải đan móc và vải không dệt khác-;1392: Sản xuất hàng dệt sẵn (trừ trang phục)-;1393: Sản xuất thảm, chăn, đệm-;1512: Sản xuất vali, túi xác",internet
315815750,CÔNG TY CỔ PHẦN GIẢI PHÁP CÔNG NGHỆ IBSS,CÔNG TY CỔ PHẦN GIẢI PHÁP CÔNG,Công ty cổ phần,"Tầng 14, Tòa nhà HM Town, 412 Nguyễn Thị Minh Khai, Phường 05, Quận 3, Thành phố Hồ Chí Minh, Việt Nam",Quận 3,5820: Xuất bản phần mềm-Chi tiết: Sản xuất phần mềm;6201: Lập trình máy vi tính-;6202: Tư vấn máy vi tính và quản trị hệ thống máy vi tính-;6209: Hoạt động dịch vụ công nghệ thông tin và dịch vụ khác ,internet
315821183,CÔNG TY CỔ PHẦN ZERO TO ONE,CÔNG TY CỔ PHẦN ZERO TO ONE,Công ty cổ phần,"Tầng 14, Tòa nhà HM Town, 412 Nguyễn Thị Minh Khai, Phường 05, Quận 3, Thành phố Hồ Chí Minh, Việt Nam",Quận 3,"6311: Xử lý dữ liệu, cho thuê và các hoạt động liên quan-;6312: Cổng thông tin-;6399: Dịch vụ thông tin khác chưa được phân vào đâu-Chi tiết: Các dịch vụ thông tin qua điện thoại; Các dịch vụ tìm kiếm",internet
315884955,CÔNG TY TNHH HỌC VIỆN FREE TO FLY,CÔNG TY TNHH HỌC VIỆN FREE TO ,Công ty trách nhiệm hữu hạn hai thành viên trở lên,"90 Cư xá Trần Quang Diệu, đường Trần Quang Diệu, Phường 14, Quận 3, Thành phố Hồ Chí Minh, Việt Nam",Quận 3,"4690: Bán buôn tổng hợp-(trừ bán buôn hóa chất, khí dầu mỏ hóa lỏng LPG, dầu nhớt cặn, vàng miếng, súng, đạn loại dùng đi săn hoặc thể thao và tiền kim khí; Thực hiện theo Quyết định 64/2009/QĐ-UBND n",internet
315887240,CÔNG TY TNHH TADI USA,CÔNG TY TNHH TADI USA,Công ty trách nhiệm hữu hạn một thành viên,"134/1A Cách Mạng Tháng 8, Phường 10, Quận 3, Thành phố Hồ Chí Minh, Việt Nam",Quận 3,"0322: Nuôi trồng thuỷ sản nội địa-(Không hoạt động tại trụ sở);1080: Sản xuất thức ăn gia súc, gia cầm và thuỷ sản-(Không hoạt động tại trụ sở);4101: Xây dựng nhà để ở-;4312: Chuẩn bị mặt bằng-;4620: ",internet
315885797,CÔNG TY TNHH TRUYỀN THÔNG DIO MEDIA,CÔNG TY TNHH TRUYỀN THÔNG DIO ,Công ty trách nhiệm hữu hạn hai thành viên trở lên,"Tầng 14, Tòa Nhà HM Town, 412 Nguyễn Thị Minh Khai, Phường 05, Quận 3, Thành phố Hồ Chí Minh, Việt Nam",Quận 3,"4649: Bán buôn đồ dùng khác cho gia đình-;4620: Bán buôn nông, lâm sản nguyên liệu (trừ gỗ, tre, nứa) và động vật sống-(không hoạt động tại trụ sở);4631: Bán buôn gạo, lúa mỳ, hạt ngũ cốc khác, bột mỳ",internet
315895636,CÔNG TY TNHH NINE TELECOM,CÔNG TY TNHH NINE TELECOM,Công ty trách nhiệm hữu hạn hai thành viên trở lên,"Số 186Bis, Đường Nguyễn Thị Minh Khai , Phường Võ Thị Sáu, Quận 3, Thành phố Hồ Chí Minh, Việt Nam",Quận 3,"7020: Hoạt động tư vấn quản lý-Chi tiết: Dịch vụ tư vấn quản lý chung (trừ tư vấn tài chính, kế toán, pháp lý);  Doanh nghiệp phải thực hiện đúng các quy định của pháp luật về đất đai, xây dựng, phòng",telecom
315903397,CÔNG TY TNHH THƯƠNG MẠI VÀ DỊCH VỤ FINIZI,CÔNG TY TNHH THƯƠNG MẠI VÀ DỊC,Công ty trách nhiệm hữu hạn một thành viên,"Phòng 3.5 Tòa nhà Itaxa, 126 Nguyễn Thị Minh Khai, Phường Võ Thị Sáu, Quận 3, Thành phố Hồ Chí Minh, Việt Nam",Quận 3,"4741: Bán lẻ máy vi tính, thiết bị ngoại vi, phần mềm và thiết bị viễn thông trong các cửa hàng chuyên doanh-;6311: Xử lý dữ liệu, cho thuê và các hoạt động liên quan-Chi tiết: Xử lý dữ liệu và dịch v",internet
315904792,CÔNG TY TNHH BARISTA COLLECTIVE,CÔNG TY TNHH BARISTA COLLECTIV,Công ty trách nhiệm hữu hạn hai thành viên trở lên,"41 Hồ Xuân Hương , Phường 06, Quận 3, Thành phố Hồ Chí Minh, Việt Nam",Quận 3,"4773: Bán lẻ hàng hóa khác mới trong các cửa hàng chuyên doanh-Chi tiết: Bán lẻ thiết bị, phụ kiện sử dụng cho việc sản xuất và pha chế cà phê (trừ bán lẻ bình gas, khí dầu mỏ hóa lỏng LPG, dầu nhớt c",internet
315922110,CÔNG TY TNHH ISSAC,CÔNG TY TNHH ISSAC,Công ty trách nhiệm hữu hạn một thành viên,"Số 390/35 Cách mạng tháng 8, Phường 11, Quận 3, Thành phố Hồ Chí Minh, Việt Nam",Quận 3,"5630: Dịch vụ phục vụ đồ uống-(trừ hoạt động quán bar và quán giải khát có khiêu vũ); 7810: Hoạt động của các trung tâm, đại lý tư vấn, giới thiệu và môi giới lao động, việc làm-Chi tiết:  Hoạt động c",internet
315953581,CÔNG TY TNHH JI CHENG,CÔNG TY TNHH JI CHENG,Công ty trách nhiệm hữu hạn một thành viên,"Tầng 14, Tòa nhà HM Town, 412 Nguyễn Thị Minh Khai, Phường 05, Quận 3, Thành phố Hồ Chí Minh, Việt Nam",Quận 3,"2023: Sản xuất mỹ phẩm, xà phòng, chất tẩy rửa, làm bóng và chế phẩm vệ sinh-(không hoạt động tại trụ sở);2396: Cắt tạo dáng và hoàn thiện đá-(không hoạt động tại trụ sở);4632: Bán buôn thực phẩm-(khô",internet
315954546,CÔNG TY TNHH XUẤT NHẬP KHẨU PHD GROUP,CÔNG TY TNHH XUẤT NHẬP KHẨU PH,Công ty trách nhiệm hữu hạn một thành viên,"110 Nguyễn Thượng Hiền, Phường 05, Quận 3, Thành phố Hồ Chí Minh, Việt Nam",Quận 3,"4632: Bán buôn thực phẩm-(không hoạt động tại trụ sở);4543: Bán phụ tùng và các bộ phận phụ trợ của mô tô, xe máy-;4742: Bán lẻ thiết bị nghe nhìn trong các cửa hàng chuyên doanh-;4762: Bán lẻ bă",internet
315963808,CÔNG TY CỔ PHẦN THẠNH PHƯỚC,CÔNG TY CỔ PHẦN THẠNH PHƯỚC,Công ty cổ phần,"443/24 Điện Biên Phủ, Phường 03, Quận 3, Thành phố Hồ Chí Minh, Việt Nam",Quận 3,"4663: Bán buôn vật liệu, thiết bị lắp đặt khác trong xây dựng-;4610: Đại lý, môi giới, đấu giá hàng hóa-Chi tiết: Đại lý bán hàng hóa; Môi giới mua bán hàng hóa;4719: Bán lẻ  khác trong các cửa hàng k",internet
315965731,CÔNG TY TNHH TNT GREEN,CÔNG TY TNHH TNT GREEN,Công ty trách nhiệm hữu hạn một thành viên,"58 Võ Văn Tần, Phường 06, Quận 3, Thành phố Hồ Chí Minh, Việt Nam",Quận 3,"4659: Bán buôn máy móc, thiết bị và phụ tùng máy khác-Chi tiết: Bán buôn máy lọc nước;4759: Bán lẻ đồ điện gia dụng, giường, tủ, bàn, ghế và đồ nội thất tương tự, đèn và bộ đèn điện, đồ dùng gia đình ",internet
316014915,CÔNG TY TNHH THƯƠNG MẠI VÀ DỊCH VỤ SWEET DREAM,CÔNG TY TNHH THƯƠNG MẠI VÀ DỊC,Công ty trách nhiệm hữu hạn hai thành viên trở lên,"P. 701, Lầu 7, Tòa Nhà OIIC, Số 248-250, Đường Nguyễn Đình Chiểu , Phường 06, Quận 3, Thành phố Hồ Chí Minh, Việt Nam",Quận 3,"5510: Dịch vụ lưu trú ngắn ngày-Chi tiết: Khách sạn, căn hộ du lịch (Không hoạt động tại trụ sở);5610: Nhà hàng và các dịch vụ ăn uống phục vụ lưu động-Chi tiết: Hoạt động cung cấp dịch vụ ăn uống tại",internet
316032209,CÔNG TY TNHH HUY NGHỊ HỒNG PHÁT,CÔNG TY TNHH HUY NGHỊ HỒNG PHÁ,Công ty trách nhiệm hữu hạn một thành viên,"Tầng 14, Tòa nhà HM Town, 412 Nguyễn Thị Minh Khai, Phường 05, Quận 3, Thành phố Hồ Chí Minh, Việt Nam",Quận 3,"6209: Hoạt động dịch vụ công nghệ thông tin và dịch vụ khác liên quan đến máy vi tính-(trừ kinh doanh dịch vụ truy cập internet tại trụ sở).
Chi tiết: Dịch vụ đăng ký hộ tên miền và lưu trữ Website ph",internet
316055774,CÔNG TY TNHH GIẢI PHÁP DỮ LIỆU VÀ DỊCH VỤ,CÔNG TY TNHH GIẢI PHÁP DỮ LIỆU,Công ty trách nhiệm hữu hạn một thành viên,"73A Huỳnh Tịnh Của, Phường Võ Thị Sáu, Quận 3, Thành phố Hồ Chí Minh, Việt Nam",Quận 3,"6209: Hoạt động dịch vụ công nghệ thông tin và dịch vụ khác liên quan đến máy vi tính-Chi tiết: - Thiết kế, lưu trữ, duy trì trang thông tin điện tử; - Tư vấn, phân tích, lập kế hoạch, phân loại, thiế",internet
316058077,CÔNG TY TNHH OKIVA E-COMMERCE,CÔNG TY TNHH OKIVA ECOMMERCE,Công ty trách nhiệm hữu hạn một thành viên,"Lầu 8A, 454 Nguyễn Thị Minh Khai, Phường 05, Quận 3, Thành phố Hồ Chí Minh, Việt Nam",Quận 3,"4791: Bán lẻ theo yêu cầu đặt hàng qua bưu điện hoặc internet-(trừ bán lẻ bình gas, súng, đạn loại dùng đi săn hoặc thể thao, tiền kim khí và mua bán vàng miếng; thực hiện theo Quyết định 64/2009/QĐ-U",internet
316080805,CÔNG TY TNHH ĐẦU TƯ THƯƠNG MẠI DỊCH VỤ BLUE MOON,CÔNG TY TNHH ĐẦU TƯ THƯƠNG MẠI,Công ty trách nhiệm hữu hạn một thành viên,"23 Trần Quang Diệu, Phường 13, Quận 3, Thành phố Hồ Chí Minh, Việt Nam",Quận 3,"4620: Bán buôn nông, lâm sản nguyên liệu (trừ gỗ, tre, nứa) và động vật sống-Chi tiết: Bán buôn cây xanh (thực hiện theo quyết định 64/2009/QĐ- UBND ngày 31/7/2009 và quyết định 79/2009/QĐ-UBND ngày 1",internet
3401195182,CÔNG TY TNHH THƯƠNG MẠI & ĐẦU TƯ AE GROUP,CÔNG TY TNHH THƯƠNG MẠI  ĐẦU T,Công ty trách nhiệm hữu hạn hai thành viên trở lên,"Tầng 3, Tòa nhà ACM, 96 Cao Thắng, Phường 04, Quận 3, Thành phố Hồ Chí Minh, Việt Nam",Quận 3,"4299: Xây dựng công trình kỹ thuật dân dụng khác-;4311: Phá dỡ-;4312: Chuẩn bị mặt bằng-;4321: Lắp đặt hệ thống điện-;4322: Lắp đặt hệ thống cấp, thoát nước, hệ thống sưởi và điều hoà không khí-(trừ l",internet
316077880,CÔNG TY TNHH MORNING FRUIT,CÔNG TY TNHH MORNING FRUIT,Công ty trách nhiệm hữu hạn hai thành viên trở lên,"Tầng 14, Tòa nhà HM Town, 412 Nguyễn Thị Minh Khai, Phường 05, Quận 3, Thành phố Hồ Chí Minh, Việt Nam",Quận 3,"4610: Đại lý, môi giới, đấu giá hàng hóa-(trừ môi giới bất động sản)
Chi tiết: Đại lý, môi giới hàng hóa.;4620: Bán buôn nông, lâm sản nguyên liệu (trừ gỗ, tre, nứa) và động vật sống-(không hoạt động ",internet
316087092,CÔNG TY TNHH TRẦN MINH PHÚ,CÔNG TY TNHH TRẦN MINH PHÚ,Công ty trách nhiệm hữu hạn một thành viên,"Tầng 14, Tòa nhà HM Town, 412 Nguyễn Thị Minh Khai, Phường 05, Quận 3, Thành phố Hồ Chí Minh, Việt Nam",Quận 3,"4791: Bán lẻ theo yêu cầu đặt hàng qua bưu điện hoặc internet-(Trừ bán lẻ khí dầu mỏ hóa lỏng LPG, bình gas, hóa chất, súng, đạn loại dùng đi săn hoặc thể thao và tiền kim khí và thực hiện theo quyết ",internet
316093385,CÔNG TY TNHH DƯỢC PHẨM LAM,CÔNG TY TNHH DƯỢC PHẨM LAM,Công ty trách nhiệm hữu hạn một thành viên,"Tầng 14, Tòa nhà HM Town, 412 Nguyễn Thị Minh Khai, Phường 05, Quận 3, Thành phố Hồ Chí Minh, Việt Nam",Quận 3,4632: Bán buôn thực phẩm-Chi tiết: Bán buôn thực phẩm chức năng (thực hiện theo quyết định 64/2009/QĐ-UBND ngày 31/07/2009 và quyết định 79/2009/QĐ-UBND ngày 17/10/2009 của Ủy ban nhân dân thành phố H,internet
316095167,CÔNG TY TNHH MTV TMDV PHÂN PHỐI HÀNG TIÊU DÙNG TRƯỜNG HƯNG,CÔNG TY TNHH MTV TMDV PHÂN PHỐ,Công ty trách nhiệm hữu hạn một thành viên,"Tầng 5, Tòa nhà Songdo, 62A Phạm Ngọc Thạch, Phường 06, Quận 3, Thành phố Hồ Chí Minh, Việt Nam",Quận 3,"4773: Bán lẻ hàng hóa khác mới trong các cửa hàng chuyên doanh-Chi tiết: Bán lẻ kính đeo mắt, máy ảnh, phim ảnh, thiết bị quang học và thiết bị chính xác, đồng hồ và đồ trang sức, hàng lưu niệm, hàng ",internet
316107246,CÔNG TY TNHH ĐẦU TƯ KINH DOANH XÂY DỰNG TRANGGOLDEN,CÔNG TY TNHH ĐẦU TƯ KINH DOANH,Công ty trách nhiệm hữu hạn một thành viên,"75/15 Bis Trần Văn Đang, Phường 09, Quận 3, Thành phố Hồ Chí Minh, Việt Nam",Quận 3,"6810: Kinh doanh bất động sản, quyền sử dụng đất thuộc chủ sở hữu, chủ sử dụng hoặc đi thuê-;4101: Xây dựng nhà để ở-;4102: Xây dựng nhà không để ở-;4212: Xây dựng công trình đường bộ-;4221: Xây dựng ",internet
316113602,CÔNG TY TNHH SƠN HÀ WATER DKH,CÔNG TY TNHH SƠN HÀ WATER DKH,Công ty trách nhiệm hữu hạn một thành viên,"93A Rạch Bùng Binh, Phường 09, Quận 3, Thành phố Hồ Chí Minh, Việt Nam",Quận 3,"1104: Sản xuất đồ uống không cồn, nước khoáng-Chi tiết: Sản xuất nước khoáng, tinh khiết, đóng chai, đóng bình (không hoạt động tại trụ sở).;4610: Đại lý, môi giới, đấu giá hàng hóa-Chi tiết: Đại lý n",internet
316115825,CÔNG TY TNHH VIỆT TALENT SMART,CÔNG TY TNHH VIỆT TALENT SMART,Công ty trách nhiệm hữu hạn một thành viên,"Tầng 14, Tòa nhà HM Town, 412 Nguyễn Thị Minh Khai, Phường 05, Quận 3, Thành phố Hồ Chí Minh, Việt Nam",Quận 3,"7490: Hoạt động chuyên môn, khoa học và công nghệ khác chưa được phân vào đâu-Chi tiết: Tư vấn giải pháp công nghệ;7310: Quảng cáo-;7320: Nghiên cứu thị trường và thăm dò dư luận-;8299: Hoạt động dịch",internet
316126859,CÔNG TY TNHH TỔ CHỨC SỰ KIỆN VÀ QUẢNG CÁO NGÔI SAO MỚI,CÔNG TY TNHH TỔ CHỨC SỰ KIỆN V,Công ty trách nhiệm hữu hạn một thành viên,"Tòa Nhà PaxSky, Số 123 Nguyễn Đình Chiểu, Phường Võ Thị Sáu, Quận 3, Thành phố Hồ Chí Minh, Việt Nam",Quận 3,"8230: Tổ chức giới thiệu và xúc tiến thương mại-Chi tiết: Tổ chức lễ động thổ, khởi công, khánh thành, khai trương; tổ chức các hội nghị khách hàng, lễ trao thưởng (không thực hiện các hiệu ứng cháy, ",internet
316118551,CÔNG TY TNHH DERMA PLUS,CÔNG TY TNHH DERMA PLUS,Công ty trách nhiệm hữu hạn một thành viên,"186A Nam Kỳ Khởi Nghĩa, Phường 06, Quận 3, Thành phố Hồ Chí Minh, Việt Nam",Quận 3,"4791: Bán lẻ theo yêu cầu đặt hàng qua bưu điện hoặc internet-Chi tiết: Bán lẻ trực tuyến mỹ phẩm và thực phẩm chức năng; Bán lẻ trực tuyến trò chơi, đồ chơi (trừ đồ chơi có hại cho giáo dục, nhân các",internet
316125365,CÔNG TY CỔ PHẦN ĐẦU TƯ KIM ĐỨC,CÔNG TY CỔ PHẦN ĐẦU TƯ KIM ĐỨC,Công ty cổ phần,"9B Tú Xương, Phường Võ Thị Sáu, Quận 3, Thành phố Hồ Chí Minh, Việt Nam",Quận 3,"4610: Đại lý, môi giới, đấu giá hàng hóa-Chi tiết: Đại lý; môi giới hàng hóa;4641: Bán buôn vải, hàng may mặc, giày dép-;4669: Bán buôn chuyên doanh khác chưa được phân vào đâu-Chi tiết: Bán buôn hàng",internet
316124604,CÔNG TY TNHH ĐẦU TƯ PHÁT TRIỂN LỘC HỒNG,CÔNG TY TNHH ĐẦU TƯ PHÁT TRIỂN,Công ty trách nhiệm hữu hạn một thành viên,"92/3 Phạm Ngọc Thạch, Phường 06, Quận 3, Thành phố Hồ Chí Minh, Việt Nam",Quận 3,4721: Bán lẻ lương thực trong các cửa hàng chuyên doanh-(Thực hiện theo Quyết định số 64/2009/QĐ-UBND ngày 31/07/2009 của Ủy ban nhân dân Thành phố Hồ Chí Minh và Quyết định 79/2009/QĐ-UBND ngày 17/10,internet
316126055,CÔNG TY TNHH HỌC VIỆN QUẢN LÝ GEM,CÔNG TY TNHH HỌC VIỆN QUẢN LÝ ,Công ty trách nhiệm hữu hạn hai thành viên trở lên,"Lầu 10, 180-182 Lý Chính Thắng, Phường 09, Quận 3, Thành phố Hồ Chí Minh, Việt Nam",Quận 3,"8219: Photo, chuẩn bị tài liệu và các hoạt động hỗ trợ văn phòng đặc biệt khác-;8230: Tổ chức giới thiệu và xúc tiến thương mại-(không thực hiện các hiệu ứng cháy nổ và không sử dụng chất nổ, chất chá",internet
316124019,CÔNG TY TNHH  STAR VINA AQUA,CÔNG TY TNHH  STAR VINA AQUA,Công ty trách nhiệm hữu hạn hai thành viên trở lên,"18/24I Trần Quang Diệu , Phường 14, Quận 3, Thành phố Hồ Chí Minh, Việt Nam",Quận 3,"4771: Bán lẻ hàng may mặc, giày dép, hàng da và giả da trong các cửa hàng chuyên doanh-Chi tiết: Bán lẻ khẩu trang, quần áo bảo hộ, gang tay, tấm che mặt chống bụi và virus; 4772: Bán lẻ thuốc, dụng c",internet
316138413,CÔNG TY CỔ PHẦN VIE NETWORK,CÔNG TY CỔ PHẦN VIE NETWORK,Công ty cổ phần,"222 Pasteur , Phường Võ Thị Sáu, Quận 3, Thành phố Hồ Chí Minh, Việt Nam",Quận 3,"4641: Bán buôn vải, hàng may mặc, giày dép-; 4649: Bán buôn đồ dùng khác cho gia đình-; 4771: Bán lẻ hàng may mặc, giày dép, hàng da và giả da trong các cửa hàng chuyên doanh-; 5820: Xuất bản phần mềm",internet
316139914,CÔNG TY CỔ PHẦN THUỐC TÂY 24H,CÔNG TY CỔ PHẦN THUỐC TÂY 24H,Công ty cổ phần,"Lầu 2, 17A Đường Hồ Xuân Hương, Phường 06, Quận 3, Thành phố Hồ Chí Minh, Việt Nam",Quận 3,"5510: Dịch vụ lưu trú ngắn ngày-Chi tiết: Khách sạn, biệt thự du lịch, căn hộ du lịch, nhà nghỉ du lịch, nhà ở có phòng cho khách du lịch thuê (không hoạt động tại trụ sở).;5229: Hoạt động dịch vụ hỗ ",internet
316141021,CÔNG TY CỔ PHẦN DNH GROUP,CÔNG TY CỔ PHẦN DNH GROUP,Công ty cổ phần,"309/28 Võ Văn Tần , Phường 05, Quận 3, Thành phố Hồ Chí Minh, Việt Nam",Quận 3,"1075: Sản xuất món ăn, thức ăn chế biến sẵn-;1101: Chưng, tinh cất và pha chế các loại rượu mạnh-;1102: Sản xuất rượu vang-;1103: Sản xuất bia và mạch nha ủ men bia-;1104: Sản xuất đồ uống không cồn, ",internet
316148588,CÔNG TY CỔ PHẦN YOUR ENTERTAINMENT PLATFORM,CÔNG TY CỔ PHẦN YOUR ENTERTAIN,Công ty cổ phần,"191 Nam Kỳ Khởi Nghĩa, Phường Võ Thị Sáu, Quận 3, Thành phố Hồ Chí Minh, Việt Nam",Quận 3,"4791: Bán lẻ theo yêu cầu đặt hàng qua bưu điện hoặc internet-(trừ bán lẻ hóa chất, khí dầu mỏ hóa lỏng LPG, dầu nhớt cặn, vàng miếng, súng, đạn loại dùng đi săn hoặc thể thao và tiền kim khí; Thực hi",internet
316145107,CÔNG TY TNHH SM LIVIN,CÔNG TY TNHH SM LIVIN,Công ty trách nhiệm hữu hạn hai thành viên trở lên,"Số 13A Đường Nguyễn Văn Mai, Phường Võ Thị Sáu, Quận 3, Thành phố Hồ Chí Minh, Việt Nam",Quận 3,"4649: Bán buôn đồ dùng khác cho gia đình-Chi tiết: Thực hiện quyền xuất khẩu, quyền nhập khẩu, quyền phân phối bán buôn  đồ dùng khác cho gia đình (trừ dược phẩm) (CPC 622);4610: Đại lý, môi giới, đấu",internet
316151774,CÔNG TY CỔ PHẦN TOPENLAND VIỆT NAM,CÔNG TY CỔ PHẦN TOPENLAND VIỆT,Công ty cổ phần,"89 Trần Quốc Toản, Phường Võ Thị Sáu, Quận 3, Thành phố Hồ Chí Minh, Việt Nam",Quận 3,"6820: Tư vấn, môi giới, đấu giá bất động sản, đấu giá quyền sử dụng đất-Chi tiết: Tư vấn, môi giới, quản lý bất động sản (trừ tư vấn mang tính pháp lý).; 7020: Hoạt động tư vấn quản lý-(trừ tư vấn tài",internet
316154888,CÔNG TY TNHH MTV KNT,CÔNG TY TNHH MTV KNT,Công ty trách nhiệm hữu hạn một thành viên,"332/20 Cách Mạng Tháng Tám, Phường 10, Quận 3, Thành phố Hồ Chí Minh, Việt Nam",Quận 3,"4669: Bán buôn chuyên doanh khác chưa được phân vào đâu-Chi tiết: Bán buôn đá quý và đá bán quý, đồ trang sức, mua bán vàng trang sức mỹ nghệ (trừ mua bán vàng miếng);4690: Bán buôn tổng hợp-(trừ bán ",internet
316168922,CÔNG TY TNHH THƯƠNG MẠI DỊCH VỤ TỐNG PHÚC LÂM,CÔNG TY TNHH THƯƠNG MẠI DỊCH V,Công ty trách nhiệm hữu hạn hai thành viên trở lên,"85 Cao Thắng, Phường 03, Quận 3, Thành phố Hồ Chí Minh, Việt Nam",Quận 3,"4719: Bán lẻ khác trong các cửa hàng kinh doanh tổng hợp-Chi tiết: Bán lẻ trong trung tâm thương mại, siêu thị (trừ bán lẻ bình gas, khí dầu mỏ hóa lỏng LPG, dầu nhớt cặn, vàng miếng, súng, đạn loại d",internet
316160426,CÔNG TY TNHH THƯƠNG MẠI CÔNG NGHỆ ECOMS,CÔNG TY TNHH THƯƠNG MẠI CÔNG N,Công ty trách nhiệm hữu hạn một thành viên,"Tầng 3, Toà nhà An Phú Plaza, 117-119 Lý Chính Thắng, Phường 07, Quận 3, Thành phố Hồ Chí Minh, Việt Nam",Quận 3,"4651: Bán buôn máy vi tính, thiết bị ngoại vi và phần mềm-;4652: Bán buôn thiết bị và linh kiện điện tử, viễn thông-;4649: Bán buôn đồ dùng khác cho gia đình-;7310: Quảng cáo-;7320: Nghiên cứu thị trư",internet
316159170,CÔNG TY TNHH THƯƠNG MẠI DỊCH VỤ US PRO,CÔNG TY TNHH THƯƠNG MẠI DỊCH V,Công ty trách nhiệm hữu hạn một thành viên,"85 Nguyễn Thông, Phường 09, Quận 3, Thành phố Hồ Chí Minh, Việt Nam",Quận 3,"8230: Tổ chức giới thiệu và xúc tiến thương mại-(không thực hiện các hiệu ứng cháy, nổ, không sử dụng chất nổ, chất cháy, hóa chất làm đạo cụ, dụng cụ thực hiện các chương trình văn nghệ, sự kiện, phi",internet
316168312,CÔNG TY TNHH 3.14,CÔNG TY TNHH 314,Công ty trách nhiệm hữu hạn hai thành viên trở lên,"Tầng 14, Tòa nhà HM Town, 412 Nguyễn Thị Minh Khai, Phường 05, Quận 3, Thành phố Hồ Chí Minh, Việt Nam",Quận 3,"5913: Hoạt động phát hành phim điện ảnh, phim video và chương trình truyền hình-Chi tiết: hoạt động phát hành phim điện ảnh, phim video (trừ sản xuất phim và phát sóng) (không thực hiện",internet
316190325,CÔNG TY TNHH DỊCH VỤ PHÚC LAM VIÊN,CÔNG TY TNHH DỊCH VỤ PHÚC LAM ,Công ty trách nhiệm hữu hạn hai thành viên trở lên,"61 Trần Quốc Thảo, Phường Võ Thị Sáu, Quận 3, Thành phố Hồ Chí Minh, Việt Nam",Quận 3,"1820: Sao chép bản ghi các loại-;3312: Sửa chữa máy móc, thiết bị-;4101: Xây dựng nhà để ở-;4102: Xây dựng nhà không để ở-;4211: Xây dựng công trình đường sắt-;4212: Xây dựng công trình đường bộ-;4932",internet
316172397,CÔNG TY TNHH GIẢI PHÁP NĂNG LƯỢNG AZ,CÔNG TY TNHH GIẢI PHÁP NĂNG LƯ,Công ty trách nhiệm hữu hạn hai thành viên trở lên,"287/57 Nguyễn Đình Chiểu, Phường 05, Quận 3, Thành phố Hồ Chí Minh, Việt Nam",Quận 3,"1030: Chế biến và bảo quản rau quả-;1079: Sản xuất thực phẩm khác chưa được phân vào đâu-Chi tiết: Sản xuất rau củ quả, trái cây tươi - sấy - bột;1399: Sản xuất các loại hàng dệt khác chưa được phân v",internet
316174637,CÔNG TY TNHH PHÁT TRIỂN THƯƠNG MẠI CÁT AN,CÔNG TY TNHH PHÁT TRIỂN THƯƠNG,Công ty trách nhiệm hữu hạn một thành viên,"414/23A Cách Mạng Tháng 8, Phường 11, Quận 3, Thành phố Hồ Chí Minh, Việt Nam",Quận 3,"4649: Bán buôn đồ dùng khác cho gia đình-;4659: Bán buôn máy móc, thiết bị và phụ tùng máy khác-;4651: Bán buôn máy vi tính, thiết bị ngoại vi và phần mềm-;4652: Bán buôn thiết bị và linh kiện điện tử",internet
316207709,CÔNG TY TNHH QURO INDUSTRIES,CÔNG TY TNHH QURO INDUSTRIES,Công ty trách nhiệm hữu hạn hai thành viên trở lên,"Tầng 3, Tòa Nhà An Phú Plaza,117-119 Lý Chính Thắng, Phường 07, Quận 3, Thành phố Hồ Chí Minh, Việt Nam",Quận 3,"4651: Bán buôn máy vi tính, thiết bị ngoại vi và phần mềm-;4652: Bán buôn thiết bị và linh kiện điện tử, viễn thông-;4741: Bán lẻ máy vi tính, thiết bị ngoại vi, phần mềm và thiết bị viễn thông trong ",internet
316185597,CÔNG TY CỔ PHẦN TODOOR,CÔNG TY CỔ PHẦN TODOOR,Công ty cổ phần,"43Đ Kỳ Đồng, Phường 09, Quận 3, Thành phố Hồ Chí Minh, Việt Nam",Quận 3,4722: Bán lẻ thực phẩm trong các cửa hàng chuyên doanh-(Thực hiện theo Quyết định 64/2009/QĐ-UBND ngày 31/7/2009 của Ủy ban nhân dân Thành phố Hồ Chí Minh và Quyết định 79/2009/QĐ-UBND ngày 17/10/2009,internet
316184924,CÔNG TY TNHH CÔNG NGHỆ HARAVIP,CÔNG TY TNHH CÔNG NGHỆ HARAVIP,Công ty trách nhiệm hữu hạn hai thành viên trở lên,"Tầng 14, Tòa Nhà HM Town, 412 Nguyễn Thị Minh Khai, Phường 05, Quận 3, Thành phố Hồ Chí Minh, Việt Nam",Quận 3,"4610: Đại lý, môi giới, đấu giá hàng hóa-Chi tiết: Đại lý, môi giới hàng hóa (trừ môi giới bất động sản); 4513: Đại lý ô tô và xe có động cơ khác-; 5820: Xuất bản phần mềm-Chi tiết: Sản xuất phần mềm.",internet
316191350,CÔNG TY TRÁCH NHIỆM HỮU HẠN LYND VIỆT NAM,CÔNG TY TRÁCH NHIỆM HỮU HẠN LY,Công ty trách nhiệm hữu hạn một thành viên,"Tầng 14, Tòa nhà HM Town, 412 Nguyễn Thị Minh Khai , Phường 05, Quận 3, Thành phố Hồ Chí Minh, Việt Nam",Quận 3,"1079: Sản xuất thực phẩm khác chưa được phân vào đâu-Chi tiết: sản xuất, chế biến, gia công các loại hạt, hạt điều, hạt hạnh nhân, hạt dẻ, hạt macca, hạt sen, hạt óc chó, hạt hồ đào, hạt chia, nho khô",internet
316183906,CÔNG TY TNHH MEDICATEX,CÔNG TY TNHH MEDICATEX,Công ty trách nhiệm hữu hạn hai thành viên trở lên,"199/16 Cách Mạng Tháng 8 , Phường 04, Quận 3, Thành phố Hồ Chí Minh, Việt Nam",Quận 3,"0128: Trồng cây gia vị, cây dược liệu, cây hương liệu lâu năm-(không hoạt động tại trụ sở);1079: Sản xuất thực phẩm khác chưa được phân vào đâu-Chi tiết: sản xuất thực phẩm chức năng. (không hoạt động",internet
316194351,CÔNG TY TNHH THƯƠNG MẠI DỊCH VỤ HOÀNG ANH ROYAL,CÔNG TY TNHH THƯƠNG MẠI DỊCH V,Công ty trách nhiệm hữu hạn một thành viên,"Tầng 3, Tòa nhà An Phú Plaza, 117-119 Lý Chính Thắng, Phường Võ Thị Sáu, Quận 3, Thành phố Hồ Chí Minh, Việt Nam",Quận 3,"4329: Lắp đặt hệ thống xây dựng khác-Chi tiết: lắp đặt pa nô, bảng hiệu quảng cáo, lắp đặt mái hiên di động, dù võng xếp, lắp đặt mái cho sân khấu, nhà lều, rạp cho gian hàng, kệ trưng bày.;4610: Đại ",internet
316169997,CÔNG TY CỔ PHẦN ANT GROUP,CÔNG TY CỔ PHẦN ANT GROUP,Công ty cổ phần,"P102, Tầng 1 - 160 Nam Kỳ Khởi Nghĩa, Phường 06, Quận 3, Thành phố Hồ Chí Minh, Việt Nam",Quận 3,"4649: Bán buôn đồ dùng khác cho gia đình-Chi tiết: Bán buôn dược phẩm và thiết bị y tế; 4633: Bán buôn đồ uống-;4631: Bán buôn gạo, lúa mỳ, hạt ngũ cốc khác, bột mỳ-(không hoạt động tại trụ sở);4662: ",internet
316223267,CÔNG TY TNHH MỘT THÀNH VIÊN VIỆT NAM T&I,CÔNG TY TNHH MỘT THÀNH VIÊN VI,Công ty trách nhiệm hữu hạn một thành viên,"14/40F Kỳ Đồng, Phường 09, Quận 3, Thành phố Hồ Chí Minh, Việt Nam",Quận 3,"7020: Hoạt động tư vấn quản lý-(trừ tư vấn tài chính, kế toán, pháp lý).;7120: Kiểm tra và phân tích kỹ thuật-;7221: Nghiên cứu khoa học và phát triển công nghệ trong lĩnh vực khoa học xã hội-;7222: N",internet
316197151,CÔNG TY CỔ PHẦN ĐẦU TƯ THƯƠNG MẠI VÀ DỊCH VỤ SUN-REAL,CÔNG TY CỔ PHẦN ĐẦU TƯ THƯƠNG ,Công ty cổ phần,"Tầng 14, Tòa nhà HM Town, 412 Nguyễn Thị Minh Khai, Phường 05, Quận 3, Thành phố Hồ Chí Minh, Việt Nam",Quận 3,"5820: Xuất bản phần mềm-Chi tiết: sản xuất, gia công phần mềm;6820: Tư vấn, môi giới, đấu giá bất động sản, đấu giá quyền sử dụng đất-Chi tiết: Tư vấn, môi giới bất động sản.;6810: Kinh doanh bất động",internet
316199448,CÔNG TY TNHH THƯƠNG MẠI XÂY DỰNG ĐÔ THỊ MỚI,CÔNG TY TNHH THƯƠNG MẠI XÂY DỰ,Công ty trách nhiệm hữu hạn một thành viên,"Tầng 3, Tòa Nhà An Phú Plaza, 117-119 Lý Chính Thắng, Phường 07, Quận 3, Thành phố Hồ Chí Minh, Việt Nam",Quận 3,"0810: Khai thác đá, cát, sỏi, đất sét-(không hoạt động tại trụ sở);1622: Sản xuất đồ gỗ xây dựng-(không hoạt động tại trụ sở);5224: Bốc xếp hàng hóa-(trừ bốc xếp hàng hóa cảng hàng không).;3319: Sửa c",internet
316201312,CÔNG TY TNHH TRUYỀN THÔNG QUẢNG CÁO FELIX,CÔNG TY TNHH TRUYỀN THÔNG QUẢN,Công ty trách nhiệm hữu hạn một thành viên,"Tòa Nhà An Phú Plaza, 117-119 Lý Chính Thắng, Phường Võ Thị Sáu, Quận 3, Thành phố Hồ Chí Minh, Việt Nam",Quận 3,"5912: Hoạt động hậu kỳ-(Trừ sản xuất phim, phát sóng và không thực hiện các hiệu ứng cháy, nổ, không sử dụng chất nổ, chất cháy, hóa chất làm đạo cụ, dụng cụ thực hiện các chương trình văn nghệ, sự ki",internet
316205966,CÔNG TY TNHH DỊCH VỤ TƯ VẤN ĐẦU TƯ HOÀNG GIA,CÔNG TY TNHH DỊCH VỤ TƯ VẤN ĐẦ,Công ty trách nhiệm hữu hạn một thành viên,"21/14 Lý Chính Thắng, Phường Võ Thị Sáu, Quận 3, Thành phố Hồ Chí Minh, Việt Nam",Quận 3,"6619: Hoạt động hỗ trợ dịch vụ tài chính chưa được phân vào đâu-Chi tiết: Tư vấn đầu tư (trừ tư vấn tài chính, kế toán, pháp lý);7020: Hoạt động tư vấn quản lý-(trừ tư vấn tài chính, kế toán, pháp luậ",internet
316226596,CÔNG TY TNHH XUẤT NHẬP KHẨU LIME FRUITS,CÔNG TY TNHH XUẤT NHẬP KHẨU LI,Công ty trách nhiệm hữu hạn hai thành viên trở lên,"Số 5 Lý Chính Thắng, Phường 08, Quận 3, Thành phố Hồ Chí Minh, Việt Nam",Quận 3,8299: Hoạt động dịch vụ hỗ trợ kinh doanh khác còn lại chưa được phân vào đâu-Chi tiết: Xuất nhập khẩu các mặt hàng công ty kinh doanh.;7410: Hoạt động thiết kế chuyên dụng-Chi tiết: hoạt động trang t,internet
316210187,CÔNG TY TNHH QUỐC TẾ MEDI,CÔNG TY TNHH QUỐC TẾ MEDI,Công ty trách nhiệm hữu hạn hai thành viên trở lên,"Tầng 5, tòa nhà Songdo, 62A Phạm Ngọc Thạch, Phường 06, Quận 3, Thành phố Hồ Chí Minh, Việt Nam",Quận 3,"4649: Bán buôn đồ dùng khác cho gia đình-Chi tiết: Bán buôn nước hoa, hàng mỹ phẩm và chế phẩm vệ sinh; Bán buôn dược phẩm và dụng cụ y tế, khẩu trang y tế;;4632: Bán buôn thực phẩm-Chi tiết: Bán buôn",internet
316206550,CÔNG TY TNHH SUNSEAP COMMERCIAL & INDUSTRIAL ASSETS (VIỆT NAM),CÔNG TY TNHH SUNSEAP COMMERCIA,Công ty trách nhiệm hữu hạn một thành viên,"Tầng 5, Tòa nhà số 81 Cao Thắng, Phường 03, Quận 3, Thành phố Hồ Chí Minh, Việt Nam",Quận 3,"7020: Hoạt động tư vấn quản lý-(CPC 8650); 3320: Lắp đặt máy móc và thiết bị công nghiệp-Chi tiết: Lắp đặt, sửa chữa máy móc và thiết bị công nghiệp (CPC 885); 4690: Bán buôn tổng hợp-Chi tiết: Thực h",internet
316234519,CÔNG TY CỔ PHẦN LA MAISON DU TEMPS,CÔNG TY CỔ PHẦN LA MAISON DU T,Công ty cổ phần,"107/16 Trương Định, Phường 06, Quận 3, Thành phố Hồ Chí Minh, Việt Nam",Quận 3,"4791: Bán lẻ theo yêu cầu đặt hàng qua bưu điện hoặc internet-(trừ bán lẻ bình gas, khí dầu mỏ hóa lỏng LPG, dầu nhớt cặn, vàng miếng, súng, đạn loại dùng đi săn hoặc thể thao và tiền kim khí và thực ",internet
316236900,CÔNG TY CỔ PHẦN  CÔNG NGHỆ MEMOZONE,CÔNG TY CỔ PHẦN  CÔNG NGHỆ MEM,Công ty cổ phần,"Tầng 14, Tòa nhà HM Town, 412 Nguyễn Thị Minh Khai, Phường 05, Quận 3, Thành phố Hồ Chí Minh, Việt Nam",Quận 3,7320: Nghiên cứu thị trường và thăm dò dư luận-Chi tiết: nghiên cứu  thị trường (trừ các loại thông tin Nhà Nước cấm và dịch vụ điều tra);7410: Hoạt động thiết kế chuyên dụng-Chi tiết: thiết kế websit,internet
316228473,CÔNG TY TNHH PNS NETWORKS VINA,CÔNG TY TNHH PNS NETWORKS VINA,Công ty trách nhiệm hữu hạn một thành viên,"72 Nguyễn Thị Minh Khai, Phường 06, Quận 3, Thành phố Hồ Chí Minh, Việt Nam",Quận 3,5229: Hoạt động dịch vụ hỗ trợ khác liên quan đến vận tải-- Chi tiết: Dịch vụ đại lý vận tải hàng hóa (Bao gồm cả dịch vụ giao nhận hàng hoá. Các dịch vụ này bao gồm các hoạt động tổ chức và điều hành,network
316217979,CÔNG TY TNHH THƯƠNG MẠI DỊCH VỤ PHẦN MỀM AHLUSTORE,CÔNG TY TNHH THƯƠNG MẠI DỊCH V,Công ty trách nhiệm hữu hạn hai thành viên trở lên,"Tầng 14, Tòa Nhà HM Town, 412 Nguyễn Thị Minh Khai, Phường 05, Quận 3, Thành phố Hồ Chí Minh, Việt Nam",Quận 3,"6311: Xử lý dữ liệu, cho thuê và các hoạt động liên quan-;6312: Cổng thông tin-;5820: Xuất bản phần mềm-Chi tiết: sản xuất, gia công phần mềm;4651: Bán buôn máy vi tính, thiết bị ngoại vi và phần mềm-",internet
316221414,CÔNG TY TNHH THƯƠNG MẠI DỊCH VỤ CÔNG NGHỆ H&A,CÔNG TY TNHH THƯƠNG MẠI DỊCH V,Công ty trách nhiệm hữu hạn một thành viên,"Tầng 14, Tòa Nhà HM Town, 412 Nguyễn Thị Minh Khai, Phường 05, Quận 3, Thành phố Hồ Chí Minh, Việt Nam",Quận 3,"4651: Bán buôn máy vi tính, thiết bị ngoại vi và phần mềm-;4652: Bán buôn thiết bị và linh kiện điện tử, viễn thông-;4659: Bán buôn máy móc, thiết bị và phụ tùng máy khác-;4741: Bán lẻ máy vi tính, th",internet
316238577,CÔNG TY TNHH LCS-CA,CÔNG TY TNHH LCSCA,Công ty trách nhiệm hữu hạn hai thành viên trở lên,"210/16A Cách Mạng Tháng Tám, Phường 10, Quận 3, Thành phố Hồ Chí Minh, Việt Nam",Quận 3,"6209: Hoạt động dịch vụ công nghệ thông tin và dịch vụ khác liên quan đến máy vi tính-Chi tiết: Thiết kế hệ thống máy tính tích hợp với phần cứng, phần mềm và với các công nghệ truyền thông, dịch vụ q",internet
316228346,CÔNG TY TNHH THƯƠNG MẠI VÀ DỊCH VỤ THẨM MỸ THÀNH THỊNH PHÁT,CÔNG TY TNHH THƯƠNG MẠI VÀ DỊC,Công ty trách nhiệm hữu hạn hai thành viên trở lên,"165/5A Nguyễn Phúc Nguyên, Phường 10, Quận 3, Thành phố Hồ Chí Minh, Việt Nam",Quận 3,"4772: Bán lẻ thuốc, dụng cụ y tế, mỹ phẩm và vật phẩm vệ sinh trong các cửa hàng chuyên doanh-;4791: Bán lẻ theo yêu cầu đặt hàng qua bưu điện hoặc internet-(trừ bán lẻ hóa chất, khí dầu mỏ hóa lỏng L",internet
316233441,CÔNG TY TNHH TƯ VẤN THƯƠNG MẠI DỊCH VỤ GIẢI TRÍ M.A.U COLLECTIVE,CÔNG TY TNHH TƯ VẤN THƯƠNG MẠI,Công ty trách nhiệm hữu hạn một thành viên,"371/4 Hai Bà Trưng , Phường Võ Thị Sáu, Quận 3, Thành phố Hồ Chí Minh, Việt Nam",Quận 3,"9000: Hoạt động sáng tác, nghệ thuật và giải trí-(Cam kết không thực hiện các hiệu ứng cháy, nổ; không sử dụng chất nổ, chất cháy, hoá chất làm đạo cụ, dụng cụ thực hiện các chương trình văn nghệ, sự ",internet
316258421,CÔNG TY TNHH TM - DV CƠ ĐIỆN THẾ ANH,CÔNG TY TNHH TM  DV CƠ ĐIỆN TH,Công ty trách nhiệm hữu hạn một thành viên,"Số 481 (Tầng 4) Điện Biên Phủ, Phường 03, Quận 3, Thành phố Hồ Chí Minh, Việt Nam",Quận 3,4299: Xây dựng công trình kỹ thuật dân dụng khác-Chi tiết: - Xây dựng công trình kỹ thuật dân dụng và công nghiệp;4311: Phá dỡ-;4312: Chuẩn bị mặt bằng-;4321: Lắp đặt hệ thống điện-(trừ gia công cơ kh,internet
316227247,CÔNG TY TNHH THƯƠNG MẠI DỊCH VỤ VIỄN ĐIỀN,CÔNG TY TNHH THƯƠNG MẠI DỊCH V,Công ty trách nhiệm hữu hạn một thành viên,"140/1 Lý Chính Thắng, Phường Võ Thị Sáu, Quận 3, Thành phố Hồ Chí Minh, Việt Nam",Quận 3,"5912: Hoạt động hậu kỳ-- (trừ sản xuất phim, phát sóng và không thực hiện các hiệu ứng cháy, nổ; không sử dụng chất nổ, chất cháy, hóa chất làm đạo cụ, dụng cụ thực hiện các chương trình văn nghệ, sự ",internet
316222898,CÔNG TY TNHH FOS RESOURCE,CÔNG TY TNHH FOS RESOURCE,Công ty trách nhiệm hữu hạn một thành viên,"Tầng 14, Tòa Nhà HM Town, 412 Nguyễn Thị Minh Khai, Phường 05, Quận 3, Thành phố Hồ Chí Minh, Việt Nam",Quận 3,"6311: Xử lý dữ liệu, cho thuê và các hoạt động liên quan-;6201: Lập trình máy vi tính-;6202: Tư vấn máy vi tính và quản trị hệ thống máy vi tính-;6209: Hoạt động dịch vụ công nghệ thông tin và dịch vụ",internet
316245711,CÔNG TY CỔ PHẦN TESLA POWER,CÔNG TY CỔ PHẦN TESLA POWER,Công ty cổ phần,"Tầng 3, Tòa nhà ACM, 96 Cao Thắng, Phường 04, Quận 3, Thành phố Hồ Chí Minh, Việt Nam",Quận 3,"4390: Hoạt động xây dựng chuyên dụng khác-;4610: Đại lý, môi giới, đấu giá hàng hóa-Chi tiết: Đại lý.;4649: Bán buôn đồ dùng khác cho gia đình-Chi tiết: Bán buôn, xuất nhập khẩu hàng trang trí nội thấ",internet
316244404,CÔNG TY TNHH THIẾT BỊ Y TẾ THÀNH ĐẠT,CÔNG TY TNHH THIẾT BỊ Y TẾ THÀ,Công ty trách nhiệm hữu hạn một thành viên,"176 Võ Thị Sáu , Phường 07, Quận 3, Thành phố Hồ Chí Minh, Việt Nam",Quận 3,"4669: Bán buôn chuyên doanh khác chưa được phân vào đâu-Chi tiết : Bán buôn hoá chất ( trừ hoá chất sử dụng trong nông nghiệp và hoá chất có tính độc hại mạnh ) 
(Doanh nghiệp chỉ được kinh doanh kể t",internet
316250260,CÔNG TY CỔ PHẦN BRIGHT JAPAN,CÔNG TY CỔ PHẦN BRIGHT JAPAN,Công ty cổ phần,"232/11 Võ Thị Sáu, Phường 07, Quận 3, Thành phố Hồ Chí Minh, Việt Nam",Quận 3,"5011: Vận tải hành khách ven biển và viễn dương-Chi tiết: Vận tải hành khách ven biển và viễn dương, theo lịch trình hoặc không theo lịch trình;7810: Hoạt động của các trung tâm, đại lý tư vấn, giới t",internet
316242319,CÔNG TY TNHH NÉT ĐẸP QUANTUM NANO,CÔNG TY TNHH NÉT ĐẸP QUANTUM N,Công ty trách nhiệm hữu hạn một thành viên,"153/8/11 Nguyễn Thông, Phường 09, Quận 3, Thành phố Hồ Chí Minh, Việt Nam",Quận 3,"4649: Bán buôn đồ dùng khác cho gia đình-Chi tiết: Bán buôn hàng mỹ phẩm và chế phẩm vệ sinh; Bán buôn các loại mỹ phẩm, hóa mỹ phẩm, sản phẩm thảo dược về chăm sóc da và làm đẹp.;7310: Quảng cáo-Chi ",internet
316243390,"CÔNG TY TNHH THƯƠNG MẠI, XUẤT NHẬP KHẨU CLOUD CORP",CÔNG TY TNHH THƯƠNG MẠI XUẤT ,Công ty trách nhiệm hữu hạn một thành viên,"13C Nguyễn Văn Mai, Phường 08, Quận 3, Thành phố Hồ Chí Minh, Việt Nam",Quận 3,"4719: Bán lẻ  khác trong các cửa hàng kinh doanh tổng hợp-Chi tiết: Bán lẻ quần áo, giày dép, mỹ phẩm, hàng may mặc và nước hoa.
(trừ bán lẻ hóa chất, khí dầu mỏ hóa lỏng LPG, dầu nhớt cặn, vàng miếng",internet
316257259,CÔNG TY TNHH MỘC KHOA,CÔNG TY TNHH MỘC KHOA,Công ty trách nhiệm hữu hạn hai thành viên trở lên,"235/46 Nam Kỳ Khởi Nghĩa, Phường 07, Quận 3, Thành phố Hồ Chí Minh, Việt Nam",Quận 3,5610: Nhà hàng và các dịch vụ ăn uống phục vụ lưu động-;5621: Cung cấp dịch vụ ăn uống theo hợp đồng không thường xuyên với khách hàng-;5629: Dịch vụ ăn uống khác-;5630: Dịch vụ phục vụ đồ uống-(trừ h,internet
316249191,CÔNG TY TNHH CÔNG NGHIỆP ĐƯỜNG ỐNG VIỆT NAM,CÔNG TY TNHH CÔNG NGHIỆP ĐƯỜNG,Công ty trách nhiệm hữu hạn một thành viên,"Tầng 5, Tòa nhà Songdo, 62A Phạm Ngọc Thạch, Phường 06, Quận 3, Thành phố Hồ Chí Minh, Việt Nam",Quận 3,"2410: Sản xuất sắt, thép, gang-;2431: Đúc sắt, thép-;2432: Đúc kim loại màu-;2511: Sản xuất các cấu kiện kim loại-;2512: Sản xuất thùng, bể chứa và dụng cụ chứa đựng bằng kim loại-;2591: Rèn, dập, ép ",internet
316238633,CÔNG TY TNHH DỊCH VỤ GIAO NHẬN AN CÁT TƯỜNG,CÔNG TY TNHH DỊCH VỤ GIAO NHẬN,Công ty trách nhiệm hữu hạn một thành viên,"20/42 đường Kỳ Đồng, Phường 09, Quận 3, Thành phố Hồ Chí Minh, Việt Nam",Quận 3,"4669: Bán buôn chuyên doanh khác chưa được phân vào đâu-(trừ bán buôn bình gas, khí dầu mỏ hóa lỏng lpg, dầu nhớt cặn, vàng miếng, súng, đạn loại dùng đi săn hoặc thể thao và tiền kim khí; trừ bán buô",internet
316287158,CÔNG TY TNHH THƯƠNG MẠI DỊCH VỤ PHÁT HÀ GIANG,CÔNG TY TNHH THƯƠNG MẠI DỊCH V,Công ty trách nhiệm hữu hạn một thành viên,"248/15 Pasteur, Phường Võ Thị Sáu, Quận 3, Thành phố Hồ Chí Minh, Việt Nam",Quận 3,"4741: Bán lẻ máy vi tính, thiết bị ngoại vi, phần mềm và thiết bị viễn thông trong các cửa hàng chuyên doanh-;4652: Bán buôn thiết bị và linh kiện điện tử, viễn thông-;4651: Bán buôn máy vi tính, thiế",internet
316268282,CÔNG TY TNHH ĐẦU TƯ VÀ PHÁT TRIỂN MCP,CÔNG TY TNHH ĐẦU TƯ VÀ PHÁT TR,Công ty trách nhiệm hữu hạn một thành viên,"389 Hai Bà Trưng, Phường Võ Thị Sáu, Quận 3, Thành phố Hồ Chí Minh, Việt Nam",Quận 3,"4634: Bán buôn sản phẩm thuốc lá, thuốc lào-;4690: Bán buôn tổng hợp-(trừ bán buôn bình gas, súng, đạn loại dùng đi săn hoặc thể thao, tiền kim khí và mua bán vàng miếng, thực hiện theo quyết định 64/",internet
316287239,CÔNG TY TNHH KHẢI HOÀNG MINH,CÔNG TY TNHH KHẢI HOÀNG MINH,Công ty trách nhiệm hữu hạn hai thành viên trở lên,"Tầng 14, Tòa nhà HM Town, 412 Nguyễn Thị Minh Khai, Phường 05, Quận 3, Thành phố Hồ Chí Minh, Việt Nam",Quận 3,"7310: Quảng cáo-;7320: Nghiên cứu thị trường và thăm dò dư luận-(trừ dịch vụ điều tra và các loại thông tin nhà nước cấm);7810: Hoạt động của các trung tâm, đại lý tư vấn, giới thiệu và môi giới lao đ",internet
316289500,CÔNG TY CỔ PHẦN NÔNG NGHIỆP XANH NGỌC KIỀU,CÔNG TY CỔ PHẦN NÔNG NGHIỆP XA,Công ty cổ phần,"Số 543/79 Nguyễn Đình Chiểu, Phường 02, Quận 3, Thành phố Hồ Chí Minh, Việt Nam",Quận 3,"8299: Hoạt động dịch vụ hỗ trợ kinh doanh khác còn lại chưa được phân vào đâu-Chi tiết: Xuất nhập khẩu các mặt hàng Công ty kinh doanh;4620: Bán buôn nông, lâm sản nguyên liệu (trừ gỗ, tre, nứa) và độ",internet
316280586,CÔNG TY TNHH THIẾT KẾ & XÂY DỰNG NỘI THẤT MERAKI,CÔNG TY TNHH THIẾT KẾ  XÂY DỰN,Công ty trách nhiệm hữu hạn một thành viên,"358/6/25 Cách Mạng Tháng 8, Phường 10, Quận 3, Thành phố Hồ Chí Minh, Việt Nam",Quận 3,"6312: Cổng thông tin-;6190: Hoạt động viễn thông khác-Chi tiết: Hoạt động viễn thông khác chưa được phân vào đâu; Hoạt động của các điểm truy cập internet (trừ bán lại hạ tầng viễn thông, mạng cung cấ",internet
316273853,CÔNG TY TNHH THE HUNTERGROUP HOLDINGS,CÔNG TY TNHH THE HUNTERGROUP H,Công ty trách nhiệm hữu hạn một thành viên,"số 386/21B Đường Lê Văn Sỹ, Phường 14, Quận 3, Thành phố Hồ Chí Minh, Việt Nam",Quận 3,"3290: Sản xuất khác chưa được phân vào đâu-Chi tiết: Gia công, lắp đặt bảng hiệu, hộp đèn, pa nô quảng cáo (trừ gia công cơ khí, tái chế phế thải, xi mạ điện, sản xuất gốm - sứ - thủy tinh, luyện cán ",internet
316314193,CÔNG TY TNHH CÔNG NGHỆ ITOUCH,CÔNG TY TNHH CÔNG NGHỆ ITOUCH,Công ty trách nhiệm hữu hạn hai thành viên trở lên,"47/34 Trần Quốc Toản, Phường 08, Quận 3, Thành phố Hồ Chí Minh, Việt Nam",Quận 3,"1020: Chế biến, bảo quản thuỷ sản và các sản phẩm từ thuỷ sản-;1410: May trang phục (trừ trang phục từ da lông thú)-;1430: Sản xuất trang phục dệt kim, đan móc-;1629: Sản xuất sản phẩm khác từ gỗ; sản",internet
316306160,CÔNG TY TNHH HẠT DINH DƯỠNG TÂY NGUYÊN,CÔNG TY TNHH HẠT DINH DƯỠNG TÂ,Công ty trách nhiệm hữu hạn hai thành viên trở lên,"2/44 Đường số 7, Cư Xá Đô Thành, Phường 04, Quận 3, Thành phố Hồ Chí Minh, Việt Nam",Quận 3,"4632: Bán buôn thực phẩm-(không hoạt động tại trụ sở);4633: Bán buôn đồ uống-;4641: Bán buôn vải, hàng may mặc, giày dép-;4649: Bán buôn đồ dùng khác cho gia đình-;4653: Bán buôn máy móc, thiết bị và ",internet
316292782,CÔNG TY CỔ PHẦN BERNARD HEALTHCARE,CÔNG TY CỔ PHẦN BERNARD HEALTH,Công ty cổ phần,"201 Nam Kỳ Khởi Nghĩa, Phường 07, Quận 3, Thành phố Hồ Chí Minh, Việt Nam",Quận 3,"5912: Hoạt động hậu kỳ-(trừ sản xuất phim và không thực hiện các hiệu ứng cháy, nổ; không sử dụng chất nổ, chất cháy, hóa chất làm đạo cụ, dụng cụ thực hiện các chương trình văn nghệ, sự kiện, phim ản",internet
316284365,CÔNG TY TNHH THƯƠNG MẠI ĐẦU TƯ NODA,CÔNG TY TNHH THƯƠNG MẠI ĐẦU TƯ,Công ty trách nhiệm hữu hạn hai thành viên trở lên,"290/13A Nam Kỳ Khởi Nghĩa, Phường 08, Quận 3, Thành phố Hồ Chí Minh, Việt Nam",Quận 3,4390: Hoạt động xây dựng chuyên dụng khác-(không hoạt động tại trụ sở).;4101: Xây dựng nhà để ở-(không hoạt động tại trụ sở).;4299: Xây dựng công trình kỹ thuật dân dụng khác-(không hoạt động tại trụ ,internet
316319096,CÔNG TY TNHH THƯƠNG MẠI DỊCH VỤ XÂY DỰNG VÀ VẬN TẢI NGUYÊN MINH,CÔNG TY TNHH THƯƠNG MẠI DỊCH V,Công ty trách nhiệm hữu hạn một thành viên,"P403 Tầng 4, Tòa Nhà TPP Số 141 Nguyễn Đình Chiểu, Phường Võ Thị Sáu, Quận 3, Thành phố Hồ Chí Minh, Việt Nam",Quận 3,"0810: Khai thác đá, cát, sỏi, đất sét-( không hoạt động tại trụ sở);0892: Khai thác và thu gom than bùn-( không hoạt động tại trụ sở);1622: Sản xuất đồ gỗ xây dựng-;2396: Cắt tạo dáng và hoàn thiện đá",internet
316276205,CÔNG TY TNHH TPL HOMEY,CÔNG TY TNHH TPL HOMEY,Công ty trách nhiệm hữu hạn hai thành viên trở lên,"99 Trần Quốc Toản, Phường 07, Quận 3, Thành phố Hồ Chí Minh, Việt Nam",Quận 3,"4791: Bán lẻ theo yêu cầu đặt hàng qua bưu điện hoặc internet-(trừ bán lẻ hóa chất, khí dầu mỏ hóa lỏng LPG, dầu nhớt cặn, vàng miếng, súng, đạn loại dùng đi săn hoặc thể thao và",internet
316313094,CÔNG TY TNHH ĐẦU TƯ VÀ PHÁT TRIỂN THƯƠNG HIỆU ẤN NAM,CÔNG TY TNHH ĐẦU TƯ VÀ PHÁT TR,Công ty trách nhiệm hữu hạn hai thành viên trở lên,"47/34 Trần Quốc Toản, Phường 08, Quận 3, Thành phố Hồ Chí Minh, Việt Nam",Quận 3,"6311: Xử lý dữ liệu, cho thuê và các hoạt động liên quan-;6312: Cổng thông tin-Chi tiết: Thiết lập trang thông tin điện tử tổng hợp.;6619: Hoạt động hỗ trợ dịch vụ tài chính chưa được phân vào đâu-Chi",internet
316322395,CÔNG TY CỔ PHẦN KINH DOANH BẤT ĐỘNG SẢN DINH HƯNG,CÔNG TY CỔ PHẦN KINH DOANH BẤT,Công ty cổ phần,"25 Trần Quốc Thảo, Phường 06, Quận 3, Thành phố Hồ Chí Minh, Việt Nam",Quận 3,"4773: Bán lẻ hàng hóa khác mới trong các cửa hàng chuyên doanh-Chi tiết: Bán lẻ hàng lưu niệm, hàng đan lát, gốm sứ mỹ nghệ, hàng thủ công mỹ nghệ trong các cửa hàng chuyên doanh; Mua bán vàng trang s",internet
316315454,CÔNG TY TNHH VẬN TẢI ĐẶNG PHÚC,CÔNG TY TNHH VẬN TẢI ĐẶNG PHÚC,Công ty trách nhiệm hữu hạn một thành viên,"Tầng 3, Tòa Nhà An Phú Plaza, 117-119 Lý Chính Thắng, Phường Võ Thị Sáu, Quận 3, Thành phố Hồ Chí Minh, Việt Nam",Quận 3,4933: Vận tải hàng hóa bằng đường bộ-Chi tiết: Kinh doanh vận tải hàng hóa bằng đường bộ (Trừ hóa lỏng khí để vận chuyển );5022: Vận tải hàng hóa đường thuỷ nội địa-Chi tiết: Kinh doanh vận tải hàng h,internet
316308545,CÔNG TY TNHH THI CÔNG XÂY DỰNG CÔNG TRÌNH MINH PHƯƠNG,CÔNG TY TNHH THI CÔNG XÂY DỰNG,Công ty trách nhiệm hữu hạn một thành viên,"160 Nam Kỳ Khởi Nghĩa, Phường Võ Thị Sáu, Quận 3, Thành phố Hồ Chí Minh, Việt Nam",Quận 3,"4329: Lắp đặt hệ thống xây dựng khác-Chi tiết: Thi công lắp đặt hệ thống viễn thông. Lắp đặt hệ thống dầu khí;4322: Lắp đặt hệ thống cấp, thoát nước, hệ thống sưởi và điều hoà không khí-Chi tiết: Lắp ",internet
316333975,CÔNG TY TNHH WINGS N WIND,CÔNG TY TNHH WINGS N WIND,Công ty trách nhiệm hữu hạn hai thành viên trở lên,"38E Trần Cao Vân, Phường 06, Quận 3, Thành phố Hồ Chí Minh, Việt Nam",Quận 3,"2511: Sản xuất các cấu kiện kim loại-;2512: Sản xuất thùng, bể chứa và dụng cụ chứa đựng bằng kim loại-;2591: Rèn, dập, ép và cán kim loại; luyện bột kim loại-;2592: Gia công cơ khí; xử lý và tráng ph",internet
316313513,CÔNG TY TNHH QOALA TECHNOLOGY,CÔNG TY TNHH QOALA TECHNOLOGY,Công ty trách nhiệm hữu hạn một thành viên,"29 Nguyễn Văn Mai, Phường 08, Quận 3, Thành phố Hồ Chí Minh, Việt Nam",Quận 3,6622: Hoạt động của đại lý và môi giới bảo hiểm-Chi tiết: Các dịch vụ hỗ trợ đại lý bảo hiểm (CPC: 81401);6201: Lập trình máy vi tính-Chi tiết: Dịch vụ thực hiện phần mềm (CPC: 842);6202: Tư vấn máy v,technology
316323180,CÔNG TY TNHH XÂY DỰNG THIẾT KẾ KIẾN MINH LONG,CÔNG TY TNHH XÂY DỰNG THIẾT KẾ,Công ty trách nhiệm hữu hạn một thành viên,"Tầng 3, Tòa Nhà An Phú Plaza, 117-119 Lý Chính Thắng, Phường 07, Quận 3, Thành phố Hồ Chí Minh, Việt Nam",Quận 3,"4329: Lắp đặt hệ thống xây dựng khác-Chi tiết: Thi công lắp đặt hệ thống điện, nước;4322: Lắp đặt hệ thống cấp, thoát nước, hệ thống sưởi và điều hoà không khí-Chi tiết: Lắp đặt hệ thống cấp, thoát nư",internet
316342088,CÔNG TY TNHH  ĐẦU TƯ ESTABLISHMENT,CÔNG TY TNHH  ĐẦU TƯ ESTABLISH,Công ty trách nhiệm hữu hạn hai thành viên trở lên,"595/61 Nguyễn Đình Chiểu, Phường 02, Quận 3, Thành phố Hồ Chí Minh, Việt Nam",Quận 3,"8230: Tổ chức giới thiệu và xúc tiến thương mại-Chi tiết: Tổ chức sự kiện, xúc tiến thương mại (không thực hiện các hiệu ứng cháy, nổ; không sử dụng chất nổ, chất cháy, hóa chất làm đạo cụ, dụng cụ th",internet
316337144,CÔNG TY TNHH PROTECT,CÔNG TY TNHH PROTECT,Công ty trách nhiệm hữu hạn hai thành viên trở lên,"81 Đường số 1, Cư xá Đô Thành, Phường 04, Quận 3, Thành phố Hồ Chí Minh, Việt Nam",Quận 3,"7810: Hoạt động của các trung tâm, đại lý tư vấn, giới thiệu và môi giới lao động, việc làm-Chi tiết: Hoạt động của các đaị lý tư vấn, giới thiệu và môi giới lao động, việc làm;7820: Cun",internet
316324321,CÔNG TY TNHH THƯƠNG MẠI DỊCH VỤ XÂY DỰNG HUỲNH ĐỨC,CÔNG TY TNHH THƯƠNG MẠI DỊCH V,Công ty trách nhiệm hữu hạn một thành viên,"Saigon Prime Building 107-109-111 Nguyễn Đình Chiểu, Phường Võ Thị Sáu, Quận 3, Thành phố Hồ Chí Minh, Việt Nam",Quận 3,"4329: Lắp đặt hệ thống xây dựng khác-Chi tiết: Thi công lắp đặt hệ thống điện, nước;4322: Lắp đặt hệ thống cấp, thoát nước, hệ thống sưởi và điều hoà không khí-Chi tiết: Lắp đặt hệ thống cấp, thoát nư",internet
316347304,CÔNG TY TNHH XÂY DỰNG CÔNG TRÌNH QUỐC DŨNG,CÔNG TY TNHH XÂY DỰNG CÔNG TRÌ,Công ty trách nhiệm hữu hạn một thành viên,"Tầng 3, Tòa Nhà An Phú Plaza, 117-119 Lý Chính Thắng, Phường Võ Thị Sáu, Quận 3, Thành phố Hồ Chí Minh, Việt Nam",Quận 3,"7730: Cho thuê máy móc, thiết bị và đồ dùng hữu hình khác không kèm người điều khiển-Chi tiết: Cho thuê máy móc thiết bị ngành xây dựng; Cho thuê máy móc, thiết bị ngành vận tải, dầu khí, viễn thông;4",internet
316354742,CÔNG TY CỔ PHẦN GROVE DISTRIBUTION,CÔNG TY CỔ PHẦN GROVE DISTRIBU,Công ty cổ phần,"212 Pasteur, Phường Võ Thị Sáu, Quận 3, Thành phố Hồ Chí Minh, Việt Nam",Quận 3,"4632: Bán buôn thực phẩm-Chi tiết: Bán buôn rau, củ quả; Bán buôn thịt và các sản phẩm từ thịt; Bán buôn thủy sản; Bán buôn cà phê; Bán buôn chè; Bán buôn đường, sữa và các sản phẩm sữa, bánh kẹo và c",internet
316332347,CÔNG TY TNHH QUANG TẤN PHÁT,CÔNG TY TNHH QUANG TẤN PHÁT,Công ty trách nhiệm hữu hạn một thành viên,"134/1/16A Cách Mạng Tháng Tám, Phường 10, Quận 3, Thành phố Hồ Chí Minh, Việt Nam",Quận 3,"4649: Bán buôn đồ dùng khác cho gia đình-Chi tiết: Bán buôn đồ điện gia dụng, đèn và bộ đèn điện;4711: Bán lẻ lương thực, thực phẩm, đồ uống, thuốc lá, thuốc lào chiếm tỷ trọng lớn trong các cửa hàng ",internet
316325981,CÔNG TY TNHH THƯƠNG MẠI - DỊCH VỤ HANA GOODS,CÔNG TY TNHH THƯƠNG MẠI  DỊCH ,Công ty trách nhiệm hữu hạn một thành viên,"Số 508/22 Đường Cách Mạng Tháng 8, Phường 11, Quận 3, Thành phố Hồ Chí Minh, Việt Nam",Quận 3,"0121: Trồng cây ăn quả-;0163: Hoạt động dịch vụ sau thu hoạch-;1020: Chế biến, bảo quản thuỷ sản và các sản phẩm từ thuỷ sản-;1030: Chế biến và bảo quản rau quả-;1050: Chế biến sữa và các sản phẩm từ ",internet
316341510,CÔNG TY TNHH THƯƠNG MẠI DỊCH VỤ XÂY DỰNG KIM DƯƠNG,CÔNG TY TNHH THƯƠNG MẠI DỊCH V,Công ty trách nhiệm hữu hạn một thành viên,"P403 Tầng 4, Tòa Nhà TPP Số 141 Nguyễn Đình Chiểu, Phường Võ Thị Sáu, Quận 3, Thành phố Hồ Chí Minh, Việt Nam",Quận 3,"4329: Lắp đặt hệ thống xây dựng khác-Chi tiết: Thi công lắp đặt hệ thống viễn thông. Lắp đặt hệ thống dầu khí;4322: Lắp đặt hệ thống cấp, thoát nước, hệ thống sưởi và điều hoà không khí-Chi tiết: Lắp ",internet
316362542,CÔNG TY CỔ PHẦN ACE GAME,CÔNG TY CỔ PHẦN ACE GAME,Công ty cổ phần,"Tầng 14, Tòa Nhà HM Town, Số 412 Nguyễn Thị Minh Khai, Phường 05, Quận 3, Thành phố Hồ Chí Minh, Việt Nam",Quận 3,"2630: Sản xuất thiết bị truyền thông-( không sản xuất đồ chơi có hại cho giáo dục nhân cách , sức khoẻ của trẻ em hoặc ảnh hưởng đến an ninh trật tự, an toàn xã hội );3240: Sản xuất đồ chơi, trò chơi-",internet
316333982,CÔNG TY TNHH UNITED INVESTMENT GROUP,CÔNG TY TNHH UNITED INVESTMENT,Công ty trách nhiệm hữu hạn hai thành viên trở lên,"29 Nguyễn Văn Mai, Phường 08, Quận 3, Thành phố Hồ Chí Minh, Việt Nam",Quận 3,"4791: Bán lẻ theo yêu cầu đặt hàng qua bưu điện hoặc internet-Chi tiết: Thực hiện quyền xuất khẩu, quyền nhập khẩu, quyền phân phối bán buôn và quyền phân phối bán lẻ các hàng hóa không thuộc danh mục",internet
316342786,CÔNG TY TNHH THƯƠNG MẠI DỊCH VỤ XÂY DỰNG & VẬN TẢI CHÁNH TÂM,CÔNG TY TNHH THƯƠNG MẠI DỊCH V,Công ty trách nhiệm hữu hạn một thành viên,"FPT Building, 153 Nguyễn Đình Chiểu, Phường Võ Thị Sáu, Quận 3, Thành phố Hồ Chí Minh, Việt Nam",Quận 3,"4329: Lắp đặt hệ thống xây dựng khác-Chi tiết: Thi công lắp đặt hệ thống viễn thông. Lắp đặt hệ thống dầu khí;4322: Lắp đặt hệ thống cấp, thoát nước, hệ thống sưởi và điều hoà không khí-Chi tiết: Lắp ",internet
316347696,CÔNG TY TNHH ĐẦU TƯ DỊCH VỤ THIẾT KẾ XÂY DỰNG KHÁNH LINH,CÔNG TY TNHH ĐẦU TƯ DỊCH VỤ TH,Công ty trách nhiệm hữu hạn một thành viên,"Saigon Prime Building 107-109-111 Nguyễn Đình Chiểu, Phường Võ Thị Sáu, Quận 3, Thành phố Hồ Chí Minh, Việt Nam",Quận 3,"7110: Hoạt động kiến trúc và tư vấn kỹ thuật có liên quan-Chi tiết: Giám sát công tác xây dựng và hoàn thiện công trình dân dụng - công nghiệp. Thiết kế kết cấu công trình dân dụng, công nghiệp. Hoạt ",internet
316357775,CÔNG TY CỔ PHẦN HƯNG THỊNH FINTECH HUB,CÔNG TY CỔ PHẦN HƯNG THỊNH FIN,Công ty cổ phần,"110-112 Trần Quốc Toản, Phường Võ Thị Sáu, Quận 3, Thành phố Hồ Chí Minh, Việt Nam",Quận 3,"7490: Hoạt động chuyên môn, khoa học và công nghệ khác chưa được phân vào đâu-Chi tiết: Tư vấn chuyển giao công nghệ trong lĩnh vực phần mềm tin học, mạng tin học, phần cứng tin học.; 6399: Dịch vụ th",internet
316355591,CÔNG TY TNHH V&S SOURCING,CÔNG TY TNHH VS SOURCING,Công ty trách nhiệm hữu hạn một thành viên,"Tầng 14, Tòa nhà HM Town, 412 Đường Nguyễn Thị Minh Khai, Phường 05, Quận 3, Thành phố Hồ Chí Minh, Việt Nam",Quận 3,"4632: Bán buôn thực phẩm-(không hoạt động tại trụ sở);4633: Bán buôn đồ uống-;4641: Bán buôn vải, hàng may mặc, giày dép-;4649: Bán buôn đồ dùng khác cho gia đình-;4669: Bán buôn chuyên doanh khác chư",internet
316344832,CÔNG TY TNHH THIẾT KẾ XÂY DỰNG THANH TÚ,CÔNG TY TNHH THIẾT KẾ XÂY DỰNG,Công ty trách nhiệm hữu hạn một thành viên,"384/12 Nam Kỳ Khởi Nghĩa, Phường Võ Thị Sáu, Quận 3, Thành phố Hồ Chí Minh, Việt Nam",Quận 3,"4329: Lắp đặt hệ thống xây dựng khác-Chi tiết: Thi công lắp đặt hệ thống viễn thông. Lắp đặt hệ thống dầu khí;4322: Lắp đặt hệ thống cấp, thoát nước, hệ thống sưởi và điều hoà không khí-Chi tiết: Lắp ",internet
316347738,CÔNG TY TNHH TƯ VẤN THIẾT KẾ XÂY DỰNG THÙY TRANG,CÔNG TY TNHH TƯ VẤN THIẾT KẾ X,Công ty trách nhiệm hữu hạn một thành viên,"Tòa Nhà PaxSky, Số 123 Nguyễn Đình Chiểu, Phường Võ Thị Sáu, Quận 3, Thành phố Hồ Chí Minh, Việt Nam",Quận 3,"4329: Lắp đặt hệ thống xây dựng khác-Chi tiết: Thi công lắp đặt hệ thống viễn thông. Lắp đặt hệ thống dầu khí;4322: Lắp đặt hệ thống cấp, thoát nước, hệ thống sưởi và điều hoà không khí-Chi tiết: Lắp ",internet
316358497,CÔNG TY CỔ PHẦN TƯ VẤN E-MR,CÔNG TY CỔ PHẦN TƯ VẤN EMR,Công ty cổ phần,"Số 5 Nguyễn Gia Thiều, Phường 06, Quận 3, Thành phố Hồ Chí Minh, Việt Nam",Quận 3,"7020: Hoạt động tư vấn quản lý-(trừ tư vấn tài chính, kế toán, pháp luật);6209: Hoạt động dịch vụ công nghệ thông tin và dịch vụ khác liên quan đến máy vi tính-;7410: Hoạt động thiết kế chuyên dụng-Ch",internet
316362133,CÔNG TY TNHH MỘT THÀNH VIÊN INGINE THÁI BÌNH DƯƠNG,CÔNG TY TNHH MỘT THÀNH VIÊN IN,Công ty trách nhiệm hữu hạn một thành viên,"443/64 Điện Biên Phủ, Phường 03, Quận 3, Thành phố Hồ Chí Minh, Việt Nam",Quận 3,"4690: Bán buôn tổng hợp-Chi tiết: Thực hiện quyền xuất khẩu, quyền nhập khẩu, quyền phân phối bán buôn các hàng hóa không thuộc danh mục hàng hóa cấm xuất khẩu, cấm nhập khẩu và danh mục hàng hóa khôn",internet
316372639,CÔNG TY TNHH ĐẦU TƯ QUỐC TẾ KHANH,CÔNG TY TNHH ĐẦU TƯ QUỐC TẾ KH,Công ty trách nhiệm hữu hạn hai thành viên trở lên,"150/15/5 Lý Chính Thắng, Phường 07, Quận 3, Thành phố Hồ Chí Minh, Việt Nam",Quận 3,"6820: Tư vấn, môi giới, đấu giá bất động sản, đấu giá quyền sử dụng đất-Chi tiết: Môi giới bất động sản.;4610: Đại lý, môi giới, đấu giá hàng hóa-Chi tiết: Đại lý, môi giới hàng hóa;7820: Cung ứng lao",internet
316375823,CÔNG TY TNHH DRAGONFLY SELECT BRANDS VIETNAM,CÔNG TY TNHH DRAGONFLY SELECT ,Công ty trách nhiệm hữu hạn hai thành viên trở lên,"Số 222 Đường Điện Biên Phủ, Phường 07, Quận 3, Thành phố Hồ Chí Minh, Việt Nam",Quận 3,"4771: Bán lẻ hàng may mặc, giày dép, hàng da và giả da trong các cửa hàng chuyên doanh-Chi tiết: Thực hiện quyền nhập khẩu, quyền phân phối bán lẻ các hàng hóa không thuộc danh mục hàng hóa cấm xuất k",internet
316349887,CÔNG TY TNHH TƯ VẤN THI CÔNG CÔNG TRÌNH XÂY DỰNG TOÀN VIỆT,CÔNG TY TNHH TƯ VẤN THI CÔNG C,Công ty trách nhiệm hữu hạn một thành viên,"Tầng 3, Số 382/17-19 Nguyễn Thị Minh Khai, Phường 05, Quận 3, Thành phố Hồ Chí Minh, Việt Nam",Quận 3,"4329: Lắp đặt hệ thống xây dựng khác-Chi tiết: Thi công lắp đặt hệ thống viễn thông. Lắp đặt hệ thống dầu khí;4322: Lắp đặt hệ thống cấp, thoát nước, hệ thống sưởi và điều hoà không khí-Chi tiết: Lắp ",internet
316347946,CÔNG TY CỔ PHẦN AIRWATT,CÔNG TY CỔ PHẦN AIRWATT,Công ty cổ phần,"17 Bà Huyện Thanh Quan, Phường 06, Quận 3, Thành phố Hồ Chí Minh, Việt Nam",Quận 3,"2610: Sản xuất linh kiện điện tử-(không hoạt động tại trụ sở);4659: Bán buôn máy móc, thiết bị và phụ tùng máy khác-;4651: Bán buôn máy vi tính, thiết bị ngoại vi và phần mềm-;4741: Bán lẻ máy vi tính",internet
316366730,CÔNG TY CỔ PHẦN ĐẦU TƯ LADY FORTUNE,CÔNG TY CỔ PHẦN ĐẦU TƯ LADY FO,Công ty cổ phần,"Tầng 14, Tòa Nhà HM Town, 412 Nguyễn Thị Minh Khai, Phường 05, Quận 3, Thành phố Hồ Chí Minh, Việt Nam",Quận 3,"4620: Bán buôn nông, lâm sản nguyên liệu (trừ gỗ, tre, nứa) và động vật sống-(không hoạt động tại trụ sở);5610: Nhà hàng và các dịch vụ ăn uống phục vụ lưu động-;4631: Bán buôn gạo, lúa mỳ, hạt ngũ cố",internet
316375781,CÔNG TY CỔ PHẦN AERO ACADEMY ONE,CÔNG TY CỔ PHẦN AERO ACADEMY O,Công ty cổ phần,"Văn Phòng S05-08A, Số 222 Điện Biên Phủ   , Phường 07, Quận 3, Thành phố Hồ Chí Minh, Việt Nam",Quận 3,"4669: Bán buôn chuyên doanh khác chưa được phân vào đâu-Chi tiết: Bán buôn thiết bị giáo dục; Bán buôn  nguyên vật liệu, hương liệu, phụ liệu làm bánh;  Bán buôn nguyên phụ liệu may mặc; Bán buôn nguy",internet
316379088,CÔNG TY TNHH MỘT THÀNH VIÊN GALAXY LINKS,CÔNG TY TNHH MỘT THÀNH VIÊN GA,Công ty trách nhiệm hữu hạn một thành viên,"Số 126 đường Nguyễn Thị Minh Khai, Phường Võ Thị Sáu, Quận 3, Thành phố Hồ Chí Minh, Việt Nam",Quận 3,5610: Nhà hàng và các dịch vụ ăn uống phục vụ lưu động-Chi tiết: Dịch vụ ăn uống phục vụ lưu động;7310: Quảng cáo-;9311: Hoạt động của các cơ sở thể thao-(trừ hoạt động của các sàn nhảy);5914: Hoạt độ,internet
316369770,CÔNG TY TNHH CÔNG NGHỆ J&A,CÔNG TY TNHH CÔNG NGHỆ JA,Công ty trách nhiệm hữu hạn một thành viên,"Tầng 3, Tòa Nhà Loyal 151-151bis Võ Thị Sáu, Phường Võ Thị Sáu, Quận 3, Thành phố Hồ Chí Minh, Việt Nam",Quận 3,"4799: Bán lẻ hình thức khác chưa được phân vào đâu-(trừ bán lẻ bình gas, hóa chất, súng, đạn loại dùng đi săn hoặc thể thao, tiền kim khí và mua bán vàng miếng; thực hiện theo Quyết định 64/2009/QĐ-UB",internet
316363137,CÔNG TY TNHH GIÁO DỤC HOÀNG NAM,CÔNG TY TNHH GIÁO DỤC HOÀNG NA,Công ty trách nhiệm hữu hạn hai thành viên trở lên,"443/35 Lê Văn Sỹ, Phường 12, Quận 3, Thành phố Hồ Chí Minh, Việt Nam",Quận 3,"8559: Giáo dục khác chưa được phân vào đâu-:Chi tiết: 
-Dạy Tiếng Anh theo yêu cầu của khách hàng cá nhân, nhóm khách hàng cá nhân tại nhà riêng hoặc tại nơi làm việc hoặc tại chính trụ sở đăng ký kin",internet
316366057,CÔNG TY CỔ PHẦN ĐẦU TƯ BABY BOSS,CÔNG TY CỔ PHẦN ĐẦU TƯ BABY BO,Công ty cổ phần,"Tầng 14, Tòa Nhà HM Town, 412 Nguyễn Thị Minh Khai, Phường 05, Quận 3, Thành phố Hồ Chí Minh, Việt Nam",Quận 3,"1050: Chế biến sữa và các sản phẩm từ sữa-(Không hoạt động tại trụ sở)
Chi tiết: sản xuất kem (trừ sản xuất, chế biến thực phẩm tươi sống);4722: Bán lẻ thực phẩm trong các cửa hàng chuyên doanh-Chi ti",internet
316385490,CÔNG TY CỔ PHẦN GLOBAL FINTECH ONE,CÔNG TY CỔ PHẦN GLOBAL FINTECH,Công ty cổ phần,"61 Cao Thắng, Phường 03, Quận 3, Thành phố Hồ Chí Minh, Việt Nam",Quận 3,"6399: Dịch vụ thông tin khác chưa được phân vào đâu-Chi tiết: Dịch vụ truy cập dữ liệu, dịch vụ xử lý dữ liệu và thông tin trên mạng. Dịch vụ trao đổi dữ liệu điện tử, lưu trữ cơ",internet
316385081,CÔNG TY TNHH XÂY DỰNG AN THIÊN BÌNH,CÔNG TY TNHH XÂY DỰNG AN THIÊN,Công ty trách nhiệm hữu hạn một thành viên,"Tòa Nhà PaxSky, Số 123 Nguyễn Đình Chiểu, Phường Võ Thị Sáu, Quận 3, Thành phố Hồ Chí Minh, Việt Nam",Quận 3,"4659: Bán buôn máy móc, thiết bị và phụ tùng máy khác-Chi tiết: Bán buôn máy móc thiết bị ngành xây dựng; Bán buôn máy móc thiết bị công nghiệp; Bán buôn máy móc, thiết bị ngành vận tải, dầu khí, viễn",internet
316371829,CÔNG TY TNHH ĐẦU TƯ XÂY DỰNG VÀ VẬN TẢI CƯỜNG THỊNH,CÔNG TY TNHH ĐẦU TƯ XÂY DỰNG V,Công ty trách nhiệm hữu hạn một thành viên,"P403 Tầng 4, Tòa Nhà TPP Số 141 Nguyễn Đình Chiểu, Phường Võ Thị Sáu, Quận 3, Thành phố Hồ Chí Minh, Việt Nam",Quận 3,"4329: Lắp đặt hệ thống xây dựng khác-Chi tiết: Thi công lắp đặt hệ thống viễn thông. Lắp đặt hệ thống dầu khí;4322: Lắp đặt hệ thống cấp, thoát nước, hệ thống sưởi và điều hoà không khí-Chi tiết: Lắp ",internet
316390211,CÔNG TY CỔ PHẦN TẬP ĐOÀN GIA AN,CÔNG TY CỔ PHẦN TẬP ĐOÀN GIA A,Công ty cổ phần,"Lầu 3 Tòa nhà An Phú Plaza, 117-119 Lý Chính Thắng, Phường 07, Quận 3, Thành phố Hồ Chí Minh, Việt Nam",Quận 3,"7730: Cho thuê máy móc, thiết bị và đồ dùng hữu hình khác không kèm người điều khiển-Chi tiết: Cho thuê máy móc, thiết bị ngành dầu khí, ngành hàng hải; Cho thuê tàu thủy và các phương tiện nổi; Cho t",internet
316420843,CÔNG TY TNHH TRANG THIẾT BỊ Y TẾ GIA LONG THUẬN,CÔNG TY TNHH TRANG THIẾT BỊ Y ,Công ty trách nhiệm hữu hạn hai thành viên trở lên,"473/7 Hai Bà Trưng, Phường Võ Thị Sáu, Quận 3, Thành phố Hồ Chí Minh, Việt Nam",Quận 3,"2029: Sản xuất sản phẩm hoá chất khác chưa được phân vào đâu-Chi tiết: Sản xuất sản phẩm hoá chất khác chưa được phân vào đâu (không hoạt động tại trụ sở);3230: Sản xuất dụng cụ thể dục, thể thao-Chi ",internet
316383905,CÔNG TY CỔ PHẦN US GLOBAL ONE,CÔNG TY CỔ PHẦN US GLOBAL ONE,Công ty cổ phần,"61 Cao Thắng, Phường 03, Quận 3, Thành phố Hồ Chí Minh, Việt Nam",Quận 3,"4690: Bán buôn tổng hợp-(trừ bán buôn bình gas, khí dầu mỏ hóa lỏng LPG, dầu nhớt cặn, vàng miếng, súng, đạn loại dùng đi săn hoặc thể thao và tiền kim khí, trừ bán buôn hóa chất tại trụ sở, Thực hiện",internet
316421759,CÔNG TY TNHH FSMC QUỐC TẾ,CÔNG TY TNHH FSMC QUỐC TẾ,Công ty trách nhiệm hữu hạn hai thành viên trở lên,"Tầng 14, Tòa nhà HM Town, số 412 Nguyễn Thị Minh Khai, Phường 05, Quận 3, Thành phố Hồ Chí Minh, Việt Nam",Quận 3,4649: Bán buôn đồ dùng khác cho gia đình-;4722: Bán lẻ thực phẩm trong các cửa hàng chuyên doanh-(thực hiện theo Quyết định số 64/2009/QĐ-UBND ngày 31/07/2009 và Quyết định số 79/2009/QĐ-UBND ngày 17/,internet
316420748,CÔNG TY CỔ PHẦN THUẦN CHAY VIỆT NAM,CÔNG TY CỔ PHẦN THUẦN CHAY VIỆ,Công ty cổ phần,"Tầng 14, Tòa nhà HM Town, số 412 Nguyễn Thị Minh Khai, Phường 05, Quận 3, Thành phố Hồ Chí Minh, Việt Nam",Quận 3,"4633: Bán buôn đồ uống-;4632: Bán buôn thực phẩm-(không hoạt động tại trụ sở);4649: Bán buôn đồ dùng khác cho gia đình-;4711: Bán lẻ lương thực, thực phẩm, đồ uống, thuốc lá, thuốc lào chiếm tỷ trọng ",internet
316390525,CÔNG TY TNHH VIỆT NAM MASTERS,CÔNG TY TNHH VIỆT NAM MASTERS,Công ty trách nhiệm hữu hạn hai thành viên trở lên,"Tầng 2 Tòa nhà Itaxa - Số 19 Võ Văn Tần, Phường Võ Thị Sáu, Quận 3, Thành phố Hồ Chí Minh, Việt Nam",Quận 3,"7020: Hoạt động tư vấn quản lý-Chi tiết: dịch vụ tư vấn quản lý  (CPC 865)
(Doanh nghiệp không cung cấp dịch vụ trọng tài hòa giải đối với tranh chấp thương mại giữa các thương nhân, dịch vụ pháp lý, ",internet
316427736,CÔNG TY TNHH SÀI GÒN KAHP,CÔNG TY TNHH SÀI GÒN KAHP,Công ty trách nhiệm hữu hạn một thành viên,"443/108 Lê Văn Sỹ, Phường 12, Quận 3, Thành phố Hồ Chí Minh, Việt Nam",Quận 3,"8559: Giáo dục khác chưa được phân vào đâu-Chi tiết: Huấn luyện an toàn lao động, vệ sinh lao động; Giáo dục không xác định theo cấp độ tại các trung tâm đào tạo bồi dưỡng; huấn luyện và đào tạo phòng",internet
316409310,CÔNG TY TNHH GIẢI PHÁP PHẦN MỀM SAP VIỆT NAM,CÔNG TY TNHH GIẢI PHÁP PHẦN MỀ,Công ty trách nhiệm hữu hạn một thành viên,"Tầng 14, Tòa nhà HM Town, 412 Nguyễn Thị Minh Khai, Phường 05, Quận 3, Thành phố Hồ Chí Minh, Việt Nam",Quận 3,"4652: Bán buôn thiết bị và linh kiện điện tử, viễn thông-;6202: Tư vấn máy vi tính và quản trị hệ thống máy vi tính-;4741: Bán lẻ máy vi tính, thiết bị ngoại vi, phần mềm và thiết bị viễn thông trong ",internet
316398147,CÔNG TY TNHH NHIÊN MỘC ORGANIC,CÔNG TY TNHH NHIÊN MỘC ORGANIC,Công ty trách nhiệm hữu hạn một thành viên,"số 371/32 Hai Bà Trưng, Phường 08, Quận 3, Thành phố Hồ Chí Minh, Việt Nam",Quận 3,"4669: Bán buôn chuyên doanh khác chưa được phân vào đâu-Chi tiết: Bán buôn nhang, bột làm nhang; Bột gỗ, bột quế, nguyên vật liệu làm nhang, tăm nhang,đồ phong thủy. Bán buôn vàng mã và đồ thờ cúng ph",internet
316394897,CÔNG TY TNHH WOZA NAM PHI,CÔNG TY TNHH WOZA NAM PHI,Công ty trách nhiệm hữu hạn một thành viên,"159/46/12 Trần Văn Đang, Phường 11, Quận 3, Thành phố Hồ Chí Minh, Việt Nam",Quận 3,"4620: Bán buôn nông, lâm sản nguyên liệu (trừ gỗ, tre, nứa) và động vật sống-(không hoạt động tại trụ sở);4632: Bán buôn thực phẩm-(không hoạt động tại trụ sở);4633: Bán buôn đồ uống-Chi tiết: Bán buô",internet
316420498,CÔNG TY TNHH THƯƠNG MẠI - DỊCH VỤ - SẢN XUẤT VITACARE,CÔNG TY TNHH THƯƠNG MẠI  DỊCH ,Công ty trách nhiệm hữu hạn hai thành viên trở lên,"Số 31 Hồ Xuân Hương, Phường Võ Thị Sáu, Quận 3, Thành phố Hồ Chí Minh, Việt Nam",Quận 3,"4789: Bán lẻ hàng hóa khác lưu động hoặc tại chợ-(trừ bán lẻ bình gas, khí dầu mỏ hóa lỏng LPG, dầu nhớt cặn, vàng miếng, súng, đạn loại dùng đi săn hoặc thể thao và tiền kim khí; trừ bán lẻ hóa chất ",internet
316402837,CÔNG TY TNHH VẬN TẢI VÀ XÂY DỰNG PHƯƠNG THỊNH,CÔNG TY TNHH VẬN TẢI VÀ XÂY DỰ,Công ty trách nhiệm hữu hạn một thành viên,"Tầng 3, Tòa Nhà An Phú Plaza, 117-119 Lý Chính Thắng, Phường Võ Thị Sáu, Quận 3, Thành phố Hồ Chí Minh, Việt Nam",Quận 3,"4322: Lắp đặt hệ thống cấp, thoát nước, hệ thống sưởi và điều hoà không khí-Chi tiết: Lắp đặt hệ thống cấp, thoát nước (trừ lắp đặt các thiết bị điện lạnh (thiết bị cấp đông, kho lạnh, máy đá, điều hò",internet
316404880,CÔNG TY TNHH THIẾT KẾ VÀ XÂY DỰNG MATRIX,CÔNG TY TNHH THIẾT KẾ VÀ XÂY D,Công ty trách nhiệm hữu hạn hai thành viên trở lên,"Tầng 3, Tòa nhà An Phú Plaza, 117-119 Lý Chính Thắng, Phường 07, Quận 3, Thành phố Hồ Chí Minh, Việt Nam",Quận 3,7110: Hoạt động kiến trúc và tư vấn kỹ thuật có liên quan-Chi tiết: Hoạt động kiến trúc. Hoạt động đo đạc bản đồ . Tư vấn thiết kế. Tư vấn xây dựng. Lập dự toán và tổng dự toán công trình xây dựng. Th,internet
316393501,CÔNG TY TNHH VIIVUE,CÔNG TY TNHH VIIVUE,Công ty trách nhiệm hữu hạn hai thành viên trở lên,"Lầu 5, Robot Tower, 308-308C Điện Biên Phủ, Phường 04, Quận 3, Thành phố Hồ Chí Minh, Việt Nam",Quận 3,"4610: Đại lý, môi giới, đấu giá hàng hóa-(trừ đấu giá tài sản);4651: Bán buôn máy vi tính, thiết bị ngoại vi và phần mềm-;4791: Bán lẻ theo yêu cầu đặt hàng qua bưu điện hoặc internet-(trừ bán lẻ bình",internet
316403534,CÔNG TY TNHH TÂM ĐẠT AN,CÔNG TY TNHH TÂM ĐẠT AN,Công ty trách nhiệm hữu hạn một thành viên,"30/3A Ngô Thời Nhiệm, Phường Võ Thị Sáu, Quận 3, Thành phố Hồ Chí Minh, Việt Nam",Quận 3,5229: Hoạt động dịch vụ hỗ trợ khác liên quan đến vận tải-Chi tiết: Dịch vụ giao nhận hàng hóa; Hoạt động của đại lý làm thủ tục hải quan; Hoạt động của các đại lý bán vé máy bay; Dịch vụ Logistics; M,internet
316414046,CÔNG TY CỔ PHẦN TẬP ĐOÀN CÔNG NGHỆ ĐẦU TƯ VÀ PHÁT TRIỂN VIỆT NAM,CÔNG TY CỔ PHẦN TẬP ĐOÀN CÔNG ,Công ty cổ phần,"119 Pasteur, Phường 06, Quận 3, Thành phố Hồ Chí Minh, Việt Nam",Quận 3,"3314: Sửa chữa thiết bị điện-(trừ gia công cơ khí, tái chế phế thải, xi mạ điện tại trụ sở);3315: Sửa chữa và bảo dưỡng phương tiện vận tải (trừ ô tô, mô tô, xe  máy và xe có động cơ khác)-(trừ gia cô",internet
316412183,CÔNG TY TNHH PRIS,CÔNG TY TNHH PRIS,Công ty trách nhiệm hữu hạn hai thành viên trở lên,"611/45 Điện Biên Phủ, Phường 01, Quận 3, Thành phố Hồ Chí Minh, Việt Nam",Quận 3,"4641: Bán buôn vải, hàng may mặc, giày dép-Chi tiết: Bán buôn hàng may mặc, giày dép, túi xách;4649: Bán buôn đồ dùng khác cho gia đình-chi tiết: Bán buôn nước hoa, hàng mỹ phẩm và chế phẩm vệ sinh (t",internet
316413405,CÔNG TY TNHH DŨNG CẢM VIỆT NAM,CÔNG TY TNHH DŨNG CẢM VIỆT NAM,Công ty trách nhiệm hữu hạn một thành viên,"224-226 Nguyễn Phúc Nguyên, Phường 09, Quận 3, Thành phố Hồ Chí Minh, Việt Nam",Quận 3,"7020: Hoạt động tư vấn quản lý-(trừ tư vấn tài chính, kế toán, pháp luật);7310: Quảng cáo-;7320: Nghiên cứu thị trường và thăm dò dư luận-;7490: Hoạt động chuyên môn, khoa học và công nghệ khác chưa đ",internet
316428708,CÔNG TY TNHH GEO MARKETING VIET NAM,CÔNG TY TNHH GEO MARKETING VIE,Công ty trách nhiệm hữu hạn một thành viên,"82/48 Đường Lý Chính Thắng, Phường 08, Quận 3, Thành phố Hồ Chí Minh, Việt Nam",Quận 3,"7020: Hoạt động tư vấn quản lý--(trừ tư vấn tài chính, kế toán, pháp luật).;7310: Quảng cáo--(trừ quảng cáo thuốc lá).;7320: Nghiên cứu thị trường và thăm dò dư luận--(trừ các loại thông tin Nhà nước ",internet
316424365,CÔNG TY TNHH GIẢI PHÁP CÔNG NGHỆ CLOUD SPACE,CÔNG TY TNHH GIẢI PHÁP CÔNG NG,Công ty trách nhiệm hữu hạn hai thành viên trở lên,"Tầng 14, Tòa nhà HM Town, 412 Nguyễn Thị Minh Khai, Phường 05, Quận 3, Thành phố Hồ Chí Minh, Việt Nam",Quận 3,6209: Hoạt động dịch vụ công nghệ thông tin và dịch vụ khác liên quan đến máy vi tính-Chi tiết: khắc phục các sự cố máy vi tính và cài đặt phần mềm (trừ kinh doanh dịch vụ truy cập internet tại trụ sở,internet
316480024,CÔNG TY TNHH TRUYỀN THÔNG VÀ QUẢNG CÁO SEVEN INSIGHT,CÔNG TY TNHH TRUYỀN THÔNG VÀ Q,Công ty trách nhiệm hữu hạn một thành viên,"Tầng 14, Tòa Nhà HM Town, 412 Nguyễn Thị Minh Khai, Phường 05, Quận 3, Thành phố Hồ Chí Minh, Việt Nam",Quận 3,"4759: Bán lẻ đồ điện gia dụng, giường, tủ, bàn, ghế và đồ nội thất tương tự, đèn và bộ đèn điện, đồ dùng gia đình khác chưa được phân vào đâu  trong các cửa hàng chuyên doanh-;4761: Bán lẻ sách, báo, ",internet
316441392,CÔNG TY TNHH VẬT LIỆU KIẾN TRÚC ABM,CÔNG TY TNHH VẬT LIỆU KIẾN TRÚ,Công ty trách nhiệm hữu hạn hai thành viên trở lên,"Tầng 14, Tòa Nhà HM Town, 412 Nguyễn Thị Minh Khai, Phường 05, Quận 3, Thành phố Hồ Chí Minh, Việt Nam",Quận 3,"3100: Sản xuất giường, tủ, bàn, ghế-chi tiết: Sản xuất giường, tủ, bàn, ghế từ các loại vật liệu khác nhau như: gỗ, kim loại, nhựa, và các chất liệu khác vật liệu trừ đá, bê tông, gốm;3240: Sản xuất đ",internet
316481042,CÔNG TY TNHH CHARMLIVING,CÔNG TY TNHH CHARMLIVING,Công ty trách nhiệm hữu hạn một thành viên,"40 Đường Võ Văn Tần, Phường 06, Quận 3, Thành phố Hồ Chí Minh, Việt Nam",Quận 3,"4649: Bán buôn đồ dùng khác cho gia đình-;7410: Hoạt động thiết kế chuyên dụng-Chi tiết: Hoạt động trang trí nội thất;4759: Bán lẻ đồ điện gia dụng, giường, tủ, bàn, ghế và đồ nội thất tương tự, đèn v",internet
316429645,CÔNG TY TNHH COSKI,CÔNG TY TNHH COSKI,Công ty trách nhiệm hữu hạn hai thành viên trở lên,"Tầng 3, 311A Nam Kỳ Khởi Nghĩa, Phường Võ Thị Sáu, Quận 3, Thành phố Hồ Chí Minh, Việt Nam",Quận 3,"2023: Sản xuất mỹ phẩm, xà phòng, chất tẩy rửa, làm bóng và chế phẩm vệ sinh-Chi tiết: Sản xuất và gia công mỹ phẩm (trừ sản xuất hóa chất);4772: Bán lẻ thuốc, dụng cụ y tế, mỹ phẩm và vật phẩm vệ sin",internet
316434395,CÔNG TY TNHH STRATEGIES WORLDWIDE INCORPORATED,CÔNG TY TNHH STRATEGIES WORLDW,Công ty trách nhiệm hữu hạn một thành viên,"Tầng 3, 29 Nguyễn Văn Mai, Phường Võ Thị Sáu, Quận 3, Thành phố Hồ Chí Minh, Việt Nam",Quận 3,"4632: Bán buôn thực phẩm-(không hoạt động tại trụ sở);4633: Bán buôn đồ uống-;4659: Bán buôn máy móc, thiết bị và phụ tùng máy khác-;4690: Bán buôn tổng hợp-(trừ bán buôn hóa chất, khí dầu mỏ hóa lỏng",internet
316453609,CÔNG TY TNHH QUỐC TẾ ANCHOICE,CÔNG TY TNHH QUỐC TẾ ANCHOICE,Công ty trách nhiệm hữu hạn một thành viên,"376 Võ Văn Tần, Phường 05, Quận 3, Thành phố Hồ Chí Minh, Việt Nam",Quận 3,4721: Bán lẻ lương thực trong các cửa hàng chuyên doanh-(Thực hiện theo Quyết định số 64/2009/QĐ-UBND ngày 31/7/2009 và Quyết định số 79/2009/QĐ-UBND ngày 17/10/2009 của UBND TP. HCM về phê duyệt quy ,internet
316489073,CÔNG TY TNHH THƯƠNG MẠI DỊCH VỤ HANADA,CÔNG TY TNHH THƯƠNG MẠI DỊCH V,Công ty trách nhiệm hữu hạn một thành viên,"386/2A Lê Văn Sỹ , Phường 14, Quận 3, Thành phố Hồ Chí Minh, Việt Nam",Quận 3,"4610: Đại lý, môi giới, đấu giá hàng hóa--Chi tiết: Đại lý, môi giới;4632: Bán buôn thực phẩm--Chi tiết: Bán buôn trà các loại; Bán buôn thực phẩm (không hoạt động tại trụ sở)
- Bán buôn các loại bánh",lap top
316489147,CÔNG TY TNHH ĐIỀN THỊNH LAND,CÔNG TY TNHH ĐIỀN THỊNH LAND,Công ty trách nhiệm hữu hạn một thành viên,"số 216 đường Nguyễn Thị Minh Khai, Phường 06, Quận 3, Thành phố Hồ Chí Minh, Việt Nam",Quận 3,"7420: Hoạt động nhiếp ảnh-(trừ sản xuất phim, không thực hiện các hiệu ứng cháy, nổ; không sử dụng chất nổ, chất cháy, hóa chất làm đạo cụ, dụng cụ thực hiện các chương trình văn nghệ, sự kiện, phim ả",internet
316447940,CÔNG TY CỔ PHẦN ĐẦU TƯ THƯƠNG MẠI DỊCH VỤ BẤT ĐỘNG SẢN BLUE DIAMOND,CÔNG TY CỔ PHẦN ĐẦU TƯ THƯƠNG ,Công ty cổ phần,"Tầng 3, Tòa nhà An Phú Plaza, 117-119 Lý Chính Thắng, Phường 07, Quận 3, Thành phố Hồ Chí Minh, Việt Nam",Quận 3,"6110: Hoạt động viễn thông có dây-;6120: Hoạt động viễn thông không dây-(trừ cung cấp dịch vụ truy cập, truy nhập internet tại trụ sở).;6202: Tư vấn máy vi tính và quản trị hệ thống máy vi tính-;6209:",internet
316452997,CÔNG TY CỔ PHẦN KORO,CÔNG TY CỔ PHẦN KORO,Công ty cổ phần,"Số 1, Nguyễn Thông, Phường 09, Quận 3, Thành phố Hồ Chí Minh, Việt Nam",Quận 3,"4773: Bán lẻ hàng hóa khác mới trong các cửa hàng chuyên doanh-Chi tiết: Bán lẻ vật tư phục vụ ngành nuôi trồng thủy sản; gas; Bán lẻ thực phẩm; công nghệ phẩm, kim khí, điện máy, vật tư phục vụ sản x",internet
316499427,CÔNG TY TNHH PHÁT TRIỂN THƯƠNG MẠI DỊCH VỤ HUY THANH,CÔNG TY TNHH PHÁT TRIỂN THƯƠNG,Công ty trách nhiệm hữu hạn một thành viên,"Tầng 3, Tòa Nhà An Phú Plaza, 117-119 Lý Chính Thắng, Phường Võ Thị Sáu, Quận 3, Thành phố Hồ Chí Minh, Việt Nam",Quận 3,"4659: Bán buôn máy móc, thiết bị và phụ tùng máy khác-Chi tiết: Bán buôn máy móc, thiết bị y tế; Bán buôn máy móc, thiết bị điện, vật liệu điện (máy phát điện, động cơ điện, dây điện và thiết bị khác ",internet
316465442,CÔNG TY TNHH BẢO ĐAN EXPRESS,CÔNG TY TNHH BẢO ĐAN EXPRESS,Công ty trách nhiệm hữu hạn một thành viên,"Tầng 14, Tòa nhà HM Town, 412 Nguyễn Thị Minh Khai, Phường 05, Quận 3, Thành phố Hồ Chí Minh, Việt Nam",Quận 3,"7730: Cho thuê máy móc, thiết bị và đồ dùng hữu hình khác không kèm người điều khiển-;7810: Hoạt động của các trung tâm, đại lý tư vấn, giới thiệu và môi giới lao động, việc làm-Chi tiết: Hoạt động củ",internet
316499681,CÔNG TY CỔ PHẦN TOPENPAY,CÔNG TY CỔ PHẦN TOPENPAY,Công ty cổ phần,"Số 18A Kỳ Đồng, Phường 09, Quận 3, Thành phố Hồ Chí Minh, Việt Nam",Quận 3,"3240: Sản xuất đồ chơi, trò chơi-(trừ đồ chơi có hại cho giáo dục nhân cách, sức khỏe của trẻ em hoặc ảnh hưởng tới an ninh trật tự và an toàn xã hội);4610: Đại lý, môi giới, đấu giá hàng hóa-Chi tiết",internet
316467009,CÔNG TY TNHH MTV ĐẦU TƯ PHÁT TRIỂN BẤT ĐỘNG SẢN THANH VY,CÔNG TY TNHH MTV ĐẦU TƯ PHÁT T,Công ty trách nhiệm hữu hạn một thành viên,"217 Lê Văn Sỹ, Phường 13, Quận 3, Thành phố Hồ Chí Minh, Việt Nam",Quận 3,"4791: Bán lẻ theo yêu cầu đặt hàng qua bưu điện hoặc internet-(trừ bán lẻ bình gas, súng, đạn loại dùng đi săn hoặc thể thao, tiền kim khí và mua bán vàng miếng; thực hiện theo Quyết định 64/2009/QĐ-U",internet
316464382,CÔNG TY TNHH TMDV ĐẦU TƯ PHÁT TRIỂN THÁI BÌNH DƯƠNG,CÔNG TY TNHH TMDV ĐẦU TƯ PHÁ,Công ty trách nhiệm hữu hạn một thành viên,"Tầng 3, Tòa nhà An Phú Plaza, 117-119 Lý Chính Thắng, Phường Võ Thị Sáu, Quận 3, Thành phố Hồ Chí Minh, Việt Nam",Quận 3,4632: Bán buôn thực phẩm-(không hoạt động tại trụ sở);8511: Giáo dục nhà trẻ-;8512: Giáo dục mẫu giáo-;8551: Giáo dục thể thao và giải trí-(trừ hoạt động của các sàn nhảy);8552: Giáo dục văn hoá nghệ ,internet
316505254,CÔNG TY TNHH SHEILA VIỆT NAM,CÔNG TY TNHH SHEILA VIỆT NAM,Công ty trách nhiệm hữu hạn hai thành viên trở lên,"339/23 Lê Văn Sỹ, Phường 13, Quận 3, Thành phố Hồ Chí Minh, Việt Nam",Quận 3,"1410: May trang phục (trừ trang phục từ da lông thú)-;4669: Bán buôn chuyên doanh khác chưa được phân vào đâu-(trừ bán buôn bình gas, khí dầu mỏ hóa lỏng LPG, dầu nhớt cặn, vàng miếng, súng, đạn loại ",internet
316470925,CÔNG TY TNHH THƯƠNG MẠI HẢI KIM PHÁT,CÔNG TY TNHH THƯƠNG MẠI HẢI KI,Công ty trách nhiệm hữu hạn một thành viên,"Tầng 14, Tòa nhà HM Town, 412 Nguyễn Thị Minh Khai, Phường 05, Quận 3, Thành phố Hồ Chí Minh, Việt Nam",Quận 3,"4659: Bán buôn máy móc, thiết bị và phụ tùng máy khác-(trừ máy vi tính và thiết bị ngoại vi);4632: Bán buôn thực phẩm-(không hoạt động tại trụ sở);4641: Bán buôn vải, hàng may mặc, giày dép-;4649: Bán",internet
316511201,CÔNG TY TNHH THƯƠNG MẠI ĐIỆN TỬ TH & C,CÔNG TY TNHH THƯƠNG MẠI ĐIỆN T,Công ty trách nhiệm hữu hạn một thành viên,"Tầng 14, Tòa Nhà HM Town, 412 Nguyễn Thị Minh Khai, Phường 05, Quận 3, Thành phố Hồ Chí Minh, Việt Nam",Quận 3,"4652: Bán buôn thiết bị và linh kiện điện tử, viễn thông-;4651: Bán buôn máy vi tính, thiết bị ngoại vi và phần mềm-;4649: Bán buôn đồ dùng khác cho gia đình-;4741: Bán lẻ máy vi tính, thiết bị ngoại ",internet
316459953,CÔNG TY TNHH QUẢNG CÁO TRUYỀN THÔNG UNIVERSE,CÔNG TY TNHH QUẢNG CÁO TRUYỀN ,Công ty trách nhiệm hữu hạn hai thành viên trở lên,"Tầng 3, Toà nhà An Phú Plaza, 117-119 Lý Chính Thắng, Phường 07, Quận 3, Thành phố Hồ Chí Minh, Việt Nam",Quận 3,"6311: Xử lý dữ liệu, cho thuê và các hoạt động liên quan-;9000: Hoạt động sáng tác, nghệ thuật và giải trí-(trừ phòng trà ca nhạc, vũ trường và không thực hiện các hiệu ứng cháy, nổ; không sử dụng chấ",internet
316477448,CÔNG TY TNHH TRUYỀN THÔNG SỰ KIỆN NAM LINH,CÔNG TY TNHH TRUYỀN THÔNG SỰ K,Công ty trách nhiệm hữu hạn một thành viên,"359/44 Lê Văn Sỹ, Phường 12, Quận 3, Thành phố Hồ Chí Minh, Việt Nam",Quận 3,"9000: Hoạt động sáng tác, nghệ thuật và giải trí-Chi tiết: Tổ chức biểu diễn nghệ thuật chuyên nghiệp (trừ kinh doanh vũ trường, phòng trà ca nhạc và không thực hiện các hiệu ứng cháy nổ, không sử dụn",internet
316518101,CÔNG TY TNHH DỊCH VỤ PHÂN PHỐI NEY UNG,CÔNG TY TNHH DỊCH VỤ PHÂN PHỐI,Công ty trách nhiệm hữu hạn một thành viên,"Số 457 - 459 Nguyễn Đình Chiểu, Phường 05, Quận 3, Thành phố Hồ Chí Minh, Việt Nam",Quận 3,"4719: Bán lẻ  khác trong các cửa hàng kinh doanh tổng hợp-(trừ bán lẻ hóa chất, khí dầu mỏ hóa lỏng LPG, dầu nhớt cặn, vàng miếng, súng, đạn loại dùng đi săn hoặc thể thao và tiền kim khí; Thực hiện t",internet
316510102,CÔNG TY CP ROZAR VIỆT NAM,CÔNG TY CP ROZAR VIỆT NAM,Công ty cổ phần,"Tầng 14, Tòa Nhà HM Town, 412 Nguyễn Thị Minh Khai, Phường 05, Quận 3, Thành phố Hồ Chí Minh, Việt Nam",Quận 3,"7020: Hoạt động tư vấn quản lý-(trừ tư vấn tài chính, kế toán, pháp luật);7490: Hoạt động chuyên môn, khoa học và công nghệ khác chưa được phân vào đâu-Chi tiết: Tư vấn về công nghệ;  Hoạt động môi gi",internet
316476148,CÔNG TY TNHH ĐẦU TƯ SB GROUP,CÔNG TY TNHH ĐẦU TƯ SB GROUP,Công ty trách nhiệm hữu hạn hai thành viên trở lên,"Tầng 14, Tòa Nhà HM Town, 412 Nguyễn Thị Minh Khai, Phường 05, Quận 3, Thành phố Hồ Chí Minh, Việt Nam",Quận 3,"4772: Bán lẻ thuốc, dụng cụ y tế, mỹ phẩm và vật phẩm vệ sinh trong các cửa hàng chuyên doanh-;4669: Bán buôn chuyên doanh khác chưa được phân vào đâu-(trừ bán buôn bình gas, khí dầu mỏ hóa lỏng LPG, ",internet
316521048,CÔNG TY TNHH CITY EVENTS,CÔNG TY TNHH CITY EVENTS,Công ty trách nhiệm hữu hạn một thành viên,"Tầng 14, Tòa Nhà HM Town, 412 Nguyễn Thị Minh Khai, Phường 05, Quận 3, Thành phố Hồ Chí Minh, Việt Nam",Quận 3,7110: Hoạt động kiến trúc và tư vấn kỹ thuật có liên quan-Chi tiết: Hoạt động kiến trúc. Hoạt động đo đạc bản đồ . Tư vấn thiết kế. Tư vấn xây dựng. Lập dự toán và tổng dự toán công trình xây dựng. Th,internet
316468972,CÔNG TY TNHH TMDV 3S GOLD,CÔNG TY TNHH TMDV 3S GOLD,Công ty trách nhiệm hữu hạn một thành viên,"469 Điện Biên Phủ, Phường 03, Quận 3, Thành phố Hồ Chí Minh, Việt Nam",Quận 3,"4632: Bán buôn thực phẩm-(không hoạt động tại trụ sở);4633: Bán buôn đồ uống-;4649: Bán buôn đồ dùng khác cho gia đình-(trừ kinh doanh dược phẩm);4690: Bán buôn tổng hợp-(trừ bán buôn bình gas, khí dầ",internet
316472785,CÔNG TY TNHH THƯƠNG MẠI DỊCH VỤ GOLD LOTUS,CÔNG TY TNHH THƯƠNG MẠI DỊCH V,Công ty trách nhiệm hữu hạn một thành viên,"208 Nam Kỳ Khởi Nghĩa, Phường 06, Quận 3, Thành phố Hồ Chí Minh, Việt Nam",Quận 3,"4753: Bán lẻ thảm, đệm, chăn, màn, rèm, vật liệu phủ tường và sàn trong các cửa hàng chuyên doanh-(Không hoạt động tại trụ sở);4772: Bán lẻ thuốc, dụng cụ y tế, mỹ phẩm và vật phẩm vệ sinh trong các c",internet
316476236,CÔNG TY TNHH TRANG TRÍ NỘI THẤT NHANH,CÔNG TY TNHH TRANG TRÍ NỘI THẤ,Công ty trách nhiệm hữu hạn một thành viên,"Tầng 3, Toà nhà An Phú Plaza, 117-119 Lý Chính Thắng, Phường Võ Thị Sáu, Quận 3, Thành phố Hồ Chí Minh, Việt Nam",Quận 3,"4321: Lắp đặt hệ thống điện-(không gia công cơ khí, tái chế phế thải, xi mạ điện tại trụ sở).;4322: Lắp đặt hệ thống cấp, thoát nước, hệ thống sưởi và điều hoà không khí-(trừ gia công cơ khí, tái chế ",internet
316518415,CÔNG TY TNHH NĂNG LƯỢNG SSKT BETA,CÔNG TY TNHH NĂNG LƯỢNG SSKT B,Công ty trách nhiệm hữu hạn một thành viên,"Tầng 5, Tòa nhà số 81 Cao Thắng, Phường 03, Quận 3, Thành phố Hồ Chí Minh, Việt Nam",Quận 3,"4799: Bán lẻ hình thức khác chưa được phân vào đâu-Chi tiết: Bán lẻ máy móc và trang thiết bị điện;7730: Cho thuê máy móc, thiết bị và đồ dùng hữu hình khác không kèm người điều khiển-Chi tiết: Thuê v",internet
316475017,CÔNG TY TNHH DIGITAL SOFTWARE TECHNOLOGY VIETNAM,CÔNG TY TNHH DIGITAL SOFTWARE ,Công ty trách nhiệm hữu hạn một thành viên,"Lầu 12 Tòa Nhà Báo Sài Gòn Giải Phóng, 436-438 Nguyễn Thị Minh Khai, Phường 05, Quận 3, Thành phố Hồ Chí Minh, Việt Nam",Quận 3,"7020: Hoạt động tư vấn quản lý-Chi tiết: Dịch vụ tư vấn quản lý chung, Dịch vụ tư vấn quản lý tài chính (trừ thuế kinh doanh); Dịch vụ tư vấn quản lý marketing; dịch vụ tư vấn quản lý nguồn nhân lực (",software
316477127,CÔNG TY TNHH THƯƠNG MẠI DỊCH VỤ QUỐC TẾ BẾN THÀNH,CÔNG TY TNHH THƯƠNG MẠI DỊCH V,Công ty trách nhiệm hữu hạn một thành viên,"Tầng 12B, Tòa Nhà Cienco 4,180 Nguyễn Thị Minh Khai, Phường Võ Thị Sáu, Quận 3, Thành phố Hồ Chí Minh, Việt Nam",Quận 3,"4719: Bán lẻ  khác trong các cửa hàng kinh doanh tổng hợp-Bán lẻ nhiều loại hàng hóa trong các siêu thị, minimart, trung tâm thương mại: quần áo, giày dép, đồ dùng, hàng ngũ kim, mỹ phẩm, đồ trang sức",internet
316481035,CÔNG TY TNHH ĐẦU TƯ XUẤT NHẬP KHẨU KHÁNH LAN,CÔNG TY TNHH ĐẦU TƯ XUẤT NHẬP ,Công ty trách nhiệm hữu hạn một thành viên,"Tầng 14, tòa Nhà HM Town, 412 Đường Nguyễn Thị Minh Khai, Phường 05, Quận 3, Thành phố Hồ Chí Minh, Việt Nam",Quận 3,"4649: Bán buôn đồ dùng khác cho gia đình-;4759: Bán lẻ đồ điện gia dụng, giường, tủ, bàn, ghế và đồ nội thất tương tự, đèn và bộ đèn điện, đồ dùng gia đình khác chưa được phân vào đâu  trong các cửa h",internet
316471206,CÔNG TY TNHH DARKSKIN,CÔNG TY TNHH DARKSKIN,Công ty trách nhiệm hữu hạn một thành viên,"Tầng 8, 520 Cách Mạng Tháng Tám, Phường 11, Quận 3, Thành phố Hồ Chí Minh, Việt Nam",Quận 3,"2023: Sản xuất mỹ phẩm, xà phòng, chất tẩy rửa, làm bóng và chế phẩm vệ sinh-Chi tiết: Sản xuất mỹ phẩm (trừ sản xuất hóa chất) (không hoạt động tại trụ sở);4649: Bán buôn đồ dùng khác cho gia đình-Ch",internet
316530437,CÔNG TY CỔ PHẦN DƯỢC PHẨM QUỐC TẾ RAINBOW,CÔNG TY CỔ PHẦN DƯỢC PHẨM QUỐC,Công ty cổ phần,"443/44H Lê Văn Sỹ , Phường 12, Quận 3, Thành phố Hồ Chí Minh, Việt Nam",Quận 3,8559: Giáo dục khác chưa được phân vào đâu-Chi tiết: - Giáo dục không xác định theo cấp độ tại các trung tâm đào tạo bồi dưỡng; - Các dịch vụ dạy kèm( gia sư); - Giáo dục dự bị; - Các trung tâm dạy họ,internet
316487238,CÔNG TY TNHH TM DV THIÊN VŨ CÁT,CÔNG TY TNHH TM DV THIÊN VŨ CÁ,Công ty trách nhiệm hữu hạn một thành viên,"84 Vườn Chuối, Phường 04, Quận 3, Thành phố Hồ Chí Minh, Việt Nam",Quận 3,"6190: Hoạt động viễn thông khác-Chi tiết: Đại lý dịch vụ bưu chính - viễn thông (trừ kinh doanh đại lý dịch vụ internet).;1811: In ấn-(trừ in tráng bao bì kim loại, in trên các sản phầm vải sợi, dệt, ",internet
316533318,CÔNG TY TNHH MTV THƯƠNG MẠI DỊCH VỤ LUNA GROUP,CÔNG TY TNHH MTV THƯƠNG MẠI DỊ,Công ty trách nhiệm hữu hạn một thành viên,"Số 19, đường số 2, Cư xá đô thành, Phường 04, Quận 3, Thành phố Hồ Chí Minh, Việt Nam",Quận 3,"4690: Bán buôn tổng hợp-(trừ bán buôn hóa chất, khí dầu mỏ hóa lỏng LPG,   dầu nhớt cặn, vàng miếng, súng, đạn loại dùng đi săn hoặc thể thao và tiền kim khí; Thực hiện theo Quyết định 64/2009/QĐ-UBND",internet
316493898,CÔNG TY TNHH XUẤT NHẬP KHẨU VÀ ĐẦU TƯ INFINITE WEALTH,CÔNG TY TNHH XUẤT NHẬP KHẨU VÀ,Công ty trách nhiệm hữu hạn một thành viên,"176 Võ Thị Sáu , Phường 07, Quận 3, Thành phố Hồ Chí Minh, Việt Nam",Quận 3,"3290: Sản xuất khác chưa được phân vào đâu-( không hoạt động tại trụ sở )
Chi tiết : Sản xuất trang thiết bị y tế, bảo hộ lao động;4649: Bán buôn đồ dùng khác cho gia đình-Chi tiết : Bán buôn vật tư y",internet
316495849,CÔNG TY CỔ PHẦN TOPENGROUP,CÔNG TY CỔ PHẦN TOPENGROUP,Công ty cổ phần,"Số 18A Kỳ Đồng, Phường 09, Quận 3, Thành phố Hồ Chí Minh, Việt Nam",Quận 3,"6399: Dịch vụ thông tin khác chưa được phân vào đâu-Chi tiết: Cung cấp thông tin điện tử tổng hợp trên mạng internet. (trừ dịch vụ cắt xén thông tin, báo chí);6619: Hoạt động hỗ trợ dịch vụ tài chính ",internet
316494757,CÔNG TY TNHH APPSHEET VIỆT NAM,CÔNG TY TNHH APPSHEET VIỆT NAM,Công ty trách nhiệm hữu hạn một thành viên,"645 Hoàng Sa, Phường Võ Thị Sáu, Quận 3, Thành phố Hồ Chí Minh, Việt Nam",Quận 3,6312: Cổng thông tin-Chi tiết: thiết lập trang thông tin điện tử tổng hợp.;6399: Dịch vụ thông tin khác chưa được phân vào đâu-Chi tiết: Các dịch vụ thông tin qua điện thoại; Các dịch vụ tìm kiếm thôn,internet
316504726,CÔNG TY CỔ PHẦN TOPENINSURANCE,CÔNG TY CỔ PHẦN TOPENINSURANCE,Công ty cổ phần,"Số 18A Kỳ Đồng, Phường 09, Quận 3, Thành phố Hồ Chí Minh, Việt Nam",Quận 3,"3240: Sản xuất đồ chơi, trò chơi-(trừ đồ chơi có hại cho giáo dục nhân cách, sức khỏe của trẻ em hoặc ảnh hưởng tới an ninh trật tự và an toàn xã hội);4610: Đại lý, môi giới, đấu giá hàng hóa-Chi tiết",internet
316504701,CÔNG TY CỔ PHẦN TOPENASSET,CÔNG TY CỔ PHẦN TOPENASSET,Công ty cổ phần,"Số 18A Kỳ Đồng, Phường 09, Quận 3, Thành phố Hồ Chí Minh, Việt Nam",Quận 3,"3240: Sản xuất đồ chơi, trò chơi-(trừ đồ chơi có hại cho giáo dục nhân cách, sức khỏe của trẻ em hoặc ảnh hưởng tới an ninh trật tự và an toàn xã hội);4610: Đại lý, môi giới, đấu giá hàng hóa-Chi tiết",internet
316489771,CÔNG TY TNHH INCOLIFE,CÔNG TY TNHH INCOLIFE,Công ty trách nhiệm hữu hạn hai thành viên trở lên,"Tầng 3, Tòa nhà ACM, Số 96 Cao Thắng, Phường 04, Quận 3, Thành phố Hồ Chí Minh, Việt Nam",Quận 3,"3320: Lắp đặt máy móc và thiết bị công nghiệp-;5630: Dịch vụ phục vụ đồ uống--(trừ hoạt động quán bar và quán giải khát có khiêu vũ);6110: Hoạt động viễn thông có dây---(trừ cung cấp dịch vụ truy cập,",internet
316484205,CÔNG TY TNHH MEGA BRAND,CÔNG TY TNHH MEGA BRAND,Công ty trách nhiệm hữu hạn một thành viên,"Phòng 302, 382/34 Nguyễn Thị Minh Khai, Phường 05, Quận 3, Thành phố Hồ Chí Minh, Việt Nam",Quận 3,"1812: Dịch vụ liên quan đến in-;4791: Bán lẻ theo yêu cầu đặt hàng qua bưu điện hoặc internet-(trừ bán lẻ hóa chất, khí dầu mỏ hóa lỏng LPG, dầu nhớt cặn, vàng miếng, súng, đạn loại dùng đi săn hoặc t",internet
316504934,CÔNG TY CỔ PHẦN TOPENCAR,CÔNG TY CỔ PHẦN TOPENCAR,Công ty cổ phần,"Số 18A Kỳ Đồng, Phường 09, Quận 3, Thành phố Hồ Chí Minh, Việt Nam",Quận 3,"3240: Sản xuất đồ chơi, trò chơi-(trừ đồ chơi có hại cho giáo dục nhân cách, sức khỏe của trẻ em hoặc ảnh hưởng tới an ninh trật tự và an toàn xã hội);4610: Đại lý, môi giới, đấu giá hàng hóa-Chi tiết",internet
316504797,CÔNG TY CỔ PHẦN TOPENID,CÔNG TY CỔ PHẦN TOPENID,Công ty cổ phần,"Số 18A Kỳ Đồng, Phường 09, Quận 3, Thành phố Hồ Chí Minh, Việt Nam",Quận 3,"3240: Sản xuất đồ chơi, trò chơi-(trừ đồ chơi có hại cho giáo dục nhân cách, sức khỏe của trẻ em hoặc ảnh hưởng tới an ninh trật tự và an toàn xã hội);4610: Đại lý, môi giới, đấu giá hàng hóa-Chi tiết",internet
316495528,CÔNG TY TNHH PHÁT TRIỂN THƯƠNG MẠI DỊCH VỤ SƠN NAM,CÔNG TY TNHH PHÁT TRIỂN THƯƠNG,Công ty trách nhiệm hữu hạn một thành viên,"P403 Tầng 4, Tòa Nhà TPP Số 141 Nguyễn Đình Chiểu, Phường Võ Thị Sáu, Quận 3, Thành phố Hồ Chí Minh, Việt Nam",Quận 3,"4669: Bán buôn chuyên doanh khác chưa được phân vào đâu-Chi tiết: Bán buôn hoá chất công nghiệp, hoá chất sử dụng trong lĩnh vực phụ gia thực phẩm (không hoạt động tại trụ sở); Bán buôn hạt nhựa, nhựa",internet
316504733,CÔNG TY CỔ PHẦN TOPENVALUE,CÔNG TY CỔ PHẦN TOPENVALUE,Công ty cổ phần,"Số 18A Kỳ Đồng, Phường 09, Quận 3, Thành phố Hồ Chí Minh, Việt Nam",Quận 3,"3240: Sản xuất đồ chơi, trò chơi-(trừ đồ chơi có hại cho giáo dục nhân cách, sức khỏe của trẻ em hoặc ảnh hưởng tới an ninh trật tự và an toàn xã hội);4610: Đại lý, môi giới, đấu giá hàng hóa-Chi tiết",internet
316513248,CÔNG TY TNHH KINH DOANH DỊCH VỤ TRƯỜNG THỊNH PHÁT,CÔNG TY TNHH KINH DOANH DỊCH V,Công ty trách nhiệm hữu hạn một thành viên,"229 Lê Văn Sỹ, Phường 13, Quận 3, Thành phố Hồ Chí Minh, Việt Nam",Quận 3,"4651: Bán buôn máy vi tính, thiết bị ngoại vi và phần mềm-;4652: Bán buôn thiết bị và linh kiện điện tử, viễn thông-;1410: May trang phục (trừ trang phục từ da lông thú)-(trừ thuộc da, tẩy, nhuộm, hồ,",internet
316496433,CÔNG TY TNHH TƯ VẤN HOÀNG KHANG,CÔNG TY TNHH TƯ VẤN HOÀNG KHAN,Công ty trách nhiệm hữu hạn hai thành viên trở lên,"160 Cách Mạng Tháng Tám, Phường 10, Quận 3, Thành phố Hồ Chí Minh, Việt Nam",Quận 3,"4212: Xây dựng công trình đường bộ-;4211: Xây dựng công trình đường sắt-;4102: Xây dựng nhà không để ở-;4101: Xây dựng nhà để ở-;3511: Sản xuất điện-Chi tiết: Điện mặt trời (trừ truyền tải, điều độ hệ",internet
316499603,CÔNG TY CỔ PHẦN CÔNG NGHỆ THÔNG TIN RPT,CÔNG TY CỔ PHẦN CÔNG NGHỆ THÔN,Công ty cổ phần,"40A Trần Cao Vân, Phường 06, Quận 3, Thành phố Hồ Chí Minh, Việt Nam",Quận 3,"6201: Lập trình máy vi tính-Chi tiết: Sản xuất phần mềm;6311: Xử lý dữ liệu, cho thuê và các hoạt động liên quan-;6312: Cổng thông tin-Chi tiết: Thiết lập trang thông tin điện tử tổng hợp, thiết lập m",internet
316508544,CÔNG TY TNHH DINH DƯỠNG HỮU CƠ VÀ YẾN SÀO HOÀNG YẾN,CÔNG TY TNHH DINH DƯỠNG HỮU CƠ,Công ty trách nhiệm hữu hạn hai thành viên trở lên,"Tầng 12B, Tòa nhà Cienco4, 180 Nguyễn Thị Minh Khai, Phường Võ Thị Sáu, Quận 3, Thành phố Hồ Chí Minh, Việt Nam",Quận 3,"4632: Bán buôn thực phẩm-Chi tiết: Bán buôn yến sào (không hoạt động tại trụ sở);4722: Bán lẻ thực phẩm trong các cửa hàng chuyên doanh-Chi tiết: Bán lẻ tổ yến, yến sào;1079: Sản xuất thực phẩm khác c",internet
316515358,CÔNG TY TNHH NĂNG LƯỢNG SSKT ALPHA,CÔNG TY TNHH NĂNG LƯỢNG SSKT A,Công ty trách nhiệm hữu hạn hai thành viên trở lên,"Số 14B Kỳ Đồng, Phường 09, Quận 3, Thành phố Hồ Chí Minh, Việt Nam",Quận 3,"3511: Sản xuất điện-Chi tiết: Sản xuất điện mặt trời (trừ truyền tải, điều độ hệ thống điện quốc gia và quản lý lưới điện phân phối, thủy điện đa mục tiêu, điện hạt nhân);3512: Truyền tải và phân phối",internet
316520238,CÔNG TY TNHH QUANG MINH MOBILE,CÔNG TY TNHH QUANG MINH MOBILE,Công ty trách nhiệm hữu hạn một thành viên,"161 Nguyễn Phúc Nguyên, Phường 10, Quận 3, Thành phố Hồ Chí Minh, Việt Nam",Quận 3,"9511: Sửa chữa máy vi tính và thiết bị ngoại vi-(trừ gia công cơ khí, tái chế phế thải, xi mạ điện tại trụ sở).;4651: Bán buôn máy vi tính, thiết bị ngoại vi và phần mềm-;9512: Sửa chữa thiết bị liên ",lap top
316506956,CÔNG TY TNHH AIR GO,CÔNG TY TNHH AIR GO,Công ty trách nhiệm hữu hạn hai thành viên trở lên,"259 Nam Kỳ Khởi Nghĩa, Phường Võ Thị Sáu, Quận 3, Thành phố Hồ Chí Minh, Việt Nam",Quận 3,"4791: Bán lẻ theo yêu cầu đặt hàng qua bưu điện hoặc internet-(trừ bán lẻ hóa chất, khí dầu mỏ hóa lỏng LPG, dầu nhớt cặn, vàng miếng, súng, đạn loại dùng đi săn hoặc thể thao và tiền kim khí; Thực hi",internet
316510448,CÔNG TY TNHH THỜI TRANG SỨC KHỎE VIỆT,CÔNG TY TNHH THỜI TRANG SỨC KH,Công ty trách nhiệm hữu hạn một thành viên,"81 đường Trương Định, Phường Võ Thị Sáu, Quận 3, Thành phố Hồ Chí Minh, Việt Nam",Quận 3,"4641: Bán buôn vải, hàng may mặc, giày dép-Chi tiết: Thực hiện quyền xuất khẩu, quyền nhập khẩu, quyền phân phối bán buôn các hàng hóa không thuộc danh mục hàng hóa cấm xuất khẩu, cấm nhập khẩu và dan",internet
316514178,CÔNG TY TNHH THƯƠNG MẠI & DỊCH VỤ TƯ VẤN GREENLIFE,CÔNG TY TNHH THƯƠNG MẠI  DỊCH ,Công ty trách nhiệm hữu hạn hai thành viên trở lên,"Tầng 14, Tòa nhà HM Town, 412 Nguyễn Thị Minh Khai, Phường 05, Quận 3, Thành phố Hồ Chí Minh, Việt Nam",Quận 3,"4690: Bán buôn tổng hợp-(trừ bán buôn bình gas, khí dầu mỏ hóa lỏng LPG, dầu nhớt cặn, vàng miếng, súng, đạn loại dùng đi săn hoặc thể thao và tiền kim khí; trừ bán buôn hóa chất tại trụ sở; Thực hiện",internet
316566384,CÔNG TY TNHH K-CLOSET,CÔNG TY TNHH KCLOSET,Công ty trách nhiệm hữu hạn hai thành viên trở lên,"232 Võ Văn Tần, Phường 05, Quận 3, Thành phố Hồ Chí Minh, Việt Nam",Quận 3,"1410: May trang phục (trừ trang phục từ da lông thú)-(trừ thuộc da, tẩy, nhuộm, hồ, in trên các sản phẩm vải sợi, dệt, may, đan và gia công hàng đã qua sử dụng tại trụ sở);7020: Hoạt động tư vấn quản ",internet
316522429,CÔNG TY TNHH SALALA SAIGON,CÔNG TY TNHH SALALA SAIGON,Công ty trách nhiệm hữu hạn hai thành viên trở lên,"563/4 Hoàng Sa, Phường Võ Thị Sáu, Quận 3, Thành phố Hồ Chí Minh, Việt Nam",Quận 3,5610: Nhà hàng và các dịch vụ ăn uống phục vụ lưu động-;5621: Cung cấp dịch vụ ăn uống theo hợp đồng không thường xuyên với khách hàng-;5629: Dịch vụ ăn uống khác-;5630: Dịch vụ phục vụ đồ uống-(trừ h,internet
316515076,CÔNG TY TNHH CÔNG NGHỆ VÀ TRUYỀN THÔNG QUỐC TẾ SB,CÔNG TY TNHH CÔNG NGHỆ VÀ TRUY,Công ty trách nhiệm hữu hạn hai thành viên trở lên,"Tầng 14, Tòa Nhà HM Town, 412 Nguyễn Thị Minh Khai, Phường 05, Quận 3, Thành phố Hồ Chí Minh, Việt Nam",Quận 3,"6202: Tư vấn máy vi tính và quản trị hệ thống máy vi tính-;8110: Dịch vụ hỗ trợ tổng hợp-trừ tư vấn tài chính, kế toán, pháp luật);8551: Giáo dục thể thao và giải trí-(trừ hoạt động của các sàn nhảy);",internet
316523380,CÔNG TY CỔ PHẦN GROVE LOGISTICS,CÔNG TY CỔ PHẦN GROVE LOGISTIC,Công ty cổ phần,"212 Pasteur, Phường Võ Thị Sáu, Quận 3, Thành phố Hồ Chí Minh, Việt Nam",Quận 3,"4933: Vận tải hàng hóa bằng đường bộ-(trừ hóa lỏng khí để vận chuyển);4711: Bán lẻ lương thực, thực phẩm, đồ uống, thuốc lá, thuốc lào chiếm tỷ trọng lớn trong các cửa hàng kinh doanh tổng hợp-(thực h",internet
316532681,CÔNG TY TNHH GROVE FRESH,CÔNG TY TNHH GROVE FRESH,Công ty trách nhiệm hữu hạn một thành viên,"212 Pasteur, Phường Võ Thị Sáu, Quận 3, Thành phố Hồ Chí Minh, Việt Nam",Quận 3,5229: Hoạt động dịch vụ hỗ trợ khác liên quan đến vận tải-(trừ hóa lỏng khí để vận chuyển và hoạt động liên quan đến vận tải hàng không);5610: Nhà hàng và các dịch vụ ăn uống phục vụ lưu động-;1040: S,internet
316538080,CÔNG TY CỔ PHẦN YUJINCO- VINA,CÔNG TY CỔ PHẦN YUJINCO VINA,Công ty cổ phần,"Tầng 8, Tòa nhà Loyal, Số 151, Đường Võ Thị Sáu, Phường Võ Thị Sáu, Quận 3, Thành phố Hồ Chí Minh, Việt Nam",Quận 3,"4799: Bán lẻ hình thức khác chưa được phân vào đâu-Chi tiết: Thực hiện quyền phân phối bán lẻ các hàng hóa không thuộc danh mục hàng hóa cấm xuất khẩu, cấm nhập khẩu và danh mục hàng hóa không được ph",internet
316526399,CÔNG TY TNHH TRUYỀN THÔNG NGUYỄN QUÂN,CÔNG TY TNHH TRUYỀN THÔNG NGUY,Công ty trách nhiệm hữu hạn hai thành viên trở lên,"220/49/2 Lê Văn Sỹ, Phường 14, Quận 3, Thành phố Hồ Chí Minh, Việt Nam",Quận 3,7310: Quảng cáo-(trừ quảng cáo thuốc lá);7320: Nghiên cứu thị trường và thăm dò dư luận-(Trừ các loại thông tin Nhà Nước cấm và dịch vụ điều tra);7410: Hoạt động thiết kế chuyên dụng-Chi tiết: Thiết k,internet
316530003,CÔNG TY TNHH R&P COMMERCE VIETNAM,CÔNG TY TNHH RP COMMERCE VIETN,Công ty trách nhiệm hữu hạn một thành viên,"Tầng 14, Tòa Nhà HM Town, 412 Nguyễn Thị Minh Khai, Phường 05, Quận 3, Thành phố Hồ Chí Minh, Việt Nam",Quận 3,4632: Bán buôn thực phẩm-(không hoạt động tại trụ sở);4633: Bán buôn đồ uống-;4649: Bán buôn đồ dùng khác cho gia đình-;8299: Hoạt động dịch vụ hỗ trợ kinh doanh khác còn lại chưa được phân vào đâu-Ch,internet
316545521,CÔNG TY TNHH LHT BEAUTY,CÔNG TY TNHH LHT BEAUTY,Công ty trách nhiệm hữu hạn một thành viên,"311/7 Nguyễn Đình Chiểu, Phường 05, Quận 3, Thành phố Hồ Chí Minh, Việt Nam",Quận 3,"7310: Quảng cáo-;9631: Cắt tóc, làm đầu, gội đầu-Chi tiết: Massage mặt, cắt tóc, gội đầu, uốn, sấy, nhuộm tóc, duỗi thẳng, ép tóc và các dịch vụ làm tóc khác phục vụ cả nam và nữ; làm móng chân, móng ",internet
316541816,CÔNG TY CỔ PHẦN ĐẦU TƯ PHÁT TRIỂN CÀ PHÊ ĐẤT ĐỎ,CÔNG TY CỔ PHẦN ĐẦU TƯ PHÁT TR,Công ty cổ phần,"Số 4 Đường Nguyễn Sơn Hà, Phường 05, Quận 3, Thành phố Hồ Chí Minh, Việt Nam",Quận 3,"6202: Tư vấn máy vi tính và quản trị hệ thống máy vi tính-Chi tiết: Tư vấn máy vi tính và quản trị hệ thống máy vi tính. Hoạt động lập và thiết kế các hệ thống máy tính tích hợp các phần cứng, phần mề",internet
316549759,CÔNG TY TNHH TM & DV NHÂN KIỆT MARKET,CÔNG TY TNHH TM  DV NHÂN KIỆT ,Công ty trách nhiệm hữu hạn một thành viên,"Số 01 Nguyễn Thông, Phường 09, Quận 3, Thành phố Hồ Chí Minh, Việt Nam",Quận 3,"4773: Bán lẻ hàng hóa khác mới trong các cửa hàng chuyên doanh-(trừ bán lẻ bình gas, khí dầu mỏ hóa lỏng LPG, dầu nhớt cặn, vàng miếng, súng, đạn loại dùng đi săn hoặc thể thao và tiền kim khí; trừ bá",internet
316534110,CÔNG TY CỔ PHẦN ATM GROUP,CÔNG TY CỔ PHẦN ATM GROUP,Công ty cổ phần,"Số 171 Võ Thị Sáu, Phường 07, Quận 3, Thành phố Hồ Chí Minh, Việt Nam",Quận 3,0111: Trồng lúa-(không hoạt động tại trụ sở);0112: Trồng ngô và cây lương thực có hạt khác-(không hoạt động tại trụ sở);0113: Trồng cây lấy củ có chất bột-(không hoạt động tại trụ sở);0114: Trồng cây ,internet
316532240,CÔNG TY TRÁCH NHIỆM HỮU HẠN DATA HOLDING,CÔNG TY TRÁCH NHIỆM HỮU HẠN DA,Công ty trách nhiệm hữu hạn hai thành viên trở lên,"Tòa nhà Cienco 4, 180 Nguyễn Thị Minh Khai, Phường Võ Thị Sáu, Quận 3, Thành phố Hồ Chí Minh, Việt Nam",Quận 3,"4690: Bán buôn tổng hợp-(trừ bán buôn bình gas, khí dầu mỏ hóa lỏng LPG, dầu nhớt cặn, vàng miếng, súng, đạn loại dùng đi săn hoặc thể thao và tiền kim khí; trừ bán buôn hóa chất tại trụ sở; Thực hiện",internet
316542256,CÔNG TY TNHH SILVERSPEED TECHNOLOGY,CÔNG TY TNHH SILVERSPEED TECHN,Công ty trách nhiệm hữu hạn một thành viên,"205/76 Trần Văn Đang, Phường 11, Quận 3, Thành phố Hồ Chí Minh, Việt Nam",Quận 3,"4649: Bán buôn đồ dùng khác cho gia đình-Chi tiết: 
- Bán buôn đồ điện gia dụng, đèn và bộ đèn điện 
- Bán buôn nước hoa, hàng mỹ phẩm và chế phẩm vệ sinh 
- Bán buôn đồ dùng khác cho gia đình (trừ dư",technology
316537351,CÔNG TY CỔ PHẦN GF EDUCATION INVEST,CÔNG TY CỔ PHẦN GF EDUCATION I,Công ty cổ phần,"486 Nguyễn Thị Minh Khai, Phường 02, Quận 3, Thành phố Hồ Chí Minh, Việt Nam",Quận 3,"8523: Giáo dục trung học phổ thông-;8299: Hoạt động dịch vụ hỗ trợ kinh doanh khác còn lại chưa được phân vào đâu-Chi tiết: Xuất nhập khẩu các mặt hàng công ty kinh doanh;4610: Đại lý, môi giới, đấu g",internet
316537908,CÔNG TY TNHH FOODMATE,CÔNG TY TNHH FOODMATE,Công ty trách nhiệm hữu hạn một thành viên,"212 Pasteur, Phường Võ Thị Sáu, Quận 3, Thành phố Hồ Chí Minh, Việt Nam",Quận 3,4719: Bán lẻ khác trong các cửa hàng kinh doanh tổng hợp-chi tiết: bán lẻ trong siêu thị (supermarket); bản lẻ trong cửa hàng tiện lợi (minimarket) và bán lẻ trong trung tâm thương mại các mặt hàng: q,internet
316536855,CÔNG TY TNHH VIỆN THẨM MỸ HƯƠNG TRE,CÔNG TY TNHH VIỆN THẨM MỸ HƯƠN,Công ty trách nhiệm hữu hạn một thành viên,"Số 2/37A, Đường Cao Thắng, Phường 05, Quận 3, Thành phố Hồ Chí Minh, Việt Nam",Quận 3,"9631: Cắt tóc, làm đầu, gội đầu-Chi tiết: Cắt tóc, gội đầu, uốn, sấy, nhuộm tóc, duỗi thẳng, ép tóc, massage mặt, tắm trắng, triệt lông, làm móng chân, móng tay.
( trừ hoạt động gây chảy máu);9610: Dị",internet
316562527,CÔNG TY TNHH NADORA,CÔNG TY TNHH NADORA,Công ty trách nhiệm hữu hạn một thành viên,"593 Nguyễn Đình Chiểu, Phường 02, Quận 3, Thành phố Hồ Chí Minh, Việt Nam",Quận 3,4511: Bán buôn ô tô và xe có động cơ khác-;4512: Bán lẻ ô tô con (loại 9 chỗ ngồi trở xuống)-;4513: Đại lý ô tô và xe có động cơ khác-;4530: Bán phụ tùng và các bộ phận phụ trợ của ô tô và xe có động ,internet
316539172,CÔNG TY TNHH PARADIGM GROUP,CÔNG TY TNHH PARADIGM GROUP,Công ty trách nhiệm hữu hạn hai thành viên trở lên,"Tầng 5 Tòa Nhà Buy2sell, Số 92A Trần Quốc Toản, Phường Võ Thị Sáu, Quận 3, Thành phố Hồ Chí Minh, Việt Nam",Quận 3,"4632: Bán buôn thực phẩm-(không hoạt động tại trụ sở) (CPC 622); 4633: Bán buôn đồ uống-(CPC 622); 4719: Bán lẻ khác trong các cửa hàng kinh doanh tổng hợp-(trừ bán lẻ bình gas, súng, đạn loại dùng đi",internet
316560544,CÔNG TY TNHH THƯƠNG MẠI ĐẦU TƯ PHÁT TRIỂN DƯƠNG DUY,CÔNG TY TNHH THƯƠNG MẠI ĐẦU TƯ,Công ty trách nhiệm hữu hạn một thành viên,"Số 1 Nguyễn Thông, Phường 09, Quận 3, Thành phố Hồ Chí Minh, Việt Nam",Quận 3,"4789: Bán  lẻ hàng hóa khác lưu động hoặc tại chợ-Chi tiết: Bán lẻ mỹ phẩm và vật phẩm vệ sinh lưu động hoặc tại chợ. Bán lẻ đồng hồ, kính mắt lưu động tại chợ. Bán lẻ đồ trang sức lưu động hoặc tại c",internet
316599541,CÔNG TY TNHH TRẦN TÀI NHÂN,CÔNG TY TNHH TRẦN TÀI NHÂN,Công ty trách nhiệm hữu hạn một thành viên,"Tầng 14, Tòa Nhà HM Town, 412 Nguyễn Thị Minh Khai, Phường 05, Quận 3, Thành phố Hồ Chí Minh, Việt Nam",Quận 3,"4631: Bán buôn gạo, lúa mỳ, hạt ngũ cốc khác, bột mỳ-(không hoạt động tại trụ sở);4632: Bán buôn thực phẩm-(không hoạt động tại trụ sở);4633: Bán buôn đồ uống-;4649: Bán buôn đồ dùng khác cho gia đình",internet
316557830,CÔNG TY TNHH JPWING,CÔNG TY TNHH JPWING,Công ty trách nhiệm hữu hạn một thành viên,"Số 1 Nguyễn Thông, Phường 09, Quận 3, Thành phố Hồ Chí Minh, Việt Nam",Quận 3,"4610: Đại lý, môi giới, đấu giá hàng hóa-Chi tiết : Đại lý , môi giới hàng hóa ( Trừ đấu giá hàng hóa);4649: Bán buôn đồ dùng khác cho gia đình-Chi tiết: Bán buôn nước hoa, hàng mỹ phẩm và chế phẩm vệ",internet
316554043,CÔNG TY TNHH THƯƠNG MẠI VÀ DỊCH VỤ SJF HOÀN CẦU,CÔNG TY TNHH THƯƠNG MẠI VÀ DỊC,Công ty trách nhiệm hữu hạn hai thành viên trở lên,"Tầng 14, Tòa Nhà HM Town, 412 Nguyễn Thị Minh Khai, Phường 05, Quận 3, Thành phố Hồ Chí Minh, Việt Nam",Quận 3,"4659: Bán buôn máy móc, thiết bị và phụ tùng máy khác-(trừ máy vi tính và thiết bị ngoại vi);4772: Bán lẻ thuốc, dụng cụ y tế, mỹ phẩm và vật phẩm vệ sinh trong các cửa hàng chuyên doanh-;4620: Bán bu",internet
316554646,CÔNG TY TNHH THƯƠNG MẠI DỊCH VỤ 365 SOLUTIONS,CÔNG TY TNHH THƯƠNG MẠI DỊCH V,Công ty trách nhiệm hữu hạn một thành viên,"383 Võ Văn Tần, Phường 05, Quận 3, Thành phố Hồ Chí Minh, Việt Nam",Quận 3,"4632: Bán buôn thực phẩm-Chi tiết: Bán buôn các lọai thực phẩm (không hoạt dộng tại trụ sở), bán buôn thực phẩm chức năng (Trừ loại Nhà nước cấm);4633: Bán buôn đồ uống-;4641: Bán buôn vải, hàng may m",internet
316598379,CÔNG TY TNHH TƯ VẤN KIẾN TRÚC XÂY DỰNG QUÂN,CÔNG TY TNHH TƯ VẤN KIẾN TRÚC ,Công ty trách nhiệm hữu hạn một thành viên,"358/16/28 Cách Mạng Tháng 8, Phường 10, Quận 3, Thành phố Hồ Chí Minh, Việt Nam",Quận 3,"4101: Xây dựng nhà để ở-;4102: Xây dựng nhà không để ở-;4221: Xây dựng công trình điện-(doanh nghiệp không cung cấp hàng hóa, dịch vụ thuộc độc quyền nhà nước trong hoạt động thương mại theo Nghị định",internet
316561918,CÔNG TY TNHH PRIMO EMPIRE,CÔNG TY TNHH PRIMO EMPIRE,Công ty trách nhiệm hữu hạn một thành viên,"Tầng 14, Tòa Nhà HM Town, 412 Nguyễn Thị Minh Khai, Phường 05, Quận 3, Thành phố Hồ Chí Minh, Việt Nam",Quận 3,"4610: Đại lý, môi giới, đấu giá hàng hóa-Chi tiết: Đại lý mua, bán, ký gửi hàng hoá, môi giới;4651: Bán buôn máy vi tính, thiết bị ngoại vi và phần mềm-;4741: Bán lẻ máy vi tính, thiết bị ngoại vi, ph",internet
316571987,CÔNG TY TNHH XÂY DỰNG VẬN TẢI MINH BẢO,CÔNG TY TNHH XÂY DỰNG VẬN TẢI ,Công ty trách nhiệm hữu hạn một thành viên,"P403 Tầng 4, Tòa Nhà TPP Số 141 Nguyễn Đình Chiểu, Phường 06, Quận 3, Thành phố Hồ Chí Minh, Việt Nam",Quận 3,"7110: Hoạt động kiến trúc và tư vấn kỹ thuật có liên quan-Chi tiết: Giám sát công tác xây dựng và hoàn thiện công trình dân dụng - công nghiệp. Thiết kế kết cấu công trình dân dụng, công nghiệp. Hoạt ",internet
316587433,CÔNG TY CỔ PHẦN TRUYỀN THÔNG QUẢNG CÁO JJM,CÔNG TY CỔ PHẦN TRUYỀN THÔNG Q,Công ty cổ phần,"397 Điện Biên Phủ, Phường 04, Quận 3, Thành phố Hồ Chí Minh, Việt Nam",Quận 3,"4632: Bán buôn thực phẩm-(Không hoạt động tại trụ sở); 4633: Bán buôn đồ uống-; 4641: Bán buôn vải, hàng may mặc, giày dép-; 5510: Dịch vụ lưu trú ngắn ngày-; 5590: Cơ sở lưu trú khác-; 5610: Nhà hàng",internet
316578407,CÔNG TY TNHH TRUYỀN THÔNG CÔNG NGHỆ LION,CÔNG TY TNHH TRUYỀN THÔNG CÔNG,Công ty trách nhiệm hữu hạn hai thành viên trở lên,"253 Điện Biên Phủ, Phường 07, Quận 3, Thành phố Hồ Chí Minh, Việt Nam",Quận 3,"1811: In ấn-;1812: Dịch vụ liên quan đến in-;4690: Bán buôn tổng hợp-(trừ bán buôn bình gas, khí dầu mỏ hóa lỏng LPG, dầu nhớt cặn, vàng miếng, súng, đạn loại dùng đi săn hoặc thể thao và tiền kim khí",internet
316622134,CÔNG TY CỔ PHẦN RBG WEALTH,CÔNG TY CỔ PHẦN RBG WEALTH,Công ty cổ phần,"323-325 Nam Kỳ Khởi Nghĩa, Phường 07, Quận 3, Thành phố Hồ Chí Minh, Việt Nam",Quận 3,"7020: Hoạt động tư vấn quản lý-(trừ tư vấn tài chính, kế toán, pháp lý);0121: Trồng cây ăn quả-;0149: Chăn nuôi khác-;1622: Sản xuất đồ gỗ xây dựng-;1621: Sản xuất gỗ dán, gỗ lạng, ván ép và ván mỏng ",internet
316561428,CÔNG TY TNHH SOLAR PHÚ THỊNH,CÔNG TY TNHH SOLAR PHÚ THỊNH,Công ty trách nhiệm hữu hạn hai thành viên trở lên,"Tầng 14, Tòa Nhà HM Town, 412 Nguyễn Thị Minh Khai, Phường 05, Quận 3, Thành phố Hồ Chí Minh, Việt Nam",Quận 3,2592: Gia công cơ khí; xử lý và tráng phủ kim loại-(Không hoạt động tại trụ sở);4312: Chuẩn bị mặt bằng-;4299: Xây dựng công trình kỹ thuật dân dụng khác-;4390: Hoạt động xây dựng chuyên dụng khá,internet
316577770,CÔNG TY TNHH THƯƠNG MẠI NHỮNG HÌNH VUÔNG,CÔNG TY TNHH THƯƠNG MẠI NHỮNG ,Công ty trách nhiệm hữu hạn hai thành viên trở lên,"51/110 Cao Thắng, Phường 03, Quận 3, Thành phố Hồ Chí Minh, Việt Nam",Quận 3,"5610: Nhà hàng và các dịch vụ ăn uống phục vụ lưu động-;4632: Bán buôn thực phẩm-( không hoạt động tại trụ sở);4723: Bán lẻ đồ uống trong các cửa hàng chuyên doanh-;4620: Bán buôn nông, lâm sản nguyên",internet
316573381,CÔNG TY CỔ PHẦN ĐẦU TƯ THỦ ĐỨC,CÔNG TY CỔ PHẦN ĐẦU TƯ THỦ ĐỨC,Công ty cổ phần,"72/21 Trần Quốc Toản, Phường 08, Quận 3, Thành phố Hồ Chí Minh, Việt Nam",Quận 3,3900: Xử lý ô nhiễm và hoạt động quản lý chất thải khác-Chi tiết: Xử lý chất thải khác (không hoạt động tại trụ sở);7911: Đại lý du lịch-;7912: Điều hành tua du lịch-Chi tiết: Kinh doanh lữ hành nội đ,internet
316595385,CÔNG TY CỔ PHẦN SHIP1,CÔNG TY CỔ PHẦN SHIP1,Công ty cổ phần,"Tầng 14, Tòa Nhà HM Town, 412 Nguyễn Thị Minh Khai, Phường 05, Quận 3, Thành phố Hồ Chí Minh, Việt Nam",Quận 3,"4752: Bán lẻ đồ ngũ kim, sơn, kính và thiết bị lắp đặt khác trong xây dựng trong các cửa hàng chuyên doanh-(không hoạt động tại trụ sở);4753: Bán lẻ thảm, đệm, chăn, màn, rèm, vật liệu phủ tường và sà",internet
316586260,CÔNG TY CỔ PHẦN ĐỊA ĐIỂM ẨM THỰC,CÔNG TY CỔ PHẦN ĐỊA ĐIỂM ẨM TH,Công ty cổ phần,"Tầng 14, Tòa Nhà HM Town, 412 Nguyễn Thị Minh Khai, Phường 05, Quận 3, Thành phố Hồ Chí Minh, Việt Nam",Quận 3,"4610: Đại lý, môi giới, đấu giá hàng hóa-Chi tiết: Đại lý. Môi giới;4632: Bán buôn thực phẩm-( không hoạt động tại trụ sở);4633: Bán buôn đồ uống-;4641: Bán buôn vải, hàng may mặc, giày dép-;4649: Bán",internet
316635285,CÔNG TY TNHH TRẢI NGHIỆM HẠNH PHÚC SARANGHAE,CÔNG TY TNHH TRẢI NGHIỆM HẠNH ,Công ty trách nhiệm hữu hạn một thành viên,"13C Nguyễn Văn Mai, Phường 08, Quận 3, Thành phố Hồ Chí Minh, Việt Nam",Quận 3,"4932: Vận tải hành khách đường bộ khác-;7420: Hoạt động nhiếp ảnh-Chi tiết: Dịch vụ chụp ảnh, quay phim, làm video sự kiện;9631: Cắt tóc, làm đầu, gội đầu-(trừ các hoạt động gây chảy máu) (không hoạt ",internet
316613108,CÔNG TY TNHH VĂN HÓA TRUYỀN THÔNG YOLO,CÔNG TY TNHH VĂN HÓA TRUYỀN TH,Công ty trách nhiệm hữu hạn một thành viên,"Tầng 8, 520 Cách Mạng Tháng Tám, Phường 11, Quận 3, Thành phố Hồ Chí Minh, Việt Nam",Quận 3,6312: Cổng thông tin-(Trừ hoạt động báo chí);6190: Hoạt động viễn thông khác-chi tiết: Đại lý dịch vụ viễn thông; cung cấp dịch vụ nội dung thông tin trên mạng viễn thông;  cung cấp dịch vụ nội dung t,internet
316592627,CÔNG TY TNHH THƯƠNG MẠI DỊCH VỤ LOGISTICS AT,CÔNG TY TNHH THƯƠNG MẠI DỊCH V,Công ty trách nhiệm hữu hạn một thành viên,"Tầng 14, Tòa Nhà HM Town, 412 Nguyễn Thị Minh Khai, Phường 05, Quận 3, Thành phố Hồ Chí Minh, Việt Nam",Quận 3,"4753: Bán lẻ thảm, đệm, chăn, màn, rèm, vật liệu phủ tường và sàn trong các cửa hàng chuyên doanh-;4759: Bán lẻ đồ điện gia dụng, giường, tủ, bàn, ghế và đồ nội thất tương tự, đèn và bộ đèn điện, đồ d",internet
316635824,CÔNG TY CỔ PHẦN GOTOGETHER,CÔNG TY CỔ PHẦN GOTOGETHER,Công ty cổ phần,"Lầu 10, Số 258 Nam Kỳ Khởi Nghĩa, Phường 08, Quận 3, Thành phố Hồ Chí Minh, Việt Nam",Quận 3,8299: Hoạt động dịch vụ hỗ trợ kinh doanh khác còn lại chưa được phân vào đâu-Chi tiết: Dịch vụ thương mại điện tử;4791: Bán lẻ theo yêu cầu đặt hàng qua bưu điện hoặc internet-(trừ bán lẻ khí dầu mỏ ,internet
316610957,CÔNG TY TNHH FOTTON GARMENT VINA,CÔNG TY TNHH FOTTON GARMENT VI,Công ty trách nhiệm hữu hạn một thành viên,"Số 100 Nguyễn Thị Minh Khai, Phường Võ Thị Sáu, Quận 3, Thành phố Hồ Chí Minh, Việt Nam",Quận 3,"4641: Bán buôn vải, hàng may mặc, giày dép-Chi tiết: Thực hiện quyền xuất khẩu, quyền nhập khẩu, quyền phân phối bán buôn (Không thành lập cơ sở bán buôn) các hàng hóa không thuộc danh mục hàng hóa c",internet
316606809,CÔNG TY CỔ PHẦN GIẢI TRÍ THƯƠNG MẠI TÀI NĂNG TRẺ,CÔNG TY CỔ PHẦN GIẢI TRÍ THƯƠN,Công ty cổ phần,"382 Nguyễn Thị Minh Khai, Phường 05, Quận 3, Thành phố Hồ Chí Minh, Việt Nam",Quận 3,"4641: Bán buôn vải, hàng may mặc, giày dép-;4610: Đại lý, môi giới, đấu giá hàng hóa-Chi tiết: Đại lý, môi giới hàng hóa;9000: Hoạt động sáng tác, nghệ thuật và giải trí-Chi tiết: Tổ chức biểu diễn ng",internet
316581103,CÔNG TY TNHH THỜI TRANG TRẺ EM T&D,CÔNG TY TNHH THỜI TRANG TRẺ EM,Công ty trách nhiệm hữu hạn hai thành viên trở lên,"Tầng 3, Toà nhà An Phú Plaza, 117-119 Lý Chính Thắng, Phường 07, Quận 3, Thành phố Hồ Chí Minh, Việt Nam",Quận 3,"4649: Bán buôn đồ dùng khác cho gia đình-;4641: Bán buôn vải, hàng may mặc, giày dép-;4669: Bán buôn chuyên doanh khác chưa được phân vào đâu-(trừ bán buôn bình gas, khí dầu mỏ hóa lỏng LPG, dầu nhớt ",internet
316604142,CÔNG TY TNHH VIỆN SẮC ĐẸP DR KOREA,CÔNG TY TNHH VIỆN SẮC ĐẸP DR K,Công ty trách nhiệm hữu hạn hai thành viên trở lên,"Lầu 3, 27B Nguyễn Thông, Phường Võ Thị Sáu, Quận 3, Thành phố Hồ Chí Minh, Việt Nam",Quận 3,"2023: Sản xuất mỹ phẩm, xà phòng, chất tẩy rửa, làm bóng và chế phẩm vệ sinh-(trừ sản xuất và tồn trữ hoá chất tại trụ sở);4632: Bán buôn thực phẩm-Chi tiết: Bán buôn thực phẩm chức năng;4649: Bán buô",internet
316631361,CÔNG TY TNHH NHẤT VỊ YẾN,CÔNG TY TNHH NHẤT VỊ YẾN,Công ty trách nhiệm hữu hạn hai thành viên trở lên,"178 Cách Mạng Tháng Tám, Phường 10, Quận 3, Thành phố Hồ Chí Minh, Việt Nam",Quận 3,8560: Dịch vụ hỗ trợ giáo dục-;7820: Cung ứng lao động tạm thời-(trừ cho thuê lại lao động);7830: Cung ứng và quản lý nguồn lao động--Chi tiết: Cung ứng và quản lý nguồn lao động trong nước (trừ cho t,internet
316621444,CÔNG TY TNHH B.WELL SWISS VN,CÔNG TY TNHH BWELL SWISS VN,Công ty trách nhiệm hữu hạn hai thành viên trở lên,"Tầng 14, Tòa Nhà HM Town, 412 Nguyễn Thị Minh Khai, Phường 05, Quận 3, Thành phố Hồ Chí Minh, Việt Nam",Quận 3,"4799: Bán lẻ hình thức khác chưa được phân vào đâu-(Trừ bán lẻ hóa chất, khí dầu mỏ hóa lỏng LPG, dầu nhớt cặn, vàng miếng, súng, đạn loại dùng đi săn hoặc thể thao và tiền kim khí; Thực hiện theo quy",internet
316566641,CÔNG TY CỔ PHẦN TEECOM,CÔNG TY CỔ PHẦN TEECOM,Công ty cổ phần,"61 Cao Thắng , Phường 03, Quận 3, Thành phố Hồ Chí Minh, Việt Nam",Quận 3,"7110: Hoạt động kiến trúc và tư vấn kỹ thuật có liên quan-Chi tiết: Thiết kế và phác thảo công trình, Thiết kế máy móc và thiết bị, Thiết kế kỹ thuật và dịch vụ tư vấn cho các dự án liên quan đến kỹ t",internet
316658123,CÔNG TY CỔ PHẦN KIM CƯƠNG VÀNG GROUP,CÔNG TY CỔ PHẦN KIM CƯƠNG VÀNG,Công ty cổ phần,"62 Phạm Ngọc Thạch, Phường 06, Quận 3, Thành phố Hồ Chí Minh, Việt Nam",Quận 3,4933: Vận tải hàng hóa bằng đường bộ--(trừ hóa lỏng khí để vận chuyển);5210: Kho bãi và lưu giữ hàng hóa-chi tiết:lưu giữ hàng hóa (trừ kinh doanh kho bãi);5224: Bốc xếp hàng hóa----(trừ bốc xếp hàng ,internet
316610749,CÔNG TY TNHH ĐÀO TẠO & THẨM MỸ EMMY BEAUTY,CÔNG TY TNHH ĐÀO TẠO  THẨM MỸ ,Công ty trách nhiệm hữu hạn một thành viên,"17A Hồ Xuân Hương, Phường 06, Quận 3, Thành phố Hồ Chí Minh, Việt Nam",Quận 3,"2023: Sản xuất mỹ phẩm, xà phòng, chất tẩy rửa, làm bóng và chế phẩm vệ sinh-Chi tiết: Sản xuất nước hoa hoặc nước vệ sinh; Nước hoa và nước vệ sinh; Chất mỹ phẩm và hoá trang; Chất chống nắng và chốn",internet
316662546,CÔNG TY TNHH VIET DENT,CÔNG TY TNHH VIET DENT,Công ty trách nhiệm hữu hạn hai thành viên trở lên,"210 Cách Mạng Tháng Tám, Phường 10, Quận 3, Thành phố Hồ Chí Minh, Việt Nam",Quận 3,8560: Dịch vụ hỗ trợ giáo dục-;7820: Cung ứng lao động tạm thời-(trừ cho thuê lại lao động).;7830: Cung ứng và quản lý nguồn lao động--Chi tiết: Cung ứng và quản lý nguồn lao động trong nước (trừ cho ,internet
316619798,CÔNG TY TNHH THƯƠNG MẠI GIẢI PHÁP TD,CÔNG TY TNHH THƯƠNG MẠI GIẢI P,Công ty trách nhiệm hữu hạn một thành viên,"Tầng 3, Tòa nhà An Phú Plaza, 117-119 Lý Chính Thắng, Phường Võ Thị Sáu, Quận 3, Thành phố Hồ Chí Minh, Việt Nam",Quận 3,"4511: Bán buôn ô tô và xe có động cơ khác-;4512: Bán lẻ ô tô con (loại 9 chỗ ngồi trở xuống)-;4513: Đại lý ô tô và xe có động cơ khác-;4520: Bảo dưỡng, sửa chữa ô tô và xe có động cơ khác-(không tái c",internet
316608926,CÔNG TY TNHH ĐẦU TƯ KINH DOANH TỔNG HỢP SAO SÀI GÒN,CÔNG TY TNHH ĐẦU TƯ KINH DOANH,Công ty trách nhiệm hữu hạn hai thành viên trở lên,"66/19 Phạm Ngọc Thạch, Phường Võ Thị Sáu, Quận 3, Thành phố Hồ Chí Minh, Việt Nam",Quận 3,4329: Lắp đặt hệ thống xây dựng khác-Chi tiết: Lắp đặt hệ thống điện năng lượng mặt trời;7110: Hoạt động kiến trúc và tư vấn kỹ thuật có liên quan-Chi tiết: Hoạt động kiến trúc; Hoạt động đo đạc và bả,internet
316607545,CÔNG TY TNHH THƯƠNG MẠI DỊCH VỤ AK PLAS,CÔNG TY TNHH THƯƠNG MẠI DỊCH V,Công ty trách nhiệm hữu hạn hai thành viên trở lên,"Tầng 14, Tòa nhà HM Town, 412 Nguyễn Thi Minh Khai, Phường 05, Quận 3, Thành phố Hồ Chí Minh, Việt Nam",Quận 3,"4659: Bán buôn máy móc, thiết bị và phụ tùng máy khác-chi tiết: Bán buôn máy móc, thiết bị điện, vật liệu điện (máy phát điện, động cơ điện, dây điện và thiết bị khác dùng trong m",internet
316605019,CÔNG TY CỔ PHẦN CÔNG NGHỆ VODI VIỆT NAM,CÔNG TY CỔ PHẦN CÔNG NGHỆ VODI,Công ty cổ phần,"171 Nam Kỳ Khởi Nghĩa, Phường 07, Quận 3, Thành phố Hồ Chí Minh, Việt Nam",Quận 3,"7410: Hoạt động thiết kế chuyên dụng-Chi tiết: Thiết kế website, logo;7490: Hoạt động chuyên môn, khoa học và công nghệ khác chưa được phân vào đâu-Chi tiết: Hoạt động tư vấn, môi giới thương mại công",internet
316608972,CÔNG TY TNHH XÂY DỰNG - KIẾN TRÚC - NỘI THẤT MINIMALIST CONCEPT,CÔNG TY TNHH XÂY DỰNG  KIẾN TR,Công ty trách nhiệm hữu hạn một thành viên,"Tầng 14, Tòa Nhà HM Town, 412 Nguyễn Thị Minh Khai, Phường 05, Quận 3, Thành phố Hồ Chí Minh, Việt Nam",Quận 3,"4719: Bán lẻ  khác trong các cửa hàng kinh doanh tổng hợp-Trừ bán lẻ khí dầu mỏ hóa lỏng LPG, bình gas, hóa chất, súng, đạn loại dùng đi săn hoặc thể thao và tiền kim khí và thực hiện theo quyết định ",internet
316614687,CÔNG TY TNHH SUPER BUYERS,CÔNG TY TNHH SUPER BUYERS,Công ty trách nhiệm hữu hạn một thành viên,"447 Hai Bà Trưng, Phường 08, Quận 3, Thành phố Hồ Chí Minh, Việt Nam",Quận 3,"4690: Bán buôn tổng hợp-(trừ bán buôn hóa chất, khí dầu mỏ hóa lỏng LPG, dầu nhớt cặn, vàng miếng, súng, đạn loại dùng đi săn hoặc thể thao và tiền kim khí; Thực hiện theo Quyết định 64/2009/QĐ-UBND n",internet
316611904,CÔNG TY CỔ PHẦN  CUỘC ĐỜI TƯƠI ĐẸP,CÔNG TY CỔ PHẦN  CUỘC ĐỜI TƯƠI,Công ty cổ phần,"224 - 226 Nguyễn Phúc Nguyên, Phường 09, Quận 3, Thành phố Hồ Chí Minh, Việt Nam",Quận 3,"7310: Quảng cáo-;1811: In ấn-(ngoại trừ in xuất bản phẩm, báo tạp chí, mẫu biểu do cơ quan Nhà nước ban hành, tem chống hàng giả, hóa đơn, giấy tờ có giá);1812: Dịch vụ liên quan đến in-;1820: Sao ché",internet
316614373,CÔNG TY TNHH SẢN XUẤT THƯƠNG MẠI DỊCH VỤ NGÂN THƯ,CÔNG TY TNHH SẢN XUẤT THƯƠNG M,Công ty trách nhiệm hữu hạn một thành viên,"16/68 Đường Kỳ Đồng, Phường 09, Quận 3, Thành phố Hồ Chí Minh, Việt Nam",Quận 3,"4789: Bán  lẻ hàng hóa khác lưu động hoặc tại chợ-(trừ tồn trữ hóa chất tại trụ sở, bán lẻ bình gas, súng, đạn loại dùng đi săn hoặc thể thao và tiền kim khí và thực hiện theo Quyết định 64/2009/QĐ-UB",internet
316635655,CÔNG TY TNHH W4S GROUP,CÔNG TY TNHH W4S GROUP,Công ty trách nhiệm hữu hạn một thành viên,"171 Nam Kỳ Khởi Nghĩa, Phường 07, Quận 3, Thành phố Hồ Chí Minh, Việt Nam",Quận 3,"5913: Hoạt động phát hành phim điện ảnh, phim video và chương trình truyền hình-Chi tiết: Hoạt động phát hành phim điện ảnh, phim video (Trừ phát sóng và không thực hiện các hiệu ứng cháy, nổ, không s",internet
316625632,CÔNG TY TNHH ABC STUDIO VIỆT NAM.,CÔNG TY TNHH ABC STUDIO VIỆT N,Công ty trách nhiệm hữu hạn một thành viên,"Tầng 1, 38A Nguyễn Thị Diệu, Phường 06, Quận 3, Thành phố Hồ Chí Minh, Việt Nam",Quận 3,"6201: Lập trình máy vi tính-- Dịch vụ thực hiện phần mềm	
- Dịch vụ lập trình;6209: Hoạt động dịch vụ công nghệ thông tin và dịch vụ khác liên quan đến máy vi tính-Chi tiết: Dịch vụ bảo dưỡng hệ thống",internet
316638046,CÔNG TY TNHH ENVITRADE VIỆT NAM,CÔNG TY TNHH ENVITRADE VIỆT NA,Công ty trách nhiệm hữu hạn một thành viên,"Tầng 3, Tòa nhà An Phú Plaza, 117-119 Lý Chính Thắng, Phường 07, Quận 3, Thành phố Hồ Chí Minh, Việt Nam",Quận 3,"4773: Bán lẻ hàng hóa khác mới trong các cửa hàng chuyên doanh-(trừ dược phẩm, bình ga, súng, đạn loại dùng đi săn hoặc thể thao, tiện kim khí và thực hiện theo quyết định 64/2009/QĐ-UBND ngày 31/7/20",internet
316633009,CÔNG TY TRÁCH NHIỆM HỮU HẠN TƯ VẤN HIGHT TECH,CÔNG TY TRÁCH NHIỆM HỮU HẠN TƯ,Công ty trách nhiệm hữu hạn hai thành viên trở lên,"194 Cách Mạng Tháng Tám, Phường 10, Quận 3, Thành phố Hồ Chí Minh, Việt Nam",Quận 3,"8230: Tổ chức giới thiệu và xúc tiến thương mại-(không thực hiện các hiệu ứng cháy, nổ; không sử dụng chất nổ, chất cháy, hóa chất làm đạo cụ, dụng cụ thực hiện các chương trình văn nghệ, sự kiện, phi",internet
316638800,CÔNG TY TNHH DỊCH VỤ TRUYỀN THÔNG ATH,CÔNG TY TNHH DỊCH VỤ TRUYỀN TH,Công ty trách nhiệm hữu hạn hai thành viên trở lên,"200A Cách Mạng Tháng Tám, Phường 10, Quận 3, Thành phố Hồ Chí Minh, Việt Nam",Quận 3,7310: Quảng cáo-;7320: Nghiên cứu thị trường và thăm dò dư luận-;7410: Hoạt động thiết kế chuyên dụng-(trừ thiết kế công trình xây dựng).;7420: Hoạt động nhiếp ảnh-(trừ sản xuất phim).;8230: Tổ chức g,internet
316645727,CÔNG TY TNHH XPERIAN,CÔNG TY TNHH XPERIAN,Công ty trách nhiệm hữu hạn một thành viên,"Tầng 14, Tòa nhà HM Town, 412 Nguyễn Thị Minh Khai, Phường 05, Quận 3, Thành phố Hồ Chí Minh, Việt Nam",Quận 3,"7410: Hoạt động thiết kế chuyên dụng-Chi tiết: Dịch vụ thiết đồ họa, thiết kế website; Thiết kế đồ chơi; thiết kế truyện tranh; Hoạt động thiết kế và trang trí nội thất. (trừ thiết kế công trình xây d",internet
316625551,CÔNG TY TNHH KAT VIỆT NAM,CÔNG TY TNHH KAT VIỆT NAM,Công ty trách nhiệm hữu hạn một thành viên,"Tầng 14, Tòa nhà HM Town, 412 Nguyễn Thị Minh Khai, Phường 05, Quận 3, Thành phố Hồ Chí Minh, Việt Nam",Quận 3,"4659: Bán buôn máy móc, thiết bị và phụ tùng máy khác-(trừ máy vi tính và thiết bị ngoại vi);4669: Bán buôn chuyên doanh khác chưa được phân vào đâu-(trừ bán buôn bình gas, khí dầu mỏ hóa lỏng LPG, dầ",internet
316665307,CÔNG TY TNHH BA CHỌN,CÔNG TY TNHH BA CHỌN,Công ty trách nhiệm hữu hạn hai thành viên trở lên,"62Q Nguyễn Thông, Phường 09, Quận 3, Thành phố Hồ Chí Minh, Việt Nam",Quận 3,"4632: Bán buôn thực phẩm-Chi tiết: Bán buôn thịt và các sản phẩm từ thịt (không hoạt động tại trụ sở); Bán buôn thủy sản (không hoạt động tại trụ sở); Bán buôn rau, quả (không hoạt động tại trụ sở); B",internet
316655926,CÔNG TY TNHH GIFTEE MEKONG,CÔNG TY TNHH GIFTEE MEKONG,Công ty trách nhiệm hữu hạn hai thành viên trở lên,"58 Võ Văn Tần, Phường Võ Thị Sáu, Quận 3, Thành phố Hồ Chí Minh, Việt Nam",Quận 3,7310: Quảng cáo-Chi tiết: Dịch vụ quảng cáo (CPC 871); 7320: Nghiên cứu thị trường và thăm dò dư luận-Chi tiết: Nghiên cứu thị trường (CPC 864 trừ 86402); 4773: Bán lẻ hàng hóa khác mới trong các cửa ,internet
316624565,CÔNG TY TNHH THƯƠNG MẠI DỊCH VỤ SAIGONITSERVICES,CÔNG TY TNHH THƯƠNG MẠI DỊCH V,Công ty trách nhiệm hữu hạn một thành viên,"Tầng 8, 520 Cách Mạng Tháng Tám, Phường 11, Quận 3, Thành phố Hồ Chí Minh, Việt Nam",Quận 3,6201: Lập trình máy vi tính-;6202: Tư vấn máy vi tính và quản trị hệ thống máy vi tính-;6209: Hoạt động dịch vụ công nghệ thông tin và dịch vụ khác liên quan đến máy vi tính-(Trừ Kinh doanh dịch vụ tr,it services
316640493,CÔNG TY CỔ PHẦN GÁC-MĂNG-GIÊ,CÔNG TY CỔ PHẦN GÁCMĂNGGIÊ,Công ty cổ phần,"191/8 Lý Chính Thắng, Phường Võ Thị Sáu, Quận 3, Thành phố Hồ Chí Minh, Việt Nam",Quận 3,"1071: Sản xuất các loại bánh từ bột-(không hoạt động tại trụ sở);1073: Sản xuất ca cao, sôcôla và bánh kẹo-(không hoạt động tại trụ sở);1074: Sản xuất mì ống, mỳ sợi và sản phẩm tương tự-(không hoạt đ",internet
316660676,CÔNG TY TNHH TRUYỀN THÔNG NIO CORP,CÔNG TY TNHH TRUYỀN THÔNG NIO ,Công ty trách nhiệm hữu hạn một thành viên,"Tầng 9, Toà Nhà Bảo Minh Tower, 217 Nam Kỳ Khởi Nghĩa, Phường Võ Thị Sáu, Quận 3, Thành phố Hồ Chí Minh, Việt Nam",Quận 3,7310: Quảng cáo-;7320: Nghiên cứu thị trường và thăm dò dư luận-chi tiết: dịch vụ tiếp thị và nghiên cứu thị trường (trừ các loại thông tin Nhà Nước cấm và dịch vụ điều tra);6399: Dịch vụ thông tin kh,internet
316647851,CÔNG TY TNHH CÔNG NGHỆ THƯƠNG MẠI TRỰC TUYẾN TOÀN CẦU MEKONG,CÔNG TY TNHH CÔNG NGHỆ THƯƠNG ,Công ty trách nhiệm hữu hạn hai thành viên trở lên,"Tầng 08, Tòa Nhà Cao Thắng Mall, Số 19 Cao Thắng, Phường 02, Quận 3, Thành phố Hồ Chí Minh, Việt Nam",Quận 3,"4669: Bán buôn chuyên doanh khác chưa được phân vào đâu-(trừ bán buôn bình gas, khí dầu mỏ hóa lỏng LPG, dầu nhớt cặn, vàng miếng, súng, đạn loại dùng đi săn hoặc thể thao và tiền kim khí; trừ bán buô",internet
316652996,CÔNG TY TNHH  PHÁT TRIỂN THƯƠNG MẠI DỊCH VỤ QUANG ĐĂNG,CÔNG TY TNHH  PHÁT TRIỂN THƯƠN,Công ty trách nhiệm hữu hạn một thành viên,"235 Lý Chính Thắng, Phường Võ Thị Sáu, Quận 3, Thành phố Hồ Chí Minh, Việt Nam",Quận 3,"4741: Bán lẻ máy vi tính, thiết bị ngoại vi, phần mềm và thiết bị viễn thông trong các cửa hàng chuyên doanh-Chi tiết: Bán lẻ, sửa chữa, bảo hành điện thoại cố định, điện thoại di động, máy fax, phụ k",internet
316657391,CÔNG TY CỔ PHẦN THƯƠNG MẠI QUỐC TẾ A&J,CÔNG TY CỔ PHẦN THƯƠNG MẠI QUỐ,Công ty cổ phần,"382/17-19 Nguyễn Thị Minh Khai, Phường 05, Quận 3, Thành phố Hồ Chí Minh, Việt Nam",Quận 3,0131: Nhân và chăm sóc cây giống hàng năm-;0132: Nhân và chăm sóc cây giống lâu năm-;0161: Hoạt động dịch vụ trồng trọt-;0163: Hoạt động dịch vụ sau thu hoạch-;0164: Xử lý hạt giống để nhân giống-;466,internet
316106242,CÔNG TY TNHH EMOHOME,CÔNG TY TNHH EMOHOME,Công ty trách nhiệm hữu hạn hai thành viên trở lên,"118/54 Trần Quang Diệu, Phường 14, Quận 3, Thành phố Hồ Chí Minh, Việt Nam",Quận 3,"9610: Dịch vụ tắm hơi, massage và các dịch vụ tăng cường sức khoẻ tương tự (trừ hoạt động thể thao)-(Doanh nghiệp chỉ được kinh doanh kể từ khi có đủ điều kiện theo quy định của pháp luật và phải bảo ",internet
316111891,CÔNG TY TNHH HITSVILLE V.N.,CÔNG TY TNHH HITSVILLE VN,Công ty trách nhiệm hữu hạn một thành viên,"Tầng 5, Tòa nhà Songdo, 62A Phạm Ngọc Thạch, Phường Võ Thị Sáu, Quận 3, Thành phố Hồ Chí Minh, Việt Nam",Quận 3,"4649: Bán buôn đồ dùng khác cho gia đình-Chi tiết: Bán buôn, xuất nhập khẩu vali, cặp, túi, ví, hàng da và giả da khác, nước hoa, hàng mỹ phẩm và chế phẩm vệ sinh, đồ dùng khác cho gia đình chưa được ",internet
316126880,CÔNG TY TNHH TỔ CHỨC SỰ KIỆN NHÀ HÀNG STAR,CÔNG TY TNHH TỔ CHỨC SỰ KIỆN N,Công ty trách nhiệm hữu hạn một thành viên,"111 Lý Chính Thắng, Phường Võ Thị Sáu, Quận 3, Thành phố Hồ Chí Minh, Việt Nam",Quận 3,"5630: Dịch vụ phục vụ đồ uống-(trừ kinh doanh quán bar, quán giải khát có khiêu vũ);5610: Nhà hàng và các dịch vụ ăn uống phục vụ lưu động-;5510: Dịch vụ lưu trú ngắn ngày-Chi tiết: khách sạn, biệt th",internet
316198532,CÔNG TY TNHH DỊCH VỤ ĐẦU TƯ VÀ PHÁT TRIỂN GIA HƯNG,CÔNG TY TNHH DỊCH VỤ ĐẦU TƯ VÀ,Công ty trách nhiệm hữu hạn một thành viên,"Tầng 14, Tòa Nhà HM Town, 412 Nguyễn Thị Minh Khai, Phường 05, Quận 3, Thành phố Hồ Chí Minh, Việt Nam",Quận 3,"1622: Sản xuất đồ gỗ xây dựng-(không hoạt động tại trụ sở);2392: Sản xuất vật liệu xây dựng từ đất sét-(không hoạt động tại trụ sở);2591: Rèn, dập, ép và cán kim loại; luyện bột kim loại-(không hoạt đ",internet
316207184,CÔNG TY CỔ PHẦN WORLD TRADING GROUP,CÔNG TY CỔ PHẦN WORLD TRADING ,Công ty cổ phần,"Tầng 14, Tòa Nhà HM Town, 412 Nguyễn Thị Minh Khai, Phường 05, Quận 3, Thành phố Hồ Chí Minh, Việt Nam",Quận 3,"4799: Bán lẻ hình thức khác chưa được phân vào đâu-Chi tiết: Bán lẻ trực tiếp hoặc chuyển phát theo địa chỉ; bán lẻ thông qua máy bán hàng tự động;
(trừ bán lẻ hóa chất, khí dầu mỏ hóa lỏng LPG, dầu n",internet
316226010,CÔNG TY TNHH KINH DOANH MINH ANH,CÔNG TY TNHH KINH DOANH MINH A,Công ty trách nhiệm hữu hạn một thành viên,"Số 67 Đường số 3, Phường 04, Quận 3, Thành phố Hồ Chí Minh, Việt Nam",Quận 3,"4649: Bán buôn đồ dùng khác cho gia đình-Chi tiết: Bán buôn vali, cặp, túi, ví. Bán buôn hàng gốm, sứ, thủy tinh. Bán buôn sách, báo, tạp chí, văn phòng phẩm (có nội dung được phép lưu hành). Bán buôn",internet
316288546,CÔNG TY TNHH TRUYỀN THÔNG ICLOUD VIỆT NAM,CÔNG TY TNHH TRUYỀN THÔNG ICLO,Công ty trách nhiệm hữu hạn hai thành viên trở lên,"Số 275/11 Đường Nguyễn Đình Chiểu, Phường 05, Quận 3, Thành phố Hồ Chí Minh, Việt Nam",Quận 3,"4649: Bán buôn đồ dùng khác cho gia đình-Chi tiết: Bán buôn dụng cụ y tế; Bán buôn nước hoa, hàng mỹ phẩm và chế phẩm vệ sinh; Bán buôn hàng thời trang, mắt kính thời trang.;4772: Bán lẻ thuốc, dụng c",internet
316311516,CÔNG TY CỔ PHẦN ANALYTICS LAB,CÔNG TY CỔ PHẦN ANALYTICS LAB,Công ty cổ phần,"Tầng 05, Toà nhà Sông Đô, 62A Phạm Ngọc Thạch, Phường Võ Thị Sáu, Quận 3, Thành phố Hồ Chí Minh, Việt Nam",Quận 3,"4651: Bán buôn máy vi tính, thiết bị ngoại vi và phần mềm-Chi tiết: Bán buôn máy vi tính, thiết bị ngoại vi; Bán buôn phần mềm;5820: Xuất bản phần mềm-Chi tiết: Sản xuất các sản phẩm, dịch vụ phần mềm",internet
316311509,CÔNG TY TNHH CÔNG NGHỆ - GIÁO DỤC WEAI,CÔNG TY TNHH CÔNG NGHỆ  GIÁO D,Công ty trách nhiệm hữu hạn một thành viên,"Tầng 14, Tòa nhà HM Town, 412 Nguyễn Thị Minh Khai, Phường 05, Quận 3, Thành phố Hồ Chí Minh, Việt Nam",Quận 3,6201: Lập trình máy vi tính-;6202: Tư vấn máy vi tính và quản trị hệ thống máy vi tính-;6209: Hoạt động dịch vụ công nghệ thông tin và dịch vụ khác liên quan đến máy vi tính-Chi tiết: Khắc phục các sự,internet
316313217,CÔNG TY TNHH ĐẦU TƯ PHÁT TRIỂN XÂY DỰNG TUẤN ANH,CÔNG TY TNHH ĐẦU TƯ PHÁT TRIỂN,Công ty trách nhiệm hữu hạn một thành viên,"Tòa Nhà PaxSky, Số 123 Nguyễn Đình Chiểu, Phường Võ Thị Sáu, Quận 3, Thành phố Hồ Chí Minh, Việt Nam",Quận 3,"4329: Lắp đặt hệ thống xây dựng khác-Chi tiết: Thi công lắp đặt hệ thống viễn thông. Lắp đặt hệ thống dầu khí;4322: Lắp đặt hệ thống cấp, thoát nước, hệ thống sưởi và điều hoà không khí-Chi tiết: Lắp ",internet
316323085,CÔNG TY TNHH CROSS TECHNOLOGY & COMMUNICATION,CÔNG TY TNHH CROSS TECHNOLOGY ,Công ty trách nhiệm hữu hạn hai thành viên trở lên,"399/41 Nguyễn Đình Chiểu, Phường 05, Quận 3, Thành phố Hồ Chí Minh, Việt Nam",Quận 3,"1820: Sao chép bản ghi các loại-;4610: Đại lý, môi giới, đấu giá hàng hóa-Chi tiết: Đại lý cung cấp phần mềm;4651: Bán buôn máy vi tính, thiết bị ngoại vi và phần mềm-;4652: Bán buôn thiết bị và linh ",technology
316366804,CÔNG TY CỔ PHẦN ZEROAGING ONE,CÔNG TY CỔ PHẦN ZEROAGING ONE,Công ty cổ phần,"61 Cao Thắng, Phường 03, Quận 3, Thành phố Hồ Chí Minh, Việt Nam",Quận 3,"7410: Hoạt động thiết kế chuyên dụng-Chi tiết: Hoạt động thiết kế trang trí nội thất; Thiết kế logo, đồ họa, quảng cáo;  Thiết kế gian hàng triển lãm; Thiết kế website; Thiết kế in ấn;7490: Hoạt động ",internet
316381591,CÔNG TY TNHH XÂY DỰNG VẬN TẢI AQUACONS,CÔNG TY TNHH XÂY DỰNG VẬN TẢI ,Công ty trách nhiệm hữu hạn một thành viên,"384/42 Nam Kỳ Khởi Nghĩa, Phường Võ Thị Sáu, Quận 3, Thành phố Hồ Chí Minh, Việt Nam",Quận 3,"7110: Hoạt động kiến trúc và tư vấn kỹ thuật có liên quan-Chi tiết: Giám sát công tác xây dựng và hoàn thiện công trình dân dụng - công nghiệp. Thiết kế kết cấu công trình dân dụng, công nghiệp. Hoạt ",internet
316401720,CÔNG TY TNHH GIẢI PHÁP NHÀ ĐẸP L.T.M,CÔNG TY TNHH GIẢI PHÁP NHÀ ĐẸP,Công ty trách nhiệm hữu hạn một thành viên,"Tầng 14, Tòa nhà HM Town, 412 Nguyễn Thị Minh Khai, Phường 05, Quận 3, Thành phố Hồ Chí Minh, Việt Nam",Quận 3,"7410: Hoạt động thiết kế chuyên dụng-(trừ thiết kế công trình xây dựng). 
chi tiết: Hoạt động trang trí nội thất công trình dân dụng;7120: Kiểm tra và phân tích kỹ thuật-;4312: Chuẩn bị mặt bằng-;4311",internet
316405066,CÔNG TY TNHH XÂY DỰNG VÀ VẬN TẢI THANH VÂN,CÔNG TY TNHH XÂY DỰNG VÀ VẬN T,Công ty trách nhiệm hữu hạn một thành viên,"Tòa Nhà PaxSky, Số 123 Nguyễn Đình Chiểu, Phường Võ Thị Sáu, Quận 3, Thành phố Hồ Chí Minh, Việt Nam",Quận 3,"4329: Lắp đặt hệ thống xây dựng khác-Chi tiết: Thi công lắp đặt hệ thống viễn thông. Lắp đặt hệ thống dầu khí;4322: Lắp đặt hệ thống cấp, thoát nước, hệ thống sưởi và điều hoà không khí-Chi tiết: Lắp ",internet
316407384,CÔNG TY TNHH TÌNH KHÚC GIỌNG CA VANG,CÔNG TY TNHH TÌNH KHÚC GIỌNG C,Công ty trách nhiệm hữu hạn một thành viên,"430/43 Cách Mạng Tháng Tám, Phường 11, Quận 3, Thành phố Hồ Chí Minh, Việt Nam",Quận 3,"4649: Bán buôn đồ dùng khác cho gia đình-Chi tiết: Bán buôn sách, báo, tạp chí, văn phòng phẩm (có nội dung được phép lưu hành);4761: Bán lẻ sách, báo, tạp chí văn phòng phẩm trong các cửa hàng chuyên",internet
316407151,CÔNG TY TNHH THƯƠNG MẠI DỊCH VỤ QUÀ TẶNG LNJ,CÔNG TY TNHH THƯƠNG MẠI DỊCH V,Công ty trách nhiệm hữu hạn hai thành viên trở lên,"195/14 Trần Văn Đang, Phường 11, Quận 3, Thành phố Hồ Chí Minh, Việt Nam",Quận 3,"4764: Bán lẻ trò chơi, đồ chơi trong các cửa hàng chuyên doanh-(không kinh doanh đồ chơi có hại cho giáo dục nhân cách, sức khoẻ của trẻ em hoặc ảnh hưởng đến an ninh trật tự, an toàn xã hội);4771: Bá",internet
316408331,CÔNG TY TNHH THƯƠNG MẠI QUỐC TẾ CTL,CÔNG TY TNHH THƯƠNG MẠI QUỐC T,Công ty trách nhiệm hữu hạn hai thành viên trở lên,"Tầng 2, 110 Cao Thắng, Phường 04, Quận 3, Thành phố Hồ Chí Minh, Việt Nam",Quận 3,"3311: Sửa chữa các sản phẩm kim loại đúc sẵn-;3312: Sửa chữa máy móc, thiết bị-;7020: Hoạt động tư vấn quản lý-(trừ tư vấn tài chính, kế toán, pháp luật);2813: Sản xuất máy bơm, máy nén, vòi và van kh",internet
316430383,CÔNG TY TNHH FLOWER OF LIGHT,CÔNG TY TNHH FLOWER OF LIGHT,Công ty trách nhiệm hữu hạn một thành viên,"108/24 Trần Quang Diệu, Phường 14, Quận 3, Thành phố Hồ Chí Minh, Việt Nam",Quận 3,"4772: Bán lẻ thuốc, dụng cụ y tế, mỹ phẩm và vật phẩm vệ sinh trong các cửa hàng chuyên doanh-Chi tiết: Bán lẻ dụng cụ y tế, mỹ phẩm và vật phẩm vệ sinh trong các cửa hàng chuyên doanh;4773: Bán lẻ hà",internet
316449761,CÔNG TY TNHH MINGLIYIN VIETNAM,CÔNG TY TNHH MINGLIYIN VIETNAM,Công ty trách nhiệm hữu hạn một thành viên,"Phòng B02, Tầng 14, Tòa nhà HM, 412 Nguyễn Thị Minh Khai, Phường 05, Quận 3, Thành phố Hồ Chí Minh, Việt Nam",Quận 3,"6201: Lập trình máy vi tính-;6202: Tư vấn máy vi tính và quản trị hệ thống máy vi tính-;6209: Hoạt động dịch vụ công nghệ thông tin và dịch vụ khác liên quan đến máy vi tính-;6311: Xử lý dữ liệu, cho ",internet
316452732,CÔNG TY TNHH TỰ ĐỘNG HÓA INTECHPLUS VIỆT NAM,CÔNG TY TNHH TỰ ĐỘNG HÓA INTEC,Công ty trách nhiệm hữu hạn hai thành viên trở lên,"1008/48 Đường Trường Sa, Phường 12, Quận 3, Thành phố Hồ Chí Minh, Việt Nam",Quận 3,"4741: Bán lẻ máy vi tính, thiết bị ngoại vi, phần mềm và thiết bị viễn thông trong các cửa hàng chuyên doanh-;4791: Bán lẻ theo yêu cầu đặt hàng qua bưu điện hoặc internet-(trừ bán lẻ bình gas, khí dầ",internet
316449842,CÔNG TY TNHH TÂY KIM KHÔI,CÔNG TY TNHH TÂY KIM KHÔI,Công ty trách nhiệm hữu hạn hai thành viên trở lên,"220/139B Lê Văn Sỹ, Phường 14, Quận 3, Thành phố Hồ Chí Minh, Việt Nam",Quận 3,5610: Nhà hàng và các dịch vụ ăn uống phục vụ lưu động-;5629: Dịch vụ ăn uống khác-(trừ hoạt động quán bar và quán giải khát có khiêu vũ);5630: Dịch vụ phục vụ đồ uống-(trừ hoạt động quán bar và quán ,internet
316455187,CÔNG TY TNHH TRUYỀN THÔNG NGÒI BÚT VÀNG,CÔNG TY TNHH TRUYỀN THÔNG NGÒI,Công ty trách nhiệm hữu hạn hai thành viên trở lên,"Số 31 Đường Trần Quốc Thảo, Phường 06, Quận 3, Thành phố Hồ Chí Minh, Việt Nam",Quận 3,"9329: Hoạt động vui chơi giải trí khác chưa được phân vào đâu-Chi tiết: Các hoạt động vui chơi và giải trí khác (trừ các công viên vui chơi và công viên theo chủ đề); -	Hoạt động của các khu giải trí,",internet
316494394,CÔNG TY TNHH CÔNG NGHỆ SAZ,CÔNG TY TNHH CÔNG NGHỆ SAZ,Công ty trách nhiệm hữu hạn hai thành viên trở lên,"Tầng 3, Tòa nhà An Phú Plaza, 117-119 Lý Chính Thắng, Phường 07, Quận 3, Thành phố Hồ Chí Minh, Việt Nam",Quận 3,"4651: Bán buôn máy vi tính, thiết bị ngoại vi và phần mềm-;4741: Bán lẻ máy vi tính, thiết bị ngoại vi, phần mềm và thiết bị viễn thông trong các cửa hàng chuyên doanh-;4652: Bán buôn thiết bị và linh",internet
316492044,"CÔNG TY TNHH XÂY DỰNG, NỘI THẤT KT GREEN",CÔNG TY TNHH XÂY DỰNG NỘI THẤT,Công ty trách nhiệm hữu hạn hai thành viên trở lên,"Tầng 14, Tòa Nhà HM Town, 412 Nguyễn Thị Minh Khai, Phường 05, Quận 3, Thành phố Hồ Chí Minh, Việt Nam",Quận 3,7110: Hoạt động kiến trúc và tư vấn kỹ thuật có liên quan-Chi tiết: Hoạt động kiến trúc. Hoạt động đo đạc bản đồ . Tư vấn thiết kế. Tư vấn xây dựng. Lập dự toán và tổng dự toán công trình xây dựng. Th,internet
316510832,CÔNG TY TNHH MTV SUSU LAND,CÔNG TY TNHH MTV SUSU LAND,Công ty trách nhiệm hữu hạn một thành viên,"2/48 Cao Thắng, Phường 05, Quận 3, Thành phố Hồ Chí Minh, Việt Nam",Quận 3,"4773: Bán lẻ hàng hóa khác mới trong các cửa hàng chuyên doanh-chi tiết: Bán lẻ hoa, cây cảnh, cá cảnh, chim cảnh, vật nuôi cảnh trong các cửa hàng chuyên doanh;Bán lẻ hàng lưu niệm, hàng đan lát, hàn",internet
316520206,CÔNG TY TNHH THE TEXPERTS (VIỆT NAM),CÔNG TY TNHH THE TEXPERTS VIỆT,Công ty trách nhiệm hữu hạn một thành viên,"Tầng 8, Tòa nhà Loyal, 151 – 151 Bis Võ Thị Sáu, Phường Võ Thị Sáu, Quận 3, Thành phố Hồ Chí Minh, Việt Nam",Quận 3,"4649: Bán buôn đồ dùng khác cho gia đình-Chi tiết: Thực hiện quyền xuất khẩu, quyền nhập khẩu, quyền phân phối bán buôn các hàng hóa không thuộc danh mục hàng hóa cấm xuất khẩu, cấm nhập khẩu và danh ",internet
316553963,CÔNG TY CỔ PHẦN ĐẦU TƯ BẤT ĐỘNG SẢN NHÀ ĐẸP,CÔNG TY CỔ PHẦN ĐẦU TƯ BẤT ĐỘN,Công ty cổ phần,"8A Phạm Đình Toái, Phường 06, Quận 3, Thành phố Hồ Chí Minh, Việt Nam",Quận 3,"4773: Bán lẻ hàng hóa khác mới trong các cửa hàng chuyên doanh-Chi tiết: Bán lẻ hàng lưu niệm, hàng đan lát, gốm sứ mỹ nghệ, hàng thủ công mỹ nghệ trong các cửa hàng chuyên doanh; Mua bán vàng trang s",internet
316573328,CÔNG TY TNHH WFF GROUP,CÔNG TY TNHH WFF GROUP,Công ty trách nhiệm hữu hạn một thành viên,"Tầng 3, 29 Nguyễn Văn Mai, Phường Võ Thị Sáu, Quận 3, Thành phố Hồ Chí Minh, Việt Nam",Quận 3,"4773: Bán lẻ hàng hóa khác mới trong các cửa hàng chuyên doanh-(trừ bán lẻ hóa chất, khí dầu mỏ hóa lỏng LPG, dầu nhớt cặn, vàng miếng, súng, đạn loại dùng đi săn hoặc thể thao và tiền kim khí; Thực h",internet
316570119,CÔNG TY CỔ PHẦN CÔNG NGHỆ SỐ SÁNG TẠO,CÔNG TY CỔ PHẦN CÔNG NGHỆ SỐ S,Công ty cổ phần,"Lầu 8, 520 Cách Mạng Tháng Tám, Phường 11, Quận 3, Thành phố Hồ Chí Minh, Việt Nam",Quận 3,"6201: Lập trình máy vi tính-Chi tiết: 
-	Hoạt động viết, sửa, thử nghiệm và trợ giúp các phần mềm theo yêu cầu sử dụng riêng biệt của từng khách hàng.
-	Lập trình các phần mềm nhúng.;2610: Sản xuất li",internet
316584739,CÔNG TY TNHH ĐẦU TƯ VÀ PHÁT TRIỂN DTES,CÔNG TY TNHH ĐẦU TƯ VÀ PHÁT TR,Công ty trách nhiệm hữu hạn một thành viên,"9/27 đường số 7, Cư xá Đô Thành, Phường 04, Quận 3, Thành phố Hồ Chí Minh, Việt Nam",Quận 3,"4649: Bán buôn đồ dùng khác cho gia đình-Chi tiết: Bán buôn giường, tủ, bàn ghế, cửa ra vào, cửa sổ, cửa cuốn, cửa nhựa, cửa nhôm, cửa thủy lực và đồ dùng nội thất tương tự;4652: Bán buôn thiết bị và ",internet
316638575,CÔNG TY TNHH HIGHPOINT SERVICE NETWORK VIỆT NAM,CÔNG TY TNHH HIGHPOINT SERVICE,Công ty trách nhiệm hữu hạn một thành viên,"585-587 Điện Biên Phủ, Phường 01, Quận 3, Thành phố Hồ Chí Minh, Việt Nam",Quận 3,"4759: Bán lẻ đồ điện gia dụng, giường, tủ, bàn, ghế và đồ nội thất tương tự, đèn và bộ đèn điện, đồ dùng gia đình khác chưa được phân vào đâu  trong các cửa hàng chuyên doanh-Chi tiết: Thực hiện qu",internet
316642941,CÔNG TY CỔ PHẦN AN BÌNH LIFE,CÔNG TY CỔ PHẦN AN BÌNH LIFE,Công ty cổ phần,"Tầng 14, Tòa Nhà HM Town, 412 Nguyễn Thị Minh Khai, Phường 05, Quận 3, Thành phố Hồ Chí Minh, Việt Nam",Quận 3,8531: Đào tạo sơ cấp-(không hoạt động tại trụ sở);8560: Dịch vụ hỗ trợ giáo dục-Chi tiết: Tư vấn giáo dục; Dịch vụ đưa ra ý kiến hướng dẫn về giáo dục; Dịch vụ đánh giá việc kiểm tra giáo dục; Tư vấn ,internet
316651199,CÔNG TY TNHH MEKONG BOUTIQUE,CÔNG TY TNHH MEKONG BOUTIQUE,Công ty trách nhiệm hữu hạn hai thành viên trở lên,"Tầng 14, Tòa nhà HM Town, 412 Nguyễn Thị Minh Khai, Phường 05, Quận 3, Thành phố Hồ Chí Minh, Việt Nam",Quận 3,"4669: Bán buôn chuyên doanh khác chưa được phân vào đâu-(trừ bán buôn bình gas, khí dầu mỏ hóa lỏng LPG, dầu nhớt cặn, vàng miếng, súng, đạn loại dùng đi săn hoặc thể thao và tiền kim khí;trừ bán buôn",internet
316659078,CÔNG TY TNHH SẢN XUẤT THƯƠNG MẠI MAY SÓC VÀNG,CÔNG TY TNHH SẢN XUẤT THƯƠNG M,Công ty trách nhiệm hữu hạn một thành viên,"453/140 Lê Văn Sỹ, Phường 12, Quận 3, Thành phố Hồ Chí Minh, Việt Nam",Quận 3,"4641: Bán buôn vải, hàng may mặc, giày dép-Chi tiết: Bán buôn vải, hàng may mặc, giày dép; Bán buôn quần áo bảo hộ;4649: Bán buôn đồ dùng khác cho gia đình-Chi tiết: trừ kinh doanh dược phẩm;4651: Bán",internet
316661951,CÔNG TY TNHH TRUYỀN THÔNG VÀ QUẢNG CÁO GOLDEN AGE,CÔNG TY TNHH TRUYỀN THÔNG VÀ Q,Công ty trách nhiệm hữu hạn hai thành viên trở lên,"Tầng 1- Phòng 104- Tòa nhà Proffice 248-250 Nguyễn Đình Chiểu, Phường 06, Quận 3, Thành phố Hồ Chí Minh, Việt Nam",Quận 3,"4632: Bán buôn thực phẩm-Chi tiết: Bán buôn thực phẩm, bán buôn thực phẩm chức năng (không hoạt động tại trụ sở);4722: Bán lẻ thực phẩm trong các cửa hàng chuyên doanh-Chi tiết: Bán lẻ thực phẩm, bán ",internet
316658564,CÔNG TY TNHH SUGASHOP,CÔNG TY TNHH SUGASHOP,Công ty trách nhiệm hữu hạn một thành viên,"Lầu 7, Số 11Bis, Đường Nguyễn Gia Thiều, Phường Võ Thị Sáu, Quận 3, Thành phố Hồ Chí Minh, Việt Nam",Quận 3,"4791: Bán lẻ theo yêu cầu đặt hàng qua bưu điện hoặc internet-(trừ bán lẻ bình gas, khí dầu mỏ hóa lỏng LPG, dầu nhớt cặn, vàng miếng, súng, đạn loại dùng đi săn hoặc thể thao, tiền kim khí và không t",internet
316665378,CÔNG TY CỔ PHẦN TOPENINVESTMENT,CÔNG TY CỔ PHẦN TOPENINVESTMEN,Công ty cổ phần,"Số 18A Kỳ Đồng, Phường 09, Quận 3, Thành phố Hồ Chí Minh, Việt Nam",Quận 3,6201: Lập trình máy vi tính-Chi tiết: sản xuất phần mềm;6202: Tư vấn máy vi tính và quản trị hệ thống máy vi tính-;6209: Hoạt động dịch vụ công nghệ thông tin và dịch vụ khác liên quan đến máy vi tính,internet
316656969,CÔNG TY TNHH TRẦM HƯƠNG MINH LÂM,CÔNG TY TNHH TRẦM HƯƠNG MINH L,Công ty trách nhiệm hữu hạn một thành viên,"226 - 228 Lý Thái Tổ, Phường 01, Quận 3, Thành phố Hồ Chí Minh, Việt Nam",Quận 3,"4649: Bán buôn đồ dùng khác cho gia đình-Chi tiết: Bán buôn vòng gỗ, tượng, nhang, nụ, đèn, đồ phong thủy, đồ thờ cúng các loại.;4759: Bán lẻ đồ điện gia dụng, giường, tủ, bàn, ghế và đồ nội thất tươn",internet
316666357,CÔNG TY CỔ PHẦN TOPENMART,CÔNG TY CỔ PHẦN TOPENMART,Công ty cổ phần,"Số 18A Kỳ Đồng, Phường 09, Quận 3, Thành phố Hồ Chí Minh, Việt Nam",Quận 3,"4690: Bán buôn tổng hợp-(trừ bán buôn hóa chất, khí dầu mỏ hóa lỏng LPG, dầu nhớt cặn, vàng miếng, súng, đạn loại dùng đi săn hoặc thể thao và tiền kim khí; Thực hiện theo Quyết định 64/2009/QĐ-UBND n",internet
316660891,CÔNG TY TNHH XÂY DỰNG KIẾN TRÚC THỊNH PHÁT,CÔNG TY TNHH XÂY DỰNG KIẾN TRÚ,Công ty trách nhiệm hữu hạn hai thành viên trở lên,"Tầng 14, Tòa nhà HM Town, 412 Nguyễn Thị Minh Khai, Phường 05, Quận 3, Thành phố Hồ Chí Minh, Việt Nam",Quận 3,7110: Hoạt động kiến trúc và tư vấn kỹ thuật có liên quan-Chi tiết: Hoạt động kiến trúc. Hoạt động đo đạc bản đồ . Tư vấn thiết kế. Tư vấn xây dựng. Lập dự toán và tổng dự toán công trình xây dựng. Th,internet
316639561,CÔNG TY TNHH THƯƠNG MẠI VÀ DỊCH VỤ CƠ ĐIỆN EME,CÔNG TY TNHH THƯƠNG MẠI VÀ DỊC,Công ty trách nhiệm hữu hạn một thành viên,"Tầng 14, Tòa nhà HM Town, 412 Nguyễn Thị Minh Khai, Phường 05, Quận 3, Thành phố Hồ Chí Minh, Việt Nam",Quận 3,"4610: Đại lý, môi giới, đấu giá hàng hóa-(trừ môi giới bất động sản)
Chi tiết: Đại lý, môi giới hàng hóa.;8299: Hoạt động dịch vụ hỗ trợ kinh doanh khác còn lại chưa được phân vào đâu-Chi tiết: Xuất n",internet
316673516,CÔNG TY TNHH MEIN CMC VIETNAM,CÔNG TY TNHH MEIN CMC VIETNAM,Công ty trách nhiệm hữu hạn một thành viên,"38A Nguyễn Thị Diệu, Phường Võ Thị Sáu, Quận 3, Thành phố Hồ Chí Minh, Việt Nam",Quận 3,"4771: Bán lẻ hàng may mặc, giày dép, hàng da và giả da trong các cửa hàng chuyên doanh-chi tiết: Thực hiện quyền phân phối bán lẻ các hàng hóa không thuộc danh mục cấm xuất khẩu, cấm nhập khẩu và danh",internet
316676595,CÔNG TY TNHH CLS ENTERTAINMENT,CÔNG TY TNHH CLS ENTERTAINMENT,Công ty trách nhiệm hữu hạn một thành viên,"Tòa Nhà Cienco4, Số 180 Nguyễn Thị Minh Khai, Phường Võ Thị Sáu, Quận 3, Thành phố Hồ Chí Minh, Việt Nam",Quận 3,"4632: Bán buôn thực phẩm-Chi tiết: Bán buôn thịt và các sản phẩm từ thịt (không hoạt động tại trụ sở); Bán buôn thủy sản (không hoạt động tại trụ sở); Bán buôn rau, quả (không hoạt động tại trụ sở); B",internet
316673192,CÔNG TY TNHH SAKURA NUTRITION,CÔNG TY TNHH SAKURA NUTRITION,Công ty trách nhiệm hữu hạn một thành viên,"Tầng 14, Tòa nhà HM Town, 412 Nguyễn Thị Minh Khai, Phường 05, Quận 3, Thành phố Hồ Chí Minh, Việt Nam",Quận 3,"1077: Sản xuất cà phê-(không hoạt động tại trụ sở);1079: Sản xuất thực phẩm khác chưa được phân vào đâu-(không hoạt động tại trụ sở)
Chi tiết: Sản xuất nguyên liệu, phụ gia ngành thực phẩm; Sản xuất, ",internet
316679684,CÔNG TY CỔ PHẦN PPL LIFESTYLE,CÔNG TY CỔ PHẦN PPL LIFESTYLE,Công ty cổ phần,"38 đường Trương Quyền, Phường Võ Thị Sáu, Quận 3, Thành phố Hồ Chí Minh, Việt Nam",Quận 3,"1075: Sản xuất món ăn, thức ăn chế biến sẵn-;4722: Bán lẻ thực phẩm trong các cửa hàng chuyên doanh-(thực hiện theo Quyết định số 64/2009/QĐ-UBND ngày 31/07/2009 và Quyết định số 79/2009/QĐ-UBND ngày ",internet
316679564,CÔNG TY TNHH THỜI TRANG LOAN & ME,CÔNG TY TNHH THỜI TRANG LOAN  ,Công ty trách nhiệm hữu hạn một thành viên,"Tầng 14, Tòa nhà HM Town, 412 Nguyễn Thị Minh Khai, Phường 05, Quận 3, Thành phố Hồ Chí Minh, Việt Nam",Quận 3,"1410: May trang phục (trừ trang phục từ da lông thú)-;4649: Bán buôn đồ dùng khác cho gia đình-chi tiết: bán buôn vali, cặp, túi, ví, hàng da và giả da khác; bán buôn nước hoa, hàng mỹ phẩm và chế phẩ",internet
316681605,CÔNG TY CỔ PHẦN  MB LASER THERAPY VIỆT NAM,CÔNG TY CỔ PHẦN  MB LASER THER,Công ty cổ phần,"Tầng 14, Tòa nhà HM Town, 412 Nguyễn Thị Minh Khai, Phường 05, Quận 3, Thành phố Hồ Chí Minh, Việt Nam",Quận 3,"4719: Bán lẻ khác trong các cửa hàng kinh doanh tổng hợp-(trừ bán lẻ khí dầu mỏ hóa lỏng LPG và bình gas, hóa chất súng, đạn loại dùng đi săn hoặc thể thao và tiền kim khí; thực hiện theo Quyết định 6",internet
316677260,CÔNG TY TNHH THƯƠNG MẠI & XUẤT NHẬP KHẨU TITHONIA,CÔNG TY TNHH THƯƠNG MẠI  XUẤT ,Công ty trách nhiệm hữu hạn một thành viên,"Số 222 Điện Biên Phủ, Phường Võ Thị Sáu, Quận 3, Thành phố Hồ Chí Minh, Việt Nam",Quận 3,"4652: Bán buôn thiết bị và linh kiện điện tử, viễn thông-;4659: Bán buôn máy móc, thiết bị và phụ tùng máy khác-;4620: Bán buôn nông, lâm sản nguyên liệu (trừ gỗ, tre, nứa) và động vật sống-(Không hoạ",internet
316686339,CÔNG TY TNHH SHOP UYÊN NI STORE,CÔNG TY TNHH SHOP UYÊN NI STOR,Công ty trách nhiệm hữu hạn một thành viên,"213/2 Nguyễn Thiện Thuật, Phường 01, Quận 3, Thành phố Hồ Chí Minh, Việt Nam",Quận 3,"4641: Bán buôn vải, hàng may mặc, giày dép-Chi tiết: Bán buôn, xuất nhập khẩu vải; Bán buôn, xuất nhập khẩu quần áo, giày dép thời trang.;4649: Bán buôn đồ dùng khác cho gia đình-(trừ dược phẩm);4669:",internet
316688142,CÔNG TY TNHH ABC NATURAL HOLDINGS,CÔNG TY TNHH ABC NATURAL HOLDI,Công ty trách nhiệm hữu hạn một thành viên,"Tầng 8, Số 29 Nguyễn Văn Mai, Phường Võ Thị Sáu, Quận 3, Thành phố Hồ Chí Minh, Việt Nam",Quận 3,"4669: Bán buôn chuyên doanh khác chưa được phân vào đâu-Chi tiết: Thực hiện quyền xuất khẩu, quyền nhập khẩu, quyền phân phối bán buôn các hàng hóa không thuộc danh mục hàng hóa cấm xuất khẩu, cấm nhậ",internet
316692815,CÔNG TY TNHH ĐẦU TƯ THƯƠNG MẠI DỊCH VỤ XUẤT NHẬP KHẨU KIM NGỌC,CÔNG TY TNHH ĐẦU TƯ THƯƠNG MẠI,Công ty trách nhiệm hữu hạn một thành viên,"P403 Tầng 4, Tòa Nhà TPP Số 141 Nguyễn Đình Chiểu, Phường Võ Thị Sáu, Quận 3, Thành phố Hồ Chí Minh, Việt Nam",Quận 3,"4312: Chuẩn bị mặt bằng-Chi tiết: San lấp mặt bằng;1811: In ấn-;1410: May trang phục (trừ trang phục từ da lông thú)-(trừ tẩy nhuộm, hồ, in và không gia công hàng đã qua sử dụng, thuộc da, luyện cán c",internet
316695125,CÔNG TY TNHH TAILOR WINGS,CÔNG TY TNHH TAILOR WINGS,Công ty trách nhiệm hữu hạn một thành viên,"Tầng trệt, 63 Võ Thị Sáu, Phường Võ Thị Sáu, Quận 3, Thành phố Hồ Chí Minh, Việt Nam",Quận 3,"4641: Bán buôn vải, hàng may mặc, giày dép-;4791: Bán lẻ theo yêu cầu đặt hàng qua bưu điện hoặc internet-;6201: Lập trình máy vi tính-;",internet
316695213,CÔNG TY TNHH TRUYỀN THÔNG HUMAN HOUSE,CÔNG TY TNHH TRUYỀN THÔNG HUMA,Công ty trách nhiệm hữu hạn hai thành viên trở lên,"170/11 Võ Văn Tần, Phường 05, Quận 3, Thành phố Hồ Chí Minh, Việt Nam",Quận 3,"8552: Giáo dục văn hoá nghệ thuật-Chi tiết: Đào tạo, giảng dạy âm nhạc (trừ kinh doanh vũ trường, quán bar);9329: Hoạt động vui chơi giải trí khác chưa được phân vào đâu-Chi tiết: Tổ chức biểu diễn ng",internet
316697154,CÔNG TY TNHH THƯƠNG MẠI DỊCH VỤ MỸ PHẨM QUYỀN NƯƠNG,CÔNG TY TNHH THƯƠNG MẠI DỊCH V,Công ty trách nhiệm hữu hạn một thành viên,"46/41/65 Vườn Chuối, Phường 04, Quận 3, Thành phố Hồ Chí Minh, Việt Nam",Quận 3,"4632: Bán buôn thực phẩm-Chi tiết: Bán buôn thực phẩm chức năng, thực phẩm dinh dưỡng.;4641: Bán buôn vải, hàng may mặc, giày dép-;4649: Bán buôn đồ dùng khác cho gia đình-;4652: Bán buôn thiết bị và ",internet
316692477,CÔNG TY CỔ PHẦN TOPENFINTECH,CÔNG TY CỔ PHẦN TOPENFINTECH,Công ty cổ phần,"Số 18A Kỳ Đồng, Phường 09, Quận 3, Thành phố Hồ Chí Minh, Việt Nam",Quận 3,"4651: Bán buôn máy vi tính, thiết bị ngoại vi và phần mềm-;4652: Bán buôn thiết bị và linh kiện điện tử, viễn thông-;4669: Bán buôn chuyên doanh khác chưa được phân vào đâu-Chi tiết: Bán buôn card điệ",internet
316698944,CÔNG TY TNHH WOW DECOR,CÔNG TY TNHH WOW DECOR,Công ty trách nhiệm hữu hạn một thành viên,"Tầng 14, Tòa Nhà HM Town, 412 Nguyễn Thị Minh Khai, Phường 05, Quận 3, Thành phố Hồ Chí Minh, Việt Nam",Quận 3,"4322: Lắp đặt hệ thống cấp, thoát nước, hệ thống sưởi và điều hoà không khí-trừ gia công cơ khí, tái chế phế thải, xi mạ điện tại trụ sở) (trừ lắp đặt các thiết bị lạnh (thiết bị cấp đông, kho lạnh, m",internet
316691145,CÔNG TY CỔ PHẦN TOPENCAPITAL,CÔNG TY CỔ PHẦN TOPENCAPITAL,Công ty cổ phần,"Số 18A Kỳ Đồng, Phường 09, Quận 3, Thành phố Hồ Chí Minh, Việt Nam",Quận 3,"4799: Bán lẻ hình thức khác chưa được phân vào đâu-(trừ bán lẻ hóa chất, khí dầu mỏ hóa lỏng LPG, dầu nhớt cặn, vàng miếng, súng, đạn loại dùng đi săn hoặc thể thao và tiền kim khí; Thực hiện theo Quy",internet
316697605,CÔNG TY TNHH SẢN XUẤT PHÁT TRIỂN THƯƠNG MẠI DỊCH VỤ KIM DUNG,CÔNG TY TNHH SẢN XUẤT PHÁT TRI,Công ty trách nhiệm hữu hạn một thành viên,"Tầng 3, Tòa Nhà An Phú Plaza, 117-119 Lý Chính Thắng, Phường Võ Thị Sáu, Quận 3, Thành phố Hồ Chí Minh, Việt Nam",Quận 3,"4669: Bán buôn chuyên doanh khác chưa được phân vào đâu-Chi tiết: Bán buôn hoá chất công nghiệp, hoá chất sử dụng trong lĩnh vực phụ gia thực phẩm (không hoạt động tại trụ sở); Bán buôn hạt nhựa, nhựa",internet
316699592,CÔNG TY TNHH GIẢI PHÁP TIẾP THỊ SPICE,CÔNG TY TNHH GIẢI PHÁP TIẾP TH,Công ty trách nhiệm hữu hạn một thành viên,"99 (Hộ 11 - Trệt -  Khối F) Trần Quốc Toản, Phường Võ Thị Sáu, Quận 3, Thành phố Hồ Chí Minh, Việt Nam",Quận 3,"7320: Nghiên cứu thị trường và thăm dò dư luận-;7310: Quảng cáo-;8230: Tổ chức giới thiệu và xúc tiến thương mại-(trừ các hoạt động trong lĩnh vực có sử dụng chất nổ, chất cháy, hóa chất, làm đạo cụ, ",internet
316699560,CÔNG TY TNHH ĐẦU TƯ QUỐC TẾ IMP,CÔNG TY TNHH ĐẦU TƯ QUỐC TẾ IM,Công ty trách nhiệm hữu hạn một thành viên,"Tầng 14, Tòa Nhà HM Town, 412 Nguyễn Thị Minh Khai, Phường 05, Quận 3, Thành phố Hồ Chí Minh, Việt Nam",Quận 3,4722: Bán lẻ thực phẩm trong các cửa hàng chuyên doanh-(Thực hiện theo quyết định 64/2009/QĐ – UBND ngày 31/7/2009 và quyết định 79/2009/QĐ – UBND ngày 17/10/2009 của Ủy Ban Nhân Dân Tp Hồ Chí Minh về,internet
316705013,CÔNG TY TNHH SẢN XUẤT KINH DOANH THƯƠNG MẠI PHÚC MINH,CÔNG TY TNHH SẢN XUẤT KINH DOA,Công ty trách nhiệm hữu hạn một thành viên,"18/65A Trần Quang Diệu, Phường 14, Quận 3, Thành phố Hồ Chí Minh, Việt Nam",Quận 3,"9523: Sửa chữa giày, dép, hàng da và giả da-(trừ gia công cơ khí, tái chế phế thải, xi mạ điện tại trụ sở).;9524: Sửa chữa giường, tủ, bàn, ghế và đồ nội thất tương tự-(trừ gia công cơ khí, tái chế ph",internet
316704845,CÔNG TY CỔ PHẦN TOPENHOME,CÔNG TY CỔ PHẦN TOPENHOME,Công ty cổ phần,"Số 18A Kỳ Đồng, Phường 09, Quận 3, Thành phố Hồ Chí Minh, Việt Nam",Quận 3,"4651: Bán buôn máy vi tính, thiết bị ngoại vi và phần mềm-;4652: Bán buôn thiết bị và linh kiện điện tử, viễn thông-;4669: Bán buôn chuyên doanh khác chưa được phân vào đâu-Chi tiết: Bán buôn card điệ",internet
316703552,CÔNG TY CỔ PHẦN PHÂN PHỐI GIGAWIN,CÔNG TY CỔ PHẦN PHÂN PHỐI GIGA,Công ty cổ phần,"Số 191 Nam Kỳ Khởi Nghĩa, Phường Võ Thị Sáu, Quận 3, Thành phố Hồ Chí Minh, Việt Nam",Quận 3,"9521: Sửa chữa thiết bị nghe nhìn điện tử gia dụng-(trừ gia công cơ khí, tái chế phế thải, xi mạ điện tại trụ sở);9522: Sửa chữa thiết bị, đồ dùng gia đình-;9529: Sửa chữa xe đạp, đồng hồ, đồ dùng cá ",internet
316705479,CÔNG TY TNHH LOGPETRO,CÔNG TY TNHH LOGPETRO,Công ty trách nhiệm hữu hạn một thành viên,"Tầng 14, Tòa Nhà HM Town, 412 Nguyễn Thị Minh Khai, Phường 05, Quận 3, Thành phố Hồ Chí Minh, Việt Nam",Quận 3,"4661: Bán buôn nhiên liệu rắn, lỏng, khí và các sản phẩm liên quan-(trừ khí hóa dầu mỏ hóa lỏng LPG, GAS và dầu nhớt cặn tại trụ sở) (không hoạt động tại trụ sở);4791: Bán lẻ theo yêu cầu đặt hàng qua",internet
316710359,CÔNG TY TNHH DƯỢC PHẨM GS,CÔNG TY TNHH DƯỢC PHẨM GS,Công ty trách nhiệm hữu hạn hai thành viên trở lên,"Tầng 14, Tòa Nhà HM Town, 412 Nguyễn Thị Minh Khai, Phường 05, Quận 3, Thành phố Hồ Chí Minh, Việt Nam",Quận 3,"2630: Sản xuất thiết bị truyền thông-;2640: Sản xuất sản phẩm điện tử dân dụng-;2652: Sản xuất đồng hồ-;2660: Sản xuất thiết bị bức xạ, thiết bị điện tử trong y học, điện liệu pháp-;2670: Sản xuất thi",internet
316710461,CÔNG TY TNHH THẨM MỸ QUỐC TẾ MAISON,CÔNG TY TNHH THẨM MỸ QUỐC TẾ M,Công ty trách nhiệm hữu hạn một thành viên,"716 Nguyễn Đình Chiểu, Phường 01, Quận 3, Thành phố Hồ Chí Minh, Việt Nam",Quận 3,"4659: Bán buôn máy móc, thiết bị và phụ tùng máy khác-Chi tiết: Bán buôn máy tập thể dục, máy trị liệu bảo vệ sức khỏe, máy móc, thiết bị chăm sóc sức khỏe, sắc đẹp, massage và bán buôn máy móc, thiết",internet
316711779,CÔNG TY TNHH GIẢI PHÁP CUNG ỨNG MRO,CÔNG TY TNHH GIẢI PHÁP CUNG ỨN,Công ty trách nhiệm hữu hạn một thành viên,"Tầng 12B, Tòa nhà Cienco4, 180 Nguyễn Thị Minh Khai, Phường Võ Thị Sáu, Quận 3, Thành phố Hồ Chí Minh, Việt Nam",Quận 3,"3311: Sửa chữa các sản phẩm kim loại đúc sẵn-;3312: Sửa chữa máy móc, thiết bị-;3313: Sửa chữa thiết bị điện tử và quang học-;3314: Sửa chữa thiết bị điện-;3319: Sửa chữa thiết bị khác-;3320: Lắp đặt ",internet
316708631,CÔNG TY TNHH DO IT VIET,CÔNG TY TNHH DO IT VIET,Công ty trách nhiệm hữu hạn một thành viên,"Số 6 , Nguyễn Thiện Thuật, Phường 02, Quận 3, Thành phố Hồ Chí Minh, Việt Nam",Quận 3,"4690: Bán buôn tổng hợp-(trừ bán buôn bình gas, khí dầu mỏ hóa lỏng LPG, dầu nhớt cặn, vàng miếng, súng, đạn loại dung đi săn hoặc thể thao và tiền kim khí; trừ bán buôn hóa chất tại trụ sở; Thực hiện",internet
316713078,CÔNG TY TNHH THƯƠNG MẠI DỊCH VỤ SÀI GÒN ĐÔNG HẢI,CÔNG TY TNHH THƯƠNG MẠI DỊCH V,Công ty trách nhiệm hữu hạn hai thành viên trở lên,"227Bis Hai Bà Trưng, Phường Võ Thị Sáu, Quận 3, Thành phố Hồ Chí Minh, Việt Nam",Quận 3,"4771: Bán lẻ hàng may mặc, giày dép, hàng da và giả da trong các cửa hàng chuyên doanh-;1311: Sản xuất sợi-(không hoạt động tại trụ sở);1312: Sản xuất vải dệt thoi-(không hoạt động tại trụ sở);1313: H",internet
316713448,CÔNG TY TNHH FOODER VIỆT NAM,CÔNG TY TNHH FOODER VIỆT NAM,Công ty trách nhiệm hữu hạn một thành viên,"140/1 Lý Chính Thắng , Phường Võ Thị Sáu, Quận 3, Thành phố Hồ Chí Minh, Việt Nam",Quận 3,"4633: Bán buôn đồ uống-Chi tiết: Thực hiện quyền xuất khẩu, quyền nhập khẩu, quyền phân phối bán buôn các hàng hóa không thuộc danh mục hàng hóa cấm xuất khẩu, cấm nhập khẩu và danh mục hàng hóa không",internet
316715156,CÔNG TY TNHH SELLINALL,CÔNG TY TNHH SELLINALL,Công ty trách nhiệm hữu hạn một thành viên,"Tầng 3, số 29 Nguyễn Văn Mai, Phường Võ Thị Sáu, Quận 3, Thành phố Hồ Chí Minh, Việt Nam",Quận 3,"7020: Hoạt động tư vấn quản lý-Chi tiết: Dịch vụ tư vấn quản lý, dịch vụ liên quan đến tư vấn quản lý (trừ tư vấn tài chính, kế toán, pháp luật) (CPC 865-866);7320: Nghiên cứu thị trường và thăm dò dư",internet
316716985,CÔNG TY TNHH CÔNG NGHỆ BIGBANG,CÔNG TY TNHH CÔNG NGHỆ BIGBANG,Công ty trách nhiệm hữu hạn một thành viên,"210/12 Cách Mạng Tháng Tám, Phường 10, Quận 3, Thành phố Hồ Chí Minh, Việt Nam",Quận 3,"1811: In ấn-;4610: Đại lý, môi giới, đấu giá hàng hóa-Chi tiết: Đại lý; Môi giới;4649: Bán buôn đồ dùng khác cho gia đình-(trừ dược phẩm);4651: Bán buôn máy vi tính, thiết bị ngoại vi và phần mềm-;465",internet
316716311,CÔNG TY TNHH GIẢI PHÁP FILL UP,CÔNG TY TNHH GIẢI PHÁP FILL UP,Công ty trách nhiệm hữu hạn một thành viên,"Tầng 14, Tòa Nhà HM Town, 412 Nguyễn Thị Minh Khai, Phường 05, Quận 3, Thành phố Hồ Chí Minh, Việt Nam",Quận 3,"4782: Bán lẻ hàng dệt, may sẵn, giày dép lưu động hoặc tại chợ-;4783: Bán lẻ thiết bị công nghệ thông tin liên lạc lưu động hoặc tại chợ-;4784: Bán lẻ thiết bị gia đình khác lưu động hoặc tại chợ-;478",internet
316719785,CÔNG TY TNHH THƯƠNG MẠI DỊCH VỤ DUONGS.PTE,CÔNG TY TNHH THƯƠNG MẠI DỊCH V,Công ty trách nhiệm hữu hạn một thành viên,"284/41G Lê Văn Sỹ, Phường 14, Quận 3, Thành phố Hồ Chí Minh, Việt Nam",Quận 3,"4610: Đại lý, môi giới, đấu giá hàng hóa-Chi tiết: Đại lý bán hàng hóa. Môi giới mua bán hàng hóa.;4620: Bán buôn nông, lâm sản nguyên liệu (trừ gỗ, tre, nứa) và động vật sống-Chi tiết: Xuất nhập khẩu",internet
316719520,CÔNG TY TNHH TB VIỄN THÔNG LỘC PHÁT,CÔNG TY TNHH TB VIỄN THÔNG LỘC,Công ty trách nhiệm hữu hạn một thành viên,"16/1A Nguyễn Thiện Thuật, Phường 02, Quận 3, Thành phố Hồ Chí Minh, Việt Nam",Quận 3,"4669: Bán buôn chuyên doanh khác chưa được phân vào đâu-Chi tiết: Bán buôn sim, card điện thoại;4773: Bán lẻ hàng hóa khác mới trong các cửa hàng chuyên doanh-Chi tiết: Bán lẻ sim, card điện thoại;465",internet
316721167,CÔNG TY TNHH THƯƠNG MẠI DỊCH VỤ TƯ VẤN ĐẦU TƯ FAS,CÔNG TY TNHH THƯƠNG MẠI DỊCH,Công ty trách nhiệm hữu hạn một thành viên,"62B Phạm Ngọc Thạch, Phường Võ Thị Sáu, Quận 3, Thành phố Hồ Chí Minh, Việt Nam",Quận 3,"6820: Tư vấn, môi giới, đấu giá bất động sản, đấu giá quyền sử dụng đất-chi tiết: Tư vấn, môi giới bất động sản;7020: Hoạt động tư vấn quản lý-(Trừ tư vấn tài chính kế toán);4620: Bán buôn nông",internet
316721054,CÔNG TY TNHH ĐỊNH HƯỚNG TRUYỀN THÔNG VÀ SÁNG TẠO,CÔNG TY TNHH ĐỊNH HƯỚNG TRUYỀN,Công ty trách nhiệm hữu hạn một thành viên,"Tầng 14, Tòa nhà HM Town, 412 Nguyễn Thị Minh Khai, Phường 05, Quận 3, Thành phố Hồ Chí Minh, Việt Nam",Quận 3,"4633: Bán buôn đồ uống-;6201: Lập trình máy vi tính-Chi tiết: sản xuất, gia công phần mềm;6202: Tư vấn máy vi tính và quản trị hệ thống máy vi tính-;6209: Hoạt động dịch vụ công nghệ thông tin và dịch",internet
316723502,CÔNG TY TNHH ĐẦU TƯ VÀ DỊCH VỤ GALAXY,CÔNG TY TNHH ĐẦU TƯ VÀ DỊCH VỤ,Công ty trách nhiệm hữu hạn một thành viên,"380/13 Nam Kỳ Khởi Nghĩa, Phường Võ Thị Sáu, Quận 3, Thành phố Hồ Chí Minh, Việt Nam",Quận 3,"4651: Bán buôn máy vi tính, thiết bị ngoại vi và phần mềm-;6201: Lập trình máy vi tính-Chi tiết: Sản xuất phần mềm;6202: Tư vấn máy vi tính và quản trị hệ thống máy vi tính-;6209: Hoạt động dịch vụ cô",internet
316728483,CÔNG TY CỔ PHẦN ĐẦU TƯ VÀ PHÁT TRIỂN BSN,CÔNG TY CỔ PHẦN ĐẦU TƯ VÀ PHÁT,Công ty cổ phần,"Toà nhà Qunimex, 28 Nguyễn Thị Diệu , Phường Võ Thị Sáu, Quận 3, Thành phố Hồ Chí Minh, Việt Nam",Quận 3,"4652: Bán buôn thiết bị và linh kiện điện tử, viễn thông-Chi tiết: Bán buôn thiết bị ngoại vi, điện tử viễn thông, thiết bị điều khiển, thiết bị quan sát, camera;6201: Lập trình máy vi tính-Chi tiết: ",cntt
316734575,CÔNG TY TNHH  YES TO COFFEE,CÔNG TY TNHH  YES TO COFFEE,Công ty trách nhiệm hữu hạn một thành viên,"90 Phạm Ngọc Thạch, Phường Võ Thị Sáu, Quận 3, Thành phố Hồ Chí Minh, Việt Nam",Quận 3,"5610: Nhà hàng và các dịch vụ ăn uống phục vụ lưu động-;1075: Sản xuất món ăn, thức ăn chế biến sẵn-;5629: Dịch vụ ăn uống khác-;4722: Bán lẻ thực phẩm trong các cửa hàng chuyên doanh-;1079: Sản xuất ",internet
316735307,CÔNG TY TNHH MANGORI,CÔNG TY TNHH MANGORI,Công ty trách nhiệm hữu hạn một thành viên,"Tầng 14, Tòa Nhà HM Town, 412 Nguyễn Thị Minh Khai, Phường 05, Quận 3, Thành phố Hồ Chí Minh, Việt Nam",Quận 3,"7490: Hoạt động chuyên môn, khoa học và công nghệ khác chưa được phân vào đâu-(trừ thanh toán hối phiếu, thông tin tỷ lệ lượng và tư vấn chứng khoán)
Chi tiết: Dịch thuật; Hoạt động phiên dịch;6209: H",internet
316735392,CÔNG TY TNHH TMDV LƯƠNG GIA,CÔNG TY TNHH TMDV LƯƠNG GIA,Công ty trách nhiệm hữu hạn một thành viên,"Tầng 14, Tòa Nhà HM Town, 412 Nguyễn Thị Minh Khai, Phường 05, Quận 3, Thành phố Hồ Chí Minh, Việt Nam",Quận 3,"7310: Quảng cáo-;4632: Bán buôn thực phẩm-(không hoạt động tại trụ sở);4633: Bán buôn đồ uống-;4634: Bán buôn sản phẩm thuốc lá, thuốc lào-(Thực hiện theo quyết định 64/2009/QĐ-UBND ngày 31/7/2009 và ",internet
316735603,CÔNG TY TNHH PHÁT TRIỂN PHẦN MỀM VÀ VẬN HÀNH HỆ THỐNG,CÔNG TY TNHH PHÁT TRIỂN PHẦN M,Công ty trách nhiệm hữu hạn hai thành viên trở lên,"Tầng 14, Tòa nhà HM Town, 412 Nguyễn Thị Minh Khai, Phường 05, Quận 3, Thành phố Hồ Chí Minh, Việt Nam",Quận 3,"4390: Hoạt động xây dựng chuyên dụng khác-(không gia công cơ khí, tái chế phế thải, xi mạ điện tại trụ sở);4321: Lắp đặt hệ thống điện-(không gia công cơ khí, tái chế phế thải, xi mạ điện tại trụ sở);",internet
316736759,CÔNG TY TNHH DESCARTES NETWORK,CÔNG TY TNHH DESCARTES NETWORK,Công ty trách nhiệm hữu hạn một thành viên,"126 Nguyễn Thị Minh Khai, Phường Võ Thị Sáu, Quận 3, Thành phố Hồ Chí Minh, Việt Nam",Quận 3,"6820: Tư vấn, môi giới, đấu giá bất động sản, đấu giá quyền sử dụng đất-Chi tiết: Tư vấn, quản lý, môi giới bất động sản( Trừ tư vấn mang tính pháp lý);7310: Quảng cáo-;4663: Bán buôn vật liệu, thiết ",network
316735145,CÔNG TY CỔ PHẦN ĐẦU TƯ VÀ DỊCH VỤ NHẤT TÂM,CÔNG TY CỔ PHẦN ĐẦU TƯ VÀ DỊCH,Công ty cổ phần,"Tầng 1, số 12, đường Phạm Đình Toái, Phường Võ Thị Sáu, Quận 3, Thành phố Hồ Chí Minh, Việt Nam",Quận 3,"3312: Sửa chữa máy móc, thiết bị-;3313: Sửa chữa thiết bị điện tử và quang học-;3314: Sửa chữa thiết bị điện-;3319: Sửa chữa thiết bị khác-Chi tiết: Sửa chữa, lắp đặt, bảo trì các hệ thống thiết bị đi",internet
316736639,CÔNG TY TNHH TM DV CÔNG NGHỆ DUY ĐẠT,CÔNG TY TNHH TM DV CÔNG NGHỆ D,Công ty trách nhiệm hữu hạn hai thành viên trở lên,"275 Nguyễn Thiện Thuật, Phường 01, Quận 3, Thành phố Hồ Chí Minh, Việt Nam",Quận 3,6209: Hoạt động dịch vụ công nghệ thông tin và dịch vụ khác liên quan đến máy vi tính-;7911: Đại lý du lịch-;7912: Điều hành tua du lịch-;9511: Sửa chữa máy vi tính và thiết bị ngoại vi-(trừ gia công ,internet
316738058,CÔNG TY TNHH THƯƠNG MẠI VÀ DỊCH VỤ TRANG THIẾT BỊ Y TẾ M-SMART,CÔNG TY TNHH THƯƠNG MẠI VÀ DỊC,Công ty trách nhiệm hữu hạn hai thành viên trở lên,"80/71 Trần Quang Diệu, Phường 14, Quận 3, Thành phố Hồ Chí Minh, Việt Nam",Quận 3,"4791: Bán lẻ theo yêu cầu đặt hàng qua bưu điện hoặc internet-(trừ bán lẻ hóa chất, khí dầu mỏ hóa lỏng LPG, dầu nhớt cặn, vàng miếng, súng, đạn loại dùng đi săn hoặc thể thao và tiền kim khí; Thực hi",internet
316737914,CÔNG TY TNHH SKIN STORY VIỆT NAM,CÔNG TY TNHH SKIN STORY VIỆT N,Công ty trách nhiệm hữu hạn một thành viên,"19 Đường số 2, Cư xá Đô Thành, Phường 04, Quận 3, Thành phố Hồ Chí Minh, Việt Nam",Quận 3,"4649: Bán buôn đồ dùng khác cho gia đình--Chi tiết: Bán buôn nước hoa, hàng mỹ phẩm và chế phẩm vệ sinh;4632: Bán buôn thực phẩm-(không hoạt động tại trụ sở) 
(thực hiện theo quyết định 64/2009/QĐ-UBN",internet
316739319,CÔNG TY TNHH JOYWORK,CÔNG TY TNHH JOYWORK,Công ty trách nhiệm hữu hạn hai thành viên trở lên,"177B Trần Văn Đang, Phường 11, Quận 3, Thành phố Hồ Chí Minh, Việt Nam",Quận 3,"7020: Hoạt động tư vấn quản lý-Chi tiết: Dịch vụ tư vấn quản lý kinh doanh của doanh nghiệp, bao gồm:
-Dịch vụ tư vấn quản lý chung
- Dịch vụ tư vấn quản lý tài chính
- Dịch vụ tư vấn quản lý tiếp thị",internet
316742128,CÔNG TY TNHH MTV ARONA,CÔNG TY TNHH MTV ARONA,Công ty trách nhiệm hữu hạn một thành viên,"Tầng 14, Tòa Nhà HM Town, 412 Nguyễn Thị Minh Khai, Phường 05, Quận 3, Thành phố Hồ Chí Minh, Việt Nam",Quận 3,"1311: Sản xuất sợi-(không tẩy, nhuộm, hồ, in và không gia công hàng đã qua sử dụng tại trụ sở);1312: Sản xuất vải dệt thoi-(không hoạt động tại trụ sở);1313: Hoàn thiện sản phẩm dệt-(không hoạt động t",internet
316738851,CÔNG TY TNHH SOLUTIONS ANH QUỐC,CÔNG TY TNHH SOLUTIONS ANH QUỐ,Công ty trách nhiệm hữu hạn một thành viên,"25 Trần Văn Đang, Phường 09, Quận 3, Thành phố Hồ Chí Minh, Việt Nam",Quận 3,"4632: Bán buôn thực phẩm-Chi tiết: - Bán buôn cà phê; - Bán buôn sữa và các sản phẩm sữa, bánh kẹo và các sản phẩm chế biến từ ngũ cốc, bột, tinh bột; - Bán buôn thực phẩm khác
(Thực hiện theo quyết đ",internet
316738636,CÔNG TY TNHH ENESTECH SOFTWARE VIETNAM,CÔNG TY TNHH ENESTECH SOFTWARE,Công ty trách nhiệm hữu hạn một thành viên,"Tầng 3, Số 29 Nguyễn Văn Mai, Phường Võ Thị Sáu, Quận 3, Thành phố Hồ Chí Minh, Việt Nam",Quận 3,"4632: Bán buôn thực phẩm-(không hoạt động tại trụ sở);4633: Bán buôn đồ uống-;4659: Bán buôn máy móc, thiết bị và phụ tùng máy khác-;4690: Bán buôn tổng hợp-(trừ bán buôn hóa chất, khí dầu mỏ hóa lỏng",software
316744816,CÔNG TY TNHH THỜI TRANG TENNO,CÔNG TY TNHH THỜI TRANG TENNO,Công ty trách nhiệm hữu hạn một thành viên,"Tầng 14, Tòa Nhà HM Town, 412 Nguyễn Thị Minh Khai, Phường 05, Quận 3, Thành phố Hồ Chí Minh, Việt Nam",Quận 3,"4690: Bán buôn tổng hợp-(trừ bán buôn bình gas, khí dầu mỏ hóa lỏng LPG, dầu nhớt cặn, vàng miếng,súng, đạn loại dùng đi săn hoặc thể thao và tiền kim khí; trừ bán buôn hóa chất tại trụ sở; thực hiện ",internet
316746443,CÔNG TY TNHH MANA VIỆT NAM,CÔNG TY TNHH MANA VIỆT NAM,Công ty trách nhiệm hữu hạn một thành viên,"Tầng 14, Tòa Nhà HM Town, 412 Nguyễn Thị Minh Khai, Phường 05, Quận 3, Thành phố Hồ Chí Minh, Việt Nam",Quận 3,"4299: Xây dựng công trình kỹ thuật dân dụng khác-;4311: Phá dỡ-;4312: Chuẩn bị mặt bằng-;4329: Lắp đặt hệ thống xây dựng khác-(trừ gia công cơ khí, tái chế phế thải, xi mạ điện, chế biến gỗ tại trụ sở",internet
316749772,CÔNG TY TNHH LỢI TOÀN THẮNG,CÔNG TY TNHH LỢI TOÀN THẮNG,Công ty trách nhiệm hữu hạn một thành viên,"468/6 Lê Văn Sỹ, Phường 14, Quận 3, Thành phố Hồ Chí Minh, Việt Nam",Quận 3,"4741: Bán lẻ máy vi tính, thiết bị ngoại vi, phần mềm và thiết bị viễn thông trong các cửa hàng chuyên doanh-;6312: Cổng thông tin-;6110: Hoạt động viễn thông có dây-Chi tiết: Hoạt động cung cấp dịch ",internet
316755381,CÔNG TY TNHH CUỘI SPIRIT,CÔNG TY TNHH CUỘI SPIRIT,Công ty trách nhiệm hữu hạn một thành viên,"108/26 Trần Quang Diệu, Phường 14, Quận 3, Thành phố Hồ Chí Minh, Việt Nam",Quận 3,"3211: Sản xuất đồ kim hoàn và chi tiết liên quan-;3212: Sản xuất đồ giả kim hoàn và chi tiết liên quan-;4690: Bán buôn tổng hợp-Chi tiết: Bán buôn, xuất nhập khẩu hàng hóa theo quy định của pháp luật.",internet
316762011,CÔNG TY TNHH THỰC PHẨM 6868,CÔNG TY TNHH THỰC PHẨM 6868,Công ty trách nhiệm hữu hạn hai thành viên trở lên,"Lầu 4, số 215 Nam Kỳ Khởi Nghĩa, Phường Võ Thị Sáu, Quận 3, Thành phố Hồ Chí Minh, Việt Nam",Quận 3,"4631: Bán buôn gạo, lúa mỳ, hạt ngũ cốc khác, bột mỳ-Chi tiết: Bán buôn, xuất nhập khẩu gạo, tấm, lúa mỳ, hạt ngũ cốc khác, bột mỳ (không hoạt động tại trụ sở).;4721: Bán lẻ lương thực trong các cửa h",internet
316760832,CÔNG TY CỔ PHẦN THƯƠNG MẠI – ĐẦU TƯ VÀ XUẤT KHẨU SẢN PHẨM OCOP QNB,CÔNG TY CỔ PHẦN THƯƠNG MẠI  ĐẦ,Công ty cổ phần,"Tầng 12B, Tòa nhà Cienco4, 180 Nguyễn Thị Minh Khai, Phường Võ Thị Sáu, Quận 3, Thành phố Hồ Chí Minh, Việt Nam",Quận 3,4799: Bán lẻ hình thức khác chưa được phân vào đâu-Bán lẻ hình thức khác chưa được phân vào đâu Chi tiết: - Bán lẻ các loại hàng hóa bằng phương thức khác chưa kể ở trên như: bán trực tiếp hoặc chuyển,internet
316764682,CÔNG TY TNHH MILLENNIUM MARKETING VIỆT NAM,CÔNG TY TNHH MILLENNIUM MARKET,Công ty trách nhiệm hữu hạn hai thành viên trở lên,"72/15 Cao Thắng, Phường 04, Quận 3, Thành phố Hồ Chí Minh, Việt Nam",Quận 3,6399: Dịch vụ thông tin khác chưa được phân vào đâu-Chi tiết: Các dịch vụ thông tin qua điện thoại; Các dịch vụ tìm kiếm thông tin thông qua hợp đồng hay trên cơ sở phí;7420: Hoạt động nhiếp ảnh-;7490,internet
316766457,CÔNG TY TNHH MỖI NGÀY,CÔNG TY TNHH MỖI NGÀY,Công ty trách nhiệm hữu hạn một thành viên,"Tầng 5, Tòa nhà Songdo, 62A Phạm Ngọc Thạch, Phường Võ Thị Sáu, Quận 3, Thành phố Hồ Chí Minh, Việt Nam",Quận 3,5629: Dịch vụ ăn uống khác-Chi tiết: Cung cấp suất ăn theo hợp đồng; Cung cấp suất ăn công nghiệp;4632: Bán buôn thực phẩm-(không hoạt động tại trụ sở);4633: Bán buôn đồ uống-;4723: Bán lẻ đồ uống tro,internet
316768278,CÔNG TY CỔ PHẦN DƯỢC PHẨM NAM YẾN,CÔNG TY CỔ PHẦN DƯỢC PHẨM NAM ,Công ty cổ phần,"Tầng 8, 520 Cách Mạng Tháng Tám, Phường 11, Quận 3, Thành phố Hồ Chí Minh, Việt Nam",Quận 3,"0119: Trồng cây hàng năm khác-Chi tiết: Trồng cây dược liệu, hương liệu hàng năm;0128: Trồng cây gia vị, cây dược liệu, cây hương liệu lâu năm-Chi tiết: Trồng cây dược liệu (trừ trồng cây thuốc phiện)",internet
316768422,CÔNG TY TNHH GIÁO DỤC NAMU,CÔNG TY TNHH GIÁO DỤC NAMU,Công ty trách nhiệm hữu hạn một thành viên,"111 đường số 1, Cư xá Đô Thành, Phường 04, Quận 3, Thành phố Hồ Chí Minh, Việt Nam",Quận 3,"4610: Đại lý, môi giới, đấu giá hàng hóa-Chi tiết: Đại lý, môi giới hàng hóa;4932: Vận tải hành khách đường bộ khác-;4933: Vận tải hàng hóa bằng đường bộ-(trừ hóa lỏng khí để vận chuyển);4940: Vận tải",internet
316777265,CÔNG TY TNHH LÉLAN,CÔNG TY TNHH LÉLAN,Công ty trách nhiệm hữu hạn một thành viên,"393 Nguyễn Đình Chiểu, Phường 05, Quận 3, Thành phố Hồ Chí Minh, Việt Nam",Quận 3,"4669: Bán buôn chuyên doanh khác chưa được phân vào đâu-Chi tiết: Bán buôn phụ liệu may mặc và giày dép.;4771: Bán lẻ hàng may mặc, giày dép, hàng da và giả da trong các cửa hàng chuyên doanh-;1410: M",internet
316778195,CÔNG TY TNHH VIỆN TRẺ HÓA QUỐC TẾ RAYA,CÔNG TY TNHH VIỆN TRẺ HÓA QUỐC,Công ty trách nhiệm hữu hạn hai thành viên trở lên,"452A Nguyễn Thị Minh Khai , Phường 05, Quận 3, Thành phố Hồ Chí Minh, Việt Nam",Quận 3,"8620: Hoạt động của các phòng khám đa khoa, chuyên khoa và nha khoa-Chi tiết: Hoạt động của các phòng khám đa khoa; Phòng khám chuyên khoa da liễu; Phòng khám chuyên khoa răng hàm mặt; Phòng khám chuy",internet
316778734,CÔNG TY TNHH THƯƠNG MẠI DỊCH VỤ XÂY DỰNG HOÀNG MINH HẢI,CÔNG TY TNHH THƯƠNG MẠI DỊCH V,Công ty trách nhiệm hữu hạn một thành viên,"Tầng 3, Số 382/17-19 Nguyễn Thị Minh Khai, Phường 05, Quận 3, Thành phố Hồ Chí Minh, Việt Nam",Quận 3,"4329: Lắp đặt hệ thống xây dựng khác-Chi tiết: Thi công lắp đặt hệ thống viễn thông; Lắp đặt hệ thống dầu khí;4322: Lắp đặt hệ thống cấp, thoát nước, hệ thống sưởi và điều hoà không khí-Chi tiết: Lắp ",internet
316775035,CÔNG TY TNHH MTV TM-DV-SX HƯNG LONG,CÔNG TY TNHH MTV TMDVSX HƯNG L,Công ty trách nhiệm hữu hạn một thành viên,"Tầng 14, Tòa Nhà HM Town, 412 Nguyễn Thị Minh Khai, Phường 05, Quận 3, Thành phố Hồ Chí Minh, Việt Nam",Quận 3,"4610: Đại lý, môi giới, đấu giá hàng hóa-(trừ môi giới bất động sản)
Chi tiết: Đại lý, môi giới hàng hóa.;4631: Bán buôn gạo, lúa mỳ, hạt ngũ cốc khác, bột mỳ-(không hoạt động tại trụ sở);4632: Bán bu",internet
316777787,CÔNG TY TNHH XÂY DỰNG VÀ VẬN TẢI TÁM BƯỞI,CÔNG TY TNHH XÂY DỰNG VÀ VẬN T,Công ty trách nhiệm hữu hạn một thành viên,"Tòa Nhà DC Tower, 111D Lý Chính Thắng, Phường Võ Thị Sáu, Quận 3, Thành phố Hồ Chí Minh, Việt Nam",Quận 3,"4329: Lắp đặt hệ thống xây dựng khác-Chi tiết: Thi công lắp đặt hệ thống viễn thông; Lắp đặt hệ thống dầu khí;4322: Lắp đặt hệ thống cấp, thoát nước, hệ thống sưởi và điều hoà không khí-Chi tiết: Lắp ",internet
316781670,CÔNG TY TRÁCH NHIỆM HỮU HẠN TAM KIM LONG,CÔNG TY TRÁCH NHIỆM HỮU HẠN TA,Công ty trách nhiệm hữu hạn một thành viên,"62/11 Lý Chính Thắng, Phường Võ Thị Sáu, Quận 3, Thành phố Hồ Chí Minh, Việt Nam",Quận 3,"4669: Bán buôn chuyên doanh khác chưa được phân vào đâu-(trừ vàng miếng, hóa chất, khí dầu mỏ hóa lỏng LPG) (Thực hiện theo Quyết định 64/2009/QĐ-UBND ngày 31/07/2009 của Uỷ ban nhân dân Thành phố Hồ ",internet
316782258,CÔNG TY TNHH TM - DV - TV SHUNNY,CÔNG TY TNHH TM  DV  TV SHUNNY,Công ty trách nhiệm hữu hạn hai thành viên trở lên,"Tầng 14, Tòa Nhà HM Town, 412 Nguyễn Thị Minh Khai, Phường 05, Quận 3, Thành phố Hồ Chí Minh, Việt Nam",Quận 3,"8560: Dịch vụ hỗ trợ giáo dục-Chi tiết: Tư vấn giáo dục. Tư vấn du học.;8559: Giáo dục khác chưa được phân vào đâu-(trừ dạy về tôn giáo; các trường của các tổ chức Đảng - Đoàn thể)
Chi tiết: Đào tạo v",internet
316783300,CÔNG TY CỔ PHẦN PHÁT TRIỂN GIẢI PHÁP GIÁO DỤC VIVI EDUCATION,CÔNG TY CỔ PHẦN PHÁT TRIỂN GIẢ,Công ty cổ phần,"185Bis Võ Thị Sáu, Phường Võ Thị Sáu, Quận 3, Thành phố Hồ Chí Minh, Việt Nam",Quận 3,"7310: Quảng cáo-(Trừ quảng cáo thuốc lá);7320: Nghiên cứu thị trường và thăm dò dư luận-(Không bao gồm dịch vụ điều tra và thông tin Nhà nước cấm);7490: Hoạt động chuyên môn, khoa học và công nghệ khá",internet
316784819,CÔNG TY TNHH VẬN TẢI VÀ XÂY DỰNG LÂM HOÀNG,CÔNG TY TNHH VẬN TẢI VÀ XÂY DỰ,Công ty trách nhiệm hữu hạn một thành viên,"111 Lý Chính Thắng, Phường Võ Thị Sáu, Quận 3, Thành phố Hồ Chí Minh, Việt Nam",Quận 3,"8129: Vệ sinh công nghiệp và các công trình chuyên biệt-(không hoạt động tại trụ sở);4321: Lắp đặt hệ thống điện-(trừ gia công cơ khí, tái chế phế thải, xi mạ điện tại trụ sở);4663: Bán buôn vật liệu,",internet
316788281,CÔNG TY TNHH FLOW NETWORKS TECHNOLOGIES,CÔNG TY TNHH FLOW NETWORKS TEC,Công ty trách nhiệm hữu hạn một thành viên,"126 Nguyễn Thị Minh Khai, Phường Võ Thị Sáu, Quận 3, Thành phố Hồ Chí Minh, Việt Nam",Quận 3,6201: Lập trình máy vi tính-Chi tiết: Dịch vụ lập trình máy vi tính (CPC 842); 6202: Tư vấn máy vi tính và quản trị hệ thống máy vi tính-Chi tiết: Dịch vụ tư vấn liên quan tới lắp đặt phần cứng máy tí,network
316786943,CÔNG TY TNHH DỊCH VỤ SẢN XUẤT ĐIỆN TỬ VIỆT NAM,CÔNG TY TNHH DỊCH VỤ SẢN XUẤT ,Công ty trách nhiệm hữu hạn một thành viên,"165 Trần Văn Đang, Phường 11, Quận 3, Thành phố Hồ Chí Minh, Việt Nam",Quận 3,"7120: Kiểm tra và phân tích kỹ thuật-Chi tiết: Kiểm tra chức năng bo mạch điện tử;4610: Đại lý, môi giới, đấu giá hàng hóa-Chi tiết: Đại lý ký gửi hàng hóa; Đại lý phân phối hàng điện tử;3313: Sửa chữ",internet
316792506,CÔNG TY TNHH HỒNG ANH SEAFOOD,CÔNG TY TNHH HỒNG ANH SEAFOOD,Công ty trách nhiệm hữu hạn một thành viên,"372/11C Cách mạng tháng 8, Phường 10, Quận 3, Thành phố Hồ Chí Minh, Việt Nam",Quận 3,"1020: Chế biến, bảo quản thuỷ sản và các sản phẩm từ thuỷ sản-;4632: Bán buôn thực phẩm-(không hoạt động tại trụ sở );4719: Bán lẻ khác trong các cửa hàng kinh doanh tổng hợp-(trừ tồn trữ hóa chất tại",internet
316793926,CÔNG TY CỔ PHẦN MG SÀI GÒN,CÔNG TY CỔ PHẦN MG SÀI GÒN,Công ty cổ phần,"181 Nam Kỳ Khởi Nghĩa, Phường Võ Thị Sáu, Quận 3, Thành phố Hồ Chí Minh, Việt Nam",Quận 3,"4511: Bán buôn ô tô và xe có động cơ khác-;4513: Đại lý ô tô và xe có động cơ khác-;4520: Bảo dưỡng, sửa chữa ô tô và xe có động cơ khác-;4933: Vận tải hàng hóa bằng đường bộ-(trừ hóa lỏng khí để vận ",internet
316863771,CÔNG TY TNHH CÔNG NGHỆ NÔNG SẢN THỰC PHẨM TGAP,CÔNG TY TNHH CÔNG NGHỆ NÔNG SẢ,Công ty trách nhiệm hữu hạn một thành viên,"Tầng 3, Toà nhà An Phú Plaza, 117-119 Lý Chính Thắng, Phường Võ Thị Sáu, Quận 3, Thành phố Hồ Chí Minh, Việt Nam",Quận 3,"4669: Bán buôn chuyên doanh khác chưa được phân vào đâu-(trừ bán buôn bình gas, khí dầu mỏ hóa lỏng LPG, dầu nhớt cặn, vàng miếng, súng, đạn loại dùng đi săn hoặc thể thao và tiền kim khí;trừ bán buôn",internet
316788002,CÔNG TY CỔ PHẦN THƯƠNG MẠI DỊCH VỤ CHÍNH TÍN,CÔNG TY CỔ PHẦN THƯƠNG MẠI DỊC,Công ty cổ phần,"288A1 Nam Kỳ Khởi Nghĩa, Phường Võ Thị Sáu, Quận 3, Thành phố Hồ Chí Minh, Việt Nam",Quận 3,"6312: Cổng thông tin-Chi tiết: Thiết lập mạng xã hội; Sàn giao dịch thương mại điện tử.(không bao gồm các website giao dịch chứng khoán trực tiếp, hoạt động báo chí);4791: Bán lẻ theo yêu cầu đặt hàng",internet
316796490,CÔNG TY TNHH NHÀ CHANG,CÔNG TY TNHH NHÀ CHANG,Công ty trách nhiệm hữu hạn hai thành viên trở lên,"61 Trương Định, Phường Võ Thị Sáu, Quận 3, Thành phố Hồ Chí Minh, Việt Nam",Quận 3,"9000: Hoạt động sáng tác, nghệ thuật và giải trí-Chi tiết: Tổ chức biểu diễn nghệ thuật chuyên nghiệp (không thực hiện các hiệu ứng cháy, nổ; không sử dụng chất nổ, chất cháy, hó",internet
316799935,CÔNG TY TNHH THƯƠNG MẠI DỊCH VỤ VÀ TIẾP VẬN THÁI BÌNH DƯƠNG,CÔNG TY TNHH THƯƠNG MẠI DỊCH V,Công ty trách nhiệm hữu hạn một thành viên,"Tầng 14, Tòa Nhà HM Town, 412 Nguyễn Thị Minh Khai, Phường 05, Quận 3, Thành phố Hồ Chí Minh, Việt Nam",Quận 3,4912: Vận tải hàng hóa đường sắt-;4933: Vận tải hàng hóa bằng đường bộ-(trừ hóa lỏng khí để vận chuyển);4940: Vận tải đường ống-;5012: Vận tải hàng hóa ven biển và viễn dương-;5022: Vận tải hàng hóa đ,internet
316801253,CÔNG TY TNHH HADOMA,CÔNG TY TNHH HADOMA,Công ty trách nhiệm hữu hạn một thành viên,"197 Võ Văn Tần , Phường 05, Quận 3, Thành phố Hồ Chí Minh, Việt Nam",Quận 3,"4771: Bán lẻ hàng may mặc, giày dép, hàng da và giả da trong các cửa hàng chuyên doanh-;8299: Hoạt động dịch vụ hỗ trợ kinh doanh khác còn lại chưa được phân vào đâu-(trừ dịch vụ lấy lại tài sản, máy ",internet
316804751,CÔNG TY TNHH THIẾT KẾ KIẾN TRÚC VÀ XÂY DỰNG QUYẾT THẮNG,CÔNG TY TNHH THIẾT KẾ KIẾN TRÚ,Công ty trách nhiệm hữu hạn một thành viên,"Tòa Nhà DC Tower, 111D Lý Chính Thắng, Phường Võ Thị Sáu, Quận 3, Thành phố Hồ Chí Minh, Việt Nam",Quận 3,5210: Kho bãi và lưu giữ hàng hóa-(trừ kinh doanh kho bãi);7110: Hoạt động kiến trúc và tư vấn kỹ thuật có liên quan-Chi tiết: Giám sát công tác xây dựng và hoàn thiện công trình dân dụng - công nghiệ,internet
316804776,CÔNG TY TNHH ĐẦU TƯ PHÁT TRIỂN XÂY DỰNG LAN ANH,CÔNG TY TNHH ĐẦU TƯ PHÁT TRIỂN,Công ty trách nhiệm hữu hạn một thành viên,"Tầng 3, Số 382/17-19 Nguyễn Thị Minh Khai, Phường 05, Quận 3, Thành phố Hồ Chí Minh, Việt Nam",Quận 3,"4329: Lắp đặt hệ thống xây dựng khác-Chi tiết: Thi công lắp đặt hệ thống viễn thông; Lắp đặt hệ thống dầu khí;4322: Lắp đặt hệ thống cấp, thoát nước, hệ thống sưởi và điều hoà không khí-Chi tiết: Lắp ",internet
316801422,CÔNG TY TNHH ĐẦU TƯ CÔNG NGHỆ SANA VIỆT NAM,CÔNG TY TNHH ĐẦU TƯ CÔNG NGHỆ ,Công ty trách nhiệm hữu hạn hai thành viên trở lên,"Toà nhà Qunimex, 28 Nguyễn Thị Diệu, Phường Võ Thị Sáu, Quận 3, Thành phố Hồ Chí Minh, Việt Nam",Quận 3,"4101: Xây dựng nhà để ở-;4102: Xây dựng nhà không để ở-;4212: Xây dựng công trình đường bộ-;4211: Xây dựng công trình đường sắt-;4221: Xây dựng công trình điện-(Doanh nghiệp không cung cấp hàng hóa, d",cntt
316809213,CÔNG TY TNHH COMPASSION+,CÔNG TY TNHH COMPASSION,Công ty trách nhiệm hữu hạn một thành viên,"180-182 Lý Chính Thắng, Phường 09, Quận 3, Thành phố Hồ Chí Minh, Việt Nam",Quận 3,"4791: Bán lẻ theo yêu cầu đặt hàng qua bưu điện hoặc internet-(trừ bán lẻ bình gas, súng, đạn loại dùng đi săn hoặc thể thao, tiền kim khí và mua bán vàng miếng; thực hiện theo Quyết định 64/2009/QĐ-U",internet
316811942,CÔNG TY CỔ PHẦN GIẢI PHÁP NỘI DUNG SỐ,CÔNG TY CỔ PHẦN GIẢI PHÁP NỘI ,Công ty cổ phần,"Tầng 3, Toà nhà An Phú Plaza, 117-119 Lý Chính Thắng, Phường Võ Thị Sáu, Quận 3, Thành phố Hồ Chí Minh, Việt Nam",Quận 3,1811: In ấn-(không hoạt động tại trụ sở);1812: Dịch vụ liên quan đến in-(không hoạt động tại trụ sở);1820: Sao chép bản ghi các loại-(không hoạt động tại trụ sở);4669: Bán buôn chuyên doanh khác chưa ,internet
316813058,CÔNG TY TNHH THƯƠNG MẠI SẢN XUẤT TK,CÔNG TY TNHH THƯƠNG MẠI SẢN XU,Công ty trách nhiệm hữu hạn một thành viên,"Tầng 3, Toà nhà An Phú Plaza, 117-119 Lý Chính Thắng, Phường Võ Thị Sáu, Quận 3, Thành phố Hồ Chí Minh, Việt Nam",Quận 3,"0162: Hoạt động dịch vụ chăn nuôi-(không hoạt động tại trụ sở);7500: Hoạt động thú y-;4669: Bán buôn chuyên doanh khác chưa được phân vào đâu-(trừ bán buôn bình gas, khí dầu mỏ hóa lỏng LPG, dầu nhớt ",internet
316810794,CÔNG TY TNHH SUMEET LOGISTICS (VIỆT NAM),CÔNG TY TNHH SUMEET LOGISTICS ,Công ty trách nhiệm hữu hạn một thành viên,"Lầu 8, Tòa nhà Loyal, 151-151 Bis, đường Võ Thị Sáu, Phường Võ Thị Sáu, Quận 3, Thành phố Hồ Chí Minh, Việt Nam",Quận 3,"5210: Kho bãi và lưu giữ hàng hóa-Chi tiết: Dịch vụ kho bãi (không bao gồm kinh doanh bất động sản) (CPC 742)
(không thực hiện tại trụ sở Công ty);5229: Hoạt động dịch vụ hỗ trợ khác liên quan đến vận",internet
316813273,CÔNG TY TNHH THIẾT KẾ XÂY DỰNG CÔNG TRÌNH MINH LỘC,CÔNG TY TNHH THIẾT KẾ XÂY DỰNG,Công ty trách nhiệm hữu hạn một thành viên,"Tầng 3, Tòa Nhà An Phú Plaza, 117-119 Lý Chính Thắng, Phường Võ Thị Sáu, Quận 3, Thành phố Hồ Chí Minh, Việt Nam",Quận 3,"4329: Lắp đặt hệ thống xây dựng khác-Chi tiết: Thi công lắp đặt hệ thống viễn thông; Lắp đặt hệ thống dầu khí;4322: Lắp đặt hệ thống cấp, thoát nước, hệ thống sưởi và điều hoà không khí-Chi tiết: Lắp ",internet
316811484,CÔNG TY CỔ PHẦN TẬP ĐOÀN SNT,CÔNG TY CỔ PHẦN TẬP ĐOÀN SNT,Công ty cổ phần,"188 Nam Kỳ Khởi Nghĩa, Phường Võ Thị Sáu, Quận 3, Thành phố Hồ Chí Minh, Việt Nam",Quận 3,"6810: Kinh doanh bất động sản, quyền sử dụng đất thuộc chủ sở hữu, chủ sử dụng hoặc đi thuê-;6820: Tư vấn, môi giới, đấu giá bất động sản, đấu giá quyền sử dụng đất-(Trừ tư vấn mang tính pháp lý).;479",internet
316814414,CÔNG TY TNHH VIỆN THẨM MỸ AVADA,CÔNG TY TNHH VIỆN THẨM MỸ AVAD,Công ty trách nhiệm hữu hạn một thành viên,"52 Cách Mạng Tháng Tám, Phường Võ Thị Sáu, Quận 3, Thành phố Hồ Chí Minh, Việt Nam",Quận 3,"2023: Sản xuất mỹ phẩm, xà phòng, chất tẩy rửa, làm bóng và chế phẩm vệ sinh-( không hoạt động tại trụ sở).;4632: Bán buôn thực phẩm-chi tiết: Bán buôn thực phẩm chức năng;4633: Bán buôn đồ uống-Chi t",internet
316816394,CÔNG TY TNHH SEALME,CÔNG TY TNHH SEALME,Công ty trách nhiệm hữu hạn một thành viên,"222 Điện Biên Phủ , Phường Võ Thị Sáu, Quận 3, Thành phố Hồ Chí Minh, Việt Nam",Quận 3,"4791: Bán lẻ theo yêu cầu đặt hàng qua bưu điện hoặc internet-(trừ bán lẻ bình gas, súng, đạn loại dùng đi săn hoặc thể thao, tiền kim khí và mua bán vàng miếng; thực hiện theo Quyết định 64/2009/QĐ-U",internet
316812819,CÔNG TY CP DOANH NGHIỆP XÃ HỘI NHÀ CỦA VUI,CÔNG TY CP DOANH NGHIỆP XÃ HỘI,Công ty cổ phần,"49/7M Đường Trần Văn Đang, Phường 09, Quận 3, Thành phố Hồ Chí Minh, Việt Nam",Quận 3,"4791: Bán lẻ theo yêu cầu đặt hàng qua bưu điện hoặc internet-(Trừ bán lẻ bình gas, hóa chất, súng, đạn loại dùng đi săn hoặc thể thao và tiền kim khí và thực hiện theo Quyết định 64/2009/QĐ-UBND ngày",internet
316818578,CÔNG TY TNHH CORGEI,CÔNG TY TNHH CORGEI,Công ty trách nhiệm hữu hạn một thành viên,"Tầng 8 Số 520 Cách Mạng Tháng Tám, Phường 11, Quận 3, Thành phố Hồ Chí Minh, Việt Nam",Quận 3,"1811: In ấn-(trừ in tráng bao bì kim loại, in trên các sản phẩm vải, sợi, dệt, may, đan tại trụ sở);1812: Dịch vụ liên quan đến in-;3312: Sửa chữa máy móc, thiết bị-;3313: Sửa chữa thiết bị điện tử và",internet
316819148,CÔNG TY CỔ PHẦN ĐẦU TƯ VIỆN TẾ BÀO GỐC SÀI GÒN,CÔNG TY CỔ PHẦN ĐẦU TƯ VIỆN TẾ,Công ty cổ phần,"12 Kỳ Đồng, Phường 09, Quận 3, Thành phố Hồ Chí Minh, Việt Nam",Quận 3,"2023: Sản xuất mỹ phẩm, xà phòng, chất tẩy rửa, làm bóng và chế phẩm vệ sinh-( không hoạt động tại trụ sở).;4632: Bán buôn thực phẩm-chi tiết: Bán buôn thực phẩm chức năng;4633: Bán buôn đồ uống-Chi t",internet
316813724,CÔNG TY CỔ PHẦN DỊCH VỤ CÔNG NGHỆ TIN HỌC LT,CÔNG TY CỔ PHẦN DỊCH VỤ CÔNG N,Công ty cổ phần,"129 Nguyễn Phúc Nguyên, Phường 10, Quận 3, Thành phố Hồ Chí Minh, Việt Nam",Quận 3,"4321: Lắp đặt hệ thống điện-(trừ gia công cơ khí, tái chế phế thải và xi mạ điện tại trụ sở);4541: Bán mô tô, xe máy-;4542: Bảo dưỡng và sửa chữa mô tô, xe máy-;4543: Bán phụ tùng và các bộ phận phụ t",internet
316822126,CÔNG TY TNHH DỊCH VỤ SÁNG TẠO VÀ QUẢNG CÁO PAWS,CÔNG TY TNHH DỊCH VỤ SÁNG TẠO ,Công ty trách nhiệm hữu hạn một thành viên,"Tầng 14, Tòa Nhà HM Town, 412 Nguyễn Thị Minh Khai, Phường 05, Quận 3, Thành phố Hồ Chí Minh, Việt Nam",Quận 3,7310: Quảng cáo-;7320: Nghiên cứu thị trường và thăm dò dư luận-;7410: Hoạt động thiết kế chuyên dụng-( trừ thiết kế công trình xây dựng);7420: Hoạt động nhiếp ảnh-( trừ sản xuất phim);7490: Hoạt động,internet
316822581,CÔNG TY TNHH THỜI TRANG ZUNHEE,CÔNG TY TNHH THỜI TRANG ZUNHEE,Công ty trách nhiệm hữu hạn hai thành viên trở lên,"Tầng 14, Tòa Nhà HM Town, 412 Nguyễn Thị Minh Khai, Phường 05, Quận 3, Thành phố Hồ Chí Minh, Việt Nam",Quận 3,"4791: Bán lẻ theo yêu cầu đặt hàng qua bưu điện hoặc internet-(Trừ bán lẻ khí dầu mỏ hóa lỏng LPG, bình gas, hóa chất, súng, đạn loại dùng đi săn hoặc thể thao và tiền kim khí và thực hiện theo quyết ",internet
316822888,CÔNG TY TNHH TM DV THIÊN MINH ĐỨC,CÔNG TY TNHH TM DV THIÊN MINH ,Công ty trách nhiệm hữu hạn một thành viên,"Tầng 14, Tòa nhà HM Town, 412 Nguyễn Thị Minh Khai, Phường 05, Quận 3, Thành phố Hồ Chí Minh, Việt Nam",Quận 3,"4669: Bán buôn chuyên doanh khác chưa được phân vào đâu-(trừ bán buôn bình gas, khí dầu mỏ hóa lỏng LPG, dầu nhớt cặn, vàng miếng, súng, đạn loại dùng đi săn hoặc thể thao và tiền kim khí; trừ bán buô",internet
316827011,CÔNG TY TNHH SHOPNEXT VIỆT NAM,CÔNG TY TNHH SHOPNEXT VIỆT NAM,Công ty trách nhiệm hữu hạn một thành viên,"191 Nam Kỳ Khởi Nghĩa, Phường Võ Thị Sáu, Quận 3, Thành phố Hồ Chí Minh, Việt Nam",Quận 3,"7020: Hoạt động tư vấn quản lý-(trừ tư vấn tài chính, kế toán);7320: Nghiên cứu thị trường và thăm dò dư luận-Chi tiết: Dịch vụ nghiên cứu thị trường;4791: Bán lẻ theo yêu cầu đặt hàng qua bưu điện ho",internet
316825871,CÔNG TY CỔ PHẦN ĐẦU TƯ PHÁT TRIỂN DỰ ÁN TOÀN CẦU,CÔNG TY CỔ PHẦN ĐẦU TƯ PHÁT TR,Công ty cổ phần,"Lầu 10, 161-163 Trần Quốc Thảo , Phường 09, Quận 3, Thành phố Hồ Chí Minh, Việt Nam",Quận 3,"6209: Hoạt động dịch vụ công nghệ thông tin và dịch vụ khác liên quan đến máy vi tính-;8230: Tổ chức giới thiệu và xúc tiến thương mại-(không thực hiện các hiệu ứng cháy nổ và không sử dụng chất nổ, c",internet
316826258,CÔNG TY TNHH TM DV NHIÊN LIỆU ĐÔNG ĐÔ,CÔNG TY TNHH TM DV NHIÊN LIỆU ,Công ty trách nhiệm hữu hạn một thành viên,"Tầng 3, Tòa nhà An Phú Plaza, 117-119 Lý Chính Thắng, Phường Võ Thị Sáu, Quận 3, Thành phố Hồ Chí Minh, Việt Nam",Quận 3,5630: Dịch vụ phục vụ đồ uống-(trừ hoat động quán bar và quán giải khát có khiêu vũ);4632: Bán buôn thực phẩm-(không hoạt động tại trụ sở).;6619: Hoạt động hỗ trợ dịch vụ tài chính chưa được phân vào ,internet
316824758,CÔNG TY TNHH DỊCH VỤ PHẦN MỀM DYNAMICS,CÔNG TY TNHH DỊCH VỤ PHẦN MỀM ,Công ty trách nhiệm hữu hạn một thành viên,"Tầng 14, Tòa Nhà HM Town, 412 Nguyễn Thị Minh Khai, Phường 05, Quận 3, Thành phố Hồ Chí Minh, Việt Nam",Quận 3,"6201: Lập trình máy vi tính-Chi tiết: sản xuất, gia công phần mềm;6202: Tư vấn máy vi tính và quản trị hệ thống máy vi tính-;6209: Hoạt động dịch vụ công nghệ thông tin và dịch vụ khác liên quan đến m",internet
316829629,CÔNG TY TNHH THƯƠNG MẠI VÀ DỊCH VỤ VESTA,CÔNG TY TNHH THƯƠNG MẠI VÀ DỊC,Công ty trách nhiệm hữu hạn một thành viên,"Tầng 14, Tòa Nhà HM Town, 412 Nguyễn Thị Minh Khai, Phường 05, Quận 3, Thành phố Hồ Chí Minh, Việt Nam",Quận 3,6209: Hoạt động dịch vụ công nghệ thông tin và dịch vụ khác liên quan đến máy vi tính-(trừ kinh doanh dịch vụ truy cập internet tại trụ sở).;4933: Vận tải hàng hóa bằng đường bộ-(trừ kinh doanh dịch v,internet
316828720,CÔNG TY TNHH Ú ÒA MUSIC,CÔNG TY TNHH Ú ÒA MUSIC,Công ty trách nhiệm hữu hạn một thành viên,"21 Phạm Ngọc Thạch, Phường Võ Thị Sáu, Quận 3, Thành phố Hồ Chí Minh, Việt Nam",Quận 3,"8559: Giáo dục khác chưa được phân vào đâu-chi tiết: Giáo dục không xác định theo cấp độ tại các trung tâm đào tạo bồi dưỡng, các dịch vụ dạy kèm, các khóa dạy về phê bình, đánh giá chuyên môn, dạy kỹ",internet
316831385,CÔNG TY TNHH PLAYGROUND,CÔNG TY TNHH PLAYGROUND,Công ty trách nhiệm hữu hạn một thành viên,"Tầng 14, Tòa Nhà HM Town, 412 Nguyễn Thị Minh Khai, Phường 05, Quận 3, Thành phố Hồ Chí Minh, Việt Nam",Quận 3,"4669: Bán buôn chuyên doanh khác chưa được phân vào đâu-(trừ bán buôn bình gas, khí dầu mỏ hóa lỏng LPG, dầu nhớt cặn, vàng miếng, súng, đạn loại dùng đi săn hoặc thể thao và tiền kim khí; trừ bán buô",internet
316831603,CÔNG TY TNHH JLDD GROUP,CÔNG TY TNHH JLDD GROUP,Công ty trách nhiệm hữu hạn một thành viên,"22 Kỳ Đồng, Phường 09, Quận 3, Thành phố Hồ Chí Minh, Việt Nam",Quận 3,4633: Bán buôn đồ uống-Chi tiết: bán buôn đồ uống có cồn và đồ uống không có cồn;4723: Bán lẻ đồ uống trong các cửa hàng chuyên doanh-Chi tiết: bán lẻ đồ uống có cồn và đồ uống không có cồn;7020: Hoạt,internet
316830409,CÔNG TY CỔ PHẦN DỊCH VỤ TIẾP THỊ CHIA SẺ METTA,CÔNG TY CỔ PHẦN DỊCH VỤ TIẾP T,Công ty cổ phần,"48A Võ Văn Tần, Phường Võ Thị Sáu, Quận 3, Thành phố Hồ Chí Minh, Việt Nam",Quận 3,"7020: Hoạt động tư vấn quản lý-Chi tiết: Tư vấn về marketing, tư vấn bán hàng, tư vấn chiến lược, thương hiệu (Trừ tư vấn tài chính, kế toán, pháp luật);6201: Lập trình máy vi tính-Chi tiết: Lập trình",internet
316833801,CÔNG TY TNHH XUẤT NHẬP KHẨU THỰC PHẨM TÂN TÂY NAM,CÔNG TY TNHH XUẤT NHẬP KHẨU TH,Công ty trách nhiệm hữu hạn hai thành viên trở lên,"Tầng 14, Tòa Nhà HM Town, 412 Nguyễn Thị Minh Khai, Phường 05, Quận 3, Thành phố Hồ Chí Minh, Việt Nam",Quận 3,"1010: Chế biến, bảo quản thịt và các sản phẩm từ thịt-không hoạt động tại trụ sở;1020: Chế biến, bảo quản thuỷ sản và các sản phẩm từ thuỷ sản-không hoạt động tại trụ sở;1030: Chế biến và bảo quản rau",internet
316834273,CÔNG TY TNHH DV TM HIỆP PHONG,CÔNG TY TNHH DV TM HIỆP PHONG,Công ty trách nhiệm hữu hạn một thành viên,"Tầng 9, Tòa nhà Estar, 147-149 Võ Văn Tần, Phường Võ Thị Sáu, Quận 3, Thành phố Hồ Chí Minh, Việt Nam",Quận 3,5630: Dịch vụ phục vụ đồ uống-(trừ hoat động quán bar và quán giải khát có khiêu vũ);4632: Bán buôn thực phẩm-(không hoạt động tại trụ sở).;6619: Hoạt động hỗ trợ dịch vụ tài chính chưa được phân vào ,internet
316834298,CÔNG TY TNHH ECV TECHNOLOGY,CÔNG TY TNHH ECV TECHNOLOGY,Công ty trách nhiệm hữu hạn một thành viên,"Tầng 8, 29 Nguyễn Văn Mai, Phường Võ Thị Sáu, Quận 3, Thành phố Hồ Chí Minh, Việt Nam",Quận 3,"4651: Bán buôn máy vi tính, thiết bị ngoại vi và phần mềm-Chi tiết: Thực hiện quyền xuất khẩu, quyền nhập khẩu, quyền phân phối bán buôn các hàng hóa theo quy định của pháp luật Việt Nam và các điều ư",technology
316837556,CÔNG TY TNHH MTV DV TM HƯNG PHÁT,CÔNG TY TNHH MTV DV TM HƯNG PH,Công ty trách nhiệm hữu hạn một thành viên,"Tầng 12B, Tòa nhà Cienco 4, 180 Nguyễn Thị Minh Khai, Phường Võ Thị Sáu, Quận 3, Thành phố Hồ Chí Minh, Việt Nam",Quận 3,8559: Giáo dục khác chưa được phân vào đâu-Chi tiết: Dạy luyện chữ đẹp; Các dịch vụ dạy kèm (gia sư); Giáo dục dự bị; Các trung tâm dạy học có các khoá học dành cho học sinh yếu kém; Dạy ngoại ngữ và ,internet
316837926,CÔNG TY TNHH MTV QUỐC TẾ SKYPEC,CÔNG TY TNHH MTV QUỐC TẾ SKYPE,Công ty trách nhiệm hữu hạn một thành viên,"Lầu 6, Tòa nhà Bitexco Nam Long, 63A Võ Văn Tần, Phường Võ Thị Sáu, Quận 3, Thành phố Hồ Chí Minh, Việt Nam",Quận 3,"4719: Bán lẻ khác trong các cửa hàng kinh doanh tổng hợp-Chi tiết: Bán lẻ trong siêu thị, trung tâm thương mại. Bán lẻ trong cửa hàng tiện lợi (trừ bán buôn bình gas, khí dầu mỏ hóa lỏng LPG, dầu nhớt",internet
316838292,CÔNG TY TNHH THƯƠNG MẠI - DỊCH VỤ ECO PACK,CÔNG TY TNHH THƯƠNG MẠI  DỊCH ,Công ty trách nhiệm hữu hạn một thành viên,"Tầng 3, Toà nhà An Phú Plaza, 117-119 Lý Chính Thắng, Phường Võ Thị Sáu, Quận 3, Thành phố Hồ Chí Minh, Việt Nam",Quận 3,"4610: Đại lý, môi giới, đấu giá hàng hóa-(trừ môi giới bất động sản)
Chi tiết: Đại lý, môi giới hàng hóa.;4620: Bán buôn nông, lâm sản nguyên liệu (trừ gỗ, tre, nứa) và động vật sống-không hoạt động t",internet
316841880,CÔNG TY TNHH THƯƠNG MẠI QUỲNH LINH FOOD,CÔNG TY TNHH THƯƠNG MẠI QUỲNH ,Công ty trách nhiệm hữu hạn hai thành viên trở lên,"254 Lý Chính Thắng, Phường 09, Quận 3, Thành phố Hồ Chí Minh, Việt Nam",Quận 3,"4791: Bán lẻ theo yêu cầu đặt hàng qua bưu điện hoặc internet-(trừ kinh doanh khí dầu mỏ hóa lỏng LPG, trừ mua bán vàng miếng, súng, đạn loại dùng đi săn hoặc thể thao và thực hiện theo Quyết định 64/",internet
316842059,CÔNG TY CỔ PHẦN ĐẦU TƯ PHÁT TRIỂN GIẢI PHÁP CÔNG NGHỆ T&D,CÔNG TY CỔ PHẦN ĐẦU TƯ PHÁT TR,Công ty cổ phần,"Tầng 14, Tòa Nhà HM Town, 412 Nguyễn Thị Minh Khai, Phường 05, Quận 3, Thành phố Hồ Chí Minh, Việt Nam",Quận 3,7320: Nghiên cứu thị trường và thăm dò dư luận-;4783: Bán lẻ thiết bị công nghệ thông tin liên lạc lưu động hoặc tại chợ-;4784: Bán lẻ thiết bị gia đình khác lưu động hoặc tại chợ-;5229: Hoạt động dịc,internet
316843013,CÔNG TY TNHH SMILE365,CÔNG TY TNHH SMILE365,Công ty trách nhiệm hữu hạn hai thành viên trở lên,"618-620 Cách Mạng Tháng Tám, Phường 11, Quận 3, Thành phố Hồ Chí Minh, Việt Nam",Quận 3,"4641: Bán buôn vải, hàng may mặc, giày dép-;7911: Đại lý du lịch-;7912: Điều hành tua du lịch-;7990: Dịch vụ đặt chỗ và các dịch vụ hỗ trợ liên quan đến quảng bá và tổ chức tua du lịch-;4771: Bán lẻ h",internet
316840929,CÔNG TY CỔ PHẦN DỊCH VỤ & GIẢI PHÁP CÔNG NGHỆ GOTRUST,CÔNG TY CỔ PHẦN DỊCH VỤ  GIẢI ,Công ty cổ phần,"Tầng 6, Tòa Nhà Minh Tinh, số 115-115A, Đường Võ Văn Tần, Phường Võ Thị Sáu, Quận 3, Thành phố Hồ Chí Minh, Việt Nam",Quận 3,"7320: Nghiên cứu thị trường và thăm dò dư luận-;6312: Cổng thông tin-;4651: Bán buôn máy vi tính, thiết bị ngoại vi và phần mềm-;7490: Hoạt động chuyên môn, khoa học và công nghệ khác chưa được phân v",internet
316847106,CÔNG TY TNHH BESO TECHNOLOGY,CÔNG TY TNHH BESO TECHNOLOGY,Công ty trách nhiệm hữu hạn một thành viên,"174/25/18 Nguyễn Thiện Thuật , Phường 03, Quận 3, Thành phố Hồ Chí Minh, Việt Nam",Quận 3,6201: Lập trình máy vi tính-;6209: Hoạt động dịch vụ công nghệ thông tin và dịch vụ khác liên quan đến máy vi tính-(trừ kinh doanh đại lý truy cập internet);6202: Tư vấn máy vi tính và quản trị hệ thố,internet
316843599,CÔNG TY TNHH EUROOPASSA,CÔNG TY TNHH EUROOPASSA,Công ty trách nhiệm hữu hạn hai thành viên trở lên,"Tầng 5, Tòa nhà Songdo, 62A Phạm Ngọc Thạch, Phường Võ Thị Sáu, Quận 3, Thành phố Hồ Chí Minh, Việt Nam",Quận 3,4721: Bán lẻ lương thực trong các cửa hàng chuyên doanh-(Thực hiện theo Quyết định số 64/2009/QĐ-UBND ngày 31/07/2009 của Ủy ban nhân dân Thành phố Hồ Chí Minh và Quyết định 79/2009/QĐ-UBND ngày 17/10,internet
316848981,CÔNG TY TNHH THƯƠNG MẠI ĐIỆN TỬ HISHOP,CÔNG TY TNHH THƯƠNG MẠI ĐIỆN T,Công ty trách nhiệm hữu hạn một thành viên,"Tầng 3, ACM Building, 96 Cao Thắng, Phường 04, Quận 3, Thành phố Hồ Chí Minh, Việt Nam",Quận 3,4791: Bán lẻ theo yêu cầu đặt hàng qua bưu điện hoặc internet-Chi tiết: Dịch vụ sàn giao dịch thương mại điện tử;6209: Hoạt động dịch vụ công nghệ thông tin và dịch vụ khác liên quan đến máy vi tính-;,internet
316855650,CÔNG TY TNHH GIẢI PHÁP CÔNG NGHỆ TITHISO,CÔNG TY TNHH GIẢI PHÁP CÔNG NG,Công ty trách nhiệm hữu hạn một thành viên,"123 Lý Chính Thắng, Phường Võ Thị Sáu, Quận 3, Thành phố Hồ Chí Minh, Việt Nam",Quận 3,"6312: Cổng thông tin-(Trừ hoạt động báo chí);4651: Bán buôn máy vi tính, thiết bị ngoại vi và phần mềm-;4652: Bán buôn thiết bị và linh kiện điện tử, viễn thông-;6202: Tư vấn máy vi tính và quản trị h",internet
316860097,CÔNG TY TNHH DỊCH VỤ TƯ VẤN QUỐC TẾ ICC,CÔNG TY TNHH DỊCH VỤ TƯ VẤN QU,Công ty trách nhiệm hữu hạn hai thành viên trở lên,"Tầng 14, Tòa Nhà HM Town, 412 Nguyễn Thị Minh Khai , Phường 05, Quận 3, Thành phố Hồ Chí Minh, Việt Nam",Quận 3,"6619: Hoạt động hỗ trợ dịch vụ tài chính chưa được phân vào đâu-Chi tiết : Hoạt động tư vấn đầu tư (trừ tư vấn tài chính, kế toán, pháp luật);7020: Hoạt động tư vấn quản lý-(trừ tư vấn tài chính, kế t",internet
316862217,CÔNG TY CỔ PHẦN SẢN XUẤT THƯƠNG MẠI SENECO,CÔNG TY CỔ PHẦN SẢN XUẤT THƯƠN,Công ty cổ phần,"458 Nguyễn Thị Minh Khai, Phường 02, Quận 3, Thành phố Hồ Chí Minh, Việt Nam",Quận 3,"1010: Chế biến, bảo quản thịt và các sản phẩm từ thịt-(Không hoạt động tại trụ sở);1020: Chế biến, bảo quản thuỷ sản và các sản phẩm từ thuỷ sản-(Không hoạt động tại trụ sở);1030: Chế biến và bảo quản",internet
316860435,CÔNG TY CỔ PHẦN ĐẦU TƯ TRUM,CÔNG TY CỔ PHẦN ĐẦU TƯ TRUM,Công ty cổ phần,"502/24 Nguyễn Đình Chiểu, Phường 04, Quận 3, Thành phố Hồ Chí Minh, Việt Nam",Quận 3,"6820: Tư vấn, môi giới, đấu giá bất động sản, đấu giá quyền sử dụng đất-Chi tiết: Tư vấn, môi giới bất động sản (trừ tư vấn pháp lý);4330: Hoàn thiện công trình xây dựng-;4329: Lắp đặt hệ thống xây dự",internet
316864662,CÔNG TY TNHH SX TM DV XNK GỖ THỊNH PHÁT,CÔNG TY TNHH SX TM DV XNK GỖ T,Công ty trách nhiệm hữu hạn một thành viên,"540/2 Cách Mạng Tháng 8, Phường 11, Quận 3, Thành phố Hồ Chí Minh, Việt Nam",Quận 3,"0128: Trồng cây gia vị, cây dược liệu, cây hương liệu lâu năm-( không hoạt động tại trụ sở);0129: Trồng cây lâu năm khác-( không hoạt động tại trụ sở);0131: Nhân và chăm sóc cây giống hàng năm-( không",internet
316866099,CÔNG TY CỔ PHẦN HANOICOMPUTER Q3,CÔNG TY CỔ PHẦN HANOICOMPUTER ,Công ty cổ phần,"Toà nhà số 520 Cách Mạng Tháng 8, Phường 11, Quận 3, Thành phố Hồ Chí Minh, Việt Nam",Quận 3,"1811: In ấn-(trừ in tráng bao bì kim loại, in trên các sản phẩm vải sợi, dệt, may, đan tại trụ sở);1812: Dịch vụ liên quan đến in-;1820: Sao chép bản ghi các loại-;2610: Sản xuất linh kiện điện tử-(kh",computer
316867575,CÔNG TY TNHH THƯƠNG MẠI DỊCH VỤ HP RETAIL,CÔNG TY TNHH THƯƠNG MẠI DỊCH V,Công ty trách nhiệm hữu hạn hai thành viên trở lên,"198 Nguyễn Thị Minh Khai, Phường Võ Thị Sáu, Quận 3, Thành phố Hồ Chí Minh, Việt Nam",Quận 3,"4773: Bán lẻ hàng hóa khác mới trong các cửa hàng chuyên doanh-(Trừ bán lẻ bình gas, khí dầu mỏ hoá lỏng LPG, dầu nhớt cặn, vàng miếng, súng, đạn loại dùng đi săn hoặc thể thao và tiền kim khí; Trừ bá",internet
316867952,CÔNG TY TNHH BEYOND INCORPORATION SERVICES,CÔNG TY TNHH BEYOND INCORPORAT,Công ty trách nhiệm hữu hạn một thành viên,"Tầng 3, Tòa Nhà An Phú Plaza, 117-119 Lý Chính Thắng, Phường Võ Thị Sáu, Quận 3, Thành phố Hồ Chí Minh, Việt Nam",Quận 3,"4652: Bán buôn thiết bị và linh kiện điện tử, viễn thông-;4741: Bán lẻ máy vi tính, thiết bị ngoại vi, phần mềm và thiết bị viễn thông trong các cửa hàng chuyên doanh-;7310: Quảng cáo-;6209: Hoạt động",internet
316868498,CÔNG TY CP TRUYỀN THÔNG Y TẾ,CÔNG TY CP TRUYỀN THÔNG Y TẾ,Công ty cổ phần,"Tầng 14, Tòa Nhà HM Town, 412 Nguyễn Thị Minh Khai, Phường 05, Quận 3, Thành phố Hồ Chí Minh, Việt Nam",Quận 3,"4799: Bán lẻ hình thức khác chưa được phân vào đâu-(trừ bán lẻ, khí dầu mỏ hóa lỏng LPG và dầu nhớt cặn, vàng miếng, súng, đạn loại dùng đi săn hoặc thể thao và tiền kim khí; thực hiện theo Quyết định",internet
316876185,CÔNG TY TNHH QUẢN LÝ GIÁO DỤC MIỀN ĐÔNG,CÔNG TY TNHH QUẢN LÝ GIÁO DỤC ,Công ty trách nhiệm hữu hạn một thành viên,"49 Phạm Ngọc Thạch, Phường Võ Thị Sáu, Quận 3, Thành phố Hồ Chí Minh, Việt Nam",Quận 3,"4659: Bán buôn máy móc, thiết bị và phụ tùng máy khác-Chi tiết: Bán buôn máy móc, thiết bị, phụ tùng máy văn phòng, dụng cụ học sinh, bàn ghế phục vụ trường học, thiết bị phòng LAB, phòng nghe nhìn; B",internet
316876379,CÔNG TY TNHH ODY,CÔNG TY TNHH ODY,Công ty trách nhiệm hữu hạn một thành viên,"386/63 Lê Văn Sỹ , Phường 14, Quận 3, Thành phố Hồ Chí Minh, Việt Nam",Quận 3,"0118: Trồng rau, đậu các loại và trồng hoa-;0119: Trồng cây hàng năm khác-;0129: Trồng cây lâu năm khác-; 0162: Hoạt động dịch vụ chăn nuôi--( Không hoạt động tại trụ sở);4610: Đại lý, môi giới, đấu g",lap top
316871726,CÔNG TY TNHH THƯƠNG MẠI NHÂN HOÀNG ANH,CÔNG TY TNHH THƯƠNG MẠI NHÂN H,Công ty trách nhiệm hữu hạn hai thành viên trở lên,"Tầng 3, Tòa nhà An Phú Plaza, 117-119 Lý Chính Thắng, Phường Võ Thị Sáu, Quận 3, Thành phố Hồ Chí Minh, Việt Nam",Quận 3,"4322: Lắp đặt hệ thống cấp, thoát nước, hệ thống sưởi và điều hoà không khí-(trừ gia công cơ khí, tái chế phế thải, xi mạ điện tại trụ sở) (trừ lắp đặt các thiết bị lạnh (thiết bị cấp đông, kho lạnh, ",internet
316872991,CÔNG TY TNHH TẬP ĐOÀN AMA,CÔNG TY TNHH TẬP ĐOÀN AMA,Công ty trách nhiệm hữu hạn một thành viên,"Tầng 5, Sông Đô Tower, 62A Phạm Ngọc Thạch, Phường Võ Thị Sáu, Quận 3, Thành phố Hồ Chí Minh, Việt Nam",Quận 3,"4652: Bán buôn thiết bị và linh kiện điện tử, viễn thông-;4659: Bán buôn máy móc, thiết bị và phụ tùng máy khác-Chi tiết: Bán buôn máy móc, thiết bị y tế. Bán buôn máy móc, thiết bị và phụ tùng máy vă",vi tinh
316880375,CÔNG TY TNHH PHALANX HOLDINGS,CÔNG TY TNHH PHALANX HOLDINGS,Công ty trách nhiệm hữu hạn hai thành viên trở lên,"Tầng 14, Tòa Nhà HM Town, 412 Nguyễn Thị Minh Khai, Phường 05, Quận 3, Thành phố Hồ Chí Minh, Việt Nam",Quận 3,"7490: Hoạt động chuyên môn, khoa học và công nghệ khác chưa được phân vào đâu-(trừ Hoạt động của những nhà báo độc lập; Hoạt động đánh giá trừ bất động sản và bảo hiểm (cho đồ cổ, đồ trang sức); Thanh",internet
316879404,CÔNG TY TNHH L SMART GLOBAL,CÔNG TY TNHH L SMART GLOBAL,Công ty trách nhiệm hữu hạn một thành viên,"Tầng 3, Tòa nhà An Phú Plaza, 117-119 Lý Chính Thắng, Phường Võ Thị Sáu, Quận 3, Thành phố Hồ Chí Minh, Việt Nam",Quận 3,5021: Vận tải hành khách đường thuỷ nội địa-;5022: Vận tải hàng hóa đường thuỷ nội địa-;5222: Hoạt động dịch vụ hỗ trợ trực tiếp cho vận tải đường thủy-;5229: Hoạt động dịch vụ hỗ trợ khác liên quan đ,internet
316881509,CÔNG TY TNHH LUẬT TOÀN LONG,CÔNG TY TNHH LUẬT TOÀN LONG,Công ty trách nhiệm hữu hạn một thành viên,"380/1B1 Nam Kỳ Khởi Nghĩa, Phường Võ Thị Sáu, Quận 3, Thành phố Hồ Chí Minh, Việt Nam",Quận 3,6399: Dịch vụ thông tin khác chưa được phân vào đâu-Chi tiết: các dịch vụ thông tin qua điện thoại (trừ các loại thông tin Nhà nước cấm và dịch vụ điều tra); các dịch vụ tìm kiếm thông tin qua hợp đồn,internet
316882220,CÔNG TY TNHH HASUKE,CÔNG TY TNHH HASUKE,Công ty trách nhiệm hữu hạn một thành viên,"Tầng 14, Tòa Nhà HM Town, 412 Nguyễn Thị Minh Khai, Phường 05, Quận 3, Thành phố Hồ Chí Minh, Việt Nam",Quận 3,"4511: Bán buôn ô tô và xe có động cơ khác-;4512: Bán lẻ ô tô con (loại 9 chỗ ngồi trở xuống)-;4513: Đại lý ô tô và xe có động cơ khác-;4520: Bảo dưỡng, sửa chữa ô tô và xe có động cơ khác-;4530: Bán p",internet
316887099,CÔNG TY CỔ PHẦN GIẢI PHÁP ATOM,CÔNG TY CỔ PHẦN GIẢI PHÁP ATOM,Công ty cổ phần,"62B Phạm Ngọc Thạch, Phường Võ Thị Sáu, Quận 3, Thành phố Hồ Chí Minh, Việt Nam",Quận 3,"2620: Sản xuất máy vi tính và thiết bị ngoại vi của máy vi tính-;4651: Bán buôn máy vi tính, thiết bị ngoại vi và phần mềm-;4652: Bán buôn thiết bị và linh kiện điện tử, viễn thông-;4741: Bán lẻ máy v",vi tinh
316887243,CÔNG TY CỔ PHẦN TRUYỀN THÔNG VÀ SỰ KIỆN TRENDSETTERS,CÔNG TY CỔ PHẦN TRUYỀN THÔNG V,Công ty cổ phần,"648/35 Cách Mạng Tháng Tám, Phường 11, Quận 3, Thành phố Hồ Chí Minh, Việt Nam",Quận 3,6190: Hoạt động viễn thông khác-Chi tiết: Hoạt động của các điểm truy cập internet.;2630: Sản xuất thiết bị truyền thông-(không hoạt động tại trụ sở).;8230: Tổ chức giới thiệu và xúc tiến thương mại-C,internet
316888864,CÔNG TY TNHH XÂY DỰNG TRẦN QUANG HẢI,CÔNG TY TNHH XÂY DỰNG TRẦN QUA,Công ty trách nhiệm hữu hạn một thành viên,"Tầng 3, Số 382/17-19 Nguyễn Thị Minh Khai, Phường 05, Quận 3, Thành phố Hồ Chí Minh, Việt Nam",Quận 3,"6120: Hoạt động viễn thông không dây-(trừ cung cấp dịch vụ truy cập, truy nhập internet tại trụ sở).;7730: Cho thuê máy móc, thiết bị và đồ dùng hữu hình khác không kèm người điều khiển-Chi tiết: Cho ",internet
316889554,CÔNG TY TNHH ĐẦU TƯ XÂY DỰNG THANH PHÚC,CÔNG TY TNHH ĐẦU TƯ XÂY DỰNG T,Công ty trách nhiệm hữu hạn một thành viên,"Tòa Nhà DC Tower, 111D Lý Chính Thắng, Phường Võ Thị Sáu, Quận 3, Thành phố Hồ Chí Minh, Việt Nam",Quận 3,"4299: Xây dựng công trình kỹ thuật dân dụng khác-;4312: Chuẩn bị mặt bằng-;4221: Xây dựng công trình điện-(Doanh nghiệp không cung cấp hàng hóa, dịch vụ thuộc độc quyền Nhà nước, không hoạt động thươn",internet
316889547,CÔNG TY TNHH THƯƠNG MẠI DỊCH VỤ THIẾT KẾ XÂY DỰNG THANH THÚY,CÔNG TY TNHH THƯƠNG MẠI DỊCH V,Công ty trách nhiệm hữu hạn một thành viên,"Tầng 3, Số 382/17-19 Nguyễn Thị Minh Khai, Phường 05, Quận 3, Thành phố Hồ Chí Minh, Việt Nam",Quận 3,"4329: Lắp đặt hệ thống xây dựng khác-Chi tiết: Thi công lắp đặt hệ thống viễn thông; Lắp đặt hệ thống dầu khí;4322: Lắp đặt hệ thống cấp, thoát nước, hệ thống sưởi và điều hoà không khí-Chi tiết: Lắp ",internet
316887797,CÔNG TY TNHH MIKO TECH,CÔNG TY TNHH MIKO TECH,Công ty trách nhiệm hữu hạn hai thành viên trở lên,"Tầng 4, Tòa Nhà Winhome, 284A Nam Kỳ Khởi Nghĩa, Phường Võ Thị Sáu, Quận 3, Thành phố Hồ Chí Minh, Việt Nam",Quận 3,"6209: Hoạt động dịch vụ công nghệ thông tin và dịch vụ khác liên quan đến máy vi tính-;6311: Xử lý dữ liệu, cho thuê và các hoạt động liên quan-;6312: Cổng thông tin-;4659: Bán buôn máy móc, thiết bị ",internet
316888568,CÔNG TY TNHH EVERPLAY,CÔNG TY TNHH EVERPLAY,Công ty trách nhiệm hữu hạn một thành viên,"Lầu 1, toà nhà FBA, 487-489 Điện Biên Phủ, Phường 03, Quận 3, Thành phố Hồ Chí Minh, Việt Nam",Quận 3,"3230: Sản xuất dụng cụ thể dục, thể thao-Chi tiết: Sản xuất dụng cụ thể thao và điền kinh (trừ trang phục và giày, dép);4641: Bán buôn vải, hàng may mặc, giày dép-Chi tiết: - Bán buôn hàng may mặc: Bá",internet
316889642,CÔNG TY TNHH THI CÔNG XÂY DỰNG NHÂN HÒA,CÔNG TY TNHH THI CÔNG XÂY DỰNG,Công ty trách nhiệm hữu hạn một thành viên,"Tầng 3, Tòa Nhà An Phú Plaza, 117-119 Lý Chính Thắng, Phường Võ Thị Sáu, Quận 3, Thành phố Hồ Chí Minh, Việt Nam",Quận 3,4933: Vận tải hàng hóa bằng đường bộ-(trừ hóa lỏng khí để vận chuyển);7830: Cung ứng và quản lý nguồn lao động-chi tiết: cung ứng và quản lý nguồn lao động trong nước (trừ cho thuê lại lao động );8129,internet
316890870,CÔNG TY TNHH THE LOGISTICS GLOBAL,CÔNG TY TNHH THE LOGISTICS GLO,Công ty trách nhiệm hữu hạn một thành viên,"Tầng 14, Tòa Nhà HM Town, 412 Nguyễn Thị Minh Khai, Phường 05, Quận 3, Thành phố Hồ Chí Minh, Việt Nam",Quận 3,"5629: Dịch vụ ăn uống khác-;5630: Dịch vụ phục vụ đồ uống-(trừ hoạt động quán rượu, quán bar, quán giải khát có khiêu vũ);7730: Cho thuê máy móc, thiết bị và đồ dùng hữu hình khác không kèm người điều",internet
316892356,CÔNG TY CỔ PHẦN C-MEDIC,CÔNG TY CỔ PHẦN CMEDIC,Công ty cổ phần,"Tầng 14, Tòa Nhà HM Town, 412 Nguyễn Thị Minh Khai, Phường 05, Quận 3, Thành phố Hồ Chí Minh, Việt Nam",Quận 3,"4610: Đại lý, môi giới, đấu giá hàng hóa-(trừ môi giới bất động sản)
Chi tiết: Đại lý, môi giới hàng hóa.;4669: Bán buôn chuyên doanh khác chưa được phân vào đâu-(trừ bán buôn bình gas, khí dầu mỏ hóa",internet
316888529,CÔNG TY TNHH XUẤT NHẬP KHẨU ICHIBAN JAPAN,CÔNG TY TNHH XUẤT NHẬP KHẨU IC,Công ty trách nhiệm hữu hạn hai thành viên trở lên,"571 Nguyễn Đình Chiểu, Phường 02, Quận 3, Thành phố Hồ Chí Minh, Việt Nam",Quận 3,"4719: Bán lẻ khác trong các cửa hàng kinh doanh tổng hợp-Chi tiết: 
Bán lẻ trong siêu thị (Supermarket)
Bán lẻ trong cửa hàng tiện lợi (Minimarket)
Bán lẻ trong cửa hàng kinh doanh tổng hợp khác
(trừ ",internet
316893800,CÔNG TY TNHH MTV ĐẠT THỊNH,CÔNG TY TNHH MTV ĐẠT THỊNH,Công ty trách nhiệm hữu hạn một thành viên,"16-18 Lý Thái Tổ, Phường 02, Quận 3, Thành phố Hồ Chí Minh, Việt Nam",Quận 3,1030: Chế biến và bảo quản rau quả-(Không hoạt động tại trụ sở);1062: Sản xuất tinh bột và các sản phẩm từ tinh bột-(Không hoạt động tại trụ sở);1071: Sản xuất các loại bánh từ bột-(chỉ hoạt động khi ,internet
316900448,CÔNG TY TNHH TRUYỀN THÔNG TONY,CÔNG TY TNHH TRUYỀN THÔNG TONY,Công ty trách nhiệm hữu hạn một thành viên,"Tầng 14, Tòa Nhà HM Town, 412 Nguyễn Thị Minh Khai, Phường 05, Quận 3, Thành phố Hồ Chí Minh, Việt Nam",Quận 3,"5911: Hoạt động sản xuất phim điện ảnh, phim video và chương trình truyền hình-(không thực hiện các hiệu ứng cháy nổ; không sử dụng chất nổ, chất cháy, hóa chất làm đạo cụ, dụng cụ thực hiện các chươn",internet
316900430,CÔNG TY TNHH DỊCH VỤ TRUYỀN THÔNG MEDIARES,CÔNG TY TNHH DỊCH VỤ TRUYỀN TH,Công ty trách nhiệm hữu hạn một thành viên,"242/97/28 Nguyễn Thiện Thuật , Phường 03, Quận 3, Thành phố Hồ Chí Minh, Việt Nam",Quận 3,7310: Quảng cáo-;2630: Sản xuất thiết bị truyền thông-( Không hoạt động tại trụ sở );6209: Hoạt động dịch vụ công nghệ thông tin và dịch vụ khác liên quan đến máy vi tính-Chi tiết: Dịch vụ giá trị gia,internet
316900335,CÔNG TY TNHH TIME FUN,CÔNG TY TNHH TIME FUN,Công ty trách nhiệm hữu hạn một thành viên,"73 Rạch Bùng Binh, Phường 09, Quận 3, Thành phố Hồ Chí Minh, Việt Nam",Quận 3,"4651: Bán buôn máy vi tính, thiết bị ngoại vi và phần mềm-;4652: Bán buôn thiết bị và linh kiện điện tử, viễn thông-;6190: Hoạt động viễn thông khác-Chi tiết: - Cung cấp truy cập Internet thông qua cá",internet
316900938,CÔNG TY TNHH XUẤT NHẬP KHẨU AMELIA,CÔNG TY TNHH XUẤT NHẬP KHẨU AM,Công ty trách nhiệm hữu hạn một thành viên,"Tầng 14, Tòa nhà HM Town, 412 Nguyễn Thị Minh Khai, Phường 05, Quận 3, Thành phố Hồ Chí Minh, Việt Nam",Quận 3,"4933: Vận tải hàng hóa bằng đường bộ-(trừ hóa lỏng khí để vận chuyển);7729: Cho thuê đồ dùng cá nhân và gia đình khác-;7730: Cho thuê máy móc, thiết bị và đồ dùng hữu hình khác không kèm người điều kh",internet
316901434,CÔNG TY TNHH PHẦN MỀM GENTECH,CÔNG TY TNHH PHẦN MỀM GENTECH,Công ty trách nhiệm hữu hạn hai thành viên trở lên,"Tầng 14, Tòa Nhà HM Town, 412 Nguyễn Thị Minh Khai , Phường 05, Quận 3, Thành phố Hồ Chí Minh, Việt Nam",Quận 3,"6201: Lập trình máy vi tính-Chi tiết: sản xuất, gia công phần mềm;6202: Tư vấn máy vi tính và quản trị hệ thống máy vi tính-;6209: Hoạt động dịch vụ công nghệ thông tin và dịch vụ khác liên quan đến m",internet
316901314,CÔNG TY TNHH NAMPERFUME,CÔNG TY TNHH NAMPERFUME,Công ty trách nhiệm hữu hạn hai thành viên trở lên,"420/6 Lê Văn Sỹ , Phường 14, Quận 3, Thành phố Hồ Chí Minh, Việt Nam",Quận 3,"4649: Bán buôn đồ dùng khác cho gia đình-Chi tiết: Bán buôn mỹ phẩm, hóa mỹ phẩm, tinh dầu, nước hoa, mặt nạ làm đẹp, chế phẩm vệ sinh. Bán buôn dược phẩm và dụng cụ y tế. Bán buôn đồ dùng khác cho gi",internet
316903833,CÔNG TY TNHH  SẢN XUẤT THƯƠNG MẠI DỊCH VỤ TÚ HUỲNH,CÔNG TY TNHH  SẢN XUẤT THƯƠNG ,Công ty trách nhiệm hữu hạn một thành viên,"Tầng 14 Tòa nhà MH Tower 412 Nguyễn Thị Minh Khai, Phường 05, Quận 3, Thành phố Hồ Chí Minh, Việt Nam",Quận 3,"5630: Dịch vụ phục vụ đồ uống-(trừ hoạt động quán rượu, quán bar, quán giải khát có khiêu vũ);6810: Kinh doanh bất động sản, quyền sử dụng đất thuộc chủ sở hữu, chủ sử dụng hoặc đi thuê-;7710: Cho thu",internet
316907612,CÔNG TY CỔ PHẦN THỂ THAO GIẢI TRÍ MAX SPORTS,CÔNG TY CỔ PHẦN THỂ THAO GIẢI ,Công ty cổ phần,"412 Nguyễn Thị Minh Khai, Phường 05, Quận 3, Thành phố Hồ Chí Minh, Việt Nam",Quận 3,"7310: Quảng cáo-;7320: Nghiên cứu thị trường và thăm dò dư luận-(trừ các loại thông tin Nhà Nước cấm và dịch vụ điều tra);7020: Hoạt động tư vấn quản lý-(trừ tư vấn tài chính, kế toán, pháp luật);5621",internet
316909144,CÔNG TY TNHH BELIVE TECHNOLOGY (VIETNAM),CÔNG TY TNHH BELIVE TECHNOLOGY,Công ty trách nhiệm hữu hạn một thành viên,"Tầng 12B, Tòa nhà Cienco 4, 180 Nguyễn Thị Minh Khai, Phường Võ Thị Sáu, Quận 3, Thành phố Hồ Chí Minh, Việt Nam",Quận 3,6201: Lập trình máy vi tính-Chi tiết: dịch vụ lập trình phần mềm; dịch vụ thực hiện phần mềm; sản xuất phần mềm (CPC 842); 6202: Tư vấn máy vi tính và quản trị hệ thống máy vi tính-Chi tiết: dịch vụ t,technology
316910767,CÔNG TY CỔ PHẦN DR ONE,CÔNG TY CỔ PHẦN DR ONE,Công ty cổ phần,"Tòa nhà Léman, 20 Trương Định, Phường Võ Thị Sáu, Quận 3, Thành phố Hồ Chí Minh, Việt Nam",Quận 3,"8559: Giáo dục khác chưa được phân vào đâu-(trừ dạy về tôn giáo; các trường của các tổ chức Đảng - Đoàn thể);6202: Tư vấn máy vi tính và quản trị hệ thống máy vi tính-;6311: Xử lý dữ liệu, cho thuê và",internet
316913609,CÔNG TY TNHH ĐẦU TƯ 228,CÔNG TY TNHH ĐẦU TƯ 228,Công ty trách nhiệm hữu hạn một thành viên,"228 Lý Chính Thắng, Phường 09, Quận 3, Thành phố Hồ Chí Minh, Việt Nam",Quận 3,"4632: Bán buôn thực phẩm-(không hoạt động tại trụ sở);4641: Bán buôn vải, hàng may mặc, giày dép-;4649: Bán buôn đồ dùng khác cho gia đình-Chi tiết: Bán buôn vali, cặp, túi, ví, hàng da và giả da khác",internet
316914289,CÔNG TY TNHH AZ INNOVATION GROUP,CÔNG TY TNHH AZ INNOVATION GRO,Công ty trách nhiệm hữu hạn hai thành viên trở lên,"212/103/1-3 Nguyễn Thiện Thuật, Phường 03, Quận 3, Thành phố Hồ Chí Minh, Việt Nam",Quận 3,"4649: Bán buôn đồ dùng khác cho gia đình-Chi tiết: Bán buôn tủ bếp gỗ, tủ bếp Inox, thiết bị nhà bếp dân dụng, thiết bị nhà bếp công nghiệp, - Bán buôn đồ điện gia dụng, đèn và bộ đèn điện - Bán buôn ",internet
316913253,CÔNG TY TNHH MTV THƯƠNG MẠI DỊCH VỤ THIỆN AN,CÔNG TY TNHH MTV THƯƠNG MẠI DỊ,Công ty trách nhiệm hữu hạn một thành viên,"Tầng 5, Tòa nhà Songdo, 62A Phạm Ngọc Thạch, Phường Võ Thị Sáu, Quận 3, Thành phố Hồ Chí Minh, Việt Nam",Quận 3,"4669: Bán buôn chuyên doanh khác chưa được phân vào đâu-(không hoạt động tại trụ sở) (trừ bán buôn bình gas, khí dầu mỏ hóa lỏng LPG, dầu nhớt cặn, vàng miếng, súng, đạn loại dùng đi săn hoặc thể thao",internet
316916624,CÔNG TY TNHH MAXTECH SOLUTION,CÔNG TY TNHH MAXTECH SOLUTION,Công ty trách nhiệm hữu hạn hai thành viên trở lên,"Tầng 14, Tòa Nhà HM Town, 412 Nguyễn Thị Minh Khai , Phường 05, Quận 3, Thành phố Hồ Chí Minh, Việt Nam",Quận 3,"6201: Lập trình máy vi tính-Chi tiết: sản xuất, gia công phần mềm;4651: Bán buôn máy vi tính, thiết bị ngoại vi và phần mềm-;4652: Bán buôn thiết bị và linh kiện điện tử, viễn thông-;4659: Bán buôn má",internet
316917593,CÔNG TY TNHH RYTE TECHNOLOGY SERVICES VIỆT NAM,CÔNG TY TNHH RYTE TECHNOLOGY S,Công ty trách nhiệm hữu hạn một thành viên,"Tầng 12B, Tòa nhà Cienco 4, 180 Nguyễn Thị Minh Khai, Phường Võ Thị Sáu, Quận 3, Thành phố Hồ Chí Minh, Việt Nam",Quận 3,"6201: Lập trình máy vi tính-Chi tiết: Dịch vụ lập trình phần mềm; Dịch vụ thực hiện phần mềm; Sản xuất phần mềm (CPC 8424, CPC 842); 6202: Tư vấn máy vi tính và quản trị hệ thống máy vi tính-Chi tiết:",technology
316919199,CÔNG TY CỔ PHẦN TẬP ĐOÀN CÔNG NGHỆ MALL OK,CÔNG TY CỔ PHẦN TẬP ĐOÀN CÔNG ,Công ty cổ phần,"72D Trần Quốc Toản, Phường Võ Thị Sáu, Quận 3, Thành phố Hồ Chí Minh, Việt Nam",Quận 3,"4610: Đại lý, môi giới, đấu giá hàng hóa-Chi tiết: Đại lý Môi giới mua bán hàng hóa (trừ đấu giá hàng hóa);4620: Bán buôn nông, lâm sản nguyên liệu (trừ gỗ, tre, nứa) và động vật sống-(không hoạt động",internet
316922434,CÔNG TY CỔ PHẦN KIẾN TRÚC NHÀ Ở CỘNG,CÔNG TY CỔ PHẦN KIẾN TRÚC NHÀ ,Công ty cổ phần,"Tầng 14, Tòa nhà HM Town, 412 Nguyễn Thị Minh Khai, Phường 05, Quận 3, Thành phố Hồ Chí Minh, Việt Nam",Quận 3,"7110: Hoạt động kiến trúc và tư vấn kỹ thuật có liên quan-;7410: Hoạt động thiết kế chuyên dụng-(trừ thiết kế công trình xây dựng)
Chi tiết: Hoạt động thiết kế nội thất;4641: Bán buôn vải, hàng may mặ",internet
316922868,CÔNG TY TNHH  SIÊU THỊ MINI HT MART CN2,CÔNG TY TNHH  SIÊU THỊ MINI HT,Công ty trách nhiệm hữu hạn một thành viên,"24C Trương Định, Phường Võ Thị Sáu, Quận 3, Thành phố Hồ Chí Minh, Việt Nam",Quận 3,"4649: Bán buôn đồ dùng khác cho gia đình-;4759: Bán lẻ đồ điện gia dụng, giường, tủ, bàn, ghế và đồ nội thất tương tự, đèn và bộ đèn điện, đồ dùng gia đình khác chưa được phân vào đâu  trong các cửa h",internet
316926090,CÔNG TY TNHH LANDSTARS SHIPPING,CÔNG TY TNHH LANDSTARS SHIPPIN,Công ty trách nhiệm hữu hạn hai thành viên trở lên,"Lầu 1 FBA Tower, 487-489 Điện Biên Phủ, Phường 03, Quận 3, Thành phố Hồ Chí Minh, Việt Nam",Quận 3,"4911: Vận tải hành khách đường sắt-;4912: Vận tải hàng hóa đường sắt-;4921: Vận tải hành khách bằng xe buýt trong nội thành-;4922: Vận tải hành khách bằng xe buýt giữa nội thành và ngoại thành, liên t",internet
316926559,CÔNG TY TNHH THƯƠNG MẠI DỊCH VỤ PHONG TÙNG,CÔNG TY TNHH THƯƠNG MẠI DỊCH V,Công ty trách nhiệm hữu hạn một thành viên,"390/36 Nguyễn Đình Chiểu, Phường 04, Quận 3, Thành phố Hồ Chí Minh, Việt Nam",Quận 3,"2592: Gia công cơ khí; xử lý và tráng phủ kim loại-Chi tiết: Gia công Inox;4773: Bán lẻ hàng hóa khác mới trong các cửa hàng chuyên doanh-(trừ bán lẻ bình gas, khí dầu mỏ hóa lỏng LPG, dầu n",internet
316923082,CÔNG TY TNHH ĐẦU TƯ PHÁT TRIỂN THƯƠNG MẠI DỊCH VỤ TRỌNG TÍN,CÔNG TY TNHH ĐẦU TƯ PHÁT TRIỂN,Công ty trách nhiệm hữu hạn một thành viên,"Tầng 3, Số 382/17-19 Nguyễn Thị Minh Khai, Phường 05, Quận 3, Thành phố Hồ Chí Minh, Việt Nam",Quận 3,"7410: Hoạt động thiết kế chuyên dụng-Chi tiết: Hoạt động trang trí nội, ngoại thất;7020: Hoạt động tư vấn quản lý-(trừ tư vấn tài chính, kế toán, pháp luật);7830: Cung ứng và quản lý nguồn lao động-Ch",internet
316927785,CÔNG TY TNHH DỊCH VỤ THƯƠNG MẠI HOÀNG HƯNG TÍN,CÔNG TY TNHH DỊCH VỤ THƯƠNG MẠ,Công ty trách nhiệm hữu hạn một thành viên,"Lầu 5, Số 63 Phạm Ngọc Thạch, Phường Võ Thị Sáu, Quận 3, Thành phố Hồ Chí Minh, Việt Nam",Quận 3,"1621: Sản xuất gỗ dán, gỗ lạng, ván ép và ván mỏng khác-(không hoạt động tại trụ sở);1629: Sản xuất sản phẩm khác từ gỗ; sản xuất sản phẩm từ tre, nứa, rơm, rạ và vật liệu tết bện-(không hoạt động tại",internet
316930675,CÔNG TY TNHH THƯƠNG MẠI DỊCH VỤ XÂY DỰNG MINH TÀI,CÔNG TY TNHH THƯƠNG MẠI DỊCH V,Công ty trách nhiệm hữu hạn một thành viên,"Tầng 14 Tòa nhà MH Tower 412 Nguyễn Thị Minh Khai, Phường 05, Quận 3, Thành phố Hồ Chí Minh, Việt Nam",Quận 3,4933: Vận tải hàng hóa bằng đường bộ-(trừ hóa lỏng khí để vận chuyển);5224: Bốc xếp hàng hóa-(trừ bốc xếp hàng hóa cảng hàng không);4649: Bán buôn đồ dùng khác cho gia đình-(trừ dược phẩm);4633: Bán b,internet
316931421,CÔNG TY TNHH ĐẦU TƯ PHÁT TRIỂN BÌNH GIÃ,CÔNG TY TNHH ĐẦU TƯ PHÁT TRIỂN,Công ty trách nhiệm hữu hạn một thành viên,"Lầu 10, 49 Phạm Ngọc Thạch, Phường Võ Thị Sáu, Quận 3, Thành phố Hồ Chí Minh, Việt Nam",Quận 3,"4723: Bán lẻ đồ uống trong các cửa hàng chuyên doanh-Chi tiết: Bán lẻ đồ không chứa cồn: các loại đồ uống nhẹ, có chất ngọt, có hoặc không có ga như: côca côla, pépsi côla, nước cam, chanh, nước quả k",internet
316929447,CÔNG TY CỔ PHẦN TORAGON HE,CÔNG TY CỔ PHẦN TORAGON HE,Công ty cổ phần,"140 Lý Chính Thắng, Phường Võ Thị Sáu, Quận 3, Thành phố Hồ Chí Minh, Việt Nam",Quận 3,"4610: Đại lý, môi giới, đấu giá hàng hóa-Chi tiết: Đại lý;4641: Bán buôn vải, hàng may mặc, giày dép-Chi tiết: Bán buôn vải, bán buôn hàng may mặc, bán buôn giày dép;4649: Bán buôn đồ dùng khác cho gi",internet
316932295,CÔNG TY TNHH TRUYỀN THÔNG COMLAB,CÔNG TY TNHH TRUYỀN THÔNG COML,Công ty trách nhiệm hữu hạn một thành viên,"526 Nguyễn Đình Chiểu, Phường 04, Quận 3, Thành phố Hồ Chí Minh, Việt Nam",Quận 3,"4610: Đại lý, môi giới, đấu giá hàng hóa-(trừ đấu giá tài sản);4633: Bán buôn đồ uống-;4641: Bán buôn vải, hàng may mặc, giày dép-;4649: Bán buôn đồ dùng khác cho gia đình-;4791: Bán lẻ theo yêu cầu đ",internet
316937127,CÔNG TY TNHH NATURAL WELLNESS,CÔNG TY TNHH NATURAL WELLNESS,Công ty trách nhiệm hữu hạn hai thành viên trở lên,"15 Lý Chính Thắng, Phường Võ Thị Sáu, Quận 3, Thành phố Hồ Chí Minh, Việt Nam",Quận 3,"4610: Đại lý, môi giới, đấu giá hàng hóa-(trừ đấu giá tài sản, hàng hóa);4620: Bán buôn nông, lâm sản nguyên liệu (trừ gỗ, tre, nứa) và động vật sống-(không hoạt động tại trụ sở);4631: Bán buôn gạo, l",internet
316937991,CÔNG TY CỔ PHẦN CÔNG NGHỆ HAPPYWORKS,CÔNG TY CỔ PHẦN CÔNG NGHỆ HAPP,Công ty cổ phần,"Lầu 2,253 Điện Biên Phủ, Phường Võ Thị Sáu, Quận 3, Thành phố Hồ Chí Minh, Việt Nam",Quận 3,6209: Hoạt động dịch vụ công nghệ thông tin và dịch vụ khác liên quan đến máy vi tính-Chi tiết: Hoạt động dịch vụ công nghệ thông tin và máy vi tính khác chưa được phân loại vào đâu như: Khắc phục cá,internet
316937649,CÔNG TY TNHH LEPIN,CÔNG TY TNHH LEPIN,Công ty trách nhiệm hữu hạn một thành viên,"Tầng 8, 520 Cách Mạng Tháng Tám, Phường 11, Quận 3, Thành phố Hồ Chí Minh, Việt Nam",Quận 3,4669: Bán buôn chuyên doanh khác chưa được phân vào đâu-(Doanh nghiệp chỉ được kinh doanh kể từ khi có đủ điều kiện theo quy định của pháp luật và bảo đảm đáp ứng các điều kiện đó trong suốt quá trình,internet
316943956,CÔNG TY TNHH PRINCEP VIETNAM,CÔNG TY TNHH PRINCEP VIETNAM,Công ty trách nhiệm hữu hạn một thành viên,"18/30H Trần Quang Diệu, Phường 14, Quận 3, Thành phố Hồ Chí Minh, Việt Nam",Quận 3,"6810: Kinh doanh bất động sản, quyền sử dụng đất thuộc chủ sở hữu, chủ sử dụng hoặc đi thuê-;6619: Hoạt động hỗ trợ dịch vụ tài chính chưa được phân vào đâu-Chi tiết: hoạt động tư vấn đầu tư (trừ tư v",internet
316944685,CÔNG TY TNHH THƯƠNG MẠI VÀ LOGISTIC THÁI LONG,CÔNG TY TNHH THƯƠNG MẠI VÀ LOG,Công ty trách nhiệm hữu hạn một thành viên,"Tầng 3, Toà nhà An Phú Plaza, 117-119 Lý Chính Thắng, Phường Võ Thị Sáu, Quận 3, Thành phố Hồ Chí Minh, Việt Nam",Quận 3,"1811: In ấn-(không hoạt động tại trụ sở);1812: Dịch vụ liên quan đến in-(không hoạt động tại trụ sở);4610: Đại lý, môi giới, đấu giá hàng hóa-(trừ môi giới bất động sản)
Chi tiết: Đại lý, môi giới hàn",internet
316947157,CÔNG TY CỔ PHẦN VIETRAVEL HOLDINGS,CÔNG TY CỔ PHẦN VIETRAVEL HOLD,Công ty cổ phần,"190 Pasteur, Phường Võ Thị Sáu, Quận 3, Thành phố Hồ Chí Minh, Việt Nam",Quận 3,7912: Điều hành tua du lịch-Chi tiết: kinh doanh lữ hành nội địa;6419: Hoạt động trung gian tiền tệ khác-Chi tiết : Đại lý đổi ngoại tệ; Dịch vụ nhận và chi trả ngoại tệ.;7310: Quảng cáo-Chi tiết: Quả,internet
316947615,CÔNG TY TNHH QUẢNG CÁO ẤN TƯỢNG,CÔNG TY TNHH QUẢNG CÁO ẤN TƯỢN,Công ty trách nhiệm hữu hạn một thành viên,"Tầng 14, Tòa Nhà HM Town, 412 Nguyễn Thị Minh Khai, Phường 05, Quận 3, Thành phố Hồ Chí Minh, Việt Nam",Quận 3,"4610: Đại lý, môi giới, đấu giá hàng hóa-(trừ đấu giá tài sản).;4690: Bán buôn tổng hợp-;4791: Bán lẻ theo yêu cầu đặt hàng qua bưu điện hoặc internet-(trừ bán lẻ hóa chất, khí dầu mỏ hóa lỏng LPG, dầ",internet
316948016,CÔNG TY CỔ PHẦN CÔNG NGHỆ SOUNDIO,CÔNG TY CỔ PHẦN CÔNG NGHỆ SOUN,Công ty cổ phần,"49/7M Trần Văn Đang, Phường 09, Quận 3, Thành phố Hồ Chí Minh, Việt Nam",Quận 3,"1811: In ấn-(ngoại trừ in xuất bản phẩm, báo tạp chí, mẫu biểu do cơ quan Nhà nước ban hành, tem chống hàng giả, hóa đơn, giấy tờ có giá);1812: Dịch vụ liên quan đến in-;1820: Sao chép bản ghi các loạ",internet
316948880,CÔNG TY CỔ PHẦN CÔNG NGHỆ QUẢNG CÁO LINH NGUYỄN,CÔNG TY CỔ PHẦN CÔNG NGHỆ QUẢN,Công ty cổ phần,"222 Pasteur, Phường Võ Thị Sáu, Quận 3, Thành phố Hồ Chí Minh, Việt Nam",Quận 3,6312: Cổng thông tin-(trừ hoạt động báo chí);6190: Hoạt động viễn thông khác-Chi tiết: - Đại lý dịch vụ viễn thông - Cung cấp dịch vụ nội dung thông tin trên mạng viễn thông (trừ các thông tin Nhà nướ,internet
316949877,CÔNG TY TNHH BICE VIỆT NAM,CÔNG TY TNHH BICE VIỆT NAM,Công ty trách nhiệm hữu hạn hai thành viên trở lên,"225/8 Nguyễn Đình Chiểu, Phường 05, Quận 3, Thành phố Hồ Chí Minh, Việt Nam",Quận 3,"6312: Cổng thông tin-Chi tiết: Dịch vụ thương mại điện tử;4791: Bán lẻ theo yêu cầu đặt hàng qua bưu điện hoặc internet-(trừ bán lẻ bình gas, khí dầu mỏ hóa lỏng LPG, dầu nhớt cặn, vàng miếng, súng, đ",internet
316950921,CÔNG TY TNHH THINKINGWOLF VN,CÔNG TY TNHH THINKINGWOLF VN,Công ty trách nhiệm hữu hạn một thành viên,"38A Nguyễn Thị Diệu, Phường Võ Thị Sáu, Quận 3, Thành phố Hồ Chí Minh, Việt Nam",Quận 3,"4641: Bán buôn vải, hàng may mặc, giày dép-Chi tiết: Thực hiện quyền xuất khẩu, quyền nhập khẩu, quyền phân phối bán buôn các hàng hóa không thuộc danh mục hàng hóa cấm xuất khẩu, cấm nhập khẩu và dan",internet
316952580,CÔNG TY CỔ PHẦN CÔNG NGHỆ RADA360,CÔNG TY CỔ PHẦN CÔNG NGHỆ RADA,Công ty cổ phần,"114 Đường số 2, Cư xá Đô Thành, Phường 04, Quận 3, Thành phố Hồ Chí Minh, Việt Nam",Quận 3,7310: Quảng cáo-;9521: Sửa chữa thiết bị nghe nhìn điện tử gia dụng-;4329: Lắp đặt hệ thống xây dựng khác-;2610: Sản xuất linh kiện điện tử-;2620: Sản xuất máy vi tính và thiết bị ngoại vi của máy vi ,internet
316955091,CÔNG TY TNHH STL VIETNAM,CÔNG TY TNHH STL VIETNAM,Công ty trách nhiệm hữu hạn một thành viên,"248-250 Nguyễn Đình Chiểu, Phường Võ Thị Sáu, Quận 3, Thành phố Hồ Chí Minh, Việt Nam",Quận 3,"4631: Bán buôn gạo, lúa mỳ, hạt ngũ cốc khác, bột mỳ-(Không hoạt động tại trụ sở);4632: Bán buôn thực phẩm-(Không hoạt động tại trụ sở);4620: Bán buôn nông, lâm sản nguyên liệu (trừ gỗ, tre, nứa) và đ",internet
316956338,CÔNG TY TNHH BAE LIVE,CÔNG TY TNHH BAE LIVE,Công ty trách nhiệm hữu hạn một thành viên,"487-489 Điện Biên Phủ, Phường 03, Quận 3, Thành phố Hồ Chí Minh, Việt Nam",Quận 3,"4791: Bán lẻ theo yêu cầu đặt hàng qua bưu điện hoặc internet-( loại trừ đấu giá);4799: Bán lẻ hình thức khác chưa được phân vào đâu-( loại trừ đấu giá);5820: Xuất bản phần mềm-Chi tiết:
-Sản xuất phầ",internet
316956948,CÔNG TY TNHH EFFICIENT,CÔNG TY TNHH EFFICIENT,Công ty trách nhiệm hữu hạn một thành viên,"Tầng 8, Tòa nhà Cao Thắng mall, số 19 Cao Thắng, Phường 02, Quận 3, Thành phố Hồ Chí Minh, Việt Nam",Quận 3,"4791: Bán lẻ theo yêu cầu đặt hàng qua bưu điện hoặc internet-(trừ bán lẻ bình gas, sung, đạn loại dùng đi săn hoặc thể thao, tiền kim khí và mua bán vàng miếng; thực hiện theo Quyết định 64/2009/QĐ-U",internet
316957596,CÔNG TY TNHH GREENIFIQUE,CÔNG TY TNHH GREENIFIQUE,Công ty trách nhiệm hữu hạn một thành viên,"Tầng 22 tòa nhà Centec, 72-74 Nguyễn Thị Minh Khai, Phường Võ Thị Sáu, Quận 3, Thành phố Hồ Chí Minh, Việt Nam",Quận 3,"1010: Chế biến, bảo quản thịt và các sản phẩm từ thịt-(trừ giết mổ gia súc, gia cầm);1020: Chế biến, bảo quản thuỷ sản và các sản phẩm từ thuỷ sản-;1030: Chế biến và bảo quản rau quả-;1040: Sản xuất d",internet
316957356,CÔNG TY TNHH HKT CR,CÔNG TY TNHH HKT CR,Công ty trách nhiệm hữu hạn một thành viên,"Tầng 8, Tòa nhà Cao Thắng mall, số 19 Cao Thắng, Phường 02, Quận 3, Thành phố Hồ Chí Minh, Việt Nam",Quận 3,"4773: Bán lẻ hàng hóa khác mới trong các cửa hàng chuyên doanh-(trừ bán buôn bình gas, sung, đạn loại dùng đi săn hoặc thể thao, tiền kim khí và mua bán vàng miếng; thực hiện theo Quyết định 64/2009/Q",internet
316958102,CÔNG TY TNHH MONA'S CHOICE,CÔNG TY TNHH MONAS CHOICE,Công ty trách nhiệm hữu hạn một thành viên,"254B Nguyễn Đình Chiểu, Phường Võ Thị Sáu, Quận 3, Thành phố Hồ Chí Minh, Việt Nam",Quận 3,"4610: Đại lý, môi giới, đấu giá hàng hóa-(trừ môi giới bất động sản)
Chi tiết: Đại lý, môi giới hàng hóa.;4620: Bán buôn nông, lâm sản nguyên liệu (trừ gỗ, tre, nứa) và động vật sống-(không hoạt động ",internet
316957902,CÔNG TY TNHH VIETHEALTH,CÔNG TY TNHH VIETHEALTH,Công ty trách nhiệm hữu hạn một thành viên,"193 Lý Chính Thắng, Phường Võ Thị Sáu, Quận 3, Thành phố Hồ Chí Minh, Việt Nam",Quận 3,"4649: Bán buôn đồ dùng khác cho gia đình-Chi tiết: 
Bán buôn, xuất nhập khẩu dụng cụ y tế. 
Bán buôn, xuất nhập khẩu nước hoa, hàng mỹ phẩm và chế phẩm vệ sinh. 
Bán buôn, xuất nhập khẩuhàng gốm, sứ, ",internet
316958624,CÔNG TY TNHH SLASH,CÔNG TY TNHH SLASH,Công ty trách nhiệm hữu hạn một thành viên,"Phòng 3.5 Tòa nhà Itaxa 126 Nguyễn Thị Minh Khai, Phường Võ Thị Sáu, Quận 3, Thành phố Hồ Chí Minh, Việt Nam",Quận 3,"4512: Bán lẻ ô tô con (loại 9 chỗ ngồi trở xuống)-;4513: Đại lý ô tô và xe có động cơ khác-;4541: Bán mô tô, xe máy-;4610: Đại lý, môi giới, đấu giá hàng hóa-Chi tiết: Đại lý, môi giới (trừ môi giới b",internet
316959138,CÔNG TY TNHH XÃ HỘI PHÁT TRIỂN KỸ NĂNG VÀ SỨC KHỎE CỘNG ĐỒNG AN,CÔNG TY TNHH XÃ HỘI PHÁT TRIỂN,Công ty trách nhiệm hữu hạn một thành viên,"Số 14B Kỳ Đồng, Phường 09, Quận 3, Thành phố Hồ Chí Minh, Việt Nam",Quận 3,"8559: Giáo dục khác chưa được phân vào đâu-(Không bao gồm: Dạy về tôn giáo; Các trường của các tổ chức Đảng, đoàn thể);4762: Bán lẻ băng đĩa âm thanh, hình ảnh (kể cả băng, đĩa trắng) trong các cửa hà",internet
316959106,CÔNG TY TNHH HOWARD & ASSOCIATES,CÔNG TY TNHH HOWARD  ASSOCIATE,Công ty trách nhiệm hữu hạn hai thành viên trở lên,"118/26 Trần Quang Diệu, Phường 14, Quận 3, Thành phố Hồ Chí Minh, Việt Nam",Quận 3,"8559: Giáo dục khác chưa được phân vào đâu-Chi tiết: Đào tạo kỹ năng sống; Đào tạo các kỹ năng cho người đi làm; Đào tạo kỹ năng quản lý doanh nghiệp cho người đi làm.
(Không kinh doanh tại trụ sở chí",internet
316959586,CÔNG TY TNHH QUỐC TẾ CASCHER,CÔNG TY TNHH QUỐC TẾ CASCHER,Công ty trách nhiệm hữu hạn hai thành viên trở lên,"Lầu 14, Tòa nhà HM Tower, 412 Nguyễn Thị Minh Khai , Phường 05, Quận 3, Thành phố Hồ Chí Minh, Việt Nam",Quận 3,"3312: Sửa chữa máy móc, thiết bị-Chi tiết: Sửa chữa, bảo trì máy móc, trang thiết bị y tế (trừ gia công cơ khí, tái chế phế thải, xi mạ điện);3313: Sửa chữa thiết bị điện tử và quang học-Chi tiết: Hoạ",internet
316962116,CÔNG TY TNHH CÔNG NGHỆ VÀ TRUYỀN THÔNG ANTO,CÔNG TY TNHH CÔNG NGHỆ VÀ TRUY,Công ty trách nhiệm hữu hạn một thành viên,"158 Nguyễn Đình Chiểu, Phường Võ Thị Sáu, Quận 3, Thành phố Hồ Chí Minh, Việt Nam",Quận 3,1410: May trang phục (trừ trang phục từ da lông thú)-;1811: In ấn-;1812: Dịch vụ liên quan đến in-;1820: Sao chép bản ghi các loại-;2630: Sản xuất thiết bị truyền thông--(không hoạt động tại trụ sở);3,internet
316963279,CÔNG TY TNHH THƯƠNG MẠI GOLDEN PASSIO,CÔNG TY TNHH THƯƠNG MẠI GOLDEN,Công ty trách nhiệm hữu hạn một thành viên,"Tầng 5, Tòa nhà Songdo, 62A Phạm Ngọc Thạch, Phường Võ Thị Sáu, Quận 3, Thành phố Hồ Chí Minh, Việt Nam",Quận 3,"4632: Bán buôn thực phẩm-Chi tiết: Bán buôn đường, sữa và các sản phẩm sữa, bánh kẹo và các sản phẩm chế biến từ ngũ cốc, bột, tinh bột; Bán buôn rau, quả; Bán buôn nguyên liệu chế biến thực phẩm.
(kh",internet
316966255,CÔNG TY CỔ PHẦN LIKE GROUP,CÔNG TY CỔ PHẦN LIKE GROUP,Công ty cổ phần,"Tầng 14, Tòa Nhà HM Town, 412 Nguyễn Thị Minh Khai, Phường 05, Quận 3, Thành phố Hồ Chí Minh, Việt Nam",Quận 3,"4511: Bán buôn ô tô và xe có động cơ khác-;4610: Đại lý, môi giới, đấu giá hàng hóa-(trừ môi giới bất động sản)
Chi tiết: Đại lý, môi giới hàng hóa.;4620: Bán buôn nông, lâm sản nguyên liệu (trừ gỗ, t",internet
316965999,CÔNG TY CỔ PHẦN DGV DIGITAL,CÔNG TY CỔ PHẦN DGV DIGITAL,Công ty cổ phần,"Số 151-153 Đường Nguyễn Đình Chiểu, Phường Võ Thị Sáu, Quận 3, Thành phố Hồ Chí Minh, Việt Nam",Quận 3,"6201: Lập trình máy vi tính-Chi tiết: Sản xuất, gia công phần mềm; Lập trình máy vi tính;6202: Tư vấn máy vi tính và quản trị hệ thống máy vi tính-;6209: Hoạt động dịch vụ công nghệ thông tin và dịch ",internet
316967900,CÔNG TY TNHH CHANBYT,CÔNG TY TNHH CHANBYT,Công ty trách nhiệm hữu hạn một thành viên,"232/15 Võ Thị Sáu, Phường Võ Thị Sáu, Quận 3, Thành phố Hồ Chí Minh, Việt Nam",Quận 3,"7410: Hoạt động thiết kế chuyên dụng-Chi tiết: Thiết kế thời trang liên quan đến dệt, trang phục, giầy, đồ trang sức, đồ đạc và trang trí nội thất khác, hàng hóa thời trang khác cũng như đồ dùng cá nh",internet
316972636,CÔNG TY CỔ PHẦN ĐẦU TƯ THƯƠNG MẠI CÔNG NGHỆ CAWIHO,CÔNG TY CỔ PHẦN ĐẦU TƯ THƯƠNG ,Công ty cổ phần,"Tầng 14, Tòa Nhà HM Town, 412 Nguyễn Thị Minh Khai, Phường 05, Quận 3, Thành phố Hồ Chí Minh, Việt Nam",Quận 3,"7110: Hoạt động kiến trúc và tư vấn kỹ thuật có liên quan-Chi tiết: Tổng thầu tư vấn và quản lý các dự án xây dựng. Tư vấn xây dựng các khu dân cư, khu đô thị, khu công nghiệp và các công trình dân dụ",internet
316971618,CÔNG TY TNHH VIE COMICS,CÔNG TY TNHH VIE COMICS,Công ty trách nhiệm hữu hạn hai thành viên trở lên,"222 Pasteur, Phường Võ Thị Sáu, Quận 3, Thành phố Hồ Chí Minh, Việt Nam",Quận 3,6312: Cổng thông tin-(trừ hoạt động báo chí);6190: Hoạt động viễn thông khác-Chi tiết: - Đại lý dịch vụ viễn thông - Cung cấp dịch vụ nội dung thông tin trên mạng viễn thông (trừ các thông tin Nhà nướ,internet
316974150,CÔNG TY CỔ PHẦN NÔNG THỊ,CÔNG TY CỔ PHẦN NÔNG THỊ,Công ty cổ phần,"118/11 Trần Quang Diệu, Phường 14, Quận 3, Thành phố Hồ Chí Minh, Việt Nam",Quận 3,"6619: Hoạt động hỗ trợ dịch vụ tài chính chưa được phân vào đâu-Chi tiết: Hoạt động tư vấn đầu tư (trừ tư vấn tài chính, kế toán, pháp luật);4610: Đại lý, môi giới, đấu giá hàng hóa-Chi tiết: Đại lý. ",internet
316973647,CÔNG TY TNHH THƯƠNG MẠI DỊCH VỤ LAM PHÚC VIÊN,CÔNG TY TNHH THƯƠNG MẠI DỊCH V,Công ty trách nhiệm hữu hạn một thành viên,"490/54 Lê Văn Sỹ, Phường 14, Quận 3, Thành phố Hồ Chí Minh, Việt Nam",Quận 3,"4229: Xây dựng công trình công ích khác-;4299: Xây dựng công trình kỹ thuật dân dụng khác-;4322: Lắp đặt hệ thống cấp, thoát nước, hệ thống sưởi và điều hoà không khí-(trừ gia công cơ khí, tái chế phế",internet
316972964,CÔNG TY CỔ PHẦN TẬP ĐOÀN HAPPY LIFE MALL OK,CÔNG TY CỔ PHẦN TẬP ĐOÀN HAPPY,Công ty cổ phần,"72D Trần Quốc Toản, Phường Võ Thị Sáu, Quận 3, Thành phố Hồ Chí Minh, Việt Nam",Quận 3,"0111: Trồng lúa-;0112: Trồng ngô và cây lương thực có hạt khác-;0113: Trồng cây lấy củ có chất bột-;0114: Trồng cây mía-;0115: Trồng cây thuốc lá, thuốc lào-;0116: Trồng cây lấy sợi-;0117: Trồng cây c",internet
316974418,CÔNG TY CỔ PHẦN THƯƠNG MẠI DỊCH VỤ AN TRƯỜNG THỌ,CÔNG TY CỔ PHẦN THƯƠNG MẠI DỊC,Công ty cổ phần,"371/2 Hai Bà Trưng   , Phường Võ Thị Sáu, Quận 3, Thành phố Hồ Chí Minh, Việt Nam",Quận 3,"4690: Bán buôn tổng hợp-(trừ bán buôn bình gas, khí dầu mỏ hóa lỏng LPG, dầu nhớt cặn, vàng miếng, súng, đạn loại dùng đi săn hoặc thể thao và tiền kim khí, trừ bán buôn hóa chất tại trụ sở, Thực hiện",internet
316974383,CÔNG TY CỔ PHẦN YIS MARTECH,CÔNG TY CỔ PHẦN YIS MARTECH,Công ty cổ phần,"192H Cách Mạng Tháng 8, Phường 10, Quận 3, Thành phố Hồ Chí Minh, Việt Nam",Quận 3,6202: Tư vấn máy vi tính và quản trị hệ thống máy vi tính-;7410: Hoạt động thiết kế chuyên dụng-Chi tiết: Thiết kế trang web;7310: Quảng cáo-;6201: Lập trình máy vi tính-Chi tiết: Sản xuất phần mềm;70,internet
316977909,CÔNG TY TNHH IVORI,CÔNG TY TNHH IVORI,Công ty trách nhiệm hữu hạn hai thành viên trở lên,"232/15 Võ Thị Sáu, Phường Võ Thị Sáu, Quận 3, Thành phố Hồ Chí Minh, Việt Nam",Quận 3,"1430: Sản xuất trang phục dệt kim, đan móc-;4649: Bán buôn đồ dùng khác cho gia đình-;4610: Đại lý, môi giới, đấu giá hàng hóa-Chi tiết: Đại lý (trừ môi giới bất động sản, trừ hoạt động đấu giá);4791:",internet
316974489,CÔNG TY TNHH THƯƠNG MẠI DỊCH VỤ TIỆN ÍCH 247,CÔNG TY TNHH THƯƠNG MẠI DỊCH V,Công ty trách nhiệm hữu hạn một thành viên,"42 Nguyễn Thiện Thuật, Phường 02, Quận 3, Thành phố Hồ Chí Minh, Việt Nam",Quận 3,"4741: Bán lẻ máy vi tính, thiết bị ngoại vi, phần mềm và thiết bị viễn thông trong các cửa hàng chuyên doanh-;4742: Bán lẻ thiết bị nghe nhìn trong các cửa hàng chuyên doanh-;4773: Bán lẻ hàng hóa khá",internet
316978652,CÔNG TY CỔ PHẦN QUẢNG CÁO VÀ XÂY DỰNG ĐỒNG HÀNH,CÔNG TY CỔ PHẦN QUẢNG CÁO VÀ X,Công ty cổ phần,"Lầu 1, Số 38E Trần Cao Vân, Phường Võ Thị Sáu, Quận 3, Thành phố Hồ Chí Minh, Việt Nam",Quận 3,"4329: Lắp đặt hệ thống xây dựng khác-Chi tiết: Thi công ,lắp đặt biển quảng cáo;4330: Hoàn thiện công trình xây dựng-;4390: Hoạt động xây dựng chuyên dụng khác-;4610: Đại lý, môi giới, đấu giá hàng hó",internet
316976091,CÔNG TY TNHH  ECO EASY,CÔNG TY TNHH  ECO EASY,Công ty trách nhiệm hữu hạn một thành viên,"262/20B1 Lê Văn Sỹ, Phường 14, Quận 3, Thành phố Hồ Chí Minh, Việt Nam",Quận 3,2599: Sản xuất sản phẩm khác bằng kim loại chưa được phân vào đâu-;2750: Sản xuất đồ điện dân dụng-Chi tiết: Sản xuất máy xử lý rác thải nhà bếp tại nhà; Sản xuất máy xử lý rác thải sinh hoạt.;2790: S,internet
316982754,CÔNG TY TNHH TM XNK LAM GIANG,CÔNG TY TNHH TM XNK LAM GIANG,Công ty trách nhiệm hữu hạn hai thành viên trở lên,"25/2 Trương Định, Phường Võ Thị Sáu, Quận 3, Thành phố Hồ Chí Minh, Việt Nam",Quận 3,"4610: Đại lý, môi giới, đấu giá hàng hóa-Chi tiết: Đại lý, mô giới hàng hóa;4620: Bán buôn nông, lâm sản nguyên liệu (trừ gỗ, tre, nứa) và động vật sống-Chi tiết: Bán buôn thóc, ngô và các loại hạt ng",internet
316985177,CÔNG TY CỔ PHẦN BLUEWISE,CÔNG TY CỔ PHẦN BLUEWISE,Công ty cổ phần,"339/10A Lê Văn Sỹ, Phường 13, Quận 3, Thành phố Hồ Chí Minh, Việt Nam",Quận 3,7710: Cho thuê xe có động cơ-;4933: Vận tải hàng hóa bằng đường bộ-Chi tiết: vận tải hàng hoá bằng đường bộ (trừ hoá lỏng khí để vận chuyển);5012: Vận tải hàng hóa ven biển và viễn dương-Chi tiết: kin,internet
316989446,CÔNG TY TNHH SANMINA,CÔNG TY TNHH SANMINA,Công ty trách nhiệm hữu hạn một thành viên,"Lầu 1, Tòa nhà FBA, 487-489 Điện Biên Phủ, Phường 03, Quận 3, Thành phố Hồ Chí Minh, Việt Nam",Quận 3,4722: Bán lẻ thực phẩm trong các cửa hàng chuyên doanh-(Thực hiện theo Quyết định 64/2009/QDD-UBND ngày 31/7/2009 của Ủy ban nhân dân Thành phố Hồ Chí Minh và Quyết định 79/2009/QDD-UBND ngày 17/10/20,internet
316990949,CÔNG TY TNHH BROD AGENCY,CÔNG TY TNHH BROD AGENCY,Công ty trách nhiệm hữu hạn một thành viên,"Tầng 14, Tòa Nhà HM Town, 412 Nguyễn Thị Minh Khai, Phường 05, Quận 3, Thành phố Hồ Chí Minh, Việt Nam",Quận 3,"7310: Quảng cáo-;7320: Nghiên cứu thị trường và thăm dò dư luận-;7420: Hoạt động nhiếp ảnh-(trừ sản xuất phim);5911: Hoạt động sản xuất phim điện ảnh, phim video và chương trình truyền hình-(không thự",internet
316990836,CÔNG TY TNHH MARKETING BUFF,CÔNG TY TNHH MARKETING BUFF,Công ty trách nhiệm hữu hạn một thành viên,"992 Trường Sa, Phường 12, Quận 3, Thành phố Hồ Chí Minh, Việt Nam",Quận 3,"6312: Cổng thông tin-Chi tiết: thiết lập trang thông tin điện tử tổng hợp;4652: Bán buôn thiết bị và linh kiện điện tử, viễn thông-;4659: Bán buôn máy móc, thiết bị và phụ tùng máy khác-;4741: Bán lẻ ",internet
316992671,CÔNG TY TNHH QUỐC TẾ VITUS,CÔNG TY TNHH QUỐC TẾ VITUS,Công ty trách nhiệm hữu hạn một thành viên,"Tầng 14, Tòa Nhà HM Town, 412 Nguyễn Thị Minh Khai, Phường 05, Quận 3, Thành phố Hồ Chí Minh, Việt Nam",Quận 3,"3821: Xử lý và tiêu huỷ rác thải không độc hại-;3700: Thoát nước và xử lý nước thải-;4610: Đại lý, môi giới, đấu giá hàng hóa-(trừ môi giới bất động sản)
Chi tiết: Dịch vụ đại lý hoa hồng;4632: Bán bu",internet
316992382,CÔNG TY CỔ PHẦN THƯƠNG MẠI DỊCH VỤ SÀI GÒN HTT,CÔNG TY CỔ PHẦN THƯƠNG MẠI DỊC,Công ty cổ phần,"893/6A Hoàng Sa, Phường 09, Quận 3, Thành phố Hồ Chí Minh, Việt Nam",Quận 3,"6820: Tư vấn, môi giới, đấu giá bất động sản, đấu giá quyền sử dụng đất-Chi tiết: Tư vấn, môi giới bất động sản;4649: Bán buôn đồ dùng khác cho gia đình-Chi tiết: Bán buôn sách, báo, tạp chí văn phòng",internet
316995390,CÔNG TY TNHH THƯƠNG MẠI DỊCH VỤ DƯỢC SĨ CHỈNH,CÔNG TY TNHH THƯƠNG MẠI DỊCH V,Công ty trách nhiệm hữu hạn một thành viên,"Tầng 14, Tòa Nhà HM Town, 412 Nguyễn Thị Minh Khai, Phường 05, Quận 3, Thành phố Hồ Chí Minh, Việt Nam",Quận 3,"1812: Dịch vụ liên quan đến in-(không hoạt động tại trụ sở);4610: Đại lý, môi giới, đấu giá hàng hóa-(trừ môi giới bất động sản)
Chi tiết: Đại lý, môi giới hàng hóa.;4649: Bán buôn đồ dùng khác cho gi",internet
317003472,CÔNG TY TNHH NEWTEK VN,CÔNG TY TNHH NEWTEK VN,Công ty trách nhiệm hữu hạn một thành viên,"Tầng 14, Tòa Nhà HM Town, 412 Nguyễn Thị Minh Khai, Phường 05, Quận 3, Thành phố Hồ Chí Minh, Việt Nam",Quận 3,"4330: Hoàn thiện công trình xây dựng-Chi tiết: Dịch vụ trang trí, gắn kết bên trong; Dịch vụ trang hoàng;4610: Đại lý, môi giới, đấu giá hàng hóa-(trừ môi giới bất động sản)
Chi tiết: Đại lý, môi giới",internet
317004099,CÔNG TY TNHH NHỊP SỐNG CÀ PHÊ,CÔNG TY TNHH NHỊP SỐNG CÀ PHÊ,Công ty trách nhiệm hữu hạn một thành viên,"Tầng 14, Tòa Nhà HM Town, 412 Nguyễn Thị Minh Khai, Phường 05, Quận 3, Thành phố Hồ Chí Minh, Việt Nam",Quận 3,"4610: Đại lý, môi giới, đấu giá hàng hóa-(trừ môi giới bất động sản)
Chi tiết: Đại lý, môi giới hàng hóa.;4632: Bán buôn thực phẩm-(không hoạt động tại trụ sở);4659: Bán buôn máy móc, thiết bị và phụ ",internet
317004116,CÔNG TY TNHH VIEMED,CÔNG TY TNHH VIEMED,Công ty trách nhiệm hữu hạn một thành viên,"Tầng 3, Toà nhà An Phú Plaza, 117-119 Lý Chính Thắng, Phường Võ Thị Sáu, Quận 3, Thành phố Hồ Chí Minh, Việt Nam",Quận 3,"7830: Cung ứng và quản lý nguồn lao động-Chi tiết: Cung ứng và quản lý nguồn lao động trong nước (trừ cho thuê lai lao động, chỉ hoạt động khi được Sở Lao động và Thương binh xã hội cấp giấy phép và c",internet
317004500,CÔNG TY TNHH VIEF24,CÔNG TY TNHH VIEF24,Công ty trách nhiệm hữu hạn một thành viên,"Tầng 14, Tòa Nhà HM Town, 412 Nguyễn Thị Minh Khai, Phường 05, Quận 3, Thành phố Hồ Chí Minh, Việt Nam",Quận 3,"4330: Hoàn thiện công trình xây dựng-Chi tiết: Dịch vụ trang trí, gắn kết bên trong; Dịch vụ trang hoàng;4610: Đại lý, môi giới, đấu giá hàng hóa-(trừ môi giới bất động sản)
Chi tiết: Đại lý, môi giới",internet
