tax_code,name,name_slug,company_type,address,district,industry_raw,keyword
313598733,CÔNG TY CỔ PHẦN PHÁT TRIỂN BẤT ĐỘNG SẢN THÀNH ĐẠI TÍN,CÔNG TY CỔ PHẦN PHÁT TRIỂN BẤT,Công ty cổ phần,"174 Trần Phú, Phường 09, Quận 5, Thành phố Hồ Chí Minh, Việt Nam",Quận 5,"4652: Bán buôn thiết bị và linh kiện điện tử, viễn thông-chi tiết: bán buôn thiết bị thu phát vô tuyến điểm - điểm - đa điểm, thiết bị thu phát vô tuyến sử dụng kỹ thuật điều chế trải phổ (trừ thiết b",internet
313599536,CÔNG TY TNHH THƯƠNG MẠI DỊCH VỤ MY NATURAL GROUP,CÔNG TY TNHH THƯƠNG MẠI DỊCH V,Công ty trách nhiệm hữu hạn hai thành viên trở lên,"39 Hùng Vương, Phường 04, Quận 5, Thành phố Hồ Chí Minh, Việt Nam",Quận 5,"5610: Nhà hàng và các dịch vụ ăn uống phục vụ lưu động-Chi tiết: Nhà hàng, quán ăn, hàng ăn uống;5629: Dịch vụ ăn uống khác-(trừ hoạt động quán bar và quán giải khát có khiêu vũ).;5630: Dịch vụ phục v",internet
314713724,CÔNG TY TNHH TRUYỀN THÔNG KINH TẾ TẬP ĐOÀN,CÔNG TY TNHH TRUYỀN THÔNG KINH,Công ty trách nhiệm hữu hạn hai thành viên trở lên,"Tầng 7, Toà nhà 64 Nguyễn Biểu, Phường 01, Quận 5, Thành phố Hồ Chí Minh, Việt Nam",Quận 5,"5911: Hoạt động sản xuất phim điện ảnh, phim video và chương trình truyền hình-Chi tiết: Hoạt động sản xuất chương trình truyền hình (trừ sản xuất phim) (Không thực hiện các hiệu ứng cháy nổ và không ",internet
313635287,CÔNG TY TNHH GIẢI PHÁP CÔNG NGHỆ PHƯƠNG ĐÔNG,CÔNG TY TNHH GIẢI PHÁP CÔNG NG,Công ty trách nhiệm hữu hạn một thành viên,"431/5 Trần Hưng Đạo, Phường 14, Quận 5, Thành phố Hồ Chí Minh, Việt Nam",Quận 5,3314: Sửa chữa thiết bị điện-; 6312: Cổng thông tin-Chi tiết: Thiết lập trang thông tin điện tử tổng hợp; 3319: Sửa chữa thiết bị khác-Chi tiết: Sửa chữa thiết bị mạng internet; 7730: Cho thuê máy móc,internet
313635576,CÔNG TY TNHH THIẾT KẾ IN ẤN KLCREATIVE,CÔNG TY TNHH THIẾT KẾ IN ẤN KL,Công ty trách nhiệm hữu hạn một thành viên,"213 Nguyễn Văn Cừ, Phường 04, Quận 5, Thành phố Hồ Chí Minh, Việt Nam",Quận 5,"9000: Hoạt động sáng tác, nghệ thuật và giải trí-(không thực hiện các hiệu ứng cháy, nổ; không sử dụng chất nổ, chất cháy, hóa chất làm đạo cụ, dụng cụ thực hiện các chương trình văn nghệ, sự kiện, ph",internet
313656625,CÔNG TY TNHH PHÁT TRIỂN HỒNG QUANG,CÔNG TY TNHH PHÁT TRIỂN HỒNG Q,Công ty trách nhiệm hữu hạn hai thành viên trở lên,"121/4C Trần Bình Trọng, Phường 02, Quận 5, Thành phố Hồ Chí Minh, Việt Nam",Quận 5,"4632: Bán buôn thực phẩm-Chi tiết: Bán buôn thực phẩm chức năng;4649: Bán buôn đồ dùng khác cho gia đình-Chi tiết: Bán buôn dược phẩm và dụng cụ y tế; bán buôn mắt kinh, kinh thuốc.;4659: Bán buôn máy",internet
313735203,CÔNG TY TNHH XÂY DỰNG VÀ NỘI THẤT VPLUS,CÔNG TY TNHH XÂY DỰNG VÀ NỘI T,Công ty trách nhiệm hữu hạn một thành viên,"21 Trần Phú, Phường 04, Quận 5, Thành phố Hồ Chí Minh, Việt Nam",Quận 5,"4649: Bán buôn đồ dùng khác cho gia đình-Chi tiết: bán buôn giường, tủ, bàn, ghế và đồ dùng nội thất tương tự. Bán buôn đồ điện gia dụng, đèn và bộ đèn điện (trừ dược phẩm). Bán buôn dụng cụ thể dục, ",internet
313753643,CÔNG TY TRÁCH NHIỆM HỮU HẠN CYBERCORE SUMO,CÔNG TY TRÁCH NHIỆM HỮU HẠN CY,Công ty trách nhiệm hữu hạn một thành viên,"163 Trần Hưng Đạo, Phường 10, Quận 5, Thành phố Hồ Chí Minh, Việt Nam",Quận 5,"4724: Bán lẻ sản phẩm thuốc lá, thuốc lào trong các cửa hàng chuyên doanh-Chi tiết: Bán lẻ sản phẩm thuốc lá (thực hiện theo Quyết định 64/2009/QĐ-UBND ngày 31/7/2009 của Ủy ban nhân dân Thành phố Hồ ",internet
313759613,CÔNG TY TNHH XUẤT NHẬP KHẨU THIẾT BỊ Y TẾ MỸ,CÔNG TY TNHH XUẤT NHẬP KHẨU TH,Công ty trách nhiệm hữu hạn hai thành viên trở lên,"535 An Dương Vương, Phường 08, Quận 5, Thành phố Hồ Chí Minh, Việt Nam",Quận 5,"4659: Bán buôn máy móc, thiết bị và phụ tùng máy khác-;4649: Bán buôn đồ dùng khác cho gia đình-(trừ kinh doanh dược phẩm).; 4652: Bán buôn thiết bị và linh kiện điện tử, viễn thông-;4632: Bán buôn th",internet
313791021,CÔNG TY CỔ PHẦN SẢN XUẤT - XÂY DỰNG VÀ THƯƠNG MẠI ĐÔNG NAM Á,CÔNG TY CỔ PHẦN SẢN XUẤT  XÂY ,Công ty cổ phần,"656 Võ Văn Kiệt, Phường 01, Quận 5, Thành phố Hồ Chí Minh, Việt Nam",Quận 5,4690: Bán buôn tổng hợp-Chi tiết: Bán buôn trang thiết bị bảo hộ lao động;1311: Sản xuất sợi-(Không hoạt động tại trụ sở);1312: Sản xuất vải dệt thoi-(Không hoạt động tại trụ sở);1313: Hoàn thiện sản ,internet
313791952,CÔNG TY CỔ PHẦN ACTION COMMUNICATION VIỆT NAM,CÔNG TY CỔ PHẦN ACTION COMMUNI,Công ty cổ phần,"353 An Dương Vương, Phường 03, Quận 5, Thành phố Hồ Chí Minh, Việt Nam",Quận 5,"1410: May trang phục (trừ trang phục từ da lông thú)-(Trừ tẩy ,nhuộm, hồ ,in trên các sản phẩm vải, sợi, dệt , may, thêu, đan tại trụ sở);4330: Hoàn thiện công trình xây dựng-;1520: Sản xuất giày, dép",internet
313794417,CÔNG TY CỔ PHẦN ĐẦU TƯ CÔNG NGHỆ MENSA,CÔNG TY CỔ PHẦN ĐẦU TƯ CÔNG NG,Công ty cổ phần,"285/9 Trần Bình Trọng, Phường 04, Quận 5, Thành phố Hồ Chí Minh, Việt Nam",Quận 5,"1811: In ấn-(trừ in, tráng bao bì kim loại và in trên các sản phẩm vải, sợi, dệt, may, đan tại trụ sở);4632: Bán buôn thực phẩm-chi tiết: bán buôn thực phẩm chức năng;4649: Bán buôn đồ dùng khác cho g",internet
313808405,CÔNG TY TNHH  VĂN PHÒNG PHẨM VÂN THÀNH PHÁT,CÔNG TY TNHH  VĂN PHÒNG PHẨM,Công ty trách nhiệm hữu hạn hai thành viên trở lên,"196 Phùng Hưng, Phường 14, Quận 5, Thành phố Hồ Chí Minh, Việt Nam",Quận 5,"1811: In ấn-;1812: Dịch vụ liên quan đến in-;4649: Bán buôn đồ dùng khác cho gia đình-Chi tiết: Bán buôn văn phòng phẩm;4651: Bán buôn máy vi tính, thiết bị ngoại vi và phần mềm-;4652: Bán buôn thiết ",internet
313837741,CÔNG TY CỔ PHẦN LEORNO,CÔNG TY CỔ PHẦN LEORNO,Công ty cổ phần,"817 Nguyễn Trãi, Phường 14, Quận 5, Thành phố Hồ Chí Minh, Việt Nam",Quận 5,1392: Sản xuất hàng dệt sẵn (trừ trang phục)-(không hoạt động tại trụ sở); 1410: May trang phục (trừ trang phục từ da lông thú)-; 2220: Sản xuất sản phẩm từ plastic-(trừ Sản Xuất xốp cách nhiệt sử dụn,internet
313891315,CÔNG TY TNHH VÒNG XANH,CÔNG TY TNHH VÒNG XANH,Công ty trách nhiệm hữu hạn hai thành viên trở lên,"100 Hải Thượng Lãn Ông, Phường 10, Quận 5, Thành phố Hồ Chí Minh, Việt Nam",Quận 5,"4649: Bán buôn đồ dùng khác cho gia đình-Bán buôn đồ dùng khác cho gia đình
Chi tiết: Bán buôn xe đạp và phụ tùng xe đạp. Bán buôn vali, cặp, túi, ví, hàng da và giả da. Bán buôn nước hoa, hàng mỹ phẩ",internet
313895648,CÔNG TY TNHH AMORISLAB,CÔNG TY TNHH AMORISLAB,Công ty trách nhiệm hữu hạn một thành viên,"180/11 Nguyễn Tri Phương, Phường 09, Quận 5, Thành phố Hồ Chí Minh, Việt Nam",Quận 5,"4761: Bán lẻ sách, báo, tạp chí văn phòng phẩm trong các cửa hàng chuyên doanh-(có nội dung được phép lưu hành);5610: Nhà hàng và các dịch vụ ăn uống phục vụ lưu động-chi tiết: Nhà hàng, quán ăn, hàng",internet
314853023,CÔNG TY TNHH MAGNA MANAGEMENT ASIA (MMA),CÔNG TY TNHH MAGNA MANAGEMENT ,Công ty trách nhiệm hữu hạn một thành viên,"Phòng 14-02, Tầng 14, Tòa nhà Xổ Số Kiến Thiết Thành phố Hồ Chí Minh, 77 Trần Nhân Tôn, Phường 09, Quận 5, Thành phố Hồ Chí Minh, Việt Nam",Quận 5,"4641: Bán buôn vải, hàng may mặc, giày dép-(CPC 622); 4763: Bán lẻ thiết bị, dụng cụ thể dục, thể thao trong các cửa hàng chuyên doanh-(CPC 632); 4764: Bán lẻ trò chơi, đồ chơi trong các cửa hàng chuy",internet
314000240,CÔNG TY CỔ PHẦN THƯƠNG MẠI OMARK,CÔNG TY CỔ PHẦN THƯƠNG MẠI OMA,Công ty cổ phần,"565/86 Nguyễn Trãi, Phường 07, Quận 5, Thành phố Hồ Chí Minh, Việt Nam",Quận 5,"1010: Chế biến, bảo quản thịt và các sản phẩm từ thịt-;1020: Chế biến, bảo quản thuỷ sản và các sản phẩm từ thuỷ sản-;1030: Chế biến và bảo quản rau quả-;1104: Sản xuất đồ uống không cồn, nước khoáng-",internet
314010087,CÔNG TY TNHH XFISHTOUR,CÔNG TY TNHH XFISHTOUR,Công ty trách nhiệm hữu hạn một thành viên,"Tầng 5, phòng 05.36 Chung cư The Everrich Infinity, số 290 An Dương Vương, Phường 04, Quận 5, Thành phố Hồ Chí Minh, Việt Nam",Quận 5,"6201: Lập trình máy vi tính-;6202: Tư vấn máy vi tính và quản trị hệ thống máy vi tính-Chi tiết: Tư vấn máy vi tính và quản trị hệ thống máy vi tính;6311: Xử lý dữ liệu, cho thuê và các hoạt động liên",internet
314019266,CÔNG TY TNHH THƯƠNG MẠI XUẤT NHẬP KHẨU TCT,CÔNG TY TNHH THƯƠNG MẠI XUẤT N,Công ty trách nhiệm hữu hạn hai thành viên trở lên,"116/2 Hùng Vương, Phường 09, Quận 5, Thành phố Hồ Chí Minh, Việt Nam",Quận 5,"2610: Sản xuất linh kiện điện tử-;2620: Sản xuất máy vi tính và thiết bị ngoại vi của máy vi tính-;2630: Sản xuất thiết bị truyền thông-;1811: In ấn-(trừ in tráng bao bì kim loại, in trên sản phẩm vải",internet
314060634,CÔNG TY TNHH THƯƠNG MẠI DỊCH VỤ BRIAN,CÔNG TY TNHH THƯƠNG MẠI DỊCH V,Công ty trách nhiệm hữu hạn hai thành viên trở lên,"133G Nguyễn Chí Thanh, Phường 09, Quận 5, Thành phố Hồ Chí Minh, Việt Nam",Quận 5,"4719: Bán lẻ khác trong các cửa hàng kinh doanh tổng hợp-(trừ kinh doanh khí dầu mỏ hoá lỏng LPG, trừ mua bán vàng miếng, bán lẻ bình gas, súng, đạn loại dùng đi săn hoặc thể thao và tiền kim khí; Thự",internet
314065086,CÔNG TY TNHH HACO VN,CÔNG TY TNHH HACO VN,Công ty trách nhiệm hữu hạn hai thành viên trở lên,"3A Nghĩa Thục , Phường 06, Quận 5, Thành phố Hồ Chí Minh, Việt Nam",Quận 5,"4669: Bán buôn chuyên doanh khác chưa được phân vào đâu-(trừ bán buôn thuốc trừ sâu và hóa chất sử dụng trong nông nghiệp và không bán buôn phế liệu, phế thải kim loại, phi kim loại tại trụ sở);4690: ",internet
314018128,CÔNG TY TNHH ĐẦU TƯ THƯƠNG MẠI THIẾT BỊ VĨNH PHÁT,CÔNG TY TNHH ĐẦU TƯ THƯƠNG MẠI,Công ty trách nhiệm hữu hạn một thành viên,"391A An Dương Vương, Phường 03, Quận 5, Thành phố Hồ Chí Minh, Việt Nam",Quận 5,"4661: Bán buôn nhiên liệu rắn, lỏng, khí và các sản phẩm liên quan-(Trừ kinh doanh khí dầu mỏ hóa lỏng LPG và dầu nhớt cặn).;4721: Bán lẻ lương thực trong các cửa hàng chuyên doanh-(Thực hiện theo Quy",internet
314128924,CÔNG TY CỔ PHẦN NĂNG LƯỢNG ĐIỆN MẶT TRỜI QUỐC GIA VIỆT NAM,CÔNG TY CỔ PHẦN NĂNG LƯỢNG ĐIỆ,Công ty cổ phần,"Số 150/20 Trần Tuấn Khải, Phường 05, Quận 5, Thành phố Hồ Chí Minh, Việt Nam",Quận 5,"4659: Bán buôn máy móc, thiết bị và phụ tùng máy khác-Chi tiết: Bán buôn máy móc, thiết bị điện, vật liệu điện (máy phát điện, động cơ điện, dây điện và thiết bị khác dùng trong mạch điện).;4649: Bán ",internet
314017861,CÔNG TY TNHH SẢN XUẤT THƯƠNG MẠI XUẤT NHẬP KHẨU NAM THÀNH LONG,CÔNG TY TNHH SẢN XUẤT THƯƠNG M,Công ty trách nhiệm hữu hạn một thành viên,"Phòng 10-Tầng lửng-Cao ốc Đại Thanh Bình, 911-913-915-917 Nguyễn Trãi, Phường 14, Quận 5, Thành phố Hồ Chí Minh, Việt Nam",Quận 5,"4669: Bán buôn chuyên doanh khác chưa được phân vào đâu-Chi tiết: Bán buôn phân bón. Bán buôn hoá chất trong lĩnh vực công nghiệp, bán buôn hóa chất trong lĩnh vực phụ gia thực phầm (Không hoạt động t",internet
314041222,CÔNG TY CỔ PHẦN ĐẦU TƯ THƯƠNG MẠI THIÊN MỘC PHÁT,CÔNG TY CỔ PHẦN ĐẦU TƯ THƯƠNG ,Công ty cổ phần,"285/14 Trần Bình Trọng, Phường 04, Quận 5, Thành phố Hồ Chí Minh, Việt Nam",Quận 5,"4711: Bán lẻ lương thực, thực phẩm, đồ uống, thuốc lá, thuốc lào chiếm tỷ trọng lớn trong các cửa hàng kinh doanh tổng hợp-(thực hiện theo quyết định số 64/2009/QĐ-UBND ngày 31/07/2009 và quyết định s",internet
316782071,CÔNG TY TNHH XÂY LẮP ĐIỆN ÁNH HÀO QUANG,CÔNG TY TNHH XÂY LẮP ĐIỆN ÁNH ,Công ty trách nhiệm hữu hạn một thành viên,"338/48 An Dương Vương, Phường 04, Quận 5, Thành phố Hồ Chí Minh, Việt Nam",Quận 5,"4669: Bán buôn chuyên doanh khác chưa được phân vào đâu-(trừ bán buôn bình gas, súng, đạn loại dùng đi săn hoặc thể thao, tiền kim khí và mua bán vàng miếng; thực hiện theo Quyết định 64/2009/QĐ-UBND ",internet
314145133,CÔNG TY TNHH Ý TƯỞNG VÀ GIẢI PHÁP CÔNG NGHỆ QUỐC TẾ,CÔNG TY TNHH Ý TƯỞNG VÀ GIẢI P,Công ty trách nhiệm hữu hạn hai thành viên trở lên,"62-64 Nguyễn Biểu, Phường 01, Quận 5, Thành phố Hồ Chí Minh, Việt Nam",Quận 5,"4741: Bán lẻ máy vi tính, thiết bị ngoại vi, phần mềm và thiết bị viễn thông trong các cửa hàng chuyên doanh-;5820: Xuất bản phần mềm-Chi tiết: Sản xuất phần mềm;6201: Lập trình máy vi tính-;6202: Tư ",internet
314166366,CÔNG TY TNHH GAME GIẢI TRÍ 66,CÔNG TY TNHH GAME GIẢI TRÍ 66,Công ty trách nhiệm hữu hạn một thành viên,"66 Huỳnh Mẫn Đạt, Phường 02, Quận 5, Thành phố Hồ Chí Minh, Việt Nam",Quận 5,5629: Dịch vụ ăn uống khác-;5630: Dịch vụ phục vụ đồ uống-(trừ hoạt động quán bar và quán giải khát có khiêu vũ).;6190: Hoạt động viễn thông khác-chi tiết: Hoạt động của các điểm truy cập internet. Đi,internet
313661583,CÔNG TY TNHH SX TM-DV HOA MỸ,CÔNG TY TNHH SX TMDV HOA MỸ,Công ty trách nhiệm hữu hạn một thành viên,"21C Trần Phú, Phường 04, Quận 5, Thành phố Hồ Chí Minh, Việt Nam",Quận 5,"4633: Bán buôn đồ uống-Chi tiết: Bán buôn rượu bia, nước giải khát;4773: Bán lẻ hàng hóa khác mới trong các cửa hàng chuyên doanh-Chi tiết: Bán lẻ hàng lưu niệm, hàng đan lát, hàng thủ công mỹ nghệ tr",internet
313750402,CÔNG TY TNHH XÚC TIẾN HỢP TÁC VIỆT NHẬT,CÔNG TY TNHH XÚC TIẾN HỢP TÁC ,Công ty trách nhiệm hữu hạn hai thành viên trở lên,"31A/8 Hùng Vương , Phường 09, Quận 5, Thành phố Hồ Chí Minh, Việt Nam",Quận 5,"5820: Xuất bản phần mềm-Chi tiết: Sản xuất phần mềm.;4610: Đại lý, môi giới, đấu giá hàng hóa-Chi tiết: Đại lý, môi giới (trừ môi giới bất động sản); 6110: Hoạt động viễn thông có dây-(trừ cung cấp dị",internet
313757493,CÔNG TY TNHH TRUYỀN THÔNG VÀ QUẢNG CÁO  TMT,CÔNG TY TNHH TRUYỀN THÔNG VÀ Q,Công ty trách nhiệm hữu hạn một thành viên,"05 Phạm Hữu Chí, Phường 12, Quận 5, Thành phố Hồ Chí Minh, Việt Nam",Quận 5,"4719: Bán lẻ khác trong các cửa hàng kinh doanh tổng hợp-trừ bán lẻ bình gas, súng, đạn loại dùng đi săn hoặc thể thao và tiềm kim khí và thực hiên theo Quyết Định 64/2009/QĐ-UBND ngày 31/07/2009 của ",internet
313927681,CÔNG TY TNHH IGP.VN,CÔNG TY TNHH IGPVN,Công ty trách nhiệm hữu hạn một thành viên,"1-3 Trần Điện, Phường 10, Quận 5, Thành phố Hồ Chí Minh, Việt Nam",Quận 5,5820: Xuất bản phần mềm-Chi tiết: Sản xuất phần mềm;6190: Hoạt động viễn thông khác-Chi tiết: Dịch vụ cung cấp trò chơi điện từ trên mạng. Dịch vụ giá trị gia tăng trên mạng internet và viễn thông; Dị,internet
314211604,CÔNG TY TNHH DỊCH VỤ THƯƠNG MẠI VẬN CHUYỂN ĐỨC CHÍNH,CÔNG TY TNHH DỊCH VỤ THƯƠNG MẠ,Công ty trách nhiệm hữu hạn một thành viên,"Số 911-913-915-917 Nguyễn Trãi, Phường 14, Quận 5, Thành phố Hồ Chí Minh, Việt Nam",Quận 5,4100: Xây dựng nhà các loại-;4210: Xây dựng công trình đường sắt và đường bộ-;4220: Xây dựng công trình công ích-;4290: Xây dựng công trình kỹ thuật dân dụng khác-;4311: Phá dỡ-;4312: Chuẩn bị mặt bằn,internet
314218014,CÔNG TY CỔ PHẦN THƯƠNG MẠI - ĐẦU TƯ GRATITRAVEL,CÔNG TY CỔ PHẦN THƯƠNG MẠI  ĐẦ,Công ty cổ phần,"8BTrần Phú, Phường 04, Quận 5, Thành phố Hồ Chí Minh, Việt Nam",Quận 5,"7911: Đại lý du lịch-;7912: Điều hành tua du lịch-Chi tiết : Kinh doanh lữ hành nội địa, quốc tế;7990: Dịch vụ đặt chỗ và các dịch vụ hỗ trợ liên quan đến quảng bá và tổ chức tua du lịch-; 8129: Vệ si",internet
314224762,CÔNG TY TNHH GIẢI PHÁP AN NINH VIỆT NHẬT,CÔNG TY TNHH GIẢI PHÁP AN NINH,Công ty trách nhiệm hữu hạn hai thành viên trở lên,"569 Nguyễn Trãi, Phường 07, Quận 5, Thành phố Hồ Chí Minh, Việt Nam",Quận 5,"6202: Tư vấn máy vi tính và quản trị hệ thống máy vi tính-;6209: Hoạt động dịch vụ công nghệ thông tin và dịch vụ khác liên quan đến máy vi tính-;6311: Xử lý dữ liệu, cho thuê và các hoạt động liên qu",internet
314240972,CÔNG TY TNHH TRUST POWER,CÔNG TY TNHH TRUST POWER,Công ty trách nhiệm hữu hạn một thành viên,"Lầu 2, 190/6 Sư Vạn Hạnh , Phường 09, Quận 5, Thành phố Hồ Chí Minh, Việt Nam",Quận 5,"4791: Bán lẻ theo yêu cầu đặt hàng qua bưu điện hoặc internet-(trừ bán lẻ bình gas, khí dầu mỏ hóa lỏng LPG, dầu nhớt cặn, vàng miếng, súng, đạn loại dùng đi săn hoặc thể thao và tiền kim khí; trừ bán",internet
314247248,CÔNG TY TNHH THƯƠNG MẠI DỊCH VỤ XÂY DỰNG BÁCH KHOA,CÔNG TY TNHH THƯƠNG MẠI DỊCH V,Công ty trách nhiệm hữu hạn hai thành viên trở lên,"31A/8 Hùng Vương, Phường 09, Quận 5, Thành phố Hồ Chí Minh, Việt Nam",Quận 5,"4669: Bán buôn chuyên doanh khác chưa được phân vào đâu-(trừ bán buôn thuốc trừ sâu, hóa chất và phế liệu, phế thải kim loại, phi kim loại tại trụ sở và trừ bán buôn bình gas, khí dầu mỏ hóa lỏng LPG,",internet
314236454,CÔNG TY TNHH THƯƠNG MẠI DỊCH VỤ NHÀ TÂN PHÁT,CÔNG TY TNHH THƯƠNG MẠI DỊCH V,Công ty trách nhiệm hữu hạn hai thành viên trở lên,"Tầng 3 MH Building 728 Võ Văn Kiệt, Phường 01, Quận 5, Thành phố Hồ Chí Minh, Việt Nam",Quận 5,"8230: Tổ chức giới thiệu và xúc tiến thương mại-(không thực hiện các hiệu ứng cháy, nổ, không sử dụng chất nổ, chất cháy, hóa chất làm đạo cụ, dụng cụ thực hiện các chương trình văn nghệ, sự kiện, phi",internet
314252022,CÔNG TY TNHH DỊCH VỤ THẮNG QUANG,CÔNG TY TNHH DỊCH VỤ THẮNG QUA,Công ty trách nhiệm hữu hạn một thành viên,"97 Trang Tử, Phường 14, Quận 5, Thành phố Hồ Chí Minh, Việt Nam",Quận 5,"5610: Nhà hàng và các dịch vụ ăn uống phục vụ lưu động-(không hoạt động tại trụ sở);5630: Dịch vụ phục vụ đồ uống-chi tiết: Quán cà phê, nước hoa quả, giải khát; Dịch vụ đồ uống khác như nước mía, nướ",internet
314256933,CÔNG TY TNHH MẠNG LƯỚI TIỀN THÔNG VIỆT NAM,CÔNG TY TNHH MẠNG LƯỚI TIỀN TH,Công ty trách nhiệm hữu hạn một thành viên,"728-730 Võ Văn Kiệt, Phường 01, Quận 5, Thành phố Hồ Chí Minh, Việt Nam",Quận 5,"4652: Bán buôn thiết bị và linh kiện điện tử, viễn thông-Chi tiết: Bán buôn thẻ cào, sim card điện thoại, thẻ internet, thẻ điện tử, thẻ game;4641: Bán buôn vải, hàng may sẵn, giày dép-;4649: Bán buôn",internet
314299704,CÔNG TY TNHH GIẢI PHÁP PHẦN MỀM HNP,CÔNG TY TNHH GIẢI PHÁP PHẦN MỀ,Công ty trách nhiệm hữu hạn một thành viên,"418/37 Trần Phú, Phường 07, Quận 5, Thành phố Hồ Chí Minh, Việt Nam",Quận 5,"7310: Quảng cáo-Chi tiết: Việc cung cấp tất cả các lĩnh vực của dịch vụ quảng cáo (thông qua năng lực của tổ chức hoặc hợp đồng phụ), bao gồm tư vấn, dịch vụ sáng tạo, sản xuất các nguyên liệu cho quả",internet
316847307,CÔNG TY TNHH WHATSBUY,CÔNG TY TNHH WHATSBUY,Công ty trách nhiệm hữu hạn hai thành viên trở lên,"05.54 Tầng 5 The Everrich Infinity, 290 An Dương Vương, Phường 04, Quận 5, Thành phố Hồ Chí Minh, Việt Nam",Quận 5,7911: Đại lý du lịch-Chi tiết: Đại lý dịch vụ vé máy bay;6209: Hoạt động dịch vụ công nghệ thông tin và dịch vụ khác liên quan đến máy vi tính-;6312: Cổng thông tin-Chi tiết: Cổng thông tin (không bao,internet
315369457,CÔNG TY TNHH ĐẦU TƯ SG FINTECH,CÔNG TY TNHH ĐẦU TƯ SG FINTECH,Công ty trách nhiệm hữu hạn hai thành viên trở lên,"Tầng 7, 268 Trần Hưng Đạo , Phường 11, Quận 5, Thành phố Hồ Chí Minh, Việt Nam",Quận 5,"4659: Bán buôn máy móc, thiết bị và phụ tùng máy khác-Chi tiết: Bán buôn máy móc, thiết bị y tế, máy móc, thiết bị và phụ tùng máy văn phòng, máy móc, thiết bị và phụ tùng máy khai khoáng, xây dựng, v",internet
315819642,CÔNG TY TNHH THƯƠNG MẠI DỊCH VỤ TƯ VẤN ĐẦU TƯ HỮU TÍN,CÔNG TY TNHH THƯƠNG MẠI DỊCH V,Công ty trách nhiệm hữu hạn hai thành viên trở lên,"3D Trần Phú, Phường 04, Quận 5, Thành phố Hồ Chí Minh, Việt Nam",Quận 5,4530: Bán phụ tùng và các bộ phận phụ trợ của ô tô và xe có động cơ khác-Chi tiết: Bán lẻ phụ tùng và các bộ phận phụ trợ của ô tô con (loại 9 chỗ ngồi trở xuống). Đại lý phụ tùng và các bộ phận phụ t,internet
314326429,CÔNG TY CỔ PHẦN THỜI TRANG NHÂM TRẦN,CÔNG TY CỔ PHẦN THỜI TRANG NHÂ,Công ty cổ phần,"204/2B Cao Đạt, Phường 01, Quận 5, Thành phố Hồ Chí Minh, Việt Nam",Quận 5,"4669: Bán buôn chuyên doanh khác chưa được phân vào đâu-Chi tiết: Bán buôn, xuất nhập khẩu phụ liệu may mặc.;4719: Bán lẻ khác trong các cửa hàng kinh doanh tổng hợp-Chi tiết: Bán lẻ trong siêu thị, t",internet
314330802,CÔNG TY TNHH VUI CHƠI GIẢI TRÍ 68,CÔNG TY TNHH VUI CHƠI GIẢI TRÍ,Công ty trách nhiệm hữu hạn một thành viên,"51-53 Phó Cơ Điều, Phường 12, Quận 5, Thành phố Hồ Chí Minh, Việt Nam",Quận 5,"4764: Bán lẻ trò chơi, đồ chơi trong các cửa hàng chuyên doanh-(không kinh doanh đồ chơi có hại cho giáo dục nhân cách, sức khoẻ của trẻ em hoặc ảnh hưởng đến an ninh trật tự, an toàn xã hội);6329: Dị",internet
314428607,CÔNG TY TNHH A2Z INTERNATIONAL,CÔNG TY TNHH A2Z INTERNATIONAL,Công ty trách nhiệm hữu hạn một thành viên,"05. 26 - Tầng 5 Tòa Nhà The Everrich infinity, 290 An Dương Vương, Phường 04, Quận 5, Thành phố Hồ Chí Minh, Việt Nam",Quận 5,"5210: Kho bãi và lưu giữ hàng hóa-Chi tiết: Lưu giữ hàng hóa (trừ kinh doanh kho bãi);4663: Bán buôn vật liệu, thiết bị lắp đặt khác trong xây dựng-;4669: Bán buôn chuyên doanh khác chưa được phân vào",internet
314476664,DOANH NGHIỆP TƯ NHÂN DỊCH VỤ TRÒ CHƠI ĐIỆN TỬ STORM,DOANH NGHIỆP TƯ NHÂN DỊCH VỤ T,Doanh nghiệp tư nhân,"317 Trần Bình Trọng, Phường 04, Quận 5, Thành phố Hồ Chí Minh, Việt Nam",Quận 5,"6190: Hoạt động viễn thông khác-Chi tiết: Hoạt động của các điểm truy cập Internet, điểm cung cấp dịch vụ trò chơi điện tử công cộng (trừ kinh doanh trò chơi có thưởng dành cho người nước ngoài và kin",internet
314498770,CÔNG TY TNHH DI & HY,CÔNG TY TNHH DI  HY,Công ty trách nhiệm hữu hạn một thành viên,"897 Trần Hưng Đạo, Phường 01, Quận 5, Thành phố Hồ Chí Minh, Việt Nam",Quận 5,"4652: Bán buôn thiết bị và linh kiện điện tử, viễn thông-Chi tiết: - Bán buôn thiết bị và linh kiện điện tử, viễn thông chi tiết: bán buôn sim card điện thoại, thẻ internet, thẻ sim;4741: Bán lẻ m",internet
314544522,CÔNG TY TNHH THƯƠNG MẠI - DỊCH VỤ TIN HỌC TÂN KHANG,CÔNG TY TNHH THƯƠNG MẠI  DỊCH ,Công ty trách nhiệm hữu hạn một thành viên,"280 Cao Đạt, Phường 01, Quận 5, Thành phố Hồ Chí Minh, Việt Nam",Quận 5,6190: Hoạt động viễn thông khác-chi tiết: Đại lý dịch vụ truy cập Internet (không hoạt động tại trụ sở).;6202: Tư vấn máy vi tính và quản trị hệ thống máy vi tính-;6209: Hoạt động dịch vụ công nghệ th,internet
314508193,CÔNG TY TNHH SAGOMEDIA,CÔNG TY TNHH SAGOMEDIA,Công ty trách nhiệm hữu hạn một thành viên,"728 Võ Văn Kiệt, Phường 01, Quận 5, Thành phố Hồ Chí Minh, Việt Nam",Quận 5,"1410: May trang phục (trừ trang phục từ da lông thú)-(không  tẩy, nhuộm, hồ, in và không gia công hàng đã qua sử dụng, thuộc da, luyện cán cao su tại trụ sở);4742: Bán lẻ thiết bị nghe nhìn trong các ",internet
314398208,CÔNG TY TNHH DỊCH VỤ THƯƠNG MẠI VẬN TẢI XUẤT NHẬP KHẨU DTN,CÔNG TY TNHH DỊCH VỤ THƯƠNG MẠ,Công ty trách nhiệm hữu hạn hai thành viên trở lên,"Số 22/13 Nguyễn Văn Đừng, Phường 06, Quận 5, Thành phố Hồ Chí Minh, Việt Nam",Quận 5,"4711: Bán lẻ lương thực, thực phẩm, đồ uống, thuốc lá, thuốc lào chiếm tỷ trọng lớn trong các cửa hàng kinh doanh tổng hợp-Chi tiết: Bán lẻ trong cửa hàng tiện lợi (minimarket); Bán lẻ trong các cửa h",internet
314538127,CÔNG TY CỔ PHẦN GIẢI PHÁP SỨC KHỎE VẠN KHANG,CÔNG TY CỔ PHẦN GIẢI PHÁP SỨC ,Công ty cổ phần,"31A/8 Hùng Vương, Phường 09, Quận 5, Thành phố Hồ Chí Minh, Việt Nam",Quận 5,"1811: In ấn-;1812: Dịch vụ liên quan đến in-;4669: Bán buôn chuyên doanh khác chưa được phân vào đâu-Chi tiết: Bán buôn linh kiện máy tính;4741: Bán lẻ máy vi tính, thiết bị ngoại vi, phần mềm và thiế",internet
314550766,CÔNG TY CỔ PHẦN NUTRAMED,CÔNG TY CỔ PHẦN NUTRAMED,Công ty cổ phần,"105 Ngô Quyền, Phường 11, Quận 5, Thành phố Hồ Chí Minh, Việt Nam",Quận 5,"4649: Bán buôn đồ dùng khác cho gia đình-Chi tiết: Bán buôn dược phẩm và dụng cụ y tế; Bán buôn nước hoa, hàng mỹ phẩm và chế phẩm vệ sinh. Bán buôn đồ điện gia dụng, đèn và bộ đèn điện; Bán buôn vali",internet
314452381,CÔNG TY TNHH INTERNET WOOD GLUE (VIETNAM),CÔNG TY TNHH INTERNET WOOD GLU,Công ty trách nhiệm hữu hạn một thành viên,"Tầng 2, tòa nhà Hà Phan, số 1119 Trần Hưng Đạo , Phường 05, Quận 5, Thành phố Hồ Chí Minh, Việt Nam",Quận 5,"4690: Bán buôn tổng hợp-Chi tiết: Thực hiện quyền xuất khẩu, quyền nhập khẩu và quyền phân phối bán buôn các hàng hóa không thuộc danh mục cấm xuất khẩu, nhập khẩu hoặc không được phân phối theo quy đ",internet
314595767,CÔNG TY CỔ PHẦN ĐẦU TƯ SÁNG KIẾN VIỆT,CÔNG TY CỔ PHẦN ĐẦU TƯ SÁNG KI,Công ty cổ phần,"462-464 An Dương Vương, Phường 04, Quận 5, Thành phố Hồ Chí Minh, Việt Nam",Quận 5,5610: Nhà hàng và các dịch vụ ăn uống phục vụ lưu động-;5629: Dịch vụ ăn uống khác-(trừ hoạt động quán bar và quán giải khát có khiêu vũ).;5820: Xuất bản phần mềm-Chi tiết: Sản xuất phần mềm;6201: Lập,internet
314667997,CÔNG TY TNHH TRÒ CHƠI GIẢI TRÍ V12,CÔNG TY TNHH TRÒ CHƠI GIẢI TRÍ,Công ty trách nhiệm hữu hạn một thành viên,"210 Đường Trần Hưng Đạo, Phường 11, Quận 5, Thành phố Hồ Chí Minh, Việt Nam",Quận 5,9329: Hoạt động vui chơi giải trí khác chưa được phân vào đâu-Chi tiết: Kinh doanh trò chơi điện tử (trừ kinh doanh trò chơi điện tử có thưởng dành cho người nước ngoài và kinh doanh trò chơi điện tử ,internet
314690749,CÔNG TY TNHH ĐẦU TƯ GIÁO DỤC VÀ PHÁT TRIỂN THỂ CHẤT IPOS VIỆT NAM,CÔNG TY TNHH ĐẦU TƯ GIÁO DỤC V,Công ty trách nhiệm hữu hạn hai thành viên trở lên,"32A Trần Bình Trọng , Phường 01, Quận 5, Thành phố Hồ Chí Minh, Việt Nam",Quận 5,"0210: Trồng rừng và chăm sóc rừng-;0221: Khai thác gỗ-;0222: Khai thác lâm sản khác trừ gỗ-;4663: Bán buôn vật liệu, thiết bị lắp đặt khác trong xây dựng-;4711: Bán lẻ lương thực, thực phẩm, đồ uống, ",internet
314787324,CÔNG TY TNHH MỘT THÀNH VIÊN TRỊ LIỆU THẦN KINH CỘT SỐNG LCC,CÔNG TY TNHH MỘT THÀNH VIÊN TR,Công ty trách nhiệm hữu hạn một thành viên,"567 Trần Hưng Đạo, Phường 14, Quận 5, Thành phố Hồ Chí Minh, Việt Nam",Quận 5,"1080: Sản xuất thức ăn gia súc, gia cầm và thuỷ sản-; 4781: Bán lẻ lương thực, thực phẩm, đồ uống, thuốc lá, thuốc lào lưu động hoặc tại chợ-(Thực hiện theo Quyết định số 64/2009/QĐ-UBND ngày 31/7/200",internet
314736591,CÔNG TY TNHH DỊCH VỤ - THƯƠNG MẠI  KPS,CÔNG TY TNHH DỊCH VỤ  THƯƠNG M,Công ty trách nhiệm hữu hạn một thành viên,"Số 474/3 Trần Hưng Đạo, Phường 02, Quận 5, Thành phố Hồ Chí Minh, Việt Nam",Quận 5,"7710: Cho thuê xe có động cơ-Chi tiết: Cho thuê xe Ô Tô con; 4610: Đại lý, môi giới, đấu giá hàng hóa-Chi tiết: Đại lý, môi giới (trừ môi giới bảo hiểm); 5221: Hoạt động dịch vụ hỗ trợ trực tiếp cho ",internet
314763235,CÔNG TY TNHH HTE GLOBAL,CÔNG TY TNHH HTE GLOBAL,Công ty trách nhiệm hữu hạn hai thành viên trở lên,"43 Trần Xuân Hòa, Phường 07, Quận 5, Thành phố Hồ Chí Minh, Việt Nam",Quận 5,"3311: Sửa chữa các sản phẩm kim loại đúc sẵn-(không hoạt động tại trụ sở);3312: Sửa chữa máy móc, thiết bị-(không hoạt động tại trụ sở);3313: Sửa chữa thiết bị điện tử và quang học-(không hoạt động tạ",internet
314788166,CÔNG TY TNHH BUSINESS NETWORKING INTERNATIONAL ONLINE,CÔNG TY TNHH BUSINESS NETWORKI,Công ty trách nhiệm hữu hạn một thành viên,"Lầu 4, Số 40 Huỳnh Mẫn Đạt, Phường 02, Quận 5, Thành phố Hồ Chí Minh, Việt Nam",Quận 5,"0210: Trồng rừng và chăm sóc rừng-;4663: Bán buôn vật liệu, thiết bị lắp đặt khác trong xây dựng-;4771: Bán lẻ hàng may mặc, giày dép, hàng da và giả da trong các cửa hàng chuyên doanh-;5621: Cung cấp",network
314805502,CÔNG TY TNHH KINH DOANH VÀNG BẠC ĐÁ QUÝ THANH THỦY,CÔNG TY TNHH KINH DOANH VÀNG B,Công ty trách nhiệm hữu hạn một thành viên,"Sạp A49 - A50 Tầng hầm chợ An Đông, Số 34-36 An Dương Vương , Phường 09, Quận 5, Thành phố Hồ Chí Minh, Việt Nam",Quận 5,"4100: Xây dựng nhà các loại-;4773: Bán lẻ hàng hóa khác mới trong các cửa hàng chuyên doanh-Chi tiết: Mua bán vàng trang sức, mỹ nghệ (trừ mua bán vàng miếng). Bán lẻ đá quí và đá bán quí, bán lẻ đồ t",internet
314661177,CÔNG TY TNHH THÀNH BƯỞI SÀI GÒN,CÔNG TY TNHH THÀNH BƯỞI SÀI GÒ,Công ty trách nhiệm hữu hạn hai thành viên trở lên,"266-268 Lê Hồng Phong, Phường 04, Quận 5, Thành phố Hồ Chí Minh, Việt Nam",Quận 5,0146: Chăn nuôi gia cầm-(không hoạt động tại trụ sở);0149: Chăn nuôi khác-(không hoạt động tại trụ sở);0322: Nuôi trồng thuỷ sản nội địa-chi tiết: Nuôi trồng thủy sản nước ngọt (không hoạt động tại tr,internet
314688002,CÔNG TY TNHH DV TM TÂM AN,CÔNG TY TNHH DV TM TÂM AN,Công ty trách nhiệm hữu hạn một thành viên,"Số 3 Tăng Bạt Hổ, Phường 12, Quận 5, Thành phố Hồ Chí Minh, Việt Nam",Quận 5,"1812: Dịch vụ liên quan đến in-;5610: Nhà hàng và các dịch vụ ăn uống phục vụ lưu động-Chi tiết: Nhà hàng, quán ăn, hàng ăn uống;5629: Dịch vụ ăn uống khác-;5630: Dịch vụ phục vụ đồ uống-(trừ hoạt độn",internet
314447800,CÔNG TY TNHH THƯƠNG MẠI XUẤT NHẬP KHẨU DUY PHÚC,CÔNG TY TNHH THƯƠNG MẠI XUẤT N,Công ty trách nhiệm hữu hạn hai thành viên trở lên,"183/12/7 Trần Phú, Phường 04, Quận 5, Thành phố Hồ Chí Minh, Việt Nam",Quận 5,"4933: Vận tải hàng hóa bằng đường bộ-;5022: Vận tải hàng hóa đường thuỷ nội địa-;4931: Vận tải hành khách đường bộ trong nội thành, ngoại thành (trừ vận tải bằng xe buýt)-;4932: Vận tải hành khách đườ",internet
314670220,CÔNG TY TNHH HOÀNG GIA TECHNOLOGY,CÔNG TY TNHH HOÀNG GIA TECHNOL,Công ty trách nhiệm hữu hạn một thành viên,"402/41 An Dương Vương, Phường 04, Quận 5, Thành phố Hồ Chí Minh, Việt Nam",Quận 5,"2592: Gia công cơ khí; xử lý và tráng phủ kim loại-(không hoạt động tại trụ sở);4659: Bán buôn máy móc, thiết bị và phụ tùng máy khác-;4662: Bán buôn kim loại và quặng kim loại-;2410: Sản xuất sắt, th",technology
314682307,CÔNG TY TNHH  TYHOASY,CÔNG TY TNHH  TYHOASY,Công ty trách nhiệm hữu hạn một thành viên,"Số 4 Tân Hàng , Phường 10, Quận 5, Thành phố Hồ Chí Minh, Việt Nam",Quận 5,"4649: Bán buôn đồ dùng khác cho gia đình-Chi tiết: Bán buôn thẻ cào điện thoại, thẻ game;6190: Hoạt động viễn thông khác-Chi tiết: Hoạt động của các điểm truy cập internet;9329: Hoạt động vui chơi giả",internet
314705473,CÔNG TY TNHH THƯƠNG MẠI DỊCH VỤ HIPOTA,CÔNG TY TNHH THƯƠNG MẠI DỊCH V,Công ty trách nhiệm hữu hạn hai thành viên trở lên,"55 Trần Chánh Chiếu, Phường 14, Quận 5, Thành phố Hồ Chí Minh, Việt Nam",Quận 5,"6329: Dịch vụ thông tin khác chưa được phân vào đâu-Chi tiết: Dịch vụ cung cấp thông tin lên mạng internet;4791: Bán lẻ theo yêu cầu đặt hàng qua bưu điện hoặc internet-(trừ bán lẻ bình gas, khí dầu m",internet
314717951,CÔNG TY CỔ PHẦN XÂY DỰNG CISCO,CÔNG TY CỔ PHẦN XÂY DỰNG CISCO,Công ty cổ phần,"150/20 Trần Tuấn Khải, Phường 05, Quận 5, Thành phố Hồ Chí Minh, Việt Nam",Quận 5,"2599: Sản xuất sản phẩm khác bằng kim loại chưa được phân vào đâu-Chi tiết:
-  Sản xuất đồ dùng bằng kim loại cho nhà bếp, nhà vệ sinh và nhà ăn
- Sản xuất các thiết bị văn phòng bằng kim loại, trừ đồ",internet
314817829,CÔNG TY TNHH TM DV VĂN HÓA HOÀNG ĐẠI,CÔNG TY TNHH TM DV VĂN HÓA HOÀ,Công ty trách nhiệm hữu hạn hai thành viên trở lên,"112 Hùng Vương, Phường 09, Quận 5, Thành phố Hồ Chí Minh, Việt Nam",Quận 5,"1811: In ấn-;1812: Dịch vụ liên quan đến in-;4761: Bán lẻ sách, báo, tạp chí văn phòng phẩm trong các cửa hàng chuyên doanh-;4610: Đại lý, môi giới, đấu giá-Chi tiết: Đại lý mua bán, ký gửi hàng hóa.;",internet
314828669,CÔNG TY TNHH CRED,CÔNG TY TNHH CRED,Công ty trách nhiệm hữu hạn một thành viên,"684/28A Trần Hưng Đạo, Phường 02, Quận 5, Thành phố Hồ Chí Minh, Việt Nam",Quận 5,"8230: Tổ chức giới thiệu và xúc tiến thương mại-Chi tiết: Tổ chức hội nghị, hội thảo (không thực hiện các hiệu ứng cháy, nổ; không sử dụng chất nổ, chất cháy, hóa chất làm đạo cụ, dụng cụ thực hiện cá",internet
314859219,CÔNG TY CỔ PHẦN VIỆT TOẢN,CÔNG TY CỔ PHẦN VIỆT TOẢN,Công ty cổ phần,"684/28A Trần Hưng Đạo, Phường 02, Quận 5, Thành phố Hồ Chí Minh, Việt Nam",Quận 5,1030: Chế biến và bảo quản rau quả-(không hoạt động tại trụ sở);4722: Bán lẻ thực phẩm trong các cửa hàng chuyên doanh-(Thực hiện theo quyết định 64/2009/QĐ-UBND ngày 31/7/2009 và quyết định 79/2009/Q,internet
314861715,CÔNG TY CỔ PHẦN THƯƠNG MẠI DỊCH VỤ VÀ ĐẦU TƯ VẠN TÍN PHÁT,CÔNG TY CỔ PHẦN THƯƠNG MẠI DỊC,Công ty cổ phần,"125/17A Trần Bình Trọng, Phường 02, Quận 5, Thành phố Hồ Chí Minh, Việt Nam",Quận 5,"5229: Hoạt động dịch vụ hỗ trợ khác liên quan đến vận tải-Chi tiết: Đại lý bán vé máy bay, gửi hàng, giao nhận hàng hóa; thu, phát các chứng từ vận tải và vận đơn; hoạt động của đại lý làm thủ tục hải",internet
314860694,CÔNG TY TNHH THƯƠNG MẠI DỊCH VỤ VIỆT RETAIL,CÔNG TY TNHH THƯƠNG MẠI DỊCH V,Công ty trách nhiệm hữu hạn một thành viên,"35 Phó Cơ Điều, Phường 12, Quận 5, Thành phố Hồ Chí Minh, Việt Nam",Quận 5,"2620: Sản xuất máy vi tính và thiết bị ngoại vi của máy vi tính-Chi tiết: sản xuất, lắp đặt các sản phẩm trong lĩnh vực tin học và công nghệ thông tin, điện tử, điện tử viễn thông;1010: Chế biến, bảo ",internet
314855574,CÔNG TY TNHH M.A.Y,CÔNG TY TNHH MAY,Công ty trách nhiệm hữu hạn hai thành viên trở lên,"08 Tản Đà, Phường 10, Quận 5, Thành phố Hồ Chí Minh, Việt Nam",Quận 5,"1811: In ấn-(trừ in, tráng bao bì kim loại và in trên sản phẩm dệt may đan tại trụ sở);1812: Dịch vụ liên quan đến in-;1820: Sao chép bản ghi các loại-;4663: Bán buôn vật liệu, thiết bị lắp đặt khác t",internet
314871424,CÔNG TY TNHH  THƯƠNG MẠI DỊCH VỤ TỔNG HỢP SONG AN,CÔNG TY TNHH  THƯƠNG MẠI DỊCH ,Công ty trách nhiệm hữu hạn một thành viên,"101/37 Nguyễn Chí Thanh, Phường 09, Quận 5, Thành phố Hồ Chí Minh, Việt Nam",Quận 5,"1079: Sản xuất thực phẩm khác chưa được phân vào đâu-Chi tiết: Sản xuất các sản phẩm cà phê như: cà phê hòa tan, cà phê lọc, chiết xuất cà phê và cà phê cô đặc; rang và lọc cà phê (không hoạt động tại",internet
314859392,CÔNG TY TNHH DỊCH VỤ THẮNG LỢI RISE,CÔNG TY TNHH DỊCH VỤ THẮNG LỢI,Công ty trách nhiệm hữu hạn một thành viên,"Số 766 Đường Trần Hưng Đạo, Phường 07, Quận 5, Thành phố Hồ Chí Minh, Việt Nam",Quận 5,"4723: Bán lẻ đồ uống trong các cửa hàng chuyên doanh-Chi tiết: Bán lẻ nước giải khát, nước ngọt;5629: Dịch vụ ăn uống khác-Chi tiết: Cung cấp dịch vụ ăn uống nhẹ (thức ăn nhanh) cho nhân viên văn phòn",internet
314886999,CÔNG TY TNHH HANADA,CÔNG TY TNHH HANADA,Công ty trách nhiệm hữu hạn một thành viên,"Số 11 Trần Phú, Phường 04, Quận 5, Thành phố Hồ Chí Minh, Việt Nam",Quận 5,"4101: Xây dựng nhà để ở-; 4102: Xây dựng nhà không để ở-; 4329: Lắp đặt hệ thống xây dựng khác-; 4330: Hoàn thiện công trình xây dựng-; 4390: Hoạt động xây dựng chuyên dụng khác-; 4610: Đại lý, môi gi",lap top
314901100,CÔNG TY TNHH CLEVERSO,CÔNG TY TNHH CLEVERSO,Công ty trách nhiệm hữu hạn một thành viên,"911 Nguyễn Trãi , Phường 14, Quận 5, Thành phố Hồ Chí Minh, Việt Nam",Quận 5,"7410: Hoạt động thiết kế chuyên dụng-Chi tiết: -Thiết kế website
-Dịch vụ thiết kế đồ thị, đồ họa
 - Hoạt động trang trí nội thất 
- Thiết kế thời trang .;4649: Bán buôn đồ dùng khác cho gia đình-Chi ",internet
314914597,CÔNG TY TNHH TRÍ BẢO TIẾN,CÔNG TY TNHH TRÍ BẢO TIẾN,Công ty trách nhiệm hữu hạn hai thành viên trở lên,"61 Gia Phú, Phường 13, Quận 5, Thành phố Hồ Chí Minh, Việt Nam",Quận 5,"6201: Lập trình máy vi tính-; 4651: Bán buôn máy vi tính, thiết bị ngoại vi và phần mềm-; 8559: Giáo dục khác chưa được phân vào đâu-Chi tiết: Dạy kỹ năng; Dạy ngoại ngữ và dạy kỹ năng đàm thoại; Dạy ",internet
314969966,CÔNG TY TNHH DỊCH VỤ VUI CHƠI GIẢI TRÍ HỶ LAI MÔN,CÔNG TY TNHH DỊCH VỤ VUI CHƠI ,Công ty trách nhiệm hữu hạn một thành viên,"Tầng 2 Khu Thương Mại, 98-126  Nguyễn Tri Phương	, Phường 07, Quận 5, Thành phố Hồ Chí Minh, Việt Nam",Quận 5,"5630: Dịch vụ phục vụ đồ uống-chi tiết: quán cà phê (trừ kinh doanh quán bar, quán giải khát có khiêu vũ);7310: Quảng cáo-;4329: Lắp đặt hệ thống xây dựng khác-chi tiết: lắp đặt hệ thống mạng máy tính",internet
314986175,CÔNG TY TNHH DỊCH VỤ THƯƠNG MẠI VSTATION,CÔNG TY TNHH DỊCH VỤ THƯƠNG MẠ,Công ty trách nhiệm hữu hạn một thành viên,"133/3 Lê Hồng Phong, Phường 03, Quận 5, Thành phố Hồ Chí Minh, Việt Nam",Quận 5,"1811: In ấn-;1812: Dịch vụ liên quan đến in-;4759: Bán lẻ đồ điện gia dụng, giường, tủ, bàn, ghế và đồ nội thất tương tự, đèn và bộ đèn điện, đồ dùng gia đình khác chưa được phân vào đâu trong các cửa",internet
315018723,CÔNG TY TNHH HAILAN VIỆT NAM,CÔNG TY TNHH HAILAN VIỆT NAM,Công ty trách nhiệm hữu hạn một thành viên,"911-913-915-917 Đường Nguyễn Trãi, Phường 14, Quận 5, Thành phố Hồ Chí Minh, Việt Nam",Quận 5,"4741: Bán lẻ máy vi tính, thiết bị ngoại vi, phần mềm và thiết bị viễn thông trong các cửa hàng chuyên doanh-Chi tiết: Bán lẻ máy vi tính, thiết bị ngoại vi, phần mềm và thiết bị vi tính, Bán lẻ  máy ",internet
315028947,CÔNG TY CỔ PHẦN TỔ CHỨC SỰ KIỆN VÀ PHÁT TRIỂN GIÁO DỤC - NGHỆ THUẬT GREENHOPE,CÔNG TY CỔ PHẦN TỔ CHỨC SỰ KIỆ,Công ty cổ phần,"65 Phù Đổng Thiên Vương, Phường 11, Quận 5, Thành phố Hồ Chí Minh, Việt Nam",Quận 5,4791: Bán lẻ theo yêu cầu đặt hàng qua bưu điện hoặc internet-;8510: Giáo dục mầm non-;8532: Giáo dục nghề nghiệp-Chi tiết: Dạy nghề;4721: Bán lẻ lương thực trong các cửa hàng chuyên doanh-(thực hiện ,internet
315061736,CÔNG TY TNHH THƯƠNG MẠI DỊCH VỤ CQT,CÔNG TY TNHH THƯƠNG MẠI DỊCH V,Công ty trách nhiệm hữu hạn hai thành viên trở lên,"387/24 Phan Văn Trị, Phường 02, Quận 5, Thành phố Hồ Chí Minh, Việt Nam",Quận 5,"4773: Bán lẻ hàng hóa khác mới trong các cửa hàng chuyên doanh-(trừ bán lẻ hóa chất, khí dầu mỏ hóa lỏng LPG, dầu nhớt cặn, vàng miếng, súng, đạn loại dùng đi săn hoặc thể thao và tiền kim khí; Thực h",internet
315109628,CÔNG TY TNHH SAN FRANCISLONG,CÔNG TY TNHH SAN FRANCISLONG,Công ty trách nhiệm hữu hạn hai thành viên trở lên,"785 Nguyễn Trãi, Phường 11, Quận 5, Thành phố Hồ Chí Minh, Việt Nam",Quận 5,"4649: Bán buôn đồ dùng khác cho gia đình-(trừ kinh doanh dược phẩm).;4651: Bán buôn máy vi tính, thiết bị ngoại vi và phần mềm-;4652: Bán buôn thiết bị và linh kiện điện tử, viễn thông-;4659: Bán buôn",internet
314988623,CÔNG TY TNHH KHƠI NGUỒN SỐNG,CÔNG TY TNHH KHƠI NGUỒN SỐNG,Công ty trách nhiệm hữu hạn hai thành viên trở lên,"137 Bạch Vân, Phường 05, Quận 5, Thành phố Hồ Chí Minh, Việt Nam",Quận 5,"4711: Bán lẻ lương thực, thực phẩm, đồ uống, thuốc lá, thuốc lào chiếm tỷ trọng lớn trong các cửa hàng kinh doanh tổng hợp-Chi tiết: Bán lẻ lương thực, thực phẩm, đồ uống, thuốc lá nội, thuốc lào chiế",internet
314980617,CÔNG TY TNHH ĐIỆN TỬ NẮNG MAI,CÔNG TY TNHH ĐIỆN TỬ NẮNG MAI,Công ty trách nhiệm hữu hạn một thành viên,"Tầng 3, 98-126 Nguyễn Tri Phương, Phường 07, Quận 5, Thành phố Hồ Chí Minh, Việt Nam",Quận 5,"5630: Dịch vụ phục vụ đồ uống-Chi tiết: Hoạt động của các quán chế biến và phục vụ khách hàng tại chỗ các loại đồ uống như: cà phê, nước sinh tố, nước mía, nước quả ép (trừ họat động quán bar và áun h",internet
315112606,CÔNG TY TNHH QUÂN ITCARE,CÔNG TY TNHH QUÂN ITCARE,Công ty trách nhiệm hữu hạn một thành viên,"197/109 Cao Đạt, Phường 01, Quận 5, Thành phố Hồ Chí Minh, Việt Nam",Quận 5,6202: Tư vấn máy vi tính và quản trị hệ thống máy vi tính-;6209: Hoạt động dịch vụ công nghệ thông tin và dịch vụ khác liên quan đến máy vi tính-(trừ kinh doanh đại lý cung cấp dịch vụ truy cập intern,internet
315143393,CÔNG TY CỔ PHẦN ĐẦU TƯ VIỆT MỸ SÀI GÒN,CÔNG TY CỔ PHẦN ĐẦU TƯ VIỆT MỸ,Công ty cổ phần,"Số 06 đường Trần Hoà, Phường 10, Quận 5, Thành phố Hồ Chí Minh, Việt Nam",Quận 5,"4330: Hoàn thiện công trình xây dựng-;4329: Lắp đặt hệ thống xây dựng khác-;3320: Lắp đặt máy móc và thiết bị công nghiệp-;4321: Lắp đặt hệ thống điện-(trừ gia công cơ khí, tái chế phế thải, xi mạ điệ",internet
315208058,CÔNG TY TNHH GLOBAL DAILY VIETNAM,CÔNG TY TNHH GLOBAL DAILY VIET,Công ty trách nhiệm hữu hạn hai thành viên trở lên,"329-331 An Dương Vương, Phường 03, Quận 5, Thành phố Hồ Chí Minh, Việt Nam",Quận 5,"7310: Quảng cáo-Chi tiết: Dịch vụ quảng cáo 
(Tổ chức kinh tế có vốn đầu tư nước ngoài không được thực hiện quảng cáo thuốc lá; việc quảng cáo rượu phải tuân thủ các quy định của Nhà nước) (không được",internet
315214397,CÔNG TY TNHH MỘT THÀNH VIÊN GIẢI TRÍ QUỐC TẾ KIM SA,CÔNG TY TNHH MỘT THÀNH VIÊN GI,Công ty trách nhiệm hữu hạn một thành viên,"570-574 Nguyễn Trãi, Phường 08, Quận 5, Thành phố Hồ Chí Minh, Việt Nam",Quận 5,"9000: Hoạt động sáng tác, nghệ thuật và giải trí-Chi tiết: Kinh doanh dịch vụ karaoke (trừ kinh doanh vũ trường, phòng trà ca nhạc và không thực hiện các hiệu ứng cháy, nổ; không sử dụng chất nổ, chất",internet
315054030,CÔNG TY TNHH ĐIỆN LẠNH THÀNH PHÁT,CÔNG TY TNHH ĐIỆN LẠNH THÀNH P,Công ty trách nhiệm hữu hạn hai thành viên trở lên,"119/24J Đường Nguyễn Văn Cừ, Phường 02, Quận 5, Thành phố Hồ Chí Minh, Việt Nam",Quận 5,"4759: Bán lẻ đồ điện gia dụng, giường, tủ, bàn, ghế và đồ nội thất tương tự, đèn và bộ đèn điện, đồ dùng gia đình khác chưa được phân vào đâu trong các cửa hàng chuyên doanh-Chi tiết: - Bán lẻ dụng cụ",internet
315235407,CÔNG TY TNHH ĐIỆN TỬ CƯỜNG VINH,CÔNG TY TNHH ĐIỆN TỬ CƯỜNG VIN,Công ty trách nhiệm hữu hạn hai thành viên trở lên,"225 Trần Tuấn Khải, Phường 07, Quận 5, Thành phố Hồ Chí Minh, Việt Nam",Quận 5,"4649: Bán buôn đồ dùng khác cho gia đình-Chi tiết: Bán buôn vali, cặp, túi, hàng da và giả da khác; Bán buôn nước hoa, hàng mỹ phẩm và chế phẩm vệ sinh; Bán buôn hàng gốm, sứ, thủy tinh. Bán buôn đồ đ",lap top
315208410,CÔNG TY TNHH THƯƠNG MẠI DỊCH VỤ SUOLIN,CÔNG TY TNHH THƯƠNG MẠI DỊCH V,Công ty trách nhiệm hữu hạn hai thành viên trở lên,"152A Tân Thành, Phường 15, Quận 5, Thành phố Hồ Chí Minh, Việt Nam",Quận 5,"2610: Sản xuất linh kiện điện tử-;2640: Sản xuất sản phẩm điện tử dân dụng-;4759: Bán lẻ đồ điện gia dụng, giường, tủ, bàn, ghế và đồ nội thất tương tự, đèn và bộ đèn điện, đồ dùng gia đình khác chưa ",internet
315196525,CÔNG TY TNHH THƯƠNG MẠI MẬU DỊCH YUN JIE,CÔNG TY TNHH THƯƠNG MẠI MẬU DỊ,Công ty trách nhiệm hữu hạn một thành viên,"Tầng 15, Cao ốc M-H Building, Số 728-730 Võ Văn Kiệt, Phường 01, Quận 5, Thành phố Hồ Chí Minh, Việt Nam",Quận 5,"4649: Bán buôn đồ dùng khác cho gia đình-Chi tiết: Bán buôn, xuất nhập khẩu vali, cặp, túi, ví, hàng da và giả da khác. Bán buôn, xuất nhập khẩu nước hoa, hàng mỹ phẩm và chế phẩm vệ sinh. Bán buôn, x",internet
315133980,CÔNG TY TNHH DỊCH VỤ QUANG THỊNH - HỘI QUÁN GAME,CÔNG TY TNHH DỊCH VỤ QUANG THỊ,Công ty trách nhiệm hữu hạn một thành viên,"47-49 Nguyễn Văn Cừ, Phường 01, Quận 5, Thành phố Hồ Chí Minh, Việt Nam",Quận 5,6190: Hoạt động viễn thông khác-Chi tiết: Cung cấp dịch vụ trò chơi điện tử trên mạng; Dịch vụ giá trị gia tăng trên mạng internet và viễn thông; Dịch vụ truy cập dữ liệu; Dịch vụ xử lý dữ liệu và thô,internet
315252642,CÔNG TY TNHH THỰC PHẨM VẠN NIÊN PHÁT,CÔNG TY TNHH THỰC PHẨM VẠN NIÊ,Công ty trách nhiệm hữu hạn hai thành viên trở lên,"18/10 Phan Văn Trị, Phường 02, Quận 5, Thành phố Hồ Chí Minh, Việt Nam",Quận 5,"4632: Bán buôn thực phẩm-(không hoạt động tại trụ sở);4633: Bán buôn đồ uống-;4711: Bán lẻ lương thực, thực phẩm, đồ uống, thuốc lá, thuốc lào chiếm tỷ trọng lớn trong các cửa hàng kinh doanh tổng hợp",internet
315256319,CÔNG TY TNHH THƯƠNG MẠI DỊCH VỤ IGP,CÔNG TY TNHH THƯƠNG MẠI DỊCH V,Công ty trách nhiệm hữu hạn một thành viên,"1-3 Trần Điện, Phường 10, Quận 5, Thành phố Hồ Chí Minh, Việt Nam",Quận 5,"8292: Dịch vụ đóng gói-(trừ đóng gói thuốc bảo vệ thực vật).;8299: Hoạt động dịch vụ hỗ trợ kinh doanh khác còn lại chưa được phân vào đâu-chi tiết: dịch vụ giữ xe đạp, xe gắn máy, xe ô tô;9329: Hoạt ",internet
315261164,CÔNG TY TNHH NHÀ MAY TÂN,CÔNG TY TNHH NHÀ MAY TÂN,Công ty trách nhiệm hữu hạn một thành viên,"227 Trần Hưng Đạo, Phường 10, Quận 5, Thành phố Hồ Chí Minh, Việt Nam",Quận 5,"8219: Photo, chuẩn bị tài liệu và các hoạt động hỗ trợ văn phòng đặc biệt khác-;6820: Tư vấn, môi giới, đấu giá bất động sản, đấu giá quyền sử dụng đất-Chi tiết: Tư vấn, môi giới bất động sản (trừ tư ",internet
315309962,CÔNG TY TNHH XUẤT NHẬP KHẨU THỜI TRANG LOAN THẢO,CÔNG TY TNHH XUẤT NHẬP KHẨU TH,Công ty trách nhiệm hữu hạn một thành viên,"Số 4 Công Trường An Đông, Phường 09, Quận 5, Thành phố Hồ Chí Minh, Việt Nam",Quận 5,"6612: Môi giới hợp đồng hàng hoá và chứng khoán-Chi tiết: Môi giới hợp đồng hàng hóa;7020: Hoạt động tư vấn quản lý-(trừ tư vấn tài chính, kế toán, pháp luật);7310: Quảng cáo-;7410: Hoạt động thiết kế",internet
315361553,CÔNG TY CỔ PHẦN  XÂY DỰNG TƯ VẤN THIẾT KẾ TẬP ĐOÀN,CÔNG TY CỔ PHẦN  XÂY DỰNG TƯ V,Công ty cổ phần,"462 - 464 An Dương Vương, Phường 04, Quận 5, Thành phố Hồ Chí Minh, Việt Nam",Quận 5,"4719: Bán lẻ khác trong các cửa hàng kinh doanh tổng hợp-(trừ bán lẻ bình gas, hóa chất, súng, đạn loại dùng đi săn hoặc thể thao và tiền kim khí và thực hiện theo Quyết định 64/2009/QĐ-UBND ngày 31/7",internet
315341363,CÔNG TY TNHH VPP PHÚ NHUẬN,CÔNG TY TNHH VPP PHÚ NHUẬN,Công ty trách nhiệm hữu hạn một thành viên,"73 Hùng Vương, Phường 04, Quận 5, Thành phố Hồ Chí Minh, Việt Nam",Quận 5,"8219: Photo, chuẩn bị tài liệu và các hoạt động hỗ trợ văn phòng đặc biệt khác-;7020: Hoạt động tư vấn quản lý-(trừ tư vấn tài chính, kế toán, pháp luật);7490: Hoạt động chuyên môn, khoa học và công n",internet
315358487,CÔNG TY TNHH THƯƠNG MẠI DỊCH VỤ D2A HOME,CÔNG TY TNHH THƯƠNG MẠI DỊCH V,Công ty trách nhiệm hữu hạn hai thành viên trở lên,"97N Nguyễn Duy Dương, Phường 09, Quận 5, Thành phố Hồ Chí Minh, Việt Nam",Quận 5,"9511: Sửa chữa máy vi tính và thiết bị ngoại vi-(không gia công cơ khí, tái chế phế thải, xi mạ điện tại trụ sở);9512: Sửa chữa thiết bị liên lạc-(không gia công cơ khí, tái chế phế thải, xi mạ điện t",internet
315371209,CÔNG TY TNHH VẬN TẢI XÂY DỰNG THƯƠNG MẠI VÀ CHO THUÊ CONTAINER,CÔNG TY TNHH VẬN TẢI XÂY DỰNG ,Công ty trách nhiệm hữu hạn hai thành viên trở lên,"136/7 Trần Phú, Phường 04, Quận 5, Thành phố Hồ Chí Minh, Việt Nam",Quận 5,"3313: Sửa chữa thiết bị điện tử và quang học-;3314: Sửa chữa thiết bị điện-;3315: Sửa chữa và bảo dưỡng phương tiện vận tải (trừ ô tô, mô tô, xe  máy và xe có động cơ khác)-Chi tiết: Sửa chữa containe",internet
315380281,CÔNG TY TNHH ĐẦU TƯ DU LỊCH HOA ANH ĐÀO,CÔNG TY TNHH ĐẦU TƯ DU LỊCH HO,Công ty trách nhiệm hữu hạn hai thành viên trở lên,"97L Nguyễn Duy Dương, Phường 09, Quận 5, Thành phố Hồ Chí Minh, Việt Nam",Quận 5,"5510: Dịch vụ lưu trú ngắn ngày-Chi tiết: Khách sạn, biệt thự du lịch, căn hộ du lịch, nhà nghỉ du lịch, nhà ở có phòng cho khách du lịch thuê;5630: Dịch vụ phục vụ đồ uống-(trừ hoạt động quán bar và ",internet
315405810,CÔNG TY TNHH YASEE VIỆT NAM,CÔNG TY TNHH YASEE VIỆT NAM,Công ty trách nhiệm hữu hạn hai thành viên trở lên,"38/6 Chiêu Anh Các, Phường 05, Quận 5, Thành phố Hồ Chí Minh, Việt Nam",Quận 5,"4649: Bán buôn đồ dùng khác cho gia đình-;4641: Bán buôn vải, hàng may mặc, giày dép-; 4751: Bán lẻ vải, len, sợi, chỉ khâu và hàng dệt khác trong các cửa hàng chuyên doanh-; 4659: Bán buôn máy móc, t",internet
315402062,CÔNG TY TNHH NHẬP KHẨU MỸ PHẨM THIÊN NHIÊN SHAFEI TE,CÔNG TY TNHH NHẬP KHẨU MỸ PHẨM,Công ty trách nhiệm hữu hạn một thành viên,"136 Nguyễn Duy Dương, Phường 09, Quận 5, Thành phố Hồ Chí Minh, Việt Nam",Quận 5,"4651: Bán buôn máy vi tính, thiết bị ngoại vi và phần mềm-; 4652: Bán buôn thiết bị và linh kiện điện tử, viễn thông-; 4649: Bán buôn đồ dùng khác cho gia đình-Chi tiết: Bán buôn nước hoa, hàng mỹ phẩ",internet
315411437,CÔNG TY TNHH THƯƠNG MẠI TỔNG HỢP MK VIỆT NAM,CÔNG TY TNHH THƯƠNG MẠI TỔNG H,Công ty trách nhiệm hữu hạn một thành viên,"84/2A Trang Từ, Phường 14, Quận 5, Thành phố Hồ Chí Minh, Việt Nam",Quận 5,"4632: Bán buôn thực phẩm-Chi tiết: Bán buôn thực phẩm chức năng (không hoạt động tại trụ sở).;4649: Bán buôn đồ dùng khác cho gia đình-Chi tiết: Bán buôn dụng cụ y tế. Bán buôn nước hoa, hàng mỹ phẩm ",internet
315407712,CÔNG TY TNHH TRUYỀN THÔNG HI - END VIỆT,CÔNG TY TNHH TRUYỀN THÔNG HI  ,Công ty trách nhiệm hữu hạn hai thành viên trở lên,"868 Trần Hưng Đạo , Phường 07, Quận 5, Thành phố Hồ Chí Minh, Việt Nam",Quận 5,"8551: Giáo dục thể thao và giải trí-Chi tiết: Dạy yoga ,dạy tập dưỡng sinh (trừ hoạt động của các sàn nhảy);6619: Hoạt động hỗ trợ dịch vụ tài chính chưa được phân vào đâu-Chi tiết: Hoạt động tư vấn đ",internet
315419732,CÔNG TY TNHH THƯƠNG MẠI ĐIỆN TỬ LÂM QUÂN,CÔNG TY TNHH THƯƠNG MẠI ĐIỆN T,Công ty trách nhiệm hữu hạn một thành viên,"15/6 Ngô Quyền, Phường 10, Quận 5, Thành phố Hồ Chí Minh, Việt Nam",Quận 5,"4632: Bán buôn thực phẩm-(không hoạt động tại trụ sở);4669: Bán buôn chuyên doanh khác chưa được phân vào đâu-Chi tiết: Bán buôn hương liệu, phụ gia thực phẩm (không tồn trữ hóa chất);4641: Bán buôn v",internet
315447320,CÔNG TY CỔ PHẦN THƯƠNG MẠI CÔNG NGHỆ CỰC TÍM UVC VIỆT NAM,CÔNG TY CỔ PHẦN THƯƠNG MẠI CÔN,Công ty cổ phần,"432-434-436 An Dương Vương, Phường 04, Quận 5, Thành phố Hồ Chí Minh, Việt Nam",Quận 5,"2220: Sản xuất sản phẩm từ plastic-(trừ sản xuất xốp cách nhiệt sử dụng ga R141b, sử dụng polyol trộn sẵn HCFC-141b) (không hoạt động tại trụ sở);2022: Sản xuất sơn, véc ni và các chất sơn, quét tương",internet
3702640849,CÔNG TY TNHH CELERAISE,CÔNG TY TNHH CELERAISE,Công ty trách nhiệm hữu hạn một thành viên,"Số 122/2 Trần Tuấn Khải, Phường 05, Quận 5, Thành phố Hồ Chí Minh, Việt Nam",Quận 5,"9000: Hoạt động sáng tác, nghệ thuật và giải trí-(trừ kinh doanh vũ trường, phòng trà ca nhạc và không thực hiện các hiệu ứng cháy, nổ; không sử dụng chất nổ, chất cháy, hóa chất làm đạo cụ, dụng cụ t",internet
314929515,CÔNG TY TRÁCH NHIỆM HỮU HẠN TẠP CHÍ CÔNG NGHIỆP Ô TÔ,CÔNG TY TRÁCH NHIỆM HỮU HẠN TẠ,Công ty trách nhiệm hữu hạn hai thành viên trở lên,"133 Trần Hưng Đạo, Phường 10, Quận 5, Thành phố Hồ Chí Minh, Việt Nam",Quận 5,"4651: Bán buôn máy vi tính, thiết bị ngoại vi và phần mềm-Chi tiết: Bán buôn máy vi tính, thiết bị ngoại vi và phần mềm đã đóng gói;6209: Hoạt động dịch vụ công nghệ thông tin và dịch vụ khác liên qua",internet
314933984,CÔNG TY TNHH ĐẦU TƯ CLL,CÔNG TY TNHH ĐẦU TƯ CLL,Công ty trách nhiệm hữu hạn hai thành viên trở lên,"832 Trần Hưng Đạo, Phường 07, Quận 5, Thành phố Hồ Chí Minh, Việt Nam",Quận 5,"6312: Cổng thông tin-Chi tiết: Thiết lập trang thông tin điện tử tổng hợp; Dịch vụ cung cấp thông tin lên mạng Internet;4632: Bán buôn thực phẩm-(không hoạt động tại trụ sở);4771: Bán lẻ hàng may mặc,",internet
315413674,CÔNG TY TNHH SẢN XUẤT VÀ THƯƠNG MẠI ZOLAMUA,CÔNG TY TNHH SẢN XUẤT VÀ THƯƠN,Công ty trách nhiệm hữu hạn một thành viên,"732 Võ Văn Kiệt, Phường 01, Quận 5, Thành phố Hồ Chí Minh, Việt Nam",Quận 5,5210: Kho bãi và lưu giữ hàng hóa-chi tiết: lưu giữ hàng hóa (trừ kinh doanh kho bãi);4723: Bán lẻ đồ uống trong các cửa hàng chuyên doanh-chi tiết: Bán lẻ đồ uống có cồn. Bán lẻ đồ uống không có cồn.,internet
315414413,CÔNG TY TNHH 3F STUDIO,CÔNG TY TNHH 3F STUDIO,Công ty trách nhiệm hữu hạn hai thành viên trở lên,"832 Trần Hưng Đạo, Phường 07, Quận 5, Thành phố Hồ Chí Minh, Việt Nam",Quận 5,"5912: Hoạt động hậu kỳ-(trừ sản xuất phim và không thực hiện các hiệu ứng cháy, nổ; không sử dụng chất nổ, chất cháy, hóa chất làm đạo cụ, dụng cụ thực hiện các chương trình văn nghệ, sự kiện, phim ản",internet
315416643,CÔNG TY TNHH ĐẦU TƯ THƯƠNG MẠI HẢI TÂM,CÔNG TY TNHH ĐẦU TƯ THƯƠNG MẠI,Công ty trách nhiệm hữu hạn một thành viên,"Số 48 Triệu Quang Phục, Phường 10, Quận 5, Thành phố Hồ Chí Minh, Việt Nam",Quận 5,"4101: Xây dựng nhà để ở-;4102: Xây dựng nhà không để ở-;4211: Xây dựng công trình đường sắt-;4212: Xây dựng công trình đường bộ-;4221: Xây dựng công trình điện-;4222: Xây dựng công trình cấp, thoát nư",internet
315076588,CÔNG TY TNHH HIVELINKS VIỆT NAM,CÔNG TY TNHH HIVELINKS VIỆT NA,Công ty trách nhiệm hữu hạn một thành viên,"41/13 Học lạc, Phường 14, Quận 5, Thành phố Hồ Chí Minh, Việt Nam",Quận 5,"5820: Xuất bản phần mềm-Chi tiết: Sản xuất phần mềm; Sản xuất phần mềm ứng dụng trên thiết bị di động.;4741: Bán lẻ máy vi tính, thiết bị ngoại vi, phần mềm và thiết bị viễn thông trong các cửa hàng c",internet
315237436,CÔNG TY TNHH MTV DƯỢC LIỆU VIỆT NAM,CÔNG TY TNHH MTV DƯỢC LIỆU VIỆ,Công ty trách nhiệm hữu hạn một thành viên,"160 Nguyễn Trãi, Phường 03, Quận 5, Thành phố Hồ Chí Minh, Việt Nam",Quận 5,"1410: May trang phục (trừ trang phục từ da lông thú)-Chi tiết: May trang phục (trừ tẩy, nhuộm, hồ, in; gia công hàng đã qua sử dụng). May công nghiệp (không tẩy, nhuộm, hồ, in trên các sản phẩm vải sợ",lap top
315253131,CÔNG TY TNHH DỊCH VỤ PHẦN MỀM HỢP NHẤT,CÔNG TY TNHH DỊCH VỤ PHẦN MỀM ,Công ty trách nhiệm hữu hạn một thành viên,"565/55 Nguyễn Trãi, Phường 07, Quận 5, Thành phố Hồ Chí Minh, Việt Nam",Quận 5,"9511: Sửa chữa máy vi tính và thiết bị ngoại vi-(trừ gia công cơ khí, tái chế phế thải, xi mạ điện tại trụ sở);9512: Sửa chữa thiết bị liên lạc-(trừ gia công cơ khí, tái chế phế thải, xi mạ điện tại t",internet
315269283,CÔNG TY CỔ PHẦN LIFETV MEDIA TOÀN CẦU,CÔNG TY CỔ PHẦN LIFETV MEDIA T,Công ty cổ phần,"137 Bạch Vân, Phường 05, Quận 5, Thành phố Hồ Chí Minh, Việt Nam",Quận 5,"8230: Tổ chức giới thiệu và xúc tiến thương mại-Chi tiết: Tổ chức sự kiện, hội thảo, hội nghị (không thực hiện các hiệu ứng cháy, nổ; không sử dụng chất nổ, chất cháy, hóa chất làm đạo cụ, dụng cụ thự",internet
315374369,CÔNG TY TNHH CÔNG NGHỆ KVSOFT,CÔNG TY TNHH CÔNG NGHỆ KVSOFT,Công ty trách nhiệm hữu hạn một thành viên,"911 Nguyễn Trãi, Phường 14, Quận 5, Thành phố Hồ Chí Minh, Việt Nam",Quận 5,5820: Xuất bản phần mềm-Chi tiết: Sản xuất phần mềm;6201: Lập trình máy vi tính-;6202: Tư vấn máy vi tính và quản trị hệ thống máy vi tính-;6209: Hoạt động dịch vụ công nghệ thông tin và dịch vụ khác ,internet
315394982,CÔNG TY TNHH MỘT THÀNH VIÊN DỊCH VỤ TRUYỀN THÔNG THUẬN PHONG,CÔNG TY TNHH MỘT THÀNH VIÊN DỊ,Công ty trách nhiệm hữu hạn một thành viên,"3D Trần Phú, Phường 04, Quận 5, Thành phố Hồ Chí Minh, Việt Nam",Quận 5,"5913: Hoạt động phát hành phim điện ảnh, phim video và chương trình truyền hình-Chi tiết: Hoạt động phát hành phim điện ảnh, phim video (Trừ sản xuất phim, phát sóng và không thực hiện các hiệu ứng ch",internet
315423577,CÔNG TY TNHH SHIOKAZE,CÔNG TY TNHH SHIOKAZE,Công ty trách nhiệm hữu hạn hai thành viên trở lên,"Số 7, Đường Trần Xuân Hòa, Phường 07, Quận 5, Thành phố Hồ Chí Minh, Việt Nam",Quận 5,"4791: Bán lẻ theo yêu cầu đặt hàng qua bưu điện hoặc internet-(trừ kinh doanh khí dầu mỏ hóa lỏng LPG, dược phẩm, hóa chất dùng trong nông nghiệp, vàng miếng, súng, đạn, loại dùng đi săn hoặc thể thao",internet
315473401,CÔNG TY TNHH WISEWORLD,CÔNG TY TNHH WISEWORLD,Công ty trách nhiệm hữu hạn một thành viên,"917 Nguyễn Trãi, Phường 14, Quận 5, Thành phố Hồ Chí Minh, Việt Nam",Quận 5,"7410: Hoạt động thiết kế chuyên dụng-(trừ thiết kế công trình xây dựng).;4774: Bán lẻ hàng hóa đã qua sử dụng trong các cửa hàng chuyên doanh-(trừ bán lẻ bình gas, khí dầu mỏ hóa lỏng LPG, dầu nhớt cặ",internet
315484033,CÔNG TY TNHH KINH DOANH XUẤT NHẬP KHẨU BANN SIAM,CÔNG TY TNHH KINH DOANH XUẤT N,Công ty trách nhiệm hữu hạn một thành viên,"64 Trần Phú, Phường 04, Quận 5, Thành phố Hồ Chí Minh, Việt Nam",Quận 5,"4610: Đại lý, môi giới, đấu giá hàng hóa-Chi tiết: Đại lý hàng hóa, môi giới hàng hóa (trừ môi giới bất động sản);5229: Hoạt động dịch vụ hỗ trợ khác liên quan đến vận tải-(trừ kinh doanh vận tải bằng",internet
315501176,CÔNG TY TNHH THƯƠNG MẠI XUẤT NHẬP KHẨU TÂN TIẾN LỢI,CÔNG TY TNHH THƯƠNG MẠI XUẤT N,Công ty trách nhiệm hữu hạn hai thành viên trở lên,"49/16 Huỳnh Mẫn Đạt, Phường 05, Quận 5, Thành phố Hồ Chí Minh, Việt Nam",Quận 5,"4641: Bán buôn vải, hàng may mặc, giày dép-;8299: Hoạt động dịch vụ hỗ trợ kinh doanh khác còn lại chưa được phân vào đâu-Chi tiết: Xuất nhập khẩu các mặt hàng công ty kinh doanh;1410: May trang phục ",internet
315494426,CÔNG TY TNHH GIẢI TRÍ KAIZEN,CÔNG TY TNHH GIẢI TRÍ KAIZEN,Công ty trách nhiệm hữu hạn hai thành viên trở lên,"207/30 Trần Bình Trọng , Phường 03, Quận 5, Thành phố Hồ Chí Minh, Việt Nam",Quận 5,"9000: Hoạt động sáng tác, nghệ thuật và giải trí-(không thực hiện các hiệu ứng cháy, nổ; không sử dụng chất nổ, chất cháy, hóa chất làm đạo cụ, dụng cụ thực hiện các chương trình văn nghệ, sự kiện, ph",internet
315510170,CÔNG TY TNHH MỘT THÀNH VIÊN JULIE VS. JULIEN,CÔNG TY TNHH MỘT THÀNH VIÊN JU,Công ty trách nhiệm hữu hạn một thành viên,"A4, Lầu 17, 341 Cao Đạt, Phường 01, Quận 5, Thành phố Hồ Chí Minh, Việt Nam",Quận 5,"1410: May trang phục (trừ trang phục từ da lông thú)-Chi tiết: sản xuất các sản phẩm thời trang nam, nữ;4771: Bán lẻ hàng may mặc, giày dép, hàng da và giả da trong các cửa hàng chuyên doanh-Chi tiết:",internet
315554611,CÔNG TY TNHH VESA,CÔNG TY TNHH VESA,Công ty trách nhiệm hữu hạn một thành viên,"Mặt bằng 3.3, Tầng 2, The Garden Mall, 190 Hồng Bàng, Phường 12, Quận 5, Thành phố Hồ Chí Minh, Việt Nam",Quận 5,"5630: Dịch vụ phục vụ đồ uống-Chi tiết: Quán cà phê, giải khát (trừ hoạt động quán bar và quán giải khát có khiêu vũ).;8299: Hoạt động dịch vụ hỗ trợ kinh doanh khác còn lại chưa được phân vào đâu-Chi",internet
315571536,CÔNG TY TNHH GRACE MONTESSORI VIỆT NAM,CÔNG TY TNHH GRACE MONTESSORI ,Công ty trách nhiệm hữu hạn một thành viên,"67/1 An Bình, Phường 06, Quận 5, Thành phố Hồ Chí Minh, Việt Nam",Quận 5,8559: Giáo dục khác chưa được phân vào đâu-Chi tiết: Giáo dục không xác định theo cấp độ tại các trung tâm đào tạo bồi dưỡng; Các dịch vụ dạy kèm (gia sư); Giáo dục dự bị; Các trung tâm dạy học có các,internet
315598545,CÔNG TY TNHH XUẤT KHẨU ĐIỆN TỬ ĐẠI TRUNG,CÔNG TY TNHH XUẤT KHẨU ĐIỆN TỬ,Công ty trách nhiệm hữu hạn một thành viên,"123 Lê Hồng Phong, Phường 02, Quận 5, Thành phố Hồ Chí Minh, Việt Nam",Quận 5,"6201: Lập trình máy vi tính-;7310: Quảng cáo-;9511: Sửa chữa máy vi tính và thiết bị ngoại vi-;3319: Sửa chữa thiết bị khác-chi tiết: sửa chữa thiết bị điện lạnh (trừ gia công cơ khí, tái chế phế thải",internet
315601163,CÔNG TY TNHH DỊCH VỤ NHÀ HÀNG BÀ CHỦ,CÔNG TY TNHH DỊCH VỤ NHÀ HÀNG ,Công ty trách nhiệm hữu hạn một thành viên,"345-347 Trần Phú, Phường 08, Quận 5, Thành phố Hồ Chí Minh, Việt Nam",Quận 5,5610: Nhà hàng và các dịch vụ ăn uống phục vụ lưu động-;5621: Cung cấp dịch vụ ăn uống theo hợp đồng không thường xuyên với khách hàng-;5629: Dịch vụ ăn uống khác-;5630: Dịch vụ phục vụ đồ uống-Chi ti,internet
315623833,CÔNG TY TNHH THƯƠNG MẠI DỊCH VỤ HTE-GREENY,CÔNG TY TNHH THƯƠNG MẠI DỊCH V,Công ty trách nhiệm hữu hạn hai thành viên trở lên,"46A Lê Hồng Phong, Phường 02, Quận 5, Thành phố Hồ Chí Minh, Việt Nam",Quận 5,"4330: Hoàn thiện công trình xây dựng-;4390: Hoạt động xây dựng chuyên dụng khác-;4651: Bán buôn máy vi tính, thiết bị ngoại vi và phần mềm-;4652: Bán buôn thiết bị và linh kiện điện tử, viễn thông-;46",internet
315622815,CÔNG TY CỔ PHẦN DỊCH VỤ DU LỊCH VIC,CÔNG TY CỔ PHẦN DỊCH VỤ DU LỊC,Công ty cổ phần,"105F Ngô Quyền              , Phường 11, Quận 5, Thành phố Hồ Chí Minh, Việt Nam",Quận 5,"5510: Dịch vụ lưu trú ngắn ngày-Chi tiết: Khách sạn, biệt thự du lịch, căn hộ du lịch, nhà nghỉ du lịch, nhà ở có phòng cho khách du lịch thuê;5610: Nhà hàng và các dịch vụ ăn uống phục vụ lưu động-Ch",internet
315619146,CÔNG TY CỔ PHẦN TẬP ĐOÀN ĐẦU TƯ VƯƠN XA,CÔNG TY CỔ PHẦN TẬP ĐOÀN ĐẦU T,Công ty cổ phần,"11 Phú Giáo, Phường 14, Quận 5, Thành phố Hồ Chí Minh, Việt Nam",Quận 5,"5510: Dịch vụ lưu trú ngắn ngày-Chi tiết: Khách sạn, biệt thự du lịch, căn hộ du lịch, nhà ở có phòng cho khách du lịch thuê;5610: Nhà hàng và các dịch vụ ăn uống phục vụ lưu động-;5629: Dịch vụ ăn uố",internet
315628013,CÔNG TY TNHH TƯ VẤN ĐẦU TƯ TÂM THUẬN PHÁT,CÔNG TY TNHH TƯ VẤN ĐẦU TƯ TÂM,Công ty trách nhiệm hữu hạn một thành viên,"P.10, Tầng lửng, 911-913-915-917  Nguyễn Trãi, Phường 14, Quận 5, Thành phố Hồ Chí Minh, Việt Nam",Quận 5,"6619: Hoạt động hỗ trợ dịch vụ tài chính chưa được phân vào đâu-Chi tiết: Hoạt động tư vấn đầu tư (trừ tư vấn tài chính, kế toán, pháp luật).;4101: Xây dựng nhà để ở-;4102: Xây dựng nhà không để ở-;46",internet
315660715,CÔNG TY TNHH THƯƠNG MẠI DỊCH VỤ DU LỊCH QUỐC TẾ KIM PHÁT,CÔNG TY TNHH THƯƠNG MẠI DỊCH V,Công ty trách nhiệm hữu hạn một thành viên,"419 Nguyễn Trãi, Phường 07, Quận 5, Thành phố Hồ Chí Minh, Việt Nam",Quận 5,"8230: Tổ chức giới thiệu và xúc tiến thương mại-(không thực hiện các hiệu ứng cháy nổ; không sử dụng chất nổ, chất cháy, hóa chất làm đạo cụ, dụng cụ thực hiện các chương trình văn nghệ, sự kiện, phim",lap top
315666604,CÔNG TY TNHH THƯƠNG MẠI DỊCH VỤ B2U,CÔNG TY TNHH THƯƠNG MẠI DỊCH V,Công ty trách nhiệm hữu hạn hai thành viên trở lên,"11 Bis Học Lạc, Phường 14, Quận 5, Thành phố Hồ Chí Minh, Việt Nam",Quận 5,"4652: Bán buôn thiết bị và linh kiện điện tử, viễn thông-;4632: Bán buôn thực phẩm-(không hoạt động tại trụ sở).;4633: Bán buôn đồ uống-;4641: Bán buôn vải, hàng may mặc, giày dép-;4610: Đại lý, môi g",internet
315629899,CÔNG TY TNHH DỊCH VỤ KỸ THUẬT XÂY DỰNG THÀNH ĐÔ,CÔNG TY TNHH DỊCH VỤ KỸ THUẬT ,Công ty trách nhiệm hữu hạn một thành viên,"417/24A An Dương Vương, Phường 03, Quận 5, Thành phố Hồ Chí Minh, Việt Nam",Quận 5,"4101: Xây dựng nhà để ở-;4102: Xây dựng nhà không để ở-;4322: Lắp đặt hệ thống cấp, thoát nước, hệ thống sưởi và điều hoà không khí-(trừ lắp đặt các thiết bị điện lạnh (thiết bị cấp đông, kho lạnh, má",internet
315673305,CÔNG TY TNHH THƯƠNG MẠI DỊCH VỤ KHẢI PHÁT GSM,CÔNG TY TNHH THƯƠNG MẠI DỊCH V,Công ty trách nhiệm hữu hạn một thành viên,"41 Hùng Vương, Phường 04, Quận 5, Thành phố Hồ Chí Minh, Việt Nam",Quận 5,"4652: Bán buôn thiết bị và linh kiện điện tử, viễn thông-Chi tiết: Bán buôn điện thoại cố định; điện thoại di động; linh kiện và phụ kiện di động; thẻ sim điện thoại. - Bán buôn laptop, máy tính, máy ",lap top
315693823,CÔNG TY TNHH DỊCH VỤ THƯƠNG MẠI THƯƠNG ƠI FLOWERS,CÔNG TY TNHH DỊCH VỤ THƯƠNG MẠ,Công ty trách nhiệm hữu hạn một thành viên,"Số 167B đường Nguyễn Biểu, Phường 02, Quận 5, Thành phố Hồ Chí Minh, Việt Nam",Quận 5,"8230: Tổ chức giới thiệu và xúc tiến thương mại-Chi tiết: Tổ chức sự kiện, hội chợ (không thực hiện các hiệu ứng cháy, nổ; không sử dụng chất nổ, chất cháy, hóa chất làm đạo cụ, dụng cụ thực hiện các ",internet
315755043,CÔNG TY TNHH SẢN XUẤT VÀ THƯƠNG MẠI QUÝ XƯƠNG,CÔNG TY TNHH SẢN XUẤT VÀ THƯƠN,Công ty trách nhiệm hữu hạn một thành viên,"462 An Dương Vương, Phường 04, Quận 5, Thành phố Hồ Chí Minh, Việt Nam",Quận 5,"4610: Đại lý, môi giới, đấu giá hàng hóa-Chi tiết: Đại lý bán hàng hóa, môi giới mua bán hàng hóa (trừ môi giới bất động sản);4620: Bán buôn nông, lâm sản nguyên liệu (trừ gỗ, tre, nứa) và động vật số",internet
315700566,CÔNG TY TNHH DƯỢC PHẨM PHALOMEDIC,CÔNG TY TNHH DƯỢC PHẨM PHALOME,Công ty trách nhiệm hữu hạn hai thành viên trở lên,"46 đường Sư Vạn Hạnh, Phường 09, Quận 5, Thành phố Hồ Chí Minh, Việt Nam",Quận 5,"8299: Hoạt động dịch vụ hỗ trợ kinh doanh khác còn lại chưa được phân vào đâu-Chi tiết : Dịch vụ bảo quản thuốc;4772: Bán lẻ thuốc, dụng cụ y tế, mỹ phẩm và vật phẩm vệ sinh trong các cửa hàng chuyên ",internet
315752839,CÔNG TY TNHH DỊCH VỤ HOUSE 365,CÔNG TY TNHH DỊCH VỤ HOUSE 365,Công ty trách nhiệm hữu hạn một thành viên,"Phòng 10 - Tầng lửng Cao ốc Đại Thanh Bình , 911-913-915-917 Nguyễn Trãi , Phường 14, Quận 5, Thành phố Hồ Chí Minh, Việt Nam",Quận 5,"6201: Lập trình máy vi tính-;5820: Xuất bản phần mềm-Chi tiết: Sản xuất, gia công phần mềm;6202: Tư vấn máy vi tính và quản trị hệ thống máy vi tính-;6311: Xử lý dữ liệu, cho thuê và các hoạt động liê",internet
315776036,CÔNG TY CP THƯƠNG MẠI DỊCH VỤ DIAMOND LOTUS,CÔNG TY CP THƯƠNG MẠI DỊCH VỤ ,Công ty cổ phần,"353 - 355 An Dương Vương, Phường 03, Quận 5, Thành phố Hồ Chí Minh, Việt Nam",Quận 5,"6810: Kinh doanh bất động sản, quyền sử dụng đất thuộc chủ sở hữu, chủ sử dụng hoặc đi thuê-Chi tiết: Mua, bán nhà ở và quyền sử dụng đất ở; Mua, bán nhà và quyền sử dụng đất không để ở; Cho thuê, điề",internet
315771091,CÔNG TY TNHH RI MAN,CÔNG TY TNHH RI MAN,Công ty trách nhiệm hữu hạn một thành viên,"41 Phạm Đôn, Phường 10, Quận 5, Thành phố Hồ Chí Minh, Việt Nam",Quận 5,5610: Nhà hàng và các dịch vụ ăn uống phục vụ lưu động-;5621: Cung cấp dịch vụ ăn uống theo hợp đồng không thường xuyên với khách hàng-;5629: Dịch vụ ăn uống khác-;5630: Dịch vụ phục vụ đồ uống-(trừ h,internet
315771976,CÔNG TY TNHH 3E THINKING,CÔNG TY TNHH 3E THINKING,Công ty trách nhiệm hữu hạn một thành viên,"227/198 Nguyễn Biểu, Phường 02, Quận 5, Thành phố Hồ Chí Minh, Việt Nam",Quận 5,"1811: In ấn-;1812: Dịch vụ liên quan đến in-;4641: Bán buôn vải, hàng may mặc, giày dép-;4669: Bán buôn chuyên doanh khác chưa được phân vào đâu-Chi tiết: Bán buôn quà lưu niệm; Bán buôn cồn thực phẩm",internet
315787158,CÔNG TY TNHH THƯƠNG MẠI - SẢN XUẤT - DỊCH VỤ - CƠ KHÍ TÂN PHÁT MƯỜI VĨNH LONG,CÔNG TY TNHH THƯƠNG MẠI  SẢN X,Công ty trách nhiệm hữu hạn một thành viên,"233 Tân Thành, Phường 12, Quận 5, Thành phố Hồ Chí Minh, Việt Nam",Quận 5,"4610: Đại lý, môi giới, đấu giá hàng hóa-Chi tiết: Đại lý bán hàng hóa, môi giới mua bán hàng hóa
 (trừ môi giới bất động sản);2592: Gia công cơ khí; xử lý và tráng phủ kim loại-(không hoạt động tại t",internet
315755029,CÔNG TY TNHH NHỰA SINH HỌC HOA THĂNG,CÔNG TY TNHH NHỰA SINH HỌC HOA,Công ty trách nhiệm hữu hạn một thành viên,"736 Võ Văn Kiệt, Phường 01, Quận 5, Thành phố Hồ Chí Minh, Việt Nam",Quận 5,"4653: Bán buôn máy móc, thiết bị và phụ tùng máy nông nghiệp-;4659: Bán buôn máy móc, thiết bị và phụ tùng máy khác-;4661: Bán buôn nhiên liệu rắn, lỏng, khí và các sản phẩm liên quan-(trừ kinh doanh ",internet
315821553,CÔNG TY TNHH KINH DOANH THƯƠNG MẠI DỊCH VỤ NGỌC LINH,CÔNG TY TNHH KINH DOANH THƯƠNG,Công ty trách nhiệm hữu hạn một thành viên,"133 - 133G Nguyễn Chí Thanh, Phường 09, Quận 5, Thành phố Hồ Chí Minh, Việt Nam",Quận 5,7110: Hoạt động kiến trúc và tư vấn kỹ thuật có liên quan-;8559: Giáo dục khác chưa được phân vào đâu-Chi tiết: Dạy ngoại ngữ và dạy kỹ năng đàm thoại; Dạy máy tính; Đào tạo kỹ năng mềm;7810: Hoạt độn,internet
315823896,CÔNG TY TNHH DIMOTION,CÔNG TY TNHH DIMOTION,Công ty trách nhiệm hữu hạn hai thành viên trở lên,"185/24 Nguyễn Văn Cừ, Phường 02, Quận 5, Thành phố Hồ Chí Minh, Việt Nam",Quận 5,"5820: Xuất bản phần mềm-Chi tiết: Sản xuất phần mềm;5912: Hoạt động hậu kỳ-(không thực hiện các hiệu ứng cháy, nổ; không sử dụng chất nổ, chất cháy, hóa chất làm đạo cụ, dụng cụ thực hiện các chương t",internet
315811428,CÔNG TY TNHH SAINSCAPE,CÔNG TY TNHH SAINSCAPE,Công ty trách nhiệm hữu hạn hai thành viên trở lên,"221 Trần Bình Trọng, Phường 03, Quận 5, Thành phố Hồ Chí Minh, Việt Nam",Quận 5,"9639: Hoạt động dịch vụ phục vụ cá nhân khác còn lại chưa được phân vào đâu-chi tiết: Dịch vụ cắm hoa phục vụ nhà hàng, tiệc cưới, hội nghị (không hoạt động tại trụ sở);8130: Dịch vụ chăm sóc và duy t",internet
315818141,CÔNG TY TNHH VĂN ÂN PHÁT,CÔNG TY TNHH VĂN ÂN PHÁT,Công ty trách nhiệm hữu hạn một thành viên,"81/45B Bạch Vân, Phường 05, Quận 5, Thành phố Hồ Chí Minh, Việt Nam",Quận 5,"4724: Bán lẻ sản phẩm thuốc lá, thuốc lào trong các cửa hàng chuyên doanh-(thực hiện theo quyết định 64/2009/QĐ-UBND ngày 31/07/2009 và quyết định số 79/2009/QĐ-UBND ngày 17/10/2009 của Ủy ban nhân dâ",internet
315852720,CÔNG TY TNHH THƯƠNG MẠI CLOUDSEA,CÔNG TY TNHH THƯƠNG MẠI CLOUDS,Công ty trách nhiệm hữu hạn một thành viên,"39A/8F Nguyễn Văn Đừng, Phường 06, Quận 5, Thành phố Hồ Chí Minh, Việt Nam",Quận 5,4721: Bán lẻ lương thực trong các cửa hàng chuyên doanh-(thực hiện theo Quyết định số 64/2009/QĐ-UBND ngày 31/07/2009 và Quyết định số 79/2009/QĐ-UBND ngày 17/10/2009 của Ủy Ban Nhân Dân TP. Hồ Chí Mi,internet
315864892,CÔNG TY TNHH MTV QUẢN LÝ VÀ PHÁT TRIỂN BẤT ĐỘNG SẢN GOLDEN SAND,CÔNG TY TNHH MTV QUẢN LÝ VÀ PH,Công ty trách nhiệm hữu hạn một thành viên,"1119 Trần Hưng Đạo, Phường 05, Quận 5, Thành phố Hồ Chí Minh, Việt Nam",Quận 5,"6810: Kinh doanh bất động sản, quyền sử dụng đất thuộc chủ sở hữu, chủ sử dụng hoặc đi thuê-Chi tiết: Mua, bán nhà ở và quyền sử dụng đất ở. Mua, bán nhà và quyền sử dụng đất không để ở. Cho thuê, điề",internet
315888773,CÔNG TY TNHH TỈNH CÚC,CÔNG TY TNHH TỈNH CÚC,Công ty trách nhiệm hữu hạn một thành viên,"50 Trang Tử, Phường 14, Quận 5, Thành phố Hồ Chí Minh, Việt Nam",Quận 5,"4659: Bán buôn máy móc, thiết bị và phụ tùng máy khác-Chi tiết: Bán buôn máy móc thiết bị, phụ tùng ngành in;4669: Bán buôn chuyên doanh khác chưa được phân vào đâu-Chi tiết:  Bán buôn các loại băng k",internet
315889858,CÔNG TY TNHH TM DV ANGELO OF VENICE,CÔNG TY TNHH TM DV ANGELO OF V,Công ty trách nhiệm hữu hạn một thành viên,"149/16 Nguyễn Tri Phương, Phường 08, Quận 5, Thành phố Hồ Chí Minh, Việt Nam",Quận 5,"4752: Bán lẻ đồ ngũ kim, sơn, kính và thiết bị lắp đặt khác trong xây dựng trong các cửa hàng chuyên doanh-;4753: Bán lẻ thảm, đệm, chăn, màn, rèm, vật liệu phủ tường và sàn trong các cửa hàng chuyên ",internet
315899662,CÔNG TY TNHH NEMO GROUP,CÔNG TY TNHH NEMO GROUP,Công ty trách nhiệm hữu hạn một thành viên,"15/7 Nguyễn Trãi, Phường 02, Quận 5, Thành phố Hồ Chí Minh, Việt Nam",Quận 5,"1079: Sản xuất thực phẩm khác chưa được phân vào đâu-Chi tiết: Sản xuất thực phẩm chức năng.;2023: Sản xuất mỹ phẩm, xà phòng, chất tẩy rửa, làm bóng và chế phẩm vệ sinh-Chi tiết: Sản xuất nước hoa và",internet
315870769,CÔNG TY TNHH KINH DOANH HẠ TẦNG CỤM CÔNG NGHIỆP TÂN BÌNH,CÔNG TY TNHH KINH DOANH HẠ TẦN,Công ty trách nhiệm hữu hạn hai thành viên trở lên,"271/7B An Dương Vương, Phường 03, Quận 5, Thành phố Hồ Chí Minh, Việt Nam",Quận 5,"4663: Bán buôn vật liệu, thiết bị lắp đặt khác trong xây dựng-;6820: Tư vấn, môi giới, đấu giá bất động sản, đấu giá quyền sử dụng đất-Chi tiết: Tư vấn, môi giới bất động sản.;3320: Lắp đặt máy móc và",internet
315879144,CÔNG TY TNHH THƯƠNG MẠI DỊCH VỤ ĐẦU TƯ HÙNG LỘC,CÔNG TY TNHH THƯƠNG MẠI DỊCH V,Công ty trách nhiệm hữu hạn một thành viên,"64B Trang Tử, Phường 14, Quận 5, Thành phố Hồ Chí Minh, Việt Nam",Quận 5,"5229: Hoạt động dịch vụ hỗ trợ khác liên quan đến vận tải-chi tiết: Hoạt động của đại lý làm thủ tục hải quan; Giao nhận hàng hóa; Hoạt động của các đại lý bán vé máy bay, vé tàu, vé xe (trừ hóa lỏng ",internet
315872935,CÔNG TY TNHH DỊCH VỤ CẢNG SÔNG DINH,CÔNG TY TNHH DỊCH VỤ CẢNG SÔNG,Công ty trách nhiệm hữu hạn hai thành viên trở lên,"271/7B An Dương Vương, Phường 03, Quận 5, Thành phố Hồ Chí Minh, Việt Nam",Quận 5,"4791: Bán lẻ theo yêu cầu đặt hàng qua bưu điện hoặc internet-Chi tiết: bán lẻ trang thiết bị bảo hộ lao động, thiết bị phòng cháy, chữa cháy;;1410: May trang phục (trừ trang phục từ da lông thú)-;421",internet
315913035,CÔNG TY TNHH THƯƠNG MẠI DỊCH VỤ YẾN SÀO ĐÔNG NAM Á,CÔNG TY TNHH THƯƠNG MẠI DỊCH V,Công ty trách nhiệm hữu hạn một thành viên,"44 Bùi Hữu Nghĩa, Phường 05, Quận 5, Thành phố Hồ Chí Minh, Việt Nam",Quận 5,"4632: Bán buôn thực phẩm-Chi tiết: Bán buôn yến sào, vi cá mập, củ nhân sâm, hồng sâm, hải sâm, nấm linh chi, đông trùng hạ thảo. Bán buôn thủy sản; Bán buôn rau, quả; Bán buôn chè; Bán buôn thực phẩm",internet
315911775,CÔNG TY TNHH DỊCH VỤ DU LỊCH QUỐC TẾ SIWIN ASIA,CÔNG TY TNHH DỊCH VỤ DU LỊCH Q,Công ty trách nhiệm hữu hạn hai thành viên trở lên,"54 Lê Hồng Phong, Phường 02, Quận 5, Thành phố Hồ Chí Minh, Việt Nam",Quận 5,1050: Chế biến sữa và các sản phẩm từ sữa-(không hoạt động tại trụ sở).;0620: Khai thác khí đốt tự nhiên-Chi tiết: Khai thác và thu gom khí đốt tự nhiên (không hoạt động tại trụ sở).;0899: Khai khoáng,internet
315891092,CÔNG TY CỔ PHẦN ĐẦU TƯ NGÔI SAO THẾ GIỚI SÀI GÒN,CÔNG TY CỔ PHẦN ĐẦU TƯ NGÔI SA,Công ty cổ phần,"62-64 Nguyễn Biểu, Phường 01, Quận 5, Thành phố Hồ Chí Minh, Việt Nam",Quận 5,"7730: Cho thuê máy móc, thiết bị và đồ dùng hữu hình khác không kèm người điều khiển-Chi tiết: Cho thuê máy móc, thiết bị xử dụng năng lượng mặt trời; 4641: Bán buôn vải, hàng may mặc, giày dép-; 3511",internet
315916004,CÔNG TY TNHH TRÀ ATC,CÔNG TY TNHH TRÀ ATC,Công ty trách nhiệm hữu hạn hai thành viên trở lên,"07 Nguyễn Biểu, Phường 01, Quận 5, Thành phố Hồ Chí Minh, Việt Nam",Quận 5,"4722: Bán lẻ thực phẩm trong các cửa hàng chuyên doanh-Chi tiết: Bán lẻ thực phẩm khác chưa được phân vào đâu trong các cửa hàng chuyên doanh như: cà phê pha phin, cà phê hoà tan, trà đen, trà xanh đã",internet
315893325,CÔNG TY TNHH TRUNG TÂM VUI CHƠI GIẢI TRÍ 1122,CÔNG TY TNHH TRUNG TÂM VUI CHƠ,Công ty trách nhiệm hữu hạn một thành viên,"63-65 Châu Văn Liêm, Phường 14, Quận 5, Thành phố Hồ Chí Minh, Việt Nam",Quận 5,5914: Hoạt động chiếu phim-Chi tiết: Hoạt động rạp chiếu phim cố định. Hoạt động rạp chiếu phim lưu động.;6202: Tư vấn máy vi tính và quản trị hệ thống máy vi tính-;6209: Hoạt động dịch vụ công nghệ t,internet
315906729,CÔNG TY CỔ PHẦN CÔNG NGHỆ DỊCH VỤ MITEK,CÔNG TY CỔ PHẦN CÔNG NGHỆ DỊCH,Công ty cổ phần,"271/10 An Dương Vương, Phường 03, Quận 5, Thành phố Hồ Chí Minh, Việt Nam",Quận 5,5820: Xuất bản phần mềm-Chi tiết: Sản xuất phần mềm;6201: Lập trình máy vi tính-;6202: Tư vấn máy vi tính và quản trị hệ thống máy vi tính-;6209: Hoạt động dịch vụ công nghệ thông tin và dịch vụ khác ,internet
315921741,CÔNG TY TNHH BELGIVINA,CÔNG TY TNHH BELGIVINA,Công ty trách nhiệm hữu hạn một thành viên,"55/14 Trần Hưng Đạo, Phường 06, Quận 5, Thành phố Hồ Chí Minh, Việt Nam",Quận 5,"4669: Bán buôn chuyên doanh khác chưa được phân vào đâu-Chi tiết: Bán buôn ống hút bằng gạo, ống hút tre, tô chén nĩa muỗng bằng xơ dừa;4610: Đại lý, môi giới, đấu giá hàng hóa-Chi tiết: Đại lý, môi g",internet
315877718,CÔNG TY TNHH WECREDIT TECHNOLOGY,CÔNG TY TNHH WECREDIT TECHNOLO,Công ty trách nhiệm hữu hạn hai thành viên trở lên,"62-64 Nguyễn Biểu, Phường 01, Quận 5, Thành phố Hồ Chí Minh, Việt Nam",Quận 5,"6209: Hoạt động dịch vụ công nghệ thông tin và dịch vụ khác liên quan đến máy vi tính-(CPC 849, 845, 841); 7020: Hoạt động tư vấn quản lý-(Trừ tư vấn pháp luật, tài chính, kế toán) (CPC 865); 7320: Ng",technology
315929998,CÔNG TY TNHH NHÀN FASHION,CÔNG TY TNHH NHÀN FASHION,Công ty trách nhiệm hữu hạn hai thành viên trở lên,"460 Trần Hưng Đạo B, Phường 14, Quận 5, Thành phố Hồ Chí Minh, Việt Nam",Quận 5,"4782: Bán lẻ hàng dệt, may sẵn, giày dép lưu động hoặc tại chợ-;4783: Bán lẻ thiết bị công nghệ thông tin liên lạc lưu động hoặc tại chợ-;4784: Bán lẻ thiết bị gia đình khác lưu động hoặc tại chợ-;478",internet
315953574,CÔNG TY TNHH VIỆT TÚC,CÔNG TY TNHH VIỆT TÚC,Công ty trách nhiệm hữu hạn hai thành viên trở lên,"31/6 Trần Nhân Tôn, Phường 09, Quận 5, Thành phố Hồ Chí Minh, Việt Nam",Quận 5,2620: Sản xuất máy vi tính và thiết bị ngoại vi của máy vi tính-(không hoạt động tại trụ sở);2630: Sản xuất thiết bị truyền thông-(không hoạt động tại trụ sở);2640: Sản xuất sản phẩm điện tử dân dụng-,internet
315944026,CÔNG TY TNHH KINH DOANH THƯƠNG MẠI KHANG VINH RC,CÔNG TY TNHH KINH DOANH THƯƠNG,Công ty trách nhiệm hữu hạn hai thành viên trở lên,"Số 413-415 Trần Hưng Đạo, Phường 14, Quận 5, Thành phố Hồ Chí Minh, Việt Nam",Quận 5,"4791: Bán lẻ theo yêu cầu đặt hàng qua bưu điện hoặc internet-(trừ bán lẻ bình gas, khí dầu mỏ hóa lỏng LPG, dầu nhớt cặn, vàng miếng, súng, đạn loại dùng đi săn hoặc thể thao và tiền kim khí; trừ bán",internet
315895393,CÔNG TY TNHH MỘT THÀNH VIÊN GAME GIẢI TRÍ 168,CÔNG TY TNHH MỘT THÀNH VIÊN GA,Công ty trách nhiệm hữu hạn một thành viên,"176 Đường Lê Hồng Phong, Phường 03, Quận 5, Thành phố Hồ Chí Minh, Việt Nam",Quận 5,"3312: Sửa chữa máy móc, thiết bị-( Không gia công cơ khí , tái chế phế thải xi mạ tại trụ sở);4653: Bán buôn máy móc, thiết bị và phụ tùng máy nông nghiệp-;4659: Bán buôn máy móc, thiết bị và phụ tùng",internet
315906648,CÔNG TY TNHH THƯƠNG MẠI ĐẦU TƯ VÀ PHÁT TRIỂN TMT,CÔNG TY TNHH THƯƠNG MẠI ĐẦU TƯ,Công ty trách nhiệm hữu hạn một thành viên,"113 Trần Bình Trọng, Phường 02, Quận 5, Thành phố Hồ Chí Minh, Việt Nam",Quận 5,"6110: Hoạt động viễn thông có dây-(trừ cung cấp dịch vụ truy cập, truy nhập internet tại trụ sở).;6619: Hoạt động hỗ trợ dịch vụ tài chính chưa được phân vào đâu-Chi tiết: Hoạt động tư vấn đầu tư (trừ",internet
315958928,CÔNG TY TNHH AL SHAMS INTERNATIONAL,CÔNG TY TNHH AL SHAMS INTERNAT,Công ty trách nhiệm hữu hạn một thành viên,"45 Hải Thượng Lãn Ông, Phường 10, Quận 5, Thành phố Hồ Chí Minh, Việt Nam",Quận 5,"4632: Bán buôn thực phẩm-(không hoạt động tại trụ sở) (CPC 622); 4649: Bán buôn đồ dùng khác cho gia đình-(CPC 622); 4663: Bán buôn vật liệu, thiết bị lắp đặt khác trong xây dựng-(CPC 622); 4620: Bán ",internet
315964336,CÔNG TY TNHH GIẢI PHÁP THÔNG MINH NHẤT NGHỆ TINH,CÔNG TY TNHH GIẢI PHÁP THÔNG M,Công ty trách nhiệm hữu hạn một thành viên,"71/7/2 Trần Phú, Phường 04, Quận 5, Thành phố Hồ Chí Minh, Việt Nam",Quận 5,"4321: Lắp đặt hệ thống điện-(trừ gia công cơ khí, tái chế phế thải, xi mạ điện tại trụ sở);4322: Lắp đặt hệ thống cấp, thoát nước, hệ thống sưởi và điều hoà không khí-(trừ lắp đặt các thiết bị lạnh (t",internet
315974140,CÔNG TY TNHH DỊCH VỤ BẢO HÀ,CÔNG TY TNHH DỊCH VỤ BẢO HÀ,Công ty trách nhiệm hữu hạn hai thành viên trở lên,"117/9 Đỗ Ngọc Thạnh, Phường 12, Quận 5, Thành phố Hồ Chí Minh, Việt Nam",Quận 5,"5229: Hoạt động dịch vụ hỗ trợ khác liên quan đến vận tải-Chi tiết: Hoạt động của các đại lý bán vé máy bay;8219: Photo, chuẩn bị tài liệu và các hoạt động hỗ trợ văn phòng đặc biệt khác-;4620: Bán bu",internet
315985840,CÔNG TY TNHH ĐẠI DƯƠNG BIỂN XANH,CÔNG TY TNHH ĐẠI DƯƠNG BIỂN XA,Công ty trách nhiệm hữu hạn một thành viên,"97 Trang Tử, Phường 14, Quận 5, Thành phố Hồ Chí Minh, Việt Nam",Quận 5,"9329: Hoạt động vui chơi giải trí khác chưa được phân vào đâu-chi tiết: Kinh doanh trò chơi điện tử , thú nhún, nhà hơi, nhà banh thiếu nhi; Cho thuê các thiết bị thư giãn như là một phần của các phươ",internet
315963815,CÔNG TY TNHH LEFU,CÔNG TY TNHH LEFU,Công ty trách nhiệm hữu hạn một thành viên,"568/18 Trần Hưng Đạo, Phường 02, Quận 5, Thành phố Hồ Chí Minh, Việt Nam",Quận 5,"4610: Đại lý, môi giới, đấu giá hàng hóa-chi tiết: Đại lý, môi giới (trừ môi giới bất động sản);4649: Bán buôn đồ dùng khác cho gia đình-(trừ kinh doanh dược phẩm).;4659: Bán buôn máy móc, thiết bị và",internet
315997155,CÔNG TY TNHH HASU D-LIGHT,CÔNG TY TNHH HASU DLIGHT,Công ty trách nhiệm hữu hạn hai thành viên trở lên,"104/2 Nguyễn Trãi, Phường 03, Quận 5, Thành phố Hồ Chí Minh, Việt Nam",Quận 5,"2610: Sản xuất linh kiện điện tử-;2620: Sản xuất máy vi tính và thiết bị ngoại vi của máy vi tính-;2660: Sản xuất thiết bị bức xạ, thiết bị điện tử trong y học, điện liệu pháp-;2670: Sản xuất thiết bị",internet
316026163,CÔNG TY TNHH CINESPACE,CÔNG TY TNHH CINESPACE,Công ty trách nhiệm hữu hạn hai thành viên trở lên,"185/24 Nguyễn Văn Cừ, Phường 02, Quận 5, Thành phố Hồ Chí Minh, Việt Nam",Quận 5,"5911: Hoạt động sản xuất phim điện ảnh, phim video và chương trình truyền hình-Chi tiết: Sản xuất chương trình truyền hình (không thực hiện các hiệu ứng cháy, nổ; không sử dụng chất nổ, chất cháy, hóa",internet
316030018,CÔNG TY CỔ PHẦN THƯƠNG MẠI UNIS VIỆT NAM,CÔNG TY CỔ PHẦN THƯƠNG MẠI UNI,Công ty cổ phần,"62-64 Đường Nguyễn Biểu, Phường 01, Quận 5, Thành phố Hồ Chí Minh, Việt Nam",Quận 5,"4649: Bán buôn đồ dùng khác cho gia đình-Chi tiết: Bán buôn đồ chơi (trừ đồ chơi có hại cho giáo dục nhân cách, sức khoẻ trẻ em hoặc ảnh hưởng đến an ninh trật tự an toàn xã hội).;4651: Bán buôn máy v",internet
315975105,CÔNG TY TNHH NEASIA,CÔNG TY TNHH NEASIA,Công ty trách nhiệm hữu hạn một thành viên,"305/10 Trần Phú, Phường 08, Quận 5, Thành phố Hồ Chí Minh, Việt Nam",Quận 5,"6810: Kinh doanh bất động sản, quyền sử dụng đất thuộc chủ sở hữu, chủ sử dụng hoặc đi thuê-;6820: Tư vấn, môi giới, đấu giá bất động sản, đấu giá quyền sử dụng đất-Chi tiết: Tư vấn bất động sản, môi ",internet
316019984,CÔNG TY CỔ PHẦN TECHNOLOGY REIKI VIỆT NAM,CÔNG TY CỔ PHẦN TECHNOLOGY REI,Công ty cổ phần,"206/9 trệt Trần Hưng Đạo, Phường 11, Quận 5, Thành phố Hồ Chí Minh, Việt Nam",Quận 5,9329: Hoạt động vui chơi giải trí khác chưa được phân vào đâu-(Trừ kinh doanh trò chơi điện tử có thưởng dành cho người nước ngoài và kinh doanh trò chơi điện tử trên mạng; không thực hiện hiệu ứng ch,technology
316025642,CÔNG TY TNHH QUỐC TẾ HỢP LANH,CÔNG TY TNHH QUỐC TẾ HỢP LANH,Công ty trách nhiệm hữu hạn một thành viên,"Số 2 Phạm Hữu Chí, Phường 12, Quận 5, Thành phố Hồ Chí Minh, Việt Nam",Quận 5,"4690: Bán buôn tổng hợp-(trừ bán buôn bình gas, súng, đạn loại dùng đi săn hoặc thể thao và tiền kim khí và thực hiện theo Quyết định 64/2009/QĐ-UBND ngày 31/7/2009 của Ủy ban nhân dân Thành phố Hồ Ch",internet
316035129,CÔNG TY TNHH CHOLON DOWNTOWN,CÔNG TY TNHH CHOLON DOWNTOWN,Công ty trách nhiệm hữu hạn hai thành viên trở lên,"216 Trần Hưng Đạo B, Phường 11, Quận 5, Thành phố Hồ Chí Minh, Việt Nam",Quận 5,"4610: Đại lý, môi giới, đấu giá hàng hóa-Chi tiết: Đại lý, môi giới hàng hóa;4649: Bán buôn đồ dùng khác cho gia đình-Chi tiết: Bán buôn vali, cặp, túi, ví, hàng da và giả da khác; Bán buôn nước hoa, ",internet
316061432,CÔNG TY TNHH MEDIA LAND,CÔNG TY TNHH MEDIA LAND,Công ty trách nhiệm hữu hạn một thành viên,"911 Nguyễn Trãi, Phường 14, Quận 5, Thành phố Hồ Chí Minh, Việt Nam",Quận 5,"4791: Bán lẻ theo yêu cầu đặt hàng qua bưu điện hoặc internet-(trừ bán lẻ hóa chất, khí dầu mỏ hóa lỏng LPG, dầu nhớt cặn, vàng miếng, súng, đạn loại dùng đi săn hoặc thể thao và tiền kim khí; Thực hi",internet
316058239,CÔNG TY TNHH CÔNG NGHỆ TRUYỀN THÔNG GA MALL,CÔNG TY TNHH CÔNG NGHỆ TRUYỀN ,Công ty trách nhiệm hữu hạn một thành viên,"353 - 355 An Dương Vương, Phường 03, Quận 5, Thành phố Hồ Chí Minh, Việt Nam",Quận 5,"2829: Sản xuất máy chuyên dụng khác-;4651: Bán buôn máy vi tính, thiết bị ngoại vi và phần mềm-;4652: Bán buôn thiết bị và linh kiện điện tử, viễn thông-;4741: Bán lẻ máy vi tính, thiết bị ngoại vi, p",internet
316072466,CÔNG TY TNHH ĐẦU TƯ THƯƠNG MẠI DỊCH VỤ NEW SKY,CÔNG TY TNHH ĐẦU TƯ THƯƠNG MẠI,Công ty trách nhiệm hữu hạn một thành viên,"57/19 Trần Nhân Tôn, Phường 09, Quận 5, Thành phố Hồ Chí Minh, Việt Nam",Quận 5,"7912: Điều hành tua du lịch-Chi tiết: Hoạt động thu xếp, kết nối các tua đã được bán thông qua các đại lý du lịch hoặc trực tiếp bởi điều hành tua. Các tua du lịch có thể bao gồm một phần hoặc toàn bộ",internet
316076894,CÔNG TY TNHH YINSHAN TECHNOLOGY (VIET NAM),CÔNG TY TNHH YINSHAN TECHNOLOG,Công ty trách nhiệm hữu hạn một thành viên,"Tầng 2 Tòa nhà Hà Phan, Số 1119 Trần Hưng Đạo, Phường 05, Quận 5, Thành phố Hồ Chí Minh, Việt Nam",Quận 5,"7020: Hoạt động tư vấn quản lý-(trừ tư vấn tài chính, kế toán, pháp luật), Chi tiết:
- Dich vụ tư vấn quản lý chung; 
- Dịch vụ tư vấn quản lý tài chính (trừ thuế kinh doanh); 
- Dịch vụ tư vấn quản l",technology
315465538,CÔNG TY TNHH GIẢI TRÍ KHỔNG TƯỚC,CÔNG TY TNHH GIẢI TRÍ KHỔNG TƯ,Công ty trách nhiệm hữu hạn một thành viên,"545 Đường Nguyễn Trãi, Phường 07, Quận 5, Thành phố Hồ Chí Minh, Việt Nam",Quận 5,"8230: Tổ chức giới thiệu và xúc tiến thương mại-Chi tiết: Tổ chức hội nghị, hội thảo, hội chợ, sự kiện (không thực hiện các hiệu ứng cháy, nổ; không sử dụng chất nổ, chất cháy, hóa chất làm đạo cụ, dụ",internet
316072480,CÔNG TY CP SẢN XUẤT THƯƠNG MẠI DỊCH VỤ BSK,CÔNG TY CP SẢN XUẤT THƯƠNG MẠI,Công ty cổ phần,"173B Lương Nhữ Học, Phường 11, Quận 5, Thành phố Hồ Chí Minh, Việt Nam",Quận 5,"9620: Giặt là, làm sạch các sản phẩm dệt và lông thú-(trừ tẩy, nhuộm, hồ, in tại trụ sở).;2599: Sản xuất sản phẩm khác bằng kim loại chưa được phân vào đâu-Sản xuất sản phẩm inox ( không gia công cơ k",internet
315540591,CÔNG TY TNHH DECONS TECHNOLOGY,CÔNG TY TNHH DECONS TECHNOLOGY,Công ty trách nhiệm hữu hạn một thành viên,"911 Nguyễn Trãi, Phường 14, Quận 5, Thành phố Hồ Chí Minh, Việt Nam",Quận 5,6201: Lập trình máy vi tính-Chi tiết: Dịch vụ thực hiện phần mềm; Dịch vụ lập trình;6202: Tư vấn máy vi tính và quản trị hệ thống máy vi tính-Chi tiết: Dịch vụ tư vấn liên quan đến việc lắp đặt phần c,technology
315655553,CÔNG TY TNHH GUKIT,CÔNG TY TNHH GUKIT,Công ty trách nhiệm hữu hạn hai thành viên trở lên,"71/70 Trần Phú, Phường 04, Quận 5, Thành phố Hồ Chí Minh, Việt Nam",Quận 5,"1811: In ấn-;4649: Bán buôn đồ dùng khác cho gia đình-Chi tiết:Bán buôn đồ chơi trẻ em (không kinh doanh đồ chơi có hại cho giáo dục nhân cách, sức khoẻ của trẻ em hoặc ảnh hưởng đến an ninh trật tự, ",internet
315855351,CÔNG TY TNHH THƯƠNG MẠI QUỐC TẾ TỪ TÂM,CÔNG TY TNHH THƯƠNG MẠI QUỐC T,Công ty trách nhiệm hữu hạn hai thành viên trở lên,"31 Trần Phú, Phường 04, Quận 5, Thành phố Hồ Chí Minh, Việt Nam",Quận 5,"4791: Bán lẻ theo yêu cầu đặt hàng qua bưu điện hoặc internet-(trừ bán lẻ bình gas, hóa chất, súng, đạn loại dùng đi săn hoặc thể thao và tiền kim khí và thực hiện theo Quyết định 64/2009/QĐ-UNBD ngày",internet
315939594,CÔNG TY TNHH XUẤT NHẬP KHẨU SJM,CÔNG TY TNHH XUẤT NHẬP KHẨU SJ,Công ty trách nhiệm hữu hạn một thành viên,"90 Trần Chánh Chiếu, Phường 14, Quận 5, Thành phố Hồ Chí Minh, Việt Nam",Quận 5,"6201: Lập trình máy vi tính-;4651: Bán buôn máy vi tính, thiết bị ngoại vi và phần mềm-Chi tiết: Bán buôn máy vi tính, thiết bị ngoại vi và phần mềm;6202: Tư vấn máy vi tính và quản trị hệ thống máy v",internet
315974856,CÔNG TY TNHH ME MEDIA,CÔNG TY TNHH ME MEDIA,Công ty trách nhiệm hữu hạn hai thành viên trở lên,"462 - 464 An Dương Vương, Phường 04, Quận 5, Thành phố Hồ Chí Minh, Việt Nam",Quận 5,0161: Hoạt động dịch vụ trồng trọt-(không hoạt động tại trụ sở);0162: Hoạt động dịch vụ chăn nuôi-(không hoạt động tại trụ sở);0163: Hoạt động dịch vụ sau thu hoạch-(không hoạt động tại trụ sở);0164: ,internet
315998649,CÔNG TY TNHH SẢN XUẤT VÀ THƯƠNG MẠI BÁCH KHÔI,CÔNG TY TNHH SẢN XUẤT VÀ THƯƠN,Công ty trách nhiệm hữu hạn hai thành viên trở lên,"736 Võ Văn Kiệt, Phường 01, Quận 5, Thành phố Hồ Chí Minh, Việt Nam",Quận 5,"4724: Bán lẻ sản phẩm thuốc lá, thuốc lào trong các cửa hàng chuyên doanh-(Thực hiện theo Quyết định 64/2009/QĐ-UBND ngày 31/7/2009 và Quyết định số 79/2009/QĐ-UBND ngày 17/10/2009 của Ủy ban nhân dân",internet
316034453,CÔNG TY TNHH N&T CNC TECHNOLOGY,CÔNG TY TNHH NT CNC TECHNOLOGY,Công ty trách nhiệm hữu hạn một thành viên,"277/19 Nguyễn Chí Thanh, Phường 12, Quận 5, Thành phố Hồ Chí Minh, Việt Nam",Quận 5,"2592: Gia công cơ khí; xử lý và tráng phủ kim loại-Chi tiết: Gia công tiện;1077: Sản xuất cà phê-Chi tiết: Rang, xay cà phê;4543: Bán phụ tùng và các bộ phận phụ trợ của mô tô, xe máy-;4620: Bán buôn ",technology
316077513,CÔNG TY TNHH KỸ THUẬT THỊNH KHOA,CÔNG TY TNHH KỸ THUẬT THỊNH KH,Công ty trách nhiệm hữu hạn một thành viên,"300B Trần Phú, Phường 08, Quận 5, Thành phố Hồ Chí Minh, Việt Nam",Quận 5,"2811: Sản xuất động cơ, tua bin (trừ động cơ máy bay, ô tô, mô tô và xe máy)-(không hoạt động tại trụ sở);2812: Sản xuất thiết bị sử dụng năng lượng chiết lưu-(không hoạt động tại trụ sở);2813: Sản xu",internet
316104319,CÔNG TY TNHH THỜI TRANG ĐÔNG PHƯƠNG,CÔNG TY TNHH THỜI TRANG ĐÔNG P,Công ty trách nhiệm hữu hạn một thành viên,"số 19, đường Trần Hưng Đạo, Phường 06, Quận 5, Thành phố Hồ Chí Minh, Việt Nam",Quận 5,"7020: Hoạt động tư vấn quản lý-(trừ tư vấn tài chính, kế toán, pháp luật).;4610: Đại lý, môi giới, đấu giá hàng hóa-(trừ đấu giá tài sản);4633: Bán buôn đồ uống-;4641: Bán buôn vải, hàng may mặc, giày",internet
316115906,CÔNG TY TNHH NGÂN QUỲNH BEAUTY & SERVICE,CÔNG TY TNHH NGÂN QUỲNH BEAUTY,Công ty trách nhiệm hữu hạn hai thành viên trở lên,"345 An Dương Vương, Phường 03, Quận 5, Thành phố Hồ Chí Minh, Việt Nam",Quận 5,"9631: Cắt tóc, làm đầu, gội đầu-Chi tiết: Cắt tóc, gội đầu, uốn, sấy, nhuộm tóc, duỗi thẳng, ép tóc. Và các dịch vụ làm tóc khác phục vụ cả nam và nữ. Cắt, tỉa và cạo râu; Massage mặt, làm móng chân, ",internet
316121064,CÔNG TY TNHH THƯƠNG MẠI DỊCH VỤ HIẾU PHÁT,CÔNG TY TNHH THƯƠNG MẠI DỊCH V,Công ty trách nhiệm hữu hạn một thành viên,"29B Phan Huy Chú, Phường 10, Quận 5, Thành phố Hồ Chí Minh, Việt Nam",Quận 5,"4649: Bán buôn đồ dùng khác cho gia đình-Chi tiết: Bán buôn bao bì giấy, văn phòng phẩm, giấy các loại.;4719: Bán lẻ  khác trong các cửa hàng kinh doanh tổng hợp-(trừ bán lẻ hóa chất, khí dầu mỏ hóa l",internet
316130100,CÔNG TY TNHH THƯƠNG MẠI ĐIỆN TỬ VINBOX,CÔNG TY TNHH THƯƠNG MẠI ĐIỆN T,Công ty trách nhiệm hữu hạn hai thành viên trở lên,"Mặt bằng 3.3, Tầng 2, The Garden Mall, 190 đường Hồng Bàng, Phường 12, Quận 5, Thành phố Hồ Chí Minh, Việt Nam",Quận 5,"4610: Đại lý, môi giới, đấu giá hàng hóa-Chi tiết: Dịch vụ đại lý hoa hồng (CPC 621); 4620: Bán buôn nông, lâm sản nguyên liệu (trừ gỗ, tre, nứa) và động vật sống-(không hoạt động tại trụ sở) (CPC 622",internet
316141166,CÔNG TY TNHH RIVICO,CÔNG TY TNHH RIVICO,Công ty trách nhiệm hữu hạn hai thành viên trở lên,"Số 372-374 Trần Hưng Đạo, Phường 02, Quận 5, Thành phố Hồ Chí Minh, Việt Nam",Quận 5,"4791: Bán lẻ theo yêu cầu đặt hàng qua bưu điện hoặc internet-(trừ đấu giá bán lẻ qua internet) (trừ bán lẻ bình gas, khí dầu mỏ hóa lỏng LPG, dầu nhớt cặn, vàng miếng, súng, đạn loại dùng đi săn hoặc",internet
316148281,CÔNG TY TNHH BẤT ĐỘNG SẢN & THƯƠNG MẠI LIN,CÔNG TY TNHH BẤT ĐỘNG SẢN  THƯ,Công ty trách nhiệm hữu hạn một thành viên,"56/4 Bạch Vân, Phường 05, Quận 5, Thành phố Hồ Chí Minh, Việt Nam",Quận 5,"4329: Lắp đặt hệ thống xây dựng khác-Chi tiết: lắp đặt hệ thống thiết bị trong công trình nhà và công trình xây dựng khác như: thang máy, thang cuốn; cửa cuốn, cửa tự động; dây dẫn chống sét; hệ thống",internet
316167527,CÔNG TY TNHH THƯƠNG MẠI & TRANG TRÍ KIM NGỌC,CÔNG TY TNHH THƯƠNG MẠI  TRANG,Công ty trách nhiệm hữu hạn một thành viên,"218F/25 Trần Hưng Đạo, Phường 11, Quận 5, Thành phố Hồ Chí Minh, Việt Nam",Quận 5,"9633: Hoạt động dịch vụ phục vụ hôn lễ-Chi tiết: Dịch vụ tổ chức và phục vụ đám cưới, đám hỏi;4773: Bán lẻ hàng hóa khác mới trong các cửa hàng chuyên doanh-Chi tiết: Bán lẻ thiệp cưới, thiệp các loại",internet
316171403,CÔNG TY TNHH VINAHI,CÔNG TY TNHH VINAHI,Công ty trách nhiệm hữu hạn một thành viên,"676/26 Võ Văn Kiệt, Phường 01, Quận 5, Thành phố Hồ Chí Minh, Việt Nam",Quận 5,"6209: Hoạt động dịch vụ công nghệ thông tin và dịch vụ khác liên quan đến máy vi tính-;6311: Xử lý dữ liệu, cho thuê và các hoạt động liên quan-;7410: Hoạt động thiết kế chuyên dụng-;7310: Quảng cáo-;",internet
316165262,CÔNG TY TNHH THƯƠNG MẠI WELL BEING,CÔNG TY TNHH THƯƠNG MẠI WELL ,Công ty trách nhiệm hữu hạn một thành viên,"400 Trần Hưng Đạo, Phường 11, Quận 5, Thành phố Hồ Chí Minh, Việt Nam",Quận 5,"8699: Hoạt động y tế khác chưa được phân vào đâu-Chi tiết: Hoạt động khám chữa bệnh bằng phương pháp đông y;9631: Cắt tóc, làm đầu, gội đầu-(trừ hoạt động dịch vụ gây chảy máu);1079: Sản xuất thực phẩ",internet
316188277,CÔNG TY TNHH ANDANTIST,CÔNG TY TNHH ANDANTIST,Công ty trách nhiệm hữu hạn hai thành viên trở lên,"43 Trần Xuân Hòa, Phường 07, Quận 5, Thành phố Hồ Chí Minh, Việt Nam",Quận 5,"1610: Cưa, xẻ, bào gỗ và bảo quản gỗ-(Không hoạt động tại trụ sở);1621: Sản xuất gỗ dán, gỗ lạng, ván ép và ván mỏng khác-(Không hoạt động tại trụ sở);1622: Sản xuất đồ gỗ xây dựng-(Không hoạt động tạ",internet
316175479,CÔNG TY TNHH GIẢI PHÁP TẦM NHÌN SONG SONG,CÔNG TY TNHH GIẢI PHÁP TẦM NHÌ,Công ty trách nhiệm hữu hạn hai thành viên trở lên,"60B Nguyễn Biểu , Phường 01, Quận 5, Thành phố Hồ Chí Minh, Việt Nam",Quận 5,"4651: Bán buôn máy vi tính, thiết bị ngoại vi và phần mềm-;4649: Bán buôn đồ dùng khác cho gia đình-Chi tiết: Bán buôn sách, báo, tạp chí, văn phòng phẩm;4761: Bán lẻ sách, báo, tạp chí văn phòng phẩm",internet
316192474,CÔNG TY CỔ PHẦN CHỢ TRỰC TUYẾN,CÔNG TY CỔ PHẦN CHỢ TRỰC TUY,Công ty cổ phần,"Văn phòng số 6.04, Tầng 06, Toà nhà Everrich Infinity, số 290 An Dương Vương, Phường 04, Quận 5, Thành phố Hồ Chí Minh, Việt Nam",Quận 5,"5820: Xuất bản phần mềm-Chi tiết : sản xuất phần mềm;6201: Lập trình máy vi tính-Chi tiết: Tư vấn thiết kế website, phần mềm;6202: Tư vấn máy vi tính và quản trị hệ thống máy vi tính-;6209: Hoạt ",internet
316196246,CÔNG TY TNHH SẢN XUẤT THƯƠNG MẠI DỊCH VỤ ANH KHÔI,CÔNG TY TNHH SẢN XUẤT THƯƠNG M,Công ty trách nhiệm hữu hạn một thành viên,"250 Nguyễn Trãi, Phường 03, Quận 5, Thành phố Hồ Chí Minh, Việt Nam",Quận 5,"4789: Bán  lẻ hàng hóa khác lưu động hoặc tại chợ-(trừ bán lẻ bình gas, khí dầu mỏ hóa lỏng LPG, dầu nhớt cặn, vàng miếng, súng, đạn loại dùng đi săn hoặc thể thao và tiền kim khí và thực hiện theo Qu",internet
316189489,CÔNG TY TNHH GIẢI PHÁP CÔNG NGHỆ CPTECH,CÔNG TY TNHH GIẢI PHÁP CÔNG NG,Công ty trách nhiệm hữu hạn một thành viên,"Số 372 - 374 Trần Hưng Đạo, Phường 02, Quận 5, Thành phố Hồ Chí Minh, Việt Nam",Quận 5,"4791: Bán lẻ theo yêu cầu đặt hàng qua bưu điện hoặc internet-(trừ đấu giá bán lẻ qua internet) (trừ bán lẻ bình gas, khí dầu mỏ hóa lỏng LPG, dầu nhớt cặn, vàng miếng, súng, đạn loại dùng đi săn hoặc",internet
316193051,CÔNG TY TNHH MTV CH GROUP,CÔNG TY TNHH MTV CH GROUP,Công ty trách nhiệm hữu hạn một thành viên,"VP 5.64 Toà nhà Everrich Infinity, 290 An Dương Vương, Phường 04, Quận 5, Thành phố Hồ Chí Minh, Việt Nam",Quận 5,"4641: Bán buôn vải, hàng may mặc, giày dép-;4771: Bán lẻ hàng may mặc, giày dép, hàng da và giả da trong các cửa hàng chuyên doanh-;4751: Bán lẻ vải, len, sợi, chỉ khâu và hàng dệt khác trong các cửa ",internet
316231081,CÔNG TY TNHH GIẢI PHÁP T&K,CÔNG TY TNHH GIẢI PHÁP TK,Công ty trách nhiệm hữu hạn một thành viên,"474/3 Phan Văn Trị , Phường 07, Quận 5, Thành phố Hồ Chí Minh, Việt Nam",Quận 5,"2620: Sản xuất máy vi tính và thiết bị ngoại vi của máy vi tính-;3313: Sửa chữa thiết bị điện tử và quang học-;4610: Đại lý, môi giới, đấu giá hàng hóa-Chi tiết: Đại lý.;4649: Bán buôn đồ dùng khác ch",internet
316216566,CÔNG TY TNHH THƯƠNG MẠI & DỊCH VỤ CƯỜNG TUỆ,CÔNG TY TNHH THƯƠNG MẠI  DỊCH ,Công ty trách nhiệm hữu hạn một thành viên,"47 An Bình , Phường 06, Quận 5, Thành phố Hồ Chí Minh, Việt Nam",Quận 5,"4530: Bán phụ tùng và các bộ phận phụ trợ của ô tô và xe có động cơ khác-;4541: Bán mô tô, xe máy-;4542: Bảo dưỡng và sửa chữa mô tô, xe máy-;4543: Bán phụ tùng và các bộ phận phụ trợ của mô tô, xe má",internet
316239700,CÔNG TY TNHH MTV THƯƠNG MẠI DỊCH VỤ SAO MAI,CÔNG TY TNHH MTV THƯƠNG MẠI DỊ,Công ty trách nhiệm hữu hạn một thành viên,"225 Hùng Vương, Phường 09, Quận 5, Thành phố Hồ Chí Minh, Việt Nam",Quận 5,"4791: Bán lẻ theo yêu cầu đặt hàng qua bưu điện hoặc internet-(trừ bán lẻ bình gas, súng, đạn loại dùng đi săn hoặc thể thao, tiền kim khí và mua bán vàng miếng; thực hiện theo Quyết định 64/2009/QĐ-U",internet
316239186,CÔNG TY TNHH ĐẦU TƯ VÀ THƯƠNG MẠI KHÔI NGUYÊN,CÔNG TY TNHH ĐẦU TƯ VÀ THƯƠNG ,Công ty trách nhiệm hữu hạn một thành viên,"233/21A Nguyễn Trãi, Phường 02, Quận 5, Thành phố Hồ Chí Minh, Việt Nam",Quận 5,"4781: Bán lẻ lương thực, thực phẩm, đồ uống, thuốc lá, thuốc lào lưu động hoặc tại chợ-(Thực hiện theo Quyết định 64/2009/QĐ-UBND ngày 31/7/2009 của Ủy ban nhân dân Thành phố Hồ Chí Minh và Quyết định",internet
316246183,CÔNG TY TNHH VIE EDU,CÔNG TY TNHH VIE EDU,Công ty trách nhiệm hữu hạn một thành viên,"454-456 Nguyễn Trãi , Phường 08, Quận 5, Thành phố Hồ Chí Minh, Việt Nam",Quận 5,8521: Giáo dục tiểu học-;8560: Dịch vụ hỗ trợ giáo dục-;9311: Hoạt động của các cơ sở thể thao-(trừ hoạt động của các sàn nhảy);9312: Hoạt động của các câu lạc bộ thể thao-(trừ hoạt động của các sàn n,internet
316243714,CÔNG TY TNHH HAVI GLOBAL,CÔNG TY TNHH HAVI GLOBAL,Công ty trách nhiệm hữu hạn hai thành viên trở lên,"77/4A Lầu 2 phải, Đường Nguyễn Thi, Phường 13, Quận 5, Thành phố Hồ Chí Minh, Việt Nam",Quận 5,"4620: Bán buôn nông, lâm sản nguyên liệu (trừ gỗ, tre, nứa) và động vật sống-( không hoạt động tại trụ sở );4631: Bán buôn gạo, lúa mỳ, hạt ngũ cốc khác, bột mỳ-( không hoạt động tại trụ sở ",internet
316266084,CÔNG TY TNHH SX-TM-DV NHẤT TÂM TÀI,CÔNG TY TNHH SXTMDV NHẤT TÂM T,Công ty trách nhiệm hữu hạn một thành viên,"38B Phan Văn Khỏe, Phường 13, Quận 5, Thành phố Hồ Chí Minh, Việt Nam",Quận 5,"4663: Bán buôn vật liệu, thiết bị lắp đặt khác trong xây dựng-;2592: Gia công cơ khí; xử lý và tráng phủ kim loại-;4530: Bán phụ tùng và các bộ phận phụ trợ của ô tô và xe có động cơ khác-;4652: Bán b",internet
316251803,CÔNG TY CỔ PHẦN THƯƠNG MẠI DỊCH VỤ NGUYÊN XƯƠNG,CÔNG TY CỔ PHẦN THƯƠNG MẠI DỊC,Công ty cổ phần,"159-161 Dương Tử Giang, Phường 15, Quận 5, Thành phố Hồ Chí Minh, Việt Nam",Quận 5,"3250: Sản xuất thiết bị, dụng cụ y tế, nha khoa, chỉnh hình và phục hồi chức năng-;3312: Sửa chữa máy móc, thiết bị-;4649: Bán buôn đồ dùng khác cho gia đình-Chi tiết: Bán buôn dụng cụ y tế; Bán buôn ",internet
316257322,CÔNG TY TNHH MỘT THÀNH VIÊN HIỆP THUẬN PHÁT,CÔNG TY TNHH MỘT THÀNH VIÊN HI,Công ty trách nhiệm hữu hạn một thành viên,"3D Trần Phú, Phường 04, Quận 5, Thành phố Hồ Chí Minh, Việt Nam",Quận 5,"4791: Bán lẻ theo yêu cầu đặt hàng qua bưu điện hoặc internet-(trừ bán lẻ bình gas, khí dầu mỏ hóa lỏng LPG, dầu nhớt cặn, vàng miếng, súng, đạn loại dùng đi săn hoặc thể thao và tiền kim khí; trừ bán",internet
316271260,CÔNG TY TNHH THƯƠNG MẠI SỰ KIỆN ĐỨC THỊNH,CÔNG TY TNHH THƯƠNG MẠI SỰ KIỆ,Công ty trách nhiệm hữu hạn một thành viên,"682/12 Võ Văn Kiệt, Phường 01, Quận 5, Thành phố Hồ Chí Minh, Việt Nam",Quận 5,"8531: Đào tạo sơ cấp-Chi tiết: Dạy nghề;4641: Bán buôn vải, hàng may mặc, giày dép-Chi tiết: Bán buôn hàng may mặc;4101: Xây dựng nhà để ở-;4102: Xây dựng nhà không để ở-;4211: Xây dựng công trình đườ",internet
316265066,CÔNG TY TNHH THƯƠNG MẠI DỊCH VỤ TƯ VẤN HNT,CÔNG TY TNHH THƯƠNG MẠI DỊCH V,Công ty trách nhiệm hữu hạn một thành viên,"38 Trần Phú, Phường 04, Quận 5, Thành phố Hồ Chí Minh, Việt Nam",Quận 5,"4719: Bán lẻ  khác trong các cửa hàng kinh doanh tổng hợp-(trừ bán lẻ bình gas, khí dầu mỏ hóa lỏng LPG, dầu nhớt cặn, vàng miếng, súng, đạn loại dùng đi săn hoặc thể thao và tiền kim khí; trừ bán lẻ ",internet
316267627,CÔNG TY TNHH TMDV AN MỸ,CÔNG TY TNHH TMDV AN MỸ,Công ty trách nhiệm hữu hạn hai thành viên trở lên,"565/32 Nguyễn Trãi, Phường 07, Quận 5, Thành phố Hồ Chí Minh, Việt Nam",Quận 5,"4690: Bán buôn tổng hợp-(trừ bán buôn bình gas, khí dầu mỏ hóa lỏng LPG, dầu nhớt cặn, vàng miếng, súng, đạn loại dùng đi săn hoặc thể thao và tiền kim khí; trừ bán buôn hóa chất tại trụ sở; Thực hiện",internet
316289927,CÔNG TY CỔ PHẦN TƯ VẤN THƯƠNG MẠI DỊCH VỤ CMC,CÔNG TY CỔ PHẦN TƯ VẤN THƯƠNG ,Công ty cổ phần,"Số 101/39 Nguyễn Chí Thanh, Phường 09, Quận 5, Thành phố Hồ Chí Minh, Việt Nam",Quận 5,"4759: Bán lẻ đồ điện gia dụng, giường, tủ, bàn, ghế và đồ nội thất tương tự, đèn và bộ đèn điện, đồ dùng gia đình khác chưa được phân vào đâu  trong các cửa hàng chuyên doanh-Chi tiết: - Bán lẻ đồ điệ",internet
316291612,CÔNG TY TNHH IQ1 VIỆT NAM,CÔNG TY TNHH IQ1 VIỆT NAM,Công ty trách nhiệm hữu hạn một thành viên,"272 Lầu 2 Trần Phú, Phường 08, Quận 5, Thành phố Hồ Chí Minh, Việt Nam",Quận 5,"4791: Bán lẻ theo yêu cầu đặt hàng qua bưu điện hoặc internet-(trừ bán lẻ bình gas, hóa chất, súng, đạn loại dùng đi săn hoặc thể thao và tiền kim khí và thực hiện theo Quyết định 64/2009/QĐ-UBND ngày",internet
316338028,CÔNG TY TNHH UDAGEM,CÔNG TY TNHH UDAGEM,Công ty trách nhiệm hữu hạn một thành viên,"381 An Dương Vương, Phường 03, Quận 5, Thành phố Hồ Chí Minh, Việt Nam",Quận 5,"7310: Quảng cáo-;6399: Dịch vụ thông tin khác chưa được phân vào đâu-Chi tiết: Dịch vụ cung cấp thông tin lên mạng Internet (trừ dịch vụ cắt xén thông tin, báo chí) (trừ các loại thông tin Nhà Nước cấ",internet
316364162,CÔNG TY TNHH  CÔNG NGHỆ VÀ KỸ THUẬT NEXTWAVE,CÔNG TY TNHH  CÔNG NGHỆ VÀ KỸ ,Công ty trách nhiệm hữu hạn một thành viên,"204/15B-15C, Đường Cao Đạt, Phường 01, Quận 5, Thành phố Hồ Chí Minh, Việt Nam",Quận 5,"6201: Lập trình máy vi tính-Chi tiết: Sản xuất phần mềm.;6311: Xử lý dữ liệu, cho thuê và các hoạt động liên quan-Chi tiết: Dịch vụ truy cập dữ liệu và thông tin trên mạng, dịch vụ xử lý dữ
liệu và th",internet
316344776,CÔNG TY TNHH THƯƠNG MẠI YING YUN JIA,CÔNG TY TNHH THƯƠNG MẠI YING Y,Công ty trách nhiệm hữu hạn một thành viên,"216 Trần Hưng Đạo B, Phường 11, Quận 5, Thành phố Hồ Chí Minh, Việt Nam",Quận 5,"4669: Bán buôn chuyên doanh khác chưa được phân vào đâu-Chi tiết: Bán buôn mắt kính, linh kiện và phụ kiện mắt kính; Bán buôn đồng hồ; Bán buôn hóa chất thuộc lĩnh vực công nghiệp, dân dụng (không hoạ",internet
316351082,CÔNG TY TNHH MINA SHOWS & EVENTS,CÔNG TY TNHH MINA SHOWS  EVENT,Công ty trách nhiệm hữu hạn một thành viên,"54 Bạch Vân, Phường 05, Quận 5, Thành phố Hồ Chí Minh, Việt Nam",Quận 5,"8230: Tổ chức giới thiệu và xúc tiến thương mại-Chi tiết: Tổ chức sự kiện: (tổ chức giới thiệu và xúc tiến thương mại). Nhóm này gồm: Việc tổ chức, xúc tiến và/hoặc quản lý các sự kiện, như kinh doanh",internet
316377034,CÔNG TY TNHH LẮP ĐẶT CAMERA UNIT,CÔNG TY TNHH LẮP ĐẶT CAMERA UN,Công ty trách nhiệm hữu hạn một thành viên,"191A Nguyễn Chí Thanh , Phường 12, Quận 5, Thành phố Hồ Chí Minh, Việt Nam",Quận 5,2620: Sản xuất máy vi tính và thiết bị ngoại vi của máy vi tính-;2740: Sản xuất thiết bị điện chiếu sáng-;3313: Sửa chữa thiết bị điện tử và quang học-;3314: Sửa chữa thiết bị điện-Chi tiết: Sửa chữa ,internet
316412137,CÔNG TY CỔ PHẦN BRP SOFTWARE VIỆT NAM,CÔNG TY CỔ PHẦN BRP SOFTWARE V,Công ty cổ phần,"Phòng 06-42, Lầu 6 Toà nhà Everich Infinity, 290 An Dương Vương, Phường 04, Quận 5, Thành phố Hồ Chí Minh, Việt Nam",Quận 5,"6120: Hoạt động viễn thông không dây-chi tiết: 
- hoạt động cung cấp trực tiếp dịch vụ viễn thông không dây
- hoạt động cung cấp dịch vụ viễn thông không dây sử dụng quyền truy cập hạ tầng viễn thông ",software
316383246,CÔNG TY CỔ PHẦN ĐẦU TƯ TÀI CHÍNH DRACO,CÔNG TY CỔ PHẦN ĐẦU TƯ TÀI CHÍ,Công ty cổ phần,"Số 18 Phú Giáo, Phường 14, Quận 5, Thành phố Hồ Chí Minh, Việt Nam",Quận 5,6619: Hoạt động hỗ trợ dịch vụ tài chính chưa được phân vào đâu-Chi tiết: Hoạt động tư vấn đầu tư (Trừ tư vấn kế toán);6612: Môi giới hợp đồng hàng hoá và chứng khoán-(chi tiết:Môi giới hợp đồng hàng ,internet
316395682,CÔNG TY TNHH TƯ VẤN VÀ DỊCH VỤ E-CHOICE,CÔNG TY TNHH TƯ VẤN VÀ DỊCH VỤ,Công ty trách nhiệm hữu hạn hai thành viên trở lên,"225 Lương Nhữ Học, Phường 12, Quận 5, Thành phố Hồ Chí Minh, Việt Nam",Quận 5,"7810: Hoạt động của các trung tâm, đại lý tư vấn, giới thiệu và môi giới lao động, việc làm-Chi tiết: Hoạt động của các đại lý tư vấn, giới thiệu và môi giới lao động, việc làm;4610: Đại lý, môi giới,",internet
316408860,CÔNG TY TNHH THƯƠNG MẠI DỊCH VỤ XÂY DỰNG AN QUÂN,CÔNG TY TNHH THƯƠNG MẠI DỊCH V,Công ty trách nhiệm hữu hạn một thành viên,"129/36 Nguyễn Trãi , Phường 02, Quận 5, Thành phố Hồ Chí Minh, Việt Nam",Quận 5,"3320: Lắp đặt máy móc và thiết bị công nghiệp-;4101: Xây dựng nhà để ở-;4102: Xây dựng nhà không để ở-;4311: Phá dỡ-;4312: Chuẩn bị mặt bằng-;4321: Lắp đặt hệ thống điện-;4322: Lắp đặt hệ thống cấp, t",internet
316469197,CÔNG TY TNHH THƯƠNG MẠI TƯ VẤN VIỆT PHÁT,CÔNG TY TNHH THƯƠNG MẠI TƯ VẤN,Công ty trách nhiệm hữu hạn một thành viên,"216 Trần Hưng Đạo B, Phường 11, Quận 5, Thành phố Hồ Chí Minh, Việt Nam",Quận 5,"4649: Bán buôn đồ dùng khác cho gia đình-Chi tiết: Bán buôn vali, cặp, túi, ví, hàng da và giả da khác; Bán buôn dụng cụ y tế, vật tư y tế; Bán buôn nước hoa, hàng mỹ phẩm và chế phẩm vệ sinh; Bán buô",internet
316429317,CÔNG TY TNHH KINH DOANH SẢN XUẤT IN ẤN THỊNH PHÁT,CÔNG TY TNHH KINH DOANH SẢN XU,Công ty trách nhiệm hữu hạn một thành viên,"449 Nguyễn Trãi, Phường 07, Quận 5, Thành phố Hồ Chí Minh, Việt Nam",Quận 5,"4771: Bán lẻ hàng may mặc, giày dép, hàng da và giả da trong các cửa hàng chuyên doanh-;4722: Bán lẻ thực phẩm trong các cửa hàng chuyên doanh-(Thực hiện theo quyết định 64/2009/QĐ-UBND ngày 31/7/2009",internet
316425979,CÔNG TY CỔ PHẦN TƯ VẤN PHÁT TRIỂN ĐẦU TƯ DKRA CAPELLA,CÔNG TY CỔ PHẦN TƯ VẤN PHÁT TR,Công ty cổ phần,"63-67 An Điềm, Phường 10, Quận 5, Thành phố Hồ Chí Minh, Việt Nam",Quận 5,"7020: Hoạt động tư vấn quản lý-(trừ tư vấn tài chính, kế toán, pháp luật);7320: Nghiên cứu thị trường và thăm dò dư luận-;7410: Hoạt động thiết kế chuyên dụng-;8211: Dịch vụ hành chính văn phòng tổng ",internet
316450439,CÔNG TY TNHH ĐỒ NGHỀ 365,CÔNG TY TNHH ĐỒ NGHỀ 365,Công ty trách nhiệm hữu hạn hai thành viên trở lên,"202 Lương Nhữ Học, Phường 11, Quận 5, Thành phố Hồ Chí Minh, Việt Nam",Quận 5,"4530: Bán phụ tùng và các bộ phận phụ trợ của ô tô và xe có động cơ khác-;4543: Bán phụ tùng và các bộ phận phụ trợ của mô tô, xe máy-;4653: Bán buôn máy móc, thiết bị và phụ tùng máy nông nghiệp-;465",internet
316456014,CÔNG TY TNHH DVTM XNK HOÀNG HẢI,CÔNG TY TNHH DVTM XNK HOÀNG HẢ,Công ty trách nhiệm hữu hạn một thành viên,"Phòng 10, Tầng Lửng, Cao Ốc Đại Thanh Bình, Số 911-913-915-917 Nguyễn Trãi, Phường 14, Quận 5, Thành phố Hồ Chí Minh, Việt Nam",Quận 5,4719: Bán lẻ  khác trong các cửa hàng kinh doanh tổng hợp-(Thực hiện theo quyết định số 64 /2009/QĐ-UBND ngày 31/07/2009 và quyết định số 79 /2009/QĐ-UBND ngày 17/10/2009 của Ủy Ban Nhân Dân Thành Phố,internet
316496592,CÔNG TY TNHH MTV ENGAGEX,CÔNG TY TNHH MTV ENGAGEX,Công ty trách nhiệm hữu hạn một thành viên,"353 - 355 An Dương Vương, Phường 09, Quận 5, Thành phố Hồ Chí Minh, Việt Nam",Quận 5,"4690: Bán buôn tổng hợp-(Trừ bán buôn bình gas, hoá chất, súng, đạn loại dùng đi săn hoặc thể thao và tiền kim khí và thực hiện theo Quyết định 64/2009/QĐ-UBND ngày 31/07/2009 của Uỷ ban nhân dân thàn",internet
316463974,CÔNG TY CỔ PHẦN DTS GROUP,CÔNG TY CỔ PHẦN DTS GROUP,Công ty cổ phần,"462 - 464 An Dương Vương, Phường 04, Quận 5, Thành phố Hồ Chí Minh, Việt Nam",Quận 5,"4633: Bán buôn đồ uống-Chi tiết: Bán buôn đồ uống có cồn. Bán buôn đồ uống không có cồn;4632: Bán buôn thực phẩm-(Không hoạt động tại trụ sở);4631: Bán buôn gạo, lúa mỳ, hạt ngũ cốc khác, bột mỳ-(khôn",internet
316513223,CÔNG TY TNHH TƯ VẤN QUẢNG CÁO TỔ CHỨC BIỂU DIỄN THÁI VIỆT,CÔNG TY TNHH TƯ VẤN QUẢNG CÁO ,Công ty trách nhiệm hữu hạn một thành viên,"333 Trần Bình Trọng, Phường 04, Quận 5, Thành phố Hồ Chí Minh, Việt Nam",Quận 5,"4641: Bán buôn vải, hàng may mặc, giày dép-Chi tiết: Bán buôn quần áo thời trang;4649: Bán buôn đồ dùng khác cho gia đình-Chi tiết: Bán buôn sản phẩm điện tử (Trừ kinh doanh dược phẩm);4651: Bán buôn ",internet
316478667,CÔNG TY TNHH PHÂN PHỐI ÁNH KHÔI,CÔNG TY TNHH PHÂN PHỐI ÁNH KHÔ,Công ty trách nhiệm hữu hạn một thành viên,"53 Bùi Hữu Nghĩa, Phường 05, Quận 5, Thành phố Hồ Chí Minh, Việt Nam",Quận 5,"4669: Bán buôn chuyên doanh khác chưa được phân vào đâu-Chi tiết: Bán buôn hương liệu, tinh dầu các loại; Bán buôn mỹ phẩm, xà phòng, chất tẩy rửa, dầu gội, sữa tắm, son, phấn, nước hoa, làm bóng.; 47",internet
316484607,CÔNG TY TNHH THƯƠNG MẠI DỊCH VỤ HƯƠNG BẢO,CÔNG TY TNHH THƯƠNG MẠI DỊCH V,Công ty trách nhiệm hữu hạn một thành viên,"TVNTN, Tầng trệt - số 18 An Dương Vương, Phường 09, Quận 5, Thành phố Hồ Chí Minh, Việt Nam",Quận 5,"4784: Bán lẻ thiết bị gia đình khác lưu động hoặc tại chợ-;4789: Bán  lẻ hàng hóa khác lưu động hoặc tại chợ-(trừ bán lẻ bình gas, khí dầu mỏ hóa lỏng LPG, dầu nhớt cặn, vàng miếng, súng, đạn loại dùn",internet
316529311,CÔNG TY TRÁCH NHIỆM HỮU HẠN PHÁT TRIỂN VÀ ĐẦU TƯ ANNAM,CÔNG TY TRÁCH NHIỆM HỮU HẠN PH,Công ty trách nhiệm hữu hạn hai thành viên trở lên,"357-359 An Dương Vương, Phường 03, Quận 5, Thành phố Hồ Chí Minh, Việt Nam",Quận 5,5229: Hoạt động dịch vụ hỗ trợ khác liên quan đến vận tải-(trừ hóa lỏng khí để vận chuyển và hoạt động liên quan đến vận tải đường hàng không).;5610: Nhà hàng và các dịch vụ ăn uống phục vụ lưu động-;,internet
316554452,CÔNG TY TNHH DỊCH VỤ DI ĐỘNG AN THỊNH PHÁT,CÔNG TY TNHH DỊCH VỤ DI ĐỘNG A,Công ty trách nhiệm hữu hạn một thành viên,"85 Hùng Vương, Phường 04, Quận 5, Thành phố Hồ Chí Minh, Việt Nam",Quận 5,3314: Sửa chữa thiết bị điện-;9511: Sửa chữa máy vi tính và thiết bị ngoại vi-;9512: Sửa chữa thiết bị liên lạc-;4299: Xây dựng công trình kỹ thuật dân dụng khác-;4933: Vận tải hàng hóa bằng đường bộ-,internet
316616772,CÔNG TY TNHH D2C SOLUTION,CÔNG TY TNHH D2C SOLUTION,Công ty trách nhiệm hữu hạn hai thành viên trở lên,"302 Cao Đạt, Phường 01, Quận 5, Thành phố Hồ Chí Minh, Việt Nam",Quận 5,3314: Sửa chữa thiết bị điện-;3320: Lắp đặt máy móc và thiết bị công nghiệp-;4101: Xây dựng nhà để ở-;4102: Xây dựng nhà không để ở-;4221: Xây dựng công trình điện--(doanh nghiệp không cung cấp hàng h,internet
316572839,CÔNG TY CỔ PHẦN CHUYỂN ĐỔI SỐ ADT,CÔNG TY CỔ PHẦN CHUYỂN ĐỔI SỐ ,Công ty cổ phần,"684/28A Trần Hưng Đạo, Phường 02, Quận 5, Thành phố Hồ Chí Minh, Việt Nam",Quận 5,"4651: Bán buôn máy vi tính, thiết bị ngoại vi và phần mềm-;4652: Bán buôn thiết bị và linh kiện điện tử, viễn thông-;4741: Bán lẻ máy vi tính, thiết bị ngoại vi, phần mềm và thiết bị viễn thông trong ",internet
316576985,CÔNG TY TNHH XE ĐẠP GIA LONG,CÔNG TY TNHH XE ĐẠP GIA LONG,Công ty trách nhiệm hữu hạn một thành viên,"596 Nguyễn Trãi, Phường 08, Quận 5, Thành phố Hồ Chí Minh, Việt Nam",Quận 5,"3290: Sản xuất khác chưa được phân vào đâu-Chi tiết: Lắp ráp hàng điện tử, các loại máy trò chơi điện tử;4652: Bán buôn thiết bị và linh kiện điện tử, viễn thông-Chi tiết: Bán buôn linh kiện điện tử, ",lap top
316642229,CÔNG TY TNHH TRẦN THÁI SOLAR,CÔNG TY TNHH TRẦN THÁI SOLAR,Công ty trách nhiệm hữu hạn một thành viên,"Số 6 Vạn Tượng, Phường 13, Quận 5, Thành phố Hồ Chí Minh, Việt Nam",Quận 5,"4649: Bán buôn đồ dùng khác cho gia đình-( trừ kinh doanh dược phẩm);4663: Bán buôn vật liệu, thiết bị lắp đặt khác trong xây dựng-;7730: Cho thuê máy móc, thiết bị và đồ dùng hữu hình khác không kèm ",internet
316595787,CÔNG TY TNHH TM DV HUY VINH,CÔNG TY TNHH TM DV HUY VINH,Công ty trách nhiệm hữu hạn một thành viên,"44 Nguyễn Thời Trung, Phường 06, Quận 5, Thành phố Hồ Chí Minh, Việt Nam",Quận 5,"1623: Sản xuất bao bì bằng gỗ-;1701: Sản xuất bột giấy, giấy và bìa-;1702: Sản xuất giấy nhăn, bìa nhăn, bao bì từ giấy và bìa-;1709: Sản xuất các sản phẩm khác từ giấy và bìa chưa được phân vào đâu-C",internet
316600934,CÔNG TY TNHH ĐẦU TƯ PHÁT TRIỂN MTV HUY HOÀNG,CÔNG TY TNHH ĐẦU TƯ PHÁT TRIỂN,Công ty trách nhiệm hữu hạn một thành viên,"798C Nguyễn Trãi, Phường 14, Quận 5, Thành phố Hồ Chí Minh, Việt Nam",Quận 5,"7110: Hoạt động kiến trúc và tư vấn kỹ thuật có liên quan-Chi tiết:  Tư vấn quản lý dự án xây dựng, Tư vấn xây dựng, lập dự án đầu tư xây dựng công trình, tư vấn đấu thầu, lập dự toán và tổng dự toán ",internet
316622279,CÔNG TY TNHH VẠN THÔNG LOGISTICS,CÔNG TY TNHH VẠN THÔNG LOGISTI,Công ty trách nhiệm hữu hạn một thành viên,"20 Đỗ Ngọc Thạnh, Phường 14, Quận 5, Thành phố Hồ Chí Minh, Việt Nam",Quận 5,"2219: Sản xuất sản phẩm khác từ cao su-(trừ Sản Xuất xốp cách nhiệt sử dụng ga R141b, sử dụng polyol trộn sẵn HCFC-141b);3100: Sản xuất giường, tủ, bàn, ghế-;3212: Sản xuất đồ giả kim hoàn và chi tiết",internet
316606774,CÔNG TY TNHH SOLFORUS,CÔNG TY TNHH SOLFORUS,Công ty trách nhiệm hữu hạn hai thành viên trở lên,"94/1 An Bình, Phường 05, Quận 5, Thành phố Hồ Chí Minh, Việt Nam",Quận 5,"7810: Hoạt động của các trung tâm, đại lý tư vấn, giới thiệu và môi giới lao động, việc làm--Chi tiết: Hoạt động của các đại lý tư vấn, giới thiệu và môi giới lao động, việc làm (trừ cho thuê lại lao ",internet
316610058,CÔNG TY TNHH CÔNG NGHỆ TRƯỜNG TÍN,CÔNG TY TNHH CÔNG NGHỆ TRƯỜNG ,Công ty trách nhiệm hữu hạn hai thành viên trở lên,"65 Phó Cơ Điều, Phường 12, Quận 5, Thành phố Hồ Chí Minh, Việt Nam",Quận 5,"7710: Cho thuê xe có động cơ-;3320: Lắp đặt máy móc và thiết bị công nghiệp-Chi tiết: Lắp đặt thiết bị sử dụng năng lượng mặt trời;4651: Bán buôn máy vi tính, thiết bị ngoại vi và phần mềm-;6201: Lập ",internet
316617744,CÔNG TY TNHH ĐẦU TƯ - THƯƠNG MẠI - DỊCH VỤ TĐT,CÔNG TY TNHH ĐẦU TƯ  THƯƠNG MẠ,Công ty trách nhiệm hữu hạn một thành viên,"2/6 Trần Điện , Phường 10, Quận 5, Thành phố Hồ Chí Minh, Việt Nam",Quận 5,"4751: Bán lẻ vải, len, sợi, chỉ khâu và hàng dệt khác trong các cửa hàng chuyên doanh-;4753: Bán lẻ thảm, đệm, chăn, màn, rèm, vật liệu phủ tường và sàn trong các cửa hàng chuyên doanh-;4759: Bán lẻ đ",internet
316637525,CÔNG TY TNHH YUTU ASIA,CÔNG TY TNHH YUTU ASIA,Công ty trách nhiệm hữu hạn một thành viên,"5A/2 Trần Phú, Phường 04, Quận 5, Thành phố Hồ Chí Minh, Việt Nam",Quận 5,"6622: Hoạt động của đại lý và môi giới bảo hiểm-Chi tiết: Đại lý bảo hiểm; 4312: Chuẩn bị mặt bằng-;4321: Lắp đặt hệ thống điện-;4322: Lắp đặt hệ thống cấp, thoát nước, hệ thống sưởi và điều hoà không",internet
316647114,CÔNG TY TNHH SIZMON,CÔNG TY TNHH SIZMON,Công ty trách nhiệm hữu hạn hai thành viên trở lên,"Phòng 10, Tầng lửng, Cao ốc Đại Thanh Bình, Số 911 đường Nguyễn Trãi, Phường 14, Quận 5, Thành phố Hồ Chí Minh, Việt Nam",Quận 5,"4759: Bán lẻ đồ điện gia dụng, giường, tủ, bàn, ghế và đồ nội thất tương tự, đèn và bộ đèn điện, đồ dùng gia đình khác chưa được phân vào đâu  trong các cửa hàng chuyên doanh-(trừ bán lẻ hàng hóa khác",internet
316634690,CÔNG TY TNHH MTV THƯƠNG MẠI DỊCH VỤ VIỄN THÔNG SÀI GÒN,CÔNG TY TNHH MTV THƯƠNG MẠI DỊ,Công ty trách nhiệm hữu hạn một thành viên,"469 Trần Phú, Phường 07, Quận 5, Thành phố Hồ Chí Minh, Việt Nam",Quận 5,6190: Hoạt động viễn thông khác-chi tiết: Cung cấp dịch vụ viễn thông qua các kết nối viễn thông hiện có như VOIP. Đại lý dịch vụ bưu chính viễn thông.;7310: Quảng cáo-;7320: Nghiên cứu thị trường và ,internet
316645004,CÔNG TY TNHH TRẠM HOA,CÔNG TY TNHH TRẠM HOA,Công ty trách nhiệm hữu hạn một thành viên,"179/6 Nguyễn Chí Thanh, Phường 12, Quận 5, Thành phố Hồ Chí Minh, Việt Nam",Quận 5,"1811: In ấn-(không in trên các sản phẩm vải sợi, dệt, may, đan, in tráng bao bì kim loại tại trụ sở);4610: Đại lý, môi giới, đấu giá hàng hóa-Chi tiết: Đại lý, môi giới (trừ môi giới bất động sản, môi",internet
316112239,CÔNG TY TNHH DONGXIN MEDIA,CÔNG TY TNHH DONGXIN MEDIA,Công ty trách nhiệm hữu hạn một thành viên,"Số 6 Đường Nguyễn Biểu, Phường 01, Quận 5, Thành phố Hồ Chí Minh, Việt Nam",Quận 5,"5911: Hoạt động sản xuất phim điện ảnh, phim video và chương trình truyền hình-(trừ sản xuất phim, phát sóng và không thực hiện các hiệu ứng cháy, nổ; không sử dụng chất nổ, chất  cháy, hóa chất làm đ",internet
316136624,CÔNG TY TNHH GAME TTA,CÔNG TY TNHH GAME TTA,Công ty trách nhiệm hữu hạn một thành viên,"157 Nguyễn Chí Thanh, Phường 12, Quận 5, Thành phố Hồ Chí Minh, Việt Nam",Quận 5,"4610: Đại lý, môi giới, đấu giá hàng hóa-Chi tiết: Đại lý bán hàng hóa, Môi giới mua bán hàng hóa (trừ đấu giá hàng hóa, trừ môi giới bất động sản);4651: Bán buôn máy vi tính, thiết bị ngoại vi và phầ",lap top
316142480,CÔNG TY TNHH THƯƠNG MẠI DỊCH VỤ QUẢN LÝ ĐÔNG AN,CÔNG TY TNHH THƯƠNG MẠI DỊCH V,Công ty trách nhiệm hữu hạn một thành viên,"58/29D Lê Hồng Phong, Phường 02, Quận 5, Thành phố Hồ Chí Minh, Việt Nam",Quận 5,"4633: Bán buôn đồ uống-Chi tiết: Bán buôn bia, đồ uống nhẹ không chứa cồn, ngọt, có hoặc không có ga như: coca cola, pepsi cola, nước cam, chanh, nước quả khác, nước khoáng thiên nhiên hoặc nước tinh ",internet
316194513,CÔNG TY TNHH TM DV XNK ĐẠI HỒNG HÀ,CÔNG TY TNHH TM DV XNK ĐẠI HỒN,Công ty trách nhiệm hữu hạn một thành viên,"Phòng 10, Tầng Lửng, Cao ốc Đại Thanh Bình, số 911-913-915-917 Nguyễn Trãi, Phường 14, Quận 5, Thành phố Hồ Chí Minh, Việt Nam",Quận 5,"4530: Bán phụ tùng và các bộ phận phụ trợ của ô tô và xe có động cơ khác-;4543: Bán phụ tùng và các bộ phận phụ trợ của mô tô, xe máy-;4610: Đại lý, môi giới, đấu giá hàng hóa-Chi tiết: Ðại lý, môi gi",internet
316226324,CÔNG TY TNHH GIẢI PHÁP CÔNG NGHỆ IOBOX,CÔNG TY TNHH GIẢI PHÁP CÔNG NG,Công ty trách nhiệm hữu hạn một thành viên,"233/11/5 Nguyễn Trãi, Phường 02, Quận 5, Thành phố Hồ Chí Minh, Việt Nam",Quận 5,"5820: Xuất bản phần mềm-Chi tiết: Sản xuất phần mềm;6190: Hoạt động viễn thông khác-(không kinh doanh dịch vụ cung cấp dịch vụ truy cập internet) (trừ bán lại hạ tầng viễn thông, mạng cung cấp);6201: ",internet
316264665,CÔNG TY TNHH NHUNG'S HEALTH & BEAUTY,CÔNG TY TNHH NHUNGS HEALTH  BE,Công ty trách nhiệm hữu hạn một thành viên,"19 Lão Tử, Phường 11, Quận 5, Thành phố Hồ Chí Minh, Việt Nam",Quận 5,"4772: Bán lẻ thuốc, dụng cụ y tế, mỹ phẩm và vật phẩm vệ sinh trong các cửa hàng chuyên doanh-;4791: Bán lẻ theo yêu cầu đặt hàng qua bưu điện hoặc internet-(trừ bán lẻ hóa chất, khí dầu mỏ hóa lỏng L",internet
316364998,CÔNG TY TNHH TINIFAM,CÔNG TY TNHH TINIFAM,Công ty trách nhiệm hữu hạn một thành viên,"189/20 Phùng Hưng, Phường 14, Quận 5, Thành phố Hồ Chí Minh, Việt Nam",Quận 5,"4791: Bán lẻ theo yêu cầu đặt hàng qua bưu điện hoặc internet-(trừ bán lẻ bình gas, khí dầu mỏ hóa lỏng LPG, dầu nhớt cặn, vàng miếng, súng, đạn loại dùng đi săn hoặc thể thao và tiền kim khí và thực ",internet
316407627,CÔNG TY CỔ PHẦN ĐẦU TƯ PHÁT TRIỂN AHAYA VIỆT NAM,CÔNG TY CỔ PHẦN ĐẦU TƯ PHÁT TR,Công ty cổ phần,"291 Trần Phú, Phường 08, Quận 5, Thành phố Hồ Chí Minh, Việt Nam",Quận 5,"4649: Bán buôn đồ dùng khác cho gia đình-Chi tiết: Bán buôn bếp gas. Bán buôn nước hoa, hàng mỹ phẩm và chế phẩm vệ sinh. Bán buôn hàng gốm, sứ, thủy tinh. Bán buôn đồ dùng khác cho gia đình chưa được",internet
316473404,CÔNG TY TNHH AXON HEALTHCARE,CÔNG TY TNHH AXON HEALTHCARE,Công ty trách nhiệm hữu hạn một thành viên,"Tầng Lửng Cao Ốc Đại Thanh Bình số 911-913-915-917 Nguyễn Trãi, Phường 14, Quận 5, Thành phố Hồ Chí Minh, Việt Nam",Quận 5,"3312: Sửa chữa máy móc, thiết bị-Chi tiết: Sửa chữa, bảo trì bảo dưỡng máy văn phòng, máy photo, máy tính, máy in;4651: Bán buôn máy vi tính, thiết bị ngoại vi và phần mềm-;4652: Bán buôn thiết bị và ",internet
316545948,CÔNG TY CỔ PHẦN FIVE A&CO,CÔNG TY CỔ PHẦN FIVE ACO,Công ty cổ phần,"Số 18D Đường Ngô Quyền, Phường 06, Quận 5, Thành phố Hồ Chí Minh, Việt Nam",Quận 5,"3211: Sản xuất đồ kim hoàn và chi tiết liên quan-Chi tiết: Sản xuất, Chế tác và gia công vàng trang sức, mỹ nghệ. Sản xuất đá quý và đá bán quý, bao gồm đá công nghiệp và đá quý hoặc bán quý tái phục ",internet
316666276,CÔNG TY TNHH THƯƠNG MẠI DỊCH VỤ VÀ SẢN XUẤT PTY,CÔNG TY TNHH THƯƠNG MẠI DỊCH V,Công ty trách nhiệm hữu hạn một thành viên,"37 Nguyễn Thi, Phường 13, Quận 5, Thành phố Hồ Chí Minh, Việt Nam",Quận 5,"8230: Tổ chức giới thiệu và xúc tiến thương mại-(không thực hiện các hiệu ứng cháy nổ và không sử dụng chất nổ, chất cháy, hoá chất làm đạo cụ, dụng cụ thực hiện chương trình văn nghệ, sự kiện, phim ả",internet
316673139,CÔNG TY TNHH TM DV RUBY PHƯƠNG,CÔNG TY TNHH TM DV RUBY PHƯƠNG,Công ty trách nhiệm hữu hạn một thành viên,"1030 Nguyễn Trãi, Phường 14, Quận 5, Thành phố Hồ Chí Minh, Việt Nam",Quận 5,"9631: Cắt tóc, làm đầu, gội đầu-(trừ hoạt động gây chảy máu);9639: Hoạt động dịch vụ phục vụ cá nhân khác còn lại chưa được phân vào đâu-Chi tiết: Dịch vụ trang điểm. Tư vấn làm đẹp, phun xăm, chăm só",internet
316680577,CÔNG TY TNHH THIÊN PHÚC IQ1 HA,CÔNG TY TNHH THIÊN PHÚC IQ1 HA,Công ty trách nhiệm hữu hạn một thành viên,"272 Lầu 2 Trần Phú, Phường 08, Quận 5, Thành phố Hồ Chí Minh, Việt Nam",Quận 5,"7911: Đại lý du lịch-Chi tiết: Kinh doanh lữ hành nội địa, quốc tế;7990: Dịch vụ đặt chỗ và các dịch vụ hỗ trợ liên quan đến quảng bá và tổ chức tua du lịch-;8110: Dịch vụ hỗ trợ tổng hợp-(trừ dịch vụ",internet
316684028,CÔNG TY TNHH HUY CRAFT,CÔNG TY TNHH HUY CRAFT,Công ty trách nhiệm hữu hạn hai thành viên trở lên,"25B Trần Phú, Phường 04, Quận 5, Thành phố Hồ Chí Minh, Việt Nam",Quận 5,"4669: Bán buôn chuyên doanh khác chưa được phân vào đâu-Chi tiết: Bán buôn đồ thủ công mỹ nghệ; Bán buôn tơ, xơ, sợi dệt; Bán buôn phụ liệu may mặc và giày dép; Bán buôn phế liệu, phế thải kim loại, p",internet
316687300,CÔNG TY TNHH MTV ĐẦU TƯ ĐẠI TOÀN THẮNG,CÔNG TY TNHH MTV ĐẦU TƯ ĐẠI TO,Công ty trách nhiệm hữu hạn một thành viên,"Số 3 Xóm Chỉ, Phường 10, Quận 5, Thành phố Hồ Chí Minh, Việt Nam",Quận 5,"4719: Bán lẻ  khác trong các cửa hàng kinh doanh tổng hợp-(trừ bán lẻ bình gas, khí dầu mỏ hóa lỏng LPG, dầu nhớt cặn, vàng miếng, súng, đạn loại dùng đi săn hoặc thể thao và tiền kim khí và thực hiện",internet
316694957,CÔNG TY TNHH ĐẦU TƯ KHÁCH SẠN LAM KINH,CÔNG TY TNHH ĐẦU TƯ KHÁCH SẠN ,Công ty trách nhiệm hữu hạn một thành viên,"580-582 Nguyễn Trãi, Phường 08, Quận 5, Thành phố Hồ Chí Minh, Việt Nam",Quận 5,"4649: Bán buôn đồ dùng khác cho gia đình-Chi tiết: Bán buôn đồng hồ đeo tay, đồng hồ treo tường và đồ trang sức;7310: Quảng cáo-;8230: Tổ chức giới thiệu và xúc tiến thương mại-(Không thực hiện các hi",internet
316721304,CÔNG TY TNHH CÔNG NGHỆ UTECH,CÔNG TY TNHH CÔNG NGHỆ UTECH,Công ty trách nhiệm hữu hạn một thành viên,"36B đường Ngô Quyền, Phường 06, Quận 5, Thành phố Hồ Chí Minh, Việt Nam",Quận 5,"4223: Xây dựng công trình viễn thông, thông tin liên lạc-Chi tiết: Xây dựng các mạng lưới cáp viễn thông, thông tin liên lạc và các công trình, cấu trúc có liên quan;4321: Lắp đặt hệ thống điện-chi ti",internet
316729342,CÔNG TY CỔ PHẦN BẤT ĐỘNG SẢN VÂN NAM,CÔNG TY CỔ PHẦN BẤT ĐỘNG SẢN V,Công ty cổ phần,"155-157 An Dương Vương, Phường 08, Quận 5, Thành phố Hồ Chí Minh, Việt Nam",Quận 5,"4652: Bán buôn thiết bị và linh kiện điện tử, viễn thông-Chi tiết: Bán buôn điện thoại di động - vô tuyến - hữu tuyến, máy vi tính và linh phụ kiện,; trang thiết bị viễn thông.;4662: Bán buôn kim loại",internet
316737960,CÔNG TY TNHH THƯƠNG MẠI QUỐC TẾ GOLDEN ERA,CÔNG TY TNHH THƯƠNG MẠI QUỐC T,Công ty trách nhiệm hữu hạn một thành viên,"911 Nguyễn Trãi, Phường 14, Quận 5, Thành phố Hồ Chí Minh, Việt Nam",Quận 5,0119: Trồng cây hàng năm khác-(Không hoạt động tại trụ sở);0121: Trồng cây ăn quả-(Không hoạt động tại trụ sở);1030: Chế biến và bảo quản rau quả-(Không hoạt động tại trụ sở);3320: Lắp đặt máy móc và ,internet
316740441,CÔNG TY TNHH DỊCH VỤ L&J,CÔNG TY TNHH DỊCH VỤ LJ,Công ty trách nhiệm hữu hạn một thành viên,"59/13 Trần Phú, Phường 04, Quận 5, Thành phố Hồ Chí Minh, Việt Nam",Quận 5,"9639: Hoạt động dịch vụ phục vụ cá nhân khác còn lại chưa được phân vào đâu-Chi tiết: Dịch vụ làm đẹp thẩm mỹ, tư vấn làm đẹp, chăm sóc da (trừ xông hơi, xoa bóp) (Doanh nghiệp chỉ được kinh doanh kể ",internet
316752292,CÔNG TY TNHH CÔNG NGHỆ AINX,CÔNG TY TNHH CÔNG NGHỆ AINX,Công ty trách nhiệm hữu hạn một thành viên,"84/31 Nguyễn Biểu, Phường 01, Quận 5, Thành phố Hồ Chí Minh, Việt Nam",Quận 5,"6110: Hoạt động viễn thông có dây-(trừ cung cấp dịch vụ truy cập, truy nhập internet tại trụ sở).;6120: Hoạt động viễn thông không dây-(trừ cung cấp dịch vụ truy cập, truy nhập internet tại trụ sở).;6",internet
316757290,CÔNG TY TNHH THƯƠNG MẠI VÀ DỊCH VỤ GÓI - THE WRAP,CÔNG TY TNHH THƯƠNG MẠI VÀ DỊC,Công ty trách nhiệm hữu hạn một thành viên,"118/1G Nguyễn Trãi, Phường 03, Quận 5, Thành phố Hồ Chí Minh, Việt Nam",Quận 5,"8292: Dịch vụ đóng gói-(trừ đóng gói thuốc bảo vệ thực vật);4791: Bán lẻ theo yêu cầu đặt hàng qua bưu điện hoặc internet-(trừ bán lẻ bình gas, hóa chất, súng, đạn loại dùng đi săn hoặc thể thao, tiền",internet
316767193,CÔNG TY TNHH MANIA FAMILY,CÔNG TY TNHH MANIA FAMILY,Công ty trách nhiệm hữu hạn hai thành viên trở lên,"672 Trần Hưng Đạo, Phường 02, Quận 5, Thành phố Hồ Chí Minh, Việt Nam",Quận 5,"4652: Bán buôn thiết bị và linh kiện điện tử, viễn thông-;4663: Bán buôn vật liệu, thiết bị lắp đặt khác trong xây dựng-;4669: Bán buôn chuyên doanh khác chưa được phân vào đâu-Chi tiết: Bán buôn gậy ",internet
316770647,CÔNG TY TNHH TNPC SÀI GÒN,CÔNG TY TNHH TNPC SÀI GÒN,Công ty trách nhiệm hữu hạn một thành viên,"122/4 Trần Tuấn Khải, Phường 05, Quận 5, Thành phố Hồ Chí Minh, Việt Nam",Quận 5,"4773: Bán lẻ hàng hóa khác mới trong các cửa hàng chuyên doanh-(trừ bán lẻ bình gas, hóa chất, súng, đạn loại dùng đi săn hoặc thể thao, tiền kim khí và mua bán vàng miếng; thực hiện theo Quyết định 6",internet
316764516,CÔNG TY TNHH PLAYPLUS,CÔNG TY TNHH PLAYPLUS,Công ty trách nhiệm hữu hạn hai thành viên trở lên,"24 Tân Hàng, Phường 10, Quận 5, Thành phố Hồ Chí Minh, Việt Nam",Quận 5,"4799: Bán lẻ hình thức khác chưa được phân vào đâu-(trừ bán lẻ bình gas, khí dầu mỏ hóa lỏng LPG, dầu nhớt cặn, vàng miếng, súng, đạn loại dùng đi săn hoặc thể thao và tiền kim khí; trừ bán lẻ hóa chấ",internet
316776543,CÔNG TY TNHH TWINS BROSI,CÔNG TY TNHH TWINS BROSI,Công ty trách nhiệm hữu hạn một thành viên,"67/13 An Bình, Phường 06, Quận 5, Thành phố Hồ Chí Minh, Việt Nam",Quận 5,"4669: Bán buôn chuyên doanh khác chưa được phân vào đâu-Chi tiết: Bán buôn các dụng cụ, trang thiết bị ngành điện nước; Bán buôn chất dẻo dạng nguyên sinh; Bán buôn cao su; Bán buôn tơ, xơ, sợi dệt; B",internet
316788690,CÔNG TY TNHH IQ1 HAPPY BEAUTY,CÔNG TY TNHH IQ1 HAPPY BEAUTY,Công ty trách nhiệm hữu hạn một thành viên,"138/47 Nguyễn Trãi, Phường 03, Quận 5, Thành phố Hồ Chí Minh, Việt Nam",Quận 5,"2023: Sản xuất mỹ phẩm, xà phòng, chất tẩy rửa, làm bóng và chế phẩm vệ sinh-( không hoạt động tại trụ sở);4632: Bán buôn thực phẩm-chi tiết: Bán buôn thực phẩm chức năng;4633: Bán buôn đồ uống-Chi ti",internet
316930241,CÔNG TY CỔ PHẦN ĐIỆN TỬ VIOMI VINA,CÔNG TY CỔ PHẦN ĐIỆN TỬ VIOM,Công ty cổ phần,"Số 835/19D Trần Hưng Đạo, Phường 01, Quận 5, Thành phố Hồ Chí Minh, Việt Nam",Quận 5,"4741: Bán lẻ máy vi tính, thiết bị ngoại vi, phần mềm và thiết bị viễn thông trong các cửa hàng chuyên doanh-;4659: Bán buôn máy móc, thiết bị và phụ tùng máy khác-;4663: Bán buôn vật liệu, thiết bị l",internet
316799484,CÔNG TY CỔ PHẦN ĐẦU TƯ PHÁT TRIỂN ĐỊA ỐC BÌNH AN,CÔNG TY CỔ PHẦN ĐẦU TƯ PHÁT TR,Công ty cổ phần,"Số 70 Ngô Quyền, Phường 08, Quận 5, Thành phố Hồ Chí Minh, Việt Nam",Quận 5,"4610: Đại lý, môi giới, đấu giá hàng hóa-Chi tiết:
- Đại lý bán hàng hóa
- Môi giới mua bán hàng hóa
(Trừ môi giới chứng khoán, môi giới bảo hiểm);4620: Bán buôn nông, lâm sản nguyên liệu (trừ gỗ, tre",internet
316800838,CÔNG TY TNHH EASY MONDAY GLOBAL,CÔNG TY TNHH EASY MONDAY GLOBA,Công ty trách nhiệm hữu hạn một thành viên,"627A Nguyễn Trãi, Phường 11, Quận 5, Thành phố Hồ Chí Minh, Việt Nam",Quận 5,"1811: In ấn-;1812: Dịch vụ liên quan đến in-;1820: Sao chép bản ghi các loại-(có nội dung được phép lưu hành);2023: Sản xuất mỹ phẩm, xà phòng, chất tẩy rửa, làm bóng và chế phẩm vệ sinh-(không hoạt đ",internet
316821757,CÔNG TY CP  TỰ GIÁC,CÔNG TY CP  TỰ GIÁC,Công ty cổ phần,"Số 357 Nguyễn Trãi, Phường 07, Quận 5, Thành phố Hồ Chí Minh, Việt Nam",Quận 5,4791: Bán lẻ theo yêu cầu đặt hàng qua bưu điện hoặc internet-Chi tiết: Dịch vụ sàn giao dịch thương mại điển tử;6209: Hoạt động dịch vụ công nghệ thông tin và dịch vụ khác liên quan đến máy vi tính-;,internet
316829509,CÔNG TY TNHH LIBRA VINA,CÔNG TY TNHH LIBRA VINA,Công ty trách nhiệm hữu hạn một thành viên,"22/108 Trần Bình Trọng, Phường 01, Quận 5, Thành phố Hồ Chí Minh, Việt Nam",Quận 5,"4620: Bán buôn nông, lâm sản nguyên liệu (trừ gỗ, tre, nứa) và động vật sống-Chi tiết: Bán buôn các loại hoa và cây trồng, kể cả cây cảnh và các loại dùng để làm giống (không hoạt động tại trụ sở và T",internet
316832445,CÔNG TY TNHH THƯƠNG MẠI DỊCH VỤ VB GROUP,CÔNG TY TNHH THƯƠNG MẠI DỊCH V,Công ty trách nhiệm hữu hạn một thành viên,"76 Nguyễn Trãi, Phường 03, Quận 5, Thành phố Hồ Chí Minh, Việt Nam",Quận 5,"4632: Bán buôn thực phẩm-(không hoạt động tại trụ sở);4772: Bán lẻ thuốc, dụng cụ y tế, mỹ phẩm và vật phẩm vệ sinh trong các cửa hàng chuyên doanh-;4789: Bán lẻ hàng hóa khác lưu động hoặc tại chợ-(t",internet
316833791,CÔNG TY TNHH KIM MAI KIM MAI,CÔNG TY TNHH KIM MAI KIM MAI,Công ty trách nhiệm hữu hạn một thành viên,"1B Hùng Vương, Phường 04, Quận 5, Thành phố Hồ Chí Minh, Việt Nam",Quận 5,"4651: Bán buôn máy vi tính, thiết bị ngoại vi và phần mềm-;4652: Bán buôn thiết bị và linh kiện điện tử, viễn thông-;6201: Lập trình máy vi tính-chi tiết: Sản xuất phần mềm;6202: Tư vấn máy vi tính và",internet
316840703,CÔNG TY CỔ PHẦN XUẤT NHẬP KHẨU DB,CÔNG TY CỔ PHẦN XUẤT NHẬP KHẨU,Công ty cổ phần,"01 Lê Quang Định, Phường 13, Quận 5, Thành phố Hồ Chí Minh, Việt Nam",Quận 5,"4530: Bán phụ tùng và các bộ phận phụ trợ của ô tô và xe có động cơ khác-;4620: Bán buôn nông, lâm sản nguyên liệu (trừ gỗ, tre, nứa) và động vật sống-Chi tiết: Bán buôn thực phẩm, bột khoai mì các lo",internet
316842299,CÔNG TY TNHH CÔNG NGHỆ SÀI GÒN THUẬN PHÁT,CÔNG TY TNHH CÔNG NGHỆ SÀI GÒN,Công ty trách nhiệm hữu hạn một thành viên,"353-355 Đường An Dương Vương, Phường 03, Quận 5, Thành phố Hồ Chí Minh, Việt Nam",Quận 5,"4791: Bán lẻ theo yêu cầu đặt hàng qua bưu điện hoặc internet-(trừ bán lẻ bình gas, khí dầu mỏ hóa lỏng LPG, dầu nhớt cặn, vàng miếng, súng, đạn loại dùng đi săn hoặc thể thao và tiền kim khí và thực ",internet
316852561,CÔNG TY CỔ PHẦN HDP GROUP,CÔNG TY CỔ PHẦN HDP GROUP,Công ty cổ phần,"Số 158/45 Huỳnh Mẫn Đạt, Phường 03, Quận 5, Thành phố Hồ Chí Minh, Việt Nam",Quận 5,"0111: Trồng lúa-;0112: Trồng ngô và cây lương thực có hạt khác-;0118: Trồng rau, đậu các loại và trồng hoa-;0131: Nhân và chăm sóc cây giống hàng năm-;0132: Nhân và chăm sóc cây giống lâu năm-;0141: C",internet
316854819,CÔNG TY TNHH  XUẤT NHẬP KHẨU DB VIỆT NAM,CÔNG TY TNHH  XUẤT NHẬP KHẨU D,Công ty trách nhiệm hữu hạn một thành viên,"136H Nguyễn Tri Phương, Phường 09, Quận 5, Thành phố Hồ Chí Minh, Việt Nam",Quận 5,"3520: Sản xuất khí đốt, phân phối nhiên liệu khí bằng đường ống-;3530: Sản xuất, phân phối hơi nước, nước nóng, điều hoà không khí và sản xuất nước đá-;4511: Bán buôn ô tô và xe có động cơ khác-;4530:",internet
316860410,CÔNG TY TNHH EXTREME COMMERCE,CÔNG TY TNHH EXTREME COMMERCE,Công ty trách nhiệm hữu hạn một thành viên,"Số 33/1E Đường Trần Bình Trọng, Phường 01, Quận 5, Thành phố Hồ Chí Minh, Việt Nam",Quận 5,4669: Bán buôn chuyên doanh khác chưa được phân vào đâu-Chi tiết: Bán buôn hóa chất dùng trong nông nghiệp; Bán buôn hóa chất dùng trong công nghiệp; Bán buôn hóa chất dùng trong phụ gia thực phẩm; Bá,internet
316864253,CÔNG TY TNHH THƯƠNG MẠI - DỊCH VỤ - DU LỊCH KELVIN DANG,CÔNG TY TNHH THƯƠNG MẠI  DỊCH ,Công ty trách nhiệm hữu hạn một thành viên,"702/2 Võ Văn Kiệt, Phường 01, Quận 5, Thành phố Hồ Chí Minh, Việt Nam",Quận 5,"4753: Bán lẻ thảm, đệm, chăn, màn, rèm, vật liệu phủ tường và sàn trong các cửa hàng chuyên doanh-;4759: Bán lẻ đồ điện gia dụng, giường, tủ, bàn, ghế và đồ nội thất tương tự, đèn và bộ đèn điện, đồ d",internet
316861622,CÔNG TY TNHH VINAPARTNERS,CÔNG TY TNHH VINAPARTNERS,Công ty trách nhiệm hữu hạn một thành viên,"42 Phùng Hưng, Phường 13, Quận 5, Thành phố Hồ Chí Minh, Việt Nam",Quận 5,"7110: Hoạt động kiến trúc và tư vấn kỹ thuật có liên quan-Chi tiết: Hoạt động kiến trúc, Hoạt động đo đạc bản đồ, Hoạt động thăm dò địa chất, nguồn nước, Tư vấn lập quy hoạch xây dựng, Tư vấn lập dự á",internet
316873307,CÔNG TY TNHH THƯƠNG MẠI DỊCH VỤ PHÁT TRIỂN SUNFLOWER,CÔNG TY TNHH THƯƠNG MẠI DỊCH V,Công ty trách nhiệm hữu hạn hai thành viên trở lên,"894/32 võ văn kiệt, Phường 05, Quận 5, Thành phố Hồ Chí Minh, Việt Nam",Quận 5,"1391: Sản xuất vải dệt kim, vải đan móc và vải không dệt khác-;1392: Sản xuất hàng dệt sẵn (trừ trang phục)-;1393: Sản xuất thảm, chăn, đệm-;1394: Sản xuất các loại dây bện và lưới-;1399: Sản xuất các",internet
316883305,CÔNG TY CỔ PHẦN ALLFORSCHOOL,CÔNG TY CỔ PHẦN ALLFORSCHOOL,Công ty cổ phần,"176 Hồng Bàng , Phường 12, Quận 5, Thành phố Hồ Chí Minh, Việt Nam",Quận 5,"7310: Quảng cáo--Chi tiết: Dịch vụ quảng cáo thương mại ; quảng cáo trên internet.;7410: Hoạt động thiết kế chuyên dụng--chi tiết: Thiết kế thời trang liên quan đến dệt, trang phục, hàng hóa thời tran",internet
316883506,CÔNG TY TNHH THƯƠNG MẠI HOÀNG HOÀNG PHƯƠNG,CÔNG TY TNHH THƯƠNG MẠI HOÀNG ,Công ty trách nhiệm hữu hạn một thành viên,"100B Trang Tử, Phường 14, Quận 5, Thành phố Hồ Chí Minh, Việt Nam",Quận 5,5229: Hoạt động dịch vụ hỗ trợ khác liên quan đến vận tải-chi tiết: dịch vụ đại lý tàu biển; dịch vụ đại lý vận tải đường biển.(trừ hóa lỏng khí để vận chuyển và hoạt động liên quan đến vận tải hàng k,internet
316884034,CÔNG TY TNHH VICKY MOODY,CÔNG TY TNHH VICKY MOODY,Công ty trách nhiệm hữu hạn một thành viên,"197/8F Cao Đạt, Phường 01, Quận 5, Thành phố Hồ Chí Minh, Việt Nam",Quận 5,"4669: Bán buôn chuyên doanh khác chưa được phân vào đâu-Chi tiết: Bán buôn nguyên vật liệu và dụng cụ làm đồ handmade thủ công như: đất sét, màu vẽ,… (trừ bán buôn hóa chất, khí dầu mỏ hóa lỏng LPG, d",internet
316878979,CÔNG TY TNHH GIẢI TRÍ & TRUYỀN THÔNG 1986,CÔNG TY TNHH GIẢI TRÍ  TRUYỀN ,Công ty trách nhiệm hữu hạn hai thành viên trở lên,"472-474 Trần Hưng Đạo, Phường 02, Quận 5, Thành phố Hồ Chí Minh, Việt Nam",Quận 5,"7310: Quảng cáo-;9000: Hoạt động sáng tác, nghệ thuật và giải trí-Chi tiết: Hoạt động tổ chức biểu diễn (trừ kinh doanh vũ trường, phòng trà ca nhạc và không thực hiện các hiệu ứng cháy, nổ; không sử ",internet
316919336,CÔNG TY TNHH ĐẦU TƯ THƯƠNG MẠI VÀ DỊCH VỤ B&B,CÔNG TY TNHH ĐẦU TƯ THƯƠNG MẠI,Công ty trách nhiệm hữu hạn một thành viên,"Số 32C đường Nguyễn Biểu, Phường 01, Quận 5, Thành phố Hồ Chí Minh, Việt Nam",Quận 5,"1061: Xay xát và sản xuất bột thô-;1075: Sản xuất món ăn, thức ăn chế biến sẵn-;1079: Sản xuất thực phẩm khác chưa được phân vào đâu-;4610: Đại lý, môi giới, đấu giá hàng hóa-Chi tiết: Đại lý, môi giớ",internet
316926492,CÔNG TY TNHH B.YOOND,CÔNG TY TNHH BYOOND,Công ty trách nhiệm hữu hạn một thành viên,"87/3 Trần Phú, Phường 04, Quận 5, Thành phố Hồ Chí Minh, Việt Nam",Quận 5,"4632: Bán buôn thực phẩm-(không hoạt động tại trụ sở)  (CPC 622); 4633: Bán buôn đồ uống-(CPC 622); 4641: Bán buôn vải, hàng may mặc, giày dép-(CPC 622); 4649: Bán buôn đồ dùng khác cho gia đình-(Trừ ",internet
316935183,CÔNG TY TNHH THƯƠNG MẠI DỊCH VỤ NGÔI LÀNG THẾ GIỚI,CÔNG TY TNHH THƯƠNG MẠI DỊCH V,Công ty trách nhiệm hữu hạn hai thành viên trở lên,"Văn phòng số 4.71 Chung cư cao tầng kết hợp TMDV số 290 An Dương Vương, Phường 04, Quận 5, Thành phố Hồ Chí Minh, Việt Nam",Quận 5,"4789: Bán lẻ hàng hóa khác lưu động hoặc tại chợ-( trừ bán lẻ bình gas, khí dầu mỏ hóa lỏng LPG, dầu nhớt cặn, vàng miếng, súng đạn loại dùng săn hoặc thể thao và tiền kim khí; trừ bán lẻ hóa chất tại",internet
316938917,CÔNG TY TNHH HIFRIENDZ,CÔNG TY TNHH HIFRIENDZ,Công ty trách nhiệm hữu hạn một thành viên,"Số 919 Nguyễn Trãi, Phường 14, Quận 5, Thành phố Hồ Chí Minh, Việt Nam",Quận 5,"4513: Đại lý ô tô và xe có động cơ khác-;4610: Đại lý, môi giới, đấu giá hàng hóa-Chi tiết : Đại lý, môi giới.;4620: Bán buôn nông, lâm sản nguyên liệu (trừ gỗ, tre, nứa) và động vật sống-Chi tiết: - ",internet
316943265,CÔNG TY TNHH THƯƠNG MẠI XÂY DỰNG HOÀNG THÀNH,CÔNG TY TNHH THƯƠNG MẠI XÂY DỰ,Công ty trách nhiệm hữu hạn một thành viên,"606/2  Phan Văn Trị, Phường 02, Quận 5, Thành phố Hồ Chí Minh, Việt Nam",Quận 5,"4759: Bán lẻ đồ điện gia dụng, giường, tủ, bàn, ghế và đồ nội thất tương tự, đèn và bộ đèn điện, đồ dùng gia đình khác chưa được phân vào đâu  trong các cửa hàng chuyên doanh-; 5610: Nhà hàng và các d",internet
316952816,CÔNG TY CỔ PHẦN ELISE SÀI GÒN,CÔNG TY CỔ PHẦN ELISE SÀI GÒN,Công ty cổ phần,"Số 10 Tản Đà, Phường 10, Quận 5, Thành phố Hồ Chí Minh, Việt Nam",Quận 5,"4659: Bán buôn máy móc, thiết bị và phụ tùng máy khác-Chi tiết: Bán buôn máy móc, thiết bị y tế. Bán buôn máy móc, trang thiết bị làm đẹp, thẩm mỹ.;3250: Sản xuất thiết bị, dụng cụ y tế, nha khoa, chỉ",internet
316967481,CÔNG TY TNHH DIGITAL HUB,CÔNG TY TNHH DIGITAL HUB,Công ty trách nhiệm hữu hạn một thành viên,"462-464 An Dương Vương, Phường 04, Quận 5, Thành phố Hồ Chí Minh, Việt Nam",Quận 5,6209: Hoạt động dịch vụ công nghệ thông tin và dịch vụ khác liên quan đến máy vi tính-;6201: Lập trình máy vi tính-Chi tiết: Dịch vụ lập trình. Dịch vụ thực hiện phần mềm;7212: Nghiên cứu khoa học và ,internet
316967121,CÔNG TY CỔ PHẦN TỐT ĐẸP,CÔNG TY CỔ PHẦN TỐT ĐẸP,Công ty cổ phần,"182 Sư Vạn Hạnh, Phường 09, Quận 5, Thành phố Hồ Chí Minh, Việt Nam",Quận 5,0131: Nhân và chăm sóc cây giống hàng năm-(không hoạt động tại trụ sở);0132: Nhân và chăm sóc cây giống lâu năm-(không hoạt động tại trụ sở);1811: In ấn-;1812: Dịch vụ liên quan đến in-;1820: Sao chép,internet
316971745,CÔNG TY CỔ PHẦN EVOLU RESEARCH,CÔNG TY CỔ PHẦN EVOLU RESEARCH,Công ty cổ phần,"858 Võ Văn Kiệt, Phường 05, Quận 5, Thành phố Hồ Chí Minh, Việt Nam",Quận 5,"4773: Bán lẻ hàng hóa khác mới trong các cửa hàng chuyên doanh-Chi tiết: Bán lẻ hoa, cây cảnh (trừ bán lẻ bình gas, hóa chất, súng, đạn loại dùng đi săn hoặc thể thao, tiền kim khí và mua bán vàng miế",internet
316973206,CÔNG TY CỔ PHẦN ROHE,CÔNG TY CỔ PHẦN ROHE,Công ty cổ phần,"353 An Dương Vương, Phường 03, Quận 5, Thành phố Hồ Chí Minh, Việt Nam",Quận 5,"4791: Bán lẻ theo yêu cầu đặt hàng qua bưu điện hoặc internet-(trừ bán lẻ bình gas, khí dầu mỏ hóa lỏng LPG, dầu nhớt cặn, vàng miếng, súng, đạn loại dùng đi săn hoặc thể thao va tiền kim khí; trừ bán",internet
316972280,CÔNG TY TNHH DONA FRUIT,CÔNG TY TNHH DONA FRUIT,Công ty trách nhiệm hữu hạn hai thành viên trở lên,"24 Trần Hưng Đạo, Phường 07, Quận 5, Thành phố Hồ Chí Minh, Việt Nam",Quận 5,"4791: Bán lẻ theo yêu cầu đặt hàng qua bưu điện hoặc internet-(trừ bán lẻ hóa chất, khí dầu mỏ hóa lỏng LPG, dầu nhớt cặn, vàng miếng, súng, đạn loại dùng đi săn hoặc thể thao và tiền kim khí; Thực hi",internet
316977842,CÔNG TY TNHH  STH CONSULTING,CÔNG TY TNHH  STH CONSULTING,Công ty trách nhiệm hữu hạn một thành viên,"63/71 Nguyễn Biểu, Phường 01, Quận 5, Thành phố Hồ Chí Minh, Việt Nam",Quận 5,"6619: Hoạt động hỗ trợ dịch vụ tài chính chưa được phân vào đâu-chi tiết: Hoạt động tư vấn đầu tư (trừ tư vấn tài chính, kế toán, pháp luật);5229: Hoạt động dịch vụ hỗ trợ khác liên quan đến vận tải-c",internet
316981983,CÔNG TY TNHH THC NETWORK,CÔNG TY TNHH THC NETWORK,Công ty trách nhiệm hữu hạn hai thành viên trở lên,"Số 177/57A Đường Bùi Hữu Nghĩa, Phường 07, Quận 5, Thành phố Hồ Chí Minh, Việt Nam",Quận 5,"6202: Tư vấn máy vi tính và quản trị hệ thống máy vi tính-;6201: Lập trình máy vi tính-;6209: Hoạt động dịch vụ công nghệ thông tin và dịch vụ khác liên quan đến máy vi tính-;6311: Xử lý dữ liệu, cho ",network
316986999,CÔNG TY TNHH CRAFTSMANSHIP,CÔNG TY TNHH CRAFTSMANSHIP,Công ty trách nhiệm hữu hạn một thành viên,"Số 9 Xóm Chỉ, Phường 10, Quận 5, Thành phố Hồ Chí Minh, Việt Nam",Quận 5,"4719: Bán lẻ khác trong các cửa hàng kinh doanh tổng hợp-(trừ bán lẻ hóa chất, khí dầu mỏ hóa lỏng LPG, dầu nhớt cặn, vàng miếng, súng, đạn loại dùng đi săn hoặc thể thao và tiền kim khí; Thực hiện th",internet
316998708,CÔNG TY TNHH THƯƠNG MẠI DỊCH VỤ MINH LỢI PHÁT,CÔNG TY TNHH THƯƠNG MẠI DỊCH V,Công ty trách nhiệm hữu hạn một thành viên,"Số 520 L1 Trần Hưng Đạo, Phường 14, Quận 5, Thành phố Hồ Chí Minh, Việt Nam",Quận 5,"8292: Dịch vụ đóng gói-(trừ đóng gói thuốc bảo vệ thực vật);1062: Sản xuất tinh bột và các sản phẩm từ tinh bột-Chi tiết: Sản xuất tinh bột gạo và các sản phẩm từ bột gạo. Sản xuất tinh bột, bánh kẹo ",internet
316998698,CÔNG TY TNHH THƯƠNG MẠI ĐIỆN MÁY PRO,CÔNG TY TNHH THƯƠNG MẠI ĐIỆN M,Công ty trách nhiệm hữu hạn một thành viên,"969 Trần Hưng Đạo, Phường 05, Quận 5, Thành phố Hồ Chí Minh, Việt Nam",Quận 5,"4649: Bán buôn đồ dùng khác cho gia đình-;4651: Bán buôn máy vi tính, thiết bị ngoại vi và phần mềm-;4652: Bán buôn thiết bị và linh kiện điện tử, viễn thông-;4653: Bán buôn máy móc, thiết bị và phụ t",internet
