tax_code,name,name_slug,company_type,address,district,industry_raw,keyword
314791666,CÔNG TY TNHH DỊCH VỤ TRÒ CHƠI ĐIỆN TỬ ĐÔNG PHƯƠNG,CÔNG TY TNHH DỊCH VỤ TRÒ CHƠI ,Công ty trách nhiệm hữu hạn một thành viên,"110 Phó Cơ Điều , Phường 4, Quận 11, Thành phố Hồ Chí Minh, Việt Nam",Quận 11,"6190: Hoạt động viễn thông khác-Chi tiết: Hoạt động của các điểm truy cập internet;4652: Bán buôn thiết bị và linh kiện điện tử, viễn thông-;9329: Hoạt động vui chơi giải trí khác chưa được phân vào đ",internet
315635268,CÔNG TY TNHH TMDV TATHADA,CÔNG TY TNHH TMDV TATHADA,Công ty trách nhiệm hữu hạn một thành viên,"161D/106/32D11 Lạc Long Quân , Phường 3, Quận 11, Thành phố Hồ Chí Minh, Việt Nam",Quận 11,3811: Thu gom rác thải không độc hại-(không hoạt động tại trụ sở);3812: Thu gom rác thải độc hại-(không hoạt động tại trụ sở);3821: Xử lý và tiêu huỷ rác thải không độc hại-(không hoạt động tại trụ sở,internet
316326382,CÔNG TY TNHH GRANZ MEDIA,CÔNG TY TNHH GRANZ MEDIA,Công ty trách nhiệm hữu hạn một thành viên,"45D Lạc Long Quân, Phường 5, Quận 11, Thành phố Hồ Chí Minh, Việt Nam",Quận 11,"5911: Hoạt động sản xuất phim điện ảnh, phim video và chương trình truyền hình-(không thực hiện các hiệu ứng cháy, nổ, không sử dụng chất nổ, chất cháy, hóa chất làm đạo cụ, dụng cụ thực hiện các chươ",internet
313690827,CÔNG TY TNHH MỘT BA TƯ,CÔNG TY TNHH MỘT BA TƯ,Công ty trách nhiệm hữu hạn hai thành viên trở lên,"134 Nguyễn Thị Nhỏ, Phường 15, Quận 11, Thành phố Hồ Chí Minh, Việt Nam",Quận 11,"4723: Bán lẻ đồ uống trong các cửa hàng chuyên doanh-;4724: Bán lẻ sản phẩm thuốc lá, thuốc lào trong các cửa hàng chuyên doanh-Chi tiết: Bán lẻ sản phẩm thuốc lá (thực hiện theo Quyết định 64/2009/QĐ",internet
313671775,CÔNG TY TNHH SẢN XUẤT KINH DOANH KIM PHÁT,CÔNG TY TNHH SẢN XUẤT KINH DOA,Công ty trách nhiệm hữu hạn một thành viên,"341/31 Lạc Long Quân, Phường 5, Quận 11, Thành phố Hồ Chí Minh, Việt Nam",Quận 11,"2220: Sản xuất sản phẩm từ plastic-(trừ sản xuất xốp cách nhiệt sử dụng ga R141b và không hoạt động tại trụ sở);1702: Sản xuất giấy nhăn, bìa nhăn, bao bì từ giấy và bìa-;1709: Sản xuất các sản phẩm k",internet
313711107,CÔNG TY TNHH DỊCH VỤ PROPZY,CÔNG TY TNHH DỊCH VỤ PROPZY,Công ty trách nhiệm hữu hạn một thành viên,"Tầng 4, Tòa nhà Flemington, 182 Lê Đại Hành, Phường 15, Quận 11, Thành phố Hồ Chí Minh, Việt Nam",Quận 11,"6820: Tư vấn, môi giới, đấu giá bất động sản, đấu giá quyền sử dụng đất-Chi tiết: Tư vấn, Môi giới bất động sản, đấu giá bất động sản, định giá bất động sản, quản lí bất động sản.;6619: Hoạt động hỗ t",internet
313708915,CÔNG TY TNHH VERO TECHNOLOGY SOLUTIONS,CÔNG TY TNHH VERO TECHNOLOGY S,Công ty trách nhiệm hữu hạn một thành viên,"Số nhà 712, Lô 3C Chung cư Phú Thọ, Đường Lữ Gia, Phường 15, Quận 11, Thành phố Hồ Chí Minh, Việt Nam",Quận 11,6201: Lập trình máy vi tính-;,technology
313783831,CÔNG TY TNHH VIỄN THÔNG VĨNH HƯNG,CÔNG TY TNHH VIỄN THÔNG VĨNH H,Công ty trách nhiệm hữu hạn một thành viên,"1150/43 Đường 3/2, Phường 12, Quận 11, Thành phố Hồ Chí Minh, Việt Nam",Quận 11,"4669: Bán buôn chuyên doanh khác chưa được phân vào đâu-Chi tiết: Bán buôn máy vi tính, máy in, máy fax, máy photocopy, máy scan, điện thoại, máy chiếu và linh kiện; Bán buôn máy móc, thiết bị văn phò",internet
313816759,CÔNG TY TNHH CÔNG NGHỆ THƯƠNG MẠI DỊCH VỤ THANH GIÁC,CÔNG TY TNHH CÔNG NGHỆ THƯƠNG ,Công ty trách nhiệm hữu hạn hai thành viên trở lên,"174-176 Công Chúa Ngọc Hân, Phường 12, Quận 11, Thành phố Hồ Chí Minh, Việt Nam",Quận 11,"1079: Sản xuất thực phẩm khác chưa được phân vào đâu-chi tiết: Sản xuất các sản phẩm từ cà phê, rang và lọc cà phê (trừ sản xuất, chế biến thực phẩm tươi sống, nước chấm các loại, muối, dầu ăn tại trụ",internet
313817329,CÔNG TY TNHH OLY VIỆT NAM,CÔNG TY TNHH OLY VIỆT NAM,Công ty trách nhiệm hữu hạn một thành viên,"19/3 Bình Thới , Phường 11, Quận 11, Thành phố Hồ Chí Minh, Việt Nam",Quận 11,"5229: Hoạt động dịch vụ hỗ trợ khác liên quan đến vận tải-chi tiết: hoạt động của các đại lý bán vé máy bay, vé tàu hỏa
(Trừ hóa lỏng khí để vận chuyển và hoạt động liên quan đến vận tải hàng không );",internet
313809046,CÔNG TY TNHH CƠ CƯỜNG,CÔNG TY TNHH CƠ CƯỜNG,Công ty trách nhiệm hữu hạn một thành viên,"199 Tôn Thất Hiệp , Phường 12, Quận 11, Thành phố Hồ Chí Minh, Việt Nam",Quận 11,"5610: Nhà hàng và các dịch vụ ăn uống phục vụ lưu động-(không hoạt động tại trụ sở);5630: Dịch vụ phục vụ đồ uống-chi tiết: Quán cà phê, nước hoa quả, giải khát; Dịch vụ đồ uống khác như nước mía, nướ",internet
313900231,CÔNG TY TNHH THƯƠNG MẠI QUÔC TẾ AES (VIỆT NAM),CÔNG TY TNHH THƯƠNG MẠI QUÔC T,Công ty trách nhiệm hữu hạn hai thành viên trở lên,"Lầu 9-05R1 Cao Ốc EverRich, Số 968 Đường 3/2, Phường 15, Quận 11, Thành phố Hồ Chí Minh, Việt Nam",Quận 11,"7020: Hoạt động tư vấn quản lý-Chi tiết : Dịch vụ tư vấn quản lý, tư vấn đầu tư (trừ tư vấn tài chính, kế toán, pháp luật). (CPC 865); 7110: Hoạt động kiến trúc và tư vấn kỹ thuật có liên quan-Chi tiế",internet
313913544,CÔNG TY TNHH BÁN HÀNG ONLINE,CÔNG TY TNHH BÁN HÀNG ONLINE,Công ty trách nhiệm hữu hạn một thành viên,"164 Trần Quý, Phường 6, Quận 11, Thành phố Hồ Chí Minh, Việt Nam",Quận 11,"1079: Sản xuất thực phẩm khác chưa được phân vào đâu-Chi tiết: Sản xuất đóng chai mật ong.;4791: Bán lẻ theo yêu cầu đặt hàng qua bưu điện hoặc internet-Chi tiết: Bán lẻ hàng gia dụng, thiết bị điện t",internet
313947737,CÔNG TY TNHH THƯƠNG MẠI VÀ DỊCH VỤ VINH THUẬN PHÁT,CÔNG TY TNHH THƯƠNG MẠI VÀ DỊC,Công ty trách nhiệm hữu hạn một thành viên,"183 Trần Quý, Phường 4, Quận 11, Thành phố Hồ Chí Minh, Việt Nam",Quận 11,"1811: In ấn-(trừ in, tráng bao bì kim loại, in trên sản phẩm vải, sợi, dệt, may đan tại trụ sở).;1812: Dịch vụ liên quan đến in-(trừ in, tráng bao bì kim loại, in trên sản phẩm vải, sợi, dệt, may đan ",may in
313954741,CÔNG TY TNHH THƯƠNG MẠI DỊCH VỤ QUẢNG CÁO GIA THÀNH PHÁT,CÔNG TY TNHH THƯƠNG MẠI DỊCH V,Công ty trách nhiệm hữu hạn hai thành viên trở lên,"72D Bình Thới, Phường 14, Quận 11, Thành phố Hồ Chí Minh, Việt Nam",Quận 11,"7310: Quảng cáo-;7911: Đại lý du lịch-;7920: Dịch vụ hỗ trợ liên quan đến quảng bá và tổ chức tua du lịch-;1075: Sản xuất món ăn, thức ăn chế biến sẵn-;1104: Sản xuất đồ uống không cồn, nước khoáng-;4",internet
313992264,CÔNG TY CỔ PHẦN BẢO VIỆT PHÁT,CÔNG TY CỔ PHẦN BẢO VIỆT PHÁT,Công ty cổ phần,"171 Tôn Thất Hiệp, Phường 12, Quận 11, Thành phố Hồ Chí Minh, Việt Nam",Quận 11,"4661: Bán buôn nhiên liệu rắn, lỏng, khí và các sản phẩm liên quan-Chi tiết: Bán buôn, xuất nhập khẩu  các loại than, bán buôn nhiên liệu rắn, lỏng, khí và các sản phẩm liên quan. Bán buôn, xuất nhập ",internet
314046968,CÔNG TY TNHH MỘT THÀNH VIÊN THƯƠNG MẠI DŨNG AN THUẬN,CÔNG TY TNHH MỘT THÀNH VIÊN TH,Công ty trách nhiệm hữu hạn một thành viên,"115/6/6 Lò Siêu, Phường 8, Quận 11, Thành phố Hồ Chí Minh, Việt Nam",Quận 11,"2817: Sản xuất máy móc và thiết bị văn phòng (trừ máy vi tính và thiết bị ngoại vi của máy vi tính)-Chi tiết: Sản xuất máy móc và thiết bị máy in, máy scan và thiết bị văn phòng; 3312: Sửa chữa máy mó",internet
314130916,CÔNG TY TNHH GIÁO DỤC GIÁC NGỘ,CÔNG TY TNHH GIÁO DỤC GIÁC NGỘ,Công ty trách nhiệm hữu hạn một thành viên,"299/3A Lý Thường Kiệt , Phường 15, Quận 11, Thành phố Hồ Chí Minh, Việt Nam",Quận 11,"8521: Giáo dục tiểu học-;4649: Bán buôn đồ dùng khác cho gia đình-Chi tiết: Bán buôn sách, báo, tạp chí, văn phòng phẩm; Bán buôn băng, đĩa CD, DVD đã ghi âm thanh, hình ảnh (nội dung được phép lưu hà",internet
313943242,CÔNG TY TNHH M-DRAGON,CÔNG TY TNHH MDRAGON,Công ty trách nhiệm hữu hạn một thành viên,"110/26 - 110/28 Ông Ích Khiêm , Phường 5, Quận 11, Thành phố Hồ Chí Minh, Việt Nam",Quận 11,"9512: Sửa chữa thiết bị liên lạc-;9521: Sửa chữa thiết bị nghe nhìn điện tử gia dụng-;9522: Sửa chữa thiết bị, đồ dùng gia đình-;9523: Sửa chữa giày, dép, hàng da và giả da-;9524: Sửa chữa giường, tủ,",internet
313950190,CÔNG TY TNHH SẢN XUẤT THƯƠNG MẠI VÀ DỊCH VỤ MỘC TÙNG LÂM,CÔNG TY TNHH SẢN XUẤT THƯƠNG M,Công ty trách nhiệm hữu hạn hai thành viên trở lên,"160/33 Ông Ích Khiêm, Phường 5, Quận 11, Thành phố Hồ Chí Minh, Việt Nam",Quận 11,"8559: Giáo dục khác chưa được phân vào đâu-(trừ dạy về tôn giáo, các trường của các tổ chức Đảng – Đoàn thể); 8560: Dịch vụ hỗ trợ giáo dục-Chi tiết: tư vấn giáo dục; 8552: Giáo dục văn hoá nghệ thuật",internet
314168028,CÔNG TY TNHH THƯƠNG MẠI VÀ DỊCH VỤ DẦU KHÍ THÁI AN,CÔNG TY TNHH THƯƠNG MẠI VÀ DỊC,Công ty trách nhiệm hữu hạn hai thành viên trở lên,"Tầng 6, Số 1446-1448 Đường 3 tháng 2, Phường 2, Quận 11, Thành phố Hồ Chí Minh, Việt Nam",Quận 11,"4781: Bán lẻ lương thực, thực phẩm, đồ uống, thuốc lá, thuốc lào lưu động hoặc tại chợ-(trừ bán lẻ hóa chất, khí dầu mỏ hóa lỏng LPG, dầu nhớt cặn, vàng miếng, súng, đạn loại dùng đi săn hoặc thể thao",internet
313996540,CÔNG TY TNHH VIỆT ÚC ENTERPRISE,CÔNG TY TNHH VIỆT ÚC ENTERPRIS,Công ty trách nhiệm hữu hạn một thành viên,"21/2Q Dương Đình Nghệ, Phường 8, Quận 11, Thành phố Hồ Chí Minh, Việt Nam",Quận 11,"2023: Sản xuất mỹ phẩm, xà phòng, chất tẩy rửa, làm bóng và chế phẩm vệ sinh-Chi tiết: Sản xuất hàng mỹ phẩm và chế phẩm vệ sinh. Sản xuất tinh dầu, nước thơm, nước hoa, dầu thơm, chế phẩm khử mùi, hư",internet
314041310,CÔNG TY TNHH MỘT THÀNH VIÊN DỊCH VỤ VUI CHƠI GIẢI TRÍ AK,CÔNG TY TNHH MỘT THÀNH VIÊN DỊ,Công ty trách nhiệm hữu hạn một thành viên,"72C Hòa Bình, Phường 5, Quận 11, Thành phố Hồ Chí Minh, Việt Nam",Quận 11,"5510: Dịch vụ lưu trú ngắn ngày-chi tiết: Khách sạn (đạt tiêu chuẩn sao và không hoạt động tại trụ sở).;4723: Bán lẻ đồ uống trong các cửa hàng chuyên doanh-chi tiết: Bán lẻ rượu bia, nước ngọt, nước ",internet
314124503,CÔNG TY TNHH BRAINY ENGLISH NETWORK,CÔNG TY TNHH BRAINY ENGLISH NE,Công ty trách nhiệm hữu hạn một thành viên,"13 Lê Đại Hành, Phường 15, Quận 11, Thành phố Hồ Chí Minh, Việt Nam",Quận 11,"4321: Lắp đặt hệ thống điện-(trừ gia công cơ khí, tái chế phế thải, xi mạ điện tại trụ sở).;4329: Lắp đặt hệ thống xây dựng khác-(trừ gia công cơ khí, tái chế phế thải, xi mạ điện tại trụ sở).;4620: B",network
314147370,CÔNG TY TNHH VIỄN THÔNG PHÚC ĐẠT,CÔNG TY TNHH VIỄN THÔNG PHÚC Đ,Công ty trách nhiệm hữu hạn một thành viên,"601 Bình Thới, Phường 10, Quận 11, Thành phố Hồ Chí Minh, Việt Nam",Quận 11,"4662: Bán buôn kim loại và quặng kim loại-chi tiết: Bán buôn sắt, thép (trừ mua bán vàng miếng).;4663: Bán buôn vật liệu, thiết bị lắp đặt khác trong xây dựng-;4669: Bán buôn chuyên doanh khác chưa đư",internet
314170524,CÔNG TY TNHH ĐẠI BÁ,CÔNG TY TNHH ĐẠI BÁ,Công ty trách nhiệm hữu hạn hai thành viên trở lên,"110/26-110/28 Ông Ích Khiêm, Phường 5, Quận 11, Thành phố Hồ Chí Minh, Việt Nam",Quận 11,"4669: Bán buôn chuyên doanh khác chưa được phân vào đâu-Chi tiết: Bán buôn hạt nhựa, cao su. Bán buôn túi nhựa, các sản phẩm từ nhựa. Bán buôn giấy và các sản phẩm từ giấy. Bán buôn đồ bảo hộ lao động",internet
314127871,CÔNG TY TNHH THƯƠNG MẠI DỊCH VỤ ĐÀO TẠO MẶT TRỜI MỌC,CÔNG TY TNHH THƯƠNG MẠI DỊCH V,Công ty trách nhiệm hữu hạn một thành viên,"26D/3 Lạc Long Quân , Phường 3, Quận 11, Thành phố Hồ Chí Minh, Việt Nam",Quận 11,4721: Bán lẻ lương thực trong các cửa hàng chuyên doanh-(Thực hiện theo Quyết định 64/2009/QĐ-UBND ngày 31/07/2009 và Quyết định 79/2009/QĐ-UBND ngày 17/10/2009 của Ủy ban nhân dân Thành phố Hồ Chí Mi,internet
314184929,CÔNG TY TNHH THƯƠNG MẠI B&G VIỆT NAM,CÔNG TY TNHH THƯƠNG MẠI BG VIỆ,Công ty trách nhiệm hữu hạn một thành viên,"135/17L (lầu 1) Đường Bình Thới, Phường 11, Quận 11, Thành phố Hồ Chí Minh, Việt Nam",Quận 11,"3320: Lắp đặt máy móc và thiết bị công nghiệp-; 4649: Bán buôn đồ dùng khác cho gia đình-Chi tiết: Bán buôn thiết bị thể dục, thể thao, ghế massagers, xe đạp, thiết bị, đồ dùng văn phòng, bàn, ghế văn",internet
314201437,CÔNG TY CỔ PHẦN TƯ VẤN DỊCH VỤ 1 ĐÔ,CÔNG TY CỔ PHẦN TƯ VẤN DỊCH VỤ,Công ty cổ phần,"348 Lạc Long Quân, Phường 5, Quận 11, Thành phố Hồ Chí Minh, Việt Nam",Quận 11,"0163: Hoạt động dịch vụ sau thu hoạch-;1071: Sản xuất các loại bánh từ bột-;1420: Sản xuất sản phẩm từ da lông thú-;1512: Sản xuất vali, túi xách và các loại tương tự, sản xuất yên đệm-;1702: Sản xuất",internet
314203360,CÔNG TY TNHH HÀNG TIÊU DÙNG KHAI TÂM,CÔNG TY TNHH HÀNG TIÊU DÙNG KH,Công ty trách nhiệm hữu hạn một thành viên,"Tầng 5, Tòa Nhà Vũ Nguyên, 1466-1468 đường 3/2, Phường 2, Quận 11, Thành phố Hồ Chí Minh, Việt Nam",Quận 11,5820: Xuất bản phần mềm-chi tiết: Sản xuất phần mềm;6201: Lập trình máy vi tính-;6202: Tư vấn máy vi tính và quản trị hệ thống máy vi tính-;6209: Hoạt động dịch vụ công nghệ thông tin và dịch vụ khác ,internet
314211121,CÔNG TY CỔ PHẦN TẬP ĐOÀN PHÁT TRIỂN MIỀN NAM,CÔNG TY CỔ PHẦN TẬP ĐOÀN PHÁT ,Công ty cổ phần,"576 Đường Lạc Long Quân, Phường 5, Quận 11, Thành phố Hồ Chí Minh, Việt Nam",Quận 11,"5210: Kho bãi và lưu giữ hàng hóa-Chi tiết: Lưu giữ hàng hóa (trừ kinh doanh kho bãi).;5510: Dịch vụ lưu trú ngắn ngày-Chi tiết: Khách sạn, biệt thự du lịch, căn hộ du lịch, nhà nghỉ du lịch, nhà ở có",internet
314217701,CÔNG TY TNHH MỘT THÀNH VIÊN DỊCH VỤ VUI CHƠI GIẢI TRÍ 888,CÔNG TY TNHH MỘT THÀNH VIÊN DỊ,Công ty trách nhiệm hữu hạn một thành viên,"351 Lạc Long Quân , Phường 5, Quận 11, Thành phố Hồ Chí Minh, Việt Nam",Quận 11,"5510: Dịch vụ lưu trú ngắn ngày-Chi tiết: Khách sạn, biệt thự du lịch, căn hộ du lịch, nhà nghỉ du lịch, nhà ở có phòng cho khách du lịch thuê (không hoạt động tại trụ sở);4723: Bán lẻ đồ uống trong c",internet
314232379,CÔNG TY TNHH THƯƠNG MẠI DỊCH VỤ KINH DOANH MINH HẢI,CÔNG TY TNHH THƯƠNG MẠI DỊCH V,Công ty trách nhiệm hữu hạn một thành viên,"216/14 Lạc Long Quân, Phường 10, Quận 11, Thành phố Hồ Chí Minh, Việt Nam",Quận 11,"1322: Sản xuất hàng may sẵn (trừ trang phục)-chi tiết: Sản xuất hàng may mặc, chăn, gối, ga trải giường (trừ trang phục và trừ tẩy nhuộm, hồ, in trên các sản phẩm dệt, may, đan tại trụ sở).;1410: May ",internet
314250949,CÔNG TY CỔ PHẦN THƯƠNG MẠI XUẤT NHẬP KHẨU VÀ CÔNG NGHỆ CHỐNG GIẢ HOMART TPHCM,CÔNG TY CỔ PHẦN THƯƠNG MẠI XUẤ,Công ty cổ phần,"160/18 Đội Cung, Phường 9, Quận 11, Thành phố Hồ Chí Minh, Việt Nam",Quận 11,9329: Hoạt động vui chơi giải trí khác chưa được phân vào đâu-chi tiết: kinh doanh trò chơi điện tử (trừ hoạt động kinh doanh trò chơi điện tử có thưởng dành cho người nước ngoài và kinh doanh trò chơ,internet
314311486,CÔNG TY TNHH THƯƠNG MẠI DỊCH VỤ TƯ VẤN HDD,CÔNG TY TNHH THƯƠNG MẠI DỊCH V,Công ty trách nhiệm hữu hạn hai thành viên trở lên,"299/2/57 Lý Thường Kiệt, Phường 15, Quận 11, Thành phố Hồ Chí Minh, Việt Nam",Quận 11,"4632: Bán buôn thực phẩm-Chi tiết: Bán buôn gói lẩu, gia vị đóng gói (trừ bán buôn đường); 4633: Bán buôn đồ uống-;4651: Bán buôn máy vi tính, thiết bị ngoại vi và phần mềm-;4652: Bán buôn thiết bị và",internet
316851575,CÔNG TY TNHH RIIC FULLNESS,CÔNG TY TNHH RIIC FULLNESS,Công ty trách nhiệm hữu hạn một thành viên,"190/77A Xóm Đất, Phường 10, Quận 11, Thành phố Hồ Chí Minh, Việt Nam",Quận 11,4722: Bán lẻ thực phẩm trong các cửa hàng chuyên doanh-(Thực hiện theo Quyết định 64/2009/QĐ-UBND ngày 31/7/2009 của Ủy ban nhân dân Thành phố Hồ Chí Minh và Quyết định 79/2009/QĐ-UBND ngày 17/10/2009,internet
314332694,CÔNG TY TNHH THƯƠNG MẠI DỊCH VỤ PHÚC HUY HOÀNG,CÔNG TY TNHH THƯƠNG MẠI DỊCH V,Công ty trách nhiệm hữu hạn một thành viên,"208 Phó Cơ Điều, Phường 6, Quận 11, Thành phố Hồ Chí Minh, Việt Nam",Quận 11,"4632: Bán buôn thực phẩm-Chi tiết: Bán buôn thịt và các sản phẩm từ thịt; Bán buôn thủy sản; Bán buôn rau, quả; Bán buôn cà phê; Bán buôn chè; Bán buôn đường, sữa và các sản phẩm sữa, bánh kẹo và các ",internet
314337212,CÔNG TY TNHH SOUTHERN SEA TOURIST,CÔNG TY TNHH SOUTHERN SEA TOUR,Công ty trách nhiệm hữu hạn hai thành viên trở lên,"162/27 Trần Quý, Phường 6, Quận 11, Thành phố Hồ Chí Minh, Việt Nam",Quận 11,5224: Bốc xếp hàng hóa-(trừ bốc xếp cảng hàng không);5229: Hoạt động dịch vụ hỗ trợ khác liên quan đến vận tải-(trừ hóa lỏng khí để vận chuyển và hoạt động liên quan đến vận tải hàng không).;5510: Dịc,internet
314381067,CÔNG TY TNHH GIẢI PHÁP KINH DOANH ANBS,CÔNG TY TNHH GIẢI PHÁP KINH DO,Công ty trách nhiệm hữu hạn hai thành viên trở lên,"247/1 Lạc Long Quân, Phường 3, Quận 11, Thành phố Hồ Chí Minh, Việt Nam",Quận 11,"4649: Bán buôn đồ dùng khác cho gia đình-(Trừ dược phẩm);4651: Bán buôn máy vi tính, thiết bị ngoại vi và phần mềm-;4652: Bán buôn thiết bị và linh kiện điện tử, viễn thông-Chi tiết: Bán buôn thiết bị",internet
314363029,CÔNG TY TNHH THƯƠNG MẠI - ĐẦU TƯ - PHÁT TRIỂN MINH Ý,CÔNG TY TNHH THƯƠNG MẠI  ĐẦU T,Công ty trách nhiệm hữu hạn hai thành viên trở lên,"86/70 Ông Ích Khiêm, Phường 14, Quận 11, Thành phố Hồ Chí Minh, Việt Nam",Quận 11,"5510: Dịch vụ lưu trú ngắn ngày-Chi tiết: Khách sạn, biệt thự du lịch, căn hộ du lịch, nhà nghỉ du lịch, nhà ở có phòng cho khách du lịch thuê (không hoạt động tại trụ sở);5820: Xuất bản phần mềm-Chi ",internet
314314832,CÔNG TY TNHH SẢN XUẤT THƯƠNG MẠI QUẢNG CÁO HOÀNG GIA,CÔNG TY TNHH SẢN XUẤT THƯƠNG M,Công ty trách nhiệm hữu hạn một thành viên,"26C/44 Lạc Long Quân, Phường 3, Quận 11, Thành phố Hồ Chí Minh, Việt Nam",Quận 11,2620: Sản xuất máy vi tính và thiết bị ngoại vi của máy vi tính-(không hoạt động tại trụ sở);2817: Sản xuất máy móc và thiết bị văn phòng (trừ máy vi tính và thiết bị ngoại vi của máy vi tính)-(không ,internet
314356303,CÔNG TY TNHH OPTIMAL SOLUTION,CÔNG TY TNHH OPTIMAL SOLUTION,Công ty trách nhiệm hữu hạn một thành viên,"508 Lạc Long Quân, Phường 5, Quận 11, Thành phố Hồ Chí Minh, Việt Nam",Quận 11,"4791: Bán lẻ theo yêu cầu đặt hàng qua bưu điện hoặc internet-(trừ bán lẻ bình gas, khí dầu mỏ hóa lỏng LPG, dầu nhớt cặn, vàng miếng, súng, đạn loại dùng đi săn hoặc thể thao và tiền kim khí; trừ bán",internet
314388584,CÔNG TY TNHH THƯƠNG MẠI DỊCH VỤ BLACK SHEEP,CÔNG TY TNHH THƯƠNG MẠI DỊCH V,Công ty trách nhiệm hữu hạn một thành viên,"số 66/99D Lãnh Binh Thăng, Phường 13, Quận 11, Thành phố Hồ Chí Minh, Việt Nam",Quận 11,"8230: Tổ chức giới thiệu và xúc tiến thương mại-(không thực hiện các hiệu ứng cháy, nổ; không sử dụng chất nổ, chất cháy, hóa chất làm đạo cụ, dụng cụ thực hiện các chương trình văn nghệ, sự kiện, phi",internet
314361857,CÔNG TY TNHH ĐIỆN TỬ THANH PHONG,CÔNG TY TNHH ĐIỆN TỬ THANH PHO,Công ty trách nhiệm hữu hạn một thành viên,"126/10 Đường 100 Bình Thới, Phường 14, Quận 11, Thành phố Hồ Chí Minh, Việt Nam",Quận 11,"4741: Bán lẻ máy vi tính, thiết bị ngoại vi, phần mềm và thiết bị viễn thông trong các cửa hàng chuyên doanh-Chi tiết: Bán lẻ thiết bị, linh phụ kiện điện tử.;4764: Bán lẻ trò chơi, đồ chơi trong các ",lap top
314376934,CÔNG TY TNHH GIẢI PHÁP THƯƠNG MẠI ĐIỆN TỬ ĐẠI NGUYỄN,CÔNG TY TNHH GIẢI PHÁP THƯƠNG ,Công ty trách nhiệm hữu hạn một thành viên,"411/15 Lê Đại Hành, Phường 11, Quận 11, Thành phố Hồ Chí Minh, Việt Nam",Quận 11,"4719: Bán lẻ khác trong các cửa hàng kinh doanh tổng hợp-(trừ bán lẻ hóa chất tại trụ sở, trừ bán lẻ bình gas,  kinh doanh khí dầu mỏ hóa lỏng LPG, trừ mua bán vàng miếng, súng, đạn loại dùng đi săn h",internet
314428974,CÔNG TY TNHH DỊCH VỤ MINH NHIÊN,CÔNG TY TNHH DỊCH VỤ MINH NHIÊ,Công ty trách nhiệm hữu hạn một thành viên,"Số 09 đường Lạc Long Quân, Phường 1, Quận 11, Thành phố Hồ Chí Minh, Việt Nam",Quận 11,"1104: Sản xuất đồ uống không cồn, nước khoáng-chi tiết: sản xuất nước khoáng tinh khiết đóng chai ( không hoạt động tại trụ sở);4690: Bán buôn tổng hợp-chi tiết: Bán buôn cặp, sách, báo chí, ví, thủy ",internet
314518674,CÔNG TY TNHH GIANG XUÂN VINH,CÔNG TY TNHH GIANG XUÂN VINH,Công ty trách nhiệm hữu hạn một thành viên,"196/5 Lê Thị Bạch Cát, Phường 11, Quận 11, Thành phố Hồ Chí Minh, Việt Nam",Quận 11,"1520: Sản xuất giày dép-;4741: Bán lẻ máy vi tính, thiết bị ngoại vi, phần mềm và thiết bị viễn thông trong các cửa hàng chuyên doanh-;4771: Bán lẻ hàng may mặc, giày dép, hàng da và giả da trong các ",internet
314518145,CÔNG TY TNHH KIẾN TẠO & CỘNG ĐỒNG,CÔNG TY TNHH KIẾN TẠO  CỘNG ĐỒ,Công ty trách nhiệm hữu hạn một thành viên,"03 Đường số 3, Cư xá Bình Thới, Phường 8, Quận 11, Thành phố Hồ Chí Minh, Việt Nam",Quận 11,"4741: Bán lẻ máy vi tính, thiết bị ngoại vi, phần mềm và thiết bị viễn thông trong các cửa hàng chuyên doanh-;4742: Bán lẻ thiết bị nghe nhìn trong các cửa hàng chuyên doanh-;5820: Xuất bản phần mềm-C",internet
314535493,CÔNG TY TNHH MỘT THÀNH VIÊN DỊCH VỤ GIẢI TRÍ TRÒ CHƠI ĐIỆN TỬ THÀNH CÔNG 8888,CÔNG TY TNHH MỘT THÀNH VIÊN DỊ,Công ty trách nhiệm hữu hạn một thành viên,"540-542 Minh Phụng, Phường 9, Quận 11, Thành phố Hồ Chí Minh, Việt Nam",Quận 11,"4659: Bán buôn máy móc, thiết bị và phụ tùng máy khác-chi tiết: Bán buôn máy móc, thiết bị và phụ tùng máy văn phòng. Bán buôn máy trò chơi điện tử (trừ đồ chơi có hại cho giáo dục nhân cách, sức khỏe",internet
314572914,CÔNG TY TNHH FENDA VIỆT NAM,CÔNG TY TNHH FENDA VIỆT NAM,Công ty trách nhiệm hữu hạn một thành viên,"103/21 Lò Siêu , Phường 16, Quận 11, Thành phố Hồ Chí Minh, Việt Nam",Quận 11,"4631: Bán buôn gạo-(Không hoạt động tại trụ sở);4632: Bán buôn thực phẩm-(không hoạt động tại trụ sở);4634: Bán buôn sản phẩm thuốc lá, thuốc lào-Chi tiết: Bán buôn sản phẩm thuốc lá nội, thuốc lào;46",internet
314648779,CÔNG TY CỔ PHẦN PHÂN PHỐI DỊCH VỤ DT,CÔNG TY CỔ PHẦN PHÂN PHỐI DỊCH,Công ty cổ phần,"08 Đường Hòa Bình, Phường 5, Quận 11, Thành phố Hồ Chí Minh, Việt Nam",Quận 11,"4663: Bán buôn vật liệu, thiết bị lắp đặt khác trong xây dựng-;4511: Bán buôn ô tô và xe có động cơ khác-;4520: Bảo dưỡng, sửa chữa ô tô và xe có động cơ khác-(không gia công cơ khí, tái chế phế thải,",internet
314619390,CÔNG TY TRÁCH NHIỆM HỮU HẠN THƯƠNG MẠI DỊCH VỤ YUME MOBILE,CÔNG TY TRÁCH NHIỆM HỮU HẠN TH,Công ty trách nhiệm hữu hạn một thành viên,"177 Tôn Thất Hiệp, Phường 12, Quận 11, Thành phố Hồ Chí Minh, Việt Nam",Quận 11,"4652: Bán buôn thiết bị và linh kiện điện tử, viễn thông-;4651: Bán buôn máy vi tính, thiết bị ngoại vi và phần mềm-;4669: Bán buôn chuyên doanh khác chưa được phân vào đâu-Chi tiết: Bán buôn các sản ",internet
314613430,CÔNG TY TNHH VIỄN THÔNG DKT,CÔNG TY TNHH VIỄN THÔNG DKT,Công ty trách nhiệm hữu hạn một thành viên,"445/65 Lạc Long Quân, Phường 5, Quận 11, Thành phố Hồ Chí Minh, Việt Nam",Quận 11,"5022: Vận tải hàng hóa đường thuỷ nội địa-(trừ hóa lỏng khí để vận chuyển);5229: Hoạt động dịch vụ hỗ trợ khác liên quan đến vận tải-Chi tiết: Đại lý bán vé máy bay, tàu hỏa, tàu thủy, ô tô;5610: Nhà ",internet
314523025,CÔNG TY TNHH VIETBEST,CÔNG TY TNHH VIETBEST,Công ty trách nhiệm hữu hạn một thành viên,"110/26-110/28 Ông Ích Khiêm, Phường 5, Quận 11, Thành phố Hồ Chí Minh, Việt Nam",Quận 11,"2592: Gia công cơ khí; xử lý và tráng phủ kim loại-(không hoạt động tại trụ sở); 0118: Trồng rau, đậu các loại và trồng hoa, cây cảnh-;0128: Trồng cây gia vị, cây dược liệu-(không hoạt động tại trụ sở",internet
314190016,CÔNG TY TNHH ĐIỆN ẢNH THANH QUÂN MUSIC FILM,CÔNG TY TNHH ĐIỆN ẢNH THANH QU,Công ty trách nhiệm hữu hạn một thành viên,"200/1 Thái Phiên, Phường 8, Quận 11, Thành phố Hồ Chí Minh, Việt Nam",Quận 11,"8551: Giáo dục thể thao và giải trí-chi tiết: Đào tạo người mẫu, diễn viên, ca sĩ; Dạy múa, dạy hát
(trừ kinh doanh vũ trường);8559: Giáo dục khác chưa được phân vào đâu-chi tiết: Đào tạo kỹ năng mềm;",internet
314656963,CÔNG TY TNHH THẾ GIỚI TRÀ,CÔNG TY TNHH THẾ GIỚI TRÀ,Công ty trách nhiệm hữu hạn một thành viên,"81 Âu Cơ, Phường 14, Quận 11, Thành phố Hồ Chí Minh, Việt Nam",Quận 11,"5610: Nhà hàng và các dịch vụ ăn uống phục vụ lưu động-Chi tiết: nhà hàng, quán ăn, hàng ăn uống và các dịch vụ ăn uống phục vụ lưu động;5630: Dịch vụ phục vụ đồ uống-Chi tiết: quán trà, cà phê, nước ",internet
314723338,CÔNG TY TNHH KINH DOANH TRÒ CHƠI ĐIỆN TỬ Ý TƯỞNG,CÔNG TY TNHH KINH DOANH TRÒ C,Công ty trách nhiệm hữu hạn một thành viên,"158/28 Tạ Uyên, Phường 6, Quận 11, Thành phố Hồ Chí Minh, Việt Nam",Quận 11,"4659: Bán buôn máy móc, thiết bị và phụ tùng máy khác-Chi tiết: - Bán buôn máy công cụ điều khiển bằng máy vi tính;
 - Bán buôn máy trò chơi điện tử;5630: Dịch vụ phục vụ đồ uống-Chi tiết: -Hoạt ",internet
314702715,CÔNG TY TNHH DỊCH VỤ THƯƠNG MẠI ĐỈNH BẢO,CÔNG TY TNHH DỊCH VỤ THƯƠNG MẠ,Công ty trách nhiệm hữu hạn một thành viên,"591/4/14 Bình Thới, Phường 10, Quận 11, Thành phố Hồ Chí Minh, Việt Nam",Quận 11,"2220: Sản xuất sản phẩm từ plastic-Chi tiết: Sản xuất bao bì nhựa các loại (trừ tái chế phế thải , luyện cán cao su tại trụ sở) (trừ Sản Xuất xốp cách nhiệt sử dụng ga R141b, sử dụng polyol trộn sẵn H",internet
314726297,CÔNG TY TNHH DỊCH VỤ GIAO NHẬN THẾ KỶ,CÔNG TY TNHH DỊCH VỤ GIAO NHẬN,Công ty trách nhiệm hữu hạn hai thành viên trở lên,"Số 6 tầng 08 tháp R1, cao ốc EverRich, số 968 đường 3/2, Phường 15, Quận 11, Thành phố Hồ Chí Minh, Việt Nam",Quận 11,5021: Vận tải hành khách đường thuỷ nội địa-;5022: Vận tải hàng hóa đường thuỷ nội địa-;5229: Hoạt động dịch vụ hỗ trợ khác liên quan đến vận tải-Chi tiết: dịch vụ đại lý vận tải đường biển. Dịch vụ m,internet
314729481,CÔNG TY TNHH DỊCH VỤ & ĐẦU TƯ THÀNH THÁI,CÔNG TY TNHH DỊCH VỤ  ĐẦU TƯ T,Công ty trách nhiệm hữu hạn một thành viên,"161C/22A Lạc Long Quân, Phường 3, Quận 11, Thành phố Hồ Chí Minh, Việt Nam",Quận 11,"1811: In ấn-Chi tiết: In bao bì; in offset (trừ: in lụa, in tráng bao bì kim loại tại trụ sở).;1812: Dịch vụ liên quan đến in-;2740: Sản xuất thiết bị điện chiếu sáng-Chi tiết: Sản suất đồ điện trang ",internet
314746663,CÔNG TY TNHH DỊCH VỤ QUẢNG CÁO ANH HUY,CÔNG TY TNHH DỊCH VỤ QUẢNG CÁO,Công ty trách nhiệm hữu hạn một thành viên,"Tầng 7, 1503-1505-1507-1509 Đường 3/2, Phường 16, Quận 11, Thành phố Hồ Chí Minh, Việt Nam",Quận 11,"4799: Bán lẻ hình thức khác chưa được phân vào đâu-(trừ bán lẻ bình gas, khí dầu mỏ hóa lỏng LPG, dầu nhớt cặn, vàng miếng, súng, đạn loại dùng đi săn hoặc thể thao và tiền kim khí; trừ bán lẻ hóa chấ",internet
314724677,CÔNG TY TNHH ĐẦU TƯ THƯƠNG MẠI NHẬT PHÚ,CÔNG TY TNHH ĐẦU TƯ THƯƠNG MẠI,Công ty trách nhiệm hữu hạn một thành viên,"1211 đường 3 tháng 2, Phường 6, Quận 11, Thành phố Hồ Chí Minh, Việt Nam",Quận 11,"4610: Đại lý, môi giới, đấu giá-Chi tiết: Hoạt động đại lý bán vé số, đại lý bán thẻ cào điện thoại;4632: Bán buôn thực phẩm-Chi tiết: bán buôn thực phẩm chức năng;6190: Hoạt động viễn thông khác-chi ",internet
314737404,CÔNG TY TNHH DỊCH VỤ QUẢNG CÁO MINH THUẬN,CÔNG TY TNHH DỊCH VỤ QUẢNG CÁO,Công ty trách nhiệm hữu hạn hai thành viên trở lên,"64/8 đường 702 - Hồng Bàng, Phường 1, Quận 11, Thành phố Hồ Chí Minh, Việt Nam",Quận 11,"7310: Quảng cáo-Chi tiết: Sáng tạo và đặt quảng cáo trong báo, tạp chí, internet, khuếch trương quảng cáo, marketing điểm bán, quảng cáo trực tuyến, tư vấn marketing;7490: Hoạt động chuyên môn, khoa h",internet
314771331,CÔNG TY TNHH CÔNG NGHỆ MỚI QUỐC TẾ HỮU HOA,CÔNG TY TNHH CÔNG NGHỆ MỚI QUỐ,Công ty trách nhiệm hữu hạn một thành viên,"186/15 Bình Thới, Phường 14, Quận 11, Thành phố Hồ Chí Minh, Việt Nam",Quận 11,"3091: Sản xuất mô tô, xe máy-Chi tiết: Sản xuất môtô, xe máy có bàn đạp hoặc xe đạp có một động cơ bổ trợ; - lắp ráp xe máy điện;4321: Lắp đặt hệ thống điện-Chi tiết: Việc lắp đặt hệ thống điện ở tất ",internet
1702091909,CÔNG TY TNHH THƯƠNG MẠI DỊCH VỤ DU LỊCH TIA NẮNG PHÚ QUỐC,CÔNG TY TNHH THƯƠNG MẠI DỊCH V,Công ty trách nhiệm hữu hạn hai thành viên trở lên,"46E Thuận Kiều, Phường 4, Quận 11, Thành phố Hồ Chí Minh, Việt Nam",Quận 11,7911: Đại lý du lịch-(CPC 7471); 7912: Điều hành tua du lịch-(CPC 7471); 7710: Cho thuê xe có động cơ-Chi tiết: Cho thuê xe có động cơ khác (cho thuê xe mô tô);4932: Vận tải hành khách đường bộ khác-C,internet
314578419,CÔNG TY TNHH  ĐẦU TƯ TM XUẤT NHẬP KHẨU TOÀN Á,CÔNG TY TNHH  ĐẦU TƯ TM XUẤT N,Công ty trách nhiệm hữu hạn một thành viên,"327  Lạc Long Quân, Phường 3, Quận 11, Thành phố Hồ Chí Minh, Việt Nam",Quận 11,4669: Bán buôn chuyên doanh khác chưa được phân vào đâu-Chi tiết: Bán buôn nhựa đường. Bán buôn giấy các loại. Bán buôn hoá chất trong lĩnh vực công nghiệp (không hoạt động tại trụ sở). Bán buôn phụ l,internet
314354828,CÔNG TY TNHH MTV TM DV TRÒ CHƠI ĐIỆN TỬ THÀNH CÔNG,CÔNG TY TNHH MTV TM DV TRÒ CHƠ,Công ty trách nhiệm hữu hạn một thành viên,"100 Đường Trần Quý, Phường 6, Quận 11, Thành phố Hồ Chí Minh, Việt Nam",Quận 11,"4764: Bán lẻ trò chơi, đồ chơi trong các cửa hàng chuyên doanh-(trừ đồ chơi có hại cho giáo dục nhân cách, sức khoẻ của trẻ em hoặc ảnh hưởng đến an ninh trật tự, an toàn xã hội);6190: Hoạt động viễn ",internet
314405279,CÔNG TY TNHH VẢI HÀ ĐÔNG,CÔNG TY TNHH VẢI HÀ ĐÔNG,Công ty trách nhiệm hữu hạn một thành viên,"8 Công Chúa Ngọc Hân, Phường 13, Quận 11, Thành phố Hồ Chí Minh, Việt Nam",Quận 11,"2593: Sản xuất dao kéo, dụng cụ cầm tay và đồ kim loại thông dụng-(không hoạt động tại trụ sở);2599: Sản xuất sản phẩm khác bằng kim loại chưa được phân vào đâu-(không hoạt động tại trụ sở);2013: Sản ",internet
314504287,CÔNG TY TNHH GIẢI PHÁP F.A.T,CÔNG TY TNHH GIẢI PHÁP FAT,Công ty trách nhiệm hữu hạn hai thành viên trở lên,"319-C16 Khu Thương Mại Thuận Việt, Đường Lý Thường Kiệt , Phường 15, Quận 11, Thành phố Hồ Chí Minh, Việt Nam",Quận 11,"7020: Hoạt động tư vấn quản lý-(trừ tư vấn tài chính, kế toán, pháp luật).;8211: Dịch vụ hành chính văn phòng tổng hợp-;8219: Photo, chuẩn bị tài liệu và các hoạt động hỗ trợ văn phòng đặc biệt khác-;",internet
314582831,CÔNG TY TNHH TRÒ CHƠI PHƯƠNG THÙY,CÔNG TY TNHH TRÒ CHƠI PHƯƠNG T,Công ty trách nhiệm hữu hạn một thành viên,"32 Đường Công Chúa Ngọc Hân, Phường 13, Quận 11, Thành phố Hồ Chí Minh, Việt Nam",Quận 11,"6190: Hoạt động viễn thông khác-chi tiết: Hoạt động của các điểm truy cập internet.;4530: Bán phụ tùng và các bộ phận phụ trợ của ô tô và xe có động cơ khác-chi tiết: Bán buôn phụ tùng xe hơi, xe tải,",internet
314747427,CÔNG TY TNHH THƯƠNG MẠI DỊCH VỤ ĐẦU TƯ ARENA,CÔNG TY TNHH THƯƠNG MẠI DỊCH V,Công ty trách nhiệm hữu hạn hai thành viên trở lên,"222 Đội Cung, Phường 9, Quận 11, Thành phố Hồ Chí Minh, Việt Nam",Quận 11,"4632: Bán buôn thực phẩm-Chi tiết: Bán buôn thịt và các sản phẩm từ thịt, thủy sản, rau quả, cà phê, chè, đường, sữa và các sản phẩm sữa, bánh kẹo và các sản phẩm chế biến từ ngũ cốc, bột, tinh bột - ",internet
314812193,CÔNG TY TNHH MỘT THÀNH VIÊN THƯƠNG MẠI DỊCH VỤ MITASA SOUND VIỆT NAM,CÔNG TY TNHH MỘT THÀNH VIÊN TH,Công ty trách nhiệm hữu hạn một thành viên,"34 Dương Đình Nghệ, Phường 8, Quận 11, Thành phố Hồ Chí Minh, Việt Nam",Quận 11,"4669: Bán buôn chuyên doanh khác chưa được phân vào đâu-Chi tiết: buôn phế liệu, phế thải kim loại/phi kim loại, nguyên liệu để tái sinh bao gồm thu mua, sắp xếp, phân loại, làm sạch những hàng hóa đã",internet
314824745,CÔNG TY TNHH DỊCH VỤ TƯ VẤN CONS,CÔNG TY TNHH DỊCH VỤ TƯ VẤN CO,Công ty trách nhiệm hữu hạn một thành viên,"1099/7 Đường 3/2, Phường 6, Quận 11, Thành phố Hồ Chí Minh, Việt Nam",Quận 11,5629: Dịch vụ ăn uống khác-(trừ hoạt động quán bar và quán giải khát có khiêu vũ).;5630: Dịch vụ phục vụ đồ uống-(trừ hoạt động quán bar và quán giải khát có khiêu vũ).;6202: Tư vấn máy vi tính và quả,internet
314824671,CÔNG TY TNHH CHIẾC NÓN ĐỎ,CÔNG TY TNHH CHIẾC NÓN ĐỎ,Công ty trách nhiệm hữu hạn một thành viên,"411/52 Bis Lê Đại Hành, Phường 11, Quận 11, Thành phố Hồ Chí Minh, Việt Nam",Quận 11,"7310: Quảng cáo-Chi tiết: - Sáng tạo và thực hiện các chiến dịch quảng cáo trên internet và các phương tiện truyền thông khác;Doanh nghiệp phải thực hiện đúng các quy định của pháp luật về đất đai, xâ",internet
314821014,CÔNG TY TNHH XUẤT NHẬP KHẨU LEE AN HUY,CÔNG TY TNHH XUẤT NHẬP KHẨU LE,Công ty trách nhiệm hữu hạn một thành viên,"35/1 Đặng Minh Khiêm, Phường 4, Quận 11, Thành phố Hồ Chí Minh, Việt Nam",Quận 11,"4620: Bán buôn nông, lâm sản nguyên liệu (trừ gỗ, tre, nứa) và động vật sống-(không hoạt động tại trụ sở);4632: Bán buôn thực phẩm-(không hoạt động tại trụ sở);1410: May trang phục (trừ trang phục từ ",internet
314831132,CÔNG TY TNHH BABY KING,CÔNG TY TNHH BABY KING,Công ty trách nhiệm hữu hạn một thành viên,"253 Âu Cơ, Phường 5, Quận 11, Thành phố Hồ Chí Minh, Việt Nam",Quận 11,"4724: Bán lẻ sản phẩm thuốc lá, thuốc lào trong các cửa hàng chuyên doanh-Chi tiết: Bán lẻ sản phẩm thuốc lá (thực hiện theo quyết định 64/2009/QĐ-UBND ngày 31/07/2009 và quyết định  số 79/2009/QĐ-UBN",internet
314823766,CÔNG TY TNHH CÔNG NGHỆ BLUE SKY,CÔNG TY TNHH CÔNG NGHỆ BLUE SK,Công ty trách nhiệm hữu hạn một thành viên,"110/26-28 Ông Ích Khiêm, Phường 5, Quận 11, Thành phố Hồ Chí Minh, Việt Nam",Quận 11,"6312: Cổng thông tin-Chi tiết: Thiết lập trang thông tin điện tử tổng hợp;4610: Đại lý, môi giới, đấu giá-Chi tiết: Đại lý, môi giới (trừ môi giới bất động sản);6201: Lập trình máy vi tính-;6190: Hoạt",internet
314845135,CÔNG TY CỔ PHẦN GIẢI PHÁP GVC,CÔNG TY CỔ PHẦN GIẢI PHÁP GVC,Công ty cổ phần,"62 Nguyễn Chí Thanh, Phường 16, Quận 11, Thành phố Hồ Chí Minh, Việt Nam",Quận 11,"4669: Bán buôn chuyên doanh khác chưa được phân vào đâu-Chi tiết:Bán buôn tơ, xơ, sợi dệt. Bán buôn phụ kiện may mặc. Bán buôn thiết bị bảo hộ lao động, thiết bị an toàn, thiết bị ph",internet
314866600,CÔNG TY TNHH ĐẦU TƯ SẢN XUẤT THƯƠNG MẠI DỊCH VỤ HUỲNH ĐỨC,CÔNG TY TNHH ĐẦU TƯ SẢN XUẤT T,Công ty trách nhiệm hữu hạn một thành viên,"68/16 Lữ Gia, Phường 15, Quận 11, Thành phố Hồ Chí Minh, Việt Nam",Quận 11,"0125: Trồng cây cao su-( không hoạt động tại trụ sở);0128: Trồng cây gia vị, cây dược liệu-( không hoạt động tại trụ sở);0129: Trồng cây lâu năm khác-( không hoạt động tại trụ sở);4311: Phá dỡ-;4511: ",internet
314919972,CÔNG TY CỔ PHẦN CÔNG NGHỆ FIREAPPS,CÔNG TY CỔ PHẦN CÔNG NGHỆ FIRE,Công ty cổ phần,"Tầng 22 - Tòa Nhà Flemington, 182 Lê Đại Hành, Phường 15, Quận 11, Thành phố Hồ Chí Minh, Việt Nam",Quận 11,"4773: Bán lẻ hàng hóa khác mới trong các cửa hàng chuyên doanh-Chi tiết: Bán lẻ hàng lưu niệm, hàng đan lát, hàng thủ công mỹ nghệ;4669: Bán buôn chuyên doanh khác chưa được phân vào đâu-Chi tiết: Bán",internet
314915791,CÔNG TY TNHH THƯƠNG MẠI DỊCH VỤ DỤNG CỤ Y,CÔNG TY TNHH THƯƠNG MẠI DỊCH V,Công ty trách nhiệm hữu hạn một thành viên,"371 Lạc Long Quân, Phường 5, Quận 11, Thành phố Hồ Chí Minh, Việt Nam",Quận 11,"4791: Bán lẻ theo yêu cầu đặt hàng qua bưu điện hoặc internet-(trừ bán lẻ bình gas, khí dầu mỏ hóa lỏng LPG, dầu nhớt cặn, vàng miếng, súng, đạn loại dùng đi săn hoặc thể thao và tiền kim khí; trừ bán",internet
314918626,CÔNG TY TNHH SẢN XUẤT PHIM VĂN,CÔNG TY TNHH SẢN XUẤT PHIM VĂN,Công ty trách nhiệm hữu hạn một thành viên,"16F Lạc Long Quân, Phường 5, Quận 11, Thành phố Hồ Chí Minh, Việt Nam",Quận 11,"9000: Hoạt động sáng tác, nghệ thuật và giải trí-(trừ kinh doanh vũ trường, phòng trà ca nhạc và không thực hiện các hiệu ứng cháy, nổ; không sử dụng chất nổ, chất cháy, hóa chất làm đạo cụ, dụng cụ t",internet
314945468,CÔNG TY TNHH TRUYỀN THÔNG QUẢNG CÁO CÁT TƯỜNG,CÔNG TY TNHH TRUYỀN THÔNG QUẢN,Công ty trách nhiệm hữu hạn một thành viên,"622 Đường Lạc Long Quân , Phường 5, Quận 11, Thành phố Hồ Chí Minh, Việt Nam",Quận 11,"5210: Kho bãi và lưu giữ hàng hóa-Chi tiết: Lưu giữ hàng hóa (trừ kinh doanh kho bãi).;4931: Vận tải hành khách đường bộ trong nội thành, ngoại thành (trừ vận tải bằng xe buýt)-;4932: Vận tải hành khá",internet
314947105,CÔNG TY TNHH WINLUBE VIETNAM,CÔNG TY TNHH WINLUBE VIETNAM,Công ty trách nhiệm hữu hạn một thành viên,"175/83 Hà Tôn Quyền, Phường 4, Quận 11, Thành phố Hồ Chí Minh, Việt Nam",Quận 11,"4659: Bán buôn máy móc, thiết bị và phụ tùng máy khác-Chi tiết: Bán buôn máy móc, các phụ kiện khác cho xe máy;4543: Bán phụ tùng và các bộ phận phụ trợ của mô tô, xe máy-;4661: Bán buôn nhiên liệu rắ",internet
314986111,CÔNG TY TNHH THƯƠNG MẠI DỊCH VỤ LỬA XANH TRAVEL,CÔNG TY TNHH THƯƠNG MẠI DỊCH V,Công ty trách nhiệm hữu hạn hai thành viên trở lên,"341/64s Lạc Long Quân, Phường 5, Quận 11, Thành phố Hồ Chí Minh, Việt Nam",Quận 11,"4933: Vận tải hàng hóa bằng đường bộ-(trừ hóa lỏng khí để vận chuyển).;5022: Vận tải hàng hóa đường thuỷ nội địa-;5012: Vận tải hàng hóa ven biển và viễn dương-;4620: Bán buôn nông, lâm sản nguyên liệ",internet
314987877,CÔNG TY TNHH SẢN XUẤT THƯƠNG MẠI DỊCH VỤ SIÊU MỤC TIÊU,CÔNG TY TNHH SẢN XUẤT THƯƠNG M,Công ty trách nhiệm hữu hạn hai thành viên trở lên,"261 Lê Đại Hành, Phường 13, Quận 11, Thành phố Hồ Chí Minh, Việt Nam",Quận 11,"7310: Quảng cáo-;7320: Nghiên cứu thị trường và thăm dò dư luận-;8230: Tổ chức giới thiệu và xúc tiến thương mại-(không thực hiện các hiệu ứng cháy, nổ; không sử dụng chất nổ, chất cháy, hóa chất làm ",internet
315006615,CÔNG TY TNHH XÂY DỰNG VÀ PHÁT TRIỂN QUỐC TẾ,CÔNG TY TNHH XÂY DỰNG VÀ PHÁT ,Công ty trách nhiệm hữu hạn hai thành viên trở lên,"373/8 Hàn Hải Nguyên, Phường 2, Quận 11, Thành phố Hồ Chí Minh, Việt Nam",Quận 11,"4311: Phá dỡ-;4329: Lắp đặt hệ thống xây dựng khác-(trừ gia công cơ khí, tái chế phế thải, xi mạ điện tại trụ sở).;7120: Kiểm tra và phân tích kỹ thuật-;4659: Bán buôn máy móc, thiết bị và phụ tùng má",internet
315007922,CÔNG TY TNHH THƯƠNG MẠI DỊCH VỤ IMI,CÔNG TY TNHH THƯƠNG MẠI DỊCH V,Công ty trách nhiệm hữu hạn một thành viên,"Số 58B Đường Tân Hóa , Phường 1, Quận 11, Thành phố Hồ Chí Minh, Việt Nam",Quận 11,"4791: Bán lẻ theo yêu cầu đặt hàng qua bưu điện hoặc internet-(trừ bán lẻ bình gas, khí dầu mỏ hóa lỏng LPG, dầu nhớt cặn, vàng miếng, súng, đạn loại dùng đi săn hoặc thể thao và tiền kim khí và thực ",internet
315030174,CÔNG TY TNHH  WINVIEW,CÔNG TY TNHH  WINVIEW,Công ty trách nhiệm hữu hạn một thành viên,"79/75 Âu Cơ, Phường 14, Quận 11, Thành phố Hồ Chí Minh, Việt Nam",Quận 11,"4663: Bán buôn vật liệu, thiết bị lắp đặt khác trong xây dựng-(không hoạt động tại trụ sở);4669: Bán buôn chuyên doanh khác chưa được phân vào đâu-Chi tiết: Bán buôn hàng trang trí nội, ngoại thất;475",internet
315036271,CÔNG TY TNHH THƯƠNG MẠI DỊCH VỤ ĐẦU TƯ XÂY DỰNG QUANG KHẢI,CÔNG TY TNHH THƯƠNG MẠI DỊCH V,Công ty trách nhiệm hữu hạn hai thành viên trở lên,"Số 3 Đường 277 Minh Phụng, Phường 2, Quận 11, Thành phố Hồ Chí Minh, Việt Nam",Quận 11,"7110: Hoạt động kiến trúc và tư vấn kỹ thuật có liên quan-Chi tiết: Tư vấn giám sát. Thi công các công trình xây dựng. Thi công hệ thông điện, điện lạnh. Thi công hệ thống cấp thoát nước. Thi công và ",internet
315066420,CÔNG TY TNHH TIẾN CHÍ PHÁT,CÔNG TY TNHH TIẾN CHÍ PHÁT,Công ty trách nhiệm hữu hạn một thành viên,"149 Tôn Thất Hiệp, Phường 13, Quận 11, Thành phố Hồ Chí Minh, Việt Nam",Quận 11,"6190: Hoạt động viễn thông khác-Chi tiết: hoạt động của các điểm truy cập internet, điểm cung cấp dich vụ trò chơi điện tử công cộng (trừ kinh doanh trò chơi điện tử có thưởng dành cho người nước ngoà",internet
315061976,CÔNG TY TNHH AICOM,CÔNG TY TNHH AICOM,Công ty trách nhiệm hữu hạn một thành viên,"Số 31 Đường số 7, Cư xá Bình Thới, Phường 8, Quận 11, Thành phố Hồ Chí Minh, Việt Nam",Quận 11,"4641: Bán buôn vải, hàng may sẵn, giày dép-;4649: Bán buôn đồ dùng khác cho gia đình-Chi tiết: - Bán buôn vali, cặp, túi, ví, hàng da và giả da khác;
- Bán buôn đồ điện gia dụng, đèn và bộ đèn điện;
-",internet
315064575,CÔNG TY TNHH MỘT THÀNH VIÊN SẮC ĐẸP HOÀN MỸ,CÔNG TY TNHH MỘT THÀNH VIÊN SẮ,Công ty trách nhiệm hữu hạn một thành viên,"Số 122/12 Tạ Uyên, Phường 4, Quận 11, Thành phố Hồ Chí Minh, Việt Nam",Quận 11,"4632: Bán buôn thực phẩm-Chi tiết: Bán buôn rau, quả (Không hoạt động tại trụ sở); Bán buôn cà phê (Không hoạt động tại trụ sở); Bán buôn đường (Không hoạt động tại trụ sở), sữa và các sản phẩm sữa, b",internet
315085857,CÔNG TY CỔ PHẦN ĐẦU TƯ PHÁT TRIỂN XÂY DỰNG GIAO THÔNG SÀI GÒN,CÔNG TY CỔ PHẦN ĐẦU TƯ PHÁT TR,Công ty cổ phần,"34 Lạc Long Quân, Phường 3, Quận 11, Thành phố Hồ Chí Minh, Việt Nam",Quận 11,"4322: Lắp đặt hệ thống cấp, thoát nước, lò sưởi và điều hoà không khí-chi tiết: lắp đặt vật tư thiết bị hệ thống xử lý cấp nước, thoát nước; lắp đặt công trình xử lý cấp nước (trừ gia công cơ khí, tái",internet
315114071,CÔNG TY TNHH THƯƠNG MẠI XUẤT NHẬP KHẨU LIÊN KẾT VIỆT,CÔNG TY TNHH THƯƠNG MẠI XUẤT N,Công ty trách nhiệm hữu hạn hai thành viên trở lên,"293 Lãnh Binh Thăng, Phường 8, Quận 11, Thành phố Hồ Chí Minh, Việt Nam",Quận 11,"4722: Bán lẻ thực phẩm trong các cửa hàng chuyên doanh-Chi tiết: 
-	Bán lẻ thịt và các sản phẩm từ thịt
-	Bán lẻ thủy hải sản
-	Bán lẻ rau, củ, quả
-	Bán lẻ cà phê
-	Bán lẻ chè
-	Bán lẻ đường, sữa và ",internet
315118929,CÔNG TY TNHH AUTHOR VIỆT NAM,CÔNG TY TNHH AUTHOR VIỆT NAM,Công ty trách nhiệm hữu hạn một thành viên,"21/2P Dương Đình Nghệ, Phường 8, Quận 11, Thành phố Hồ Chí Minh, Việt Nam",Quận 11,"8230: Tổ chức giới thiệu và xúc tiến thương mại-(không thực hiện các hiệu ứng cháy nổ; không sử dụng chất nổ, chất cháy, hóa chất làm đạo cụ, dụng cụ thực hiện các chương trình văn nghệ, sự kiện, phim",internet
315123936,CÔNG TY TNHH DỊCH VỤ TIN HỌC PNN,CÔNG TY TNHH DỊCH VỤ TIN HỌC P,Công ty trách nhiệm hữu hạn hai thành viên trở lên,"238/4 Đội Cung, Phường 9, Quận 11, Thành phố Hồ Chí Minh, Việt Nam",Quận 11,"6209: Hoạt động dịch vụ công nghệ thông tin và dịch vụ khác liên quan đến máy vi tính-Chi tiết: Tư vấn, thiết kế cài đặt, bảo trì hệ thống mạng; hoạt động dịch vụ công nghệ thông tin và dịch vụ khác l",internet
315114988,CÔNG TY TNHH QUYẾT CHÍ PHÁT,CÔNG TY TNHH QUYẾT CHÍ PHÁT,Công ty trách nhiệm hữu hạn một thành viên,"23 Nguyễn Chí Thanh , Phường 16, Quận 11, Thành phố Hồ Chí Minh, Việt Nam",Quận 11,"6190: Hoạt động viễn thông khác-Chi tiết: hoạt động của các điểm truy cập internet, điểm cung cấp dịch vụ trò chơi điện tử công cộng (trừ hoạt động kinh doanh trò chơi điện tử có thưởng dành cho người",internet
315122918,CÔNG TY TNHH TƯ VẤN THƯƠNG MẠI DỊCH VỤ LTP,CÔNG TY TNHH TƯ VẤN THƯƠNG MẠI,Công ty trách nhiệm hữu hạn một thành viên,"21 Quân Sự, Phường 11, Quận 11, Thành phố Hồ Chí Minh, Việt Nam",Quận 11,"4933: Vận tải hàng hóa bằng đường bộ-(trừ hóa lỏng khí để vận chuyển);7310: Quảng cáo-;4659: Bán buôn máy móc, thiết bị và phụ tùng máy khác-;7410: Hoạt động thiết kế chuyên dụng-;4662: Bán buôn kim l",internet
315155896,CÔNG TY TNHH LONGTENG,CÔNG TY TNHH LONGTENG,Công ty trách nhiệm hữu hạn một thành viên,"A0.2 Tầng 1 Chung cư căn hộ Khải Hoàn, Số 624 Lạc Long Quân, Phường 5, Quận 11, Thành phố Hồ Chí Minh, Việt Nam",Quận 11,"4741: Bán lẻ máy vi tính, thiết bị ngoại vi, phần mềm và thiết bị viễn thông trong các cửa hàng chuyên doanh-Chi tiết: Bán lẻ máy vi tính, thiết bị ngoại vi, phần mềm và thiết bị vi tính. Bán lẻ máy v",internet
315156441,CÔNG TY TNHH RONGFA,CÔNG TY TNHH RONGFA,Công ty trách nhiệm hữu hạn một thành viên,"A0.2, Tầng 1 Số 624 Lạc Long Quân , Phường 5, Quận 11, Thành phố Hồ Chí Minh, Việt Nam",Quận 11,"4741: Bán lẻ máy vi tính, thiết bị ngoại vi, phần mềm và thiết bị viễn thông trong các cửa hàng chuyên doanh-Chi tiết: Bán lẻ máy vi tính, thiết bị ngoại vi, phần mềm và thiết bị vi tính; Bán lẻ máy v",internet
315153176,CÔNG TY TNHH GIẢI PHÁP MẠNG LONG ĐỨC,CÔNG TY TNHH GIẢI PHÁP MẠNG LO,Công ty trách nhiệm hữu hạn một thành viên,"147G Đội Cung, Phường 8, Quận 11, Thành phố Hồ Chí Minh, Việt Nam",Quận 11,"9329: Hoạt động vui chơi giải trí khác chưa được phân vào đâu-Kinh doanh trò chơi điện tử (trừ kinh doanh trò chơi có thưởng dành cho người nước ngoài và kinh doanh trò chơi có thưởng qua mạng, trừ đồ",internet
315068675,CÔNG TY TNHH ĐIỆN TỬ MINH NGUYỆT,CÔNG TY TNHH ĐIỆN TỬ MINH NGUY,Công ty trách nhiệm hữu hạn một thành viên,"135/17L (Lầu 1) Đường Bình Thới, Phường 11, Quận 11, Thành phố Hồ Chí Minh, Việt Nam",Quận 11,9329: Hoạt động vui chơi giải trí khác chưa được phân vào đâu-Chi tiết: Kinh doanh trò chơi điện tử (Trừ kinh doanh trò chơi điện tử có thưởng dành cho người nước ngoài và kinh doanh trò chơi điện tử ,internet
315186196,CÔNG TY CỔ PHẦN ĐẦU TƯ MAO ĐÀI,CÔNG TY CỔ PHẦN ĐẦU TƯ MAO ĐÀI,Công ty cổ phần,"147 Nguyễn Thị Nhỏ, Phường 16, Quận 11, Thành phố Hồ Chí Minh, Việt Nam",Quận 11,"4322: Lắp đặt hệ thống cấp, thoát nước, lò sưởi và điều hoà không khí-(trừ gia công cơ khí, tái chế phế thải, xi mạ điện tại trụ sở và trừ lắp đặt các thiết bị lạnh (thiết bị cấp đông, kho lạnh, máy đ",internet
315197575,CÔNG TY TNHH ARES TECHNOLOGY VIỆT NAM,CÔNG TY TNHH ARES TECHNOLOGY V,Công ty trách nhiệm hữu hạn hai thành viên trở lên,"20-22 Đường số 06, Cư xá Bình Thới , Phường 8, Quận 11, Thành phố Hồ Chí Minh, Việt Nam",Quận 11,"9511: Sửa chữa máy vi tính và thiết bị ngoại vi-;4659: Bán buôn máy móc, thiết bị và phụ tùng máy khác-;6201: Lập trình máy vi tính-Chi tiết: Hoạt động viết, sửa, thử nghiệm và trợ giúp các phần mềm t",technology
315222581,CÔNG TY TNHH HOMENIE,CÔNG TY TNHH HOMENIE,Công ty trách nhiệm hữu hạn một thành viên,"49 Đường Số 5, Phường 8, Quận 11, Thành phố Hồ Chí Minh, Việt Nam",Quận 11,"4649: Bán buôn đồ dùng khác cho gia đình-;4669: Bán buôn chuyên doanh khác chưa được phân vào đâu-(Trừ trừ bán buôn bình gas, khí dầu mỏ hóa lỏng lpg, dầu nhớt cặn, vàng miếng, súng, đạn loại dùng đi ",internet
315236993,CÔNG TY TNHH THƯƠNG MẠI DỊCH VỤ QUẢNG CÁO VBC,CÔNG TY TNHH THƯƠNG MẠI DỊCH V,Công ty trách nhiệm hữu hạn một thành viên,"162 Hàn Hải Nguyên, Phường 8, Quận 11, Thành phố Hồ Chí Minh, Việt Nam",Quận 11,"8219: Photo, chuẩn bị tài liệu và các hoạt động hỗ trợ văn phòng đặc biệt khác-(trừ tư vấn tài chính, kế toán).;8230: Tổ chức giới thiệu và xúc tiến thương mại-(không thực hiện các hiệu ứng cháy, nổ; ",internet
315163086,CÔNG TY TNHH THƯƠNG MẠI DỊCH VỤ LAN THÀNH,CÔNG TY TNHH THƯƠNG MẠI DỊCH V,Công ty trách nhiệm hữu hạn hai thành viên trở lên,"8 Hòa Bình, Phường 5, Quận 11, Thành phố Hồ Chí Minh, Việt Nam",Quận 11,"4520: Bảo dưỡng, sửa chữa ô tô và xe có động cơ khác-chi tiết: Dịch vụ sửa chữa và bảo hành , bảo trì xe ô tô (trừ gia công cơ khí, tái chế phế thải, xi mạ điện tại trụ sở).;4669: Bán buôn chuyên doan",lap top
315173447,CÔNG TY TNHH ĐỨC MẠNH AUDIO,CÔNG TY TNHH ĐỨC MẠNH AUDIO,Công ty trách nhiệm hữu hạn một thành viên,"185 Lý Thường Kiệt, Phường 7, Quận 11, Thành phố Hồ Chí Minh, Việt Nam",Quận 11,"4652: Bán buôn thiết bị và linh kiện điện tử, viễn thông-Chi tiết: Bán buôn thiết bị điện tử;4669: Bán buôn chuyên doanh khác chưa được phân vào đâu-Chi tiết: Bán buôn hàng kim khí điện máy;4742: Bán ",internet
315339607,DOANH NGHIỆP TƯ NHÂN GAME CENTER 789,DOANH NGHIỆP TƯ NHÂN GAME CENT,Doanh nghiệp tư nhân,"117 Lạc Long Quân, Phường 1, Quận 11, Thành phố Hồ Chí Minh, Việt Nam",Quận 11,9329: Hoạt động vui chơi giải trí khác chưa được phân vào đâu-chi tiết: kinh doanh trò chơi điện tử (trừ kinh doanh trò chơi điện tử có thưởng dành cho người nước ngoài và kinh doanh trò chơi có thưởn,internet
316682101,CÔNG TY TNHH MTV KINH DOANH THƯƠNG MẠI DỊCH VỤ CHĂM SÓC SỨC KHỎE SẮC ĐẸP VÀ ĐÀO TẠO NGHỀ CẨM TÚ BEAUTY CLINIC & SPA,CÔNG TY TNHH MTV KINH DOANH TH,Công ty trách nhiệm hữu hạn một thành viên,"64/18A Hòa Bình, Phường 5, Quận 11, Thành phố Hồ Chí Minh, Việt Nam",Quận 11,"9633: Hoạt động dịch vụ phục vụ hôn lễ-(trừ môi giới kết hôn có yếu tố nước ngoài);4753: Bán lẻ thảm, đệm, chăn, màn, rèm, vật liệu phủ tường và sàn trong các cửa hàng chuyên doanh-;9312: Hoạt động củ",internet
315357613,CÔNG TY TNHH THƯƠNG MẠI DỊCH VỤ KỲ TÍCH,CÔNG TY TNHH THƯƠNG MẠI DỊCH V,Công ty trách nhiệm hữu hạn một thành viên,"Số 172A Lạc Long Quân, Phường 10, Quận 11, Thành phố Hồ Chí Minh, Việt Nam",Quận 11,"9000: Hoạt động sáng tác, nghệ thuật và giải trí-(trừ kinh doanh vũ trường, phòng trà ca nhạc và không thực hiện các hiệu ứng cháy, nổ; không sử dụng chất nổ, chất cháy, hóa chất làm đạo cụ, dụng cụ t",internet
315324110,CÔNG TY TNHH CÔNG NGHỆ MẠNG NANTENG SÀI GÒN,CÔNG TY TNHH CÔNG NGHỆ MẠNG NA,Công ty trách nhiệm hữu hạn một thành viên,"110/26-110/28 Ông Ích Khiêm, Phường 5, Quận 11, Thành phố Hồ Chí Minh, Việt Nam",Quận 11,"4663: Bán buôn vật liệu, thiết bị lắp đặt khác trong xây dựng-;5820: Xuất bản phần mềm-chi tiết: sản xuất phần mền;4610: Đại lý, môi giới, đấu giá hàng hóa-Chi tiết: Đại lý, môi giới (trừ môi giới bất",internet
315326492,CÔNG TY TNHH TRỊNH GIA TELECOM,CÔNG TY TNHH TRỊNH GIA TELECOM,Công ty trách nhiệm hữu hạn một thành viên,"22/11/7A Tân Hoá, Phường 1, Quận 11, Thành phố Hồ Chí Minh, Việt Nam",Quận 11,"4652: Bán buôn thiết bị và linh kiện điện tử, viễn thông-;4651: Bán buôn máy vi tính, thiết bị ngoại vi và phần mềm-;4659: Bán buôn máy móc, thiết bị và phụ tùng máy khác-chi tiết: Bán buôn máy móc, t",telecom
315385610,CÔNG TY CỔ PHẦN ĐẦU TƯ PHÁT TRIỂN DÂN SINH VIỆT NAM (VPD),CÔNG TY CỔ PHẦN ĐẦU TƯ PHÁT TR,Công ty cổ phần,"Số 299/3A, Đường Lý Thường Kiệt , Phường 15, Quận 11, Thành phố Hồ Chí Minh, Việt Nam",Quận 11,"0111: Trồng lúa-;0112: Trồng ngô và cây lương thực có hạt khác-;0113: Trồng cây lấy củ có chất bột-;0114: Trồng cây mía-;0115: Trồng cây thuốc lá, thuốc lào-;0116: Trồng cây lấy sợi-;0117: Trồng cây c",internet
315413522,CÔNG TY TNHH SẢN XUẤT THƯƠNG MẠI XUẤT NHẬP KHẨU  BÌNH PHONG,CÔNG TY TNHH SẢN XUẤT THƯƠNG M,Công ty trách nhiệm hữu hạn một thành viên,"464B Minh Phụng, Phường 9, Quận 11, Thành phố Hồ Chí Minh, Việt Nam",Quận 11,"4669: Bán buôn chuyên doanh khác chưa được phân vào đâu-chi tiết: Bán buôn giấy các loại;4663: Bán buôn vật liệu, thiết bị lắp đặt khác trong xây dựng-;7912: Điều hành tua du lịch-chi tiết: Kinh doanh",internet
315282365,CÔNG TY TNHH MỘT THÀNH VIÊN DỊCH VỤ GIẢI TRÍ GAME THÀNH CÔNG 33,CÔNG TY TNHH MỘT THÀNH VIÊN DỊ,Công ty trách nhiệm hữu hạn một thành viên,"540-542 Đường Minh Phụng, Phường 9, Quận 11, Thành phố Hồ Chí Minh, Việt Nam",Quận 11,9329: Hoạt động vui chơi giải trí khác chưa được phân vào đâu-Chi tiết: Kinh doanh trò chơi điện tử (trừ kinh doanh trò chơi điện tử có thưởng dành cho người nước ngoài và kinh doanh trò chơi điện tử ,internet
315387343,CÔNG TY TNHH DỊCH VỤ NHẤT NHẤT PHÁT,CÔNG TY TNHH DỊCH VỤ NHẤT NHẤT,Công ty trách nhiệm hữu hạn một thành viên,"Số 99 Đường số 2, Cư Xá Bình Thới, Phường 8, Quận 11, Thành phố Hồ Chí Minh, Việt Nam",Quận 11,"4652: Bán buôn thiết bị và linh kiện điện tử, viễn thông-;4742: Bán lẻ thiết bị nghe nhìn trong các cửa hàng chuyên doanh-;4773: Bán lẻ hàng hóa khác mới trong các cửa hàng chuyên doanh-(trừ bán lẻ bì",internet
315380362,CÔNG TY TNHH ĐẦU TƯ THÁI THÀNH ĐẠT,CÔNG TY TNHH ĐẦU TƯ THÁI THÀNH,Công ty trách nhiệm hữu hạn hai thành viên trở lên,"103/2 Âu Cơ, Phường 14, Quận 11, Thành phố Hồ Chí Minh, Việt Nam",Quận 11,"4632: Bán buôn thực phẩm-Chi tiết: Bán buôn cà phê, chè, hạt tiêu (không hoạt động tại trụ sở);4620: Bán buôn nông, lâm sản nguyên liệu (trừ gỗ, tre, nứa) và động vật sống-(không hoạt động tại trụ sở)",internet
315310291,CÔNG TY CỔ PHẦN PHÁT TRIỂN PHÚC LỘC THỌ,CÔNG TY CỔ PHẦN PHÁT TRIỂN PHÚ,Công ty cổ phần,"70A-70B-70C Hòa Bình, Phường 5, Quận 11, Thành phố Hồ Chí Minh, Việt Nam",Quận 11,4722: Bán lẻ thực phẩm trong các cửa hàng chuyên doanh-( thực hiện theo quyết định 64/2009/QĐ – UBND ngày 31/7/2009 và quyết định 79/2009/QĐ – UBND ngày 17/10/2009 của ủy ban nhân dân TP HCM về phê du,internet
315441826,CÔNG TY TNHH A-Z SÀI GÒN,CÔNG TY TNHH AZ SÀI GÒN,Công ty trách nhiệm hữu hạn hai thành viên trở lên,"161D/104/54C Lạc Long Quân, Phường 3, Quận 11, Thành phố Hồ Chí Minh, Việt Nam",Quận 11,"4711: Bán lẻ lương thực, thực phẩm, đồ uống, thuốc lá, thuốc lào chiếm tỷ trọng lớn trong các cửa hàng kinh doanh tổng hợp-(thực hiện theo Quyết định 64/2009/QDD-UBND ngày 31/07/2009 và Quyết định 79/",internet
315345209,CÔNG TY TNHH DƯỢC PHẨM LÊ GIA,CÔNG TY TNHH DƯỢC PHẨM LÊ GIA,Công ty trách nhiệm hữu hạn một thành viên,"181/31/17C1 Bình Thới, Phường 9, Quận 11, Thành phố Hồ Chí Minh, Việt Nam",Quận 11,"0128: Trồng cây gia vị, cây dược liệu, cây hương liệu lâu năm-(không hoạt động tại trụ sở).;0131: Nhân và chăm sóc cây giống hàng năm-(không hoạt động tại trụ sở).;0132: Nhân và chăm sóc cây giống lâu",internet
314860750,CÔNG TY TNHH THƯƠNG MẠI DỊCH VỤ MAGGA,CÔNG TY TNHH THƯƠNG MẠI DỊCH V,Công ty trách nhiệm hữu hạn một thành viên,"506/46 Lạc Long Quân, Phường 5, Quận 11, Thành phố Hồ Chí Minh, Việt Nam",Quận 11,"4649: Bán buôn đồ dùng khác cho gia đình-Chi tiết: Bán buôn hàng gốm, sứ, thủy tinh; Bán buôn sách, báo, tạp chí, văn phòng phẩm.;4761: Bán lẻ sách, báo, tạp chí văn phòng phẩm trong các cửa hàng chuy",internet
314884800,CÔNG TY TNHH TK168,CÔNG TY TNHH TK168,Công ty trách nhiệm hữu hạn một thành viên,"Số 1467B-C Đường Ba Tháng Hai, Phường 16, Quận 11, Thành phố Hồ Chí Minh, Việt Nam",Quận 11,"5510: Dịch vụ lưu trú ngắn ngày-Chi tiết: khách sạn, biệt thự du lịch, căn hộ du lịch, nhà nghỉ du lịch, nhà ở có phòng cho khách du lịch thuê ( không hoạt động tại trụ sở);9610: Dịch vụ tắm hơi, mass",internet
315026989,CÔNG TY TNHH THƯƠNG MẠI  VÀ DỊCH VỤ HITA,CÔNG TY TNHH THƯƠNG MẠI  VÀ DỊ,Công ty trách nhiệm hữu hạn hai thành viên trở lên,"C5 -C6 Khu nhà ở thương mại, 319 Lý Thường Kiệt, Phường 15, Quận 11, Thành phố Hồ Chí Minh, Việt Nam",Quận 11,"1079: Sản xuất thực phẩm khác chưa được phân vào đâu-Chi tiết: Rang và lọc cà phê, sản xuất các sản phẩm cà phê; sản xuất chiết suất và chế phẩm từ chè hoặc đồ pha kèm; sản xuất các loại trà dược thảo",internet
315045043,CÔNG TY TNHH NGUYỄN CHÍ PHÁT,CÔNG TY TNHH NGUYỄN CHÍ PHÁT,Công ty trách nhiệm hữu hạn một thành viên,"1162/73 Đường 3/2, Phường 12, Quận 11, Thành phố Hồ Chí Minh, Việt Nam",Quận 11,"6190: Hoạt động viễn thông khác-Chi tiết: Hoạt động của các điểm truy cập internet, điểm cung cấp dịch vụ trò chơi điện tử công cộng (trừ hoạt động kinh doanh trò chơi điện tử có thưởng dành cho người",internet
315186372,CÔNG TY TNHH TRÒ CHƠI ÁNH SÁNG,CÔNG TY TNHH TRÒ CHƠI ÁNH SÁNG,Công ty trách nhiệm hữu hạn một thành viên,"161 Âu Cơ, Phường 14, Quận 11, Thành phố Hồ Chí Minh, Việt Nam",Quận 11,"4663: Bán buôn vật liệu, thiết bị lắp đặt khác trong xây dựng-(không hoạt động tại trụ sở);4771: Bán lẻ hàng may mặc, giày dép, hàng da và giả da trong các cửa hàng chuyên doanh-;4772: Bán lẻ thuốc, d",internet
315202345,CÔNG TY TNHH THE INSIDERS,CÔNG TY TNHH THE INSIDERS,Công ty trách nhiệm hữu hạn một thành viên,"110/23 Ông Ích Khiêm, Phường 5, Quận 11, Thành phố Hồ Chí Minh, Việt Nam",Quận 11,"5510: Dịch vụ lưu trú ngắn ngày-Chi tiết: Khách sạn, biệt thự du lịch, căn hộ du lịch, nhà nghỉ du lịch, nhà ở có phòng cho khách du lịch thuê;5610: Nhà hàng và các dịch vụ ăn uống phục vụ lưu động-;5",internet
315211420,CÔNG TY TNHH MTV TÍN NHẤT PHI,CÔNG TY TNHH MTV TÍN NHẤT PHI,Công ty trách nhiệm hữu hạn một thành viên,"708/1/26 Hồng Bàng, Phường 1, Quận 11, Thành phố Hồ Chí Minh, Việt Nam",Quận 11,"6201: Lập trình máy vi tính-Chi tiết: Thi công đường dây mạng, internet, điện thoại;6202: Tư vấn máy vi tính và quản trị hệ thống máy vi tính-;3312: Sửa chữa máy móc, thiết bị-Chi tiết: sửa chữa, bảo ",internet
1101889700,CÔNG TY TNHH CÔNG NGHỆ CHẾ TẠO XANH,CÔNG TY TNHH CÔNG NGHỆ CHẾ TẠO,Công ty trách nhiệm hữu hạn hai thành viên trở lên,"190 Lạc Long Quân, Phường 3, Quận 11, Thành phố Hồ Chí Minh, Việt Nam",Quận 11,"4932: Vận tải hành khách đường bộ khác-Chi tiết: Vận tải hàng khách bằng xe khách nội tỉnh, liên tỉnh;4933: Vận tải hàng hóa bằng đường bộ-(trừ hóa lỏng khí để vận chuyển);5210: Kho bãi và lưu giữ hàn",internet
315240213,CÔNG TY CỔ PHẦN THƯƠNG MẠI - DỊCH VỤ KẾT NỐI THƯƠNG MẠI VIỆT NAM ISRAEL,CÔNG TY CỔ PHẦN THƯƠNG MẠI  DỊ,Công ty cổ phần,"D6 Khu nhà ở thương mại 319 Lý Thường Kiệt , Phường 15, Quận 11, Thành phố Hồ Chí Minh, Việt Nam",Quận 11,"8230: Tổ chức giới thiệu và xúc tiến thương mại-Chi tiết: Tổ chức sự kiện, hội nghị, hội thảo, hội chợ triển lãm (không thực hiện các hiệu ứng cháy, nổ; không sử dụng chất nổ, chất cháy, hóa chất làm ",internet
315274653,CÔNG TY TNHH SẢN XUẤT THƯƠNG MẠI DỊCH VỤ TẤN LONG,CÔNG TY TNHH SẢN XUẤT THƯƠNG M,Công ty trách nhiệm hữu hạn hai thành viên trở lên,"97 Nguyễn Chí Thanh, Phường 16, Quận 11, Thành phố Hồ Chí Minh, Việt Nam",Quận 11,"1811: In ấn-;1812: Dịch vụ liên quan đến in-;1820: Sao chép bản ghi các loại-;7410: Hoạt động thiết kế chuyên dụng-Chi tiết: Thiết kế in ấn, thiết kế website;8219: Photo, chuẩn bị tài liệu và các hoạt",internet
315466411,CÔNG TY TNHH HAI CON RỒNG,CÔNG TY TNHH HAI CON RỒNG,Công ty trách nhiệm hữu hạn một thành viên,"214/21 Hàn Hải Nguyên, Phường 9, Quận 11, Thành phố Hồ Chí Minh, Việt Nam",Quận 11,"4641: Bán buôn vải, hàng may mặc, giày dép-;4632: Bán buôn thực phẩm-(không hoạt động tại trụ sở);4633: Bán buôn đồ uống-;4649: Bán buôn đồ dùng khác cho gia đình-(trừ kinh doanh dược phẩm);4791: Bán ",internet
315482149,CÔNG TY TNHH ANH EM HUYNH ĐỆ,CÔNG TY TNHH ANH EM HUYNH ĐỆ,Công ty trách nhiệm hữu hạn một thành viên,"166 Lò Siêu , Phường 12, Quận 11, Thành phố Hồ Chí Minh, Việt Nam",Quận 11,"6190: Hoạt động viễn thông khác-Chi tiết: Hoạt động của các điểm truy cập internet, điểm cung cấp dịch vụ trò chơi điện tử công cộng (trừ kinh doanh trò chơi có thưởng dành cho người nước ngoài và kin",internet
315495229,CÔNG TY TNHH NÔNG THỦY HẢI SẢN KIM THANH,CÔNG TY TNHH NÔNG THỦY HẢI SẢN,Công ty trách nhiệm hữu hạn một thành viên,"19/3/18 Bình Thới, Phường 11, Quận 11, Thành phố Hồ Chí Minh, Việt Nam",Quận 11,"4669: Bán buôn chuyên doanh khác chưa được phân vào đâu-(trừ bán buôn bình gas, khí dầu mỏ hóa lỏng LPG, dầu nhớt cặn, vàng miếng, súng, đạn loại dùng đi săn hoặc thể thao và tiền kim khí; trừ bán buô",internet
315514249,CÔNG TY TNHH MỰC IN GIA MINH,CÔNG TY TNHH MỰC IN GIA MINH,Công ty trách nhiệm hữu hạn hai thành viên trở lên,"300/4 Đội Cung, Phường 9, Quận 11, Thành phố Hồ Chí Minh, Việt Nam",Quận 11,"3312: Sửa chữa máy móc, thiết bị-Chi tiết: Sửa chữa, bảo dưỡng máy in, máy tính, máy fax, máy photocopy (trừ gia công cơ khí, tái chế phế thải, xi mạ điện tại trụ sở);4669: Bán buôn chuyên doanh khác ",internet
315505276,CÔNG TY TNHH  TRIỄN NGHIỆP HÚC HỒNG,CÔNG TY TNHH  TRIỄN NGHIỆP HÚC,Công ty trách nhiệm hữu hạn một thành viên,"93/2/25 Đường 100 Bình Thới, Phường 14, Quận 11, Thành phố Hồ Chí Minh, Việt Nam",Quận 11,"1079: Sản xuất thực phẩm khác chưa được phân vào đâu-Chi tiết: Sản xuất các sản phẩm cà phê như: cà phê hòa tan, cà phê lọc, chiết xuất cà phê và cà phê cô đặc;4610: Đại lý, môi giới, đấu giá hàng hóa",internet
315570807,CÔNG TY TNHH DETADS,CÔNG TY TNHH DETADS,Công ty trách nhiệm hữu hạn hai thành viên trở lên,"416/6/14 Lạc Long Quân, Phường 5, Quận 11, Thành phố Hồ Chí Minh, Việt Nam",Quận 11,"4659: Bán buôn máy móc, thiết bị và phụ tùng máy khác-Chi tiết: Bán buôn máy móc, máy tính, màn hình điện tử, trang thiết bị phục vụ quảng cáo ngoài trời;;5911: Hoạt động sản xuất phim điện ảnh, phim ",internet
315565684,CÔNG TY TNHH THƯƠNG MẠI HÀ ĐỨC PHÁT,CÔNG TY TNHH THƯƠNG MẠI HÀ ĐỨC,Công ty trách nhiệm hữu hạn một thành viên,"309 Lãnh Binh Thăng, Phường 8, Quận 11, Thành phố Hồ Chí Minh, Việt Nam",Quận 11,"4773: Bán lẻ hàng hóa khác mới trong các cửa hàng chuyên doanh-Chi tiết: Bán lẻ xe đạp điện, xe máy điện, linh kiện xe đạp điện xe máy điện; Bán lẻ bạc, đá quý và đá bán quý, đồ trang sức trong các cử",internet
315585930,CÔNG TY CỔ PHẦN ĐẦU TƯ XÂY DỰNG HƯNG PHÁT LAND,CÔNG TY CỔ PHẦN ĐẦU TƯ XÂY DỰN,Công ty cổ phần,"260/31 Lạc Long Quân , Phường 10, Quận 11, Thành phố Hồ Chí Minh, Việt Nam",Quận 11,"4322: Lắp đặt hệ thống cấp, thoát nước, hệ thống sưởi và điều hoà không khí-(trừ lắp đặt các thiết bị lạnh (thiết bị cấp đông, kho lạnh, máy đá, điều hòa không khí, làm lạnh nước) sử dụng ga lạnh R22 ",internet
315622967,CÔNG TY TNHH TM – DV MERJU,CÔNG TY TNHH TM  DV MERJU,Công ty trách nhiệm hữu hạn hai thành viên trở lên,"347/51 Minh Phụng, Phường 2, Quận 11, Thành phố Hồ Chí Minh, Việt Nam",Quận 11,"4771: Bán lẻ hàng may mặc, giày dép, hàng da và giả da trong các cửa hàng chuyên doanh-;4773: Bán lẻ hàng hóa khác mới trong các cửa hàng chuyên doanh-(trừ bán lẻ khí dầu mỏ hóa lỏng LPG, bình gas, hó",internet
315645890,CÔNG TY TNHH GAME GIẢI TRÍ HỎA LONG CHÂU,CÔNG TY TNHH GAME GIẢI TRÍ H,Công ty trách nhiệm hữu hạn một thành viên,"355 Lạc Long Quân, Phường 5, Quận 11, Thành phố Hồ Chí Minh, Việt Nam",Quận 11,4723: Bán lẻ đồ uống trong các cửa hàng chuyên doanh-;6190: Hoạt động viễn thông khác-Chi tiết: Hoạt động của các điểm truy cập Internet; Cung cấp dịch vụ trò chơi điện tử công cộng ( tr,internet
315648443,CÔNG TY TNHH THIẾT BỊ VÀ THƯƠNG MẠI PHONG ĐẠT,CÔNG TY TNHH THIẾT BỊ VÀ THƯƠN,Công ty trách nhiệm hữu hạn một thành viên,"175/51 Phó Cơ Điều, Phường 6, Quận 11, Thành phố Hồ Chí Minh, Việt Nam",Quận 11,"2431: Đúc sắt, thép-(không hoạt động tại trụ sở);3312: Sửa chữa máy móc, thiết bị-;4662: Bán buôn kim loại và quặng kim loại-( trừ buôn bán vàng miếng);4669: Bán buôn chuyên doanh khác chưa được phân ",internet
315654944,CÔNG TY TNHH THƯƠNG MẠI DỊCH VỤ LÊ MOON,CÔNG TY TNHH THƯƠNG MẠI DỊCH V,Công ty trách nhiệm hữu hạn một thành viên,"126 Đường 100 Bình Thới, Phường 14, Quận 11, Thành phố Hồ Chí Minh, Việt Nam",Quận 11,"4610: Đại lý, môi giới, đấu giá hàng hóa-chi tiết: Đại lý, môi giới (trừ môi giới bất động sản);4620: Bán buôn nông, lâm sản nguyên liệu (trừ gỗ, tre, nứa) và động vật sống-(không hoạt động tại trụ sở",internet
315664702,CÔNG TY TNHH NĂM SAO GROUP,CÔNG TY TNHH NĂM SAO GROUP,Công ty trách nhiệm hữu hạn một thành viên,"539/04/08 Bình Thới, Phường 10, Quận 11, Thành phố Hồ Chí Minh, Việt Nam",Quận 11,"4322: Lắp đặt hệ thống cấp, thoát nước, hệ thống sưởi và điều hoà không khí-(trừ lắp đặt các thiết bị lạnh (thiết bị cấp đông, kho lạnh, máy đá, điều hòa không khí, làm lạnh nước) sử dụng ga lạnh R22 ",internet
315686618,CÔNG TY TNHH EURO TECHNIK,CÔNG TY TNHH EURO TECHNIK,Công ty trách nhiệm hữu hạn một thành viên,"262B Lạc Long Quân, Phường 10, Quận 11, Thành phố Hồ Chí Minh, Việt Nam",Quận 11,5222: Hoạt động dịch vụ hỗ trợ trực tiếp cho vận tải đường thủy-; 5224: Bốc xếp hàng hóa-(trừ bốc xếp hàng hóa cảng hàng không); 5225: Hoạt động dịch vụ hỗ trợ trực tiếp cho vận tải đường bộ-; 5229: H,internet
315679145,CÔNG TY CỔ PHẦN ĐẦU TƯ EKA,CÔNG TY CỔ PHẦN ĐẦU TƯ EKA,Công ty cổ phần,"754 Hồng Bàng, Phường 1, Quận 11, Thành phố Hồ Chí Minh, Việt Nam",Quận 11,"6810: Kinh doanh bất động sản, quyền sử dụng đất thuộc chủ sở hữu, chủ sử dụng hoặc đi thuê-;4663: Bán buôn vật liệu, thiết bị lắp đặt khác trong xây dựng-;3100: Sản xuất giường, tủ, bàn, ghế-;4649: B",internet
315652746,CÔNG TY TNHH THƯƠNG MẠI VÀ PHÁT TRIỂN LUCKY U,CÔNG TY TNHH THƯƠNG MẠI VÀ PHÁ,Công ty trách nhiệm hữu hạn một thành viên,"Số 96 Dương Đình Nghệ, Phường 8, Quận 11, Thành phố Hồ Chí Minh, Việt Nam",Quận 11,6492: Hoạt động cấp tín dụng khác-Chi tiết: Dịch vụ cầm đồ.;4511: Bán buôn ô tô và xe có động cơ khác-;4512: Bán lẻ ô tô con (loại 9 chỗ ngồi trở xuống)-;4530: Bán phụ tùng và các bộ phận phụ trợ của ,internet
315654341,CÔNG TY TNHH STEVENHA,CÔNG TY TNHH STEVENHA,Công ty trách nhiệm hữu hạn một thành viên,"22/3 Tân Hóa, Phường 1, Quận 11, Thành phố Hồ Chí Minh, Việt Nam",Quận 11,"8292: Dịch vụ đóng gói-(trừ đống gói thuốc bảo vệ thực vật);4649: Bán buôn đồ dùng khác cho gia đình-;0520: Khai thác và thu gom than non-(không hoạt động tại trụ sở);0810: Khai thác đá, cát, sỏi, đất",vi tinh
315707378,CÔNG TY TNHH THƯƠNG MẠI THỜI TRANG TÂM ĐỨC,CÔNG TY TNHH THƯƠNG MẠI THỜI T,Công ty trách nhiệm hữu hạn một thành viên,"49/25 Trần Quý, Phường 4, Quận 11, Thành phố Hồ Chí Minh, Việt Nam",Quận 11,"4773: Bán lẻ hàng hóa khác mới trong các cửa hàng chuyên doanh-(trừ bán lẻ bình gas, súng, đạn loại dùng đi săn hoặc thể thao, tiền kim khí và mua bán vàng miếng; thực hiện theo Quyết định 64/2009/QĐ-",internet
315694094,CÔNG TY TNHH KỸ THUẬT BÁ MINH,CÔNG TY TNHH KỸ THUẬT BÁ MINH,Công ty trách nhiệm hữu hạn một thành viên,"343/E6 Lạc Long Quân, Phường 5, Quận 11, Thành phố Hồ Chí Minh, Việt Nam",Quận 11,"4321: Lắp đặt hệ thống điện-;2790: Sản xuất thiết bị điện khác-;2829: Sản xuất máy chuyên dụng khác-Chi tiết: Sản xuất máy chuyên dụng khác chưa được phân vào đâu;3312: Sửa chữa máy móc, thiết bị-Chi ",internet
315693460,CÔNG TY TNHH THÔNG TIN PHÂN PHỐI QUỐC TẾ,CÔNG TY TNHH THÔNG TIN PHÂN PH,Công ty trách nhiệm hữu hạn hai thành viên trở lên,"19/40/3B Bình Thới, Phường 11, Quận 11, Thành phố Hồ Chí Minh, Việt Nam",Quận 11,"7710: Cho thuê xe có động cơ-Chi tiết: Cho thuê ô tô;7730: Cho thuê máy móc, thiết bị và đồ dùng hữu hình khác không kèm người điều khiển-Chi tiết: Cho thuê xe cơ giới thi công công trình, cho thuê má",internet
315686262,CÔNG TY TNHH GOLDEN BUILDING,CÔNG TY TNHH GOLDEN BUILDING,Công ty trách nhiệm hữu hạn một thành viên,"177 Đỗ Ngọc Thạnh, Phường 4, Quận 11, Thành phố Hồ Chí Minh, Việt Nam",Quận 11,"4101: Xây dựng nhà để ở-;4102: Xây dựng nhà không để ở-;4211: Xây dựng công trình đường sắt-;4212: Xây dựng công trình đường bộ-;4221: Xây dựng công trình điện-;4222: Xây dựng công trình cấp, thoát nư",internet
315724655,CÔNG TY TNHH MAY MẶC THƯƠNG MẠI DU LÊ,CÔNG TY TNHH MAY MẶC THƯƠNG MẠ,Công ty trách nhiệm hữu hạn hai thành viên trở lên,"49 Đường Số 5, Phường 8, Quận 11, Thành phố Hồ Chí Minh, Việt Nam",Quận 11,"1312: Sản xuất vải dệt thoi-;1313: Hoàn thiện sản phẩm dệt-;1410: May trang phục (trừ trang phục từ da lông thú)-;1430: Sản xuất trang phục dệt kim, đan móc-;4641: Bán buôn vải, hàng may mặc, giày dép",internet
315731405,CÔNG TY TNHH FAN90 HOLDINGS,CÔNG TY TNHH FAN90 HOLDINGS,Công ty trách nhiệm hữu hạn một thành viên,"Tầng 1 B0.1 Khu chung cư Căn hộ Khải Hoàn, 624 Lạc Long Quân, Phường 5, Quận 11, Thành phố Hồ Chí Minh, Việt Nam",Quận 11,"6312: Cổng thông tin-Chi tiết: Dịch vụ cung cấp thông tin kinh tế, thị trường; Dịch vụ cung cấp thông tin trên mạng internet (không kinh doanh đại lý cung cấp dịch vụ truy nhập internet).;6399: Dịch v",internet
315731525,CÔNG TY TNHH TRUYỀN THÔNG VÀ GIẢI TRÍ LAD,CÔNG TY TNHH TRUYỀN THÔNG VÀ G,Công ty trách nhiệm hữu hạn hai thành viên trở lên,"Tầng 1 B0.1 Khu chung cư Căn hộ Khải Hoàn, 624 Lạc Long Quân, Phường 5, Quận 11, Thành phố Hồ Chí Minh, Việt Nam",Quận 11,"4329: Lắp đặt hệ thống xây dựng khác-Thi công lắp đặt hệ thống sân khấu, phòng thu ( không gia công cơ khí, tái chế phế thải, xi mạ điện tại trụ sở); 4330: Hoàn thiện công trình xây dựng-Hoạt động hoà",internet
315742284,CÔNG TY TNHH TM DV VT GIA NGUYỄN,CÔNG TY TNHH TM DV VT GIA NGUY,Công ty trách nhiệm hữu hạn một thành viên,"19/10 Bình Thới, Phường 11, Quận 11, Thành phố Hồ Chí Minh, Việt Nam",Quận 11,"4541: Bán mô tô, xe máy-;4543: Bán phụ tùng và các bộ phận phụ trợ của mô tô, xe máy-Chi tiết: Bán buôn và bán lẻ phụ tùng, các bộ phận phụ trợ của mô tô, xe máy; 4933: Vận tải hàng hóa bằng đường bộ-",internet
315716125,CÔNG TY CỔ PHẦN 888 MARK,CÔNG TY CỔ PHẦN 888 MARK,Công ty cổ phần,"Tầng 4, Cao Ốc Res 11, Số 205 Lạc Long Quân , Phường 3, Quận 11, Thành phố Hồ Chí Minh, Việt Nam",Quận 11,"4711: Bán lẻ lương thực, thực phẩm, đồ uống, thuốc lá, thuốc lào chiếm tỷ trọng lớn trong các cửa hàng kinh doanh tổng hợp-Chi tiết: Bán lẻ trong siêu thị (Supermarket); Bán lẻ trong cửa hàng tiện lợi",internet
315771983,CÔNG TY TNHH SKY CREDIT,CÔNG TY TNHH SKY CREDIT,Công ty trách nhiệm hữu hạn một thành viên,"21 Lạc Long Quân, Phường 1, Quận 11, Thành phố Hồ Chí Minh, Việt Nam",Quận 11,"6492: Hoạt động cấp tín dụng khác-Chi tiết: Dịch vụ cầm đồ;7020: Hoạt động tư vấn quản lý-(trừ tư vấn tài chính, kế toán, pháp luật);5820: Xuất bản phần mềm-Chi tiết: sản xuất phần mềm;6312: Cổng thôn",internet
315786570,CÔNG TY TNHH DỊCH VỤ YẾN QUÂN,CÔNG TY TNHH DỊCH VỤ YẾN QUÂN,Công ty trách nhiệm hữu hạn một thành viên,"1150/42 Đường 3/2, Phường 12, Quận 11, Thành phố Hồ Chí Minh, Việt Nam",Quận 11,"4620: Bán buôn nông, lâm sản nguyên liệu (trừ gỗ, tre, nứa) và động vật sống-(không hoạt động tại trụ sở);4631: Bán buôn gạo, lúa mỳ, hạt ngũ cốc khác, bột mỳ-(không hoạt động tại trụ sở);4632: Bán bu",internet
315803353,CÔNG TY TNHH TẬP ĐOÀN CITEK,CÔNG TY TNHH TẬP ĐOÀN CITEK,Công ty trách nhiệm hữu hạn hai thành viên trở lên,"40/16 Đường Cư Xá Lữ Gia, Phường 15, Quận 11, Thành phố Hồ Chí Minh, Việt Nam",Quận 11,"7211: Nghiên cứu khoa học và phát triển công nghệ trong lĩnh vực khoa học tự nhiên-;9512: Sửa chữa thiết bị liên lạc-(không gia công cơ khí, tái chế phế thải, xi, mạ điện tại trụ sở);6201: Lập trình m",internet
315784968,CÔNG TY TNHH MINI STAR,CÔNG TY TNHH MINI STAR,Công ty trách nhiệm hữu hạn hai thành viên trở lên,"159B Bình Thới, Phường 11, Quận 11, Thành phố Hồ Chí Minh, Việt Nam",Quận 11,"1410: May trang phục (trừ trang phục từ da lông thú)-Chi tiết: Sản xuất, gia công hàng may mặc (trừ tẩy, nhuộm, hồ, in trên các sản phẩm vải sợi, dệt may, đan tại trụ sở);1520: Sản xuất giày, dép-Chi ",internet
315813880,CÔNG TY TNHH CINEMA TEAMBUILDING & EVENT,CÔNG TY TNHH CINEMA TEAMBUILDI,Công ty trách nhiệm hữu hạn hai thành viên trở lên,"Số 180/20B Đường Lạc Long Quân, Phường 10, Quận 11, Thành phố Hồ Chí Minh, Việt Nam",Quận 11,"8230: Tổ chức giới thiệu và xúc tiến thương mại-(không thực hiện các hiệu ứng cháy, nổ; không sử dụng chất nổ, chất cháy, hóa chất làm đạo cụ, dụng cụ thực hiện các chương trình văn nghệ, sự kiện, phi",internet
315779220,CÔNG TY TNHH ON DIGITALS,CÔNG TY TNHH ON DIGITALS,Công ty trách nhiệm hữu hạn một thành viên,"144 Trần Quý, Phường 6, Quận 11, Thành phố Hồ Chí Minh, Việt Nam",Quận 11,"4610: Đại lý, môi giới, đấu giá hàng hóa--(trừ đấu giá hàng hoá);4651: Bán buôn máy vi tính, thiết bị ngoại vi và phần mềm-;4652: Bán buôn thiết bị và linh kiện điện tử, viễn thông-;4741: Bán lẻ máy v",internet
315862341,CÔNG TY CỔ PHẦN DOA GROUP VIỆT NAM,CÔNG TY CỔ PHẦN DOA GROUP VIỆT,Công ty cổ phần,"Phòng 17-01, Tầng 17F, The Flemington Tower, 182 Lê Đại Hành, Phường 15, Quận 11, Thành phố Hồ Chí Minh, Việt Nam",Quận 11,"5820: Xuất bản phần mềm-Chi tiết: sản xuất phần mềm;6209: Hoạt động dịch vụ công nghệ thông tin và dịch vụ khác liên quan đến máy vi tính-Chi tiết: dịch vụ phân tích dữ liệu, Dịch vụ thiết kế hệ thống",internet
315831713,CÔNG TY TNHH THƯƠNG MẠI ĐĂNG QUÂN,CÔNG TY TNHH THƯƠNG MẠI ĐĂNG Q,Công ty trách nhiệm hữu hạn hai thành viên trở lên,"319 C15 Khu Thương Mại Thuận Việt, Đường Lý Thường Kiệt, Phường 15, Quận 11, Thành phố Hồ Chí Minh, Việt Nam",Quận 11,"6311: Xử lý dữ liệu, cho thuê và các hoạt động liên quan-Chi tiết: Dịch vụ xử lý dữ liệu (Doanh nghiệp không được cung cấp “dịch vụ thông tin trực tuyến và xử lý dữ liệu bao gồm cả xử lý giao dịch và ",internet
315878278,CÔNG TY TNHH TTM DECOR,CÔNG TY TNHH TTM DECOR,Công ty trách nhiệm hữu hạn một thành viên,"Tầng 4, Cao ốc Lữ Gia PLaza, Số 70 Đường Lữ Gia, Phường 15, Quận 11, Thành phố Hồ Chí Minh, Việt Nam",Quận 11,"7020: Hoạt động tư vấn quản lý-(trừ tư vấn tài chính, kế toán, pháp luật);7110: Hoạt động kiến trúc và tư vấn kỹ thuật có liên quan-;7310: Quảng cáo-;7490: Hoạt động chuyên môn, khoa học và công nghệ ",internet
315852294,CÔNG TY TNHH KHÔNG FAP,CÔNG TY TNHH KHÔNG FAP,Công ty trách nhiệm hữu hạn hai thành viên trở lên,"73/29 đường 762 – Hồng Bàng, Phường 1, Quận 11, Thành phố Hồ Chí Minh, Việt Nam",Quận 11,5820: Xuất bản phần mềm-Chi tiết: Sản xuất phần mềm.;6201: Lập trình máy vi tính-;6202: Tư vấn máy vi tính và quản trị hệ thống máy vi tính-;6209: Hoạt động dịch vụ công nghệ thông tin và dịch vụ khác,internet
315854397,CÔNG TY TNHH DỊCH VỤ VÀ CÔNG NGHỆ ANG,CÔNG TY TNHH DỊCH VỤ VÀ CÔNG N,Công ty trách nhiệm hữu hạn một thành viên,"56B/54 Lạc Long Quân, Phường 3, Quận 11, Thành phố Hồ Chí Minh, Việt Nam",Quận 11,"3312: Sửa chữa máy móc, thiết bị-(trừ gia công cơ khí, tái chế phế thải, xi mạ điện tại trụ sở);3320: Lắp đặt máy móc và thiết bị công nghiệp-(trừ gia công cơ khí, tái chế phế thải, xi mạ điện tại trụ",internet
315917696,CÔNG TY TNHH XUẤT NHẬP KHẨU THƯƠNG MẠI - DỊCH VỤ UYÊN THỊNH,CÔNG TY TNHH XUẤT NHẬP KHẨU TH,Công ty trách nhiệm hữu hạn một thành viên,"198/8/10 Bình Thới, Phường 14, Quận 11, Thành phố Hồ Chí Minh, Việt Nam",Quận 11,"4652: Bán buôn thiết bị và linh kiện điện tử, viễn thông-;4651: Bán buôn máy vi tính, thiết bị ngoại vi và phần mềm-;4641: Bán buôn vải, hàng may mặc, giày dép-;4649: Bán buôn đồ dùng khác cho gia đìn",internet
315895932,CÔNG TY TNHH PHƯƠNG KHANG COMPUTER,CÔNG TY TNHH PHƯƠNG KHANG COMP,Công ty trách nhiệm hữu hạn một thành viên,"Số 4 Đường Số 56, Cư Xá Lữ Gia, Phường 15, Quận 11, Thành phố Hồ Chí Minh, Việt Nam",Quận 11,"4651: Bán buôn máy vi tính, thiết bị ngoại vi và phần mềm-;4649: Bán buôn đồ dùng khác cho gia đình-(trừ kinh doanh dược phẩm);4652: Bán buôn thiết bị và linh kiện điện tử, viễn thông-;4659: Bán buôn ",computer
315934532,CÔNG TY TNHH BẢO HIỂM TÀI CHÍNH TRỰC TUYẾN VIỆT NAM,CÔNG TY TNHH BẢO HIỂM TÀI CHÍN,Công ty trách nhiệm hữu hạn một thành viên,"Lầu 8, Tòa Nhà National Startup & Innovation Building, Số 1196 Đường 3/2, Phường 8, Quận 11, Thành phố Hồ Chí Minh, Việt Nam",Quận 11,6399: Dịch vụ thông tin khác chưa được phân vào đâu-Chi tiết: Các dịch vụ thông tin qua điện thoại; Các dịch vụ tìm kiếm thông tin thông qua hợp đồng hay trên cơ sở phí;;6619: Hoạt động hỗ trợ dịch vụ,internet
315986636,CÔNG TY TNHH ROYAL LOTUS,CÔNG TY TNHH ROYAL LOTUS,Công ty trách nhiệm hữu hạn hai thành viên trở lên,"Số 52, Đường số 28,Cư Xá Lữ Gia, Phường 15, Quận 11, Thành phố Hồ Chí Minh, Việt Nam",Quận 11,"1811: In ấn-;1812: Dịch vụ liên quan đến in-;1820: Sao chép bản ghi các loại-;3240: Sản xuất đồ chơi, trò chơi-(trừ đồ chơi có hại cho giáo dục nhân cách, sức khoẻ trẻ em hoặc ảnh hưởng đến an ninh tr",internet
315978875,CÔNG TY TNHH THƯƠNG MẠI VN SUCCESS,CÔNG TY TNHH THƯƠNG MẠI VN SUC,Công ty trách nhiệm hữu hạn một thành viên,"484A Minh Phụng, Phường 9, Quận 11, Thành phố Hồ Chí Minh, Việt Nam",Quận 11,4721: Bán lẻ lương thực trong các cửa hàng chuyên doanh-(Thực hiện theo Quyết định 64/2009/QĐ-UBND ngày 31/07/2009 và Quyết Định 79/2009/QĐ-UBND ngày 17/10/2009 của Ủy Ban Nhân Dân thành phố Hồ Chí Mi,internet
315991731,CÔNG TY TNHH SKYVIET ASIA,CÔNG TY TNHH SKYVIET ASIA,Công ty trách nhiệm hữu hạn một thành viên,"155A Lạc Long Quân, Phường 1, Quận 11, Thành phố Hồ Chí Minh, Việt Nam",Quận 11,6399: Dịch vụ thông tin khác chưa được phân vào đâu-Chi tiết: Dịch vụ giá trị gia tăng trên mạng internet. Dịch vụ thông tin qua điện thoại. Dịch vụ tìm kiếm thông tin qua hợp đồng hay trên cơ sở pháp,internet
315995197,CÔNG TY TNHH THƯƠNG MẠI ACCP,CÔNG TY TNHH THƯƠNG MẠI ACCP,Công ty trách nhiệm hữu hạn hai thành viên trở lên,"1136/35 Đường 3 tháng 2, Phường 12, Quận 11, Thành phố Hồ Chí Minh, Việt Nam",Quận 11,6312: Cổng thông tin-Chi tiết: Dịch vụ thương mại điện tử;8292: Dịch vụ đóng gói-(trừ đóng gói thuốc bảo vệ thực vật);9521: Sửa chữa thiết bị nghe nhìn điện tử gia dụng-;4912: Vận tải hàng hóa đường s,internet
315975507,CÔNG TY TNHH DỊCH VỤ V-MARK,CÔNG TY TNHH DỊCH VỤ VMARK,Công ty trách nhiệm hữu hạn một thành viên,"27/7 Tân Thành (nối dài) , Phường 16, Quận 11, Thành phố Hồ Chí Minh, Việt Nam",Quận 11,"4791: Bán lẻ theo yêu cầu đặt hàng qua bưu điện hoặc internet-(trừ bán lẻ bình gas, khí dầu mỏ hóa lỏng LPG, dầu nhớt cặn, vàng miếng, súng, đạn loại dùng đi săn hoặc thể thao và tiền kim khí; trừ bán",internet
316031999,CÔNG TY CỔ PHẦN KỸ THUẬT VIỆT Á,CÔNG TY CỔ PHẦN KỸ THUẬT VIỆT ,Công ty cổ phần,"99-109 Thuận Kiều, Phường 4, Quận 11, Thành phố Hồ Chí Minh, Việt Nam",Quận 11,"4651: Bán buôn máy vi tính, thiết bị ngoại vi và phần mềm-;4652: Bán buôn thiết bị và linh kiện điện tử, viễn thông-;4741: Bán lẻ máy vi tính, thiết bị ngoại vi, phần mềm và thiết bị viễn thông trong ",internet
315983755,CÔNG TY TNHH THƯƠNG MẠI DỊCH VỤ VIỄN THÔNG TTL,CÔNG TY TNHH THƯƠNG MẠI DỊCH V,Công ty trách nhiệm hữu hạn hai thành viên trở lên,"89 Tôn Thất Hiệp, Phường 13, Quận 11, Thành phố Hồ Chí Minh, Việt Nam",Quận 11,"3312: Sửa chữa máy móc, thiết bị-(trừ gia công cơ khí, tái chế phế thải, xi mạ điện tại trụ sở);3313: Sửa chữa thiết bị điện tử và quang học-(trừ gia công cơ khí, tái chế phế thải, xi mạ điện tại trụ ",internet
3702802049,CÔNG TY TNHH MỘT THÀNH VIÊN BOOLA VIỆT NAM,CÔNG TY TNHH MỘT THÀNH VIÊN BO,Công ty trách nhiệm hữu hạn một thành viên,"Số 45, Đường số 22, Cư xá Lữ Gia, Phường 15, Quận 11, Thành phố Hồ Chí Minh, Việt Nam",Quận 11,"4652: Bán buôn thiết bị và linh kiện điện tử, viễn thông-;4641: Bán buôn vải, hàng may mặc, giày dép-;4649: Bán buôn đồ dùng khác cho gia đình-;4791: Bán lẻ theo yêu cầu đặt hàng qua bưu điện hoặc int",internet
316077778,CÔNG TY TNHH THƯƠNG MẠI DỊCH VỤ FRUITSCO VN,CÔNG TY TNHH THƯƠNG MẠI DỊCH V,Công ty trách nhiệm hữu hạn hai thành viên trở lên,"319/B10 Lý Thường Kiệt, Phường 15, Quận 11, Thành phố Hồ Chí Minh, Việt Nam",Quận 11,"4632: Bán buôn thực phẩm-Chi tiết: Thực hiện quyền xuất khẩu, quyền nhập khẩu, quyền phân phối bán buôn, các hàng hóa không thuộc danh mục hàng hóa cấm xuất khẩu, cấm nhập khẩu và danh mục hàng hóa kh",internet
315486432,CÔNG TY TNHH PURPLE,CÔNG TY TNHH PURPLE,Công ty trách nhiệm hữu hạn hai thành viên trở lên,"120/10B Tôn Thất Hiệp, Phường 13, Quận 11, Thành phố Hồ Chí Minh, Việt Nam",Quận 11,"4791: Bán lẻ theo yêu cầu đặt hàng qua bưu điện hoặc internet-(trừ bán lẻ bình gas, hóa chất, súng, đạn loại dùng đi săn hoặc thể thao và tiền kim khí và thực hiện theo Quyết định 64/2009/QĐ-UBND ngày",internet
315559232,CÔNG TY TNHH FXT GROUP VIỆT NAM,CÔNG TY TNHH FXT GROUP VIỆT NA,Công ty trách nhiệm hữu hạn một thành viên,"Số 423/30A đường Lạc Long Quân, Phường 5, Quận 11, Thành phố Hồ Chí Minh, Việt Nam",Quận 11,"4329: Lắp đặt hệ thống xây dựng khác-;4330: Hoàn thiện công trình xây dựng-;4390: Hoạt động xây dựng chuyên dụng khác-;4610: Đại lý, môi giới, đấu giá hàng hóa-Chi tiết:  Đại lý, môi giới (trừ môi giớ",internet
315628711,CÔNG TY TNHH DOANH NGHIỆP & THƯƠNG HIỆU VIỆT NAM,CÔNG TY TNHH DOANH NGHIỆP  THƯ,Công ty trách nhiệm hữu hạn một thành viên,"200/1 Thái Phiên, Phường 8, Quận 11, Thành phố Hồ Chí Minh, Việt Nam",Quận 11,"7020: Hoạt động tư vấn quản lý-(trừ tư vấn tài chính, kế toán, pháp luật).;7310: Quảng cáo-;7320: Nghiên cứu thị trường và thăm dò dư luận-;7420: Hoạt động nhiếp ảnh-chi tiết: Hoạt động quay phim, chụ",tin hoc
315679709,CÔNG TY TNHH THƯƠNG MẠI DỊCH VỤ SẢN XUẤT HUMAN & TECHNOLOGY.,CÔNG TY TNHH THƯƠNG MẠI DỊCH V,Công ty trách nhiệm hữu hạn hai thành viên trở lên,"15/10N Hòa Bình, Phường 3, Quận 11, Thành phố Hồ Chí Minh, Việt Nam",Quận 11,"5320: Chuyển phát-Chi tiết: Chuyển phát trong phạm vi nội tỉnh, liên tỉnh.;6619: Hoạt động hỗ trợ dịch vụ tài chính chưa được phân vào đâu-Chi tiết: Hoạt động tư vấn đầu tư (trừ tư vấn tài chính, kế t",technology
315691248,CÔNG TY TNHH IN ẤN QUẢNG CÁO KHẢI CHƯƠNG,CÔNG TY TNHH IN ẤN QUẢNG CÁO K,Công ty trách nhiệm hữu hạn một thành viên,"1/3 Hòa Bình, Phường 3, Quận 11, Thành phố Hồ Chí Minh, Việt Nam",Quận 11,"1811: In ấn-;1812: Dịch vụ liên quan đến in-;7410: Hoạt động thiết kế chuyên dụng-Chi tiết: Thiết kế đồ họa, Thiết kế website. Hoạt động trang trí nội ngoại thất;5820: Xuất bản phần mềm-Chi tiết: Sản ",internet
315709382,CÔNG TY TNHH ĐIỆN TỬ HÒA PHÁT,CÔNG TY TNHH ĐIỆN TỬ HÒA PHÁT,Công ty trách nhiệm hữu hạn một thành viên,"190/115 Xóm Đất, Phường 10, Quận 11, Thành phố Hồ Chí Minh, Việt Nam",Quận 11,"4669: Bán buôn chuyên doanh khác chưa được phân vào đâu-(không tồn trữ hóa chất);4652: Bán buôn thiết bị và linh kiện điện tử, viễn thông-;4649: Bán buôn đồ dùng khác cho gia đình-(trừ dược phẩm);4659",internet
315796480,CÔNG TY TNHH THƯƠNG MẠI DỊCH VỤ MÂY DECOR,CÔNG TY TNHH THƯƠNG MẠI DỊCH V,Công ty trách nhiệm hữu hạn hai thành viên trở lên,"Số 71/45 Lãnh Binh Thăng, Phường 12, Quận 11, Thành phố Hồ Chí Minh, Việt Nam",Quận 11,"8230: Tổ chức giới thiệu và xúc tiến thương mại-(không thực hiện các hiệu ứng cháy, nổ, không sử dụng chất nổ, chất cháy, hóa chất làm đạo cụ, dụng cụ thực hiện các chương trình văn nghệ, sự kiện, phi",internet
316011424,CÔNG TY TNHH THƯƠNG MẠI DỊCH VỤ XUẤT NHẬP KHẨU THIÊN MỸ,CÔNG TY TNHH THƯƠNG MẠI DỊCH V,Công ty trách nhiệm hữu hạn một thành viên,"1136/35 Đường 3/2, Phường 12, Quận 11, Thành phố Hồ Chí Minh, Việt Nam",Quận 11,"4610: Đại lý, môi giới, đấu giá hàng hóa--Chi tiết : Đại lý hưởng hoa hồng;4722: Bán lẻ thực phẩm trong các cửa hàng chuyên doanh-(thực hiện theo quyết định 64/2009/QĐ-UBND ngày 31/07/2009 và quyết đị",internet
316080523,CÔNG TY TNHH TOIATELIER STUDIO,CÔNG TY TNHH TOIATELIER STUDIO,Công ty trách nhiệm hữu hạn một thành viên,"152/54/39G Lạc Long Quân, Phường 3, Quận 11, Thành phố Hồ Chí Minh, Việt Nam",Quận 11,"4641: Bán buôn vải, hàng may mặc, giày dép-;4649: Bán buôn đồ dùng khác cho gia đình-(trừ kinh doanh dược phẩm).;4690: Bán buôn tổng hợp-chi tiết: bán buôn phụ kiện thời trang, trang sức;4751: Bán lẻ ",internet
316799068,CÔNG TY TNHH THƯƠNG MẠI DỊCH VỤ ĐỖ DANH,CÔNG TY TNHH THƯƠNG MẠI DỊCH V,Công ty trách nhiệm hữu hạn một thành viên,"Số 260/31 Lạc Long Quân, Phường 10, Quận 11, Thành phố Hồ Chí Minh, Việt Nam",Quận 11,"4649: Bán buôn đồ dùng khác cho gia đình-Chi tiết: Bán buôn nước hoa, hàng mỹ phẩm và chế phẩm vệ sinh, dụng cụ y tế (trừ kinh doanh dược phẩm);4610: Đại lý, môi giới, đấu giá hàng hóa-Chi tiết: Đại l",internet
316125485,CÔNG TY CỔ PHẦN TOP IFL,CÔNG TY CỔ PHẦN TOP IFL,Công ty cổ phần,"544/12 Đường Lạc Long Quân, Phường 5, Quận 11, Thành phố Hồ Chí Minh, Việt Nam",Quận 11,"4222: Xây dựng công trình cấp, thoát nước-;4229: Xây dựng công trình công ích khác-;4299: Xây dựng công trình kỹ thuật dân dụng khác-;4311: Phá dỡ-;4321: Lắp đặt hệ thống điện-;4322: Lắp đặt hệ thống ",internet
316142402,CÔNG TY TNHH THƯƠNG MẠI DỊCH VỤ THỦY SẢN HOÀNG NHÂN,CÔNG TY TNHH THƯƠNG MẠI DỊCH V,Công ty trách nhiệm hữu hạn hai thành viên trở lên,"68 Lãnh Binh Thăng, Phường 13, Quận 11, Thành phố Hồ Chí Minh, Việt Nam",Quận 11,"4620: Bán buôn nông, lâm sản nguyên liệu (trừ gỗ, tre, nứa) và động vật sống-Chi tiết: Bán buôn thủy, hải sản (không hoạt động tại trụ sở);4632: Bán buôn thực phẩm-(không hoạt động tại trụ sở);4649: B",internet
316143766,CÔNG TY TNHH THƯƠNG MẠI DỊCH VỤ TFL SAIGON,CÔNG TY TNHH THƯƠNG MẠI DỊCH V,Công ty trách nhiệm hữu hạn một thành viên,"29/13 Lò Siêu, Phường 16, Quận 11, Thành phố Hồ Chí Minh, Việt Nam",Quận 11,"4632: Bán buôn thực phẩm--(Không hoạt động tại trụ sở);4711: Bán lẻ lương thực, thực phẩm, đồ uống, thuốc lá, thuốc lào chiếm tỷ trọng lớn trong các cửa hàng kinh doanh tổng hợp--(Thực hiện theo quyết",internet
316144897,CÔNG TY CỔ PHẦN CÔNG NGHỆ PETY,CÔNG TY CỔ PHẦN CÔNG NGHỆ PETY,Công ty cổ phần,"Số 1196 Đường 3/2, Phường 8, Quận 11, Thành phố Hồ Chí Minh, Việt Nam",Quận 11,"4649: Bán buôn đồ dùng khác cho gia đình-;4764: Bán lẻ trò chơi, đồ chơi trong các cửa hàng chuyên doanh-(trừ đồ chơi có hại cho giáo dục nhân cách, sức khoẻ trẻ em hoặc ảnh hưởng đến an ninh trật tự ",internet
316175687,CÔNG TY CỔ PHẦN YOUNET ADVOCACY MARKETING,CÔNG TY CỔ PHẦN YOUNET ADVOCAC,Công ty cổ phần,"Tầng 2, Lữ Gia Plaza, 70 Đường Lữ Gia, Phường 15, Quận 11, Thành phố Hồ Chí Minh, Việt Nam",Quận 11,"5911: Hoạt động sản xuất phim điện ảnh, phim video và chương trình truyền hình-Chi tiết: Hoạt động sản xuất chương trình truyền hình (trừ sản xuất phim và phát sóng và không thực hiện các hiệu ứng chá",internet
316206656,CÔNG TY TNHH MINH SƠN THỊNH PHÁT,CÔNG TY TNHH MINH SƠN THỊNH PH,Công ty trách nhiệm hữu hạn hai thành viên trở lên,"170/14 Tuệ Tĩnh, Phường 12, Quận 11, Thành phố Hồ Chí Minh, Việt Nam",Quận 11,"0210: Trồng rừng, chăm sóc rừng và ươm giống cây lâm nghiệp-(không hoạt động tại trụ sở);0119: Trồng cây hàng năm khác-Chi tiết: Trồng cây dược liệu, hương liệu hàng năm (không hoạt động tại trụ sở);0",internet
316182483,CÔNG TY TNHH THƯƠNG MẠI DỊCH VỤ SẢN XUẤT XÂY DỰNG VIỆT NHẬT,CÔNG TY TNHH THƯƠNG MẠI DỊCH V,Công ty trách nhiệm hữu hạn một thành viên,"201 Bình Thới, Phường 10, Quận 11, Thành phố Hồ Chí Minh, Việt Nam",Quận 11,"3320: Lắp đặt máy móc và thiết bị công nghiệp-Chi tiết: Lắp đặt dây dẫn điện, lắp đặt hệ thống máy điều hòa không khí, máy lạnh, lắp đặt hệ thống máy nước nóng năng lượng mặt trời, lắp đặt hệ thống lò",internet
316200693,CÔNG TY TNHH ROMANBLE,CÔNG TY TNHH ROMANBLE,Công ty trách nhiệm hữu hạn một thành viên,"134/5/13 Lạc Long Quân, Phường 3, Quận 11, Thành phố Hồ Chí Minh, Việt Nam",Quận 11,8292: Dịch vụ đóng gói-(trừ đóng gói thuốc bảo vệ thực vật);8559: Giáo dục khác chưa được phân vào đâu-Chi tiết: Dạy ngoại ngữ và dạy kỹ năng đàm thoại; Dạy máy tính; Đào tạo kỹ năng mềm;7110: Hoạt độ,internet
316206896,CÔNG TY TNHH GIẢI PHÁP CÔNG NGHỆ ITSEC,CÔNG TY TNHH GIẢI PHÁP CÔNG NG,Công ty trách nhiệm hữu hạn hai thành viên trở lên,"62 Nguyễn Chí Thanh, Phường 16, Quận 11, Thành phố Hồ Chí Minh, Việt Nam",Quận 11,"4329: Lắp đặt hệ thống xây dựng khác-Chi tiết: Lắp đặt hệ thống camera quan sát, hệ thống cửa quay, hệ thống kiểm soát ra vào, hệ thống đếm người, hệ thống âm thanh thông báo, hệ thống thông báo c",internet
316225560,CÔNG TY TNHH GIẢI TRÍ TRUYỀN THÔNG VIỆT HOA,CÔNG TY TNHH GIẢI TRÍ TRUYỀN T,Công ty trách nhiệm hữu hạn một thành viên,"56 Hoà Bình, Phường 5, Quận 11, Thành phố Hồ Chí Minh, Việt Nam",Quận 11,"5913: Hoạt động phát hành phim điện ảnh, phim video và chương trình truyền hình-Chi tiết : Hoạt động phát hành phim điện ảnh, phim video (trừ sản xuất phim và phát sóng). Xuất khẩu phim, nhập khẩu phi",internet
316258005,CÔNG TY TRÁCH NHIỆM HỮU HẠN MỘT THÀNH VIÊN TRÁI DỪA,CÔNG TY TRÁCH NHIỆM HỮU HẠN MỘ,Công ty trách nhiệm hữu hạn một thành viên,"1284/6 Đường 3 Tháng 2, Phường 2, Quận 11, Thành phố Hồ Chí Minh, Việt Nam",Quận 11,"4791: Bán lẻ theo yêu cầu đặt hàng qua bưu điện hoặc internet-(trừ bán lẻ bình gas, khí dầu mỏ hóa lỏng LPG, dầu nhớt cặn, vàng miếng, súng, đạn loại dùng đi săn hoặc thể thao và tiền kim khí; trừ bán",internet
316251955,CÔNG TY TNHH THƯƠNG MẠI VÀ DỊCH VỤ THUẬN THÀNH GIA,CÔNG TY TNHH THƯƠNG MẠI VÀ DỊC,Công ty trách nhiệm hữu hạn hai thành viên trở lên,"1442/28 Đường 3 Tháng 2, Phường 2, Quận 11, Thành phố Hồ Chí Minh, Việt Nam",Quận 11,"8292: Dịch vụ đóng gói-Chi tiết: Đóng gói sản phẩm nông nghiệp dùng để tiêu thụ nội địa và xuất khẩu: bưởi, chanh, cam, xoài, mít, sầu riêng, thanh long, chuối, khoai lang và các loại trái cây, nông s",internet
316282897,CÔNG TY TNHH APM MARKETING (VIỆT NAM),CÔNG TY TNHH APM MARKETING VIỆ,Công ty trách nhiệm hữu hạn một thành viên,"Số 23, đường 702 Hồng Bàng, Phường 1, Quận 11, Thành phố Hồ Chí Minh, Việt Nam",Quận 11,"4690: Bán buôn tổng hợp-Chi tiết: Thực hiện quyền xuất khẩu, quyền nhập khẩu và quyền phân phối bán buôn các loại hàng hóa không thuộc danh mục hang hóa cấm xuất khẩu, cấm nhập khẩu hoặc không được ph",internet
316296272,CÔNG TY TNHH LOUIS VINA - KOREA,CÔNG TY TNHH LOUIS VINA  KOREA,Công ty trách nhiệm hữu hạn hai thành viên trở lên,"111 Nguyễn Chí Thanh, Phường 16, Quận 11, Thành phố Hồ Chí Minh, Việt Nam",Quận 11,"1104: Sản xuất đồ uống không cồn, nước khoáng-(Không hoạt động tại trụ sở);4610: Đại lý, môi giới, đấu giá hàng hóa-(Trừ hoạt động đấu giá);4620: Bán buôn nông, lâm sản nguyên liệu (trừ gỗ, tre, nứa) ",internet
316318014,CÔNG TY TNHH AE 68 PRODUCTION,CÔNG TY TNHH AE 68 PRODUCTION,Công ty trách nhiệm hữu hạn hai thành viên trở lên,"213 Dương Tử Giang , Phường 4, Quận 11, Thành phố Hồ Chí Minh, Việt Nam",Quận 11,4933: Vận tải hàng hóa bằng đường bộ-;5021: Vận tải hành khách đường thuỷ nội địa-;5022: Vận tải hàng hóa đường thuỷ nội địa-;5210: Kho bãi và lưu giữ hàng hóa-(trừ kinh doanh kho bãi);5224: Bốc xếp h,internet
316320447,CÔNG TY TNHH NGÂN KHANG THỊNH,CÔNG TY TNHH NGÂN KHANG THỊNH,Công ty trách nhiệm hữu hạn một thành viên,"172A/26 Lạc Long Quân, Phường 10, Quận 11, Thành phố Hồ Chí Minh, Việt Nam",Quận 11,6201: Lập trình máy vi tính-Chi tiết: Sản xuất phần mềm;6202: Tư vấn máy vi tính và quản trị hệ thống máy vi tính-;7410: Hoạt động thiết kế chuyên dụng-Chi tiết: Hoạt động thiết kế website;1410: May t,internet
316341687,CÔNG TY TNHH THƯƠNG MẠI DỊCH VỤ KHOA NGUYÊN PHÁT,CÔNG TY TNHH THƯƠNG MẠI DỊCH V,Công ty trách nhiệm hữu hạn một thành viên,"293 Lãnh Binh Thăng, Phường 8, Quận 11, Thành phố Hồ Chí Minh, Việt Nam",Quận 11,"4610: Đại lý, môi giới, đấu giá hàng hóa-Chi tiết: Đại lý, môi giới hàng hóa;4632: Bán buôn thực phẩm-chi tiết: Bán buôn thịt và các sản phẩm từ thịt (không hoạt động tại trụ sở). Bán buôn đường, sữa ",internet
316398556,CÔNG TY CỔ PHẦN QUỐC TẾ AZIWUAY,CÔNG TY CỔ PHẦN QUỐC TẾ AZIWUA,Công ty cổ phần,"189/97 Lãnh Binh Thăng, Phường 12, Quận 11, Thành phố Hồ Chí Minh, Việt Nam",Quận 11,"1079: Sản xuất thực phẩm khác chưa được phân vào đâu-Chi tiết: Sản xuất thực phẩm đặc biệt như: đồ ăn dinh dưỡng, sữa và các thực phẩm dinh dưỡng, thức ăn cho trẻ nhỏ, thực phẩm có chứa thực phẩm hoóc",internet
316444202,CÔNG TY TNHH PHÚC TRANG VINA,CÔNG TY TNHH PHÚC TRANG VINA,Công ty trách nhiệm hữu hạn một thành viên,"827 Đường 3/2, Phường 7, Quận 11, Thành phố Hồ Chí Minh, Việt Nam",Quận 11,"4651: Bán buôn máy vi tính, thiết bị ngoại vi và phần mềm-Chi tiết: Bán buôn xuất nhập khẩu máy vi tính các loại, linh kiện, phụ kiện máy vi tính.;4620: Bán buôn nông, lâm sản nguyên liệu (trừ gỗ, tre",internet
316413155,CÔNG TY TNHH  VĂN PHÒNG PHẨM CHỢ LỚN,CÔNG TY TNHH  VĂN PHÒNG PHẨM C,Công ty trách nhiệm hữu hạn hai thành viên trở lên,"161D/104/54C Lạc Long Quân, Phường 3, Quận 11, Thành phố Hồ Chí Minh, Việt Nam",Quận 11,"4791: Bán lẻ theo yêu cầu đặt hàng qua bưu điện hoặc internet-(trừ bán lẻ bình gas, khí dầu mỏ hóa lỏng LPG, dầu nhớt cặn, vàng miếng, súng, đạn loại dùng đi săn hoặc thể thao và tiền kim khí; trừ bán",internet
316462314,CÔNG TY TNHH DỊCH VỤ THƯƠNG MẠI XUẤT NHẬP KHẨU DIAMOND,CÔNG TY TNHH DỊCH VỤ THƯƠNG MẠ,Công ty trách nhiệm hữu hạn một thành viên,"405 Lạc Long Quân, Phường 5, Quận 11, Thành phố Hồ Chí Minh, Việt Nam",Quận 11,"4659: Bán buôn máy móc, thiết bị và phụ tùng máy khác-;4632: Bán buôn thực phẩm-(không hoạt động tại trụ sở);8299: Hoạt động dịch vụ hỗ trợ kinh doanh khác còn lại chưa được phân vào đâu-Chi tiết : Xu",internet
316424333,CÔNG TY TNHH CÔNG NGHỆ VÀ GIÁO DỤC EDSO,CÔNG TY TNHH CÔNG NGHỆ VÀ GIÁO,Công ty trách nhiệm hữu hạn hai thành viên trở lên,"Số 20 Nguyễn Bá Học, Phường 4, Quận 11, Thành phố Hồ Chí Minh, Việt Nam",Quận 11,6190: Hoạt động viễn thông khác-;6201: Lập trình máy vi tính-Chi tiết: sản xuất phần mềm;6202: Tư vấn máy vi tính và quản trị hệ thống máy vi tính-;6209: Hoạt động dịch vụ công nghệ thông tin và dịch ,internet
316440060,CÔNG TY TNHH THƯƠNG MẠI DỊCH VỤ GREENLIFE FOOD,CÔNG TY TNHH THƯƠNG MẠI DỊCH V,Công ty trách nhiệm hữu hạn một thành viên,"230/11 Lạc Long Quân, Phường 10, Quận 11, Thành phố Hồ Chí Minh, Việt Nam",Quận 11,"4610: Đại lý, môi giới, đấu giá hàng hóa-Chi tiết: Đại lý mua bán, ký gởi hàng hóa;4632: Bán buôn thực phẩm-Chi tiết: Bán buôn thực phẩm chức năng. Bán buôn rau, củ, quả (không hoạt động tại trụ sở);4",internet
316482832,CÔNG TY TNHH MAYUNI,CÔNG TY TNHH MAYUNI,Công ty trách nhiệm hữu hạn hai thành viên trở lên,"103 Đường số 3, Cư xá Lữ Gia, Phường 15, Quận 11, Thành phố Hồ Chí Minh, Việt Nam",Quận 11,4722: Bán lẻ thực phẩm trong các cửa hàng chuyên doanh-(thực hiện theo quyết định 64/2009/QĐ-UBND ngày 31/07/2009 và quyết định số 79/2009/QĐ-UBND ngày 17/10/2009 của Ủy ban nhân dân TP. Hồ Chí Minh v,internet
316447108,CÔNG TY TNHH  ASEEPLUS,CÔNG TY TNHH  ASEEPLUS,Công ty trách nhiệm hữu hạn một thành viên,"Số 65 đường số 5 Cư xá Bình Thới, Phường 8, Quận 11, Thành phố Hồ Chí Minh, Việt Nam",Quận 11,"0231: Khai thác lâm sản khác trừ gỗ-;0232: Thu nhặt lâm sản khác trừ gỗ-;0240: Hoạt động dịch vụ lâm nghiệp-;1020: Chế biến, bảo quản thuỷ sản và các sản phẩm từ thuỷ sản-;0220: Khai thác gỗ-;1030: Ch",internet
316477705,CÔNG TY TNHH TIBO SOLUTIONS,CÔNG TY TNHH TIBO SOLUTIONS,Công ty trách nhiệm hữu hạn một thành viên,"50/29 Hòa Bình, Phường 5, Quận 11, Thành phố Hồ Chí Minh, Việt Nam",Quận 11,"1391: Sản xuất vải dệt kim, vải đan móc và vải không dệt khác--(trừ tẩy nhuộm, hồ, in trên các sản phẩm dệt, may, đan tại trụ sở);1392: Sản xuất hàng dệt sẵn (trừ trang phục)--(trừ tẩy nhuộm, hồ, in t",internet
316518447,CÔNG TY TNHH DIVIDE BY ZERO,CÔNG TY TNHH DIVIDE BY ZERO,Công ty trách nhiệm hữu hạn một thành viên,"110/26-28 Ông Ích Khiêm, Phường 5, Quận 11, Thành phố Hồ Chí Minh, Việt Nam",Quận 11,"6311: Xử lý dữ liệu, cho thuê và các hoạt động liên quan-Chi tiết: Dịch vụ xử lý dữ liệu (CPC: 843)
(Doanh nghiệp không được cung cấp ""dịch vụ thông tin trực tuyến và xử lý dữ liệu bao gồm xử lý giao ",internet
316517193,CÔNG TY TNHH SẢN XUẤT THƯƠNG MẠI HẢI THIÊN TINH,CÔNG TY TNHH SẢN XUẤT THƯƠNG M,Công ty trách nhiệm hữu hạn hai thành viên trở lên,"Số 43 Âu Cơ, Phường 14, Quận 11, Thành phố Hồ Chí Minh, Việt Nam",Quận 11,"1629: Sản xuất sản phẩm khác từ gỗ; sản xuất sản phẩm từ tre, nứa, rơm, rạ và vật liệu tết bện-;3100: Sản xuất giường, tủ, bàn, ghế-;3240: Sản xuất đồ chơi, trò chơi-;4649: Bán buôn đồ dùng khác cho g",internet
316511956,CÔNG TY TNHH TAFAMO LAW VIỆT NAM,CÔNG TY TNHH TAFAMO LAW VIỆT N,Công ty trách nhiệm hữu hạn hai thành viên trở lên,"537 Bình Thới, Phường 10, Quận 11, Thành phố Hồ Chí Minh, Việt Nam",Quận 11,"6920: Hoạt động liên quan đến kế toán, kiểm toán và tư vấn về thuế-Chi tiết: Dịch vụ làm thủ tục về thuế (trừ tư vấn tài chính, kế toán, pháp luật);7020: Hoạt động tư vấn quản lý-Chi tiết: Tư vấn quản",internet
316537048,CÔNG TY CỔ PHẦN CÔNG NGHỆ UCARE,CÔNG TY CỔ PHẦN CÔNG NGHỆ UCAR,Công ty cổ phần,"40 Tân Khai, Phường 4, Quận 11, Thành phố Hồ Chí Minh, Việt Nam",Quận 11,"4649: Bán buôn đồ dùng khác cho gia đình-Chi tiết: Xuất khẩu, nhập khẩu, bán buôn thuốc, vắc xin, sinh phẩm y tế; trang thiết bị, dụng cụ y tế;4772: Bán lẻ thuốc, dụng cụ y tế, mỹ phẩm và vật phẩm vệ ",internet
316547783,CÔNG TY CỔ PHẦN THƯƠNG MẠI VÀ DU LỊCH TÂM ĐẮC GROUP,CÔNG TY CỔ PHẦN THƯƠNG MẠI VÀ ,Công ty cổ phần,"138, Ông Ích Khiêm, Phường 5, Quận 11, Thành phố Hồ Chí Minh, Việt Nam",Quận 11,"1079: Sản xuất thực phẩm khác chưa được phân vào đâu-chi tiết: Rang và lọc cà phê; sản xuất các sản phẩm cà phê như: cà phê hoà tan, cà phê lọc, chiết xuất cà phê và cà phê cô đặc dạng bột (trừ nước g",internet
316555368,CÔNG TY TNHH JAN CENTER,CÔNG TY TNHH JAN CENTER,Công ty trách nhiệm hữu hạn hai thành viên trở lên,"285 Lãnh Binh Thăng, Phường 8, Quận 11, Thành phố Hồ Chí Minh, Việt Nam",Quận 11,"1393: Sản xuất thảm, chăn, đệm-;3100: Sản xuất giường, tủ, bàn, ghế-;4641: Bán buôn vải, hàng may mặc, giày dép-chi tiết: bán buôn thảm, đệm, chăn, màn, rèm, ga trải giường, gối và hàng dệt khác, bán ",internet
316654168,CÔNG TY TNHH XD CHIẾN THẮNG,CÔNG TY TNHH XD CHIẾN THẮNG,Công ty trách nhiệm hữu hạn một thành viên,"710 Hồng Bàng, Phường 1, Quận 11, Thành phố Hồ Chí Minh, Việt Nam",Quận 11,"4649: Bán buôn đồ dùng khác cho gia đình-(trừ kinh doanh dược phẩm, súng đạn thể thao và vũ khí thô sơ);4652: Bán buôn thiết bị và linh kiện điện tử, viễn thông-;4663: Bán buôn vật liệu, thiết bị lắp ",internet
316626298,CÔNG TY CỔ PHẦN AHADA TECH,CÔNG TY CỔ PHẦN AHADA TECH,Công ty cổ phần,"15A Phan Xích Long, Phường 16, Quận 11, Thành phố Hồ Chí Minh, Việt Nam",Quận 11,"3314: Sửa chữa thiết bị điện-(trừ gia công cơ khí, tái chế phế thải, xi mạ điện tại trụ sở);3319: Sửa chữa thiết bị khác-Chi tiết: Sửa chữa và bảo trì hệ thống điện, điện lạnh; Sửa chữa các loại thiết",internet
316631153,CÔNG TY CỔ PHẦN  7HIT,CÔNG TY CỔ PHẦN  7HIT,Công ty cổ phần,"Phòng 20-1, Tầng 20F, Tòa nhà Flemington, 182 Lê Đại Hành, Phường 15, Quận 11, Thành phố Hồ Chí Minh, Việt Nam",Quận 11,0722: Khai thác quặng kim loại khác không chứa sắt-Chi tiết: Khai thác quặng kim loại khác không chứa sắt chưa được phân vào đâu (không hoạt động tại trụ sở);0730: Khai thác quặng kim loại quý hiếm-(k,internet
316113909,CÔNG TY TNHH THƯƠNG MẠI DỊCH VỤ VSO,CÔNG TY TNHH THƯƠNG MẠI DỊCH V,Công ty trách nhiệm hữu hạn hai thành viên trở lên,"411/14 Lê Đại Hành, Phường 11, Quận 11, Thành phố Hồ Chí Minh, Việt Nam",Quận 11,"4669: Bán buôn chuyên doanh khác chưa được phân vào đâu-chi tiết: Bán buôn đồ dùng nội thất bằng sắt, inox, nhôm, nhựa; Bán buôn đá quý.;4773: Bán lẻ hàng hóa khác mới trong các cửa hàng chuyên doanh-",internet
316140250,CÔNG TY TNHH TRUYỀN THÔNG VÀ GIẢI TRÍ PTP,CÔNG TY TNHH TRUYỀN THÔNG VÀ G,Công ty trách nhiệm hữu hạn hai thành viên trở lên,"Số 110/26 - 110/28 Ông Ích Khiêm, Phường 5, Quận 11, Thành phố Hồ Chí Minh, Việt Nam",Quận 11,"5820: Xuất bản phần mềm-Chi tiết: sản xuất phần mềm;5911: Hoạt động sản xuất phim điện ảnh, phim video và chương trình truyền hình-(trừ phát sóng, sản xuất phim và không thực hiện các hiệu ứng cháy, n",internet
316384169,CÔNG TY TNHH VÂN ANNA,CÔNG TY TNHH VÂN ANNA,Công ty trách nhiệm hữu hạn một thành viên,"183 Quân Sự, Phường 11, Quận 11, Thành phố Hồ Chí Minh, Việt Nam",Quận 11,"5630: Dịch vụ phục vụ đồ uống-Chi tiết: Quán cà phê, giải khát, sinh tố, nước quả (trừ kinh doanh quán bar và quán giải khát có khiêu vũ);5610: Nhà hàng và các dịch vụ ăn uống phục vụ lưu động-Chi tiế",internet
316516520,CÔNG TY TNHH THƯƠNG MẠI DỊCH VỤ KỸ THUẬT CÔNG NGHỆ HẢI ĐĂNG,CÔNG TY TNHH THƯƠNG MẠI DỊCH V,Công ty trách nhiệm hữu hạn một thành viên,"1248 Đường 3/2, Phường 2, Quận 11, Thành phố Hồ Chí Minh, Việt Nam",Quận 11,3821: Xử lý và tiêu huỷ rác thải không độc hại--(không hoạt động tại trụ sở);3822: Xử lý và tiêu huỷ rác thải độc hại--(không hoạt động tại trụ sở);3900: Xử lý ô nhiễm và hoạt động quản lý chất thải k,internet
316526166,CÔNG TY CỔ PHẦN DỊCH VỤ ĐẶT PHÒNG GIÁ RẺ,CÔNG TY CỔ PHẦN DỊCH VỤ ĐẶT PH,Công ty cổ phần,"1446 - 1448 Đường 3/2, Phường 2, Quận 11, Thành phố Hồ Chí Minh, Việt Nam",Quận 11,"7990: Dịch vụ đặt chỗ và các dịch vụ hỗ trợ liên quan đến quảng bá và tổ chức tua du lịch-Chi tiết: Cung cấp các dịch vụ đặt chỗ liên quan đến hoạt động du lịch: vận tải, khách sạn, nhà hàng, cho thuê",internet
316547102,CÔNG TY CỔ PHẦN TƯ VẤN ĐẦU TƯ GOSHEN,CÔNG TY CỔ PHẦN TƯ VẤN ĐẦU TƯ ,Công ty cổ phần,"D3 Khu Nhà Ở Thương Mại Thuận Việt 319 Lý Thường Kiệt, Phường 15, Quận 11, Thành phố Hồ Chí Minh, Việt Nam",Quận 11,"4931: Vận tải hành khách đường bộ trong nội thành, ngoại thành (trừ vận tải bằng xe buýt)-Chi tiết: - Vận tải hành khách bằng hệ thống đường sắt ngầm hoặc đường sắt trên cao - Vận tải hành khách bằng ",internet
316559443,CÔNG TY TNHH LÂM HOÀNG MEDIA,CÔNG TY TNHH LÂM HOÀNG MEDIA,Công ty trách nhiệm hữu hạn một thành viên,"106/197 Tôn Thất Hiệp, Phường 13, Quận 11, Thành phố Hồ Chí Minh, Việt Nam",Quận 11,6399: Dịch vụ thông tin khác chưa được phân vào đâu-Chi tiết: Các dịch vụ thông tin qua điện thoại; Các dịch vụ tìm kiếm thông tin thông qua hợp đồng hay trên cơ sở phí; Cung cấp dịch vụ gia tăng trên,internet
316635239,CÔNG TY TNHH THƯƠNG MẠI SẢN XUẤT VIỆT ĐẠI,CÔNG TY TNHH THƯƠNG MẠI SẢN XU,Công ty trách nhiệm hữu hạn một thành viên,"Số 8 Hòa Bình, Phường 5, Quận 11, Thành phố Hồ Chí Minh, Việt Nam",Quận 11,"4791: Bán lẻ theo yêu cầu đặt hàng qua bưu điện hoặc internet-(Trừ bán lẻ bình gas, khí dầu mỏ hóa lỏng LPG, dầu nhớt cặn, vàng miếng, súng, đạn loại dùng đi săn hoặc thể thao và ",internet
316646953,CÔNG TY TNHH ĐẦU TƯ THƯƠNG MẠI DỊCH VỤ KIM LIỄU,CÔNG TY TNHH ĐẦU TƯ THƯƠNG MẠI,Công ty trách nhiệm hữu hạn một thành viên,"Tầng 6, Số 1446 - 1448 Đường 3/2, Phường 2, Quận 11, Thành phố Hồ Chí Minh, Việt Nam",Quận 11,"4610: Đại lý, môi giới, đấu giá hàng hóa-Chi tiết: Đại lý, môi giới;4912: Vận tải hàng hóa đường sắt-(trừ hóa lỏng khí để vận chuyển);4933: Vận tải hàng hóa bằng đường bộ-(trừ hóa lỏng khí để vận chuy",internet
316681210,CÔNG TY TNHH THƯƠNG MẠI DỊCH VỤ TƯ VẤN HOÀNG AN,CÔNG TY TNHH THƯƠNG MẠI DỊCH V,Công ty trách nhiệm hữu hạn hai thành viên trở lên,"84 Đường 702 Hồng Bàng, Phường 1, Quận 11, Thành phố Hồ Chí Minh, Việt Nam",Quận 11,6399: Dịch vụ thông tin khác chưa được phân vào đâu-Chi tiết: Các dịch vụ thông tin qua điện thoại; Các dịch vụ tìm kiếm thông tin thông qua hợp đồng hay trên cơ sở phí; Cung cấp dịch vụ gia tăng trên,internet
316686811,CÔNG TY CỔ PHẦN TRUYỀN THÔNG UNIK,CÔNG TY CỔ PHẦN TRUYỀN THÔNG U,Công ty cổ phần,"Tầng 2 Lữ Gia Plaza, 70 Lữ Gia, Phường 15, Quận 11, Thành phố Hồ Chí Minh, Việt Nam",Quận 11,"7020: Hoạt động tư vấn quản lý-Chi tiết: Quan hệ và thông tin cộng đồng; Hoạt động vận động hành lang; Tư vấn và giúp đỡ kinh doanh hoặc dịch vụ lập kế hoạch, tổ chức, hoạt động hiệu quả, thông tin qu",internet
316688336,CÔNG TY TNHH QUẢNG CÁO WINNER MAX,CÔNG TY TNHH QUẢNG CÁO WINNER ,Công ty trách nhiệm hữu hạn một thành viên,"Tầng 6, Số 1446-1448 Đường 3 tháng 2, Phường 2, Quận 11, Thành phố Hồ Chí Minh, Việt Nam",Quận 11,"7310: Quảng cáo-;5911: Hoạt động sản xuất phim điện ảnh, phim video và chương trình truyền hình-(trừ phát sóng, sản xuất phim và không thực hiện các hiệu ứng cháy, nổ; không sử dụng chất nổ, chất cháy",internet
316687540,CÔNG TY TNHH TRUYỀN THÔNG SH LIGHT TEAM,CÔNG TY TNHH TRUYỀN THÔNG SH L,Công ty trách nhiệm hữu hạn một thành viên,"36C/26 Đường 762 Hồng Bàng, Phường 1, Quận 11, Thành phố Hồ Chí Minh, Việt Nam",Quận 11,"7310: Quảng cáo-Chi tiết: - Sáng tạo và thực hiện các chiến dịch quảng cáo: Sáng tạo và đặt quảng cáo trong báo, tạp chí, đài phát thanh, truyền hình, internet và các phương tiện truyền thông khác; đặ",internet
316686667,CÔNG TY TNHH TRUYỀN THÔNG VÀ GIẢI TRÍ NES,CÔNG TY TNHH TRUYỀN THÔNG VÀ G,Công ty trách nhiệm hữu hạn hai thành viên trở lên,"Tầng 1 B0.1 Khu chung cư Căn hộ Khải Hoàn, 624 Lạc Long Quân, Phường 5, Quận 11, Thành phố Hồ Chí Minh, Việt Nam",Quận 11,"4632: Bán buôn thực phẩm-Chi tiết: - Bán buôn thịt và các sản phẩm từ thịt - Bán buôn thủy sản - Bán buôn rau, quả - Bán buôn cà phê - Bán buôn đường, sữa và các sản phẩm sữa, bánh kẹo và các sản phẩm",internet
316702679,CÔNG TY TNHH TRUYỀN THÔNG TMJ,CÔNG TY TNHH TRUYỀN THÔNG TMJ,Công ty trách nhiệm hữu hạn một thành viên,"50 Đường số 3 Cư Xá Bình Thới, Phường 8, Quận 11, Thành phố Hồ Chí Minh, Việt Nam",Quận 11,"4652: Bán buôn thiết bị và linh kiện điện tử, viễn thông-;4659: Bán buôn máy móc, thiết bị và phụ tùng máy khác-;4741: Bán lẻ máy vi tính, thiết bị ngoại vi, phần mềm và thiết bị viễn thông trong các ",internet
316705648,CÔNG TY TNHH GIẢI TRÍ MẠNH HÙNG MUSIC THP,CÔNG TY TNHH GIẢI TRÍ MẠNH HÙN,Công ty trách nhiệm hữu hạn một thành viên,"86/131 Ông Ích Khiêm, Phường 5, Quận 11, Thành phố Hồ Chí Minh, Việt Nam",Quận 11,"8552: Giáo dục văn hoá nghệ thuật-(trừ kinh doanh vũ trường);5920: Hoạt động ghi âm và xuất bản âm nhạc-Chi tiết: Hoạt động ghi âm (trừ kinh doanh dịch vụ karaoke).;9000: Hoạt động sáng tác, nghệ thuậ",internet
316709579,CÔNG TY TNHH MOOD DIGITAL,CÔNG TY TNHH MOOD DIGITAL,Công ty trách nhiệm hữu hạn hai thành viên trở lên,"Tầng 1 B0.1 Khu chung cư Căn hộ Khải Hoàn, 624 Lạc Long Quân, Phường 5, Quận 11, Thành phố Hồ Chí Minh, Việt Nam",Quận 11,"4632: Bán buôn thực phẩm-Chi tiết: - Bán buôn thịt và các sản phẩm từ thịt - Bán buôn thủy sản - Bán buôn rau, quả - Bán buôn cà phê - Bán buôn đường, sữa và các sản phẩm sữa, bánh kẹo và các sản phẩm",internet
316712525,CÔNG TY TNHH KHAN THƯƠNG,CÔNG TY TNHH KHAN THƯƠNG,Công ty trách nhiệm hữu hạn hai thành viên trở lên,"Số 8, đường số 2,Cư xá Lữ Gia, Phường 15, Quận 11, Thành phố Hồ Chí Minh, Việt Nam",Quận 11,"9511: Sửa chữa máy vi tính và thiết bị ngoại vi-;9512: Sửa chữa thiết bị liên lạc-;9639: Hoạt động dịch vụ phục vụ cá nhân khác còn lại chưa được phân vào đâu-(trừ xông hơi, xoa bóp) (Doanh nghiệp chỉ",internet
316736389,CÔNG TY TNHH GIVEGLEE,CÔNG TY TNHH GIVEGLEE,Công ty trách nhiệm hữu hạn một thành viên,"6/17/28 Tân Hóa, Phường 1, Quận 11, Thành phố Hồ Chí Minh, Việt Nam",Quận 11,"4652: Bán buôn thiết bị và linh kiện điện tử, viễn thông-;4669: Bán buôn chuyên doanh khác chưa được phân vào đâu-Chi tiết: Bán buôn quà tặng, hàng lưu niệm, hàng đan lát, hàng thủ công mỹ nghệ;4741: ",internet
316742382,CÔNG TY TNHH PHÁT TRIỂN CÔNG NGHỆ ISC,CÔNG TY TNHH PHÁT TRIỂN CÔNG N,Công ty trách nhiệm hữu hạn một thành viên,"247/95/3 Lạc Long Quân, Phường 3, Quận 11, Thành phố Hồ Chí Minh, Việt Nam",Quận 11,"2750: Sản xuất đồ điện dân dụng-;2790: Sản xuất thiết bị điện khác-;2817: Sản xuất máy móc và thiết bị văn phòng (trừ máy vi tính và thiết bị ngoại vi của máy vi tính)-;3312: Sửa chữa máy móc, thiết b",internet
316745552,CÔNG TY TNHH THƯƠNG MẠI DỊCH VỤ ĐẦU TƯ TÂN SÀI GÒN,CÔNG TY TNHH THƯƠNG MẠI DỊCH V,Công ty trách nhiệm hữu hạn một thành viên,"152/36/19 Lạc Long Quân, Phường 3, Quận 11, Thành phố Hồ Chí Minh, Việt Nam",Quận 11,"4651: Bán buôn máy vi tính, thiết bị ngoại vi và phần mềm-;4652: Bán buôn thiết bị và linh kiện điện tử, viễn thông-;4690: Bán buôn tổng hợp-(trừ bán buôn hóa chất, khí dầu mỏ hóa lỏng LPG, dầu nhớt c",internet
316767186,CÔNG TY TNHH VIỆT NAM JOBS,CÔNG TY TNHH VIỆT NAM JOBS,Công ty trách nhiệm hữu hạn một thành viên,"205/60 Phó Cơ Điều, Phường 6, Quận 11, Thành phố Hồ Chí Minh, Việt Nam",Quận 11,8299: Hoạt động dịch vụ hỗ trợ kinh doanh khác còn lại chưa được phân vào đâu-Chi tiết: Dịch vụ thương mại điện tử;7310: Quảng cáo-Chi tiết: Quảng cáo thương mại;7320: Nghiên cứu thị trường và thăm dò,internet
316769225,CÔNG TY TNHH ĐẦU TƯ VIỄN THÔNG TM,CÔNG TY TNHH ĐẦU TƯ VIỄN THÔNG,Công ty trách nhiệm hữu hạn một thành viên,"482A Lạc Long Quân, Phường 5, Quận 11, Thành phố Hồ Chí Minh, Việt Nam",Quận 11,"6190: Hoạt động viễn thông khác-Chi tiết: Đại lý dịch vụ bưu chính - viễn thông (trừ kinh doanh đại lý dịch vụ internet);Doanh nghiệp phải thực hiện đúng các quy định của pháp luật về đất đai, xây dựn",internet
316775814,CÔNG TY TNHH THAO NGUYEN,CÔNG TY TNHH THAO NGUYEN,Công ty trách nhiệm hữu hạn một thành viên,"242/40 Hàn Hải Nguyên, Phường 9, Quận 11, Thành phố Hồ Chí Minh, Việt Nam",Quận 11,"4799: Bán lẻ hình thức khác chưa được phân vào đâu-(trừ bán lẻ hóa chất, khí dầu mỏ hóa lỏng LPG, dầu nhớt cặn, vàng miếng, súng, đạn loại dùng đi săn hoặc thể thao và tiền kim khí; Thực hiện theo Quy",internet
316781511,CÔNG TY CỔ PHẦN ĐẦU TƯ VÀ PHÁT TRIỂN SẢN PHẨM NÔNG NGHIỆP VIỆT NAM,CÔNG TY CỔ PHẦN ĐẦU TƯ VÀ PHÁT,Công ty cổ phần,"Số 139A Bình Thới, Phường 11, Quận 11, Thành phố Hồ Chí Minh, Việt Nam",Quận 11,"8292: Dịch vụ đóng gói-Chi tiết: Đóng gói sản phẩm nông nghiệp dùng để tiêu thụ nội địa và xuất khẩu: gạo, bưởi, chanh, cam, xoài, mít, sầu riêng, thanh long, chuối, khoai lang và các loại trái cây, h",internet
316793122,CÔNG TY TNHH TNMED,CÔNG TY TNHH TNMED,Công ty trách nhiệm hữu hạn hai thành viên trở lên,"11B Lạc Long Quân, Phường 5, Quận 11, Thành phố Hồ Chí Minh, Việt Nam",Quận 11,"3312: Sửa chữa máy móc, thiết bị-;4321: Lắp đặt hệ thống điện-;4322: Lắp đặt hệ thống cấp, thoát nước, hệ thống sưởi và điều hoà không khí-(trừ lắp đặt các thiết bị lạnh (thiết bị cấp đông, ",internet
316795056,CÔNG TY TNHH PURPLE DIGITAL ECOMMERCE,CÔNG TY TNHH PURPLE DIGITAL EC,Công ty trách nhiệm hữu hạn một thành viên,"161C/101 Lạc Long Quân, Phường 3, Quận 11, Thành phố Hồ Chí Minh, Việt Nam",Quận 11,"4772: Bán lẻ thuốc, dụng cụ y tế, mỹ phẩm và vật phẩm vệ sinh trong các cửa hàng chuyên doanh-;4773: Bán lẻ hàng hóa khác mới trong các cửa hàng chuyên doanh-(trừ bán lẻ bình gas, hóa chất, súng, đạn ",internet
316799075,CÔNG TY TNHH THƯƠNG MẠI LƯ NGUYỄN,CÔNG TY TNHH THƯƠNG MẠI LƯ NGU,Công ty trách nhiệm hữu hạn hai thành viên trở lên,"572/3 Hồng Bàng, Phường 16, Quận 11, Thành phố Hồ Chí Minh, Việt Nam",Quận 11,"4669: Bán buôn chuyên doanh khác chưa được phân vào đâu-Chi tiết: Bán buôn phụ kiện điện thoại;4791: Bán lẻ theo yêu cầu đặt hàng qua bưu điện hoặc internet-(trừ bán lẻ bình gas, súng, đạn loại dùng đ",internet
316803564,CÔNG TY TNHH ĐIỆN TỬ NHẬT MINH PHÚC,CÔNG TY TNHH ĐIỆN TỬ NHẬT MINH,Công ty trách nhiệm hữu hạn một thành viên,"Số 14 Đường Tân Phước, Phường 7, Quận 11, Thành phố Hồ Chí Minh, Việt Nam",Quận 11,"4652: Bán buôn thiết bị và linh kiện điện tử, viễn thông-Chi tiết: Bán buôn loa, amply, tivi, điện thoại cũ và mới;4741: Bán lẻ máy vi tính, thiết bị ngoại vi, phần mềm và thiết bị viễn thông trong cá",lap top
316807382,CÔNG TY TNHH VẬN TẢI GIAO NHẬN QUÝ PHÁT,CÔNG TY TNHH VẬN TẢI GIAO NHẬN,Công ty trách nhiệm hữu hạn một thành viên,"102/9/34 Đường 100 Bình Thới, Phường 14, Quận 11, Thành phố Hồ Chí Minh, Việt Nam",Quận 11,"4933: Vận tải hàng hóa bằng đường bộ-Chi tiết: Vận tải hàng hóa bằng ô tô chuyên dụng và bằng phương tiện vận chuyển khác; Hoạt động vận chuyển đồ đạc gia đình thiết bị văn phòng;4610: Đại lý, môi giớ",internet
316815841,CÔNG TY TNHH SẢN XUẤT THƯƠNG MẠI DỊCH VỤ GIÁO DỤC THANH VIỆT,CÔNG TY TNHH SẢN XUẤT THƯƠNG M,Công ty trách nhiệm hữu hạn hai thành viên trở lên,"25E Hàn Hải Nguyên, Phường 16, Quận 11, Thành phố Hồ Chí Minh, Việt Nam",Quận 11,"4669: Bán buôn chuyên doanh khác chưa được phân vào đâu-(trừ bán buôn bình gas, khí dầu mỏ hóa lỏng LPG, dầu nhớt cặn, vàng miếng, súng, đạn loại dùng đi săn hoặc thể thao và tiền kim khí;trừ bán buôn",internet
316821362,CÔNG TY TNHH THƯƠNG MẠI VÀ DỊCH VỤ PHÚ THUẬN ĐLSG,CÔNG TY TNHH THƯƠNG MẠI VÀ DỊC,Công ty trách nhiệm hữu hạn một thành viên,"Số 4 Đường số 52, Phường 15, Quận 11, Thành phố Hồ Chí Minh, Việt Nam",Quận 11,"4649: Bán buôn đồ dùng khác cho gia đình-;4759: Bán lẻ đồ điện gia dụng, giường, tủ, bàn, ghế và đồ nội thất tương tự, đèn và bộ đèn điện, đồ dùng gia đình khác chưa được phân vào đâu  trong các cửa h",internet
316820062,CÔNG TY TNHH ĐẦU TƯ VÀ THƯƠNG MẠI LPT,CÔNG TY TNHH ĐẦU TƯ VÀ THƯƠNG ,Công ty trách nhiệm hữu hạn một thành viên,"Số 7 Lê Đại Hành, Phường 15, Quận 11, Thành phố Hồ Chí Minh, Việt Nam",Quận 11,"4799: Bán lẻ hình thức khác chưa được phân vào đâu-(trừ bán lẻ bình gas, súng, đạn loại dùng đi săn hoặc thể thao và tiền kim khí và thực hiện theo Quyết định 64/2009/QĐ-UBND ngày 31/7/2009 của Ủy ban",internet
316831554,CÔNG TY CỔ PHẦN AQUASOL,CÔNG TY CỔ PHẦN AQUASOL,Công ty cổ phần,"Số 48 Đường 281 Lý Thường Kiệt, Phường 15, Quận 11, Thành phố Hồ Chí Minh, Việt Nam",Quận 11,"2392: Sản xuất vật liệu xây dựng từ đất sét--(không hoạt động tại trụ sở);2393: Sản xuất sản phẩm gốm sứ khác--(không hoạt động tại trụ sở);2394: Sản xuất xi măng, vôi và thạch cao--(không hoạt động t",internet
316831667,CÔNG TY TRÁCH NHIỆM HỮU HẠN TM DƯƠNG TRIỀU,CÔNG TY TRÁCH NHIỆM HỮU HẠN TM,Công ty trách nhiệm hữu hạn hai thành viên trở lên,"103E Lò Siêu, Phường 6, Quận 11, Thành phố Hồ Chí Minh, Việt Nam",Quận 11,"1811: In ấn-;1812: Dịch vụ liên quan đến in-;3240: Sản xuất đồ chơi, trò chơi-(trừ đồ chơi có hại cho giáo dục nhân cách, sức khoẻ trẻ em hoặc ảnh hưởng đến an ninh trật tự an toàn xã hội);3290: Sản x",internet
316834153,CÔNG TY CỔ PHẦN WYNDIX,CÔNG TY CỔ PHẦN WYNDIX,Công ty cổ phần,"Số 1196 Đường 3/2, Phường 8, Quận 11, Thành phố Hồ Chí Minh, Việt Nam",Quận 11,"3312: Sửa chữa máy móc, thiết bị-Chi tiết: Sửa chữa, bảo trì máy vi tính - các loại máy móc dùng trong văn phòng (trừ gia công cơ khí, tái chế phế thải, xi mạ điện, chế biến gỗ, luyện cán cao su tại t",internet
316840559,CÔNG TY TNHH QUẢNG CÁO SATO,CÔNG TY TNHH QUẢNG CÁO SATO,Công ty trách nhiệm hữu hạn hai thành viên trở lên,"Số 7 Đường số 3, Cư xá Bình Thới, Phường 8, Quận 11, Thành phố Hồ Chí Minh, Việt Nam",Quận 11,"1313: Hoàn thiện sản phẩm dệt-(trừ tẩy nhuộm, hồ, in và không gia công hàng đã qua sử dụng, thuộc da, luyện cán cao su, tái chế phế thải tại trụ sở);1391: Sản xuất vải dệt kim, vải đan móc và vải khôn",internet
316850596,CÔNG TY TNHH ĐẦU TƯ THƯƠNG MẠI QUỐC TẾ SUNRISE VIỆT NAM,CÔNG TY TNHH ĐẦU TƯ THƯƠNG MẠI,Công ty trách nhiệm hữu hạn một thành viên,"117 Bis Âu Cơ, Phường 14, Quận 11, Thành phố Hồ Chí Minh, Việt Nam",Quận 11,"4620: Bán buôn nông, lâm sản nguyên liệu (trừ gỗ, tre, nứa) và động vật sống-Chi tiết: Bán buôn và xuất nhập khẩu nông, lâm sản, động vật sống; (không hoạt động tại trụ sở);4632: Bán buôn thực phẩm-Ch",internet
316852138,CÔNG TY TNHH TƯ VẤN LUCATAO,CÔNG TY TNHH TƯ VẤN LUCATAO,Công ty trách nhiệm hữu hạn hai thành viên trở lên,"160/14 Ông Ích Khiêm, Phường 5, Quận 11, Thành phố Hồ Chí Minh, Việt Nam",Quận 11,"1820: Sao chép bản ghi các loại-;2620: Sản xuất máy vi tính và thiết bị ngoại vi của máy vi tính-Chi tiết: Lắp ráp các máy tính điện tử như màn hình, máy tính để bàn, máy chủ, máy xách tay; Các thiết ",internet
316861319,CÔNG TY TNHH Y TẾ TOÀN PHÚC,CÔNG TY TNHH Y TẾ TOÀN PHÚC,Công ty trách nhiệm hữu hạn một thành viên,"47/56 Lạc Long Quân, Phường 1, Quận 11, Thành phố Hồ Chí Minh, Việt Nam",Quận 11,"4610: Đại lý, môi giới, đấu giá hàng hóa-Chi tiết: Đại lý, môi giới (trừ môi giới bất động sản, môi giới bảo hiểm).;4632: Bán buôn thực phẩm-(không hoạt động tại trụ sở);4651: Bán buôn máy vi tính, th",internet
316871902,CÔNG TY TNHH SẢN XUẤT NỘI THẤT RÈM VIỆT,CÔNG TY TNHH SẢN XUẤT NỘI THẤT,Công ty trách nhiệm hữu hạn một thành viên,"456 Lạc Long Quân , Phường 5, Quận 11, Thành phố Hồ Chí Minh, Việt Nam",Quận 11,"4321: Lắp đặt hệ thống điện-;4322: Lắp đặt hệ thống cấp, thoát nước, hệ thống sưởi và điều hoà không khí-(trừ lắp đặt các thiết bị lạnh (thiết bị cấp đông, kho lạnh, máy đá, điều hòa không khí, làm lạ",internet
316881442,CÔNG TY TNHH OX TECH,CÔNG TY TNHH OX TECH,Công ty trách nhiệm hữu hạn một thành viên,"56C/71 Lạc Long Quân, Phường 3, Quận 11, Thành phố Hồ Chí Minh, Việt Nam",Quận 11,"6201: Lập trình máy vi tính-;6202: Tư vấn máy vi tính và quản trị hệ thống máy vi tính-;6209: Hoạt động dịch vụ công nghệ thông tin và dịch vụ khác liên quan đến máy vi tính-;6311: Xử lý dữ liệu, cho ",internet
316885655,CÔNG TY TNHH THẾ GIỚI TÁO,CÔNG TY TNHH THẾ GIỚI TÁO,Công ty trách nhiệm hữu hạn một thành viên,"177 Tôn Thất Hiệp, Phường 12, Quận 11, Thành phố Hồ Chí Minh, Việt Nam",Quận 11,"4652: Bán buôn thiết bị và linh kiện điện tử, viễn thông-;4651: Bán buôn máy vi tính, thiết bị ngoại vi và phần mềm-;4669: Bán buôn chuyên doanh khác chưa được phân vào đâu-Chi tiết: Bán buôn các sản ",internet
316898911,CÔNG TY TNHH ĐĂNG MỘC,CÔNG TY TNHH ĐĂNG MỘC,Công ty trách nhiệm hữu hạn một thành viên,"Số 299/2D Lý Thường Kiệt, Phường 15, Quận 11, Thành phố Hồ Chí Minh, Việt Nam",Quận 11,7110: Hoạt động kiến trúc và tư vấn kỹ thuật có liên quan-Chi tiết: Giám sát công tác xây dựng và hoàn thiện công trình dân dụng – công nghiệp. Lập dự án đầu tư. Quản lý dự án. Lập tổng dự ,internet
316914793,CÔNG TY TNHH THƯƠNG MẠI HOA LÂM,CÔNG TY TNHH THƯƠNG MẠI HOA LÂ,Công ty trách nhiệm hữu hạn một thành viên,"200/4A Xóm Đất, Phường 10, Quận 11, Thành phố Hồ Chí Minh, Việt Nam",Quận 11,"8230: Tổ chức giới thiệu và xúc tiến thương mại-Chi tiết: Tổ chức hội nghị, hội thảo, hội chợ, triển lãm (không thực hiện các hiệu ứng cháy, nổ, không sử dụng chất nổ, chất cháy, hóa chất làm đạo cụ, ",internet
316920116,CÔNG TY TNHH THƯƠNG MẠI VÀ DỊCH VỤ TRUYỀN THÔNG NEW WEN - WIN,CÔNG TY TNHH THƯƠNG MẠI VÀ DỊC,Công ty trách nhiệm hữu hạn một thành viên,"159/245 Phó Cơ Điều, Phường 6, Quận 11, Thành phố Hồ Chí Minh, Việt Nam",Quận 11,4511: Bán buôn ô tô và xe có động cơ khác-Chi tiết: Bán buôn ô tô con (loại 9 chỗ ngồi trở xuống);4512: Bán lẻ ô tô con (loại 9 chỗ ngồi trở xuống)-;4513: Đại lý ô tô và xe có động cơ khác-;4530: Bán ,internet
316923614,CÔNG TY TNHH SIÊU THỊ MINI HP MART,CÔNG TY TNHH SIÊU THỊ MINI HP ,Công ty trách nhiệm hữu hạn một thành viên,"58 Lữ Gia, Phường 15, Quận 11, Thành phố Hồ Chí Minh, Việt Nam",Quận 11,"4634: Bán buôn sản phẩm thuốc lá, thuốc lào-(không hoạt động tại trụ sở);4723: Bán lẻ đồ uống trong các cửa hàng chuyên doanh-;4724: Bán lẻ sản phẩm thuốc lá, thuốc lào trong các cửa hàng chuyên doanh",internet
316925273,CÔNG TY TNHH THƯƠNG MẠI DỊCH VỤ VINH HẢI VN,CÔNG TY TNHH THƯƠNG MẠI DỊCH V,Công ty trách nhiệm hữu hạn hai thành viên trở lên,"Số 7 Đường số 3, Cư xá Bình Thới, Phường 8, Quận 11, Thành phố Hồ Chí Minh, Việt Nam",Quận 11,"4782: Bán lẻ hàng dệt, may sẵn, giày dép lưu động hoặc tại chợ-;4791: Bán lẻ theo yêu cầu đặt hàng qua bưu điện hoặc internet-(trừ bán lẻ khí dầu mỏ hóa lỏng LPG, bình gas, hóa chất, sú",internet
316937896,CÔNG TY TNHH ĐẦU TƯ PHÁT TRIỂN THƯƠNG MẠI THIÊN THIÊN PHÁT,CÔNG TY TNHH ĐẦU TƯ PHÁT TRIỂN,Công ty trách nhiệm hữu hạn một thành viên,"17 Công Chúa Ngọc Hân, Phường 13, Quận 11, Thành phố Hồ Chí Minh, Việt Nam",Quận 11,"4761: Bán lẻ sách, báo, tạp chí văn phòng phẩm trong các cửa hàng chuyên doanh-Chi tiết: Bán lẻ văn phòng phẩm;4771: Bán lẻ hàng may mặc, giày dép, hàng da và giả da trong các cửa hàng chuyên doanh-Ch",internet
316958825,CÔNG TY TNHH DOFUN VIETNAM,CÔNG TY TNHH DOFUN VIETNAM,Công ty trách nhiệm hữu hạn một thành viên,"236/37 Thái Phiên, Phường 8, Quận 11, Thành phố Hồ Chí Minh, Việt Nam",Quận 11,"4651: Bán buôn máy vi tính, thiết bị ngoại vi và phần mềm-Chi tiết:
-	Bán buôn máy vi tính, thiết bị ngoại vi;
-	Bán buôn phần mềm.;4741: Bán lẻ máy vi tính, thiết bị ngoại vi, phần mềm và thiết bị vi",internet
316966424,CÔNG TY TNHH XUẤT NHẬP KHẨU THƯƠNG MẠI DỊCH VỤ BNP,CÔNG TY TNHH XUẤT NHẬP KHẨU TH,Công ty trách nhiệm hữu hạn một thành viên,"160/17B Đội Cung, Phường 9, Quận 11, Thành phố Hồ Chí Minh, Việt Nam",Quận 11,"4669: Bán buôn chuyên doanh khác chưa được phân vào đâu-(trừ bán buôn bình gas, khí dầu mỏ hóa lỏng LPG, dầu nhớt cặn, vàng miếng, súng, đạn loại dùng đi săn hoặc thể thao và tiền kim khí; trừ bán buô",internet
316977190,CÔNG TY TNHH TƯ VẤN ĐẦU TƯ NHD,CÔNG TY TNHH TƯ VẤN ĐẦU TƯ NHD,Công ty trách nhiệm hữu hạn một thành viên,"1446 Đường 3 Tháng 2, Phường 2, Quận 11, Thành phố Hồ Chí Minh, Việt Nam",Quận 11,"0118: Trồng rau, đậu các loại và trồng hoa-;0220: Khai thác gỗ-;4101: Xây dựng nhà để ở-;4102: Xây dựng nhà không để ở-;4311: Phá dỡ-;4610: Đại lý, môi giới, đấu giá hàng hóa-Chi tiết: Đại lý;4620: Bá",internet
316991558,CÔNG TY TNHH THIẾT BỊ TIỆN ÍCH THÔNG MINH,CÔNG TY TNHH THIẾT BỊ TIỆN ÍCH,Công ty trách nhiệm hữu hạn một thành viên,"189A Lý Thường Kiệt, Phường 7, Quận 11, Thành phố Hồ Chí Minh, Việt Nam",Quận 11,"6190: Hoạt động viễn thông khác-Chi tiết: Cung cấp truy cập Internet thông qua các mạng kết nối giữa khách hàng và ISP nhưng không do ISP sở hữu và vận hành, như truy cập Internet quay số (dial-up); C",internet
316996115,CÔNG TY CỔ PHẦN VALUCI,CÔNG TY CỔ PHẦN VALUCI,Công ty cổ phần,"56C/68 Lạc Long Quân, Phường 3, Quận 11, Thành phố Hồ Chí Minh, Việt Nam",Quận 11,"4632: Bán buôn thực phẩm-(không hoạt động tại trụ sở);4633: Bán buôn đồ uống-;4634: Bán buôn sản phẩm thuốc lá, thuốc lào-;4649: Bán buôn đồ dùng khác cho gia đình-;4669: Bán buôn chuyên doanh khác ch",internet
