tax_code,name,name_slug,company_type,address,district,industry_raw,keyword
313653159,CÔNG TY TNHH LOGIX TECHNOLOGY VIỆT NAM,CÔNG TY TNHH LOGIX TECHNOLOGY ,Công ty trách nhiệm hữu hạn hai thành viên trở lên,"A15-2 Khu phố The Grand View, Đường Nguyễn Đức Cảnh, Phường Tân Phong, Quận 7, Thành phố Hồ Chí Minh, Việt Nam",Quận 7,6201: Lập trình máy vi tính-(CPC 842); 6202: Tư vấn máy vi tính và quản trị hệ thống máy vi tính-(CPC 842); 6209: Hoạt động dịch vụ công nghệ thông tin và dịch vụ khác liên quan đến máy vi tính-(CPC 8,technology
313656872,CÔNG TY TNHH TECHNOLOGY & DISTRIBUTION VIETNAM,CÔNG TY TNHH TECHNOLOGY  DISTR,Công ty trách nhiệm hữu hạn một thành viên,"42 Nguyễn Văn Cừ, Phường Cầu Kho, Quận 1, Thành phố Hồ Chí Minh, Việt Nam",Quận 1,"1104: Sản xuất đồ uống không cồn, nước khoáng-Chi tiết: Sản xuất nước khoáng, nước tinh khiết đống chai (không hoạt động tại trụ sở);1410: May trang phục (trừ trang phục từ da lông thú)-(không tẩy, nh",technology
313708915,CÔNG TY TNHH VERO TECHNOLOGY SOLUTIONS,CÔNG TY TNHH VERO TECHNOLOGY S,Công ty trách nhiệm hữu hạn một thành viên,"Số nhà 712, Lô 3C Chung cư Phú Thọ, Đường Lữ Gia, Phường 15, Quận 11, Thành phố Hồ Chí Minh, Việt Nam",Quận 11,6201: Lập trình máy vi tính-;,technology
313723776,CÔNG TY TNHH MS TECHNOLOGY VIỆT NAM,CÔNG TY TNHH MS TECHNOLOGY VIỆ,Công ty trách nhiệm hữu hạn một thành viên,"Phòng B, tầng 3, Star Building, số 33ter-33bis đường Mạc Đĩnh Chi, Phường Đa Kao, Quận 1, Thành phố Hồ Chí Minh, Việt Nam",Quận 1,"4690: Bán buôn tổng hợp-Chi tiết: Thực hiện quyền xuất khẩu, quyền nhập khẩu, quyền phân phối bán buôn các hàng hóa không thuộc danh mục hàng hóa cấm xuất khẩu, cấm nhập khẩu và danh mục hàng hóa khôn",technology
313736824,CÔNG TY TNHH FPT FOOD PROCESS TECHNOLOGY VIỆT NAM,CÔNG TY TNHH FPT FOOD PROCESS ,Công ty trách nhiệm hữu hạn một thành viên,"50 đường số 4 KDC Intresco, ấp 5, Xã Bình Hưng, Huyện Bình Chánh, Thành phố Hồ Chí Minh, Việt Nam",,"6201: Lập trình máy vi tính-chi tiết: Dịch vụ thực hiện phần mềm (CPC 842); 4652: Bán buôn thiết bị và linh kiện điện tử, viễn thông-Chi tiết: Thực hiện quyền xuất khẩu, quyền nhập khẩu, quyền phân ph",technology
313771089,CÔNG TY TNHH NISSHIN APPLICATIONS TECHNOLOGY,CÔNG TY TNHH NISSHIN APPLICATI,Công ty trách nhiệm hữu hạn hai thành viên trở lên,"296/26/34 Nguyễn Văn Lượng, Phường 17, Quận Gò Vấp, Thành phố Hồ Chí Minh, Việt Nam",Quận Gò Vấp,5224: Bốc xếp hàng hóa-(trừ bốc xếp hàng hóa cảng hàng không).;5229: Hoạt động dịch vụ hỗ trợ khác liên quan đến vận tải-Chi tiết: Dịch vụ giao nhận hàng hóa; Hoạt động của đại lý làm thủ tục hải quan,technology
313828779,CÔNG TY TNHH FULL UNION TECHNOLOGY VIỆT NAM,CÔNG TY TNHH FULL UNION TECHNO,Công ty trách nhiệm hữu hạn một thành viên,"Tầng 5 tòa nhà Robot, số 308-308C đường Điện Biên Phủ, Phường 04, Quận 3, Thành phố Hồ Chí Minh, Việt Nam",Quận 3,"4690: Bán buôn tổng hợp-Chi tiết: Thực hiện quyền nhập khẩu, quyền xuất khẩu, quyền phân phối bán buôn (không thành lập cơ sở bán buôn) các hàng hóa có mã 3212, 3902.90.10, 3208, 3209, 3210, 2705.00.0",technology
313727643,CÔNG TY TNHH DPK TECHNOLOGY VIET NAM,CÔNG TY TNHH DPK TECHNOLOGY VI,Công ty trách nhiệm hữu hạn một thành viên,"116 Xuân Thủy, Khu phố 2, Phường Thảo Điền, Quận 2, Thành phố Hồ Chí Minh, Việt Nam",Quận 2,2592: Gia công cơ khí; xử lý và tráng phủ kim loại-(không hoạt động tại trụ sở);5012: Vận tải hàng hóa ven biển và viễn dương-;5022: Vận tải hàng hóa đường thuỷ nội địa-;4662: Bán buôn kim loại và quặ,technology
313798940,CÔNG TY TNHH HAPPY FARM TECHNOLOGY,CÔNG TY TNHH HAPPY FARM TECHNO,Công ty trách nhiệm hữu hạn hai thành viên trở lên,"Số 330-332 Võ Văn Tần, Phường 05, Quận 3, Thành phố Hồ Chí Minh, Việt Nam",Quận 3,"4669: Bán buôn chuyên doanh khác chưa được phân vào đâu-Chi tiết: Bán buôn phân bón.;4620: Bán buôn nông, lâm sản nguyên liệu (trừ gỗ, tre, nứa) và động vật sống-Chi tiết: Bán buôn thức ăn cho gia súc",technology
313950031,CÔNG TY TNHH AAT TECHNOLOGY,CÔNG TY TNHH AAT TECHNOLOGY,Công ty trách nhiệm hữu hạn một thành viên,"62 Đường 14A, Cư xá Ngân Hàng, Phường Tân Thuận Tây, Quận 7, Thành phố Hồ Chí Minh, Việt Nam",Quận 7,"6201: Lập trình máy vi tính-;6202: Tư vấn máy vi tính và quản trị hệ thống máy vi tính-;4659: Bán buôn máy móc, thiết bị và phụ tùng máy khác-;7730: Cho thuê máy móc, thiết bị và đồ dùng hữu hình khác",technology
314015511,CÔNG TY TNHH MTI TECHNOLOGY,CÔNG TY TNHH MTI TECHNOLOGY,Công ty trách nhiệm hữu hạn một thành viên,"Tầng 14, Khối tháp E, Tòa nhà Cộng Hòa Garden, số 20 Cộng Hòa, Phường 12, Quận Tân Bình, Thành phố Hồ Chí Minh, Việt Nam",Quận Tân Bình,"7020: Hoạt động tư vấn quản lý-chi tiết: 
- Tư vấn quản lý chung
- Tư vấn quản lý nguồn nhân lực
(Doanh nghiệp không được cung cấp dịch vụ trọng tài hòa giải đối với tranh chấp thương mại giữa các thư",technology
314039350,CÔNG TY CỔ PHẦN NANO TECHNOLOGY OIL,CÔNG TY CỔ PHẦN NANO TECHNOLOG,Công ty cổ phần,"Tầng 4 Tòa Nhà Hải Âu, 39B Trường Sơn, Phường 4, Quận Tân Bình, Thành phố Hồ Chí Minh, Việt Nam",Quận Tân Bình,"2022: Sản xuất sơn, véc ni và các chất sơn, quét tương tự; sản xuất mực in và ma tít-(không hoạt động tại trụ sở).;4661: Bán buôn nhiên liệu rắn, lỏng, khí và các sản phẩm liên quan-(Trừ kinh doanh kh",technology
314118002,CÔNG TY TNHH GROOVE TECHNOLOGY VIETNAM,CÔNG TY TNHH GROOVE TECHNOLOGY,Công ty trách nhiệm hữu hạn một thành viên,"Tầng 10 & Tầng 18 Tòa nhà Havana Tower, 132 Hàm Nghi, Phường Bến Thành, Quận 1, Thành phố Hồ Chí Minh, Việt Nam",Quận 1,6201: Lập trình máy vi tính-chi tiết: lập trình máy vi tính;6202: Tư vấn máy vi tính và quản trị hệ thống máy vi tính-chi tiết: dịch vụ tư vấn phần mềm và tư vấn hệ thống;Doanh nghiệp có vốn đầu tư nư,technology
314093051,CÔNG TY CỔ PHẦN FINANCE TECHNOLOGY,CÔNG TY CỔ PHẦN FINANCE TECHNO,Công ty cổ phần,"Số 22 Lê Thánh Tôn, Phường Bến Nghé, Quận 1, Thành phố Hồ Chí Minh, Việt Nam",Quận 1,"5820: Xuất bản phần mềm-Chi tiết: Sản xuất phần mềm;5911: Hoạt động sản xuất phim điện ảnh, phim video và chương trình truyền hình-Chi tiết: Sản xuất chương trình truyền hình;6209: Hoạt động dịch vụ c",technology
314159369,CÔNG TY TNHH RIGEL TECHNOLOGY (INDOCHINA),CÔNG TY TNHH RIGEL TECHNOLOGY ,Công ty trách nhiệm hữu hạn một thành viên,"207-209 Đường Phan Đăng Lưu, Phường 01, Quận Phú Nhuận, Thành phố Hồ Chí Minh, Việt Nam",Quận Phú Nhuận,"4690: Bán buôn tổng hợp-chi tiết: thực hiện quyền xuất khẩu, quyền nhập khẩu, quyền phân phối bán buôn các hàng hóa không thuộc danh mục cấm xuất khẩu, nhập khẩu hoặc không được phân phối theo quy địn",technology
314174303,CÔNG TY TNHH AIRLIVE TECHNOLOGY,CÔNG TY TNHH AIRLIVE TECHNOLOG,Công ty trách nhiệm hữu hạn hai thành viên trở lên,"462 Phạm Thái Bường, Khu Phố Mỹ Toàn 1 , Phường Tân Phong, Quận 7, Thành phố Hồ Chí Minh, Việt Nam",Quận 7,"7020: Hoạt động tư vấn quản lý-(trừ tư vấn tài chính, kế toán, pháp luật) (CPC 865); 5820: Xuất bản phần mềm-Chi tiết: Sản xuất, gia công phần mềm (CPC 842); 6201: Lập trình máy vi tính-(CPC 8424); 62",technology
314058667,CÔNG TY CỔ PHẦN NAMAN FOODS TECHNOLOGY,CÔNG TY CỔ PHẦN NAMAN FOODS TE,Công ty cổ phần,"406 Ung Văn Khiêm, Phường 25, Quận Bình Thạnh, Thành phố Hồ Chí Minh, Việt Nam",Quận Bình Thạnh,"1030: Chế biến và bảo quản rau quả-Chi tiết: Chế biến đậu hũ và các sản phẩm từ đậu tương (không hoạt động tại trụ sở);2825: Sản xuất máy chế biến thực phẩm, đồ uống và thuốc lá-(không hoạt động tại t",technology
314119976,CÔNG TY TNHH YCM TECHNOLOGY VIỆT NAM,CÔNG TY TNHH YCM TECHNOLOGY VI,Công ty trách nhiệm hữu hạn một thành viên,"Số 1463, Khu phố Mỹ Toàn 1-H3, Phường Tân Phong, Quận 7, Thành phố Hồ Chí Minh, Việt Nam",Quận 7,"4690: Bán buôn tổng hợp-Chi tiết: thực hiện quyền xuất khẩu, quyền nhập khẩu, quyền phân phối bán buôn (không thành lập cở sở bán buôn) các hàng hóa không thuộc danh mục cấm xuất khẩu, nhập khẩu hoặc ",technology
313635713,CÔNG TY TNHH PTECHNOLOGY,CÔNG TY TNHH PTECHNOLOGY,Công ty trách nhiệm hữu hạn hai thành viên trở lên,"198 Đường 1A, Khu Dân Cư Vĩnh Lộc, Phường Bình Hưng Hòa B, Quận Bình Tân, Thành phố Hồ Chí Minh, Việt Nam",Quận Bình Tân,"0322: Nuôi trồng thuỷ sản nội địa-(không hoạt động tại trụ sở);1080: Sản xuất thức ăn gia súc, gia cầm và thuỷ sản-(không hoạt động tại trụ sở);4669: Bán buôn chuyên doanh khác chưa được phân vào đâu-",technology
314181413,CÔNG TY TNHH TECHNOLOGY GAME PARADISE,CÔNG TY TNHH TECHNOLOGY GAME P,Công ty trách nhiệm hữu hạn một thành viên,"Phòng 804, Lầu 8, Tòa Nhà PV Gas, 673 Nguyễn Hữu Thọ , Xã Phước Kiển, Huyện Nhà Bè, Thành phố Hồ Chí Minh, Việt Nam",,6201: Lập trình máy vi tính-;6202: Tư vấn máy vi tính và quản trị hệ thống máy vi tính-;6209: Hoạt động dịch vụ công nghệ thông tin và dịch vụ khác liên quan đến máy vi tính-;4651: Bán buôn máy vi tín,technology
314229400,CÔNG TY TNHH BLUESKY TECHNOLOGY,CÔNG TY TNHH BLUESKY TECHNOLOG,Công ty trách nhiệm hữu hạn một thành viên,"51/18/124 Phạm Văn Chiêu, Phường 14, Quận Gò Vấp, Thành phố Hồ Chí Minh, Việt Nam",Quận Gò Vấp,"4741: Bán lẻ máy vi tính, thiết bị ngoại vi, phần mềm và thiết bị viễn thông trong các cửa hàng chuyên doanh-;5820: Xuất bản phần mềm-Chi tiết: Sản xuất phần mềm;6201: Lập trình máy vi tính-;6202: Tư ",technology
314269033,CÔNG TY TNHH THƯƠNG MẠI DỊCH VỤ TỔNG HỢP NEW TECHNOLOGY,CÔNG TY TNHH THƯƠNG MẠI DỊCH V,Công ty trách nhiệm hữu hạn một thành viên,"499/6/54B Quang Trung, Phường 10, Quận Gò Vấp, Thành phố Hồ Chí Minh, Việt Nam",Quận Gò Vấp,"2670: Sản xuất thiết bị và dụng cụ quang học-(trừ gia công cơ khí, tái chế phế thải, xi mạ điện tại trụ sở);2733: Sản xuất thiết bị dây dẫn điện các loại-(trừ gia công cơ khí, tái chế phế thải, xi mạ ",technology
314291783,CÔNG TY TNHH TECHNOLOGY WORLD,CÔNG TY TNHH TECHNOLOGY WORLD,Công ty trách nhiệm hữu hạn một thành viên,"Số 8/4A Đường số 2, Khu phố 22, Phường Bình Hưng Hòa A, Quận Bình Tân, Thành phố Hồ Chí Minh, Việt Nam",Quận Bình Tân,"4669: Bán buôn chuyên doanh khác chưa được phân vào đâu-chi tiết: bán buôn hàng trang trí nội, ngoại thất;4759: Bán lẻ đồ điện gia dụng, giường, tủ, bàn, ghế và đồ nội thất tương tự, đèn và bộ đèn điệ",technology
316864013,CÔNG TY TNHH TANIGUCHI TECHNOLOGY VIỆT NAM,CÔNG TY TNHH TANIGUCHI TECHNOL,Công ty trách nhiệm hữu hạn một thành viên,"Tầng 18, Tòa nhà Park IX, Số 08 Phan Đình Giót, Phường 2, Quận Tân Bình, Thành phố Hồ Chí Minh, Việt Nam",Quận Tân Bình,"4652: Bán buôn thiết bị và linh kiện điện tử, viễn thông-Chi tiết: Thực hiện quyền phân phối bán buôn các hàng hóa theo quy định của pháp luật Việt Nam và các điều ước quốc tế mà Việt Nam là thành viê",technology
314339788,CÔNG TY CỔ PHẦN HOÀNG NGA TECHNOLOGY,CÔNG TY CỔ PHẦN HOÀNG NGA TECH,Công ty cổ phần,"B6/21Y/5S1 Ấp 2, Xã Vĩnh Lộc A, Huyện Bình Chánh, Thành phố Hồ Chí Minh, Việt Nam",,"7310: Quảng cáo-;4651: Bán buôn máy vi tính, thiết bị ngoại vi và phần mềm-;3290: Sản xuất khác chưa được phân vào đâu-Chi tiết: Sản xuất và lắp đặt tủ bảng điện (trừ Sản Xuất xốp cách nhiệt sử dụng g",technology
314364826,CÔNG TY TNHH JOABOA TECHNOLOGY (S.E.A) ENGINEERING,CÔNG TY TNHH JOABOA TECHNOLOGY,Công ty trách nhiệm hữu hạn một thành viên,"4-6 Lương Định Của, Phường An Phú, Quận 2, Thành phố Hồ Chí Minh, Việt Nam",Quận 2,"3320: Lắp đặt máy móc và thiết bị công nghiệp-(trừ gia công cơ khí, tái chế phế thải, xi mạ điện tại trụ sở); 4659: Bán buôn máy móc, thiết bị và phụ tùng máy khác-Chi tiết: Xuất nhập khẩu, bán buôn m",technology
314384406,CÔNG TY TNHH ZENII TECHNOLOGY VIETNAM,CÔNG TY TNHH ZENII TECHNOLOGY ,Công ty trách nhiệm hữu hạn hai thành viên trở lên,"36/43/5 Đường Mễ Cốc, Phường 15, Quận 8, Thành phố Hồ Chí Minh, Việt Nam",Quận 8,"4662: Bán buôn kim loại và quặng kim loại-(trừ kinh doanh vàng miếng); 4663: Bán buôn vật liệu, thiết bị lắp đặt khác trong xây dựng-; 4722: Bán lẻ thực phẩm trong các cửa hàng chuyên doanh-Chi tiết: ",technology
314410864,CÔNG TY TNHH D SQUARED TECHNOLOGY VIỆT NAM,CÔNG TY TNHH D SQUARED TECHNOL,Công ty trách nhiệm hữu hạn một thành viên,"Số 91/52 Phạm Văn Chiêu, Phường 14, Quận Gò Vấp, Thành phố Hồ Chí Minh, Việt Nam",Quận Gò Vấp,"3320: Lắp đặt máy móc và thiết bị công nghiệp-chi tiết: lắp đặt máy móc và thiết bị các loại máy móc- thiết bị chuyên dụng khác  (không hoạt động tại trụ sở)  (CPC 884); 3312: Sửa chữa máy móc, thiết ",technology
314431261,CÔNG TY TNHH XÂY DỰNG VÀ THƯƠNG MẠI AC-TECHNOLOGY,CÔNG TY TNHH XÂY DỰNG VÀ THƯƠN,Công ty trách nhiệm hữu hạn hai thành viên trở lên,"46/39 Tam Bình, Khu phố 8, Phường Hiệp Bình Chánh, Quận Thủ Đức, Thành phố Hồ Chí Minh, Việt Nam",Quận Thủ Đức,"2022: Sản xuất sơn, véc ni và các chất sơn, quét tương tự; sản xuất mực in và ma tít-chi tiết: Sản xuất các loại sơn (không hoạt động tại trụ sở).;4663: Bán buôn vật liệu, thiết bị lắp đặt khác trong ",technology
314454798,CÔNG TY TNHH AL TECHNOLOGY,CÔNG TY TNHH AL TECHNOLOGY,Công ty trách nhiệm hữu hạn hai thành viên trở lên,"Tầng 3, Tòa nhà Indochina, Số 4 Nguyễn Đình Chiểu, Phường Đa Kao, Quận 1, Thành phố Hồ Chí Minh, Việt Nam",Quận 1,5820: Xuất bản phần mềm-Chi tiết: Sản xuất phần mềm.;6201: Lập trình máy vi tính-;6202: Tư vấn máy vi tính và quản trị hệ thống máy vi tính-;6209: Hoạt động dịch vụ công nghệ thông tin và dịch vụ khác,technology
314474480,CÔNG TY CỔ PHẦN QUANTUM TECHNOLOGY,CÔNG TY CỔ PHẦN QUANTUM TECHNO,Công ty cổ phần,"Tầng 16, Tòa nhà Saigon Tower, Số 29, Đường Lê Duẩn, Phường Bến Nghé, Quận 1, Thành phố Hồ Chí Minh, Việt Nam",Quận 1,"7020: Hoạt động tư vấn quản lý-Trừ tư vấn tài chính, kế toán và pháp luật;7210: Nghiên cứu và phát triển thực nghiệm khoa học tự nhiên và kỹ thuật-;Doanh nghiệp phải thực hiện đúng các quy định của ph",technology
314504199,CÔNG TY TNHH SWISS ADVANCED TECHNOLOGY INDUSTRIES,CÔNG TY TNHH SWISS ADVANCED TE,Công ty trách nhiệm hữu hạn hai thành viên trở lên,"Số 9, Đường 19B, Phường Bình Trị Đông B, Quận Bình Tân, Thành phố Hồ Chí Minh, Việt Nam",Quận Bình Tân,"2592: Gia công cơ khí; xử lý và tráng phủ kim loại-(không hoạt động tại trụ sở);4659: Bán buôn máy móc, thiết bị và phụ tùng máy khác-Chi tiết: 
- Thực hiện quyền xuất khẩu, nhập khẩu, phân phối bán b",technology
314505019,CÔNG TY TNHH YONGPENG TELECOM TECHNOLOGY VIỆT NAM,CÔNG TY TNHH YONGPENG TELECOM ,Công ty trách nhiệm hữu hạn một thành viên,"Số 14 Đường số 22 KDC Him Lam 6A, Xã Bình Hưng, Huyện Bình Chánh, Thành phố Hồ Chí Minh, Việt Nam",,"9511: Sửa chữa máy vi tính và thiết bị ngoại vi-Chi tiết: Dịch vụ duy tu và bảo dưỡng máy móc và thiết bị văn phòng, bao gồm cả máy tính
(CPC: 845);4390: Hoạt động xây dựng chuyên dụng khác-Chi tiết: ",technology
314541137,CÔNG TY TNHH ABC TECHNOLOGY,CÔNG TY TNHH ABC TECHNOLOGY,Công ty trách nhiệm hữu hạn hai thành viên trở lên,"Tầng 2, 431A Hoàng Văn Thụ, Phường 4, Quận Tân Bình, Thành phố Hồ Chí Minh, Việt Nam",Quận Tân Bình,"5820: Xuất bản phần mềm-Chi tiết: Sản xuất - gia công phần mềm;6201: Lập trình máy vi tính-;6311: Xử lý dữ liệu, cho thuê và các hoạt động liên quan-;8560: Dịch vụ hỗ trợ giáo dục-;2610: Sản xuất linh",technology
314542268,CÔNG TY TNHH 3WAY TECHNOLOGY VN,CÔNG TY TNHH 3WAY TECHNOLOGY V,Công ty trách nhiệm hữu hạn hai thành viên trở lên,"Tầng 9, tòa nhà Vietcomreal, 68 Nguyễn Huệ, Phường Bến Nghé, Quận 1, Thành phố Hồ Chí Minh, Việt Nam",Quận 1,"4741: Bán lẻ máy vi tính, thiết bị ngoại vi, phần mềm và thiết bị viễn thông trong các cửa hàng chuyên doanh-;5820: Xuất bản phần mềm-Chi tiết: Sản xuất phần mềm;6201: Lập trình máy vi tính-;6202: Tư ",technology
314500532,CÔNG TY TNHH LIT TECHNOLOGY,CÔNG TY TNHH LIT TECHNOLOGY,Công ty trách nhiệm hữu hạn một thành viên,"Tầng 10, Tòa nhà Friendship Tower, số 31, Đường Lê Duẩn, Phường Bến Nghé, Quận 1, Thành phố Hồ Chí Minh, Việt Nam",Quận 1,"7020: Hoạt động tư vấn quản lý-Chi tiết: Dịch vụ tư vấn quản lý tài chính (trừ tư vấn kế toán, pháp luật).;7320: Nghiên cứu thị trường và thăm dò dư luận-(trừ các loại thông tin Nhà Nước cấm và dịch v",technology
314710201,CÔNG TY TNHH KOI TECHNOLOGY VIỆT NAM,CÔNG TY TNHH KOI TECHNOLOGY VI,Công ty trách nhiệm hữu hạn một thành viên,"Tầng 1, Tòa nhà Packsimex, 52 Đông Du, Phường Bến Nghé, Quận 1, Thành phố Hồ Chí Minh, Việt Nam",Quận 1,"4741: Bán lẻ máy vi tính, thiết bị ngoại vi, phần mềm và thiết bị viễn thông trong các cửa hàng chuyên doanh-;5820: Xuất bản phần mềm-Chi tiết: Sản xuất, gia công phần mềm.;6201: Lập trình máy vi tính",technology
314781403,CÔNG TY TNHH BLOCKCHAIN TECHNOLOGY SOLUTION,CÔNG TY TNHH BLOCKCHAIN TECHNO,Công ty trách nhiệm hữu hạn một thành viên,"19 Đường Số 11, Khu phố 4 , Phường Bình An, Quận 2, Thành phố Hồ Chí Minh, Việt Nam",Quận 2,"4741: Bán lẻ máy vi tính, thiết bị ngoại vi, phần mềm và thiết bị viễn thông trong các cửa hàng chuyên doanh-;5820: Xuất bản phần mềm-chi tiết : sản xuất phần mềm;6201: Lập trình máy vi tính-;6202: Tư",technology
314790736,CÔNG TY TNHH INVESTMENT TECHNOLOGY FUTURE,CÔNG TY TNHH INVESTMENT TECHNO,Công ty trách nhiệm hữu hạn một thành viên,"Số 5/54/8 Nơ Trang Long, Phường 7, Quận Bình Thạnh, Thành phố Hồ Chí Minh, Việt Nam",Quận Bình Thạnh,5012: Vận tải hàng hóa ven biển và viễn dương-(trừ hóa lỏng khí để vận chuyển).;5022: Vận tải hàng hóa đường thuỷ nội địa-(trừ hóa lỏng khí để vận chuyển).;5229: Hoạt động dịch vụ hỗ trợ khác liên qua,technology
314215581,CÔNG TY TNHH TOTAL SOLUTIONS PROVIDER TECHNOLOGY,CÔNG TY TNHH TOTAL SOLUTIONS P,Công ty trách nhiệm hữu hạn hai thành viên trở lên,"Số 15, Đường Lam Sơn, Phường 05, Quận Phú Nhuận, Thành phố Hồ Chí Minh, Việt Nam",Quận Phú Nhuận,"4652: Bán buôn thiết bị và linh kiện điện tử, viễn thông-;4659: Bán buôn máy móc, thiết bị và phụ tùng máy khác-;4669: Bán buôn chuyên doanh khác chưa được phân vào đâu-chi tiết: Bán buôn thiết bị phò",technology
314569830,CÔNG TY TNHH BK GREEN TECHNOLOGY,CÔNG TY TNHH BK GREEN TECHNOLO,Công ty trách nhiệm hữu hạn hai thành viên trở lên,"C12/21/6 Ấp 3, Xã Vĩnh Lộc B, Huyện Bình Chánh, Thành phố Hồ Chí Minh, Việt Nam",,"7110: Hoạt động kiến trúc và tư vấn kỹ thuật có liên quan-Chi tiết: Tư vấn kỹ thuật trong lĩnh vực xây dựng;4322: Lắp đặt hệ thống cấp, thoát nước, hệ thống sưởi và điều hoà không khí-Chi tiết: Lắp đặ",technology
314748036,CÔNG TY TNHH SQC TECHNOLOGY,CÔNG TY TNHH SQC TECHNOLOGY,Công ty trách nhiệm hữu hạn hai thành viên trở lên,"38/17/8 Đường số 9, khu phố 1, Phường Linh Tây, Thành phố Thủ Đức, Thành phố Hồ Chí Minh, Việt Nam",,"3320: Lắp đặt máy móc và thiết bị công nghiệp-(không gia công cơ khí, tái chế phế thải, xi mạ điện tại trụ sở);4321: Lắp đặt hệ thống điện-Chi tiết: Lắp đặt hệ thống điện; Lắp đặt thiết bị camera kfcc",technology
314665887,CÔNG TY TNHH HẢI ĐĂNG TECHNOLOGY,CÔNG TY TNHH HẢI ĐĂNG TECHNOLO,Công ty trách nhiệm hữu hạn một thành viên,"Số 4 Đường 96, Khu Phố 6, Phường Hiệp Phú, Thành phố Thủ Đức, Thành phố Hồ Chí Minh, Việt Nam",,7110: Hoạt động kiến trúc và tư vấn kỹ thuật có liên quan-Chi tiết: Thiết kế máy móc và thiết bị; Thiết kế kiến trúc công trình; Thẩm tra thiết kế kiến trúc công trình; Thiết kế kết cấu công trình dân,technology
314670220,CÔNG TY TNHH HOÀNG GIA TECHNOLOGY,CÔNG TY TNHH HOÀNG GIA TECHNOL,Công ty trách nhiệm hữu hạn một thành viên,"402/41 An Dương Vương, Phường 04, Quận 5, Thành phố Hồ Chí Minh, Việt Nam",Quận 5,"2592: Gia công cơ khí; xử lý và tráng phủ kim loại-(không hoạt động tại trụ sở);4659: Bán buôn máy móc, thiết bị và phụ tùng máy khác-;4662: Bán buôn kim loại và quặng kim loại-;2410: Sản xuất sắt, th",technology
314825837,CÔNG TY TNHH MỘT THÀNH VIÊN PHẦN MỀM JAVAC TECHNOLOGY,CÔNG TY TNHH MỘT THÀNH VIÊN PH,Công ty trách nhiệm hữu hạn một thành viên,"Tầng 6, Tòa nhà SCETPA, số 19A Cộng Hòa, Phường 12, Quận Tân Bình, Thành phố Hồ Chí Minh, Việt Nam",Quận Tân Bình,6201: Lập trình máy vi tính-;6202: Tư vấn máy vi tính và quản trị hệ thống máy vi tính-;6209: Hoạt động dịch vụ công nghệ thông tin và dịch vụ khác liên quan đến máy vi tính-Chi tiết: Khắc phục các sự,technology
314888763,CÔNG TY TNHH DAESUNG TECHNOLOGY,CÔNG TY TNHH DAESUNG TECHNOLOG,Công ty trách nhiệm hữu hạn một thành viên,"Tầng 1, tòa nhà VietPhone 1, 64 Nguyễn Đình Chiểu, Phường Đa Kao, Quận 1, Thành phố Hồ Chí Minh, Việt Nam",Quận 1,"3320: Lắp đặt máy móc và thiết bị công nghiệp-CPC 884, 885;Doanh nghiệp có vốn đầu tư nước ngoài có trách nhiệm thực hiện thủ tục đầu tư theo quy định của Luật Đầu tư và pháp luật có liên quan. Doanh ",technology
314924926,CÔNG TY TNHH FLUENCE TECHNOLOGY VIỆT NAM,CÔNG TY TNHH FLUENCE TECHNOLOG,Công ty trách nhiệm hữu hạn hai thành viên trở lên,"Tòa nhà số 36 Cao Đức Lân, Khu phố 5, Phường An Phú, Thành phố Thủ Đức, Thành phố Hồ Chí Minh, Việt Nam",,"4610: Đại lý, môi giới, đấu giá hàng hóa-Chi tiết: Đại lý hàng hóa (CPC 621);4633: Bán buôn đồ uống-(CPC 622);4652: Bán buôn thiết bị và linh kiện điện tử, viễn thông-(CPC 622);4669: Bán buôn chuyên d",technology
314928286,CÔNG TY TNHH AN PHÚ TECHNOLOGY,CÔNG TY TNHH AN PHÚ TECHNOLOGY,Công ty trách nhiệm hữu hạn một thành viên,"132/3/4 Đường Liên Tỉnh 5, Phường 6, Quận 8, Thành phố Hồ Chí Minh, Việt Nam",Quận 8,"4651: Bán buôn máy vi tính, thiết bị ngoại vi và phần mềm-;4652: Bán buôn thiết bị và linh kiện điện tử, viễn thông-;7310: Quảng cáo-;7420: Hoạt động nhiếp ảnh-;9511: Sửa chữa máy vi tính và thiết bị ",technology
314974941,CÔNG TY TNHH DXC TECHNOLOGY VIỆT NAM,CÔNG TY TNHH DXC TECHNOLOGY VI,Công ty trách nhiệm hữu hạn một thành viên,"Tầng 2, Tòa nhà e.Town 1, số 364 Đường Cộng Hòa, Phường 13, Quận Tân Bình, Thành phố Hồ Chí Minh, Việt Nam",Quận Tân Bình,"6201: Lập trình máy vi tính-Chi tiết: Sản xuất các sản phẩm phần mềm:
- Nhóm phần mềm hệ thống (bao gồm hệ điều hành; phần mềm mạng; phần mềm quản trị cơ sở dữ liệu; phần mềm nhúng; phần mềm hệ thống ",technology
315013926,CÔNG TY TNHH HOTEL TECHNOLOGY SOLUTION VIETNAM,CÔNG TY TNHH HOTEL TECHNOLOGY ,Công ty trách nhiệm hữu hạn một thành viên,"D41 Đường số 19, Khu phố 2, Phường Bình An, Quận 2, Thành phố Hồ Chí Minh, Việt Nam",Quận 2,6312: Cổng thông tin-Chi tiết: Thiết lập trang thông tin điện tử tổng hợp; 9511: Sửa chữa máy vi tính và thiết bị ngoại vi-; 4649: Bán buôn đồ dùng khác cho gia đình-Chi tiết: - Bán buôn hàng trang tr,technology
315006559,CÔNG TY CỔ PHẦN FINANCIAL TECHNOLOGY VHDT,CÔNG TY CỔ PHẦN FINANCIAL TECH,Công ty cổ phần,"231 Chu Văn An, Phường 26, Quận Bình Thạnh, Thành phố Hồ Chí Minh, Việt Nam",Quận Bình Thạnh,6312: Cổng thông tin-Chi tiết: Thiết lập trang thông tin điện tử tổng hợp;6202: Tư vấn máy vi tính và quản trị hệ thống máy vi tính-;5820: Xuất bản phần mềm-Chi tiết: Sản xuất phần mềm;4652: Bán buôn ,technology
315012591,CÔNG TY TNHH IMPULSE TECHNOLOGY VIỆT NAM,CÔNG TY TNHH IMPULSE TECHNOLOG,Công ty trách nhiệm hữu hạn một thành viên,"1/4K Tổ 4, Khu phố 5, Đường 21, Phường Phước Long A, Quận 9, Thành phố Hồ Chí Minh, Việt Nam",Quận 9,"3319: Sửa chữa thiết bị khác-;4321: Lắp đặt hệ thống điện-(trừ gia công cơ khí, tái chế phế thải, xi mạ điện tại trụ sở);4652: Bán buôn thiết bị và linh kiện điện tử, viễn thông-;4649: Bán buôn đồ dùn",technology
315009768,CÔNG TY TNHH TECHNOLOGY NGUYỄN LÝ,CÔNG TY TNHH TECHNOLOGY NGUYỄ,Công ty trách nhiệm hữu hạn một thành viên,"351/31 Nơ Trang Long, Phường 13, Quận Bình Thạnh, Thành phố Hồ Chí Minh, Việt Nam",Quận Bình Thạnh,"6209: Hoạt động dịch vụ công nghệ thông tin và dịch vụ khác liên quan đến máy vi tính-;4741: Bán lẻ máy vi tính, thiết bị ngoại vi, phần mềm và thiết bị viễn thông trong các cửa hàng chuyên doanh-;465",technology
315106835,CÔNG TY TNHH V-SILICON TECHNOLOGY VIETNAM,CÔNG TY TNHH VSILICON TECHNOLO,Công ty trách nhiệm hữu hạn một thành viên,"28 Phùng Khắc Khoan, Phường Đa Kao, Quận 1, Thành phố Hồ Chí Minh, Việt Nam",Quận 1,"7110: Hoạt động kiến trúc và tư vấn kỹ thuật có liên quan-Chi tiết: Dịch vụ tư vấn kỹ thuật (CPC: 8672)
Tổ chức kinh tế thực hiện dự án đầu tư không được cung cấp dịch vụ liên quan đến khảo sát địa hì",technology
316135998,CÔNG TY TNHH GREEN INNOVATIVE CREATION TECHNOLOGY,CÔNG TY TNHH GREEN INNOVATIVE ,Công ty trách nhiệm hữu hạn hai thành viên trở lên,"18 Hoàng Kế Viêm, Phường 12, Quận Tân Bình, Thành phố Hồ Chí Minh, Việt Nam",Quận Tân Bình,"4711: Bán lẻ lương thực, thực phẩm, đồ uống, thuốc lá, thuốc lào chiếm tỷ trọng lớn trong các cửa hàng kinh doanh tổng hợp-(thực hiện theo quyết định 64/2009/QĐ-UB ngày 31/7/2009 và 79/2009/QĐ-UBND ng",technology
315007295,CÔNG TY TNHH MAINSPRING TECHNOLOGY,CÔNG TY TNHH MAINSPRING TECHNO,Công ty trách nhiệm hữu hạn một thành viên,"khu Trung Tâm Ươm Tạo Doanh nghiệp Công Nghệ - Trường Đại học Bách Khoa - ĐHQG TP.HCM - số 268 Lý Thường Kiệt, Phường 14, Quận 10, Thành phố Hồ Chí Minh, Việt Nam",Quận 10,"7020: Hoạt động tư vấn quản lý-Chi tiết: Dịch vụ tư vấn quản lý khác, chi tiết: dịch vụ tư vấn đầu tư  (CPC: 865, 86509)
(Doanh nghiệp không được cung cấp dịch vụ trọng tài hòa giải đối với tranh chấp",technology
315186132,CÔNG TY TNHH SẢN XUẤT - THƯƠNG MẠI DỊCH VỤ CƠ ĐIỆN DUY LA TECHNOLOGY,CÔNG TY TNHH SẢN XUẤT  THƯƠNG ,Công ty trách nhiệm hữu hạn một thành viên,"235/17 Đường Lê Văn Thọ, Phường 9, Quận Gò Vấp, Thành phố Hồ Chí Minh, Việt Nam",Quận Gò Vấp,"2592: Gia công cơ khí; xử lý và tráng phủ kim loại-;2593: Sản xuất dao kéo, dụng cụ cầm tay và đồ kim loại thông dụng-;2599: Sản xuất sản phẩm khác bằng kim loại chưa được phân vào đâu-;3312: Sửa chữa",technology
315026971,CÔNG TY TNHH NEXLAB TECHNOLOGY,CÔNG TY TNHH NEXLAB TECHNOLOGY,Công ty trách nhiệm hữu hạn một thành viên,"Lầu 3, Tòa nhà M.G Building, Số 26 Hoàng Kế Viêm, Phường 12, Quận Tân Bình, Thành phố Hồ Chí Minh, Việt Nam",Quận Tân Bình,"1811: In ấn-;4651: Bán buôn máy vi tính, thiết bị ngoại vi và phần mềm-Chi tiết: bán buôn phần mềm;6311: Xử lý dữ liệu, cho thuê và các hoạt động liên quan-;7410: Hoạt động thiết kế chuyên dụng-Chi ti",technology
315221161,CÔNG TY TNHH SINNO TECHNOLOGY,CÔNG TY TNHH SINNO TECHNOLOGY,Công ty trách nhiệm hữu hạn một thành viên,"1331/15/244 Lê Đức Thọ, Phường 14, Quận Gò Vấp, Thành phố Hồ Chí Minh, Việt Nam",Quận Gò Vấp,"4659: Bán buôn máy móc, thiết bị và phụ tùng máy khác-Chi tiết: Bán buôn máy móc, thiết bị, vật tư ngành công nghiệp; ngành sản xuất kính; máy móc, phụ kiện ngành nhựa, ngành nhôm;",technology
315183318,CÔNG TY CỔ PHẦN MG TECHNOLOGY,CÔNG TY CỔ PHẦN MG TECHNOLOGY,Công ty cổ phần,"202 Hoàng Văn Thụ, Phường 09, Quận Phú Nhuận, Thành phố Hồ Chí Minh, Việt Nam",Quận Phú Nhuận,"4651: Bán buôn máy vi tính, thiết bị ngoại vi và phần mềm-;4652: Bán buôn thiết bị và linh kiện điện tử, viễn thông-;4659: Bán buôn máy móc, thiết bị và phụ tùng máy khác-;4741: Bán lẻ máy vi tính, th",technology
315197575,CÔNG TY TNHH ARES TECHNOLOGY VIỆT NAM,CÔNG TY TNHH ARES TECHNOLOGY V,Công ty trách nhiệm hữu hạn hai thành viên trở lên,"20-22 Đường số 06, Cư xá Bình Thới , Phường 8, Quận 11, Thành phố Hồ Chí Minh, Việt Nam",Quận 11,"9511: Sửa chữa máy vi tính và thiết bị ngoại vi-;4659: Bán buôn máy móc, thiết bị và phụ tùng máy khác-;6201: Lập trình máy vi tính-Chi tiết: Hoạt động viết, sửa, thử nghiệm và trợ giúp các phần mềm t",technology
315104556,CÔNG TY TNHH IM PROFESSION BIOTECHNOLOGY,CÔNG TY TNHH IM PROFESSION BIO,Công ty trách nhiệm hữu hạn một thành viên,"Số 44D Đường Số 14, Khu phố 2, Phường An Lạc A, Quận Bình Tân, Thành phố Hồ Chí Minh, Việt Nam",Quận Bình Tân,4390: Hoạt động xây dựng chuyên dụng khác-Chi tiết: Dịch vụ định hình và giải phóng mặt bằng. Chống thấm bảo vệ kết cấu các công trình xây dựng ( CPC 515;5113); 4649: Bán buôn đồ dùng khác cho gia đìn,technology
315224821,CÔNG TY TNHH ACM TECHNOLOGY,CÔNG TY TNHH ACM TECHNOLOGY,Công ty trách nhiệm hữu hạn hai thành viên trở lên,"220/21 Âu Cơ, Phường 9, Quận Tân Bình, Thành phố Hồ Chí Minh, Việt Nam",Quận Tân Bình,"2610: Sản xuất linh kiện điện tử-;2640: Sản xuất sản phẩm điện tử dân dụng-;2710: Sản xuất mô tơ, máy phát, biến thế điện, thiết bị phân phối và điều khiển điện-;2750: Sản xuất đồ điện dân dụng-;2022:",technology
315261534,CÔNG TY TNHH HDWEBSOFT TECHNOLOGY,CÔNG TY TNHH HDWEBSOFT TECHNOL,Công ty trách nhiệm hữu hạn một thành viên,"15 Thép Mới, Phường 12, Quận Tân Bình, Thành phố Hồ Chí Minh, Việt Nam",Quận Tân Bình,"6201: Lập trình máy vi tính-;6202: Tư vấn máy vi tính và quản trị hệ thống máy vi tính-;6209: Hoạt động dịch vụ công nghệ thông tin và dịch vụ khác liên quan đến máy vi tính-;6311: Xử lý dữ liệu, cho ",technology
315249329,CÔNG TY TNHH GLOBEDR TECHNOLOGY VIETNAM,CÔNG TY TNHH GLOBEDR TECHNOLOG,Công ty trách nhiệm hữu hạn một thành viên,"173A Nguyễn Văn Trỗi, Phường 11, Quận Phú Nhuận, Thành phố Hồ Chí Minh, Việt Nam",Quận Phú Nhuận,"8559: Giáo dục khác chưa được phân vào đâu-chi tiết: đào tạo tin học, ngoại ngữ, dạy nghề (trừ dạy về tôn giáo; các trường của các tổ chức Đảng - Đoàn thể);9101: Hoạt động thư viện và lưu trữ-chi tiết",technology
315288688,CÔNG TY TNHH HT TECHNOLOGY,CÔNG TY TNHH HT TECHNOLOGY,Công ty trách nhiệm hữu hạn hai thành viên trở lên,"345/39/11 Đường Bình Thành, Khu Phố 2, Phường Bình Hưng Hòa B, Quận Bình Tân, Thành phố Hồ Chí Minh, Việt Nam",Quận Bình Tân,"4690: Bán buôn tổng hợp-Chi tiết: Bán buôn hạt hút ẩm. Bán buôn trang thiết bị, dụng cụ bảo hộ lao động. Bán buôn trang thiết bị, dụng cụ cơ khí cầm tay. Bán buôn phụ tùng thiết bị máy gia công chính ",technology
315265923,CÔNG TY TNHH MNB TECHNOLOGY,CÔNG TY TNHH MNB TECHNOLOGY,Công ty trách nhiệm hữu hạn hai thành viên trở lên,"190-192 Đề Thám, Phường Cầu Ông Lãnh, Quận 1, Thành phố Hồ Chí Minh, Việt Nam",Quận 1,"5229: Hoạt động dịch vụ hỗ trợ khác liên quan đến vận tải-(trừ hóa lỏng khí để vận chuyển và hoạt động liên quan đến vận tải đường hàng không);4759: Bán lẻ đồ điện gia dụng, giường, tủ, bàn, ghế và đồ",technology
315267938,CÔNG TY TNHH LATTICE ENERGY TECHNOLOGY,CÔNG TY TNHH LATTICE ENERGY TE,Công ty trách nhiệm hữu hạn hai thành viên trở lên,"37/29 Đường 36, Khu phố 8, Phường Hiệp Bình Chánh, Quận Thủ Đức, Thành phố Hồ Chí Minh, Việt Nam",Quận Thủ Đức,"4659: Bán buôn máy móc, thiết bị và phụ tùng máy khác-Chi tiết: 
- Bán buôn máy móc, thiết bị và phụ tùng máy in 3D;
- Bán buôn máy móc, thiết bị và phụ tùng máy cung cấp năng lượng mặt trời
(CPC 622)",technology
315280745,CÔNG TY CỔ PHẦN VIỆT NAM GENE & CELL TECHNOLOGY,CÔNG TY CỔ PHẦN VIỆT NAM GENE ,Công ty cổ phần,"20 Trương Định , Phường Võ Thị Sáu, Quận 3, Thành phố Hồ Chí Minh, Việt Nam",Quận 3,"2100: Sản xuất thuốc, hoá dược và dược liệu-(trừ sản xuất hoá chất);3250: Sản xuất thiết bị, dụng cụ y tế, nha khoa, chỉnh hình và phục hồi chức năng-;3290: Sản xuất khác chưa được phân vào đâu-;4322:",technology
315282527,CÔNG TY TNHH PHÚC AN TECHNOLOGY,CÔNG TY TNHH PHÚC AN TECHNOLOG,Công ty trách nhiệm hữu hạn một thành viên,"527/18/10E Trường Chinh, Phường Tân Thới Nhất, Quận 12, Thành phố Hồ Chí Minh, Việt Nam",Quận 12,8220: Hoạt động dịch vụ liên quan đến các cuộc gọi-;6110: Hoạt động viễn thông có dây-;6120: Hoạt động viễn thông không dây-;6201: Lập trình máy vi tính-;6202: Tư vấn máy vi tính và quản trị hệ thống ,technology
315298238,CÔNG TY CỔ PHẦN IPI TECHNOLOGY SOLUTIONS,CÔNG TY CỔ PHẦN IPI TECHNOLOGY,Công ty cổ phần,"200 Phan Văn Hân, Phường 17, Quận Bình Thạnh, Thành phố Hồ Chí Minh, Việt Nam",Quận Bình Thạnh,"3290: Sản xuất khác chưa được phân vào đâu-(trừ Sản Xuất xốp cách nhiệt sử dụng ga R141b, sử dụng polyol trộn sẵn HCFC-141b);4651: Bán buôn máy vi tính, thiết bị ngoại vi và phần mềm-;4610: Đại lý, mô",technology
316221206,CÔNG TY TNHH THƯƠNG MẠI DDTECHNOLOGY,CÔNG TY TNHH THƯƠNG MẠI DDTECH,Công ty trách nhiệm hữu hạn một thành viên,"132/3 Trịnh Đình Trọng, Phường Phú Trung, Quận Tân Phú, Thành phố Hồ Chí Minh, Việt Nam",Quận Tân Phú,"4651: Bán buôn máy vi tính, thiết bị ngoại vi và phần mềm-;4652: Bán buôn thiết bị và linh kiện điện tử, viễn thông-;4741: Bán lẻ máy vi tính, thiết bị ngoại vi, phần mềm và thiết bị viễn thông trong ",technology
315327633,CÔNG TY TNHH LANJIANG INNOVATION TECHNOLOGY,CÔNG TY TNHH LANJIANG INNOVATI,Công ty trách nhiệm hữu hạn một thành viên,"368/5-7 Kinh Dương Vương, Khu phố 2, Phường An Lạc A, Quận Bình Tân, Thành phố Hồ Chí Minh, Việt Nam",Quận Bình Tân,"6202: Tư vấn máy vi tính và quản trị hệ thống máy vi tính-CPC 841;6209: Hoạt động dịch vụ công nghệ thông tin và dịch vụ khác liên quan đến máy vi tính-CPC 849;6311: Xử lý dữ liệu, cho thuê và các hoạ",technology
315390586,CÔNG TY TNHH 3D TECHNOLOGY VĨNH THỊNH PHÁT,CÔNG TY TNHH 3D TECHNOLOGY VĨN,Công ty trách nhiệm hữu hạn một thành viên,"8/17 Đường số 2, Phường Bình Hưng Hòa A, Quận Bình Tân, Thành phố Hồ Chí Minh, Việt Nam",Quận Bình Tân,"2819: Sản xuất máy thông dụng khác-Chi tiết: Sản xuất máy móc, thiết bị ngành cơ khí; Sản xuất máy móc, thiết bị công nghiệp (không hoạt động tại trụ sở);3320: Lắp đặt máy móc và thiết bị công nghiệp-",technology
315353506,CÔNG TY TNHH EASY ACCESS TECHNOLOGY,CÔNG TY TNHH EASY ACCESS TECHN,Công ty trách nhiệm hữu hạn một thành viên,"Tầng 10, Tòa nhà Pax Sky, Số 51 Đường Nguyễn Cư Trinh, Phường Nguyễn Cư Trinh, Quận 1, Thành phố Hồ Chí Minh, Việt Nam",Quận 1,"7020: Hoạt động tư vấn quản lý-Chi tiết:                       	
-        Dịch vụ tư vấn quản lý chung; 
-        Dịch vụ tư vấn quản lý tài chính; 
-        Dịch vụ tư vấn quản lý tiếp thị; 
-       ",technology
315437636,CÔNG TY CỔ PHẦN NEW RETAIL TECHNOLOGY,CÔNG TY CỔ PHẦN NEW RETAIL TEC,Công ty cổ phần,"186 Bis Trần Quang Khải, Phường Tân Định, Quận 1, Thành phố Hồ Chí Minh, Việt Nam",Quận 1,"8230: Tổ chức giới thiệu và xúc tiến thương mại-(không thực hiện các hiệu ứng cháy, nổ, không sử dụng chất nổ, chất cháy, hóa chất làm đạo cụ, dụng cụ thực hiện các chương trình văn nghệ, sự kiện, phi",technology
315400379,CÔNG TY TNHH KEEN-TECHNOLOGY,CÔNG TY TNHH KEENTECHNOLOGY,Công ty trách nhiệm hữu hạn một thành viên,"216/107 Đường số 5, Phường Bình Hưng Hòa, Quận Bình Tân, Thành phố Hồ Chí Minh, Việt Nam",Quận Bình Tân,"7310: Quảng cáo-;7730: Cho thuê máy móc, thiết bị và đồ dùng hữu hình khác không kèm người điều khiển-Chi tiết: Cho thuê máy móc, thiết bị văn phòng (kể cả máy vi tính); Cho thuê máy móc, thiết bị âm ",technology
315433550,CÔNG TY TNHH SAGER TECHNOLOGY,CÔNG TY TNHH SAGER TECHNOLOGY,Công ty trách nhiệm hữu hạn hai thành viên trở lên,"64 Nguyễn Đình Chiểu, Phường Đa Kao, Quận 1, Thành phố Hồ Chí Minh, Việt Nam",Quận 1,"6202: Tư vấn máy vi tính và quản trị hệ thống máy vi tính-(CPC 8421); 6311: Xử lý dữ liệu, cho thuê và các hoạt động liên quan-(CPC 843)
(Doanh nghiệp không được cung cấp “dịch vụ thông tin trực tuyến",technology
315374295,CÔNG TY TNHH MIRAI TECHNOLOGY,CÔNG TY TNHH MIRAI TECHNOLOGY,Công ty trách nhiệm hữu hạn một thành viên,"341/4 Nguyễn Trọng Tuyển, Phường 1, Quận Tân Bình, Thành phố Hồ Chí Minh, Việt Nam",Quận Tân Bình,5820: Xuất bản phần mềm-Chi tiết: Sản xuất phần mềm;6201: Lập trình máy vi tính-;6202: Tư vấn máy vi tính và quản trị hệ thống máy vi tính-;6209: Hoạt động dịch vụ công nghệ thông tin và dịch vụ khác ,technology
315404542,CÔNG TY TNHH BEST LOGISTICS TECHNOLOGY (VIỆT NAM),CÔNG TY TNHH BEST LOGISTICS TE,Công ty trách nhiệm hữu hạn một thành viên,"Lầu 21, tháp A, tòa nhà Viettel, số 285 đường Cách Mạng Tháng Tám, Phường 12, Quận 10, Thành phố Hồ Chí Minh, Việt Nam",Quận 10,7320: Nghiên cứu thị trường và thăm dò dư luận-Chi tiết: Dịch vụ nghiên cứu thị trường (CPC 86401); 5310: Bưu chính-Chi tiết: Dịch vụ chuyển phát nội tỉnh tại Thành phố Hồ Chí Minh (CPC 7512**); 5320:,technology
315097806,CÔNG TY TNHH HAVI TECHNOLOGY,CÔNG TY TNHH HAVI TECHNOLOGY,Công ty trách nhiệm hữu hạn hai thành viên trở lên,"Số 19, Đường Vườn Lài, Phường Phú Thọ Hoà, Quận Tân Phú, Thành phố Hồ Chí Minh, Việt Nam",Quận Tân Phú,"2511: Sản xuất các cấu kiện kim loại-(không hoạt động tại trụ sở).;2512: Sản xuất thùng, bể chứa và dụng cụ chứa đựng bằng kim loại-(không hoạt động tại trụ sở).;2513: Sản xuất nồi hơi (trừ nồi hơi tr",technology
315159509,CÔNG TY TNHH EGLI AG PROCESS TECHNOLOGY,CÔNG TY TNHH EGLI AG PROCESS T,Công ty trách nhiệm hữu hạn một thành viên,"318/78 Thống Nhất, Phường 16, Quận Gò Vấp, Thành phố Hồ Chí Minh, Việt Nam",Quận Gò Vấp,"4641: Bán buôn vải, hàng may sẵn, giày dép-chi tiết: bán buôn hàng may mặc, quần áo, giày dép thời trang;4771: Bán lẻ hàng may mặc, giày dép, hàng da và giả da trong các cửa hàng chuyên doanh-chi tiết",technology
315236841,CÔNG TY TNHH NPM TECHNOLOGY,CÔNG TY TNHH NPM TECHNOLOGY,Công ty trách nhiệm hữu hạn một thành viên,"E4, Tầng 10, Khối A, Số 10 Phổ Quang, Phường 2, Quận Tân Bình, Thành phố Hồ Chí Minh, Việt Nam",Quận Tân Bình,"6202: Tư vấn máy vi tính và quản trị hệ thống máy vi tính-; 5820: Xuất bản phần mềm-chi tiết: Sản xuất phần mềm.; 7020: Hoạt động tư vấn quản lý-(trừ tư vấn tài chính, kế toán).; 6201: Lập trình máy v",technology
315259260,CÔNG TY TNHH HO SHENG MACHINERY TECHNOLOGY,CÔNG TY TNHH HO SHENG MACHINER,Công ty trách nhiệm hữu hạn một thành viên,"270/27 Lê Đình Cẩn, Phường Tân Tạo, Quận Bình Tân, Thành phố Hồ Chí Minh, Việt Nam",Quận Bình Tân,"3312: Sửa chữa máy móc, thiết bị-(không hoạt động tại trụ sở). (không bao gồm sửa chữa, bảo dưỡng tàu biển, máy bay, hoặc các phương tiện và thiết bị vận tải khác) (CPC 633);3320: Lắp đặt máy móc và t",technology
315464894,CÔNG TY TNHH ALFA (VIETNAM) AUTOMATION TECHNOLOGY,CÔNG TY TNHH ALFA VIETNAM AUTO,Công ty trách nhiệm hữu hạn một thành viên,"DP23 Dragon Parc2, đường Nguyễn Hữu Thọ, Xã Phước Kiển, Huyện Nhà Bè, Thành phố Hồ Chí Minh, Việt Nam",,"3312: Sửa chữa máy móc, thiết bị-Chi tiết: Dịch vụ sửa chữa, bảo dưỡng máy móc, thiết bị (không bao gồm sửa chữa, bảo dưỡng tàu biển, máy bay hoặc các phương tiện và thiết bị vận tải khác) (CPC 633). ",technology
315468521,CÔNG TY TNHH KINBEN TECHNOLOGY,CÔNG TY TNHH KINBEN TECHNOLOGY,Công ty trách nhiệm hữu hạn một thành viên,"3/78 Nguyễn Quý Anh, Phường Tân Sơn Nhì, Quận Tân Phú, Thành phố Hồ Chí Minh, Việt Nam",Quận Tân Phú,"4322: Lắp đặt hệ thống cấp, thoát nước, hệ thống sưởi và điều hoà không khí-(trừ lắp đặt các thiết bị điện lạnh (thiết bị cấp đông, kho lạnh, máy đá, điều hòa không khí, làm lạnh nước) sử dụng ga lạnh",technology
315458869,CÔNG TY TNHH RESTORE TECHNOLOGY,CÔNG TY TNHH RESTORE TECHNOLOG,Công ty trách nhiệm hữu hạn một thành viên,"6B Đinh Bộ Lĩnh, Phường 24, Quận Bình Thạnh, Thành phố Hồ Chí Minh, Việt Nam",Quận Bình Thạnh,"4652: Bán buôn thiết bị và linh kiện điện tử, viễn thông-;4741: Bán lẻ máy vi tính, thiết bị ngoại vi, phần mềm và thiết bị viễn thông trong các cửa hàng chuyên doanh-;4742: Bán lẻ thiết bị nghe nhìn ",technology
315484040,CÔNG TY TNHH NHD TECHNOLOGY,CÔNG TY TNHH NHD TECHNOLOGY,Công ty trách nhiệm hữu hạn một thành viên,"25/1C Nguyễn Hậu, Phường Tân Thành, Quận Tân Phú, Thành phố Hồ Chí Minh, Việt Nam",Quận Tân Phú,5820: Xuất bản phần mềm-chi tiết: Sản xuất phần mềm.;6201: Lập trình máy vi tính-;7410: Hoạt động thiết kế chuyên dụng-Chi tiết: Thiết kế website;6202: Tư vấn máy vi tính và quản trị hệ thống máy vi t,technology
315478093,CÔNG TY TNHH OKINAWA INDUSTRY TECHNOLOGY,CÔNG TY TNHH OKINAWA INDUSTRY ,Công ty trách nhiệm hữu hạn một thành viên,"Tầng 3, Tòa nhà ACM, số 96 Cao Thắng, Phường 04, Quận 3, Thành phố Hồ Chí Minh, Việt Nam",Quận 3,"4659: Bán buôn máy móc, thiết bị và phụ tùng máy khác-Chi tiết:
- Bán buôn máy móc, thiết bị và phụ tùng máy khác;
- Xuất nhập khẩu máy móc, thiết bị và phụ tùng máy khác. (CPC 622); 4799: Bán lẻ hình",technology
315486390,CÔNG TY TNHH VIETNAM FUTUNE INTELLIGENCE TECHNOLOGY,CÔNG TY TNHH VIETNAM FUTUNE IN,Công ty trách nhiệm hữu hạn một thành viên,"184/1E Đường Lê Đình Cẩn, Phường Tân Tạo, Quận Bình Tân, Thành phố Hồ Chí Minh, Việt Nam",Quận Bình Tân,"7310: Quảng cáo-;4651: Bán buôn máy vi tính, thiết bị ngoại vi và phần mềm-;4652: Bán buôn thiết bị và linh kiện điện tử, viễn thông-;4659: Bán buôn máy móc, thiết bị và phụ tùng máy khác-Chi tiết: Bá",technology
315492940,CÔNG TY TNHH VIET NAM SECONDS TECHNOLOGY,CÔNG TY TNHH VIET NAM SECONDS ,Công ty trách nhiệm hữu hạn một thành viên,"123 Lý Chính Thắng, Phường 07, Quận 3, Thành phố Hồ Chí Minh, Việt Nam",Quận 3,"4651: Bán buôn máy vi tính, thiết bị ngoại vi và phần mềm-(CPC 622); 4652: Bán buôn thiết bị và linh kiện điện tử, viễn thông-(CPC 622); 6201: Lập trình máy vi tính-(CPC 842); 6202: Tư vấn máy vi tính",technology
315517137,CÔNG TY TNHH SEVEN-UP TECHNOLOGY,CÔNG TY TNHH SEVENUP TECHNOLOG,Công ty trách nhiệm hữu hạn một thành viên,"915/74/8 Lê Văn Lương, Xã Phước Kiển, Huyện Nhà Bè, Thành phố Hồ Chí Minh, Việt Nam",,6201: Lập trình máy vi tính-;6399: Dịch vụ thông tin khác chưa được phân vào đâu-Chi tiết: Các dịch vụ thông tin qua điện thoại; Các dịch vụ tìm kiếm thông tin qua hợp đồng hay trên cơ sở phí;6619: Ho,technology
315525360,CÔNG TY TNHH THƯƠNG MẠI - DỊCH VỤ NAM NGUYỄN TECHNOLOGY,CÔNG TY TNHH THƯƠNG MẠI  DỊCH ,Công ty trách nhiệm hữu hạn hai thành viên trở lên,"52/8 Cao Thắng, Phường 05, Quận 3, Thành phố Hồ Chí Minh, Việt Nam",Quận 3,"4669: Bán buôn chuyên doanh khác chưa được phân vào đâu-Chi tiết: Bán buôn giấy in nhiệt, giấy in bill, giấy in tem nhãn, giấy in barcode, giấy in A4;4741: Bán lẻ máy vi tính, thiết bị ngoại vi, phần ",technology
315557813,CÔNG TY TNHH ACASH TECHNOLOGY,CÔNG TY TNHH ACASH TECHNOLOGY,Công ty trách nhiệm hữu hạn một thành viên,"915/74/8 Lê Văn Lương, Xã Phước Kiển, Huyện Nhà Bè, Thành phố Hồ Chí Minh, Việt Nam",,6201: Lập trình máy vi tính-;6399: Dịch vụ thông tin khác chưa được phân vào đâu-chi tiết: các dịch vụ thông tin qua điện thoại. các dịch vụ tìm kiếm thông tin qua hợp đồng hay trên cơ sở phí;6619: Ho,technology
315570701,CÔNG TY TNHH THE GREEN TECHNOLOGY,CÔNG TY TNHH THE GREEN TECHNOL,Công ty trách nhiệm hữu hạn hai thành viên trở lên,"Tầng 8, Tòa Nhà Sabay Tower, Số 11A Hồng Hà, Phường 2, Quận Tân Bình, Thành phố Hồ Chí Minh, Việt Nam",Quận Tân Bình,"4652: Bán buôn thiết bị và linh kiện điện tử, viễn thông-(CPC 622);  Doanh nghiệp có vốn đầu tư nước ngoài có trách nhiệm thực hiện thủ tục đầu tư theo quy định của Luật Đầu tư và Pháp luật có liên qu",technology
315598915,CÔNG TY TNHH  DỊCH VỤ HCLOUD TECHNOLOGY,CÔNG TY TNHH  DỊCH VỤ HCLOUD T,Công ty trách nhiệm hữu hạn một thành viên,"108/69D5 Trần Quang Diệu, Phường 14, Quận 3, Thành phố Hồ Chí Minh, Việt Nam",Quận 3,"6622: Hoạt động của đại lý và môi giới bảo hiểm-Chi tiết: Đại lý bảo hiểm;4610: Đại lý, môi giới, đấu giá hàng hóa-Chi tiết: Đại lý, môi giới (trừ môi giới bất động sản);6201: Lập trình máy vi tính-;6",technology
315643251,CÔNG TY TNHH CEETEK TECHNOLOGY VIETNAM,CÔNG TY TNHH CEETEK TECHNOLOGY,Công ty trách nhiệm hữu hạn một thành viên,"Lầu 2, Tòa nhà Hado Airport, Số 2 Đường Hồng Hà, Phường 2, Quận Tân Bình, Thành phố Hồ Chí Minh, Việt Nam",Quận Tân Bình,"4690: Bán buôn tổng hợp-Chi tiết: Thực hiện quyền xuất khẩu, quyền nhập khẩu, quyền phân phối bán buôn các hàng hóa không thuộc danh mục hàng hóa cấm xuất khẩu, cấm nhập khẩu và danh mục hàng hóa khôn",technology
315636342,CÔNG TY TNHH JIO TECHNOLOGY,CÔNG TY TNHH JIO TECHNOLOGY,Công ty trách nhiệm hữu hạn một thành viên,"Tầng 2, 83B Hoàng Sa, Phường Đa Kao, Quận 1, Thành phố Hồ Chí Minh, Việt Nam",Quận 1,6201: Lập trình máy vi tính-(CPC 842);6202: Tư vấn máy vi tính và quản trị hệ thống máy vi tính-(CPC 842);6209: Hoạt động dịch vụ công nghệ thông tin và dịch vụ khác liên quan đến máy vi tính-(CPC 849,technology
315649937,CÔNG TY TNHH BOLT TECHNOLOGY,CÔNG TY TNHH BOLT TECHNOLOGY,Công ty trách nhiệm hữu hạn một thành viên,"L17 -11, Tầng 17, Toà nhà Vincom Center, 72 Lê Thánh Tôn, Phường Bến Nghé, Quận 1, Thành phố Hồ Chí Minh, Việt Nam",Quận 1,"6201: Lập trình máy vi tính-Chi tiết: Dịch vụ lập trình (CPC 8424);4651: Bán buôn máy vi tính, thiết bị ngoại vi và phần mềm-Chi tiết: Thực hiện quyền phân phối bán buôn các hàng hóa không thuộc danh ",technology
315697722,CÔNG TY TNHH VSON TECHNOLOGY,CÔNG TY TNHH VSON TECHNOLOGY,Công ty trách nhiệm hữu hạn một thành viên,"086 Bis Khu Đồng Tiến, Nguyễn Trãi , Phường Nguyễn Cư Trinh, Quận 1, Thành phố Hồ Chí Minh, Việt Nam",Quận 1,8299: Hoạt động dịch vụ hỗ trợ kinh doanh khác còn lại chưa được phân vào đâu-Chi tiết: Xuất nhập khẩu các mặt hàng công ty kinh doanh.;2640: Sản xuất sản phẩm điện tử dân dụng-(Không hoạt động tại tr,technology
315704641,CÔNG TY TNHH THƯƠNG MẠI NEW TECHNOLOGY JAPAN,CÔNG TY TNHH THƯƠNG MẠI NEW TE,Công ty trách nhiệm hữu hạn một thành viên,"C12-336A Ấp 3, Xã Tân Nhựt, Huyện Bình Chánh, Thành phố Hồ Chí Minh, Việt Nam",,4669: Bán buôn chuyên doanh khác chưa được phân vào đâu-Chi tiết: Bán buôn phân bón (không tồn trữ hóa chất); bán buôn thuốc bảo vệ thực vật (không tồn trữ hóa chất); bán buôn hạt giống;2012: Sản xuất,technology
315726860,CÔNG TY TRÁCH NHIỆM HỮU HẠN CMEGO TECHNOLOGY,CÔNG TY TRÁCH NHIỆM HỮU HẠN CM,Công ty trách nhiệm hữu hạn một thành viên,"212/2B Nguyễn Trãi, Phường Nguyễn Cư Trinh, Quận 1, Thành phố Hồ Chí Minh, Việt Nam",Quận 1,"6820: Tư vấn, môi giới, đấu giá bất động sản, đấu giá quyền sử dụng đất-Chi tiết: Trung gian trong việc mua, bán hoặc cho thuê bất động sản trên cơ sở phí hoặc hợp đồng.;7310: Quảng cáo-;6201: Lập trì",technology
315723443,CÔNG TY TNHH CÔNG TECHNOLOGY AND INDUSTRIAL SUPPLY,CÔNG TY TNHH CÔNG TECHNOLOGY A,Công ty trách nhiệm hữu hạn một thành viên,"Số 52 Huỳnh Thiện Lộc, Phường Hoà Thạnh, Quận Tân Phú, Thành phố Hồ Chí Minh, Việt Nam",Quận Tân Phú,"2819: Sản xuất máy thông dụng khác-Chi tiết: Sản xuất máy công nghiệp (không hoạt động tại trụ sở);3312: Sửa chữa máy móc, thiết bị-(Trừ gia công cơ khí, tái chế phế thải, xi mạ điện",technology
315737950,CÔNG TY TNHH SPEEDY CASH TECHNOLOGY (VIỆT NAM),CÔNG TY TNHH SPEEDY CASH TECHN,Công ty trách nhiệm hữu hạn một thành viên,"83 Thân Văn Nhiếp, Phường An Phú, Quận 2, Thành phố Hồ Chí Minh, Việt Nam",Quận 2,6202: Tư vấn máy vi tính và quản trị hệ thống máy vi tính-Chi tiết: Dịch vụ tư vấn liên quan đến lắp đặt phần cứng máy tính (CPC 841);6201: Lập trình máy vi tính-Chi tiết: Dịch vụ thực hiện phần mềm (,technology
315709470,CÔNG TY CỔ PHẦN GOLD STAR TECHNOLOGY,CÔNG TY CỔ PHẦN GOLD STAR TECH,Công ty cổ phần,"L17-11, Tầng 17, Tòa nhà Vincom Center, Số 72 Lê Thánh Tôn, Phường Bến Nghé, Quận 1, Thành phố Hồ Chí Minh, Việt Nam",Quận 1,"4610: Đại lý, môi giới, đấu giá hàng hóa-Chi tiết: Đại lý, môi giới hàng hóa (trừ môi giới bất động sản);4649: Bán buôn đồ dùng khác cho gia đình-Chi tiết: Bán buôn đồ điện gia dụng, đèn và bộ đèn điệ",technology
315783139,CÔNG TY TNHH DRAGON NETWORK TECHNOLOGY,CÔNG TY TNHH DRAGON NETWORK TE,Công ty trách nhiệm hữu hạn một thành viên,"915/74/8 Lê Văn Lương, Xã Phước Kiển, Huyện Nhà Bè, Thành phố Hồ Chí Minh, Việt Nam",,6201: Lập trình máy vi tính-;6399: Dịch vụ thông tin khác chưa được phân vào đâu-Chi tiết: Các dịch vụ thông tin qua điện thoại. Các dịch vụ tìm kiếm thông tin qua hợp đồng hay trên cơ sở phí.;4651: B,technology
315744404,CÔNG TY TNHH KMS TECHNOLOGY SOLUTIONS (VIỆT NAM),CÔNG TY TNHH KMS TECHNOLOGY SO,Công ty trách nhiệm hữu hạn một thành viên,"Tầng 4, 290/26 - 384/60 Nam Kỳ Khởi Nghĩa, Phường 08, Quận 3, Thành phố Hồ Chí Minh, Việt Nam",Quận 3,6201: Lập trình máy vi tính-(CPC 842);6202: Tư vấn máy vi tính và quản trị hệ thống máy vi tính-(CPC 842);6209: Hoạt động dịch vụ công nghệ thông tin và dịch vụ khác liên quan đến máy vi tính-Chi tiết,technology
315771214,CÔNG TY TNHH ETHAN TECHNOLOGY ASIA,CÔNG TY TNHH ETHAN TECHNOLOGY ,Công ty trách nhiệm hữu hạn hai thành viên trở lên,"Tầng 11, tòa nhà INTAN , 97 Nguyễn Văn Trỗi , Phường 11, Quận Phú Nhuận, Thành phố Hồ Chí Minh, Việt Nam",Quận Phú Nhuận,6201: Lập trình máy vi tính-(CPC 8424); 6202: Tư vấn máy vi tính và quản trị hệ thống máy vi tính-(CPC 841); 6209: Hoạt động dịch vụ công nghệ thông tin và dịch vụ khác liên quan đến máy vi tính-Chi t,technology
315787373,DOANH NGHIỆP TƯ NHÂN NVT TECHNOLOGY,DOANH NGHIỆP TƯ NHÂN NVT TECHN,Doanh nghiệp tư nhân,"91 Đường 198 Cao Lỗ, Phường 4, Quận 8, Thành phố Hồ Chí Minh, Việt Nam",Quận 8,"6201: Lập trình máy vi tính-;Doanh nghiệp phải thực hiện đúng các quy định của pháp luật về đất đai, xây dựng, phòng cháy chữa cháy, bảo vệ môi trường, các quy định khác của pháp luật hiện hành và các",technology
315804692,CÔNG TY TNHH TRIPLEX ENGINEERING TECHNOLOGY,CÔNG TY TNHH TRIPLEX ENGINEERI,Công ty trách nhiệm hữu hạn một thành viên,"Tầng 2, Số 88 Đường Bàu Cát 3, Phường 14, Quận Tân Bình, Thành phố Hồ Chí Minh, Việt Nam",Quận Tân Bình,"4663: Bán buôn vật liệu, thiết bị lắp đặt khác trong xây dựng-Chi tiết: Bán buôn vật liệu xây dựng như: cát, sỏi, kính  phẳng, khoá, ống nối, khớp nối và chi tiết lắp ghép khác, giấy dán tường và phủ ",technology
315809644,CÔNG TY TNHH A&A TECHNOLOGY,CÔNG TY TNHH AA TECHNOLOGY,Công ty trách nhiệm hữu hạn một thành viên,"233/57/7 Đường TTH 07, khu phố 3, Phường Tân Thới Hiệp, Quận 12, Thành phố Hồ Chí Minh, Việt Nam",Quận 12,"2592: Gia công cơ khí; xử lý và tráng phủ kim loại-(không hoạt động tại trụ sở);2651: Sản xuất thiết bị đo lường, kiểm tra, định hướng và điều khiển-(không hoạt động tại trụ sở);2670: Sản xuất thiết b",technology
315831777,CÔNG TY TNHH UNLIMITED DESIGN AND TECHNOLOGY,CÔNG TY TNHH UNLIMITED DESIGN ,Công ty trách nhiệm hữu hạn hai thành viên trở lên,"242/21/12 Nguyễn Thiện Thuật, Phường 03, Quận 3, Thành phố Hồ Chí Minh, Việt Nam",Quận 3,"5820: Xuất bản phần mềm-Chi tiết: Sản xuất, gia công phần mềm.;6201: Lập trình máy vi tính-;6202: Tư vấn máy vi tính và quản trị hệ thống máy vi tính-;6209: Hoạt động dịch vụ công nghệ thông tin và dị",technology
315789194,CÔNG TY TNHH SUNSHINE TECHNOLOGY,CÔNG TY TNHH SUNSHINE TECHNOLO,Công ty trách nhiệm hữu hạn một thành viên,"915/74/8 Lê Văn Lương, Xã Phước Kiển, Huyện Nhà Bè, Thành phố Hồ Chí Minh, Việt Nam",,6201: Lập trình máy vi tính-;6399: Dịch vụ thông tin khác chưa được phân vào đâu-Chi tiết: Các dịch vụ thông tin qua điện thoại; các dịch vụ tìm kiếm thông tin qua hợp đồng hay trên cơ sở phí;6619: Ho,technology
315822726,CÔNG TY TNHH ADVANCING TEXTILES TECHNOLOGY VIỆT NAM,CÔNG TY TNHH ADVANCING TEXTILE,Công ty trách nhiệm hữu hạn hai thành viên trở lên,"127 Lê Văn Chí, Phường Linh Trung, Quận Thủ Đức, Thành phố Hồ Chí Minh, Việt Nam",Quận Thủ Đức,"1311: Sản xuất sợi-;1313: Hoàn thiện sản phẩm dệt-Chi tiết: Giặt, tẩy, dệt, nhuộm; các dịch vụ được trả phí hoặc thanh toán theo hợp đồng liên quan đến hoàn thành vải dệt (CPC 885, 884);1399: Sản xuất",technology
315807735,CÔNG TY CỔ PHẦN MTT TECHNOLOGY,CÔNG TY CỔ PHẦN MTT TECHNOLOGY,Công ty cổ phần,"243/2/26, Đường Chu Văn An, Phường 12, Quận Bình Thạnh, Thành phố Hồ Chí Minh, Việt Nam",Quận Bình Thạnh,"5610: Nhà hàng và các dịch vụ ăn uống phục vụ lưu động-(không bao gồm kinh doanh quán bar, phòng hát karaoke, vũ trường);5630: Dịch vụ phục vụ đồ uống-(trừ hoạt động quán bar và quán giải khát có khiê",technology
315854686,CÔNG TY TNHH UNIWE TECHNOLOGY SERVICE,CÔNG TY TNHH UNIWE TECHNOLOGY ,Công ty trách nhiệm hữu hạn hai thành viên trở lên,"52 Đông Du, Phường Bến Nghé, Quận 1, Thành phố Hồ Chí Minh, Việt Nam",Quận 1,"7020: Hoạt động tư vấn quản lý-chi tiết: Dịch vụ tư vấn quản lý chung; 
-  Dịch vụ tư vấn quản lý tài chính (trừ thuế kinh doanh);
-  Dịch vụ tư vấn quản lý marketing;
-  Dịch vụ tư vấn quản lý nguồn ",technology
315853026,CÔNG TY TNHH RECHE BIOTECHNOLOGY,CÔNG TY TNHH RECHE BIOTECHNOLO,Công ty trách nhiệm hữu hạn một thành viên,"224/1/23 Ung Văn Khiêm, Phường 25, Quận Bình Thạnh, Thành phố Hồ Chí Minh, Việt Nam",Quận Bình Thạnh,7212: Nghiên cứu khoa học và phát triển công nghệ trong lĩnh vực khoa học kỹ thuật và công nghệ-Chi tiết: Phát triển công nghệ trong lĩnh vực công nghệ sinh học;7110: Hoạt động kiến trúc và tư vấn kỹ ,technology
315818871,CÔNG TY TNHH TRIDENT TECHNOLOGY,CÔNG TY TNHH TRIDENT TECHNOLOG,Công ty trách nhiệm hữu hạn hai thành viên trở lên,"Lầu 3, 302 Lê Văn Sỹ, Phường 1, Quận Tân Bình, Thành phố Hồ Chí Minh, Việt Nam",Quận Tân Bình,"6201: Lập trình máy vi tính-;6202: Tư vấn máy vi tính và quản trị hệ thống máy vi tính-Chi tiết: Tư vấn và cung cấp các giải pháp công nghệ, dịch vụ công nghệ; Tư vấn phần cứng; Tư vấn phần mềm; Tư vấ",technology
315861549,CÔNG TY TNHH SEALAND TECHNOLOGY,CÔNG TY TNHH SEALAND TECHNOLOG,Công ty trách nhiệm hữu hạn hai thành viên trở lên,"Số3/45 Quốc Hương, Phường Thảo Điền, Thành phố Thủ Đức, Thành phố Hồ Chí Minh, Việt Nam",,"4669: Bán buôn chuyên doanh khác chưa được phân vào đâu-Chi tiết: Bán buôn vật tư tàu thuyền; Bán buôn đồ bảo hộ lao động; Bán buôn vật tư nâng hạ; Bán buôn vật tư xe tải, xe đầu kéo, cầu, cảng;4651: ",technology
315862285,CÔNG TY CỔ PHẦN TECHNOLOGY EU,CÔNG TY CỔ PHẦN TECHNOLOGY EU,Công ty cổ phần,"675/15/9A1 Trần Xuân Soạn, Phường Tân Hưng, Quận 7, Thành phố Hồ Chí Minh, Việt Nam",Quận 7,"4649: Bán buôn đồ dùng khác cho gia đình-Chi tiết: Bán buôn giường, tủ, bàn, ghế, đồ trang trí nội thất bằng gỗ, inox, gốm sứ, mây tre lá; Bán buôn hàng gia dụng; Bán buôn sàn gỗ, sàn nhựa, các loại; ",technology
315878623,CÔNG TY TNHH MỘT THÀNH VIÊN UNIVERSAL (VIỆT NAM) TECHNOLOGY,CÔNG TY TNHH MỘT THÀNH VIÊN UN,Công ty trách nhiệm hữu hạn một thành viên,"Tầng 8 tòa nhà VVA, 277-279 Lý Tự Trọng, Phường Bến Thành, Quận 1, Thành phố Hồ Chí Minh, Việt Nam",Quận 1,"4659: Bán buôn máy móc, thiết bị và phụ tùng máy khác-Chi tiết: Thực hiện quyền xuất khẩu, quyền nhập khẩu, quyền phân phối bán buôn các hàng hóa không thuộc danh mục hàng hóa cấm xuất khẩu, cấm nhập ",technology
315875238,CÔNG TY TNHH ZELDA INFORMATION TECHNOLOGY,CÔNG TY TNHH ZELDA INFORMATION,Công ty trách nhiệm hữu hạn một thành viên,"31 Nguyễn Khoái, Phường 01, Quận 4, Thành phố Hồ Chí Minh, Việt Nam",Quận 4,6201: Lập trình máy vi tính-;6399: Dịch vụ thông tin khác chưa được phân vào đâu-Chi tiết: Các dịch vụ thông tin qua điện thoại; các dịch vụ tìm kiếm thông tin qua hợp đồng hay trên cơ sở phí;6619: Ho,technology
315915191,CÔNG TY TNHH DAB TECHNOLOGY VIỆT NAM,CÔNG TY TNHH DAB TECHNOLOGY VI,Công ty trách nhiệm hữu hạn hai thành viên trở lên,"Tầng 8, Tòa nhà Loyal, 151 đường Võ Thị Sáu, Phường 06, Quận 3, Thành phố Hồ Chí Minh, Việt Nam",Quận 3,"4799: Bán lẻ hình thức khác chưa được phân vào đâu-Chi tiết: Thực hiện quyền phân phối bán lẻ các hàng hóa không thuộc danh mục hàng hóa cấm xuất khẩu, cấm nhập khẩu và danh mục hàng hóa không được ph",technology
315930778,CÔNG TY TNHH HÒA PHÁT INFORMATION TECHNOLOGY,CÔNG TY TNHH HÒA PHÁT INFORMAT,Công ty trách nhiệm hữu hạn một thành viên,"31 Nguyễn Khoái, Phường 01, Quận 4, Thành phố Hồ Chí Minh, Việt Nam",Quận 4,6201: Lập trình máy vi tính-;6399: Dịch vụ thông tin khác chưa được phân vào đâu-Chi tiết: Các dịch vụ thông tin qua điện thoại; các dịch vụ tìm kiếm thông tin qua hợp đồng hay trên cơ sở phí (trừ dịc,technology
315874058,CÔNG TY TNHH CREDATA INFORMATION TECHNOLOGY,CÔNG TY TNHH CREDATA INFORMATI,Công ty trách nhiệm hữu hạn một thành viên,"915/74/8 Lê Văn Lương, Xã Phước Kiển, Huyện Nhà Bè, Thành phố Hồ Chí Minh, Việt Nam",,6201: Lập trình máy vi tính-;6399: Dịch vụ thông tin khác chưa được phân vào đâu-Chi tiết: Các dịch vụ thông tin qua điện thoại; các dịch vụ tìm kiếm thông tin qua hợp đồng hay trên cơ sở phí;6619: Ho,technology
315877718,CÔNG TY TNHH WECREDIT TECHNOLOGY,CÔNG TY TNHH WECREDIT TECHNOLO,Công ty trách nhiệm hữu hạn hai thành viên trở lên,"62-64 Nguyễn Biểu, Phường 01, Quận 5, Thành phố Hồ Chí Minh, Việt Nam",Quận 5,"6209: Hoạt động dịch vụ công nghệ thông tin và dịch vụ khác liên quan đến máy vi tính-(CPC 849, 845, 841); 7020: Hoạt động tư vấn quản lý-(Trừ tư vấn pháp luật, tài chính, kế toán) (CPC 865); 7320: Ng",technology
315928056,CÔNG TY TNHH STEMCARE BIOTECHNOLOGY,CÔNG TY TNHH STEMCARE BIOTECHN,Công ty trách nhiệm hữu hạn một thành viên,"34 Lô C đường Phạm Văn Chí , Phường 07, Quận 6, Thành phố Hồ Chí Minh, Việt Nam",Quận 6,1030: Chế biến và bảo quản rau quả-;1061: Xay xát và sản xuất bột thô-(Không hoạt động tại trụ sở);1062: Sản xuất tinh bột và các sản phẩm từ tinh bột-(Không hoạt động tại trụ sở);1071: Sản xuất các l,technology
315921773,CÔNG TY TNHH TIDA ASIA TECHNOLOGY,CÔNG TY TNHH TIDA ASIA TECHNOL,Công ty trách nhiệm hữu hạn một thành viên,"31 Nguyễn Khoái, Phường 01, Quận 4, Thành phố Hồ Chí Minh, Việt Nam",Quận 4,"4652: Bán buôn thiết bị và linh kiện điện tử, viễn thông-;4659: Bán buôn máy móc, thiết bị và phụ tùng máy khác-;4741: Bán lẻ máy vi tính, thiết bị ngoại vi, phần mềm và thiết bị viễn thông trong các ",technology
315945125,CÔNG TY TNHH HẢI PHÁT INFORMATION TECHNOLOGY,CÔNG TY TNHH HẢI PHÁT INFORMAT,Công ty trách nhiệm hữu hạn một thành viên,"424 Lê Quang Định, Phường 11, Quận Bình Thạnh, Thành phố Hồ Chí Minh, Việt Nam",Quận Bình Thạnh,6201: Lập trình máy vi tính-;6399: Dịch vụ thông tin khác chưa được phân vào đâu-Chi tiết: Các dịch vụ thông tin qua điện thoại; các dịch vụ tìm kiếm thông tin qua hợp đồng hay trên cơ sở phí;6619: Ho,technology
315928754,CÔNG TY TNHH SOPA TECHNOLOGY,CÔNG TY TNHH SOPA TECHNOLOGY,Công ty trách nhiệm hữu hạn một thành viên,"Tòa nhà SBI, Công viên phần mềm Quang Trung, Phường Tân Chánh Hiệp, Quận 12, Thành phố Hồ Chí Minh, Việt Nam",Quận 12,"7020: Hoạt động tư vấn quản lý-(CPC: 8650)
Chi tiết: Dịch vụ tư vấn quản lý chung (CPC: 86501); Dịch vụ tư vấn quản lý marketing (CPC: 86503); Dịch vụ tư vấn quản lý khác (CPC: 86509).;5820: Xuất bản ",technology
315990343,CÔNG TY TNHH NOTE TECHNOLOGY,CÔNG TY TNHH NOTE TECHNOLOGY,Công ty trách nhiệm hữu hạn một thành viên,"Số 102 đường Dương Bá Trạc, Phường 2, Quận 8, Thành phố Hồ Chí Minh, Việt Nam",Quận 8,"8559: Giáo dục khác chưa được phân vào đâu-(trừ dạy vẽ về tôn giáo; các trường của tổ chức Đàng, đoàn thể) Chi tiết: dạy ngoại ngữ, dạy kỹ năng đàm thoại; Đào tạo về sự sống;4212: Xây dựng công trình ",technology
315938978,CÔNG TY TNHH TIMELY TECHNOLOGY SERVICE,CÔNG TY TNHH TIMELY TECHNOLOGY,Công ty trách nhiệm hữu hạn một thành viên,"31 Nguyễn Khoái, Phường 01, Quận 4, Thành phố Hồ Chí Minh, Việt Nam",Quận 4,6201: Lập trình máy vi tính-;6399: Dịch vụ thông tin khác chưa được phân vào đâu-Chi tiết: Các dịch vụ thông tin qua điện thoại; các dịch vụ tìm kiếm thông tin qua hợp đồng hay trên cơ sở phí;6619: Ho,technology
316005290,CÔNG TY TNHH TECHNOLOGY NAM ANH,CÔNG TY TNHH TECHNOLOGY NAM AN,Công ty trách nhiệm hữu hạn một thành viên,"30 đường số 1, Trần Não, Khu phố 2, Phường An Khánh , Thành phố Thủ Đức, Thành phố Hồ Chí Minh, Việt Nam",,"6619: Hoạt động hỗ trợ dịch vụ tài chính chưa được phân vào đâu-Chi tiết: Hoạt động tư vấn đầu tư (trừ tư vấn tài chính, pháp luật);6419: Hoạt động trung gian tiền tệ khác-Chi tiết: Đại lý cung ứng dị",technology
315993513,CÔNG TY TNHH LINKDRY TECHNOLOGY,CÔNG TY TNHH LINKDRY TECHNOLOG,Công ty trách nhiệm hữu hạn một thành viên,"130/3/12/13 Đường Số 2, Phường Trường Thọ, Thành phố Thủ Đức, Thành phố Hồ Chí Minh, Việt Nam",,"1030: Chế biến và bảo quản rau quả-( không hoạt động tại trụ sở);4620: Bán buôn nông, lâm sản nguyên liệu (trừ gỗ, tre, nứa) và động vật sống-( không hoạt động tại trụ sở);4633: Bán buôn đồ uống-;4649",technology
315998832,CÔNG TY TNHH RAYTECH TECHNOLOGY VIỆT NAM.,CÔNG TY TNHH RAYTECH TECHNOLOG,Công ty trách nhiệm hữu hạn hai thành viên trở lên,"Lầu 5, Tòa nhà Thiên Sơn, Số 5, Nguyễn Gia Thiều, Phường 06, Quận 3, Thành phố Hồ Chí Minh, Việt Nam",Quận 3,"4669: Bán buôn chuyên doanh khác chưa được phân vào đâu-Chi tiết: 
- Bán buôn phân bón
- Bán buôn hóa chất khác (trừ loại sử dụng trong nông nghiệp)
(không tồn trữ hóa chất) (Doanh nghiệp chỉ được kin",technology
316019984,CÔNG TY CỔ PHẦN TECHNOLOGY REIKI VIỆT NAM,CÔNG TY CỔ PHẦN TECHNOLOGY REI,Công ty cổ phần,"206/9 trệt Trần Hưng Đạo, Phường 11, Quận 5, Thành phố Hồ Chí Minh, Việt Nam",Quận 5,9329: Hoạt động vui chơi giải trí khác chưa được phân vào đâu-(Trừ kinh doanh trò chơi điện tử có thưởng dành cho người nước ngoài và kinh doanh trò chơi điện tử trên mạng; không thực hiện hiệu ứng ch,technology
316005621,CÔNG TY TNHH THƯỜNG PHÁT INFORMATION TECHNOLOGY,CÔNG TY TNHH THƯỜNG PHÁT INFOR,Công ty trách nhiệm hữu hạn một thành viên,"915/74/8 Lê Văn Lương , Xã Phước Kiển, Huyện Nhà Bè, Thành phố Hồ Chí Minh, Việt Nam",,"6311: Xử lý dữ liệu, cho thuê và các hoạt động liên quan-;9511: Sửa chữa máy vi tính và thiết bị ngoại vi-;8299: Hoạt động dịch vụ hỗ trợ kinh doanh khác còn lại chưa được phân vào đâu-Chi tiết: Cung ",technology
316044966,CÔNG TY TNHH THƯƠNG MẠI DỊCH VỤ ULTIMATE TECHNOLOGY,CÔNG TY TNHH THƯƠNG MẠI DỊCH V,Công ty trách nhiệm hữu hạn một thành viên,"166/41C1 Thích Quảng Đức, Phường 04, Quận Phú Nhuận, Thành phố Hồ Chí Minh, Việt Nam",Quận Phú Nhuận,"4610: Đại lý, môi giới, đấu giá hàng hóa-Chi tiết: Đại lý, môi giới (trừ môi giới bất động sản);4649: Bán buôn đồ dùng khác cho gia đình-(trừ kinh doanh dược phẩm);4652: Bán buôn thiết bị và linh kiện",technology
316003744,CÔNG TY TNHH JAPAN TECHNOLOGY,CÔNG TY TNHH JAPAN TECHNOLOGY,Công ty trách nhiệm hữu hạn một thành viên,"Phòng L4-33.OT11, Tầng 33, Tòa nhà Landmark 4, Số 720A Điện Biên Phủ, Phường 22, Quận Bình Thạnh, Thành phố Hồ Chí Minh, Việt Nam",Quận Bình Thạnh,"4663: Bán buôn vật liệu, thiết bị lắp đặt khác trong xây dựng-;4752: Bán lẻ đồ ngũ kim, sơn, kính và thiết bị lắp đặt khác trong xây dựng trong các cửa hàng chuyên doanh-;7020: Hoạt động tư vấn quản l",technology
316033474,CÔNG TY TNHH NEXT EDGE TECHNOLOGY VIỆT NAM,CÔNG TY TNHH NEXT EDGE TECHNOL,Công ty trách nhiệm hữu hạn một thành viên,"Lầu 2, Số 7, Đường số 1, Khu phố 3, Phường Bình Khánh, Quận 2, Thành phố Hồ Chí Minh, Việt Nam",Quận 2,"6201: Lập trình máy vi tính-Chi tiết: Thực hiện dịch vụ lập trình máy vi tính bao gồm: Hoạt động viết, sửa, thử nghiệp và trợ giúp các phần mềm theo yêu cầu sử dụng riêng biệt của từng khách hàng; lập",technology
316071504,CÔNG TY CỔ PHẦN COBEE TECHNOLOGY,CÔNG TY CỔ PHẦN COBEE TECHNOLO,Công ty cổ phần,"777 đường Lê Hồng Phong, Phường 12, Quận 10, Thành phố Hồ Chí Minh, Việt Nam",Quận 10,"4610: Đại lý, môi giới, đấu giá hàng hóa-Chi tiết: Đại lý; Môi giới;4632: Bán buôn thực phẩm-(Không hoạt động tại trụ sở);4633: Bán buôn đồ uống-;4641: Bán buôn vải, hàng may mặc, giày dép-;4649: Bán ",technology
316078122,CÔNG TY TNHH JADE TECHNOLOGY SOLUTIONS,CÔNG TY TNHH JADE TECHNOLOGY S,Công ty trách nhiệm hữu hạn một thành viên,"Tầng 16, Saigon Tower, 29 Lê Duẩn, Phường Bến Nghé, Quận 1, Thành phố Hồ Chí Minh, Việt Nam",Quận 1,3319: Sửa chữa thiết bị khác-Chi tiết: Sửa chữa và bảo dưỡng thiết bị vui chơi và giải trí;3320: Lắp đặt máy móc và thiết bị công nghiệp-Chi tiết: Lắp đặt thiết bị vui chơi và giải trí;7110: Hoạt động,technology
316077425,CÔNG TY TNHH INFORMATION TECHNOLOGY SERVICES JAPAN GROUP,CÔNG TY TNHH INFORMATION TECHN,Công ty trách nhiệm hữu hạn hai thành viên trở lên,"Tầng 7, Tòa nhà Athena, 146-148 Cộng Hòa, Phường 12, Quận Tân Bình, Thành phố Hồ Chí Minh, Việt Nam",Quận Tân Bình,"2610: Sản xuất linh kiện điện tử-(không hoạt động tại trụ sở).;8299: Hoạt động dịch vụ hỗ trợ kinh doanh khác còn lại chưa được phân vào đâu-Chi tiết: Cung cấp dịch vụ kỹ thuật cho ngành bán dẫn, năng",technology
316023331,CÔNG TY TNHH I.P TECHNOLOGY VIỆT NAM,CÔNG TY TNHH IP TECHNOLOGY VIỆ,Công ty trách nhiệm hữu hạn hai thành viên trở lên,"190 Võ Văn Ngân, Phường Bình Thọ, Quận Thủ Đức, Thành phố Hồ Chí Minh, Việt Nam",Quận Thủ Đức,"4329: Lắp đặt hệ thống xây dựng khác-;4330: Hoàn thiện công trình xây dựng-;4390: Hoạt động xây dựng chuyên dụng khác-;4659: Bán buôn máy móc, thiết bị và phụ tùng máy khác-Chi tiết: Bán buôn máy móc,",technology
316028724,CÔNG TY TNHH THƯƠNG MẠI CAO HUY TECHNOLOGY,CÔNG TY TNHH THƯƠNG MẠI CAO HU,Công ty trách nhiệm hữu hạn hai thành viên trở lên,"933/4/7 Tỉnh lộ 10, Phường Tân Tạo, Quận Bình Tân, Thành phố Hồ Chí Minh, Việt Nam",Quận Bình Tân,"4649: Bán buôn đồ dùng khác cho gia đình-(Trừ kinh doanh dược phẩm);4652: Bán buôn thiết bị và linh kiện điện tử, viễn thông-;4741: Bán lẻ máy vi tính, thiết bị ngoại vi, phần mềm và thiết bị viễn thô",technology
316051963,CÔNG TY TNHH MỘT THÀNH VIÊN VHS TECHNOLOGY,CÔNG TY TNHH MỘT THÀNH VIÊN VH,Công ty trách nhiệm hữu hạn một thành viên,"51/36/312B Đường số 2, Phường Trường Thọ, Quận Thủ Đức, Thành phố Hồ Chí Minh, Việt Nam",Quận Thủ Đức,"3320: Lắp đặt máy móc và thiết bị công nghiệp-(trừ gia công cơ khí, tái chế phế thải, xi mạ điện tại trụ sở);4321: Lắp đặt hệ thống điện-(trừ gia công cơ khí, tái chế phế thải, xi mạ điện tại trụ sở);",technology
108917761,CÔNG TY TNHH HUIPENG TECHNOLOGY,CÔNG TY TNHH HUIPENG TECHNOLOG,Công ty trách nhiệm hữu hạn một thành viên,"Tầng 2, Số 88, Đường Bàu Cát 3, Phường 14, Quận Tân Bình, Thành phố Hồ Chí Minh, Việt Nam",Quận Tân Bình,"4690: Bán buôn tổng hợp-(Trừ những mặt hàng bị cấm, hạn chế theo quy định của pháp luật) (trừ bán buôn hóa chất, khí dầu mỏ hóa lỏng LPG, dầu nhớt cặn, vàng miếng, súng, đạn loại dùng đi săn hoặc thể ",technology
316070525,CÔNG TY TNHH SPARTAN AUTOMOTIVE TECHNOLOGY,CÔNG TY TNHH SPARTAN AUTOMOTIV,Công ty trách nhiệm hữu hạn hai thành viên trở lên,"10 Đường Số 9  , Phường 6, Quận 8, Thành phố Hồ Chí Minh, Việt Nam",Quận 8,"2610: Sản xuất linh kiện điện tử-;4659: Bán buôn máy móc, thiết bị và phụ tùng máy khác-;6209: Hoạt động dịch vụ công nghệ thông tin và dịch vụ khác liên quan đến máy vi tính-;9511: Sửa chữa máy vi tí",technology
316076894,CÔNG TY TNHH YINSHAN TECHNOLOGY (VIET NAM),CÔNG TY TNHH YINSHAN TECHNOLOG,Công ty trách nhiệm hữu hạn một thành viên,"Tầng 2 Tòa nhà Hà Phan, Số 1119 Trần Hưng Đạo, Phường 05, Quận 5, Thành phố Hồ Chí Minh, Việt Nam",Quận 5,"7020: Hoạt động tư vấn quản lý-(trừ tư vấn tài chính, kế toán, pháp luật), Chi tiết:
- Dich vụ tư vấn quản lý chung; 
- Dịch vụ tư vấn quản lý tài chính (trừ thuế kinh doanh); 
- Dịch vụ tư vấn quản l",technology
316090761,CÔNG TY TNHH TALESUN VIỆT NAM TECHNOLOGY,CÔNG TY TNHH TALESUN VIỆT NAM ,Công ty trách nhiệm hữu hạn một thành viên,"Văn Phòng A5.01, Tầng 5, Khu Officetel, Toà Nhà Rivergate 151-155, Đường Bến Vân Đồn, Phường 06, Quận 4, Thành phố Hồ Chí Minh, Việt Nam",Quận 4,"7730: Cho thuê máy móc, thiết bị và đồ dùng hữu hình khác không kèm người điều khiển-;3511: Sản xuất điện-(trừ truyền tải, điều độ hệ thống điện quốc gia và xây dựng, vận hành thủy điện đa mục tiêu, đ",technology
315480920,CÔNG TY TNHH OYO TECHNOLOGY & HOSPITALITY (VIỆT NAM),CÔNG TY TNHH OYO TECHNOLOGY  H,Công ty trách nhiệm hữu hạn một thành viên,"Tầng 11, Five Star Tower, 28Bis đường Mạc Đĩnh Chi, Phường Đa Kao, Quận 1, Thành phố Hồ Chí Minh, Việt Nam",Quận 1,"5510: Dịch vụ lưu trú ngắn ngày-Chi tiết: Dịch vụ xếp chỗ ở khách sạn (CPC 64110);7020: Hoạt động tư vấn quản lý-Chi tiết: -        Dịch vụ tư vấn quản lý chung; (CPC 86501)
-        Dịch vụ tư vấn qu",technology
315540591,CÔNG TY TNHH DECONS TECHNOLOGY,CÔNG TY TNHH DECONS TECHNOLOGY,Công ty trách nhiệm hữu hạn một thành viên,"911 Nguyễn Trãi, Phường 14, Quận 5, Thành phố Hồ Chí Minh, Việt Nam",Quận 5,6201: Lập trình máy vi tính-Chi tiết: Dịch vụ thực hiện phần mềm; Dịch vụ lập trình;6202: Tư vấn máy vi tính và quản trị hệ thống máy vi tính-Chi tiết: Dịch vụ tư vấn liên quan đến việc lắp đặt phần c,technology
315563542,CÔNG TY TNHH THƯƠNG MẠI VÀ VIỄN THÔNG KBS TECHNOLOGY VIỆT NAM,CÔNG TY TNHH THƯƠNG MẠI VÀ VIỄ,Công ty trách nhiệm hữu hạn một thành viên,"107/44 Đường số 14, Phường Bình Hưng Hòa A, Quận Bình Tân, Thành phố Hồ Chí Minh, Việt Nam",Quận Bình Tân,"4329: Lắp đặt hệ thống xây dựng khác-Chi tiết: thi công foam cách nhiệt, cách âm thanh; lắp đặt các công trình trang trí nội, ngoại thất; hệ thống xây dựng khác (trừ gia công cơ khí, tái chế phế thải,",technology
315578281,CÔNG TY TNHH TRỌNG NGUYỄN TRADING & TECHNOLOGY,CÔNG TY TNHH TRỌNG NGUYỄN TRAD,Công ty trách nhiệm hữu hạn một thành viên,"Số 13 Đường 75, Phường Tân Phong, Quận 7, Thành phố Hồ Chí Minh, Việt Nam",Quận 7,"4530: Bán phụ tùng và các bộ phận phụ trợ của ô tô và xe có động cơ khác-;2592: Gia công cơ khí; xử lý và tráng phủ kim loại-Chi tiết: gia công phòng sơn, sấy ô tô, mô tô, xe máy (Không hoạt độn",technology
315679709,CÔNG TY TNHH THƯƠNG MẠI DỊCH VỤ SẢN XUẤT HUMAN & TECHNOLOGY.,CÔNG TY TNHH THƯƠNG MẠI DỊCH V,Công ty trách nhiệm hữu hạn hai thành viên trở lên,"15/10N Hòa Bình, Phường 3, Quận 11, Thành phố Hồ Chí Minh, Việt Nam",Quận 11,"5320: Chuyển phát-Chi tiết: Chuyển phát trong phạm vi nội tỉnh, liên tỉnh.;6619: Hoạt động hỗ trợ dịch vụ tài chính chưa được phân vào đâu-Chi tiết: Hoạt động tư vấn đầu tư (trừ tư vấn tài chính, kế t",technology
315742397,CÔNG TY TNHH IMPAQ VIET NAM TESTING TECHNOLOGY,CÔNG TY TNHH IMPAQ VIET NAM TE,Công ty trách nhiệm hữu hạn một thành viên,"16 Lê Tuấn Mậu, Phường 13, Quận 6, Thành phố Hồ Chí Minh, Việt Nam",Quận 6,"7120: Kiểm tra và phân tích kỹ thuật-;7490: Hoạt động chuyên môn, khoa học và công nghệ khác chưa được phân vào đâu-chi tiết: tư vấn chuyển giao công nghệ;4652: Bán buôn thiết bị và linh kiện điện tử,",technology
315796402,CÔNG TY TNHH PD TECHNOLOGY,CÔNG TY TNHH PD TECHNOLOGY,Công ty trách nhiệm hữu hạn một thành viên,"314 Nguyễn Duy, Phường 9, Quận 8, Thành phố Hồ Chí Minh, Việt Nam",Quận 8,"4610: Đại lý, môi giới, đấu giá hàng hóa-Chi tiết: Đại lý, môi giới (trừ môi giới bất động sản);4632: Bán buôn thực phẩm-Chi tiết: Bán buôn thực phẩm chức năng;4669: Bán buôn chuyên doanh khác chưa đư",technology
315822797,CÔNG TY TNHH LIGHTNING TECHNOLOGY,CÔNG TY TNHH LIGHTNING TECHNOL,Công ty trách nhiệm hữu hạn một thành viên,"426 Phan Văn Trị, Phường 7, Quận Gò Vấp, Thành phố Hồ Chí Minh, Việt Nam",Quận Gò Vấp,6201: Lập trình máy vi tính-;6399: Dịch vụ thông tin khác chưa được phân vào đâu-Chi tiết: Các dịch vụ thông tin qua điện thoại; các dịch vụ tìm kiếm thông tin qua hợp đồng hay trên cơ sở phí;6619: Ho,technology
315849485,CÔNG TY TNHH VNYM NETWORK TECHNOLOGY,CÔNG TY TNHH VNYM NETWORK TECH,Công ty trách nhiệm hữu hạn một thành viên,"107 Đường 28, Phường Bình Trị Đông B, Quận Bình Tân, Thành phố Hồ Chí Minh, Việt Nam",Quận Bình Tân,"4651: Bán buôn máy vi tính, thiết bị ngoại vi và phần mềm-;7310: Quảng cáo-;4652: Bán buôn thiết bị và linh kiện điện tử, viễn thông-;6619: Hoạt động hỗ trợ dịch vụ tài chính chưa được phân vào đâu-Ch",technology
315889336,CÔNG TY TNHH HTT TECHNOLOGY,CÔNG TY TNHH HTT TECHNOLOGY,Công ty trách nhiệm hữu hạn một thành viên,"A01-03, Tầng 1, cao ốc Hưng Phát 2, block A, 156A Nguyễn Hữu Thọ, ấp 5, Xã Phước Kiển, Huyện Nhà Bè, Thành phố Hồ Chí Minh, Việt Nam",,"4610: Đại lý, môi giới, đấu giá hàng hóa-(Trừ đấu giá tài sản);4632: Bán buôn thực phẩm-(Không hoạt động tại trụ sở);4641: Bán buôn vải, hàng may mặc, giày dép-;4649: Bán buôn đồ dùng khác cho gia đìn",technology
315903492,CÔNG TY TNHH GREEN TREE INFORMATION TECHNOLOGY,CÔNG TY TNHH GREEN TREE INFORM,Công ty trách nhiệm hữu hạn một thành viên,"915/74/8 Lê Văn Lương, Xã Phước Kiển, Huyện Nhà Bè, Thành phố Hồ Chí Minh, Việt Nam",,"4652: Bán buôn thiết bị và linh kiện điện tử, viễn thông-;4659: Bán buôn máy móc, thiết bị và phụ tùng máy khác-;4741: Bán lẻ máy vi tính, thiết bị ngoại vi, phần mềm và thiết bị viễn thông trong các ",technology
315923675,CÔNG TY TNHH GOLDEN HORSE TECHNOLOGY,CÔNG TY TNHH GOLDEN HORSE TECH,Công ty trách nhiệm hữu hạn một thành viên,"31 Nguyễn Khoái, Phường 01, Quận 4, Thành phố Hồ Chí Minh, Việt Nam",Quận 4,9511: Sửa chữa máy vi tính và thiết bị ngoại vi-;8299: Hoạt động dịch vụ hỗ trợ kinh doanh khác còn lại chưa được phân vào đâu-Chi tiết: Cung cấp dịch vụ xử lý báo cáo văn bản và sao chép tốc ký;6201:,technology
316034453,CÔNG TY TNHH N&T CNC TECHNOLOGY,CÔNG TY TNHH NT CNC TECHNOLOGY,Công ty trách nhiệm hữu hạn một thành viên,"277/19 Nguyễn Chí Thanh, Phường 12, Quận 5, Thành phố Hồ Chí Minh, Việt Nam",Quận 5,"2592: Gia công cơ khí; xử lý và tráng phủ kim loại-Chi tiết: Gia công tiện;1077: Sản xuất cà phê-Chi tiết: Rang, xay cà phê;4543: Bán phụ tùng và các bộ phận phụ trợ của mô tô, xe máy-;4620: Bán buôn ",technology
316055492,CÔNG TY TNHH MACHINE TECHNOLOGY FORWARD VIỆT NAM,CÔNG TY TNHH MACHINE TECHNOLOG,Công ty trách nhiệm hữu hạn một thành viên,"146/2/28 Đường số 30, Phường 6, Quận Gò Vấp, Thành phố Hồ Chí Minh, Việt Nam",Quận Gò Vấp,"4641: Bán buôn vải, hàng may mặc, giày dép-Chi tiết: Thực hiện quyền xuất khẩu, quyền nhập khẩu, quyền phân phối bán buôn các hàng hóa không thuộc danh mục hàng hóa cấm xuất khẩu, cấm nhập khẩu và dan",technology
316092014,CÔNG TY TNHH FUNUPS TECHNOLOGY,CÔNG TY TNHH FUNUPS TECHNOLOGY,Công ty trách nhiệm hữu hạn một thành viên,"23 Ni Sư Huỳnh Liên, Phường 10, Quận Tân Bình, Thành phố Hồ Chí Minh, Việt Nam",Quận Tân Bình,"6311: Xử lý dữ liệu, cho thuê và các hoạt động liên quan-Chi tiết: Dịch vụ xử lý dữ liệu (CPC 843), Dịch vụ cơ sở dữ liệu (CPC 844)
Nhà đầu tư/ Tổ chức kinh tế thực hiện dự án đầu tư không được cung c",technology
316210412,CÔNG TY TNHH LSP TECHNOLOGY,CÔNG TY TNHH LSP TECHNOLOGY,Công ty trách nhiệm hữu hạn một thành viên,"Số 42, 44, 46, 48, đường B2, Phường An Lợi Đông, Quận 2, Thành phố Hồ Chí Minh, Việt Nam",Quận 2,"6201: Lập trình máy vi tính-;6202: Tư vấn máy vi tính và quản trị hệ thống máy vi tính-;6209: Hoạt động dịch vụ công nghệ thông tin và dịch vụ khác liên quan đến máy vi tính-;6311: Xử lý dữ liệu, cho ",technology
316125037,CÔNG TY TNHH MỘT THÀNH VIÊN THIÊN KỲ TECHNOLOGY,CÔNG TY TNHH MỘT THÀNH VIÊN TH,Công ty trách nhiệm hữu hạn một thành viên,"42/36/23 Hoàng Hoa Thám, Phường 7, Quận Bình Thạnh, Thành phố Hồ Chí Minh, Việt Nam",Quận Bình Thạnh,"1392: Sản xuất hàng dệt sẵn (trừ trang phục)-;1393: Sản xuất thảm, chăn, đệm-;1629: Sản xuất sản phẩm khác từ gỗ; sản xuất sản phẩm từ tre, nứa, rơm, rạ và vật liệu tết bện-;2640: Sản xuất sản phẩm đi",technology
316147721,CÔNG TY TNHH MTV NTS TECHNOLOGY,CÔNG TY TNHH MTV NTS TECHNOLOG,Công ty trách nhiệm hữu hạn một thành viên,"Tầng 8, Tòa nhà Anh Minh, Số 56 Nguyễn Đình Chiểu, Phường Đa Kao, Quận 1, Thành phố Hồ Chí Minh, Việt Nam",Quận 1,"4651: Bán buôn máy vi tính, thiết bị ngoại vi và phần mềm-;5820: Xuất bản phần mềm-- Chi tiết: Sản xuất phần mềm;6201: Lập trình máy vi tính-;6202: Tư vấn máy vi tính và quản trị hệ thống máy vi tính-",technology
316178663,CÔNG TY CỔ PHẦN SELECT TECHNOLOGY,CÔNG TY CỔ PHẦN SELECT TECHNOL,Công ty cổ phần,"Tầng 23, Tòa Nhà Petroland , Số 12 Đường Tân Trào , Phường Tân Phú, Quận 7, Thành phố Hồ Chí Minh, Việt Nam",Quận 7,"4659: Bán buôn máy móc, thiết bị và phụ tùng máy khác-;6209: Hoạt động dịch vụ công nghệ thông tin và dịch vụ khác liên quan đến máy vi tính-;9511: Sửa chữa máy vi tính và thiết bị ngoại vi-;9512: Sửa",technology
316180415,CÔNG TY TNHH YANTEN BIOTECHNOLOGY VIET NAM,CÔNG TY TNHH YANTEN BIOTECHNOL,Công ty trách nhiệm hữu hạn hai thành viên trở lên,"57/19 Bàu Cát 9, Phường 13, Quận Tân Bình, Thành phố Hồ Chí Minh, Việt Nam",Quận Tân Bình,"2012: Sản xuất phân bón và hợp chất ni tơ-( Không hoạt động tại trụ sở );7490: Hoạt động chuyên môn, khoa học và công nghệ khác chưa được phân vào đâu-Chi tiết: Tư vấn nông nghiệp.;8292: Dịch vụ đóng ",technology
316199335,CÔNG TY CỔ PHẦN EZ TECHNOLOGY,CÔNG TY CỔ PHẦN EZ TECHNOLOGY,Công ty cổ phần,"SGCL Building, 649/20/7 Điện Biên Phủ, Phường 25, Quận Bình Thạnh, Thành phố Hồ Chí Minh, Việt Nam",Quận Bình Thạnh,"3240: Sản xuất đồ chơi, trò chơi-Chi tiết: Sản xuất trò chơi điện tử;4651: Bán buôn máy vi tính, thiết bị ngoại vi và phần mềm-;4652: Bán buôn thiết bị và linh kiện điện tử, viễn thông-;4741: Bán lẻ m",technology
316186329,CÔNG TY TNHH BALANCE FOODS TECHNOLOGY,CÔNG TY TNHH BALANCE FOODS TEC,Công ty trách nhiệm hữu hạn hai thành viên trở lên,"669-671-667/2 Đường Điện Biên Phủ, Phường 25, Quận Bình Thạnh, Thành phố Hồ Chí Minh, Việt Nam",Quận Bình Thạnh,"1062: Sản xuất tinh bột và các sản phẩm từ tinh bột-(không hoạt động tại trụ sở).;1071: Sản xuất các loại bánh từ bột-(không hoạt động tại trụ sở).;1075: Sản xuất món ăn, thức ăn chế biến sẵn-(không h",technology
316198444,CÔNG TY TNHH ISMART TECHNOLOGY,CÔNG TY TNHH ISMART TECHNOLOGY,Công ty trách nhiệm hữu hạn hai thành viên trở lên,"891/111/9 Nguyễn Kiệm , Phường 3, Quận Gò Vấp, Thành phố Hồ Chí Minh, Việt Nam",Quận Gò Vấp,"4741: Bán lẻ máy vi tính, thiết bị ngoại vi, phần mềm và thiết bị viễn thông trong các cửa hàng chuyên doanh-;4742: Bán lẻ thiết bị nghe nhìn trong các cửa hàng chuyên doanh-;5820: Xuất bản phần mềm-c",technology
316214657,CÔNG TY CỔ PHẦN S.B TECHNOLOGY,CÔNG TY CỔ PHẦN SB TECHNOLOGY,Công ty cổ phần,"Văn Phòng 6F&7F, Mê Linh Point, Số 2 Ngô Đức Kế, Phường Bến Nghé, Quận 1, Thành phố Hồ Chí Minh, Việt Nam",Quận 1,5820: Xuất bản phần mềm-Chi tiết: Sản xuất phần mềm;6201: Lập trình máy vi tính-;6202: Tư vấn máy vi tính và quản trị hệ thống máy vi tính-;6209: Hoạt động dịch vụ công nghệ thông tin và dịch vụ khác ,technology
316206529,CÔNG TY CỔ PHẦN THE GREEN POWER TECHNOLOGY,CÔNG TY CỔ PHẦN THE GREEN POWE,Công ty cổ phần,"Số 12 Đường số 1, Khu Đô Thị Him Lam, Phường Tân Hưng, Quận 7, Thành phố Hồ Chí Minh, Việt Nam",Quận 7,"2640: Sản xuất sản phẩm điện tử dân dụng-;2720: Sản xuất pin và ắc quy-Chi tiết: Sản xuất tấm pin năng lượng mặt trời;2790: Sản xuất thiết bị điện khác-;2811: Sản xuất động cơ, tua bin (trừ động cơ má",technology
316220900,CÔNG TY TNHH DỊCH VỤ PHẦN MỀM VI TÍNH DELUXXIS TECHNOLOGY,CÔNG TY TNHH DỊCH VỤ PHẦN MỀM ,Công ty trách nhiệm hữu hạn một thành viên,"Tầng 4, B8-9, Khu Dân Cư Kim Sơn - Nguyễn Hữu Thọ, Phường Tân Phong, Quận 7, Thành phố Hồ Chí Minh, Việt Nam",Quận 7,6202: Tư vấn máy vi tính và quản trị hệ thống máy vi tính-;6209: Hoạt động dịch vụ công nghệ thông tin và dịch vụ khác liên quan đến máy vi tính-;Doanh nghiệp phải thực hiện đúng các quy định của pháp,technology
316246352,CÔNG TY TNHH SƠN KHANG TECHNOLOGY,CÔNG TY TNHH SƠN KHANG TECHNOL,Công ty trách nhiệm hữu hạn hai thành viên trở lên,"Số 15/1B Đường số 3, Khu phố 7, Phường Hiệp Bình Chánh, Thành phố Thủ Đức, Thành phố Hồ Chí Minh, Việt Nam",,3313: Sửa chữa thiết bị điện tử và quang học-;3314: Sửa chữa thiết bị điện-;4321: Lắp đặt hệ thống điện-;4649: Bán buôn đồ dùng khác cho gia đình-Chi tiết: Bán buôn đồ điện gia dụng;4651: Bán buôn máy,technology
316272553,CÔNG TY TNHH CƠ KHÍ THÁI BÌNH TECHNOLOGY,CÔNG TY TNHH CƠ KHÍ THÁI BÌNH ,Công ty trách nhiệm hữu hạn một thành viên,"Số 39, Tổ 2A, Đường 7, Khu Phố 4, Phường Bình Chiểu, Quận Thủ Đức, Thành phố Hồ Chí Minh, Việt Nam",Quận Thủ Đức,"4669: Bán buôn chuyên doanh khác chưa được phân vào đâu-Chi tiết: buôn bán vậy liệu, thiết bị lắp đặt khác 
(trừ buôn bán bình gas, hóa chất, khí dầu mỏ hóa lỏng LPG, dầu nhớt cặn, vàng miếng, súng, đ",technology
316276170,CÔNG TY CỔ PHẦN SOLAR TECHNOLOGY RESOURCE,CÔNG TY CỔ PHẦN SOLAR TECHNOLO,Công ty cổ phần,"112/11 -112/13 Khu biệt thự Kim Sơn, Đường Nguyễn Văn Hưởng, Phường Thảo Điền, Thành phố Thủ Đức, Thành phố Hồ Chí Minh, Việt Nam",,3511: Sản xuất điện-Chi tiết: Sản xuất điện mặt trời trên mái nhà (không hoạt động tại trụ sở chính);4690: Bán buôn tổng hợp-(trừ bán buôn thuốc trừ sâu và hóa chất sử dụng trong nông nghiệp và không ,technology
316294028,CÔNG TY TNHH TECHNOLOGY,CÔNG TY TNHH TECHNOLOGY,Công ty trách nhiệm hữu hạn hai thành viên trở lên,"Số 59/24 Liên Khu 10-11, Khu phố 11, Phường Bình Trị Đông, Quận Bình Tân, Thành phố Hồ Chí Minh, Việt Nam",Quận Bình Tân,"2599: Sản xuất sản phẩm khác bằng kim loại chưa được phân vào đâu-(không hoạt động tại trụ sở).;2710: Sản xuất mô tơ, máy phát, biến thế điện, thiết bị phân phối và điều khiển điện-(không hoạt động tạ",technology
316332996,CÔNG TY TNHH TECHNOLOGY ENGINEERING HUY HOÀNG,CÔNG TY TNHH TECHNOLOGY ENGINE,Công ty trách nhiệm hữu hạn một thành viên,"219 Phước Thiện, Phường Long Bình, Thành phố Thủ Đức, Thành phố Hồ Chí Minh, Việt Nam",,"2610: Sản xuất linh kiện điện tử-;2630: Sản xuất thiết bị truyền thông-;2640: Sản xuất sản phẩm điện tử dân dụng-Chi tiết: Sản xuất sản phẩm điện tử dân dụng;2651: Sản xuất thiết bị đo lường, kiểm tra",technology
316313513,CÔNG TY TNHH QOALA TECHNOLOGY,CÔNG TY TNHH QOALA TECHNOLOGY,Công ty trách nhiệm hữu hạn một thành viên,"29 Nguyễn Văn Mai, Phường 08, Quận 3, Thành phố Hồ Chí Minh, Việt Nam",Quận 3,6622: Hoạt động của đại lý và môi giới bảo hiểm-Chi tiết: Các dịch vụ hỗ trợ đại lý bảo hiểm (CPC: 81401);6201: Lập trình máy vi tính-Chi tiết: Dịch vụ thực hiện phần mềm (CPC: 842);6202: Tư vấn máy v,technology
316346170,CÔNG TY TNHH  WESOURCE TECHNOLOGY VIETNAM,CÔNG TY TNHH  WESOURCE TECHNOL,Công ty trách nhiệm hữu hạn một thành viên,"154/4/53/25B  Nguyễn Phúc Chu, Phường 15, Quận Tân Bình, Thành phố Hồ Chí Minh, Việt Nam",Quận Tân Bình,"6202: Tư vấn máy vi tính và quản trị hệ thống máy vi tính-;6209: Hoạt động dịch vụ công nghệ thông tin và dịch vụ khác liên quan đến máy vi tính-;4651: Bán buôn máy vi tính, thiết bị ngoại vi và phần ",technology
316328301,CÔNG TY TNHH ACCELERATION KEY TECHNOLOGY,CÔNG TY TNHH ACCELERATION KEY ,Công ty trách nhiệm hữu hạn một thành viên,"L17-11, Tầng 17, Tòa nhà Vincom Center, 72 Lê Thánh Tôn,, Phường Bến Nghé, Quận 1, Thành phố Hồ Chí Minh, Việt Nam",Quận 1,6201: Lập trình máy vi tính-Chi tiết: Dịch vụ thực hiện phần mềm: Sản xuất phần mềm; Lập trình máy vi tính (CPC: 842);6209: Hoạt động dịch vụ công nghệ thông tin và dịch vụ khác liên quan đến máy vi t,technology
316341140,CÔNG TY TNHH VÀNG ANH TECHNOLOGY,CÔNG TY TNHH VÀNG ANH TECHNOLO,Công ty trách nhiệm hữu hạn hai thành viên trở lên,"521 Trần Hưng Đạo, Phường Cầu Kho, Quận 1, Thành phố Hồ Chí Minh, Việt Nam",Quận 1,"7110: Hoạt động kiến trúc và tư vấn kỹ thuật có liên quan-Chi tiết: 
- Thiết kế kiến trúc công trình;
- Thiết kế điện - cơ điện công trình;
- Thiết kế cấp - thoát nước;
- Thiết kế thông gió - cấp thoá",technology
316367928,CÔNG TY TNHH JAPAN BODY TECHNOLOGY,CÔNG TY TNHH JAPAN BODY TECHNO,Công ty trách nhiệm hữu hạn hai thành viên trở lên,"390 Hoàng Văn Thụ, Phường 4, Quận Tân Bình, Thành phố Hồ Chí Minh, Việt Nam",Quận Tân Bình,"4511: Bán buôn ô tô và xe có động cơ khác-;4512: Bán lẻ ô tô con (loại 9 chỗ ngồi trở xuống)-;4513: Đại lý ô tô và xe có động cơ khác-;4520: Bảo dưỡng, sửa chữa ô tô và xe có động cơ khác-(Chỉ hoạt độ",technology
316426210,CÔNG TY TRÁCH NHIỆM HỮU HẠN RENOVATION TECHNOLOGY,CÔNG TY TRÁCH NHIỆM HỮU HẠN RE,Công ty trách nhiệm hữu hạn hai thành viên trở lên,"28 Phan Thúc Duyện, Phường 4, Quận Tân Bình, Thành phố Hồ Chí Minh, Việt Nam",Quận Tân Bình,"4651: Bán buôn máy vi tính, thiết bị ngoại vi và phần mềm-;4652: Bán buôn thiết bị và linh kiện điện tử, viễn thông-;4741: Bán lẻ máy vi tính, thiết bị ngoại vi, phần mềm và thiết bị viễn thông trong ",technology
316390444,CÔNG TY TNHH LEO TECHNOLOGY,CÔNG TY TNHH LEO TECHNOLOGY,Công ty trách nhiệm hữu hạn hai thành viên trở lên,"L17-11, Tầng 17, Tòa Nhà Vincom Center, Số 72 Lê Thánh Tôn, Phường Bến Nghé, Quận 1, Thành phố Hồ Chí Minh, Việt Nam",Quận 1,8299: Hoạt động dịch vụ hỗ trợ kinh doanh khác còn lại chưa được phân vào đâu-Chi tiết: hoạt động thương mại điện tử;8560: Dịch vụ hỗ trợ giáo dục-;8559: Giáo dục khác chưa được phân vào đâu-(trừ Dạy ,technology
316407289,CÔNG TY TNHH ZEUS TECHNOLOGY,CÔNG TY TNHH ZEUS TECHNOLOGY,Công ty trách nhiệm hữu hạn một thành viên,"42 Ngô Quang Huy, Phường Thảo Điền, Thành phố Thủ Đức, Thành phố Hồ Chí Minh, Việt Nam",,"4690: Bán buôn tổng hợp-Chi tiết: Thực hiện quyền xuất khẩu, quyền nhập khẩu, quyền phân phối bán buôn các hàng hóa không thuộc danh mục hàng hóa cấm xuất khẩu, cấm nhập khẩu và danh mục hàng hóa khôn",technology
316423499,CÔNG TY TNHH BEEVALLEY TECHNOLOGY INTERNATIONAL,CÔNG TY TNHH BEEVALLEY TECHNOL,Công ty trách nhiệm hữu hạn hai thành viên trở lên,"14N Nguyễn Thị Tần, Phường 2, Quận 8, Thành phố Hồ Chí Minh, Việt Nam",Quận 8,"6201: Lập trình máy vi tính-Chi tiết: sản xuất phần mềm;6202: Tư vấn máy vi tính và quản trị hệ thống máy vi tính-;6311: Xử lý dữ liệu, cho thuê và các hoạt động liên quan-;4610: Đại lý, môi giới, đấu",technology
316436642,CÔNG TY TNHH MD TECHNOLOGY VIETNAM,CÔNG TY TNHH MD TECHNOLOGY VIE,Công ty trách nhiệm hữu hạn một thành viên,"Tầng 11, Khối Khách Sạn, Văn Phòng Phần A, Saigon Airport Plaza, Số 1 Bạch Đằng, Phường 2, Quận Tân Bình, Thành phố Hồ Chí Minh, Việt Nam",Quận Tân Bình,"4741: Bán lẻ máy vi tính, thiết bị ngoại vi, phần mềm và thiết bị viễn thông trong các cửa hàng chuyên doanh-;6311: Xử lý dữ liệu, cho thuê và các hoạt động liên quan-;4651: Bán buôn máy vi tính, thiế",technology
316479318,CÔNG TY TNHH BOOSTCRM TECHNOLOGY,CÔNG TY TNHH BOOSTCRM TECHNOLO,Công ty trách nhiệm hữu hạn hai thành viên trở lên,"12/19 đường 109, Phường Phước Long B, Quận 9, Thành phố Hồ Chí Minh, Việt Nam",Quận 9,6201: Lập trình máy vi tính-;6202: Tư vấn máy vi tính và quản trị hệ thống máy vi tính-;6209: Hoạt động dịch vụ công nghệ thông tin và dịch vụ khác liên quan đến máy vi tính-;4651: Bán buôn máy vi tín,technology
316496722,CÔNG TY TNHH TONY AUDIO TECHNOLOGY,CÔNG TY TNHH TONY AUDIO TECHNO,Công ty trách nhiệm hữu hạn một thành viên,"40 Đường số 7, Phường Tân Kiểng, Quận 7, Thành phố Hồ Chí Minh, Việt Nam",Quận 7,1811: In ấn-;1812: Dịch vụ liên quan đến in-;1820: Sao chép bản ghi các loại-;2630: Sản xuất thiết bị truyền thông-(không hoạt động tại trụ sở).;3290: Sản xuất khác chưa được phân vào đâu-Chi tiết: Sả,technology
316464417,CÔNG TY TNHH BASH TECHNOLOGY,CÔNG TY TNHH BASH TECHNOLOGY,Công ty trách nhiệm hữu hạn một thành viên,"72 Đường 11 KDC Cityland Park Hills, Phường 10, Quận Gò Vấp, Thành phố Hồ Chí Minh, Việt Nam",Quận Gò Vấp,"4649: Bán buôn đồ dùng khác cho gia đình-Chi tiết: Bán buôn vali, cặp, túi, ví, hàng da và giả da khác. Bán buôn nước hoa, hàng mỹ phẩm và chế phẩm vệ sinh. Bán buôn hàng gốm, sứ, thủy tinh. Bán buôn ",technology
316472464,CÔNG TY CỔ PHẦN ATTOMOTO TECHNOLOGY,CÔNG TY CỔ PHẦN ATTOMOTO TECHN,Công ty cổ phần,"733 Hồng Bàng, Phường 06, Quận 6, Thành phố Hồ Chí Minh, Việt Nam",Quận 6,"0119: Trồng cây hàng năm khác-;0129: Trồng cây lâu năm  khác-;0163: Hoạt động dịch vụ sau thu hoạch-;4610: Đại lý, môi giới, đấu giá hàng hóa-(trừ đấu giá tài sản);4620: Bán buôn nông, lâm sản nguyên ",technology
316477166,CÔNG TY TNHH HANWHA FINANCIAL TECHNOLOGY,CÔNG TY TNHH HANWHA FINANCIAL ,Công ty trách nhiệm hữu hạn một thành viên,"Tầng 19, số 81-85 Hàm Nghi, Phường Nguyễn Thái Bình, Quận 1, Thành phố Hồ Chí Minh, Việt Nam",Quận 1,"7020: Hoạt động tư vấn quản lý-Chi tiết: Dịch vụ tư vấn quản lý (trừ dịch vụ tư vấn thuế, tài chính, kế toán và pháp lý) (CPC 865)
Doanh nghiệp không được cung cấp dịch vụ trọng tài hòa giải đối với t",technology
316480031,CÔNG TY TNHH DELIGHT DECENTRALIZED TECHNOLOGY,CÔNG TY TNHH DELIGHT DECENTRAL,Công ty trách nhiệm hữu hạn một thành viên,"35/1 Vũ Huy Tấn, Phường 3, Quận Bình Thạnh, Thành phố Hồ Chí Minh, Việt Nam",Quận Bình Thạnh,6209: Hoạt động dịch vụ công nghệ thông tin và dịch vụ khác liên quan đến máy vi tính-;8299: Hoạt động dịch vụ hỗ trợ kinh doanh khác còn lại chưa được phân vào đâu-Chi tiết: Dịch vụ thương mại điện t,technology
316482504,CÔNG TY TNHH AIR TO GAS TECHNOLOGY ASIA,CÔNG TY TNHH AIR TO GAS TECHNO,Công ty trách nhiệm hữu hạn hai thành viên trở lên,"16 Yên Thế, Phường 2, Quận Tân Bình, Thành phố Hồ Chí Minh, Việt Nam",Quận Tân Bình,"4659: Bán buôn máy móc, thiết bị và phụ tùng máy khác-;4652: Bán buôn thiết bị và linh kiện điện tử, viễn thông-;2610: Sản xuất linh kiện điện tử-(không hoạt động tại trụ sở);4653: Bán buôn máy móc, t",technology
316541076,CÔNG TY TNHH THƯƠNG MẠI DỊCH VỤ XUẤT NHẬP KHẨU CƠ KHÍ TỰ ĐỘNG HÓA MQ TECHNOLOGY,CÔNG TY TNHH THƯƠNG MẠI DỊCH V,Công ty trách nhiệm hữu hạn hai thành viên trở lên,"132/9 Trường Chinh, Khu Phố 2, Phường Tân Hưng Thuận, Quận 12, Thành phố Hồ Chí Minh, Việt Nam",Quận 12,"4321: Lắp đặt hệ thống điện-Chi tiết: Thi công lắp đặt hệ thống cơ - điện lạnh, hệ thống điện công trình dân dụng, công nghiệp đến 35KV (không gia công cơ khí, tái chế phế thải, xi mạ điện tại trụ sở ",technology
316503747,CÔNG TY TNHH KING ATTORNEY TECHNOLOGY,CÔNG TY TNHH KING ATTORNEY TEC,Công ty trách nhiệm hữu hạn hai thành viên trở lên,"28D Lý Chiêu Hoàng, Phường 10, Quận 6, Thành phố Hồ Chí Minh, Việt Nam",Quận 6,"6201: Lập trình máy vi tính-Chi tiết: Lập trình phần mềm. Dịch vụ thiết kế website cá nhân, doanh nghiệp, trang tin điện tử;6202: Tư vấn máy vi tính và quản trị hệ thống máy vi tính-Chi tiết: Lập và t",technology
316503391,CÔNG TY TNHH SAFARICHEM TECHNOLOGY,CÔNG TY TNHH SAFARICHEM TECHNO,Công ty trách nhiệm hữu hạn hai thành viên trở lên,"Số 1, Đường Đ8, Phường Trường Thạnh, Thành phố Thủ Đức, Thành phố Hồ Chí Minh, Việt Nam",,4669: Bán buôn chuyên doanh khác chưa được phân vào đâu-Chi tiết: Bán buôn hóa chất khác (không hoạt động tại trụ sở); Bán buôn chất dẻo dạng nguyên sinh; Bán buôn cao su (không hoạt động tại trụ sở);,technology
316524673,CÔNG TY TNHH THEGOODGUYS TECHNOLOGY,CÔNG TY TNHH THEGOODGUYS TECHN,Công ty trách nhiệm hữu hạn hai thành viên trở lên,"159/21 Phạm Văn Hai, Phường 5, Quận Tân Bình, Thành phố Hồ Chí Minh, Việt Nam",Quận Tân Bình,"6202: Tư vấn máy vi tính và quản trị hệ thống máy vi tính-;6209: Hoạt động dịch vụ công nghệ thông tin và dịch vụ khác liên quan đến máy vi tính-;6311: Xử lý dữ liệu, cho thuê và các hoạt động liên qu",technology
316518398,CÔNG TY TNHH WIN-WIN-WIN TECHNOLOGY,CÔNG TY TNHH WINWINWIN TECHNOL,Công ty trách nhiệm hữu hạn hai thành viên trở lên,"Số12,Đường 18,KhuPhố 5, Phường Linh Trung, Quận Thủ Đức, Thành phố Hồ Chí Minh, Việt Nam",Quận Thủ Đức,"4690: Bán buôn tổng hợp-(trừ khí dầu mỏ hóa lỏng LPG, dầu nhớt cặn, vàng miếng, súng, đạn loại dùng đi săn hoặc thể thao và tiền kim khí; trừ bán buôn hóa chất tại trụ sở; Thực hiện theo Quyết định 64",technology
316539574,CÔNG TY CỔ PHẦN ĐẦU TƯ HEALTHCARE TECHNOLOGY,CÔNG TY CỔ PHẦN ĐẦU TƯ HEALTHC,Công ty cổ phần,"273/2 Thống Nhất, Phường Tân Thành, Quận Tân Phú, Thành phố Hồ Chí Minh, Việt Nam",Quận Tân Phú,"7020: Hoạt động tư vấn quản lý-(trừ tư vấn tài chính, kế toán, pháp luật).;8211: Dịch vụ hành chính văn phòng tổng hợp-;Doanh nghiệp phải thực hiện đúng các quy định của pháp luật về đất đai, xây dựng",technology
316542256,CÔNG TY TNHH SILVERSPEED TECHNOLOGY,CÔNG TY TNHH SILVERSPEED TECHN,Công ty trách nhiệm hữu hạn một thành viên,"205/76 Trần Văn Đang, Phường 11, Quận 3, Thành phố Hồ Chí Minh, Việt Nam",Quận 3,"4649: Bán buôn đồ dùng khác cho gia đình-Chi tiết: 
- Bán buôn đồ điện gia dụng, đèn và bộ đèn điện 
- Bán buôn nước hoa, hàng mỹ phẩm và chế phẩm vệ sinh 
- Bán buôn đồ dùng khác cho gia đình (trừ dư",technology
316551719,CÔNG TY CỔ PHẦN KIDPOD TECHNOLOGY,CÔNG TY CỔ PHẦN KIDPOD TECHNOL,Công ty cổ phần,"Tầng 16, Saigon Tower, 29 Lê Duẩn, Phường Bến Nghé, Quận 1, Thành phố Hồ Chí Minh, Việt Nam",Quận 1,"4764: Bán lẻ trò chơi, đồ chơi trong các cửa hàng chuyên doanh-(trừ đồ chơi có hại cho giáo dục nhân cách, sức khoẻ trẻ em hoặc ảnh hưởng đến an ninh trật tự an toàn xã hội).;7212: Nghiên cứu khoa học",technology
316559475,CÔNG TY TNHH THƯƠNG MẠI & DỊCH VỤ TECHNOLOGY COMBOSS,CÔNG TY TNHH THƯƠNG MẠI  DỊCH ,Công ty trách nhiệm hữu hạn hai thành viên trở lên,"Số 1 Đường số 2 Khu Dân Cư CityLand, Phường 10, Quận Gò Vấp, Thành phố Hồ Chí Minh, Việt Nam",Quận Gò Vấp,"8230: Tổ chức giới thiệu và xúc tiến thương mại-(không thực hiện các hiệu ứng cháy, nổ; không sử dụng chất nổ, chất cháy, hóa chất làm đạo cụ, dụng cụ thực hiện các chương trình văn nghệ, sự kiện, phi",technology
316571024,CÔNG TY TNHH XERO TECHNOLOGY,CÔNG TY TNHH XERO TECHNOLOGY,Công ty trách nhiệm hữu hạn một thành viên,"253 Hoàng Văn Thụ, Phường 2, Quận Tân Bình, Thành phố Hồ Chí Minh, Việt Nam",Quận Tân Bình,"6201: Lập trình máy vi tính-;6202: Tư vấn máy vi tính và quản trị hệ thống máy vi tính-;6209: Hoạt động dịch vụ công nghệ thông tin và dịch vụ khác liên quan đến máy vi tính-;6311: Xử lý dữ liệu, cho ",technology
316632534,CÔNG TY TNHH IMIN TECHNOLOGY VIỆT NAM,CÔNG TY TNHH IMIN TECHNOLOGY V,Công ty trách nhiệm hữu hạn một thành viên,"L14-08A, Lầu 14, Tòa nhà Vincom, số 72 Lê Thánh Tôn, Phường Bến Nghé, Quận 1, Thành phố Hồ Chí Minh, Việt Nam",Quận 1,"4652: Bán buôn thiết bị và linh kiện điện tử, viễn thông-(CPC 622);4659: Bán buôn máy móc, thiết bị và phụ tùng máy khác-(CPC 622);4651: Bán buôn máy vi tính, thiết bị ngoại vi và phần mềm-(CPC 622);6",technology
316579513,CÔNG TY TNHH THƯƠNG MẠI TDT TECHNOLOGY,CÔNG TY TNHH THƯƠNG MẠI TDT TE,Công ty trách nhiệm hữu hạn một thành viên,"50A Tây Lân, Phường Bình Trị Đông A, Quận Bình Tân, Thành phố Hồ Chí Minh, Việt Nam",Quận Bình Tân,"3290: Sản xuất khác chưa được phân vào đâu-(trừ sản xuất xốp cách nhiệt sử dụng ga R141b) (không sản xuất và tồn trữ hóa chất tại trụ sở) (trừ sản xuất vàng miếng).;3312: Sửa chữa máy móc, thiết bị-Ch",technology
316589624,CÔNG TY TNHH THẮNG SINH TECHNOLOGY,CÔNG TY TNHH THẮNG SINH TECHNO,Công ty trách nhiệm hữu hạn một thành viên,"402/8 Hiệp Thành 13, Khu Phố 7, Phường Hiệp Thành, Quận 12, Thành phố Hồ Chí Minh, Việt Nam",Quận 12,2610: Sản xuất linh kiện điện tử-Chi tiết: Sản xuất và lắp ráp linh kiện điện tử (không hoạt động tại trụ sở);2620: Sản xuất máy vi tính và thiết bị ngoại vi của máy vi tính-Chi tiết: Sản xuất và lắp ,technology
316662955,CÔNG TY TNHH CHIPSEN ELECTRONICS TECHNOLOGY (VIET NAM),CÔNG TY TNHH CHIPSEN ELECTRONI,Công ty trách nhiệm hữu hạn một thành viên,"1560 Nguyễn Duy Trinh, KP. Tam Đa, Phường Trường Thạnh, Quận 9, Thành phố Hồ Chí Minh, Việt Nam",Quận 9,"4659: Bán buôn máy móc, thiết bị và phụ tùng máy khác-Chi tiết: Thực hiện quyền xuất khẩu, quyền nhập khẩu, quyền phân phối bán buôn các hàng hóa không thuộc danh mục hàng hóa cấm xuất khẩu, cấm nhập ",technology
316639755,CÔNG TY TNHH MỘT THÀNH VIÊN TECHNOLOGY NEW,CÔNG TY TNHH MỘT THÀNH VIÊN TE,Công ty trách nhiệm hữu hạn một thành viên,"Tầng 2, 1/11/33 Đường Trục, Phường 13, Quận Bình Thạnh, Thành phố Hồ Chí Minh, Việt Nam",Quận Bình Thạnh,"4659: Bán buôn máy móc, thiết bị và phụ tùng máy khác-Chi tiết: Bán buôn máy móc, thiết bị công nghiệp – xây dựng – điện tử - cơ điện – điện tự động – tin học; Bán buôn máy móc, thiết bị và phụ tùng m",technology
316147520,CÔNG TY TNHH SWISS VINA TECHNOLOGY,CÔNG TY TNHH SWISS VINA TECHNO,Công ty trách nhiệm hữu hạn một thành viên,"233/14/4/15 Huỳnh Tấn Phát, Thị Trấn Nhà Bè, Huyện Nhà Bè, Thành phố Hồ Chí Minh, Việt Nam",,1811: In ấn-;1812: Dịch vụ liên quan đến in-;2012: Sản xuất phân bón và hợp chất ni tơ-(không hoạt động tại trụ sở);2029: Sản xuất sản phẩm hoá chất khác chưa được phân vào đâu-Chi tiết: Sản xuất hóa ,technology
316193936,CÔNG TY TNHH BAMBOO TECHNOLOGY ASIA,CÔNG TY TNHH BAMBOO TECHNOLOGY,Công ty trách nhiệm hữu hạn một thành viên,"A04.19, Tháp OT1, Toà Nhà Saigon Royal, Số 35, Đường Bến Vân Đồn, Phường 12, Quận 4, Thành phố Hồ Chí Minh, Việt Nam",Quận 4,"6201: Lập trình máy vi tính-Chi tiết: Dịch vụ lập trình máy vi tính, dịch vụ thực hiện phần mềm (CPC 842);6202: Tư vấn máy vi tính và quản trị hệ thống máy vi tính-Chi tiết: Dịch vụ tư",technology
316238792,CÔNG TY TNHH TASYS TECHNOLOGY,CÔNG TY TNHH TASYS TECHNOLOGY,Công ty trách nhiệm hữu hạn hai thành viên trở lên,"127 Hoàng Văn Hợp, Phường An Lạc A, Quận Bình Tân, Thành phố Hồ Chí Minh, Việt Nam",Quận Bình Tân,"4651: Bán buôn máy vi tính, thiết bị ngoại vi và phần mềm-;4741: Bán lẻ máy vi tính, thiết bị ngoại vi, phần mềm và thiết bị viễn thông trong các cửa hàng chuyên doanh-;5820: Xuất bản phần mềm-chi tiế",technology
316323085,CÔNG TY TNHH CROSS TECHNOLOGY & COMMUNICATION,CÔNG TY TNHH CROSS TECHNOLOGY ,Công ty trách nhiệm hữu hạn hai thành viên trở lên,"399/41 Nguyễn Đình Chiểu, Phường 05, Quận 3, Thành phố Hồ Chí Minh, Việt Nam",Quận 3,"1820: Sao chép bản ghi các loại-;4610: Đại lý, môi giới, đấu giá hàng hóa-Chi tiết: Đại lý cung cấp phần mềm;4651: Bán buôn máy vi tính, thiết bị ngoại vi và phần mềm-;4652: Bán buôn thiết bị và linh ",technology
316376337,CÔNG TY TNHH HOA SEN TECHNOLOGY,CÔNG TY TNHH HOA SEN TECHNOLOG,Công ty trách nhiệm hữu hạn một thành viên,"125/53 đường Đoàn Văn Bơ, Phường 13, Quận 4, Thành phố Hồ Chí Minh, Việt Nam",Quận 4,"4659: Bán buôn máy móc, thiết bị và phụ tùng máy khác-Chi tiết: bán buôn máy móc, thiết bị và phụ tùng. Bán buôn máy móc, thiết bị và phụ tùng máy công nghiệp. Bán buôn máy móc, thiết bị và phụ tùng m",technology
316476130,CÔNG TY TNHH B13 TECHNOLOGY VIỆT NAM,CÔNG TY TNHH B13 TECHNOLOGY VI,Công ty trách nhiệm hữu hạn một thành viên,"Tầng 21, số 5, Công Trường Mê Linh, Phường Bến Nghé, Quận 1, Thành phố Hồ Chí Minh, Việt Nam",Quận 1,"6201: Lập trình máy vi tính-(CPC 8424);7020: Hoạt động tư vấn quản lý-Chi tiết: Dịch vụ tư vấn quản lý chung, dịch vụ tư vấn quản lý tài chính (trừ thuế kinh doanh), dịch vụ tư vấn quản lý marketing, ",technology
316625110,CÔNG TY TNHH SPRING TECHNOLOGY,CÔNG TY TNHH SPRING TECHNOLOGY,Công ty trách nhiệm hữu hạn một thành viên,"773 đường Trần Xuân Soạn, Phường Tân Hưng, Quận 7, Thành phố Hồ Chí Minh, Việt Nam",Quận 7,"6201: Lập trình máy vi tính-Chi tiết: Sản Xuất Phần Mềm;6202: Tư vấn máy vi tính và quản trị hệ thống máy vi tính-Chi tiết: Dịch vụ liên quan tới lắp đặt phần cứng máy tính, dịch vụ tư vấn phần mềm và",technology
316636747,CÔNG TY TNHH V18 TECHNOLOGY,CÔNG TY TNHH V18 TECHNOLOGY,Công ty trách nhiệm hữu hạn một thành viên,"78/2 Nguyễn Văn Quỳ, Khu phố 1, Phường Phú Thuận, Quận 7, Thành phố Hồ Chí Minh, Việt Nam",Quận 7,7020: Hoạt động tư vấn quản lý-(CPC 865);7320: Nghiên cứu thị trường và thăm dò dư luận-Chi tiết: Dịch vụ nghiên cứu thị trường (Nhà đầu tư không được cung cấp dịch vụ thăm dò ý kiến công chúng có CPC,technology
316646223,CÔNG TY TNHH XNK VIETNAM BAOLONG HARDWARE ZIPPER TECHNOLOGY,CÔNG TY TNHH XNK VIETNAM BAOLO,Công ty trách nhiệm hữu hạn một thành viên,"Số 2, Đường Số 14, Phường Linh Trung, Thành phố Thủ Đức, Thành phố Hồ Chí Minh, Việt Nam",,"4610: Đại lý, môi giới, đấu giá hàng hóa-Chi tiết: Đại lý, môi giới;4669: Bán buôn chuyên doanh khác chưa được phân vào đâu-Chi tiết: Xuất nhập khẩu các mặt hàng công ty kinh doanh; Ủy thác và nhận ủy",technology
316679194,CÔNG TY TNHH ACTE TECHNOLOGY,CÔNG TY TNHH ACTE TECHNOLOGY,Công ty trách nhiệm hữu hạn một thành viên,"HP Tower, Tầng 7, 60 Nguyễn Văn Thủ, Phường Đa Kao, Quận 1, Thành phố Hồ Chí Minh, Việt Nam",Quận 1,"6201: Lập trình máy vi tính-;7020: Hoạt động tư vấn quản lý-Chi tiết: Tư vấn quản lý (trừ tư vấn tài chính, kế toán, pháp luật);4652: Bán buôn thiết bị và linh kiện điện tử, viễn thông-;4741: Bán lẻ m",technology
316692780,CÔNG TY TNHH GENBYTE TECHNOLOGY (VIỆT NAM),CÔNG TY TNHH GENBYTE TECHNOLOG,Công ty trách nhiệm hữu hạn một thành viên,"Nhà xưởng D2, Lô I-15-1, Đường D12, Khu công nghệ cao, Phường Tăng Nhơn Phú B, Thành phố Thủ Đức, Thành phố Hồ Chí Minh, Việt Nam",,"2610: Sản xuất linh kiện điện tử-Chi tiết: Xây dựng nhà máy sản xuất bộ điều khiển được sử dụng trong hệ thống thiết bị nhà thông minh, xe ô tô, các sản phẩm gia dụng (tủ lạnh, máy lạnh, máy hút bụi),",technology
316690631,CÔNG TY TNHH KIX TECHNOLOGY,CÔNG TY TNHH KIX TECHNOLOGY,Công ty trách nhiệm hữu hạn một thành viên,"88/1C Phạm Văn Hai, Phường 3, Quận Tân Bình, Thành phố Hồ Chí Minh, Việt Nam",Quận Tân Bình,"4669: Bán buôn chuyên doanh khác chưa được phân vào đâu-Chi tiết: Bán buôn thức ăn, đồ dùng cho động vật, thú cưng
(Doanh nghiệp chỉ được kinh doanh kể từ khi có đủ điều kiện theo quy định của pháp lu",technology
316709459,CÔNG TY TNHH VĨNH ĐẠT TECHNOLOGY,CÔNG TY TNHH VĨNH ĐẠT TECHNOLO,Công ty trách nhiệm hữu hạn một thành viên,"368/6C Lê Hồng Phong, Phường 01, Quận 10, Thành phố Hồ Chí Minh, Việt Nam",Quận 10,"4651: Bán buôn máy vi tính, thiết bị ngoại vi và phần mềm-Chi tiết: Xuất nhập khẩu, bán buôn máy vi tính, thiết bị ngoại vi và phần mềm;4652: Bán buôn thiết bị và linh kiện điện tử, viễn thông-Chi tiế",technology
316708293,CÔNG TY TNHH TINY TECHNOLOGY,CÔNG TY TNHH TINY TECHNOLOGY,Công ty trách nhiệm hữu hạn một thành viên,"81/6 Nguyễn Văn Giai, Phường Đa Kao, Quận 1, Thành phố Hồ Chí Minh, Việt Nam",Quận 1,"4651: Bán buôn máy vi tính, thiết bị ngoại vi và phần mềm-;4741: Bán lẻ máy vi tính, thiết bị ngoại vi, phần mềm và thiết bị viễn thông trong các cửa hàng chuyên doanh-;6201: Lập trình máy vi tính-;62",technology
316713399,CÔNG TY TNHH GLOBAL ELEVATOR TECHNOLOGY,CÔNG TY TNHH GLOBAL ELEVATOR T,Công ty trách nhiệm hữu hạn một thành viên,"78/2/19 Phan Đình Phùng, Phường Tân Thành, Quận Tân Phú, Thành phố Hồ Chí Minh, Việt Nam",Quận Tân Phú,"3320: Lắp đặt máy móc và thiết bị công nghiệp-Chi tiết: Lắp đặt thang máy các loại;3312: Sửa chữa máy móc, thiết bị-Chi tiết: Sửa chữa, bảo trì: thang máy, thang cuốn, thiết bị nâng hạ, băng tải và th",technology
316712476,CÔNG TY CP 3P HEALTHCARE TECHNOLOGY,CÔNG TY CP 3P HEALTHCARE TECHN,Công ty cổ phần,"101 Đường số 3, Khu dân cư Cityland, Phường 10, Quận Gò Vấp, Thành phố Hồ Chí Minh, Việt Nam",Quận Gò Vấp,"7020: Hoạt động tư vấn quản lý-(trừ tư vấn tài chính, kế toán và pháp luật);6201: Lập trình máy vi tính-Chi tiết: sản xuất phần mềm;6202: Tư vấn máy vi tính và quản trị hệ thống máy vi tính-;6209: Hoạ",technology
316720075,CÔNG TY TNHH SX TM DV HƯNG  PHONG THỊNH TECHNOLOGY,CÔNG TY TNHH SX TM DV HƯNG  PH,Công ty trách nhiệm hữu hạn một thành viên,"D6/191/4 đường 4b, ấp 4, Xã Đa Phước, Huyện Bình Chánh, Thành phố Hồ Chí Minh, Việt Nam",,"4649: Bán buôn đồ dùng khác cho gia đình-(trừ kinh doanh dược phẩm).;4659: Bán buôn máy móc, thiết bị và phụ tùng máy khác-chi tiết: Bán buôn máy móc, thiết bị và phụ tùng máy khai khoáng, xây dựng; B",technology
316753169,CÔNG TY TNHH TECHNOLOGY HOUSE,CÔNG TY TNHH TECHNOLOGY HOUSE,Công ty trách nhiệm hữu hạn một thành viên,"403/38/11 Tân Chánh Hiệp 10, Tổ 3, Khu Phố 8, Phường Tân Chánh Hiệp, Quận 12, Thành phố Hồ Chí Minh, Việt Nam",Quận 12,"3314: Sửa chữa thiết bị điện-;4321: Lắp đặt hệ thống điện-;4649: Bán buôn đồ dùng khác cho gia đình-Chi tiết: Bán buôn đồ điện gia dụng, đèn và bộ đèn điện; Bán buôn giường, tủ, bàn ghế và đồ dùng nội",technology
316768415,CÔNG TY TNHH NEXTWAY TECHNOLOGY,CÔNG TY TNHH NEXTWAY TECHNOLOG,Công ty trách nhiệm hữu hạn hai thành viên trở lên,"Số 129 Thành Mỹ, Phường 8, Quận Tân Bình, Thành phố Hồ Chí Minh, Việt Nam",Quận Tân Bình,6201: Lập trình máy vi tính-(CPC 842); 6202: Tư vấn máy vi tính và quản trị hệ thống máy vi tính-(CPC 841); 6209: Hoạt động dịch vụ công nghệ thông tin và dịch vụ khác liên quan đến máy vi tính-(CPC 8,technology
316785097,CÔNG TY TNHH AONE TECHNOLOGY VINA,CÔNG TY TNHH AONE TECHNOLOGY V,Công ty trách nhiệm hữu hạn một thành viên,"Tầng 5, Số 56 (R4-38) Đường số 6, Khu phố Hưng Phước 3, Phường Tân Phong, Quận 7, Thành phố Hồ Chí Minh, Việt Nam",Quận 7,"4653: Bán buôn máy móc, thiết bị và phụ tùng máy nông nghiệp-;4659: Bán buôn máy móc, thiết bị và phụ tùng máy khác-Chi tiết: Xuất nhập khẩu, bán buôn các loại máy móc, thiết bị tự động; máy móc đã qu",technology
316795521,CÔNG TY TNHH ELECTRICAL TECHNOLOGY SOLUTIONS,CÔNG TY TNHH ELECTRICAL TECHNO,Công ty trách nhiệm hữu hạn một thành viên,"5/5 Ấp 2, Xã Nhị Bình, Huyện Hóc Môn, Thành phố Hồ Chí Minh, Việt Nam",,"3312: Sửa chữa máy móc, thiết bị-;3313: Sửa chữa thiết bị điện tử và quang học-;3314: Sửa chữa thiết bị điện-;3319: Sửa chữa thiết bị khác-;4649: Bán buôn đồ dùng khác cho gia đình-(trừ  kinh doanh dư",technology
316825568,CÔNG TY TNHH LEAN TECHNOLOGY,CÔNG TY TNHH LEAN TECHNOLOGY,Công ty trách nhiệm hữu hạn hai thành viên trở lên,"177 Bạch Đằng, Phường 15, Quận Bình Thạnh, Thành phố Hồ Chí Minh, Việt Nam",Quận Bình Thạnh,6201: Lập trình máy vi tính-Chi tiết: Sản xuất phần mềm;6202: Tư vấn máy vi tính và quản trị hệ thống máy vi tính-;6209: Hoạt động dịch vụ công nghệ thông tin và dịch vụ khác liên quan đến máy vi tính,technology
316832149,CÔNG TY TNHH ELITE LIGHT TECHNOLOGY,CÔNG TY TNHH ELITE LIGHT TECHN,Công ty trách nhiệm hữu hạn một thành viên,"Tầng 2, Số 88 Đường Bàu Cát 3, Phường 14, Quận Tân Bình, Thành phố Hồ Chí Minh, Việt Nam",Quận Tân Bình,"4690: Bán buôn tổng hợp-Chi tiết: Thực hiện quyền xuất khẩu, quyền nhập khẩu, quyền phân phối bán buôn các hàng hóa theo quy định của pháp luật Việt Nam và các điều ước quốc tế mà Việt Nam là thành vi",technology
316834298,CÔNG TY TNHH ECV TECHNOLOGY,CÔNG TY TNHH ECV TECHNOLOGY,Công ty trách nhiệm hữu hạn một thành viên,"Tầng 8, 29 Nguyễn Văn Mai, Phường Võ Thị Sáu, Quận 3, Thành phố Hồ Chí Minh, Việt Nam",Quận 3,"4651: Bán buôn máy vi tính, thiết bị ngoại vi và phần mềm-Chi tiết: Thực hiện quyền xuất khẩu, quyền nhập khẩu, quyền phân phối bán buôn các hàng hóa theo quy định của pháp luật Việt Nam và các điều ư",technology
316857168,CÔNG TY TNHH ZELLERA LEGAL TECHNOLOGY,CÔNG TY TNHH ZELLERA LEGAL TEC,Công ty trách nhiệm hữu hạn một thành viên,"Tầng 12 Tòa Nhà Miss Áo Dài, Số 21 Đường Nguyễn Trung Ngạn, Phường Bến Nghé, Quận 1, Thành phố Hồ Chí Minh, Việt Nam",Quận 1,"7020: Hoạt động tư vấn quản lý-Nhà đầu tư không được cung cấp dịch vụ pháp lý, dịch vụ trọng tài hòa giải đối với tranh chấp thương mai giữa các thương nhân, dịch vụ thuế, kế toán và kiểm toán, dịch v",technology
316864246,CÔNG TY TNHH SANEZUS TECHNOLOGY,CÔNG TY TNHH SANEZUS TECHNOLOG,Công ty trách nhiệm hữu hạn hai thành viên trở lên,"15/11 Trần Bình Trọng, Phường 5, Quận Bình Thạnh, Thành phố Hồ Chí Minh, Việt Nam",Quận Bình Thạnh,"6201: Lập trình máy vi tính-;6202: Tư vấn máy vi tính và quản trị hệ thống máy vi tính-;6209: Hoạt động dịch vụ công nghệ thông tin và dịch vụ khác liên quan đến máy vi tính-;6311: Xử lý dữ liệu, cho ",technology
316870296,CÔNG TY CỔ PHẦN PHÁT TRIỂN INNOVATION TECHNOLOGY,CÔNG TY CỔ PHẦN PHÁT TRIỂN INN,Công ty cổ phần,"68 Nguyễn Huệ , Phường Bến Nghé, Quận 1, Thành phố Hồ Chí Minh, Việt Nam",Quận 1,"3320: Lắp đặt máy móc và thiết bị công nghiệp-(trừ gia công cơ khí, tái chế phế thải, xi mạ điện tại trụ sở) (Không hoạt động tại trụ sở).;4620: Bán buôn nông, lâm sản nguyên liệu (trừ gỗ, tre, nứa) v",technology
316892123,CÔNG TY TNHH GREEN TECHNOLOGY VINA,CÔNG TY TNHH GREEN TECHNOLOGY ,Công ty trách nhiệm hữu hạn một thành viên,"số 9 Tam Đảo, Phường 14, Quận 10, Thành phố Hồ Chí Minh, Việt Nam",Quận 10,"4329: Lắp đặt hệ thống xây dựng khác-(Không gia công cơ khí, tái chế phế thải, xi mạ điện tại trụ sở);4330: Hoàn thiện công trình xây dựng-;4390: Hoạt động xây dựng chuyên dụng khác-;4610: Đại lý, môi",technology
316895124,CÔNG TY TNHH M.D SMART TECHNOLOGY,CÔNG TY TNHH MD SMART TECHNOLO,Công ty trách nhiệm hữu hạn một thành viên,"Số 2 Hoa Phượng, Phường 02, Quận Phú Nhuận, Thành phố Hồ Chí Minh, Việt Nam",Quận Phú Nhuận,"4651: Bán buôn máy vi tính, thiết bị ngoại vi và phần mềm-Chi tiết: Bán phần mềm;4741: Bán lẻ máy vi tính, thiết bị ngoại vi, phần mềm và thiết bị viễn thông trong các cửa hàng chuyên doanh-;6201: Lập",technology
316903382,CÔNG TY TNHH GIGA TECHNOLOGY,CÔNG TY TNHH GIGA TECHNOLOGY,Công ty trách nhiệm hữu hạn hai thành viên trở lên,"405/26 Trường Chinh, Phường 14, Quận Tân Bình, Thành phố Hồ Chí Minh, Việt Nam",Quận Tân Bình,"4649: Bán buôn đồ dùng khác cho gia đình-Chi tiết: Bán buôn đồ điện gia dụng , đèn điện, và bộ đèn điện;Doanh nghiệp phải thực hiện đúng các quy đinh của pháp luật về đất đai, xây dựng, phòng cháy chữ",technology
316904749,CÔNG TY TNHH 3A TECHNOLOGY SOLUTION,CÔNG TY TNHH 3A TECHNOLOGY SOL,Công ty trách nhiệm hữu hạn một thành viên,"12/32C Đường Số 6, Phường Bình Hưng Hòa B, Quận Bình Tân, Thành phố Hồ Chí Minh, Việt Nam",Quận Bình Tân,"6201: Lập trình máy vi tính-Chi tiết: Sản xuất phần mềm, gia công phần mềm;6202: Tư vấn máy vi tính và quản trị hệ thống máy vi tính-;6209: Hoạt động dịch vụ công nghệ thông tin và dịch vụ khác liên q",technology
316909144,CÔNG TY TNHH BELIVE TECHNOLOGY (VIETNAM),CÔNG TY TNHH BELIVE TECHNOLOGY,Công ty trách nhiệm hữu hạn một thành viên,"Tầng 12B, Tòa nhà Cienco 4, 180 Nguyễn Thị Minh Khai, Phường Võ Thị Sáu, Quận 3, Thành phố Hồ Chí Minh, Việt Nam",Quận 3,6201: Lập trình máy vi tính-Chi tiết: dịch vụ lập trình phần mềm; dịch vụ thực hiện phần mềm; sản xuất phần mềm (CPC 842); 6202: Tư vấn máy vi tính và quản trị hệ thống máy vi tính-Chi tiết: dịch vụ t,technology
316912683,CÔNG TY TNHH H2 CONNECTION TECHNOLOGY,CÔNG TY TNHH H2 CONNECTION TEC,Công ty trách nhiệm hữu hạn một thành viên,"Tầng 3, Phòng 301, số 102A-B-C Cống Quỳnh, Phường Phạm Ngũ Lão, Quận 1, Thành phố Hồ Chí Minh, Việt Nam",Quận 1,"7410: Hoạt động thiết kế chuyên dụng-Chi tiết: Thiết kế phần mềm, thiết kế website;6201: Lập trình máy vi tính-;6202: Tư vấn máy vi tính và quản trị hệ thống máy vi tính-;6311: Xử lý dữ liệu, cho thuê",technology
316917593,CÔNG TY TNHH RYTE TECHNOLOGY SERVICES VIỆT NAM,CÔNG TY TNHH RYTE TECHNOLOGY S,Công ty trách nhiệm hữu hạn một thành viên,"Tầng 12B, Tòa nhà Cienco 4, 180 Nguyễn Thị Minh Khai, Phường Võ Thị Sáu, Quận 3, Thành phố Hồ Chí Minh, Việt Nam",Quận 3,"6201: Lập trình máy vi tính-Chi tiết: Dịch vụ lập trình phần mềm; Dịch vụ thực hiện phần mềm; Sản xuất phần mềm (CPC 8424, CPC 842); 6202: Tư vấn máy vi tính và quản trị hệ thống máy vi tính-Chi tiết:",technology
316925516,CÔNG TY TNHH SALA TECHNOLOGY,CÔNG TY TNHH SALA TECHNOLOGY,Công ty trách nhiệm hữu hạn một thành viên,"110/4/4 TTH 07, Phường Tân Thới Hiệp, Quận 12, Thành phố Hồ Chí Minh, Việt Nam",Quận 12,"6201: Lập trình máy vi tính-;6202: Tư vấn máy vi tính và quản trị hệ thống máy vi tính-;6209: Hoạt động dịch vụ công nghệ thông tin và dịch vụ khác liên quan đến máy vi tính-;6311: Xử lý dữ liệu, cho ",technology
316927915,CÔNG TY TNHH SAIGON TRAVEL TECHNOLOGY,CÔNG TY TNHH SAIGON TRAVEL TEC,Công ty trách nhiệm hữu hạn một thành viên,"95/24 Lê văn sỹ , Phường 13, Quận Phú Nhuận, Thành phố Hồ Chí Minh, Việt Nam",Quận Phú Nhuận,"6202: Tư vấn máy vi tính và quản trị hệ thống máy vi tính-;7310: Quảng cáo-;6201: Lập trình máy vi tính-;6311: Xử lý dữ liệu, cho thuê và các hoạt động liên quan-;6209: Hoạt động dịch vụ công nghệ thô",technology
316928556,CÔNG TY TNHH WORLD WIDE TECHNOLOGY VIỆT NAM,CÔNG TY TNHH WORLD WIDE TECHNO,Công ty trách nhiệm hữu hạn một thành viên,"Tòa nhà CJ, Số 2 Bis - 4 - 6, Lê Thánh Tôn, Phường Bến Nghé, Quận 1, Thành phố Hồ Chí Minh, Việt Nam",Quận 1,"4651: Bán buôn máy vi tính, thiết bị ngoại vi và phần mềm-Chi tiết: Thực hiện quyền xuất khẩu, quyền nhập khẩu, quyền phân phối bán buôn các hàng hóa theo quy định của pháp luật Việt Nam và các điều ư",technology
316939300,CÔNG TY TRÁCH NHIỆM HỮU HẠN TK VÀ ĐT XÂY DỰNG TECHNOLOGY,CÔNG TY TRÁCH NHIỆM HỮU HẠN TK,Công ty trách nhiệm hữu hạn một thành viên,"31 Đường số 38, Phường Bình Trưng Tây, Thành phố Thủ Đức, Thành phố Hồ Chí Minh, Việt Nam",,"3320: Lắp đặt máy móc và thiết bị công nghiệp-Chi tiết: Lắp đặt nồi hơi, thiết bị áp lực, các công trình cơ khí và thiết bị chịu áp lực;2511: Sản xuất các cấu kiện kim loại-;2513: Sản xuất nồi hơi (tr",technology
316941765,CÔNG TY CỔ PHẦN CÔNG NGHỆ SMART LOGISTICS TECHNOLOGY,CÔNG TY CỔ PHẦN CÔNG NGHỆ SMAR,Công ty cổ phần,"Toà nhà SBI, Lô 6B, đường số 3, Khu công viên phần mềm Quang Trung, Phường Tân Chánh Hiệp, Quận 12, Thành phố Hồ Chí Minh, Việt Nam",Quận 12,"6201: Lập trình máy vi tính-Chi tiết: Sản xuất phần mềm, lập trình trên máy vi tính;6202: Tư vấn máy vi tính và quản trị hệ thống máy vi tính-;6209: Hoạt động dịch vụ công nghệ thông tin và dịch vụ kh",technology
316950632,CÔNG TY TNHH EONI TECHNOLOGY,CÔNG TY TNHH EONI TECHNOLOGY,Công ty trách nhiệm hữu hạn một thành viên,"231C/3Bis Dương Bá Trạc , Phường 1, Quận 8, Thành phố Hồ Chí Minh, Việt Nam",Quận 8,"6201: Lập trình máy vi tính-;6311: Xử lý dữ liệu, cho thuê và các hoạt động liên quan-;6209: Hoạt động dịch vụ công nghệ thông tin và dịch vụ khác liên quan đến máy vi tính-;Doanh nghiệp phải thực hiệ",technology
316982458,CÔNG TY TNHH LALA BLACK INDUSTRY & TECHNOLOGY,CÔNG TY TNHH LALA BLACK INDUST,Công ty trách nhiệm hữu hạn một thành viên,"59A Nguyễn Hữu Cảnh, Phường 22, Quận Bình Thạnh, Thành phố Hồ Chí Minh, Việt Nam",Quận Bình Thạnh,"0810: Khai thác đá, cát, sỏi, đất sét-(không hoạt động tại trụ sở);2219: Sản xuất sản phẩm khác từ cao su-(không hoạt động tại trụ sở);2220: Sản xuất sản phẩm từ plastic-(trừ sản xuất xốp cách nhiệt s",technology
316987110,CÔNG TY TNHH VALIDUS TECHNOLOGY SERVICES,CÔNG TY TNHH VALIDUS TECHNOLOG,Công ty trách nhiệm hữu hạn một thành viên,"Tòa nhà SBI, lô 6B, đường số 3, khu Công viên Phần mềm Quang Trung, Phường Tân Chánh Hiệp, Quận 12, Thành phố Hồ Chí Minh, Việt Nam",Quận 12,6201: Lập trình máy vi tính-Chi tiết: Dịch vụ thực hiện phần mềm (CPC 842);6202: Tư vấn máy vi tính và quản trị hệ thống máy vi tính-(CPC 842);6209: Hoạt động dịch vụ công nghệ thông tin và dịch vụ kh,technology
316994125,CÔNG TY TNHH SUPER FLY TECHNOLOGY VIỆT NAM,CÔNG TY TNHH SUPER FLY TECHNOL,Công ty trách nhiệm hữu hạn một thành viên,"Tầng 2, Số 88, Đường Bàu Cát 3, Phường 14, Quận Tân Bình, Thành phố Hồ Chí Minh, Việt Nam",Quận Tân Bình,"4690: Bán buôn tổng hợp-Chi tiết: Việc thực hiện xuất khẩu, nhập khẩu, phân phối bán buôn hàng hóa phải tuân thủ đúng quy định tại Điều 7 Nghị định số 09/2018/NĐ-CP ngày 15 tháng 01 năm 2018 của Chín",technology
316998465,CÔNG TY TNHH TECHNOLOGY GH VNPT,CÔNG TY TNHH TECHNOLOGY GH VNP,Công ty trách nhiệm hữu hạn một thành viên,"525/20 Tô Hiến Thành, Phường 14, Quận 10, Thành phố Hồ Chí Minh, Việt Nam",Quận 10,"4651: Bán buôn máy vi tính, thiết bị ngoại vi và phần mềm-Chi tiết: Bán buôn thiết bị tin học;4652: Bán buôn thiết bị và linh kiện điện tử, viễn thông-Chi tiết: Bán buôn điện thoại cố định; điện thoại",technology
317003659,CÔNG TY TNHH REMMY LE TECHNOLOGY SOLUTIONS VIỆT NAM,CÔNG TY TNHH REMMY LE TECHNOLO,Công ty trách nhiệm hữu hạn một thành viên,"Tầng 1, 202 Lê Lai, Phường Bến Thành, Quận 1, Thành phố Hồ Chí Minh, Việt Nam",Quận 1,"4741: Bán lẻ máy vi tính, thiết bị ngoại vi, phần mềm và thiết bị viễn thông trong các cửa hàng chuyên doanh-;6201: Lập trình máy vi tính-;6202: Tư vấn máy vi tính và quản trị hệ thống máy vi tính-;62",technology
